ISO-10303-21;
HEADER;
FILE_DESCRIPTION(('Open CASCADE Model'),'2;1');
FILE_NAME('Open CASCADE Shape Model','2025-02-07T16:30:42',('Author'),(
    'Open CASCADE'),'Open CASCADE STEP processor 7.8','Open CASCADE 7.8'
  ,'Unknown');
FILE_SCHEMA(('AUTOMOTIVE_DESIGN { 1 0 10303 214 1 1 1 1 }'));
ENDSEC;
DATA;
#1 = APPLICATION_PROTOCOL_DEFINITION('international standard',
  'automotive_design',2000,#2);
#2 = APPLICATION_CONTEXT(
  'core data for automotive mechanical design processes');
#3 = SHAPE_DEFINITION_REPRESENTATION(#4,#10);
#4 = PRODUCT_DEFINITION_SHAPE('','',#5);
#5 = PRODUCT_DEFINITION('design','',#6,#9);
#6 = PRODUCT_DEFINITION_FORMATION('','',#7);
#7 = PRODUCT('Compound1','Compound1','',(#8));
#8 = PRODUCT_CONTEXT('',#2,'mechanical');
#9 = PRODUCT_DEFINITION_CONTEXT('part definition',#2,'design');
#10 = SHAPE_REPRESENTATION('',(#11,#15,#19,#23,#27,#31,#35,#39,#43,#47,
    #51,#55,#59,#63,#67,#71,#75,#79),#83);
#11 = AXIS2_PLACEMENT_3D('',#12,#13,#14);
#12 = CARTESIAN_POINT('',(0.,0.,0.));
#13 = DIRECTION('',(0.,0.,1.));
#14 = DIRECTION('',(1.,0.,-0.));
#15 = AXIS2_PLACEMENT_3D('',#16,#17,#18);
#16 = CARTESIAN_POINT('',(0.,0.,0.));
#17 = DIRECTION('',(0.,0.,1.));
#18 = DIRECTION('',(1.,0.,0.));
#19 = AXIS2_PLACEMENT_3D('',#20,#21,#22);
#20 = CARTESIAN_POINT('',(-457.,349.99999999999,0.500000000013));
#21 = DIRECTION('',(-2.22044604925E-16,1.,2.584633003202E-17));
#22 = DIRECTION('',(1.,2.22044604925E-16,5.006097483138E-16));
#23 = AXIS2_PLACEMENT_3D('',#24,#25,#26);
#24 = CARTESIAN_POINT('',(-466.,349.99999999999,0.500000000013));
#25 = DIRECTION('',(-3.970056700267E-15,-9.376883653929E-17,1.));
#26 = DIRECTION('',(5.96744875736E-16,-1.,-9.376883653929E-17));
#27 = AXIS2_PLACEMENT_3D('',#28,#29,#30);
#28 = CARTESIAN_POINT('',(-449.,349.99999999999,14.000000000013));
#29 = DIRECTION('',(5.548728718485E-16,-0.924224592736,-0.381849318687)
  );
#30 = DIRECTION('',(-1.,-3.867423245636E-16,-5.170523941588E-16));
#31 = AXIS2_PLACEMENT_3D('',#32,#33,#34);
#32 = CARTESIAN_POINT('',(-464.5,349.99999999999,-1.799999999987));
#33 = DIRECTION('',(0.92876166054,-0.370677458057,1.785873511027E-18));
#34 = DIRECTION('',(-1.168497944601E-18,1.890099881807E-18,1.));
#35 = AXIS2_PLACEMENT_3D('',#36,#37,#38);
#36 = CARTESIAN_POINT('',(-457.,-350.,0.500000000013));
#37 = DIRECTION('',(-2.22044604925E-16,1.,2.584633003202E-17));
#38 = DIRECTION('',(1.,2.22044604925E-16,5.006097483138E-16));
#39 = AXIS2_PLACEMENT_3D('',#40,#41,#42);
#40 = CARTESIAN_POINT('',(-449.,-350.,14.000000000013));
#41 = DIRECTION('',(5.548728718485E-16,-0.924224592736,-0.381849318687)
  );
#42 = DIRECTION('',(-1.,-3.867423245636E-16,-5.170523941588E-16));
#43 = AXIS2_PLACEMENT_3D('',#44,#45,#46);
#44 = CARTESIAN_POINT('',(-464.5,-350.,-1.799999999987));
#45 = DIRECTION('',(0.92876166054,-0.370677458057,1.785873511027E-18));
#46 = DIRECTION('',(-1.168497944601E-18,1.890099881807E-18,1.));
#47 = AXIS2_PLACEMENT_3D('',#48,#49,#50);
#48 = CARTESIAN_POINT('',(-466.,-350.,0.500000000013));
#49 = DIRECTION('',(-3.970056700267E-15,-9.376883653929E-17,1.));
#50 = DIRECTION('',(5.96744875736E-16,-1.,-9.376883653929E-17));
#51 = AXIS2_PLACEMENT_3D('',#52,#53,#54);
#52 = CARTESIAN_POINT('',(464.5,-350.,-1.799999999987));
#53 = DIRECTION('',(0.92876166054,0.370677458057,-1.785873511027E-18));
#54 = DIRECTION('',(1.168497944601E-18,1.890099881807E-18,1.));
#55 = AXIS2_PLACEMENT_3D('',#56,#57,#58);
#56 = CARTESIAN_POINT('',(457.,-350.,0.500000000013));
#57 = DIRECTION('',(-2.22044604925E-16,-1.,-2.584633003202E-17));
#58 = DIRECTION('',(-1.,2.22044604925E-16,5.006097483138E-16));
#59 = AXIS2_PLACEMENT_3D('',#60,#61,#62);
#60 = CARTESIAN_POINT('',(466.,-350.,0.500000000013));
#61 = DIRECTION('',(3.970056700267E-15,-9.376883653929E-17,1.));
#62 = DIRECTION('',(5.96744875736E-16,1.,9.376883653929E-17));
#63 = AXIS2_PLACEMENT_3D('',#64,#65,#66);
#64 = CARTESIAN_POINT('',(449.,-350.,14.000000000013));
#65 = DIRECTION('',(5.118123109404E-16,0.924224592736,0.381849318687));
#66 = DIRECTION('',(1.,-3.469446951954E-16,-5.006097483138E-16));
#67 = AXIS2_PLACEMENT_3D('',#68,#69,#70);
#68 = CARTESIAN_POINT('',(466.,349.99999999999,0.500000000013));
#69 = DIRECTION('',(3.970056700267E-15,-9.376883653929E-17,1.));
#70 = DIRECTION('',(5.96744875736E-16,1.,9.376883653929E-17));
#71 = AXIS2_PLACEMENT_3D('',#72,#73,#74);
#72 = CARTESIAN_POINT('',(457.,349.99999999999,0.500000000013));
#73 = DIRECTION('',(-2.22044604925E-16,-1.,-2.584633003202E-17));
#74 = DIRECTION('',(-1.,2.22044604925E-16,5.006097483138E-16));
#75 = AXIS2_PLACEMENT_3D('',#76,#77,#78);
#76 = CARTESIAN_POINT('',(464.5,349.99999999999,-1.799999999987));
#77 = DIRECTION('',(0.92876166054,0.370677458057,-1.785873511027E-18));
#78 = DIRECTION('',(1.168497944601E-18,1.890099881807E-18,1.));
#79 = AXIS2_PLACEMENT_3D('',#80,#81,#82);
#80 = CARTESIAN_POINT('',(449.,349.99999999999,14.000000000013));
#81 = DIRECTION('',(5.118123109404E-16,0.924224592736,0.381849318687));
#82 = DIRECTION('',(1.,-3.469446951954E-16,-5.006097483138E-16));
#83 = ( GEOMETRIC_REPRESENTATION_CONTEXT(3) 
GLOBAL_UNCERTAINTY_ASSIGNED_CONTEXT((#87)) GLOBAL_UNIT_ASSIGNED_CONTEXT(
(#84,#85,#86)) REPRESENTATION_CONTEXT('Context #1',
  '3D Context with UNIT and UNCERTAINTY') );
#84 = ( LENGTH_UNIT() NAMED_UNIT(*) SI_UNIT(.MILLI.,.METRE.) );
#85 = ( NAMED_UNIT(*) PLANE_ANGLE_UNIT() SI_UNIT($,.RADIAN.) );
#86 = ( NAMED_UNIT(*) SI_UNIT($,.STERADIAN.) SOLID_ANGLE_UNIT() );
#87 = UNCERTAINTY_MEASURE_WITH_UNIT(LENGTH_MEASURE(2.E-06),#84,
  'distance_accuracy_value','confusion accuracy');
#88 = PRODUCT_RELATED_PRODUCT_CATEGORY('part',$,(#7));
#89 = SHAPE_DEFINITION_REPRESENTATION(#90,#96);
#90 = PRODUCT_DEFINITION_SHAPE('','',#91);
#91 = PRODUCT_DEFINITION('design','',#92,#95);
#92 = PRODUCT_DEFINITION_FORMATION('','',#93);
#93 = PRODUCT('Compound2','Compound2','',(#94));
#94 = PRODUCT_CONTEXT('',#2,'mechanical');
#95 = PRODUCT_DEFINITION_CONTEXT('part definition',#2,'design');
#96 = SHAPE_REPRESENTATION('',(#11,#97,#101),#105);
#97 = AXIS2_PLACEMENT_3D('',#98,#99,#100);
#98 = CARTESIAN_POINT('',(0.,0.,0.));
#99 = DIRECTION('',(0.,0.,1.));
#100 = DIRECTION('',(1.,0.,0.));
#101 = AXIS2_PLACEMENT_3D('',#102,#103,#104);
#102 = CARTESIAN_POINT('',(0.,0.,0.));
#103 = DIRECTION('',(0.,0.,1.));
#104 = DIRECTION('',(1.,0.,0.));
#105 = ( GEOMETRIC_REPRESENTATION_CONTEXT(3) 
GLOBAL_UNCERTAINTY_ASSIGNED_CONTEXT((#109)) GLOBAL_UNIT_ASSIGNED_CONTEXT
((#106,#107,#108)) REPRESENTATION_CONTEXT('Context #1',
  '3D Context with UNIT and UNCERTAINTY') );
#106 = ( LENGTH_UNIT() NAMED_UNIT(*) SI_UNIT(.MILLI.,.METRE.) );
#107 = ( NAMED_UNIT(*) PLANE_ANGLE_UNIT() SI_UNIT($,.RADIAN.) );
#108 = ( NAMED_UNIT(*) SI_UNIT($,.STERADIAN.) SOLID_ANGLE_UNIT() );
#109 = UNCERTAINTY_MEASURE_WITH_UNIT(LENGTH_MEASURE(2.E-06),#106,
  'distance_accuracy_value','confusion accuracy');
#110 = CONTEXT_DEPENDENT_SHAPE_REPRESENTATION(#111,#113);
#111 = ( REPRESENTATION_RELATIONSHIP('','',#96,#10) 
REPRESENTATION_RELATIONSHIP_WITH_TRANSFORMATION(#112) 
SHAPE_REPRESENTATION_RELATIONSHIP() );
#112 = ITEM_DEFINED_TRANSFORMATION('','',#11,#15);
#113 = PRODUCT_DEFINITION_SHAPE('Placement','Placement of an item',#114
  );
#114 = NEXT_ASSEMBLY_USAGE_OCCURRENCE('8','NAUO1','',#5,#91,$);
#115 = PRODUCT_RELATED_PRODUCT_CATEGORY('part',$,(#93));
#116 = SHAPE_DEFINITION_REPRESENTATION(#117,#123);
#117 = PRODUCT_DEFINITION_SHAPE('','',#118);
#118 = PRODUCT_DEFINITION('design','',#119,#122);
#119 = PRODUCT_DEFINITION_FORMATION('','',#120);
#120 = PRODUCT('Compound3','Compound3','',(#121));
#121 = PRODUCT_CONTEXT('',#2,'mechanical');
#122 = PRODUCT_DEFINITION_CONTEXT('part definition',#2,'design');
#123 = SHAPE_REPRESENTATION('',(#11,#124,#128,#132,#136,#140),#144);
#124 = AXIS2_PLACEMENT_3D('',#125,#126,#127);
#125 = CARTESIAN_POINT('',(0.,0.,0.));
#126 = DIRECTION('',(0.,0.,1.));
#127 = DIRECTION('',(1.,0.,0.));
#128 = AXIS2_PLACEMENT_3D('',#129,#130,#131);
#129 = CARTESIAN_POINT('',(-397.,-397.4999999999,12.000000000013));
#130 = DIRECTION('',(2.932519087972E-15,3.000602769257E-15,-1.));
#131 = DIRECTION('',(1.,1.017949417669E-16,2.932519087972E-15));
#132 = AXIS2_PLACEMENT_3D('',#133,#134,#135);
#133 = CARTESIAN_POINT('',(397.,-397.4999999999,12.000000000013));
#134 = DIRECTION('',(-2.932519087972E-15,3.000602769257E-15,-1.));
#135 = DIRECTION('',(1.,-1.017949417669E-16,-2.932519087972E-15));
#136 = AXIS2_PLACEMENT_3D('',#137,#138,#139);
#137 = CARTESIAN_POINT('',(465.,365.5,12.000000000016));
#138 = DIRECTION('',(-2.932519087972E-15,3.000602769257E-15,-1.));
#139 = DIRECTION('',(1.,-1.017949417669E-16,-2.932519087972E-15));
#140 = AXIS2_PLACEMENT_3D('',#141,#142,#143);
#141 = CARTESIAN_POINT('',(-465.,365.5,12.000000000016));
#142 = DIRECTION('',(2.932519087972E-15,3.000602769257E-15,-1.));
#143 = DIRECTION('',(1.,1.017949417669E-16,2.932519087972E-15));
#144 = ( GEOMETRIC_REPRESENTATION_CONTEXT(3) 
GLOBAL_UNCERTAINTY_ASSIGNED_CONTEXT((#148)) GLOBAL_UNIT_ASSIGNED_CONTEXT
((#145,#146,#147)) REPRESENTATION_CONTEXT('Context #1',
  '3D Context with UNIT and UNCERTAINTY') );
#145 = ( LENGTH_UNIT() NAMED_UNIT(*) SI_UNIT(.MILLI.,.METRE.) );
#146 = ( NAMED_UNIT(*) PLANE_ANGLE_UNIT() SI_UNIT($,.RADIAN.) );
#147 = ( NAMED_UNIT(*) SI_UNIT($,.STERADIAN.) SOLID_ANGLE_UNIT() );
#148 = UNCERTAINTY_MEASURE_WITH_UNIT(LENGTH_MEASURE(2.E-06),#145,
  'distance_accuracy_value','confusion accuracy');
#149 = CONTEXT_DEPENDENT_SHAPE_REPRESENTATION(#150,#152);
#150 = ( REPRESENTATION_RELATIONSHIP('','',#123,#96) 
REPRESENTATION_RELATIONSHIP_WITH_TRANSFORMATION(#151) 
SHAPE_REPRESENTATION_RELATIONSHIP() );
#151 = ITEM_DEFINED_TRANSFORMATION('','',#11,#97);
#152 = PRODUCT_DEFINITION_SHAPE('Placement','Placement of an item',#153
  );
#153 = NEXT_ASSEMBLY_USAGE_OCCURRENCE('6','NAUO18','',#91,#118,$);
#154 = PRODUCT_RELATED_PRODUCT_CATEGORY('part',$,(#120));
#155 = SHAPE_DEFINITION_REPRESENTATION(#156,#162);
#156 = PRODUCT_DEFINITION_SHAPE('','',#157);
#157 = PRODUCT_DEFINITION('design','',#158,#161);
#158 = PRODUCT_DEFINITION_FORMATION('','',#159);
#159 = PRODUCT('Solid1','Solid1','',(#160));
#160 = PRODUCT_CONTEXT('',#2,'mechanical');
#161 = PRODUCT_DEFINITION_CONTEXT('part definition',#2,'design');
#162 = ADVANCED_BREP_SHAPE_REPRESENTATION('',(#11,#163),#1277);
#163 = MANIFOLD_SOLID_BREP('',#164);
#164 = CLOSED_SHELL('',(#165,#221,#277,#333,#410,#457,#518,#652,#701,
    #732,#749,#766,#778,#809,#826,#843,#855,#888,#921,#952,#983,#1002,
    #1021,#1033,#1066,#1099,#1130,#1161,#1180,#1199,#1211,#1227,#1243,
    #1260));
#165 = ADVANCED_FACE('',(#166),#216,.F.);
#166 = FACE_BOUND('',#167,.T.);
#167 = EDGE_LOOP('',(#168,#178,#186,#194,#202,#210));
#168 = ORIENTED_EDGE('',*,*,#169,.T.);
#169 = EDGE_CURVE('',#170,#172,#174,.T.);
#170 = VERTEX_POINT('',#171);
#171 = CARTESIAN_POINT('',(497.,477.5,-1.499999999987));
#172 = VERTEX_POINT('',#173);
#173 = CARTESIAN_POINT('',(497.,477.5,19.400000000009));
#174 = LINE('',#175,#176);
#175 = CARTESIAN_POINT('',(497.,477.5,0.600000000007));
#176 = VECTOR('',#177,1.);
#177 = DIRECTION('',(2.656035944079E-15,2.656035944079E-15,1.));
#178 = ORIENTED_EDGE('',*,*,#179,.T.);
#179 = EDGE_CURVE('',#172,#180,#182,.T.);
#180 = VERTEX_POINT('',#181);
#181 = CARTESIAN_POINT('',(497.,477.5,21.500000000009));
#182 = LINE('',#183,#184);
#183 = CARTESIAN_POINT('',(497.,477.5,19.400000000009));
#184 = VECTOR('',#185,1.);
#185 = DIRECTION('',(3.000602769257E-15,-0.,1.));
#186 = ORIENTED_EDGE('',*,*,#187,.F.);
#187 = EDGE_CURVE('',#188,#180,#190,.T.);
#188 = VERTEX_POINT('',#189);
#189 = CARTESIAN_POINT('',(497.,-477.5,21.500000000009));
#190 = LINE('',#191,#192);
#191 = CARTESIAN_POINT('',(497.,-4.831390451366E-29,21.500000000009));
#192 = VECTOR('',#193,1.);
#193 = DIRECTION('',(6.742829566385E-45,1.,2.247158349472E-30));
#194 = ORIENTED_EDGE('',*,*,#195,.F.);
#195 = EDGE_CURVE('',#196,#188,#198,.T.);
#196 = VERTEX_POINT('',#197);
#197 = CARTESIAN_POINT('',(497.,-477.5,19.400000000009));
#198 = LINE('',#199,#200);
#199 = CARTESIAN_POINT('',(497.,-477.5,5.273559366969E-12));
#200 = VECTOR('',#201,1.);
#201 = DIRECTION('',(3.000602769257E-15,0.,1.));
#202 = ORIENTED_EDGE('',*,*,#203,.F.);
#203 = EDGE_CURVE('',#204,#196,#206,.T.);
#204 = VERTEX_POINT('',#205);
#205 = CARTESIAN_POINT('',(497.,-477.5,-1.499999999987));
#206 = LINE('',#207,#208);
#207 = CARTESIAN_POINT('',(497.,-477.5,0.600000000007));
#208 = VECTOR('',#209,1.);
#209 = DIRECTION('',(-7.968107832237E-15,-2.656035944079E-15,1.));
#210 = ORIENTED_EDGE('',*,*,#211,.T.);
#211 = EDGE_CURVE('',#204,#170,#212,.T.);
#212 = LINE('',#213,#214);
#213 = CARTESIAN_POINT('',(497.,0.,-1.499999999987));
#214 = VECTOR('',#215,1.);
#215 = DIRECTION('',(0.,1.,0.));
#216 = PLANE('',#217);
#217 = AXIS2_PLACEMENT_3D('',#218,#219,#220);
#218 = CARTESIAN_POINT('',(497.,0.,5.273559366969E-12));
#219 = DIRECTION('',(-1.,0.,3.000602769257E-15));
#220 = DIRECTION('',(3.000602769257E-15,0.,1.));
#221 = ADVANCED_FACE('',(#222),#272,.T.);
#222 = FACE_BOUND('',#223,.T.);
#223 = EDGE_LOOP('',(#224,#234,#242,#250,#258,#266));
#224 = ORIENTED_EDGE('',*,*,#225,.T.);
#225 = EDGE_CURVE('',#226,#228,#230,.T.);
#226 = VERTEX_POINT('',#227);
#227 = CARTESIAN_POINT('',(495.5,-477.5,1.343369859796E-11));
#228 = VERTEX_POINT('',#229);
#229 = CARTESIAN_POINT('',(495.5,-477.5,19.400000000009));
#230 = LINE('',#231,#232);
#231 = CARTESIAN_POINT('',(495.5,-477.5,0.600000000007));
#232 = VECTOR('',#233,1.);
#233 = DIRECTION('',(-7.968107832237E-15,-2.656035944079E-15,1.));
#234 = ORIENTED_EDGE('',*,*,#235,.T.);
#235 = EDGE_CURVE('',#228,#236,#238,.T.);
#236 = VERTEX_POINT('',#237);
#237 = CARTESIAN_POINT('',(495.5,-477.5,20.000000000009));
#238 = LINE('',#239,#240);
#239 = CARTESIAN_POINT('',(495.5,-477.5,19.400000000009));
#240 = VECTOR('',#241,1.);
#241 = DIRECTION('',(3.000602769257E-15,-0.,1.));
#242 = ORIENTED_EDGE('',*,*,#243,.T.);
#243 = EDGE_CURVE('',#236,#244,#246,.T.);
#244 = VERTEX_POINT('',#245);
#245 = CARTESIAN_POINT('',(495.5,477.5,20.000000000009));
#246 = LINE('',#247,#248);
#247 = CARTESIAN_POINT('',(495.5,-4.752903423776E-29,20.000000000009));
#248 = VECTOR('',#249,1.);
#249 = DIRECTION('',(6.742829566385E-45,1.,2.247158349472E-30));
#250 = ORIENTED_EDGE('',*,*,#251,.F.);
#251 = EDGE_CURVE('',#252,#244,#254,.T.);
#252 = VERTEX_POINT('',#253);
#253 = CARTESIAN_POINT('',(495.5,477.5,19.400000000009));
#254 = LINE('',#255,#256);
#255 = CARTESIAN_POINT('',(495.5,477.5,5.273559366969E-12));
#256 = VECTOR('',#257,1.);
#257 = DIRECTION('',(3.000602769257E-15,0.,1.));
#258 = ORIENTED_EDGE('',*,*,#259,.F.);
#259 = EDGE_CURVE('',#260,#252,#262,.T.);
#260 = VERTEX_POINT('',#261);
#261 = CARTESIAN_POINT('',(495.5,477.5,5.273559366969E-12));
#262 = LINE('',#263,#264);
#263 = CARTESIAN_POINT('',(495.5,477.5,0.600000000007));
#264 = VECTOR('',#265,1.);
#265 = DIRECTION('',(2.656035944079E-15,2.656035944079E-15,1.));
#266 = ORIENTED_EDGE('',*,*,#267,.F.);
#267 = EDGE_CURVE('',#226,#260,#268,.T.);
#268 = LINE('',#269,#270);
#269 = CARTESIAN_POINT('',(495.5,0.,5.273559366969E-12));
#270 = VECTOR('',#271,1.);
#271 = DIRECTION('',(-0.,1.,-0.));
#272 = PLANE('',#273);
#273 = AXIS2_PLACEMENT_3D('',#274,#275,#276);
#274 = CARTESIAN_POINT('',(495.5,0.,5.273559366969E-12));
#275 = DIRECTION('',(-1.,0.,3.000602769257E-15));
#276 = DIRECTION('',(3.000602769257E-15,0.,1.));
#277 = ADVANCED_FACE('',(#278),#328,.F.);
#278 = FACE_BOUND('',#279,.T.);
#279 = EDGE_LOOP('',(#280,#290,#298,#306,#314,#322));
#280 = ORIENTED_EDGE('',*,*,#281,.T.);
#281 = EDGE_CURVE('',#282,#284,#286,.T.);
#282 = VERTEX_POINT('',#283);
#283 = CARTESIAN_POINT('',(-497.,-477.4999999999,-1.499999999987));
#284 = VERTEX_POINT('',#285);
#285 = CARTESIAN_POINT('',(-497.,-477.5,19.400000000008));
#286 = LINE('',#287,#288);
#287 = CARTESIAN_POINT('',(-497.,-477.5,0.600000000007));
#288 = VECTOR('',#289,1.);
#289 = DIRECTION('',(-2.656035944079E-15,-2.656035944079E-15,1.));
#290 = ORIENTED_EDGE('',*,*,#291,.T.);
#291 = EDGE_CURVE('',#284,#292,#294,.T.);
#292 = VERTEX_POINT('',#293);
#293 = CARTESIAN_POINT('',(-497.,-477.5,21.500000000008));
#294 = LINE('',#295,#296);
#295 = CARTESIAN_POINT('',(-497.,-477.5,19.400000000008));
#296 = VECTOR('',#297,1.);
#297 = DIRECTION('',(-3.000602769257E-15,-0.,1.));
#298 = ORIENTED_EDGE('',*,*,#299,.F.);
#299 = EDGE_CURVE('',#300,#292,#302,.T.);
#300 = VERTEX_POINT('',#301);
#301 = CARTESIAN_POINT('',(-497.,477.5,21.500000000008));
#302 = LINE('',#303,#304);
#303 = CARTESIAN_POINT('',(-497.,0.,21.500000000008));
#304 = VECTOR('',#305,1.);
#305 = DIRECTION('',(0.,-1.,0.));
#306 = ORIENTED_EDGE('',*,*,#307,.F.);
#307 = EDGE_CURVE('',#308,#300,#310,.T.);
#308 = VERTEX_POINT('',#309);
#309 = CARTESIAN_POINT('',(-497.,477.5,19.400000000008));
#310 = LINE('',#311,#312);
#311 = CARTESIAN_POINT('',(-497.,477.5,5.162537064507E-12));
#312 = VECTOR('',#313,1.);
#313 = DIRECTION('',(-3.000602769257E-15,0.,1.));
#314 = ORIENTED_EDGE('',*,*,#315,.F.);
#315 = EDGE_CURVE('',#316,#308,#318,.T.);
#316 = VERTEX_POINT('',#317);
#317 = CARTESIAN_POINT('',(-497.,477.5,-1.499999999987));
#318 = LINE('',#319,#320);
#319 = CARTESIAN_POINT('',(-497.,477.5,0.600000000007));
#320 = VECTOR('',#321,1.);
#321 = DIRECTION('',(-2.656035944079E-15,2.656035944079E-15,1.));
#322 = ORIENTED_EDGE('',*,*,#323,.T.);
#323 = EDGE_CURVE('',#316,#282,#324,.T.);
#324 = LINE('',#325,#326);
#325 = CARTESIAN_POINT('',(-497.,0.,-1.499999999987));
#326 = VECTOR('',#327,1.);
#327 = DIRECTION('',(0.,-1.,0.));
#328 = PLANE('',#329);
#329 = AXIS2_PLACEMENT_3D('',#330,#331,#332);
#330 = CARTESIAN_POINT('',(-497.,0.,5.162537064507E-12));
#331 = DIRECTION('',(1.,0.,3.000602769257E-15));
#332 = DIRECTION('',(3.000602769257E-15,0.,-1.));
#333 = ADVANCED_FACE('',(#334),#405,.F.);
#334 = FACE_BOUND('',#335,.T.);
#335 = EDGE_LOOP('',(#336,#344,#345,#351,#352,#358,#359,#367,#375,#383,
    #391,#399));
#336 = ORIENTED_EDGE('',*,*,#337,.T.);
#337 = EDGE_CURVE('',#338,#284,#340,.T.);
#338 = VERTEX_POINT('',#339);
#339 = CARTESIAN_POINT('',(-495.5,-477.5,19.400000000008));
#340 = LINE('',#341,#342);
#341 = CARTESIAN_POINT('',(-495.5,-477.5,19.400000000008));
#342 = VECTOR('',#343,1.);
#343 = DIRECTION('',(-1.,0.,0.));
#344 = ORIENTED_EDGE('',*,*,#281,.F.);
#345 = ORIENTED_EDGE('',*,*,#346,.T.);
#346 = EDGE_CURVE('',#282,#204,#347,.T.);
#347 = LINE('',#348,#349);
#348 = CARTESIAN_POINT('',(0.,-477.4999999999,-1.499999999987));
#349 = VECTOR('',#350,1.);
#350 = DIRECTION('',(1.,-0.,0.));
#351 = ORIENTED_EDGE('',*,*,#203,.T.);
#352 = ORIENTED_EDGE('',*,*,#353,.F.);
#353 = EDGE_CURVE('',#228,#196,#354,.T.);
#354 = LINE('',#355,#356);
#355 = CARTESIAN_POINT('',(495.5,-477.5,19.400000000009));
#356 = VECTOR('',#357,1.);
#357 = DIRECTION('',(1.,0.,0.));
#358 = ORIENTED_EDGE('',*,*,#225,.F.);
#359 = ORIENTED_EDGE('',*,*,#360,.T.);
#360 = EDGE_CURVE('',#226,#361,#363,.T.);
#361 = VERTEX_POINT('',#362);
#362 = CARTESIAN_POINT('',(495.3,-477.5,1.343369859796E-11));
#363 = LINE('',#364,#365);
#364 = CARTESIAN_POINT('',(-3.805535956322E-27,-477.5,1.343369859796E-11
    ));
#365 = VECTOR('',#366,1.);
#366 = DIRECTION('',(-1.,7.96970880905E-30,0.));
#367 = ORIENTED_EDGE('',*,*,#368,.T.);
#368 = EDGE_CURVE('',#361,#369,#371,.T.);
#369 = VERTEX_POINT('',#370);
#370 = CARTESIAN_POINT('',(495.3,-477.4999999999,18.500000000017));
#371 = LINE('',#372,#373);
#372 = CARTESIAN_POINT('',(495.3,-477.4999999999,0.600000000017));
#373 = VECTOR('',#374,1.);
#374 = DIRECTION('',(3.48882933716E-15,-2.710881927219E-15,1.));
#375 = ORIENTED_EDGE('',*,*,#376,.T.);
#376 = EDGE_CURVE('',#369,#377,#379,.T.);
#377 = VERTEX_POINT('',#378);
#378 = CARTESIAN_POINT('',(-495.3,-477.4999999999,18.500000000017));
#379 = LINE('',#380,#381);
#380 = CARTESIAN_POINT('',(-5.551115123126E-14,-477.4999999999,
    18.500000000017));
#381 = VECTOR('',#382,1.);
#382 = DIRECTION('',(-1.,0.,0.));
#383 = ORIENTED_EDGE('',*,*,#384,.F.);
#384 = EDGE_CURVE('',#385,#377,#387,.T.);
#385 = VERTEX_POINT('',#386);
#386 = CARTESIAN_POINT('',(-495.3,-477.4999999999,1.532107773983E-11));
#387 = LINE('',#388,#389);
#388 = CARTESIAN_POINT('',(-495.3,-477.4999999999,0.600000000017));
#389 = VECTOR('',#390,1.);
#390 = DIRECTION('',(-1.870400172422E-14,-2.710881927219E-15,1.));
#391 = ORIENTED_EDGE('',*,*,#392,.F.);
#392 = EDGE_CURVE('',#393,#385,#395,.T.);
#393 = VERTEX_POINT('',#394);
#394 = CARTESIAN_POINT('',(-495.5,-477.4999999999,5.162537064507E-12));
#395 = LINE('',#396,#397);
#396 = CARTESIAN_POINT('',(-5.551115123126E-14,-477.4999999999,
    1.532107773983E-11));
#397 = VECTOR('',#398,1.);
#398 = DIRECTION('',(1.,-0.,-0.));
#399 = ORIENTED_EDGE('',*,*,#400,.T.);
#400 = EDGE_CURVE('',#393,#338,#401,.T.);
#401 = LINE('',#402,#403);
#402 = CARTESIAN_POINT('',(-495.5,-477.5,0.600000000007));
#403 = VECTOR('',#404,1.);
#404 = DIRECTION('',(-2.656035944079E-15,-2.656035944079E-15,1.));
#405 = PLANE('',#406);
#406 = AXIS2_PLACEMENT_3D('',#407,#408,#409);
#407 = CARTESIAN_POINT('',(-497.,-477.5,0.600000000007));
#408 = DIRECTION('',(-7.96970880905E-30,1.,2.656035944079E-15));
#409 = DIRECTION('',(0.,-2.656035944079E-15,1.));
#410 = ADVANCED_FACE('',(#411),#452,.T.);
#411 = FACE_BOUND('',#412,.T.);
#412 = EDGE_LOOP('',(#413,#423,#431,#439,#445,#446));
#413 = ORIENTED_EDGE('',*,*,#414,.T.);
#414 = EDGE_CURVE('',#415,#417,#419,.T.);
#415 = VERTEX_POINT('',#416);
#416 = CARTESIAN_POINT('',(-495.5,477.5,1.343369859796E-11));
#417 = VERTEX_POINT('',#418);
#418 = CARTESIAN_POINT('',(-495.5,477.5,19.400000000008));
#419 = LINE('',#420,#421);
#420 = CARTESIAN_POINT('',(-495.5,477.5,0.600000000007));
#421 = VECTOR('',#422,1.);
#422 = DIRECTION('',(-2.656035944079E-15,2.656035944079E-15,1.));
#423 = ORIENTED_EDGE('',*,*,#424,.T.);
#424 = EDGE_CURVE('',#417,#425,#427,.T.);
#425 = VERTEX_POINT('',#426);
#426 = CARTESIAN_POINT('',(-495.5,477.5,20.000000000008));
#427 = LINE('',#428,#429);
#428 = CARTESIAN_POINT('',(-495.5,477.5,19.400000000008));
#429 = VECTOR('',#430,1.);
#430 = DIRECTION('',(-3.000602769257E-15,-0.,1.));
#431 = ORIENTED_EDGE('',*,*,#432,.T.);
#432 = EDGE_CURVE('',#425,#433,#435,.T.);
#433 = VERTEX_POINT('',#434);
#434 = CARTESIAN_POINT('',(-495.5,-477.5,20.000000000008));
#435 = LINE('',#436,#437);
#436 = CARTESIAN_POINT('',(-495.5,0.,20.000000000008));
#437 = VECTOR('',#438,1.);
#438 = DIRECTION('',(-0.,-1.,0.));
#439 = ORIENTED_EDGE('',*,*,#440,.F.);
#440 = EDGE_CURVE('',#338,#433,#441,.T.);
#441 = LINE('',#442,#443);
#442 = CARTESIAN_POINT('',(-495.5,-477.5,5.162537064507E-12));
#443 = VECTOR('',#444,1.);
#444 = DIRECTION('',(-3.000602769257E-15,0.,1.));
#445 = ORIENTED_EDGE('',*,*,#400,.F.);
#446 = ORIENTED_EDGE('',*,*,#447,.F.);
#447 = EDGE_CURVE('',#415,#393,#448,.T.);
#448 = LINE('',#449,#450);
#449 = CARTESIAN_POINT('',(-495.5,0.,5.162537064507E-12));
#450 = VECTOR('',#451,1.);
#451 = DIRECTION('',(0.,-1.,-0.));
#452 = PLANE('',#453);
#453 = AXIS2_PLACEMENT_3D('',#454,#455,#456);
#454 = CARTESIAN_POINT('',(-495.5,0.,5.162537064507E-12));
#455 = DIRECTION('',(1.,0.,3.000602769257E-15));
#456 = DIRECTION('',(3.000602769257E-15,0.,-1.));
#457 = ADVANCED_FACE('',(#458,#469,#480,#491,#502),#513,.T.);
#458 = FACE_BOUND('',#459,.T.);
#459 = EDGE_LOOP('',(#460,#461,#462,#468));
#460 = ORIENTED_EDGE('',*,*,#346,.F.);
#461 = ORIENTED_EDGE('',*,*,#323,.F.);
#462 = ORIENTED_EDGE('',*,*,#463,.F.);
#463 = EDGE_CURVE('',#170,#316,#464,.T.);
#464 = LINE('',#465,#466);
#465 = CARTESIAN_POINT('',(0.,477.5,-1.499999999987));
#466 = VECTOR('',#467,1.);
#467 = DIRECTION('',(-1.,0.,0.));
#468 = ORIENTED_EDGE('',*,*,#211,.F.);
#469 = FACE_BOUND('',#470,.T.);
#470 = EDGE_LOOP('',(#471));
#471 = ORIENTED_EDGE('',*,*,#472,.T.);
#472 = EDGE_CURVE('',#473,#473,#475,.T.);
#473 = VERTEX_POINT('',#474);
#474 = CARTESIAN_POINT('',(-464.5,343.99999999999,-1.499999999987));
#475 = CIRCLE('',#476,6.);
#476 = AXIS2_PLACEMENT_3D('',#477,#478,#479);
#477 = CARTESIAN_POINT('',(-464.5,349.99999999999,-1.499999999987));
#478 = DIRECTION('',(-0.,1.891828286918E-32,1.));
#479 = DIRECTION('',(0.,-1.,1.891828286918E-32));
#480 = FACE_BOUND('',#481,.T.);
#481 = EDGE_LOOP('',(#482));
#482 = ORIENTED_EDGE('',*,*,#483,.T.);
#483 = EDGE_CURVE('',#484,#484,#486,.T.);
#484 = VERTEX_POINT('',#485);
#485 = CARTESIAN_POINT('',(464.5,355.99999999999,-1.499999999987));
#486 = CIRCLE('',#487,6.);
#487 = AXIS2_PLACEMENT_3D('',#488,#489,#490);
#488 = CARTESIAN_POINT('',(464.5,349.99999999999,-1.499999999987));
#489 = DIRECTION('',(0.,1.891828286918E-32,1.));
#490 = DIRECTION('',(0.,1.,-1.891828286918E-32));
#491 = FACE_BOUND('',#492,.T.);
#492 = EDGE_LOOP('',(#493));
#493 = ORIENTED_EDGE('',*,*,#494,.F.);
#494 = EDGE_CURVE('',#495,#495,#497,.T.);
#495 = VERTEX_POINT('',#496);
#496 = CARTESIAN_POINT('',(-464.5,-343.9999999999,-1.499999999987));
#497 = CIRCLE('',#498,6.);
#498 = AXIS2_PLACEMENT_3D('',#499,#500,#501);
#499 = CARTESIAN_POINT('',(-464.5,-349.9999999999,-1.499999999987));
#500 = DIRECTION('',(0.,1.891828286918E-32,-1.));
#501 = DIRECTION('',(0.,1.,1.891828286918E-32));
#502 = FACE_BOUND('',#503,.T.);
#503 = EDGE_LOOP('',(#504));
#504 = ORIENTED_EDGE('',*,*,#505,.F.);
#505 = EDGE_CURVE('',#506,#506,#508,.T.);
#506 = VERTEX_POINT('',#507);
#507 = CARTESIAN_POINT('',(464.5,-355.9999999999,-1.499999999987));
#508 = CIRCLE('',#509,6.);
#509 = AXIS2_PLACEMENT_3D('',#510,#511,#512);
#510 = CARTESIAN_POINT('',(464.5,-349.9999999999,-1.499999999987));
#511 = DIRECTION('',(-0.,1.891828286918E-32,-1.));
#512 = DIRECTION('',(0.,-1.,-1.891828286918E-32));
#513 = PLANE('',#514);
#514 = AXIS2_PLACEMENT_3D('',#515,#516,#517);
#515 = CARTESIAN_POINT('',(0.,0.,-1.499999999987));
#516 = DIRECTION('',(0.,0.,-1.));
#517 = DIRECTION('',(-1.,0.,0.));
#518 = ADVANCED_FACE('',(#519,#585,#605,#625,#636),#647,.F.);
#519 = FACE_BOUND('',#520,.T.);
#520 = EDGE_LOOP('',(#521,#529,#530,#531,#539,#547,#553,#554,#555,#563,
    #571,#579));
#521 = ORIENTED_EDGE('',*,*,#522,.F.);
#522 = EDGE_CURVE('',#415,#523,#525,.T.);
#523 = VERTEX_POINT('',#524);
#524 = CARTESIAN_POINT('',(-495.3,477.5,1.343369859796E-11));
#525 = LINE('',#526,#527);
#526 = CARTESIAN_POINT('',(3.805535956322E-27,477.5,1.343369859796E-11)
  );
#527 = VECTOR('',#528,1.);
#528 = DIRECTION('',(1.,-7.96970880905E-30,0.));
#529 = ORIENTED_EDGE('',*,*,#447,.T.);
#530 = ORIENTED_EDGE('',*,*,#392,.T.);
#531 = ORIENTED_EDGE('',*,*,#532,.F.);
#532 = EDGE_CURVE('',#533,#385,#535,.T.);
#533 = VERTEX_POINT('',#534);
#534 = CARTESIAN_POINT('',(-495.3,-475.9999999999,1.343369859796E-11));
#535 = LINE('',#536,#537);
#536 = CARTESIAN_POINT('',(-495.3,2.763054624775E-26,1.343369859796E-11)
  );
#537 = VECTOR('',#538,1.);
#538 = DIRECTION('',(-5.578547596962E-29,-1.,0.));
#539 = ORIENTED_EDGE('',*,*,#540,.T.);
#540 = EDGE_CURVE('',#533,#541,#543,.T.);
#541 = VERTEX_POINT('',#542);
#542 = CARTESIAN_POINT('',(495.3,-475.9999999999,1.532107773983E-11));
#543 = LINE('',#544,#545);
#544 = CARTESIAN_POINT('',(-5.551115123126E-14,-475.9999999999,
    1.532107773983E-11));
#545 = VECTOR('',#546,1.);
#546 = DIRECTION('',(1.,-0.,-0.));
#547 = ORIENTED_EDGE('',*,*,#548,.T.);
#548 = EDGE_CURVE('',#541,#361,#549,.T.);
#549 = LINE('',#550,#551);
#550 = CARTESIAN_POINT('',(495.3,-475.9999999999,1.343369859796E-11));
#551 = VECTOR('',#552,1.);
#552 = DIRECTION('',(1.03013532737E-29,-1.,-0.));
#553 = ORIENTED_EDGE('',*,*,#360,.F.);
#554 = ORIENTED_EDGE('',*,*,#267,.T.);
#555 = ORIENTED_EDGE('',*,*,#556,.T.);
#556 = EDGE_CURVE('',#260,#557,#559,.T.);
#557 = VERTEX_POINT('',#558);
#558 = CARTESIAN_POINT('',(495.3,477.5,1.204591981718E-11));
#559 = LINE('',#560,#561);
#560 = CARTESIAN_POINT('',(5.551115123126E-14,477.5,1.204591981718E-11)
  );
#561 = VECTOR('',#562,1.);
#562 = DIRECTION('',(-1.,-0.,-0.));
#563 = ORIENTED_EDGE('',*,*,#564,.F.);
#564 = EDGE_CURVE('',#565,#557,#567,.T.);
#565 = VERTEX_POINT('',#566);
#566 = CARTESIAN_POINT('',(495.3,476.,1.343369859796E-11));
#567 = LINE('',#568,#569);
#568 = CARTESIAN_POINT('',(495.3,-5.489328072126E-27,1.343369859796E-11)
  );
#569 = VECTOR('',#570,1.);
#570 = DIRECTION('',(1.108283479129E-29,1.,0.));
#571 = ORIENTED_EDGE('',*,*,#572,.T.);
#572 = EDGE_CURVE('',#565,#573,#575,.T.);
#573 = VERTEX_POINT('',#574);
#574 = CARTESIAN_POINT('',(-495.3,476.,1.204591981718E-11));
#575 = LINE('',#576,#577);
#576 = CARTESIAN_POINT('',(5.551115123126E-14,476.,1.204591981718E-11));
#577 = VECTOR('',#578,1.);
#578 = DIRECTION('',(-1.,-0.,-0.));
#579 = ORIENTED_EDGE('',*,*,#580,.T.);
#580 = EDGE_CURVE('',#573,#523,#581,.T.);
#581 = LINE('',#582,#583);
#582 = CARTESIAN_POINT('',(-495.3,476.,1.343369859796E-11));
#583 = VECTOR('',#584,1.);
#584 = DIRECTION('',(-1.03013532737E-29,1.,-0.));
#585 = FACE_BOUND('',#586,.T.);
#586 = EDGE_LOOP('',(#587,#598));
#587 = ORIENTED_EDGE('',*,*,#588,.F.);
#588 = EDGE_CURVE('',#589,#591,#593,.T.);
#589 = VERTEX_POINT('',#590);
#590 = CARTESIAN_POINT('',(-464.5,354.75024711614,1.343239755536E-11));
#591 = VERTEX_POINT('',#592);
#592 = CARTESIAN_POINT('',(-464.5,345.24975288384,1.342903566126E-11));
#593 = CIRCLE('',#594,4.750247116147);
#594 = AXIS2_PLACEMENT_3D('',#595,#596,#597);
#595 = CARTESIAN_POINT('',(-464.5,349.99999999999,1.343239755536E-11));
#596 = DIRECTION('',(0.,1.891828286918E-32,1.));
#597 = DIRECTION('',(0.,1.,-1.891828286918E-32));
#598 = ORIENTED_EDGE('',*,*,#599,.F.);
#599 = EDGE_CURVE('',#591,#589,#600,.T.);
#600 = CIRCLE('',#601,4.750247116147);
#601 = AXIS2_PLACEMENT_3D('',#602,#603,#604);
#602 = CARTESIAN_POINT('',(-464.5,349.99999999999,1.343239755536E-11));
#603 = DIRECTION('',(0.,1.891828286918E-32,1.));
#604 = DIRECTION('',(0.,1.,-1.891828286918E-32));
#605 = FACE_BOUND('',#606,.T.);
#606 = EDGE_LOOP('',(#607,#618));
#607 = ORIENTED_EDGE('',*,*,#608,.F.);
#608 = EDGE_CURVE('',#609,#611,#613,.T.);
#609 = VERTEX_POINT('',#610);
#610 = CARTESIAN_POINT('',(464.5,345.24975288384,1.343239755536E-11));
#611 = VERTEX_POINT('',#612);
#612 = CARTESIAN_POINT('',(464.5,354.75024711614,1.342903566126E-11));
#613 = CIRCLE('',#614,4.750247116147);
#614 = AXIS2_PLACEMENT_3D('',#615,#616,#617);
#615 = CARTESIAN_POINT('',(464.5,349.99999999999,1.343239755536E-11));
#616 = DIRECTION('',(0.,1.891828286918E-32,1.));
#617 = DIRECTION('',(0.,-1.,1.891828286918E-32));
#618 = ORIENTED_EDGE('',*,*,#619,.F.);
#619 = EDGE_CURVE('',#611,#609,#620,.T.);
#620 = CIRCLE('',#621,4.750247116147);
#621 = AXIS2_PLACEMENT_3D('',#622,#623,#624);
#622 = CARTESIAN_POINT('',(464.5,349.99999999999,1.343239755536E-11));
#623 = DIRECTION('',(0.,1.891828286918E-32,1.));
#624 = DIRECTION('',(0.,-1.,1.891828286918E-32));
#625 = FACE_BOUND('',#626,.T.);
#626 = EDGE_LOOP('',(#627));
#627 = ORIENTED_EDGE('',*,*,#628,.T.);
#628 = EDGE_CURVE('',#629,#629,#631,.T.);
#629 = VERTEX_POINT('',#630);
#630 = CARTESIAN_POINT('',(-464.5,-345.2497528838,1.343239755536E-11));
#631 = CIRCLE('',#632,4.750247116147);
#632 = AXIS2_PLACEMENT_3D('',#633,#634,#635);
#633 = CARTESIAN_POINT('',(-464.5,-349.9999999999,1.343239755536E-11));
#634 = DIRECTION('',(0.,1.891828286918E-32,-1.));
#635 = DIRECTION('',(0.,1.,1.891828286918E-32));
#636 = FACE_BOUND('',#637,.T.);
#637 = EDGE_LOOP('',(#638));
#638 = ORIENTED_EDGE('',*,*,#639,.T.);
#639 = EDGE_CURVE('',#640,#640,#642,.T.);
#640 = VERTEX_POINT('',#641);
#641 = CARTESIAN_POINT('',(464.5,-354.7502471161,1.343239755536E-11));
#642 = CIRCLE('',#643,4.750247116147);
#643 = AXIS2_PLACEMENT_3D('',#644,#645,#646);
#644 = CARTESIAN_POINT('',(464.5,-349.9999999999,1.343239755536E-11));
#645 = DIRECTION('',(-0.,1.891828286918E-32,-1.));
#646 = DIRECTION('',(0.,-1.,-1.891828286918E-32));
#647 = PLANE('',#648);
#648 = AXIS2_PLACEMENT_3D('',#649,#650,#651);
#649 = CARTESIAN_POINT('',(0.,0.,1.343369859796E-11));
#650 = DIRECTION('',(0.,0.,-1.));
#651 = DIRECTION('',(-1.,0.,0.));
#652 = ADVANCED_FACE('',(#653),#696,.T.);
#653 = FACE_BOUND('',#654,.T.);
#654 = EDGE_LOOP('',(#655,#661,#662,#663,#671,#679,#685,#686,#687,#693,
    #694,#695));
#655 = ORIENTED_EDGE('',*,*,#656,.F.);
#656 = EDGE_CURVE('',#417,#308,#657,.T.);
#657 = LINE('',#658,#659);
#658 = CARTESIAN_POINT('',(-495.5,477.5,19.400000000008));
#659 = VECTOR('',#660,1.);
#660 = DIRECTION('',(-1.,0.,0.));
#661 = ORIENTED_EDGE('',*,*,#414,.F.);
#662 = ORIENTED_EDGE('',*,*,#522,.T.);
#663 = ORIENTED_EDGE('',*,*,#664,.T.);
#664 = EDGE_CURVE('',#523,#665,#667,.T.);
#665 = VERTEX_POINT('',#666);
#666 = CARTESIAN_POINT('',(-495.3,477.5,18.500000000014));
#667 = LINE('',#668,#669);
#668 = CARTESIAN_POINT('',(-495.3,477.5,0.600000000014));
#669 = VECTOR('',#670,1.);
#670 = DIRECTION('',(-3.48882933716E-15,2.710881927219E-15,1.));
#671 = ORIENTED_EDGE('',*,*,#672,.T.);
#672 = EDGE_CURVE('',#665,#673,#675,.T.);
#673 = VERTEX_POINT('',#674);
#674 = CARTESIAN_POINT('',(495.3,477.5,18.500000000014));
#675 = LINE('',#676,#677);
#676 = CARTESIAN_POINT('',(5.551115123126E-14,477.5,18.500000000014));
#677 = VECTOR('',#678,1.);
#678 = DIRECTION('',(1.,0.,0.));
#679 = ORIENTED_EDGE('',*,*,#680,.F.);
#680 = EDGE_CURVE('',#557,#673,#681,.T.);
#681 = LINE('',#682,#683);
#682 = CARTESIAN_POINT('',(495.3,477.5,0.600000000013));
#683 = VECTOR('',#684,1.);
#684 = DIRECTION('',(3.603912249323E-15,2.710881927219E-15,1.));
#685 = ORIENTED_EDGE('',*,*,#556,.F.);
#686 = ORIENTED_EDGE('',*,*,#259,.T.);
#687 = ORIENTED_EDGE('',*,*,#688,.T.);
#688 = EDGE_CURVE('',#252,#172,#689,.T.);
#689 = LINE('',#690,#691);
#690 = CARTESIAN_POINT('',(495.5,477.5,19.400000000009));
#691 = VECTOR('',#692,1.);
#692 = DIRECTION('',(1.,0.,0.));
#693 = ORIENTED_EDGE('',*,*,#169,.F.);
#694 = ORIENTED_EDGE('',*,*,#463,.T.);
#695 = ORIENTED_EDGE('',*,*,#315,.T.);
#696 = PLANE('',#697);
#697 = AXIS2_PLACEMENT_3D('',#698,#699,#700);
#698 = CARTESIAN_POINT('',(-497.,477.5,0.600000000007));
#699 = DIRECTION('',(7.96970880905E-30,1.,-2.656035944079E-15));
#700 = DIRECTION('',(0.,2.656035944079E-15,1.));
#701 = ADVANCED_FACE('',(#702),#727,.F.);
#702 = FACE_BOUND('',#703,.T.);
#703 = EDGE_LOOP('',(#704,#705,#713,#721));
#704 = ORIENTED_EDGE('',*,*,#376,.F.);
#705 = ORIENTED_EDGE('',*,*,#706,.F.);
#706 = EDGE_CURVE('',#707,#369,#709,.T.);
#707 = VERTEX_POINT('',#708);
#708 = CARTESIAN_POINT('',(495.3,-475.9999999999,18.500000000017));
#709 = LINE('',#710,#711);
#710 = CARTESIAN_POINT('',(495.3,-475.9999999999,18.500000000017));
#711 = VECTOR('',#712,1.);
#712 = DIRECTION('',(0.,-1.,-3.000602769257E-15));
#713 = ORIENTED_EDGE('',*,*,#714,.T.);
#714 = EDGE_CURVE('',#707,#715,#717,.T.);
#715 = VERTEX_POINT('',#716);
#716 = CARTESIAN_POINT('',(-495.3,-475.9999999999,18.500000000017));
#717 = LINE('',#718,#719);
#718 = CARTESIAN_POINT('',(-497.,-475.9999999999,18.500000000017));
#719 = VECTOR('',#720,1.);
#720 = DIRECTION('',(-1.,-0.,-0.));
#721 = ORIENTED_EDGE('',*,*,#722,.T.);
#722 = EDGE_CURVE('',#715,#377,#723,.T.);
#723 = LINE('',#724,#725);
#724 = CARTESIAN_POINT('',(-495.3,-475.9999999999,18.500000000017));
#725 = VECTOR('',#726,1.);
#726 = DIRECTION('',(0.,-1.,-3.000602769257E-15));
#727 = PLANE('',#728);
#728 = AXIS2_PLACEMENT_3D('',#729,#730,#731);
#729 = CARTESIAN_POINT('',(-497.,-477.4999999999,18.500000000017));
#730 = DIRECTION('',(0.,3.491481338843E-15,-1.));
#731 = DIRECTION('',(0.,1.,3.491481338843E-15));
#732 = ADVANCED_FACE('',(#733),#744,.T.);
#733 = FACE_BOUND('',#734,.T.);
#734 = EDGE_LOOP('',(#735,#736,#737,#743));
#735 = ORIENTED_EDGE('',*,*,#368,.F.);
#736 = ORIENTED_EDGE('',*,*,#548,.F.);
#737 = ORIENTED_EDGE('',*,*,#738,.T.);
#738 = EDGE_CURVE('',#541,#707,#739,.T.);
#739 = LINE('',#740,#741);
#740 = CARTESIAN_POINT('',(495.3,-475.9999999999,0.600000000017));
#741 = VECTOR('',#742,1.);
#742 = DIRECTION('',(3.48882933716E-15,-2.710881927219E-15,1.));
#743 = ORIENTED_EDGE('',*,*,#706,.T.);
#744 = PLANE('',#745);
#745 = AXIS2_PLACEMENT_3D('',#746,#747,#748);
#746 = CARTESIAN_POINT('',(495.3,-475.9999999999,0.600000000017));
#747 = DIRECTION('',(1.,1.03013532737E-29,-3.48882933716E-15));
#748 = DIRECTION('',(2.24825357988E-29,-1.,3.491481338843E-15));
#749 = ADVANCED_FACE('',(#750),#761,.T.);
#750 = FACE_BOUND('',#751,.T.);
#751 = EDGE_LOOP('',(#752,#753,#754,#755));
#752 = ORIENTED_EDGE('',*,*,#714,.F.);
#753 = ORIENTED_EDGE('',*,*,#738,.F.);
#754 = ORIENTED_EDGE('',*,*,#540,.F.);
#755 = ORIENTED_EDGE('',*,*,#756,.T.);
#756 = EDGE_CURVE('',#533,#715,#757,.T.);
#757 = LINE('',#758,#759);
#758 = CARTESIAN_POINT('',(-495.3,-475.9999999999,0.600000000017));
#759 = VECTOR('',#760,1.);
#760 = DIRECTION('',(-1.870400172422E-14,-2.710881927219E-15,1.));
#761 = PLANE('',#762);
#762 = AXIS2_PLACEMENT_3D('',#763,#764,#765);
#763 = CARTESIAN_POINT('',(-5.551115123126E-14,-475.9999999999,
    1.532107773983E-11));
#764 = DIRECTION('',(0.,1.,3.000602769257E-15));
#765 = DIRECTION('',(0.,-3.000602769257E-15,1.));
#766 = ADVANCED_FACE('',(#767),#773,.F.);
#767 = FACE_BOUND('',#768,.T.);
#768 = EDGE_LOOP('',(#769,#770,#771,#772));
#769 = ORIENTED_EDGE('',*,*,#384,.T.);
#770 = ORIENTED_EDGE('',*,*,#722,.F.);
#771 = ORIENTED_EDGE('',*,*,#756,.F.);
#772 = ORIENTED_EDGE('',*,*,#532,.T.);
#773 = PLANE('',#774);
#774 = AXIS2_PLACEMENT_3D('',#775,#776,#777);
#775 = CARTESIAN_POINT('',(-495.3,-475.9999999999,0.600000000017));
#776 = DIRECTION('',(1.,-5.578547596962E-29,1.870400172422E-14));
#777 = DIRECTION('',(1.870400172422E-14,-3.491481338843E-15,-1.));
#778 = ADVANCED_FACE('',(#779),#804,.F.);
#779 = FACE_BOUND('',#780,.T.);
#780 = EDGE_LOOP('',(#781,#782,#790,#798));
#781 = ORIENTED_EDGE('',*,*,#672,.F.);
#782 = ORIENTED_EDGE('',*,*,#783,.F.);
#783 = EDGE_CURVE('',#784,#665,#786,.T.);
#784 = VERTEX_POINT('',#785);
#785 = CARTESIAN_POINT('',(-495.3,476.,18.500000000014));
#786 = LINE('',#787,#788);
#787 = CARTESIAN_POINT('',(-495.3,476.,18.500000000014));
#788 = VECTOR('',#789,1.);
#789 = DIRECTION('',(0.,1.,-3.000602769257E-15));
#790 = ORIENTED_EDGE('',*,*,#791,.T.);
#791 = EDGE_CURVE('',#784,#792,#794,.T.);
#792 = VERTEX_POINT('',#793);
#793 = CARTESIAN_POINT('',(495.3,476.,18.500000000014));
#794 = LINE('',#795,#796);
#795 = CARTESIAN_POINT('',(497.,476.,18.500000000014));
#796 = VECTOR('',#797,1.);
#797 = DIRECTION('',(1.,0.,-0.));
#798 = ORIENTED_EDGE('',*,*,#799,.T.);
#799 = EDGE_CURVE('',#792,#673,#800,.T.);
#800 = LINE('',#801,#802);
#801 = CARTESIAN_POINT('',(495.3,476.,18.500000000014));
#802 = VECTOR('',#803,1.);
#803 = DIRECTION('',(0.,1.,-3.000602769257E-15));
#804 = PLANE('',#805);
#805 = AXIS2_PLACEMENT_3D('',#806,#807,#808);
#806 = CARTESIAN_POINT('',(497.,477.5,18.500000000013));
#807 = DIRECTION('',(-7.380418287169E-32,-3.491481338843E-15,-1.));
#808 = DIRECTION('',(0.,1.,-3.491481338843E-15));
#809 = ADVANCED_FACE('',(#810),#821,.T.);
#810 = FACE_BOUND('',#811,.T.);
#811 = EDGE_LOOP('',(#812,#813,#814,#820));
#812 = ORIENTED_EDGE('',*,*,#664,.F.);
#813 = ORIENTED_EDGE('',*,*,#580,.F.);
#814 = ORIENTED_EDGE('',*,*,#815,.T.);
#815 = EDGE_CURVE('',#573,#784,#816,.T.);
#816 = LINE('',#817,#818);
#817 = CARTESIAN_POINT('',(-495.3,476.,0.600000000014));
#818 = VECTOR('',#819,1.);
#819 = DIRECTION('',(-3.48882933716E-15,2.710881927219E-15,1.));
#820 = ORIENTED_EDGE('',*,*,#783,.T.);
#821 = PLANE('',#822);
#822 = AXIS2_PLACEMENT_3D('',#823,#824,#825);
#823 = CARTESIAN_POINT('',(-495.3,476.,0.600000000014));
#824 = DIRECTION('',(-1.,-1.03013532737E-29,-3.48882933716E-15));
#825 = DIRECTION('',(2.24825357988E-29,-1.,-3.491481338843E-15));
#826 = ADVANCED_FACE('',(#827),#838,.T.);
#827 = FACE_BOUND('',#828,.T.);
#828 = EDGE_LOOP('',(#829,#830,#831,#832));
#829 = ORIENTED_EDGE('',*,*,#791,.F.);
#830 = ORIENTED_EDGE('',*,*,#815,.F.);
#831 = ORIENTED_EDGE('',*,*,#572,.F.);
#832 = ORIENTED_EDGE('',*,*,#833,.T.);
#833 = EDGE_CURVE('',#565,#792,#834,.T.);
#834 = LINE('',#835,#836);
#835 = CARTESIAN_POINT('',(495.3,476.,0.600000000013));
#836 = VECTOR('',#837,1.);
#837 = DIRECTION('',(3.603912249323E-15,2.710881927219E-15,1.));
#838 = PLANE('',#839);
#839 = AXIS2_PLACEMENT_3D('',#840,#841,#842);
#840 = CARTESIAN_POINT('',(5.551115123126E-14,476.,1.204591981718E-11));
#841 = DIRECTION('',(1.555753819465E-61,-1.,3.000602769257E-15));
#842 = DIRECTION('',(1.844547148335E-31,-3.000602769257E-15,-1.));
#843 = ADVANCED_FACE('',(#844),#850,.F.);
#844 = FACE_BOUND('',#845,.T.);
#845 = EDGE_LOOP('',(#846,#847,#848,#849));
#846 = ORIENTED_EDGE('',*,*,#680,.T.);
#847 = ORIENTED_EDGE('',*,*,#799,.F.);
#848 = ORIENTED_EDGE('',*,*,#833,.F.);
#849 = ORIENTED_EDGE('',*,*,#564,.T.);
#850 = PLANE('',#851);
#851 = AXIS2_PLACEMENT_3D('',#852,#853,#854);
#852 = CARTESIAN_POINT('',(495.3,476.,0.600000000013));
#853 = DIRECTION('',(-1.,1.108283479129E-29,3.603912249323E-15));
#854 = DIRECTION('',(3.603912249323E-15,-3.491481338843E-15,1.));
#855 = ADVANCED_FACE('',(#856),#883,.T.);
#856 = FACE_BOUND('',#857,.T.);
#857 = EDGE_LOOP('',(#858,#868,#874,#875,#876,#877));
#858 = ORIENTED_EDGE('',*,*,#859,.F.);
#859 = EDGE_CURVE('',#860,#862,#864,.T.);
#860 = VERTEX_POINT('',#861);
#861 = CARTESIAN_POINT('',(-494.9,477.5,20.000000000008));
#862 = VERTEX_POINT('',#863);
#863 = CARTESIAN_POINT('',(-494.9,477.5,21.500000000008));
#864 = LINE('',#865,#866);
#865 = CARTESIAN_POINT('',(-494.9,477.5,21.500000000008));
#866 = VECTOR('',#867,1.);
#867 = DIRECTION('',(0.,-5.148329467583E-29,1.));
#868 = ORIENTED_EDGE('',*,*,#869,.T.);
#869 = EDGE_CURVE('',#860,#425,#870,.T.);
#870 = LINE('',#871,#872);
#871 = CARTESIAN_POINT('',(-1.340291562849E-13,477.5,20.000000000012));
#872 = VECTOR('',#873,1.);
#873 = DIRECTION('',(-1.,0.,-6.443258625057E-15));
#874 = ORIENTED_EDGE('',*,*,#424,.F.);
#875 = ORIENTED_EDGE('',*,*,#656,.T.);
#876 = ORIENTED_EDGE('',*,*,#307,.T.);
#877 = ORIENTED_EDGE('',*,*,#878,.F.);
#878 = EDGE_CURVE('',#862,#300,#879,.T.);
#879 = LINE('',#880,#881);
#880 = CARTESIAN_POINT('',(-494.9,477.5,21.500000000008));
#881 = VECTOR('',#882,1.);
#882 = DIRECTION('',(-1.,0.,-6.443258625057E-15));
#883 = PLANE('',#884);
#884 = AXIS2_PLACEMENT_3D('',#885,#886,#887);
#885 = CARTESIAN_POINT('',(-494.9,477.5,19.400000000008));
#886 = DIRECTION('',(0.,1.,0.));
#887 = DIRECTION('',(0.,-0.,1.));
#888 = ADVANCED_FACE('',(#889),#916,.F.);
#889 = FACE_BOUND('',#890,.T.);
#890 = EDGE_LOOP('',(#891,#892,#900,#908,#914,#915));
#891 = ORIENTED_EDGE('',*,*,#440,.T.);
#892 = ORIENTED_EDGE('',*,*,#893,.F.);
#893 = EDGE_CURVE('',#894,#433,#896,.T.);
#894 = VERTEX_POINT('',#895);
#895 = CARTESIAN_POINT('',(-494.9,-477.5,20.000000000008));
#896 = LINE('',#897,#898);
#897 = CARTESIAN_POINT('',(-494.9,-477.5,20.000000000008));
#898 = VECTOR('',#899,1.);
#899 = DIRECTION('',(-1.,0.,-6.443258625057E-15));
#900 = ORIENTED_EDGE('',*,*,#901,.T.);
#901 = EDGE_CURVE('',#894,#902,#904,.T.);
#902 = VERTEX_POINT('',#903);
#903 = CARTESIAN_POINT('',(-494.9,-477.5,21.500000000008));
#904 = LINE('',#905,#906);
#905 = CARTESIAN_POINT('',(-494.9,-477.5,20.000000000008));
#906 = VECTOR('',#907,1.);
#907 = DIRECTION('',(0.,0.,1.));
#908 = ORIENTED_EDGE('',*,*,#909,.T.);
#909 = EDGE_CURVE('',#902,#292,#910,.T.);
#910 = LINE('',#911,#912);
#911 = CARTESIAN_POINT('',(-1.437672824471E-13,-477.5,21.500000000012));
#912 = VECTOR('',#913,1.);
#913 = DIRECTION('',(-1.,0.,-6.443258625057E-15));
#914 = ORIENTED_EDGE('',*,*,#291,.F.);
#915 = ORIENTED_EDGE('',*,*,#337,.F.);
#916 = PLANE('',#917);
#917 = AXIS2_PLACEMENT_3D('',#918,#919,#920);
#918 = CARTESIAN_POINT('',(-494.9,-477.5,19.400000000008));
#919 = DIRECTION('',(0.,1.,0.));
#920 = DIRECTION('',(0.,-0.,1.));
#921 = ADVANCED_FACE('',(#922),#947,.T.);
#922 = FACE_BOUND('',#923,.T.);
#923 = EDGE_LOOP('',(#924,#932,#933,#941));
#924 = ORIENTED_EDGE('',*,*,#925,.T.);
#925 = EDGE_CURVE('',#926,#902,#928,.T.);
#926 = VERTEX_POINT('',#927);
#927 = CARTESIAN_POINT('',(-488.5,-477.5,21.500000000008));
#928 = LINE('',#929,#930);
#929 = CARTESIAN_POINT('',(-495.5,-477.5,21.500000000008));
#930 = VECTOR('',#931,1.);
#931 = DIRECTION('',(-1.,0.,-6.443258625057E-15));
#932 = ORIENTED_EDGE('',*,*,#901,.F.);
#933 = ORIENTED_EDGE('',*,*,#934,.F.);
#934 = EDGE_CURVE('',#935,#894,#937,.T.);
#935 = VERTEX_POINT('',#936);
#936 = CARTESIAN_POINT('',(-488.5,-477.5,20.000000000008));
#937 = LINE('',#938,#939);
#938 = CARTESIAN_POINT('',(-1.340291562849E-13,-477.5,20.000000000012));
#939 = VECTOR('',#940,1.);
#940 = DIRECTION('',(-1.,-0.,-6.443258625057E-15));
#941 = ORIENTED_EDGE('',*,*,#942,.F.);
#942 = EDGE_CURVE('',#926,#935,#943,.T.);
#943 = LINE('',#944,#945);
#944 = CARTESIAN_POINT('',(-488.5,-477.5,21.500000000008));
#945 = VECTOR('',#946,1.);
#946 = DIRECTION('',(6.4920841081E-15,0.,-1.));
#947 = PLANE('',#948);
#948 = AXIS2_PLACEMENT_3D('',#949,#950,#951);
#949 = CARTESIAN_POINT('',(-495.5,-477.5,21.500000000008));
#950 = DIRECTION('',(0.,-1.,0.));
#951 = DIRECTION('',(0.,-0.,-1.));
#952 = ADVANCED_FACE('',(#953),#978,.T.);
#953 = FACE_BOUND('',#954,.T.);
#954 = EDGE_LOOP('',(#955,#963,#964,#972));
#955 = ORIENTED_EDGE('',*,*,#956,.F.);
#956 = EDGE_CURVE('',#860,#957,#959,.T.);
#957 = VERTEX_POINT('',#958);
#958 = CARTESIAN_POINT('',(-488.5,477.5,20.000000000008));
#959 = LINE('',#960,#961);
#960 = CARTESIAN_POINT('',(3.652624374133E-12,477.49999999999,
    20.000000000012));
#961 = VECTOR('',#962,1.);
#962 = DIRECTION('',(1.,-7.930164461608E-15,6.443258625057E-15));
#963 = ORIENTED_EDGE('',*,*,#859,.T.);
#964 = ORIENTED_EDGE('',*,*,#965,.T.);
#965 = EDGE_CURVE('',#862,#966,#968,.T.);
#966 = VERTEX_POINT('',#967);
#967 = CARTESIAN_POINT('',(-488.5,477.5,21.500000000008));
#968 = LINE('',#969,#970);
#969 = CARTESIAN_POINT('',(-488.5,477.5,21.500000000008));
#970 = VECTOR('',#971,1.);
#971 = DIRECTION('',(1.,-7.930164461608E-15,6.443258625057E-15));
#972 = ORIENTED_EDGE('',*,*,#973,.T.);
#973 = EDGE_CURVE('',#966,#957,#974,.T.);
#974 = LINE('',#975,#976);
#975 = CARTESIAN_POINT('',(-488.5,477.5,21.500000000008));
#976 = VECTOR('',#977,1.);
#977 = DIRECTION('',(6.4920841081E-15,0.,-1.));
#978 = PLANE('',#979);
#979 = AXIS2_PLACEMENT_3D('',#980,#981,#982);
#980 = CARTESIAN_POINT('',(-488.5,477.5,21.500000000008));
#981 = DIRECTION('',(7.930164461608E-15,1.,5.148329467583E-29));
#982 = DIRECTION('',(-1.,7.930164461608E-15,0.));
#983 = ADVANCED_FACE('',(#984),#997,.T.);
#984 = FACE_BOUND('',#985,.T.);
#985 = EDGE_LOOP('',(#986,#987,#988,#989,#990,#991));
#986 = ORIENTED_EDGE('',*,*,#965,.F.);
#987 = ORIENTED_EDGE('',*,*,#878,.T.);
#988 = ORIENTED_EDGE('',*,*,#299,.T.);
#989 = ORIENTED_EDGE('',*,*,#909,.F.);
#990 = ORIENTED_EDGE('',*,*,#925,.F.);
#991 = ORIENTED_EDGE('',*,*,#992,.F.);
#992 = EDGE_CURVE('',#966,#926,#993,.T.);
#993 = LINE('',#994,#995);
#994 = CARTESIAN_POINT('',(-488.5,-477.5,21.500000000008));
#995 = VECTOR('',#996,1.);
#996 = DIRECTION('',(0.,-1.,0.));
#997 = PLANE('',#998);
#998 = AXIS2_PLACEMENT_3D('',#999,#1000,#1001);
#999 = CARTESIAN_POINT('',(-1.437672824471E-13,0.,21.500000000012));
#1000 = DIRECTION('',(-6.443258625057E-15,0.,1.));
#1001 = DIRECTION('',(1.,0.,6.443258625057E-15));
#1002 = ADVANCED_FACE('',(#1003),#1016,.F.);
#1003 = FACE_BOUND('',#1004,.T.);
#1004 = EDGE_LOOP('',(#1005,#1006,#1007,#1008,#1009,#1010));
#1005 = ORIENTED_EDGE('',*,*,#934,.T.);
#1006 = ORIENTED_EDGE('',*,*,#893,.T.);
#1007 = ORIENTED_EDGE('',*,*,#432,.F.);
#1008 = ORIENTED_EDGE('',*,*,#869,.F.);
#1009 = ORIENTED_EDGE('',*,*,#956,.T.);
#1010 = ORIENTED_EDGE('',*,*,#1011,.T.);
#1011 = EDGE_CURVE('',#957,#935,#1012,.T.);
#1012 = LINE('',#1013,#1014);
#1013 = CARTESIAN_POINT('',(-488.5,0.,20.000000000008));
#1014 = VECTOR('',#1015,1.);
#1015 = DIRECTION('',(-0.,-1.,-0.));
#1016 = PLANE('',#1017);
#1017 = AXIS2_PLACEMENT_3D('',#1018,#1019,#1020);
#1018 = CARTESIAN_POINT('',(-1.340291562849E-13,0.,20.000000000012));
#1019 = DIRECTION('',(-6.443258625057E-15,0.,1.));
#1020 = DIRECTION('',(1.,0.,6.443258625057E-15));
#1021 = ADVANCED_FACE('',(#1022),#1028,.T.);
#1022 = FACE_BOUND('',#1023,.T.);
#1023 = EDGE_LOOP('',(#1024,#1025,#1026,#1027));
#1024 = ORIENTED_EDGE('',*,*,#1011,.F.);
#1025 = ORIENTED_EDGE('',*,*,#973,.F.);
#1026 = ORIENTED_EDGE('',*,*,#992,.T.);
#1027 = ORIENTED_EDGE('',*,*,#942,.T.);
#1028 = PLANE('',#1029);
#1029 = AXIS2_PLACEMENT_3D('',#1030,#1031,#1032);
#1030 = CARTESIAN_POINT('',(-488.5,-477.5,21.500000000008));
#1031 = DIRECTION('',(1.,-0.,6.4920841081E-15));
#1032 = DIRECTION('',(6.4920841081E-15,0.,-1.));
#1033 = ADVANCED_FACE('',(#1034),#1061,.T.);
#1034 = FACE_BOUND('',#1035,.T.);
#1035 = EDGE_LOOP('',(#1036,#1046,#1052,#1053,#1054,#1055));
#1036 = ORIENTED_EDGE('',*,*,#1037,.F.);
#1037 = EDGE_CURVE('',#1038,#1040,#1042,.T.);
#1038 = VERTEX_POINT('',#1039);
#1039 = CARTESIAN_POINT('',(494.9,-477.5,20.000000000009));
#1040 = VERTEX_POINT('',#1041);
#1041 = CARTESIAN_POINT('',(494.9,-477.5,21.500000000009));
#1042 = LINE('',#1043,#1044);
#1043 = CARTESIAN_POINT('',(494.9,-477.5,21.500000000009));
#1044 = VECTOR('',#1045,1.);
#1045 = DIRECTION('',(-1.974151018535E-46,-1.132093390777E-30,1.));
#1046 = ORIENTED_EDGE('',*,*,#1047,.T.);
#1047 = EDGE_CURVE('',#1038,#236,#1048,.T.);
#1048 = LINE('',#1049,#1050);
#1049 = CARTESIAN_POINT('',(1.340291562849E-13,-477.5,20.000000000012));
#1050 = VECTOR('',#1051,1.);
#1051 = DIRECTION('',(1.,-0.,-6.443258625057E-15));
#1052 = ORIENTED_EDGE('',*,*,#235,.F.);
#1053 = ORIENTED_EDGE('',*,*,#353,.T.);
#1054 = ORIENTED_EDGE('',*,*,#195,.T.);
#1055 = ORIENTED_EDGE('',*,*,#1056,.F.);
#1056 = EDGE_CURVE('',#1040,#188,#1057,.T.);
#1057 = LINE('',#1058,#1059);
#1058 = CARTESIAN_POINT('',(494.9,-477.5,21.500000000009));
#1059 = VECTOR('',#1060,1.);
#1060 = DIRECTION('',(1.,0.,-6.443258625057E-15));
#1061 = PLANE('',#1062);
#1062 = AXIS2_PLACEMENT_3D('',#1063,#1064,#1065);
#1063 = CARTESIAN_POINT('',(494.9,-477.5,19.400000000009));
#1064 = DIRECTION('',(0.,-1.,-0.));
#1065 = DIRECTION('',(0.,0.,-1.));
#1066 = ADVANCED_FACE('',(#1067),#1094,.F.);
#1067 = FACE_BOUND('',#1068,.T.);
#1068 = EDGE_LOOP('',(#1069,#1070,#1078,#1086,#1092,#1093));
#1069 = ORIENTED_EDGE('',*,*,#251,.T.);
#1070 = ORIENTED_EDGE('',*,*,#1071,.F.);
#1071 = EDGE_CURVE('',#1072,#244,#1074,.T.);
#1072 = VERTEX_POINT('',#1073);
#1073 = CARTESIAN_POINT('',(494.9,477.5,20.000000000009));
#1074 = LINE('',#1075,#1076);
#1075 = CARTESIAN_POINT('',(494.9,477.5,20.000000000009));
#1076 = VECTOR('',#1077,1.);
#1077 = DIRECTION('',(1.,0.,-6.443258625057E-15));
#1078 = ORIENTED_EDGE('',*,*,#1079,.T.);
#1079 = EDGE_CURVE('',#1072,#1080,#1082,.T.);
#1080 = VERTEX_POINT('',#1081);
#1081 = CARTESIAN_POINT('',(494.9,477.5,21.500000000009));
#1082 = LINE('',#1083,#1084);
#1083 = CARTESIAN_POINT('',(494.9,477.5,20.000000000008));
#1084 = VECTOR('',#1085,1.);
#1085 = DIRECTION('',(-9.175101876618E-45,-5.261538806661E-29,1.));
#1086 = ORIENTED_EDGE('',*,*,#1087,.T.);
#1087 = EDGE_CURVE('',#1080,#180,#1088,.T.);
#1088 = LINE('',#1089,#1090);
#1089 = CARTESIAN_POINT('',(1.437672824471E-13,477.5,21.500000000012));
#1090 = VECTOR('',#1091,1.);
#1091 = DIRECTION('',(1.,-0.,-6.443258625057E-15));
#1092 = ORIENTED_EDGE('',*,*,#179,.F.);
#1093 = ORIENTED_EDGE('',*,*,#688,.F.);
#1094 = PLANE('',#1095);
#1095 = AXIS2_PLACEMENT_3D('',#1096,#1097,#1098);
#1096 = CARTESIAN_POINT('',(494.9,477.5,19.400000000009));
#1097 = DIRECTION('',(0.,-1.,-0.));
#1098 = DIRECTION('',(0.,0.,-1.));
#1099 = ADVANCED_FACE('',(#1100),#1125,.T.);
#1100 = FACE_BOUND('',#1101,.T.);
#1101 = EDGE_LOOP('',(#1102,#1110,#1111,#1119));
#1102 = ORIENTED_EDGE('',*,*,#1103,.F.);
#1103 = EDGE_CURVE('',#1038,#1104,#1106,.T.);
#1104 = VERTEX_POINT('',#1105);
#1105 = CARTESIAN_POINT('',(488.5,-477.5,20.000000000009));
#1106 = LINE('',#1107,#1108);
#1107 = CARTESIAN_POINT('',(1.340291562849E-13,-477.5,20.000000000012));
#1108 = VECTOR('',#1109,1.);
#1109 = DIRECTION('',(-1.,0.,6.443258625057E-15));
#1110 = ORIENTED_EDGE('',*,*,#1037,.T.);
#1111 = ORIENTED_EDGE('',*,*,#1112,.T.);
#1112 = EDGE_CURVE('',#1040,#1113,#1115,.T.);
#1113 = VERTEX_POINT('',#1114);
#1114 = CARTESIAN_POINT('',(488.5,-477.5,21.500000000009));
#1115 = LINE('',#1116,#1117);
#1116 = CARTESIAN_POINT('',(495.5,-477.5,21.500000000009));
#1117 = VECTOR('',#1118,1.);
#1118 = DIRECTION('',(-1.,-0.,6.443258625057E-15));
#1119 = ORIENTED_EDGE('',*,*,#1120,.T.);
#1120 = EDGE_CURVE('',#1113,#1104,#1121,.T.);
#1121 = LINE('',#1122,#1123);
#1122 = CARTESIAN_POINT('',(488.5,-477.5,21.500000000009));
#1123 = VECTOR('',#1124,1.);
#1124 = DIRECTION('',(-6.4920841081E-15,1.132093390777E-30,-1.));
#1125 = PLANE('',#1126);
#1126 = AXIS2_PLACEMENT_3D('',#1127,#1128,#1129);
#1127 = CARTESIAN_POINT('',(495.5,-477.5,21.500000000009));
#1128 = DIRECTION('',(-7.294370504496E-45,-1.,-1.132093390777E-30));
#1129 = DIRECTION('',(0.,1.132093390777E-30,-1.));
#1130 = ADVANCED_FACE('',(#1131),#1156,.T.);
#1131 = FACE_BOUND('',#1132,.T.);
#1132 = EDGE_LOOP('',(#1133,#1141,#1142,#1150));
#1133 = ORIENTED_EDGE('',*,*,#1134,.T.);
#1134 = EDGE_CURVE('',#1135,#1080,#1137,.T.);
#1135 = VERTEX_POINT('',#1136);
#1136 = CARTESIAN_POINT('',(488.5,477.5,21.500000000009));
#1137 = LINE('',#1138,#1139);
#1138 = CARTESIAN_POINT('',(488.5,477.5,21.500000000009));
#1139 = VECTOR('',#1140,1.);
#1140 = DIRECTION('',(1.,7.930164461608E-15,-6.443258625057E-15));
#1141 = ORIENTED_EDGE('',*,*,#1079,.F.);
#1142 = ORIENTED_EDGE('',*,*,#1143,.F.);
#1143 = EDGE_CURVE('',#1144,#1072,#1146,.T.);
#1144 = VERTEX_POINT('',#1145);
#1145 = CARTESIAN_POINT('',(488.5,477.5,20.000000000009));
#1146 = LINE('',#1147,#1148);
#1147 = CARTESIAN_POINT('',(-3.652624374133E-12,477.49999999999,
    20.000000000012));
#1148 = VECTOR('',#1149,1.);
#1149 = DIRECTION('',(1.,7.930164461608E-15,-6.443258625057E-15));
#1150 = ORIENTED_EDGE('',*,*,#1151,.F.);
#1151 = EDGE_CURVE('',#1135,#1144,#1152,.T.);
#1152 = LINE('',#1153,#1154);
#1153 = CARTESIAN_POINT('',(488.5,477.5,21.500000000009));
#1154 = VECTOR('',#1155,1.);
#1155 = DIRECTION('',(-6.4920841081E-15,1.132093390777E-30,-1.));
#1156 = PLANE('',#1157);
#1157 = AXIS2_PLACEMENT_3D('',#1158,#1159,#1160);
#1158 = CARTESIAN_POINT('',(488.5,477.5,21.500000000009));
#1159 = DIRECTION('',(-7.930164461608E-15,1.,5.261538806661E-29));
#1160 = DIRECTION('',(-1.,-7.930164461608E-15,0.));
#1161 = ADVANCED_FACE('',(#1162),#1175,.F.);
#1162 = FACE_BOUND('',#1163,.T.);
#1163 = EDGE_LOOP('',(#1164,#1165,#1166,#1167,#1168,#1169));
#1164 = ORIENTED_EDGE('',*,*,#1112,.F.);
#1165 = ORIENTED_EDGE('',*,*,#1056,.T.);
#1166 = ORIENTED_EDGE('',*,*,#187,.T.);
#1167 = ORIENTED_EDGE('',*,*,#1087,.F.);
#1168 = ORIENTED_EDGE('',*,*,#1134,.F.);
#1169 = ORIENTED_EDGE('',*,*,#1170,.F.);
#1170 = EDGE_CURVE('',#1113,#1135,#1171,.T.);
#1171 = LINE('',#1172,#1173);
#1172 = CARTESIAN_POINT('',(488.5,-477.5,21.500000000009));
#1173 = VECTOR('',#1174,1.);
#1174 = DIRECTION('',(3.487611595681E-16,1.,-0.));
#1175 = PLANE('',#1176);
#1176 = AXIS2_PLACEMENT_3D('',#1177,#1178,#1179);
#1177 = CARTESIAN_POINT('',(1.437672824471E-13,-4.922717432393E-29,
    21.500000000012));
#1178 = DIRECTION('',(-6.443258625057E-15,2.247158349472E-30,-1.));
#1179 = DIRECTION('',(-1.,0.,6.443258625057E-15));
#1180 = ADVANCED_FACE('',(#1181),#1194,.T.);
#1181 = FACE_BOUND('',#1182,.T.);
#1182 = EDGE_LOOP('',(#1183,#1184,#1185,#1186,#1187,#1188));
#1183 = ORIENTED_EDGE('',*,*,#1143,.T.);
#1184 = ORIENTED_EDGE('',*,*,#1071,.T.);
#1185 = ORIENTED_EDGE('',*,*,#243,.F.);
#1186 = ORIENTED_EDGE('',*,*,#1047,.F.);
#1187 = ORIENTED_EDGE('',*,*,#1103,.T.);
#1188 = ORIENTED_EDGE('',*,*,#1189,.T.);
#1189 = EDGE_CURVE('',#1104,#1144,#1190,.T.);
#1190 = LINE('',#1191,#1192);
#1191 = CARTESIAN_POINT('',(488.5,-1.70369826449E-13,20.000000000009));
#1192 = VECTOR('',#1193,1.);
#1193 = DIRECTION('',(3.487611595681E-16,1.,0.));
#1194 = PLANE('',#1195);
#1195 = AXIS2_PLACEMENT_3D('',#1196,#1197,#1198);
#1196 = CARTESIAN_POINT('',(1.340291562849E-13,-4.752903423777E-29,
    20.000000000012));
#1197 = DIRECTION('',(-6.443258625057E-15,2.247158349472E-30,-1.));
#1198 = DIRECTION('',(-1.,0.,6.443258625057E-15));
#1199 = ADVANCED_FACE('',(#1200),#1206,.T.);
#1200 = FACE_BOUND('',#1201,.T.);
#1201 = EDGE_LOOP('',(#1202,#1203,#1204,#1205));
#1202 = ORIENTED_EDGE('',*,*,#1189,.F.);
#1203 = ORIENTED_EDGE('',*,*,#1120,.F.);
#1204 = ORIENTED_EDGE('',*,*,#1170,.T.);
#1205 = ORIENTED_EDGE('',*,*,#1151,.T.);
#1206 = PLANE('',#1207);
#1207 = AXIS2_PLACEMENT_3D('',#1208,#1209,#1210);
#1208 = CARTESIAN_POINT('',(488.5,-477.5,21.500000000009));
#1209 = DIRECTION('',(-1.,3.487611595681E-16,6.4920841081E-15));
#1210 = DIRECTION('',(6.4920841081E-15,0.,1.));
#1211 = ADVANCED_FACE('',(#1212),#1222,.F.);
#1212 = FACE_BOUND('',#1213,.F.);
#1213 = EDGE_LOOP('',(#1214,#1215,#1220,#1221));
#1214 = ORIENTED_EDGE('',*,*,#639,.T.);
#1215 = ORIENTED_EDGE('',*,*,#1216,.T.);
#1216 = EDGE_CURVE('',#640,#506,#1217,.T.);
#1217 = B_SPLINE_CURVE_WITH_KNOTS('',1,(#1218,#1219),.UNSPECIFIED.,.F.,
  .F.,(2,2),(-1.952404228304,-3.330669073875E-15),
  .PIECEWISE_BEZIER_KNOTS.);
#1218 = CARTESIAN_POINT('',(464.5,-354.7502471161,1.342903566126E-11));
#1219 = CARTESIAN_POINT('',(464.5,-355.9999999999,-1.499999999987));
#1220 = ORIENTED_EDGE('',*,*,#505,.F.);
#1221 = ORIENTED_EDGE('',*,*,#1216,.F.);
#1222 = CONICAL_SURFACE('',#1223,6.,0.694641042294);
#1223 = AXIS2_PLACEMENT_3D('',#1224,#1225,#1226);
#1224 = CARTESIAN_POINT('',(464.5,-349.9999999999,-1.499999999987));
#1225 = DIRECTION('',(-0.,1.891828286918E-32,-1.));
#1226 = DIRECTION('',(0.,-1.,-1.891828286918E-32));
#1227 = ADVANCED_FACE('',(#1228),#1238,.F.);
#1228 = FACE_BOUND('',#1229,.F.);
#1229 = EDGE_LOOP('',(#1230,#1231,#1236,#1237));
#1230 = ORIENTED_EDGE('',*,*,#628,.T.);
#1231 = ORIENTED_EDGE('',*,*,#1232,.T.);
#1232 = EDGE_CURVE('',#629,#495,#1233,.T.);
#1233 = B_SPLINE_CURVE_WITH_KNOTS('',1,(#1234,#1235),.UNSPECIFIED.,.F.,
  .F.,(2,2),(-1.952404228304,-3.330669073875E-15),
  .PIECEWISE_BEZIER_KNOTS.);
#1234 = CARTESIAN_POINT('',(-464.5,-345.2497528838,1.342903566126E-11));
#1235 = CARTESIAN_POINT('',(-464.5,-343.9999999999,-1.499999999987));
#1236 = ORIENTED_EDGE('',*,*,#494,.F.);
#1237 = ORIENTED_EDGE('',*,*,#1232,.F.);
#1238 = CONICAL_SURFACE('',#1239,6.,0.694641042294);
#1239 = AXIS2_PLACEMENT_3D('',#1240,#1241,#1242);
#1240 = CARTESIAN_POINT('',(-464.5,-349.9999999999,-1.499999999987));
#1241 = DIRECTION('',(-0.,1.891828286918E-32,-1.));
#1242 = DIRECTION('',(0.,1.,1.891828286918E-32));
#1243 = ADVANCED_FACE('',(#1244),#1255,.F.);
#1244 = FACE_BOUND('',#1245,.F.);
#1245 = EDGE_LOOP('',(#1246,#1247,#1252,#1253,#1254));
#1246 = ORIENTED_EDGE('',*,*,#619,.F.);
#1247 = ORIENTED_EDGE('',*,*,#1248,.T.);
#1248 = EDGE_CURVE('',#611,#484,#1249,.T.);
#1249 = B_SPLINE_CURVE_WITH_KNOTS('',1,(#1250,#1251),.UNSPECIFIED.,.F.,
  .F.,(2,2),(-1.952404228304,-3.330669073875E-15),
  .PIECEWISE_BEZIER_KNOTS.);
#1250 = CARTESIAN_POINT('',(464.5,354.75024711614,1.342903566126E-11));
#1251 = CARTESIAN_POINT('',(464.5,355.99999999999,-1.499999999987));
#1252 = ORIENTED_EDGE('',*,*,#483,.T.);
#1253 = ORIENTED_EDGE('',*,*,#1248,.F.);
#1254 = ORIENTED_EDGE('',*,*,#608,.F.);
#1255 = CONICAL_SURFACE('',#1256,6.,0.694641042294);
#1256 = AXIS2_PLACEMENT_3D('',#1257,#1258,#1259);
#1257 = CARTESIAN_POINT('',(464.5,349.99999999999,-1.499999999987));
#1258 = DIRECTION('',(-0.,-1.891828286918E-32,-1.));
#1259 = DIRECTION('',(0.,1.,-1.891828286918E-32));
#1260 = ADVANCED_FACE('',(#1261),#1272,.F.);
#1261 = FACE_BOUND('',#1262,.F.);
#1262 = EDGE_LOOP('',(#1263,#1264,#1269,#1270,#1271));
#1263 = ORIENTED_EDGE('',*,*,#599,.F.);
#1264 = ORIENTED_EDGE('',*,*,#1265,.T.);
#1265 = EDGE_CURVE('',#591,#473,#1266,.T.);
#1266 = B_SPLINE_CURVE_WITH_KNOTS('',1,(#1267,#1268),.UNSPECIFIED.,.F.,
  .F.,(2,2),(-1.952404228304,-3.330669073875E-15),
  .PIECEWISE_BEZIER_KNOTS.);
#1267 = CARTESIAN_POINT('',(-464.5,345.24975288384,1.342903566126E-11));
#1268 = CARTESIAN_POINT('',(-464.5,343.99999999999,-1.499999999987));
#1269 = ORIENTED_EDGE('',*,*,#472,.T.);
#1270 = ORIENTED_EDGE('',*,*,#1265,.F.);
#1271 = ORIENTED_EDGE('',*,*,#588,.F.);
#1272 = CONICAL_SURFACE('',#1273,6.,0.694641042294);
#1273 = AXIS2_PLACEMENT_3D('',#1274,#1275,#1276);
#1274 = CARTESIAN_POINT('',(-464.5,349.99999999999,-1.499999999987));
#1275 = DIRECTION('',(-0.,-1.891828286918E-32,-1.));
#1276 = DIRECTION('',(0.,-1.,1.891828286918E-32));
#1277 = ( GEOMETRIC_REPRESENTATION_CONTEXT(3) 
GLOBAL_UNCERTAINTY_ASSIGNED_CONTEXT((#1281)) 
GLOBAL_UNIT_ASSIGNED_CONTEXT((#1278,#1279,#1280)) REPRESENTATION_CONTEXT
('Context #1','3D Context with UNIT and UNCERTAINTY') );
#1278 = ( LENGTH_UNIT() NAMED_UNIT(*) SI_UNIT(.MILLI.,.METRE.) );
#1279 = ( NAMED_UNIT(*) PLANE_ANGLE_UNIT() SI_UNIT($,.RADIAN.) );
#1280 = ( NAMED_UNIT(*) SI_UNIT($,.STERADIAN.) SOLID_ANGLE_UNIT() );
#1281 = UNCERTAINTY_MEASURE_WITH_UNIT(LENGTH_MEASURE(1.E-06),#1278,
  'distance_accuracy_value','confusion accuracy');
#1282 = CONTEXT_DEPENDENT_SHAPE_REPRESENTATION(#1283,#1285);
#1283 = ( REPRESENTATION_RELATIONSHIP('','',#162,#123) 
REPRESENTATION_RELATIONSHIP_WITH_TRANSFORMATION(#1284) 
SHAPE_REPRESENTATION_RELATIONSHIP() );
#1284 = ITEM_DEFINED_TRANSFORMATION('','',#11,#124);
#1285 = PRODUCT_DEFINITION_SHAPE('Placement','Placement of an item',
  #1286);
#1286 = NEXT_ASSEMBLY_USAGE_OCCURRENCE('1','Solid1','',#118,#157,$);
#1287 = PRODUCT_RELATED_PRODUCT_CATEGORY('part',$,(#159));
#1288 = SHAPE_DEFINITION_REPRESENTATION(#1289,#1295);
#1289 = PRODUCT_DEFINITION_SHAPE('','',#1290);
#1290 = PRODUCT_DEFINITION('design','',#1291,#1294);
#1291 = PRODUCT_DEFINITION_FORMATION('','',#1292);
#1292 = PRODUCT('Solid2','Solid2','',(#1293));
#1293 = PRODUCT_CONTEXT('',#2,'mechanical');
#1294 = PRODUCT_DEFINITION_CONTEXT('part definition',#2,'design');
#1295 = ADVANCED_BREP_SHAPE_REPRESENTATION('',(#11,#1296),#1416);
#1296 = MANIFOLD_SOLID_BREP('',#1297);
#1297 = CLOSED_SHELL('',(#1298,#1330,#1347,#1379,#1388,#1400));
#1298 = ADVANCED_FACE('',(#1299),#1325,.T.);
#1299 = FACE_BOUND('',#1300,.T.);
#1300 = EDGE_LOOP('',(#1301,#1310,#1317,#1324));
#1301 = ORIENTED_EDGE('',*,*,#1302,.T.);
#1302 = EDGE_CURVE('',#1303,#1303,#1305,.T.);
#1303 = VERTEX_POINT('',#1304);
#1304 = CARTESIAN_POINT('',(3.,0.,0.5));
#1305 = CIRCLE('',#1306,3.);
#1306 = AXIS2_PLACEMENT_3D('',#1307,#1308,#1309);
#1307 = CARTESIAN_POINT('',(0.,0.,0.5));
#1308 = DIRECTION('',(0.,-0.,1.));
#1309 = DIRECTION('',(1.,0.,0.));
#1310 = ORIENTED_EDGE('',*,*,#1311,.F.);
#1311 = EDGE_CURVE('',#1312,#1303,#1314,.T.);
#1312 = VERTEX_POINT('',#1313);
#1313 = CARTESIAN_POINT('',(3.,0.,11.));
#1314 = B_SPLINE_CURVE_WITH_KNOTS('',1,(#1315,#1316),.UNSPECIFIED.,.F.,
  .F.,(2,2),(0.,10.5),.PIECEWISE_BEZIER_KNOTS.);
#1315 = CARTESIAN_POINT('',(3.,1.102182119233E-15,11.));
#1316 = CARTESIAN_POINT('',(3.,1.102182119233E-15,0.5));
#1317 = ORIENTED_EDGE('',*,*,#1318,.F.);
#1318 = EDGE_CURVE('',#1312,#1312,#1319,.T.);
#1319 = CIRCLE('',#1320,3.);
#1320 = AXIS2_PLACEMENT_3D('',#1321,#1322,#1323);
#1321 = CARTESIAN_POINT('',(0.,0.,11.));
#1322 = DIRECTION('',(0.,0.,1.));
#1323 = DIRECTION('',(1.,0.,-0.));
#1324 = ORIENTED_EDGE('',*,*,#1311,.T.);
#1325 = CYLINDRICAL_SURFACE('',#1326,3.);
#1326 = AXIS2_PLACEMENT_3D('',#1327,#1328,#1329);
#1327 = CARTESIAN_POINT('',(0.,0.,11.));
#1328 = DIRECTION('',(-0.,-0.,-1.));
#1329 = DIRECTION('',(-1.,0.,0.));
#1330 = ADVANCED_FACE('',(#1331),#1342,.F.);
#1331 = FACE_BOUND('',#1332,.T.);
#1332 = EDGE_LOOP('',(#1333));
#1333 = ORIENTED_EDGE('',*,*,#1334,.T.);
#1334 = EDGE_CURVE('',#1335,#1335,#1337,.T.);
#1335 = VERTEX_POINT('',#1336);
#1336 = CARTESIAN_POINT('',(2.5,0.,0.));
#1337 = CIRCLE('',#1338,2.5);
#1338 = AXIS2_PLACEMENT_3D('',#1339,#1340,#1341);
#1339 = CARTESIAN_POINT('',(0.,0.,0.));
#1340 = DIRECTION('',(0.,0.,-1.));
#1341 = DIRECTION('',(1.,0.,0.));
#1342 = PLANE('',#1343);
#1343 = AXIS2_PLACEMENT_3D('',#1344,#1345,#1346);
#1344 = CARTESIAN_POINT('',(0.,0.,0.));
#1345 = DIRECTION('',(0.,0.,1.));
#1346 = DIRECTION('',(1.,0.,-0.));
#1347 = ADVANCED_FACE('',(#1348),#1374,.T.);
#1348 = FACE_BOUND('',#1349,.T.);
#1349 = EDGE_LOOP('',(#1350,#1359,#1366,#1373));
#1350 = ORIENTED_EDGE('',*,*,#1351,.F.);
#1351 = EDGE_CURVE('',#1352,#1352,#1354,.T.);
#1352 = VERTEX_POINT('',#1353);
#1353 = CARTESIAN_POINT('',(3.75,0.,12.));
#1354 = CIRCLE('',#1355,3.75);
#1355 = AXIS2_PLACEMENT_3D('',#1356,#1357,#1358);
#1356 = CARTESIAN_POINT('',(0.,0.,12.));
#1357 = DIRECTION('',(0.,0.,1.));
#1358 = DIRECTION('',(1.,0.,-0.));
#1359 = ORIENTED_EDGE('',*,*,#1360,.T.);
#1360 = EDGE_CURVE('',#1352,#1361,#1363,.T.);
#1361 = VERTEX_POINT('',#1362);
#1362 = CARTESIAN_POINT('',(3.75,0.,11.));
#1363 = B_SPLINE_CURVE_WITH_KNOTS('',1,(#1364,#1365),.UNSPECIFIED.,.F.,
  .F.,(2,2),(0.,1.),.PIECEWISE_BEZIER_KNOTS.);
#1364 = CARTESIAN_POINT('',(3.75,4.592425496803E-16,12.));
#1365 = CARTESIAN_POINT('',(3.75,4.592425496803E-16,11.));
#1366 = ORIENTED_EDGE('',*,*,#1367,.T.);
#1367 = EDGE_CURVE('',#1361,#1361,#1368,.T.);
#1368 = CIRCLE('',#1369,3.75);
#1369 = AXIS2_PLACEMENT_3D('',#1370,#1371,#1372);
#1370 = CARTESIAN_POINT('',(0.,0.,11.));
#1371 = DIRECTION('',(0.,0.,1.));
#1372 = DIRECTION('',(1.,0.,-0.));
#1373 = ORIENTED_EDGE('',*,*,#1360,.F.);
#1374 = CYLINDRICAL_SURFACE('',#1375,3.75);
#1375 = AXIS2_PLACEMENT_3D('',#1376,#1377,#1378);
#1376 = CARTESIAN_POINT('',(0.,0.,12.));
#1377 = DIRECTION('',(-0.,-0.,-1.));
#1378 = DIRECTION('',(-1.,0.,0.));
#1379 = ADVANCED_FACE('',(#1380),#1383,.T.);
#1380 = FACE_BOUND('',#1381,.T.);
#1381 = EDGE_LOOP('',(#1382));
#1382 = ORIENTED_EDGE('',*,*,#1351,.T.);
#1383 = PLANE('',#1384);
#1384 = AXIS2_PLACEMENT_3D('',#1385,#1386,#1387);
#1385 = CARTESIAN_POINT('',(0.,0.,12.));
#1386 = DIRECTION('',(0.,0.,1.));
#1387 = DIRECTION('',(1.,0.,-0.));
#1388 = ADVANCED_FACE('',(#1389,#1392),#1395,.F.);
#1389 = FACE_BOUND('',#1390,.T.);
#1390 = EDGE_LOOP('',(#1391));
#1391 = ORIENTED_EDGE('',*,*,#1318,.T.);
#1392 = FACE_BOUND('',#1393,.T.);
#1393 = EDGE_LOOP('',(#1394));
#1394 = ORIENTED_EDGE('',*,*,#1367,.F.);
#1395 = PLANE('',#1396);
#1396 = AXIS2_PLACEMENT_3D('',#1397,#1398,#1399);
#1397 = CARTESIAN_POINT('',(0.,0.,11.));
#1398 = DIRECTION('',(0.,0.,1.));
#1399 = DIRECTION('',(1.,0.,-0.));
#1400 = ADVANCED_FACE('',(#1401),#1411,.T.);
#1401 = FACE_BOUND('',#1402,.T.);
#1402 = EDGE_LOOP('',(#1403,#1404,#1409,#1410));
#1403 = ORIENTED_EDGE('',*,*,#1334,.F.);
#1404 = ORIENTED_EDGE('',*,*,#1405,.T.);
#1405 = EDGE_CURVE('',#1335,#1303,#1406,.T.);
#1406 = B_SPLINE_CURVE_WITH_KNOTS('',1,(#1407,#1408),.UNSPECIFIED.,.F.,
  .F.,(2,2),(-0.707106781187,0.),.PIECEWISE_BEZIER_KNOTS.);
#1407 = CARTESIAN_POINT('',(2.5,0.,0.));
#1408 = CARTESIAN_POINT('',(3.,0.,0.5));
#1409 = ORIENTED_EDGE('',*,*,#1302,.F.);
#1410 = ORIENTED_EDGE('',*,*,#1405,.F.);
#1411 = CONICAL_SURFACE('',#1412,3.,0.785398163397);
#1412 = AXIS2_PLACEMENT_3D('',#1413,#1414,#1415);
#1413 = CARTESIAN_POINT('',(0.,0.,0.5));
#1414 = DIRECTION('',(-0.,-0.,1.));
#1415 = DIRECTION('',(1.,0.,0.));
#1416 = ( GEOMETRIC_REPRESENTATION_CONTEXT(3) 
GLOBAL_UNCERTAINTY_ASSIGNED_CONTEXT((#1420)) 
GLOBAL_UNIT_ASSIGNED_CONTEXT((#1417,#1418,#1419)) REPRESENTATION_CONTEXT
('Context #1','3D Context with UNIT and UNCERTAINTY') );
#1417 = ( LENGTH_UNIT() NAMED_UNIT(*) SI_UNIT(.MILLI.,.METRE.) );
#1418 = ( NAMED_UNIT(*) PLANE_ANGLE_UNIT() SI_UNIT($,.RADIAN.) );
#1419 = ( NAMED_UNIT(*) SI_UNIT($,.STERADIAN.) SOLID_ANGLE_UNIT() );
#1420 = UNCERTAINTY_MEASURE_WITH_UNIT(LENGTH_MEASURE(1.E-05),#1417,
  'distance_accuracy_value','confusion accuracy');
#1421 = CONTEXT_DEPENDENT_SHAPE_REPRESENTATION(#1422,#1424);
#1422 = ( REPRESENTATION_RELATIONSHIP('','',#1295,#123) 
REPRESENTATION_RELATIONSHIP_WITH_TRANSFORMATION(#1423) 
SHAPE_REPRESENTATION_RELATIONSHIP() );
#1423 = ITEM_DEFINED_TRANSFORMATION('','',#11,#128);
#1424 = PRODUCT_DEFINITION_SHAPE('Placement','Placement of an item',
  #1425);
#1425 = NEXT_ASSEMBLY_USAGE_OCCURRENCE('2','Solid2','',#118,#1290,$);
#1426 = PRODUCT_RELATED_PRODUCT_CATEGORY('part',$,(#1292));
#1427 = CONTEXT_DEPENDENT_SHAPE_REPRESENTATION(#1428,#1430);
#1428 = ( REPRESENTATION_RELATIONSHIP('','',#1295,#123) 
REPRESENTATION_RELATIONSHIP_WITH_TRANSFORMATION(#1429) 
SHAPE_REPRESENTATION_RELATIONSHIP() );
#1429 = ITEM_DEFINED_TRANSFORMATION('','',#11,#132);
#1430 = PRODUCT_DEFINITION_SHAPE('Placement','Placement of an item',
  #1431);
#1431 = NEXT_ASSEMBLY_USAGE_OCCURRENCE('3','Solid2','',#118,#1290,$);
#1432 = CONTEXT_DEPENDENT_SHAPE_REPRESENTATION(#1433,#1435);
#1433 = ( REPRESENTATION_RELATIONSHIP('','',#1295,#123) 
REPRESENTATION_RELATIONSHIP_WITH_TRANSFORMATION(#1434) 
SHAPE_REPRESENTATION_RELATIONSHIP() );
#1434 = ITEM_DEFINED_TRANSFORMATION('','',#11,#136);
#1435 = PRODUCT_DEFINITION_SHAPE('Placement','Placement of an item',
  #1436);
#1436 = NEXT_ASSEMBLY_USAGE_OCCURRENCE('4','Solid2','',#118,#1290,$);
#1437 = CONTEXT_DEPENDENT_SHAPE_REPRESENTATION(#1438,#1440);
#1438 = ( REPRESENTATION_RELATIONSHIP('','',#1295,#123) 
REPRESENTATION_RELATIONSHIP_WITH_TRANSFORMATION(#1439) 
SHAPE_REPRESENTATION_RELATIONSHIP() );
#1439 = ITEM_DEFINED_TRANSFORMATION('','',#11,#140);
#1440 = PRODUCT_DEFINITION_SHAPE('Placement','Placement of an item',
  #1441);
#1441 = NEXT_ASSEMBLY_USAGE_OCCURRENCE('5','Solid2','',#118,#1290,$);
#1442 = SHAPE_DEFINITION_REPRESENTATION(#1443,#1449);
#1443 = PRODUCT_DEFINITION_SHAPE('','',#1444);
#1444 = PRODUCT_DEFINITION('design','',#1445,#1448);
#1445 = PRODUCT_DEFINITION_FORMATION('','',#1446);
#1446 = PRODUCT('Solid3','Solid3','',(#1447));
#1447 = PRODUCT_CONTEXT('',#2,'mechanical');
#1448 = PRODUCT_DEFINITION_CONTEXT('part definition',#2,'design');
#1449 = ADVANCED_BREP_SHAPE_REPRESENTATION('',(#11,#1450),#1746);
#1450 = MANIFOLD_SOLID_BREP('',#1451);
#1451 = CLOSED_SHELL('',(#1452,#1509,#1541,#1566,#1598,#1623,#1655,#1702
    ,#1734));
#1452 = ADVANCED_FACE('',(#1453),#1482,.T.);
#1453 = FACE_BOUND('',#1454,.T.);
#1454 = EDGE_LOOP('',(#1455,#1466,#1475));
#1455 = ORIENTED_EDGE('',*,*,#1456,.T.);
#1456 = EDGE_CURVE('',#1457,#1459,#1461,.T.);
#1457 = VERTEX_POINT('',#1458);
#1458 = CARTESIAN_POINT('',(444.5,-459.5,0.));
#1459 = VERTEX_POINT('',#1460);
#1460 = CARTESIAN_POINT('',(459.5,-444.5,0.));
#1461 = CIRCLE('',#1462,15.);
#1462 = AXIS2_PLACEMENT_3D('',#1463,#1464,#1465);
#1463 = CARTESIAN_POINT('',(444.5,-444.5,0.));
#1464 = DIRECTION('',(0.,0.,1.));
#1465 = DIRECTION('',(0.,-1.,0.));
#1466 = ORIENTED_EDGE('',*,*,#1467,.F.);
#1467 = EDGE_CURVE('',#1468,#1459,#1470,.T.);
#1468 = VERTEX_POINT('',#1469);
#1469 = CARTESIAN_POINT('',(444.5,-444.5,0.));
#1470 = CIRCLE('',#1471,7.5);
#1471 = AXIS2_PLACEMENT_3D('',#1472,#1473,#1474);
#1472 = CARTESIAN_POINT('',(452.,-444.5,0.));
#1473 = DIRECTION('',(0.,1.,0.));
#1474 = DIRECTION('',(0.,-0.,1.));
#1475 = ORIENTED_EDGE('',*,*,#1476,.T.);
#1476 = EDGE_CURVE('',#1468,#1457,#1477,.T.);
#1477 = CIRCLE('',#1478,7.5);
#1478 = AXIS2_PLACEMENT_3D('',#1479,#1480,#1481);
#1479 = CARTESIAN_POINT('',(444.5,-452.,0.));
#1480 = DIRECTION('',(1.,0.,-0.));
#1481 = DIRECTION('',(0.,0.,1.));
#1482 = SURFACE_OF_REVOLUTION('',#1483,#1506);
#1483 = B_SPLINE_CURVE_WITH_KNOTS('',6,(#1484,#1485,#1486,#1487,#1488,
    #1489,#1490,#1491,#1492,#1493,#1494,#1495,#1496,#1497,#1498,#1499,
    #1500,#1501,#1502,#1503,#1504,#1505),.UNSPECIFIED.,.F.,.F.,(7,5,5,5,
    7),(0.,0.785398163397,1.570796326795,2.356194490192,3.14159265359),
  .UNSPECIFIED.);
#1484 = CARTESIAN_POINT('',(459.5,-444.5,0.));
#1485 = CARTESIAN_POINT('',(459.5,-444.5,0.981747704247));
#1486 = CARTESIAN_POINT('',(459.34578803613,-444.4999999999,
    1.963493768706));
#1487 = CARTESIAN_POINT('',(459.03736009092,-444.5,2.914969992964));
#1488 = CARTESIAN_POINT('',(458.58265629218,-444.4999999999,
    3.805856774844));
#1489 = CARTESIAN_POINT('',(457.99750131798,-444.5,4.609100399812));
#1490 = CARTESIAN_POINT('',(456.60910039981,-444.4999999999,
    5.997501317986));
#1491 = CARTESIAN_POINT('',(455.80585677484,-444.5,6.582656292182));
#1492 = CARTESIAN_POINT('',(454.91496999296,-444.5,7.037360090925));
#1493 = CARTESIAN_POINT('',(453.9634937687,-444.4999999999,
    7.345788036139));
#1494 = CARTESIAN_POINT('',(452.98174770424,-444.5,7.5));
#1495 = CARTESIAN_POINT('',(451.01825229575,-444.5,7.5));
#1496 = CARTESIAN_POINT('',(450.03650623129,-444.4999999999,
    7.345788036139));
#1497 = CARTESIAN_POINT('',(449.08503000704,-444.5,7.037360090925));
#1498 = CARTESIAN_POINT('',(448.19414322515,-444.4999999999,
    6.582656292182));
#1499 = CARTESIAN_POINT('',(447.39089960018,-444.5,5.997501317986));
#1500 = CARTESIAN_POINT('',(446.00249868201,-444.4999999999,
    4.609100399812));
#1501 = CARTESIAN_POINT('',(445.41734370781,-444.5,3.805856774844));
#1502 = CARTESIAN_POINT('',(444.96263990907,-444.4999999999,
    2.914969992964));
#1503 = CARTESIAN_POINT('',(444.65421196386,-444.5,1.963493768706));
#1504 = CARTESIAN_POINT('',(444.5,-444.4999999999,0.981747704247));
#1505 = CARTESIAN_POINT('',(444.5,-444.5,8.881784197001E-16));
#1506 = AXIS1_PLACEMENT('',#1507,#1508);
#1507 = CARTESIAN_POINT('',(444.5,-444.5,0.));
#1508 = DIRECTION('',(0.,0.,1.));
#1509 = ADVANCED_FACE('',(#1510),#1536,.T.);
#1510 = FACE_BOUND('',#1511,.T.);
#1511 = EDGE_LOOP('',(#1512,#1520,#1521,#1529));
#1512 = ORIENTED_EDGE('',*,*,#1513,.T.);
#1513 = EDGE_CURVE('',#1514,#1457,#1516,.T.);
#1514 = VERTEX_POINT('',#1515);
#1515 = CARTESIAN_POINT('',(-444.5,-459.5,0.));
#1516 = LINE('',#1517,#1518);
#1517 = CARTESIAN_POINT('',(-444.5,-459.5,0.));
#1518 = VECTOR('',#1519,1.);
#1519 = DIRECTION('',(1.,0.,0.));
#1520 = ORIENTED_EDGE('',*,*,#1476,.F.);
#1521 = ORIENTED_EDGE('',*,*,#1522,.F.);
#1522 = EDGE_CURVE('',#1523,#1468,#1525,.T.);
#1523 = VERTEX_POINT('',#1524);
#1524 = CARTESIAN_POINT('',(-444.5,-444.5,0.));
#1525 = LINE('',#1526,#1527);
#1526 = CARTESIAN_POINT('',(-444.5,-444.5,0.));
#1527 = VECTOR('',#1528,1.);
#1528 = DIRECTION('',(1.,0.,0.));
#1529 = ORIENTED_EDGE('',*,*,#1530,.T.);
#1530 = EDGE_CURVE('',#1523,#1514,#1531,.T.);
#1531 = CIRCLE('',#1532,7.5);
#1532 = AXIS2_PLACEMENT_3D('',#1533,#1534,#1535);
#1533 = CARTESIAN_POINT('',(-444.5,-452.,0.));
#1534 = DIRECTION('',(1.,-7.401486830834E-15,0.));
#1535 = DIRECTION('',(0.,0.,1.));
#1536 = CYLINDRICAL_SURFACE('',#1537,7.5);
#1537 = AXIS2_PLACEMENT_3D('',#1538,#1539,#1540);
#1538 = CARTESIAN_POINT('',(-444.5,-452.,0.));
#1539 = DIRECTION('',(1.,0.,0.));
#1540 = DIRECTION('',(0.,0.,-1.));
#1541 = ADVANCED_FACE('',(#1542),#1561,.T.);
#1542 = FACE_BOUND('',#1543,.T.);
#1543 = EDGE_LOOP('',(#1544,#1553,#1554));
#1544 = ORIENTED_EDGE('',*,*,#1545,.T.);
#1545 = EDGE_CURVE('',#1546,#1514,#1548,.T.);
#1546 = VERTEX_POINT('',#1547);
#1547 = CARTESIAN_POINT('',(-459.5,-444.5,0.));
#1548 = CIRCLE('',#1549,15.);
#1549 = AXIS2_PLACEMENT_3D('',#1550,#1551,#1552);
#1550 = CARTESIAN_POINT('',(-444.5,-444.5,0.));
#1551 = DIRECTION('',(0.,0.,1.));
#1552 = DIRECTION('',(-1.,7.401486830834E-15,0.));
#1553 = ORIENTED_EDGE('',*,*,#1530,.F.);
#1554 = ORIENTED_EDGE('',*,*,#1555,.T.);
#1555 = EDGE_CURVE('',#1523,#1546,#1556,.T.);
#1556 = CIRCLE('',#1557,7.5);
#1557 = AXIS2_PLACEMENT_3D('',#1558,#1559,#1560);
#1558 = CARTESIAN_POINT('',(-452.,-444.5,0.));
#1559 = DIRECTION('',(0.,-1.,0.));
#1560 = DIRECTION('',(0.,0.,1.));
#1561 = TOROIDAL_SURFACE('',#1562,7.5,7.5);
#1562 = AXIS2_PLACEMENT_3D('',#1563,#1564,#1565);
#1563 = CARTESIAN_POINT('',(-444.5,-444.5,0.));
#1564 = DIRECTION('',(0.,0.,1.));
#1565 = DIRECTION('',(1.,0.,-0.));
#1566 = ADVANCED_FACE('',(#1567),#1593,.T.);
#1567 = FACE_BOUND('',#1568,.T.);
#1568 = EDGE_LOOP('',(#1569,#1577,#1578,#1586));
#1569 = ORIENTED_EDGE('',*,*,#1570,.T.);
#1570 = EDGE_CURVE('',#1571,#1546,#1573,.T.);
#1571 = VERTEX_POINT('',#1572);
#1572 = CARTESIAN_POINT('',(-459.5,444.5,0.));
#1573 = LINE('',#1574,#1575);
#1574 = CARTESIAN_POINT('',(-459.5,444.5,0.));
#1575 = VECTOR('',#1576,1.);
#1576 = DIRECTION('',(-0.,-1.,-0.));
#1577 = ORIENTED_EDGE('',*,*,#1555,.F.);
#1578 = ORIENTED_EDGE('',*,*,#1579,.F.);
#1579 = EDGE_CURVE('',#1580,#1523,#1582,.T.);
#1580 = VERTEX_POINT('',#1581);
#1581 = CARTESIAN_POINT('',(-444.5,444.5,0.));
#1582 = LINE('',#1583,#1584);
#1583 = CARTESIAN_POINT('',(-444.5,444.5,0.));
#1584 = VECTOR('',#1585,1.);
#1585 = DIRECTION('',(-0.,-1.,-0.));
#1586 = ORIENTED_EDGE('',*,*,#1587,.T.);
#1587 = EDGE_CURVE('',#1580,#1571,#1588,.T.);
#1588 = CIRCLE('',#1589,7.5);
#1589 = AXIS2_PLACEMENT_3D('',#1590,#1591,#1592);
#1590 = CARTESIAN_POINT('',(-452.,444.5,0.));
#1591 = DIRECTION('',(-7.401486830834E-15,-1.,0.));
#1592 = DIRECTION('',(0.,0.,1.));
#1593 = CYLINDRICAL_SURFACE('',#1594,7.5);
#1594 = AXIS2_PLACEMENT_3D('',#1595,#1596,#1597);
#1595 = CARTESIAN_POINT('',(-452.,444.5,0.));
#1596 = DIRECTION('',(-0.,-1.,-0.));
#1597 = DIRECTION('',(0.,0.,-1.));
#1598 = ADVANCED_FACE('',(#1599),#1618,.T.);
#1599 = FACE_BOUND('',#1600,.T.);
#1600 = EDGE_LOOP('',(#1601,#1610,#1611));
#1601 = ORIENTED_EDGE('',*,*,#1602,.T.);
#1602 = EDGE_CURVE('',#1603,#1571,#1605,.T.);
#1603 = VERTEX_POINT('',#1604);
#1604 = CARTESIAN_POINT('',(-444.5,459.5,0.));
#1605 = CIRCLE('',#1606,15.);
#1606 = AXIS2_PLACEMENT_3D('',#1607,#1608,#1609);
#1607 = CARTESIAN_POINT('',(-444.5,444.5,0.));
#1608 = DIRECTION('',(0.,0.,1.));
#1609 = DIRECTION('',(-7.401486830834E-15,1.,0.));
#1610 = ORIENTED_EDGE('',*,*,#1587,.F.);
#1611 = ORIENTED_EDGE('',*,*,#1612,.T.);
#1612 = EDGE_CURVE('',#1580,#1603,#1613,.T.);
#1613 = CIRCLE('',#1614,7.5);
#1614 = AXIS2_PLACEMENT_3D('',#1615,#1616,#1617);
#1615 = CARTESIAN_POINT('',(-444.5,452.,0.));
#1616 = DIRECTION('',(-1.,0.,0.));
#1617 = DIRECTION('',(0.,0.,1.));
#1618 = TOROIDAL_SURFACE('',#1619,7.5,7.5);
#1619 = AXIS2_PLACEMENT_3D('',#1620,#1621,#1622);
#1620 = CARTESIAN_POINT('',(-444.5,444.5,0.));
#1621 = DIRECTION('',(0.,0.,1.));
#1622 = DIRECTION('',(1.,0.,-0.));
#1623 = ADVANCED_FACE('',(#1624),#1650,.T.);
#1624 = FACE_BOUND('',#1625,.T.);
#1625 = EDGE_LOOP('',(#1626,#1634,#1635,#1643));
#1626 = ORIENTED_EDGE('',*,*,#1627,.T.);
#1627 = EDGE_CURVE('',#1628,#1603,#1630,.T.);
#1628 = VERTEX_POINT('',#1629);
#1629 = CARTESIAN_POINT('',(444.5,459.5,0.));
#1630 = LINE('',#1631,#1632);
#1631 = CARTESIAN_POINT('',(444.5,459.5,0.));
#1632 = VECTOR('',#1633,1.);
#1633 = DIRECTION('',(-1.,-0.,-0.));
#1634 = ORIENTED_EDGE('',*,*,#1612,.F.);
#1635 = ORIENTED_EDGE('',*,*,#1636,.F.);
#1636 = EDGE_CURVE('',#1637,#1580,#1639,.T.);
#1637 = VERTEX_POINT('',#1638);
#1638 = CARTESIAN_POINT('',(444.5,444.49999999999,0.));
#1639 = LINE('',#1640,#1641);
#1640 = CARTESIAN_POINT('',(444.5,444.5,0.));
#1641 = VECTOR('',#1642,1.);
#1642 = DIRECTION('',(-1.,-0.,-0.));
#1643 = ORIENTED_EDGE('',*,*,#1644,.T.);
#1644 = EDGE_CURVE('',#1637,#1628,#1645,.T.);
#1645 = CIRCLE('',#1646,7.5);
#1646 = AXIS2_PLACEMENT_3D('',#1647,#1648,#1649);
#1647 = CARTESIAN_POINT('',(444.5,452.,0.));
#1648 = DIRECTION('',(-1.,0.,0.));
#1649 = DIRECTION('',(0.,0.,1.));
#1650 = CYLINDRICAL_SURFACE('',#1651,7.5);
#1651 = AXIS2_PLACEMENT_3D('',#1652,#1653,#1654);
#1652 = CARTESIAN_POINT('',(444.5,452.,0.));
#1653 = DIRECTION('',(-1.,-0.,-0.));
#1654 = DIRECTION('',(-0.,0.,1.));
#1655 = ADVANCED_FACE('',(#1656),#1675,.T.);
#1656 = FACE_BOUND('',#1657,.T.);
#1657 = EDGE_LOOP('',(#1658,#1667,#1668));
#1658 = ORIENTED_EDGE('',*,*,#1659,.T.);
#1659 = EDGE_CURVE('',#1660,#1628,#1662,.T.);
#1660 = VERTEX_POINT('',#1661);
#1661 = CARTESIAN_POINT('',(459.5,444.5,0.));
#1662 = CIRCLE('',#1663,15.);
#1663 = AXIS2_PLACEMENT_3D('',#1664,#1665,#1666);
#1664 = CARTESIAN_POINT('',(444.5,444.5,0.));
#1665 = DIRECTION('',(0.,0.,1.));
#1666 = DIRECTION('',(1.,-2.183438615096E-13,0.));
#1667 = ORIENTED_EDGE('',*,*,#1644,.F.);
#1668 = ORIENTED_EDGE('',*,*,#1669,.T.);
#1669 = EDGE_CURVE('',#1637,#1660,#1670,.T.);
#1670 = CIRCLE('',#1671,7.5);
#1671 = AXIS2_PLACEMENT_3D('',#1672,#1673,#1674);
#1672 = CARTESIAN_POINT('',(452.,444.5,0.));
#1673 = DIRECTION('',(0.,1.,0.));
#1674 = DIRECTION('',(0.,-0.,1.));
#1675 = SURFACE_OF_REVOLUTION('',#1676,#1699);
#1676 = B_SPLINE_CURVE_WITH_KNOTS('',6,(#1677,#1678,#1679,#1680,#1681,
    #1682,#1683,#1684,#1685,#1686,#1687,#1688,#1689,#1690,#1691,#1692,
    #1693,#1694,#1695,#1696,#1697,#1698),.UNSPECIFIED.,.F.,.F.,(7,5,5,5,
    7),(0.,0.785398163397,1.570796326795,2.356194490192,3.14159265359),
  .UNSPECIFIED.);
#1677 = CARTESIAN_POINT('',(459.5,444.5,0.));
#1678 = CARTESIAN_POINT('',(459.5,444.5,0.981747704247));
#1679 = CARTESIAN_POINT('',(459.34578803613,444.49999999999,
    1.963493768706));
#1680 = CARTESIAN_POINT('',(459.03736009092,444.5,2.914969992964));
#1681 = CARTESIAN_POINT('',(458.58265629218,444.49999999999,
    3.805856774844));
#1682 = CARTESIAN_POINT('',(457.99750131798,444.5,4.609100399812));
#1683 = CARTESIAN_POINT('',(456.60910039981,444.49999999999,
    5.997501317986));
#1684 = CARTESIAN_POINT('',(455.80585677484,444.5,6.582656292182));
#1685 = CARTESIAN_POINT('',(454.91496999296,444.49999999999,
    7.037360090925));
#1686 = CARTESIAN_POINT('',(453.9634937687,444.5,7.345788036139));
#1687 = CARTESIAN_POINT('',(452.98174770424,444.5,7.5));
#1688 = CARTESIAN_POINT('',(451.01825229575,444.5,7.5));
#1689 = CARTESIAN_POINT('',(450.03650623129,444.49999999999,
    7.345788036139));
#1690 = CARTESIAN_POINT('',(449.08503000704,444.5,7.037360090925));
#1691 = CARTESIAN_POINT('',(448.19414322515,444.49999999999,
    6.582656292182));
#1692 = CARTESIAN_POINT('',(447.39089960018,444.5,5.997501317986));
#1693 = CARTESIAN_POINT('',(446.00249868201,444.49999999999,
    4.609100399812));
#1694 = CARTESIAN_POINT('',(445.41734370781,444.5,3.805856774844));
#1695 = CARTESIAN_POINT('',(444.96263990907,444.49999999999,
    2.914969992964));
#1696 = CARTESIAN_POINT('',(444.65421196386,444.5,1.963493768706));
#1697 = CARTESIAN_POINT('',(444.5,444.49999999999,0.981747704247));
#1698 = CARTESIAN_POINT('',(444.5,444.5,8.881784197001E-16));
#1699 = AXIS1_PLACEMENT('',#1700,#1701);
#1700 = CARTESIAN_POINT('',(444.5,444.5,0.));
#1701 = DIRECTION('',(0.,0.,1.));
#1702 = ADVANCED_FACE('',(#1703,#1714),#1729,.T.);
#1703 = FACE_BOUND('',#1704,.T.);
#1704 = EDGE_LOOP('',(#1705,#1706,#1712,#1713));
#1705 = ORIENTED_EDGE('',*,*,#1522,.T.);
#1706 = ORIENTED_EDGE('',*,*,#1707,.T.);
#1707 = EDGE_CURVE('',#1468,#1637,#1708,.T.);
#1708 = LINE('',#1709,#1710);
#1709 = CARTESIAN_POINT('',(444.5,0.,0.));
#1710 = VECTOR('',#1711,1.);
#1711 = DIRECTION('',(0.,1.,0.));
#1712 = ORIENTED_EDGE('',*,*,#1636,.T.);
#1713 = ORIENTED_EDGE('',*,*,#1579,.T.);
#1714 = FACE_BOUND('',#1715,.T.);
#1715 = EDGE_LOOP('',(#1716,#1722,#1723,#1724,#1725,#1726,#1727,#1728));
#1716 = ORIENTED_EDGE('',*,*,#1717,.F.);
#1717 = EDGE_CURVE('',#1459,#1660,#1718,.T.);
#1718 = LINE('',#1719,#1720);
#1719 = CARTESIAN_POINT('',(459.5,0.,0.));
#1720 = VECTOR('',#1721,1.);
#1721 = DIRECTION('',(0.,1.,0.));
#1722 = ORIENTED_EDGE('',*,*,#1456,.F.);
#1723 = ORIENTED_EDGE('',*,*,#1513,.F.);
#1724 = ORIENTED_EDGE('',*,*,#1545,.F.);
#1725 = ORIENTED_EDGE('',*,*,#1570,.F.);
#1726 = ORIENTED_EDGE('',*,*,#1602,.F.);
#1727 = ORIENTED_EDGE('',*,*,#1627,.F.);
#1728 = ORIENTED_EDGE('',*,*,#1659,.F.);
#1729 = PLANE('',#1730);
#1730 = AXIS2_PLACEMENT_3D('',#1731,#1732,#1733);
#1731 = CARTESIAN_POINT('',(444.5,0.,0.));
#1732 = DIRECTION('',(0.,0.,-1.));
#1733 = DIRECTION('',(-1.,0.,-0.));
#1734 = ADVANCED_FACE('',(#1735),#1741,.T.);
#1735 = FACE_BOUND('',#1736,.T.);
#1736 = EDGE_LOOP('',(#1737,#1738,#1739,#1740));
#1737 = ORIENTED_EDGE('',*,*,#1467,.T.);
#1738 = ORIENTED_EDGE('',*,*,#1717,.T.);
#1739 = ORIENTED_EDGE('',*,*,#1669,.F.);
#1740 = ORIENTED_EDGE('',*,*,#1707,.F.);
#1741 = CYLINDRICAL_SURFACE('',#1742,7.5);
#1742 = AXIS2_PLACEMENT_3D('',#1743,#1744,#1745);
#1743 = CARTESIAN_POINT('',(452.,-444.5,0.));
#1744 = DIRECTION('',(0.,1.,0.));
#1745 = DIRECTION('',(0.,-0.,1.));
#1746 = ( GEOMETRIC_REPRESENTATION_CONTEXT(3) 
GLOBAL_UNCERTAINTY_ASSIGNED_CONTEXT((#1750)) 
GLOBAL_UNIT_ASSIGNED_CONTEXT((#1747,#1748,#1749)) REPRESENTATION_CONTEXT
('Context #1','3D Context with UNIT and UNCERTAINTY') );
#1747 = ( LENGTH_UNIT() NAMED_UNIT(*) SI_UNIT(.MILLI.,.METRE.) );
#1748 = ( NAMED_UNIT(*) PLANE_ANGLE_UNIT() SI_UNIT($,.RADIAN.) );
#1749 = ( NAMED_UNIT(*) SI_UNIT($,.STERADIAN.) SOLID_ANGLE_UNIT() );
#1750 = UNCERTAINTY_MEASURE_WITH_UNIT(LENGTH_MEASURE(1.E-07),#1747,
  'distance_accuracy_value','confusion accuracy');
#1751 = CONTEXT_DEPENDENT_SHAPE_REPRESENTATION(#1752,#1754);
#1752 = ( REPRESENTATION_RELATIONSHIP('','',#1449,#96) 
REPRESENTATION_RELATIONSHIP_WITH_TRANSFORMATION(#1753) 
SHAPE_REPRESENTATION_RELATIONSHIP() );
#1753 = ITEM_DEFINED_TRANSFORMATION('','',#11,#101);
#1754 = PRODUCT_DEFINITION_SHAPE('Placement','Placement of an item',
  #1755);
#1755 = NEXT_ASSEMBLY_USAGE_OCCURRENCE('7','Solid3','',#91,#1444,$);
#1756 = PRODUCT_RELATED_PRODUCT_CATEGORY('part',$,(#1446));
#1757 = SHAPE_DEFINITION_REPRESENTATION(#1758,#1764);
#1758 = PRODUCT_DEFINITION_SHAPE('','',#1759);
#1759 = PRODUCT_DEFINITION('design','',#1760,#1763);
#1760 = PRODUCT_DEFINITION_FORMATION('','',#1761);
#1761 = PRODUCT('Solid4','Solid4','',(#1762));
#1762 = PRODUCT_CONTEXT('',#2,'mechanical');
#1763 = PRODUCT_DEFINITION_CONTEXT('part definition',#2,'design');
#1764 = ADVANCED_BREP_SHAPE_REPRESENTATION('',(#11,#1765),#3210);
#1765 = MANIFOLD_SOLID_BREP('',#1766);
#1766 = CLOSED_SHELL('',(#1767,#1807,#1847,#1887,#2050,#2204,#2226,#2266
    ,#2299,#2321,#2350,#2390,#2519,#2536,#2660,#2672,#2689,#2706,#2725,
    #2749,#2766,#2778,#2803,#2827,#2845,#2870,#2890,#2914,#2934,#2958,
    #2974,#2998,#3014,#3031,#3048,#3060,#3077,#3094,#3106,#3123,#3140,
    #3152,#3169,#3186,#3198));
#1767 = ADVANCED_FACE('',(#1768),#1802,.T.);
#1768 = FACE_BOUND('',#1769,.T.);
#1769 = EDGE_LOOP('',(#1770,#1780,#1788,#1796));
#1770 = ORIENTED_EDGE('',*,*,#1771,.T.);
#1771 = EDGE_CURVE('',#1772,#1774,#1776,.T.);
#1772 = VERTEX_POINT('',#1773);
#1773 = CARTESIAN_POINT('',(-6.,-2.,-12.5));
#1774 = VERTEX_POINT('',#1775);
#1775 = CARTESIAN_POINT('',(-6.,0.,-12.5));
#1776 = LINE('',#1777,#1778);
#1777 = CARTESIAN_POINT('',(-6.,-10.,-12.5));
#1778 = VECTOR('',#1779,1.);
#1779 = DIRECTION('',(-0.,1.,-0.));
#1780 = ORIENTED_EDGE('',*,*,#1781,.F.);
#1781 = EDGE_CURVE('',#1782,#1774,#1784,.T.);
#1782 = VERTEX_POINT('',#1783);
#1783 = CARTESIAN_POINT('',(-3.5,0.,-12.5));
#1784 = LINE('',#1785,#1786);
#1785 = CARTESIAN_POINT('',(-18.,0.,-12.5));
#1786 = VECTOR('',#1787,1.);
#1787 = DIRECTION('',(-1.,-0.,-0.));
#1788 = ORIENTED_EDGE('',*,*,#1789,.T.);
#1789 = EDGE_CURVE('',#1782,#1790,#1792,.T.);
#1790 = VERTEX_POINT('',#1791);
#1791 = CARTESIAN_POINT('',(-3.5,-2.,-12.5));
#1792 = LINE('',#1793,#1794);
#1793 = CARTESIAN_POINT('',(-3.5,0.,-12.5));
#1794 = VECTOR('',#1795,1.);
#1795 = DIRECTION('',(0.,-1.,0.));
#1796 = ORIENTED_EDGE('',*,*,#1797,.T.);
#1797 = EDGE_CURVE('',#1790,#1772,#1798,.T.);
#1798 = LINE('',#1799,#1800);
#1799 = CARTESIAN_POINT('',(-18.,-2.,-12.5));
#1800 = VECTOR('',#1801,1.);
#1801 = DIRECTION('',(-1.,-0.,0.));
#1802 = PLANE('',#1803);
#1803 = AXIS2_PLACEMENT_3D('',#1804,#1805,#1806);
#1804 = CARTESIAN_POINT('',(-2.,-3.5,-12.5));
#1805 = DIRECTION('',(-0.,0.,-1.));
#1806 = DIRECTION('',(-1.,0.,0.));
#1807 = ADVANCED_FACE('',(#1808),#1842,.T.);
#1808 = FACE_BOUND('',#1809,.T.);
#1809 = EDGE_LOOP('',(#1810,#1820,#1828,#1836));
#1810 = ORIENTED_EDGE('',*,*,#1811,.F.);
#1811 = EDGE_CURVE('',#1812,#1814,#1816,.T.);
#1812 = VERTEX_POINT('',#1813);
#1813 = CARTESIAN_POINT('',(-10.,0.,12.5));
#1814 = VERTEX_POINT('',#1815);
#1815 = CARTESIAN_POINT('',(-10.,-2.,12.5));
#1816 = LINE('',#1817,#1818);
#1817 = CARTESIAN_POINT('',(-10.,-3.5,12.5));
#1818 = VECTOR('',#1819,1.);
#1819 = DIRECTION('',(0.,-1.,0.));
#1820 = ORIENTED_EDGE('',*,*,#1821,.T.);
#1821 = EDGE_CURVE('',#1812,#1822,#1824,.T.);
#1822 = VERTEX_POINT('',#1823);
#1823 = CARTESIAN_POINT('',(-18.,0.,12.5));
#1824 = LINE('',#1825,#1826);
#1825 = CARTESIAN_POINT('',(-18.,0.,12.5));
#1826 = VECTOR('',#1827,1.);
#1827 = DIRECTION('',(-1.,-0.,-0.));
#1828 = ORIENTED_EDGE('',*,*,#1829,.F.);
#1829 = EDGE_CURVE('',#1830,#1822,#1832,.T.);
#1830 = VERTEX_POINT('',#1831);
#1831 = CARTESIAN_POINT('',(-18.,-2.,12.5));
#1832 = LINE('',#1833,#1834);
#1833 = CARTESIAN_POINT('',(-18.,-2.,12.5));
#1834 = VECTOR('',#1835,1.);
#1835 = DIRECTION('',(0.,1.,-0.));
#1836 = ORIENTED_EDGE('',*,*,#1837,.F.);
#1837 = EDGE_CURVE('',#1814,#1830,#1838,.T.);
#1838 = LINE('',#1839,#1840);
#1839 = CARTESIAN_POINT('',(-18.,-2.,12.5));
#1840 = VECTOR('',#1841,1.);
#1841 = DIRECTION('',(-1.,-0.,0.));
#1842 = PLANE('',#1843);
#1843 = AXIS2_PLACEMENT_3D('',#1844,#1845,#1846);
#1844 = CARTESIAN_POINT('',(-3.5,-3.5,12.5));
#1845 = DIRECTION('',(0.,0.,1.));
#1846 = DIRECTION('',(1.,0.,-0.));
#1847 = ADVANCED_FACE('',(#1848),#1882,.T.);
#1848 = FACE_BOUND('',#1849,.T.);
#1849 = EDGE_LOOP('',(#1850,#1860,#1868,#1876));
#1850 = ORIENTED_EDGE('',*,*,#1851,.F.);
#1851 = EDGE_CURVE('',#1852,#1854,#1856,.T.);
#1852 = VERTEX_POINT('',#1853);
#1853 = CARTESIAN_POINT('',(-2.,-6.,12.5));
#1854 = VERTEX_POINT('',#1855);
#1855 = CARTESIAN_POINT('',(-2.,-3.5,12.5));
#1856 = LINE('',#1857,#1858);
#1857 = CARTESIAN_POINT('',(-2.,-21.5,12.5));
#1858 = VECTOR('',#1859,1.);
#1859 = DIRECTION('',(-0.,1.,0.));
#1860 = ORIENTED_EDGE('',*,*,#1861,.T.);
#1861 = EDGE_CURVE('',#1852,#1862,#1864,.T.);
#1862 = VERTEX_POINT('',#1863);
#1863 = CARTESIAN_POINT('',(0.,-6.,12.5));
#1864 = LINE('',#1865,#1866);
#1865 = CARTESIAN_POINT('',(-10.,-6.,12.5));
#1866 = VECTOR('',#1867,1.);
#1867 = DIRECTION('',(1.,-0.,-0.));
#1868 = ORIENTED_EDGE('',*,*,#1869,.T.);
#1869 = EDGE_CURVE('',#1862,#1870,#1872,.T.);
#1870 = VERTEX_POINT('',#1871);
#1871 = CARTESIAN_POINT('',(0.,-3.5,12.5));
#1872 = LINE('',#1873,#1874);
#1873 = CARTESIAN_POINT('',(0.,-21.5,12.5));
#1874 = VECTOR('',#1875,1.);
#1875 = DIRECTION('',(0.,1.,0.));
#1876 = ORIENTED_EDGE('',*,*,#1877,.T.);
#1877 = EDGE_CURVE('',#1870,#1854,#1878,.T.);
#1878 = LINE('',#1879,#1880);
#1879 = CARTESIAN_POINT('',(0.,-3.5,12.5));
#1880 = VECTOR('',#1881,1.);
#1881 = DIRECTION('',(-1.,0.,0.));
#1882 = PLANE('',#1883);
#1883 = AXIS2_PLACEMENT_3D('',#1884,#1885,#1886);
#1884 = CARTESIAN_POINT('',(-3.5,-2.,12.5));
#1885 = DIRECTION('',(0.,0.,1.));
#1886 = DIRECTION('',(1.,0.,-0.));
#1887 = ADVANCED_FACE('',(#1888,#1908),#2045,.T.);
#1888 = FACE_BOUND('',#1889,.T.);
#1889 = EDGE_LOOP('',(#1890,#1901));
#1890 = ORIENTED_EDGE('',*,*,#1891,.F.);
#1891 = EDGE_CURVE('',#1892,#1894,#1896,.T.);
#1892 = VERTEX_POINT('',#1893);
#1893 = CARTESIAN_POINT('',(-2.,-13.5,4.));
#1894 = VERTEX_POINT('',#1895);
#1895 = CARTESIAN_POINT('',(-2.,-13.5,-4.));
#1896 = CIRCLE('',#1897,4.);
#1897 = AXIS2_PLACEMENT_3D('',#1898,#1899,#1900);
#1898 = CARTESIAN_POINT('',(-2.,-13.5,0.));
#1899 = DIRECTION('',(-1.,-0.,0.));
#1900 = DIRECTION('',(0.,0.,1.));
#1901 = ORIENTED_EDGE('',*,*,#1902,.F.);
#1902 = EDGE_CURVE('',#1894,#1892,#1903,.T.);
#1903 = CIRCLE('',#1904,4.);
#1904 = AXIS2_PLACEMENT_3D('',#1905,#1906,#1907);
#1905 = CARTESIAN_POINT('',(-2.,-13.5,0.));
#1906 = DIRECTION('',(-1.,-0.,0.));
#1907 = DIRECTION('',(0.,0.,1.));
#1908 = FACE_BOUND('',#1909,.T.);
#1909 = EDGE_LOOP('',(#1910,#1920,#1926,#1927,#1935,#1943,#1951,#1959,
    #1967,#1975,#1983,#1991,#1999,#2007,#2015,#2023,#2031,#2039));
#1910 = ORIENTED_EDGE('',*,*,#1911,.T.);
#1911 = EDGE_CURVE('',#1912,#1914,#1916,.T.);
#1912 = VERTEX_POINT('',#1913);
#1913 = CARTESIAN_POINT('',(-2.,-10.,10.5));
#1914 = VERTEX_POINT('',#1915);
#1915 = CARTESIAN_POINT('',(-2.,-6.,10.5));
#1916 = LINE('',#1917,#1918);
#1917 = CARTESIAN_POINT('',(-2.,-21.5,10.5));
#1918 = VECTOR('',#1919,1.);
#1919 = DIRECTION('',(0.,1.,4.336808689942E-16));
#1920 = ORIENTED_EDGE('',*,*,#1921,.T.);
#1921 = EDGE_CURVE('',#1914,#1852,#1922,.T.);
#1922 = LINE('',#1923,#1924);
#1923 = CARTESIAN_POINT('',(-2.,-6.,12.5));
#1924 = VECTOR('',#1925,1.);
#1925 = DIRECTION('',(0.,-4.336808689942E-16,1.));
#1926 = ORIENTED_EDGE('',*,*,#1851,.T.);
#1927 = ORIENTED_EDGE('',*,*,#1928,.T.);
#1928 = EDGE_CURVE('',#1854,#1929,#1931,.T.);
#1929 = VERTEX_POINT('',#1930);
#1930 = CARTESIAN_POINT('',(-2.,-2.,12.5));
#1931 = LINE('',#1932,#1933);
#1932 = CARTESIAN_POINT('',(-2.,-3.5,12.5));
#1933 = VECTOR('',#1934,1.);
#1934 = DIRECTION('',(-0.,1.,-0.));
#1935 = ORIENTED_EDGE('',*,*,#1936,.F.);
#1936 = EDGE_CURVE('',#1937,#1929,#1939,.T.);
#1937 = VERTEX_POINT('',#1938);
#1938 = CARTESIAN_POINT('',(-2.,-2.,7.));
#1939 = LINE('',#1940,#1941);
#1940 = CARTESIAN_POINT('',(-2.,-2.,12.5));
#1941 = VECTOR('',#1942,1.);
#1942 = DIRECTION('',(0.,0.,1.));
#1943 = ORIENTED_EDGE('',*,*,#1944,.F.);
#1944 = EDGE_CURVE('',#1945,#1937,#1947,.T.);
#1945 = VERTEX_POINT('',#1946);
#1946 = CARTESIAN_POINT('',(-2.,-5.,7.));
#1947 = LINE('',#1948,#1949);
#1948 = CARTESIAN_POINT('',(-2.,-21.5,7.));
#1949 = VECTOR('',#1950,1.);
#1950 = DIRECTION('',(0.,1.,-0.));
#1951 = ORIENTED_EDGE('',*,*,#1952,.F.);
#1952 = EDGE_CURVE('',#1953,#1945,#1955,.T.);
#1953 = VERTEX_POINT('',#1954);
#1954 = CARTESIAN_POINT('',(-2.,-5.,-7.));
#1955 = LINE('',#1956,#1957);
#1956 = CARTESIAN_POINT('',(-2.,-5.,12.5));
#1957 = VECTOR('',#1958,1.);
#1958 = DIRECTION('',(0.,0.,1.));
#1959 = ORIENTED_EDGE('',*,*,#1960,.F.);
#1960 = EDGE_CURVE('',#1961,#1953,#1963,.T.);
#1961 = VERTEX_POINT('',#1962);
#1962 = CARTESIAN_POINT('',(-2.,-2.,-7.));
#1963 = LINE('',#1964,#1965);
#1964 = CARTESIAN_POINT('',(-2.,-21.5,-7.));
#1965 = VECTOR('',#1966,1.);
#1966 = DIRECTION('',(0.,-1.,0.));
#1967 = ORIENTED_EDGE('',*,*,#1968,.T.);
#1968 = EDGE_CURVE('',#1961,#1969,#1971,.T.);
#1969 = VERTEX_POINT('',#1970);
#1970 = CARTESIAN_POINT('',(-2.,-2.,-12.5));
#1971 = LINE('',#1972,#1973);
#1972 = CARTESIAN_POINT('',(-2.,-2.,12.5));
#1973 = VECTOR('',#1974,1.);
#1974 = DIRECTION('',(0.,0.,-1.));
#1975 = ORIENTED_EDGE('',*,*,#1976,.F.);
#1976 = EDGE_CURVE('',#1977,#1969,#1979,.T.);
#1977 = VERTEX_POINT('',#1978);
#1978 = CARTESIAN_POINT('',(-2.,-3.5,-12.5));
#1979 = LINE('',#1980,#1981);
#1980 = CARTESIAN_POINT('',(-2.,-21.5,-12.5));
#1981 = VECTOR('',#1982,1.);
#1982 = DIRECTION('',(-0.,1.,-0.));
#1983 = ORIENTED_EDGE('',*,*,#1984,.F.);
#1984 = EDGE_CURVE('',#1985,#1977,#1987,.T.);
#1985 = VERTEX_POINT('',#1986);
#1986 = CARTESIAN_POINT('',(-2.,-6.,-12.5));
#1987 = LINE('',#1988,#1989);
#1988 = CARTESIAN_POINT('',(-2.,-21.5,-12.5));
#1989 = VECTOR('',#1990,1.);
#1990 = DIRECTION('',(-0.,1.,0.));
#1991 = ORIENTED_EDGE('',*,*,#1992,.F.);
#1992 = EDGE_CURVE('',#1993,#1985,#1995,.T.);
#1993 = VERTEX_POINT('',#1994);
#1994 = CARTESIAN_POINT('',(-2.,-6.,-10.5));
#1995 = LINE('',#1996,#1997);
#1996 = CARTESIAN_POINT('',(-2.,-6.,12.5));
#1997 = VECTOR('',#1998,1.);
#1998 = DIRECTION('',(0.,0.,-1.));
#1999 = ORIENTED_EDGE('',*,*,#2000,.F.);
#2000 = EDGE_CURVE('',#2001,#1993,#2003,.T.);
#2001 = VERTEX_POINT('',#2002);
#2002 = CARTESIAN_POINT('',(-2.,-10.,-10.5));
#2003 = LINE('',#2004,#2005);
#2004 = CARTESIAN_POINT('',(-2.,-21.5,-10.5));
#2005 = VECTOR('',#2006,1.);
#2006 = DIRECTION('',(0.,1.,4.336808689942E-16));
#2007 = ORIENTED_EDGE('',*,*,#2008,.T.);
#2008 = EDGE_CURVE('',#2001,#2009,#2011,.T.);
#2009 = VERTEX_POINT('',#2010);
#2010 = CARTESIAN_POINT('',(-2.,-10.,-12.5));
#2011 = LINE('',#2012,#2013);
#2012 = CARTESIAN_POINT('',(-2.,-10.,12.5));
#2013 = VECTOR('',#2014,1.);
#2014 = DIRECTION('',(0.,0.,-1.));
#2015 = ORIENTED_EDGE('',*,*,#2016,.F.);
#2016 = EDGE_CURVE('',#2017,#2009,#2019,.T.);
#2017 = VERTEX_POINT('',#2018);
#2018 = CARTESIAN_POINT('',(-2.,-21.5,-12.5));
#2019 = LINE('',#2020,#2021);
#2020 = CARTESIAN_POINT('',(-2.,-21.5,-12.5));
#2021 = VECTOR('',#2022,1.);
#2022 = DIRECTION('',(-0.,1.,0.));
#2023 = ORIENTED_EDGE('',*,*,#2024,.F.);
#2024 = EDGE_CURVE('',#2025,#2017,#2027,.T.);
#2025 = VERTEX_POINT('',#2026);
#2026 = CARTESIAN_POINT('',(-2.,-21.5,12.5));
#2027 = LINE('',#2028,#2029);
#2028 = CARTESIAN_POINT('',(-2.,-21.5,12.5));
#2029 = VECTOR('',#2030,1.);
#2030 = DIRECTION('',(-0.,-0.,-1.));
#2031 = ORIENTED_EDGE('',*,*,#2032,.T.);
#2032 = EDGE_CURVE('',#2025,#2033,#2035,.T.);
#2033 = VERTEX_POINT('',#2034);
#2034 = CARTESIAN_POINT('',(-2.,-10.,12.5));
#2035 = LINE('',#2036,#2037);
#2036 = CARTESIAN_POINT('',(-2.,-21.5,12.5));
#2037 = VECTOR('',#2038,1.);
#2038 = DIRECTION('',(-0.,1.,0.));
#2039 = ORIENTED_EDGE('',*,*,#2040,.F.);
#2040 = EDGE_CURVE('',#1912,#2033,#2041,.T.);
#2041 = LINE('',#2042,#2043);
#2042 = CARTESIAN_POINT('',(-2.,-10.,12.5));
#2043 = VECTOR('',#2044,1.);
#2044 = DIRECTION('',(0.,-8.673617379884E-16,1.));
#2045 = PLANE('',#2046);
#2046 = AXIS2_PLACEMENT_3D('',#2047,#2048,#2049);
#2047 = CARTESIAN_POINT('',(-2.,-21.5,12.5));
#2048 = DIRECTION('',(-1.,-0.,0.));
#2049 = DIRECTION('',(0.,0.,1.));
#2050 = ADVANCED_FACE('',(#2051,#2188),#2199,.F.);
#2051 = FACE_BOUND('',#2052,.T.);
#2052 = EDGE_LOOP('',(#2053,#2063,#2071,#2079,#2087,#2095,#2103,#2111,
    #2119,#2127,#2135,#2143,#2151,#2157,#2158,#2166,#2174,#2182));
#2053 = ORIENTED_EDGE('',*,*,#2054,.T.);
#2054 = EDGE_CURVE('',#2055,#2057,#2059,.T.);
#2055 = VERTEX_POINT('',#2056);
#2056 = CARTESIAN_POINT('',(0.,-21.5,12.5));
#2057 = VERTEX_POINT('',#2058);
#2058 = CARTESIAN_POINT('',(0.,-21.5,-12.5));
#2059 = LINE('',#2060,#2061);
#2060 = CARTESIAN_POINT('',(0.,-21.5,12.5));
#2061 = VECTOR('',#2062,1.);
#2062 = DIRECTION('',(0.,0.,-1.));
#2063 = ORIENTED_EDGE('',*,*,#2064,.T.);
#2064 = EDGE_CURVE('',#2057,#2065,#2067,.T.);
#2065 = VERTEX_POINT('',#2066);
#2066 = CARTESIAN_POINT('',(0.,-10.,-12.5));
#2067 = LINE('',#2068,#2069);
#2068 = CARTESIAN_POINT('',(0.,-21.5,-12.5));
#2069 = VECTOR('',#2070,1.);
#2070 = DIRECTION('',(0.,1.,0.));
#2071 = ORIENTED_EDGE('',*,*,#2072,.T.);
#2072 = EDGE_CURVE('',#2065,#2073,#2075,.T.);
#2073 = VERTEX_POINT('',#2074);
#2074 = CARTESIAN_POINT('',(0.,-10.,-10.5));
#2075 = LINE('',#2076,#2077);
#2076 = CARTESIAN_POINT('',(0.,-10.,-12.5));
#2077 = VECTOR('',#2078,1.);
#2078 = DIRECTION('',(0.,0.,1.));
#2079 = ORIENTED_EDGE('',*,*,#2080,.F.);
#2080 = EDGE_CURVE('',#2081,#2073,#2083,.T.);
#2081 = VERTEX_POINT('',#2082);
#2082 = CARTESIAN_POINT('',(0.,-6.,-10.5));
#2083 = LINE('',#2084,#2085);
#2084 = CARTESIAN_POINT('',(0.,-6.,-10.5));
#2085 = VECTOR('',#2086,1.);
#2086 = DIRECTION('',(0.,-1.,-4.336808689942E-16));
#2087 = ORIENTED_EDGE('',*,*,#2088,.F.);
#2088 = EDGE_CURVE('',#2089,#2081,#2091,.T.);
#2089 = VERTEX_POINT('',#2090);
#2090 = CARTESIAN_POINT('',(0.,-6.,-12.5));
#2091 = LINE('',#2092,#2093);
#2092 = CARTESIAN_POINT('',(0.,-6.,-12.5));
#2093 = VECTOR('',#2094,1.);
#2094 = DIRECTION('',(0.,0.,1.));
#2095 = ORIENTED_EDGE('',*,*,#2096,.T.);
#2096 = EDGE_CURVE('',#2089,#2097,#2099,.T.);
#2097 = VERTEX_POINT('',#2098);
#2098 = CARTESIAN_POINT('',(0.,-3.5,-12.5));
#2099 = LINE('',#2100,#2101);
#2100 = CARTESIAN_POINT('',(0.,-21.5,-12.5));
#2101 = VECTOR('',#2102,1.);
#2102 = DIRECTION('',(0.,1.,0.));
#2103 = ORIENTED_EDGE('',*,*,#2104,.T.);
#2104 = EDGE_CURVE('',#2097,#2105,#2107,.T.);
#2105 = VERTEX_POINT('',#2106);
#2106 = CARTESIAN_POINT('',(0.,0.,-12.5));
#2107 = LINE('',#2108,#2109);
#2108 = CARTESIAN_POINT('',(0.,0.,-12.5));
#2109 = VECTOR('',#2110,1.);
#2110 = DIRECTION('',(0.,1.,0.));
#2111 = ORIENTED_EDGE('',*,*,#2112,.T.);
#2112 = EDGE_CURVE('',#2105,#2113,#2115,.T.);
#2113 = VERTEX_POINT('',#2114);
#2114 = CARTESIAN_POINT('',(0.,0.,-7.));
#2115 = LINE('',#2116,#2117);
#2116 = CARTESIAN_POINT('',(0.,0.,12.5));
#2117 = VECTOR('',#2118,1.);
#2118 = DIRECTION('',(-0.,-0.,1.));
#2119 = ORIENTED_EDGE('',*,*,#2120,.F.);
#2120 = EDGE_CURVE('',#2121,#2113,#2123,.T.);
#2121 = VERTEX_POINT('',#2122);
#2122 = CARTESIAN_POINT('',(0.,-5.,-7.));
#2123 = LINE('',#2124,#2125);
#2124 = CARTESIAN_POINT('',(0.,-5.,-7.));
#2125 = VECTOR('',#2126,1.);
#2126 = DIRECTION('',(-0.,1.,-0.));
#2127 = ORIENTED_EDGE('',*,*,#2128,.F.);
#2128 = EDGE_CURVE('',#2129,#2121,#2131,.T.);
#2129 = VERTEX_POINT('',#2130);
#2130 = CARTESIAN_POINT('',(0.,-5.,7.));
#2131 = LINE('',#2132,#2133);
#2132 = CARTESIAN_POINT('',(0.,-5.,7.));
#2133 = VECTOR('',#2134,1.);
#2134 = DIRECTION('',(0.,0.,-1.));
#2135 = ORIENTED_EDGE('',*,*,#2136,.T.);
#2136 = EDGE_CURVE('',#2129,#2137,#2139,.T.);
#2137 = VERTEX_POINT('',#2138);
#2138 = CARTESIAN_POINT('',(0.,0.,7.));
#2139 = LINE('',#2140,#2141);
#2140 = CARTESIAN_POINT('',(0.,-5.,7.));
#2141 = VECTOR('',#2142,1.);
#2142 = DIRECTION('',(-0.,1.,-0.));
#2143 = ORIENTED_EDGE('',*,*,#2144,.F.);
#2144 = EDGE_CURVE('',#2145,#2137,#2147,.T.);
#2145 = VERTEX_POINT('',#2146);
#2146 = CARTESIAN_POINT('',(0.,0.,12.5));
#2147 = LINE('',#2148,#2149);
#2148 = CARTESIAN_POINT('',(0.,0.,12.5));
#2149 = VECTOR('',#2150,1.);
#2150 = DIRECTION('',(-0.,-0.,-1.));
#2151 = ORIENTED_EDGE('',*,*,#2152,.F.);
#2152 = EDGE_CURVE('',#1870,#2145,#2153,.T.);
#2153 = LINE('',#2154,#2155);
#2154 = CARTESIAN_POINT('',(0.,-21.5,12.5));
#2155 = VECTOR('',#2156,1.);
#2156 = DIRECTION('',(0.,1.,-0.));
#2157 = ORIENTED_EDGE('',*,*,#1869,.F.);
#2158 = ORIENTED_EDGE('',*,*,#2159,.T.);
#2159 = EDGE_CURVE('',#1862,#2160,#2162,.T.);
#2160 = VERTEX_POINT('',#2161);
#2161 = CARTESIAN_POINT('',(0.,-6.,10.5));
#2162 = LINE('',#2163,#2164);
#2163 = CARTESIAN_POINT('',(0.,-6.,-2.602085213965E-15));
#2164 = VECTOR('',#2165,1.);
#2165 = DIRECTION('',(0.,4.336808689942E-16,-1.));
#2166 = ORIENTED_EDGE('',*,*,#2167,.T.);
#2167 = EDGE_CURVE('',#2160,#2168,#2170,.T.);
#2168 = VERTEX_POINT('',#2169);
#2169 = CARTESIAN_POINT('',(0.,-10.,10.5));
#2170 = LINE('',#2171,#2172);
#2171 = CARTESIAN_POINT('',(0.,-4.553649124439E-15,10.5));
#2172 = VECTOR('',#2173,1.);
#2173 = DIRECTION('',(0.,-1.,-4.336808689942E-16));
#2174 = ORIENTED_EDGE('',*,*,#2175,.F.);
#2175 = EDGE_CURVE('',#2176,#2168,#2178,.T.);
#2176 = VERTEX_POINT('',#2177);
#2177 = CARTESIAN_POINT('',(0.,-10.,12.5));
#2178 = LINE('',#2179,#2180);
#2179 = CARTESIAN_POINT('',(0.,-10.,-8.673617379884E-15));
#2180 = VECTOR('',#2181,1.);
#2181 = DIRECTION('',(0.,8.673617379884E-16,-1.));
#2182 = ORIENTED_EDGE('',*,*,#2183,.F.);
#2183 = EDGE_CURVE('',#2055,#2176,#2184,.T.);
#2184 = LINE('',#2185,#2186);
#2185 = CARTESIAN_POINT('',(0.,-21.5,12.5));
#2186 = VECTOR('',#2187,1.);
#2187 = DIRECTION('',(0.,1.,0.));
#2188 = FACE_BOUND('',#2189,.T.);
#2189 = EDGE_LOOP('',(#2190));
#2190 = ORIENTED_EDGE('',*,*,#2191,.T.);
#2191 = EDGE_CURVE('',#2192,#2192,#2194,.T.);
#2192 = VERTEX_POINT('',#2193);
#2193 = CARTESIAN_POINT('',(0.,-13.5,3.5));
#2194 = CIRCLE('',#2195,3.5);
#2195 = AXIS2_PLACEMENT_3D('',#2196,#2197,#2198);
#2196 = CARTESIAN_POINT('',(0.,-13.5,0.));
#2197 = DIRECTION('',(-1.,0.,0.));
#2198 = DIRECTION('',(0.,0.,1.));
#2199 = PLANE('',#2200);
#2200 = AXIS2_PLACEMENT_3D('',#2201,#2202,#2203);
#2201 = CARTESIAN_POINT('',(0.,-21.5,12.5));
#2202 = DIRECTION('',(-1.,0.,0.));
#2203 = DIRECTION('',(0.,0.,1.));
#2204 = ADVANCED_FACE('',(#2205),#2221,.F.);
#2205 = FACE_BOUND('',#2206,.T.);
#2206 = EDGE_LOOP('',(#2207,#2213,#2214,#2220));
#2207 = ORIENTED_EDGE('',*,*,#2208,.F.);
#2208 = EDGE_CURVE('',#2065,#2009,#2209,.T.);
#2209 = LINE('',#2210,#2211);
#2210 = CARTESIAN_POINT('',(-3.5,-10.,-12.5));
#2211 = VECTOR('',#2212,1.);
#2212 = DIRECTION('',(-1.,0.,0.));
#2213 = ORIENTED_EDGE('',*,*,#2064,.F.);
#2214 = ORIENTED_EDGE('',*,*,#2215,.T.);
#2215 = EDGE_CURVE('',#2057,#2017,#2216,.T.);
#2216 = LINE('',#2217,#2218);
#2217 = CARTESIAN_POINT('',(0.,-21.5,-12.5));
#2218 = VECTOR('',#2219,1.);
#2219 = DIRECTION('',(-1.,0.,0.));
#2220 = ORIENTED_EDGE('',*,*,#2016,.T.);
#2221 = PLANE('',#2222);
#2222 = AXIS2_PLACEMENT_3D('',#2223,#2224,#2225);
#2223 = CARTESIAN_POINT('',(-3.5,-3.5,-12.5));
#2224 = DIRECTION('',(0.,0.,1.));
#2225 = DIRECTION('',(1.,0.,-0.));
#2226 = ADVANCED_FACE('',(#2227),#2261,.F.);
#2227 = FACE_BOUND('',#2228,.T.);
#2228 = EDGE_LOOP('',(#2229,#2239,#2247,#2255));
#2229 = ORIENTED_EDGE('',*,*,#2230,.T.);
#2230 = EDGE_CURVE('',#2231,#2233,#2235,.T.);
#2231 = VERTEX_POINT('',#2232);
#2232 = CARTESIAN_POINT('',(-4.,0.,-7.));
#2233 = VERTEX_POINT('',#2234);
#2234 = CARTESIAN_POINT('',(-4.,0.,-5.));
#2235 = LINE('',#2236,#2237);
#2236 = CARTESIAN_POINT('',(-4.,0.,7.));
#2237 = VECTOR('',#2238,1.);
#2238 = DIRECTION('',(-0.,-0.,1.));
#2239 = ORIENTED_EDGE('',*,*,#2240,.F.);
#2240 = EDGE_CURVE('',#2241,#2233,#2243,.T.);
#2241 = VERTEX_POINT('',#2242);
#2242 = CARTESIAN_POINT('',(-4.,-2.,-5.));
#2243 = LINE('',#2244,#2245);
#2244 = CARTESIAN_POINT('',(-4.,-2.,-5.));
#2245 = VECTOR('',#2246,1.);
#2246 = DIRECTION('',(0.,1.,0.));
#2247 = ORIENTED_EDGE('',*,*,#2248,.T.);
#2248 = EDGE_CURVE('',#2241,#2249,#2251,.T.);
#2249 = VERTEX_POINT('',#2250);
#2250 = CARTESIAN_POINT('',(-4.,-2.,-7.));
#2251 = LINE('',#2252,#2253);
#2252 = CARTESIAN_POINT('',(-4.,-2.,12.5));
#2253 = VECTOR('',#2254,1.);
#2254 = DIRECTION('',(0.,0.,-1.));
#2255 = ORIENTED_EDGE('',*,*,#2256,.T.);
#2256 = EDGE_CURVE('',#2249,#2231,#2257,.T.);
#2257 = LINE('',#2258,#2259);
#2258 = CARTESIAN_POINT('',(-4.,-5.,-7.));
#2259 = VECTOR('',#2260,1.);
#2260 = DIRECTION('',(-0.,1.,-0.));
#2261 = PLANE('',#2262);
#2262 = AXIS2_PLACEMENT_3D('',#2263,#2264,#2265);
#2263 = CARTESIAN_POINT('',(-4.,-5.,7.));
#2264 = DIRECTION('',(-1.,0.,-0.));
#2265 = DIRECTION('',(0.,0.,1.));
#2266 = ADVANCED_FACE('',(#2267),#2294,.T.);
#2267 = FACE_BOUND('',#2268,.T.);
#2268 = EDGE_LOOP('',(#2269,#2270,#2271,#2279,#2287,#2293));
#2269 = ORIENTED_EDGE('',*,*,#1877,.F.);
#2270 = ORIENTED_EDGE('',*,*,#2152,.T.);
#2271 = ORIENTED_EDGE('',*,*,#2272,.F.);
#2272 = EDGE_CURVE('',#2273,#2145,#2275,.T.);
#2273 = VERTEX_POINT('',#2274);
#2274 = CARTESIAN_POINT('',(-3.5,0.,12.5));
#2275 = LINE('',#2276,#2277);
#2276 = CARTESIAN_POINT('',(0.,0.,12.5));
#2277 = VECTOR('',#2278,1.);
#2278 = DIRECTION('',(1.,0.,-0.));
#2279 = ORIENTED_EDGE('',*,*,#2280,.F.);
#2280 = EDGE_CURVE('',#2281,#2273,#2283,.T.);
#2281 = VERTEX_POINT('',#2282);
#2282 = CARTESIAN_POINT('',(-3.5,-2.,12.5));
#2283 = LINE('',#2284,#2285);
#2284 = CARTESIAN_POINT('',(-3.5,-2.,12.5));
#2285 = VECTOR('',#2286,1.);
#2286 = DIRECTION('',(0.,1.,0.));
#2287 = ORIENTED_EDGE('',*,*,#2288,.T.);
#2288 = EDGE_CURVE('',#2281,#1929,#2289,.T.);
#2289 = LINE('',#2290,#2291);
#2290 = CARTESIAN_POINT('',(-18.,-2.,12.5));
#2291 = VECTOR('',#2292,1.);
#2292 = DIRECTION('',(1.,-0.,-0.));
#2293 = ORIENTED_EDGE('',*,*,#1928,.F.);
#2294 = PLANE('',#2295);
#2295 = AXIS2_PLACEMENT_3D('',#2296,#2297,#2298);
#2296 = CARTESIAN_POINT('',(0.,-3.5,12.5));
#2297 = DIRECTION('',(0.,0.,1.));
#2298 = DIRECTION('',(1.,0.,-0.));
#2299 = ADVANCED_FACE('',(#2300),#2316,.T.);
#2300 = FACE_BOUND('',#2301,.T.);
#2301 = EDGE_LOOP('',(#2302,#2308,#2309,#2315));
#2302 = ORIENTED_EDGE('',*,*,#2303,.F.);
#2303 = EDGE_CURVE('',#2033,#2176,#2304,.T.);
#2304 = LINE('',#2305,#2306);
#2305 = CARTESIAN_POINT('',(-10.,-10.,12.5));
#2306 = VECTOR('',#2307,1.);
#2307 = DIRECTION('',(1.,-0.,-0.));
#2308 = ORIENTED_EDGE('',*,*,#2032,.F.);
#2309 = ORIENTED_EDGE('',*,*,#2310,.T.);
#2310 = EDGE_CURVE('',#2025,#2055,#2311,.T.);
#2311 = LINE('',#2312,#2313);
#2312 = CARTESIAN_POINT('',(0.,-21.5,12.5));
#2313 = VECTOR('',#2314,1.);
#2314 = DIRECTION('',(1.,-0.,-0.));
#2315 = ORIENTED_EDGE('',*,*,#2183,.T.);
#2316 = PLANE('',#2317);
#2317 = AXIS2_PLACEMENT_3D('',#2318,#2319,#2320);
#2318 = CARTESIAN_POINT('',(-3.5,-2.,12.5));
#2319 = DIRECTION('',(0.,0.,1.));
#2320 = DIRECTION('',(1.,0.,-0.));
#2321 = ADVANCED_FACE('',(#2322),#2345,.T.);
#2322 = FACE_BOUND('',#2323,.T.);
#2323 = EDGE_LOOP('',(#2324,#2325,#2331,#2332,#2338,#2339));
#2324 = ORIENTED_EDGE('',*,*,#1789,.F.);
#2325 = ORIENTED_EDGE('',*,*,#2326,.T.);
#2326 = EDGE_CURVE('',#1782,#2105,#2327,.T.);
#2327 = LINE('',#2328,#2329);
#2328 = CARTESIAN_POINT('',(-18.,0.,-12.5));
#2329 = VECTOR('',#2330,1.);
#2330 = DIRECTION('',(1.,0.,0.));
#2331 = ORIENTED_EDGE('',*,*,#2104,.F.);
#2332 = ORIENTED_EDGE('',*,*,#2333,.F.);
#2333 = EDGE_CURVE('',#1977,#2097,#2334,.T.);
#2334 = LINE('',#2335,#2336);
#2335 = CARTESIAN_POINT('',(-2.,-3.5,-12.5));
#2336 = VECTOR('',#2337,1.);
#2337 = DIRECTION('',(1.,0.,0.));
#2338 = ORIENTED_EDGE('',*,*,#1976,.T.);
#2339 = ORIENTED_EDGE('',*,*,#2340,.F.);
#2340 = EDGE_CURVE('',#1790,#1969,#2341,.T.);
#2341 = LINE('',#2342,#2343);
#2342 = CARTESIAN_POINT('',(-3.5,-2.,-12.5));
#2343 = VECTOR('',#2344,1.);
#2344 = DIRECTION('',(1.,-0.,-0.));
#2345 = PLANE('',#2346);
#2346 = AXIS2_PLACEMENT_3D('',#2347,#2348,#2349);
#2347 = CARTESIAN_POINT('',(-3.5,0.,-12.5));
#2348 = DIRECTION('',(-0.,0.,-1.));
#2349 = DIRECTION('',(-1.,0.,0.));
#2350 = ADVANCED_FACE('',(#2351),#2385,.T.);
#2351 = FACE_BOUND('',#2352,.T.);
#2352 = EDGE_LOOP('',(#2353,#2363,#2371,#2379));
#2353 = ORIENTED_EDGE('',*,*,#2354,.F.);
#2354 = EDGE_CURVE('',#2355,#2357,#2359,.T.);
#2355 = VERTEX_POINT('',#2356);
#2356 = CARTESIAN_POINT('',(-10.,-2.,-12.5));
#2357 = VERTEX_POINT('',#2358);
#2358 = CARTESIAN_POINT('',(-10.,0.,-12.5));
#2359 = LINE('',#2360,#2361);
#2360 = CARTESIAN_POINT('',(-10.,-10.,-12.5));
#2361 = VECTOR('',#2362,1.);
#2362 = DIRECTION('',(-0.,1.,-0.));
#2363 = ORIENTED_EDGE('',*,*,#2364,.T.);
#2364 = EDGE_CURVE('',#2355,#2365,#2367,.T.);
#2365 = VERTEX_POINT('',#2366);
#2366 = CARTESIAN_POINT('',(-18.,-2.,-12.5));
#2367 = LINE('',#2368,#2369);
#2368 = CARTESIAN_POINT('',(-18.,-2.,-12.5));
#2369 = VECTOR('',#2370,1.);
#2370 = DIRECTION('',(-1.,-0.,0.));
#2371 = ORIENTED_EDGE('',*,*,#2372,.T.);
#2372 = EDGE_CURVE('',#2365,#2373,#2375,.T.);
#2373 = VERTEX_POINT('',#2374);
#2374 = CARTESIAN_POINT('',(-18.,0.,-12.5));
#2375 = LINE('',#2376,#2377);
#2376 = CARTESIAN_POINT('',(-18.,-3.5,-12.5));
#2377 = VECTOR('',#2378,1.);
#2378 = DIRECTION('',(0.,1.,0.));
#2379 = ORIENTED_EDGE('',*,*,#2380,.F.);
#2380 = EDGE_CURVE('',#2357,#2373,#2381,.T.);
#2381 = LINE('',#2382,#2383);
#2382 = CARTESIAN_POINT('',(-18.,0.,-12.5));
#2383 = VECTOR('',#2384,1.);
#2384 = DIRECTION('',(-1.,-0.,-0.));
#2385 = PLANE('',#2386);
#2386 = AXIS2_PLACEMENT_3D('',#2387,#2388,#2389);
#2387 = CARTESIAN_POINT('',(-2.,-3.5,-12.5));
#2388 = DIRECTION('',(-0.,0.,-1.));
#2389 = DIRECTION('',(-1.,0.,0.));
#2390 = ADVANCED_FACE('',(#2391,#2402),#2514,.F.);
#2391 = FACE_BOUND('',#2392,.T.);
#2392 = EDGE_LOOP('',(#2393));
#2393 = ORIENTED_EDGE('',*,*,#2394,.F.);
#2394 = EDGE_CURVE('',#2395,#2395,#2397,.T.);
#2395 = VERTEX_POINT('',#2396);
#2396 = CARTESIAN_POINT('',(-7.5,0.,4.5));
#2397 = CIRCLE('',#2398,4.5);
#2398 = AXIS2_PLACEMENT_3D('',#2399,#2400,#2401);
#2399 = CARTESIAN_POINT('',(-7.5,0.,0.));
#2400 = DIRECTION('',(-0.,1.,0.));
#2401 = DIRECTION('',(0.,0.,1.));
#2402 = FACE_BOUND('',#2403,.T.);
#2403 = EDGE_LOOP('',(#2404,#2414,#2422,#2428,#2429,#2435,#2436,#2437,
    #2438,#2446,#2454,#2460,#2461,#2467,#2468,#2476,#2484,#2492,#2498,
    #2499,#2500,#2508));
#2404 = ORIENTED_EDGE('',*,*,#2405,.T.);
#2405 = EDGE_CURVE('',#2406,#2408,#2410,.T.);
#2406 = VERTEX_POINT('',#2407);
#2407 = CARTESIAN_POINT('',(-4.,0.,5.));
#2408 = VERTEX_POINT('',#2409);
#2409 = CARTESIAN_POINT('',(-2.,0.,3.845299461621));
#2410 = LINE('',#2411,#2412);
#2411 = CARTESIAN_POINT('',(-4.,0.,5.));
#2412 = VECTOR('',#2413,1.);
#2413 = DIRECTION('',(0.866025403784,0.,-0.5));
#2414 = ORIENTED_EDGE('',*,*,#2415,.T.);
#2415 = EDGE_CURVE('',#2408,#2416,#2418,.T.);
#2416 = VERTEX_POINT('',#2417);
#2417 = CARTESIAN_POINT('',(-2.,0.,-3.845299461621));
#2418 = LINE('',#2419,#2420);
#2419 = CARTESIAN_POINT('',(-2.,0.,-3.267949192431));
#2420 = VECTOR('',#2421,1.);
#2421 = DIRECTION('',(-6.635367373499E-17,0.,-1.));
#2422 = ORIENTED_EDGE('',*,*,#2423,.T.);
#2423 = EDGE_CURVE('',#2416,#2233,#2424,.T.);
#2424 = LINE('',#2425,#2426);
#2425 = CARTESIAN_POINT('',(-4.,0.,-5.));
#2426 = VECTOR('',#2427,1.);
#2427 = DIRECTION('',(-0.866025403784,-0.,-0.5));
#2428 = ORIENTED_EDGE('',*,*,#2230,.F.);
#2429 = ORIENTED_EDGE('',*,*,#2430,.F.);
#2430 = EDGE_CURVE('',#2113,#2231,#2431,.T.);
#2431 = LINE('',#2432,#2433);
#2432 = CARTESIAN_POINT('',(-4.,0.,-7.));
#2433 = VECTOR('',#2434,1.);
#2434 = DIRECTION('',(-1.,-0.,4.336808689942E-16));
#2435 = ORIENTED_EDGE('',*,*,#2112,.F.);
#2436 = ORIENTED_EDGE('',*,*,#2326,.F.);
#2437 = ORIENTED_EDGE('',*,*,#1781,.T.);
#2438 = ORIENTED_EDGE('',*,*,#2439,.F.);
#2439 = EDGE_CURVE('',#2440,#1774,#2442,.T.);
#2440 = VERTEX_POINT('',#2441);
#2441 = CARTESIAN_POINT('',(-6.,0.,-10.5));
#2442 = LINE('',#2443,#2444);
#2443 = CARTESIAN_POINT('',(-6.,0.,-12.5));
#2444 = VECTOR('',#2445,1.);
#2445 = DIRECTION('',(-0.,-0.,-1.));
#2446 = ORIENTED_EDGE('',*,*,#2447,.F.);
#2447 = EDGE_CURVE('',#2448,#2440,#2450,.T.);
#2448 = VERTEX_POINT('',#2449);
#2449 = CARTESIAN_POINT('',(-10.,0.,-10.5));
#2450 = LINE('',#2451,#2452);
#2451 = CARTESIAN_POINT('',(-6.,0.,-10.5));
#2452 = VECTOR('',#2453,1.);
#2453 = DIRECTION('',(1.,-0.,-0.));
#2454 = ORIENTED_EDGE('',*,*,#2455,.F.);
#2455 = EDGE_CURVE('',#2357,#2448,#2456,.T.);
#2456 = LINE('',#2457,#2458);
#2457 = CARTESIAN_POINT('',(-10.,0.,-12.5));
#2458 = VECTOR('',#2459,1.);
#2459 = DIRECTION('',(0.,0.,1.));
#2460 = ORIENTED_EDGE('',*,*,#2380,.T.);
#2461 = ORIENTED_EDGE('',*,*,#2462,.F.);
#2462 = EDGE_CURVE('',#1822,#2373,#2463,.T.);
#2463 = LINE('',#2464,#2465);
#2464 = CARTESIAN_POINT('',(-18.,0.,12.5));
#2465 = VECTOR('',#2466,1.);
#2466 = DIRECTION('',(-0.,-0.,-1.));
#2467 = ORIENTED_EDGE('',*,*,#1821,.F.);
#2468 = ORIENTED_EDGE('',*,*,#2469,.F.);
#2469 = EDGE_CURVE('',#2470,#1812,#2472,.T.);
#2470 = VERTEX_POINT('',#2471);
#2471 = CARTESIAN_POINT('',(-10.,0.,10.5));
#2472 = LINE('',#2473,#2474);
#2473 = CARTESIAN_POINT('',(-10.,0.,12.5));
#2474 = VECTOR('',#2475,1.);
#2475 = DIRECTION('',(8.673617379884E-16,-0.,1.));
#2476 = ORIENTED_EDGE('',*,*,#2477,.F.);
#2477 = EDGE_CURVE('',#2478,#2470,#2480,.T.);
#2478 = VERTEX_POINT('',#2479);
#2479 = CARTESIAN_POINT('',(-6.,0.,10.5));
#2480 = LINE('',#2481,#2482);
#2481 = CARTESIAN_POINT('',(-6.,0.,10.5));
#2482 = VECTOR('',#2483,1.);
#2483 = DIRECTION('',(-1.,0.,8.673617379884E-16));
#2484 = ORIENTED_EDGE('',*,*,#2485,.F.);
#2485 = EDGE_CURVE('',#2486,#2478,#2488,.T.);
#2486 = VERTEX_POINT('',#2487);
#2487 = CARTESIAN_POINT('',(-6.,0.,12.5));
#2488 = LINE('',#2489,#2490);
#2489 = CARTESIAN_POINT('',(-6.,0.,12.5));
#2490 = VECTOR('',#2491,1.);
#2491 = DIRECTION('',(-4.336808689942E-16,0.,-1.));
#2492 = ORIENTED_EDGE('',*,*,#2493,.F.);
#2493 = EDGE_CURVE('',#2273,#2486,#2494,.T.);
#2494 = LINE('',#2495,#2496);
#2495 = CARTESIAN_POINT('',(-18.,0.,12.5));
#2496 = VECTOR('',#2497,1.);
#2497 = DIRECTION('',(-1.,-0.,-0.));
#2498 = ORIENTED_EDGE('',*,*,#2272,.T.);
#2499 = ORIENTED_EDGE('',*,*,#2144,.T.);
#2500 = ORIENTED_EDGE('',*,*,#2501,.F.);
#2501 = EDGE_CURVE('',#2502,#2137,#2504,.T.);
#2502 = VERTEX_POINT('',#2503);
#2503 = CARTESIAN_POINT('',(-4.,0.,7.));
#2504 = LINE('',#2505,#2506);
#2505 = CARTESIAN_POINT('',(-4.,0.,7.));
#2506 = VECTOR('',#2507,1.);
#2507 = DIRECTION('',(1.,0.,0.));
#2508 = ORIENTED_EDGE('',*,*,#2509,.F.);
#2509 = EDGE_CURVE('',#2406,#2502,#2510,.T.);
#2510 = LINE('',#2511,#2512);
#2511 = CARTESIAN_POINT('',(-4.,0.,7.));
#2512 = VECTOR('',#2513,1.);
#2513 = DIRECTION('',(-0.,-0.,1.));
#2514 = PLANE('',#2515);
#2515 = AXIS2_PLACEMENT_3D('',#2516,#2517,#2518);
#2516 = CARTESIAN_POINT('',(-18.,0.,12.5));
#2517 = DIRECTION('',(0.,-1.,0.));
#2518 = DIRECTION('',(0.,-0.,-1.));
#2519 = ADVANCED_FACE('',(#2520),#2531,.T.);
#2520 = FACE_BOUND('',#2521,.T.);
#2521 = EDGE_LOOP('',(#2522,#2523,#2524,#2530));
#2522 = ORIENTED_EDGE('',*,*,#2462,.T.);
#2523 = ORIENTED_EDGE('',*,*,#2372,.F.);
#2524 = ORIENTED_EDGE('',*,*,#2525,.F.);
#2525 = EDGE_CURVE('',#1830,#2365,#2526,.T.);
#2526 = LINE('',#2527,#2528);
#2527 = CARTESIAN_POINT('',(-18.,-2.,12.5));
#2528 = VECTOR('',#2529,1.);
#2529 = DIRECTION('',(-0.,-0.,-1.));
#2530 = ORIENTED_EDGE('',*,*,#1829,.T.);
#2531 = PLANE('',#2532);
#2532 = AXIS2_PLACEMENT_3D('',#2533,#2534,#2535);
#2533 = CARTESIAN_POINT('',(-18.,-2.,12.5));
#2534 = DIRECTION('',(-1.,0.,0.));
#2535 = DIRECTION('',(0.,0.,1.));
#2536 = ADVANCED_FACE('',(#2537,#2644),#2655,.T.);
#2537 = FACE_BOUND('',#2538,.T.);
#2538 = EDGE_LOOP('',(#2539,#2547,#2548,#2549,#2550,#2556,#2557,#2565,
    #2573,#2581,#2589,#2595,#2596,#2597,#2605,#2613,#2621,#2627,#2628,
    #2629,#2630,#2638));
#2539 = ORIENTED_EDGE('',*,*,#2540,.F.);
#2540 = EDGE_CURVE('',#1772,#2541,#2543,.T.);
#2541 = VERTEX_POINT('',#2542);
#2542 = CARTESIAN_POINT('',(-6.,-2.,-10.5));
#2543 = LINE('',#2544,#2545);
#2544 = CARTESIAN_POINT('',(-6.,-2.,12.5));
#2545 = VECTOR('',#2546,1.);
#2546 = DIRECTION('',(0.,0.,1.));
#2547 = ORIENTED_EDGE('',*,*,#1797,.F.);
#2548 = ORIENTED_EDGE('',*,*,#2340,.T.);
#2549 = ORIENTED_EDGE('',*,*,#1968,.F.);
#2550 = ORIENTED_EDGE('',*,*,#2551,.F.);
#2551 = EDGE_CURVE('',#2249,#1961,#2552,.T.);
#2552 = LINE('',#2553,#2554);
#2553 = CARTESIAN_POINT('',(-18.,-2.,-7.));
#2554 = VECTOR('',#2555,1.);
#2555 = DIRECTION('',(1.,0.,-4.336808689942E-16));
#2556 = ORIENTED_EDGE('',*,*,#2248,.F.);
#2557 = ORIENTED_EDGE('',*,*,#2558,.F.);
#2558 = EDGE_CURVE('',#2559,#2241,#2561,.T.);
#2559 = VERTEX_POINT('',#2560);
#2560 = CARTESIAN_POINT('',(-1.,-2.,-3.267949192431));
#2561 = LINE('',#2562,#2563);
#2562 = CARTESIAN_POINT('',(-4.,-2.,-5.));
#2563 = VECTOR('',#2564,1.);
#2564 = DIRECTION('',(-0.866025403784,-0.,-0.5));
#2565 = ORIENTED_EDGE('',*,*,#2566,.F.);
#2566 = EDGE_CURVE('',#2567,#2559,#2569,.T.);
#2567 = VERTEX_POINT('',#2568);
#2568 = CARTESIAN_POINT('',(-1.,-2.,3.267949192431));
#2569 = LINE('',#2570,#2571);
#2570 = CARTESIAN_POINT('',(-1.,-2.,-3.267949192431));
#2571 = VECTOR('',#2572,1.);
#2572 = DIRECTION('',(-6.635367373499E-17,-0.,-1.));
#2573 = ORIENTED_EDGE('',*,*,#2574,.F.);
#2574 = EDGE_CURVE('',#2575,#2567,#2577,.T.);
#2575 = VERTEX_POINT('',#2576);
#2576 = CARTESIAN_POINT('',(-4.,-2.,5.));
#2577 = LINE('',#2578,#2579);
#2578 = CARTESIAN_POINT('',(-4.,-2.,5.));
#2579 = VECTOR('',#2580,1.);
#2580 = DIRECTION('',(0.866025403784,0.,-0.5));
#2581 = ORIENTED_EDGE('',*,*,#2582,.F.);
#2582 = EDGE_CURVE('',#2583,#2575,#2585,.T.);
#2583 = VERTEX_POINT('',#2584);
#2584 = CARTESIAN_POINT('',(-4.,-2.,7.));
#2585 = LINE('',#2586,#2587);
#2586 = CARTESIAN_POINT('',(-4.,-2.,12.5));
#2587 = VECTOR('',#2588,1.);
#2588 = DIRECTION('',(0.,0.,-1.));
#2589 = ORIENTED_EDGE('',*,*,#2590,.F.);
#2590 = EDGE_CURVE('',#1937,#2583,#2591,.T.);
#2591 = LINE('',#2592,#2593);
#2592 = CARTESIAN_POINT('',(-18.,-2.,7.));
#2593 = VECTOR('',#2594,1.);
#2594 = DIRECTION('',(-1.,0.,0.));
#2595 = ORIENTED_EDGE('',*,*,#1936,.T.);
#2596 = ORIENTED_EDGE('',*,*,#2288,.F.);
#2597 = ORIENTED_EDGE('',*,*,#2598,.T.);
#2598 = EDGE_CURVE('',#2281,#2599,#2601,.T.);
#2599 = VERTEX_POINT('',#2600);
#2600 = CARTESIAN_POINT('',(-6.,-2.,12.5));
#2601 = LINE('',#2602,#2603);
#2602 = CARTESIAN_POINT('',(-18.,-2.,12.5));
#2603 = VECTOR('',#2604,1.);
#2604 = DIRECTION('',(-1.,-0.,0.));
#2605 = ORIENTED_EDGE('',*,*,#2606,.F.);
#2606 = EDGE_CURVE('',#2607,#2599,#2609,.T.);
#2607 = VERTEX_POINT('',#2608);
#2608 = CARTESIAN_POINT('',(-6.,-2.,10.5));
#2609 = LINE('',#2610,#2611);
#2610 = CARTESIAN_POINT('',(-6.,-2.,12.5));
#2611 = VECTOR('',#2612,1.);
#2612 = DIRECTION('',(4.336808689942E-16,0.,1.));
#2613 = ORIENTED_EDGE('',*,*,#2614,.F.);
#2614 = EDGE_CURVE('',#2615,#2607,#2617,.T.);
#2615 = VERTEX_POINT('',#2616);
#2616 = CARTESIAN_POINT('',(-10.,-2.,10.5));
#2617 = LINE('',#2618,#2619);
#2618 = CARTESIAN_POINT('',(-18.,-2.,10.5));
#2619 = VECTOR('',#2620,1.);
#2620 = DIRECTION('',(1.,0.,-8.673617379884E-16));
#2621 = ORIENTED_EDGE('',*,*,#2622,.F.);
#2622 = EDGE_CURVE('',#1814,#2615,#2623,.T.);
#2623 = LINE('',#2624,#2625);
#2624 = CARTESIAN_POINT('',(-10.,-2.,12.5));
#2625 = VECTOR('',#2626,1.);
#2626 = DIRECTION('',(-8.673617379884E-16,0.,-1.));
#2627 = ORIENTED_EDGE('',*,*,#1837,.T.);
#2628 = ORIENTED_EDGE('',*,*,#2525,.T.);
#2629 = ORIENTED_EDGE('',*,*,#2364,.F.);
#2630 = ORIENTED_EDGE('',*,*,#2631,.F.);
#2631 = EDGE_CURVE('',#2632,#2355,#2634,.T.);
#2632 = VERTEX_POINT('',#2633);
#2633 = CARTESIAN_POINT('',(-10.,-2.,-10.5));
#2634 = LINE('',#2635,#2636);
#2635 = CARTESIAN_POINT('',(-10.,-2.,12.5));
#2636 = VECTOR('',#2637,1.);
#2637 = DIRECTION('',(0.,0.,-1.));
#2638 = ORIENTED_EDGE('',*,*,#2639,.F.);
#2639 = EDGE_CURVE('',#2541,#2632,#2640,.T.);
#2640 = LINE('',#2641,#2642);
#2641 = CARTESIAN_POINT('',(-18.,-2.,-10.5));
#2642 = VECTOR('',#2643,1.);
#2643 = DIRECTION('',(-1.,0.,0.));
#2644 = FACE_BOUND('',#2645,.T.);
#2645 = EDGE_LOOP('',(#2646));
#2646 = ORIENTED_EDGE('',*,*,#2647,.F.);
#2647 = EDGE_CURVE('',#2648,#2648,#2650,.T.);
#2648 = VERTEX_POINT('',#2649);
#2649 = CARTESIAN_POINT('',(-7.5,-2.,-4.));
#2650 = CIRCLE('',#2651,4.);
#2651 = AXIS2_PLACEMENT_3D('',#2652,#2653,#2654);
#2652 = CARTESIAN_POINT('',(-7.5,-2.,1.734723475977E-15));
#2653 = DIRECTION('',(0.,-1.,0.));
#2654 = DIRECTION('',(0.,0.,-1.));
#2655 = PLANE('',#2656);
#2656 = AXIS2_PLACEMENT_3D('',#2657,#2658,#2659);
#2657 = CARTESIAN_POINT('',(-18.,-2.,12.5));
#2658 = DIRECTION('',(0.,-1.,0.));
#2659 = DIRECTION('',(0.,0.,-1.));
#2660 = ADVANCED_FACE('',(#2661),#2667,.T.);
#2661 = FACE_BOUND('',#2662,.T.);
#2662 = EDGE_LOOP('',(#2663,#2664,#2665,#2666));
#2663 = ORIENTED_EDGE('',*,*,#2310,.F.);
#2664 = ORIENTED_EDGE('',*,*,#2024,.T.);
#2665 = ORIENTED_EDGE('',*,*,#2215,.F.);
#2666 = ORIENTED_EDGE('',*,*,#2054,.F.);
#2667 = PLANE('',#2668);
#2668 = AXIS2_PLACEMENT_3D('',#2669,#2670,#2671);
#2669 = CARTESIAN_POINT('',(0.,-21.5,12.5));
#2670 = DIRECTION('',(0.,-1.,0.));
#2671 = DIRECTION('',(0.,-0.,-1.));
#2672 = ADVANCED_FACE('',(#2673),#2684,.T.);
#2673 = FACE_BOUND('',#2674,.T.);
#2674 = EDGE_LOOP('',(#2675,#2681,#2682,#2683));
#2675 = ORIENTED_EDGE('',*,*,#2676,.F.);
#2676 = EDGE_CURVE('',#2599,#2486,#2677,.T.);
#2677 = LINE('',#2678,#2679);
#2678 = CARTESIAN_POINT('',(-6.,-3.5,12.5));
#2679 = VECTOR('',#2680,1.);
#2680 = DIRECTION('',(-0.,1.,0.));
#2681 = ORIENTED_EDGE('',*,*,#2598,.F.);
#2682 = ORIENTED_EDGE('',*,*,#2280,.T.);
#2683 = ORIENTED_EDGE('',*,*,#2493,.T.);
#2684 = PLANE('',#2685);
#2685 = AXIS2_PLACEMENT_3D('',#2686,#2687,#2688);
#2686 = CARTESIAN_POINT('',(-3.5,-3.5,12.5));
#2687 = DIRECTION('',(0.,0.,1.));
#2688 = DIRECTION('',(1.,0.,-0.));
#2689 = ADVANCED_FACE('',(#2690),#2701,.F.);
#2690 = FACE_BOUND('',#2691,.T.);
#2691 = EDGE_LOOP('',(#2692,#2693,#2699,#2700));
#2692 = ORIENTED_EDGE('',*,*,#2096,.F.);
#2693 = ORIENTED_EDGE('',*,*,#2694,.T.);
#2694 = EDGE_CURVE('',#2089,#1985,#2695,.T.);
#2695 = LINE('',#2696,#2697);
#2696 = CARTESIAN_POINT('',(-3.5,-6.,-12.5));
#2697 = VECTOR('',#2698,1.);
#2698 = DIRECTION('',(-1.,0.,0.));
#2699 = ORIENTED_EDGE('',*,*,#1984,.T.);
#2700 = ORIENTED_EDGE('',*,*,#2333,.T.);
#2701 = PLANE('',#2702);
#2702 = AXIS2_PLACEMENT_3D('',#2703,#2704,#2705);
#2703 = CARTESIAN_POINT('',(-3.5,-3.5,-12.5));
#2704 = DIRECTION('',(0.,0.,1.));
#2705 = DIRECTION('',(1.,0.,-0.));
#2706 = ADVANCED_FACE('',(#2707),#2720,.F.);
#2707 = FACE_BOUND('',#2708,.T.);
#2708 = EDGE_LOOP('',(#2709,#2710,#2711,#2717,#2718,#2719));
#2709 = ORIENTED_EDGE('',*,*,#2551,.T.);
#2710 = ORIENTED_EDGE('',*,*,#1960,.T.);
#2711 = ORIENTED_EDGE('',*,*,#2712,.F.);
#2712 = EDGE_CURVE('',#2121,#1953,#2713,.T.);
#2713 = LINE('',#2714,#2715);
#2714 = CARTESIAN_POINT('',(-4.,-5.,-7.));
#2715 = VECTOR('',#2716,1.);
#2716 = DIRECTION('',(-1.,-0.,4.336808689942E-16));
#2717 = ORIENTED_EDGE('',*,*,#2120,.T.);
#2718 = ORIENTED_EDGE('',*,*,#2430,.T.);
#2719 = ORIENTED_EDGE('',*,*,#2256,.F.);
#2720 = PLANE('',#2721);
#2721 = AXIS2_PLACEMENT_3D('',#2722,#2723,#2724);
#2722 = CARTESIAN_POINT('',(-4.,-5.,-7.));
#2723 = DIRECTION('',(-4.336808689942E-16,0.,-1.));
#2724 = DIRECTION('',(-1.,0.,4.336808689942E-16));
#2725 = ADVANCED_FACE('',(#2726),#2744,.F.);
#2726 = FACE_BOUND('',#2727,.T.);
#2727 = EDGE_LOOP('',(#2728,#2729,#2735,#2736,#2737,#2743));
#2728 = ORIENTED_EDGE('',*,*,#2590,.T.);
#2729 = ORIENTED_EDGE('',*,*,#2730,.T.);
#2730 = EDGE_CURVE('',#2583,#2502,#2731,.T.);
#2731 = LINE('',#2732,#2733);
#2732 = CARTESIAN_POINT('',(-4.,-5.,7.));
#2733 = VECTOR('',#2734,1.);
#2734 = DIRECTION('',(-0.,1.,-0.));
#2735 = ORIENTED_EDGE('',*,*,#2501,.T.);
#2736 = ORIENTED_EDGE('',*,*,#2136,.F.);
#2737 = ORIENTED_EDGE('',*,*,#2738,.F.);
#2738 = EDGE_CURVE('',#1945,#2129,#2739,.T.);
#2739 = LINE('',#2740,#2741);
#2740 = CARTESIAN_POINT('',(-4.,-5.,7.));
#2741 = VECTOR('',#2742,1.);
#2742 = DIRECTION('',(1.,0.,0.));
#2743 = ORIENTED_EDGE('',*,*,#1944,.T.);
#2744 = PLANE('',#2745);
#2745 = AXIS2_PLACEMENT_3D('',#2746,#2747,#2748);
#2746 = CARTESIAN_POINT('',(-4.,-5.,7.));
#2747 = DIRECTION('',(-0.,0.,1.));
#2748 = DIRECTION('',(1.,0.,0.));
#2749 = ADVANCED_FACE('',(#2750),#2761,.F.);
#2750 = FACE_BOUND('',#2751,.T.);
#2751 = EDGE_LOOP('',(#2752,#2753,#2759,#2760));
#2752 = ORIENTED_EDGE('',*,*,#2582,.T.);
#2753 = ORIENTED_EDGE('',*,*,#2754,.T.);
#2754 = EDGE_CURVE('',#2575,#2406,#2755,.T.);
#2755 = LINE('',#2756,#2757);
#2756 = CARTESIAN_POINT('',(-4.,-2.,5.));
#2757 = VECTOR('',#2758,1.);
#2758 = DIRECTION('',(0.,1.,0.));
#2759 = ORIENTED_EDGE('',*,*,#2509,.T.);
#2760 = ORIENTED_EDGE('',*,*,#2730,.F.);
#2761 = PLANE('',#2762);
#2762 = AXIS2_PLACEMENT_3D('',#2763,#2764,#2765);
#2763 = CARTESIAN_POINT('',(-4.,-5.,7.));
#2764 = DIRECTION('',(-1.,0.,-0.));
#2765 = DIRECTION('',(0.,0.,1.));
#2766 = ADVANCED_FACE('',(#2767),#2773,.F.);
#2767 = FACE_BOUND('',#2768,.T.);
#2768 = EDGE_LOOP('',(#2769,#2770,#2771,#2772));
#2769 = ORIENTED_EDGE('',*,*,#1952,.T.);
#2770 = ORIENTED_EDGE('',*,*,#2738,.T.);
#2771 = ORIENTED_EDGE('',*,*,#2128,.T.);
#2772 = ORIENTED_EDGE('',*,*,#2712,.T.);
#2773 = PLANE('',#2774);
#2774 = AXIS2_PLACEMENT_3D('',#2775,#2776,#2777);
#2775 = CARTESIAN_POINT('',(0.,-5.,0.));
#2776 = DIRECTION('',(0.,-1.,0.));
#2777 = DIRECTION('',(0.,-0.,-1.));
#2778 = ADVANCED_FACE('',(#2779),#2798,.T.);
#2779 = FACE_BOUND('',#2780,.T.);
#2780 = EDGE_LOOP('',(#2781,#2782,#2790,#2796,#2797));
#2781 = ORIENTED_EDGE('',*,*,#2423,.F.);
#2782 = ORIENTED_EDGE('',*,*,#2783,.T.);
#2783 = EDGE_CURVE('',#2416,#2784,#2786,.T.);
#2784 = VERTEX_POINT('',#2785);
#2785 = CARTESIAN_POINT('',(-1.,-1.,-3.267949192431));
#2786 = LINE('',#2787,#2788);
#2787 = CARTESIAN_POINT('',(-2.285714285714,0.285714285714,
    -4.010256681389));
#2788 = VECTOR('',#2789,1.);
#2789 = DIRECTION('',(0.654653670708,-0.654653670708,0.377964473009));
#2790 = ORIENTED_EDGE('',*,*,#2791,.F.);
#2791 = EDGE_CURVE('',#2559,#2784,#2792,.T.);
#2792 = LINE('',#2793,#2794);
#2793 = CARTESIAN_POINT('',(-1.,-2.,-3.267949192431));
#2794 = VECTOR('',#2795,1.);
#2795 = DIRECTION('',(0.,1.,0.));
#2796 = ORIENTED_EDGE('',*,*,#2558,.T.);
#2797 = ORIENTED_EDGE('',*,*,#2240,.T.);
#2798 = PLANE('',#2799);
#2799 = AXIS2_PLACEMENT_3D('',#2800,#2801,#2802);
#2800 = CARTESIAN_POINT('',(-4.,-2.,-5.));
#2801 = DIRECTION('',(0.5,0.,-0.866025403784));
#2802 = DIRECTION('',(-0.866025403784,0.,-0.5));
#2803 = ADVANCED_FACE('',(#2804),#2822,.T.);
#2804 = FACE_BOUND('',#2805,.T.);
#2805 = EDGE_LOOP('',(#2806,#2807,#2815,#2821));
#2806 = ORIENTED_EDGE('',*,*,#2791,.T.);
#2807 = ORIENTED_EDGE('',*,*,#2808,.T.);
#2808 = EDGE_CURVE('',#2784,#2809,#2811,.T.);
#2809 = VERTEX_POINT('',#2810);
#2810 = CARTESIAN_POINT('',(-1.,-1.,3.267949192431));
#2811 = LINE('',#2812,#2813);
#2812 = CARTESIAN_POINT('',(-1.,-1.,3.267949192431));
#2813 = VECTOR('',#2814,1.);
#2814 = DIRECTION('',(6.635367373499E-17,0.,1.));
#2815 = ORIENTED_EDGE('',*,*,#2816,.F.);
#2816 = EDGE_CURVE('',#2567,#2809,#2817,.T.);
#2817 = LINE('',#2818,#2819);
#2818 = CARTESIAN_POINT('',(-1.,-2.,3.267949192431));
#2819 = VECTOR('',#2820,1.);
#2820 = DIRECTION('',(0.,1.,0.));
#2821 = ORIENTED_EDGE('',*,*,#2566,.T.);
#2822 = PLANE('',#2823);
#2823 = AXIS2_PLACEMENT_3D('',#2824,#2825,#2826);
#2824 = CARTESIAN_POINT('',(-1.,-2.,-3.267949192431));
#2825 = DIRECTION('',(1.,0.,-6.635367373499E-17));
#2826 = DIRECTION('',(-6.635367373499E-17,0.,-1.));
#2827 = ADVANCED_FACE('',(#2828),#2840,.T.);
#2828 = FACE_BOUND('',#2829,.T.);
#2829 = EDGE_LOOP('',(#2830,#2831,#2837,#2838,#2839));
#2830 = ORIENTED_EDGE('',*,*,#2816,.T.);
#2831 = ORIENTED_EDGE('',*,*,#2832,.T.);
#2832 = EDGE_CURVE('',#2809,#2408,#2833,.T.);
#2833 = LINE('',#2834,#2835);
#2834 = CARTESIAN_POINT('',(-2.285714285714,0.285714285714,
    4.010256681389));
#2835 = VECTOR('',#2836,1.);
#2836 = DIRECTION('',(-0.654653670708,0.654653670708,0.377964473009));
#2837 = ORIENTED_EDGE('',*,*,#2405,.F.);
#2838 = ORIENTED_EDGE('',*,*,#2754,.F.);
#2839 = ORIENTED_EDGE('',*,*,#2574,.T.);
#2840 = PLANE('',#2841);
#2841 = AXIS2_PLACEMENT_3D('',#2842,#2843,#2844);
#2842 = CARTESIAN_POINT('',(-4.,-2.,5.));
#2843 = DIRECTION('',(0.5,-0.,0.866025403784));
#2844 = DIRECTION('',(0.866025403784,0.,-0.5));
#2845 = ADVANCED_FACE('',(#2846),#2865,.T.);
#2846 = FACE_BOUND('',#2847,.T.);
#2847 = EDGE_LOOP('',(#2848,#2849,#2856,#2863,#2864));
#2848 = ORIENTED_EDGE('',*,*,#1891,.T.);
#2849 = ORIENTED_EDGE('',*,*,#2850,.F.);
#2850 = EDGE_CURVE('',#2851,#1894,#2853,.T.);
#2851 = VERTEX_POINT('',#2852);
#2852 = CARTESIAN_POINT('',(-4.,-13.5,-4.));
#2853 = B_SPLINE_CURVE_WITH_KNOTS('',1,(#2854,#2855),.UNSPECIFIED.,.F.,
  .F.,(2,2),(0.,2.),.PIECEWISE_BEZIER_KNOTS.);
#2854 = CARTESIAN_POINT('',(-4.,-13.5,-4.));
#2855 = CARTESIAN_POINT('',(-2.,-13.5,-4.));
#2856 = ORIENTED_EDGE('',*,*,#2857,.T.);
#2857 = EDGE_CURVE('',#2851,#2851,#2858,.T.);
#2858 = CIRCLE('',#2859,4.);
#2859 = AXIS2_PLACEMENT_3D('',#2860,#2861,#2862);
#2860 = CARTESIAN_POINT('',(-4.,-13.5,0.));
#2861 = DIRECTION('',(1.,0.,0.));
#2862 = DIRECTION('',(0.,0.,-1.));
#2863 = ORIENTED_EDGE('',*,*,#2850,.T.);
#2864 = ORIENTED_EDGE('',*,*,#1902,.T.);
#2865 = CYLINDRICAL_SURFACE('',#2866,4.);
#2866 = AXIS2_PLACEMENT_3D('',#2867,#2868,#2869);
#2867 = CARTESIAN_POINT('',(-4.,-13.5,0.));
#2868 = DIRECTION('',(1.,0.,0.));
#2869 = DIRECTION('',(0.,0.,-1.));
#2870 = ADVANCED_FACE('',(#2871,#2882),#2885,.F.);
#2871 = FACE_BOUND('',#2872,.T.);
#2872 = EDGE_LOOP('',(#2873));
#2873 = ORIENTED_EDGE('',*,*,#2874,.F.);
#2874 = EDGE_CURVE('',#2875,#2875,#2877,.T.);
#2875 = VERTEX_POINT('',#2876);
#2876 = CARTESIAN_POINT('',(-4.,-13.5,2.5));
#2877 = CIRCLE('',#2878,2.5);
#2878 = AXIS2_PLACEMENT_3D('',#2879,#2880,#2881);
#2879 = CARTESIAN_POINT('',(-4.,-13.5,0.));
#2880 = DIRECTION('',(-1.,0.,0.));
#2881 = DIRECTION('',(0.,0.,1.));
#2882 = FACE_BOUND('',#2883,.T.);
#2883 = EDGE_LOOP('',(#2884));
#2884 = ORIENTED_EDGE('',*,*,#2857,.F.);
#2885 = PLANE('',#2886);
#2886 = AXIS2_PLACEMENT_3D('',#2887,#2888,#2889);
#2887 = CARTESIAN_POINT('',(-4.,-13.5,0.));
#2888 = DIRECTION('',(1.,0.,0.));
#2889 = DIRECTION('',(0.,0.,-1.));
#2890 = ADVANCED_FACE('',(#2891),#2909,.T.);
#2891 = FACE_BOUND('',#2892,.T.);
#2892 = EDGE_LOOP('',(#2893,#2894,#2901,#2908));
#2893 = ORIENTED_EDGE('',*,*,#2647,.T.);
#2894 = ORIENTED_EDGE('',*,*,#2895,.F.);
#2895 = EDGE_CURVE('',#2896,#2648,#2898,.T.);
#2896 = VERTEX_POINT('',#2897);
#2897 = CARTESIAN_POINT('',(-7.5,-4.,-4.));
#2898 = B_SPLINE_CURVE_WITH_KNOTS('',1,(#2899,#2900),.UNSPECIFIED.,.F.,
  .F.,(2,2),(0.,2.),.PIECEWISE_BEZIER_KNOTS.);
#2899 = CARTESIAN_POINT('',(-7.5,-4.,-4.));
#2900 = CARTESIAN_POINT('',(-7.5,-2.,-4.));
#2901 = ORIENTED_EDGE('',*,*,#2902,.F.);
#2902 = EDGE_CURVE('',#2896,#2896,#2903,.T.);
#2903 = CIRCLE('',#2904,4.);
#2904 = AXIS2_PLACEMENT_3D('',#2905,#2906,#2907);
#2905 = CARTESIAN_POINT('',(-7.5,-4.,1.734723475977E-15));
#2906 = DIRECTION('',(0.,-1.,0.));
#2907 = DIRECTION('',(0.,0.,-1.));
#2908 = ORIENTED_EDGE('',*,*,#2895,.T.);
#2909 = CYLINDRICAL_SURFACE('',#2910,4.);
#2910 = AXIS2_PLACEMENT_3D('',#2911,#2912,#2913);
#2911 = CARTESIAN_POINT('',(-7.5,-4.,1.734723475977E-15));
#2912 = DIRECTION('',(0.,1.,-0.));
#2913 = DIRECTION('',(0.,0.,1.));
#2914 = ADVANCED_FACE('',(#2915,#2926),#2929,.T.);
#2915 = FACE_BOUND('',#2916,.T.);
#2916 = EDGE_LOOP('',(#2917));
#2917 = ORIENTED_EDGE('',*,*,#2918,.T.);
#2918 = EDGE_CURVE('',#2919,#2919,#2921,.T.);
#2919 = VERTEX_POINT('',#2920);
#2920 = CARTESIAN_POINT('',(-7.5,-4.,2.5));
#2921 = CIRCLE('',#2922,2.5);
#2922 = AXIS2_PLACEMENT_3D('',#2923,#2924,#2925);
#2923 = CARTESIAN_POINT('',(-7.5,-4.,0.));
#2924 = DIRECTION('',(-0.,1.,0.));
#2925 = DIRECTION('',(0.,0.,1.));
#2926 = FACE_BOUND('',#2927,.T.);
#2927 = EDGE_LOOP('',(#2928));
#2928 = ORIENTED_EDGE('',*,*,#2902,.T.);
#2929 = PLANE('',#2930);
#2930 = AXIS2_PLACEMENT_3D('',#2931,#2932,#2933);
#2931 = CARTESIAN_POINT('',(-7.5,-4.,1.734723475977E-15));
#2932 = DIRECTION('',(0.,-1.,0.));
#2933 = DIRECTION('',(0.,-0.,-1.));
#2934 = ADVANCED_FACE('',(#2935),#2953,.F.);
#2935 = FACE_BOUND('',#2936,.F.);
#2936 = EDGE_LOOP('',(#2937,#2946,#2951,#2952));
#2937 = ORIENTED_EDGE('',*,*,#2938,.F.);
#2938 = EDGE_CURVE('',#2939,#2939,#2941,.T.);
#2939 = VERTEX_POINT('',#2940);
#2940 = CARTESIAN_POINT('',(-7.5,-2.,2.5));
#2941 = CIRCLE('',#2942,2.5);
#2942 = AXIS2_PLACEMENT_3D('',#2943,#2944,#2945);
#2943 = CARTESIAN_POINT('',(-7.5,-2.,0.));
#2944 = DIRECTION('',(-0.,1.,0.));
#2945 = DIRECTION('',(0.,0.,1.));
#2946 = ORIENTED_EDGE('',*,*,#2947,.F.);
#2947 = EDGE_CURVE('',#2919,#2939,#2948,.T.);
#2948 = B_SPLINE_CURVE_WITH_KNOTS('',1,(#2949,#2950),.UNSPECIFIED.,.F.,
  .F.,(2,2),(-4.,-2.),.PIECEWISE_BEZIER_KNOTS.);
#2949 = CARTESIAN_POINT('',(-7.5,-4.,2.5));
#2950 = CARTESIAN_POINT('',(-7.5,-2.,2.5));
#2951 = ORIENTED_EDGE('',*,*,#2918,.T.);
#2952 = ORIENTED_EDGE('',*,*,#2947,.T.);
#2953 = CYLINDRICAL_SURFACE('',#2954,2.5);
#2954 = AXIS2_PLACEMENT_3D('',#2955,#2956,#2957);
#2955 = CARTESIAN_POINT('',(-7.5,0.,0.));
#2956 = DIRECTION('',(-0.,1.,-0.));
#2957 = DIRECTION('',(0.,0.,1.));
#2958 = ADVANCED_FACE('',(#2959),#2969,.F.);
#2959 = FACE_BOUND('',#2960,.F.);
#2960 = EDGE_LOOP('',(#2961,#2962,#2967,#2968));
#2961 = ORIENTED_EDGE('',*,*,#2394,.F.);
#2962 = ORIENTED_EDGE('',*,*,#2963,.F.);
#2963 = EDGE_CURVE('',#2939,#2395,#2964,.T.);
#2964 = B_SPLINE_CURVE_WITH_KNOTS('',1,(#2965,#2966),.UNSPECIFIED.,.F.,
  .F.,(2,2),(0.,2.828427124746),.PIECEWISE_BEZIER_KNOTS.);
#2965 = CARTESIAN_POINT('',(-7.5,-2.,2.5));
#2966 = CARTESIAN_POINT('',(-7.5,8.881784197001E-16,4.5));
#2967 = ORIENTED_EDGE('',*,*,#2938,.T.);
#2968 = ORIENTED_EDGE('',*,*,#2963,.T.);
#2969 = CONICAL_SURFACE('',#2970,2.5,0.785398163397);
#2970 = AXIS2_PLACEMENT_3D('',#2971,#2972,#2973);
#2971 = CARTESIAN_POINT('',(-7.5,-2.,0.));
#2972 = DIRECTION('',(-0.,1.,-0.));
#2973 = DIRECTION('',(0.,0.,1.));
#2974 = ADVANCED_FACE('',(#2975),#2993,.F.);
#2975 = FACE_BOUND('',#2976,.F.);
#2976 = EDGE_LOOP('',(#2977,#2986,#2991,#2992));
#2977 = ORIENTED_EDGE('',*,*,#2978,.F.);
#2978 = EDGE_CURVE('',#2979,#2979,#2981,.T.);
#2979 = VERTEX_POINT('',#2980);
#2980 = CARTESIAN_POINT('',(-1.,-13.5,2.5));
#2981 = CIRCLE('',#2982,2.5);
#2982 = AXIS2_PLACEMENT_3D('',#2983,#2984,#2985);
#2983 = CARTESIAN_POINT('',(-1.,-13.5,0.));
#2984 = DIRECTION('',(1.,0.,-0.));
#2985 = DIRECTION('',(0.,0.,1.));
#2986 = ORIENTED_EDGE('',*,*,#2987,.T.);
#2987 = EDGE_CURVE('',#2979,#2875,#2988,.T.);
#2988 = B_SPLINE_CURVE_WITH_KNOTS('',1,(#2989,#2990),.UNSPECIFIED.,.F.,
  .F.,(2,2),(1.,4.),.PIECEWISE_BEZIER_KNOTS.);
#2989 = CARTESIAN_POINT('',(-1.,-13.5,2.5));
#2990 = CARTESIAN_POINT('',(-4.,-13.5,2.5));
#2991 = ORIENTED_EDGE('',*,*,#2874,.F.);
#2992 = ORIENTED_EDGE('',*,*,#2987,.F.);
#2993 = CYLINDRICAL_SURFACE('',#2994,2.5);
#2994 = AXIS2_PLACEMENT_3D('',#2995,#2996,#2997);
#2995 = CARTESIAN_POINT('',(0.,-13.5,0.));
#2996 = DIRECTION('',(-1.,-0.,-0.));
#2997 = DIRECTION('',(-0.,0.,1.));
#2998 = ADVANCED_FACE('',(#2999),#3009,.F.);
#2999 = FACE_BOUND('',#3000,.F.);
#3000 = EDGE_LOOP('',(#3001,#3002,#3007,#3008));
#3001 = ORIENTED_EDGE('',*,*,#2978,.T.);
#3002 = ORIENTED_EDGE('',*,*,#3003,.T.);
#3003 = EDGE_CURVE('',#2979,#2192,#3004,.T.);
#3004 = B_SPLINE_CURVE_WITH_KNOTS('',1,(#3005,#3006),.UNSPECIFIED.,.F.,
  .F.,(2,2),(-1.414213562373,0.),.PIECEWISE_BEZIER_KNOTS.);
#3005 = CARTESIAN_POINT('',(-1.,-13.5,2.5));
#3006 = CARTESIAN_POINT('',(0.,-13.5,3.5));
#3007 = ORIENTED_EDGE('',*,*,#2191,.T.);
#3008 = ORIENTED_EDGE('',*,*,#3003,.F.);
#3009 = CONICAL_SURFACE('',#3010,3.5,0.785398163397);
#3010 = AXIS2_PLACEMENT_3D('',#3011,#3012,#3013);
#3011 = CARTESIAN_POINT('',(0.,-13.5,0.));
#3012 = DIRECTION('',(1.,-0.,-0.));
#3013 = DIRECTION('',(0.,0.,-1.));
#3014 = ADVANCED_FACE('',(#3015),#3026,.F.);
#3015 = FACE_BOUND('',#3016,.T.);
#3016 = EDGE_LOOP('',(#3017,#3018,#3019,#3020));
#3017 = ORIENTED_EDGE('',*,*,#1992,.T.);
#3018 = ORIENTED_EDGE('',*,*,#2694,.F.);
#3019 = ORIENTED_EDGE('',*,*,#2088,.T.);
#3020 = ORIENTED_EDGE('',*,*,#3021,.F.);
#3021 = EDGE_CURVE('',#1993,#2081,#3022,.T.);
#3022 = LINE('',#3023,#3024);
#3023 = CARTESIAN_POINT('',(-10.,-6.,-10.5));
#3024 = VECTOR('',#3025,1.);
#3025 = DIRECTION('',(1.,-0.,-0.));
#3026 = PLANE('',#3027);
#3027 = AXIS2_PLACEMENT_3D('',#3028,#3029,#3030);
#3028 = CARTESIAN_POINT('',(-10.,-6.,-12.5));
#3029 = DIRECTION('',(0.,1.,-0.));
#3030 = DIRECTION('',(0.,0.,1.));
#3031 = ADVANCED_FACE('',(#3032),#3043,.T.);
#3032 = FACE_BOUND('',#3033,.T.);
#3033 = EDGE_LOOP('',(#3034,#3040,#3041,#3042));
#3034 = ORIENTED_EDGE('',*,*,#3035,.T.);
#3035 = EDGE_CURVE('',#2001,#2073,#3036,.T.);
#3036 = LINE('',#3037,#3038);
#3037 = CARTESIAN_POINT('',(-10.,-10.,-10.5));
#3038 = VECTOR('',#3039,1.);
#3039 = DIRECTION('',(1.,-0.,-0.));
#3040 = ORIENTED_EDGE('',*,*,#2072,.F.);
#3041 = ORIENTED_EDGE('',*,*,#2208,.T.);
#3042 = ORIENTED_EDGE('',*,*,#2008,.F.);
#3043 = PLANE('',#3044);
#3044 = AXIS2_PLACEMENT_3D('',#3045,#3046,#3047);
#3045 = CARTESIAN_POINT('',(-10.,-10.,-12.5));
#3046 = DIRECTION('',(0.,1.,-0.));
#3047 = DIRECTION('',(0.,0.,1.));
#3048 = ADVANCED_FACE('',(#3049),#3055,.F.);
#3049 = FACE_BOUND('',#3050,.T.);
#3050 = EDGE_LOOP('',(#3051,#3052,#3053,#3054));
#3051 = ORIENTED_EDGE('',*,*,#2000,.T.);
#3052 = ORIENTED_EDGE('',*,*,#3021,.T.);
#3053 = ORIENTED_EDGE('',*,*,#2080,.T.);
#3054 = ORIENTED_EDGE('',*,*,#3035,.F.);
#3055 = PLANE('',#3056);
#3056 = AXIS2_PLACEMENT_3D('',#3057,#3058,#3059);
#3057 = CARTESIAN_POINT('',(-10.,-6.,-10.5));
#3058 = DIRECTION('',(0.,-4.336808689942E-16,1.));
#3059 = DIRECTION('',(0.,-1.,-4.336808689942E-16));
#3060 = ADVANCED_FACE('',(#3061),#3072,.T.);
#3061 = FACE_BOUND('',#3062,.T.);
#3062 = EDGE_LOOP('',(#3063,#3069,#3070,#3071));
#3063 = ORIENTED_EDGE('',*,*,#3064,.T.);
#3064 = EDGE_CURVE('',#1914,#2160,#3065,.T.);
#3065 = LINE('',#3066,#3067);
#3066 = CARTESIAN_POINT('',(-10.,-6.,10.5));
#3067 = VECTOR('',#3068,1.);
#3068 = DIRECTION('',(1.,-0.,-0.));
#3069 = ORIENTED_EDGE('',*,*,#2159,.F.);
#3070 = ORIENTED_EDGE('',*,*,#1861,.F.);
#3071 = ORIENTED_EDGE('',*,*,#1921,.F.);
#3072 = PLANE('',#3073);
#3073 = AXIS2_PLACEMENT_3D('',#3074,#3075,#3076);
#3074 = CARTESIAN_POINT('',(-10.,-6.,-2.602085213965E-15));
#3075 = DIRECTION('',(0.,-1.,-4.336808689942E-16));
#3076 = DIRECTION('',(0.,4.336808689942E-16,-1.));
#3077 = ADVANCED_FACE('',(#3078),#3089,.T.);
#3078 = FACE_BOUND('',#3079,.T.);
#3079 = EDGE_LOOP('',(#3080,#3086,#3087,#3088));
#3080 = ORIENTED_EDGE('',*,*,#3081,.T.);
#3081 = EDGE_CURVE('',#1912,#2168,#3082,.T.);
#3082 = LINE('',#3083,#3084);
#3083 = CARTESIAN_POINT('',(-10.,-10.,10.5));
#3084 = VECTOR('',#3085,1.);
#3085 = DIRECTION('',(1.,-0.,-0.));
#3086 = ORIENTED_EDGE('',*,*,#2167,.F.);
#3087 = ORIENTED_EDGE('',*,*,#3064,.F.);
#3088 = ORIENTED_EDGE('',*,*,#1911,.F.);
#3089 = PLANE('',#3090);
#3090 = AXIS2_PLACEMENT_3D('',#3091,#3092,#3093);
#3091 = CARTESIAN_POINT('',(-10.,-4.553649124439E-15,10.5));
#3092 = DIRECTION('',(0.,-4.336808689942E-16,1.));
#3093 = DIRECTION('',(0.,-1.,-4.336808689942E-16));
#3094 = ADVANCED_FACE('',(#3095),#3101,.F.);
#3095 = FACE_BOUND('',#3096,.T.);
#3096 = EDGE_LOOP('',(#3097,#3098,#3099,#3100));
#3097 = ORIENTED_EDGE('',*,*,#2040,.T.);
#3098 = ORIENTED_EDGE('',*,*,#2303,.T.);
#3099 = ORIENTED_EDGE('',*,*,#2175,.T.);
#3100 = ORIENTED_EDGE('',*,*,#3081,.F.);
#3101 = PLANE('',#3102);
#3102 = AXIS2_PLACEMENT_3D('',#3103,#3104,#3105);
#3103 = CARTESIAN_POINT('',(-10.,-10.,-8.673617379884E-15));
#3104 = DIRECTION('',(0.,-1.,-8.673617379884E-16));
#3105 = DIRECTION('',(0.,8.673617379884E-16,-1.));
#3106 = ADVANCED_FACE('',(#3107),#3118,.F.);
#3107 = FACE_BOUND('',#3108,.T.);
#3108 = EDGE_LOOP('',(#3109,#3110,#3116,#3117));
#3109 = ORIENTED_EDGE('',*,*,#2622,.T.);
#3110 = ORIENTED_EDGE('',*,*,#3111,.T.);
#3111 = EDGE_CURVE('',#2615,#2470,#3112,.T.);
#3112 = LINE('',#3113,#3114);
#3113 = CARTESIAN_POINT('',(-10.,-10.,10.5));
#3114 = VECTOR('',#3115,1.);
#3115 = DIRECTION('',(-0.,1.,-0.));
#3116 = ORIENTED_EDGE('',*,*,#2469,.T.);
#3117 = ORIENTED_EDGE('',*,*,#1811,.T.);
#3118 = PLANE('',#3119);
#3119 = AXIS2_PLACEMENT_3D('',#3120,#3121,#3122);
#3120 = CARTESIAN_POINT('',(-10.,-10.,12.5));
#3121 = DIRECTION('',(-1.,0.,8.673617379884E-16));
#3122 = DIRECTION('',(8.673617379884E-16,0.,1.));
#3123 = ADVANCED_FACE('',(#3124),#3135,.F.);
#3124 = FACE_BOUND('',#3125,.T.);
#3125 = EDGE_LOOP('',(#3126,#3127,#3133,#3134));
#3126 = ORIENTED_EDGE('',*,*,#2614,.T.);
#3127 = ORIENTED_EDGE('',*,*,#3128,.T.);
#3128 = EDGE_CURVE('',#2607,#2478,#3129,.T.);
#3129 = LINE('',#3130,#3131);
#3130 = CARTESIAN_POINT('',(-6.,-10.,10.5));
#3131 = VECTOR('',#3132,1.);
#3132 = DIRECTION('',(-0.,1.,-0.));
#3133 = ORIENTED_EDGE('',*,*,#2477,.T.);
#3134 = ORIENTED_EDGE('',*,*,#3111,.F.);
#3135 = PLANE('',#3136);
#3136 = AXIS2_PLACEMENT_3D('',#3137,#3138,#3139);
#3137 = CARTESIAN_POINT('',(-6.,-10.,10.5));
#3138 = DIRECTION('',(-8.673617379884E-16,0.,-1.));
#3139 = DIRECTION('',(-1.,0.,8.673617379884E-16));
#3140 = ADVANCED_FACE('',(#3141),#3147,.F.);
#3141 = FACE_BOUND('',#3142,.T.);
#3142 = EDGE_LOOP('',(#3143,#3144,#3145,#3146));
#3143 = ORIENTED_EDGE('',*,*,#2606,.T.);
#3144 = ORIENTED_EDGE('',*,*,#2676,.T.);
#3145 = ORIENTED_EDGE('',*,*,#2485,.T.);
#3146 = ORIENTED_EDGE('',*,*,#3128,.F.);
#3147 = PLANE('',#3148);
#3148 = AXIS2_PLACEMENT_3D('',#3149,#3150,#3151);
#3149 = CARTESIAN_POINT('',(-6.,-10.,12.5));
#3150 = DIRECTION('',(1.,0.,-4.336808689942E-16));
#3151 = DIRECTION('',(-4.336808689942E-16,0.,-1.));
#3152 = ADVANCED_FACE('',(#3153),#3164,.F.);
#3153 = FACE_BOUND('',#3154,.T.);
#3154 = EDGE_LOOP('',(#3155,#3156,#3162,#3163));
#3155 = ORIENTED_EDGE('',*,*,#2540,.T.);
#3156 = ORIENTED_EDGE('',*,*,#3157,.T.);
#3157 = EDGE_CURVE('',#2541,#2440,#3158,.T.);
#3158 = LINE('',#3159,#3160);
#3159 = CARTESIAN_POINT('',(-6.,-10.,-10.5));
#3160 = VECTOR('',#3161,1.);
#3161 = DIRECTION('',(-0.,1.,-0.));
#3162 = ORIENTED_EDGE('',*,*,#2439,.T.);
#3163 = ORIENTED_EDGE('',*,*,#1771,.F.);
#3164 = PLANE('',#3165);
#3165 = AXIS2_PLACEMENT_3D('',#3166,#3167,#3168);
#3166 = CARTESIAN_POINT('',(-6.,-10.,-12.5));
#3167 = DIRECTION('',(1.,0.,-0.));
#3168 = DIRECTION('',(-0.,0.,-1.));
#3169 = ADVANCED_FACE('',(#3170),#3181,.F.);
#3170 = FACE_BOUND('',#3171,.T.);
#3171 = EDGE_LOOP('',(#3172,#3173,#3179,#3180));
#3172 = ORIENTED_EDGE('',*,*,#2639,.T.);
#3173 = ORIENTED_EDGE('',*,*,#3174,.T.);
#3174 = EDGE_CURVE('',#2632,#2448,#3175,.T.);
#3175 = LINE('',#3176,#3177);
#3176 = CARTESIAN_POINT('',(-10.,-10.,-10.5));
#3177 = VECTOR('',#3178,1.);
#3178 = DIRECTION('',(-0.,1.,-0.));
#3179 = ORIENTED_EDGE('',*,*,#2447,.T.);
#3180 = ORIENTED_EDGE('',*,*,#3157,.F.);
#3181 = PLANE('',#3182);
#3182 = AXIS2_PLACEMENT_3D('',#3183,#3184,#3185);
#3183 = CARTESIAN_POINT('',(-6.,-10.,-10.5));
#3184 = DIRECTION('',(0.,0.,1.));
#3185 = DIRECTION('',(1.,0.,-0.));
#3186 = ADVANCED_FACE('',(#3187),#3193,.F.);
#3187 = FACE_BOUND('',#3188,.T.);
#3188 = EDGE_LOOP('',(#3189,#3190,#3191,#3192));
#3189 = ORIENTED_EDGE('',*,*,#2631,.T.);
#3190 = ORIENTED_EDGE('',*,*,#2354,.T.);
#3191 = ORIENTED_EDGE('',*,*,#2455,.T.);
#3192 = ORIENTED_EDGE('',*,*,#3174,.F.);
#3193 = PLANE('',#3194);
#3194 = AXIS2_PLACEMENT_3D('',#3195,#3196,#3197);
#3195 = CARTESIAN_POINT('',(-10.,-10.,-12.5));
#3196 = DIRECTION('',(-1.,0.,0.));
#3197 = DIRECTION('',(0.,0.,1.));
#3198 = ADVANCED_FACE('',(#3199),#3205,.T.);
#3199 = FACE_BOUND('',#3200,.T.);
#3200 = EDGE_LOOP('',(#3201,#3202,#3203,#3204));
#3201 = ORIENTED_EDGE('',*,*,#2832,.F.);
#3202 = ORIENTED_EDGE('',*,*,#2808,.F.);
#3203 = ORIENTED_EDGE('',*,*,#2783,.F.);
#3204 = ORIENTED_EDGE('',*,*,#2415,.F.);
#3205 = PLANE('',#3206);
#3206 = AXIS2_PLACEMENT_3D('',#3207,#3208,#3209);
#3207 = CARTESIAN_POINT('',(-2.,0.,12.5));
#3208 = DIRECTION('',(0.707106781187,0.707106781187,-4.691913265465E-17)
  );
#3209 = DIRECTION('',(6.635367373499E-17,0.,1.));
#3210 = ( GEOMETRIC_REPRESENTATION_CONTEXT(3) 
GLOBAL_UNCERTAINTY_ASSIGNED_CONTEXT((#3214)) 
GLOBAL_UNIT_ASSIGNED_CONTEXT((#3211,#3212,#3213)) REPRESENTATION_CONTEXT
('Context #1','3D Context with UNIT and UNCERTAINTY') );
#3211 = ( LENGTH_UNIT() NAMED_UNIT(*) SI_UNIT(.MILLI.,.METRE.) );
#3212 = ( NAMED_UNIT(*) PLANE_ANGLE_UNIT() SI_UNIT($,.RADIAN.) );
#3213 = ( NAMED_UNIT(*) SI_UNIT($,.STERADIAN.) SOLID_ANGLE_UNIT() );
#3214 = UNCERTAINTY_MEASURE_WITH_UNIT(LENGTH_MEASURE(1.E-06),#3211,
  'distance_accuracy_value','confusion accuracy');
#3215 = CONTEXT_DEPENDENT_SHAPE_REPRESENTATION(#3216,#3218);
#3216 = ( REPRESENTATION_RELATIONSHIP('','',#1764,#10) 
REPRESENTATION_RELATIONSHIP_WITH_TRANSFORMATION(#3217) 
SHAPE_REPRESENTATION_RELATIONSHIP() );
#3217 = ITEM_DEFINED_TRANSFORMATION('','',#11,#19);
#3218 = PRODUCT_DEFINITION_SHAPE('Placement','Placement of an item',
  #3219);
#3219 = NEXT_ASSEMBLY_USAGE_OCCURRENCE('9','Solid4','',#5,#1759,$);
#3220 = PRODUCT_RELATED_PRODUCT_CATEGORY('part',$,(#1761));
#3221 = SHAPE_DEFINITION_REPRESENTATION(#3222,#3228);
#3222 = PRODUCT_DEFINITION_SHAPE('','',#3223);
#3223 = PRODUCT_DEFINITION('design','',#3224,#3227);
#3224 = PRODUCT_DEFINITION_FORMATION('','',#3225);
#3225 = PRODUCT('Solid5','Solid5','',(#3226));
#3226 = PRODUCT_CONTEXT('',#2,'mechanical');
#3227 = PRODUCT_DEFINITION_CONTEXT('part definition',#2,'design');
#3228 = ADVANCED_BREP_SHAPE_REPRESENTATION('',(#11,#3229),#5537);
#3229 = MANIFOLD_SOLID_BREP('',#3230);
#3230 = CLOSED_SHELL('',(#3231,#3271,#3311,#3351,#3391,#3422,#3462,#3613
    ,#3764,#3786,#3810,#3834,#3874,#3988,#4102,#4119,#4141,#4160,#4179,
    #4191,#4213,#4225,#4237,#4254,#4271,#4288,#4305,#4322,#4339,#4372,
    #4405,#4422,#4439,#4470,#4501,#4534,#4567,#4589,#4622,#4655,#4672,
    #4689,#4720,#4751,#4784,#4817,#4839,#4851,#4863,#4875,#4887,#4909,
    #4931,#4948,#4960,#4977,#4989,#5022,#5055,#5072,#5089,#5129,#5169,
    #5191,#5215,#5232,#5251,#5263,#5296,#5329,#5346,#5363,#5403,#5434,
    #5465,#5489,#5506,#5525));
#3231 = ADVANCED_FACE('',(#3232),#3266,.T.);
#3232 = FACE_BOUND('',#3233,.T.);
#3233 = EDGE_LOOP('',(#3234,#3244,#3252,#3260));
#3234 = ORIENTED_EDGE('',*,*,#3235,.F.);
#3235 = EDGE_CURVE('',#3236,#3238,#3240,.T.);
#3236 = VERTEX_POINT('',#3237);
#3237 = CARTESIAN_POINT('',(-8.75,9.,6.25));
#3238 = VERTEX_POINT('',#3239);
#3239 = CARTESIAN_POINT('',(-8.75,9.,3.));
#3240 = LINE('',#3241,#3242);
#3241 = CARTESIAN_POINT('',(-8.75,9.,-3.295974604356E-14));
#3242 = VECTOR('',#3243,1.);
#3243 = DIRECTION('',(-0.,-3.469446951954E-15,-1.));
#3244 = ORIENTED_EDGE('',*,*,#3245,.T.);
#3245 = EDGE_CURVE('',#3236,#3246,#3248,.T.);
#3246 = VERTEX_POINT('',#3247);
#3247 = CARTESIAN_POINT('',(-8.75,9.5,6.25));
#3248 = LINE('',#3249,#3250);
#3249 = CARTESIAN_POINT('',(-8.75,9.,6.25));
#3250 = VECTOR('',#3251,1.);
#3251 = DIRECTION('',(0.,1.,-3.271025955591E-15));
#3252 = ORIENTED_EDGE('',*,*,#3253,.T.);
#3253 = EDGE_CURVE('',#3246,#3254,#3256,.T.);
#3254 = VERTEX_POINT('',#3255);
#3255 = CARTESIAN_POINT('',(-8.75,9.5,3.));
#3256 = LINE('',#3257,#3258);
#3257 = CARTESIAN_POINT('',(-8.75,9.5,-1.745740669422E-15));
#3258 = VECTOR('',#3259,1.);
#3259 = DIRECTION('',(0.,-3.469446951954E-15,-1.));
#3260 = ORIENTED_EDGE('',*,*,#3261,.F.);
#3261 = EDGE_CURVE('',#3238,#3254,#3262,.T.);
#3262 = LINE('',#3263,#3264);
#3263 = CARTESIAN_POINT('',(-8.75,9.,3.));
#3264 = VECTOR('',#3265,1.);
#3265 = DIRECTION('',(0.,1.,-3.491481338843E-15));
#3266 = PLANE('',#3267);
#3267 = AXIS2_PLACEMENT_3D('',#3268,#3269,#3270);
#3268 = CARTESIAN_POINT('',(-8.75,9.5,-1.745740669422E-15));
#3269 = DIRECTION('',(-1.,0.,0.));
#3270 = DIRECTION('',(0.,0.,1.));
#3271 = ADVANCED_FACE('',(#3272),#3306,.T.);
#3272 = FACE_BOUND('',#3273,.T.);
#3273 = EDGE_LOOP('',(#3274,#3284,#3292,#3300));
#3274 = ORIENTED_EDGE('',*,*,#3275,.F.);
#3275 = EDGE_CURVE('',#3276,#3278,#3280,.T.);
#3276 = VERTEX_POINT('',#3277);
#3277 = CARTESIAN_POINT('',(8.75,9.,9.75));
#3278 = VERTEX_POINT('',#3279);
#3279 = CARTESIAN_POINT('',(8.75,9.,18.5));
#3280 = LINE('',#3281,#3282);
#3281 = CARTESIAN_POINT('',(8.75,9.,-3.213926872384E-14));
#3282 = VECTOR('',#3283,1.);
#3283 = DIRECTION('',(-9.376883653929E-17,3.469446951954E-15,1.));
#3284 = ORIENTED_EDGE('',*,*,#3285,.T.);
#3285 = EDGE_CURVE('',#3276,#3286,#3288,.T.);
#3286 = VERTEX_POINT('',#3287);
#3287 = CARTESIAN_POINT('',(8.75,9.5,9.75));
#3288 = LINE('',#3289,#3290);
#3289 = CARTESIAN_POINT('',(8.75,9.,9.75));
#3290 = VECTOR('',#3291,1.);
#3291 = DIRECTION('',(0.,1.,-3.271025955591E-15));
#3292 = ORIENTED_EDGE('',*,*,#3293,.T.);
#3293 = EDGE_CURVE('',#3286,#3294,#3296,.T.);
#3294 = VERTEX_POINT('',#3295);
#3295 = CARTESIAN_POINT('',(8.75,9.5,18.5));
#3296 = LINE('',#3297,#3298);
#3297 = CARTESIAN_POINT('',(8.75,9.5,18.5));
#3298 = VECTOR('',#3299,1.);
#3299 = DIRECTION('',(-9.376883653929E-17,3.469446951954E-15,1.));
#3300 = ORIENTED_EDGE('',*,*,#3301,.T.);
#3301 = EDGE_CURVE('',#3294,#3278,#3302,.T.);
#3302 = LINE('',#3303,#3304);
#3303 = CARTESIAN_POINT('',(8.75,9.5,18.5));
#3304 = VECTOR('',#3305,1.);
#3305 = DIRECTION('',(0.,-1.,3.491481338843E-15));
#3306 = PLANE('',#3307);
#3307 = AXIS2_PLACEMENT_3D('',#3308,#3309,#3310);
#3308 = CARTESIAN_POINT('',(8.75,9.5,18.5));
#3309 = DIRECTION('',(1.,3.27392142942E-31,9.376883653929E-17));
#3310 = DIRECTION('',(9.376883653929E-17,0.,-1.));
#3311 = ADVANCED_FACE('',(#3312),#3346,.T.);
#3312 = FACE_BOUND('',#3313,.T.);
#3313 = EDGE_LOOP('',(#3314,#3324,#3332,#3340));
#3314 = ORIENTED_EDGE('',*,*,#3315,.F.);
#3315 = EDGE_CURVE('',#3316,#3318,#3320,.T.);
#3316 = VERTEX_POINT('',#3317);
#3317 = CARTESIAN_POINT('',(8.75,2.75,1.626303258728E-15));
#3318 = VERTEX_POINT('',#3319);
#3319 = CARTESIAN_POINT('',(8.75,6.,-8.673617379884E-16));
#3320 = LINE('',#3321,#3322);
#3321 = CARTESIAN_POINT('',(8.75,-9.5,0.));
#3322 = VECTOR('',#3323,1.);
#3323 = DIRECTION('',(0.,1.,0.));
#3324 = ORIENTED_EDGE('',*,*,#3325,.T.);
#3325 = EDGE_CURVE('',#3316,#3326,#3328,.T.);
#3326 = VERTEX_POINT('',#3327);
#3327 = CARTESIAN_POINT('',(8.75,2.75,-0.5));
#3328 = LINE('',#3329,#3330);
#3329 = CARTESIAN_POINT('',(8.75,2.75,1.626303258728E-15));
#3330 = VECTOR('',#3331,1.);
#3331 = DIRECTION('',(0.,1.022195611122E-16,-1.));
#3332 = ORIENTED_EDGE('',*,*,#3333,.T.);
#3333 = EDGE_CURVE('',#3326,#3334,#3336,.T.);
#3334 = VERTEX_POINT('',#3335);
#3335 = CARTESIAN_POINT('',(8.75,6.,-0.5));
#3336 = LINE('',#3337,#3338);
#3337 = CARTESIAN_POINT('',(8.75,-9.5,-0.5));
#3338 = VECTOR('',#3339,1.);
#3339 = DIRECTION('',(0.,1.,0.));
#3340 = ORIENTED_EDGE('',*,*,#3341,.F.);
#3341 = EDGE_CURVE('',#3318,#3334,#3342,.T.);
#3342 = LINE('',#3343,#3344);
#3343 = CARTESIAN_POINT('',(8.75,6.,-8.673617379884E-16));
#3344 = VECTOR('',#3345,1.);
#3345 = DIRECTION('',(0.,0.,-1.));
#3346 = PLANE('',#3347);
#3347 = AXIS2_PLACEMENT_3D('',#3348,#3349,#3350);
#3348 = CARTESIAN_POINT('',(8.75,-9.5,-0.5));
#3349 = DIRECTION('',(1.,0.,0.));
#3350 = DIRECTION('',(0.,0.,-1.));
#3351 = ADVANCED_FACE('',(#3352),#3386,.T.);
#3352 = FACE_BOUND('',#3353,.T.);
#3353 = EDGE_LOOP('',(#3354,#3364,#3372,#3380));
#3354 = ORIENTED_EDGE('',*,*,#3355,.F.);
#3355 = EDGE_CURVE('',#3356,#3358,#3360,.T.);
#3356 = VERTEX_POINT('',#3357);
#3357 = CARTESIAN_POINT('',(8.75,9.,6.25));
#3358 = VERTEX_POINT('',#3359);
#3359 = CARTESIAN_POINT('',(8.75,9.5,6.25));
#3360 = LINE('',#3361,#3362);
#3361 = CARTESIAN_POINT('',(8.75,9.,6.25));
#3362 = VECTOR('',#3363,1.);
#3363 = DIRECTION('',(0.,1.,-3.271025955591E-15));
#3364 = ORIENTED_EDGE('',*,*,#3365,.F.);
#3365 = EDGE_CURVE('',#3366,#3356,#3368,.T.);
#3366 = VERTEX_POINT('',#3367);
#3367 = CARTESIAN_POINT('',(8.75,9.,3.));
#3368 = LINE('',#3369,#3370);
#3369 = CARTESIAN_POINT('',(8.75,9.,-3.213926872384E-14));
#3370 = VECTOR('',#3371,1.);
#3371 = DIRECTION('',(-9.376883653929E-17,3.469446951954E-15,1.));
#3372 = ORIENTED_EDGE('',*,*,#3373,.T.);
#3373 = EDGE_CURVE('',#3366,#3374,#3376,.T.);
#3374 = VERTEX_POINT('',#3375);
#3375 = CARTESIAN_POINT('',(8.75,9.5,3.));
#3376 = LINE('',#3377,#3378);
#3377 = CARTESIAN_POINT('',(8.75,9.5,3.));
#3378 = VECTOR('',#3379,1.);
#3379 = DIRECTION('',(0.,1.,-3.491481338843E-15));
#3380 = ORIENTED_EDGE('',*,*,#3381,.T.);
#3381 = EDGE_CURVE('',#3374,#3358,#3382,.T.);
#3382 = LINE('',#3383,#3384);
#3383 = CARTESIAN_POINT('',(8.75,9.5,18.5));
#3384 = VECTOR('',#3385,1.);
#3385 = DIRECTION('',(-9.376883653929E-17,3.469446951954E-15,1.));
#3386 = PLANE('',#3387);
#3387 = AXIS2_PLACEMENT_3D('',#3388,#3389,#3390);
#3388 = CARTESIAN_POINT('',(8.75,9.5,18.5));
#3389 = DIRECTION('',(1.,3.27392142942E-31,9.376883653929E-17));
#3390 = DIRECTION('',(9.376883653929E-17,0.,-1.));
#3391 = ADVANCED_FACE('',(#3392),#3417,.T.);
#3392 = FACE_BOUND('',#3393,.T.);
#3393 = EDGE_LOOP('',(#3394,#3404,#3410,#3411));
#3394 = ORIENTED_EDGE('',*,*,#3395,.F.);
#3395 = EDGE_CURVE('',#3396,#3398,#3400,.T.);
#3396 = VERTEX_POINT('',#3397);
#3397 = CARTESIAN_POINT('',(5.25,9.,18.5));
#3398 = VERTEX_POINT('',#3399);
#3399 = CARTESIAN_POINT('',(5.25,9.5,18.5));
#3400 = LINE('',#3401,#3402);
#3401 = CARTESIAN_POINT('',(5.25,9.5,18.5));
#3402 = VECTOR('',#3403,1.);
#3403 = DIRECTION('',(2.730254872572E-33,1.,-3.491481338843E-15));
#3404 = ORIENTED_EDGE('',*,*,#3405,.F.);
#3405 = EDGE_CURVE('',#3278,#3396,#3406,.T.);
#3406 = LINE('',#3407,#3408);
#3407 = CARTESIAN_POINT('',(0.,9.,18.5));
#3408 = VECTOR('',#3409,1.);
#3409 = DIRECTION('',(-1.,-0.,-0.));
#3410 = ORIENTED_EDGE('',*,*,#3301,.F.);
#3411 = ORIENTED_EDGE('',*,*,#3412,.T.);
#3412 = EDGE_CURVE('',#3294,#3398,#3413,.T.);
#3413 = LINE('',#3414,#3415);
#3414 = CARTESIAN_POINT('',(-8.75,9.5,18.5));
#3415 = VECTOR('',#3416,1.);
#3416 = DIRECTION('',(-1.,0.,0.));
#3417 = PLANE('',#3418);
#3418 = AXIS2_PLACEMENT_3D('',#3419,#3420,#3421);
#3419 = CARTESIAN_POINT('',(-8.75,9.5,18.5));
#3420 = DIRECTION('',(-0.,3.491481338843E-15,1.));
#3421 = DIRECTION('',(0.,-1.,3.491481338843E-15));
#3422 = ADVANCED_FACE('',(#3423),#3457,.T.);
#3423 = FACE_BOUND('',#3424,.T.);
#3424 = EDGE_LOOP('',(#3425,#3435,#3443,#3451));
#3425 = ORIENTED_EDGE('',*,*,#3426,.F.);
#3426 = EDGE_CURVE('',#3427,#3429,#3431,.T.);
#3427 = VERTEX_POINT('',#3428);
#3428 = CARTESIAN_POINT('',(-8.75,2.75,0.));
#3429 = VERTEX_POINT('',#3430);
#3430 = CARTESIAN_POINT('',(-8.75,2.75,-0.5));
#3431 = LINE('',#3432,#3433);
#3432 = CARTESIAN_POINT('',(-8.75,2.75,1.089678080714E-17));
#3433 = VECTOR('',#3434,1.);
#3434 = DIRECTION('',(0.,-3.066586833367E-16,-1.));
#3435 = ORIENTED_EDGE('',*,*,#3436,.F.);
#3436 = EDGE_CURVE('',#3437,#3427,#3439,.T.);
#3437 = VERTEX_POINT('',#3438);
#3438 = CARTESIAN_POINT('',(-8.75,6.,-8.673617379884E-16));
#3439 = LINE('',#3440,#3441);
#3440 = CARTESIAN_POINT('',(-8.75,-9.5,0.));
#3441 = VECTOR('',#3442,1.);
#3442 = DIRECTION('',(-0.,-1.,-0.));
#3443 = ORIENTED_EDGE('',*,*,#3444,.T.);
#3444 = EDGE_CURVE('',#3437,#3445,#3447,.T.);
#3445 = VERTEX_POINT('',#3446);
#3446 = CARTESIAN_POINT('',(-8.75,6.,-0.5));
#3447 = LINE('',#3448,#3449);
#3448 = CARTESIAN_POINT('',(-8.75,6.,-8.673617379884E-16));
#3449 = VECTOR('',#3450,1.);
#3450 = DIRECTION('',(0.,0.,-1.));
#3451 = ORIENTED_EDGE('',*,*,#3452,.T.);
#3452 = EDGE_CURVE('',#3445,#3429,#3453,.T.);
#3453 = LINE('',#3454,#3455);
#3454 = CARTESIAN_POINT('',(-8.75,-9.5,-0.5));
#3455 = VECTOR('',#3456,1.);
#3456 = DIRECTION('',(-0.,-1.,-0.));
#3457 = PLANE('',#3458);
#3458 = AXIS2_PLACEMENT_3D('',#3459,#3460,#3461);
#3459 = CARTESIAN_POINT('',(-8.75,-9.5,-0.5));
#3460 = DIRECTION('',(-1.,0.,0.));
#3461 = DIRECTION('',(0.,0.,1.));
#3462 = ADVANCED_FACE('',(#3463),#3608,.T.);
#3463 = FACE_BOUND('',#3464,.T.);
#3464 = EDGE_LOOP('',(#3465,#3475,#3483,#3491,#3499,#3507,#3515,#3521,
    #3522,#3530,#3538,#3546,#3555,#3563,#3571,#3577,#3578,#3586,#3594,
    #3602));
#3465 = ORIENTED_EDGE('',*,*,#3466,.F.);
#3466 = EDGE_CURVE('',#3467,#3469,#3471,.T.);
#3467 = VERTEX_POINT('',#3468);
#3468 = CARTESIAN_POINT('',(12.381941841362,-9.5,-0.5));
#3469 = VERTEX_POINT('',#3470);
#3470 = CARTESIAN_POINT('',(12.381941841362,-0.8,-0.5));
#3471 = LINE('',#3472,#3473);
#3472 = CARTESIAN_POINT('',(12.381941841362,-1.5,-0.5));
#3473 = VECTOR('',#3474,1.);
#3474 = DIRECTION('',(0.,1.,0.));
#3475 = ORIENTED_EDGE('',*,*,#3476,.F.);
#3476 = EDGE_CURVE('',#3477,#3467,#3479,.T.);
#3477 = VERTEX_POINT('',#3478);
#3478 = CARTESIAN_POINT('',(-12.38194184136,-9.5,-0.5));
#3479 = LINE('',#3480,#3481);
#3480 = CARTESIAN_POINT('',(-8.75,-9.5,-0.5));
#3481 = VECTOR('',#3482,1.);
#3482 = DIRECTION('',(1.,0.,0.));
#3483 = ORIENTED_EDGE('',*,*,#3484,.F.);
#3484 = EDGE_CURVE('',#3485,#3477,#3487,.T.);
#3485 = VERTEX_POINT('',#3486);
#3486 = CARTESIAN_POINT('',(-12.38194184136,-0.8,-0.5));
#3487 = LINE('',#3488,#3489);
#3488 = CARTESIAN_POINT('',(-12.38194184136,-1.5,-0.5));
#3489 = VECTOR('',#3490,1.);
#3490 = DIRECTION('',(-0.,-1.,-0.));
#3491 = ORIENTED_EDGE('',*,*,#3492,.F.);
#3492 = EDGE_CURVE('',#3493,#3485,#3495,.T.);
#3493 = VERTEX_POINT('',#3494);
#3494 = CARTESIAN_POINT('',(-10.5,-0.8,-0.5));
#3495 = LINE('',#3496,#3497);
#3496 = CARTESIAN_POINT('',(-10.5,-0.8,-0.5));
#3497 = VECTOR('',#3498,1.);
#3498 = DIRECTION('',(-1.,-1.152216448624E-16,0.));
#3499 = ORIENTED_EDGE('',*,*,#3500,.T.);
#3500 = EDGE_CURVE('',#3493,#3501,#3503,.T.);
#3501 = VERTEX_POINT('',#3502);
#3502 = CARTESIAN_POINT('',(-10.5,-0.75,-0.5));
#3503 = LINE('',#3504,#3505);
#3504 = CARTESIAN_POINT('',(-10.5,-0.75,-0.5));
#3505 = VECTOR('',#3506,1.);
#3506 = DIRECTION('',(-0.,1.,-0.));
#3507 = ORIENTED_EDGE('',*,*,#3508,.T.);
#3508 = EDGE_CURVE('',#3501,#3509,#3511,.T.);
#3509 = VERTEX_POINT('',#3510);
#3510 = CARTESIAN_POINT('',(-10.5,2.75,-0.5));
#3511 = LINE('',#3512,#3513);
#3512 = CARTESIAN_POINT('',(-10.5,-0.75,-0.5));
#3513 = VECTOR('',#3514,1.);
#3514 = DIRECTION('',(-0.,1.,-3.066586833367E-16));
#3515 = ORIENTED_EDGE('',*,*,#3516,.T.);
#3516 = EDGE_CURVE('',#3509,#3429,#3517,.T.);
#3517 = LINE('',#3518,#3519);
#3518 = CARTESIAN_POINT('',(-10.5,2.75,-0.5));
#3519 = VECTOR('',#3520,1.);
#3520 = DIRECTION('',(1.,0.,0.));
#3521 = ORIENTED_EDGE('',*,*,#3452,.F.);
#3522 = ORIENTED_EDGE('',*,*,#3523,.T.);
#3523 = EDGE_CURVE('',#3445,#3524,#3526,.T.);
#3524 = VERTEX_POINT('',#3525);
#3525 = CARTESIAN_POINT('',(-8.75,9.5,-0.5));
#3526 = LINE('',#3527,#3528);
#3527 = CARTESIAN_POINT('',(-8.75,6.,-0.5));
#3528 = VECTOR('',#3529,1.);
#3529 = DIRECTION('',(-0.,1.,0.));
#3530 = ORIENTED_EDGE('',*,*,#3531,.T.);
#3531 = EDGE_CURVE('',#3524,#3532,#3534,.T.);
#3532 = VERTEX_POINT('',#3533);
#3533 = CARTESIAN_POINT('',(-5.25,9.5,-0.5));
#3534 = LINE('',#3535,#3536);
#3535 = CARTESIAN_POINT('',(0.,9.5,-0.5));
#3536 = VECTOR('',#3537,1.);
#3537 = DIRECTION('',(1.,-0.,-0.));
#3538 = ORIENTED_EDGE('',*,*,#3539,.F.);
#3539 = EDGE_CURVE('',#3540,#3532,#3542,.T.);
#3540 = VERTEX_POINT('',#3541);
#3541 = CARTESIAN_POINT('',(-5.25,-2.5,-0.5));
#3542 = LINE('',#3543,#3544);
#3543 = CARTESIAN_POINT('',(-5.25,9.5,-0.5));
#3544 = VECTOR('',#3545,1.);
#3545 = DIRECTION('',(1.445602896647E-16,1.,-0.));
#3546 = ORIENTED_EDGE('',*,*,#3547,.F.);
#3547 = EDGE_CURVE('',#3548,#3540,#3550,.T.);
#3548 = VERTEX_POINT('',#3549);
#3549 = CARTESIAN_POINT('',(5.25,-2.5,-0.5));
#3550 = CIRCLE('',#3551,5.25);
#3551 = AXIS2_PLACEMENT_3D('',#3552,#3553,#3554);
#3552 = CARTESIAN_POINT('',(0.,-2.5,-0.5));
#3553 = DIRECTION('',(0.,0.,-1.));
#3554 = DIRECTION('',(-1.,0.,0.));
#3555 = ORIENTED_EDGE('',*,*,#3556,.F.);
#3556 = EDGE_CURVE('',#3557,#3548,#3559,.T.);
#3557 = VERTEX_POINT('',#3558);
#3558 = CARTESIAN_POINT('',(5.25,9.5,-0.5));
#3559 = LINE('',#3560,#3561);
#3560 = CARTESIAN_POINT('',(5.25,-2.5,-0.5));
#3561 = VECTOR('',#3562,1.);
#3562 = DIRECTION('',(-0.,-1.,-0.));
#3563 = ORIENTED_EDGE('',*,*,#3564,.F.);
#3564 = EDGE_CURVE('',#3565,#3557,#3567,.T.);
#3565 = VERTEX_POINT('',#3566);
#3566 = CARTESIAN_POINT('',(8.75,9.5,-0.5));
#3567 = LINE('',#3568,#3569);
#3568 = CARTESIAN_POINT('',(0.,9.5,-0.5));
#3569 = VECTOR('',#3570,1.);
#3570 = DIRECTION('',(-1.,-0.,-0.));
#3571 = ORIENTED_EDGE('',*,*,#3572,.F.);
#3572 = EDGE_CURVE('',#3334,#3565,#3573,.T.);
#3573 = LINE('',#3574,#3575);
#3574 = CARTESIAN_POINT('',(8.75,0.,-0.5));
#3575 = VECTOR('',#3576,1.);
#3576 = DIRECTION('',(-0.,1.,-0.));
#3577 = ORIENTED_EDGE('',*,*,#3333,.F.);
#3578 = ORIENTED_EDGE('',*,*,#3579,.F.);
#3579 = EDGE_CURVE('',#3580,#3326,#3582,.T.);
#3580 = VERTEX_POINT('',#3581);
#3581 = CARTESIAN_POINT('',(10.5,2.75,-0.5));
#3582 = LINE('',#3583,#3584);
#3583 = CARTESIAN_POINT('',(10.5,2.75,-0.5));
#3584 = VECTOR('',#3585,1.);
#3585 = DIRECTION('',(-1.,0.,-0.));
#3586 = ORIENTED_EDGE('',*,*,#3587,.T.);
#3587 = EDGE_CURVE('',#3580,#3588,#3590,.T.);
#3588 = VERTEX_POINT('',#3589);
#3589 = CARTESIAN_POINT('',(10.5,-0.75,-0.5));
#3590 = LINE('',#3591,#3592);
#3591 = CARTESIAN_POINT('',(10.5,2.75,-0.5));
#3592 = VECTOR('',#3593,1.);
#3593 = DIRECTION('',(0.,-1.,-1.022195611122E-16));
#3594 = ORIENTED_EDGE('',*,*,#3595,.T.);
#3595 = EDGE_CURVE('',#3588,#3596,#3598,.T.);
#3596 = VERTEX_POINT('',#3597);
#3597 = CARTESIAN_POINT('',(10.5,-0.8,-0.5));
#3598 = LINE('',#3599,#3600);
#3599 = CARTESIAN_POINT('',(10.5,-0.75,-0.5));
#3600 = VECTOR('',#3601,1.);
#3601 = DIRECTION('',(0.,-1.,0.));
#3602 = ORIENTED_EDGE('',*,*,#3603,.F.);
#3603 = EDGE_CURVE('',#3469,#3596,#3604,.T.);
#3604 = LINE('',#3605,#3606);
#3605 = CARTESIAN_POINT('',(10.5,-0.8,-0.5));
#3606 = VECTOR('',#3607,1.);
#3607 = DIRECTION('',(-1.,-0.,-0.));
#3608 = PLANE('',#3609);
#3609 = AXIS2_PLACEMENT_3D('',#3610,#3611,#3612);
#3610 = CARTESIAN_POINT('',(0.,0.,-0.5));
#3611 = DIRECTION('',(0.,0.,-1.));
#3612 = DIRECTION('',(-1.,0.,-0.));
#3613 = ADVANCED_FACE('',(#3614),#3759,.F.);
#3614 = FACE_BOUND('',#3615,.T.);
#3615 = EDGE_LOOP('',(#3616,#3626,#3634,#3642,#3650,#3658,#3664,#3665,
    #3673,#3681,#3689,#3698,#3706,#3714,#3720,#3721,#3729,#3737,#3745,
    #3753));
#3616 = ORIENTED_EDGE('',*,*,#3617,.T.);
#3617 = EDGE_CURVE('',#3618,#3620,#3622,.T.);
#3618 = VERTEX_POINT('',#3619);
#3619 = CARTESIAN_POINT('',(-12.38194184136,-9.5,0.));
#3620 = VERTEX_POINT('',#3621);
#3621 = CARTESIAN_POINT('',(12.381941841362,-9.5,0.));
#3622 = LINE('',#3623,#3624);
#3623 = CARTESIAN_POINT('',(-8.75,-9.5,0.));
#3624 = VECTOR('',#3625,1.);
#3625 = DIRECTION('',(1.,0.,0.));
#3626 = ORIENTED_EDGE('',*,*,#3627,.T.);
#3627 = EDGE_CURVE('',#3620,#3628,#3630,.T.);
#3628 = VERTEX_POINT('',#3629);
#3629 = CARTESIAN_POINT('',(12.381941841362,-0.8,0.));
#3630 = LINE('',#3631,#3632);
#3631 = CARTESIAN_POINT('',(12.381941841362,-1.5,0.));
#3632 = VECTOR('',#3633,1.);
#3633 = DIRECTION('',(0.,1.,0.));
#3634 = ORIENTED_EDGE('',*,*,#3635,.T.);
#3635 = EDGE_CURVE('',#3628,#3636,#3638,.T.);
#3636 = VERTEX_POINT('',#3637);
#3637 = CARTESIAN_POINT('',(10.5,-0.8,0.));
#3638 = LINE('',#3639,#3640);
#3639 = CARTESIAN_POINT('',(10.5,-0.8,0.));
#3640 = VECTOR('',#3641,1.);
#3641 = DIRECTION('',(-1.,-0.,-0.));
#3642 = ORIENTED_EDGE('',*,*,#3643,.F.);
#3643 = EDGE_CURVE('',#3644,#3636,#3646,.T.);
#3644 = VERTEX_POINT('',#3645);
#3645 = CARTESIAN_POINT('',(10.5,-0.75,0.));
#3646 = LINE('',#3647,#3648);
#3647 = CARTESIAN_POINT('',(10.5,-0.75,0.));
#3648 = VECTOR('',#3649,1.);
#3649 = DIRECTION('',(0.,-1.,0.));
#3650 = ORIENTED_EDGE('',*,*,#3651,.F.);
#3651 = EDGE_CURVE('',#3652,#3644,#3654,.T.);
#3652 = VERTEX_POINT('',#3653);
#3653 = CARTESIAN_POINT('',(10.5,2.75,1.626303258728E-15));
#3654 = LINE('',#3655,#3656);
#3655 = CARTESIAN_POINT('',(10.5,2.75,1.626303258728E-15));
#3656 = VECTOR('',#3657,1.);
#3657 = DIRECTION('',(0.,-1.,-1.022195611122E-16));
#3658 = ORIENTED_EDGE('',*,*,#3659,.T.);
#3659 = EDGE_CURVE('',#3652,#3316,#3660,.T.);
#3660 = LINE('',#3661,#3662);
#3661 = CARTESIAN_POINT('',(10.5,2.75,1.626303258728E-15));
#3662 = VECTOR('',#3663,1.);
#3663 = DIRECTION('',(-1.,0.,-0.));
#3664 = ORIENTED_EDGE('',*,*,#3315,.T.);
#3665 = ORIENTED_EDGE('',*,*,#3666,.T.);
#3666 = EDGE_CURVE('',#3318,#3667,#3669,.T.);
#3667 = VERTEX_POINT('',#3668);
#3668 = CARTESIAN_POINT('',(8.75,9.,0.));
#3669 = LINE('',#3670,#3671);
#3670 = CARTESIAN_POINT('',(8.75,6.,0.));
#3671 = VECTOR('',#3672,1.);
#3672 = DIRECTION('',(-0.,1.,0.));
#3673 = ORIENTED_EDGE('',*,*,#3674,.F.);
#3674 = EDGE_CURVE('',#3675,#3667,#3677,.T.);
#3675 = VERTEX_POINT('',#3676);
#3676 = CARTESIAN_POINT('',(5.25,9.,0.));
#3677 = LINE('',#3678,#3679);
#3678 = CARTESIAN_POINT('',(0.,9.,0.));
#3679 = VECTOR('',#3680,1.);
#3680 = DIRECTION('',(1.,0.,0.));
#3681 = ORIENTED_EDGE('',*,*,#3682,.T.);
#3682 = EDGE_CURVE('',#3675,#3683,#3685,.T.);
#3683 = VERTEX_POINT('',#3684);
#3684 = CARTESIAN_POINT('',(5.25,-2.5,0.));
#3685 = LINE('',#3686,#3687);
#3686 = CARTESIAN_POINT('',(5.25,0.,0.));
#3687 = VECTOR('',#3688,1.);
#3688 = DIRECTION('',(0.,-1.,0.));
#3689 = ORIENTED_EDGE('',*,*,#3690,.T.);
#3690 = EDGE_CURVE('',#3683,#3691,#3693,.T.);
#3691 = VERTEX_POINT('',#3692);
#3692 = CARTESIAN_POINT('',(-5.25,-2.5,0.));
#3693 = CIRCLE('',#3694,5.25);
#3694 = AXIS2_PLACEMENT_3D('',#3695,#3696,#3697);
#3695 = CARTESIAN_POINT('',(0.,-2.5,0.));
#3696 = DIRECTION('',(0.,0.,-1.));
#3697 = DIRECTION('',(-1.,0.,0.));
#3698 = ORIENTED_EDGE('',*,*,#3699,.T.);
#3699 = EDGE_CURVE('',#3691,#3700,#3702,.T.);
#3700 = VERTEX_POINT('',#3701);
#3701 = CARTESIAN_POINT('',(-5.25,9.,0.));
#3702 = LINE('',#3703,#3704);
#3703 = CARTESIAN_POINT('',(-5.25,7.589415207399E-16,0.));
#3704 = VECTOR('',#3705,1.);
#3705 = DIRECTION('',(1.445602896647E-16,1.,0.));
#3706 = ORIENTED_EDGE('',*,*,#3707,.T.);
#3707 = EDGE_CURVE('',#3700,#3708,#3710,.T.);
#3708 = VERTEX_POINT('',#3709);
#3709 = CARTESIAN_POINT('',(-8.75,9.,-0.));
#3710 = LINE('',#3711,#3712);
#3711 = CARTESIAN_POINT('',(0.,9.,-3.295974604356E-14));
#3712 = VECTOR('',#3713,1.);
#3713 = DIRECTION('',(-1.,0.,0.));
#3714 = ORIENTED_EDGE('',*,*,#3715,.F.);
#3715 = EDGE_CURVE('',#3437,#3708,#3716,.T.);
#3716 = LINE('',#3717,#3718);
#3717 = CARTESIAN_POINT('',(-8.75,0.,-0.));
#3718 = VECTOR('',#3719,1.);
#3719 = DIRECTION('',(-0.,1.,-0.));
#3720 = ORIENTED_EDGE('',*,*,#3436,.T.);
#3721 = ORIENTED_EDGE('',*,*,#3722,.F.);
#3722 = EDGE_CURVE('',#3723,#3427,#3725,.T.);
#3723 = VERTEX_POINT('',#3724);
#3724 = CARTESIAN_POINT('',(-10.5,2.75,0.));
#3725 = LINE('',#3726,#3727);
#3726 = CARTESIAN_POINT('',(-10.5,2.75,0.));
#3727 = VECTOR('',#3728,1.);
#3728 = DIRECTION('',(1.,0.,0.));
#3729 = ORIENTED_EDGE('',*,*,#3730,.F.);
#3730 = EDGE_CURVE('',#3731,#3723,#3733,.T.);
#3731 = VERTEX_POINT('',#3732);
#3732 = CARTESIAN_POINT('',(-10.5,-0.75,1.084202172486E-15));
#3733 = LINE('',#3734,#3735);
#3734 = CARTESIAN_POINT('',(-10.5,-0.75,1.084202172486E-15));
#3735 = VECTOR('',#3736,1.);
#3736 = DIRECTION('',(-0.,1.,-3.066586833367E-16));
#3737 = ORIENTED_EDGE('',*,*,#3738,.F.);
#3738 = EDGE_CURVE('',#3739,#3731,#3741,.T.);
#3739 = VERTEX_POINT('',#3740);
#3740 = CARTESIAN_POINT('',(-10.5,-0.8,0.));
#3741 = LINE('',#3742,#3743);
#3742 = CARTESIAN_POINT('',(-10.5,-0.75,0.));
#3743 = VECTOR('',#3744,1.);
#3744 = DIRECTION('',(-0.,1.,-0.));
#3745 = ORIENTED_EDGE('',*,*,#3746,.T.);
#3746 = EDGE_CURVE('',#3739,#3747,#3749,.T.);
#3747 = VERTEX_POINT('',#3748);
#3748 = CARTESIAN_POINT('',(-12.38194184136,-0.8,0.));
#3749 = LINE('',#3750,#3751);
#3750 = CARTESIAN_POINT('',(-10.5,-0.8,0.));
#3751 = VECTOR('',#3752,1.);
#3752 = DIRECTION('',(-1.,-1.152216448624E-16,0.));
#3753 = ORIENTED_EDGE('',*,*,#3754,.T.);
#3754 = EDGE_CURVE('',#3747,#3618,#3755,.T.);
#3755 = LINE('',#3756,#3757);
#3756 = CARTESIAN_POINT('',(-12.38194184136,-1.5,0.));
#3757 = VECTOR('',#3758,1.);
#3758 = DIRECTION('',(-0.,-1.,-0.));
#3759 = PLANE('',#3760);
#3760 = AXIS2_PLACEMENT_3D('',#3761,#3762,#3763);
#3761 = CARTESIAN_POINT('',(0.,0.,0.));
#3762 = DIRECTION('',(0.,0.,-1.));
#3763 = DIRECTION('',(-1.,0.,-0.));
#3764 = ADVANCED_FACE('',(#3765),#3781,.T.);
#3765 = FACE_BOUND('',#3766,.T.);
#3766 = EDGE_LOOP('',(#3767,#3768,#3774,#3775));
#3767 = ORIENTED_EDGE('',*,*,#3617,.F.);
#3768 = ORIENTED_EDGE('',*,*,#3769,.T.);
#3769 = EDGE_CURVE('',#3618,#3477,#3770,.T.);
#3770 = LINE('',#3771,#3772);
#3771 = CARTESIAN_POINT('',(-12.38194184136,-9.5,-0.5));
#3772 = VECTOR('',#3773,1.);
#3773 = DIRECTION('',(-0.,-0.,-1.));
#3774 = ORIENTED_EDGE('',*,*,#3476,.T.);
#3775 = ORIENTED_EDGE('',*,*,#3776,.T.);
#3776 = EDGE_CURVE('',#3467,#3620,#3777,.T.);
#3777 = LINE('',#3778,#3779);
#3778 = CARTESIAN_POINT('',(12.381941841362,-9.5,-0.5));
#3779 = VECTOR('',#3780,1.);
#3780 = DIRECTION('',(-0.,-0.,1.));
#3781 = PLANE('',#3782);
#3782 = AXIS2_PLACEMENT_3D('',#3783,#3784,#3785);
#3783 = CARTESIAN_POINT('',(-8.75,-9.5,-0.5));
#3784 = DIRECTION('',(0.,-1.,0.));
#3785 = DIRECTION('',(0.,-0.,-1.));
#3786 = ADVANCED_FACE('',(#3787),#3805,.T.);
#3787 = FACE_BOUND('',#3788,.T.);
#3788 = EDGE_LOOP('',(#3789,#3790,#3796,#3797,#3798,#3799));
#3789 = ORIENTED_EDGE('',*,*,#3373,.F.);
#3790 = ORIENTED_EDGE('',*,*,#3791,.T.);
#3791 = EDGE_CURVE('',#3366,#3667,#3792,.T.);
#3792 = LINE('',#3793,#3794);
#3793 = CARTESIAN_POINT('',(8.75,9.,-3.295974604356E-14));
#3794 = VECTOR('',#3795,1.);
#3795 = DIRECTION('',(0.,-3.469446951954E-15,-1.));
#3796 = ORIENTED_EDGE('',*,*,#3666,.F.);
#3797 = ORIENTED_EDGE('',*,*,#3341,.T.);
#3798 = ORIENTED_EDGE('',*,*,#3572,.T.);
#3799 = ORIENTED_EDGE('',*,*,#3800,.F.);
#3800 = EDGE_CURVE('',#3374,#3565,#3801,.T.);
#3801 = LINE('',#3802,#3803);
#3802 = CARTESIAN_POINT('',(8.75,9.5,3.));
#3803 = VECTOR('',#3804,1.);
#3804 = DIRECTION('',(0.,-3.469446951954E-15,-1.));
#3805 = PLANE('',#3806);
#3806 = AXIS2_PLACEMENT_3D('',#3807,#3808,#3809);
#3807 = CARTESIAN_POINT('',(8.75,6.,3.));
#3808 = DIRECTION('',(1.,0.,0.));
#3809 = DIRECTION('',(0.,0.,-1.));
#3810 = ADVANCED_FACE('',(#3811),#3829,.F.);
#3811 = FACE_BOUND('',#3812,.T.);
#3812 = EDGE_LOOP('',(#3813,#3814,#3820,#3821,#3827,#3828));
#3813 = ORIENTED_EDGE('',*,*,#3715,.T.);
#3814 = ORIENTED_EDGE('',*,*,#3815,.F.);
#3815 = EDGE_CURVE('',#3238,#3708,#3816,.T.);
#3816 = LINE('',#3817,#3818);
#3817 = CARTESIAN_POINT('',(-8.75,9.,3.));
#3818 = VECTOR('',#3819,1.);
#3819 = DIRECTION('',(0.,-3.469446951954E-15,-1.));
#3820 = ORIENTED_EDGE('',*,*,#3261,.T.);
#3821 = ORIENTED_EDGE('',*,*,#3822,.T.);
#3822 = EDGE_CURVE('',#3254,#3524,#3823,.T.);
#3823 = LINE('',#3824,#3825);
#3824 = CARTESIAN_POINT('',(-8.75,9.5,-3.470548671298E-14));
#3825 = VECTOR('',#3826,1.);
#3826 = DIRECTION('',(0.,-3.469446951954E-15,-1.));
#3827 = ORIENTED_EDGE('',*,*,#3523,.F.);
#3828 = ORIENTED_EDGE('',*,*,#3444,.F.);
#3829 = PLANE('',#3830);
#3830 = AXIS2_PLACEMENT_3D('',#3831,#3832,#3833);
#3831 = CARTESIAN_POINT('',(-8.75,6.,3.));
#3832 = DIRECTION('',(1.,0.,0.));
#3833 = DIRECTION('',(0.,0.,-1.));
#3834 = ADVANCED_FACE('',(#3835),#3869,.T.);
#3835 = FACE_BOUND('',#3836,.T.);
#3836 = EDGE_LOOP('',(#3837,#3847,#3855,#3863));
#3837 = ORIENTED_EDGE('',*,*,#3838,.F.);
#3838 = EDGE_CURVE('',#3839,#3841,#3843,.T.);
#3839 = VERTEX_POINT('',#3840);
#3840 = CARTESIAN_POINT('',(-8.75,9.,9.75));
#3841 = VERTEX_POINT('',#3842);
#3842 = CARTESIAN_POINT('',(-8.75,9.5,9.75));
#3843 = LINE('',#3844,#3845);
#3844 = CARTESIAN_POINT('',(-8.75,9.,9.75));
#3845 = VECTOR('',#3846,1.);
#3846 = DIRECTION('',(0.,1.,-3.271025955591E-15));
#3847 = ORIENTED_EDGE('',*,*,#3848,.F.);
#3848 = EDGE_CURVE('',#3849,#3839,#3851,.T.);
#3849 = VERTEX_POINT('',#3850);
#3850 = CARTESIAN_POINT('',(-8.75,9.,18.5));
#3851 = LINE('',#3852,#3853);
#3852 = CARTESIAN_POINT('',(-8.75,9.,-3.295974604356E-14));
#3853 = VECTOR('',#3854,1.);
#3854 = DIRECTION('',(-0.,-3.469446951954E-15,-1.));
#3855 = ORIENTED_EDGE('',*,*,#3856,.F.);
#3856 = EDGE_CURVE('',#3857,#3849,#3859,.T.);
#3857 = VERTEX_POINT('',#3858);
#3858 = CARTESIAN_POINT('',(-8.75,9.5,18.5));
#3859 = LINE('',#3860,#3861);
#3860 = CARTESIAN_POINT('',(-8.75,9.5,18.5));
#3861 = VECTOR('',#3862,1.);
#3862 = DIRECTION('',(0.,-1.,3.491481338843E-15));
#3863 = ORIENTED_EDGE('',*,*,#3864,.T.);
#3864 = EDGE_CURVE('',#3857,#3841,#3865,.T.);
#3865 = LINE('',#3866,#3867);
#3866 = CARTESIAN_POINT('',(-8.75,9.5,-1.745740669422E-15));
#3867 = VECTOR('',#3868,1.);
#3868 = DIRECTION('',(0.,-3.469446951954E-15,-1.));
#3869 = PLANE('',#3870);
#3870 = AXIS2_PLACEMENT_3D('',#3871,#3872,#3873);
#3871 = CARTESIAN_POINT('',(-8.75,9.5,-1.745740669422E-15));
#3872 = DIRECTION('',(-1.,0.,0.));
#3873 = DIRECTION('',(0.,0.,1.));
#3874 = ADVANCED_FACE('',(#3875),#3983,.T.);
#3875 = FACE_BOUND('',#3876,.T.);
#3876 = EDGE_LOOP('',(#3877,#3878,#3886,#3894,#3903,#3909,#3910,#3911,
    #3919,#3927,#3933,#3934,#3935,#3936,#3944,#3952,#3958,#3959,#3960,
    #3961,#3969,#3977));
#3877 = ORIENTED_EDGE('',*,*,#3864,.F.);
#3878 = ORIENTED_EDGE('',*,*,#3879,.F.);
#3879 = EDGE_CURVE('',#3880,#3857,#3882,.T.);
#3880 = VERTEX_POINT('',#3881);
#3881 = CARTESIAN_POINT('',(-5.25,9.5,18.5));
#3882 = LINE('',#3883,#3884);
#3883 = CARTESIAN_POINT('',(-8.75,9.5,18.5));
#3884 = VECTOR('',#3885,1.);
#3885 = DIRECTION('',(-1.,0.,0.));
#3886 = ORIENTED_EDGE('',*,*,#3887,.F.);
#3887 = EDGE_CURVE('',#3888,#3880,#3890,.T.);
#3888 = VERTEX_POINT('',#3889);
#3889 = CARTESIAN_POINT('',(-5.25,9.5,11.5));
#3890 = LINE('',#3891,#3892);
#3891 = CARTESIAN_POINT('',(-5.25,9.5,11.5));
#3892 = VECTOR('',#3893,1.);
#3893 = DIRECTION('',(1.239088197126E-16,3.469446951954E-15,1.));
#3894 = ORIENTED_EDGE('',*,*,#3895,.F.);
#3895 = EDGE_CURVE('',#3896,#3888,#3898,.T.);
#3896 = VERTEX_POINT('',#3897);
#3897 = CARTESIAN_POINT('',(5.25,9.5,11.5));
#3898 = CIRCLE('',#3899,5.25);
#3899 = AXIS2_PLACEMENT_3D('',#3900,#3901,#3902);
#3900 = CARTESIAN_POINT('',(0.,9.5,11.5));
#3901 = DIRECTION('',(0.,1.,-3.469446951954E-15));
#3902 = DIRECTION('',(0.,3.469446951954E-15,1.));
#3903 = ORIENTED_EDGE('',*,*,#3904,.F.);
#3904 = EDGE_CURVE('',#3398,#3896,#3905,.T.);
#3905 = LINE('',#3906,#3907);
#3906 = CARTESIAN_POINT('',(5.25,9.5,18.5));
#3907 = VECTOR('',#3908,1.);
#3908 = DIRECTION('',(1.239088197126E-16,-3.469446951954E-15,-1.));
#3909 = ORIENTED_EDGE('',*,*,#3412,.F.);
#3910 = ORIENTED_EDGE('',*,*,#3293,.F.);
#3911 = ORIENTED_EDGE('',*,*,#3912,.F.);
#3912 = EDGE_CURVE('',#3913,#3286,#3915,.T.);
#3913 = VERTEX_POINT('',#3914);
#3914 = CARTESIAN_POINT('',(10.5,9.5,9.75));
#3915 = LINE('',#3916,#3917);
#3916 = CARTESIAN_POINT('',(10.5,9.5,9.75));
#3917 = VECTOR('',#3918,1.);
#3918 = DIRECTION('',(-1.,0.,0.));
#3919 = ORIENTED_EDGE('',*,*,#3920,.T.);
#3920 = EDGE_CURVE('',#3913,#3921,#3923,.T.);
#3921 = VERTEX_POINT('',#3922);
#3922 = CARTESIAN_POINT('',(10.5,9.5,6.25));
#3923 = LINE('',#3924,#3925);
#3924 = CARTESIAN_POINT('',(10.5,9.5,9.75));
#3925 = VECTOR('',#3926,1.);
#3926 = DIRECTION('',(-0.,-3.271025955591E-15,-1.));
#3927 = ORIENTED_EDGE('',*,*,#3928,.T.);
#3928 = EDGE_CURVE('',#3921,#3358,#3929,.T.);
#3929 = LINE('',#3930,#3931);
#3930 = CARTESIAN_POINT('',(10.5,9.5,6.25));
#3931 = VECTOR('',#3932,1.);
#3932 = DIRECTION('',(-1.,0.,0.));
#3933 = ORIENTED_EDGE('',*,*,#3381,.F.);
#3934 = ORIENTED_EDGE('',*,*,#3800,.T.);
#3935 = ORIENTED_EDGE('',*,*,#3564,.T.);
#3936 = ORIENTED_EDGE('',*,*,#3937,.F.);
#3937 = EDGE_CURVE('',#3938,#3557,#3940,.T.);
#3938 = VERTEX_POINT('',#3939);
#3939 = CARTESIAN_POINT('',(5.25,9.5,3.));
#3940 = LINE('',#3941,#3942);
#3941 = CARTESIAN_POINT('',(5.25,9.5,-3.470548671298E-14));
#3942 = VECTOR('',#3943,1.);
#3943 = DIRECTION('',(0.,-3.469446951954E-15,-1.));
#3944 = ORIENTED_EDGE('',*,*,#3945,.F.);
#3945 = EDGE_CURVE('',#3946,#3938,#3948,.T.);
#3946 = VERTEX_POINT('',#3947);
#3947 = CARTESIAN_POINT('',(-5.25,9.5,3.));
#3948 = LINE('',#3949,#3950);
#3949 = CARTESIAN_POINT('',(5.25,9.5,3.));
#3950 = VECTOR('',#3951,1.);
#3951 = DIRECTION('',(1.,-1.652117596168E-16,-0.));
#3952 = ORIENTED_EDGE('',*,*,#3953,.T.);
#3953 = EDGE_CURVE('',#3946,#3532,#3954,.T.);
#3954 = LINE('',#3955,#3956);
#3955 = CARTESIAN_POINT('',(-5.25,9.5,3.));
#3956 = VECTOR('',#3957,1.);
#3957 = DIRECTION('',(-5.015442563508E-31,-3.469446951954E-15,-1.));
#3958 = ORIENTED_EDGE('',*,*,#3531,.F.);
#3959 = ORIENTED_EDGE('',*,*,#3822,.F.);
#3960 = ORIENTED_EDGE('',*,*,#3253,.F.);
#3961 = ORIENTED_EDGE('',*,*,#3962,.F.);
#3962 = EDGE_CURVE('',#3963,#3246,#3965,.T.);
#3963 = VERTEX_POINT('',#3964);
#3964 = CARTESIAN_POINT('',(-10.5,9.5,6.25));
#3965 = LINE('',#3966,#3967);
#3966 = CARTESIAN_POINT('',(-10.5,9.5,6.25));
#3967 = VECTOR('',#3968,1.);
#3968 = DIRECTION('',(1.,-0.,0.));
#3969 = ORIENTED_EDGE('',*,*,#3970,.T.);
#3970 = EDGE_CURVE('',#3963,#3971,#3973,.T.);
#3971 = VERTEX_POINT('',#3972);
#3972 = CARTESIAN_POINT('',(-10.5,9.5,9.75));
#3973 = LINE('',#3974,#3975);
#3974 = CARTESIAN_POINT('',(-10.5,9.5,6.25));
#3975 = VECTOR('',#3976,1.);
#3976 = DIRECTION('',(0.,3.271025955591E-15,1.));
#3977 = ORIENTED_EDGE('',*,*,#3978,.T.);
#3978 = EDGE_CURVE('',#3971,#3841,#3979,.T.);
#3979 = LINE('',#3980,#3981);
#3980 = CARTESIAN_POINT('',(-10.5,9.5,9.75));
#3981 = VECTOR('',#3982,1.);
#3982 = DIRECTION('',(1.,-0.,0.));
#3983 = PLANE('',#3984);
#3984 = AXIS2_PLACEMENT_3D('',#3985,#3986,#3987);
#3985 = CARTESIAN_POINT('',(0.,9.5,-3.470548671298E-14));
#3986 = DIRECTION('',(0.,1.,-3.469446951954E-15));
#3987 = DIRECTION('',(0.,3.469446951954E-15,1.));
#3988 = ADVANCED_FACE('',(#3989),#4097,.F.);
#3989 = FACE_BOUND('',#3990,.T.);
#3990 = EDGE_LOOP('',(#3991,#3999,#4000,#4008,#4016,#4022,#4023,#4024,
    #4025,#4033,#4041,#4047,#4048,#4049,#4050,#4058,#4066,#4072,#4073,
    #4074,#4082,#4091));
#3991 = ORIENTED_EDGE('',*,*,#3992,.T.);
#3992 = EDGE_CURVE('',#3993,#3849,#3995,.T.);
#3993 = VERTEX_POINT('',#3994);
#3994 = CARTESIAN_POINT('',(-5.25,9.,18.5));
#3995 = LINE('',#3996,#3997);
#3996 = CARTESIAN_POINT('',(0.,9.,18.5));
#3997 = VECTOR('',#3998,1.);
#3998 = DIRECTION('',(-1.,-0.,-0.));
#3999 = ORIENTED_EDGE('',*,*,#3848,.T.);
#4000 = ORIENTED_EDGE('',*,*,#4001,.F.);
#4001 = EDGE_CURVE('',#4002,#3839,#4004,.T.);
#4002 = VERTEX_POINT('',#4003);
#4003 = CARTESIAN_POINT('',(-10.5,9.,9.75));
#4004 = LINE('',#4005,#4006);
#4005 = CARTESIAN_POINT('',(-10.5,9.,9.75));
#4006 = VECTOR('',#4007,1.);
#4007 = DIRECTION('',(1.,-0.,0.));
#4008 = ORIENTED_EDGE('',*,*,#4009,.F.);
#4009 = EDGE_CURVE('',#4010,#4002,#4012,.T.);
#4010 = VERTEX_POINT('',#4011);
#4011 = CARTESIAN_POINT('',(-10.5,9.,6.25));
#4012 = LINE('',#4013,#4014);
#4013 = CARTESIAN_POINT('',(-10.5,9.,6.25));
#4014 = VECTOR('',#4015,1.);
#4015 = DIRECTION('',(0.,3.271025955591E-15,1.));
#4016 = ORIENTED_EDGE('',*,*,#4017,.T.);
#4017 = EDGE_CURVE('',#4010,#3236,#4018,.T.);
#4018 = LINE('',#4019,#4020);
#4019 = CARTESIAN_POINT('',(-10.5,9.,6.25));
#4020 = VECTOR('',#4021,1.);
#4021 = DIRECTION('',(1.,-0.,0.));
#4022 = ORIENTED_EDGE('',*,*,#3235,.T.);
#4023 = ORIENTED_EDGE('',*,*,#3815,.T.);
#4024 = ORIENTED_EDGE('',*,*,#3707,.F.);
#4025 = ORIENTED_EDGE('',*,*,#4026,.F.);
#4026 = EDGE_CURVE('',#4027,#3700,#4029,.T.);
#4027 = VERTEX_POINT('',#4028);
#4028 = CARTESIAN_POINT('',(-5.25,9.,3.));
#4029 = LINE('',#4030,#4031);
#4030 = CARTESIAN_POINT('',(-5.25,9.,-3.295974604356E-14));
#4031 = VECTOR('',#4032,1.);
#4032 = DIRECTION('',(-5.015442563508E-31,-3.469446951954E-15,-1.));
#4033 = ORIENTED_EDGE('',*,*,#4034,.F.);
#4034 = EDGE_CURVE('',#4035,#4027,#4037,.T.);
#4035 = VERTEX_POINT('',#4036);
#4036 = CARTESIAN_POINT('',(5.25,9.,3.));
#4037 = LINE('',#4038,#4039);
#4038 = CARTESIAN_POINT('',(8.75,9.,3.));
#4039 = VECTOR('',#4040,1.);
#4040 = DIRECTION('',(-1.,-0.,-0.));
#4041 = ORIENTED_EDGE('',*,*,#4042,.T.);
#4042 = EDGE_CURVE('',#4035,#3675,#4043,.T.);
#4043 = LINE('',#4044,#4045);
#4044 = CARTESIAN_POINT('',(5.25,9.,3.));
#4045 = VECTOR('',#4046,1.);
#4046 = DIRECTION('',(0.,-3.469446951954E-15,-1.));
#4047 = ORIENTED_EDGE('',*,*,#3674,.T.);
#4048 = ORIENTED_EDGE('',*,*,#3791,.F.);
#4049 = ORIENTED_EDGE('',*,*,#3365,.T.);
#4050 = ORIENTED_EDGE('',*,*,#4051,.F.);
#4051 = EDGE_CURVE('',#4052,#3356,#4054,.T.);
#4052 = VERTEX_POINT('',#4053);
#4053 = CARTESIAN_POINT('',(10.5,9.,6.25));
#4054 = LINE('',#4055,#4056);
#4055 = CARTESIAN_POINT('',(10.5,9.,6.25));
#4056 = VECTOR('',#4057,1.);
#4057 = DIRECTION('',(-1.,0.,0.));
#4058 = ORIENTED_EDGE('',*,*,#4059,.F.);
#4059 = EDGE_CURVE('',#4060,#4052,#4062,.T.);
#4060 = VERTEX_POINT('',#4061);
#4061 = CARTESIAN_POINT('',(10.5,9.,9.75));
#4062 = LINE('',#4063,#4064);
#4063 = CARTESIAN_POINT('',(10.5,9.,9.75));
#4064 = VECTOR('',#4065,1.);
#4065 = DIRECTION('',(-0.,-3.271025955591E-15,-1.));
#4066 = ORIENTED_EDGE('',*,*,#4067,.T.);
#4067 = EDGE_CURVE('',#4060,#3276,#4068,.T.);
#4068 = LINE('',#4069,#4070);
#4069 = CARTESIAN_POINT('',(10.5,9.,9.75));
#4070 = VECTOR('',#4071,1.);
#4071 = DIRECTION('',(-1.,0.,0.));
#4072 = ORIENTED_EDGE('',*,*,#3275,.T.);
#4073 = ORIENTED_EDGE('',*,*,#3405,.T.);
#4074 = ORIENTED_EDGE('',*,*,#4075,.T.);
#4075 = EDGE_CURVE('',#3396,#4076,#4078,.T.);
#4076 = VERTEX_POINT('',#4077);
#4077 = CARTESIAN_POINT('',(5.25,9.,11.5));
#4078 = LINE('',#4079,#4080);
#4079 = CARTESIAN_POINT('',(5.25,9.,-3.230922474007E-14));
#4080 = VECTOR('',#4081,1.);
#4081 = DIRECTION('',(1.239088197126E-16,-3.469446951954E-15,-1.));
#4082 = ORIENTED_EDGE('',*,*,#4083,.T.);
#4083 = EDGE_CURVE('',#4076,#4084,#4086,.T.);
#4084 = VERTEX_POINT('',#4085);
#4085 = CARTESIAN_POINT('',(-5.25,9.,11.5));
#4086 = CIRCLE('',#4087,5.25);
#4087 = AXIS2_PLACEMENT_3D('',#4088,#4089,#4090);
#4088 = CARTESIAN_POINT('',(0.,9.,11.5));
#4089 = DIRECTION('',(0.,1.,-3.469446951954E-15));
#4090 = DIRECTION('',(0.,3.469446951954E-15,1.));
#4091 = ORIENTED_EDGE('',*,*,#4092,.T.);
#4092 = EDGE_CURVE('',#4084,#3993,#4093,.T.);
#4093 = LINE('',#4094,#4095);
#4094 = CARTESIAN_POINT('',(-5.25,9.,-3.230922474007E-14));
#4095 = VECTOR('',#4096,1.);
#4096 = DIRECTION('',(1.239088197126E-16,3.469446951954E-15,1.));
#4097 = PLANE('',#4098);
#4098 = AXIS2_PLACEMENT_3D('',#4099,#4100,#4101);
#4099 = CARTESIAN_POINT('',(0.,9.,-3.295974604356E-14));
#4100 = DIRECTION('',(0.,1.,-3.469446951954E-15));
#4101 = DIRECTION('',(0.,3.469446951954E-15,1.));
#4102 = ADVANCED_FACE('',(#4103),#4114,.T.);
#4103 = FACE_BOUND('',#4104,.T.);
#4104 = EDGE_LOOP('',(#4105,#4111,#4112,#4113));
#4105 = ORIENTED_EDGE('',*,*,#4106,.F.);
#4106 = EDGE_CURVE('',#3880,#3993,#4107,.T.);
#4107 = LINE('',#4108,#4109);
#4108 = CARTESIAN_POINT('',(-5.25,9.5,18.5));
#4109 = VECTOR('',#4110,1.);
#4110 = DIRECTION('',(2.730254872572E-33,-1.,3.491481338843E-15));
#4111 = ORIENTED_EDGE('',*,*,#3879,.T.);
#4112 = ORIENTED_EDGE('',*,*,#3856,.T.);
#4113 = ORIENTED_EDGE('',*,*,#3992,.F.);
#4114 = PLANE('',#4115);
#4115 = AXIS2_PLACEMENT_3D('',#4116,#4117,#4118);
#4116 = CARTESIAN_POINT('',(-8.75,9.5,18.5));
#4117 = DIRECTION('',(-0.,3.491481338843E-15,1.));
#4118 = DIRECTION('',(0.,-1.,3.491481338843E-15));
#4119 = ADVANCED_FACE('',(#4120),#4136,.F.);
#4120 = FACE_BOUND('',#4121,.F.);
#4121 = EDGE_LOOP('',(#4122,#4123,#4129,#4130));
#4122 = ORIENTED_EDGE('',*,*,#3690,.T.);
#4123 = ORIENTED_EDGE('',*,*,#4124,.T.);
#4124 = EDGE_CURVE('',#3691,#3540,#4125,.T.);
#4125 = LINE('',#4126,#4127);
#4126 = CARTESIAN_POINT('',(-5.25,-2.5,3.));
#4127 = VECTOR('',#4128,1.);
#4128 = DIRECTION('',(-0.,-0.,-1.));
#4129 = ORIENTED_EDGE('',*,*,#3547,.F.);
#4130 = ORIENTED_EDGE('',*,*,#4131,.F.);
#4131 = EDGE_CURVE('',#3683,#3548,#4132,.T.);
#4132 = LINE('',#4133,#4134);
#4133 = CARTESIAN_POINT('',(5.25,-2.5,3.));
#4134 = VECTOR('',#4135,1.);
#4135 = DIRECTION('',(-0.,-0.,-1.));
#4136 = CYLINDRICAL_SURFACE('',#4137,5.25);
#4137 = AXIS2_PLACEMENT_3D('',#4138,#4139,#4140);
#4138 = CARTESIAN_POINT('',(0.,-2.5,3.));
#4139 = DIRECTION('',(-0.,-0.,-1.));
#4140 = DIRECTION('',(-1.,0.,0.));
#4141 = ADVANCED_FACE('',(#4142),#4155,.F.);
#4142 = FACE_BOUND('',#4143,.T.);
#4143 = EDGE_LOOP('',(#4144,#4150,#4151,#4152,#4153,#4154));
#4144 = ORIENTED_EDGE('',*,*,#4145,.F.);
#4145 = EDGE_CURVE('',#3938,#4035,#4146,.T.);
#4146 = LINE('',#4147,#4148);
#4147 = CARTESIAN_POINT('',(5.25,-2.5,3.));
#4148 = VECTOR('',#4149,1.);
#4149 = DIRECTION('',(-0.,-1.,-0.));
#4150 = ORIENTED_EDGE('',*,*,#3937,.T.);
#4151 = ORIENTED_EDGE('',*,*,#3556,.T.);
#4152 = ORIENTED_EDGE('',*,*,#4131,.F.);
#4153 = ORIENTED_EDGE('',*,*,#3682,.F.);
#4154 = ORIENTED_EDGE('',*,*,#4042,.F.);
#4155 = PLANE('',#4156);
#4156 = AXIS2_PLACEMENT_3D('',#4157,#4158,#4159);
#4157 = CARTESIAN_POINT('',(5.25,-2.5,3.));
#4158 = DIRECTION('',(1.,0.,0.));
#4159 = DIRECTION('',(0.,0.,-1.));
#4160 = ADVANCED_FACE('',(#4161),#4174,.F.);
#4161 = FACE_BOUND('',#4162,.T.);
#4162 = EDGE_LOOP('',(#4163,#4164,#4165,#4171,#4172,#4173));
#4163 = ORIENTED_EDGE('',*,*,#3539,.T.);
#4164 = ORIENTED_EDGE('',*,*,#3953,.F.);
#4165 = ORIENTED_EDGE('',*,*,#4166,.F.);
#4166 = EDGE_CURVE('',#4027,#3946,#4167,.T.);
#4167 = LINE('',#4168,#4169);
#4168 = CARTESIAN_POINT('',(-5.25,9.5,3.));
#4169 = VECTOR('',#4170,1.);
#4170 = DIRECTION('',(1.445602896647E-16,1.,-0.));
#4171 = ORIENTED_EDGE('',*,*,#4026,.T.);
#4172 = ORIENTED_EDGE('',*,*,#3699,.F.);
#4173 = ORIENTED_EDGE('',*,*,#4124,.T.);
#4174 = PLANE('',#4175);
#4175 = AXIS2_PLACEMENT_3D('',#4176,#4177,#4178);
#4176 = CARTESIAN_POINT('',(-5.25,9.5,3.));
#4177 = DIRECTION('',(-1.,1.445602896647E-16,0.));
#4178 = DIRECTION('',(-1.445602896647E-16,-1.,0.));
#4179 = ADVANCED_FACE('',(#4180),#4186,.T.);
#4180 = FACE_BOUND('',#4181,.T.);
#4181 = EDGE_LOOP('',(#4182,#4183,#4184,#4185));
#4182 = ORIENTED_EDGE('',*,*,#4034,.T.);
#4183 = ORIENTED_EDGE('',*,*,#4166,.T.);
#4184 = ORIENTED_EDGE('',*,*,#3945,.T.);
#4185 = ORIENTED_EDGE('',*,*,#4145,.T.);
#4186 = PLANE('',#4187);
#4187 = AXIS2_PLACEMENT_3D('',#4188,#4189,#4190);
#4188 = CARTESIAN_POINT('',(0.,-2.5,3.));
#4189 = DIRECTION('',(0.,0.,-1.));
#4190 = DIRECTION('',(-1.,0.,-0.));
#4191 = ADVANCED_FACE('',(#4192),#4208,.F.);
#4192 = FACE_BOUND('',#4193,.F.);
#4193 = EDGE_LOOP('',(#4194,#4195,#4201,#4202));
#4194 = ORIENTED_EDGE('',*,*,#4083,.T.);
#4195 = ORIENTED_EDGE('',*,*,#4196,.T.);
#4196 = EDGE_CURVE('',#4084,#3888,#4197,.T.);
#4197 = LINE('',#4198,#4199);
#4198 = CARTESIAN_POINT('',(-5.25,-0.5,11.5));
#4199 = VECTOR('',#4200,1.);
#4200 = DIRECTION('',(-0.,1.,-3.469446951954E-15));
#4201 = ORIENTED_EDGE('',*,*,#3895,.F.);
#4202 = ORIENTED_EDGE('',*,*,#4203,.F.);
#4203 = EDGE_CURVE('',#4076,#3896,#4204,.T.);
#4204 = LINE('',#4205,#4206);
#4205 = CARTESIAN_POINT('',(5.25,-0.5,11.5));
#4206 = VECTOR('',#4207,1.);
#4207 = DIRECTION('',(-0.,1.,-3.469446951954E-15));
#4208 = CYLINDRICAL_SURFACE('',#4209,5.25);
#4209 = AXIS2_PLACEMENT_3D('',#4210,#4211,#4212);
#4210 = CARTESIAN_POINT('',(0.,-0.5,11.5));
#4211 = DIRECTION('',(-0.,1.,-3.469446951954E-15));
#4212 = DIRECTION('',(0.,3.469446951954E-15,1.));
#4213 = ADVANCED_FACE('',(#4214),#4220,.F.);
#4214 = FACE_BOUND('',#4215,.T.);
#4215 = EDGE_LOOP('',(#4216,#4217,#4218,#4219));
#4216 = ORIENTED_EDGE('',*,*,#3395,.T.);
#4217 = ORIENTED_EDGE('',*,*,#3904,.T.);
#4218 = ORIENTED_EDGE('',*,*,#4203,.F.);
#4219 = ORIENTED_EDGE('',*,*,#4075,.F.);
#4220 = PLANE('',#4221);
#4221 = AXIS2_PLACEMENT_3D('',#4222,#4223,#4224);
#4222 = CARTESIAN_POINT('',(5.25,-0.5,18.5));
#4223 = DIRECTION('',(1.,4.298950768722E-31,1.239088197126E-16));
#4224 = DIRECTION('',(1.239088197126E-16,0.,-1.));
#4225 = ADVANCED_FACE('',(#4226),#4232,.F.);
#4226 = FACE_BOUND('',#4227,.T.);
#4227 = EDGE_LOOP('',(#4228,#4229,#4230,#4231));
#4228 = ORIENTED_EDGE('',*,*,#4196,.T.);
#4229 = ORIENTED_EDGE('',*,*,#3887,.T.);
#4230 = ORIENTED_EDGE('',*,*,#4106,.T.);
#4231 = ORIENTED_EDGE('',*,*,#4092,.F.);
#4232 = PLANE('',#4233);
#4233 = AXIS2_PLACEMENT_3D('',#4234,#4235,#4236);
#4234 = CARTESIAN_POINT('',(-5.25,-0.5,11.5));
#4235 = DIRECTION('',(-1.,4.298950768722E-31,1.239088197126E-16));
#4236 = DIRECTION('',(1.239088197126E-16,0.,1.));
#4237 = ADVANCED_FACE('',(#4238),#4249,.F.);
#4238 = FACE_BOUND('',#4239,.T.);
#4239 = EDGE_LOOP('',(#4240,#4241,#4247,#4248));
#4240 = ORIENTED_EDGE('',*,*,#3516,.F.);
#4241 = ORIENTED_EDGE('',*,*,#4242,.F.);
#4242 = EDGE_CURVE('',#3723,#3509,#4243,.T.);
#4243 = LINE('',#4244,#4245);
#4244 = CARTESIAN_POINT('',(-10.5,2.75,0.));
#4245 = VECTOR('',#4246,1.);
#4246 = DIRECTION('',(0.,0.,-1.));
#4247 = ORIENTED_EDGE('',*,*,#3722,.T.);
#4248 = ORIENTED_EDGE('',*,*,#3426,.T.);
#4249 = PLANE('',#4250);
#4250 = AXIS2_PLACEMENT_3D('',#4251,#4252,#4253);
#4251 = CARTESIAN_POINT('',(-10.5,2.75,0.));
#4252 = DIRECTION('',(0.,-1.,0.));
#4253 = DIRECTION('',(0.,0.,-1.));
#4254 = ADVANCED_FACE('',(#4255),#4266,.T.);
#4255 = FACE_BOUND('',#4256,.T.);
#4256 = EDGE_LOOP('',(#4257,#4258,#4264,#4265));
#4257 = ORIENTED_EDGE('',*,*,#3659,.F.);
#4258 = ORIENTED_EDGE('',*,*,#4259,.T.);
#4259 = EDGE_CURVE('',#3652,#3580,#4260,.T.);
#4260 = LINE('',#4261,#4262);
#4261 = CARTESIAN_POINT('',(10.5,2.75,1.626303258728E-15));
#4262 = VECTOR('',#4263,1.);
#4263 = DIRECTION('',(0.,1.022195611122E-16,-1.));
#4264 = ORIENTED_EDGE('',*,*,#3579,.T.);
#4265 = ORIENTED_EDGE('',*,*,#3325,.F.);
#4266 = PLANE('',#4267);
#4267 = AXIS2_PLACEMENT_3D('',#4268,#4269,#4270);
#4268 = CARTESIAN_POINT('',(10.5,2.75,1.626303258728E-15));
#4269 = DIRECTION('',(0.,1.,1.022195611122E-16));
#4270 = DIRECTION('',(0.,1.022195611122E-16,-1.));
#4271 = ADVANCED_FACE('',(#4272),#4283,.T.);
#4272 = FACE_BOUND('',#4273,.T.);
#4273 = EDGE_LOOP('',(#4274,#4275,#4281,#4282));
#4274 = ORIENTED_EDGE('',*,*,#4067,.F.);
#4275 = ORIENTED_EDGE('',*,*,#4276,.T.);
#4276 = EDGE_CURVE('',#4060,#3913,#4277,.T.);
#4277 = LINE('',#4278,#4279);
#4278 = CARTESIAN_POINT('',(10.5,9.,9.75));
#4279 = VECTOR('',#4280,1.);
#4280 = DIRECTION('',(0.,1.,-3.271025955591E-15));
#4281 = ORIENTED_EDGE('',*,*,#3912,.T.);
#4282 = ORIENTED_EDGE('',*,*,#3285,.F.);
#4283 = PLANE('',#4284);
#4284 = AXIS2_PLACEMENT_3D('',#4285,#4286,#4287);
#4285 = CARTESIAN_POINT('',(10.5,9.,9.75));
#4286 = DIRECTION('',(0.,3.271025955591E-15,1.));
#4287 = DIRECTION('',(0.,1.,-3.271025955591E-15));
#4288 = ADVANCED_FACE('',(#4289),#4300,.F.);
#4289 = FACE_BOUND('',#4290,.T.);
#4290 = EDGE_LOOP('',(#4291,#4292,#4298,#4299));
#4291 = ORIENTED_EDGE('',*,*,#3928,.F.);
#4292 = ORIENTED_EDGE('',*,*,#4293,.F.);
#4293 = EDGE_CURVE('',#4052,#3921,#4294,.T.);
#4294 = LINE('',#4295,#4296);
#4295 = CARTESIAN_POINT('',(10.5,9.,6.25));
#4296 = VECTOR('',#4297,1.);
#4297 = DIRECTION('',(0.,1.,-3.469446951954E-15));
#4298 = ORIENTED_EDGE('',*,*,#4051,.T.);
#4299 = ORIENTED_EDGE('',*,*,#3355,.T.);
#4300 = PLANE('',#4301);
#4301 = AXIS2_PLACEMENT_3D('',#4302,#4303,#4304);
#4302 = CARTESIAN_POINT('',(10.5,9.,6.25));
#4303 = DIRECTION('',(0.,3.469446951954E-15,1.));
#4304 = DIRECTION('',(0.,1.,-3.469446951954E-15));
#4305 = ADVANCED_FACE('',(#4306),#4317,.T.);
#4306 = FACE_BOUND('',#4307,.T.);
#4307 = EDGE_LOOP('',(#4308,#4309,#4315,#4316));
#4308 = ORIENTED_EDGE('',*,*,#4017,.F.);
#4309 = ORIENTED_EDGE('',*,*,#4310,.T.);
#4310 = EDGE_CURVE('',#4010,#3963,#4311,.T.);
#4311 = LINE('',#4312,#4313);
#4312 = CARTESIAN_POINT('',(-10.5,9.,6.25));
#4313 = VECTOR('',#4314,1.);
#4314 = DIRECTION('',(0.,1.,-3.271025955591E-15));
#4315 = ORIENTED_EDGE('',*,*,#3962,.T.);
#4316 = ORIENTED_EDGE('',*,*,#3245,.F.);
#4317 = PLANE('',#4318);
#4318 = AXIS2_PLACEMENT_3D('',#4319,#4320,#4321);
#4319 = CARTESIAN_POINT('',(-10.5,9.,6.25));
#4320 = DIRECTION('',(0.,-3.271025955591E-15,-1.));
#4321 = DIRECTION('',(0.,1.,-3.271025955591E-15));
#4322 = ADVANCED_FACE('',(#4323),#4334,.F.);
#4323 = FACE_BOUND('',#4324,.T.);
#4324 = EDGE_LOOP('',(#4325,#4326,#4332,#4333));
#4325 = ORIENTED_EDGE('',*,*,#3978,.F.);
#4326 = ORIENTED_EDGE('',*,*,#4327,.F.);
#4327 = EDGE_CURVE('',#4002,#3971,#4328,.T.);
#4328 = LINE('',#4329,#4330);
#4329 = CARTESIAN_POINT('',(-10.5,9.,9.75));
#4330 = VECTOR('',#4331,1.);
#4331 = DIRECTION('',(0.,1.,-3.469446951954E-15));
#4332 = ORIENTED_EDGE('',*,*,#4001,.T.);
#4333 = ORIENTED_EDGE('',*,*,#3838,.T.);
#4334 = PLANE('',#4335);
#4335 = AXIS2_PLACEMENT_3D('',#4336,#4337,#4338);
#4336 = CARTESIAN_POINT('',(-10.5,9.,9.75));
#4337 = DIRECTION('',(0.,-3.469446951954E-15,-1.));
#4338 = DIRECTION('',(0.,1.,-3.469446951954E-15));
#4339 = ADVANCED_FACE('',(#4340),#4367,.T.);
#4340 = FACE_BOUND('',#4341,.T.);
#4341 = EDGE_LOOP('',(#4342,#4352,#4359,#4360));
#4342 = ORIENTED_EDGE('',*,*,#4343,.F.);
#4343 = EDGE_CURVE('',#4344,#4346,#4348,.T.);
#4344 = VERTEX_POINT('',#4345);
#4345 = CARTESIAN_POINT('',(10.853553390593,8.853553390593,6.25));
#4346 = VERTEX_POINT('',#4347);
#4347 = CARTESIAN_POINT('',(11.207106781187,9.207106781187,6.25));
#4348 = LINE('',#4349,#4350);
#4349 = CARTESIAN_POINT('',(11.207106781187,9.207106781187,6.25));
#4350 = VECTOR('',#4351,1.);
#4351 = DIRECTION('',(0.707106781187,0.707106781187,-2.289718168914E-15)
  );
#4352 = ORIENTED_EDGE('',*,*,#4353,.F.);
#4353 = EDGE_CURVE('',#4052,#4344,#4354,.T.);
#4354 = CIRCLE('',#4355,0.5);
#4355 = AXIS2_PLACEMENT_3D('',#4356,#4357,#4358);
#4356 = CARTESIAN_POINT('',(10.5,8.5,6.25));
#4357 = DIRECTION('',(-0.,-3.271025955591E-15,-1.));
#4358 = DIRECTION('',(0.,-1.,3.271025955591E-15));
#4359 = ORIENTED_EDGE('',*,*,#4293,.T.);
#4360 = ORIENTED_EDGE('',*,*,#4361,.T.);
#4361 = EDGE_CURVE('',#3921,#4346,#4362,.T.);
#4362 = CIRCLE('',#4363,1.);
#4363 = AXIS2_PLACEMENT_3D('',#4364,#4365,#4366);
#4364 = CARTESIAN_POINT('',(10.5,8.5,6.25));
#4365 = DIRECTION('',(-0.,-3.271025955591E-15,-1.));
#4366 = DIRECTION('',(0.,-1.,3.271025955591E-15));
#4367 = PLANE('',#4368);
#4368 = AXIS2_PLACEMENT_3D('',#4369,#4370,#4371);
#4369 = CARTESIAN_POINT('',(10.5,8.5,6.25));
#4370 = DIRECTION('',(0.,-3.271025955591E-15,-1.));
#4371 = DIRECTION('',(0.,1.,-3.271025955591E-15));
#4372 = ADVANCED_FACE('',(#4373),#4400,.F.);
#4373 = FACE_BOUND('',#4374,.T.);
#4374 = EDGE_LOOP('',(#4375,#4384,#4392,#4399));
#4375 = ORIENTED_EDGE('',*,*,#4376,.F.);
#4376 = EDGE_CURVE('',#4377,#4060,#4379,.T.);
#4377 = VERTEX_POINT('',#4378);
#4378 = CARTESIAN_POINT('',(10.853553390593,8.853553390593,9.75));
#4379 = CIRCLE('',#4380,0.5);
#4380 = AXIS2_PLACEMENT_3D('',#4381,#4382,#4383);
#4381 = CARTESIAN_POINT('',(10.5,8.5,9.75));
#4382 = DIRECTION('',(0.,3.271025955591E-15,1.));
#4383 = DIRECTION('',(0.,-1.,3.271025955591E-15));
#4384 = ORIENTED_EDGE('',*,*,#4385,.T.);
#4385 = EDGE_CURVE('',#4377,#4386,#4388,.T.);
#4386 = VERTEX_POINT('',#4387);
#4387 = CARTESIAN_POINT('',(11.207106781187,9.207106781187,9.75));
#4388 = LINE('',#4389,#4390);
#4389 = CARTESIAN_POINT('',(10.853553390593,8.853553390593,9.75));
#4390 = VECTOR('',#4391,1.);
#4391 = DIRECTION('',(0.707106781187,0.707106781187,-2.289718168914E-15)
  );
#4392 = ORIENTED_EDGE('',*,*,#4393,.T.);
#4393 = EDGE_CURVE('',#4386,#3913,#4394,.T.);
#4394 = CIRCLE('',#4395,1.);
#4395 = AXIS2_PLACEMENT_3D('',#4396,#4397,#4398);
#4396 = CARTESIAN_POINT('',(10.5,8.5,9.75));
#4397 = DIRECTION('',(0.,3.271025955591E-15,1.));
#4398 = DIRECTION('',(0.,-1.,3.271025955591E-15));
#4399 = ORIENTED_EDGE('',*,*,#4276,.F.);
#4400 = PLANE('',#4401);
#4401 = AXIS2_PLACEMENT_3D('',#4402,#4403,#4404);
#4402 = CARTESIAN_POINT('',(10.5,8.5,9.75));
#4403 = DIRECTION('',(0.,-3.271025955591E-15,-1.));
#4404 = DIRECTION('',(0.,1.,-3.271025955591E-15));
#4405 = ADVANCED_FACE('',(#4406),#4417,.T.);
#4406 = FACE_BOUND('',#4407,.T.);
#4407 = EDGE_LOOP('',(#4408,#4409,#4410,#4416));
#4408 = ORIENTED_EDGE('',*,*,#3920,.F.);
#4409 = ORIENTED_EDGE('',*,*,#4393,.F.);
#4410 = ORIENTED_EDGE('',*,*,#4411,.T.);
#4411 = EDGE_CURVE('',#4386,#4346,#4412,.T.);
#4412 = LINE('',#4413,#4414);
#4413 = CARTESIAN_POINT('',(11.207106781187,9.207106781187,6.25));
#4414 = VECTOR('',#4415,1.);
#4415 = DIRECTION('',(4.814854652768E-30,-3.469446951954E-15,-1.));
#4416 = ORIENTED_EDGE('',*,*,#4361,.F.);
#4417 = CYLINDRICAL_SURFACE('',#4418,1.);
#4418 = AXIS2_PLACEMENT_3D('',#4419,#4420,#4421);
#4419 = CARTESIAN_POINT('',(10.5,8.5,9.75));
#4420 = DIRECTION('',(0.,3.271025955591E-15,1.));
#4421 = DIRECTION('',(0.707106781187,0.707106781187,-2.312964634636E-15)
  );
#4422 = ADVANCED_FACE('',(#4423),#4434,.F.);
#4423 = FACE_BOUND('',#4424,.F.);
#4424 = EDGE_LOOP('',(#4425,#4426,#4432,#4433));
#4425 = ORIENTED_EDGE('',*,*,#4376,.F.);
#4426 = ORIENTED_EDGE('',*,*,#4427,.F.);
#4427 = EDGE_CURVE('',#4344,#4377,#4428,.T.);
#4428 = LINE('',#4429,#4430);
#4429 = CARTESIAN_POINT('',(10.853553390593,8.853553390593,6.25));
#4430 = VECTOR('',#4431,1.);
#4431 = DIRECTION('',(-4.814854652768E-30,3.469446951954E-15,1.));
#4432 = ORIENTED_EDGE('',*,*,#4353,.F.);
#4433 = ORIENTED_EDGE('',*,*,#4059,.F.);
#4434 = CYLINDRICAL_SURFACE('',#4435,0.5);
#4435 = AXIS2_PLACEMENT_3D('',#4436,#4437,#4438);
#4436 = CARTESIAN_POINT('',(10.5,8.5,9.75));
#4437 = DIRECTION('',(0.,3.271025955591E-15,1.));
#4438 = DIRECTION('',(0.707106781187,0.707106781187,-2.312964634636E-15)
  );
#4439 = ADVANCED_FACE('',(#4440),#4465,.F.);
#4440 = FACE_BOUND('',#4441,.T.);
#4441 = EDGE_LOOP('',(#4442,#4450,#4458,#4464));
#4442 = ORIENTED_EDGE('',*,*,#4443,.F.);
#4443 = EDGE_CURVE('',#4444,#4346,#4446,.T.);
#4444 = VERTEX_POINT('',#4445);
#4445 = CARTESIAN_POINT('',(12.12132034356,8.292893218813,6.25));
#4446 = LINE('',#4447,#4448);
#4447 = CARTESIAN_POINT('',(11.18566017178,9.228553390593,6.25));
#4448 = VECTOR('',#4449,1.);
#4449 = DIRECTION('',(-0.707106781187,0.707106781187,-2.602085213965E-15
    ));
#4450 = ORIENTED_EDGE('',*,*,#4451,.T.);
#4451 = EDGE_CURVE('',#4444,#4452,#4454,.T.);
#4452 = VERTEX_POINT('',#4453);
#4453 = CARTESIAN_POINT('',(11.767766952966,7.93933982822,6.25));
#4454 = LINE('',#4455,#4456);
#4455 = CARTESIAN_POINT('',(12.12132034356,8.292893218813,6.25));
#4456 = VECTOR('',#4457,1.);
#4457 = DIRECTION('',(-0.707106781187,-0.707106781187,2.289718168914E-15
    ));
#4458 = ORIENTED_EDGE('',*,*,#4459,.T.);
#4459 = EDGE_CURVE('',#4452,#4344,#4460,.T.);
#4460 = LINE('',#4461,#4462);
#4461 = CARTESIAN_POINT('',(10.707106781187,9.,6.25));
#4462 = VECTOR('',#4463,1.);
#4463 = DIRECTION('',(-0.707106781187,0.707106781187,-2.602085213965E-15
    ));
#4464 = ORIENTED_EDGE('',*,*,#4343,.T.);
#4465 = PLANE('',#4466);
#4466 = AXIS2_PLACEMENT_3D('',#4467,#4468,#4469);
#4467 = CARTESIAN_POINT('',(11.06066017178,9.353553390593,6.25));
#4468 = DIRECTION('',(-2.20876855775E-16,3.459027344265E-15,1.));
#4469 = DIRECTION('',(0.,-1.,3.459027344265E-15));
#4470 = ADVANCED_FACE('',(#4471),#4496,.F.);
#4471 = FACE_BOUND('',#4472,.T.);
#4472 = EDGE_LOOP('',(#4473,#4481,#4489,#4495));
#4473 = ORIENTED_EDGE('',*,*,#4474,.T.);
#4474 = EDGE_CURVE('',#4377,#4475,#4477,.T.);
#4475 = VERTEX_POINT('',#4476);
#4476 = CARTESIAN_POINT('',(11.767766952966,7.93933982822,9.75));
#4477 = LINE('',#4478,#4479);
#4478 = CARTESIAN_POINT('',(12.12132034356,7.585786437627,9.75));
#4479 = VECTOR('',#4480,1.);
#4480 = DIRECTION('',(0.707106781187,-0.707106781187,2.602085213965E-15)
  );
#4481 = ORIENTED_EDGE('',*,*,#4482,.T.);
#4482 = EDGE_CURVE('',#4475,#4483,#4485,.T.);
#4483 = VERTEX_POINT('',#4484);
#4484 = CARTESIAN_POINT('',(12.12132034356,8.292893218814,9.75));
#4485 = LINE('',#4486,#4487);
#4486 = CARTESIAN_POINT('',(12.12132034356,8.292893218814,9.75));
#4487 = VECTOR('',#4488,1.);
#4488 = DIRECTION('',(0.707106781187,0.707106781187,-2.289718168914E-15)
  );
#4489 = ORIENTED_EDGE('',*,*,#4490,.F.);
#4490 = EDGE_CURVE('',#4386,#4483,#4491,.T.);
#4491 = LINE('',#4492,#4493);
#4492 = CARTESIAN_POINT('',(11.18566017178,9.228553390593,9.75));
#4493 = VECTOR('',#4494,1.);
#4494 = DIRECTION('',(0.707106781187,-0.707106781187,2.602085213965E-15)
  );
#4495 = ORIENTED_EDGE('',*,*,#4385,.F.);
#4496 = PLANE('',#4497);
#4497 = AXIS2_PLACEMENT_3D('',#4498,#4499,#4500);
#4498 = CARTESIAN_POINT('',(12.474873734153,7.93933982822,9.75));
#4499 = DIRECTION('',(2.20876855775E-16,-3.459027344265E-15,-1.));
#4500 = DIRECTION('',(0.,1.,-3.459027344265E-15));
#4501 = ADVANCED_FACE('',(#4502),#4529,.F.);
#4502 = FACE_BOUND('',#4503,.T.);
#4503 = EDGE_LOOP('',(#4504,#4505,#4513,#4521,#4527,#4528));
#4504 = ORIENTED_EDGE('',*,*,#4490,.T.);
#4505 = ORIENTED_EDGE('',*,*,#4506,.T.);
#4506 = EDGE_CURVE('',#4483,#4507,#4509,.T.);
#4507 = VERTEX_POINT('',#4508);
#4508 = CARTESIAN_POINT('',(12.474873734153,7.93933982822,9.25));
#4509 = LINE('',#4510,#4511);
#4510 = CARTESIAN_POINT('',(12.474873734153,7.93933982822,9.25));
#4511 = VECTOR('',#4512,1.);
#4512 = DIRECTION('',(0.5,-0.5,-0.707106781187));
#4513 = ORIENTED_EDGE('',*,*,#4514,.T.);
#4514 = EDGE_CURVE('',#4507,#4515,#4517,.T.);
#4515 = VERTEX_POINT('',#4516);
#4516 = CARTESIAN_POINT('',(12.474873734153,7.93933982822,6.75));
#4517 = LINE('',#4518,#4519);
#4518 = CARTESIAN_POINT('',(12.474873734153,7.93933982822,
    -2.701067084154E-14));
#4519 = VECTOR('',#4520,1.);
#4520 = DIRECTION('',(-4.761196740526E-31,-3.469446951954E-15,-1.));
#4521 = ORIENTED_EDGE('',*,*,#4522,.T.);
#4522 = EDGE_CURVE('',#4515,#4444,#4523,.T.);
#4523 = LINE('',#4524,#4525);
#4524 = CARTESIAN_POINT('',(12.12132034356,8.292893218813,6.25));
#4525 = VECTOR('',#4526,1.);
#4526 = DIRECTION('',(-0.5,0.5,-0.707106781187));
#4527 = ORIENTED_EDGE('',*,*,#4443,.T.);
#4528 = ORIENTED_EDGE('',*,*,#4411,.F.);
#4529 = PLANE('',#4530);
#4530 = AXIS2_PLACEMENT_3D('',#4531,#4532,#4533);
#4531 = CARTESIAN_POINT('',(11.18566017178,9.228553390593,
    -3.148352890594E-14));
#4532 = DIRECTION('',(-0.707106781187,-0.707106781187,2.453269466693E-15
    ));
#4533 = DIRECTION('',(0.707106781187,-0.707106781187,0.));
#4534 = ADVANCED_FACE('',(#4535),#4562,.T.);
#4535 = FACE_BOUND('',#4536,.T.);
#4536 = EDGE_LOOP('',(#4537,#4547,#4553,#4554,#4555,#4556));
#4537 = ORIENTED_EDGE('',*,*,#4538,.F.);
#4538 = EDGE_CURVE('',#4539,#4541,#4543,.T.);
#4539 = VERTEX_POINT('',#4540);
#4540 = CARTESIAN_POINT('',(12.12132034356,7.585786437627,9.25));
#4541 = VERTEX_POINT('',#4542);
#4542 = CARTESIAN_POINT('',(12.12132034356,7.585786437627,6.75));
#4543 = LINE('',#4544,#4545);
#4544 = CARTESIAN_POINT('',(12.12132034356,7.585786437627,6.25));
#4545 = VECTOR('',#4546,1.);
#4546 = DIRECTION('',(-4.761196740526E-31,-3.469446951954E-15,-1.));
#4547 = ORIENTED_EDGE('',*,*,#4548,.T.);
#4548 = EDGE_CURVE('',#4539,#4475,#4549,.T.);
#4549 = LINE('',#4550,#4551);
#4550 = CARTESIAN_POINT('',(14.747082425361,4.960024355826,
    5.536611652352));
#4551 = VECTOR('',#4552,1.);
#4552 = DIRECTION('',(-0.5,0.5,0.707106781187));
#4553 = ORIENTED_EDGE('',*,*,#4474,.F.);
#4554 = ORIENTED_EDGE('',*,*,#4427,.F.);
#4555 = ORIENTED_EDGE('',*,*,#4459,.F.);
#4556 = ORIENTED_EDGE('',*,*,#4557,.T.);
#4557 = EDGE_CURVE('',#4452,#4541,#4558,.T.);
#4558 = LINE('',#4559,#4560);
#4559 = CARTESIAN_POINT('',(9.090228175868,10.616878605318,
    2.463388347648));
#4560 = VECTOR('',#4561,1.);
#4561 = DIRECTION('',(0.5,-0.5,0.707106781187));
#4562 = PLANE('',#4563);
#4563 = AXIS2_PLACEMENT_3D('',#4564,#4565,#4566);
#4564 = CARTESIAN_POINT('',(10.832106781187,8.875,-3.033866982148E-14));
#4565 = DIRECTION('',(-0.707106781187,-0.707106781187,2.453269466693E-15
    ));
#4566 = DIRECTION('',(0.707106781187,-0.707106781187,0.));
#4567 = ADVANCED_FACE('',(#4568),#4584,.F.);
#4568 = FACE_BOUND('',#4569,.T.);
#4569 = EDGE_LOOP('',(#4570,#4571,#4577,#4578));
#4570 = ORIENTED_EDGE('',*,*,#4514,.F.);
#4571 = ORIENTED_EDGE('',*,*,#4572,.T.);
#4572 = EDGE_CURVE('',#4507,#4539,#4573,.T.);
#4573 = LINE('',#4574,#4575);
#4574 = CARTESIAN_POINT('',(12.474873734153,7.93933982822,9.25));
#4575 = VECTOR('',#4576,1.);
#4576 = DIRECTION('',(-0.707106781187,-0.707106781187,2.289718168914E-15
    ));
#4577 = ORIENTED_EDGE('',*,*,#4538,.T.);
#4578 = ORIENTED_EDGE('',*,*,#4579,.T.);
#4579 = EDGE_CURVE('',#4541,#4515,#4580,.T.);
#4580 = LINE('',#4581,#4582);
#4581 = CARTESIAN_POINT('',(12.474873734153,7.93933982822,6.75));
#4582 = VECTOR('',#4583,1.);
#4583 = DIRECTION('',(0.707106781187,0.707106781187,-2.289718168914E-15)
  );
#4584 = PLANE('',#4585);
#4585 = AXIS2_PLACEMENT_3D('',#4586,#4587,#4588);
#4586 = CARTESIAN_POINT('',(12.474873734153,7.93933982822,6.25));
#4587 = DIRECTION('',(-0.707106781187,0.707106781187,-2.453269466693E-15
    ));
#4588 = DIRECTION('',(-0.707106781187,-0.707106781187,0.));
#4589 = ADVANCED_FACE('',(#4590),#4617,.T.);
#4590 = FACE_BOUND('',#4591,.T.);
#4591 = EDGE_LOOP('',(#4592,#4602,#4609,#4610));
#4592 = ORIENTED_EDGE('',*,*,#4593,.F.);
#4593 = EDGE_CURVE('',#4594,#4596,#4598,.T.);
#4594 = VERTEX_POINT('',#4595);
#4595 = CARTESIAN_POINT('',(-10.85355339059,8.853553390593,9.75));
#4596 = VERTEX_POINT('',#4597);
#4597 = CARTESIAN_POINT('',(-11.20710678118,9.207106781187,9.75));
#4598 = LINE('',#4599,#4600);
#4599 = CARTESIAN_POINT('',(-11.20710678118,9.207106781187,9.75));
#4600 = VECTOR('',#4601,1.);
#4601 = DIRECTION('',(-0.707106781187,0.707106781187,-2.943923360032E-15
    ));
#4602 = ORIENTED_EDGE('',*,*,#4603,.F.);
#4603 = EDGE_CURVE('',#4002,#4594,#4604,.T.);
#4604 = CIRCLE('',#4605,0.5);
#4605 = AXIS2_PLACEMENT_3D('',#4606,#4607,#4608);
#4606 = CARTESIAN_POINT('',(-10.5,8.5,9.75));
#4607 = DIRECTION('',(0.,3.271025955591E-15,1.));
#4608 = DIRECTION('',(0.,1.,-3.271025955591E-15));
#4609 = ORIENTED_EDGE('',*,*,#4327,.T.);
#4610 = ORIENTED_EDGE('',*,*,#4611,.T.);
#4611 = EDGE_CURVE('',#3971,#4596,#4612,.T.);
#4612 = CIRCLE('',#4613,1.);
#4613 = AXIS2_PLACEMENT_3D('',#4614,#4615,#4616);
#4614 = CARTESIAN_POINT('',(-10.5,8.5,9.75));
#4615 = DIRECTION('',(0.,3.271025955591E-15,1.));
#4616 = DIRECTION('',(0.,1.,-3.271025955591E-15));
#4617 = PLANE('',#4618);
#4618 = AXIS2_PLACEMENT_3D('',#4619,#4620,#4621);
#4619 = CARTESIAN_POINT('',(-10.5,8.5,9.75));
#4620 = DIRECTION('',(0.,3.271025955591E-15,1.));
#4621 = DIRECTION('',(0.,-1.,3.271025955591E-15));
#4622 = ADVANCED_FACE('',(#4623),#4650,.F.);
#4623 = FACE_BOUND('',#4624,.T.);
#4624 = EDGE_LOOP('',(#4625,#4634,#4642,#4649));
#4625 = ORIENTED_EDGE('',*,*,#4626,.F.);
#4626 = EDGE_CURVE('',#4627,#4010,#4629,.T.);
#4627 = VERTEX_POINT('',#4628);
#4628 = CARTESIAN_POINT('',(-10.85355339059,8.853553390593,6.25));
#4629 = CIRCLE('',#4630,0.5);
#4630 = AXIS2_PLACEMENT_3D('',#4631,#4632,#4633);
#4631 = CARTESIAN_POINT('',(-10.5,8.5,6.25));
#4632 = DIRECTION('',(0.,-3.271025955591E-15,-1.));
#4633 = DIRECTION('',(0.,1.,-3.271025955591E-15));
#4634 = ORIENTED_EDGE('',*,*,#4635,.T.);
#4635 = EDGE_CURVE('',#4627,#4636,#4638,.T.);
#4636 = VERTEX_POINT('',#4637);
#4637 = CARTESIAN_POINT('',(-11.20710678118,9.207106781187,6.25));
#4638 = LINE('',#4639,#4640);
#4639 = CARTESIAN_POINT('',(-10.85355339059,8.853553390593,6.25));
#4640 = VECTOR('',#4641,1.);
#4641 = DIRECTION('',(-0.707106781187,0.707106781187,-2.943923360032E-15
    ));
#4642 = ORIENTED_EDGE('',*,*,#4643,.T.);
#4643 = EDGE_CURVE('',#4636,#3963,#4644,.T.);
#4644 = CIRCLE('',#4645,1.);
#4645 = AXIS2_PLACEMENT_3D('',#4646,#4647,#4648);
#4646 = CARTESIAN_POINT('',(-10.5,8.5,6.25));
#4647 = DIRECTION('',(0.,-3.271025955591E-15,-1.));
#4648 = DIRECTION('',(0.,1.,-3.271025955591E-15));
#4649 = ORIENTED_EDGE('',*,*,#4310,.F.);
#4650 = PLANE('',#4651);
#4651 = AXIS2_PLACEMENT_3D('',#4652,#4653,#4654);
#4652 = CARTESIAN_POINT('',(-10.5,8.5,6.25));
#4653 = DIRECTION('',(0.,3.271025955591E-15,1.));
#4654 = DIRECTION('',(0.,-1.,3.271025955591E-15));
#4655 = ADVANCED_FACE('',(#4656),#4667,.T.);
#4656 = FACE_BOUND('',#4657,.T.);
#4657 = EDGE_LOOP('',(#4658,#4659,#4660,#4666));
#4658 = ORIENTED_EDGE('',*,*,#3970,.F.);
#4659 = ORIENTED_EDGE('',*,*,#4643,.F.);
#4660 = ORIENTED_EDGE('',*,*,#4661,.T.);
#4661 = EDGE_CURVE('',#4636,#4596,#4662,.T.);
#4662 = LINE('',#4663,#4664);
#4663 = CARTESIAN_POINT('',(-11.20710678118,9.207106781187,9.75));
#4664 = VECTOR('',#4665,1.);
#4665 = DIRECTION('',(-8.673617379884E-16,3.345538132241E-15,1.));
#4666 = ORIENTED_EDGE('',*,*,#4611,.F.);
#4667 = CYLINDRICAL_SURFACE('',#4668,1.);
#4668 = AXIS2_PLACEMENT_3D('',#4669,#4670,#4671);
#4669 = CARTESIAN_POINT('',(-10.5,8.5,6.25));
#4670 = DIRECTION('',(-0.,-3.271025955591E-15,-1.));
#4671 = DIRECTION('',(-0.707106781187,0.707106781187,-2.312964634636E-15
    ));
#4672 = ADVANCED_FACE('',(#4673),#4684,.F.);
#4673 = FACE_BOUND('',#4674,.F.);
#4674 = EDGE_LOOP('',(#4675,#4676,#4682,#4683));
#4675 = ORIENTED_EDGE('',*,*,#4626,.F.);
#4676 = ORIENTED_EDGE('',*,*,#4677,.F.);
#4677 = EDGE_CURVE('',#4594,#4627,#4678,.T.);
#4678 = LINE('',#4679,#4680);
#4679 = CARTESIAN_POINT('',(-10.85355339059,8.853553390593,9.75));
#4680 = VECTOR('',#4681,1.);
#4681 = DIRECTION('',(8.673617379884E-16,-3.345538132241E-15,-1.));
#4682 = ORIENTED_EDGE('',*,*,#4603,.F.);
#4683 = ORIENTED_EDGE('',*,*,#4009,.F.);
#4684 = CYLINDRICAL_SURFACE('',#4685,0.5);
#4685 = AXIS2_PLACEMENT_3D('',#4686,#4687,#4688);
#4686 = CARTESIAN_POINT('',(-10.5,8.5,6.25));
#4687 = DIRECTION('',(-0.,-3.271025955591E-15,-1.));
#4688 = DIRECTION('',(-0.707106781187,0.707106781187,-2.312964634636E-15
    ));
#4689 = ADVANCED_FACE('',(#4690),#4715,.F.);
#4690 = FACE_BOUND('',#4691,.T.);
#4691 = EDGE_LOOP('',(#4692,#4700,#4708,#4714));
#4692 = ORIENTED_EDGE('',*,*,#4693,.F.);
#4693 = EDGE_CURVE('',#4694,#4596,#4696,.T.);
#4694 = VERTEX_POINT('',#4695);
#4695 = CARTESIAN_POINT('',(-12.12132034356,8.292893218813,9.75));
#4696 = LINE('',#4697,#4698);
#4697 = CARTESIAN_POINT('',(-11.18566017178,9.228553390593,9.75));
#4698 = VECTOR('',#4699,1.);
#4699 = DIRECTION('',(0.707106781187,0.707106781187,-2.602085213965E-15)
  );
#4700 = ORIENTED_EDGE('',*,*,#4701,.T.);
#4701 = EDGE_CURVE('',#4694,#4702,#4704,.T.);
#4702 = VERTEX_POINT('',#4703);
#4703 = CARTESIAN_POINT('',(-11.76776695296,7.93933982822,9.75));
#4704 = LINE('',#4705,#4706);
#4705 = CARTESIAN_POINT('',(-12.12132034356,8.292893218813,9.75));
#4706 = VECTOR('',#4707,1.);
#4707 = DIRECTION('',(0.707106781187,-0.707106781187,2.943923360032E-15)
  );
#4708 = ORIENTED_EDGE('',*,*,#4709,.T.);
#4709 = EDGE_CURVE('',#4702,#4594,#4710,.T.);
#4710 = LINE('',#4711,#4712);
#4711 = CARTESIAN_POINT('',(-10.70710678118,9.,9.75));
#4712 = VECTOR('',#4713,1.);
#4713 = DIRECTION('',(0.707106781187,0.707106781187,-2.602085213965E-15)
  );
#4714 = ORIENTED_EDGE('',*,*,#4593,.T.);
#4715 = PLANE('',#4716);
#4716 = AXIS2_PLACEMENT_3D('',#4717,#4718,#4719);
#4717 = CARTESIAN_POINT('',(-11.06066017178,9.353553390593,9.75));
#4718 = DIRECTION('',(2.417160711521E-16,-3.921620271192E-15,-1.));
#4719 = DIRECTION('',(0.,1.,-3.921620271192E-15));
#4720 = ADVANCED_FACE('',(#4721),#4746,.F.);
#4721 = FACE_BOUND('',#4722,.T.);
#4722 = EDGE_LOOP('',(#4723,#4731,#4739,#4745));
#4723 = ORIENTED_EDGE('',*,*,#4724,.T.);
#4724 = EDGE_CURVE('',#4627,#4725,#4727,.T.);
#4725 = VERTEX_POINT('',#4726);
#4726 = CARTESIAN_POINT('',(-11.76776695296,7.93933982822,6.25));
#4727 = LINE('',#4728,#4729);
#4728 = CARTESIAN_POINT('',(-12.12132034356,7.585786437627,6.25));
#4729 = VECTOR('',#4730,1.);
#4730 = DIRECTION('',(-0.707106781187,-0.707106781187,2.168404344971E-15
    ));
#4731 = ORIENTED_EDGE('',*,*,#4732,.T.);
#4732 = EDGE_CURVE('',#4725,#4733,#4735,.T.);
#4733 = VERTEX_POINT('',#4734);
#4734 = CARTESIAN_POINT('',(-12.12132034356,8.292893218813,6.25));
#4735 = LINE('',#4736,#4737);
#4736 = CARTESIAN_POINT('',(-12.12132034356,8.292893218813,6.25));
#4737 = VECTOR('',#4738,1.);
#4738 = DIRECTION('',(-0.707106781187,0.707106781187,-2.943923360032E-15
    ));
#4739 = ORIENTED_EDGE('',*,*,#4740,.F.);
#4740 = EDGE_CURVE('',#4636,#4733,#4741,.T.);
#4741 = LINE('',#4742,#4743);
#4742 = CARTESIAN_POINT('',(-11.18566017178,9.228553390593,6.25));
#4743 = VECTOR('',#4744,1.);
#4744 = DIRECTION('',(-0.707106781187,-0.707106781187,2.168404344971E-15
    ));
#4745 = ORIENTED_EDGE('',*,*,#4635,.F.);
#4746 = PLANE('',#4747);
#4747 = AXIS2_PLACEMENT_3D('',#4748,#4749,#4750);
#4748 = CARTESIAN_POINT('',(-12.47487373415,7.93933982822,6.25));
#4749 = DIRECTION('',(-5.483747544888E-16,3.614961587856E-15,1.));
#4750 = DIRECTION('',(0.,-1.,3.614961587856E-15));
#4751 = ADVANCED_FACE('',(#4752),#4779,.F.);
#4752 = FACE_BOUND('',#4753,.T.);
#4753 = EDGE_LOOP('',(#4754,#4764,#4770,#4771,#4772,#4773));
#4754 = ORIENTED_EDGE('',*,*,#4755,.T.);
#4755 = EDGE_CURVE('',#4756,#4758,#4760,.T.);
#4756 = VERTEX_POINT('',#4757);
#4757 = CARTESIAN_POINT('',(-12.47487373415,7.93933982822,6.75));
#4758 = VERTEX_POINT('',#4759);
#4759 = CARTESIAN_POINT('',(-12.47487373415,7.93933982822,9.25));
#4760 = LINE('',#4761,#4762);
#4761 = CARTESIAN_POINT('',(-12.47487373415,7.93933982822,
    -3.561342357987E-14));
#4762 = VECTOR('',#4763,1.);
#4763 = DIRECTION('',(-4.956352788505E-16,3.717264591379E-15,1.));
#4764 = ORIENTED_EDGE('',*,*,#4765,.T.);
#4765 = EDGE_CURVE('',#4758,#4694,#4766,.T.);
#4766 = LINE('',#4767,#4768);
#4767 = CARTESIAN_POINT('',(-12.12132034356,8.292893218813,9.75));
#4768 = VECTOR('',#4769,1.);
#4769 = DIRECTION('',(0.5,0.5,0.707106781187));
#4770 = ORIENTED_EDGE('',*,*,#4693,.T.);
#4771 = ORIENTED_EDGE('',*,*,#4661,.F.);
#4772 = ORIENTED_EDGE('',*,*,#4740,.T.);
#4773 = ORIENTED_EDGE('',*,*,#4774,.T.);
#4774 = EDGE_CURVE('',#4733,#4756,#4775,.T.);
#4775 = LINE('',#4776,#4777);
#4776 = CARTESIAN_POINT('',(-12.47487373415,7.93933982822,6.75));
#4777 = VECTOR('',#4778,1.);
#4778 = DIRECTION('',(-0.5,-0.5,0.707106781187));
#4779 = PLANE('',#4780);
#4780 = AXIS2_PLACEMENT_3D('',#4781,#4782,#4783);
#4781 = CARTESIAN_POINT('',(-11.18566017178,9.228553390593,
    -3.976679178252E-14));
#4782 = DIRECTION('',(0.707106781187,-0.707106781187,2.978970066699E-15)
  );
#4783 = DIRECTION('',(0.707106781187,0.707106781187,0.));
#4784 = ADVANCED_FACE('',(#4785),#4812,.T.);
#4785 = FACE_BOUND('',#4786,.T.);
#4786 = EDGE_LOOP('',(#4787,#4788,#4796,#4804,#4810,#4811));
#4787 = ORIENTED_EDGE('',*,*,#4709,.F.);
#4788 = ORIENTED_EDGE('',*,*,#4789,.T.);
#4789 = EDGE_CURVE('',#4702,#4790,#4792,.T.);
#4790 = VERTEX_POINT('',#4791);
#4791 = CARTESIAN_POINT('',(-12.12132034356,7.585786437627,9.25));
#4792 = LINE('',#4793,#4794);
#4793 = CARTESIAN_POINT('',(-14.74708242536,4.960024355826,
    5.536611652352));
#4794 = VECTOR('',#4795,1.);
#4795 = DIRECTION('',(-0.5,-0.5,-0.707106781187));
#4796 = ORIENTED_EDGE('',*,*,#4797,.F.);
#4797 = EDGE_CURVE('',#4798,#4790,#4800,.T.);
#4798 = VERTEX_POINT('',#4799);
#4799 = CARTESIAN_POINT('',(-12.12132034356,7.585786437627,6.75));
#4800 = LINE('',#4801,#4802);
#4801 = CARTESIAN_POINT('',(-12.12132034356,7.585786437627,9.75));
#4802 = VECTOR('',#4803,1.);
#4803 = DIRECTION('',(-4.956352788505E-16,3.717264591379E-15,1.));
#4804 = ORIENTED_EDGE('',*,*,#4805,.T.);
#4805 = EDGE_CURVE('',#4798,#4725,#4806,.T.);
#4806 = LINE('',#4807,#4808);
#4807 = CARTESIAN_POINT('',(-9.090228175868,10.616878605318,
    2.463388347648));
#4808 = VECTOR('',#4809,1.);
#4809 = DIRECTION('',(0.5,0.5,-0.707106781187));
#4810 = ORIENTED_EDGE('',*,*,#4724,.F.);
#4811 = ORIENTED_EDGE('',*,*,#4677,.F.);
#4812 = PLANE('',#4813);
#4813 = AXIS2_PLACEMENT_3D('',#4814,#4815,#4816);
#4814 = CARTESIAN_POINT('',(-10.83210678118,8.875,-3.82948301025E-14));
#4815 = DIRECTION('',(0.707106781187,-0.707106781187,2.978970066699E-15)
  );
#4816 = DIRECTION('',(0.707106781187,0.707106781187,0.));
#4817 = ADVANCED_FACE('',(#4818),#4834,.F.);
#4818 = FACE_BOUND('',#4819,.T.);
#4819 = EDGE_LOOP('',(#4820,#4821,#4827,#4828));
#4820 = ORIENTED_EDGE('',*,*,#4797,.T.);
#4821 = ORIENTED_EDGE('',*,*,#4822,.T.);
#4822 = EDGE_CURVE('',#4790,#4758,#4823,.T.);
#4823 = LINE('',#4824,#4825);
#4824 = CARTESIAN_POINT('',(-12.47487373415,7.93933982822,9.25));
#4825 = VECTOR('',#4826,1.);
#4826 = DIRECTION('',(-0.707106781187,0.707106781187,-2.943923360032E-15
    ));
#4827 = ORIENTED_EDGE('',*,*,#4755,.F.);
#4828 = ORIENTED_EDGE('',*,*,#4829,.T.);
#4829 = EDGE_CURVE('',#4756,#4798,#4830,.T.);
#4830 = LINE('',#4831,#4832);
#4831 = CARTESIAN_POINT('',(-12.47487373415,7.93933982822,6.75));
#4832 = VECTOR('',#4833,1.);
#4833 = DIRECTION('',(0.707106781187,-0.707106781187,2.943923360032E-15)
  );
#4834 = PLANE('',#4835);
#4835 = AXIS2_PLACEMENT_3D('',#4836,#4837,#4838);
#4836 = CARTESIAN_POINT('',(-12.47487373415,7.93933982822,9.75));
#4837 = DIRECTION('',(0.707106781187,0.707106781187,-2.278035933358E-15)
  );
#4838 = DIRECTION('',(-0.707106781187,0.707106781187,0.));
#4839 = ADVANCED_FACE('',(#4840),#4846,.F.);
#4840 = FACE_BOUND('',#4841,.T.);
#4841 = EDGE_LOOP('',(#4842,#4843,#4844,#4845));
#4842 = ORIENTED_EDGE('',*,*,#4765,.F.);
#4843 = ORIENTED_EDGE('',*,*,#4822,.F.);
#4844 = ORIENTED_EDGE('',*,*,#4789,.F.);
#4845 = ORIENTED_EDGE('',*,*,#4701,.F.);
#4846 = PLANE('',#4847);
#4847 = AXIS2_PLACEMENT_3D('',#4848,#4849,#4850);
#4848 = CARTESIAN_POINT('',(-12.12132034356,8.292893218813,9.75));
#4849 = DIRECTION('',(0.5,0.5,-0.707106781187));
#4850 = DIRECTION('',(0.707106781187,-0.707106781187,2.942091015257E-15)
  );
#4851 = ADVANCED_FACE('',(#4852),#4858,.F.);
#4852 = FACE_BOUND('',#4853,.T.);
#4853 = EDGE_LOOP('',(#4854,#4855,#4856,#4857));
#4854 = ORIENTED_EDGE('',*,*,#4774,.F.);
#4855 = ORIENTED_EDGE('',*,*,#4732,.F.);
#4856 = ORIENTED_EDGE('',*,*,#4805,.F.);
#4857 = ORIENTED_EDGE('',*,*,#4829,.F.);
#4858 = PLANE('',#4859);
#4859 = AXIS2_PLACEMENT_3D('',#4860,#4861,#4862);
#4860 = CARTESIAN_POINT('',(-12.47487373415,7.93933982822,6.75));
#4861 = DIRECTION('',(0.5,0.5,0.707106781187));
#4862 = DIRECTION('',(0.707106781187,-0.707106781187,2.942091015257E-15)
  );
#4863 = ADVANCED_FACE('',(#4864),#4870,.F.);
#4864 = FACE_BOUND('',#4865,.T.);
#4865 = EDGE_LOOP('',(#4866,#4867,#4868,#4869));
#4866 = ORIENTED_EDGE('',*,*,#4506,.F.);
#4867 = ORIENTED_EDGE('',*,*,#4482,.F.);
#4868 = ORIENTED_EDGE('',*,*,#4548,.F.);
#4869 = ORIENTED_EDGE('',*,*,#4572,.F.);
#4870 = PLANE('',#4871);
#4871 = AXIS2_PLACEMENT_3D('',#4872,#4873,#4874);
#4872 = CARTESIAN_POINT('',(12.474873734153,7.93933982822,9.25));
#4873 = DIRECTION('',(-0.5,0.5,-0.707106781187));
#4874 = DIRECTION('',(-0.707106781187,-0.707106781187,2.303712776097E-15
    ));
#4875 = ADVANCED_FACE('',(#4876),#4882,.F.);
#4876 = FACE_BOUND('',#4877,.T.);
#4877 = EDGE_LOOP('',(#4878,#4879,#4880,#4881));
#4878 = ORIENTED_EDGE('',*,*,#4522,.F.);
#4879 = ORIENTED_EDGE('',*,*,#4579,.F.);
#4880 = ORIENTED_EDGE('',*,*,#4557,.F.);
#4881 = ORIENTED_EDGE('',*,*,#4451,.F.);
#4882 = PLANE('',#4883);
#4883 = AXIS2_PLACEMENT_3D('',#4884,#4885,#4886);
#4884 = CARTESIAN_POINT('',(12.12132034356,8.292893218813,6.25));
#4885 = DIRECTION('',(-0.5,0.5,0.707106781187));
#4886 = DIRECTION('',(-0.707106781187,-0.707106781187,2.275957200482E-15
    ));
#4887 = ADVANCED_FACE('',(#4888),#4904,.T.);
#4888 = FACE_BOUND('',#4889,.T.);
#4889 = EDGE_LOOP('',(#4890,#4896,#4897,#4903));
#4890 = ORIENTED_EDGE('',*,*,#4891,.T.);
#4891 = EDGE_CURVE('',#3493,#3739,#4892,.T.);
#4892 = LINE('',#4893,#4894);
#4893 = CARTESIAN_POINT('',(-10.5,-0.8,-0.5));
#4894 = VECTOR('',#4895,1.);
#4895 = DIRECTION('',(0.,0.,1.));
#4896 = ORIENTED_EDGE('',*,*,#3738,.T.);
#4897 = ORIENTED_EDGE('',*,*,#4898,.T.);
#4898 = EDGE_CURVE('',#3731,#3501,#4899,.T.);
#4899 = LINE('',#4900,#4901);
#4900 = CARTESIAN_POINT('',(-10.5,-0.75,1.084202172486E-15));
#4901 = VECTOR('',#4902,1.);
#4902 = DIRECTION('',(0.,-3.066586833367E-16,-1.));
#4903 = ORIENTED_EDGE('',*,*,#3500,.F.);
#4904 = PLANE('',#4905);
#4905 = AXIS2_PLACEMENT_3D('',#4906,#4907,#4908);
#4906 = CARTESIAN_POINT('',(-10.5,-0.75,0.));
#4907 = DIRECTION('',(-1.,0.,-0.));
#4908 = DIRECTION('',(0.,0.,1.));
#4909 = ADVANCED_FACE('',(#4910),#4926,.T.);
#4910 = FACE_BOUND('',#4911,.T.);
#4911 = EDGE_LOOP('',(#4912,#4918,#4919,#4925));
#4912 = ORIENTED_EDGE('',*,*,#4913,.F.);
#4913 = EDGE_CURVE('',#3596,#3636,#4914,.T.);
#4914 = LINE('',#4915,#4916);
#4915 = CARTESIAN_POINT('',(10.5,-0.8,-0.5));
#4916 = VECTOR('',#4917,1.);
#4917 = DIRECTION('',(0.,0.,1.));
#4918 = ORIENTED_EDGE('',*,*,#3595,.F.);
#4919 = ORIENTED_EDGE('',*,*,#4920,.F.);
#4920 = EDGE_CURVE('',#3644,#3588,#4921,.T.);
#4921 = LINE('',#4922,#4923);
#4922 = CARTESIAN_POINT('',(10.5,-0.75,1.301042606983E-15));
#4923 = VECTOR('',#4924,1.);
#4924 = DIRECTION('',(0.,0.,-1.));
#4925 = ORIENTED_EDGE('',*,*,#3643,.T.);
#4926 = PLANE('',#4927);
#4927 = AXIS2_PLACEMENT_3D('',#4928,#4929,#4930);
#4928 = CARTESIAN_POINT('',(10.5,-0.75,0.));
#4929 = DIRECTION('',(1.,0.,0.));
#4930 = DIRECTION('',(0.,0.,-1.));
#4931 = ADVANCED_FACE('',(#4932),#4943,.T.);
#4932 = FACE_BOUND('',#4933,.T.);
#4933 = EDGE_LOOP('',(#4934,#4935,#4941,#4942));
#4934 = ORIENTED_EDGE('',*,*,#3754,.F.);
#4935 = ORIENTED_EDGE('',*,*,#4936,.F.);
#4936 = EDGE_CURVE('',#3485,#3747,#4937,.T.);
#4937 = LINE('',#4938,#4939);
#4938 = CARTESIAN_POINT('',(-12.38194184136,-0.8,-0.5));
#4939 = VECTOR('',#4940,1.);
#4940 = DIRECTION('',(0.,0.,1.));
#4941 = ORIENTED_EDGE('',*,*,#3484,.T.);
#4942 = ORIENTED_EDGE('',*,*,#3769,.F.);
#4943 = PLANE('',#4944);
#4944 = AXIS2_PLACEMENT_3D('',#4945,#4946,#4947);
#4945 = CARTESIAN_POINT('',(-12.38194184136,-1.5,-0.5));
#4946 = DIRECTION('',(-1.,0.,0.));
#4947 = DIRECTION('',(0.,0.,1.));
#4948 = ADVANCED_FACE('',(#4949),#4955,.T.);
#4949 = FACE_BOUND('',#4950,.T.);
#4950 = EDGE_LOOP('',(#4951,#4952,#4953,#4954));
#4951 = ORIENTED_EDGE('',*,*,#3746,.F.);
#4952 = ORIENTED_EDGE('',*,*,#4891,.F.);
#4953 = ORIENTED_EDGE('',*,*,#3492,.T.);
#4954 = ORIENTED_EDGE('',*,*,#4936,.T.);
#4955 = PLANE('',#4956);
#4956 = AXIS2_PLACEMENT_3D('',#4957,#4958,#4959);
#4957 = CARTESIAN_POINT('',(-10.5,-0.8,-0.5));
#4958 = DIRECTION('',(-1.152216448624E-16,1.,0.));
#4959 = DIRECTION('',(-1.,-1.152216448624E-16,0.));
#4960 = ADVANCED_FACE('',(#4961),#4972,.T.);
#4961 = FACE_BOUND('',#4962,.T.);
#4962 = EDGE_LOOP('',(#4963,#4964,#4970,#4971));
#4963 = ORIENTED_EDGE('',*,*,#3635,.F.);
#4964 = ORIENTED_EDGE('',*,*,#4965,.F.);
#4965 = EDGE_CURVE('',#3469,#3628,#4966,.T.);
#4966 = LINE('',#4967,#4968);
#4967 = CARTESIAN_POINT('',(12.381941841362,-0.8,-0.5));
#4968 = VECTOR('',#4969,1.);
#4969 = DIRECTION('',(0.,0.,1.));
#4970 = ORIENTED_EDGE('',*,*,#3603,.T.);
#4971 = ORIENTED_EDGE('',*,*,#4913,.T.);
#4972 = PLANE('',#4973);
#4973 = AXIS2_PLACEMENT_3D('',#4974,#4975,#4976);
#4974 = CARTESIAN_POINT('',(10.5,-0.8,-0.5));
#4975 = DIRECTION('',(0.,1.,0.));
#4976 = DIRECTION('',(0.,-0.,1.));
#4977 = ADVANCED_FACE('',(#4978),#4984,.T.);
#4978 = FACE_BOUND('',#4979,.T.);
#4979 = EDGE_LOOP('',(#4980,#4981,#4982,#4983));
#4980 = ORIENTED_EDGE('',*,*,#3627,.F.);
#4981 = ORIENTED_EDGE('',*,*,#3776,.F.);
#4982 = ORIENTED_EDGE('',*,*,#3466,.T.);
#4983 = ORIENTED_EDGE('',*,*,#4965,.T.);
#4984 = PLANE('',#4985);
#4985 = AXIS2_PLACEMENT_3D('',#4986,#4987,#4988);
#4986 = CARTESIAN_POINT('',(12.381941841362,-1.5,-0.5));
#4987 = DIRECTION('',(1.,0.,0.));
#4988 = DIRECTION('',(0.,0.,-1.));
#4989 = ADVANCED_FACE('',(#4990),#5017,.T.);
#4990 = FACE_BOUND('',#4991,.T.);
#4991 = EDGE_LOOP('',(#4992,#5002,#5009,#5010));
#4992 = ORIENTED_EDGE('',*,*,#4993,.F.);
#4993 = EDGE_CURVE('',#4994,#4996,#4998,.T.);
#4994 = VERTEX_POINT('',#4995);
#4995 = CARTESIAN_POINT('',(-10.85355339059,2.75,0.146446609407));
#4996 = VERTEX_POINT('',#4997);
#4997 = CARTESIAN_POINT('',(-11.20710678118,2.75,-0.207106781187));
#4998 = LINE('',#4999,#5000);
#4999 = CARTESIAN_POINT('',(-11.20710678118,2.75,-0.207106781187));
#5000 = VECTOR('',#5001,1.);
#5001 = DIRECTION('',(-0.707106781187,-1.715938977294E-16,
    -0.707106781187));
#5002 = ORIENTED_EDGE('',*,*,#5003,.T.);
#5003 = EDGE_CURVE('',#4994,#3723,#5004,.T.);
#5004 = CIRCLE('',#5005,0.5);
#5005 = AXIS2_PLACEMENT_3D('',#5006,#5007,#5008);
#5006 = CARTESIAN_POINT('',(-10.5,2.75,0.5));
#5007 = DIRECTION('',(0.,-1.,3.066586833367E-16));
#5008 = DIRECTION('',(-6.938893903907E-15,3.066586833367E-16,1.));
#5009 = ORIENTED_EDGE('',*,*,#4242,.T.);
#5010 = ORIENTED_EDGE('',*,*,#5011,.F.);
#5011 = EDGE_CURVE('',#4996,#3509,#5012,.T.);
#5012 = CIRCLE('',#5013,1.);
#5013 = AXIS2_PLACEMENT_3D('',#5014,#5015,#5016);
#5014 = CARTESIAN_POINT('',(-10.5,2.75,0.5));
#5015 = DIRECTION('',(0.,-1.,0.));
#5016 = DIRECTION('',(0.,0.,-1.));
#5017 = PLANE('',#5018);
#5018 = AXIS2_PLACEMENT_3D('',#5019,#5020,#5021);
#5019 = CARTESIAN_POINT('',(-10.5,2.75,0.5));
#5020 = DIRECTION('',(-0.,1.,0.));
#5021 = DIRECTION('',(0.,0.,1.));
#5022 = ADVANCED_FACE('',(#5023),#5050,.T.);
#5023 = FACE_BOUND('',#5024,.T.);
#5024 = EDGE_LOOP('',(#5025,#5034,#5042,#5049));
#5025 = ORIENTED_EDGE('',*,*,#5026,.T.);
#5026 = EDGE_CURVE('',#3731,#5027,#5029,.T.);
#5027 = VERTEX_POINT('',#5028);
#5028 = CARTESIAN_POINT('',(-10.85355339059,-0.75,0.146446609407));
#5029 = CIRCLE('',#5030,0.5);
#5030 = AXIS2_PLACEMENT_3D('',#5031,#5032,#5033);
#5031 = CARTESIAN_POINT('',(-10.5,-0.75,0.5));
#5032 = DIRECTION('',(-0.,1.,-3.066586833367E-16));
#5033 = DIRECTION('',(0.,3.066586833367E-16,1.));
#5034 = ORIENTED_EDGE('',*,*,#5035,.T.);
#5035 = EDGE_CURVE('',#5027,#5036,#5038,.T.);
#5036 = VERTEX_POINT('',#5037);
#5037 = CARTESIAN_POINT('',(-11.20710678118,-0.75,-0.207106781187));
#5038 = LINE('',#5039,#5040);
#5039 = CARTESIAN_POINT('',(-10.85355339059,-0.75,0.146446609407));
#5040 = VECTOR('',#5041,1.);
#5041 = DIRECTION('',(-0.707106781187,-1.715938977294E-16,
    -0.707106781187));
#5042 = ORIENTED_EDGE('',*,*,#5043,.F.);
#5043 = EDGE_CURVE('',#3501,#5036,#5044,.T.);
#5044 = CIRCLE('',#5045,1.);
#5045 = AXIS2_PLACEMENT_3D('',#5046,#5047,#5048);
#5046 = CARTESIAN_POINT('',(-10.5,-0.75,0.5));
#5047 = DIRECTION('',(-4.25984193749E-18,1.,-1.084202172486E-16));
#5048 = DIRECTION('',(-2.565854121689E-49,1.084202172486E-16,1.));
#5049 = ORIENTED_EDGE('',*,*,#4898,.F.);
#5050 = PLANE('',#5051);
#5051 = AXIS2_PLACEMENT_3D('',#5052,#5053,#5054);
#5052 = CARTESIAN_POINT('',(-10.5,-0.75,0.5));
#5053 = DIRECTION('',(4.25984193749E-18,-1.,1.084202172486E-16));
#5054 = DIRECTION('',(0.,-1.084202172486E-16,-1.));
#5055 = ADVANCED_FACE('',(#5056),#5067,.T.);
#5056 = FACE_BOUND('',#5057,.T.);
#5057 = EDGE_LOOP('',(#5058,#5059,#5060,#5066));
#5058 = ORIENTED_EDGE('',*,*,#3508,.F.);
#5059 = ORIENTED_EDGE('',*,*,#5043,.T.);
#5060 = ORIENTED_EDGE('',*,*,#5061,.T.);
#5061 = EDGE_CURVE('',#5036,#4996,#5062,.T.);
#5062 = LINE('',#5063,#5064);
#5063 = CARTESIAN_POINT('',(-11.20710678118,2.75,-0.207106781187));
#5064 = VECTOR('',#5065,1.);
#5065 = DIRECTION('',(-1.548860246408E-16,1.,-9.604498072937E-17));
#5066 = ORIENTED_EDGE('',*,*,#5011,.T.);
#5067 = CYLINDRICAL_SURFACE('',#5068,1.);
#5068 = AXIS2_PLACEMENT_3D('',#5069,#5070,#5071);
#5069 = CARTESIAN_POINT('',(-10.5,-2.584268165153,0.5));
#5070 = DIRECTION('',(-0.,1.,-3.066586833367E-16));
#5071 = DIRECTION('',(0.,3.066586833367E-16,1.));
#5072 = ADVANCED_FACE('',(#5073),#5084,.F.);
#5073 = FACE_BOUND('',#5074,.F.);
#5074 = EDGE_LOOP('',(#5075,#5076,#5082,#5083));
#5075 = ORIENTED_EDGE('',*,*,#5026,.T.);
#5076 = ORIENTED_EDGE('',*,*,#5077,.F.);
#5077 = EDGE_CURVE('',#4994,#5027,#5078,.T.);
#5078 = LINE('',#5079,#5080);
#5079 = CARTESIAN_POINT('',(-10.85355339059,2.75,0.146446609407));
#5080 = VECTOR('',#5081,1.);
#5081 = DIRECTION('',(1.548860246408E-16,-1.,9.604498072937E-17));
#5082 = ORIENTED_EDGE('',*,*,#5003,.T.);
#5083 = ORIENTED_EDGE('',*,*,#3730,.F.);
#5084 = CYLINDRICAL_SURFACE('',#5085,0.5);
#5085 = AXIS2_PLACEMENT_3D('',#5086,#5087,#5088);
#5086 = CARTESIAN_POINT('',(-10.5,-2.584268165153,0.5));
#5087 = DIRECTION('',(-0.,1.,-3.066586833367E-16));
#5088 = DIRECTION('',(0.,3.066586833367E-16,1.));
#5089 = ADVANCED_FACE('',(#5090),#5124,.F.);
#5090 = FACE_BOUND('',#5091,.T.);
#5091 = EDGE_LOOP('',(#5092,#5102,#5110,#5118));
#5092 = ORIENTED_EDGE('',*,*,#5093,.F.);
#5093 = EDGE_CURVE('',#5094,#5096,#5098,.T.);
#5094 = VERTEX_POINT('',#5095);
#5095 = CARTESIAN_POINT('',(-12.12132034356,-0.75,0.707106781187));
#5096 = VERTEX_POINT('',#5097);
#5097 = CARTESIAN_POINT('',(-12.47487373415,-0.25,1.06066017178));
#5098 = LINE('',#5099,#5100);
#5099 = CARTESIAN_POINT('',(-12.47487373415,-0.25,1.06066017178));
#5100 = VECTOR('',#5101,1.);
#5101 = DIRECTION('',(-0.5,0.707106781187,0.5));
#5102 = ORIENTED_EDGE('',*,*,#5103,.F.);
#5103 = EDGE_CURVE('',#5104,#5094,#5106,.T.);
#5104 = VERTEX_POINT('',#5105);
#5105 = CARTESIAN_POINT('',(-11.76776695296,-0.75,1.06066017178));
#5106 = LINE('',#5107,#5108);
#5107 = CARTESIAN_POINT('',(-12.12132034356,-0.75,0.707106781187));
#5108 = VECTOR('',#5109,1.);
#5109 = DIRECTION('',(-0.707106781187,-1.715938977294E-16,
    -0.707106781187));
#5110 = ORIENTED_EDGE('',*,*,#5111,.F.);
#5111 = EDGE_CURVE('',#5112,#5104,#5114,.T.);
#5112 = VERTEX_POINT('',#5113);
#5113 = CARTESIAN_POINT('',(-12.12132034356,-0.25,1.414213562373));
#5114 = LINE('',#5115,#5116);
#5115 = CARTESIAN_POINT('',(-9.315101910021,-4.218592167691,
    -1.392004871165));
#5116 = VECTOR('',#5117,1.);
#5117 = DIRECTION('',(0.5,-0.707106781187,-0.5));
#5118 = ORIENTED_EDGE('',*,*,#5119,.F.);
#5119 = EDGE_CURVE('',#5096,#5112,#5120,.T.);
#5120 = LINE('',#5121,#5122);
#5121 = CARTESIAN_POINT('',(-12.47487373415,-0.25,1.06066017178));
#5122 = VECTOR('',#5123,1.);
#5123 = DIRECTION('',(0.707106781187,1.715938977294E-16,0.707106781187)
  );
#5124 = PLANE('',#5125);
#5125 = AXIS2_PLACEMENT_3D('',#5126,#5127,#5128);
#5126 = CARTESIAN_POINT('',(-12.47487373415,-0.25,1.06066017178));
#5127 = DIRECTION('',(0.5,0.707106781187,-0.5));
#5128 = DIRECTION('',(0.707106781187,1.942890293094E-16,0.707106781187)
  );
#5129 = ADVANCED_FACE('',(#5130),#5164,.F.);
#5130 = FACE_BOUND('',#5131,.T.);
#5131 = EDGE_LOOP('',(#5132,#5142,#5150,#5158));
#5132 = ORIENTED_EDGE('',*,*,#5133,.F.);
#5133 = EDGE_CURVE('',#5134,#5136,#5138,.T.);
#5134 = VERTEX_POINT('',#5135);
#5135 = CARTESIAN_POINT('',(-12.47487373415,2.25,1.06066017178));
#5136 = VERTEX_POINT('',#5137);
#5137 = CARTESIAN_POINT('',(-12.12132034356,2.75,0.707106781187));
#5138 = LINE('',#5139,#5140);
#5139 = CARTESIAN_POINT('',(-12.12132034356,2.75,0.707106781187));
#5140 = VECTOR('',#5141,1.);
#5141 = DIRECTION('',(0.5,0.707106781187,-0.5));
#5142 = ORIENTED_EDGE('',*,*,#5143,.F.);
#5143 = EDGE_CURVE('',#5144,#5134,#5146,.T.);
#5144 = VERTEX_POINT('',#5145);
#5145 = CARTESIAN_POINT('',(-12.12132034356,2.25,1.414213562373));
#5146 = LINE('',#5147,#5148);
#5147 = CARTESIAN_POINT('',(-12.47487373415,2.25,1.06066017178));
#5148 = VECTOR('',#5149,1.);
#5149 = DIRECTION('',(-0.707106781187,-1.715938977294E-16,
    -0.707106781187));
#5150 = ORIENTED_EDGE('',*,*,#5151,.F.);
#5151 = EDGE_CURVE('',#5152,#5144,#5154,.T.);
#5152 = VERTEX_POINT('',#5153);
#5153 = CARTESIAN_POINT('',(-11.76776695296,2.75,1.06066017178));
#5154 = LINE('',#5155,#5156);
#5155 = CARTESIAN_POINT('',(-10.0222086912,5.218592167691,
    -0.684898089979));
#5156 = VECTOR('',#5157,1.);
#5157 = DIRECTION('',(-0.5,-0.707106781187,0.5));
#5158 = ORIENTED_EDGE('',*,*,#5159,.F.);
#5159 = EDGE_CURVE('',#5136,#5152,#5160,.T.);
#5160 = LINE('',#5161,#5162);
#5161 = CARTESIAN_POINT('',(-12.12132034356,2.75,0.707106781187));
#5162 = VECTOR('',#5163,1.);
#5163 = DIRECTION('',(0.707106781187,1.715938977294E-16,0.707106781187)
  );
#5164 = PLANE('',#5165);
#5165 = AXIS2_PLACEMENT_3D('',#5166,#5167,#5168);
#5166 = CARTESIAN_POINT('',(-12.12132034356,2.75,0.707106781187));
#5167 = DIRECTION('',(0.5,-0.707106781187,-0.5));
#5168 = DIRECTION('',(0.707106781187,1.942890293094E-16,0.707106781187)
  );
#5169 = ADVANCED_FACE('',(#5170),#5186,.F.);
#5170 = FACE_BOUND('',#5171,.T.);
#5171 = EDGE_LOOP('',(#5172,#5178,#5179,#5185));
#5172 = ORIENTED_EDGE('',*,*,#5173,.T.);
#5173 = EDGE_CURVE('',#5112,#5144,#5174,.T.);
#5174 = LINE('',#5175,#5176);
#5175 = CARTESIAN_POINT('',(-12.12132034356,2.75,1.414213562373));
#5176 = VECTOR('',#5177,1.);
#5177 = DIRECTION('',(-2.168404344971E-16,1.,-3.409057087305E-17));
#5178 = ORIENTED_EDGE('',*,*,#5143,.T.);
#5179 = ORIENTED_EDGE('',*,*,#5180,.F.);
#5180 = EDGE_CURVE('',#5096,#5134,#5181,.T.);
#5181 = LINE('',#5182,#5183);
#5182 = CARTESIAN_POINT('',(-12.47487373415,-6.389275719778E-17,
    1.06066017178));
#5183 = VECTOR('',#5184,1.);
#5184 = DIRECTION('',(-2.168404344971E-16,1.,-3.409057087305E-17));
#5185 = ORIENTED_EDGE('',*,*,#5119,.T.);
#5186 = PLANE('',#5187);
#5187 = AXIS2_PLACEMENT_3D('',#5188,#5189,#5190);
#5188 = CARTESIAN_POINT('',(-12.47487373415,2.75,1.06066017178));
#5189 = DIRECTION('',(0.707106781187,1.292236678295E-16,-0.707106781187)
  );
#5190 = DIRECTION('',(-0.707106781187,-8.981824883957E-17,
    -0.707106781187));
#5191 = ADVANCED_FACE('',(#5192),#5210,.F.);
#5192 = FACE_BOUND('',#5193,.T.);
#5193 = EDGE_LOOP('',(#5194,#5195,#5196,#5202,#5203,#5209));
#5194 = ORIENTED_EDGE('',*,*,#5180,.T.);
#5195 = ORIENTED_EDGE('',*,*,#5133,.T.);
#5196 = ORIENTED_EDGE('',*,*,#5197,.T.);
#5197 = EDGE_CURVE('',#5136,#4996,#5198,.T.);
#5198 = LINE('',#5199,#5200);
#5199 = CARTESIAN_POINT('',(-6.68566017178,2.75,-4.728553390593));
#5200 = VECTOR('',#5201,1.);
#5201 = DIRECTION('',(0.707106781187,9.121204216618E-31,-0.707106781187)
  );
#5202 = ORIENTED_EDGE('',*,*,#5061,.F.);
#5203 = ORIENTED_EDGE('',*,*,#5204,.T.);
#5204 = EDGE_CURVE('',#5036,#5094,#5205,.T.);
#5205 = LINE('',#5206,#5207);
#5206 = CARTESIAN_POINT('',(-6.68566017178,-0.75,-4.728553390593));
#5207 = VECTOR('',#5208,1.);
#5208 = DIRECTION('',(-0.707106781187,-1.084202172486E-16,0.707106781187
    ));
#5209 = ORIENTED_EDGE('',*,*,#5093,.T.);
#5210 = PLANE('',#5211);
#5211 = AXIS2_PLACEMENT_3D('',#5212,#5213,#5214);
#5212 = CARTESIAN_POINT('',(-6.68566017178,9.940852318164E-16,
    -4.728553390593));
#5213 = DIRECTION('',(0.707106781187,1.774350155072E-16,0.707106781187)
  );
#5214 = DIRECTION('',(0.707106781187,2.168404344971E-16,-0.707106781187)
  );
#5215 = ADVANCED_FACE('',(#5216),#5227,.F.);
#5216 = FACE_BOUND('',#5217,.T.);
#5217 = EDGE_LOOP('',(#5218,#5224,#5225,#5226));
#5218 = ORIENTED_EDGE('',*,*,#5219,.T.);
#5219 = EDGE_CURVE('',#5027,#5104,#5220,.T.);
#5220 = LINE('',#5221,#5222);
#5221 = CARTESIAN_POINT('',(-12.12132034356,-0.75,1.414213562373));
#5222 = VECTOR('',#5223,1.);
#5223 = DIRECTION('',(-0.707106781187,-1.084202172486E-16,0.707106781187
    ));
#5224 = ORIENTED_EDGE('',*,*,#5103,.T.);
#5225 = ORIENTED_EDGE('',*,*,#5204,.F.);
#5226 = ORIENTED_EDGE('',*,*,#5035,.F.);
#5227 = PLANE('',#5228);
#5228 = AXIS2_PLACEMENT_3D('',#5229,#5230,#5231);
#5229 = CARTESIAN_POINT('',(-12.47487373415,-0.75,1.06066017178));
#5230 = DIRECTION('',(-1.979998795288E-16,1.,-4.467053786049E-17));
#5231 = DIRECTION('',(0.,4.467053786049E-17,1.));
#5232 = ADVANCED_FACE('',(#5233),#5246,.T.);
#5233 = FACE_BOUND('',#5234,.T.);
#5234 = EDGE_LOOP('',(#5235,#5241,#5242,#5243,#5244,#5245));
#5235 = ORIENTED_EDGE('',*,*,#5236,.F.);
#5236 = EDGE_CURVE('',#5152,#4994,#5237,.T.);
#5237 = LINE('',#5238,#5239);
#5238 = CARTESIAN_POINT('',(-10.70710678118,2.75,6.071532165919E-15));
#5239 = VECTOR('',#5240,1.);
#5240 = DIRECTION('',(0.707106781187,9.121204216618E-31,-0.707106781187)
  );
#5241 = ORIENTED_EDGE('',*,*,#5151,.T.);
#5242 = ORIENTED_EDGE('',*,*,#5173,.F.);
#5243 = ORIENTED_EDGE('',*,*,#5111,.T.);
#5244 = ORIENTED_EDGE('',*,*,#5219,.F.);
#5245 = ORIENTED_EDGE('',*,*,#5077,.F.);
#5246 = PLANE('',#5247);
#5247 = AXIS2_PLACEMENT_3D('',#5248,#5249,#5250);
#5248 = CARTESIAN_POINT('',(-6.332106781187,1.079882180681E-15,-4.375));
#5249 = DIRECTION('',(0.707106781187,1.774350155072E-16,0.707106781187)
  );
#5250 = DIRECTION('',(0.707106781187,2.168404344971E-16,-0.707106781187)
  );
#5251 = ADVANCED_FACE('',(#5252),#5258,.F.);
#5252 = FACE_BOUND('',#5253,.T.);
#5253 = EDGE_LOOP('',(#5254,#5255,#5256,#5257));
#5254 = ORIENTED_EDGE('',*,*,#5197,.F.);
#5255 = ORIENTED_EDGE('',*,*,#5159,.T.);
#5256 = ORIENTED_EDGE('',*,*,#5236,.T.);
#5257 = ORIENTED_EDGE('',*,*,#4993,.T.);
#5258 = PLANE('',#5259);
#5259 = AXIS2_PLACEMENT_3D('',#5260,#5261,#5262);
#5260 = CARTESIAN_POINT('',(-11.06066017178,2.75,-0.353553390593));
#5261 = DIRECTION('',(1.213352086947E-16,-1.,1.213352086947E-16));
#5262 = DIRECTION('',(0.,-1.213352086947E-16,-1.));
#5263 = ADVANCED_FACE('',(#5264),#5291,.T.);
#5264 = FACE_BOUND('',#5265,.T.);
#5265 = EDGE_LOOP('',(#5266,#5276,#5283,#5284));
#5266 = ORIENTED_EDGE('',*,*,#5267,.F.);
#5267 = EDGE_CURVE('',#5268,#5270,#5272,.T.);
#5268 = VERTEX_POINT('',#5269);
#5269 = CARTESIAN_POINT('',(10.853553390593,-0.75,0.146446609407));
#5270 = VERTEX_POINT('',#5271);
#5271 = CARTESIAN_POINT('',(11.207106781187,-0.75,-0.207106781187));
#5272 = LINE('',#5273,#5274);
#5273 = CARTESIAN_POINT('',(11.207106781187,-0.75,-0.207106781187));
#5274 = VECTOR('',#5275,1.);
#5275 = DIRECTION('',(0.707106781187,-5.183623260992E-17,-0.707106781187
    ));
#5276 = ORIENTED_EDGE('',*,*,#5277,.T.);
#5277 = EDGE_CURVE('',#5268,#3644,#5278,.T.);
#5278 = CIRCLE('',#5279,0.5);
#5279 = AXIS2_PLACEMENT_3D('',#5280,#5281,#5282);
#5280 = CARTESIAN_POINT('',(10.5,-0.75,0.5));
#5281 = DIRECTION('',(0.,1.,1.022195611122E-16));
#5282 = DIRECTION('',(-6.938893903907E-15,1.022195611122E-16,-1.));
#5283 = ORIENTED_EDGE('',*,*,#4920,.T.);
#5284 = ORIENTED_EDGE('',*,*,#5285,.F.);
#5285 = EDGE_CURVE('',#5270,#3588,#5286,.T.);
#5286 = CIRCLE('',#5287,1.);
#5287 = AXIS2_PLACEMENT_3D('',#5288,#5289,#5290);
#5288 = CARTESIAN_POINT('',(10.5,-0.75,0.5));
#5289 = DIRECTION('',(7.365250771339E-17,1.,-7.967683395495E-17));
#5290 = DIRECTION('',(-2.117022259741E-33,7.967683395495E-17,1.));
#5291 = PLANE('',#5292);
#5292 = AXIS2_PLACEMENT_3D('',#5293,#5294,#5295);
#5293 = CARTESIAN_POINT('',(10.5,-0.75,0.5));
#5294 = DIRECTION('',(-7.365250771339E-17,-1.,7.967683395495E-17));
#5295 = DIRECTION('',(0.,-7.967683395495E-17,-1.));
#5296 = ADVANCED_FACE('',(#5297),#5324,.T.);
#5297 = FACE_BOUND('',#5298,.T.);
#5298 = EDGE_LOOP('',(#5299,#5308,#5316,#5323));
#5299 = ORIENTED_EDGE('',*,*,#5300,.T.);
#5300 = EDGE_CURVE('',#3652,#5301,#5303,.T.);
#5301 = VERTEX_POINT('',#5302);
#5302 = CARTESIAN_POINT('',(10.853553390593,2.75,0.146446609407));
#5303 = CIRCLE('',#5304,0.5);
#5304 = AXIS2_PLACEMENT_3D('',#5305,#5306,#5307);
#5305 = CARTESIAN_POINT('',(10.5,2.75,0.5));
#5306 = DIRECTION('',(0.,-1.,-1.022195611122E-16));
#5307 = DIRECTION('',(0.,1.022195611122E-16,-1.));
#5308 = ORIENTED_EDGE('',*,*,#5309,.T.);
#5309 = EDGE_CURVE('',#5301,#5310,#5312,.T.);
#5310 = VERTEX_POINT('',#5311);
#5311 = CARTESIAN_POINT('',(11.207106781187,2.75,-0.207106781187));
#5312 = LINE('',#5313,#5314);
#5313 = CARTESIAN_POINT('',(10.853553390593,2.75,0.146446609407));
#5314 = VECTOR('',#5315,1.);
#5315 = DIRECTION('',(0.707106781187,-5.183623260992E-17,-0.707106781187
    ));
#5316 = ORIENTED_EDGE('',*,*,#5317,.F.);
#5317 = EDGE_CURVE('',#3580,#5310,#5318,.T.);
#5318 = CIRCLE('',#5319,1.);
#5319 = AXIS2_PLACEMENT_3D('',#5320,#5321,#5322);
#5320 = CARTESIAN_POINT('',(10.5,2.75,0.5));
#5321 = DIRECTION('',(0.,-1.,0.));
#5322 = DIRECTION('',(0.,0.,-1.));
#5323 = ORIENTED_EDGE('',*,*,#4259,.F.);
#5324 = PLANE('',#5325);
#5325 = AXIS2_PLACEMENT_3D('',#5326,#5327,#5328);
#5326 = CARTESIAN_POINT('',(10.5,2.75,0.5));
#5327 = DIRECTION('',(-0.,1.,0.));
#5328 = DIRECTION('',(0.,0.,1.));
#5329 = ADVANCED_FACE('',(#5330),#5341,.T.);
#5330 = FACE_BOUND('',#5331,.T.);
#5331 = EDGE_LOOP('',(#5332,#5333,#5334,#5340));
#5332 = ORIENTED_EDGE('',*,*,#3587,.F.);
#5333 = ORIENTED_EDGE('',*,*,#5317,.T.);
#5334 = ORIENTED_EDGE('',*,*,#5335,.T.);
#5335 = EDGE_CURVE('',#5310,#5270,#5336,.T.);
#5336 = LINE('',#5337,#5338);
#5337 = CARTESIAN_POINT('',(11.207106781187,-0.75,-0.207106781187));
#5338 = VECTOR('',#5339,1.);
#5339 = DIRECTION('',(4.130293990421E-17,-1.,6.091662120802E-17));
#5340 = ORIENTED_EDGE('',*,*,#5285,.T.);
#5341 = CYLINDRICAL_SURFACE('',#5342,1.);
#5342 = AXIS2_PLACEMENT_3D('',#5343,#5344,#5345);
#5343 = CARTESIAN_POINT('',(10.5,4.584268165152,0.5));
#5344 = DIRECTION('',(0.,-1.,-1.022195611122E-16));
#5345 = DIRECTION('',(0.,1.022195611122E-16,-1.));
#5346 = ADVANCED_FACE('',(#5347),#5358,.F.);
#5347 = FACE_BOUND('',#5348,.F.);
#5348 = EDGE_LOOP('',(#5349,#5350,#5356,#5357));
#5349 = ORIENTED_EDGE('',*,*,#5300,.T.);
#5350 = ORIENTED_EDGE('',*,*,#5351,.F.);
#5351 = EDGE_CURVE('',#5268,#5301,#5352,.T.);
#5352 = LINE('',#5353,#5354);
#5353 = CARTESIAN_POINT('',(10.853553390593,-0.75,0.146446609407));
#5354 = VECTOR('',#5355,1.);
#5355 = DIRECTION('',(-4.130293990421E-17,1.,-6.091662120802E-17));
#5356 = ORIENTED_EDGE('',*,*,#5277,.T.);
#5357 = ORIENTED_EDGE('',*,*,#3651,.F.);
#5358 = CYLINDRICAL_SURFACE('',#5359,0.5);
#5359 = AXIS2_PLACEMENT_3D('',#5360,#5361,#5362);
#5360 = CARTESIAN_POINT('',(10.5,4.584268165152,0.5));
#5361 = DIRECTION('',(0.,-1.,-1.022195611122E-16));
#5362 = DIRECTION('',(0.,1.022195611122E-16,-1.));
#5363 = ADVANCED_FACE('',(#5364),#5398,.F.);
#5364 = FACE_BOUND('',#5365,.T.);
#5365 = EDGE_LOOP('',(#5366,#5376,#5384,#5392));
#5366 = ORIENTED_EDGE('',*,*,#5367,.F.);
#5367 = EDGE_CURVE('',#5368,#5370,#5372,.T.);
#5368 = VERTEX_POINT('',#5369);
#5369 = CARTESIAN_POINT('',(12.474873734153,-0.25,1.06066017178));
#5370 = VERTEX_POINT('',#5371);
#5371 = CARTESIAN_POINT('',(12.12132034356,-0.75,0.707106781187));
#5372 = LINE('',#5373,#5374);
#5373 = CARTESIAN_POINT('',(12.12132034356,-0.75,0.707106781187));
#5374 = VECTOR('',#5375,1.);
#5375 = DIRECTION('',(-0.5,-0.707106781187,-0.5));
#5376 = ORIENTED_EDGE('',*,*,#5377,.F.);
#5377 = EDGE_CURVE('',#5378,#5368,#5380,.T.);
#5378 = VERTEX_POINT('',#5379);
#5379 = CARTESIAN_POINT('',(12.12132034356,-0.25,1.414213562373));
#5380 = LINE('',#5381,#5382);
#5381 = CARTESIAN_POINT('',(12.474873734153,-0.25,1.06066017178));
#5382 = VECTOR('',#5383,1.);
#5383 = DIRECTION('',(0.707106781187,-5.183623260992E-17,-0.707106781187
    ));
#5384 = ORIENTED_EDGE('',*,*,#5385,.F.);
#5385 = EDGE_CURVE('',#5386,#5378,#5388,.T.);
#5386 = VERTEX_POINT('',#5387);
#5387 = CARTESIAN_POINT('',(11.767766952966,-0.75,1.06066017178));
#5388 = LINE('',#5389,#5390);
#5389 = CARTESIAN_POINT('',(9.315101910021,-4.218592167691,
    -1.392004871165));
#5390 = VECTOR('',#5391,1.);
#5391 = DIRECTION('',(0.5,0.707106781187,0.5));
#5392 = ORIENTED_EDGE('',*,*,#5393,.F.);
#5393 = EDGE_CURVE('',#5370,#5386,#5394,.T.);
#5394 = LINE('',#5395,#5396);
#5395 = CARTESIAN_POINT('',(12.12132034356,-0.75,0.707106781187));
#5396 = VECTOR('',#5397,1.);
#5397 = DIRECTION('',(-0.707106781187,5.183623260992E-17,0.707106781187)
  );
#5398 = PLANE('',#5399);
#5399 = AXIS2_PLACEMENT_3D('',#5400,#5401,#5402);
#5400 = CARTESIAN_POINT('',(12.12132034356,-0.75,0.707106781187));
#5401 = DIRECTION('',(-0.5,0.707106781187,-0.5));
#5402 = DIRECTION('',(-0.707106781187,5.551115123126E-17,0.707106781187)
  );
#5403 = ADVANCED_FACE('',(#5404),#5429,.F.);
#5404 = FACE_BOUND('',#5405,.T.);
#5405 = EDGE_LOOP('',(#5406,#5414,#5422,#5428));
#5406 = ORIENTED_EDGE('',*,*,#5407,.F.);
#5407 = EDGE_CURVE('',#5408,#5368,#5410,.T.);
#5408 = VERTEX_POINT('',#5409);
#5409 = CARTESIAN_POINT('',(12.474873734153,2.25,1.06066017178));
#5410 = LINE('',#5411,#5412);
#5411 = CARTESIAN_POINT('',(12.474873734153,1.128084309188E-16,
    1.06066017178));
#5412 = VECTOR('',#5413,1.);
#5413 = DIRECTION('',(7.228014483237E-17,-1.,9.189382613617E-17));
#5414 = ORIENTED_EDGE('',*,*,#5415,.T.);
#5415 = EDGE_CURVE('',#5408,#5416,#5418,.T.);
#5416 = VERTEX_POINT('',#5417);
#5417 = CARTESIAN_POINT('',(12.12132034356,2.25,1.414213562373));
#5418 = LINE('',#5419,#5420);
#5419 = CARTESIAN_POINT('',(12.474873734153,2.25,1.06066017178));
#5420 = VECTOR('',#5421,1.);
#5421 = DIRECTION('',(-0.707106781187,5.183623260992E-17,0.707106781187)
  );
#5422 = ORIENTED_EDGE('',*,*,#5423,.T.);
#5423 = EDGE_CURVE('',#5416,#5378,#5424,.T.);
#5424 = LINE('',#5425,#5426);
#5425 = CARTESIAN_POINT('',(12.12132034356,-0.75,1.414213562373));
#5426 = VECTOR('',#5427,1.);
#5427 = DIRECTION('',(7.228014483237E-17,-1.,9.189382613617E-17));
#5428 = ORIENTED_EDGE('',*,*,#5377,.T.);
#5429 = PLANE('',#5430);
#5430 = AXIS2_PLACEMENT_3D('',#5431,#5432,#5433);
#5431 = CARTESIAN_POINT('',(12.474873734153,-0.75,1.06066017178));
#5432 = DIRECTION('',(-0.707106781187,-1.160885281662E-16,
    -0.707106781187));
#5433 = DIRECTION('',(-0.707106781187,-2.993941627986E-17,0.707106781187
    ));
#5434 = ADVANCED_FACE('',(#5435),#5460,.F.);
#5435 = FACE_BOUND('',#5436,.T.);
#5436 = EDGE_LOOP('',(#5437,#5445,#5453,#5459));
#5437 = ORIENTED_EDGE('',*,*,#5438,.F.);
#5438 = EDGE_CURVE('',#5439,#5408,#5441,.T.);
#5439 = VERTEX_POINT('',#5440);
#5440 = CARTESIAN_POINT('',(12.12132034356,2.75,0.707106781187));
#5441 = LINE('',#5442,#5443);
#5442 = CARTESIAN_POINT('',(12.474873734153,2.25,1.06066017178));
#5443 = VECTOR('',#5444,1.);
#5444 = DIRECTION('',(0.5,-0.707106781187,0.5));
#5445 = ORIENTED_EDGE('',*,*,#5446,.F.);
#5446 = EDGE_CURVE('',#5447,#5439,#5449,.T.);
#5447 = VERTEX_POINT('',#5448);
#5448 = CARTESIAN_POINT('',(11.767766952966,2.75,1.06066017178));
#5449 = LINE('',#5450,#5451);
#5450 = CARTESIAN_POINT('',(12.12132034356,2.75,0.707106781187));
#5451 = VECTOR('',#5452,1.);
#5452 = DIRECTION('',(0.707106781187,-5.183623260992E-17,-0.707106781187
    ));
#5453 = ORIENTED_EDGE('',*,*,#5454,.F.);
#5454 = EDGE_CURVE('',#5416,#5447,#5455,.T.);
#5455 = LINE('',#5456,#5457);
#5456 = CARTESIAN_POINT('',(10.022208691208,5.218592167691,
    -0.684898089979));
#5457 = VECTOR('',#5458,1.);
#5458 = DIRECTION('',(-0.5,0.707106781187,-0.5));
#5459 = ORIENTED_EDGE('',*,*,#5415,.F.);
#5460 = PLANE('',#5461);
#5461 = AXIS2_PLACEMENT_3D('',#5462,#5463,#5464);
#5462 = CARTESIAN_POINT('',(12.474873734153,2.25,1.06066017178));
#5463 = DIRECTION('',(-0.5,-0.707106781187,-0.5));
#5464 = DIRECTION('',(-0.707106781187,1.110223024625E-16,0.707106781187)
  );
#5465 = ADVANCED_FACE('',(#5466),#5484,.F.);
#5466 = FACE_BOUND('',#5467,.T.);
#5467 = EDGE_LOOP('',(#5468,#5474,#5475,#5476,#5477,#5483));
#5468 = ORIENTED_EDGE('',*,*,#5469,.T.);
#5469 = EDGE_CURVE('',#5310,#5439,#5470,.T.);
#5470 = LINE('',#5471,#5472);
#5471 = CARTESIAN_POINT('',(6.68566017178,2.75,-4.728553390593));
#5472 = VECTOR('',#5473,1.);
#5473 = DIRECTION('',(0.707106781187,-1.445602896647E-16,0.707106781187)
  );
#5474 = ORIENTED_EDGE('',*,*,#5438,.T.);
#5475 = ORIENTED_EDGE('',*,*,#5407,.T.);
#5476 = ORIENTED_EDGE('',*,*,#5367,.T.);
#5477 = ORIENTED_EDGE('',*,*,#5478,.T.);
#5478 = EDGE_CURVE('',#5370,#5270,#5479,.T.);
#5479 = LINE('',#5480,#5481);
#5480 = CARTESIAN_POINT('',(6.68566017178,-0.75,-4.728553390593));
#5481 = VECTOR('',#5482,1.);
#5482 = DIRECTION('',(-0.707106781187,-7.228014483237E-17,
    -0.707106781187));
#5483 = ORIENTED_EDGE('',*,*,#5335,.F.);
#5484 = PLANE('',#5485);
#5485 = AXIS2_PLACEMENT_3D('',#5486,#5487,#5488);
#5486 = CARTESIAN_POINT('',(6.68566017178,-8.376297484009E-16,
    -4.728553390593));
#5487 = DIRECTION('',(-0.707106781187,1.386896705395E-17,0.707106781187)
  );
#5488 = DIRECTION('',(0.707106781187,7.228014483237E-17,0.707106781187)
  );
#5489 = ADVANCED_FACE('',(#5490),#5501,.F.);
#5490 = FACE_BOUND('',#5491,.T.);
#5491 = EDGE_LOOP('',(#5492,#5498,#5499,#5500));
#5492 = ORIENTED_EDGE('',*,*,#5493,.T.);
#5493 = EDGE_CURVE('',#5301,#5447,#5494,.T.);
#5494 = LINE('',#5495,#5496);
#5495 = CARTESIAN_POINT('',(12.12132034356,2.75,1.414213562373));
#5496 = VECTOR('',#5497,1.);
#5497 = DIRECTION('',(0.707106781187,-1.445602896647E-16,0.707106781187)
  );
#5498 = ORIENTED_EDGE('',*,*,#5446,.T.);
#5499 = ORIENTED_EDGE('',*,*,#5469,.F.);
#5500 = ORIENTED_EDGE('',*,*,#5309,.F.);
#5501 = PLANE('',#5502);
#5502 = AXIS2_PLACEMENT_3D('',#5503,#5504,#5505);
#5503 = CARTESIAN_POINT('',(12.474873734153,2.75,1.06066017178));
#5504 = DIRECTION('',(-1.388733127019E-16,-1.,-6.556580952258E-17));
#5505 = DIRECTION('',(1.,-1.388733127019E-16,0.));
#5506 = ADVANCED_FACE('',(#5507),#5520,.T.);
#5507 = FACE_BOUND('',#5508,.T.);
#5508 = EDGE_LOOP('',(#5509,#5510,#5511,#5512,#5513,#5519));
#5509 = ORIENTED_EDGE('',*,*,#5423,.F.);
#5510 = ORIENTED_EDGE('',*,*,#5454,.T.);
#5511 = ORIENTED_EDGE('',*,*,#5493,.F.);
#5512 = ORIENTED_EDGE('',*,*,#5351,.F.);
#5513 = ORIENTED_EDGE('',*,*,#5514,.F.);
#5514 = EDGE_CURVE('',#5386,#5268,#5515,.T.);
#5515 = LINE('',#5516,#5517);
#5516 = CARTESIAN_POINT('',(10.707106781187,-0.75,1.040834085586E-14));
#5517 = VECTOR('',#5518,1.);
#5518 = DIRECTION('',(-0.707106781187,-7.228014483237E-17,
    -0.707106781187));
#5519 = ORIENTED_EDGE('',*,*,#5385,.T.);
#5520 = PLANE('',#5521);
#5521 = AXIS2_PLACEMENT_3D('',#5522,#5523,#5524);
#5522 = CARTESIAN_POINT('',(6.332106781187,-8.11711632096E-16,-4.375));
#5523 = DIRECTION('',(-0.707106781187,1.386896705395E-17,0.707106781187)
  );
#5524 = DIRECTION('',(0.707106781187,7.228014483237E-17,0.707106781187)
  );
#5525 = ADVANCED_FACE('',(#5526),#5532,.F.);
#5526 = FACE_BOUND('',#5527,.T.);
#5527 = EDGE_LOOP('',(#5528,#5529,#5530,#5531));
#5528 = ORIENTED_EDGE('',*,*,#5478,.F.);
#5529 = ORIENTED_EDGE('',*,*,#5393,.T.);
#5530 = ORIENTED_EDGE('',*,*,#5514,.T.);
#5531 = ORIENTED_EDGE('',*,*,#5267,.T.);
#5532 = PLANE('',#5533);
#5533 = AXIS2_PLACEMENT_3D('',#5534,#5535,#5536);
#5534 = CARTESIAN_POINT('',(11.06066017178,-0.75,-0.353553390593));
#5535 = DIRECTION('',(-1.445602896647E-17,1.,-8.776353214575E-17));
#5536 = DIRECTION('',(0.,8.776353214575E-17,1.));
#5537 = ( GEOMETRIC_REPRESENTATION_CONTEXT(3) 
GLOBAL_UNCERTAINTY_ASSIGNED_CONTEXT((#5541)) 
GLOBAL_UNIT_ASSIGNED_CONTEXT((#5538,#5539,#5540)) REPRESENTATION_CONTEXT
('Context #1','3D Context with UNIT and UNCERTAINTY') );
#5538 = ( LENGTH_UNIT() NAMED_UNIT(*) SI_UNIT(.MILLI.,.METRE.) );
#5539 = ( NAMED_UNIT(*) PLANE_ANGLE_UNIT() SI_UNIT($,.RADIAN.) );
#5540 = ( NAMED_UNIT(*) SI_UNIT($,.STERADIAN.) SOLID_ANGLE_UNIT() );
#5541 = UNCERTAINTY_MEASURE_WITH_UNIT(LENGTH_MEASURE(1.E-07),#5538,
  'distance_accuracy_value','confusion accuracy');
#5542 = CONTEXT_DEPENDENT_SHAPE_REPRESENTATION(#5543,#5545);
#5543 = ( REPRESENTATION_RELATIONSHIP('','',#3228,#10) 
REPRESENTATION_RELATIONSHIP_WITH_TRANSFORMATION(#5544) 
SHAPE_REPRESENTATION_RELATIONSHIP() );
#5544 = ITEM_DEFINED_TRANSFORMATION('','',#11,#23);
#5545 = PRODUCT_DEFINITION_SHAPE('Placement','Placement of an item',
  #5546);
#5546 = NEXT_ASSEMBLY_USAGE_OCCURRENCE('10','Solid5','',#5,#3223,$);
#5547 = PRODUCT_RELATED_PRODUCT_CATEGORY('part',$,(#3225));
#5548 = SHAPE_DEFINITION_REPRESENTATION(#5549,#5555);
#5549 = PRODUCT_DEFINITION_SHAPE('','',#5550);
#5550 = PRODUCT_DEFINITION('design','',#5551,#5554);
#5551 = PRODUCT_DEFINITION_FORMATION('','',#5552);
#5552 = PRODUCT('Solid6','Solid6','',(#5553));
#5553 = PRODUCT_CONTEXT('',#2,'mechanical');
#5554 = PRODUCT_DEFINITION_CONTEXT('part definition',#2,'design');
#5555 = ADVANCED_BREP_SHAPE_REPRESENTATION('',(#11,#5556),#6768);
#5556 = MANIFOLD_SOLID_BREP('',#5557);
#5557 = CLOSED_SHELL('',(#5558,#5625,#5657,#5677,#5718,#5740,#5761,#5800
    ,#5832,#5864,#5896,#5928,#5953,#5970,#5987,#6004,#6021,#6038,#6055,
    #6077,#6109,#6125,#6149,#6181,#6197,#6221,#6253,#6269,#6293,#6325,
    #6341,#6365,#6397,#6413,#6437,#6469,#6485,#6509,#6541,#6557,#6581,
    #6613,#6629,#6653,#6694,#6710,#6727,#6751));
#5558 = ADVANCED_FACE('',(#5559,#5609),#5620,.T.);
#5559 = FACE_BOUND('',#5560,.T.);
#5560 = EDGE_LOOP('',(#5561,#5571,#5579,#5587,#5595,#5603));
#5561 = ORIENTED_EDGE('',*,*,#5562,.T.);
#5562 = EDGE_CURVE('',#5563,#5565,#5567,.T.);
#5563 = VERTEX_POINT('',#5564);
#5564 = CARTESIAN_POINT('',(0.,2.898298351332,-4.987329993433E-15));
#5565 = VERTEX_POINT('',#5566);
#5566 = CARTESIAN_POINT('',(0.,1.449149175666,2.51));
#5567 = LINE('',#5568,#5569);
#5568 = CARTESIAN_POINT('',(0.,2.898298351332,-4.987329993433E-15));
#5569 = VECTOR('',#5570,1.);
#5570 = DIRECTION('',(0.,-0.5,0.866025403784));
#5571 = ORIENTED_EDGE('',*,*,#5572,.F.);
#5572 = EDGE_CURVE('',#5573,#5565,#5575,.T.);
#5573 = VERTEX_POINT('',#5574);
#5574 = CARTESIAN_POINT('',(0.,-1.449149175666,2.51));
#5575 = LINE('',#5576,#5577);
#5576 = CARTESIAN_POINT('',(0.,-1.449149175666,2.51));
#5577 = VECTOR('',#5578,1.);
#5578 = DIRECTION('',(0.,1.,-1.047430497128E-15));
#5579 = ORIENTED_EDGE('',*,*,#5580,.T.);
#5580 = EDGE_CURVE('',#5573,#5581,#5583,.T.);
#5581 = VERTEX_POINT('',#5582);
#5582 = CARTESIAN_POINT('',(0.,-2.898298351332,2.602085213965E-15));
#5583 = LINE('',#5584,#5585);
#5584 = CARTESIAN_POINT('',(0.,-1.449149175666,2.51));
#5585 = VECTOR('',#5586,1.);
#5586 = DIRECTION('',(0.,-0.5,-0.866025403784));
#5587 = ORIENTED_EDGE('',*,*,#5588,.T.);
#5588 = EDGE_CURVE('',#5581,#5589,#5591,.T.);
#5589 = VERTEX_POINT('',#5590);
#5590 = CARTESIAN_POINT('',(0.,-1.449149175666,-2.51));
#5591 = LINE('',#5592,#5593);
#5592 = CARTESIAN_POINT('',(0.,-2.898298351332,2.602085213965E-15));
#5593 = VECTOR('',#5594,1.);
#5594 = DIRECTION('',(0.,0.5,-0.866025403784));
#5595 = ORIENTED_EDGE('',*,*,#5596,.F.);
#5596 = EDGE_CURVE('',#5597,#5589,#5599,.T.);
#5597 = VERTEX_POINT('',#5598);
#5598 = CARTESIAN_POINT('',(0.,1.449149175666,-2.51));
#5599 = LINE('',#5600,#5601);
#5600 = CARTESIAN_POINT('',(0.,1.449149175666,-2.51));
#5601 = VECTOR('',#5602,1.);
#5602 = DIRECTION('',(0.,-1.,1.197063425289E-15));
#5603 = ORIENTED_EDGE('',*,*,#5604,.F.);
#5604 = EDGE_CURVE('',#5563,#5597,#5605,.T.);
#5605 = LINE('',#5606,#5607);
#5606 = CARTESIAN_POINT('',(0.,2.898298351332,-4.987329993433E-15));
#5607 = VECTOR('',#5608,1.);
#5608 = DIRECTION('',(0.,-0.5,-0.866025403784));
#5609 = FACE_BOUND('',#5610,.T.);
#5610 = EDGE_LOOP('',(#5611));
#5611 = ORIENTED_EDGE('',*,*,#5612,.T.);
#5612 = EDGE_CURVE('',#5613,#5613,#5615,.T.);
#5613 = VERTEX_POINT('',#5614);
#5614 = CARTESIAN_POINT('',(0.,0.,4.4));
#5615 = CIRCLE('',#5616,4.4);
#5616 = AXIS2_PLACEMENT_3D('',#5617,#5618,#5619);
#5617 = CARTESIAN_POINT('',(0.,0.,0.));
#5618 = DIRECTION('',(-1.,0.,-0.));
#5619 = DIRECTION('',(-0.,0.,1.));
#5620 = PLANE('',#5621);
#5621 = AXIS2_PLACEMENT_3D('',#5622,#5623,#5624);
#5622 = CARTESIAN_POINT('',(0.,0.,0.));
#5623 = DIRECTION('',(-1.,0.,-0.));
#5624 = DIRECTION('',(0.,0.,1.));
#5625 = ADVANCED_FACE('',(#5626),#5652,.T.);
#5626 = FACE_BOUND('',#5627,.T.);
#5627 = EDGE_LOOP('',(#5628,#5637,#5644,#5651));
#5628 = ORIENTED_EDGE('',*,*,#5629,.T.);
#5629 = EDGE_CURVE('',#5630,#5630,#5632,.T.);
#5630 = VERTEX_POINT('',#5631);
#5631 = CARTESIAN_POINT('',(0.6,0.,5.));
#5632 = CIRCLE('',#5633,5.);
#5633 = AXIS2_PLACEMENT_3D('',#5634,#5635,#5636);
#5634 = CARTESIAN_POINT('',(0.6,0.,0.));
#5635 = DIRECTION('',(1.,0.,-0.));
#5636 = DIRECTION('',(0.,0.,1.));
#5637 = ORIENTED_EDGE('',*,*,#5638,.F.);
#5638 = EDGE_CURVE('',#5639,#5630,#5641,.T.);
#5639 = VERTEX_POINT('',#5640);
#5640 = CARTESIAN_POINT('',(6.,0.,5.));
#5641 = B_SPLINE_CURVE_WITH_KNOTS('',1,(#5642,#5643),.UNSPECIFIED.,.F.,
  .F.,(2,2),(-37.75,-32.35),.PIECEWISE_BEZIER_KNOTS.);
#5642 = CARTESIAN_POINT('',(6.,-1.224646799147E-15,5.));
#5643 = CARTESIAN_POINT('',(0.6,-1.224646799147E-15,5.));
#5644 = ORIENTED_EDGE('',*,*,#5645,.T.);
#5645 = EDGE_CURVE('',#5639,#5639,#5646,.T.);
#5646 = CIRCLE('',#5647,5.);
#5647 = AXIS2_PLACEMENT_3D('',#5648,#5649,#5650);
#5648 = CARTESIAN_POINT('',(6.,0.,0.));
#5649 = DIRECTION('',(-1.,0.,-0.));
#5650 = DIRECTION('',(-0.,0.,1.));
#5651 = ORIENTED_EDGE('',*,*,#5638,.T.);
#5652 = CYLINDRICAL_SURFACE('',#5653,5.);
#5653 = AXIS2_PLACEMENT_3D('',#5654,#5655,#5656);
#5654 = CARTESIAN_POINT('',(-31.75,0.,0.));
#5655 = DIRECTION('',(-1.,-0.,-0.));
#5656 = DIRECTION('',(-0.,0.,1.));
#5657 = ADVANCED_FACE('',(#5658,#5669),#5672,.T.);
#5658 = FACE_BOUND('',#5659,.T.);
#5659 = EDGE_LOOP('',(#5660));
#5660 = ORIENTED_EDGE('',*,*,#5661,.T.);
#5661 = EDGE_CURVE('',#5662,#5662,#5664,.T.);
#5662 = VERTEX_POINT('',#5663);
#5663 = CARTESIAN_POINT('',(6.,0.,-3.25));
#5664 = CIRCLE('',#5665,3.25);
#5665 = AXIS2_PLACEMENT_3D('',#5666,#5667,#5668);
#5666 = CARTESIAN_POINT('',(6.,0.,0.));
#5667 = DIRECTION('',(-1.,-0.,-0.));
#5668 = DIRECTION('',(0.,0.,-1.));
#5669 = FACE_BOUND('',#5670,.T.);
#5670 = EDGE_LOOP('',(#5671));
#5671 = ORIENTED_EDGE('',*,*,#5645,.F.);
#5672 = PLANE('',#5673);
#5673 = AXIS2_PLACEMENT_3D('',#5674,#5675,#5676);
#5674 = CARTESIAN_POINT('',(6.,5.,0.));
#5675 = DIRECTION('',(1.,0.,0.));
#5676 = DIRECTION('',(0.,0.,-1.));
#5677 = ADVANCED_FACE('',(#5678),#5713,.T.);
#5678 = FACE_BOUND('',#5679,.T.);
#5679 = EDGE_LOOP('',(#5680,#5689,#5696,#5705,#5712));
#5680 = ORIENTED_EDGE('',*,*,#5681,.T.);
#5681 = EDGE_CURVE('',#5682,#5682,#5684,.T.);
#5682 = VERTEX_POINT('',#5683);
#5683 = CARTESIAN_POINT('',(6.611734920063,-3.,0.));
#5684 = CIRCLE('',#5685,3.);
#5685 = AXIS2_PLACEMENT_3D('',#5686,#5687,#5688);
#5686 = CARTESIAN_POINT('',(6.611734920063,1.198489776628E-15,0.));
#5687 = DIRECTION('',(-1.,-1.224606353822E-16,0.));
#5688 = DIRECTION('',(1.224606353822E-16,-1.,0.));
#5689 = ORIENTED_EDGE('',*,*,#5690,.T.);
#5690 = EDGE_CURVE('',#5682,#5691,#5693,.T.);
#5691 = VERTEX_POINT('',#5692);
#5692 = CARTESIAN_POINT('',(6.25,-3.,1.836970198721E-16));
#5693 = B_SPLINE_CURVE_WITH_KNOTS('',1,(#5694,#5695),.UNSPECIFIED.,.F.,
  .F.,(2,2),(-38.36173492006,-38.),.PIECEWISE_BEZIER_KNOTS.);
#5694 = CARTESIAN_POINT('',(6.611734920063,-3.,1.836970198721E-16));
#5695 = CARTESIAN_POINT('',(6.25,-3.,1.836970198721E-16));
#5696 = ORIENTED_EDGE('',*,*,#5697,.T.);
#5697 = EDGE_CURVE('',#5691,#5698,#5700,.T.);
#5698 = VERTEX_POINT('',#5699);
#5699 = CARTESIAN_POINT('',(6.25,0.,-3.));
#5700 = CIRCLE('',#5701,3.);
#5701 = AXIS2_PLACEMENT_3D('',#5702,#5703,#5704);
#5702 = CARTESIAN_POINT('',(6.25,0.,0.));
#5703 = DIRECTION('',(1.,0.,0.));
#5704 = DIRECTION('',(0.,0.,-1.));
#5705 = ORIENTED_EDGE('',*,*,#5706,.T.);
#5706 = EDGE_CURVE('',#5698,#5691,#5707,.T.);
#5707 = CIRCLE('',#5708,3.);
#5708 = AXIS2_PLACEMENT_3D('',#5709,#5710,#5711);
#5709 = CARTESIAN_POINT('',(6.25,0.,0.));
#5710 = DIRECTION('',(1.,0.,0.));
#5711 = DIRECTION('',(0.,0.,-1.));
#5712 = ORIENTED_EDGE('',*,*,#5690,.F.);
#5713 = CYLINDRICAL_SURFACE('',#5714,3.);
#5714 = AXIS2_PLACEMENT_3D('',#5715,#5716,#5717);
#5715 = CARTESIAN_POINT('',(-31.75,0.,0.));
#5716 = DIRECTION('',(-1.,-0.,-0.));
#5717 = DIRECTION('',(-0.,0.,1.));
#5718 = ADVANCED_FACE('',(#5719),#5735,.F.);
#5719 = FACE_BOUND('',#5720,.F.);
#5720 = EDGE_LOOP('',(#5721,#5722,#5732,#5733,#5734));
#5721 = ORIENTED_EDGE('',*,*,#5697,.T.);
#5722 = ORIENTED_EDGE('',*,*,#5723,.T.);
#5723 = EDGE_CURVE('',#5698,#5662,#5724,.T.);
#5724 = ( BOUNDED_CURVE() B_SPLINE_CURVE(6,(#5725,#5726,#5727,#5728,
#5729,#5730,#5731),.UNSPECIFIED.,.F.,.F.) B_SPLINE_CURVE_WITH_KNOTS((7,7
),(3.14159265359,4.712388980385),.PIECEWISE_BEZIER_KNOTS.) CURVE() 
GEOMETRIC_REPRESENTATION_ITEM() RATIONAL_B_SPLINE_CURVE((1.031393471788,
    1.010025407661,0.997924642725,0.993958444137,0.997924642725,
1.010025407661,1.031393471788)) REPRESENTATION_ITEM('') );
#5725 = CARTESIAN_POINT('',(6.25,0.,-3.));
#5726 = CARTESIAN_POINT('',(6.183165804212,0.,-3.));
#5727 = CARTESIAN_POINT('',(6.118072856854,0.,-3.021251087658));
#5728 = CARTESIAN_POINT('',(6.062020121699,0.,-3.062020121699));
#5729 = CARTESIAN_POINT('',(6.021251087658,0.,-3.118072856854));
#5730 = CARTESIAN_POINT('',(6.,0.,-3.183165804212));
#5731 = CARTESIAN_POINT('',(6.,0.,-3.25));
#5732 = ORIENTED_EDGE('',*,*,#5661,.T.);
#5733 = ORIENTED_EDGE('',*,*,#5723,.F.);
#5734 = ORIENTED_EDGE('',*,*,#5706,.T.);
#5735 = TOROIDAL_SURFACE('',#5736,3.25,0.25);
#5736 = AXIS2_PLACEMENT_3D('',#5737,#5738,#5739);
#5737 = CARTESIAN_POINT('',(6.25,0.,0.));
#5738 = DIRECTION('',(1.,0.,0.));
#5739 = DIRECTION('',(0.,0.,-1.));
#5740 = ADVANCED_FACE('',(#5741),#5756,.T.);
#5741 = FACE_BOUND('',#5742,.T.);
#5742 = EDGE_LOOP('',(#5743,#5744,#5754,#5755));
#5743 = ORIENTED_EDGE('',*,*,#5629,.F.);
#5744 = ORIENTED_EDGE('',*,*,#5745,.T.);
#5745 = EDGE_CURVE('',#5630,#5613,#5746,.T.);
#5746 = ( BOUNDED_CURVE() B_SPLINE_CURVE(6,(#5747,#5748,#5749,#5750,
#5751,#5752,#5753),.UNSPECIFIED.,.F.,.F.) B_SPLINE_CURVE_WITH_KNOTS((7,7
),(0.,1.570796326795),.PIECEWISE_BEZIER_KNOTS.) CURVE() 
GEOMETRIC_REPRESENTATION_ITEM() RATIONAL_B_SPLINE_CURVE((1.031393471788,
    1.010025407661,0.997924642725,0.993958444137,0.997924642725,
1.010025407661,1.031393471788)) REPRESENTATION_ITEM('') );
#5747 = CARTESIAN_POINT('',(0.6,0.,5.));
#5748 = CARTESIAN_POINT('',(0.439597930108,0.,5.));
#5749 = CARTESIAN_POINT('',(0.283374856451,0.,4.94899738962));
#5750 = CARTESIAN_POINT('',(0.148848292079,0.,4.851151707921));
#5751 = CARTESIAN_POINT('',(5.100261038022E-02,0.,4.716625143549));
#5752 = CARTESIAN_POINT('',(3.330669073875E-15,0.,4.560402069892));
#5753 = CARTESIAN_POINT('',(3.330669073875E-15,0.,4.4));
#5754 = ORIENTED_EDGE('',*,*,#5612,.F.);
#5755 = ORIENTED_EDGE('',*,*,#5745,.F.);
#5756 = TOROIDAL_SURFACE('',#5757,4.4,0.6);
#5757 = AXIS2_PLACEMENT_3D('',#5758,#5759,#5760);
#5758 = CARTESIAN_POINT('',(0.6,0.,0.));
#5759 = DIRECTION('',(-1.,-0.,-0.));
#5760 = DIRECTION('',(-0.,0.,1.));
#5761 = ADVANCED_FACE('',(#5762),#5795,.T.);
#5762 = FACE_BOUND('',#5763,.T.);
#5763 = EDGE_LOOP('',(#5764,#5765,#5773,#5781,#5789));
#5764 = ORIENTED_EDGE('',*,*,#5562,.F.);
#5765 = ORIENTED_EDGE('',*,*,#5766,.F.);
#5766 = EDGE_CURVE('',#5767,#5563,#5769,.T.);
#5767 = VERTEX_POINT('',#5768);
#5768 = CARTESIAN_POINT('',(3.,2.898298351332,-4.987329993433E-15));
#5769 = LINE('',#5770,#5771);
#5770 = CARTESIAN_POINT('',(3.,2.898298351332,-4.987329993433E-15));
#5771 = VECTOR('',#5772,1.);
#5772 = DIRECTION('',(-1.,-0.,-0.));
#5773 = ORIENTED_EDGE('',*,*,#5774,.T.);
#5774 = EDGE_CURVE('',#5767,#5775,#5777,.T.);
#5775 = VERTEX_POINT('',#5776);
#5776 = CARTESIAN_POINT('',(3.,2.173723763499,1.255));
#5777 = LINE('',#5778,#5779);
#5778 = CARTESIAN_POINT('',(3.,2.898298351332,-4.987329993433E-15));
#5779 = VECTOR('',#5780,1.);
#5780 = DIRECTION('',(0.,-0.5,0.866025403784));
#5781 = ORIENTED_EDGE('',*,*,#5782,.T.);
#5782 = EDGE_CURVE('',#5775,#5783,#5785,.T.);
#5783 = VERTEX_POINT('',#5784);
#5784 = CARTESIAN_POINT('',(3.,1.449149175666,2.51));
#5785 = LINE('',#5786,#5787);
#5786 = CARTESIAN_POINT('',(3.,2.898298351332,-4.987329993433E-15));
#5787 = VECTOR('',#5788,1.);
#5788 = DIRECTION('',(0.,-0.5,0.866025403784));
#5789 = ORIENTED_EDGE('',*,*,#5790,.T.);
#5790 = EDGE_CURVE('',#5783,#5565,#5791,.T.);
#5791 = LINE('',#5792,#5793);
#5792 = CARTESIAN_POINT('',(3.,1.449149175666,2.51));
#5793 = VECTOR('',#5794,1.);
#5794 = DIRECTION('',(-1.,-0.,-0.));
#5795 = PLANE('',#5796);
#5796 = AXIS2_PLACEMENT_3D('',#5797,#5798,#5799);
#5797 = CARTESIAN_POINT('',(3.,2.898298351332,-4.987329993433E-15));
#5798 = DIRECTION('',(0.,-0.866025403784,-0.5));
#5799 = DIRECTION('',(0.,0.5,-0.866025403784));
#5800 = ADVANCED_FACE('',(#5801),#5827,.F.);
#5801 = FACE_BOUND('',#5802,.T.);
#5802 = EDGE_LOOP('',(#5803,#5804,#5805,#5813,#5821));
#5803 = ORIENTED_EDGE('',*,*,#5572,.T.);
#5804 = ORIENTED_EDGE('',*,*,#5790,.F.);
#5805 = ORIENTED_EDGE('',*,*,#5806,.F.);
#5806 = EDGE_CURVE('',#5807,#5783,#5809,.T.);
#5807 = VERTEX_POINT('',#5808);
#5808 = CARTESIAN_POINT('',(3.,2.62905054779E-15,2.51));
#5809 = LINE('',#5810,#5811);
#5810 = CARTESIAN_POINT('',(3.,-1.449149175666,2.51));
#5811 = VECTOR('',#5812,1.);
#5812 = DIRECTION('',(0.,1.,-1.047430497128E-15));
#5813 = ORIENTED_EDGE('',*,*,#5814,.F.);
#5814 = EDGE_CURVE('',#5815,#5807,#5817,.T.);
#5815 = VERTEX_POINT('',#5816);
#5816 = CARTESIAN_POINT('',(3.,-1.449149175666,2.51));
#5817 = LINE('',#5818,#5819);
#5818 = CARTESIAN_POINT('',(3.,-1.449149175666,2.51));
#5819 = VECTOR('',#5820,1.);
#5820 = DIRECTION('',(0.,1.,-1.047430497128E-15));
#5821 = ORIENTED_EDGE('',*,*,#5822,.T.);
#5822 = EDGE_CURVE('',#5815,#5573,#5823,.T.);
#5823 = LINE('',#5824,#5825);
#5824 = CARTESIAN_POINT('',(3.,-1.449149175666,2.51));
#5825 = VECTOR('',#5826,1.);
#5826 = DIRECTION('',(-1.,-0.,-0.));
#5827 = PLANE('',#5828);
#5828 = AXIS2_PLACEMENT_3D('',#5829,#5830,#5831);
#5829 = CARTESIAN_POINT('',(3.,-1.449149175666,2.51));
#5830 = DIRECTION('',(-0.,1.047430497128E-15,1.));
#5831 = DIRECTION('',(0.,-1.,1.047430497128E-15));
#5832 = ADVANCED_FACE('',(#5833),#5859,.T.);
#5833 = FACE_BOUND('',#5834,.T.);
#5834 = EDGE_LOOP('',(#5835,#5836,#5837,#5845,#5853));
#5835 = ORIENTED_EDGE('',*,*,#5580,.F.);
#5836 = ORIENTED_EDGE('',*,*,#5822,.F.);
#5837 = ORIENTED_EDGE('',*,*,#5838,.T.);
#5838 = EDGE_CURVE('',#5815,#5839,#5841,.T.);
#5839 = VERTEX_POINT('',#5840);
#5840 = CARTESIAN_POINT('',(3.,-2.173723763499,1.255));
#5841 = LINE('',#5842,#5843);
#5842 = CARTESIAN_POINT('',(3.,-1.449149175666,2.51));
#5843 = VECTOR('',#5844,1.);
#5844 = DIRECTION('',(0.,-0.5,-0.866025403784));
#5845 = ORIENTED_EDGE('',*,*,#5846,.T.);
#5846 = EDGE_CURVE('',#5839,#5847,#5849,.T.);
#5847 = VERTEX_POINT('',#5848);
#5848 = CARTESIAN_POINT('',(3.,-2.898298351332,2.602085213965E-15));
#5849 = LINE('',#5850,#5851);
#5850 = CARTESIAN_POINT('',(3.,-1.449149175666,2.51));
#5851 = VECTOR('',#5852,1.);
#5852 = DIRECTION('',(0.,-0.5,-0.866025403784));
#5853 = ORIENTED_EDGE('',*,*,#5854,.T.);
#5854 = EDGE_CURVE('',#5847,#5581,#5855,.T.);
#5855 = LINE('',#5856,#5857);
#5856 = CARTESIAN_POINT('',(3.,-2.898298351332,2.602085213965E-15));
#5857 = VECTOR('',#5858,1.);
#5858 = DIRECTION('',(-1.,-0.,-0.));
#5859 = PLANE('',#5860);
#5860 = AXIS2_PLACEMENT_3D('',#5861,#5862,#5863);
#5861 = CARTESIAN_POINT('',(3.,-1.449149175666,2.51));
#5862 = DIRECTION('',(0.,0.866025403784,-0.5));
#5863 = DIRECTION('',(0.,0.5,0.866025403784));
#5864 = ADVANCED_FACE('',(#5865),#5891,.T.);
#5865 = FACE_BOUND('',#5866,.T.);
#5866 = EDGE_LOOP('',(#5867,#5868,#5869,#5877,#5885));
#5867 = ORIENTED_EDGE('',*,*,#5588,.F.);
#5868 = ORIENTED_EDGE('',*,*,#5854,.F.);
#5869 = ORIENTED_EDGE('',*,*,#5870,.T.);
#5870 = EDGE_CURVE('',#5847,#5871,#5873,.T.);
#5871 = VERTEX_POINT('',#5872);
#5872 = CARTESIAN_POINT('',(3.,-2.173723763499,-1.255));
#5873 = LINE('',#5874,#5875);
#5874 = CARTESIAN_POINT('',(3.,-2.898298351332,2.602085213965E-15));
#5875 = VECTOR('',#5876,1.);
#5876 = DIRECTION('',(0.,0.5,-0.866025403784));
#5877 = ORIENTED_EDGE('',*,*,#5878,.T.);
#5878 = EDGE_CURVE('',#5871,#5879,#5881,.T.);
#5879 = VERTEX_POINT('',#5880);
#5880 = CARTESIAN_POINT('',(3.,-1.449149175666,-2.51));
#5881 = LINE('',#5882,#5883);
#5882 = CARTESIAN_POINT('',(3.,-2.898298351332,2.602085213965E-15));
#5883 = VECTOR('',#5884,1.);
#5884 = DIRECTION('',(0.,0.5,-0.866025403784));
#5885 = ORIENTED_EDGE('',*,*,#5886,.T.);
#5886 = EDGE_CURVE('',#5879,#5589,#5887,.T.);
#5887 = LINE('',#5888,#5889);
#5888 = CARTESIAN_POINT('',(3.,-1.449149175666,-2.51));
#5889 = VECTOR('',#5890,1.);
#5890 = DIRECTION('',(-1.,-0.,-0.));
#5891 = PLANE('',#5892);
#5892 = AXIS2_PLACEMENT_3D('',#5893,#5894,#5895);
#5893 = CARTESIAN_POINT('',(3.,-2.898298351332,2.602085213965E-15));
#5894 = DIRECTION('',(-0.,0.866025403784,0.5));
#5895 = DIRECTION('',(0.,-0.5,0.866025403784));
#5896 = ADVANCED_FACE('',(#5897),#5923,.F.);
#5897 = FACE_BOUND('',#5898,.T.);
#5898 = EDGE_LOOP('',(#5899,#5900,#5901,#5909,#5917));
#5899 = ORIENTED_EDGE('',*,*,#5596,.T.);
#5900 = ORIENTED_EDGE('',*,*,#5886,.F.);
#5901 = ORIENTED_EDGE('',*,*,#5902,.F.);
#5902 = EDGE_CURVE('',#5903,#5879,#5905,.T.);
#5903 = VERTEX_POINT('',#5904);
#5904 = CARTESIAN_POINT('',(3.,-3.004629197474E-15,-2.51));
#5905 = LINE('',#5906,#5907);
#5906 = CARTESIAN_POINT('',(3.,1.449149175666,-2.51));
#5907 = VECTOR('',#5908,1.);
#5908 = DIRECTION('',(0.,-1.,1.197063425289E-15));
#5909 = ORIENTED_EDGE('',*,*,#5910,.F.);
#5910 = EDGE_CURVE('',#5911,#5903,#5913,.T.);
#5911 = VERTEX_POINT('',#5912);
#5912 = CARTESIAN_POINT('',(3.,1.449149175666,-2.51));
#5913 = LINE('',#5914,#5915);
#5914 = CARTESIAN_POINT('',(3.,1.449149175666,-2.51));
#5915 = VECTOR('',#5916,1.);
#5916 = DIRECTION('',(0.,-1.,1.197063425289E-15));
#5917 = ORIENTED_EDGE('',*,*,#5918,.T.);
#5918 = EDGE_CURVE('',#5911,#5597,#5919,.T.);
#5919 = LINE('',#5920,#5921);
#5920 = CARTESIAN_POINT('',(3.,1.449149175666,-2.51));
#5921 = VECTOR('',#5922,1.);
#5922 = DIRECTION('',(-1.,-0.,-0.));
#5923 = PLANE('',#5924);
#5924 = AXIS2_PLACEMENT_3D('',#5925,#5926,#5927);
#5925 = CARTESIAN_POINT('',(3.,1.449149175666,-2.51));
#5926 = DIRECTION('',(0.,-1.197063425289E-15,-1.));
#5927 = DIRECTION('',(0.,1.,-1.197063425289E-15));
#5928 = ADVANCED_FACE('',(#5929),#5948,.F.);
#5929 = FACE_BOUND('',#5930,.T.);
#5930 = EDGE_LOOP('',(#5931,#5932,#5933,#5941,#5947));
#5931 = ORIENTED_EDGE('',*,*,#5604,.T.);
#5932 = ORIENTED_EDGE('',*,*,#5918,.F.);
#5933 = ORIENTED_EDGE('',*,*,#5934,.F.);
#5934 = EDGE_CURVE('',#5935,#5911,#5937,.T.);
#5935 = VERTEX_POINT('',#5936);
#5936 = CARTESIAN_POINT('',(3.,2.173723763499,-1.255));
#5937 = LINE('',#5938,#5939);
#5938 = CARTESIAN_POINT('',(3.,2.898298351332,-4.987329993433E-15));
#5939 = VECTOR('',#5940,1.);
#5940 = DIRECTION('',(0.,-0.5,-0.866025403784));
#5941 = ORIENTED_EDGE('',*,*,#5942,.F.);
#5942 = EDGE_CURVE('',#5767,#5935,#5943,.T.);
#5943 = LINE('',#5944,#5945);
#5944 = CARTESIAN_POINT('',(3.,2.898298351332,-4.987329993433E-15));
#5945 = VECTOR('',#5946,1.);
#5946 = DIRECTION('',(0.,-0.5,-0.866025403784));
#5947 = ORIENTED_EDGE('',*,*,#5766,.T.);
#5948 = PLANE('',#5949);
#5949 = AXIS2_PLACEMENT_3D('',#5950,#5951,#5952);
#5950 = CARTESIAN_POINT('',(3.,2.898298351332,-4.987329993433E-15));
#5951 = DIRECTION('',(0.,0.866025403784,-0.5));
#5952 = DIRECTION('',(0.,0.5,0.866025403784));
#5953 = ADVANCED_FACE('',(#5954),#5965,.T.);
#5954 = FACE_BOUND('',#5955,.T.);
#5955 = EDGE_LOOP('',(#5956,#5963,#5964));
#5956 = ORIENTED_EDGE('',*,*,#5957,.F.);
#5957 = EDGE_CURVE('',#5839,#5807,#5958,.T.);
#5958 = CIRCLE('',#5959,2.51);
#5959 = AXIS2_PLACEMENT_3D('',#5960,#5961,#5962);
#5960 = CARTESIAN_POINT('',(3.,0.,0.));
#5961 = DIRECTION('',(-1.,0.,-0.));
#5962 = DIRECTION('',(-0.,0.,1.));
#5963 = ORIENTED_EDGE('',*,*,#5838,.F.);
#5964 = ORIENTED_EDGE('',*,*,#5814,.T.);
#5965 = PLANE('',#5966);
#5966 = AXIS2_PLACEMENT_3D('',#5967,#5968,#5969);
#5967 = CARTESIAN_POINT('',(3.,1.449149175666,2.51));
#5968 = DIRECTION('',(-1.,0.,0.));
#5969 = DIRECTION('',(0.,0.,1.));
#5970 = ADVANCED_FACE('',(#5971),#5982,.T.);
#5971 = FACE_BOUND('',#5972,.T.);
#5972 = EDGE_LOOP('',(#5973,#5980,#5981));
#5973 = ORIENTED_EDGE('',*,*,#5974,.F.);
#5974 = EDGE_CURVE('',#5871,#5839,#5975,.T.);
#5975 = CIRCLE('',#5976,2.51);
#5976 = AXIS2_PLACEMENT_3D('',#5977,#5978,#5979);
#5977 = CARTESIAN_POINT('',(3.,0.,0.));
#5978 = DIRECTION('',(-1.,0.,-0.));
#5979 = DIRECTION('',(-0.,0.,1.));
#5980 = ORIENTED_EDGE('',*,*,#5870,.F.);
#5981 = ORIENTED_EDGE('',*,*,#5846,.F.);
#5982 = PLANE('',#5983);
#5983 = AXIS2_PLACEMENT_3D('',#5984,#5985,#5986);
#5984 = CARTESIAN_POINT('',(3.,1.449149175666,2.51));
#5985 = DIRECTION('',(-1.,0.,0.));
#5986 = DIRECTION('',(0.,0.,1.));
#5987 = ADVANCED_FACE('',(#5988),#5999,.T.);
#5988 = FACE_BOUND('',#5989,.T.);
#5989 = EDGE_LOOP('',(#5990,#5997,#5998));
#5990 = ORIENTED_EDGE('',*,*,#5991,.F.);
#5991 = EDGE_CURVE('',#5903,#5871,#5992,.T.);
#5992 = CIRCLE('',#5993,2.51);
#5993 = AXIS2_PLACEMENT_3D('',#5994,#5995,#5996);
#5994 = CARTESIAN_POINT('',(3.,0.,0.));
#5995 = DIRECTION('',(-1.,0.,-0.));
#5996 = DIRECTION('',(-0.,0.,1.));
#5997 = ORIENTED_EDGE('',*,*,#5902,.T.);
#5998 = ORIENTED_EDGE('',*,*,#5878,.F.);
#5999 = PLANE('',#6000);
#6000 = AXIS2_PLACEMENT_3D('',#6001,#6002,#6003);
#6001 = CARTESIAN_POINT('',(3.,1.449149175666,2.51));
#6002 = DIRECTION('',(-1.,0.,0.));
#6003 = DIRECTION('',(0.,0.,1.));
#6004 = ADVANCED_FACE('',(#6005),#6016,.T.);
#6005 = FACE_BOUND('',#6006,.T.);
#6006 = EDGE_LOOP('',(#6007,#6014,#6015));
#6007 = ORIENTED_EDGE('',*,*,#6008,.F.);
#6008 = EDGE_CURVE('',#5935,#5903,#6009,.T.);
#6009 = CIRCLE('',#6010,2.51);
#6010 = AXIS2_PLACEMENT_3D('',#6011,#6012,#6013);
#6011 = CARTESIAN_POINT('',(3.,0.,0.));
#6012 = DIRECTION('',(-1.,0.,-0.));
#6013 = DIRECTION('',(-0.,0.,1.));
#6014 = ORIENTED_EDGE('',*,*,#5934,.T.);
#6015 = ORIENTED_EDGE('',*,*,#5910,.T.);
#6016 = PLANE('',#6017);
#6017 = AXIS2_PLACEMENT_3D('',#6018,#6019,#6020);
#6018 = CARTESIAN_POINT('',(3.,1.449149175666,2.51));
#6019 = DIRECTION('',(-1.,0.,0.));
#6020 = DIRECTION('',(0.,0.,1.));
#6021 = ADVANCED_FACE('',(#6022),#6033,.T.);
#6022 = FACE_BOUND('',#6023,.T.);
#6023 = EDGE_LOOP('',(#6024,#6031,#6032));
#6024 = ORIENTED_EDGE('',*,*,#6025,.F.);
#6025 = EDGE_CURVE('',#5775,#5935,#6026,.T.);
#6026 = CIRCLE('',#6027,2.51);
#6027 = AXIS2_PLACEMENT_3D('',#6028,#6029,#6030);
#6028 = CARTESIAN_POINT('',(3.,0.,0.));
#6029 = DIRECTION('',(-1.,0.,-0.));
#6030 = DIRECTION('',(-0.,0.,1.));
#6031 = ORIENTED_EDGE('',*,*,#5774,.F.);
#6032 = ORIENTED_EDGE('',*,*,#5942,.T.);
#6033 = PLANE('',#6034);
#6034 = AXIS2_PLACEMENT_3D('',#6035,#6036,#6037);
#6035 = CARTESIAN_POINT('',(3.,1.449149175666,2.51));
#6036 = DIRECTION('',(-1.,0.,0.));
#6037 = DIRECTION('',(0.,0.,1.));
#6038 = ADVANCED_FACE('',(#6039),#6050,.T.);
#6039 = FACE_BOUND('',#6040,.T.);
#6040 = EDGE_LOOP('',(#6041,#6048,#6049));
#6041 = ORIENTED_EDGE('',*,*,#6042,.F.);
#6042 = EDGE_CURVE('',#5807,#5775,#6043,.T.);
#6043 = CIRCLE('',#6044,2.51);
#6044 = AXIS2_PLACEMENT_3D('',#6045,#6046,#6047);
#6045 = CARTESIAN_POINT('',(3.,0.,0.));
#6046 = DIRECTION('',(-1.,0.,-0.));
#6047 = DIRECTION('',(-0.,0.,1.));
#6048 = ORIENTED_EDGE('',*,*,#5806,.T.);
#6049 = ORIENTED_EDGE('',*,*,#5782,.F.);
#6050 = PLANE('',#6051);
#6051 = AXIS2_PLACEMENT_3D('',#6052,#6053,#6054);
#6052 = CARTESIAN_POINT('',(3.,1.449149175666,2.51));
#6053 = DIRECTION('',(-1.,0.,0.));
#6054 = DIRECTION('',(0.,0.,1.));
#6055 = ADVANCED_FACE('',(#6056),#6072,.F.);
#6056 = FACE_BOUND('',#6057,.F.);
#6057 = EDGE_LOOP('',(#6058,#6059,#6060,#6061,#6062,#6063,#6064,#6071));
#6058 = ORIENTED_EDGE('',*,*,#5957,.F.);
#6059 = ORIENTED_EDGE('',*,*,#5974,.F.);
#6060 = ORIENTED_EDGE('',*,*,#5991,.F.);
#6061 = ORIENTED_EDGE('',*,*,#6008,.F.);
#6062 = ORIENTED_EDGE('',*,*,#6025,.F.);
#6063 = ORIENTED_EDGE('',*,*,#6042,.F.);
#6064 = ORIENTED_EDGE('',*,*,#6065,.F.);
#6065 = EDGE_CURVE('',#6066,#5807,#6068,.T.);
#6066 = VERTEX_POINT('',#6067);
#6067 = CARTESIAN_POINT('',(4.449149175666,0.,0.));
#6068 = B_SPLINE_CURVE_WITH_KNOTS('',1,(#6069,#6070),.UNSPECIFIED.,.F.,
  .F.,(2,2),(-2.898298351332,0.),.PIECEWISE_BEZIER_KNOTS.);
#6069 = CARTESIAN_POINT('',(4.449149175666,0.,0.));
#6070 = CARTESIAN_POINT('',(3.,-6.14772693172E-16,2.51));
#6071 = ORIENTED_EDGE('',*,*,#6065,.T.);
#6072 = CONICAL_SURFACE('',#6073,2.51,1.047197551197);
#6073 = AXIS2_PLACEMENT_3D('',#6074,#6075,#6076);
#6074 = CARTESIAN_POINT('',(3.,0.,0.));
#6075 = DIRECTION('',(-1.,-0.,-0.));
#6076 = DIRECTION('',(-0.,0.,1.));
#6077 = ADVANCED_FACE('',(#6078),#6104,.T.);
#6078 = FACE_BOUND('',#6079,.T.);
#6079 = EDGE_LOOP('',(#6080,#6089,#6096,#6103));
#6080 = ORIENTED_EDGE('',*,*,#6081,.F.);
#6081 = EDGE_CURVE('',#6082,#6082,#6084,.T.);
#6082 = VERTEX_POINT('',#6083);
#6083 = CARTESIAN_POINT('',(7.,-2.4455,0.));
#6084 = CIRCLE('',#6085,2.4455);
#6085 = AXIS2_PLACEMENT_3D('',#6086,#6087,#6088);
#6086 = CARTESIAN_POINT('',(7.,1.246036965014E-15,0.));
#6087 = DIRECTION('',(-1.,-1.224606353822E-16,0.));
#6088 = DIRECTION('',(1.224606353822E-16,-1.,0.));
#6089 = ORIENTED_EDGE('',*,*,#6090,.T.);
#6090 = EDGE_CURVE('',#6082,#6091,#6093,.T.);
#6091 = VERTEX_POINT('',#6092);
#6092 = CARTESIAN_POINT('',(7.388265079937,-3.,0.));
#6093 = B_SPLINE_CURVE_WITH_KNOTS('',1,(#6094,#6095),.UNSPECIFIED.,.F.,
  .F.,(2,2),(-0.676919509468,0.),.PIECEWISE_BEZIER_KNOTS.);
#6094 = CARTESIAN_POINT('',(7.,-2.4455,2.994873747315E-16));
#6095 = CARTESIAN_POINT('',(7.388265079937,-3.,3.673940397442E-16));
#6096 = ORIENTED_EDGE('',*,*,#6097,.T.);
#6097 = EDGE_CURVE('',#6091,#6091,#6098,.T.);
#6098 = CIRCLE('',#6099,3.);
#6099 = AXIS2_PLACEMENT_3D('',#6100,#6101,#6102);
#6100 = CARTESIAN_POINT('',(7.388265079937,1.2935841534E-15,0.));
#6101 = DIRECTION('',(-1.,-1.224606353822E-16,0.));
#6102 = DIRECTION('',(1.224606353822E-16,-1.,0.));
#6103 = ORIENTED_EDGE('',*,*,#6090,.F.);
#6104 = CONICAL_SURFACE('',#6105,3.,0.959931088597);
#6105 = AXIS2_PLACEMENT_3D('',#6106,#6107,#6108);
#6106 = CARTESIAN_POINT('',(7.388265079937,1.2935841534E-15,0.));
#6107 = DIRECTION('',(1.,1.224606353822E-16,0.));
#6108 = DIRECTION('',(-1.224606353822E-16,1.,0.));
#6109 = ADVANCED_FACE('',(#6110),#6120,.T.);
#6110 = FACE_BOUND('',#6111,.T.);
#6111 = EDGE_LOOP('',(#6112,#6113,#6118,#6119));
#6112 = ORIENTED_EDGE('',*,*,#5681,.F.);
#6113 = ORIENTED_EDGE('',*,*,#6114,.F.);
#6114 = EDGE_CURVE('',#6082,#5682,#6115,.T.);
#6115 = B_SPLINE_CURVE_WITH_KNOTS('',1,(#6116,#6117),.UNSPECIFIED.,.F.,
  .F.,(2,2),(0.,0.676919509468),.PIECEWISE_BEZIER_KNOTS.);
#6116 = CARTESIAN_POINT('',(7.,-2.4455,-5.98974749463E-16));
#6117 = CARTESIAN_POINT('',(6.611734920063,-3.,-7.347880794884E-16));
#6118 = ORIENTED_EDGE('',*,*,#6081,.T.);
#6119 = ORIENTED_EDGE('',*,*,#6114,.T.);
#6120 = CONICAL_SURFACE('',#6121,2.4455,0.959931088597);
#6121 = AXIS2_PLACEMENT_3D('',#6122,#6123,#6124);
#6122 = CARTESIAN_POINT('',(7.,1.246036965014E-15,0.));
#6123 = DIRECTION('',(-1.,-1.224606353822E-16,-0.));
#6124 = DIRECTION('',(1.224606353822E-16,-1.,0.));
#6125 = ADVANCED_FACE('',(#6126),#6144,.T.);
#6126 = FACE_BOUND('',#6127,.T.);
#6127 = EDGE_LOOP('',(#6128,#6137,#6142,#6143));
#6128 = ORIENTED_EDGE('',*,*,#6129,.T.);
#6129 = EDGE_CURVE('',#6130,#6130,#6132,.T.);
#6130 = VERTEX_POINT('',#6131);
#6131 = CARTESIAN_POINT('',(7.611734920063,-3.,0.));
#6132 = CIRCLE('',#6133,3.);
#6133 = AXIS2_PLACEMENT_3D('',#6134,#6135,#6136);
#6134 = CARTESIAN_POINT('',(7.611734920063,1.198489776628E-15,0.));
#6135 = DIRECTION('',(-1.,-1.224606353822E-16,0.));
#6136 = DIRECTION('',(1.224606353822E-16,-1.,0.));
#6137 = ORIENTED_EDGE('',*,*,#6138,.T.);
#6138 = EDGE_CURVE('',#6130,#6091,#6139,.T.);
#6139 = B_SPLINE_CURVE_WITH_KNOTS('',1,(#6140,#6141),.UNSPECIFIED.,.F.,
  .F.,(2,2),(-39.36173492006,-39.13826507993),.PIECEWISE_BEZIER_KNOTS.);
#6140 = CARTESIAN_POINT('',(7.611734920063,-3.,1.836970198721E-16));
#6141 = CARTESIAN_POINT('',(7.388265079937,-3.,1.836970198721E-16));
#6142 = ORIENTED_EDGE('',*,*,#6097,.F.);
#6143 = ORIENTED_EDGE('',*,*,#6138,.F.);
#6144 = CYLINDRICAL_SURFACE('',#6145,3.);
#6145 = AXIS2_PLACEMENT_3D('',#6146,#6147,#6148);
#6146 = CARTESIAN_POINT('',(-31.75,0.,0.));
#6147 = DIRECTION('',(-1.,-0.,-0.));
#6148 = DIRECTION('',(-0.,0.,1.));
#6149 = ADVANCED_FACE('',(#6150),#6176,.T.);
#6150 = FACE_BOUND('',#6151,.T.);
#6151 = EDGE_LOOP('',(#6152,#6161,#6168,#6175));
#6152 = ORIENTED_EDGE('',*,*,#6153,.F.);
#6153 = EDGE_CURVE('',#6154,#6154,#6156,.T.);
#6154 = VERTEX_POINT('',#6155);
#6155 = CARTESIAN_POINT('',(8.,-2.4455,0.));
#6156 = CIRCLE('',#6157,2.4455);
#6157 = AXIS2_PLACEMENT_3D('',#6158,#6159,#6160);
#6158 = CARTESIAN_POINT('',(8.,1.246036965014E-15,0.));
#6159 = DIRECTION('',(-1.,-1.224606353822E-16,0.));
#6160 = DIRECTION('',(1.224606353822E-16,-1.,0.));
#6161 = ORIENTED_EDGE('',*,*,#6162,.T.);
#6162 = EDGE_CURVE('',#6154,#6163,#6165,.T.);
#6163 = VERTEX_POINT('',#6164);
#6164 = CARTESIAN_POINT('',(8.388265079937,-3.,0.));
#6165 = B_SPLINE_CURVE_WITH_KNOTS('',1,(#6166,#6167),.UNSPECIFIED.,.F.,
  .F.,(2,2),(-0.676919509468,0.),.PIECEWISE_BEZIER_KNOTS.);
#6166 = CARTESIAN_POINT('',(8.,-2.4455,2.994873747315E-16));
#6167 = CARTESIAN_POINT('',(8.388265079937,-3.,3.673940397442E-16));
#6168 = ORIENTED_EDGE('',*,*,#6169,.T.);
#6169 = EDGE_CURVE('',#6163,#6163,#6170,.T.);
#6170 = CIRCLE('',#6171,3.);
#6171 = AXIS2_PLACEMENT_3D('',#6172,#6173,#6174);
#6172 = CARTESIAN_POINT('',(8.388265079937,1.2935841534E-15,0.));
#6173 = DIRECTION('',(-1.,-1.224606353822E-16,0.));
#6174 = DIRECTION('',(1.224606353822E-16,-1.,0.));
#6175 = ORIENTED_EDGE('',*,*,#6162,.F.);
#6176 = CONICAL_SURFACE('',#6177,3.,0.959931088597);
#6177 = AXIS2_PLACEMENT_3D('',#6178,#6179,#6180);
#6178 = CARTESIAN_POINT('',(8.388265079937,1.2935841534E-15,0.));
#6179 = DIRECTION('',(1.,1.224606353822E-16,0.));
#6180 = DIRECTION('',(-1.224606353822E-16,1.,0.));
#6181 = ADVANCED_FACE('',(#6182),#6192,.T.);
#6182 = FACE_BOUND('',#6183,.T.);
#6183 = EDGE_LOOP('',(#6184,#6185,#6190,#6191));
#6184 = ORIENTED_EDGE('',*,*,#6129,.F.);
#6185 = ORIENTED_EDGE('',*,*,#6186,.F.);
#6186 = EDGE_CURVE('',#6154,#6130,#6187,.T.);
#6187 = B_SPLINE_CURVE_WITH_KNOTS('',1,(#6188,#6189),.UNSPECIFIED.,.F.,
  .F.,(2,2),(0.,0.676919509468),.PIECEWISE_BEZIER_KNOTS.);
#6188 = CARTESIAN_POINT('',(8.,-2.4455,-5.98974749463E-16));
#6189 = CARTESIAN_POINT('',(7.611734920063,-3.,-7.347880794884E-16));
#6190 = ORIENTED_EDGE('',*,*,#6153,.T.);
#6191 = ORIENTED_EDGE('',*,*,#6186,.T.);
#6192 = CONICAL_SURFACE('',#6193,2.4455,0.959931088597);
#6193 = AXIS2_PLACEMENT_3D('',#6194,#6195,#6196);
#6194 = CARTESIAN_POINT('',(8.,1.246036965014E-15,0.));
#6195 = DIRECTION('',(-1.,-1.224606353822E-16,-0.));
#6196 = DIRECTION('',(1.224606353822E-16,-1.,0.));
#6197 = ADVANCED_FACE('',(#6198),#6216,.T.);
#6198 = FACE_BOUND('',#6199,.T.);
#6199 = EDGE_LOOP('',(#6200,#6209,#6214,#6215));
#6200 = ORIENTED_EDGE('',*,*,#6201,.T.);
#6201 = EDGE_CURVE('',#6202,#6202,#6204,.T.);
#6202 = VERTEX_POINT('',#6203);
#6203 = CARTESIAN_POINT('',(8.611734920063,-3.,0.));
#6204 = CIRCLE('',#6205,3.);
#6205 = AXIS2_PLACEMENT_3D('',#6206,#6207,#6208);
#6206 = CARTESIAN_POINT('',(8.611734920063,1.198489776628E-15,0.));
#6207 = DIRECTION('',(-1.,-1.224606353822E-16,0.));
#6208 = DIRECTION('',(1.224606353822E-16,-1.,0.));
#6209 = ORIENTED_EDGE('',*,*,#6210,.T.);
#6210 = EDGE_CURVE('',#6202,#6163,#6211,.T.);
#6211 = B_SPLINE_CURVE_WITH_KNOTS('',1,(#6212,#6213),.UNSPECIFIED.,.F.,
  .F.,(2,2),(-40.36173492006,-40.13826507993),.PIECEWISE_BEZIER_KNOTS.);
#6212 = CARTESIAN_POINT('',(8.611734920063,-3.,1.836970198721E-16));
#6213 = CARTESIAN_POINT('',(8.388265079937,-3.,1.836970198721E-16));
#6214 = ORIENTED_EDGE('',*,*,#6169,.F.);
#6215 = ORIENTED_EDGE('',*,*,#6210,.F.);
#6216 = CYLINDRICAL_SURFACE('',#6217,3.);
#6217 = AXIS2_PLACEMENT_3D('',#6218,#6219,#6220);
#6218 = CARTESIAN_POINT('',(-31.75,0.,0.));
#6219 = DIRECTION('',(-1.,-0.,-0.));
#6220 = DIRECTION('',(-0.,0.,1.));
#6221 = ADVANCED_FACE('',(#6222),#6248,.T.);
#6222 = FACE_BOUND('',#6223,.T.);
#6223 = EDGE_LOOP('',(#6224,#6233,#6240,#6247));
#6224 = ORIENTED_EDGE('',*,*,#6225,.F.);
#6225 = EDGE_CURVE('',#6226,#6226,#6228,.T.);
#6226 = VERTEX_POINT('',#6227);
#6227 = CARTESIAN_POINT('',(9.,-2.4455,0.));
#6228 = CIRCLE('',#6229,2.4455);
#6229 = AXIS2_PLACEMENT_3D('',#6230,#6231,#6232);
#6230 = CARTESIAN_POINT('',(9.,1.246036965014E-15,0.));
#6231 = DIRECTION('',(-1.,-1.224606353822E-16,0.));
#6232 = DIRECTION('',(1.224606353822E-16,-1.,0.));
#6233 = ORIENTED_EDGE('',*,*,#6234,.T.);
#6234 = EDGE_CURVE('',#6226,#6235,#6237,.T.);
#6235 = VERTEX_POINT('',#6236);
#6236 = CARTESIAN_POINT('',(9.388265079937,-3.,0.));
#6237 = B_SPLINE_CURVE_WITH_KNOTS('',1,(#6238,#6239),.UNSPECIFIED.,.F.,
  .F.,(2,2),(-0.676919509468,0.),.PIECEWISE_BEZIER_KNOTS.);
#6238 = CARTESIAN_POINT('',(9.,-2.4455,2.994873747315E-16));
#6239 = CARTESIAN_POINT('',(9.388265079937,-3.,3.673940397442E-16));
#6240 = ORIENTED_EDGE('',*,*,#6241,.T.);
#6241 = EDGE_CURVE('',#6235,#6235,#6242,.T.);
#6242 = CIRCLE('',#6243,3.);
#6243 = AXIS2_PLACEMENT_3D('',#6244,#6245,#6246);
#6244 = CARTESIAN_POINT('',(9.388265079937,1.2935841534E-15,0.));
#6245 = DIRECTION('',(-1.,-1.224606353822E-16,0.));
#6246 = DIRECTION('',(1.224606353822E-16,-1.,0.));
#6247 = ORIENTED_EDGE('',*,*,#6234,.F.);
#6248 = CONICAL_SURFACE('',#6249,3.,0.959931088597);
#6249 = AXIS2_PLACEMENT_3D('',#6250,#6251,#6252);
#6250 = CARTESIAN_POINT('',(9.388265079937,1.2935841534E-15,0.));
#6251 = DIRECTION('',(1.,1.224606353822E-16,0.));
#6252 = DIRECTION('',(-1.224606353822E-16,1.,0.));
#6253 = ADVANCED_FACE('',(#6254),#6264,.T.);
#6254 = FACE_BOUND('',#6255,.T.);
#6255 = EDGE_LOOP('',(#6256,#6257,#6262,#6263));
#6256 = ORIENTED_EDGE('',*,*,#6201,.F.);
#6257 = ORIENTED_EDGE('',*,*,#6258,.F.);
#6258 = EDGE_CURVE('',#6226,#6202,#6259,.T.);
#6259 = B_SPLINE_CURVE_WITH_KNOTS('',1,(#6260,#6261),.UNSPECIFIED.,.F.,
  .F.,(2,2),(-3.637765840954E-16,0.676919509468),
  .PIECEWISE_BEZIER_KNOTS.);
#6260 = CARTESIAN_POINT('',(9.,-2.4455,-5.98974749463E-16));
#6261 = CARTESIAN_POINT('',(8.611734920063,-3.,-7.347880794884E-16));
#6262 = ORIENTED_EDGE('',*,*,#6225,.T.);
#6263 = ORIENTED_EDGE('',*,*,#6258,.T.);
#6264 = CONICAL_SURFACE('',#6265,2.4455,0.959931088597);
#6265 = AXIS2_PLACEMENT_3D('',#6266,#6267,#6268);
#6266 = CARTESIAN_POINT('',(9.,1.246036965014E-15,0.));
#6267 = DIRECTION('',(-1.,-1.224606353822E-16,-0.));
#6268 = DIRECTION('',(1.224606353822E-16,-1.,0.));
#6269 = ADVANCED_FACE('',(#6270),#6288,.T.);
#6270 = FACE_BOUND('',#6271,.T.);
#6271 = EDGE_LOOP('',(#6272,#6281,#6286,#6287));
#6272 = ORIENTED_EDGE('',*,*,#6273,.T.);
#6273 = EDGE_CURVE('',#6274,#6274,#6276,.T.);
#6274 = VERTEX_POINT('',#6275);
#6275 = CARTESIAN_POINT('',(9.611734920063,-3.,0.));
#6276 = CIRCLE('',#6277,3.);
#6277 = AXIS2_PLACEMENT_3D('',#6278,#6279,#6280);
#6278 = CARTESIAN_POINT('',(9.611734920063,1.198489776628E-15,0.));
#6279 = DIRECTION('',(-1.,-1.224606353822E-16,0.));
#6280 = DIRECTION('',(1.224606353822E-16,-1.,0.));
#6281 = ORIENTED_EDGE('',*,*,#6282,.T.);
#6282 = EDGE_CURVE('',#6274,#6235,#6283,.T.);
#6283 = B_SPLINE_CURVE_WITH_KNOTS('',1,(#6284,#6285),.UNSPECIFIED.,.F.,
  .F.,(2,2),(-41.36173492006,-41.13826507993),.PIECEWISE_BEZIER_KNOTS.);
#6284 = CARTESIAN_POINT('',(9.611734920063,-3.,1.836970198721E-16));
#6285 = CARTESIAN_POINT('',(9.388265079937,-3.,1.836970198721E-16));
#6286 = ORIENTED_EDGE('',*,*,#6241,.F.);
#6287 = ORIENTED_EDGE('',*,*,#6282,.F.);
#6288 = CYLINDRICAL_SURFACE('',#6289,3.);
#6289 = AXIS2_PLACEMENT_3D('',#6290,#6291,#6292);
#6290 = CARTESIAN_POINT('',(-31.75,0.,0.));
#6291 = DIRECTION('',(-1.,-0.,-0.));
#6292 = DIRECTION('',(-0.,0.,1.));
#6293 = ADVANCED_FACE('',(#6294),#6320,.T.);
#6294 = FACE_BOUND('',#6295,.T.);
#6295 = EDGE_LOOP('',(#6296,#6305,#6312,#6319));
#6296 = ORIENTED_EDGE('',*,*,#6297,.F.);
#6297 = EDGE_CURVE('',#6298,#6298,#6300,.T.);
#6298 = VERTEX_POINT('',#6299);
#6299 = CARTESIAN_POINT('',(10.,-2.4455,0.));
#6300 = CIRCLE('',#6301,2.4455);
#6301 = AXIS2_PLACEMENT_3D('',#6302,#6303,#6304);
#6302 = CARTESIAN_POINT('',(10.,1.246036965014E-15,0.));
#6303 = DIRECTION('',(-1.,-1.224606353822E-16,0.));
#6304 = DIRECTION('',(1.224606353822E-16,-1.,0.));
#6305 = ORIENTED_EDGE('',*,*,#6306,.T.);
#6306 = EDGE_CURVE('',#6298,#6307,#6309,.T.);
#6307 = VERTEX_POINT('',#6308);
#6308 = CARTESIAN_POINT('',(10.388265079937,-3.,0.));
#6309 = B_SPLINE_CURVE_WITH_KNOTS('',1,(#6310,#6311),.UNSPECIFIED.,.F.,
  .F.,(2,2),(-0.676919509468,0.),.PIECEWISE_BEZIER_KNOTS.);
#6310 = CARTESIAN_POINT('',(10.,-2.4455,2.994873747315E-16));
#6311 = CARTESIAN_POINT('',(10.388265079937,-3.,3.673940397442E-16));
#6312 = ORIENTED_EDGE('',*,*,#6313,.T.);
#6313 = EDGE_CURVE('',#6307,#6307,#6314,.T.);
#6314 = CIRCLE('',#6315,3.);
#6315 = AXIS2_PLACEMENT_3D('',#6316,#6317,#6318);
#6316 = CARTESIAN_POINT('',(10.388265079937,1.2935841534E-15,0.));
#6317 = DIRECTION('',(-1.,-1.224606353822E-16,0.));
#6318 = DIRECTION('',(1.224606353822E-16,-1.,0.));
#6319 = ORIENTED_EDGE('',*,*,#6306,.F.);
#6320 = CONICAL_SURFACE('',#6321,3.,0.959931088597);
#6321 = AXIS2_PLACEMENT_3D('',#6322,#6323,#6324);
#6322 = CARTESIAN_POINT('',(10.388265079937,1.2935841534E-15,0.));
#6323 = DIRECTION('',(1.,1.224606353822E-16,0.));
#6324 = DIRECTION('',(-1.224606353822E-16,1.,0.));
#6325 = ADVANCED_FACE('',(#6326),#6336,.T.);
#6326 = FACE_BOUND('',#6327,.T.);
#6327 = EDGE_LOOP('',(#6328,#6329,#6334,#6335));
#6328 = ORIENTED_EDGE('',*,*,#6273,.F.);
#6329 = ORIENTED_EDGE('',*,*,#6330,.F.);
#6330 = EDGE_CURVE('',#6298,#6274,#6331,.T.);
#6331 = B_SPLINE_CURVE_WITH_KNOTS('',1,(#6332,#6333),.UNSPECIFIED.,.F.,
  .F.,(2,2),(0.,0.676919509468),.PIECEWISE_BEZIER_KNOTS.);
#6332 = CARTESIAN_POINT('',(10.,-2.4455,-5.98974749463E-16));
#6333 = CARTESIAN_POINT('',(9.611734920063,-3.,-7.347880794884E-16));
#6334 = ORIENTED_EDGE('',*,*,#6297,.T.);
#6335 = ORIENTED_EDGE('',*,*,#6330,.T.);
#6336 = CONICAL_SURFACE('',#6337,2.4455,0.959931088597);
#6337 = AXIS2_PLACEMENT_3D('',#6338,#6339,#6340);
#6338 = CARTESIAN_POINT('',(10.,1.246036965014E-15,0.));
#6339 = DIRECTION('',(-1.,-1.224606353822E-16,-0.));
#6340 = DIRECTION('',(1.224606353822E-16,-1.,0.));
#6341 = ADVANCED_FACE('',(#6342),#6360,.T.);
#6342 = FACE_BOUND('',#6343,.T.);
#6343 = EDGE_LOOP('',(#6344,#6353,#6358,#6359));
#6344 = ORIENTED_EDGE('',*,*,#6345,.T.);
#6345 = EDGE_CURVE('',#6346,#6346,#6348,.T.);
#6346 = VERTEX_POINT('',#6347);
#6347 = CARTESIAN_POINT('',(10.611734920063,-3.,0.));
#6348 = CIRCLE('',#6349,3.);
#6349 = AXIS2_PLACEMENT_3D('',#6350,#6351,#6352);
#6350 = CARTESIAN_POINT('',(10.611734920063,1.198489776628E-15,0.));
#6351 = DIRECTION('',(-1.,-1.224606353822E-16,0.));
#6352 = DIRECTION('',(1.224606353822E-16,-1.,0.));
#6353 = ORIENTED_EDGE('',*,*,#6354,.T.);
#6354 = EDGE_CURVE('',#6346,#6307,#6355,.T.);
#6355 = B_SPLINE_CURVE_WITH_KNOTS('',1,(#6356,#6357),.UNSPECIFIED.,.F.,
  .F.,(2,2),(-42.36173492006,-42.13826507993),.PIECEWISE_BEZIER_KNOTS.);
#6356 = CARTESIAN_POINT('',(10.611734920063,-3.,1.836970198721E-16));
#6357 = CARTESIAN_POINT('',(10.388265079937,-3.,1.836970198721E-16));
#6358 = ORIENTED_EDGE('',*,*,#6313,.F.);
#6359 = ORIENTED_EDGE('',*,*,#6354,.F.);
#6360 = CYLINDRICAL_SURFACE('',#6361,3.);
#6361 = AXIS2_PLACEMENT_3D('',#6362,#6363,#6364);
#6362 = CARTESIAN_POINT('',(-31.75,0.,0.));
#6363 = DIRECTION('',(-1.,-0.,-0.));
#6364 = DIRECTION('',(-0.,0.,1.));
#6365 = ADVANCED_FACE('',(#6366),#6392,.T.);
#6366 = FACE_BOUND('',#6367,.T.);
#6367 = EDGE_LOOP('',(#6368,#6377,#6384,#6391));
#6368 = ORIENTED_EDGE('',*,*,#6369,.F.);
#6369 = EDGE_CURVE('',#6370,#6370,#6372,.T.);
#6370 = VERTEX_POINT('',#6371);
#6371 = CARTESIAN_POINT('',(11.,-2.4455,0.));
#6372 = CIRCLE('',#6373,2.4455);
#6373 = AXIS2_PLACEMENT_3D('',#6374,#6375,#6376);
#6374 = CARTESIAN_POINT('',(11.,1.246036965014E-15,0.));
#6375 = DIRECTION('',(-1.,-1.224606353822E-16,0.));
#6376 = DIRECTION('',(1.224606353822E-16,-1.,0.));
#6377 = ORIENTED_EDGE('',*,*,#6378,.T.);
#6378 = EDGE_CURVE('',#6370,#6379,#6381,.T.);
#6379 = VERTEX_POINT('',#6380);
#6380 = CARTESIAN_POINT('',(11.388265079937,-3.,0.));
#6381 = B_SPLINE_CURVE_WITH_KNOTS('',1,(#6382,#6383),.UNSPECIFIED.,.F.,
  .F.,(2,2),(-0.676919509468,0.),.PIECEWISE_BEZIER_KNOTS.);
#6382 = CARTESIAN_POINT('',(11.,-2.4455,2.994873747315E-16));
#6383 = CARTESIAN_POINT('',(11.388265079937,-3.,3.673940397442E-16));
#6384 = ORIENTED_EDGE('',*,*,#6385,.T.);
#6385 = EDGE_CURVE('',#6379,#6379,#6386,.T.);
#6386 = CIRCLE('',#6387,3.);
#6387 = AXIS2_PLACEMENT_3D('',#6388,#6389,#6390);
#6388 = CARTESIAN_POINT('',(11.388265079937,1.2935841534E-15,0.));
#6389 = DIRECTION('',(-1.,-1.224606353822E-16,0.));
#6390 = DIRECTION('',(1.224606353822E-16,-1.,0.));
#6391 = ORIENTED_EDGE('',*,*,#6378,.F.);
#6392 = CONICAL_SURFACE('',#6393,3.,0.959931088597);
#6393 = AXIS2_PLACEMENT_3D('',#6394,#6395,#6396);
#6394 = CARTESIAN_POINT('',(11.388265079937,1.2935841534E-15,0.));
#6395 = DIRECTION('',(1.,1.224606353822E-16,0.));
#6396 = DIRECTION('',(-1.224606353822E-16,1.,0.));
#6397 = ADVANCED_FACE('',(#6398),#6408,.T.);
#6398 = FACE_BOUND('',#6399,.T.);
#6399 = EDGE_LOOP('',(#6400,#6401,#6406,#6407));
#6400 = ORIENTED_EDGE('',*,*,#6345,.F.);
#6401 = ORIENTED_EDGE('',*,*,#6402,.F.);
#6402 = EDGE_CURVE('',#6370,#6346,#6403,.T.);
#6403 = B_SPLINE_CURVE_WITH_KNOTS('',1,(#6404,#6405),.UNSPECIFIED.,.F.,
  .F.,(2,2),(0.,0.676919509468),.PIECEWISE_BEZIER_KNOTS.);
#6404 = CARTESIAN_POINT('',(11.,-2.4455,-5.98974749463E-16));
#6405 = CARTESIAN_POINT('',(10.611734920063,-3.,-7.347880794884E-16));
#6406 = ORIENTED_EDGE('',*,*,#6369,.T.);
#6407 = ORIENTED_EDGE('',*,*,#6402,.T.);
#6408 = CONICAL_SURFACE('',#6409,2.4455,0.959931088597);
#6409 = AXIS2_PLACEMENT_3D('',#6410,#6411,#6412);
#6410 = CARTESIAN_POINT('',(11.,1.246036965014E-15,0.));
#6411 = DIRECTION('',(-1.,-1.224606353822E-16,-0.));
#6412 = DIRECTION('',(1.224606353822E-16,-1.,0.));
#6413 = ADVANCED_FACE('',(#6414),#6432,.T.);
#6414 = FACE_BOUND('',#6415,.T.);
#6415 = EDGE_LOOP('',(#6416,#6425,#6430,#6431));
#6416 = ORIENTED_EDGE('',*,*,#6417,.T.);
#6417 = EDGE_CURVE('',#6418,#6418,#6420,.T.);
#6418 = VERTEX_POINT('',#6419);
#6419 = CARTESIAN_POINT('',(11.611734920063,-3.,0.));
#6420 = CIRCLE('',#6421,3.);
#6421 = AXIS2_PLACEMENT_3D('',#6422,#6423,#6424);
#6422 = CARTESIAN_POINT('',(11.611734920063,1.198489776628E-15,0.));
#6423 = DIRECTION('',(-1.,-1.224606353822E-16,0.));
#6424 = DIRECTION('',(1.224606353822E-16,-1.,0.));
#6425 = ORIENTED_EDGE('',*,*,#6426,.T.);
#6426 = EDGE_CURVE('',#6418,#6379,#6427,.T.);
#6427 = B_SPLINE_CURVE_WITH_KNOTS('',1,(#6428,#6429),.UNSPECIFIED.,.F.,
  .F.,(2,2),(-43.36173492006,-43.13826507993),.PIECEWISE_BEZIER_KNOTS.);
#6428 = CARTESIAN_POINT('',(11.611734920063,-3.,1.836970198721E-16));
#6429 = CARTESIAN_POINT('',(11.388265079937,-3.,1.836970198721E-16));
#6430 = ORIENTED_EDGE('',*,*,#6385,.F.);
#6431 = ORIENTED_EDGE('',*,*,#6426,.F.);
#6432 = CYLINDRICAL_SURFACE('',#6433,3.);
#6433 = AXIS2_PLACEMENT_3D('',#6434,#6435,#6436);
#6434 = CARTESIAN_POINT('',(-31.75,0.,0.));
#6435 = DIRECTION('',(-1.,-0.,-0.));
#6436 = DIRECTION('',(-0.,0.,1.));
#6437 = ADVANCED_FACE('',(#6438),#6464,.T.);
#6438 = FACE_BOUND('',#6439,.T.);
#6439 = EDGE_LOOP('',(#6440,#6449,#6456,#6463));
#6440 = ORIENTED_EDGE('',*,*,#6441,.F.);
#6441 = EDGE_CURVE('',#6442,#6442,#6444,.T.);
#6442 = VERTEX_POINT('',#6443);
#6443 = CARTESIAN_POINT('',(12.,-2.4455,0.));
#6444 = CIRCLE('',#6445,2.4455);
#6445 = AXIS2_PLACEMENT_3D('',#6446,#6447,#6448);
#6446 = CARTESIAN_POINT('',(12.,1.246036965014E-15,0.));
#6447 = DIRECTION('',(-1.,-1.224606353822E-16,0.));
#6448 = DIRECTION('',(1.224606353822E-16,-1.,0.));
#6449 = ORIENTED_EDGE('',*,*,#6450,.T.);
#6450 = EDGE_CURVE('',#6442,#6451,#6453,.T.);
#6451 = VERTEX_POINT('',#6452);
#6452 = CARTESIAN_POINT('',(12.388265079937,-3.,0.));
#6453 = B_SPLINE_CURVE_WITH_KNOTS('',1,(#6454,#6455),.UNSPECIFIED.,.F.,
  .F.,(2,2),(-0.676919509468,-3.330669073875E-16),
  .PIECEWISE_BEZIER_KNOTS.);
#6454 = CARTESIAN_POINT('',(12.,-2.4455,2.994873747315E-16));
#6455 = CARTESIAN_POINT('',(12.388265079937,-3.,3.673940397442E-16));
#6456 = ORIENTED_EDGE('',*,*,#6457,.T.);
#6457 = EDGE_CURVE('',#6451,#6451,#6458,.T.);
#6458 = CIRCLE('',#6459,3.);
#6459 = AXIS2_PLACEMENT_3D('',#6460,#6461,#6462);
#6460 = CARTESIAN_POINT('',(12.388265079937,1.2935841534E-15,0.));
#6461 = DIRECTION('',(-1.,-1.224606353822E-16,0.));
#6462 = DIRECTION('',(1.224606353822E-16,-1.,0.));
#6463 = ORIENTED_EDGE('',*,*,#6450,.F.);
#6464 = CONICAL_SURFACE('',#6465,3.,0.959931088597);
#6465 = AXIS2_PLACEMENT_3D('',#6466,#6467,#6468);
#6466 = CARTESIAN_POINT('',(12.388265079937,1.2935841534E-15,0.));
#6467 = DIRECTION('',(1.,1.224606353822E-16,0.));
#6468 = DIRECTION('',(-1.224606353822E-16,1.,0.));
#6469 = ADVANCED_FACE('',(#6470),#6480,.T.);
#6470 = FACE_BOUND('',#6471,.T.);
#6471 = EDGE_LOOP('',(#6472,#6473,#6478,#6479));
#6472 = ORIENTED_EDGE('',*,*,#6417,.F.);
#6473 = ORIENTED_EDGE('',*,*,#6474,.F.);
#6474 = EDGE_CURVE('',#6442,#6418,#6475,.T.);
#6475 = B_SPLINE_CURVE_WITH_KNOTS('',1,(#6476,#6477),.UNSPECIFIED.,.F.,
  .F.,(2,2),(-3.637765840954E-16,0.676919509468),
  .PIECEWISE_BEZIER_KNOTS.);
#6476 = CARTESIAN_POINT('',(12.,-2.4455,-5.98974749463E-16));
#6477 = CARTESIAN_POINT('',(11.611734920063,-3.,-7.347880794884E-16));
#6478 = ORIENTED_EDGE('',*,*,#6441,.T.);
#6479 = ORIENTED_EDGE('',*,*,#6474,.T.);
#6480 = CONICAL_SURFACE('',#6481,2.4455,0.959931088597);
#6481 = AXIS2_PLACEMENT_3D('',#6482,#6483,#6484);
#6482 = CARTESIAN_POINT('',(12.,1.246036965014E-15,0.));
#6483 = DIRECTION('',(-1.,-1.224606353822E-16,-0.));
#6484 = DIRECTION('',(1.224606353822E-16,-1.,0.));
#6485 = ADVANCED_FACE('',(#6486),#6504,.T.);
#6486 = FACE_BOUND('',#6487,.T.);
#6487 = EDGE_LOOP('',(#6488,#6497,#6502,#6503));
#6488 = ORIENTED_EDGE('',*,*,#6489,.T.);
#6489 = EDGE_CURVE('',#6490,#6490,#6492,.T.);
#6490 = VERTEX_POINT('',#6491);
#6491 = CARTESIAN_POINT('',(12.611734920063,-3.,0.));
#6492 = CIRCLE('',#6493,3.);
#6493 = AXIS2_PLACEMENT_3D('',#6494,#6495,#6496);
#6494 = CARTESIAN_POINT('',(12.611734920063,1.198489776628E-15,0.));
#6495 = DIRECTION('',(-1.,-1.224606353822E-16,0.));
#6496 = DIRECTION('',(1.224606353822E-16,-1.,0.));
#6497 = ORIENTED_EDGE('',*,*,#6498,.T.);
#6498 = EDGE_CURVE('',#6490,#6451,#6499,.T.);
#6499 = B_SPLINE_CURVE_WITH_KNOTS('',1,(#6500,#6501),.UNSPECIFIED.,.F.,
  .F.,(2,2),(-44.36173492006,-44.13826507993),.PIECEWISE_BEZIER_KNOTS.);
#6500 = CARTESIAN_POINT('',(12.611734920063,-3.,1.836970198721E-16));
#6501 = CARTESIAN_POINT('',(12.388265079937,-3.,1.836970198721E-16));
#6502 = ORIENTED_EDGE('',*,*,#6457,.F.);
#6503 = ORIENTED_EDGE('',*,*,#6498,.F.);
#6504 = CYLINDRICAL_SURFACE('',#6505,3.);
#6505 = AXIS2_PLACEMENT_3D('',#6506,#6507,#6508);
#6506 = CARTESIAN_POINT('',(-31.75,0.,0.));
#6507 = DIRECTION('',(-1.,-0.,-0.));
#6508 = DIRECTION('',(-0.,0.,1.));
#6509 = ADVANCED_FACE('',(#6510),#6536,.T.);
#6510 = FACE_BOUND('',#6511,.T.);
#6511 = EDGE_LOOP('',(#6512,#6521,#6528,#6535));
#6512 = ORIENTED_EDGE('',*,*,#6513,.F.);
#6513 = EDGE_CURVE('',#6514,#6514,#6516,.T.);
#6514 = VERTEX_POINT('',#6515);
#6515 = CARTESIAN_POINT('',(13.,-2.4455,0.));
#6516 = CIRCLE('',#6517,2.4455);
#6517 = AXIS2_PLACEMENT_3D('',#6518,#6519,#6520);
#6518 = CARTESIAN_POINT('',(13.,1.246036965014E-15,0.));
#6519 = DIRECTION('',(-1.,-1.224606353822E-16,0.));
#6520 = DIRECTION('',(1.224606353822E-16,-1.,0.));
#6521 = ORIENTED_EDGE('',*,*,#6522,.T.);
#6522 = EDGE_CURVE('',#6514,#6523,#6525,.T.);
#6523 = VERTEX_POINT('',#6524);
#6524 = CARTESIAN_POINT('',(13.388265079937,-3.,0.));
#6525 = B_SPLINE_CURVE_WITH_KNOTS('',1,(#6526,#6527),.UNSPECIFIED.,.F.,
  .F.,(2,2),(-0.676919509468,0.),.PIECEWISE_BEZIER_KNOTS.);
#6526 = CARTESIAN_POINT('',(13.,-2.4455,2.994873747315E-16));
#6527 = CARTESIAN_POINT('',(13.388265079937,-3.,3.673940397442E-16));
#6528 = ORIENTED_EDGE('',*,*,#6529,.T.);
#6529 = EDGE_CURVE('',#6523,#6523,#6530,.T.);
#6530 = CIRCLE('',#6531,3.);
#6531 = AXIS2_PLACEMENT_3D('',#6532,#6533,#6534);
#6532 = CARTESIAN_POINT('',(13.388265079937,1.2935841534E-15,0.));
#6533 = DIRECTION('',(-1.,-1.224606353822E-16,0.));
#6534 = DIRECTION('',(1.224606353822E-16,-1.,0.));
#6535 = ORIENTED_EDGE('',*,*,#6522,.F.);
#6536 = CONICAL_SURFACE('',#6537,3.,0.959931088597);
#6537 = AXIS2_PLACEMENT_3D('',#6538,#6539,#6540);
#6538 = CARTESIAN_POINT('',(13.388265079937,1.2935841534E-15,0.));
#6539 = DIRECTION('',(1.,1.224606353822E-16,0.));
#6540 = DIRECTION('',(-1.224606353822E-16,1.,0.));
#6541 = ADVANCED_FACE('',(#6542),#6552,.T.);
#6542 = FACE_BOUND('',#6543,.T.);
#6543 = EDGE_LOOP('',(#6544,#6545,#6550,#6551));
#6544 = ORIENTED_EDGE('',*,*,#6489,.F.);
#6545 = ORIENTED_EDGE('',*,*,#6546,.F.);
#6546 = EDGE_CURVE('',#6514,#6490,#6547,.T.);
#6547 = B_SPLINE_CURVE_WITH_KNOTS('',1,(#6548,#6549),.UNSPECIFIED.,.F.,
  .F.,(2,2),(0.,0.676919509468),.PIECEWISE_BEZIER_KNOTS.);
#6548 = CARTESIAN_POINT('',(13.,-2.4455,-5.98974749463E-16));
#6549 = CARTESIAN_POINT('',(12.611734920063,-3.,-7.347880794884E-16));
#6550 = ORIENTED_EDGE('',*,*,#6513,.T.);
#6551 = ORIENTED_EDGE('',*,*,#6546,.T.);
#6552 = CONICAL_SURFACE('',#6553,2.4455,0.959931088597);
#6553 = AXIS2_PLACEMENT_3D('',#6554,#6555,#6556);
#6554 = CARTESIAN_POINT('',(13.,1.246036965014E-15,0.));
#6555 = DIRECTION('',(-1.,-1.224606353822E-16,-0.));
#6556 = DIRECTION('',(1.224606353822E-16,-1.,0.));
#6557 = ADVANCED_FACE('',(#6558),#6576,.T.);
#6558 = FACE_BOUND('',#6559,.T.);
#6559 = EDGE_LOOP('',(#6560,#6569,#6574,#6575));
#6560 = ORIENTED_EDGE('',*,*,#6561,.T.);
#6561 = EDGE_CURVE('',#6562,#6562,#6564,.T.);
#6562 = VERTEX_POINT('',#6563);
#6563 = CARTESIAN_POINT('',(13.611734920063,-3.,0.));
#6564 = CIRCLE('',#6565,3.);
#6565 = AXIS2_PLACEMENT_3D('',#6566,#6567,#6568);
#6566 = CARTESIAN_POINT('',(13.611734920063,1.198489776628E-15,0.));
#6567 = DIRECTION('',(-1.,-1.224606353822E-16,0.));
#6568 = DIRECTION('',(1.224606353822E-16,-1.,0.));
#6569 = ORIENTED_EDGE('',*,*,#6570,.T.);
#6570 = EDGE_CURVE('',#6562,#6523,#6571,.T.);
#6571 = B_SPLINE_CURVE_WITH_KNOTS('',1,(#6572,#6573),.UNSPECIFIED.,.F.,
  .F.,(2,2),(-45.36173492006,-45.13826507993),.PIECEWISE_BEZIER_KNOTS.);
#6572 = CARTESIAN_POINT('',(13.611734920063,-3.,1.836970198721E-16));
#6573 = CARTESIAN_POINT('',(13.388265079937,-3.,1.836970198721E-16));
#6574 = ORIENTED_EDGE('',*,*,#6529,.F.);
#6575 = ORIENTED_EDGE('',*,*,#6570,.F.);
#6576 = CYLINDRICAL_SURFACE('',#6577,3.);
#6577 = AXIS2_PLACEMENT_3D('',#6578,#6579,#6580);
#6578 = CARTESIAN_POINT('',(-31.75,0.,0.));
#6579 = DIRECTION('',(-1.,-0.,-0.));
#6580 = DIRECTION('',(-0.,0.,1.));
#6581 = ADVANCED_FACE('',(#6582),#6608,.T.);
#6582 = FACE_BOUND('',#6583,.T.);
#6583 = EDGE_LOOP('',(#6584,#6593,#6600,#6607));
#6584 = ORIENTED_EDGE('',*,*,#6585,.F.);
#6585 = EDGE_CURVE('',#6586,#6586,#6588,.T.);
#6586 = VERTEX_POINT('',#6587);
#6587 = CARTESIAN_POINT('',(14.,-2.4455,0.));
#6588 = CIRCLE('',#6589,2.4455);
#6589 = AXIS2_PLACEMENT_3D('',#6590,#6591,#6592);
#6590 = CARTESIAN_POINT('',(14.,1.246036965014E-15,0.));
#6591 = DIRECTION('',(-1.,-1.224606353822E-16,0.));
#6592 = DIRECTION('',(1.224606353822E-16,-1.,0.));
#6593 = ORIENTED_EDGE('',*,*,#6594,.T.);
#6594 = EDGE_CURVE('',#6586,#6595,#6597,.T.);
#6595 = VERTEX_POINT('',#6596);
#6596 = CARTESIAN_POINT('',(14.388265079937,-3.,0.));
#6597 = B_SPLINE_CURVE_WITH_KNOTS('',1,(#6598,#6599),.UNSPECIFIED.,.F.,
  .F.,(2,2),(-0.676919509468,0.),.PIECEWISE_BEZIER_KNOTS.);
#6598 = CARTESIAN_POINT('',(14.,-2.4455,2.994873747315E-16));
#6599 = CARTESIAN_POINT('',(14.388265079937,-3.,3.673940397442E-16));
#6600 = ORIENTED_EDGE('',*,*,#6601,.T.);
#6601 = EDGE_CURVE('',#6595,#6595,#6602,.T.);
#6602 = CIRCLE('',#6603,3.);
#6603 = AXIS2_PLACEMENT_3D('',#6604,#6605,#6606);
#6604 = CARTESIAN_POINT('',(14.388265079937,1.2935841534E-15,0.));
#6605 = DIRECTION('',(-1.,-1.224606353822E-16,0.));
#6606 = DIRECTION('',(1.224606353822E-16,-1.,0.));
#6607 = ORIENTED_EDGE('',*,*,#6594,.F.);
#6608 = CONICAL_SURFACE('',#6609,3.,0.959931088597);
#6609 = AXIS2_PLACEMENT_3D('',#6610,#6611,#6612);
#6610 = CARTESIAN_POINT('',(14.388265079937,1.2935841534E-15,0.));
#6611 = DIRECTION('',(1.,1.224606353822E-16,0.));
#6612 = DIRECTION('',(-1.224606353822E-16,1.,0.));
#6613 = ADVANCED_FACE('',(#6614),#6624,.T.);
#6614 = FACE_BOUND('',#6615,.T.);
#6615 = EDGE_LOOP('',(#6616,#6617,#6622,#6623));
#6616 = ORIENTED_EDGE('',*,*,#6561,.F.);
#6617 = ORIENTED_EDGE('',*,*,#6618,.F.);
#6618 = EDGE_CURVE('',#6586,#6562,#6619,.T.);
#6619 = B_SPLINE_CURVE_WITH_KNOTS('',1,(#6620,#6621),.UNSPECIFIED.,.F.,
  .F.,(2,2),(0.,0.676919509468),.PIECEWISE_BEZIER_KNOTS.);
#6620 = CARTESIAN_POINT('',(14.,-2.4455,-5.98974749463E-16));
#6621 = CARTESIAN_POINT('',(13.611734920063,-3.,-7.347880794884E-16));
#6622 = ORIENTED_EDGE('',*,*,#6585,.T.);
#6623 = ORIENTED_EDGE('',*,*,#6618,.T.);
#6624 = CONICAL_SURFACE('',#6625,2.4455,0.959931088597);
#6625 = AXIS2_PLACEMENT_3D('',#6626,#6627,#6628);
#6626 = CARTESIAN_POINT('',(14.,1.246036965014E-15,0.));
#6627 = DIRECTION('',(-1.,-1.224606353822E-16,-0.));
#6628 = DIRECTION('',(1.224606353822E-16,-1.,0.));
#6629 = ADVANCED_FACE('',(#6630),#6648,.T.);
#6630 = FACE_BOUND('',#6631,.T.);
#6631 = EDGE_LOOP('',(#6632,#6641,#6646,#6647));
#6632 = ORIENTED_EDGE('',*,*,#6633,.T.);
#6633 = EDGE_CURVE('',#6634,#6634,#6636,.T.);
#6634 = VERTEX_POINT('',#6635);
#6635 = CARTESIAN_POINT('',(14.611734920063,-3.,0.));
#6636 = CIRCLE('',#6637,3.);
#6637 = AXIS2_PLACEMENT_3D('',#6638,#6639,#6640);
#6638 = CARTESIAN_POINT('',(14.611734920063,1.198489776628E-15,0.));
#6639 = DIRECTION('',(-1.,-1.224606353822E-16,0.));
#6640 = DIRECTION('',(1.224606353822E-16,-1.,0.));
#6641 = ORIENTED_EDGE('',*,*,#6642,.T.);
#6642 = EDGE_CURVE('',#6634,#6595,#6643,.T.);
#6643 = B_SPLINE_CURVE_WITH_KNOTS('',1,(#6644,#6645),.UNSPECIFIED.,.F.,
  .F.,(2,2),(-46.36173492006,-46.13826507993),.PIECEWISE_BEZIER_KNOTS.);
#6644 = CARTESIAN_POINT('',(14.611734920063,-3.,1.836970198721E-16));
#6645 = CARTESIAN_POINT('',(14.388265079937,-3.,1.836970198721E-16));
#6646 = ORIENTED_EDGE('',*,*,#6601,.F.);
#6647 = ORIENTED_EDGE('',*,*,#6642,.F.);
#6648 = CYLINDRICAL_SURFACE('',#6649,3.);
#6649 = AXIS2_PLACEMENT_3D('',#6650,#6651,#6652);
#6650 = CARTESIAN_POINT('',(-31.75,0.,0.));
#6651 = DIRECTION('',(-1.,-0.,-0.));
#6652 = DIRECTION('',(-0.,0.,1.));
#6653 = ADVANCED_FACE('',(#6654),#6689,.T.);
#6654 = FACE_BOUND('',#6655,.T.);
#6655 = EDGE_LOOP('',(#6656,#6665,#6672,#6681,#6688));
#6656 = ORIENTED_EDGE('',*,*,#6657,.F.);
#6657 = EDGE_CURVE('',#6658,#6658,#6660,.T.);
#6658 = VERTEX_POINT('',#6659);
#6659 = CARTESIAN_POINT('',(15.,-2.4455,0.));
#6660 = CIRCLE('',#6661,2.4455);
#6661 = AXIS2_PLACEMENT_3D('',#6662,#6663,#6664);
#6662 = CARTESIAN_POINT('',(15.,1.246036965014E-15,0.));
#6663 = DIRECTION('',(-1.,-1.224606353822E-16,0.));
#6664 = DIRECTION('',(1.224606353822E-16,-1.,0.));
#6665 = ORIENTED_EDGE('',*,*,#6666,.T.);
#6666 = EDGE_CURVE('',#6658,#6667,#6669,.T.);
#6667 = VERTEX_POINT('',#6668);
#6668 = CARTESIAN_POINT('',(15.388265079937,-3.,0.));
#6669 = B_SPLINE_CURVE_WITH_KNOTS('',1,(#6670,#6671),.UNSPECIFIED.,.F.,
  .F.,(2,2),(-0.676919509468,0.),.PIECEWISE_BEZIER_KNOTS.);
#6670 = CARTESIAN_POINT('',(15.,-2.4455,2.994873747315E-16));
#6671 = CARTESIAN_POINT('',(15.388265079937,-3.,3.673940397442E-16));
#6672 = ORIENTED_EDGE('',*,*,#6673,.T.);
#6673 = EDGE_CURVE('',#6667,#6674,#6676,.T.);
#6674 = VERTEX_POINT('',#6675);
#6675 = CARTESIAN_POINT('',(15.388265079937,0.,3.));
#6676 = CIRCLE('',#6677,3.);
#6677 = AXIS2_PLACEMENT_3D('',#6678,#6679,#6680);
#6678 = CARTESIAN_POINT('',(15.388265079937,1.2935841534E-15,0.));
#6679 = DIRECTION('',(-1.,-1.224606353822E-16,0.));
#6680 = DIRECTION('',(1.224606353822E-16,-1.,0.));
#6681 = ORIENTED_EDGE('',*,*,#6682,.T.);
#6682 = EDGE_CURVE('',#6674,#6667,#6683,.T.);
#6683 = CIRCLE('',#6684,3.);
#6684 = AXIS2_PLACEMENT_3D('',#6685,#6686,#6687);
#6685 = CARTESIAN_POINT('',(15.388265079937,1.2935841534E-15,0.));
#6686 = DIRECTION('',(-1.,-1.224606353822E-16,0.));
#6687 = DIRECTION('',(1.224606353822E-16,-1.,0.));
#6688 = ORIENTED_EDGE('',*,*,#6666,.F.);
#6689 = CONICAL_SURFACE('',#6690,3.,0.959931088597);
#6690 = AXIS2_PLACEMENT_3D('',#6691,#6692,#6693);
#6691 = CARTESIAN_POINT('',(15.388265079937,1.2935841534E-15,0.));
#6692 = DIRECTION('',(1.,1.224606353822E-16,0.));
#6693 = DIRECTION('',(-1.224606353822E-16,1.,0.));
#6694 = ADVANCED_FACE('',(#6695),#6705,.T.);
#6695 = FACE_BOUND('',#6696,.T.);
#6696 = EDGE_LOOP('',(#6697,#6698,#6703,#6704));
#6697 = ORIENTED_EDGE('',*,*,#6633,.F.);
#6698 = ORIENTED_EDGE('',*,*,#6699,.F.);
#6699 = EDGE_CURVE('',#6658,#6634,#6700,.T.);
#6700 = B_SPLINE_CURVE_WITH_KNOTS('',1,(#6701,#6702),.UNSPECIFIED.,.F.,
  .F.,(2,2),(0.,0.676919509468),.PIECEWISE_BEZIER_KNOTS.);
#6701 = CARTESIAN_POINT('',(15.,-2.4455,-5.98974749463E-16));
#6702 = CARTESIAN_POINT('',(14.611734920063,-3.,-7.347880794884E-16));
#6703 = ORIENTED_EDGE('',*,*,#6657,.T.);
#6704 = ORIENTED_EDGE('',*,*,#6699,.T.);
#6705 = CONICAL_SURFACE('',#6706,2.4455,0.959931088597);
#6706 = AXIS2_PLACEMENT_3D('',#6707,#6708,#6709);
#6707 = CARTESIAN_POINT('',(15.,1.246036965014E-15,0.));
#6708 = DIRECTION('',(-1.,-1.224606353822E-16,-0.));
#6709 = DIRECTION('',(1.224606353822E-16,-1.,0.));
#6710 = ADVANCED_FACE('',(#6711),#6722,.T.);
#6711 = FACE_BOUND('',#6712,.T.);
#6712 = EDGE_LOOP('',(#6713));
#6713 = ORIENTED_EDGE('',*,*,#6714,.F.);
#6714 = EDGE_CURVE('',#6715,#6715,#6717,.T.);
#6715 = VERTEX_POINT('',#6716);
#6716 = CARTESIAN_POINT('',(16.,0.,2.4455));
#6717 = CIRCLE('',#6718,2.4455);
#6718 = AXIS2_PLACEMENT_3D('',#6719,#6720,#6721);
#6719 = CARTESIAN_POINT('',(16.,0.,0.));
#6720 = DIRECTION('',(-1.,0.,-0.));
#6721 = DIRECTION('',(-0.,0.,1.));
#6722 = PLANE('',#6723);
#6723 = AXIS2_PLACEMENT_3D('',#6724,#6725,#6726);
#6724 = CARTESIAN_POINT('',(16.,2.4455,0.));
#6725 = DIRECTION('',(1.,0.,0.));
#6726 = DIRECTION('',(0.,0.,-1.));
#6727 = ADVANCED_FACE('',(#6728),#6746,.T.);
#6728 = FACE_BOUND('',#6729,.T.);
#6729 = EDGE_LOOP('',(#6730,#6739,#6744,#6745));
#6730 = ORIENTED_EDGE('',*,*,#6731,.F.);
#6731 = EDGE_CURVE('',#6732,#6732,#6734,.T.);
#6732 = VERTEX_POINT('',#6733);
#6733 = CARTESIAN_POINT('',(15.4455,0.,3.));
#6734 = CIRCLE('',#6735,3.);
#6735 = AXIS2_PLACEMENT_3D('',#6736,#6737,#6738);
#6736 = CARTESIAN_POINT('',(15.4455,0.,0.));
#6737 = DIRECTION('',(-1.,0.,-0.));
#6738 = DIRECTION('',(-0.,0.,1.));
#6739 = ORIENTED_EDGE('',*,*,#6740,.F.);
#6740 = EDGE_CURVE('',#6715,#6732,#6741,.T.);
#6741 = B_SPLINE_CURVE_WITH_KNOTS('',1,(#6742,#6743),.UNSPECIFIED.,.F.,
  .F.,(2,2),(0.,0.784181420336),.PIECEWISE_BEZIER_KNOTS.);
#6742 = CARTESIAN_POINT('',(16.,-5.98974749463E-16,2.4455));
#6743 = CARTESIAN_POINT('',(15.4455,-7.347880794884E-16,3.));
#6744 = ORIENTED_EDGE('',*,*,#6714,.T.);
#6745 = ORIENTED_EDGE('',*,*,#6740,.T.);
#6746 = CONICAL_SURFACE('',#6747,2.4455,0.785398163397);
#6747 = AXIS2_PLACEMENT_3D('',#6748,#6749,#6750);
#6748 = CARTESIAN_POINT('',(16.,0.,0.));
#6749 = DIRECTION('',(-1.,-0.,-0.));
#6750 = DIRECTION('',(-0.,0.,1.));
#6751 = ADVANCED_FACE('',(#6752),#6763,.T.);
#6752 = FACE_BOUND('',#6753,.T.);
#6753 = EDGE_LOOP('',(#6754,#6755,#6760,#6761,#6762));
#6754 = ORIENTED_EDGE('',*,*,#6682,.F.);
#6755 = ORIENTED_EDGE('',*,*,#6756,.F.);
#6756 = EDGE_CURVE('',#6732,#6674,#6757,.T.);
#6757 = B_SPLINE_CURVE_WITH_KNOTS('',1,(#6758,#6759),.UNSPECIFIED.,.F.,
  .F.,(2,2),(-47.1955,-47.13826507993),.PIECEWISE_BEZIER_KNOTS.);
#6758 = CARTESIAN_POINT('',(15.4455,-7.347880794884E-16,3.));
#6759 = CARTESIAN_POINT('',(15.388265079937,-7.347880794884E-16,3.));
#6760 = ORIENTED_EDGE('',*,*,#6731,.T.);
#6761 = ORIENTED_EDGE('',*,*,#6756,.T.);
#6762 = ORIENTED_EDGE('',*,*,#6673,.F.);
#6763 = CYLINDRICAL_SURFACE('',#6764,3.);
#6764 = AXIS2_PLACEMENT_3D('',#6765,#6766,#6767);
#6765 = CARTESIAN_POINT('',(-31.75,0.,0.));
#6766 = DIRECTION('',(-1.,-0.,-0.));
#6767 = DIRECTION('',(-0.,0.,1.));
#6768 = ( GEOMETRIC_REPRESENTATION_CONTEXT(3) 
GLOBAL_UNCERTAINTY_ASSIGNED_CONTEXT((#6772)) 
GLOBAL_UNIT_ASSIGNED_CONTEXT((#6769,#6770,#6771)) REPRESENTATION_CONTEXT
('Context #1','3D Context with UNIT and UNCERTAINTY') );
#6769 = ( LENGTH_UNIT() NAMED_UNIT(*) SI_UNIT(.MILLI.,.METRE.) );
#6770 = ( NAMED_UNIT(*) PLANE_ANGLE_UNIT() SI_UNIT($,.RADIAN.) );
#6771 = ( NAMED_UNIT(*) SI_UNIT($,.STERADIAN.) SOLID_ANGLE_UNIT() );
#6772 = UNCERTAINTY_MEASURE_WITH_UNIT(LENGTH_MEASURE(5.E-06),#6769,
  'distance_accuracy_value','confusion accuracy');
#6773 = CONTEXT_DEPENDENT_SHAPE_REPRESENTATION(#6774,#6776);
#6774 = ( REPRESENTATION_RELATIONSHIP('','',#5555,#10) 
REPRESENTATION_RELATIONSHIP_WITH_TRANSFORMATION(#6775) 
SHAPE_REPRESENTATION_RELATIONSHIP() );
#6775 = ITEM_DEFINED_TRANSFORMATION('','',#11,#27);
#6776 = PRODUCT_DEFINITION_SHAPE('Placement','Placement of an item',
  #6777);
#6777 = NEXT_ASSEMBLY_USAGE_OCCURRENCE('11','Solid6','',#5,#5550,$);
#6778 = PRODUCT_RELATED_PRODUCT_CATEGORY('part',$,(#5552));
#6779 = SHAPE_DEFINITION_REPRESENTATION(#6780,#6786);
#6780 = PRODUCT_DEFINITION_SHAPE('','',#6781);
#6781 = PRODUCT_DEFINITION('design','',#6782,#6785);
#6782 = PRODUCT_DEFINITION_FORMATION('','',#6783);
#6783 = PRODUCT('Solid7','Solid7','',(#6784));
#6784 = PRODUCT_CONTEXT('',#2,'mechanical');
#6785 = PRODUCT_DEFINITION_CONTEXT('part definition',#2,'design');
#6786 = ADVANCED_BREP_SHAPE_REPRESENTATION('',(#11,#6787),#7498);
#6787 = MANIFOLD_SOLID_BREP('',#6788);
#6788 = CLOSED_SHELL('',(#6789,#6828,#6852,#6876,#6917,#6938,#6970,#6987
    ,#7011,#7043,#7059,#7083,#7115,#7131,#7155,#7187,#7203,#7227,#7259,
    #7275,#7299,#7349,#7366,#7383,#7400,#7461,#7481));
#6789 = ADVANCED_FACE('',(#6790,#6812),#6823,.T.);
#6790 = FACE_BOUND('',#6791,.T.);
#6791 = EDGE_LOOP('',(#6792));
#6792 = ORIENTED_EDGE('',*,*,#6793,.F.);
#6793 = EDGE_CURVE('',#6794,#6794,#6796,.T.);
#6794 = VERTEX_POINT('',#6795);
#6795 = CARTESIAN_POINT('',(0.,-2.8,8.131516293641E-17));
#6796 = B_SPLINE_CURVE_WITH_KNOTS('',3,(#6797,#6798,#6799,#6800,#6801,
    #6802,#6803,#6804,#6805,#6806,#6807,#6808,#6809,#6810,#6811),
  .UNSPECIFIED.,.T.,.F.,(1,3,1,1,1,1,1,1,1,1,1,1,1,3,1),(
    -8.333333333333E-02,0.,8.333333333333E-02,0.166666666667,0.25,
    0.333333333333,0.416666666667,0.5,0.583333333333,0.666666666667,0.75
    ,0.833333333333,0.916666666667,1.,1.083333333333),.UNSPECIFIED.);
#6797 = CARTESIAN_POINT('',(0.,-2.8,8.131516293641E-17));
#6798 = CARTESIAN_POINT('',(0.,-2.8,0.201301877344));
#6799 = CARTESIAN_POINT('',(0.,-1.045995237657,0.603905632032));
#6800 = CARTESIAN_POINT('',(0.,-1.838501190586,3.18437747187));
#6801 = CARTESIAN_POINT('',(0.,-4.06297814125E-16,1.207811264065));
#6802 = CARTESIAN_POINT('',(0.,1.838501190586,3.18437747187));
#6803 = CARTESIAN_POINT('',(0.,1.045995237657,0.603905632032));
#6804 = CARTESIAN_POINT('',(0.,3.677002381171,-1.103940140989E-15));
#6805 = CARTESIAN_POINT('',(0.,1.045995237657,-0.603905632032));
#6806 = CARTESIAN_POINT('',(0.,1.838501190586,-3.18437747187));
#6807 = CARTESIAN_POINT('',(0.,2.400534810106E-16,-1.207811264065));
#6808 = CARTESIAN_POINT('',(-0.,-1.838501190586,-3.18437747187));
#6809 = CARTESIAN_POINT('',(-0.,-1.045995237657,-0.603905632032));
#6810 = CARTESIAN_POINT('',(0.,-2.8,-0.201301877344));
#6811 = CARTESIAN_POINT('',(0.,-2.8,8.131516293641E-17));
#6812 = FACE_BOUND('',#6813,.T.);
#6813 = EDGE_LOOP('',(#6814));
#6814 = ORIENTED_EDGE('',*,*,#6815,.T.);
#6815 = EDGE_CURVE('',#6816,#6816,#6818,.T.);
#6816 = VERTEX_POINT('',#6817);
#6817 = CARTESIAN_POINT('',(0.,0.,5.785));
#6818 = CIRCLE('',#6819,5.785);
#6819 = AXIS2_PLACEMENT_3D('',#6820,#6821,#6822);
#6820 = CARTESIAN_POINT('',(0.,0.,0.));
#6821 = DIRECTION('',(-1.,0.,-0.));
#6822 = DIRECTION('',(-0.,0.,1.));
#6823 = PLANE('',#6824);
#6824 = AXIS2_PLACEMENT_3D('',#6825,#6826,#6827);
#6825 = CARTESIAN_POINT('',(0.,0.,0.));
#6826 = DIRECTION('',(-1.,0.,-0.));
#6827 = DIRECTION('',(0.,0.,1.));
#6828 = ADVANCED_FACE('',(#6829),#6847,.T.);
#6829 = FACE_BOUND('',#6830,.T.);
#6830 = EDGE_LOOP('',(#6831,#6840,#6845,#6846));
#6831 = ORIENTED_EDGE('',*,*,#6832,.T.);
#6832 = EDGE_CURVE('',#6833,#6833,#6835,.T.);
#6833 = VERTEX_POINT('',#6834);
#6834 = CARTESIAN_POINT('',(0.515,0.,5.785));
#6835 = CIRCLE('',#6836,5.785);
#6836 = AXIS2_PLACEMENT_3D('',#6837,#6838,#6839);
#6837 = CARTESIAN_POINT('',(0.515,0.,0.));
#6838 = DIRECTION('',(-1.,0.,-0.));
#6839 = DIRECTION('',(-0.,0.,1.));
#6840 = ORIENTED_EDGE('',*,*,#6841,.T.);
#6841 = EDGE_CURVE('',#6833,#6816,#6842,.T.);
#6842 = B_SPLINE_CURVE_WITH_KNOTS('',1,(#6843,#6844),.UNSPECIFIED.,.F.,
  .F.,(2,2),(-0.515,0.),.PIECEWISE_BEZIER_KNOTS.);
#6843 = CARTESIAN_POINT('',(0.515,0.,5.785));
#6844 = CARTESIAN_POINT('',(0.,0.,5.785));
#6845 = ORIENTED_EDGE('',*,*,#6815,.F.);
#6846 = ORIENTED_EDGE('',*,*,#6841,.F.);
#6847 = CYLINDRICAL_SURFACE('',#6848,5.785);
#6848 = AXIS2_PLACEMENT_3D('',#6849,#6850,#6851);
#6849 = CARTESIAN_POINT('',(0.,0.,0.));
#6850 = DIRECTION('',(-1.,-0.,-0.));
#6851 = DIRECTION('',(-0.,0.,1.));
#6852 = ADVANCED_FACE('',(#6853),#6871,.T.);
#6853 = FACE_BOUND('',#6854,.T.);
#6854 = EDGE_LOOP('',(#6855,#6864,#6869,#6870));
#6855 = ORIENTED_EDGE('',*,*,#6856,.T.);
#6856 = EDGE_CURVE('',#6857,#6857,#6859,.T.);
#6857 = VERTEX_POINT('',#6858);
#6858 = CARTESIAN_POINT('',(3.212132034356,0.,3.087867965644));
#6859 = CIRCLE('',#6860,3.087867965644);
#6860 = AXIS2_PLACEMENT_3D('',#6861,#6862,#6863);
#6861 = CARTESIAN_POINT('',(3.212132034356,0.,0.));
#6862 = DIRECTION('',(-1.,0.,-0.));
#6863 = DIRECTION('',(-0.,0.,1.));
#6864 = ORIENTED_EDGE('',*,*,#6865,.T.);
#6865 = EDGE_CURVE('',#6857,#6833,#6866,.T.);
#6866 = B_SPLINE_CURVE_WITH_KNOTS('',1,(#6867,#6868),.UNSPECIFIED.,.F.,
  .F.,(2,2),(-3.814320702497,0.),.PIECEWISE_BEZIER_KNOTS.);
#6867 = CARTESIAN_POINT('',(3.212132034356,0.,3.087867965644));
#6868 = CARTESIAN_POINT('',(0.515,0.,5.785));
#6869 = ORIENTED_EDGE('',*,*,#6832,.F.);
#6870 = ORIENTED_EDGE('',*,*,#6865,.F.);
#6871 = CONICAL_SURFACE('',#6872,5.785,0.785398163397);
#6872 = AXIS2_PLACEMENT_3D('',#6873,#6874,#6875);
#6873 = CARTESIAN_POINT('',(0.515,0.,0.));
#6874 = DIRECTION('',(-1.,-0.,-0.));
#6875 = DIRECTION('',(-0.,0.,1.));
#6876 = ADVANCED_FACE('',(#6877),#6912,.T.);
#6877 = FACE_BOUND('',#6878,.T.);
#6878 = EDGE_LOOP('',(#6879,#6890,#6897,#6904,#6905));
#6879 = ORIENTED_EDGE('',*,*,#6880,.T.);
#6880 = EDGE_CURVE('',#6881,#6883,#6885,.T.);
#6881 = VERTEX_POINT('',#6882);
#6882 = CARTESIAN_POINT('',(4.411735920063,-3.,0.));
#6883 = VERTEX_POINT('',#6884);
#6884 = CARTESIAN_POINT('',(4.411735920063,-7.347880794884E-16,3.));
#6885 = CIRCLE('',#6886,3.);
#6886 = AXIS2_PLACEMENT_3D('',#6887,#6888,#6889);
#6887 = CARTESIAN_POINT('',(4.411735920063,9.290765012481E-16,0.));
#6888 = DIRECTION('',(-1.,-1.224606353822E-16,0.));
#6889 = DIRECTION('',(1.224606353822E-16,-1.,0.));
#6890 = ORIENTED_EDGE('',*,*,#6891,.T.);
#6891 = EDGE_CURVE('',#6883,#6892,#6894,.T.);
#6892 = VERTEX_POINT('',#6893);
#6893 = CARTESIAN_POINT('',(3.424264068712,0.,3.));
#6894 = B_SPLINE_CURVE_WITH_KNOTS('',1,(#6895,#6896),.UNSPECIFIED.,.F.,
  .F.,(2,2),(-4.411735920063,-3.424264068712),.PIECEWISE_BEZIER_KNOTS.);
#6895 = CARTESIAN_POINT('',(4.411735920063,0.,3.));
#6896 = CARTESIAN_POINT('',(3.424264068712,0.,3.));
#6897 = ORIENTED_EDGE('',*,*,#6898,.T.);
#6898 = EDGE_CURVE('',#6892,#6892,#6899,.T.);
#6899 = CIRCLE('',#6900,3.);
#6900 = AXIS2_PLACEMENT_3D('',#6901,#6902,#6903);
#6901 = CARTESIAN_POINT('',(3.424264068712,0.,0.));
#6902 = DIRECTION('',(1.,0.,-0.));
#6903 = DIRECTION('',(0.,0.,1.));
#6904 = ORIENTED_EDGE('',*,*,#6891,.F.);
#6905 = ORIENTED_EDGE('',*,*,#6906,.T.);
#6906 = EDGE_CURVE('',#6883,#6881,#6907,.T.);
#6907 = CIRCLE('',#6908,3.);
#6908 = AXIS2_PLACEMENT_3D('',#6909,#6910,#6911);
#6909 = CARTESIAN_POINT('',(4.411735920063,9.290765012481E-16,0.));
#6910 = DIRECTION('',(-1.,-1.224606353822E-16,0.));
#6911 = DIRECTION('',(1.224606353822E-16,-1.,0.));
#6912 = CYLINDRICAL_SURFACE('',#6913,3.);
#6913 = AXIS2_PLACEMENT_3D('',#6914,#6915,#6916);
#6914 = CARTESIAN_POINT('',(0.,0.,0.));
#6915 = DIRECTION('',(-1.,-0.,-0.));
#6916 = DIRECTION('',(-0.,0.,1.));
#6917 = ADVANCED_FACE('',(#6918),#6933,.F.);
#6918 = FACE_BOUND('',#6919,.F.);
#6919 = EDGE_LOOP('',(#6920,#6921,#6931,#6932));
#6920 = ORIENTED_EDGE('',*,*,#6898,.T.);
#6921 = ORIENTED_EDGE('',*,*,#6922,.F.);
#6922 = EDGE_CURVE('',#6857,#6892,#6923,.T.);
#6923 = ( BOUNDED_CURVE() B_SPLINE_CURVE(6,(#6924,#6925,#6926,#6927,
#6928,#6929,#6930),.UNSPECIFIED.,.F.,.F.) B_SPLINE_CURVE_WITH_KNOTS((7,7
),(2.356194490192,3.14159265359),.PIECEWISE_BEZIER_KNOTS.) CURVE() 
GEOMETRIC_REPRESENTATION_ITEM() RATIONAL_B_SPLINE_CURVE((1.007744716361,
    1.002554895352,0.999483957836,0.998466654399,0.999483957836,
1.002554895352,1.007744716361)) REPRESENTATION_ITEM('') );
#6924 = CARTESIAN_POINT('',(3.212132034356,-7.563095240631E-16,
    3.087867965644));
#6925 = CARTESIAN_POINT('',(3.240043794492,-7.494731145213E-16,
    3.059956205508));
#6926 = CARTESIAN_POINT('',(3.272178877317,-7.437566094238E-16,
    3.036616802255));
#6927 = CARTESIAN_POINT('',(3.307676698764,-7.39327401917E-16,
    3.018533190271));
#6928 = CARTESIAN_POINT('',(3.34556449369,-7.363114138872E-16,
    3.00621948467));
#6929 = CARTESIAN_POINT('',(3.384790878978,-7.347880794884E-16,3.));
#6930 = CARTESIAN_POINT('',(3.424264068712,-7.347880794884E-16,3.));
#6931 = ORIENTED_EDGE('',*,*,#6856,.T.);
#6932 = ORIENTED_EDGE('',*,*,#6922,.T.);
#6933 = TOROIDAL_SURFACE('',#6934,3.3,0.3);
#6934 = AXIS2_PLACEMENT_3D('',#6935,#6936,#6937);
#6935 = CARTESIAN_POINT('',(3.424264068712,0.,0.));
#6936 = DIRECTION('',(-1.,-0.,-0.));
#6937 = DIRECTION('',(-0.,0.,1.));
#6938 = ADVANCED_FACE('',(#6939),#6965,.T.);
#6939 = FACE_BOUND('',#6940,.T.);
#6940 = EDGE_LOOP('',(#6941,#6950,#6957,#6964));
#6941 = ORIENTED_EDGE('',*,*,#6942,.F.);
#6942 = EDGE_CURVE('',#6943,#6943,#6945,.T.);
#6943 = VERTEX_POINT('',#6944);
#6944 = CARTESIAN_POINT('',(4.800001,-2.4455,0.));
#6945 = CIRCLE('',#6946,2.4455);
#6946 = AXIS2_PLACEMENT_3D('',#6947,#6948,#6949);
#6947 = CARTESIAN_POINT('',(4.800001,9.76623689634E-16,0.));
#6948 = DIRECTION('',(-1.,-1.224606353822E-16,0.));
#6949 = DIRECTION('',(1.224606353822E-16,-1.,0.));
#6950 = ORIENTED_EDGE('',*,*,#6951,.T.);
#6951 = EDGE_CURVE('',#6943,#6952,#6954,.T.);
#6952 = VERTEX_POINT('',#6953);
#6953 = CARTESIAN_POINT('',(5.188266079937,-3.,0.));
#6954 = B_SPLINE_CURVE_WITH_KNOTS('',1,(#6955,#6956),.UNSPECIFIED.,.F.,
  .F.,(2,2),(-0.676919509468,0.),.PIECEWISE_BEZIER_KNOTS.);
#6955 = CARTESIAN_POINT('',(4.800001,-2.4455,2.994873747315E-16));
#6956 = CARTESIAN_POINT('',(5.188266079937,-3.,3.673940397442E-16));
#6957 = ORIENTED_EDGE('',*,*,#6958,.T.);
#6958 = EDGE_CURVE('',#6952,#6952,#6959,.T.);
#6959 = CIRCLE('',#6960,3.);
#6960 = AXIS2_PLACEMENT_3D('',#6961,#6962,#6963);
#6961 = CARTESIAN_POINT('',(5.188266079937,1.02417087802E-15,0.));
#6962 = DIRECTION('',(-1.,-1.224606353822E-16,0.));
#6963 = DIRECTION('',(1.224606353822E-16,-1.,0.));
#6964 = ORIENTED_EDGE('',*,*,#6951,.F.);
#6965 = CONICAL_SURFACE('',#6966,3.,0.959931088597);
#6966 = AXIS2_PLACEMENT_3D('',#6967,#6968,#6969);
#6967 = CARTESIAN_POINT('',(5.188266079937,1.02417087802E-15,0.));
#6968 = DIRECTION('',(1.,1.224606353822E-16,0.));
#6969 = DIRECTION('',(-1.224606353822E-16,1.,0.));
#6970 = ADVANCED_FACE('',(#6971),#6982,.T.);
#6971 = FACE_BOUND('',#6972,.T.);
#6972 = EDGE_LOOP('',(#6973,#6974,#6979,#6980,#6981));
#6973 = ORIENTED_EDGE('',*,*,#6880,.F.);
#6974 = ORIENTED_EDGE('',*,*,#6975,.F.);
#6975 = EDGE_CURVE('',#6943,#6881,#6976,.T.);
#6976 = B_SPLINE_CURVE_WITH_KNOTS('',1,(#6977,#6978),.UNSPECIFIED.,.F.,
  .F.,(2,2),(0.,0.676919509468),.PIECEWISE_BEZIER_KNOTS.);
#6977 = CARTESIAN_POINT('',(4.800001,-2.4455,-5.98974749463E-16));
#6978 = CARTESIAN_POINT('',(4.411735920063,-3.,-7.347880794884E-16));
#6979 = ORIENTED_EDGE('',*,*,#6942,.T.);
#6980 = ORIENTED_EDGE('',*,*,#6975,.T.);
#6981 = ORIENTED_EDGE('',*,*,#6906,.F.);
#6982 = CONICAL_SURFACE('',#6983,2.4455,0.959931088597);
#6983 = AXIS2_PLACEMENT_3D('',#6984,#6985,#6986);
#6984 = CARTESIAN_POINT('',(4.800001,9.76623689634E-16,0.));
#6985 = DIRECTION('',(-1.,-1.224606353822E-16,-0.));
#6986 = DIRECTION('',(1.224606353822E-16,-1.,0.));
#6987 = ADVANCED_FACE('',(#6988),#7006,.T.);
#6988 = FACE_BOUND('',#6989,.T.);
#6989 = EDGE_LOOP('',(#6990,#6999,#7004,#7005));
#6990 = ORIENTED_EDGE('',*,*,#6991,.T.);
#6991 = EDGE_CURVE('',#6992,#6992,#6994,.T.);
#6992 = VERTEX_POINT('',#6993);
#6993 = CARTESIAN_POINT('',(5.345069253396,-3.,0.));
#6994 = CIRCLE('',#6995,3.);
#6995 = AXIS2_PLACEMENT_3D('',#6996,#6997,#6998);
#6996 = CARTESIAN_POINT('',(5.345069253396,9.290765012481E-16,0.));
#6997 = DIRECTION('',(-1.,-1.224606353822E-16,0.));
#6998 = DIRECTION('',(1.224606353822E-16,-1.,0.));
#6999 = ORIENTED_EDGE('',*,*,#7000,.T.);
#7000 = EDGE_CURVE('',#6992,#6952,#7001,.T.);
#7001 = B_SPLINE_CURVE_WITH_KNOTS('',1,(#7002,#7003),.UNSPECIFIED.,.F.,
  .F.,(2,2),(-5.345069253396,-5.188266079937),.PIECEWISE_BEZIER_KNOTS.);
#7002 = CARTESIAN_POINT('',(5.345069253396,-3.,1.836970198721E-16));
#7003 = CARTESIAN_POINT('',(5.188266079937,-3.,1.836970198721E-16));
#7004 = ORIENTED_EDGE('',*,*,#6958,.F.);
#7005 = ORIENTED_EDGE('',*,*,#7000,.F.);
#7006 = CYLINDRICAL_SURFACE('',#7007,3.);
#7007 = AXIS2_PLACEMENT_3D('',#7008,#7009,#7010);
#7008 = CARTESIAN_POINT('',(0.,0.,0.));
#7009 = DIRECTION('',(-1.,-0.,-0.));
#7010 = DIRECTION('',(-0.,0.,1.));
#7011 = ADVANCED_FACE('',(#7012),#7038,.T.);
#7012 = FACE_BOUND('',#7013,.T.);
#7013 = EDGE_LOOP('',(#7014,#7023,#7030,#7037));
#7014 = ORIENTED_EDGE('',*,*,#7015,.F.);
#7015 = EDGE_CURVE('',#7016,#7016,#7018,.T.);
#7016 = VERTEX_POINT('',#7017);
#7017 = CARTESIAN_POINT('',(5.733334333333,-2.4455,0.));
#7018 = CIRCLE('',#7019,2.4455);
#7019 = AXIS2_PLACEMENT_3D('',#7020,#7021,#7022);
#7020 = CARTESIAN_POINT('',(5.733334333333,9.76623689634E-16,0.));
#7021 = DIRECTION('',(-1.,-1.224606353822E-16,0.));
#7022 = DIRECTION('',(1.224606353822E-16,-1.,0.));
#7023 = ORIENTED_EDGE('',*,*,#7024,.T.);
#7024 = EDGE_CURVE('',#7016,#7025,#7027,.T.);
#7025 = VERTEX_POINT('',#7026);
#7026 = CARTESIAN_POINT('',(6.121599413271,-3.,0.));
#7027 = B_SPLINE_CURVE_WITH_KNOTS('',1,(#7028,#7029),.UNSPECIFIED.,.F.,
  .F.,(2,2),(-0.676919509468,3.330669073875E-16),
  .PIECEWISE_BEZIER_KNOTS.);
#7028 = CARTESIAN_POINT('',(5.733334333333,-2.4455,2.994873747315E-16));
#7029 = CARTESIAN_POINT('',(6.121599413271,-3.,3.673940397442E-16));
#7030 = ORIENTED_EDGE('',*,*,#7031,.T.);
#7031 = EDGE_CURVE('',#7025,#7025,#7032,.T.);
#7032 = CIRCLE('',#7033,3.);
#7033 = AXIS2_PLACEMENT_3D('',#7034,#7035,#7036);
#7034 = CARTESIAN_POINT('',(6.121599413271,1.02417087802E-15,0.));
#7035 = DIRECTION('',(-1.,-1.224606353822E-16,0.));
#7036 = DIRECTION('',(1.224606353822E-16,-1.,0.));
#7037 = ORIENTED_EDGE('',*,*,#7024,.F.);
#7038 = CONICAL_SURFACE('',#7039,3.,0.959931088597);
#7039 = AXIS2_PLACEMENT_3D('',#7040,#7041,#7042);
#7040 = CARTESIAN_POINT('',(6.121599413271,1.02417087802E-15,0.));
#7041 = DIRECTION('',(1.,1.224606353822E-16,0.));
#7042 = DIRECTION('',(-1.224606353822E-16,1.,0.));
#7043 = ADVANCED_FACE('',(#7044),#7054,.T.);
#7044 = FACE_BOUND('',#7045,.T.);
#7045 = EDGE_LOOP('',(#7046,#7047,#7052,#7053));
#7046 = ORIENTED_EDGE('',*,*,#6991,.F.);
#7047 = ORIENTED_EDGE('',*,*,#7048,.F.);
#7048 = EDGE_CURVE('',#7016,#6992,#7049,.T.);
#7049 = B_SPLINE_CURVE_WITH_KNOTS('',1,(#7050,#7051),.UNSPECIFIED.,.F.,
  .F.,(2,2),(3.637765840954E-16,0.676919509468),
  .PIECEWISE_BEZIER_KNOTS.);
#7050 = CARTESIAN_POINT('',(5.733334333333,-2.4455,-5.98974749463E-16));
#7051 = CARTESIAN_POINT('',(5.345069253396,-3.,-7.347880794884E-16));
#7052 = ORIENTED_EDGE('',*,*,#7015,.T.);
#7053 = ORIENTED_EDGE('',*,*,#7048,.T.);
#7054 = CONICAL_SURFACE('',#7055,2.4455,0.959931088597);
#7055 = AXIS2_PLACEMENT_3D('',#7056,#7057,#7058);
#7056 = CARTESIAN_POINT('',(5.733334333333,9.76623689634E-16,0.));
#7057 = DIRECTION('',(-1.,-1.224606353822E-16,-0.));
#7058 = DIRECTION('',(1.224606353822E-16,-1.,0.));
#7059 = ADVANCED_FACE('',(#7060),#7078,.T.);
#7060 = FACE_BOUND('',#7061,.T.);
#7061 = EDGE_LOOP('',(#7062,#7071,#7076,#7077));
#7062 = ORIENTED_EDGE('',*,*,#7063,.T.);
#7063 = EDGE_CURVE('',#7064,#7064,#7066,.T.);
#7064 = VERTEX_POINT('',#7065);
#7065 = CARTESIAN_POINT('',(6.278402586729,-3.,0.));
#7066 = CIRCLE('',#7067,3.);
#7067 = AXIS2_PLACEMENT_3D('',#7068,#7069,#7070);
#7068 = CARTESIAN_POINT('',(6.278402586729,9.290765012481E-16,0.));
#7069 = DIRECTION('',(-1.,-1.224606353822E-16,0.));
#7070 = DIRECTION('',(1.224606353822E-16,-1.,0.));
#7071 = ORIENTED_EDGE('',*,*,#7072,.T.);
#7072 = EDGE_CURVE('',#7064,#7025,#7073,.T.);
#7073 = B_SPLINE_CURVE_WITH_KNOTS('',1,(#7074,#7075),.UNSPECIFIED.,.F.,
  .F.,(2,2),(-6.278402586729,-6.121599413271),.PIECEWISE_BEZIER_KNOTS.);
#7074 = CARTESIAN_POINT('',(6.278402586729,-3.,1.836970198721E-16));
#7075 = CARTESIAN_POINT('',(6.121599413271,-3.,1.836970198721E-16));
#7076 = ORIENTED_EDGE('',*,*,#7031,.F.);
#7077 = ORIENTED_EDGE('',*,*,#7072,.F.);
#7078 = CYLINDRICAL_SURFACE('',#7079,3.);
#7079 = AXIS2_PLACEMENT_3D('',#7080,#7081,#7082);
#7080 = CARTESIAN_POINT('',(0.,0.,0.));
#7081 = DIRECTION('',(-1.,-0.,-0.));
#7082 = DIRECTION('',(-0.,0.,1.));
#7083 = ADVANCED_FACE('',(#7084),#7110,.T.);
#7084 = FACE_BOUND('',#7085,.T.);
#7085 = EDGE_LOOP('',(#7086,#7095,#7102,#7109));
#7086 = ORIENTED_EDGE('',*,*,#7087,.F.);
#7087 = EDGE_CURVE('',#7088,#7088,#7090,.T.);
#7088 = VERTEX_POINT('',#7089);
#7089 = CARTESIAN_POINT('',(6.666667666667,-2.4455,0.));
#7090 = CIRCLE('',#7091,2.4455);
#7091 = AXIS2_PLACEMENT_3D('',#7092,#7093,#7094);
#7092 = CARTESIAN_POINT('',(6.666667666667,9.76623689634E-16,0.));
#7093 = DIRECTION('',(-1.,-1.224606353822E-16,0.));
#7094 = DIRECTION('',(1.224606353822E-16,-1.,0.));
#7095 = ORIENTED_EDGE('',*,*,#7096,.T.);
#7096 = EDGE_CURVE('',#7088,#7097,#7099,.T.);
#7097 = VERTEX_POINT('',#7098);
#7098 = CARTESIAN_POINT('',(7.054932746604,-3.,0.));
#7099 = B_SPLINE_CURVE_WITH_KNOTS('',1,(#7100,#7101),.UNSPECIFIED.,.F.,
  .F.,(2,2),(-0.676919509468,0.),.PIECEWISE_BEZIER_KNOTS.);
#7100 = CARTESIAN_POINT('',(6.666667666667,-2.4455,2.994873747315E-16));
#7101 = CARTESIAN_POINT('',(7.054932746604,-3.,3.673940397442E-16));
#7102 = ORIENTED_EDGE('',*,*,#7103,.T.);
#7103 = EDGE_CURVE('',#7097,#7097,#7104,.T.);
#7104 = CIRCLE('',#7105,3.);
#7105 = AXIS2_PLACEMENT_3D('',#7106,#7107,#7108);
#7106 = CARTESIAN_POINT('',(7.054932746604,1.02417087802E-15,0.));
#7107 = DIRECTION('',(-1.,-1.224606353822E-16,0.));
#7108 = DIRECTION('',(1.224606353822E-16,-1.,0.));
#7109 = ORIENTED_EDGE('',*,*,#7096,.F.);
#7110 = CONICAL_SURFACE('',#7111,3.,0.959931088597);
#7111 = AXIS2_PLACEMENT_3D('',#7112,#7113,#7114);
#7112 = CARTESIAN_POINT('',(7.054932746604,1.02417087802E-15,0.));
#7113 = DIRECTION('',(1.,1.224606353822E-16,0.));
#7114 = DIRECTION('',(-1.224606353822E-16,1.,0.));
#7115 = ADVANCED_FACE('',(#7116),#7126,.T.);
#7116 = FACE_BOUND('',#7117,.T.);
#7117 = EDGE_LOOP('',(#7118,#7119,#7124,#7125));
#7118 = ORIENTED_EDGE('',*,*,#7063,.F.);
#7119 = ORIENTED_EDGE('',*,*,#7120,.F.);
#7120 = EDGE_CURVE('',#7088,#7064,#7121,.T.);
#7121 = B_SPLINE_CURVE_WITH_KNOTS('',1,(#7122,#7123),.UNSPECIFIED.,.F.,
  .F.,(2,2),(0.,0.676919509468),.PIECEWISE_BEZIER_KNOTS.);
#7122 = CARTESIAN_POINT('',(6.666667666667,-2.4455,-5.98974749463E-16));
#7123 = CARTESIAN_POINT('',(6.278402586729,-3.,-7.347880794884E-16));
#7124 = ORIENTED_EDGE('',*,*,#7087,.T.);
#7125 = ORIENTED_EDGE('',*,*,#7120,.T.);
#7126 = CONICAL_SURFACE('',#7127,2.4455,0.959931088597);
#7127 = AXIS2_PLACEMENT_3D('',#7128,#7129,#7130);
#7128 = CARTESIAN_POINT('',(6.666667666667,9.76623689634E-16,0.));
#7129 = DIRECTION('',(-1.,-1.224606353822E-16,-0.));
#7130 = DIRECTION('',(1.224606353822E-16,-1.,0.));
#7131 = ADVANCED_FACE('',(#7132),#7150,.T.);
#7132 = FACE_BOUND('',#7133,.T.);
#7133 = EDGE_LOOP('',(#7134,#7143,#7148,#7149));
#7134 = ORIENTED_EDGE('',*,*,#7135,.T.);
#7135 = EDGE_CURVE('',#7136,#7136,#7138,.T.);
#7136 = VERTEX_POINT('',#7137);
#7137 = CARTESIAN_POINT('',(7.211735920063,-3.,0.));
#7138 = CIRCLE('',#7139,3.);
#7139 = AXIS2_PLACEMENT_3D('',#7140,#7141,#7142);
#7140 = CARTESIAN_POINT('',(7.211735920063,9.290765012481E-16,0.));
#7141 = DIRECTION('',(-1.,-1.224606353822E-16,0.));
#7142 = DIRECTION('',(1.224606353822E-16,-1.,0.));
#7143 = ORIENTED_EDGE('',*,*,#7144,.T.);
#7144 = EDGE_CURVE('',#7136,#7097,#7145,.T.);
#7145 = B_SPLINE_CURVE_WITH_KNOTS('',1,(#7146,#7147),.UNSPECIFIED.,.F.,
  .F.,(2,2),(-7.211735920063,-7.054932746604),.PIECEWISE_BEZIER_KNOTS.);
#7146 = CARTESIAN_POINT('',(7.211735920063,-3.,1.836970198721E-16));
#7147 = CARTESIAN_POINT('',(7.054932746604,-3.,1.836970198721E-16));
#7148 = ORIENTED_EDGE('',*,*,#7103,.F.);
#7149 = ORIENTED_EDGE('',*,*,#7144,.F.);
#7150 = CYLINDRICAL_SURFACE('',#7151,3.);
#7151 = AXIS2_PLACEMENT_3D('',#7152,#7153,#7154);
#7152 = CARTESIAN_POINT('',(0.,0.,0.));
#7153 = DIRECTION('',(-1.,-0.,-0.));
#7154 = DIRECTION('',(-0.,0.,1.));
#7155 = ADVANCED_FACE('',(#7156),#7182,.T.);
#7156 = FACE_BOUND('',#7157,.T.);
#7157 = EDGE_LOOP('',(#7158,#7167,#7174,#7181));
#7158 = ORIENTED_EDGE('',*,*,#7159,.F.);
#7159 = EDGE_CURVE('',#7160,#7160,#7162,.T.);
#7160 = VERTEX_POINT('',#7161);
#7161 = CARTESIAN_POINT('',(7.600001,-2.4455,0.));
#7162 = CIRCLE('',#7163,2.4455);
#7163 = AXIS2_PLACEMENT_3D('',#7164,#7165,#7166);
#7164 = CARTESIAN_POINT('',(7.600001,9.76623689634E-16,0.));
#7165 = DIRECTION('',(-1.,-1.224606353822E-16,0.));
#7166 = DIRECTION('',(1.224606353822E-16,-1.,0.));
#7167 = ORIENTED_EDGE('',*,*,#7168,.T.);
#7168 = EDGE_CURVE('',#7160,#7169,#7171,.T.);
#7169 = VERTEX_POINT('',#7170);
#7170 = CARTESIAN_POINT('',(7.988266079937,-3.,0.));
#7171 = B_SPLINE_CURVE_WITH_KNOTS('',1,(#7172,#7173),.UNSPECIFIED.,.F.,
  .F.,(2,2),(-0.676919509468,0.),.PIECEWISE_BEZIER_KNOTS.);
#7172 = CARTESIAN_POINT('',(7.600001,-2.4455,2.994873747315E-16));
#7173 = CARTESIAN_POINT('',(7.988266079937,-3.,3.673940397442E-16));
#7174 = ORIENTED_EDGE('',*,*,#7175,.T.);
#7175 = EDGE_CURVE('',#7169,#7169,#7176,.T.);
#7176 = CIRCLE('',#7177,3.);
#7177 = AXIS2_PLACEMENT_3D('',#7178,#7179,#7180);
#7178 = CARTESIAN_POINT('',(7.988266079937,1.02417087802E-15,0.));
#7179 = DIRECTION('',(-1.,-1.224606353822E-16,0.));
#7180 = DIRECTION('',(1.224606353822E-16,-1.,0.));
#7181 = ORIENTED_EDGE('',*,*,#7168,.F.);
#7182 = CONICAL_SURFACE('',#7183,3.,0.959931088597);
#7183 = AXIS2_PLACEMENT_3D('',#7184,#7185,#7186);
#7184 = CARTESIAN_POINT('',(7.988266079937,1.02417087802E-15,0.));
#7185 = DIRECTION('',(1.,1.224606353822E-16,0.));
#7186 = DIRECTION('',(-1.224606353822E-16,1.,0.));
#7187 = ADVANCED_FACE('',(#7188),#7198,.T.);
#7188 = FACE_BOUND('',#7189,.T.);
#7189 = EDGE_LOOP('',(#7190,#7191,#7196,#7197));
#7190 = ORIENTED_EDGE('',*,*,#7135,.F.);
#7191 = ORIENTED_EDGE('',*,*,#7192,.F.);
#7192 = EDGE_CURVE('',#7160,#7136,#7193,.T.);
#7193 = B_SPLINE_CURVE_WITH_KNOTS('',1,(#7194,#7195),.UNSPECIFIED.,.F.,
  .F.,(2,2),(0.,0.676919509468),.PIECEWISE_BEZIER_KNOTS.);
#7194 = CARTESIAN_POINT('',(7.600001,-2.4455,-5.98974749463E-16));
#7195 = CARTESIAN_POINT('',(7.211735920063,-3.,-7.347880794884E-16));
#7196 = ORIENTED_EDGE('',*,*,#7159,.T.);
#7197 = ORIENTED_EDGE('',*,*,#7192,.T.);
#7198 = CONICAL_SURFACE('',#7199,2.4455,0.959931088597);
#7199 = AXIS2_PLACEMENT_3D('',#7200,#7201,#7202);
#7200 = CARTESIAN_POINT('',(7.600001,9.76623689634E-16,0.));
#7201 = DIRECTION('',(-1.,-1.224606353822E-16,-0.));
#7202 = DIRECTION('',(1.224606353822E-16,-1.,0.));
#7203 = ADVANCED_FACE('',(#7204),#7222,.T.);
#7204 = FACE_BOUND('',#7205,.T.);
#7205 = EDGE_LOOP('',(#7206,#7215,#7220,#7221));
#7206 = ORIENTED_EDGE('',*,*,#7207,.T.);
#7207 = EDGE_CURVE('',#7208,#7208,#7210,.T.);
#7208 = VERTEX_POINT('',#7209);
#7209 = CARTESIAN_POINT('',(8.145069253396,-3.,0.));
#7210 = CIRCLE('',#7211,3.);
#7211 = AXIS2_PLACEMENT_3D('',#7212,#7213,#7214);
#7212 = CARTESIAN_POINT('',(8.145069253396,9.290765012481E-16,0.));
#7213 = DIRECTION('',(-1.,-1.224606353822E-16,0.));
#7214 = DIRECTION('',(1.224606353822E-16,-1.,0.));
#7215 = ORIENTED_EDGE('',*,*,#7216,.T.);
#7216 = EDGE_CURVE('',#7208,#7169,#7217,.T.);
#7217 = B_SPLINE_CURVE_WITH_KNOTS('',1,(#7218,#7219),.UNSPECIFIED.,.F.,
  .F.,(2,2),(-8.145069253396,-7.988266079937),.PIECEWISE_BEZIER_KNOTS.);
#7218 = CARTESIAN_POINT('',(8.145069253396,-3.,1.836970198721E-16));
#7219 = CARTESIAN_POINT('',(7.988266079937,-3.,1.836970198721E-16));
#7220 = ORIENTED_EDGE('',*,*,#7175,.F.);
#7221 = ORIENTED_EDGE('',*,*,#7216,.F.);
#7222 = CYLINDRICAL_SURFACE('',#7223,3.);
#7223 = AXIS2_PLACEMENT_3D('',#7224,#7225,#7226);
#7224 = CARTESIAN_POINT('',(0.,0.,0.));
#7225 = DIRECTION('',(-1.,-0.,-0.));
#7226 = DIRECTION('',(-0.,0.,1.));
#7227 = ADVANCED_FACE('',(#7228),#7254,.T.);
#7228 = FACE_BOUND('',#7229,.T.);
#7229 = EDGE_LOOP('',(#7230,#7239,#7246,#7253));
#7230 = ORIENTED_EDGE('',*,*,#7231,.F.);
#7231 = EDGE_CURVE('',#7232,#7232,#7234,.T.);
#7232 = VERTEX_POINT('',#7233);
#7233 = CARTESIAN_POINT('',(8.533334333333,-2.4455,0.));
#7234 = CIRCLE('',#7235,2.4455);
#7235 = AXIS2_PLACEMENT_3D('',#7236,#7237,#7238);
#7236 = CARTESIAN_POINT('',(8.533334333333,9.76623689634E-16,0.));
#7237 = DIRECTION('',(-1.,-1.224606353822E-16,0.));
#7238 = DIRECTION('',(1.224606353822E-16,-1.,0.));
#7239 = ORIENTED_EDGE('',*,*,#7240,.T.);
#7240 = EDGE_CURVE('',#7232,#7241,#7243,.T.);
#7241 = VERTEX_POINT('',#7242);
#7242 = CARTESIAN_POINT('',(8.921599413271,-3.,0.));
#7243 = B_SPLINE_CURVE_WITH_KNOTS('',1,(#7244,#7245),.UNSPECIFIED.,.F.,
  .F.,(2,2),(-0.676919509468,0.),.PIECEWISE_BEZIER_KNOTS.);
#7244 = CARTESIAN_POINT('',(8.533334333333,-2.4455,2.994873747315E-16));
#7245 = CARTESIAN_POINT('',(8.921599413271,-3.,3.673940397442E-16));
#7246 = ORIENTED_EDGE('',*,*,#7247,.T.);
#7247 = EDGE_CURVE('',#7241,#7241,#7248,.T.);
#7248 = CIRCLE('',#7249,3.);
#7249 = AXIS2_PLACEMENT_3D('',#7250,#7251,#7252);
#7250 = CARTESIAN_POINT('',(8.921599413271,1.02417087802E-15,0.));
#7251 = DIRECTION('',(-1.,-1.224606353822E-16,0.));
#7252 = DIRECTION('',(1.224606353822E-16,-1.,0.));
#7253 = ORIENTED_EDGE('',*,*,#7240,.F.);
#7254 = CONICAL_SURFACE('',#7255,3.,0.959931088597);
#7255 = AXIS2_PLACEMENT_3D('',#7256,#7257,#7258);
#7256 = CARTESIAN_POINT('',(8.921599413271,1.02417087802E-15,0.));
#7257 = DIRECTION('',(1.,1.224606353822E-16,0.));
#7258 = DIRECTION('',(-1.224606353822E-16,1.,0.));
#7259 = ADVANCED_FACE('',(#7260),#7270,.T.);
#7260 = FACE_BOUND('',#7261,.T.);
#7261 = EDGE_LOOP('',(#7262,#7263,#7268,#7269));
#7262 = ORIENTED_EDGE('',*,*,#7207,.F.);
#7263 = ORIENTED_EDGE('',*,*,#7264,.F.);
#7264 = EDGE_CURVE('',#7232,#7208,#7265,.T.);
#7265 = B_SPLINE_CURVE_WITH_KNOTS('',1,(#7266,#7267),.UNSPECIFIED.,.F.,
  .F.,(2,2),(0.,0.676919509468),.PIECEWISE_BEZIER_KNOTS.);
#7266 = CARTESIAN_POINT('',(8.533334333333,-2.4455,-5.98974749463E-16));
#7267 = CARTESIAN_POINT('',(8.145069253396,-3.,-7.347880794884E-16));
#7268 = ORIENTED_EDGE('',*,*,#7231,.T.);
#7269 = ORIENTED_EDGE('',*,*,#7264,.T.);
#7270 = CONICAL_SURFACE('',#7271,2.4455,0.959931088597);
#7271 = AXIS2_PLACEMENT_3D('',#7272,#7273,#7274);
#7272 = CARTESIAN_POINT('',(8.533334333333,9.76623689634E-16,0.));
#7273 = DIRECTION('',(-1.,-1.224606353822E-16,-0.));
#7274 = DIRECTION('',(1.224606353822E-16,-1.,0.));
#7275 = ADVANCED_FACE('',(#7276),#7294,.T.);
#7276 = FACE_BOUND('',#7277,.T.);
#7277 = EDGE_LOOP('',(#7278,#7287,#7292,#7293));
#7278 = ORIENTED_EDGE('',*,*,#7279,.T.);
#7279 = EDGE_CURVE('',#7280,#7280,#7282,.T.);
#7280 = VERTEX_POINT('',#7281);
#7281 = CARTESIAN_POINT('',(9.078402586729,-3.,0.));
#7282 = CIRCLE('',#7283,3.);
#7283 = AXIS2_PLACEMENT_3D('',#7284,#7285,#7286);
#7284 = CARTESIAN_POINT('',(9.078402586729,9.290765012481E-16,0.));
#7285 = DIRECTION('',(-1.,-1.224606353822E-16,0.));
#7286 = DIRECTION('',(1.224606353822E-16,-1.,0.));
#7287 = ORIENTED_EDGE('',*,*,#7288,.T.);
#7288 = EDGE_CURVE('',#7280,#7241,#7289,.T.);
#7289 = B_SPLINE_CURVE_WITH_KNOTS('',1,(#7290,#7291),.UNSPECIFIED.,.F.,
  .F.,(2,2),(-9.078402586729,-8.921599413271),.PIECEWISE_BEZIER_KNOTS.);
#7290 = CARTESIAN_POINT('',(9.078402586729,-3.,1.836970198721E-16));
#7291 = CARTESIAN_POINT('',(8.921599413271,-3.,1.836970198721E-16));
#7292 = ORIENTED_EDGE('',*,*,#7247,.F.);
#7293 = ORIENTED_EDGE('',*,*,#7288,.F.);
#7294 = CYLINDRICAL_SURFACE('',#7295,3.);
#7295 = AXIS2_PLACEMENT_3D('',#7296,#7297,#7298);
#7296 = CARTESIAN_POINT('',(0.,0.,0.));
#7297 = DIRECTION('',(-1.,-0.,-0.));
#7298 = DIRECTION('',(-0.,0.,1.));
#7299 = ADVANCED_FACE('',(#7300),#7344,.T.);
#7300 = FACE_BOUND('',#7301,.T.);
#7301 = EDGE_LOOP('',(#7302,#7313,#7320,#7329,#7336,#7337));
#7302 = ORIENTED_EDGE('',*,*,#7303,.F.);
#7303 = EDGE_CURVE('',#7304,#7306,#7308,.T.);
#7304 = VERTEX_POINT('',#7305);
#7305 = CARTESIAN_POINT('',(9.466667666667,2.4455,-5.98974749463E-16));
#7306 = VERTEX_POINT('',#7307);
#7307 = CARTESIAN_POINT('',(9.466667666667,-2.4455,0.));
#7308 = CIRCLE('',#7309,2.4455);
#7309 = AXIS2_PLACEMENT_3D('',#7310,#7311,#7312);
#7310 = CARTESIAN_POINT('',(9.466667666667,9.76623689634E-16,0.));
#7311 = DIRECTION('',(-1.,-1.224606353822E-16,0.));
#7312 = DIRECTION('',(1.224606353822E-16,-1.,0.));
#7313 = ORIENTED_EDGE('',*,*,#7314,.T.);
#7314 = EDGE_CURVE('',#7304,#7315,#7317,.T.);
#7315 = VERTEX_POINT('',#7316);
#7316 = CARTESIAN_POINT('',(9.686313393308,2.759186606692,0.));
#7317 = B_SPLINE_CURVE_WITH_KNOTS('',1,(#7318,#7319),.UNSPECIFIED.,.F.,
  .F.,(2,2),(-0.676919509468,-0.293978871184),.PIECEWISE_BEZIER_KNOTS.);
#7318 = CARTESIAN_POINT('',(9.466667666667,2.4455,0.));
#7319 = CARTESIAN_POINT('',(9.686313393308,2.759186606692,0.));
#7320 = ORIENTED_EDGE('',*,*,#7321,.F.);
#7321 = EDGE_CURVE('',#7322,#7315,#7324,.T.);
#7322 = VERTEX_POINT('',#7323);
#7323 = CARTESIAN_POINT('',(9.686313393308,0.,2.759186606692));
#7324 = CIRCLE('',#7325,2.759186606692);
#7325 = AXIS2_PLACEMENT_3D('',#7326,#7327,#7328);
#7326 = CARTESIAN_POINT('',(9.686313393308,0.,0.));
#7327 = DIRECTION('',(1.,1.224606353822E-16,0.));
#7328 = DIRECTION('',(-1.224606353822E-16,1.,0.));
#7329 = ORIENTED_EDGE('',*,*,#7330,.F.);
#7330 = EDGE_CURVE('',#7315,#7322,#7331,.T.);
#7331 = CIRCLE('',#7332,2.759186606692);
#7332 = AXIS2_PLACEMENT_3D('',#7333,#7334,#7335);
#7333 = CARTESIAN_POINT('',(9.686313393308,0.,0.));
#7334 = DIRECTION('',(1.,1.224606353822E-16,0.));
#7335 = DIRECTION('',(-1.224606353822E-16,1.,0.));
#7336 = ORIENTED_EDGE('',*,*,#7314,.F.);
#7337 = ORIENTED_EDGE('',*,*,#7338,.F.);
#7338 = EDGE_CURVE('',#7306,#7304,#7339,.T.);
#7339 = CIRCLE('',#7340,2.4455);
#7340 = AXIS2_PLACEMENT_3D('',#7341,#7342,#7343);
#7341 = CARTESIAN_POINT('',(9.466667666667,9.76623689634E-16,0.));
#7342 = DIRECTION('',(-1.,-1.224606353822E-16,0.));
#7343 = DIRECTION('',(1.224606353822E-16,-1.,0.));
#7344 = CONICAL_SURFACE('',#7345,3.,0.959931088597);
#7345 = AXIS2_PLACEMENT_3D('',#7346,#7347,#7348);
#7346 = CARTESIAN_POINT('',(9.854932746604,1.02417087802E-15,0.));
#7347 = DIRECTION('',(1.,1.224606353822E-16,0.));
#7348 = DIRECTION('',(-1.224606353822E-16,1.,0.));
#7349 = ADVANCED_FACE('',(#7350),#7361,.T.);
#7350 = FACE_BOUND('',#7351,.T.);
#7351 = EDGE_LOOP('',(#7352,#7353,#7358,#7359,#7360));
#7352 = ORIENTED_EDGE('',*,*,#7279,.F.);
#7353 = ORIENTED_EDGE('',*,*,#7354,.F.);
#7354 = EDGE_CURVE('',#7306,#7280,#7355,.T.);
#7355 = B_SPLINE_CURVE_WITH_KNOTS('',1,(#7356,#7357),.UNSPECIFIED.,.F.,
  .F.,(2,2),(3.637765840954E-16,0.676919509468),
  .PIECEWISE_BEZIER_KNOTS.);
#7356 = CARTESIAN_POINT('',(9.466667666667,-2.4455,-5.98974749463E-16));
#7357 = CARTESIAN_POINT('',(9.078402586729,-3.,-7.347880794884E-16));
#7358 = ORIENTED_EDGE('',*,*,#7338,.T.);
#7359 = ORIENTED_EDGE('',*,*,#7303,.T.);
#7360 = ORIENTED_EDGE('',*,*,#7354,.T.);
#7361 = CONICAL_SURFACE('',#7362,2.4455,0.959931088597);
#7362 = AXIS2_PLACEMENT_3D('',#7363,#7364,#7365);
#7363 = CARTESIAN_POINT('',(9.466667666667,9.76623689634E-16,0.));
#7364 = DIRECTION('',(-1.,-1.224606353822E-16,-0.));
#7365 = DIRECTION('',(1.224606353822E-16,-1.,0.));
#7366 = ADVANCED_FACE('',(#7367),#7378,.T.);
#7367 = FACE_BOUND('',#7368,.T.);
#7368 = EDGE_LOOP('',(#7369));
#7369 = ORIENTED_EDGE('',*,*,#7370,.F.);
#7370 = EDGE_CURVE('',#7371,#7371,#7373,.T.);
#7371 = VERTEX_POINT('',#7372);
#7372 = CARTESIAN_POINT('',(10.,0.,2.4455));
#7373 = CIRCLE('',#7374,2.4455);
#7374 = AXIS2_PLACEMENT_3D('',#7375,#7376,#7377);
#7375 = CARTESIAN_POINT('',(10.,0.,0.));
#7376 = DIRECTION('',(-1.,0.,-0.));
#7377 = DIRECTION('',(-0.,0.,1.));
#7378 = PLANE('',#7379);
#7379 = AXIS2_PLACEMENT_3D('',#7380,#7381,#7382);
#7380 = CARTESIAN_POINT('',(10.,2.4455,0.));
#7381 = DIRECTION('',(1.,0.,0.));
#7382 = DIRECTION('',(0.,0.,-1.));
#7383 = ADVANCED_FACE('',(#7384),#7395,.T.);
#7384 = FACE_BOUND('',#7385,.T.);
#7385 = EDGE_LOOP('',(#7386,#7387,#7392,#7393,#7394));
#7386 = ORIENTED_EDGE('',*,*,#7330,.T.);
#7387 = ORIENTED_EDGE('',*,*,#7388,.F.);
#7388 = EDGE_CURVE('',#7371,#7322,#7389,.T.);
#7389 = B_SPLINE_CURVE_WITH_KNOTS('',1,(#7390,#7391),.UNSPECIFIED.,.F.,
  .F.,(2,2),(0.,0.443619853519),.PIECEWISE_BEZIER_KNOTS.);
#7390 = CARTESIAN_POINT('',(10.,-5.98974749463E-16,2.4455));
#7391 = CARTESIAN_POINT('',(9.686313393308,-6.758058092271E-16,
    2.759186606692));
#7392 = ORIENTED_EDGE('',*,*,#7370,.T.);
#7393 = ORIENTED_EDGE('',*,*,#7388,.T.);
#7394 = ORIENTED_EDGE('',*,*,#7321,.T.);
#7395 = CONICAL_SURFACE('',#7396,2.4455,0.785398163397);
#7396 = AXIS2_PLACEMENT_3D('',#7397,#7398,#7399);
#7397 = CARTESIAN_POINT('',(10.,0.,0.));
#7398 = DIRECTION('',(-1.,-0.,-0.));
#7399 = DIRECTION('',(-0.,0.,1.));
#7400 = ADVANCED_FACE('',(#7401),#7430,.F.);
#7401 = FACE_BOUND('',#7402,.F.);
#7402 = EDGE_LOOP('',(#7403,#7423,#7428,#7429));
#7403 = ORIENTED_EDGE('',*,*,#7404,.T.);
#7404 = EDGE_CURVE('',#7405,#7405,#7407,.T.);
#7405 = VERTEX_POINT('',#7406);
#7406 = CARTESIAN_POINT('',(2.4,-2.8,8.131516293641E-17));
#7407 = B_SPLINE_CURVE_WITH_KNOTS('',3,(#7408,#7409,#7410,#7411,#7412,
    #7413,#7414,#7415,#7416,#7417,#7418,#7419,#7420,#7421,#7422),
  .UNSPECIFIED.,.T.,.F.,(1,3,1,1,1,1,1,1,1,1,1,1,1,3,1),(
    -8.333333333333E-02,0.,8.333333333333E-02,0.166666666667,0.25,
    0.333333333333,0.416666666667,0.5,0.583333333333,0.666666666667,0.75
    ,0.833333333333,0.916666666667,1.,1.083333333333),.UNSPECIFIED.);
#7408 = CARTESIAN_POINT('',(2.4,-2.8,8.131516293641E-17));
#7409 = CARTESIAN_POINT('',(2.4,-2.8,0.201301877344));
#7410 = CARTESIAN_POINT('',(2.4,-1.045995237657,0.603905632032));
#7411 = CARTESIAN_POINT('',(2.4,-1.838501190586,3.18437747187));
#7412 = CARTESIAN_POINT('',(2.4,-4.06297814125E-16,1.207811264065));
#7413 = CARTESIAN_POINT('',(2.4,1.838501190586,3.18437747187));
#7414 = CARTESIAN_POINT('',(2.4,1.045995237657,0.603905632032));
#7415 = CARTESIAN_POINT('',(2.4,3.677002381171,-1.103940140989E-15));
#7416 = CARTESIAN_POINT('',(2.4,1.045995237657,-0.603905632032));
#7417 = CARTESIAN_POINT('',(2.4,1.838501190586,-3.18437747187));
#7418 = CARTESIAN_POINT('',(2.4,2.400534810106E-16,-1.207811264065));
#7419 = CARTESIAN_POINT('',(2.4,-1.838501190586,-3.18437747187));
#7420 = CARTESIAN_POINT('',(2.4,-1.045995237657,-0.603905632032));
#7421 = CARTESIAN_POINT('',(2.4,-2.8,-0.201301877344));
#7422 = CARTESIAN_POINT('',(2.4,-2.8,8.131516293641E-17));
#7423 = ORIENTED_EDGE('',*,*,#7424,.T.);
#7424 = EDGE_CURVE('',#7405,#6794,#7425,.T.);
#7425 = B_SPLINE_CURVE_WITH_KNOTS('',1,(#7426,#7427),.UNSPECIFIED.,.F.,
  .F.,(2,2),(3.76353679124E-17,1.),.PIECEWISE_BEZIER_KNOTS.);
#7426 = CARTESIAN_POINT('',(2.4,-2.8,5.421010862428E-17));
#7427 = CARTESIAN_POINT('',(4.336808689942E-16,-2.8,5.421010862428E-17)
  );
#7428 = ORIENTED_EDGE('',*,*,#6793,.F.);
#7429 = ORIENTED_EDGE('',*,*,#7424,.F.);
#7430 = B_SPLINE_SURFACE_WITH_KNOTS('',3,1,(
    (#7431,#7432)
    ,(#7433,#7434)
    ,(#7435,#7436)
    ,(#7437,#7438)
    ,(#7439,#7440)
    ,(#7441,#7442)
    ,(#7443,#7444)
    ,(#7445,#7446)
    ,(#7447,#7448)
    ,(#7449,#7450)
    ,(#7451,#7452)
    ,(#7453,#7454)
    ,(#7455,#7456)
    ,(#7457,#7458)
    ,(#7459,#7460
    )),.UNSPECIFIED.,.T.,.F.,.F.,(1,3,1,1,1,1,1,1,1,1,1,1,1,3,1),(2,2),(
    -8.333333333333E-02,0.,8.333333333333E-02,0.166666666667,0.25,
    0.333333333333,0.416666666667,0.5,0.583333333333,0.666666666667,0.75
    ,0.833333333333,0.916666666667,1.,1.083333333333),(0.,1.),
  .UNSPECIFIED.);
#7431 = CARTESIAN_POINT('',(2.4,-2.8,5.421010862428E-17));
#7432 = CARTESIAN_POINT('',(4.336808689942E-16,-2.8,5.421010862428E-17)
  );
#7433 = CARTESIAN_POINT('',(2.4,-2.8,0.201301877344));
#7434 = CARTESIAN_POINT('',(4.336808689942E-16,-2.8,0.201301877344));
#7435 = CARTESIAN_POINT('',(2.4,-1.045995237657,0.603905632032));
#7436 = CARTESIAN_POINT('',(4.336808689942E-16,-1.045995237657,
    0.603905632032));
#7437 = CARTESIAN_POINT('',(2.4,-1.838501190586,3.18437747187));
#7438 = CARTESIAN_POINT('',(4.336808689942E-16,-1.838501190586,
    3.18437747187));
#7439 = CARTESIAN_POINT('',(2.4,-4.06297814125E-16,1.207811264065));
#7440 = CARTESIAN_POINT('',(4.336808689942E-16,-4.06297814125E-16,
    1.207811264065));
#7441 = CARTESIAN_POINT('',(2.4,1.838501190586,3.18437747187));
#7442 = CARTESIAN_POINT('',(4.336808689942E-16,1.838501190586,
    3.18437747187));
#7443 = CARTESIAN_POINT('',(2.4,1.045995237657,0.603905632032));
#7444 = CARTESIAN_POINT('',(4.336808689942E-16,1.045995237657,
    0.603905632032));
#7445 = CARTESIAN_POINT('',(2.4,3.677002381171,-1.103940140989E-15));
#7446 = CARTESIAN_POINT('',(4.336808689942E-16,3.677002381171,
    -1.103940140989E-15));
#7447 = CARTESIAN_POINT('',(2.4,1.045995237657,-0.603905632032));
#7448 = CARTESIAN_POINT('',(4.336808689942E-16,1.045995237657,
    -0.603905632032));
#7449 = CARTESIAN_POINT('',(2.4,1.838501190586,-3.18437747187));
#7450 = CARTESIAN_POINT('',(4.336808689942E-16,1.838501190586,
    -3.18437747187));
#7451 = CARTESIAN_POINT('',(2.4,2.400534810106E-16,-1.207811264065));
#7452 = CARTESIAN_POINT('',(4.336808689942E-16,2.400534810106E-16,
    -1.207811264065));
#7453 = CARTESIAN_POINT('',(2.4,-1.838501190586,-3.18437747187));
#7454 = CARTESIAN_POINT('',(4.336808689942E-16,-1.838501190586,
    -3.18437747187));
#7455 = CARTESIAN_POINT('',(2.4,-1.045995237657,-0.603905632032));
#7456 = CARTESIAN_POINT('',(4.336808689942E-16,-1.045995237657,
    -0.603905632032));
#7457 = CARTESIAN_POINT('',(2.4,-2.8,-0.201301877344));
#7458 = CARTESIAN_POINT('',(4.336808689942E-16,-2.8,-0.201301877344));
#7459 = CARTESIAN_POINT('',(2.4,-2.8,5.421010862428E-17));
#7460 = CARTESIAN_POINT('',(4.336808689942E-16,-2.8,5.421010862428E-17)
  );
#7461 = ADVANCED_FACE('',(#7462,#7473),#7476,.T.);
#7462 = FACE_BOUND('',#7463,.T.);
#7463 = EDGE_LOOP('',(#7464));
#7464 = ORIENTED_EDGE('',*,*,#7465,.F.);
#7465 = EDGE_CURVE('',#7466,#7466,#7468,.T.);
#7466 = VERTEX_POINT('',#7467);
#7467 = CARTESIAN_POINT('',(2.4,0.,1.85));
#7468 = CIRCLE('',#7469,1.85);
#7469 = AXIS2_PLACEMENT_3D('',#7470,#7471,#7472);
#7470 = CARTESIAN_POINT('',(2.4,0.,0.));
#7471 = DIRECTION('',(-1.,0.,-0.));
#7472 = DIRECTION('',(-0.,0.,1.));
#7473 = FACE_BOUND('',#7474,.T.);
#7474 = EDGE_LOOP('',(#7475));
#7475 = ORIENTED_EDGE('',*,*,#7404,.T.);
#7476 = PLANE('',#7477);
#7477 = AXIS2_PLACEMENT_3D('',#7478,#7479,#7480);
#7478 = CARTESIAN_POINT('',(2.4,2.8,-7.589415207399E-16));
#7479 = DIRECTION('',(-1.,-0.,0.));
#7480 = DIRECTION('',(0.,0.,1.));
#7481 = ADVANCED_FACE('',(#7482),#7493,.F.);
#7482 = FACE_BOUND('',#7483,.F.);
#7483 = EDGE_LOOP('',(#7484,#7485,#7492));
#7484 = ORIENTED_EDGE('',*,*,#7465,.F.);
#7485 = ORIENTED_EDGE('',*,*,#7486,.F.);
#7486 = EDGE_CURVE('',#7487,#7466,#7489,.T.);
#7487 = VERTEX_POINT('',#7488);
#7488 = CARTESIAN_POINT('',(3.001101438031,0.,0.));
#7489 = B_SPLINE_CURVE_WITH_KNOTS('',1,(#7490,#7491),.UNSPECIFIED.,.F.,
  .F.,(2,2),(-3.2360679775E+03,-3.234122772385E+03),
  .PIECEWISE_BEZIER_KNOTS.);
#7490 = CARTESIAN_POINT('',(3.001101438031,-1.009741958683E-28,0.));
#7491 = CARTESIAN_POINT('',(2.4,-4.531193156846E-16,1.85));
#7492 = ORIENTED_EDGE('',*,*,#7486,.T.);
#7493 = CONICAL_SURFACE('',#7494,3.077683537175E+03,1.256637061436);
#7494 = AXIS2_PLACEMENT_3D('',#7495,#7496,#7497);
#7495 = CARTESIAN_POINT('',(-996.9988985619,0.,0.));
#7496 = DIRECTION('',(-1.,-0.,-0.));
#7497 = DIRECTION('',(-0.,0.,1.));
#7498 = ( GEOMETRIC_REPRESENTATION_CONTEXT(3) 
GLOBAL_UNCERTAINTY_ASSIGNED_CONTEXT((#7502)) 
GLOBAL_UNIT_ASSIGNED_CONTEXT((#7499,#7500,#7501)) REPRESENTATION_CONTEXT
('Context #1','3D Context with UNIT and UNCERTAINTY') );
#7499 = ( LENGTH_UNIT() NAMED_UNIT(*) SI_UNIT(.MILLI.,.METRE.) );
#7500 = ( NAMED_UNIT(*) PLANE_ANGLE_UNIT() SI_UNIT($,.RADIAN.) );
#7501 = ( NAMED_UNIT(*) SI_UNIT($,.STERADIAN.) SOLID_ANGLE_UNIT() );
#7502 = UNCERTAINTY_MEASURE_WITH_UNIT(LENGTH_MEASURE(1.E-05),#7499,
  'distance_accuracy_value','confusion accuracy');
#7503 = CONTEXT_DEPENDENT_SHAPE_REPRESENTATION(#7504,#7506);
#7504 = ( REPRESENTATION_RELATIONSHIP('','',#6786,#10) 
REPRESENTATION_RELATIONSHIP_WITH_TRANSFORMATION(#7505) 
SHAPE_REPRESENTATION_RELATIONSHIP() );
#7505 = ITEM_DEFINED_TRANSFORMATION('','',#11,#31);
#7506 = PRODUCT_DEFINITION_SHAPE('Placement','Placement of an item',
  #7507);
#7507 = NEXT_ASSEMBLY_USAGE_OCCURRENCE('12','Solid7','',#5,#6781,$);
#7508 = PRODUCT_RELATED_PRODUCT_CATEGORY('part',$,(#6783));
#7509 = CONTEXT_DEPENDENT_SHAPE_REPRESENTATION(#7510,#7512);
#7510 = ( REPRESENTATION_RELATIONSHIP('','',#1764,#10) 
REPRESENTATION_RELATIONSHIP_WITH_TRANSFORMATION(#7511) 
SHAPE_REPRESENTATION_RELATIONSHIP() );
#7511 = ITEM_DEFINED_TRANSFORMATION('','',#11,#35);
#7512 = PRODUCT_DEFINITION_SHAPE('Placement','Placement of an item',
  #7513);
#7513 = NEXT_ASSEMBLY_USAGE_OCCURRENCE('13','Solid4','',#5,#1759,$);
#7514 = CONTEXT_DEPENDENT_SHAPE_REPRESENTATION(#7515,#7517);
#7515 = ( REPRESENTATION_RELATIONSHIP('','',#5555,#10) 
REPRESENTATION_RELATIONSHIP_WITH_TRANSFORMATION(#7516) 
SHAPE_REPRESENTATION_RELATIONSHIP() );
#7516 = ITEM_DEFINED_TRANSFORMATION('','',#11,#39);
#7517 = PRODUCT_DEFINITION_SHAPE('Placement','Placement of an item',
  #7518);
#7518 = NEXT_ASSEMBLY_USAGE_OCCURRENCE('14','Solid6','',#5,#5550,$);
#7519 = CONTEXT_DEPENDENT_SHAPE_REPRESENTATION(#7520,#7522);
#7520 = ( REPRESENTATION_RELATIONSHIP('','',#6786,#10) 
REPRESENTATION_RELATIONSHIP_WITH_TRANSFORMATION(#7521) 
SHAPE_REPRESENTATION_RELATIONSHIP() );
#7521 = ITEM_DEFINED_TRANSFORMATION('','',#11,#43);
#7522 = PRODUCT_DEFINITION_SHAPE('Placement','Placement of an item',
  #7523);
#7523 = NEXT_ASSEMBLY_USAGE_OCCURRENCE('15','Solid7','',#5,#6781,$);
#7524 = CONTEXT_DEPENDENT_SHAPE_REPRESENTATION(#7525,#7527);
#7525 = ( REPRESENTATION_RELATIONSHIP('','',#3228,#10) 
REPRESENTATION_RELATIONSHIP_WITH_TRANSFORMATION(#7526) 
SHAPE_REPRESENTATION_RELATIONSHIP() );
#7526 = ITEM_DEFINED_TRANSFORMATION('','',#11,#47);
#7527 = PRODUCT_DEFINITION_SHAPE('Placement','Placement of an item',
  #7528);
#7528 = NEXT_ASSEMBLY_USAGE_OCCURRENCE('16','Solid5','',#5,#3223,$);
#7529 = CONTEXT_DEPENDENT_SHAPE_REPRESENTATION(#7530,#7532);
#7530 = ( REPRESENTATION_RELATIONSHIP('','',#6786,#10) 
REPRESENTATION_RELATIONSHIP_WITH_TRANSFORMATION(#7531) 
SHAPE_REPRESENTATION_RELATIONSHIP() );
#7531 = ITEM_DEFINED_TRANSFORMATION('','',#11,#51);
#7532 = PRODUCT_DEFINITION_SHAPE('Placement','Placement of an item',
  #7533);
#7533 = NEXT_ASSEMBLY_USAGE_OCCURRENCE('17','Solid7','',#5,#6781,$);
#7534 = CONTEXT_DEPENDENT_SHAPE_REPRESENTATION(#7535,#7537);
#7535 = ( REPRESENTATION_RELATIONSHIP('','',#1764,#10) 
REPRESENTATION_RELATIONSHIP_WITH_TRANSFORMATION(#7536) 
SHAPE_REPRESENTATION_RELATIONSHIP() );
#7536 = ITEM_DEFINED_TRANSFORMATION('','',#11,#55);
#7537 = PRODUCT_DEFINITION_SHAPE('Placement','Placement of an item',
  #7538);
#7538 = NEXT_ASSEMBLY_USAGE_OCCURRENCE('18','Solid4','',#5,#1759,$);
#7539 = CONTEXT_DEPENDENT_SHAPE_REPRESENTATION(#7540,#7542);
#7540 = ( REPRESENTATION_RELATIONSHIP('','',#3228,#10) 
REPRESENTATION_RELATIONSHIP_WITH_TRANSFORMATION(#7541) 
SHAPE_REPRESENTATION_RELATIONSHIP() );
#7541 = ITEM_DEFINED_TRANSFORMATION('','',#11,#59);
#7542 = PRODUCT_DEFINITION_SHAPE('Placement','Placement of an item',
  #7543);
#7543 = NEXT_ASSEMBLY_USAGE_OCCURRENCE('19','Solid5','',#5,#3223,$);
#7544 = CONTEXT_DEPENDENT_SHAPE_REPRESENTATION(#7545,#7547);
#7545 = ( REPRESENTATION_RELATIONSHIP('','',#5555,#10) 
REPRESENTATION_RELATIONSHIP_WITH_TRANSFORMATION(#7546) 
SHAPE_REPRESENTATION_RELATIONSHIP() );
#7546 = ITEM_DEFINED_TRANSFORMATION('','',#11,#63);
#7547 = PRODUCT_DEFINITION_SHAPE('Placement','Placement of an item',
  #7548);
#7548 = NEXT_ASSEMBLY_USAGE_OCCURRENCE('20','Solid6','',#5,#5550,$);
#7549 = CONTEXT_DEPENDENT_SHAPE_REPRESENTATION(#7550,#7552);
#7550 = ( REPRESENTATION_RELATIONSHIP('','',#3228,#10) 
REPRESENTATION_RELATIONSHIP_WITH_TRANSFORMATION(#7551) 
SHAPE_REPRESENTATION_RELATIONSHIP() );
#7551 = ITEM_DEFINED_TRANSFORMATION('','',#11,#67);
#7552 = PRODUCT_DEFINITION_SHAPE('Placement','Placement of an item',
  #7553);
#7553 = NEXT_ASSEMBLY_USAGE_OCCURRENCE('21','Solid5','',#5,#3223,$);
#7554 = CONTEXT_DEPENDENT_SHAPE_REPRESENTATION(#7555,#7557);
#7555 = ( REPRESENTATION_RELATIONSHIP('','',#1764,#10) 
REPRESENTATION_RELATIONSHIP_WITH_TRANSFORMATION(#7556) 
SHAPE_REPRESENTATION_RELATIONSHIP() );
#7556 = ITEM_DEFINED_TRANSFORMATION('','',#11,#71);
#7557 = PRODUCT_DEFINITION_SHAPE('Placement','Placement of an item',
  #7558);
#7558 = NEXT_ASSEMBLY_USAGE_OCCURRENCE('22','Solid4','',#5,#1759,$);
#7559 = CONTEXT_DEPENDENT_SHAPE_REPRESENTATION(#7560,#7562);
#7560 = ( REPRESENTATION_RELATIONSHIP('','',#6786,#10) 
REPRESENTATION_RELATIONSHIP_WITH_TRANSFORMATION(#7561) 
SHAPE_REPRESENTATION_RELATIONSHIP() );
#7561 = ITEM_DEFINED_TRANSFORMATION('','',#11,#75);
#7562 = PRODUCT_DEFINITION_SHAPE('Placement','Placement of an item',
  #7563);
#7563 = NEXT_ASSEMBLY_USAGE_OCCURRENCE('23','Solid7','',#5,#6781,$);
#7564 = CONTEXT_DEPENDENT_SHAPE_REPRESENTATION(#7565,#7567);
#7565 = ( REPRESENTATION_RELATIONSHIP('','',#5555,#10) 
REPRESENTATION_RELATIONSHIP_WITH_TRANSFORMATION(#7566) 
SHAPE_REPRESENTATION_RELATIONSHIP() );
#7566 = ITEM_DEFINED_TRANSFORMATION('','',#11,#79);
#7567 = PRODUCT_DEFINITION_SHAPE('Placement','Placement of an item',
  #7568);
#7568 = NEXT_ASSEMBLY_USAGE_OCCURRENCE('24','Solid6','',#5,#5550,$);
ENDSEC;
END-ISO-10303-21;
