ISO-10303-21;
HEADER;
FILE_DESCRIPTION (( 'STEP AP203' ),
    '1' );
FILE_NAME ('R5NLE1462.STEP',
    '2025-07-01T11:17:31',
    ( '' ),
    ( '' ),
    'SwSTEP 2.0',
    'SolidWorks 2022',
    '' );
FILE_SCHEMA (( 'CONFIG_CONTROL_DESIGN' ));
ENDSEC;

DATA;
#1 = PLANE ( 'NONE',  #2823 ) ;
#2 = CC_DESIGN_PERSON_AND_ORGANIZATION_ASSIGNMENT ( #2578, #3374, ( #3380 ) ) ;
#3 = APPROVAL_PERSON_ORGANIZATION ( #3152, #2457, #2071 ) ;
#4 = EDGE_LOOP ( 'NONE', ( #2745 ) ) ;
#5 =( NAMED_UNIT ( * ) SI_UNIT ( $, .STERADIAN. ) SOLID_ANGLE_UNIT ( ) );
#6 = LOCAL_TIME ( 14, 17, 31.00000000000000000, #2496 ) ;
#7 = CC_DESIGN_APPROVAL ( #2504, ( #555 ) ) ;
#8 = DATE_AND_TIME ( #2487, #2400 ) ;
#9 = EDGE_LOOP ( 'NONE', ( #3098 ) ) ;
#10 = CC_DESIGN_APPROVAL ( #1544, ( #3329 ) ) ;
#11 = DATE_AND_TIME ( #2751, #2025 ) ;
#12 = FACE_OUTER_BOUND ( 'NONE', #1458, .T. ) ;
#13 = PLANE ( 'NONE',  #2278 ) ;
#14 = APPROVAL_STATUS ( 'not_yet_approved' ) ;
#15 = CIRCLE ( 'NONE', #531, 3.000000000000000444 ) ;
#16 = CARTESIAN_POINT ( 'NONE',  ( 273.0000000000001137, 680.4999999999997726, 0.000000000000000000 ) ) ;
#17 = DIRECTION ( 'NONE',  ( 0.000000000000000000, 1.000000000000000000, -8.211830238798920982E-17 ) ) ;
#18 = COORDINATED_UNIVERSAL_TIME_OFFSET ( 3, 0, .AHEAD. ) ;
#19 = MECHANICAL_CONTEXT ( 'NONE', #1769, 'mechanical' ) ;
#20 = VECTOR ( 'NONE', #3407, 1000.000000000000000 ) ;
#21 = ORIENTED_EDGE ( 'NONE', *, *, #1522, .T. ) ;
#22 = CARTESIAN_POINT ( 'NONE',  ( -252.5999999999999943, -649.5000000000004547, 3.796405077356797797E-14 ) ) ;
#23 = LOCAL_TIME ( 14, 17, 31.00000000000000000, #705 ) ;
#24 =( GEOMETRIC_REPRESENTATION_CONTEXT ( 3 ) GLOBAL_UNCERTAINTY_ASSIGNED_CONTEXT ( ( #933 ) ) GLOBAL_UNIT_ASSIGNED_CONTEXT ( ( #1358, #2164, #2731 ) ) REPRESENTATION_CONTEXT ( 'NONE', 'WORKASPACE' ) );
#25 = APPROVAL_DATE_TIME ( #130, #2804 ) ;
#26 = EDGE_LOOP ( 'NONE', ( #1535, #3217, #3062, #2964 ) ) ;
#27 = ADVANCED_FACE ( 'NONE', ( #1264, #2391 ), #706, .T. ) ;
#28 = VERTEX_POINT ( 'NONE', #46 ) ;
#29 = VECTOR ( 'NONE', #1433, 1000.000000000000000 ) ;
#30 = APPROVAL_STATUS ( 'not_yet_approved' ) ;
#31 = AXIS2_PLACEMENT_3D ( 'NONE', #1314, #1387, #813 ) ;
#32 = DIRECTION ( 'NONE',  ( 0.000000000000000000, 0.000000000000000000, 1.000000000000000000 ) ) ;
#33 = AXIS2_PLACEMENT_3D ( 'NONE', #1886, #2469, #548 ) ;
#34 = ADVANCED_FACE ( 'NONE', ( #12 ), #1410, .F. ) ;
#35 = APPLICATION_PROTOCOL_DEFINITION ( 'international standard', 'config_control_design', 1994, #2797 ) ;
#36 = CARTESIAN_POINT ( 'NONE',  ( -252.5999999999999943, -659.5000000000004547, 5.000000000000000000 ) ) ;
#37 = CARTESIAN_POINT ( 'NONE',  ( 0.000000000000000000, 0.000000000000000000, -12.50000000000000000 ) ) ;
#38 = PERSON_AND_ORGANIZATION_ROLE ( 'classification_officer' ) ;
#39 = FACE_OUTER_BOUND ( 'NONE', #2223, .T. ) ;
#40 = PERSON_AND_ORGANIZATION_ROLE ( 'classification_officer' ) ;
#41 = DIRECTION ( 'NONE',  ( 1.000000000000000000, 0.000000000000000000, 0.000000000000000000 ) ) ;
#42 = DIRECTION ( 'NONE',  ( -0.000000000000000000, 0.8660254037844395958, 0.4999999999999983902 ) ) ;
#43 = CALENDAR_DATE ( 2025, 1, 7 ) ;
#44 = ORIENTED_EDGE ( 'NONE', *, *, #756, .F. ) ;
#45 = CYLINDRICAL_SURFACE ( 'NONE', #1970, 5.785000000000000142 ) ;
#46 = CARTESIAN_POINT ( 'NONE',  ( -19.50000000000000000, -2.000000000000000000, 12.50000000000000000 ) ) ;
#47 = CC_DESIGN_DATE_AND_TIME_ASSIGNMENT ( #2250, #3334, ( #2186 ) ) ;
#48 = CONTEXT_DEPENDENT_SHAPE_REPRESENTATION ( #477, #835 ) ;
#49 = PERSON ( 'NAUO-PER5', 'UNSPECIFIED', 'UNSPECIFIED', ('UNSPECIFIED'), ('UNSPECIFIED'), ('UNSPECIFIED') ) ;
#50 = CALENDAR_DATE ( 2025, 1, 7 ) ;
#51 = DATE_TIME_ROLE ( 'classification_date' ) ;
#52 = DIRECTION ( 'NONE',  ( 0.000000000000000000, 0.000000000000000000, 1.000000000000000000 ) ) ;
#53 = FACE_OUTER_BOUND ( 'NONE', #683, .T. ) ;
#54 = LOCAL_TIME ( 14, 17, 31.00000000000000000, #3223 ) ;
#55 = LOCAL_TIME ( 14, 17, 31.00000000000000000, #569 ) ;
#56 =( REPRESENTATION_RELATIONSHIP ('NONE','NONE', #1820, #3165 ) REPRESENTATION_RELATIONSHIP_WITH_TRANSFORMATION ( #773 )SHAPE_REPRESENTATION_RELATIONSHIP( ) );
#57 = ORIENTED_EDGE ( 'NONE', *, *, #2809, .F. ) ;
#58 = APPROVAL_PERSON_ORGANIZATION ( #1697, #1859, #3031 ) ;
#59 = LOCAL_TIME ( 14, 17, 31.00000000000000000, #2743 ) ;
#60 = FACE_BOUND ( 'NONE', #374, .T. ) ;
#61 = DIRECTION ( 'NONE',  ( 0.000000000000000000, 0.000000000000000000, 1.000000000000000000 ) ) ;
#62 = CALENDAR_DATE ( 2025, 1, 7 ) ;
#63 = CALENDAR_DATE ( 2025, 1, 7 ) ;
#64 = EDGE_CURVE ( 'NONE', #3308, #2343, #1065, .T. ) ;
#65 = CALENDAR_DATE ( 2025, 1, 7 ) ;
#66 = AXIS2_PLACEMENT_3D ( 'NONE', #2417, #3472, #3510 ) ;
#67 = PLANE ( 'NONE',  #525 ) ;
#68 = EDGE_CURVE ( 'NONE', #2344, #2344, #2254, .T. ) ;
#69 = CARTESIAN_POINT ( 'NONE',  ( 0.000000000000000000, 0.000000000000000000, 0.000000000000000000 ) ) ;
#70 = DIRECTION ( 'NONE',  ( -1.000000000000000000, 0.000000000000000000, 0.000000000000000000 ) ) ;
#71 = AXIS2_PLACEMENT_3D ( 'NONE', #1967, #3421, #1242 ) ;
#72 = CARTESIAN_POINT ( 'NONE',  ( -271.4999999999998863, -679.0000000000002274, 19.99999999999185363 ) ) ;
#73 = AXIS2_PLACEMENT_3D ( 'NONE', #2159, #3218, #956 ) ;
#74 = ORIENTED_EDGE ( 'NONE', *, *, #3509, .F. ) ;
#75 = FACE_BOUND ( 'NONE', #759, .T. ) ;
#76 = AXIS2_PLACEMENT_3D ( 'NONE', #2539, #1129, #3338 ) ;
#77 = PERSON_AND_ORGANIZATION_ROLE ( 'classification_officer' ) ;
#78 = CARTESIAN_POINT ( 'NONE',  ( 2.399999999999999911, -1.838501190585715150, -3.184377471870328158 ) ) ;
#79 = AXIS2_PLACEMENT_3D ( 'NONE', #1647, #768, #2737 ) ;
#80 = DATE_TIME_ROLE ( 'classification_date' ) ;
#81 = DATE_AND_TIME ( #2564, #55 ) ;
#82 = CARTESIAN_POINT ( 'NONE',  ( 4.478049549502448610E-17, -1.249000902703679515E-16, 1.500000000000001332 ) ) ;
#83 = CARTESIAN_POINT ( 'NONE',  ( 262.4999999999998295, -612.5000000000002274, 1.500000000000000000 ) ) ;
#84 = CC_DESIGN_APPROVAL ( #1422, ( #2064 ) ) ;
#85 = CARTESIAN_POINT ( 'NONE',  ( 0.6000000000000033085, 0.000000000000000000, 0.000000000000000000 ) ) ;
#86 = ORIENTED_EDGE ( 'NONE', *, *, #1018, .T. ) ;
#87 = MANIFOLD_SOLID_BREP ( 'Sweep1', #2389 ) ;
#88 = DIRECTION ( 'NONE',  ( 1.000000000000000000, 0.000000000000000000, -0.000000000000000000 ) ) ;
#89 = ORIENTED_EDGE ( 'NONE', *, *, #68, .T. ) ;
#90 = DIRECTION ( 'NONE',  ( 1.000000000000000000, 0.000000000000000000, -0.000000000000000000 ) ) ;
#91 = CC_DESIGN_PERSON_AND_ORGANIZATION_ASSIGNMENT ( #2806, #832, ( #1279 ) ) ;
#92 = PERSON_AND_ORGANIZATION ( #694, #1471 ) ;
#93 = CARTESIAN_POINT ( 'NONE',  ( 2.399999999999999911, -2.800000000000000711, -0.2013018773441388465 ) ) ;
#94 = APPROVAL_STATUS ( 'not_yet_approved' ) ;
#95 = CALENDAR_DATE ( 2025, 1, 7 ) ;
#96 = LINE ( 'NONE', #2552, #2382 ) ;
#97 = CC_DESIGN_PERSON_AND_ORGANIZATION_ASSIGNMENT ( #2173, #1309, ( #1513 ) ) ;
#98 = CARTESIAN_POINT ( 'NONE',  ( -241.9999999999999147, -649.5000000000006821, 3.796405077356782651E-14 ) ) ;
#99 = LINE ( 'NONE', #2310, #1552 ) ;
#100 = ORIENTED_EDGE ( 'NONE', *, *, #1728, .T. ) ;
#101 = LOCAL_TIME ( 14, 17, 31.00000000000000000, #930 ) ;
#102 = ADVANCED_FACE ( 'NONE', ( #60, #1134 ), #2455, .T. ) ;
#103 = CARTESIAN_POINT ( 'NONE',  ( 10.00000000000000000, 2.445500000000000007, 0.000000000000000000 ) ) ;
#104 = PERSON_AND_ORGANIZATION ( #694, #1471 ) ;
#105 = APPROVAL_PERSON_ORGANIZATION ( #1916, #3256, #216 ) ;
#106 = ORIENTED_EDGE ( 'NONE', *, *, #912, .F. ) ;
#107 = DIRECTION ( 'NONE',  ( -3.000602769257179956E-15, 6.001205538514357546E-15, 1.000000000000000000 ) ) ;
#108 = SECURITY_CLASSIFICATION ( '', '', #2721 ) ;
#109 = CARTESIAN_POINT ( 'NONE',  ( 3.000000000000000000, -2.898298351331925371, 2.602085213965210642E-15 ) ) ;
#110 = LOCAL_TIME ( 14, 17, 31.00000000000000000, #1303 ) ;
#111 = COORDINATED_UNIVERSAL_TIME_OFFSET ( 3, 0, .AHEAD. ) ;
#112 = CARTESIAN_POINT ( 'NONE',  ( 3.000000000000000000, -2.898298351331925371, 2.602085213965210642E-15 ) ) ;
#113 = SHAPE_REPRESENTATION_RELATIONSHIP ( 'NONE' , 'NONE' ,  #355, #1841 ) ;
#114 = CARTESIAN_POINT ( 'NONE',  ( 0.000000000000000000, -11.50000000000000000, 0.000000000000000000 ) ) ;
#115 = APPROVAL ( #1711, 'UNKNOWN' ) ;
#116 = CARTESIAN_POINT ( 'NONE',  ( 3.000000000000000000, -1.449149175665962463, 2.510000000000000231 ) ) ;
#117 = FACE_BOUND ( 'NONE', #3337, .T. ) ;
#118 = EDGE_CURVE ( 'NONE', #1313, #1779, #2943, .T. ) ;
#119 = ORIENTED_EDGE ( 'NONE', *, *, #3445, .T. ) ;
#120 = CARTESIAN_POINT ( 'NONE',  ( 271.5000000000002274, 679.0000000000000000, 19.99999999999185363 ) ) ;
#121 = DATE_AND_TIME ( #3448, #2063 ) ;
#122 = AXIS2_PLACEMENT_3D ( 'NONE', #2014, #2577, #579 ) ;
#123 = APPLICATION_PROTOCOL_DEFINITION ( 'international standard', 'config_control_design', 1994, #2439 ) ;
#124 = EDGE_LOOP ( 'NONE', ( #89 ) ) ;
#125 = SECURITY_CLASSIFICATION_LEVEL ( 'unclassified' ) ;
#126 = CALENDAR_DATE ( 2025, 1, 7 ) ;
#127 = CARTESIAN_POINT ( 'NONE',  ( -31.74999999999995737, 0.000000000000000000, 0.000000000000000000 ) ) ;
#128 = DIRECTION ( 'NONE',  ( -0.000000000000000000, 1.000000000000000000, 0.000000000000000000 ) ) ;
#129 = VECTOR ( 'NONE', #1671, 1000.000000000000000 ) ;
#130 = DATE_AND_TIME ( #917, #976 ) ;
#131 =( NAMED_UNIT ( * ) SI_UNIT ( $, .STERADIAN. ) SOLID_ANGLE_UNIT ( ) );
#132 = PLANE ( 'NONE',  #1725 ) ;
#133 = LINE ( 'NONE', #3424, #1093 ) ;
#134 = ORIENTED_EDGE ( 'NONE', *, *, #2547, .F. ) ;
#135 = VERTEX_POINT ( 'NONE', #429 ) ;
#136 = VERTEX_POINT ( 'NONE', #3012 ) ;
#137 = ORIENTED_EDGE ( 'NONE', *, *, #2579, .T. ) ;
#138 = DIRECTION ( 'NONE',  ( -1.000000000000000000, 0.000000000000000000, 0.000000000000000000 ) ) ;
#139 = DATE_AND_TIME ( #2624, #1968 ) ;
#140 = DIRECTION ( 'NONE',  ( 0.000000000000000000, 1.000000000000000000, 0.000000000000000000 ) ) ;
#141 = CC_DESIGN_DATE_AND_TIME_ASSIGNMENT ( #1203, #2351, ( #3094 ) ) ;
#142 = PERSON_AND_ORGANIZATION_ROLE ( 'creator' ) ;
#143 = ORIENTED_EDGE ( 'NONE', *, *, #1813, .F. ) ;
#144 = COORDINATED_UNIVERSAL_TIME_OFFSET ( 3, 0, .AHEAD. ) ;
#145 = FACE_OUTER_BOUND ( 'NONE', #845, .T. ) ;
#146 = DIRECTION ( 'NONE',  ( -0.000000000000000000, 0.000000000000000000, -1.000000000000000000 ) ) ;
#147 = ADVANCED_FACE ( 'NONE', ( #513 ), #1378, .T. ) ;
#148 = DIRECTION ( 'NONE',  ( 0.000000000000000000, 0.000000000000000000, 1.000000000000000000 ) ) ;
#149 = DIRECTION ( 'NONE',  ( -1.000000000000000000, 0.000000000000000000, 0.000000000000000000 ) ) ;
#150 = CARTESIAN_POINT ( 'NONE',  ( 3.000000000000000000, 0.000000000000000000, 0.000000000000000000 ) ) ;
#151 = ORIENTED_EDGE ( 'NONE', *, *, #827, .T. ) ;
#152 = DIRECTION ( 'NONE',  ( -1.000000000000000000, -0.000000000000000000, -0.000000000000000000 ) ) ;
#153 = APPROVAL_ROLE ( '' ) ;
#154 = VERTEX_POINT ( 'NONE', #1228 ) ;
#155 = CARTESIAN_POINT ( 'NONE',  ( 2.399999999999999911, -1.838501190585716261, 3.184377471870330822 ) ) ;
#156 = DIRECTION ( 'NONE',  ( 4.089219243554904790E-16, 1.000000000000000000, 6.001205538514357546E-15 ) ) ;
#157 = SHAPE_DEFINITION_REPRESENTATION ( #2403, #424 ) ;
#158 = PLANE ( 'NONE',  #292 ) ;
#159 = COORDINATED_UNIVERSAL_TIME_OFFSET ( 3, 0, .AHEAD. ) ;
#160 = ORIENTED_EDGE ( 'NONE', *, *, #64, .T. ) ;
#161 =( REPRESENTATION_RELATIONSHIP ('NONE','NONE', #1820, #449 ) REPRESENTATION_RELATIONSHIP_WITH_TRANSFORMATION ( #1051 )SHAPE_REPRESENTATION_RELATIONSHIP( ) );
#162 = LINE ( 'NONE', #2393, #1383 ) ;
#163 = CC_DESIGN_PERSON_AND_ORGANIZATION_ASSIGNMENT ( #2322, #1506, ( #3329 ) ) ;
#164 = LOCAL_TIME ( 14, 17, 31.00000000000000000, #2172 ) ;
#165 = PLANE ( 'NONE',  #793 ) ;
#166 = EDGE_CURVE ( 'NONE', #207, #1749, #1362, .T. ) ;
#167 = FACE_OUTER_BOUND ( 'NONE', #1806, .T. ) ;
#168 = DIRECTION ( 'NONE',  ( 0.4822040194243980005, -0.8760589498720704471, 5.905296089237460717E-17 ) ) ;
#169 = ADVANCED_FACE ( 'NONE', ( #248, #1946 ), #1343, .T. ) ;
#170 = LINE ( 'NONE', #2377, #2660 ) ;
#171 = ORIENTED_EDGE ( 'NONE', *, *, #1058, .F. ) ;
#172 = PRODUCT_DEFINITION_SHAPE ( 'NONE', 'NONE',  #3170 ) ;
#173 = DIRECTION ( 'NONE',  ( -1.000000000000000000, -0.000000000000000000, -0.000000000000000000 ) ) ;
#174 = VECTOR ( 'NONE', #2309, 1000.000000000000000 ) ;
#175 = CARTESIAN_POINT ( 'NONE',  ( -262.4999999999999432, 2.220446049250313081E-13, 1.500000000000000000 ) ) ;
#176 = ORIENTED_EDGE ( 'NONE', *, *, #2413, .T. ) ;
#177 = APPLICATION_PROTOCOL_DEFINITION ( 'international standard', 'config_control_design', 1994, #890 ) ;
#178 = DIRECTION ( 'NONE',  ( 0.000000000000000000, 1.000000000000000000, 0.000000000000000000 ) ) ;
#179 = VECTOR ( 'NONE', #1260, 1000.000000000000000 ) ;
#180 = CALENDAR_DATE ( 2025, 1, 7 ) ;
#181 = VERTEX_POINT ( 'NONE', #1414 ) ;
#182 = VECTOR ( 'NONE', #1236, 1000.000000000000000 ) ;
#183 = ITEM_DEFINED_TRANSFORMATION ( 'NONE', 'NONE', #951,  #565 ) ;
#184 = DATE_AND_TIME ( #3191, #2489 ) ;
#185 = CARTESIAN_POINT ( 'NONE',  ( 3.000000000000000000, 2.898298351331913825, -4.987329993433320396E-15 ) ) ;
#186 = AXIS2_PLACEMENT_3D ( 'NONE', #364, #1173, #2056 ) ;
#187 = LOCAL_TIME ( 14, 17, 31.00000000000000000, #373 ) ;
#188 = AXIS2_PLACEMENT_3D ( 'NONE', #2481, #197, #1578 ) ;
#189 = CARTESIAN_POINT ( 'NONE',  ( -2.000000000000000000, -19.50000000000000000, 12.50000000000000000 ) ) ;
#190 = AXIS2_PLACEMENT_3D ( 'NONE', #2748, #1355, #1077 ) ;
#191 = EDGE_LOOP ( 'NONE', ( #224 ) ) ;
#192 = CLOSED_SHELL ( 'NONE', ( #2337, #1740, #2086, #2934, #2275, #2175 ) ) ;
#193 = CARTESIAN_POINT ( 'NONE',  ( 0.000000000000000000, 0.000000000000000000, -12.50000000000000000 ) ) ;
#194 = CALENDAR_DATE ( 2025, 1, 7 ) ;
#195 = EDGE_LOOP ( 'NONE', ( #1079, #1654, #1588 ) ) ;
#196 = DIRECTION ( 'NONE',  ( 0.000000000000000000, 0.000000000000000000, 1.000000000000000000 ) ) ;
#197 = DIRECTION ( 'NONE',  ( -6.439293542825907934E-15, -1.000000000000000000, 1.654475671581100508E-16 ) ) ;
#198 = SHAPE_DEFINITION_REPRESENTATION ( #1284, #3142 ) ;
#199 = FACE_OUTER_BOUND ( 'NONE', #2662, .T. ) ;
#200 = ORIENTED_EDGE ( 'NONE', *, *, #2674, .T. ) ;
#201 = CC_DESIGN_PERSON_AND_ORGANIZATION_ASSIGNMENT ( #2575, #1155, ( #2894 ) ) ;
#202 = DIRECTION ( 'NONE',  ( 0.000000000000000000, 0.000000000000000000, 1.000000000000000000 ) ) ;
#203 = LOCAL_TIME ( 14, 17, 31.00000000000000000, #111 ) ;
#204 = FACE_OUTER_BOUND ( 'NONE', #2096, .T. ) ;
#205 = LINE ( 'NONE', #2128, #2570 ) ;
#206 = CARTESIAN_POINT ( 'NONE',  ( 3.000000000000000000, 2.898298351331913825, -4.987329993433320396E-15 ) ) ;
#207 = VERTEX_POINT ( 'NONE', #3483 ) ;
#208 = CC_DESIGN_DATE_AND_TIME_ASSIGNMENT ( #3209, #644, ( #3329 ) ) ;
#209 = APPLICATION_PROTOCOL_DEFINITION ( 'international standard', 'config_control_design', 1994, #2240 ) ;
#210 = EDGE_CURVE ( 'NONE', #2297, #778, #2926, .T. ) ;
#211 = DIRECTION ( 'NONE',  ( 0.000000000000000000, 0.000000000000000000, 1.000000000000000000 ) ) ;
#212 = DATE_AND_TIME ( #246, #1684 ) ;
#213 = LINE ( 'NONE', #1833, #3343 ) ;
#214 = EDGE_CURVE ( 'NONE', #2861, #400, #2584, .T. ) ;
#215 = EDGE_LOOP ( 'NONE', ( #1097 ) ) ;
#216 = APPROVAL_ROLE ( '' ) ;
#217 = CC_DESIGN_SECURITY_CLASSIFICATION ( #654, ( #3529 ) ) ;
#218 = CC_DESIGN_SECURITY_CLASSIFICATION ( #825, ( #3539 ) ) ;
#219 = DATE_AND_TIME ( #2702, #2497 ) ;
#220 = PERSON_AND_ORGANIZATION ( #694, #1471 ) ;
#221 = DIRECTION ( 'NONE',  ( -6.439293542825907934E-15, -1.000000000000000000, 1.654475671581100508E-16 ) ) ;
#222 = CC_DESIGN_SECURITY_CLASSIFICATION ( #3099, ( #3542 ) ) ;
#223 = PRODUCT_DEFINITION_SHAPE ( 'NONE', 'NONE',  #3531 ) ;
#224 = ORIENTED_EDGE ( 'NONE', *, *, #2839, .T. ) ;
#225 = DIRECTION ( 'NONE',  ( 0.000000000000000000, 1.000000000000000000, 4.930380657631287000E-31 ) ) ;
#226 = CARTESIAN_POINT ( 'NONE',  ( -3.499999999999999556, -3.499999999999999556, -12.50000000000000000 ) ) ;
#227 = VERTEX_POINT ( 'NONE', #1317 ) ;
#228 = DIRECTION ( 'NONE',  ( -1.000000000000000000, -0.000000000000000000, -0.000000000000000000 ) ) ;
#229 = ORIENTED_EDGE ( 'NONE', *, *, #2407, .T. ) ;
#230 = APPROVAL_DATE_TIME ( #2679, #2907 ) ;
#231 = DIRECTION ( 'NONE',  ( 0.000000000000000000, 0.000000000000000000, 1.000000000000000000 ) ) ;
#232 = VERTEX_POINT ( 'NONE', #112 ) ;
#233 = COORDINATED_UNIVERSAL_TIME_OFFSET ( 3, 0, .AHEAD. ) ;
#234 = VECTOR ( 'NONE', #3371, 1000.000000000000000 ) ;
#235 = APPROVAL_DATE_TIME ( #2722, #1296 ) ;
#236 = CARTESIAN_POINT ( 'NONE',  ( 2.399999999999999911, 2.400534810105723239E-16, -1.207811264064834411 ) ) ;
#237 = CIRCLE ( 'NONE', #2730, 2.509999999999999787 ) ;
#238 = EDGE_LOOP ( 'NONE', ( #1928 ) ) ;
#239 = LINE ( 'NONE', #738, #1568 ) ;
#240 = VECTOR ( 'NONE', #2451, 1000.000000000000000 ) ;
#241 = CARTESIAN_POINT ( 'NONE',  ( 2.399999999999999911, 0.000000000000000000, 1.849999999999999867 ) ) ;
#242 = AXIS2_PLACEMENT_3D ( 'NONE', #2139, #243, #2181 ) ;
#243 = DIRECTION ( 'NONE',  ( -1.000000000000000000, -0.000000000000000000, -0.000000000000000000 ) ) ;
#244 = AXIS2_PLACEMENT_3D ( 'NONE', #2631, #2857, #1223 ) ;
#245 = ORIENTED_EDGE ( 'NONE', *, *, #1927, .F. ) ;
#246 = CALENDAR_DATE ( 2025, 1, 7 ) ;
#247 = CARTESIAN_POINT ( 'NONE',  ( 2.399999999999999911, -2.799999999999998934, 0.2013018773441384857 ) ) ;
#248 = FACE_OUTER_BOUND ( 'NONE', #2591, .T. ) ;
#249 = LINE ( 'NONE', #2475, #2090 ) ;
#250 = APPROVAL_DATE_TIME ( #2738, #931 ) ;
#251 = ADVANCED_FACE ( 'NONE', ( #2326 ), #1630, .F. ) ;
#252 = CC_DESIGN_PERSON_AND_ORGANIZATION_ASSIGNMENT ( #3152, #3173, ( #1068 ) ) ;
#253 = ADVANCED_BREP_SHAPE_REPRESENTATION ( '', ( #2412, #565 ), #3055 ) ;
#254 = CALENDAR_DATE ( 2025, 1, 7 ) ;
#255 = DATE_AND_TIME ( #1890, #3488 ) ;
#256 = EDGE_CURVE ( 'NONE', #2842, #2842, #3177, .T. ) ;
#257 = ORIENTED_EDGE ( 'NONE', *, *, #959, .T. ) ;
#258 = ADVANCED_FACE ( 'NONE', ( #2805 ), #322, .T. ) ;
#259 = CARTESIAN_POINT ( 'NONE',  ( 262.4999999999998295, -618.5000000000002274, 3.049440436744974657E-28 ) ) ;
#260 = DIRECTION ( 'NONE',  ( 0.000000000000000000, -1.000000000000000000, 4.930380657631287000E-31 ) ) ;
#261 = COORDINATED_UNIVERSAL_TIME_OFFSET ( 3, 0, .AHEAD. ) ;
#262 = ORIENTED_EDGE ( 'NONE', *, *, #366, .T. ) ;
#263 = EDGE_LOOP ( 'NONE', ( #867 ) ) ;
#264 = DATE_AND_TIME ( #2764, #764 ) ;
#265 = ADVANCED_FACE ( 'NONE', ( #167, #1005 ), #2615, .T. ) ;
#266 = CARTESIAN_POINT ( 'NONE',  ( 0.000000000000000000, -2.799999999999999822, 8.131516293641283255E-17 ) ) ;
#267 = APPROVAL_ROLE ( '' ) ;
#268 = DIRECTION ( 'NONE',  ( 3.000602769257179956E-15, -6.001205538514359124E-15, 1.000000000000000000 ) ) ;
#269 = CALENDAR_DATE ( 2025, 1, 7 ) ;
#270 = DIRECTION ( 'NONE',  ( 0.000000000000000000, 0.000000000000000000, 1.000000000000000000 ) ) ;
#271 = APPROVAL ( #2190, 'UNKNOWN' ) ;
#272 = PERSON_AND_ORGANIZATION ( #1175, #2713 ) ;
#273 = APPROVAL_STATUS ( 'not_yet_approved' ) ;
#274 = EDGE_CURVE ( 'NONE', #812, #3026, #205, .T. ) ;
#275 = CC_DESIGN_APPROVAL ( #350, ( #2186 ) ) ;
#276 = ORIENTED_EDGE ( 'NONE', *, *, #274, .T. ) ;
#277 = CARTESIAN_POINT ( 'NONE',  ( 262.4999999999998295, 612.5000000000002274, 1.500000000000000000 ) ) ;
#278 = APPROVAL_PERSON_ORGANIZATION ( #2340, #1807, #2612 ) ;
#279 = EDGE_CURVE ( 'NONE', #1253, #1253, #2390, .T. ) ;
#280 = PERSON_AND_ORGANIZATION ( #694, #1471 ) ;
#281 = CC_DESIGN_APPROVAL ( #820, ( #1606 ) ) ;
#282 = PRODUCT_DEFINITION_SHAPE ( 'NONE', 'NONE',  #3540 ) ;
#283 = DIRECTION ( 'NONE',  ( -0.000000000000000000, -0.000000000000000000, -1.000000000000000000 ) ) ;
#284 = APPROVAL_ROLE ( '' ) ;
#285 = APPROVAL_PERSON_ORGANIZATION ( #3129, #2120, #640 ) ;
#286 = LINE ( 'NONE', #3328, #1442 ) ;
#287 = DIRECTION ( 'NONE',  ( -1.000000000000000000, -0.000000000000000000, -0.000000000000000000 ) ) ;
#288 = CC_DESIGN_PERSON_AND_ORGANIZATION_ASSIGNMENT ( #92, #2835, ( #664 ) ) ;
#289 = APPROVAL_ROLE ( '' ) ;
#290 = VECTOR ( 'NONE', #777, 1000.000000000000000 ) ;
#291 = ORIENTED_EDGE ( 'NONE', *, *, #471, .F. ) ;
#292 = AXIS2_PLACEMENT_3D ( 'NONE', #2100, #701, #2870 ) ;
#293 = ADVANCED_FACE ( 'NONE', ( #440, #2665 ), #985, .F. ) ;
#294 = VECTOR ( 'NONE', #929, 1000.000000000000000 ) ;
#295 = APPROVAL ( #805, 'UNSPECIFIED' ) ;
#296 = CC_DESIGN_APPROVAL ( #2555, ( #1853 ) ) ;
#297 = LINE ( 'NONE', #831, #1781 ) ;
#298 = EDGE_LOOP ( 'NONE', ( #2069, #2574, #1218, #1573 ) ) ;
#299 = ORIENTED_EDGE ( 'NONE', *, *, #1150, .T. ) ;
#300 = PERSON_AND_ORGANIZATION ( #694, #1471 ) ;
#301 = VECTOR ( 'NONE', #958, 1000.000000000000000 ) ;
#302 = APPROVAL_ROLE ( '' ) ;
#303 = PLANE ( 'NONE',  #346 ) ;
#304 = PERSON_AND_ORGANIZATION ( #2589, #2915 ) ;
#305 = APPROVAL ( #3415, 'UNSPECIFIED' ) ;
#306 = SECURITY_CLASSIFICATION_LEVEL ( 'unclassified' ) ;
#307 = APPROVAL_STATUS ( 'not_yet_approved' ) ;
#308 = PRODUCT_DEFINITION_SHAPE ( 'NONE', 'NONE',  #3543 ) ;
#309 = VERTEX_POINT ( 'NONE', #681 ) ;
#310 = DESIGN_CONTEXT ( 'detailed design', #2595, 'design' ) ;
#311 = CC_DESIGN_PERSON_AND_ORGANIZATION_ASSIGNMENT ( #1520, #3146, ( #1094 ) ) ;
#312 = EDGE_LOOP ( 'NONE', ( #2108 ) ) ;
#313 = CC_DESIGN_DATE_AND_TIME_ASSIGNMENT ( #2104, #3067, ( #710 ) ) ;
#314 = APPLICATION_CONTEXT ( 'configuration controlled 3d designs of mechanical parts and assemblies' ) ;
#315 = EDGE_CURVE ( 'NONE', #2762, #1979, #1801, .T. ) ;
#316 = CARTESIAN_POINT ( 'NONE',  ( -19.50000000000000000, 0.000000000000000000, 12.50000000000000000 ) ) ;
#317 = APPROVAL_DATE_TIME ( #1136, #1859 ) ;
#318 = DIRECTION ( 'NONE',  ( -0.000000000000000000, -8.211830238798920982E-17, -1.000000000000000000 ) ) ;
#319 = PERSON_AND_ORGANIZATION ( #3376, #1126 ) ;
#320 = PLANE ( 'NONE',  #2321 ) ;
#321 = CARTESIAN_POINT ( 'NONE',  ( 2.399999999999999911, 1.838501190585717149, 3.184377471870329046 ) ) ;
#322 = PLANE ( 'NONE',  #3122 ) ;
#323 = APPROVAL_PERSON_ORGANIZATION ( #319, #2958, #2269 ) ;
#324 = PERSON_AND_ORGANIZATION ( #694, #1471 ) ;
#325 = ORIENTED_EDGE ( 'NONE', *, *, #2182, .T. ) ;
#326 = ORGANIZATION ( 'NAUO-ORG8', 'UNSPECIFIED', 'UNSPECIFIED' ) ;
#327 = PERSON_AND_ORGANIZATION_ROLE ( 'classification_officer' ) ;
#328 = CALENDAR_DATE ( 2025, 1, 7 ) ;
#329 = ORIENTED_EDGE ( 'NONE', *, *, #2602, .T. ) ;
#330 = CARTESIAN_POINT ( 'NONE',  ( 16.00000000000000000, 2.445500000000000007, 0.000000000000000000 ) ) ;
#331 = APPROVAL_ROLE ( '' ) ;
#332 = DATE_AND_TIME ( #2249, #2918 ) ;
#333 = AXIS2_PLACEMENT_3D ( 'NONE', #1926, #1423, #1672 ) ;
#334 = CARTESIAN_POINT ( 'NONE',  ( 4.336808689942017736E-16, 1.838501190585717149, 3.184377471870329046 ) ) ;
#335 =( REPRESENTATION_RELATIONSHIP ('NONE','NONE', #3165, #665 ) REPRESENTATION_RELATIONSHIP_WITH_TRANSFORMATION ( #1625 )SHAPE_REPRESENTATION_RELATIONSHIP( ) );
#336 = AXIS2_PLACEMENT_3D ( 'NONE', #2395, #1818, #202 ) ;
#337 = CARTESIAN_POINT ( 'NONE',  ( 241.9999999999999432, -649.5000000000005684, 5.000000000000000000 ) ) ;
#338 = ORIENTED_EDGE ( 'NONE', *, *, #2819, .T. ) ;
#339 = AXIS2_PLACEMENT_3D ( 'NONE', #2174, #2650, #1861 ) ;
#340 = AXIS2_PLACEMENT_3D ( 'NONE', #1210, #152, #1226 ) ;
#341 = VERTEX_POINT ( 'NONE', #666 ) ;
#342 = PERSON_AND_ORGANIZATION ( #694, #1471 ) ;
#343 = AXIS2_PLACEMENT_3D ( 'NONE', #487, #992, #1230 ) ;
#344 = DIRECTION ( 'NONE',  ( -0.000000000000000000, 0.000000000000000000, -1.000000000000000000 ) ) ;
#345 = CARTESIAN_POINT ( 'NONE',  ( 3.000000000000000000, 1.449149175665958023, 2.509999999999997122 ) ) ;
#346 = AXIS2_PLACEMENT_3D ( 'NONE', #1626, #2753, #1044 ) ;
#347 = CALENDAR_DATE ( 2025, 1, 7 ) ;
#348 = PERSON_AND_ORGANIZATION ( #2016, #3042 ) ;
#349 = LINE ( 'NONE', #3412, #1792 ) ;
#350 = APPROVAL ( #2793, 'UNKNOWN' ) ;
#351 = CARTESIAN_POINT ( 'NONE',  ( 4.336808689942017736E-16, 1.045995237657139754, -0.6039056320324156513 ) ) ;
#352 = APPLICATION_CONTEXT ( 'configuration controlled 3d designs of mechanical parts and assemblies' ) ;
#353 = CARTESIAN_POINT ( 'NONE',  ( 0.000000000000000000, 0.000000000000000000, 12.00000000000000000 ) ) ;
#354 = EDGE_CURVE ( 'NONE', #2620, #2620, #1975, .T. ) ;
#355 = SHAPE_REPRESENTATION ( 'M6x10 DIN 7500 M Torx cl.5.8 Zinc_straight', ( #565 ), #2940 ) ;
#356 = ORIENTED_EDGE ( 'NONE', *, *, #3056, .F. ) ;
#357 = DIRECTION ( 'NONE',  ( 1.000000000000000000, 0.000000000000000000, 0.000000000000000000 ) ) ;
#358 = CALENDAR_DATE ( 2025, 1, 7 ) ;
#359 = ORIENTED_EDGE ( 'NONE', *, *, #1819, .F. ) ;
#360 = SECURITY_CLASSIFICATION_LEVEL ( 'unclassified' ) ;
#361 = LINE ( 'NONE', #1469, #2072 ) ;
#362 = PERSON ( 'NAUO-PER1', 'UNSPECIFIED', 'UNSPECIFIED', ('UNSPECIFIED'), ('UNSPECIFIED'), ('UNSPECIFIED') ) ;
#363 = APPROVAL ( #1648, 'UNKNOWN' ) ;
#364 = CARTESIAN_POINT ( 'NONE',  ( 0.000000000000000000, 0.000000000000000000, 11.00000000000000000 ) ) ;
#365 = EDGE_CURVE ( 'NONE', #369, #369, #1332, .T. ) ;
#366 = EDGE_CURVE ( 'NONE', #3462, #1467, #492, .T. ) ;
#367 = ORIENTED_EDGE ( 'NONE', *, *, #2781, .T. ) ;
#368 = DIRECTION ( 'NONE',  ( 0.000000000000000000, 0.000000000000000000, 1.000000000000000000 ) ) ;
#369 = VERTEX_POINT ( 'NONE', #3461 ) ;
#370 = CARTESIAN_POINT ( 'NONE',  ( 242.0000000000000000, -649.5000000000005684, 3.796405077356797797E-14 ) ) ;
#371 = ADVANCED_FACE ( 'NONE', ( #2191 ), #13, .F. ) ;
#372 = APPROVAL_PERSON_ORGANIZATION ( #220, #1102, #1369 ) ;
#373 = COORDINATED_UNIVERSAL_TIME_OFFSET ( 3, 0, .AHEAD. ) ;
#374 = EDGE_LOOP ( 'NONE', ( #3476 ) ) ;
#375 = ORGANIZATION ( 'NAUO-ORG11', 'UNSPECIFIED', 'UNSPECIFIED' ) ;
#376 = SECURITY_CLASSIFICATION_LEVEL ( 'unclassified' ) ;
#377 = CARTESIAN_POINT ( 'NONE',  ( -272.9999999999998863, 678.3999999999998636, 19.99999999999999289 ) ) ;
#378 = CC_DESIGN_APPROVAL ( #363, ( #710 ) ) ;
#379 = ORIENTED_EDGE ( 'NONE', *, *, #1755, .F. ) ;
#380 = PRODUCT_RELATED_PRODUCT_CATEGORY ( 'detail', '', ( #2862 ) ) ;
#381 = ORGANIZATION ( 'NAUO-ORG19', 'UNSPECIFIED', 'UNSPECIFIED' ) ;
#382 = DATE_AND_TIME ( #2851, #2853 ) ;
#383 = DIRECTION ( 'NONE',  ( 0.000000000000000000, 0.000000000000000000, 1.000000000000000000 ) ) ;
#384 = PRODUCT_DEFINITION_SHAPE ( 'NONE', 'NONE',  #2064 ) ;
#385 = DATE_TIME_ROLE ( 'creation_date' ) ;
#386 = FACE_OUTER_BOUND ( 'NONE', #9, .T. ) ;
#387 = FACE_OUTER_BOUND ( 'NONE', #3507, .T. ) ;
#388 = EDGE_LOOP ( 'NONE', ( #1325 ) ) ;
#389 = VERTEX_POINT ( 'NONE', #1495 ) ;
#390 = DIRECTION ( 'NONE',  ( 0.000000000000000000, 0.5000000000000009992, 0.8660254037844380415 ) ) ;
#391 = CARTESIAN_POINT ( 'NONE',  ( 4.336808689942017736E-16, -2.799999999999998934, 0.2013018773441384857 ) ) ;
#392 = CC_DESIGN_PERSON_AND_ORGANIZATION_ASSIGNMENT ( #1452, #686, ( #3380 ) ) ;
#393 = LINE ( 'NONE', #2113, #3498 ) ;
#394 = ORIENTED_EDGE ( 'NONE', *, *, #418, .T. ) ;
#395 = DIRECTION ( 'NONE',  ( 0.000000000000000000, 0.000000000000000000, -1.000000000000000000 ) ) ;
#396 = CARTESIAN_POINT ( 'NONE',  ( 242.0000000000000000, 649.4999999999993179, 5.000000000000000000 ) ) ;
#397 = CC_DESIGN_APPROVAL ( #2338, ( #1964 ) ) ;
#398 = CARTESIAN_POINT ( 'NONE',  ( -272.9999999999998295, 678.3999999999998636, 0.000000000000000000 ) ) ;
#399 = VECTOR ( 'NONE', #2046, 1000.000000000000000 ) ;
#400 = VERTEX_POINT ( 'NONE', #791 ) ;
#401 = AXIS2_PLACEMENT_3D ( 'NONE', #774, #221, #735 ) ;
#402 =( REPRESENTATION_RELATIONSHIP ('NONE','NONE', #1820, #449 ) REPRESENTATION_RELATIONSHIP_WITH_TRANSFORMATION ( #1875 )SHAPE_REPRESENTATION_RELATIONSHIP( ) );
#403 = DATE_AND_TIME ( #1188, #2007 ) ;
#404 = PERSON_AND_ORGANIZATION ( #49, #599 ) ;
#405 = PLANE ( 'NONE',  #788 ) ;
#406 = DESIGN_CONTEXT ( 'detailed design', #352, 'design' ) ;
#407 = SHAPE_REPRESENTATION_RELATIONSHIP ( 'NONE' , 'NONE' ,  #424, #2957 ) ;
#408 = ORIENTED_EDGE ( 'NONE', *, *, #2021, .F. ) ;
#409 = DATE_AND_TIME ( #1652, #615 ) ;
#410 = DIRECTION ( 'NONE',  ( 0.000000000000000000, 0.000000000000000000, 1.000000000000000000 ) ) ;
#411 = CARTESIAN_POINT ( 'NONE',  ( 4.336808689942017736E-16, -1.045995237657140642, 0.6039056320324135418 ) ) ;
#412 = ORIENTED_EDGE ( 'NONE', *, *, #2962, .F. ) ;
#413 = APPROVAL ( #2415, 'UNKNOWN' ) ;
#414 = FACE_OUTER_BOUND ( 'NONE', #2184, .T. ) ;
#415 = APPROVAL_DATE_TIME ( #139, #2120 ) ;
#416 = DIRECTION ( 'NONE',  ( -0.000000000000000000, 0.000000000000000000, -1.000000000000000000 ) ) ;
#417 = PRODUCT ( '\X2\041c\X0\6\X2\0445\X0\12 A5100231_straight', '\X2\041c\X0\6\X2\0445\X0\12 A5100231_straight', '', ( #3226 ) ) ;
#418 = EDGE_CURVE ( 'NONE', #1724, #309, #566, .T. ) ;
#419 = ORIENTED_EDGE ( 'NONE', *, *, #2898, .T. ) ;
#420 = LINE ( 'NONE', #1816, #903 ) ;
#421 = CALENDAR_DATE ( 2025, 1, 7 ) ;
#422 = DIRECTION ( 'NONE',  ( 0.000000000000000000, -0.000000000000000000, -1.000000000000000000 ) ) ;
#423 = DIRECTION ( 'NONE',  ( -1.000000000000000000, -0.000000000000000000, -0.000000000000000000 ) ) ;
#424 = SHAPE_REPRESENTATION ( 'M6x10 DIN 7500 E HX cl.5.8 Zinc_straight', ( #565 ), #3398 ) ;
#425 = DIRECTION ( 'NONE',  ( 0.000000000000000000, 0.000000000000000000, 1.000000000000000000 ) ) ;
#426 = CARTESIAN_POINT ( 'NONE',  ( 0.000000000000000000, 0.000000000000000000, 12.50000000000000000 ) ) ;
#427 = ORIENTED_EDGE ( 'NONE', *, *, #2317, .T. ) ;
#428 = DIRECTION ( 'NONE',  ( -1.000000000000000000, 4.089219243554904790E-16, 0.000000000000000000 ) ) ;
#429 = CARTESIAN_POINT ( 'NONE',  ( 0.000000000000000000, 0.000000000000000000, 5.785000000000000142 ) ) ;
#430 = EDGE_LOOP ( 'NONE', ( #2133 ) ) ;
#431 = PERSON_AND_ORGANIZATION ( #694, #1471 ) ;
#432 = APPROVAL_PERSON_ORGANIZATION ( #2130, #1245, #2756 ) ;
#433 = CC_DESIGN_APPROVAL ( #880, ( #2003 ) ) ;
#434 = EDGE_LOOP ( 'NONE', ( #74 ) ) ;
#435 = DATE_TIME_ROLE ( 'classification_date' ) ;
#436 = SECURITY_CLASSIFICATION ( '', '', #3013 ) ;
#437 = FACE_BOUND ( 'NONE', #388, .T. ) ;
#438 = ORGANIZATION ( 'NAUO-ORG23', 'UNSPECIFIED', 'UNSPECIFIED' ) ;
#439 = ADVANCED_FACE ( 'NONE', ( #3047 ), #2231, .T. ) ;
#440 = FACE_OUTER_BOUND ( 'NONE', #2677, .T. ) ;
#441 = DIRECTION ( 'NONE',  ( -0.4822040194243980005, 0.8760589498720704471, 5.905296089237460717E-17 ) ) ;
#442 = APPROVAL ( #1060, 'UNSPECIFIED' ) ;
#443 = CARTESIAN_POINT ( 'NONE',  ( 2.399999999999999911, 3.677002381171431189, -1.103940140988725838E-15 ) ) ;
#444 = CARTESIAN_POINT ( 'NONE',  ( -257.7497528838524090, 612.5000000000002274, 1.500000000000000000 ) ) ;
#445 = CARTESIAN_POINT ( 'NONE',  ( 2.399999999999999911, -2.799999999999998934, 0.2013018773441384857 ) ) ;
#446 = CC_DESIGN_DATE_AND_TIME_ASSIGNMENT ( #2319, #1644, ( #3170 ) ) ;
#447 = ORIENTED_EDGE ( 'NONE', *, *, #2352, .F. ) ;
#448 = AXIS2_PLACEMENT_3D ( 'NONE', #630, #1008, #3458 ) ;
#449 = SHAPE_REPRESENTATION ( 'RB.1626.00.00.1 simple', ( #565 ), #1855 ) ;
#450 = FACE_BOUND ( 'NONE', #1034, .T. ) ;
#451 = DIRECTION ( 'NONE',  ( -3.268271995068654753E-15, -0.5388066400637114839, -0.8424294656665649583 ) ) ;
#452 = PERSON_AND_ORGANIZATION ( #694, #1471 ) ;
#453 = CARTESIAN_POINT ( 'NONE',  ( 2.399999999999999911, 1.045995237657137755, 0.6039056320324146521 ) ) ;
#454 = PERSON ( 'NAUO-PER13', 'UNSPECIFIED', 'UNSPECIFIED', ('UNSPECIFIED'), ('UNSPECIFIED'), ('UNSPECIFIED') ) ;
#455 = VECTOR ( 'NONE', #32, 1000.000000000000000 ) ;
#456 = ADVANCED_FACE ( 'NONE', ( #2789 ), #303, .T. ) ;
#457 = COORDINATED_UNIVERSAL_TIME_OFFSET ( 3, 0, .AHEAD. ) ;
#458 = EDGE_LOOP ( 'NONE', ( #379 ) ) ;
#459 = VECTOR ( 'NONE', #1565, 1000.000000000000000 ) ;
#460 = DIRECTION ( 'NONE',  ( 0.000000000000000000, 0.000000000000000000, 1.000000000000000000 ) ) ;
#461 = APPROVAL_PERSON_ORGANIZATION ( #562, #2555, #302 ) ;
#462 = PRODUCT_DEFINITION_FORMATION_WITH_SPECIFIED_SOURCE ( 'ANY', '', #417, .NOT_KNOWN. ) ;
#463 = DIRECTION ( 'NONE',  ( 0.000000000000000000, -1.000000000000000000, 0.000000000000000000 ) ) ;
#464 = CC_DESIGN_DATE_AND_TIME_ASSIGNMENT ( #212, #744, ( #1837 ) ) ;
#465 = CARTESIAN_POINT ( 'NONE',  ( -262.4999999999987494, -612.5000000000003411, 0.2569489851419227699 ) ) ;
#466 = CIRCLE ( 'NONE', #1566, 2.445500000000000007 ) ;
#467 = EDGE_CURVE ( 'NONE', #1475, #1475, #3182, .T. ) ;
#468 = FACE_OUTER_BOUND ( 'NONE', #191, .T. ) ;
#469 = EDGE_LOOP ( 'NONE', ( #1505 ) ) ;
#470 = VERTEX_POINT ( 'NONE', #3244 ) ;
#471 = EDGE_CURVE ( 'NONE', #136, #1467, #249, .T. ) ;
#472 = COORDINATED_UNIVERSAL_TIME_OFFSET ( 3, 0, .AHEAD. ) ;
#473 = ORIENTED_EDGE ( 'NONE', *, *, #786, .F. ) ;
#474 = CARTESIAN_POINT ( 'NONE',  ( -271.4999999999998295, 680.4999999999998863, 1.500000000000000000 ) ) ;
#475 = CARTESIAN_POINT ( 'NONE',  ( 2.399999999999999911, -1.838501190585716261, 3.184377471870330822 ) ) ;
#476 = LINE ( 'NONE', #398, #1251 ) ;
#477 =( REPRESENTATION_RELATIONSHIP ('NONE','NONE', #1820, #355 ) REPRESENTATION_RELATIONSHIP_WITH_TRANSFORMATION ( #1379 )SHAPE_REPRESENTATION_RELATIONSHIP( ) );
#478 = ORIENTED_EDGE ( 'NONE', *, *, #1780, .F. ) ;
#479 = CONTEXT_DEPENDENT_SHAPE_REPRESENTATION ( #1274, #1955 ) ;
#480 = LINE ( 'NONE', #3178, #1682 ) ;
#481 = PERSON_AND_ORGANIZATION ( #694, #1471 ) ;
#482 = CC_DESIGN_PERSON_AND_ORGANIZATION_ASSIGNMENT ( #2373, #2873, ( #3049 ) ) ;
#483 = CARTESIAN_POINT ( 'NONE',  ( 4.336808689942017736E-16, 3.677002381171431189, -1.103940140988725838E-15 ) ) ;
#484 = ORIENTED_EDGE ( 'NONE', *, *, #1628, .F. ) ;
#485 = DIRECTION ( 'NONE',  ( 0.000000000000000000, -1.000000000000000000, 6.001205538514357546E-15 ) ) ;
#486 = CARTESIAN_POINT ( 'NONE',  ( 0.000000000000000000, 1.449149175665950251, -2.510000000000002451 ) ) ;
#487 = CARTESIAN_POINT ( 'NONE',  ( 3.000000000000000000, 2.898298351331913825, -4.987329993433320396E-15 ) ) ;
#488 = ORIENTED_EDGE ( 'NONE', *, *, #3331, .T. ) ;
#489 = VERTEX_POINT ( 'NONE', #1180 ) ;
#490 = PERSON_AND_ORGANIZATION ( #694, #1471 ) ;
#491 = EDGE_LOOP ( 'NONE', ( #1868, #1583, #1114, #3224 ) ) ;
#492 = LINE ( 'NONE', #1915, #1797 ) ;
#493 = APPROVAL_DATE_TIME ( #1836, #3256 ) ;
#494 = LOCAL_TIME ( 14, 17, 31.00000000000000000, #645 ) ;
#495 = FACE_OUTER_BOUND ( 'NONE', #2122, .T. ) ;
#496 = SECURITY_CLASSIFICATION ( '', '', #808 ) ;
#497 = COORDINATED_UNIVERSAL_TIME_OFFSET ( 3, 0, .AHEAD. ) ;
#498 = CARTESIAN_POINT ( 'NONE',  ( 4.336808689942017736E-16, 1.838501190585713374, -3.184377471870329934 ) ) ;
#499 = LOCAL_TIME ( 14, 17, 31.00000000000000000, #3363 ) ;
#500 = CARTESIAN_POINT ( 'NONE',  ( 3.000000000000000000, 1.449149175665958023, 2.509999999999997122 ) ) ;
#501 = ORIENTED_EDGE ( 'NONE', *, *, #2207, .F. ) ;
#502 = CARTESIAN_POINT ( 'NONE',  ( 252.0000000000000000, -660.1000000000005912, 5.000000000000000000 ) ) ;
#503 = LOCAL_TIME ( 14, 17, 31.00000000000000000, #1043 ) ;
#504 = APPROVAL_DATE_TIME ( #2979, #442 ) ;
#505 = EDGE_LOOP ( 'NONE', ( #803, #3008, #641, #3497 ) ) ;
#506 = ORIENTED_EDGE ( 'NONE', *, *, #1163, .F. ) ;
#507 = CC_DESIGN_DATE_AND_TIME_ASSIGNMENT ( #409, #1330, ( #1909 ) ) ;
#508 = DIRECTION ( 'NONE',  ( -1.000000000000000000, -6.425415755018093478E-15, 2.410690616112570884E-16 ) ) ;
#509 = APPROVAL_ROLE ( '' ) ;
#510 = AXIS2_PLACEMENT_3D ( 'NONE', #3138, #3120, #1768 ) ;
#511 = CARTESIAN_POINT ( 'NONE',  ( -3.499999999999999556, -2.000000000000000000, 12.50000000000000000 ) ) ;
#512 = PRODUCT_DEFINITION_SHAPE ( 'NONE', 'NONE',  #3527 ) ;
#513 = FACE_OUTER_BOUND ( 'NONE', #865, .T. ) ;
#514 = VECTOR ( 'NONE', #2323, 1000.000000000000000 ) ;
#515 = ADVANCED_FACE ( 'NONE', ( #1962 ), #2592, .T. ) ;
#516 = CONICAL_SURFACE ( 'NONE', #336, 2.445500000000000007, 0.7853981633970608112 ) ;
#517 = APPROVAL_STATUS ( 'not_yet_approved' ) ;
#518 = DATE_AND_TIME ( #1899, #1716 ) ;
#519 = CARTESIAN_POINT ( 'NONE',  ( -262.4999999999998295, 612.5000000000002274, 1.500000000000000000 ) ) ;
#520 = CONICAL_SURFACE ( 'NONE', #2142, 6.000000000000005329, 0.6946410422937446816 ) ;
#521 = VERTEX_POINT ( 'NONE', #908 ) ;
#522 = FACE_BOUND ( 'NONE', #1031, .T. ) ;
#523 =( REPRESENTATION_RELATIONSHIP ('NONE','NONE', #1820, #449 ) REPRESENTATION_RELATIONSHIP_WITH_TRANSFORMATION ( #2520 )SHAPE_REPRESENTATION_RELATIONSHIP( ) );
#524 = VERTEX_POINT ( 'NONE', #3477 ) ;
#525 = AXIS2_PLACEMENT_3D ( 'NONE', #861, #1989, #3086 ) ;
#526 = VECTOR ( 'NONE', #1105, 1000.000000000000000 ) ;
#527 = PERSON_AND_ORGANIZATION ( #694, #1471 ) ;
#528 = AXIS2_PLACEMENT_3D ( 'NONE', #1998, #2299, #1119 ) ;
#529 = ORIENTED_EDGE ( 'NONE', *, *, #3512, .F. ) ;
#530 = DATE_TIME_ROLE ( 'creation_date' ) ;
#531 = AXIS2_PLACEMENT_3D ( 'NONE', #1614, #2960, #2725 ) ;
#532 = DIRECTION ( 'NONE',  ( 0.000000000000000000, -0.5000000000000011102, -0.8660254037844380415 ) ) ;
#533 = CC_DESIGN_PERSON_AND_ORGANIZATION_ASSIGNMENT ( #2476, #327, ( #436 ) ) ;
#534 = CARTESIAN_POINT ( 'NONE',  ( 0.000000000000000000, -1.838501190585716261, 3.184377471870330822 ) ) ;
#535 = COORDINATED_UNIVERSAL_TIME_OFFSET ( 3, 0, .AHEAD. ) ;
#536 = PRODUCT_DEFINITION_SHAPE ( 'NONE', 'NONE',  #3536 ) ;
#537 = LOCAL_TIME ( 14, 17, 31.00000000000000000, #2919 ) ;
#538 = CALENDAR_DATE ( 2025, 1, 7 ) ;
#539 = CC_DESIGN_APPROVAL ( #2804, ( #3023 ) ) ;
#540 = EDGE_CURVE ( 'NONE', #1779, #1447, #237, .T. ) ;
#541 = PERSON_AND_ORGANIZATION_ROLE ( 'design_supplier' ) ;
#542 = ORIENTED_EDGE ( 'NONE', *, *, #1277, .F. ) ;
#543 = DIRECTION ( 'NONE',  ( 1.000000000000000000, -0.000000000000000000, 0.000000000000000000 ) ) ;
#544 = PERSON ( 'NAUO-PER21', 'UNSPECIFIED', 'UNSPECIFIED', ('UNSPECIFIED'), ('UNSPECIFIED'), ('UNSPECIFIED') ) ;
#545 =( REPRESENTATION_RELATIONSHIP ('NONE','NONE', #3165, #1575 ) REPRESENTATION_RELATIONSHIP_WITH_TRANSFORMATION ( #594 )SHAPE_REPRESENTATION_RELATIONSHIP( ) );
#546 = EDGE_LOOP ( 'NONE', ( #1007, #3132, #299, #1484, #2950, #1867 ) ) ;
#547 = ORIENTED_EDGE ( 'NONE', *, *, #981, .F. ) ;
#548 = DIRECTION ( 'NONE',  ( 0.000000000000000000, 0.000000000000000000, 1.000000000000000000 ) ) ;
#549 = CALENDAR_DATE ( 2025, 1, 7 ) ;
#550 = PERSON ( 'NAUO-PER9', 'UNSPECIFIED', 'UNSPECIFIED', ('UNSPECIFIED'), ('UNSPECIFIED'), ('UNSPECIFIED') ) ;
#551 = DATE_TIME_ROLE ( 'classification_date' ) ;
#552 = DATE_TIME_ROLE ( 'classification_date' ) ;
#553 = PRODUCT_RELATED_PRODUCT_CATEGORY ( 'detail', '', ( #2067 ) ) ;
#554 = CARTESIAN_POINT ( 'NONE',  ( 2.399999999999999911, -2.799999999999999378, 5.421010862427522170E-17 ) ) ;
#555 = PRODUCT_DEFINITION ( 'UNKNOWN', '', #3380, #406 ) ;
#556 = APPROVAL_PERSON_ORGANIZATION ( #2910, #880, #1817 ) ;
#557 = ORIENTED_EDGE ( 'NONE', *, *, #2352, .T. ) ;
#558 = SECURITY_CLASSIFICATION ( '', '', #2051 ) ;
#559 = ORIENTED_EDGE ( 'NONE', *, *, #1058, .T. ) ;
#560 = CC_DESIGN_APPROVAL ( #2428, ( #3099 ) ) ;
#561 = APPROVAL ( #1117, 'UNSPECIFIED' ) ;
#562 = PERSON_AND_ORGANIZATION ( #694, #1471 ) ;
#563 = DIRECTION ( 'NONE',  ( -1.000000000000000000, -0.000000000000000000, -0.000000000000000000 ) ) ;
#564 = AXIS2_PLACEMENT_3D ( 'NONE', #2304, #2895, #3164 ) ;
#565 = AXIS2_PLACEMENT_3D ( 'NONE', #69, #800, #597 ) ;
#566 = LINE ( 'NONE', #3305, #680 ) ;
#567 = DATE_AND_TIME ( #3048, #2004 ) ;
#568 = COORDINATED_UNIVERSAL_TIME_OFFSET ( 3, 0, .AHEAD. ) ;
#569 = COORDINATED_UNIVERSAL_TIME_OFFSET ( 3, 0, .AHEAD. ) ;
#570 = VECTOR ( 'NONE', #978, 1000.000000000000000 ) ;
#571 = ORIENTED_EDGE ( 'NONE', *, *, #2406, .T. ) ;
#572 = AXIS2_PLACEMENT_3D ( 'NONE', #1121, #344, #1139 ) ;
#573 = PRODUCT_DEFINITION_FORMATION_WITH_SPECIFIED_SOURCE ( 'ANY', '', #2067, .NOT_KNOWN. ) ;
#574 = EDGE_CURVE ( 'NONE', #684, #684, #1149, .T. ) ;
#575 = ORIENTED_EDGE ( 'NONE', *, *, #2228, .T. ) ;
#576 = AXIS2_PLACEMENT_3D ( 'NONE', #3071, #1956, #2796 ) ;
#577 = CLOSED_SHELL ( 'NONE', ( #1457, #169, #3369, #2586, #1276, #760, #2587, #2080, #2828, #2546, #3140, #2232, #34, #3206, #1395, #2017, #1243, #1802, #3418, #147, #251 ) ) ;
#578 = COORDINATED_UNIVERSAL_TIME_OFFSET ( 3, 0, .AHEAD. ) ;
#579 = DIRECTION ( 'NONE',  ( 0.000000000000000000, 0.000000000000000000, 1.000000000000000000 ) ) ;
#580 = APPROVAL_DATE_TIME ( #840, #115 ) ;
#581 = CONTEXT_DEPENDENT_SHAPE_REPRESENTATION ( #755, #743 ) ;
#582 = SECURITY_CLASSIFICATION_LEVEL ( 'unclassified' ) ;
#583 = CARTESIAN_POINT ( 'NONE',  ( -19.50000000000000000, -2.000000000000000000, -12.50000000000000000 ) ) ;
#584 =( REPRESENTATION_RELATIONSHIP ('NONE','NONE', #1820, #424 ) REPRESENTATION_RELATIONSHIP_WITH_TRANSFORMATION ( #3289 )SHAPE_REPRESENTATION_RELATIONSHIP( ) );
#585 = CARTESIAN_POINT ( 'NONE',  ( 271.5000000000001705, 680.5000000000000000, 20.00000000000000000 ) ) ;
#586 = CALENDAR_DATE ( 2025, 1, 7 ) ;
#587 = ORIENTED_EDGE ( 'NONE', *, *, #3463, .T. ) ;
#588 = EDGE_CURVE ( 'NONE', #2780, #1302, #3095, .T. ) ;
#589 = DIRECTION ( 'NONE',  ( -1.000000000000000000, 0.000000000000000000, 0.000000000000000000 ) ) ;
#590 = DIRECTION ( 'NONE',  ( 0.000000000000000000, -0.000000000000000000, 1.000000000000000000 ) ) ;
#591 = EDGE_LOOP ( 'NONE', ( #816 ) ) ;
#592 = PLANE ( 'NONE',  #3117 ) ;
#593 = APPROVAL_DATE_TIME ( #2813, #363 ) ;
#594 = ITEM_DEFINED_TRANSFORMATION ( 'NONE', 'NONE', #2370,  #565 ) ;
#595 = APPROVAL_PERSON_ORGANIZATION ( #1944, #2666, #3019 ) ;
#596 = CARTESIAN_POINT ( 'NONE',  ( 10.00000000000000000, 0.000000000000000000, 0.000000000000000000 ) ) ;
#597 = DIRECTION ( 'NONE',  ( 1.000000000000000000, 0.000000000000000000, 0.000000000000000000 ) ) ;
#598 = FACE_OUTER_BOUND ( 'NONE', #2461, .T. ) ;
#599 = ORGANIZATION ( 'NAUO-ORG5', 'UNSPECIFIED', 'UNSPECIFIED' ) ;
#600 = EDGE_LOOP ( 'NONE', ( #338 ) ) ;
#601 = CC_DESIGN_SECURITY_CLASSIFICATION ( #1233, ( #3535 ) ) ;
#602 = PLANE ( 'NONE',  #1844 ) ;
#603 = ORGANIZATION ( 'NAUO-ORG17', 'UNSPECIFIED', 'UNSPECIFIED' ) ;
#604 = ORIENTED_EDGE ( 'NONE', *, *, #932, .T. ) ;
#605 = CC_DESIGN_PERSON_AND_ORGANIZATION_ASSIGNMENT ( #431, #1830, ( #573 ) ) ;
#606 = DATE_AND_TIME ( #62, #1127 ) ;
#607 = PERSON_AND_ORGANIZATION_ROLE ( 'classification_officer' ) ;
#608 = APPROVAL_DATE_TIME ( #3101, #2958 ) ;
#609 = LINE ( 'NONE', #3365, #2999 ) ;
#610 = AXIS2_PLACEMENT_3D ( 'NONE', #3124, #173, #2863 ) ;
#611 = DIRECTION ( 'NONE',  ( 0.000000000000000000, -1.000000000000000000, 6.001205538514357546E-15 ) ) ;
#612 = VECTOR ( 'NONE', #1545, 1000.000000000000000 ) ;
#613 = LINE ( 'NONE', #2637, #839 ) ;
#614 = CC_DESIGN_APPROVAL ( #561, ( #1897 ) ) ;
#615 = LOCAL_TIME ( 14, 17, 31.00000000000000000, #1784 ) ;
#616 = AXIS2_PLACEMENT_3D ( 'NONE', #855, #2801, #639 ) ;
#617 = DIRECTION ( 'NONE',  ( -1.000000000000000000, 4.089219243554904790E-16, -0.000000000000000000 ) ) ;
#618 = PERSON_AND_ORGANIZATION ( #694, #1471 ) ;
#619 = AXIS2_PLACEMENT_3D ( 'NONE', #3475, #988, #3216 ) ;
#620 = CC_DESIGN_DATE_AND_TIME_ASSIGNMENT ( #3018, #2499, ( #108 ) ) ;
#621 = CARTESIAN_POINT ( 'NONE',  ( 2.399999999999999911, -1.045995237657141086, -0.6039056320324182048 ) ) ;
#622 = ORIENTED_EDGE ( 'NONE', *, *, #1712, .F. ) ;
#623 = DATE_TIME_ROLE ( 'classification_date' ) ;
#624 = ADVANCED_FACE ( 'NONE', ( #2559, #2315 ), #1156, .T. ) ;
#625 = SECURITY_CLASSIFICATION_LEVEL ( 'unclassified' ) ;
#626 = CARTESIAN_POINT ( 'NONE',  ( 252.5999999999998238, 659.4999999999993179, 5.000000000000000000 ) ) ;
#627 = VECTOR ( 'NONE', #1589, 1000.000000000000000 ) ;
#628 = DIRECTION ( 'NONE',  ( 2.985366366334960809E-17, -8.326672684691189780E-17, 1.000000000000000000 ) ) ;
#629 = DIRECTION ( 'NONE',  ( 0.000000000000000000, 0.000000000000000000, 1.000000000000000000 ) ) ;
#630 = CARTESIAN_POINT ( 'NONE',  ( 262.4999999999998295, 612.5000000000002274, 3.019858152799187163E-28 ) ) ;
#631 = CC_DESIGN_APPROVAL ( #3113, ( #573 ) ) ;
#632 = CARTESIAN_POINT ( 'NONE',  ( -19.50000000000000000, 0.000000000000000000, -12.50000000000000000 ) ) ;
#633 = CARTESIAN_POINT ( 'NONE',  ( 0.000000000000000000, -2.799999999999999822, 8.131516293641283255E-17 ) ) ;
#634 = CC_DESIGN_APPROVAL ( #693, ( #1279 ) ) ;
#635 = LINE ( 'NONE', #1449, #20 ) ;
#636 = LOCAL_TIME ( 14, 17, 31.00000000000000000, #1504 ) ;
#637 = EDGE_LOOP ( 'NONE', ( #3524 ) ) ;
#638 = FACE_OUTER_BOUND ( 'NONE', #2313, .T. ) ;
#639 = DIRECTION ( 'NONE',  ( 0.000000000000000000, 0.000000000000000000, 1.000000000000000000 ) ) ;
#640 = APPROVAL_ROLE ( '' ) ;
#641 = ORIENTED_EDGE ( 'NONE', *, *, #1280, .F. ) ;
#642 = EDGE_LOOP ( 'NONE', ( #1289, #2030, #737, #3001 ) ) ;
#643 =( REPRESENTATION_RELATIONSHIP ('NONE','NONE', #1820, #449 ) REPRESENTATION_RELATIONSHIP_WITH_TRANSFORMATION ( #1663 )SHAPE_REPRESENTATION_RELATIONSHIP( ) );
#644 = DATE_TIME_ROLE ( 'classification_date' ) ;
#645 = COORDINATED_UNIVERSAL_TIME_OFFSET ( 3, 0, .AHEAD. ) ;
#646 = CARTESIAN_POINT ( 'NONE',  ( 0.000000000000000000, -1.449149175665962463, 2.510000000000000231 ) ) ;
#647 = UNCERTAINTY_MEASURE_WITH_UNIT (LENGTH_MEASURE( 1.000000000000000082E-05 ), #2760, 'distance_accuracy_value', 'NONE');
#648 = CC_DESIGN_PERSON_AND_ORGANIZATION_ASSIGNMENT ( #1454, #1142, ( #823 ) ) ;
#649 =( LENGTH_UNIT ( ) NAMED_UNIT ( * ) SI_UNIT ( .MILLI., .METRE. ) );
#650 = DIRECTION ( 'NONE',  ( 0.000000000000000000, 0.000000000000000000, 1.000000000000000000 ) ) ;
#651 = EDGE_CURVE ( 'NONE', #3097, #1186, #1726, .T. ) ;
#652 = ORIENTED_EDGE ( 'NONE', *, *, #3211, .T. ) ;
#653 = VERTEX_POINT ( 'NONE', #1774 ) ;
#654 = SECURITY_CLASSIFICATION ( '', '', #582 ) ;
#655 = ORIENTED_EDGE ( 'NONE', *, *, #315, .F. ) ;
#656 = LOCAL_TIME ( 14, 17, 31.00000000000000000, #1001 ) ;
#657 = LINE ( 'NONE', #2623, #2565 ) ;
#658 = CC_DESIGN_PERSON_AND_ORGANIZATION_ASSIGNMENT ( #3504, #1013, ( #2023 ) ) ;
#659 = PERSON_AND_ORGANIZATION ( #694, #1471 ) ;
#660 = CYLINDRICAL_SURFACE ( 'NONE', #2265, 3.750000000000000000 ) ;
#661 = LOCAL_TIME ( 14, 17, 31.00000000000000000, #2288 ) ;
#662 = APPROVAL_PERSON_ORGANIZATION ( #1894, #271, #267 ) ;
#663 = COORDINATED_UNIVERSAL_TIME_OFFSET ( 3, 0, .AHEAD. ) ;
#664 = PRODUCT ( 'RB.2005.00.00.0 \X2\04210411\X0\ simple_-37', 'RB.2005.00.00.0 \X2\04210411\X0\ simple_-37', '', ( #2368 ) ) ;
#665 = SHAPE_REPRESENTATION ( '\X2\041c\X0\6\X2\0445\X0\12 A5100231_straight', ( #565 ), #3055 ) ;
#666 = CARTESIAN_POINT ( 'NONE',  ( 0.000000000000000000, 1.449149175665950251, -2.510000000000002451 ) ) ;
#667 =( GEOMETRIC_REPRESENTATION_CONTEXT ( 3 ) GLOBAL_UNCERTAINTY_ASSIGNED_CONTEXT ( ( #2856 ) ) GLOBAL_UNIT_ASSIGNED_CONTEXT ( ( #649, #2616, #131 ) ) REPRESENTATION_CONTEXT ( 'NONE', 'WORKASPACE' ) );
#668 = CC_DESIGN_PERSON_AND_ORGANIZATION_ASSIGNMENT ( #2519, #40, ( #2433 ) ) ;
#669 = ORIENTED_EDGE ( 'NONE', *, *, #2630, .F. ) ;
#670 = CARTESIAN_POINT ( 'NONE',  ( -271.4999999999999432, 679.0000000000000000, 19.99999999999837641 ) ) ;
#671 = CARTESIAN_POINT ( 'NONE',  ( -251.9999999999998863, 659.4999999999993179, 0.000000000000000000 ) ) ;
#672 = VECTOR ( 'NONE', #2672, 1000.000000000000000 ) ;
#673 = CARTESIAN_POINT ( 'NONE',  ( 242.0000000000000284, 649.4999999999992042, 3.796405077356788962E-14 ) ) ;
#674 = ORIENTED_EDGE ( 'NONE', *, *, #3260, .T. ) ;
#675 = DATE_AND_TIME ( #1465, #905 ) ;
#676 = DIRECTION ( 'NONE',  ( -0.000000000000000000, -0.000000000000000000, -1.000000000000000000 ) ) ;
#677 = ORIENTED_EDGE ( 'NONE', *, *, #2809, .T. ) ;
#678 = VECTOR ( 'NONE', #2651, 1000.000000000000000 ) ;
#679 = CALENDAR_DATE ( 2025, 1, 7 ) ;
#680 = VECTOR ( 'NONE', #1948, 1000.000000000000000 ) ;
#681 = CARTESIAN_POINT ( 'NONE',  ( -3.499999999999999556, -2.000000000000000000, -12.50000000000000000 ) ) ;
#682 = PLANE ( 'NONE',  #3294 ) ;
#683 = EDGE_LOOP ( 'NONE', ( #936, #1527, #2402, #907 ) ) ;
#684 = VERTEX_POINT ( 'NONE', #3427 ) ;
#685 = ORIENTED_EDGE ( 'NONE', *, *, #2988, .F. ) ;
#686 = PERSON_AND_ORGANIZATION_ROLE ( 'creator' ) ;
#687 = LINE ( 'NONE', #1700, #179 ) ;
#688 = DIRECTION ( 'NONE',  ( 0.000000000000000000, 0.000000000000000000, 1.000000000000000000 ) ) ;
#689 = EDGE_CURVE ( 'NONE', #653, #653, #2936, .T. ) ;
#690 = ORIENTED_EDGE ( 'NONE', *, *, #1907, .T. ) ;
#691 = APPROVAL_DATE_TIME ( #184, #880 ) ;
#692 = DIRECTION ( 'NONE',  ( -0.4822040194243981115, -0.8760589498720706692, -5.905296089238046200E-17 ) ) ;
#693 = APPROVAL ( #1701, 'UNSPECIFIED' ) ;
#694 = PERSON ( 'UNSPECIFIED', 'UNSPECIFIED', 'UNSPECIFIED', ('UNSPECIFIED'), ('UNSPECIFIED'), ('UNSPECIFIED') ) ;
#695 = CARTESIAN_POINT ( 'NONE',  ( -19.50000000000000000, 0.000000000000000000, 12.50000000000000000 ) ) ;
#696 = VERTEX_POINT ( 'NONE', #1825 ) ;
#697 = CALENDAR_DATE ( 2025, 1, 7 ) ;
#698 = FACE_BOUND ( 'NONE', #1074, .T. ) ;
#699 = CALENDAR_DATE ( 2025, 1, 7 ) ;
#700 = CARTESIAN_POINT ( 'NONE',  ( 2.399999999999999911, 2.400534810105723239E-16, -1.207811264064834411 ) ) ;
#701 = DIRECTION ( 'NONE',  ( -1.000000000000000000, 0.000000000000000000, 0.000000000000000000 ) ) ;
#702 =( REPRESENTATION_RELATIONSHIP ('NONE','NONE', #1820, #355 ) REPRESENTATION_RELATIONSHIP_WITH_TRANSFORMATION ( #3033 )SHAPE_REPRESENTATION_RELATIONSHIP( ) );
#703 = CC_DESIGN_PERSON_AND_ORGANIZATION_ASSIGNMENT ( #490, #1597, ( #573 ) ) ;
#704 = CC_DESIGN_APPROVAL ( #753, ( #3094 ) ) ;
#705 = COORDINATED_UNIVERSAL_TIME_OFFSET ( 3, 0, .AHEAD. ) ;
#706 = PLANE ( 'NONE',  #2277 ) ;
#707 = APPROVAL_DATE_TIME ( #403, #1544 ) ;
#708 = DIRECTION ( 'NONE',  ( 1.000000000000000000, 0.000000000000000000, 0.000000000000000000 ) ) ;
#709 = DATE_TIME_ROLE ( 'classification_date' ) ;
#710 = SECURITY_CLASSIFICATION ( '', '', #1286 ) ;
#711 = DIRECTION ( 'NONE',  ( 1.000000000000000000, 0.000000000000000000, 0.000000000000000000 ) ) ;
#712 = SECURITY_CLASSIFICATION ( '', '', #306 ) ;
#713 = CARTESIAN_POINT ( 'NONE',  ( 16.00000000000000000, 0.000000000000000000, 0.000000000000000000 ) ) ;
#714 = ADVANCED_FACE ( 'NONE', ( #2834, #1710 ), #3066, .F. ) ;
#715 = DIRECTION ( 'NONE',  ( -1.000000000000000000, 6.425415755018093478E-15, 2.410690616112570884E-16 ) ) ;
#716 = CC_DESIGN_SECURITY_CLASSIFICATION ( #1610, ( #3550 ) ) ;
#717 = AXIS2_PLACEMENT_3D ( 'NONE', #83, #146, #1206 ) ;
#718 = LINE ( 'NONE', #1290, #1570 ) ;
#719 = CIRCLE ( 'NONE', #1083, 3.750000000000000000 ) ;
#720 = ORIENTED_EDGE ( 'NONE', *, *, #981, .T. ) ;
#721 = CARTESIAN_POINT ( 'NONE',  ( -2.000000000000000000, -11.50000000000000000, 2.500000000000001776 ) ) ;
#722 = AXIS2_PLACEMENT_3D ( 'NONE', #1417, #2566, #1159 ) ;
#723 = PERSON_AND_ORGANIZATION ( #694, #1471 ) ;
#724 = LINE ( 'NONE', #3467, #182 ) ;
#725 = EDGE_LOOP ( 'NONE', ( #119, #2453, #473, #2903 ) ) ;
#726 = CIRCLE ( 'NONE', #2022, 3.087867965643923629 ) ;
#727 = PERSON_AND_ORGANIZATION ( #2671, #3222 ) ;
#728 = CARTESIAN_POINT ( 'NONE',  ( -271.4999999999998295, -679.0000000000001137, 1.500000000000001332 ) ) ;
#729 = APPROVAL_PERSON_ORGANIZATION ( #761, #3336, #509 ) ;
#730 = CC_DESIGN_PERSON_AND_ORGANIZATION_ASSIGNMENT ( #2340, #2454, ( #558 ) ) ;
#731 = CC_DESIGN_APPROVAL ( #1245, ( #1909 ) ) ;
#732 = EDGE_CURVE ( 'NONE', #1447, #521, #1263, .T. ) ;
#733 = DATE_AND_TIME ( #2997, #1305 ) ;
#734 = PERSON_AND_ORGANIZATION_ROLE ( 'creator' ) ;
#735 = DIRECTION ( 'NONE',  ( -2.392769274849634987E-16, 1.654475671581113820E-16, 0.9999999999999998890 ) ) ;
#736 = ADVANCED_FACE ( 'NONE', ( #1696, #1759 ), #3080, .T. ) ;
#737 = ORIENTED_EDGE ( 'NONE', *, *, #1027, .F. ) ;
#738 = CARTESIAN_POINT ( 'NONE',  ( 252.5999999999998238, 659.4999999999993179, 5.000000000000000000 ) ) ;
#739 =( NAMED_UNIT ( * ) PLANE_ANGLE_UNIT ( ) SI_UNIT ( $, .RADIAN. ) );
#740 = FACE_OUTER_BOUND ( 'NONE', #3261, .T. ) ;
#741 = APPLICATION_PROTOCOL_DEFINITION ( 'international standard', 'config_control_design', 1994, #2595 ) ;
#742 = VERTEX_POINT ( 'NONE', #2531 ) ;
#743 = PRODUCT_DEFINITION_SHAPE ( 'NONE', 'NONE',  #3547 ) ;
#744 = DATE_TIME_ROLE ( 'creation_date' ) ;
#745 = DIRECTION ( 'NONE',  ( -0.000000000000000000, -0.000000000000000000, -1.000000000000000000 ) ) ;
#746 = EDGE_LOOP ( 'NONE', ( #1555, #367, #3368, #1386 ) ) ;
#747 = DATE_TIME_ROLE ( 'classification_date' ) ;
#748 = DIRECTION ( 'NONE',  ( 0.000000000000000000, -0.4999999999999984457, 0.8660254037844394848 ) ) ;
#749 = DIRECTION ( 'NONE',  ( 0.000000000000000000, -1.000000000000000000, -0.000000000000000000 ) ) ;
#750 = FACE_BOUND ( 'NONE', #3286, .T. ) ;
#751 = LINE ( 'NONE', #3272, #910 ) ;
#752 = APPROVAL_ROLE ( '' ) ;
#753 = APPROVAL ( #307, 'UNKNOWN' ) ;
#754 = VERTEX_POINT ( 'NONE', #316 ) ;
#755 =( REPRESENTATION_RELATIONSHIP ('NONE','NONE', #3165, #665 ) REPRESENTATION_RELATIONSHIP_WITH_TRANSFORMATION ( #1698 )SHAPE_REPRESENTATION_RELATIONSHIP( ) );
#756 = EDGE_CURVE ( 'NONE', #2866, #921, #3347, .T. ) ;
#757 = PERSON_AND_ORGANIZATION_ROLE ( 'classification_officer' ) ;
#758 = EDGE_LOOP ( 'NONE', ( #1517, #257, #1466, #2833 ) ) ;
#759 = EDGE_LOOP ( 'NONE', ( #1873 ) ) ;
#760 = ADVANCED_FACE ( 'NONE', ( #2262 ), #592, .T. ) ;
#761 = PERSON_AND_ORGANIZATION ( #694, #1471 ) ;
#762 = CARTESIAN_POINT ( 'NONE',  ( 0.000000000000000000, 2.898298351331913825, -4.987329993433320396E-15 ) ) ;
#763 = CARTESIAN_POINT ( 'NONE',  ( 3.000000000000000000, -1.449149175665962463, 2.510000000000000231 ) ) ;
#764 = LOCAL_TIME ( 14, 17, 31.00000000000000000, #1103 ) ;
#765 = SECURITY_CLASSIFICATION_LEVEL ( 'unclassified' ) ;
#766 = DIRECTION ( 'NONE',  ( 0.000000000000000000, 0.000000000000000000, 1.000000000000000000 ) ) ;
#767 = ORIENTED_EDGE ( 'NONE', *, *, #118, .F. ) ;
#768 = DIRECTION ( 'NONE',  ( 0.000000000000000000, -8.211830238798920982E-17, -1.000000000000000000 ) ) ;
#769 = DATE_AND_TIME ( #1567, #3044 ) ;
#770 = CC_DESIGN_SECURITY_CLASSIFICATION ( #823, ( #3527 ) ) ;
#771 = SECURITY_CLASSIFICATION ( '', '', #2284 ) ;
#772 = PERSON_AND_ORGANIZATION_ROLE ( 'classification_officer' ) ;
#773 = ITEM_DEFINED_TRANSFORMATION ( 'NONE', 'NONE', #1195,  #333 ) ;
#774 = CARTESIAN_POINT ( 'NONE',  ( 251.0000000000037801, 612.4999999999988631, -1.499999999999964695 ) ) ;
#775 = ORGANIZATION ( 'NAUO-ORG22', 'UNSPECIFIED', 'UNSPECIFIED' ) ;
#776 = PRODUCT_DEFINITION_SHAPE ( 'NONE', 'NONE',  #3541 ) ;
#777 = DIRECTION ( 'NONE',  ( -1.000000000000000000, -0.000000000000000000, -0.000000000000000000 ) ) ;
#778 = VERTEX_POINT ( 'NONE', #396 ) ;
#779 = FACE_OUTER_BOUND ( 'NONE', #885, .T. ) ;
#780 = PRODUCT_DEFINITION_FORMATION_WITH_SPECIFIED_SOURCE ( 'ANY', '', #1513, .NOT_KNOWN. ) ;
#781 = CC_DESIGN_DATE_AND_TIME_ASSIGNMENT ( #2000, #623, ( #830 ) ) ;
#782 = PERSON_AND_ORGANIZATION_ROLE ( 'design_owner' ) ;
#783 = ORIENTED_EDGE ( 'NONE', *, *, #2913, .F. ) ;
#784 = ADVANCED_FACE ( 'NONE', ( #2367, #2346 ), #1629, .F. ) ;
#785 = VERTEX_POINT ( 'NONE', #2169 ) ;
#786 = EDGE_CURVE ( 'NONE', #742, #921, #1891, .T. ) ;
#787 = CALENDAR_DATE ( 2025, 1, 7 ) ;
#788 = AXIS2_PLACEMENT_3D ( 'NONE', #2396, #3436, #948 ) ;
#789 = CARTESIAN_POINT ( 'NONE',  ( 3.000000000000000000, 1.449149175665950251, -2.510000000000002451 ) ) ;
#790 = PERSON ( 'NAUO-PER11', 'UNSPECIFIED', 'UNSPECIFIED', ('UNSPECIFIED'), ('UNSPECIFIED'), ('UNSPECIFIED') ) ;
#791 = CARTESIAN_POINT ( 'NONE',  ( -241.9999999999998863, -649.5000000000006821, 5.000000000000000000 ) ) ;
#792 = COORDINATED_UNIVERSAL_TIME_OFFSET ( 3, 0, .AHEAD. ) ;
#793 = AXIS2_PLACEMENT_3D ( 'NONE', #3016, #590, #3316 ) ;
#794 = VECTOR ( 'NONE', #1283, 1000.000000000000000 ) ;
#795 = LINE ( 'NONE', #3051, #3003 ) ;
#796 = SECURITY_CLASSIFICATION_LEVEL ( 'unclassified' ) ;
#797 = COORDINATED_UNIVERSAL_TIME_OFFSET ( 3, 0, .AHEAD. ) ;
#798 = EDGE_LOOP ( 'NONE', ( #1848, #356, #2808, #2379 ) ) ;
#799 = CARTESIAN_POINT ( 'NONE',  ( -19.50000000000000000, -2.000000000000000000, -12.50000000000000000 ) ) ;
#800 = DIRECTION ( 'NONE',  ( 0.000000000000000000, 0.000000000000000000, 1.000000000000000000 ) ) ;
#801 = CIRCLE ( 'NONE', #967, 2.500000000000001332 ) ;
#802 = APPROVAL_ROLE ( '' ) ;
#803 = ORIENTED_EDGE ( 'NONE', *, *, #1375, .F. ) ;
#804 = CARTESIAN_POINT ( 'NONE',  ( 262.4999999999947704, 1.972681845513337106E-12, 0.2569489851418900739 ) ) ;
#805 = APPROVAL_STATUS ( 'not_yet_approved' ) ;
#806 = CARTESIAN_POINT ( 'NONE',  ( 0.000000000000000000, 2.400534810105723239E-16, -1.207811264064834411 ) ) ;
#807 = CALENDAR_DATE ( 2025, 1, 7 ) ;
#808 = SECURITY_CLASSIFICATION_LEVEL ( 'unclassified' ) ;
#809 = DIRECTION ( 'NONE',  ( 0.000000000000000000, 0.000000000000000000, 1.000000000000000000 ) ) ;
#810 = EDGE_CURVE ( 'NONE', #3149, #2049, #1945, .T. ) ;
#811 = LOCAL_TIME ( 14, 17, 31.00000000000000000, #472 ) ;
#812 = VERTEX_POINT ( 'NONE', #3065 ) ;
#813 = DIRECTION ( 'NONE',  ( 0.000000000000000000, 1.000000000000000000, 4.930380657631287000E-31 ) ) ;
#814 = CC_DESIGN_PERSON_AND_ORGANIZATION_ASSIGNMENT ( #2101, #3468, ( #3025 ) ) ;
#815 = PERSON_AND_ORGANIZATION ( #694, #1471 ) ;
#816 = ORIENTED_EDGE ( 'NONE', *, *, #3137, .F. ) ;
#817 = DATE_AND_TIME ( #549, #2180 ) ;
#818 = CONTEXT_DEPENDENT_SHAPE_REPRESENTATION ( #643, #282 ) ;
#819 = FACE_OUTER_BOUND ( 'NONE', #1418, .T. ) ;
#820 = APPROVAL ( #1898, 'UNKNOWN' ) ;
#821 = ADVANCED_FACE ( 'NONE', ( #1450 ), #1746, .T. ) ;
#822 = CONTEXT_DEPENDENT_SHAPE_REPRESENTATION ( #2339, #1615 ) ;
#823 = SECURITY_CLASSIFICATION ( '', '', #1878 ) ;
#824 = CARTESIAN_POINT ( 'NONE',  ( 4.336808689942017736E-16, -1.045995237657141086, -0.6039056320324182048 ) ) ;
#825 = SECURITY_CLASSIFICATION ( '', '', #3096 ) ;
#826 = EDGE_LOOP ( 'NONE', ( #2102 ) ) ;
#827 = EDGE_CURVE ( 'NONE', #1779, #1462, #1257, .T. ) ;
#828 = UNCERTAINTY_MEASURE_WITH_UNIT (LENGTH_MEASURE( 1.000000000000000082E-05 ), #2878, 'distance_accuracy_value', 'NONE');
#829 = CARTESIAN_POINT ( 'NONE',  ( 0.000000000000000000, 0.000000000000000000, 0.000000000000000000 ) ) ;
#830 = SECURITY_CLASSIFICATION ( '', '', #2772 ) ;
#831 = CARTESIAN_POINT ( 'NONE',  ( 0.000000000000000000, 2.898298351331913825, -4.987329993433320396E-15 ) ) ;
#832 = PERSON_AND_ORGANIZATION_ROLE ( 'creator' ) ;
#833 = ORIENTED_EDGE ( 'NONE', *, *, #365, .F. ) ;
#834 = DATE_AND_TIME ( #2765, #503 ) ;
#835 = PRODUCT_DEFINITION_SHAPE ( 'NONE', 'NONE',  #3539 ) ;
#836 = ORIENTED_EDGE ( 'NONE', *, *, #256, .F. ) ;
#837 = DIRECTION ( 'NONE',  ( 1.000000000000000000, -0.000000000000000000, -0.000000000000000000 ) ) ;
#838 = CC_DESIGN_APPROVAL ( #271, ( #1075 ) ) ;
#839 = VECTOR ( 'NONE', #957, 1000.000000000000000 ) ;
#840 = DATE_AND_TIME ( #3081, #2548 ) ;
#841 = APPROVAL_DATE_TIME ( #2837, #2478 ) ;
#842 = PERSON_AND_ORGANIZATION_ROLE ( 'classification_officer' ) ;
#843 = DIRECTION ( 'NONE',  ( 0.000000000000000000, 0.000000000000000000, -1.000000000000000000 ) ) ;
#844 = EDGE_CURVE ( 'NONE', #389, #389, #2448, .T. ) ;
#845 = EDGE_LOOP ( 'NONE', ( #1062, #3093, #1670, #1793, #3240, #1941 ) ) ;
#846 = CARTESIAN_POINT ( 'NONE',  ( 15.44549999999999379, 0.000000000000000000, 0.000000000000000000 ) ) ;
#847 = FACE_BOUND ( 'NONE', #2750, .T. ) ;
#848 = VECTOR ( 'NONE', #1673, 1000.000000000000000 ) ;
#849 = VECTOR ( 'NONE', #617, 1000.000000000000000 ) ;
#850 = CARTESIAN_POINT ( 'NONE',  ( 2.399999999999999911, 1.045995237657137755, 0.6039056320324146521 ) ) ;
#851 = ORIENTED_EDGE ( 'NONE', *, *, #2041, .F. ) ;
#852 = CIRCLE ( 'NONE', #2618, 4.750247116147409798 ) ;
#853 = APPLICATION_PROTOCOL_DEFINITION ( 'international standard', 'config_control_design', 1994, #2537 ) ;
#854 = ORIENTED_EDGE ( 'NONE', *, *, #2413, .F. ) ;
#855 = CARTESIAN_POINT ( 'NONE',  ( 3.000000000000000000, 0.000000000000000000, 0.000000000000000000 ) ) ;
#856 = CALENDAR_DATE ( 2025, 1, 7 ) ;
#857 = SECURITY_CLASSIFICATION_LEVEL ( 'unclassified' ) ;
#858 = COORDINATED_UNIVERSAL_TIME_OFFSET ( 3, 0, .AHEAD. ) ;
#859 = PRODUCT_DEFINITION_SHAPE ( 'NONE', 'NONE',  #3545 ) ;
#860 = PRODUCT_DEFINITION_FORMATION_WITH_SPECIFIED_SOURCE ( 'ANY', '', #2127, .NOT_KNOWN. ) ;
#861 = CARTESIAN_POINT ( 'NONE',  ( 0.000000000000000000, 0.000000000000000000, 12.00000000000000000 ) ) ;
#862 = DESIGN_CONTEXT ( 'detailed design', #890, 'design' ) ;
#863 = CARTESIAN_POINT ( 'NONE',  ( -241.9999999999999432, 660.0999999999994543, 5.000000000000000000 ) ) ;
#864 = CC_DESIGN_DATE_AND_TIME_ASSIGNMENT ( #3400, #2092, ( #1068 ) ) ;
#865 = EDGE_LOOP ( 'NONE', ( #669, #1285, #1997 ) ) ;
#866 = PERSON_AND_ORGANIZATION ( #694, #1471 ) ;
#867 = ORIENTED_EDGE ( 'NONE', *, *, #467, .T. ) ;
#868 = EDGE_CURVE ( 'NONE', #3396, #1447, #963, .T. ) ;
#869 = DIRECTION ( 'NONE',  ( 1.000000000000000000, 0.000000000000000000, 0.000000000000000000 ) ) ;
#870 = DATE_TIME_ROLE ( 'classification_date' ) ;
#871 =( REPRESENTATION_RELATIONSHIP ('NONE','NONE', #1820, #449 ) REPRESENTATION_RELATIONSHIP_WITH_TRANSFORMATION ( #3354 )SHAPE_REPRESENTATION_RELATIONSHIP( ) );
#872 = APPROVAL_STATUS ( 'not_yet_approved' ) ;
#873 = PERSON_AND_ORGANIZATION ( #3425, #2597 ) ;
#874 = VERTEX_POINT ( 'NONE', #2386 ) ;
#875 = FACE_OUTER_BOUND ( 'NONE', #3442, .T. ) ;
#876 =( NAMED_UNIT ( * ) SI_UNIT ( $, .STERADIAN. ) SOLID_ANGLE_UNIT ( ) );
#877 = APPROVAL_PERSON_ORGANIZATION ( #1336, #1422, #1905 ) ;
#878 = CC_DESIGN_APPROVAL ( #1102, ( #2355 ) ) ;
#879 = ORIENTED_EDGE ( 'NONE', *, *, #2962, .T. ) ;
#880 = APPROVAL ( #2663, 'UNKNOWN' ) ;
#881 = APPROVAL_PERSON_ORGANIZATION ( #304, #2860, #2790 ) ;
#882 = PLANE ( 'NONE',  #1089 ) ;
#883 = LOCAL_TIME ( 14, 17, 31.00000000000000000, #1730 ) ;
#884 = ADVANCED_FACE ( 'NONE', ( #2314, #3127 ), #1829, .T. ) ;
#885 = EDGE_LOOP ( 'NONE', ( #542, #501, #1808, #2638, #1960 ) ) ;
#886 = DIRECTION ( 'NONE',  ( -1.000000000000000000, -0.000000000000000000, -0.000000000000000000 ) ) ;
#887 = SECURITY_CLASSIFICATION_LEVEL ( 'unclassified' ) ;
#888 = ADVANCED_FACE ( 'NONE', ( #1809, #638 ), #520, .F. ) ;
#889 = LINE ( 'NONE', #2018, #3179 ) ;
#890 = APPLICATION_CONTEXT ( 'configuration controlled 3d designs of mechanical parts and assemblies' ) ;
#891 = CARTESIAN_POINT ( 'NONE',  ( 252.0000000000000000, -660.1000000000005912, 0.000000000000000000 ) ) ;
#892 = CALENDAR_DATE ( 2025, 1, 7 ) ;
#893 = CONTEXT_DEPENDENT_SHAPE_REPRESENTATION ( #1248, #2526 ) ;
#894 = VECTOR ( 'NONE', #2688, 1000.000000000000000 ) ;
#895 = DIRECTION ( 'NONE',  ( -1.000000000000000000, -0.000000000000000000, -0.000000000000000000 ) ) ;
#896 = AXIS2_PLACEMENT_3D ( 'NONE', #1235, #2369, #2032 ) ;
#897 = CARTESIAN_POINT ( 'NONE',  ( 3.000000000000000000, 1.449149175665955580, 2.509999999999997122 ) ) ;
#898 = FACE_OUTER_BOUND ( 'NONE', #3126, .T. ) ;
#899 = AXIS2_PLACEMENT_3D ( 'NONE', #1918, #2771, #1364 ) ;
#900 = DIRECTION ( 'NONE',  ( 0.000000000000000000, 0.000000000000000000, 1.000000000000000000 ) ) ;
#901 = DIRECTION ( 'NONE',  ( -3.000602769257179956E-15, 6.001205538514357546E-15, 1.000000000000000000 ) ) ;
#902 = CARTESIAN_POINT ( 'NONE',  ( -272.9999999999998295, -680.5000000000001137, 0.000000000000000000 ) ) ;
#903 = VECTOR ( 'NONE', #1266, 1000.000000000000000 ) ;
#904 = DIRECTION ( 'NONE',  ( -1.000000000000000000, 0.000000000000000000, 0.000000000000000000 ) ) ;
#905 = LOCAL_TIME ( 14, 17, 31.00000000000000000, #925 ) ;
#906 = APPROVAL_PERSON_ORGANIZATION ( #1642, #295, #2227 ) ;
#907 = ORIENTED_EDGE ( 'NONE', *, *, #471, .T. ) ;
#908 = CARTESIAN_POINT ( 'NONE',  ( 3.000000000000000000, 2.629050547790027368E-15, 2.509999999999997566 ) ) ;
#909 = DATE_TIME_ROLE ( 'creation_date' ) ;
#910 = VECTOR ( 'NONE', #1876, 1000.000000000000000 ) ;
#911 = AXIS2_PLACEMENT_3D ( 'NONE', #789, #1892, #2787 ) ;
#912 = EDGE_CURVE ( 'NONE', #1333, #874, #2846, .T. ) ;
#913 = CC_DESIGN_DATE_AND_TIME_ASSIGNMENT ( #518, #51, ( #823 ) ) ;
#914 = ORIENTED_EDGE ( 'NONE', *, *, #1124, .F. ) ;
#915 = FACE_BOUND ( 'NONE', #1549, .T. ) ;
#916 = COORDINATED_UNIVERSAL_TIME_OFFSET ( 3, 0, .AHEAD. ) ;
#917 = CALENDAR_DATE ( 2025, 1, 7 ) ;
#918 = DIRECTION ( 'NONE',  ( 0.000000000000000000, 1.000000000000000000, 0.000000000000000000 ) ) ;
#919 = CARTESIAN_POINT ( 'NONE',  ( 258.9999999999997158, 627.5000000000001137, 13.50000000000457767 ) ) ;
#920 = APPROVAL ( #2908, 'UNSPECIFIED' ) ;
#921 = VERTEX_POINT ( 'NONE', #3186 ) ;
#922 = FACE_OUTER_BOUND ( 'NONE', #1357, .T. ) ;
#923 = LOCAL_TIME ( 14, 17, 31.00000000000000000, #1299 ) ;
#924 = ORIENTED_EDGE ( 'NONE', *, *, #1018, .F. ) ;
#925 = COORDINATED_UNIVERSAL_TIME_OFFSET ( 3, 0, .AHEAD. ) ;
#926 = DIRECTION ( 'NONE',  ( -0.000000000000000000, 1.000000000000000000, -0.000000000000000000 ) ) ;
#927 = APPROVAL_ROLE ( '' ) ;
#928 = EDGE_LOOP ( 'NONE', ( #1762 ) ) ;
#929 = DIRECTION ( 'NONE',  ( 1.000000000000000000, 0.000000000000000000, 0.000000000000000000 ) ) ;
#930 = COORDINATED_UNIVERSAL_TIME_OFFSET ( 3, 0, .AHEAD. ) ;
#931 = APPROVAL ( #2700, 'UNKNOWN' ) ;
#932 = EDGE_CURVE ( 'NONE', #3308, #3323, #2334, .T. ) ;
#933 = UNCERTAINTY_MEASURE_WITH_UNIT (LENGTH_MEASURE( 1.000000000000000082E-05 ), #1358, 'distance_accuracy_value', 'NONE');
#934 = CARTESIAN_POINT ( 'NONE',  ( -258.9999999999997726, 627.5000000000001137, 13.50000000000456346 ) ) ;
#935 = EDGE_CURVE ( 'NONE', #3088, #2098, #657, .T. ) ;
#936 = ORIENTED_EDGE ( 'NONE', *, *, #366, .F. ) ;
#937 = VERTEX_POINT ( 'NONE', #1805 ) ;
#938 = CC_DESIGN_SECURITY_CLASSIFICATION ( #1068, ( #3532 ) ) ;
#939 = CARTESIAN_POINT ( 'NONE',  ( 3.000000000000000000, 2.898298351331913825, -4.987329993433320396E-15 ) ) ;
#940 = ORIENTED_EDGE ( 'NONE', *, *, #2935, .T. ) ;
#941 = CC_DESIGN_SECURITY_CLASSIFICATION ( #496, ( #3540 ) ) ;
#942 = LINE ( 'NONE', #1794, #3009 ) ;
#943 = APPROVAL_PERSON_ORGANIZATION ( #1107, #1389, #2581 ) ;
#944 = LOCAL_TIME ( 14, 17, 31.00000000000000000, #3112 ) ;
#945 = PERSON_AND_ORGANIZATION_ROLE ( 'design_owner' ) ;
#946 = EDGE_LOOP ( 'NONE', ( #2350 ) ) ;
#947 = APPROVAL_STATUS ( 'not_yet_approved' ) ;
#948 = DIRECTION ( 'NONE',  ( 0.000000000000000000, 0.000000000000000000, 1.000000000000000000 ) ) ;
#949 = DIRECTION ( 'NONE',  ( 0.000000000000000000, 0.000000000000000000, 1.000000000000000000 ) ) ;
#950 = CARTESIAN_POINT ( 'NONE',  ( 0.000000000000000000, 2.898298351331913825, -4.987329993433320396E-15 ) ) ;
#951 = AXIS2_PLACEMENT_3D ( 'NONE', #82, #628, #1162 ) ;
#952 = DIRECTION ( 'NONE',  ( -1.224646799147343593E-16, 3.969277180650274650E-30, -1.000000000000000000 ) ) ;
#953 = EDGE_CURVE ( 'NONE', #3160, #3462, #942, .T. ) ;
#954 = ADVANCED_FACE ( 'NONE', ( #414 ), #1519, .T. ) ;
#955 = ORIENTED_EDGE ( 'NONE', *, *, #1705, .T. ) ;
#956 = DIRECTION ( 'NONE',  ( 0.000000000000000000, -0.000000000000000000, -1.000000000000000000 ) ) ;
#957 = DIRECTION ( 'NONE',  ( -0.000000000000000000, 1.000000000000000000, 0.000000000000000000 ) ) ;
#958 = DIRECTION ( 'NONE',  ( 0.000000000000000000, 0.000000000000000000, -1.000000000000000000 ) ) ;
#959 = EDGE_CURVE ( 'NONE', #3516, #742, #2635, .T. ) ;
#960 = CARTESIAN_POINT ( 'NONE',  ( -3.499999999999999556, -2.000000000000000000, 12.50000000000000000 ) ) ;
#961 = ORIENTED_EDGE ( 'NONE', *, *, #1375, .T. ) ;
#962 = CC_DESIGN_PERSON_AND_ORGANIZATION_ASSIGNMENT ( #527, #1640, ( #2064 ) ) ;
#963 = LINE ( 'NONE', #977, #2786 ) ;
#964 = APPROVAL_ROLE ( '' ) ;
#965 = AXIS2_PLACEMENT_3D ( 'NONE', #3128, #2244, #357 ) ;
#966 = ORIENTED_EDGE ( 'NONE', *, *, #354, .T. ) ;
#967 = AXIS2_PLACEMENT_3D ( 'NONE', #1021, #749, #2969 ) ;
#968 = DATE_AND_TIME ( #1543, #101 ) ;
#969 = CIRCLE ( 'NONE', #33, 2.509999999999999787 ) ;
#970 = ORIENTED_EDGE ( 'NONE', *, *, #315, .T. ) ;
#971 = DESIGN_CONTEXT ( 'detailed design', #1069, 'design' ) ;
#972 = CARTESIAN_POINT ( 'NONE',  ( 262.4999999999999432, 2.220446049250313081E-13, -1.823392601085531814E-29 ) ) ;
#973 = DIRECTION ( 'NONE',  ( -3.258972993211821573E-15, 0.5388066400637112618, 0.8424294656665649583 ) ) ;
#974 = CARTESIAN_POINT ( 'NONE',  ( 267.2502471161473636, 2.220446049250313081E-13, 1.500000000000000000 ) ) ;
#975 = CC_DESIGN_PERSON_AND_ORGANIZATION_ASSIGNMENT ( #1910, #3043, ( #3390 ) ) ;
#976 = LOCAL_TIME ( 14, 17, 31.00000000000000000, #1692 ) ;
#977 = CARTESIAN_POINT ( 'NONE',  ( 3.000000000000000000, -1.449149175665962463, 2.510000000000000231 ) ) ;
#978 = DIRECTION ( 'NONE',  ( 0.000000000000000000, 1.000000000000000000, 0.000000000000000000 ) ) ;
#979 = COORDINATED_UNIVERSAL_TIME_OFFSET ( 3, 0, .AHEAD. ) ;
#980 = CARTESIAN_POINT ( 'NONE',  ( 2.399999999999999911, 1.838501190585717149, 3.184377471870329046 ) ) ;
#981 = EDGE_CURVE ( 'NONE', #135, #135, #2673, .T. ) ;
#982 = PERSON_AND_ORGANIZATION ( #694, #1471 ) ;
#983 = EDGE_LOOP ( 'NONE', ( #3366 ) ) ;
#984 = CALENDAR_DATE ( 2025, 1, 7 ) ;
#985 = CYLINDRICAL_SURFACE ( 'NONE', #1636, 2.500000000000001332 ) ;
#986 = CARTESIAN_POINT ( 'NONE',  ( 0.000000000000000000, 0.000000000000000000, 0.000000000000000000 ) ) ;
#987 = DIRECTION ( 'NONE',  ( -0.000000000000000000, -0.000000000000000000, -1.000000000000000000 ) ) ;
#988 = DIRECTION ( 'NONE',  ( -0.000000000000000000, -4.930380657631323784E-31, -1.000000000000000000 ) ) ;
#989 = ORIENTED_EDGE ( 'NONE', *, *, #2168, .F. ) ;
#990 = FACE_OUTER_BOUND ( 'NONE', #2712, .T. ) ;
#991 = VERTEX_POINT ( 'NONE', #1354 ) ;
#992 = DIRECTION ( 'NONE',  ( 0.000000000000000000, 0.8660254037844380415, -0.5000000000000012212 ) ) ;
#993 = SECURITY_CLASSIFICATION_LEVEL ( 'unclassified' ) ;
#994 = ORIENTED_EDGE ( 'NONE', *, *, #2530, .T. ) ;
#995 = CC_DESIGN_DATE_AND_TIME_ASSIGNMENT ( #606, #551, ( #825 ) ) ;
#996 = DATE_AND_TIME ( #2906, #2876 ) ;
#997 = DIRECTION ( 'NONE',  ( 0.000000000000000000, 0.000000000000000000, 1.000000000000000000 ) ) ;
#998 = ORGANIZATION ( 'NAUO-ORG6', 'UNSPECIFIED', 'UNSPECIFIED' ) ;
#999 = ORIENTED_EDGE ( 'NONE', *, *, #540, .F. ) ;
#1000 = PLANE ( 'NONE',  #2791 ) ;
#1001 = COORDINATED_UNIVERSAL_TIME_OFFSET ( 3, 0, .AHEAD. ) ;
#1002 = CARTESIAN_POINT ( 'NONE',  ( 0.000000000000000000, -1.449149175665962463, 2.510000000000000231 ) ) ;
#1003 = EDGE_CURVE ( 'NONE', #2049, #742, #3231, .T. ) ;
#1004 = CC_DESIGN_APPROVAL ( #3457, ( #830 ) ) ;
#1005 = FACE_OUTER_BOUND ( 'NONE', #238, .T. ) ;
#1006 = CALENDAR_DATE ( 2025, 1, 7 ) ;
#1007 = ORIENTED_EDGE ( 'NONE', *, *, #2630, .T. ) ;
#1008 = DIRECTION ( 'NONE',  ( -0.000000000000000000, -4.930380657631323784E-31, 1.000000000000000000 ) ) ;
#1009 = CARTESIAN_POINT ( 'NONE',  ( -11.49999999999999822, -2.000000000000000000, -2.500000000000001332 ) ) ;
#1010 = PERSON_AND_ORGANIZATION_ROLE ( 'design_owner' ) ;
#1011 = DATE_TIME_ROLE ( 'classification_date' ) ;
#1012 = CARTESIAN_POINT ( 'NONE',  ( 0.000000000000000000, -2.898298351331925371, 2.602085213965210642E-15 ) ) ;
#1013 = PERSON_AND_ORGANIZATION_ROLE ( 'design_supplier' ) ;
#1014 = ORIENTED_EDGE ( 'NONE', *, *, #3280, .T. ) ;
#1015 = DATE_AND_TIME ( #1564, #1182 ) ;
#1016 = LOCAL_TIME ( 14, 17, 31.00000000000000000, #3287 ) ;
#1017 = SECURITY_CLASSIFICATION_LEVEL ( 'unclassified' ) ;
#1018 = EDGE_CURVE ( 'NONE', #2780, #1979, #420, .T. ) ;
#1019 = VECTOR ( 'NONE', #3410, 1000.000000000000000 ) ;
#1020 = CC_DESIGN_PERSON_AND_ORGANIZATION_ASSIGNMENT ( #3500, #1259, ( #2952 ) ) ;
#1021 = CARTESIAN_POINT ( 'NONE',  ( -11.49999999999999822, -2.000000000000000000, 0.000000000000000000 ) ) ;
#1022 = AXIS2_PLACEMENT_3D ( 'NONE', #804, #1850, #1340 ) ;
#1023 = EDGE_LOOP ( 'NONE', ( #2507, #1827, #2421, #2372 ) ) ;
#1024 = VECTOR ( 'NONE', #428, 1000.000000000000000 ) ;
#1025 = APPROVAL_DATE_TIME ( #3235, #2428 ) ;
#1026 = APPROVAL_DATE_TIME ( #1052, #1102 ) ;
#1027 = EDGE_CURVE ( 'NONE', #1745, #28, #162, .T. ) ;
#1028 = CARTESIAN_POINT ( 'NONE',  ( -245.0000000000038369, 612.4999999999988631, -12.99999999999985789 ) ) ;
#1029 = AXIS2_PLACEMENT_3D ( 'NONE', #1735, #1373, #1973 ) ;
#1030 = ORIENTED_EDGE ( 'NONE', *, *, #2110, .T. ) ;
#1031 = EDGE_LOOP ( 'NONE', ( #447 ) ) ;
#1032 = VERTEX_POINT ( 'NONE', #2710 ) ;
#1033 = PERSON_AND_ORGANIZATION_ROLE ( 'creator' ) ;
#1034 = EDGE_LOOP ( 'NONE', ( #2163 ) ) ;
#1035 = ORIENTED_EDGE ( 'NONE', *, *, #2695, .T. ) ;
#1036 = DIRECTION ( 'NONE',  ( 1.000000000000000000, 0.000000000000000000, -0.000000000000000000 ) ) ;
#1037 = CARTESIAN_POINT ( 'NONE',  ( 244.9999999999998579, -1.221245327087672194E-12, -12.99999999999996270 ) ) ;
#1038 = APPROVAL_STATUS ( 'not_yet_approved' ) ;
#1039 = CARTESIAN_POINT ( 'NONE',  ( 271.5000000000002842, -679.0000000000004547, 19.99999999999837641 ) ) ;
#1040 = DIRECTION ( 'NONE',  ( 0.000000000000000000, 0.000000000000000000, -1.000000000000000000 ) ) ;
#1041 = LINE ( 'NONE', #1377, #455 ) ;
#1042 = VERTEX_POINT ( 'NONE', #728 ) ;
#1043 = COORDINATED_UNIVERSAL_TIME_OFFSET ( 3, 0, .AHEAD. ) ;
#1044 = DIRECTION ( 'NONE',  ( 0.000000000000000000, 0.000000000000000000, -1.000000000000000000 ) ) ;
#1045 = DATE_TIME_ROLE ( 'classification_date' ) ;
#1046 = LINE ( 'NONE', #2993, #612 ) ;
#1047 = CC_DESIGN_PERSON_AND_ORGANIZATION_ASSIGNMENT ( #1747, #1213, ( #1559 ) ) ;
#1048 = PRODUCT_DEFINITION_SHAPE ( 'NONE', 'NONE',  #1909 ) ;
#1049 = FACE_BOUND ( 'NONE', #2669, .T. ) ;
#1050 = CC_DESIGN_DATE_AND_TIME_ASSIGNMENT ( #733, #1586, ( #3099 ) ) ;
#1051 = ITEM_DEFINED_TRANSFORMATION ( 'NONE', 'NONE', #3068,  #565 ) ;
#1052 = DATE_AND_TIME ( #3513, #3213 ) ;
#1053 = EDGE_CURVE ( 'NONE', #489, #874, #2683, .T. ) ;
#1054 = ORIENTED_EDGE ( 'NONE', *, *, #64, .F. ) ;
#1055 = PLANE ( 'NONE',  #2899 ) ;
#1056 = DIRECTION ( 'NONE',  ( 0.000000000000000000, -1.000000000000000000, 1.047430497127501904E-15 ) ) ;
#1057 = VERTEX_POINT ( 'NONE', #721 ) ;
#1058 = EDGE_CURVE ( 'NONE', #2091, #207, #2928, .T. ) ;
#1059 = MANIFOLD_SOLID_BREP ( 'Cut-Revolve1', #1100 ) ;
#1060 = APPROVAL_STATUS ( 'not_yet_approved' ) ;
#1061 = VERTEX_POINT ( 'NONE', #2050 ) ;
#1062 = ORIENTED_EDGE ( 'NONE', *, *, #3264, .F. ) ;
#1063 = LINE ( 'NONE', #1659, #1856 ) ;
#1064 = COORDINATED_UNIVERSAL_TIME_OFFSET ( 3, 0, .AHEAD. ) ;
#1065 = LINE ( 'NONE', #1002, #3521 ) ;
#1066 = DATE_TIME_ROLE ( 'classification_date' ) ;
#1067 = LINE ( 'NONE', #3290, #3446 ) ;
#1068 = SECURITY_CLASSIFICATION ( '', '', #360 ) ;
#1069 = APPLICATION_CONTEXT ( 'configuration controlled 3d designs of mechanical parts and assemblies' ) ;
#1070 = CC_DESIGN_APPROVAL ( #2860, ( #771 ) ) ;
#1071 = DATE_AND_TIME ( #538, #1721 ) ;
#1072 = COORDINATED_UNIVERSAL_TIME_OFFSET ( 3, 0, .AHEAD. ) ;
#1073 = CC_DESIGN_SECURITY_CLASSIFICATION ( #712, ( #3546 ) ) ;
#1074 = EDGE_LOOP ( 'NONE', ( #557 ) ) ;
#1075 = SECURITY_CLASSIFICATION ( '', '', #2214 ) ;
#1076 = SHAPE_REPRESENTATION_RELATIONSHIP ( 'NONE' , 'NONE' ,  #3142, #1366 ) ;
#1077 = DIRECTION ( 'NONE',  ( 0.000000000000000000, 1.000000000000000000, 4.930380657631287000E-31 ) ) ;
#1078 = DATE_TIME_ROLE ( 'classification_date' ) ;
#1079 = ORIENTED_EDGE ( 'NONE', *, *, #732, .F. ) ;
#1080 = EDGE_LOOP ( 'NONE', ( #1722, #506, #21, #1857 ) ) ;
#1081 = DIRECTION ( 'NONE',  ( -0.000000000000000000, 1.000000000000000000, 0.000000000000000000 ) ) ;
#1082 = PERSON_AND_ORGANIZATION_ROLE ( 'design_supplier' ) ;
#1083 = AXIS2_PLACEMENT_3D ( 'NONE', #1192, #1177, #2656 ) ;
#1084 = CARTESIAN_POINT ( 'NONE',  ( 273.0000000000002274, -680.5000000000004547, 20.00000000000000000 ) ) ;
#1085 = COORDINATED_UNIVERSAL_TIME_OFFSET ( 3, 0, .AHEAD. ) ;
#1086 = CONTEXT_DEPENDENT_SHAPE_REPRESENTATION ( #1096, #3020 ) ;
#1087 = DIRECTION ( 'NONE',  ( 4.089219243554904790E-16, 1.000000000000000000, 6.001205538514357546E-15 ) ) ;
#1088 = COORDINATED_UNIVERSAL_TIME_OFFSET ( 3, 0, .AHEAD. ) ;
#1089 = AXIS2_PLACEMENT_3D ( 'NONE', #2259, #904, #2010 ) ;
#1090 = PRODUCT_RELATED_PRODUCT_CATEGORY ( 'detail', '', ( #3414 ) ) ;
#1091 = PERSON_AND_ORGANIZATION_ROLE ( 'classification_officer' ) ;
#1092 = COORDINATED_UNIVERSAL_TIME_OFFSET ( 3, 0, .AHEAD. ) ;
#1093 = VECTOR ( 'NONE', #2632, 1000.000000000000000 ) ;
#1094 = PRODUCT_DEFINITION_FORMATION_WITH_SPECIFIED_SOURCE ( 'ANY', '', #2894, .NOT_KNOWN. ) ;
#1095 = AXIS2_PLACEMENT_3D ( 'NONE', #2972, #2704, #1900 ) ;
#1096 =( REPRESENTATION_RELATIONSHIP ('NONE','NONE', #3165, #665 ) REPRESENTATION_RELATIONSHIP_WITH_TRANSFORMATION ( #2474 )SHAPE_REPRESENTATION_RELATIONSHIP( ) );
#1097 = ORIENTED_EDGE ( 'NONE', *, *, #2459, .F. ) ;
#1098 = CONICAL_SURFACE ( 'NONE', #3403, 3077.683537175206311, 1.256637061435912806 ) ;
#1099 = PERSON ( 'NAUO-PER16', 'UNSPECIFIED', 'UNSPECIFIED', ('UNSPECIFIED'), ('UNSPECIFIED'), ('UNSPECIFIED') ) ;
#1100 = CLOSED_SHELL ( 'NONE', ( #736, #1164, #102, #265, #1205, #821, #784, #1912, #2982, #3079 ) ) ;
#1101 = PERSON_AND_ORGANIZATION ( #694, #1471 ) ;
#1102 = APPROVAL ( #273, 'UNSPECIFIED' ) ;
#1103 = COORDINATED_UNIVERSAL_TIME_OFFSET ( 3, 0, .AHEAD. ) ;
#1104 = EDGE_CURVE ( 'NONE', #2062, #1302, #1869, .T. ) ;
#1105 = DIRECTION ( 'NONE',  ( 0.000000000000000000, 1.000000000000000000, 0.000000000000000000 ) ) ;
#1106 = DATE_AND_TIME ( #3361, #6 ) ;
#1107 = PERSON_AND_ORGANIZATION ( #3130, #2600 ) ;
#1108 = CALENDAR_DATE ( 2025, 1, 7 ) ;
#1109 = AXIS2_PLACEMENT_3D ( 'NONE', #277, #2462, #3517 ) ;
#1110 = APPROVAL_PERSON_ORGANIZATION ( #2035, #920, #3131 ) ;
#1111 = ORIENTED_EDGE ( 'NONE', *, *, #68, .F. ) ;
#1112 = CARTESIAN_POINT ( 'NONE',  ( -241.9999999999999432, -649.5000000000004547, 3.796405077356797797E-14 ) ) ;
#1113 = LINE ( 'NONE', #2659, #3163 ) ;
#1114 = ORIENTED_EDGE ( 'NONE', *, *, #214, .F. ) ;
#1115 = CC_DESIGN_DATE_AND_TIME_ASSIGNMENT ( #968, #435, ( #2003 ) ) ;
#1116 = DIRECTION ( 'NONE',  ( 1.000000000000000000, 0.000000000000000000, 0.000000000000000000 ) ) ;
#1117 = APPROVAL_STATUS ( 'not_yet_approved' ) ;
#1118 = CARTESIAN_POINT ( 'NONE',  ( 0.000000000000000000, 1.838501190585713374, -3.184377471870329934 ) ) ;
#1119 = DIRECTION ( 'NONE',  ( 3.000602769257179956E-15, 0.000000000000000000, 1.000000000000000000 ) ) ;
#1120 = PERSON_AND_ORGANIZATION_ROLE ( 'classification_officer' ) ;
#1121 = CARTESIAN_POINT ( 'NONE',  ( -3.499999999999999556, 0.000000000000000000, -12.50000000000000000 ) ) ;
#1122 = CARTESIAN_POINT ( 'NONE',  ( 3.000000000000000000, -3.004629197474320429E-15, -2.510000000000000675 ) ) ;
#1123 = DATE_AND_TIME ( #892, #3437 ) ;
#1124 = EDGE_CURVE ( 'NONE', #1042, #489, #1929, .T. ) ;
#1125 = CARTESIAN_POINT ( 'NONE',  ( 252.5999999999998238, 649.4999999999993179, 5.000000000000000000 ) ) ;
#1126 = ORGANIZATION ( 'NAUO-ORG3', 'UNSPECIFIED', 'UNSPECIFIED' ) ;
#1127 = LOCAL_TIME ( 14, 17, 31.00000000000000000, #1434 ) ;
#1128 = EDGE_LOOP ( 'NONE', ( #989, #2562, #137, #151, #2239 ) ) ;
#1129 = DIRECTION ( 'NONE',  ( -1.000000000000000000, -0.000000000000000000, -0.000000000000000000 ) ) ;
#1130 = DIRECTION ( 'NONE',  ( -1.000000000000000000, -0.000000000000000000, -0.000000000000000000 ) ) ;
#1131 = APPROVAL_PERSON_ORGANIZATION ( #1349, #2428, #1368 ) ;
#1132 = CC_DESIGN_SECURITY_CLASSIFICATION ( #1559, ( #1094 ) ) ;
#1133 = ORIENTED_EDGE ( 'NONE', *, *, #3402, .T. ) ;
#1134 = FACE_OUTER_BOUND ( 'NONE', #928, .T. ) ;
#1135 = DIRECTION ( 'NONE',  ( 0.000000000000000000, 0.000000000000000000, 1.000000000000000000 ) ) ;
#1136 = DATE_AND_TIME ( #1999, #3154 ) ;
#1137 =( REPRESENTATION_RELATIONSHIP ('NONE','NONE', #3165, #665 ) REPRESENTATION_RELATIONSHIP_WITH_TRANSFORMATION ( #2233 )SHAPE_REPRESENTATION_RELATIONSHIP( ) );
#1138 = DIRECTION ( 'NONE',  ( 1.000000000000000000, 0.000000000000000000, -0.000000000000000000 ) ) ;
#1139 = DIRECTION ( 'NONE',  ( -1.000000000000000000, 0.000000000000000000, 0.000000000000000000 ) ) ;
#1140 = VECTOR ( 'NONE', #1455, 1000.000000000000000 ) ;
#1141 = DATE_AND_TIME ( #63, #2769 ) ;
#1142 = PERSON_AND_ORGANIZATION_ROLE ( 'classification_officer' ) ;
#1143 = CC_DESIGN_PERSON_AND_ORGANIZATION_ASSIGNMENT ( #723, #1557, ( #1964 ) ) ;
#1144 = DIRECTION ( 'NONE',  ( -0.000000000000000000, -0.000000000000000000, -1.000000000000000000 ) ) ;
#1145 = AXIS2_PLACEMENT_3D ( 'NONE', #2889, #416, #1812 ) ;
#1146 = CARTESIAN_POINT ( 'NONE',  ( -19.50000000000000000, -2.000000000000000000, 12.50000000000000000 ) ) ;
#1147 = AXIS2_PLACEMENT_3D ( 'NONE', #353, #629, #3105 ) ;
#1148 = CARTESIAN_POINT ( 'NONE',  ( -2.000000000000000000, -19.50000000000000000, -12.50000000000000000 ) ) ;
#1149 = CIRCLE ( 'NONE', #122, 2.500000000000001776 ) ;
#1150 = EDGE_CURVE ( 'NONE', #2435, #1313, #969, .T. ) ;
#1151 = ORIENTED_EDGE ( 'NONE', *, *, #2307, .T. ) ;
#1152 = LINE ( 'NONE', #2280, #234 ) ;
#1153 = AXIS2_PLACEMENT_3D ( 'NONE', #1934, #287, #3288 ) ;
#1154 = AXIS2_PLACEMENT_3D ( 'NONE', #2150, #1603, #1680 ) ;
#1155 = PERSON_AND_ORGANIZATION_ROLE ( 'design_owner' ) ;
#1156 = PLANE ( 'NONE',  #2219 ) ;
#1157 = ITEM_DEFINED_TRANSFORMATION ( 'NONE', 'NONE', #1022,  #565 ) ;
#1158 = COORDINATED_UNIVERSAL_TIME_OFFSET ( 3, 0, .AHEAD. ) ;
#1159 = DIRECTION ( 'NONE',  ( 0.000000000000000000, 0.000000000000000000, 1.000000000000000000 ) ) ;
#1160 = CC_DESIGN_PERSON_AND_ORGANIZATION_ASSIGNMENT ( #1304, #2951, ( #3327 ) ) ;
#1161 = APPROVAL_PERSON_ORGANIZATION ( #1883, #442, #2183 ) ;
#1162 = DIRECTION ( 'NONE',  ( 1.000000000000000000, -1.816356012457813024E-17, 2.985366366334960809E-17 ) ) ;
#1163 = EDGE_CURVE ( 'NONE', #28, #2594, #1063, .T. ) ;
#1164 = ADVANCED_FACE ( 'NONE', ( #2509, #1577 ), #45, .T. ) ;
#1165 = ORIENTED_EDGE ( 'NONE', *, *, #3357, .T. ) ;
#1166 = EDGE_CURVE ( 'NONE', #1061, #1042, #3460, .T. ) ;
#1167 = DIRECTION ( 'NONE',  ( -0.000000000000000000, 1.000000000000000000, -0.000000000000000000 ) ) ;
#1168 = ORIENTED_EDGE ( 'NONE', *, *, #1622, .T. ) ;
#1169 = CARTESIAN_POINT ( 'NONE',  ( 0.000000000000000000, 0.000000000000000000, 0.000000000000000000 ) ) ;
#1170 = APPROVAL_ROLE ( '' ) ;
#1171 = DIRECTION ( 'NONE',  ( 0.000000000000000000, 0.000000000000000000, -1.000000000000000000 ) ) ;
#1172 = DIRECTION ( 'NONE',  ( 1.000000000000000000, 0.000000000000000000, 0.000000000000000000 ) ) ;
#1173 = DIRECTION ( 'NONE',  ( 0.000000000000000000, 0.000000000000000000, 1.000000000000000000 ) ) ;
#1174 = LOCAL_TIME ( 14, 17, 31.00000000000000000, #858 ) ;
#1175 = PERSON ( 'NAUO-PER18', 'UNSPECIFIED', 'UNSPECIFIED', ('UNSPECIFIED'), ('UNSPECIFIED'), ('UNSPECIFIED') ) ;
#1176 = LOCAL_TIME ( 14, 17, 31.00000000000000000, #3232 ) ;
#1177 = DIRECTION ( 'NONE',  ( 0.000000000000000000, 0.000000000000000000, 1.000000000000000000 ) ) ;
#1178 = CC_DESIGN_DATE_AND_TIME_ASSIGNMENT ( #1537, #2658, ( #2952 ) ) ;
#1179 = APPROVAL_PERSON_ORGANIZATION ( #2322, #1544, #2644 ) ;
#1180 = CARTESIAN_POINT ( 'NONE',  ( -271.4999999999998295, 678.9999999999998863, 1.500000000000000000 ) ) ;
#1181 = APPROVAL_DATE_TIME ( #2641, #3000 ) ;
#1182 = LOCAL_TIME ( 14, 17, 31.00000000000000000, #3230 ) ;
#1183 = B_SPLINE_CURVE_WITH_KNOTS ( 'NONE', 3,
 ( #1282, #247, #2410, #475, #1300, #980, #453, #2471, #1301, #2099, #700, #78, #621, #93, #1748 ),
 .UNSPECIFIED., .T., .F.,
 ( 4, 1, 1, 1, 1, 1, 1, 1, 1, 1, 1, 1, 4 ),
 ( 0.000000000000000000, 0.08333333333333325932, 0.1666666666666666297, 0.2500000000000000000, 0.3333333333333333703, 0.4166666666666666297, 0.5000000000000000000, 0.5833333333333334814, 0.6666666666666667407, 0.7500000000000000000, 0.8333333333333333703, 0.9166666666666665186, 1.000000000000000000 ),
 .UNSPECIFIED. ) ;
#1184 = CIRCLE ( 'NONE', #610, 1.849999999999999867 ) ;
#1185 = PERSON_AND_ORGANIZATION ( #694, #1471 ) ;
#1186 = VERTEX_POINT ( 'NONE', #3297 ) ;
#1187 = ORIENTED_EDGE ( 'NONE', *, *, #2781, .F. ) ;
#1188 = CALENDAR_DATE ( 2025, 1, 7 ) ;
#1189 = CALENDAR_DATE ( 2025, 1, 7 ) ;
#1190 = CC_DESIGN_PERSON_AND_ORGANIZATION_ASSIGNMENT ( #2734, #2261, ( #1853 ) ) ;
#1191 = AXIS2_PLACEMENT_3D ( 'NONE', #897, #70, #148 ) ;
#1192 = CARTESIAN_POINT ( 'NONE',  ( 0.000000000000000000, 0.000000000000000000, 11.00000000000000000 ) ) ;
#1193 = LOCAL_TIME ( 14, 17, 31.00000000000000000, #1085 ) ;
#1194 = FACE_OUTER_BOUND ( 'NONE', #3493, .T. ) ;
#1195 = AXIS2_PLACEMENT_3D ( 'NONE', #986, #1310, #1612 ) ;
#1196 = COORDINATED_UNIVERSAL_TIME_OFFSET ( 3, 0, .AHEAD. ) ;
#1197 = EDGE_LOOP ( 'NONE', ( #622, #2882, #2282, #1239 ) ) ;
#1198 = CC_DESIGN_PERSON_AND_ORGANIZATION_ASSIGNMENT ( #1349, #2440, ( #3099 ) ) ;
#1199 = DIRECTION ( 'NONE',  ( -3.000602769257179956E-15, -6.001205538514357546E-15, -1.000000000000000000 ) ) ;
#1200 = DIRECTION ( 'NONE',  ( -1.000000000000000000, -0.000000000000000000, -0.000000000000000000 ) ) ;
#1201 = EDGE_LOOP ( 'NONE', ( #3306, #2345, #1879, #1374, #276, #1689 ) ) ;
#1202 = COORDINATED_UNIVERSAL_TIME_OFFSET ( 3, 0, .AHEAD. ) ;
#1203 = DATE_AND_TIME ( #126, #494 ) ;
#1204 = DIRECTION ( 'NONE',  ( -1.000000000000000000, -0.000000000000000000, -0.000000000000000000 ) ) ;
#1205 = ADVANCED_FACE ( 'NONE', ( #2701, #1348 ), #516, .T. ) ;
#1206 = DIRECTION ( 'NONE',  ( 1.000000000000000000, 0.000000000000000000, 0.000000000000000000 ) ) ;
#1207 = CARTESIAN_POINT ( 'NONE',  ( 6.000000000000001776, 5.000000000000000000, 0.000000000000000000 ) ) ;
#1208 = DIRECTION ( 'NONE',  ( -0.000000000000000000, -0.000000000000000000, -1.000000000000000000 ) ) ;
#1209 = EDGE_LOOP ( 'NONE', ( #529, #2980, #106, #1553 ) ) ;
#1210 = CARTESIAN_POINT ( 'NONE',  ( 0.000000000000000000, 0.000000000000000000, 0.000000000000000000 ) ) ;
#1211 = DIRECTION ( 'NONE',  ( 0.000000000000000000, 1.000000000000000000, -1.047430497127501904E-15 ) ) ;
#1212 = LINE ( 'NONE', #939, #2726 ) ;
#1213 = PERSON_AND_ORGANIZATION_ROLE ( 'classification_officer' ) ;
#1214 = CIRCLE ( 'NONE', #3198, 6.000000000000005329 ) ;
#1215 = DIRECTION ( 'NONE',  ( 0.000000000000000000, -0.4999999999999984457, 0.8660254037844394848 ) ) ;
#1216 = CARTESIAN_POINT ( 'NONE',  ( 3.000000000000000000, 0.000000000000000000, 0.000000000000000000 ) ) ;
#1217 = PERSON_AND_ORGANIZATION ( #694, #1471 ) ;
#1218 = ORIENTED_EDGE ( 'NONE', *, *, #912, .T. ) ;
#1219 = ADVANCED_FACE ( 'NONE', ( #2152 ), #2218, .T. ) ;
#1220 = APPROVAL_DATE_TIME ( #1507, #2457 ) ;
#1221 = PLANE ( 'NONE',  #2996 ) ;
#1222 = PLANE ( 'NONE',  #564 ) ;
#1223 = DIRECTION ( 'NONE',  ( 0.000000000000000000, 0.000000000000000000, 1.000000000000000000 ) ) ;
#1224 = CARTESIAN_POINT ( 'NONE',  ( 0.000000000000000000, 1.449149175665958023, 2.509999999999997122 ) ) ;
#1225 = EDGE_LOOP ( 'NONE', ( #2606 ) ) ;
#1226 = DIRECTION ( 'NONE',  ( 0.000000000000000000, 0.000000000000000000, 1.000000000000000000 ) ) ;
#1227 = COORDINATED_UNIVERSAL_TIME_OFFSET ( 3, 0, .AHEAD. ) ;
#1228 = CARTESIAN_POINT ( 'NONE',  ( -257.7497528838525227, 2.220446049250313081E-13, 1.500000000000000000 ) ) ;
#1229 = LOCAL_TIME ( 14, 17, 31.00000000000000000, #2535 ) ;
#1230 = DIRECTION ( 'NONE',  ( 0.000000000000000000, 0.5000000000000011102, 0.8660254037844379305 ) ) ;
#1231 = APPROVAL ( #2300, 'UNSPECIFIED' ) ;
#1232 = CARTESIAN_POINT ( 'NONE',  ( -272.9999999999998863, -680.5000000000002274, 19.99999999999999645 ) ) ;
#1233 = SECURITY_CLASSIFICATION ( '', '', #1017 ) ;
#1234 = PERSON_AND_ORGANIZATION ( #694, #1471 ) ;
#1235 = CARTESIAN_POINT ( 'NONE',  ( -262.4999999999999432, 2.220446049250313081E-13, -1.823392601085531814E-29 ) ) ;
#1236 = DIRECTION ( 'NONE',  ( -1.000000000000000000, -0.000000000000000000, -0.000000000000000000 ) ) ;
#1237 = PRODUCT_RELATED_PRODUCT_CATEGORY ( 'detail', '', ( #2127 ) ) ;
#1238 = CALENDAR_DATE ( 2025, 1, 7 ) ;
#1239 = ORIENTED_EDGE ( 'NONE', *, *, #2742, .F. ) ;
#1240 = CALENDAR_DATE ( 2025, 1, 7 ) ;
#1241 = ITEM_DEFINED_TRANSFORMATION ( 'NONE', 'NONE', #1791,  #565 ) ;
#1242 = DIRECTION ( 'NONE',  ( 0.000000000000000000, 0.000000000000000000, -1.000000000000000000 ) ) ;
#1243 = ADVANCED_FACE ( 'NONE', ( #2770 ), #1683, .T. ) ;
#1244 = DIRECTION ( 'NONE',  ( 1.000000000000000000, 0.000000000000000000, 0.000000000000000000 ) ) ;
#1245 = APPROVAL ( #2222, 'UNSPECIFIED' ) ;
#1246 = CIRCLE ( 'NONE', #3291, 3.249999999999992450 ) ;
#1247 = CARTESIAN_POINT ( 'NONE',  ( 262.4999999999987494, 612.5000000000003411, 0.2569489851419222148 ) ) ;
#1248 =( REPRESENTATION_RELATIONSHIP ('NONE','NONE', #1820, #355 ) REPRESENTATION_RELATIONSHIP_WITH_TRANSFORMATION ( #1241 )SHAPE_REPRESENTATION_RELATIONSHIP( ) );
#1249 = AXIS2_PLACEMENT_3D ( 'NONE', #127, #1204, #1995 ) ;
#1250 = ORIENTED_EDGE ( 'NONE', *, *, #2839, .F. ) ;
#1251 = VECTOR ( 'NONE', #2680, 1000.000000000000000 ) ;
#1252 = AXIS2_PLACEMENT_3D ( 'NONE', #3388, #1116, #2241 ) ;
#1253 = VERTEX_POINT ( 'NONE', #1756 ) ;
#1254 = ADVANCED_FACE ( 'NONE', ( #2886 ), #2385, .F. ) ;
#1255 = VERTEX_POINT ( 'NONE', #1638 ) ;
#1256 = AXIS2_PLACEMENT_3D ( 'NONE', #846, #895, #1754 ) ;
#1257 = LINE ( 'NONE', #1758, #399 ) ;
#1258 = LINE ( 'NONE', #891, #570 ) ;
#1259 = PERSON_AND_ORGANIZATION_ROLE ( 'classification_officer' ) ;
#1260 = DIRECTION ( 'NONE',  ( -1.000000000000000000, -0.000000000000000000, -0.000000000000000000 ) ) ;
#1261 = AXIS2_PLACEMENT_3D ( 'NONE', #2524, #42, #2237 ) ;
#1262 = AXIS2_PLACEMENT_3D ( 'NONE', #2490, #211, #3499 ) ;
#1263 = CIRCLE ( 'NONE', #616, 2.509999999999999787 ) ;
#1264 = FACE_OUTER_BOUND ( 'NONE', #505, .T. ) ;
#1265 = COORDINATED_UNIVERSAL_TIME_OFFSET ( 3, 0, .AHEAD. ) ;
#1266 = DIRECTION ( 'NONE',  ( -1.000000000000000000, 0.000000000000000000, 0.000000000000000000 ) ) ;
#1267 = PERSON_AND_ORGANIZATION_ROLE ( 'classification_officer' ) ;
#1268 = FACE_BOUND ( 'NONE', #983, .T. ) ;
#1269 = DIRECTION ( 'NONE',  ( 0.000000000000000000, 1.000000000000000000, -8.211830238798920982E-17 ) ) ;
#1270 = DIRECTION ( 'NONE',  ( 2.392769274849635480E-16, 1.654475671581114067E-16, 1.000000000000000000 ) ) ;
#1271 = CC_DESIGN_DATE_AND_TIME_ASSIGNMENT ( #1106, #2532, ( #771 ) ) ;
#1272 = DIRECTION ( 'NONE',  ( -1.000000000000000000, -0.000000000000000000, -0.000000000000000000 ) ) ;
#1273 = ORIENTED_EDGE ( 'NONE', *, *, #418, .F. ) ;
#1274 =( REPRESENTATION_RELATIONSHIP ('NONE','NONE', #1820, #449 ) REPRESENTATION_RELATIONSHIP_WITH_TRANSFORMATION ( #2020 )SHAPE_REPRESENTATION_RELATIONSHIP( ) );
#1275 = VERTEX_POINT ( 'NONE', #2097 ) ;
#1276 = ADVANCED_FACE ( 'NONE', ( #3339, #847 ), #2560, .T. ) ;
#1277 = EDGE_CURVE ( 'NONE', #1637, #2343, #2953, .T. ) ;
#1278 = ORIENTED_EDGE ( 'NONE', *, *, #2061, .T. ) ;
#1279 = PRODUCT_DEFINITION_FORMATION_WITH_SPECIFIED_SOURCE ( 'ANY', '', #3414, .NOT_KNOWN. ) ;
#1280 = EDGE_CURVE ( 'NONE', #3149, #3516, #480, .T. ) ;
#1281 = APPLICATION_PROTOCOL_DEFINITION ( 'international standard', 'config_control_design', 1994, #2708 ) ;
#1282 = CARTESIAN_POINT ( 'NONE',  ( 2.399999999999999911, -2.799999999999999822, 8.131516293641283255E-17 ) ) ;
#1283 = DIRECTION ( 'NONE',  ( -0.000000000000000000, -1.000000000000000000, -0.000000000000000000 ) ) ;
#1284 = PRODUCT_DEFINITION_SHAPE ( 'NONE', 'NONE',  #1837 ) ;
#1285 = ORIENTED_EDGE ( 'NONE', *, *, #3479, .T. ) ;
#1286 = SECURITY_CLASSIFICATION_LEVEL ( 'unclassified' ) ;
#1287 = CARTESIAN_POINT ( 'NONE',  ( -11.49999999999999822, 0.000000000000000000, 0.000000000000000000 ) ) ;
#1288 = DIRECTION ( 'NONE',  ( 0.4822040194243980005, 0.8760589498720704471, -5.905296089237460717E-17 ) ) ;
#1289 = ORIENTED_EDGE ( 'NONE', *, *, #1593, .T. ) ;
#1290 = CARTESIAN_POINT ( 'NONE',  ( 3.000000000000000000, 1.449149175665950251, -2.510000000000002451 ) ) ;
#1291 = VERTEX_POINT ( 'NONE', #2424 ) ;
#1292 = CARTESIAN_POINT ( 'NONE',  ( 4.336808689942017736E-16, -4.062978141250164028E-16, 1.207811264064834411 ) ) ;
#1293 = DATE_AND_TIME ( #2676, #54 ) ;
#1294 = ADVANCED_FACE ( 'NONE', ( #2684 ), #682, .T. ) ;
#1295 = EDGE_LOOP ( 'NONE', ( #3523, #1604, #143, #970, #677, #3169 ) ) ;
#1296 = APPROVAL ( #2971, 'UNKNOWN' ) ;
#1297 = LOCAL_TIME ( 14, 17, 31.00000000000000000, #2629 ) ;
#1298 = DIRECTION ( 'NONE',  ( -0.4822040194243980005, 0.8760589498720704471, 5.905296089237460717E-17 ) ) ;
#1299 = COORDINATED_UNIVERSAL_TIME_OFFSET ( 3, 0, .AHEAD. ) ;
#1300 = CARTESIAN_POINT ( 'NONE',  ( 2.399999999999999911, -4.062978141250164028E-16, 1.207811264064834411 ) ) ;
#1301 = CARTESIAN_POINT ( 'NONE',  ( 2.399999999999999911, 1.045995237657139754, -0.6039056320324156513 ) ) ;
#1302 = VERTEX_POINT ( 'NONE', #426 ) ;
#1303 = COORDINATED_UNIVERSAL_TIME_OFFSET ( 3, 0, .AHEAD. ) ;
#1304 = PERSON_AND_ORGANIZATION ( #2286, #2598 ) ;
#1305 = LOCAL_TIME ( 14, 17, 31.00000000000000000, #18 ) ;
#1306 = PRODUCT_DEFINITION_SHAPE ( 'NONE', 'NONE',  #3538 ) ;
#1307 = FACE_OUTER_BOUND ( 'NONE', #2995, .T. ) ;
#1308 = DATE_TIME_ROLE ( 'classification_date' ) ;
#1309 = PERSON_AND_ORGANIZATION_ROLE ( 'design_owner' ) ;
#1310 = DIRECTION ( 'NONE',  ( 9.261101625138420886E-17, -8.326672684690850816E-17, -1.000000000000000000 ) ) ;
#1311 = CC_DESIGN_DATE_AND_TIME_ASSIGNMENT ( #2371, #2349, ( #3025 ) ) ;
#1312 = APPROVAL_PERSON_ORGANIZATION ( #727, #413, #2495 ) ;
#1313 = VERTEX_POINT ( 'NONE', #1122 ) ;
#1314 = CARTESIAN_POINT ( 'NONE',  ( -262.4999999999998295, 612.5000000000002274, 3.019858152799187163E-28 ) ) ;
#1315 = AXIS2_PLACEMENT_3D ( 'NONE', #2356, #952, #1489 ) ;
#1316 = PLANE ( 'NONE',  #73 ) ;
#1317 = CARTESIAN_POINT ( 'NONE',  ( 2.499999999999999112, 0.000000000000000000, 0.000000000000000000 ) ) ;
#1318 = DIRECTION ( 'NONE',  ( -0.000000000000000000, -1.000000000000000000, -0.000000000000000000 ) ) ;
#1319 = PERSON_AND_ORGANIZATION ( #694, #1471 ) ;
#1320 = EDGE_LOOP ( 'NONE', ( #2758, #1479, #394, #1035 ) ) ;
#1321 = SECURITY_CLASSIFICATION_LEVEL ( 'unclassified' ) ;
#1322 = VECTOR ( 'NONE', #2948, 1000.000000000000000 ) ;
#1323 = CC_DESIGN_PERSON_AND_ORGANIZATION_ASSIGNMENT ( #272, #1091, ( #108 ) ) ;
#1324 = DIRECTION ( 'NONE',  ( -1.000000000000000000, -0.000000000000000000, -0.000000000000000000 ) ) ;
#1325 = ORIENTED_EDGE ( 'NONE', *, *, #574, .T. ) ;
#1326 = ITEM_DEFINED_TRANSFORMATION ( 'NONE', 'NONE', #2617,  #565 ) ;
#1327 = EDGE_CURVE ( 'NONE', #921, #1709, #795, .T. ) ;
#1328 = FACE_BOUND ( 'NONE', #430, .T. ) ;
#1329 = AXIS2_PLACEMENT_3D ( 'NONE', #3212, #711, #460 ) ;
#1330 = DATE_TIME_ROLE ( 'creation_date' ) ;
#1331 = CARTESIAN_POINT ( 'NONE',  ( 4.336808689942017736E-16, 2.400534810105723239E-16, -1.207811264064834411 ) ) ;
#1332 = CIRCLE ( 'NONE', #3351, 3.000000000000000444 ) ;
#1333 = VERTEX_POINT ( 'NONE', #3362 ) ;
#1334 = CARTESIAN_POINT ( 'NONE',  ( 242.0000000000000000, 649.4999999999993179, 3.796405077356797797E-14 ) ) ;
#1335 =( LENGTH_UNIT ( ) NAMED_UNIT ( * ) SI_UNIT ( .MILLI., .METRE. ) );
#1336 = PERSON_AND_ORGANIZATION ( #694, #1471 ) ;
#1337 = ORIENTED_EDGE ( 'NONE', *, *, #3137, .T. ) ;
#1338 = PRODUCT_DEFINITION_SHAPE ( 'NONE', 'NONE',  #3529 ) ;
#1339 = ORIENTED_EDGE ( 'NONE', *, *, #1498, .F. ) ;
#1340 = DIRECTION ( 'NONE',  ( 1.224646799147162155E-16, -2.728601012777253210E-29, -1.000000000000000000 ) ) ;
#1341 = APPROVAL_DATE_TIME ( #2143, #3336 ) ;
#1342 = LINE ( 'NONE', #1039, #3450 ) ;
#1343 = CYLINDRICAL_SURFACE ( 'NONE', #1788, 5.000000000000000000 ) ;
#1344 = CARTESIAN_POINT ( 'NONE',  ( 2.399999999999999911, 2.799999999999999378, -7.589415207398531038E-16 ) ) ;
#1345 = DATE_AND_TIME ( #3485, #2498 ) ;
#1346 = CALENDAR_DATE ( 2025, 1, 7 ) ;
#1347 = VECTOR ( 'NONE', #1572, 1000.000000000000000 ) ;
#1348 = FACE_BOUND ( 'NONE', #3459, .T. ) ;
#1349 = PERSON_AND_ORGANIZATION ( #1099, #1773 ) ;
#1350 = COORDINATED_UNIVERSAL_TIME_OFFSET ( 3, 0, .AHEAD. ) ;
#1351 = ADVANCED_FACE ( 'NONE', ( #3399 ), #2037, .T. ) ;
#1352 = ORIENTED_EDGE ( 'NONE', *, *, #1780, .T. ) ;
#1353 = PLANE ( 'NONE',  #2573 ) ;
#1354 = CARTESIAN_POINT ( 'NONE',  ( 10.00000000000000000, 0.000000000000000000, 2.445500000000000007 ) ) ;
#1355 = DIRECTION ( 'NONE',  ( -0.000000000000000000, 4.930380657631323784E-31, -1.000000000000000000 ) ) ;
#1356 = APPROVAL_STATUS ( 'not_yet_approved' ) ;
#1357 = EDGE_LOOP ( 'NONE', ( #2920, #2917, #2698 ) ) ;
#1358 =( LENGTH_UNIT ( ) NAMED_UNIT ( * ) SI_UNIT ( .MILLI., .METRE. ) );
#1359 = PERSON_AND_ORGANIZATION_ROLE ( 'creator' ) ;
#1360 = CARTESIAN_POINT ( 'NONE',  ( 3.000000000000000000, 1.449149175665950251, -2.510000000000002451 ) ) ;
#1361 = CC_DESIGN_PERSON_AND_ORGANIZATION_ASSIGNMENT ( #1101, #2225, ( #3023 ) ) ;
#1362 = LINE ( 'NONE', #37, #526 ) ;
#1363 = LOCAL_TIME ( 14, 17, 31.00000000000000000, #1515 ) ;
#1364 = DIRECTION ( 'NONE',  ( 1.000000000000000000, 0.000000000000000000, -0.000000000000000000 ) ) ;
#1365 = APPROVAL_STATUS ( 'not_yet_approved' ) ;
#1366 = ADVANCED_BREP_SHAPE_REPRESENTATION ( '', ( #87, #565 ), #2865 ) ;
#1367 = CC_DESIGN_APPROVAL ( #1807, ( #558 ) ) ;
#1368 = APPROVAL_ROLE ( '' ) ;
#1369 = APPROVAL_ROLE ( '' ) ;
#1370 = DIRECTION ( 'NONE',  ( 1.000000000000000000, -6.425415755018093478E-15, 2.410690616112570884E-16 ) ) ;
#1371 = APPROVAL ( #30, 'UNSPECIFIED' ) ;
#1372 = ORIENTED_EDGE ( 'NONE', *, *, #2311, .F. ) ;
#1373 = DIRECTION ( 'NONE',  ( 0.000000000000000000, 1.000000000000000000, -0.000000000000000000 ) ) ;
#1374 = ORIENTED_EDGE ( 'NONE', *, *, #1480, .T. ) ;
#1375 = EDGE_CURVE ( 'NONE', #2866, #785, #1258, .T. ) ;
#1376 = PERSON_AND_ORGANIZATION ( #694, #1471 ) ;
#1377 = CARTESIAN_POINT ( 'NONE',  ( 251.9999999999997726, 659.4999999999993179, 5.000000000000000000 ) ) ;
#1378 = PLANE ( 'NONE',  #3181 ) ;
#1379 = ITEM_DEFINED_TRANSFORMATION ( 'NONE', 'NONE', #2879,  #565 ) ;
#1380 = AXIS2_PLACEMENT_3D ( 'NONE', #519, #1653, #2794 ) ;
#1381 = CIRCLE ( 'NONE', #1839, 2.509999999999999787 ) ;
#1382 = CONTEXT_DEPENDENT_SHAPE_REPRESENTATION ( #1702, #859 ) ;
#1383 = VECTOR ( 'NONE', #3470, 1000.000000000000000 ) ;
#1384 = LOCAL_TIME ( 14, 17, 31.00000000000000000, #578 ) ;
#1385 = DIRECTION ( 'NONE',  ( -1.000000000000000000, 0.000000000000000000, 0.000000000000000000 ) ) ;
#1386 = ORIENTED_EDGE ( 'NONE', *, *, #3161, .F. ) ;
#1387 = DIRECTION ( 'NONE',  ( -0.000000000000000000, 4.930380657631323784E-31, -1.000000000000000000 ) ) ;
#1388 = UNCERTAINTY_MEASURE_WITH_UNIT (LENGTH_MEASURE( 1.000000000000000082E-05 ), #2024, 'distance_accuracy_value', 'NONE');
#1389 = APPROVAL ( #1713, 'UNKNOWN' ) ;
#1390 = PLANE ( 'NONE',  #1261 ) ;
#1391 = ORIENTED_EDGE ( 'NONE', *, *, #1882, .T. ) ;
#1392 = ADVANCED_FACE ( 'NONE', ( #450, #3204, #698, #1049, #1307, #750, #1328 ), #165, .T. ) ;
#1393 = COORDINATED_UNIVERSAL_TIME_OFFSET ( 3, 0, .AHEAD. ) ;
#1394 = CARTESIAN_POINT ( 'NONE',  ( 0.000000000000000000, 0.000000000000000000, 0.000000000000000000 ) ) ;
#1395 = ADVANCED_FACE ( 'NONE', ( #1694 ), #1706, .T. ) ;
#1396 = APPROVAL_DATE_TIME ( #3359, #2555 ) ;
#1397 = CARTESIAN_POINT ( 'NONE',  ( -0.000000000000000000, -1.045995237657141086, -0.6039056320324182048 ) ) ;
#1398 = DIRECTION ( 'NONE',  ( -1.000000000000000000, 0.000000000000000000, -0.000000000000000000 ) ) ;
#1399 = APPROVAL_DATE_TIME ( #567, #2860 ) ;
#1400 = CONTEXT_DEPENDENT_SHAPE_REPRESENTATION ( #545, #2285 ) ;
#1401 = CC_DESIGN_PERSON_AND_ORGANIZATION_ASSIGNMENT ( #1661, #3228, ( #2023 ) ) ;
#1402 = EDGE_LOOP ( 'NONE', ( #955 ) ) ;
#1403 = CC_DESIGN_SECURITY_CLASSIFICATION ( #2952, ( #573 ) ) ;
#1404 = SHAPE_REPRESENTATION_RELATIONSHIP ( 'NONE' , 'NONE' ,  #665, #253 ) ;
#1405 = CC_DESIGN_APPROVAL ( #2907, ( #2952 ) ) ;
#1406 = EDGE_LOOP ( 'NONE', ( #2008 ) ) ;
#1407 = CARTESIAN_POINT ( 'NONE',  ( 3.000000000000000000, -1.449149175665970013, -2.509999999999998899 ) ) ;
#1408 = CARTESIAN_POINT ( 'NONE',  ( 251.9999999999998863, 659.4999999999993179, 5.000000000000000000 ) ) ;
#1409 = DATE_TIME_ROLE ( 'classification_date' ) ;
#1410 = PLANE ( 'NONE',  #911 ) ;
#1411 = CC_DESIGN_PERSON_AND_ORGANIZATION_ASSIGNMENT ( #348, #1668, ( #1595 ) ) ;
#1412 = CARTESIAN_POINT ( 'NONE',  ( 252.0000000000000000, -659.5000000000005684, 5.000000000000000000 ) ) ;
#1413 = ITEM_DEFINED_TRANSFORMATION ( 'NONE', 'NONE', #2217,  #565 ) ;
#1414 = CARTESIAN_POINT ( 'NONE',  ( 0.000000000000000000, -1.449149175665970013, -2.509999999999998899 ) ) ;
#1415 = COORDINATED_UNIVERSAL_TIME_OFFSET ( 3, 0, .AHEAD. ) ;
#1416 = CONTEXT_DEPENDENT_SHAPE_REPRESENTATION ( #3069, #1338 ) ;
#1417 = CARTESIAN_POINT ( 'NONE',  ( 9.445499999999796614, 0.000000000000000000, 0.000000000000000000 ) ) ;
#1418 = EDGE_LOOP ( 'NONE', ( #2468, #86, #655, #359 ) ) ;
#1419 = EDGE_CURVE ( 'NONE', #2945, #2343, #2132, .T. ) ;
#1420 = APPROVAL_PERSON_ORGANIZATION ( #2516, #115, #2824 ) ;
#1421 = DESIGN_CONTEXT ( 'detailed design', #2147, 'design' ) ;
#1422 = APPROVAL ( #1554, 'UNSPECIFIED' ) ;
#1423 = DIRECTION ( 'NONE',  ( 0.000000000000000000, 0.000000000000000000, 1.000000000000000000 ) ) ;
#1424 = CARTESIAN_POINT ( 'NONE',  ( -1.999999999999999556, -3.499999999999999556, -12.50000000000000000 ) ) ;
#1425 = CC_DESIGN_APPROVAL ( #2478, ( #2433 ) ) ;
#1426 = AXIS2_PLACEMENT_3D ( 'NONE', #2858, #1510, #1491 ) ;
#1427 = ORIENTED_EDGE ( 'NONE', *, *, #2317, .F. ) ;
#1428 = PRODUCT_DEFINITION_SHAPE ( 'NONE', 'NONE',  #3542 ) ;
#1429 = FACE_BOUND ( 'NONE', #2148, .T. ) ;
#1430 = SHAPE_DEFINITION_REPRESENTATION ( #172, #355 ) ;
#1431 = EDGE_LOOP ( 'NONE', ( #1250 ) ) ;
#1432 = AXIS2_PLACEMENT_3D ( 'NONE', #919, #2841, #2829 ) ;
#1433 = DIRECTION ( 'NONE',  ( 0.000000000000000000, 1.000000000000000000, -0.000000000000000000 ) ) ;
#1434 = COORDINATED_UNIVERSAL_TIME_OFFSET ( 3, 0, .AHEAD. ) ;
#1435 = VECTOR ( 'NONE', #3350, 1000.000000000000000 ) ;
#1436 = CC_DESIGN_DATE_AND_TIME_ASSIGNMENT ( #3273, #1308, ( #1606 ) ) ;
#1437 = ORIENTED_EDGE ( 'NONE', *, *, #3357, .F. ) ;
#1438 = AXIS2_PLACEMENT_3D ( 'NONE', #1394, #1448, #2529 ) ;
#1439 = APPROVAL_DATE_TIME ( #1750, #3457 ) ;
#1440 = ADVANCED_FACE ( 'NONE', ( #3239 ), #1, .F. ) ;
#1441 = SECURITY_CLASSIFICATION_LEVEL ( 'unclassified' ) ;
#1442 = VECTOR ( 'NONE', #837, 1000.000000000000000 ) ;
#1443 =( NAMED_UNIT ( * ) PLANE_ANGLE_UNIT ( ) SI_UNIT ( $, .RADIAN. ) );
#1444 = AXIS2_PLACEMENT_3D ( 'NONE', #2640, #156, #1676 ) ;
#1445 = EDGE_LOOP ( 'NONE', ( #2258, #2447, #262, #2832 ) ) ;
#1446 = CONICAL_SURFACE ( 'NONE', #31, 6.000000000000005329, 0.6946410422937446816 ) ;
#1447 = VERTEX_POINT ( 'NONE', #2253 ) ;
#1448 = DIRECTION ( 'NONE',  ( -1.000000000000000000, 0.000000000000000000, -0.000000000000000000 ) ) ;
#1449 = CARTESIAN_POINT ( 'NONE',  ( -2.000000000000000000, -19.50000000000000000, 12.50000000000000000 ) ) ;
#1450 = FACE_OUTER_BOUND ( 'NONE', #2706, .T. ) ;
#1451 = DIRECTION ( 'NONE',  ( -0.000000000000000000, -1.000000000000000000, -0.000000000000000000 ) ) ;
#1452 = PERSON_AND_ORGANIZATION ( #694, #1471 ) ;
#1453 = DATE_AND_TIME ( #3378, #661 ) ;
#1454 = PERSON_AND_ORGANIZATION ( #362, #1947 ) ;
#1455 = DIRECTION ( 'NONE',  ( -1.000000000000000000, -0.000000000000000000, -0.000000000000000000 ) ) ;
#1456 = PLANE ( 'NONE',  #186 ) ;
#1457 = ADVANCED_FACE ( 'NONE', ( #3384, #1988 ), #1993, .T. ) ;
#1458 = EDGE_LOOP ( 'NONE', ( #176, #2556, #2036, #484, #690 ) ) ;
#1459 = LINE ( 'NONE', #116, #2068 ) ;
#1460 = CARTESIAN_POINT ( 'NONE',  ( 0.000000000000000000, -19.50000000000000000, 12.50000000000000000 ) ) ;
#1461 =( REPRESENTATION_RELATIONSHIP ('NONE','NONE', #1820, #424 ) REPRESENTATION_RELATIONSHIP_WITH_TRANSFORMATION ( #2038 )SHAPE_REPRESENTATION_RELATIONSHIP( ) );
#1462 = VERTEX_POINT ( 'NONE', #1407 ) ;
#1463 = DIRECTION ( 'NONE',  ( 0.000000000000000000, -0.000000000000000000, 1.000000000000000000 ) ) ;
#1464 = CC_DESIGN_PERSON_AND_ORGANIZATION_ASSIGNMENT ( #1217, #945, ( #2862 ) ) ;
#1465 = CALENDAR_DATE ( 2025, 1, 7 ) ;
#1466 = ORIENTED_EDGE ( 'NONE', *, *, #1003, .F. ) ;
#1467 = VERTEX_POINT ( 'NONE', #1084 ) ;
#1468 = CALENDAR_DATE ( 2025, 1, 7 ) ;
#1469 = CARTESIAN_POINT ( 'NONE',  ( -19.50000000000000000, 0.000000000000000000, -12.50000000000000000 ) ) ;
#1470 = FACE_OUTER_BOUND ( 'NONE', #1906, .T. ) ;
#1471 = ORGANIZATION ( 'UNSPECIFIED', 'UNSPECIFIED', '' ) ;
#1472 = CC_DESIGN_DATE_AND_TIME_ASSIGNMENT ( #2768, #870, ( #496 ) ) ;
#1473 = CC_DESIGN_APPROVAL ( #2457, ( #1068 ) ) ;
#1474 = CC_DESIGN_APPROVAL ( #3256, ( #1233 ) ) ;
#1475 = VERTEX_POINT ( 'NONE', #3183 ) ;
#1476 = FACE_OUTER_BOUND ( 'NONE', #124, .T. ) ;
#1477 = LOCAL_TIME ( 14, 17, 31.00000000000000000, #3292 ) ;
#1478 = CARTESIAN_POINT ( 'NONE',  ( 3.000000000000000000, 1.449149175665955580, 2.509999999999997122 ) ) ;
#1479 = ORIENTED_EDGE ( 'NONE', *, *, #2463, .F. ) ;
#1480 = EDGE_CURVE ( 'NONE', #309, #812, #286, .T. ) ;
#1481 = DATE_AND_TIME ( #358, #1538 ) ;
#1482 = ORIENTED_EDGE ( 'NONE', *, *, #3034, .F. ) ;
#1483 = DIRECTION ( 'NONE',  ( 1.000000000000000000, 0.000000000000000000, 0.000000000000000000 ) ) ;
#1484 = ORIENTED_EDGE ( 'NONE', *, *, #118, .T. ) ;
#1485 = APPROVAL_DATE_TIME ( #382, #1807 ) ;
#1486 = CARTESIAN_POINT ( 'NONE',  ( 3.000000000000000000, 2.173723763498943029, 1.254999999999996119 ) ) ;
#1487 = ADVANCED_BREP_SHAPE_REPRESENTATION ( '', ( #3435, #565 ), #1855 ) ;
#1488 = UNCERTAINTY_MEASURE_WITH_UNIT (LENGTH_MEASURE( 1.000000000000000082E-05 ), #3404, 'distance_accuracy_value', 'NONE');
#1489 = DIRECTION ( 'NONE',  ( -1.000000000000000000, 6.467653255663455978E-15, 9.261101625138420886E-17 ) ) ;
#1490 = AXIS2_PLACEMENT_3D ( 'NONE', #713, #2374, #2354 ) ;
#1491 = DIRECTION ( 'NONE',  ( 0.000000000000000000, -1.000000000000000000, 4.930380657631287000E-31 ) ) ;
#1492 = CARTESIAN_POINT ( 'NONE',  ( 3.000000000000000000, 1.449149175665955580, 2.509999999999997122 ) ) ;
#1493 = APPROVAL_PERSON_ORGANIZATION ( #3274, #2405, #153 ) ;
#1494 = EDGE_LOOP ( 'NONE', ( #245 ) ) ;
#1495 = CARTESIAN_POINT ( 'NONE',  ( 0.5150000000000108935, 0.000000000000000000, 5.785000000000000142 ) ) ;
#1496 = VECTOR ( 'NONE', #1081, 1000.000000000000000 ) ;
#1497 = AXIS2_PLACEMENT_3D ( 'NONE', #2946, #1298, #1870 ) ;
#1498 = EDGE_CURVE ( 'NONE', #3160, #1923, #476, .T. ) ;
#1499 = ORIENTED_EDGE ( 'NONE', *, *, #2459, .T. ) ;
#1500 = CARTESIAN_POINT ( 'NONE',  ( 0.000000000000000000, -1.449149175665962463, 2.510000000000000231 ) ) ;
#1501 = APPROVAL_ROLE ( '' ) ;
#1502 = VECTOR ( 'NONE', #2105, 1000.000000000000000 ) ;
#1503 = CARTESIAN_POINT ( 'NONE',  ( 0.000000000000000000, 0.000000000000000000, 12.00000000000000000 ) ) ;
#1504 = COORDINATED_UNIVERSAL_TIME_OFFSET ( 3, 0, .AHEAD. ) ;
#1505 = ORIENTED_EDGE ( 'NONE', *, *, #2482, .F. ) ;
#1506 = PERSON_AND_ORGANIZATION_ROLE ( 'classification_officer' ) ;
#1507 = DATE_AND_TIME ( #679, #1533 ) ;
#1508 = DIRECTION ( 'NONE',  ( 0.000000000000000000, -1.000000000000000000, 0.000000000000000000 ) ) ;
#1509 = DIRECTION ( 'NONE',  ( -0.000000000000000000, 1.000000000000000000, -0.000000000000000000 ) ) ;
#1510 = DIRECTION ( 'NONE',  ( 0.000000000000000000, -4.930380657631323784E-31, -1.000000000000000000 ) ) ;
#1511 = LINE ( 'NONE', #695, #2220 ) ;
#1512 = CC_DESIGN_APPROVAL ( #2362, ( #860 ) ) ;
#1513 = PRODUCT ( 'RB.2005.00.01.0 simple_-37', 'RB.2005.00.01.0 simple_-37', '', ( #19 ) ) ;
#1514 = CARTESIAN_POINT ( 'NONE',  ( 0.000000000000000000, 0.000000000000000000, 0.000000000000000000 ) ) ;
#1515 = COORDINATED_UNIVERSAL_TIME_OFFSET ( 3, 0, .AHEAD. ) ;
#1516 = CARTESIAN_POINT ( 'NONE',  ( 5.999999999999998224, 0.000000000000000000, 5.000000000000000000 ) ) ;
#1517 = ORIENTED_EDGE ( 'NONE', *, *, #1280, .T. ) ;
#1518 = CARTESIAN_POINT ( 'NONE',  ( -272.9999999999998863, 678.3999999999998636, 19.99999999999999289 ) ) ;
#1519 = PLANE ( 'NONE',  #1444 ) ;
#1520 = PERSON_AND_ORGANIZATION ( #694, #1471 ) ;
#1521 = CARTESIAN_POINT ( 'NONE',  ( -241.9999999999999432, 660.0999999999994543, 3.796405077356797797E-14 ) ) ;
#1522 = EDGE_CURVE ( 'NONE', #28, #754, #2697, .T. ) ;
#1523 = CC_DESIGN_PERSON_AND_ORGANIZATION_ASSIGNMENT ( #2156, #541, ( #780 ) ) ;
#1524 = ORIENTED_EDGE ( 'NONE', *, *, #2407, .F. ) ;
#1525 = ADVANCED_FACE ( 'NONE', ( #990 ), #1316, .T. ) ;
#1526 = DIRECTION ( 'NONE',  ( 0.000000000000000000, 0.000000000000000000, -1.000000000000000000 ) ) ;
#1527 = ORIENTED_EDGE ( 'NONE', *, *, #2376, .F. ) ;
#1528 = EDGE_CURVE ( 'NONE', #2594, #2045, #2975, .T. ) ;
#1529 =( NAMED_UNIT ( * ) PLANE_ANGLE_UNIT ( ) SI_UNIT ( $, .RADIAN. ) );
#1530 = SECURITY_CLASSIFICATION ( '', '', #2208 ) ;
#1531 = DIRECTION ( 'NONE',  ( 0.000000000000000000, 0.000000000000000000, 1.000000000000000000 ) ) ;
#1532 = LINE ( 'NONE', #2079, #174 ) ;
#1533 = LOCAL_TIME ( 14, 17, 31.00000000000000000, #3420 ) ;
#1534 = PERSON_AND_ORGANIZATION ( #694, #1471 ) ;
#1535 = ORIENTED_EDGE ( 'NONE', *, *, #1498, .T. ) ;
#1536 = APPROVAL_DATE_TIME ( #2162, #2362 ) ;
#1537 = DATE_AND_TIME ( #787, #923 ) ;
#1538 = LOCAL_TIME ( 14, 17, 31.00000000000000000, #2088 ) ;
#1539 = DIRECTION ( 'NONE',  ( 1.000000000000000000, 0.000000000000000000, -0.000000000000000000 ) ) ;
#1540 = ORGANIZATION ( 'NAUO-ORG21', 'UNSPECIFIED', 'UNSPECIFIED' ) ;
#1541 = SHAPE_DEFINITION_REPRESENTATION ( #3382, #449 ) ;
#1542 = ORIENTED_EDGE ( 'NONE', *, *, #1166, .F. ) ;
#1543 = CALENDAR_DATE ( 2025, 1, 7 ) ;
#1544 = APPROVAL ( #2103, 'UNKNOWN' ) ;
#1545 = DIRECTION ( 'NONE',  ( 0.000000000000000000, 1.000000000000000000, -1.047430497127501904E-15 ) ) ;
#1546 = ADVANCED_FACE ( 'NONE', ( #2869 ), #3168, .T. ) ;
#1547 = ADVANCED_FACE ( 'NONE', ( #2642, #3393 ), #3452, .F. ) ;
#1548 = CARTESIAN_POINT ( 'NONE',  ( -251.0000000000037801, -612.4999999999986358, -1.499999999999961364 ) ) ;
#1549 = EDGE_LOOP ( 'NONE', ( #2383 ) ) ;
#1550 = CONICAL_SURFACE ( 'NONE', #1963, 5.999999999999989342, 0.6946410422937446816 ) ;
#1551 = CARTESIAN_POINT ( 'NONE',  ( 3.212132034356077526, 0.000000000000000000, 3.087867965643923629 ) ) ;
#1552 = VECTOR ( 'NONE', #1757, 1000.000000000000000 ) ;
#1553 = ORIENTED_EDGE ( 'NONE', *, *, #3197, .F. ) ;
#1554 = APPROVAL_STATUS ( 'not_yet_approved' ) ;
#1555 = ORIENTED_EDGE ( 'NONE', *, *, #210, .T. ) ;
#1556 = DIRECTION ( 'NONE',  ( 1.000000000000000000, 0.000000000000000000, 3.000602769257179956E-15 ) ) ;
#1557 = PERSON_AND_ORGANIZATION_ROLE ( 'classification_officer' ) ;
#1558 = VECTOR ( 'NONE', #2306, 1000.000000000000000 ) ;
#1559 = SECURITY_CLASSIFICATION ( '', '', #376 ) ;
#1560 = CC_DESIGN_APPROVAL ( #1371, ( #3390 ) ) ;
#1561 = VECTOR ( 'NONE', #1708, 1000.000000000000000 ) ;
#1562 = PERSON_AND_ORGANIZATION_ROLE ( 'design_supplier' ) ;
#1563 = ORIENTED_EDGE ( 'NONE', *, *, #2625, .T. ) ;
#1564 = CALENDAR_DATE ( 2025, 1, 7 ) ;
#1565 = DIRECTION ( 'NONE',  ( -0.000000000000000000, -1.000000000000000000, -0.000000000000000000 ) ) ;
#1566 = AXIS2_PLACEMENT_3D ( 'NONE', #596, #2267, #3150 ) ;
#1567 = CALENDAR_DATE ( 2025, 1, 7 ) ;
#1568 = VECTOR ( 'NONE', #1718, 1000.000000000000000 ) ;
#1569 = CARTESIAN_POINT ( 'NONE',  ( 251.0000000000037801, -612.4999999999987494, -1.499999999999963141 ) ) ;
#1570 = VECTOR ( 'NONE', #3262, 1000.000000000000000 ) ;
#1571 = PRODUCT_RELATED_PRODUCT_CATEGORY ( 'detail', '', ( #1513 ) ) ;
#1572 = DIRECTION ( 'NONE',  ( 0.000000000000000000, 0.000000000000000000, -1.000000000000000000 ) ) ;
#1573 = ORIENTED_EDGE ( 'NONE', *, *, #3463, .F. ) ;
#1574 = CARTESIAN_POINT ( 'NONE',  ( 6.000000000000001776, 0.000000000000000000, -3.249999999999992450 ) ) ;
#1575 = SHAPE_REPRESENTATION ( 'RB.2005.00.01.0 simple_-37', ( #565 ), #3227 ) ;
#1576 = CARTESIAN_POINT ( 'NONE',  ( 4.336808689942017736E-16, -2.799999999999999378, 5.421010862427522170E-17 ) ) ;
#1577 = FACE_OUTER_BOUND ( 'NONE', #2807, .T. ) ;
#1578 = DIRECTION ( 'NONE',  ( -2.392769274849634987E-16, 1.654475671581113820E-16, 0.9999999999999998890 ) ) ;
#1579 = PERSON_AND_ORGANIZATION ( #694, #1471 ) ;
#1580 = LINE ( 'NONE', #3011, #3061 ) ;
#1581 = PRODUCT_DEFINITION_SHAPE ( 'NONE', 'NONE',  #3390 ) ;
#1582 = CARTESIAN_POINT ( 'NONE',  ( 242.0000000000000000, -660.1000000000005912, 5.000000000000000000 ) ) ;
#1583 = ORIENTED_EDGE ( 'NONE', *, *, #1882, .F. ) ;
#1584 = CC_DESIGN_PERSON_AND_ORGANIZATION_ASSIGNMENT ( #2205, #1010, ( #3414 ) ) ;
#1585 = APPROVAL_ROLE ( '' ) ;
#1586 = DATE_TIME_ROLE ( 'classification_date' ) ;
#1587 = PERSON_AND_ORGANIZATION_ROLE ( 'classification_officer' ) ;
#1588 = ORIENTED_EDGE ( 'NONE', *, *, #1785, .T. ) ;
#1589 = DIRECTION ( 'NONE',  ( -0.000000000000000000, 1.000000000000000000, -0.000000000000000000 ) ) ;
#1590 = CARTESIAN_POINT ( 'NONE',  ( 9.445499999999796614, 0.000000000000000000, 2.999999999999774403 ) ) ;
#1591 = CC_DESIGN_DATE_AND_TIME_ASSIGNMENT ( #1627, #747, ( #3327 ) ) ;
#1592 = ORIENTED_EDGE ( 'NONE', *, *, #1785, .F. ) ;
#1593 = EDGE_CURVE ( 'NONE', #2062, #754, #687, .T. ) ;
#1594 = ADVANCED_FACE ( 'NONE', ( #3466 ), #320, .T. ) ;
#1595 = SECURITY_CLASSIFICATION ( '', '', #1441 ) ;
#1596 = DIRECTION ( 'NONE',  ( -6.439293542825907934E-15, 1.000000000000000000, -1.654475671581098536E-16 ) ) ;
#1597 = PERSON_AND_ORGANIZATION_ROLE ( 'creator' ) ;
#1598 = LINE ( 'NONE', #2716, #240 ) ;
#1599 = DIRECTION ( 'NONE',  ( -0.000000000000000000, 1.047430497127501904E-15, 1.000000000000000000 ) ) ;
#1600 = EDGE_CURVE ( 'NONE', #1061, #3097, #1342, .T. ) ;
#1601 = ORIENTED_EDGE ( 'NONE', *, *, #689, .T. ) ;
#1602 = FACE_OUTER_BOUND ( 'NONE', #746, .T. ) ;
#1603 = DIRECTION ( 'NONE',  ( -1.000000000000000000, 0.000000000000000000, -0.000000000000000000 ) ) ;
#1604 = ORIENTED_EDGE ( 'NONE', *, *, #3280, .F. ) ;
#1605 = CALENDAR_DATE ( 2025, 1, 7 ) ;
#1606 = SECURITY_CLASSIFICATION ( '', '', #2479 ) ;
#1607 = PRODUCT_DEFINITION_SHAPE ( 'NONE', 'NONE',  #3549 ) ;
#1608 = LINE ( 'NONE', #2456, #1911 ) ;
#1609 = PLANE ( 'NONE',  #3303 ) ;
#1610 = SECURITY_CLASSIFICATION ( '', '', #3270 ) ;
#1611 = CALENDAR_DATE ( 2025, 1, 7 ) ;
#1612 = DIRECTION ( 'NONE',  ( -1.000000000000000000, 6.449489695538876270E-15, -1.224646799147343593E-16 ) ) ;
#1613 = EDGE_LOOP ( 'NONE', ( #427 ) ) ;
#1614 = CARTESIAN_POINT ( 'NONE',  ( 0.000000000000000000, 0.000000000000000000, 0.5000000000000004441 ) ) ;
#1615 = PRODUCT_DEFINITION_SHAPE ( 'NONE', 'NONE',  #3528 ) ;
#1616 = CARTESIAN_POINT ( 'NONE',  ( 3.000000000000000444, 0.000000000000000000, 0.5000000000000004441 ) ) ;
#1617 = CARTESIAN_POINT ( 'NONE',  ( 4.336808689942017736E-16, 1.045995237657137755, 0.6039056320324146521 ) ) ;
#1618 = CIRCLE ( 'NONE', #71, 2.500000000000001332 ) ;
#1619 = VERTEX_POINT ( 'NONE', #1852 ) ;
#1620 = CALENDAR_DATE ( 2025, 1, 7 ) ;
#1621 = VECTOR ( 'NONE', #2733, 1000.000000000000000 ) ;
#1622 = EDGE_CURVE ( 'NONE', #1333, #3097, #1580, .T. ) ;
#1623 = APPROVAL_STATUS ( 'not_yet_approved' ) ;
#1624 = DIRECTION ( 'NONE',  ( 0.000000000000000000, 0.000000000000000000, 1.000000000000000000 ) ) ;
#1625 = ITEM_DEFINED_TRANSFORMATION ( 'NONE', 'NONE', #1432,  #565 ) ;
#1626 = CARTESIAN_POINT ( 'NONE',  ( -252.5999999999999943, -659.5000000000004547, 5.000000000000000000 ) ) ;
#1627 = DATE_AND_TIME ( #1605, #164 ) ;
#1628 = EDGE_CURVE ( 'NONE', #1619, #1313, #3267, .T. ) ;
#1629 = TOROIDAL_SURFACE ( 'NONE', #1738, 3.299999999999887468, 0.2999999999999999889 ) ;
#1630 = CONICAL_SURFACE ( 'NONE', #76, 2.509999999999999787, 1.047197551196591636 ) ;
#1631 = CIRCLE ( 'NONE', #1329, 2.999999999999887645 ) ;
#1632 = APPROVAL_STATUS ( 'not_yet_approved' ) ;
#1633 = APPROVAL_DATE_TIME ( #2500, #2666 ) ;
#1634 = PERSON ( 'NAUO-PER8', 'UNSPECIFIED', 'UNSPECIFIED', ('UNSPECIFIED'), ('UNSPECIFIED'), ('UNSPECIFIED') ) ;
#1635 = DIRECTION ( 'NONE',  ( -1.000000000000000000, -0.000000000000000000, -0.000000000000000000 ) ) ;
#1636 = AXIS2_PLACEMENT_3D ( 'NONE', #1287, #1509, #949 ) ;
#1637 = VERTEX_POINT ( 'NONE', #762 ) ;
#1638 = CARTESIAN_POINT ( 'NONE',  ( 0.000000000000000000, -19.50000000000000000, 12.50000000000000000 ) ) ;
#1639 = VERTEX_POINT ( 'NONE', #974 ) ;
#1640 = PERSON_AND_ORGANIZATION_ROLE ( 'creator' ) ;
#1641 = ORIENTED_EDGE ( 'NONE', *, *, #2754, .T. ) ;
#1642 = PERSON_AND_ORGANIZATION ( #694, #1471 ) ;
#1643 = APPROVAL_PERSON_ORGANIZATION ( #280, #2804, #802 ) ;
#1644 = DATE_TIME_ROLE ( 'creation_date' ) ;
#1645 = CARTESIAN_POINT ( 'NONE',  ( 0.000000000000000000, 1.045995237657137755, 0.6039056320324146521 ) ) ;
#1646 = APPROVAL_DATE_TIME ( #834, #413 ) ;
#1647 = CARTESIAN_POINT ( 'NONE',  ( -262.4999999999999432, 2.220446049250313081E-13, -1.823392601085531814E-29 ) ) ;
#1648 = APPROVAL_STATUS ( 'not_yet_approved' ) ;
#1649 = CC_DESIGN_PERSON_AND_ORGANIZATION_ASSIGNMENT ( #2359, #1587, ( #2355 ) ) ;
#1650 = DIRECTION ( 'NONE',  ( 0.000000000000000000, 1.000000000000000000, 0.000000000000000000 ) ) ;
#1651 = APPROVAL_ROLE ( '' ) ;
#1652 = CALENDAR_DATE ( 2025, 1, 7 ) ;
#1653 = DIRECTION ( 'NONE',  ( -0.000000000000000000, 0.000000000000000000, -1.000000000000000000 ) ) ;
#1654 = ORIENTED_EDGE ( 'NONE', *, *, #868, .F. ) ;
#1655 = DIRECTION ( 'NONE',  ( 0.000000000000000000, 0.4999999999999983902, -0.8660254037844394848 ) ) ;
#1656 = EDGE_CURVE ( 'NONE', #1745, #2062, #1889, .T. ) ;
#1657 =( NAMED_UNIT ( * ) SI_UNIT ( $, .STERADIAN. ) SOLID_ANGLE_UNIT ( ) );
#1658 = ORIENTED_EDGE ( 'NONE', *, *, #3207, .F. ) ;
#1659 = CARTESIAN_POINT ( 'NONE',  ( -19.50000000000000000, -2.000000000000000000, 12.50000000000000000 ) ) ;
#1660 = COORDINATED_UNIVERSAL_TIME_OFFSET ( 3, 0, .AHEAD. ) ;
#1661 = PERSON_AND_ORGANIZATION ( #694, #1471 ) ;
#1662 = CARTESIAN_POINT ( 'NONE',  ( 0.000000000000000000, 1.045995237657139754, -0.6039056320324156513 ) ) ;
#1663 = ITEM_DEFINED_TRANSFORMATION ( 'NONE', 'NONE', #188,  #565 ) ;
#1664 =( REPRESENTATION_RELATIONSHIP ('NONE','NONE', #3165, #3142 ) REPRESENTATION_RELATIONSHIP_WITH_TRANSFORMATION ( #183 )SHAPE_REPRESENTATION_RELATIONSHIP( ) );
#1665 = LOCAL_TIME ( 14, 17, 31.00000000000000000, #1158 ) ;
#1666 = APPROVAL ( #3353, 'UNKNOWN' ) ;
#1667 = CC_DESIGN_SECURITY_CLASSIFICATION ( #558, ( #3534 ) ) ;
#1668 = PERSON_AND_ORGANIZATION_ROLE ( 'classification_officer' ) ;
#1669 = APPROVAL_PERSON_ORGANIZATION ( #1877, #820, #752 ) ;
#1670 = ORIENTED_EDGE ( 'NONE', *, *, #1104, .T. ) ;
#1671 = DIRECTION ( 'NONE',  ( 1.000000000000000000, -0.000000000000000000, -0.000000000000000000 ) ) ;
#1672 = DIRECTION ( 'NONE',  ( 1.000000000000000000, 0.000000000000000000, 0.000000000000000000 ) ) ;
#1673 = DIRECTION ( 'NONE',  ( 0.000000000000000000, 0.4999999999999983902, -0.8660254037844395958 ) ) ;
#1674 = EDGE_CURVE ( 'NONE', #937, #937, #2204, .T. ) ;
#1675 = ORIENTED_EDGE ( 'NONE', *, *, #279, .F. ) ;
#1676 = DIRECTION ( 'NONE',  ( 0.000000000000000000, -6.001205538514357546E-15, 1.000000000000000000 ) ) ;
#1677 = DATE_AND_TIME ( #3027, #3116 ) ;
#1678 = PERSON ( 'NAUO-PER14', 'UNSPECIFIED', 'UNSPECIFIED', ('UNSPECIFIED'), ('UNSPECIFIED'), ('UNSPECIFIED') ) ;
#1679 = APPROVAL_STATUS ( 'not_yet_approved' ) ;
#1680 = DIRECTION ( 'NONE',  ( -0.000000000000000000, 0.000000000000000000, 1.000000000000000000 ) ) ;
#1681 = PERSON_AND_ORGANIZATION ( #1935, #1828 ) ;
#1682 = VECTOR ( 'NONE', #1840, 1000.000000000000000 ) ;
#1683 = PLANE ( 'NONE',  #1191 ) ;
#1684 = LOCAL_TIME ( 14, 17, 31.00000000000000000, #2732 ) ;
#1685 = SECURITY_CLASSIFICATION_LEVEL ( 'unclassified' ) ;
#1686 = AXIS2_PLACEMENT_3D ( 'NONE', #2904, #3447, #196 ) ;
#1687 = CC_DESIGN_APPROVAL ( #305, ( #3170 ) ) ;
#1688 = AXIS2_PLACEMENT_3D ( 'NONE', #1028, #973, #2094 ) ;
#1689 = ORIENTED_EDGE ( 'NONE', *, *, #1728, .F. ) ;
#1690 = CARTESIAN_POINT ( 'NONE',  ( 262.4999999999999432, 2.220446049250313081E-13, 1.500000000000000000 ) ) ;
#1691 = CC_DESIGN_DATE_AND_TIME_ASSIGNMENT ( #1940, #3364, ( #654 ) ) ;
#1692 = COORDINATED_UNIVERSAL_TIME_OFFSET ( 3, 0, .AHEAD. ) ;
#1693 = MECHANICAL_CONTEXT ( 'NONE', #2797, 'mechanical' ) ;
#1694 = FACE_OUTER_BOUND ( 'NONE', #195, .T. ) ;
#1695 = VECTOR ( 'NONE', #918, 1000.000000000000000 ) ;
#1696 = FACE_BOUND ( 'NONE', #2619, .T. ) ;
#1697 = PERSON_AND_ORGANIZATION ( #454, #3434 ) ;
#1698 = ITEM_DEFINED_TRANSFORMATION ( 'NONE', 'NONE', #510,  #565 ) ;
#1699 = COORDINATED_UNIVERSAL_TIME_OFFSET ( 3, 0, .AHEAD. ) ;
#1700 = CARTESIAN_POINT ( 'NONE',  ( -19.50000000000000000, 0.000000000000000000, 12.50000000000000000 ) ) ;
#1701 = APPROVAL_STATUS ( 'not_yet_approved' ) ;
#1702 =( REPRESENTATION_RELATIONSHIP ('NONE','NONE', #1820, #424 ) REPRESENTATION_RELATIONSHIP_WITH_TRANSFORMATION ( #1939 )SHAPE_REPRESENTATION_RELATIONSHIP( ) );
#1703 = ORIENTED_EDGE ( 'NONE', *, *, #2228, .F. ) ;
#1704 = CARTESIAN_POINT ( 'NONE',  ( -252.5999999999999943, -649.5000000000004547, 5.000000000000000000 ) ) ;
#1705 = EDGE_CURVE ( 'NONE', #1786, #1786, #1183, .T. ) ;
#1706 = PLANE ( 'NONE',  #3110 ) ;
#1707 = EDGE_CURVE ( 'NONE', #2435, #1619, #213, .T. ) ;
#1708 = DIRECTION ( 'NONE',  ( 1.000000000000000000, -0.000000000000000000, -0.000000000000000000 ) ) ;
#1709 = VERTEX_POINT ( 'NONE', #1408 ) ;
#1710 = FACE_OUTER_BOUND ( 'NONE', #2078, .T. ) ;
#1711 = APPROVAL_STATUS ( 'not_yet_approved' ) ;
#1712 = EDGE_CURVE ( 'NONE', #785, #1709, #1041, .T. ) ;
#1713 = APPROVAL_STATUS ( 'not_yet_approved' ) ;
#1714 = DIRECTION ( 'NONE',  ( 0.000000000000000000, 0.000000000000000000, 1.000000000000000000 ) ) ;
#1715 = CC_DESIGN_PERSON_AND_ORGANIZATION_ASSIGNMENT ( #3522, #1033, ( #860 ) ) ;
#1716 = LOCAL_TIME ( 14, 17, 31.00000000000000000, #497 ) ;
#1717 = LINE ( 'NONE', #3119, #3015 ) ;
#1718 = DIRECTION ( 'NONE',  ( -1.000000000000000000, -0.000000000000000000, -0.000000000000000000 ) ) ;
#1719 = FACE_OUTER_BOUND ( 'NONE', #3300, .T. ) ;
#1720 = LOCAL_TIME ( 14, 17, 31.00000000000000000, #2065 ) ;
#1721 = LOCAL_TIME ( 14, 17, 31.00000000000000000, #159 ) ;
#1722 = ORIENTED_EDGE ( 'NONE', *, *, #1528, .F. ) ;
#1723 = PLANE ( 'NONE',  #2264 ) ;
#1724 = VERTEX_POINT ( 'NONE', #1982 ) ;
#1725 = AXIS2_PLACEMENT_3D ( 'NONE', #1207, #2342, #3502 ) ;
#1726 = LINE ( 'NONE', #3111, #849 ) ;
#1727 = COORDINATED_UNIVERSAL_TIME_OFFSET ( 3, 0, .AHEAD. ) ;
#1728 = EDGE_CURVE ( 'NONE', #1745, #3026, #1152, .T. ) ;
#1729 = AXIS2_PLACEMENT_3D ( 'NONE', #3352, #2287, #1171 ) ;
#1730 = COORDINATED_UNIVERSAL_TIME_OFFSET ( 3, 0, .AHEAD. ) ;
#1731 = APPROVAL_DATE_TIME ( #2001, #3301 ) ;
#1732 = DIRECTION ( 'NONE',  ( -1.000000000000000000, -0.000000000000000000, -0.000000000000000000 ) ) ;
#1733 = CIRCLE ( 'NONE', #3394, 2.500000000000001776 ) ;
#1734 = CC_DESIGN_PERSON_AND_ORGANIZATION_ASSIGNMENT ( #3478, #2693, ( #860 ) ) ;
#1735 = CARTESIAN_POINT ( 'NONE',  ( -252.5999999999999943, -649.5000000000004547, 3.796405077356797797E-14 ) ) ;
#1736 = AXIS2_PLACEMENT_3D ( 'NONE', #972, #3195, #1269 ) ;
#1737 = DIRECTION ( 'NONE',  ( -4.930380657631323784E-32, 1.263915100893842199E-16, -1.000000000000000000 ) ) ;
#1738 = AXIS2_PLACEMENT_3D ( 'NONE', #2434, #1324, #766 ) ;
#1739 = CC_DESIGN_APPROVAL ( #2120, ( #3380 ) ) ;
#1740 = ADVANCED_FACE ( 'NONE', ( #1194 ), #1723, .F. ) ;
#1741 = CIRCLE ( 'NONE', #242, 2.445500000000000007 ) ;
#1742 = ORIENTED_EDGE ( 'NONE', *, *, #1674, .T. ) ;
#1743 = CARTESIAN_POINT ( 'NONE',  ( 0.000000000000000000, 0.000000000000000000, 0.000000000000000000 ) ) ;
#1744 = CARTESIAN_POINT ( 'NONE',  ( -19.50000000000000000, -2.000000000000000000, -12.50000000000000000 ) ) ;
#1745 = VERTEX_POINT ( 'NONE', #960 ) ;
#1746 = PLANE ( 'NONE',  #3454 ) ;
#1747 = PERSON_AND_ORGANIZATION ( #694, #1471 ) ;
#1748 = CARTESIAN_POINT ( 'NONE',  ( 2.399999999999999911, -2.799999999999999822, 8.131516293641283255E-17 ) ) ;
#1749 = VERTEX_POINT ( 'NONE', #193 ) ;
#1750 = DATE_AND_TIME ( #2792, #883 ) ;
#1751 = DATE_AND_TIME ( #421, #1297 ) ;
#1752 = CC_DESIGN_DATE_AND_TIME_ASSIGNMENT ( #3443, #2441, ( #2355 ) ) ;
#1753 = APPROVAL_PERSON_ORGANIZATION ( #815, #693, #1943 ) ;
#1754 = DIRECTION ( 'NONE',  ( 0.000000000000000000, 0.000000000000000000, 1.000000000000000000 ) ) ;
#1755 = EDGE_CURVE ( 'NONE', #154, #154, #3511, .T. ) ;
#1756 = CARTESIAN_POINT ( 'NONE',  ( 262.4999999999999432, 6.000000000000211386, -4.927098143279526385E-16 ) ) ;
#1757 = DIRECTION ( 'NONE',  ( -1.000000000000000000, -0.000000000000000000, -0.000000000000000000 ) ) ;
#1758 = CARTESIAN_POINT ( 'NONE',  ( 3.000000000000000000, -2.898298351331925371, 2.602085213965210642E-15 ) ) ;
#1759 = FACE_OUTER_BOUND ( 'NONE', #2358, .T. ) ;
#1760 = COORDINATED_UNIVERSAL_TIME_OFFSET ( 3, 0, .AHEAD. ) ;
#1761 = COORDINATED_UNIVERSAL_TIME_OFFSET ( 3, 0, .AHEAD. ) ;
#1762 = ORIENTED_EDGE ( 'NONE', *, *, #844, .F. ) ;
#1763 = COORDINATED_UNIVERSAL_TIME_OFFSET ( 3, 0, .AHEAD. ) ;
#1764 = CYLINDRICAL_SURFACE ( 'NONE', #1249, 2.999999999999992450 ) ;
#1765 = CARTESIAN_POINT ( 'NONE',  ( -996.9988985619690993, 0.000000000000000000, 0.000000000000000000 ) ) ;
#1766 = CC_DESIGN_DATE_AND_TIME_ASSIGNMENT ( #1123, #80, ( #2433 ) ) ;
#1767 = CC_DESIGN_SECURITY_CLASSIFICATION ( #1595, ( #3530 ) ) ;
#1768 = DIRECTION ( 'NONE',  ( -1.000000000000000000, 6.467653255663455978E-15, 9.261101625138420886E-17 ) ) ;
#1769 = APPLICATION_CONTEXT ( 'configuration controlled 3d designs of mechanical parts and assemblies' ) ;
#1770 = LINE ( 'NONE', #2880, #1558 ) ;
#1771 = CC_DESIGN_APPROVAL ( #931, ( #436 ) ) ;
#1772 = EDGE_LOOP ( 'NONE', ( #1427 ) ) ;
#1773 = ORGANIZATION ( 'NAUO-ORG16', 'UNSPECIFIED', 'UNSPECIFIED' ) ;
#1774 = CARTESIAN_POINT ( 'NONE',  ( -257.7497528838524090, -612.5000000000002274, 1.500000000000000000 ) ) ;
#1775 = ORIENTED_EDGE ( 'NONE', *, *, #1712, .T. ) ;
#1776 = ORIENTED_EDGE ( 'NONE', *, *, #214, .T. ) ;
#1777 = APPLICATION_PROTOCOL_DEFINITION ( 'international standard', 'config_control_design', 1994, #352 ) ;
#1778 = FACE_OUTER_BOUND ( 'NONE', #3075, .T. ) ;
#1779 = VERTEX_POINT ( 'NONE', #3246 ) ;
#1780 = EDGE_CURVE ( 'NONE', #3344, #2435, #1212, .T. ) ;
#1781 = VECTOR ( 'NONE', #1957, 1000.000000000000114 ) ;
#1782 = APPROVAL_PERSON_ORGANIZATION ( #1579, #2338, #2965 ) ;
#1783 = ORIENTED_EDGE ( 'NONE', *, *, #1053, .F. ) ;
#1784 = COORDINATED_UNIVERSAL_TIME_OFFSET ( 3, 0, .AHEAD. ) ;
#1785 = EDGE_CURVE ( 'NONE', #3396, #521, #1046, .T. ) ;
#1786 = VERTEX_POINT ( 'NONE', #2884 ) ;
#1787 = AXIS2_PLACEMENT_3D ( 'NONE', #1169, #1398, #3373 ) ;
#1788 = AXIS2_PLACEMENT_3D ( 'NONE', #3046, #563, #3050 ) ;
#1789 = CARTESIAN_POINT ( 'NONE',  ( 2.399999999999999911, -1.045995237657140642, 0.6039056320324135418 ) ) ;
#1790 = CC_DESIGN_PERSON_AND_ORGANIZATION_ASSIGNMENT ( #2187, #2431, ( #1837 ) ) ;
#1791 = AXIS2_PLACEMENT_3D ( 'NONE', #3456, #168, #3491 ) ;
#1792 = VECTOR ( 'NONE', #3082, 1000.000000000000000 ) ;
#1793 = ORIENTED_EDGE ( 'NONE', *, *, #2311, .T. ) ;
#1794 = CARTESIAN_POINT ( 'NONE',  ( -271.5000000000003979, -680.5000000000001137, 0.000000000000000000 ) ) ;
#1795 = COORDINATED_UNIVERSAL_TIME_OFFSET ( 3, 0, .AHEAD. ) ;
#1796 = AXIS2_PLACEMENT_3D ( 'NONE', #2767, #2242, #2989 ) ;
#1797 = VECTOR ( 'NONE', #268, 1000.000000000000000 ) ;
#1798 = ADVANCED_FACE ( 'NONE', ( #2397, #204 ), #1550, .F. ) ;
#1799 = ORIENTED_EDGE ( 'NONE', *, *, #166, .F. ) ;
#1800 = CONTEXT_DEPENDENT_SHAPE_REPRESENTATION ( #523, #223 ) ;
#1801 = LINE ( 'NONE', #189, #2077 ) ;
#1802 = ADVANCED_FACE ( 'NONE', ( #922 ), #882, .T. ) ;
#1803 = CARTESIAN_POINT ( 'NONE',  ( -271.5000000000003979, -679.0000000000002274, 1.500000000000000000 ) ) ;
#1804 = VECTOR ( 'NONE', #3002, 1000.000000000000000 ) ;
#1805 = CARTESIAN_POINT ( 'NONE',  ( 0.000000000000000000, 0.000000000000000000, 4.400000000000000355 ) ) ;
#1806 = EDGE_LOOP ( 'NONE', ( #1337 ) ) ;
#1807 = APPROVAL ( #2838, 'UNKNOWN' ) ;
#1808 = ORIENTED_EDGE ( 'NONE', *, *, #2021, .T. ) ;
#1809 = FACE_BOUND ( 'NONE', #2974, .T. ) ;
#1810 = DIRECTION ( 'NONE',  ( 0.000000000000000000, 0.000000000000000000, -1.000000000000000000 ) ) ;
#1811 = APPROVAL_DATE_TIME ( #675, #1231 ) ;
#1812 = DIRECTION ( 'NONE',  ( -1.000000000000000000, 0.000000000000000000, 0.000000000000000000 ) ) ;
#1813 = EDGE_CURVE ( 'NONE', #2762, #2098, #635, .T. ) ;
#1814 = ORIENTED_EDGE ( 'NONE', *, *, #3056, .T. ) ;
#1815 = CONTEXT_DEPENDENT_SHAPE_REPRESENTATION ( #1137, #3255 ) ;
#1816 = CARTESIAN_POINT ( 'NONE',  ( 0.000000000000000000, -3.499999999999999556, 12.50000000000000000 ) ) ;
#1817 = APPROVAL_ROLE ( '' ) ;
#1818 = DIRECTION ( 'NONE',  ( -1.000000000000000000, -0.000000000000000000, -0.000000000000000000 ) ) ;
#1819 = EDGE_CURVE ( 'NONE', #1255, #2762, #3091, .T. ) ;
#1820 = SHAPE_REPRESENTATION ( 'R5NLE1462', ( #1262, #1195, #1095, #3243, #401, #1917, #339, #1791, #2452, #1688, #2617, #3299, #2517, #2879, #188, #1022, #2217, #3068, #1497, #3519 ), #24 ) ;
#1821 = DIRECTION ( 'NONE',  ( 0.000000000000000000, 0.000000000000000000, 1.000000000000000000 ) ) ;
#1822 = DIRECTION ( 'NONE',  ( -1.224646799147162155E-16, -2.728601012777253210E-29, -1.000000000000000000 ) ) ;
#1823 = DIRECTION ( 'NONE',  ( 0.000000000000000000, 1.000000000000000000, 0.000000000000000000 ) ) ;
#1824 = ORIENTED_EDGE ( 'NONE', *, *, #2110, .F. ) ;
#1825 = CARTESIAN_POINT ( 'NONE',  ( 16.00000000000000000, 0.000000000000000000, 2.445500000000000007 ) ) ;
#1826 = DIRECTION ( 'NONE',  ( 0.000000000000000000, 0.000000000000000000, 1.000000000000000000 ) ) ;
#1827 = ORIENTED_EDGE ( 'NONE', *, *, #1327, .T. ) ;
#1828 = ORGANIZATION ( 'NAUO-ORG12', 'UNSPECIFIED', 'UNSPECIFIED' ) ;
#1829 = PLANE ( 'NONE',  #2877 ) ;
#1830 = PERSON_AND_ORGANIZATION_ROLE ( 'design_supplier' ) ;
#1831 = CARTESIAN_POINT ( 'NONE',  ( -2.000000000000000000, -11.50000000000000000, 0.000000000000000000 ) ) ;
#1832 = APPROVAL_PERSON_ORGANIZATION ( #272, #2977, #1651 ) ;
#1833 = CARTESIAN_POINT ( 'NONE',  ( 3.000000000000000000, 2.898298351331913825, -4.987329993433320396E-15 ) ) ;
#1834 = APPROVAL_DATE_TIME ( #2626, #305 ) ;
#1835 = CARTESIAN_POINT ( 'NONE',  ( 252.5999999999998238, 659.4999999999993179, 0.000000000000000000 ) ) ;
#1836 = DATE_AND_TIME ( #1346, #656 ) ;
#1837 = PRODUCT_DEFINITION ( 'UNKNOWN', '', #573, #862 ) ;
#1838 = PRODUCT_DEFINITION_SHAPE ( 'NONE', 'NONE',  #555 ) ;
#1839 = AXIS2_PLACEMENT_3D ( 'NONE', #150, #1272, #1531 ) ;
#1840 = DIRECTION ( 'NONE',  ( -0.000000000000000000, -1.000000000000000000, -0.000000000000000000 ) ) ;
#1841 = ADVANCED_BREP_SHAPE_REPRESENTATION ( '', ( #1059, #565 ), #2940 ) ;
#1842 = AXIS2_PLACEMENT_3D ( 'NONE', #226, #1714, #2536 ) ;
#1843 = CARTESIAN_POINT ( 'NONE',  ( -241.9999999999998863, 649.4999999999993179, 5.000000000000000000 ) ) ;
#1844 = AXIS2_PLACEMENT_3D ( 'NONE', #2588, #2029, #88 ) ;
#1845 = CARTESIAN_POINT ( 'NONE',  ( 267.2502471161472499, -612.5000000000002274, 1.500000000000000000 ) ) ;
#1846 = CC_DESIGN_DATE_AND_TIME_ASSIGNMENT ( #3311, #385, ( #3023 ) ) ;
#1847 = VECTOR ( 'NONE', #178, 1000.000000000000000 ) ;
#1848 = ORIENTED_EDGE ( 'NONE', *, *, #935, .F. ) ;
#1849 = CARTESIAN_POINT ( 'NONE',  ( 0.000000000000000000, 0.000000000000000000, 12.50000000000000000 ) ) ;
#1850 = DIRECTION ( 'NONE',  ( -0.4822040194243981115, -0.8760589498720706692, -5.905296089238046200E-17 ) ) ;
#1851 = PERSON_AND_ORGANIZATION ( #694, #1471 ) ;
#1852 = CARTESIAN_POINT ( 'NONE',  ( 3.000000000000000000, 1.449149175665950251, -2.510000000000002451 ) ) ;
#1853 = SECURITY_CLASSIFICATION ( '', '', #765 ) ;
#1854 = DIRECTION ( 'NONE',  ( 1.000000000000000000, 0.000000000000000000, 0.000000000000000000 ) ) ;
#1855 =( GEOMETRIC_REPRESENTATION_CONTEXT ( 3 ) GLOBAL_UNCERTAINTY_ASSIGNED_CONTEXT ( ( #1488 ) ) GLOBAL_UNIT_ASSIGNED_CONTEXT ( ( #3404, #1529, #2685 ) ) REPRESENTATION_CONTEXT ( 'NONE', 'WORKASPACE' ) );
#1856 = VECTOR ( 'NONE', #283, 1000.000000000000000 ) ;
#1857 = ORIENTED_EDGE ( 'NONE', *, *, #3264, .T. ) ;
#1858 = CALENDAR_DATE ( 2025, 1, 7 ) ;
#1859 = APPROVAL ( #14, 'UNKNOWN' ) ;
#1860 = SECURITY_CLASSIFICATION_LEVEL ( 'unclassified' ) ;
#1861 = DIRECTION ( 'NONE',  ( 1.000000000000000000, 6.425415755018093478E-15, 2.410690616112570884E-16 ) ) ;
#1862 = EDGE_CURVE ( 'NONE', #2091, #812, #1981, .T. ) ;
#1863 = ORIENTED_EDGE ( 'NONE', *, *, #2061, .F. ) ;
#1864 = CARTESIAN_POINT ( 'NONE',  ( 0.000000000000000000, -3.499999999999999556, 12.50000000000000000 ) ) ;
#1865 = VERTEX_POINT ( 'NONE', #2109 ) ;
#1866 = PLANE ( 'NONE',  #343 ) ;
#1867 = ORIENTED_EDGE ( 'NONE', *, *, #732, .T. ) ;
#1868 = ORIENTED_EDGE ( 'NONE', *, *, #210, .F. ) ;
#1869 = LINE ( 'NONE', #1849, #3064 ) ;
#1870 = DIRECTION ( 'NONE',  ( -1.224646799147162155E-16, -2.728601012777253210E-29, -1.000000000000000000 ) ) ;
#1871 = DATE_AND_TIME ( #699, #1016 ) ;
#1872 = CARTESIAN_POINT ( 'NONE',  ( -3.499999999999999556, -3.499999999999999556, 12.50000000000000000 ) ) ;
#1873 = ORIENTED_EDGE ( 'NONE', *, *, #467, .F. ) ;
#1874 = DIRECTION ( 'NONE',  ( -1.000000000000000000, -0.000000000000000000, 0.000000000000000000 ) ) ;
#1875 = ITEM_DEFINED_TRANSFORMATION ( 'NONE', 'NONE', #3299,  #565 ) ;
#1876 = DIRECTION ( 'NONE',  ( -1.000000000000000000, -0.000000000000000000, -0.000000000000000000 ) ) ;
#1877 = PERSON_AND_ORGANIZATION ( #2675, #603 ) ;
#1878 = SECURITY_CLASSIFICATION_LEVEL ( 'unclassified' ) ;
#1879 = ORIENTED_EDGE ( 'NONE', *, *, #2695, .F. ) ;
#1880 = DIRECTION ( 'NONE',  ( 0.000000000000000000, -6.001205538514357546E-15, -1.000000000000000000 ) ) ;
#1881 = VERTEX_POINT ( 'NONE', #3004 ) ;
#1882 = EDGE_CURVE ( 'NONE', #400, #2297, #3076, .T. ) ;
#1883 = PERSON_AND_ORGANIZATION ( #694, #1471 ) ;
#1884 = EDGE_LOOP ( 'NONE', ( #3409 ) ) ;
#1885 = ADVANCED_FACE ( 'NONE', ( #2822, #1429, #117, #2557, #75, #2830, #1994 ), #602, .F. ) ;
#1886 = CARTESIAN_POINT ( 'NONE',  ( 3.000000000000000000, 0.000000000000000000, 0.000000000000000000 ) ) ;
#1887 = LOCAL_TIME ( 14, 17, 31.00000000000000000, #1987 ) ;
#1888 = CALENDAR_DATE ( 2025, 1, 7 ) ;
#1889 = LINE ( 'NONE', #511, #1621 ) ;
#1890 = CALENDAR_DATE ( 2025, 1, 7 ) ;
#1891 = LINE ( 'NONE', #36, #1561 ) ;
#1892 = DIRECTION ( 'NONE',  ( 0.000000000000000000, -1.197063425288573548E-15, -1.000000000000000000 ) ) ;
#1893 = DIRECTION ( 'NONE',  ( 0.000000000000000000, 0.000000000000000000, 1.000000000000000000 ) ) ;
#1894 = PERSON_AND_ORGANIZATION ( #3515, #2601 ) ;
#1895 = APPROVAL_STATUS ( 'not_yet_approved' ) ;
#1896 = CC_DESIGN_SECURITY_CLASSIFICATION ( #830, ( #3545 ) ) ;
#1897 = PRODUCT_DEFINITION ( 'UNKNOWN', '', #1094, #2276 ) ;
#1898 = APPROVAL_STATUS ( 'not_yet_approved' ) ;
#1899 = CALENDAR_DATE ( 2025, 1, 7 ) ;
#1900 = DIRECTION ( 'NONE',  ( 1.000000000000000000, -6.425415755018093478E-15, 2.410690616112570884E-16 ) ) ;
#1901 = EDGE_LOOP ( 'NONE', ( #412, #1339, #571, #2849 ) ) ;
#1902 = AXIS2_PLACEMENT_3D ( 'NONE', #1216, #2118, #1942 ) ;
#1903 = VERTEX_POINT ( 'NONE', #1845 ) ;
#1904 = AXIS2_PLACEMENT_3D ( 'NONE', #175, #3221, #2692 ) ;
#1905 = APPROVAL_ROLE ( '' ) ;
#1906 = EDGE_LOOP ( 'NONE', ( #3057, #3312, #1372, #2185, #685, #1814 ) ) ;
#1907 = EDGE_CURVE ( 'NONE', #1619, #341, #99, .T. ) ;
#1908 = ORIENTED_EDGE ( 'NONE', *, *, #2210, .T. ) ;
#1909 = PRODUCT_DEFINITION ( 'UNKNOWN', '', #780, #3194 ) ;
#1910 = PERSON_AND_ORGANIZATION ( #694, #1471 ) ;
#1911 = VECTOR ( 'NONE', #2741, 1000.000000000000000 ) ;
#1912 = ADVANCED_FACE ( 'NONE', ( #2844, #1476 ), #2040, .F. ) ;
#1913 = CARTESIAN_POINT ( 'NONE',  ( -0.000000000000000000, -1.838501190585715150, -3.184377471870328158 ) ) ;
#1914 = COORDINATED_UNIVERSAL_TIME_OFFSET ( 3, 0, .AHEAD. ) ;
#1915 = CARTESIAN_POINT ( 'NONE',  ( 273.0000000000002274, -680.5000000000004547, 19.99999999999997868 ) ) ;
#1916 = PERSON_AND_ORGANIZATION ( #550, #2305 ) ;
#1917 = AXIS2_PLACEMENT_3D ( 'NONE', #1569, #3275, #2419 ) ;
#1918 = CARTESIAN_POINT ( 'NONE',  ( -3.499999999999999556, -2.000000000000000000, 12.50000000000000000 ) ) ;
#1919 = VECTOR ( 'NONE', #368, 1000.000000000000000 ) ;
#1920 = VECTOR ( 'NONE', #3367, 1000.000000000000000 ) ;
#1921 = COORDINATED_UNIVERSAL_TIME_OFFSET ( 3, 0, .AHEAD. ) ;
#1922 = APPROVAL_ROLE ( '' ) ;
#1923 = VERTEX_POINT ( 'NONE', #2197 ) ;
#1924 = CARTESIAN_POINT ( 'NONE',  ( -2.000000000000000000, -19.50000000000000000, 12.50000000000000000 ) ) ;
#1925 = VECTOR ( 'NONE', #2134, 1000.000000000000000 ) ;
#1926 = CARTESIAN_POINT ( 'NONE',  ( 0.000000000000000000, 0.000000000000000000, 0.000000000000000000 ) ) ;
#1927 = EDGE_CURVE ( 'NONE', #2361, #2361, #2511, .T. ) ;
#1928 = ORIENTED_EDGE ( 'NONE', *, *, #2482, .T. ) ;
#1929 = LINE ( 'NONE', #474, #1496 ) ;
#1930 = PERSON_AND_ORGANIZATION ( #694, #1471 ) ;
#1931 = CC_DESIGN_SECURITY_CLASSIFICATION ( #1530, ( #462 ) ) ;
#1932 = CC_DESIGN_DATE_AND_TIME_ASSIGNMENT ( #769, #1045, ( #1233 ) ) ;
#1933 = LOCAL_TIME ( 14, 17, 31.00000000000000000, #2541 ) ;
#1934 = CARTESIAN_POINT ( 'NONE',  ( 3.000000000000000000, 0.000000000000000000, 0.000000000000000000 ) ) ;
#1935 = PERSON ( 'NAUO-PER12', 'UNSPECIFIED', 'UNSPECIFIED', ('UNSPECIFIED'), ('UNSPECIFIED'), ('UNSPECIFIED') ) ;
#1936 = CARTESIAN_POINT ( 'NONE',  ( 0.000000000000000000, -3.499999999999999556, 12.50000000000000000 ) ) ;
#1937 = EDGE_CURVE ( 'NONE', #2747, #2747, #726, .T. ) ;
#1938 = CC_DESIGN_APPROVAL ( #920, ( #3025 ) ) ;
#1939 = ITEM_DEFINED_TRANSFORMATION ( 'NONE', 'NONE', #3519,  #565 ) ;
#1940 = DATE_AND_TIME ( #95, #2054 ) ;
#1941 = ORIENTED_EDGE ( 'NONE', *, *, #2463, .T. ) ;
#1942 = DIRECTION ( 'NONE',  ( 0.000000000000000000, 0.000000000000000000, 1.000000000000000000 ) ) ;
#1943 = APPROVAL_ROLE ( '' ) ;
#1944 = PERSON_AND_ORGANIZATION ( #694, #1471 ) ;
#1945 = LINE ( 'NONE', #2558, #2027 ) ;
#1946 = FACE_OUTER_BOUND ( 'NONE', #2909, .T. ) ;
#1947 = ORGANIZATION ( 'NAUO-ORG1', 'UNSPECIFIED', 'UNSPECIFIED' ) ;
#1948 = DIRECTION ( 'NONE',  ( 0.000000000000000000, -1.000000000000000000, 0.000000000000000000 ) ) ;
#1949 = CC_DESIGN_APPROVAL ( #2405, ( #780 ) ) ;
#1950 = EDGE_CURVE ( 'NONE', #1462, #181, #1608, .T. ) ;
#1951 = APPROVAL_PERSON_ORGANIZATION ( #2476, #931, #2123 ) ;
#1952 = APPROVAL_STATUS ( 'not_yet_approved' ) ;
#1953 = CC_DESIGN_PERSON_AND_ORGANIZATION_ASSIGNMENT ( #2491, #1082, ( #462 ) ) ;
#1954 = CC_DESIGN_SECURITY_CLASSIFICATION ( #1606, ( #3543 ) ) ;
#1955 = PRODUCT_DEFINITION_SHAPE ( 'NONE', 'NONE',  #3534 ) ;
#1956 = DIRECTION ( 'NONE',  ( -1.000000000000000000, 0.000000000000000000, 3.000602769257179956E-15 ) ) ;
#1957 = DIRECTION ( 'NONE',  ( 0.000000000000000000, -0.5000000000000011102, -0.8660254037844380415 ) ) ;
#1958 = APPLICATION_CONTEXT ( 'configuration controlled 3d designs of mechanical parts and assemblies' ) ;
#1959 = ORIENTED_EDGE ( 'NONE', *, *, #2935, .F. ) ;
#1960 = ORIENTED_EDGE ( 'NONE', *, *, #1419, .T. ) ;
#1961 = CC_DESIGN_PERSON_AND_ORGANIZATION_ASSIGNMENT ( #618, #2047, ( #1094 ) ) ;
#1962 = FACE_OUTER_BOUND ( 'NONE', #298, .T. ) ;
#1963 = AXIS2_PLACEMENT_3D ( 'NONE', #2418, #318, #17 ) ;
#1964 = SECURITY_CLASSIFICATION ( '', '', #887 ) ;
#1965 = PERSON_AND_ORGANIZATION ( #3309, #381 ) ;
#1966 = ITEM_DEFINED_TRANSFORMATION ( 'NONE', 'NONE', #3243,  #565 ) ;
#1967 = CARTESIAN_POINT ( 'NONE',  ( -11.49999999999999822, 0.000000000000000000, 0.000000000000000000 ) ) ;
#1968 = LOCAL_TIME ( 14, 17, 31.00000000000000000, #1760 ) ;
#1969 = AXIS2_PLACEMENT_3D ( 'NONE', #2949, #745, #2966 ) ;
#1970 = AXIS2_PLACEMENT_3D ( 'NONE', #1514, #2634, #900 ) ;
#1971 = CC_DESIGN_PERSON_AND_ORGANIZATION_ASSIGNMENT ( #1697, #38, ( #825 ) ) ;
#1972 = ORIENTED_EDGE ( 'NONE', *, *, #3331, .F. ) ;
#1973 = DIRECTION ( 'NONE',  ( 0.000000000000000000, 0.000000000000000000, 1.000000000000000000 ) ) ;
#1974 = PERSON ( 'NAUO-PER6', 'UNSPECIFIED', 'UNSPECIFIED', ('UNSPECIFIED'), ('UNSPECIFIED'), ('UNSPECIFIED') ) ;
#1975 = CIRCLE ( 'NONE', #244, 5.000000000000000000 ) ;
#1976 = DIRECTION ( 'NONE',  ( -1.000000000000000000, 0.000000000000000000, 0.000000000000000000 ) ) ;
#1977 = ADVANCED_FACE ( 'NONE', ( #819 ), #2194, .T. ) ;
#1978 = DIRECTION ( 'NONE',  ( 1.000000000000000000, 0.000000000000000000, 0.000000000000000000 ) ) ;
#1979 = VERTEX_POINT ( 'NONE', #2518 ) ;
#1980 = ADVANCED_FACE ( 'NONE', ( #39 ), #2033, .T. ) ;
#1981 = LINE ( 'NONE', #2296, #2931 ) ;
#1982 = CARTESIAN_POINT ( 'NONE',  ( -3.499999999999999556, 0.000000000000000000, -12.50000000000000000 ) ) ;
#1983 = FACE_OUTER_BOUND ( 'NONE', #215, .T. ) ;
#1984 = ORIENTED_EDGE ( 'NONE', *, *, #651, .F. ) ;
#1985 = DIRECTION ( 'NONE',  ( 0.000000000000000000, 1.000000000000000000, -3.491481338843133355E-15 ) ) ;
#1986 = COORDINATED_UNIVERSAL_TIME_OFFSET ( 3, 0, .AHEAD. ) ;
#1987 = COORDINATED_UNIVERSAL_TIME_OFFSET ( 3, 0, .AHEAD. ) ;
#1988 = FACE_OUTER_BOUND ( 'NONE', #2639, .T. ) ;
#1989 = DIRECTION ( 'NONE',  ( 0.000000000000000000, 0.000000000000000000, 1.000000000000000000 ) ) ;
#1990 = FACE_BOUND ( 'NONE', #312, .T. ) ;
#1991 = EDGE_LOOP ( 'NONE', ( #3284 ) ) ;
#1992 = EDGE_CURVE ( 'NONE', #1057, #1057, #1733, .T. ) ;
#1993 = PLANE ( 'NONE',  #1438 ) ;
#1994 = FACE_BOUND ( 'NONE', #2255, .T. ) ;
#1996 = EDGE_CURVE ( 'NONE', #3088, #207, #2924, .T. ) ;
#1995 = DIRECTION ( 'NONE',  ( 0.000000000000000000, 0.000000000000000000, 1.000000000000000000 ) ) ;
#1997 = ORIENTED_EDGE ( 'NONE', *, *, #3320, .F. ) ;
#1998 = CARTESIAN_POINT ( 'NONE',  ( 271.5000000000002274, -678.4000000000003183, 20.00000000000000000 ) ) ;
#1999 = CALENDAR_DATE ( 2025, 1, 7 ) ;
#2000 = DATE_AND_TIME ( #50, #3285 ) ;
#2001 = DATE_AND_TIME ( #2289, #1665 ) ;
#2002 = FACE_OUTER_BOUND ( 'NONE', #1197, .T. ) ;
#2003 = SECURITY_CLASSIFICATION ( '', '', #625 ) ;
#2004 = LOCAL_TIME ( 14, 17, 31.00000000000000000, #2802 ) ;
#2005 = PLANE ( 'NONE',  #1029 ) ;
#2006 = DIRECTION ( 'NONE',  ( 1.000000000000000000, -8.135931516927094279E-17, 2.985366366334957112E-17 ) ) ;
#2007 = LOCAL_TIME ( 14, 17, 31.00000000000000000, #1202 ) ;
#2008 = ORIENTED_EDGE ( 'NONE', *, *, #3085, .F. ) ;
#2009 = DIRECTION ( 'NONE',  ( -1.000000000000000000, 0.000000000000000000, 0.000000000000000000 ) ) ;
#2010 = DIRECTION ( 'NONE',  ( 0.000000000000000000, 0.000000000000000000, 1.000000000000000000 ) ) ;
#2011 = FACE_OUTER_BOUND ( 'NONE', #2141, .T. ) ;
#2012 = DATE_AND_TIME ( #328, #2939 ) ;
#2013 = CC_DESIGN_DATE_AND_TIME_ASSIGNMENT ( #121, #3187, ( #555 ) ) ;
#2014 = CARTESIAN_POINT ( 'NONE',  ( 0.000000000000000000, -11.50000000000000000, 0.000000000000000000 ) ) ;
#2015 = DATE_AND_TIME ( #2316, #1720 ) ;
#2016 = PERSON ( 'NAUO-PER4', 'UNSPECIFIED', 'UNSPECIFIED', ('UNSPECIFIED'), ('UNSPECIFIED'), ('UNSPECIFIED') ) ;
#2017 = ADVANCED_FACE ( 'NONE', ( #199 ), #158, .T. ) ;
#2018 = CARTESIAN_POINT ( 'NONE',  ( -272.9999999999998863, 680.5000000000000000, 19.99999999999997868 ) ) ;
#2019 = COORDINATED_UNIVERSAL_TIME_OFFSET ( 3, 0, .AHEAD. ) ;
#2020 = ITEM_DEFINED_TRANSFORMATION ( 'NONE', 'NONE', #2452,  #565 ) ;
#2021 = EDGE_CURVE ( 'NONE', #3344, #2576, #2388, .T. ) ;
#2022 = AXIS2_PLACEMENT_3D ( 'NONE', #2501, #1635, #809 ) ;
#2023 = PRODUCT_DEFINITION_FORMATION_WITH_SPECIFIED_SOURCE ( 'ANY', '', #2862, .NOT_KNOWN. ) ;
#2024 =( LENGTH_UNIT ( ) NAMED_UNIT ( * ) SI_UNIT ( .MILLI., .METRE. ) );
#2025 = LOCAL_TIME ( 14, 17, 31.00000000000000000, #3010 ) ;
#2026 = FACE_BOUND ( 'NONE', #3185, .T. ) ;
#2027 = VECTOR ( 'NONE', #3045, 1000.000000000000000 ) ;
#2028 = PLANE ( 'NONE',  #3106 ) ;
#2029 = DIRECTION ( 'NONE',  ( 0.000000000000000000, -0.000000000000000000, 1.000000000000000000 ) ) ;
#2030 = ORIENTED_EDGE ( 'NONE', *, *, #1522, .F. ) ;
#2031 = CARTESIAN_POINT ( 'NONE',  ( 0.000000000000000000, -19.50000000000000000, 12.50000000000000000 ) ) ;
#2032 = DIRECTION ( 'NONE',  ( 0.000000000000000000, 1.000000000000000000, -8.211830238798920982E-17 ) ) ;
#2033 = PLANE ( 'NONE',  #572 ) ;
#2034 = CC_DESIGN_DATE_AND_TIME_ASSIGNMENT ( #2438, #1066, ( #436 ) ) ;
#2035 = PERSON_AND_ORGANIZATION ( #694, #1471 ) ;
#2036 = ORIENTED_EDGE ( 'NONE', *, *, #2754, .F. ) ;
#2037 = PLANE ( 'NONE',  #1729 ) ;
#2038 = ITEM_DEFINED_TRANSFORMATION ( 'NONE', 'NONE', #339,  #565 ) ;
#2039 = FACE_OUTER_BOUND ( 'NONE', #3114, .T. ) ;
#2040 = B_SPLINE_SURFACE_WITH_KNOTS ( 'NONE', 3, 1, ( 
 ( #2603, #1576 ),
 ( #445, #391 ),
 ( #1789, #411 ),
 ( #155, #3201 ),
 ( #2691, #1292 ),
 ( #321, #334 ),
 ( #850, #1617 ),
 ( #443, #483 ),
 ( #2399, #351 ),
 ( #3259, #498 ),
 ( #236, #1331 ),
 ( #3440, #2075 ),
 ( #2521, #824 ),
 ( #3293, #3276 ),
 ( #554, #2775 ) ),
 .UNSPECIFIED., .T., .F., .F.,
 ( 4, 1, 1, 1, 1, 1, 1, 1, 1, 1, 1, 1, 4 ),
 ( 2, 2 ),
 ( 0.000000000000000000, 0.08333333333333325932, 0.1666666666666666297, 0.2500000000000000000, 0.3333333333333333703, 0.4166666666666666297, 0.5000000000000000000, 0.5833333333333334814, 0.6666666666666667407, 0.7500000000000000000, 0.8333333333333333703, 0.9166666666666665186, 1.000000000000000000 ),
 ( 0.000000000000000000, 1.000000000000000000 ),
 .UNSPECIFIED. ) ;
#2041 = EDGE_CURVE ( 'NONE', #3426, #3505, #3449, .T. ) ;
#2042 =( NAMED_UNIT ( * ) PLANE_ANGLE_UNIT ( ) SI_UNIT ( $, .RADIAN. ) );
#2043 = FACE_OUTER_BOUND ( 'NONE', #1991, .T. ) ;
#2044 = ORIENTED_EDGE ( 'NONE', *, *, #2898, .F. ) ;
#2045 = VERTEX_POINT ( 'NONE', #2348 ) ;
#2046 = DIRECTION ( 'NONE',  ( 0.000000000000000000, 0.4999999999999983902, -0.8660254037844395958 ) ) ;
#2047 = PERSON_AND_ORGANIZATION_ROLE ( 'creator' ) ;
#2048 = FACE_OUTER_BOUND ( 'NONE', #4, .T. ) ;
#2049 = VERTEX_POINT ( 'NONE', #2411 ) ;
#2050 = CARTESIAN_POINT ( 'NONE',  ( 271.5000000000000568, -679.0000000000002274, 1.500000000000000000 ) ) ;
#2051 = SECURITY_CLASSIFICATION_LEVEL ( 'unclassified' ) ;
#2052 = DIRECTION ( 'NONE',  ( 0.000000000000000000, 0.000000000000000000, 1.000000000000000000 ) ) ;
#2053 = CC_DESIGN_DATE_AND_TIME_ASSIGNMENT ( #81, #552, ( #1595 ) ) ;
#2054 = LOCAL_TIME ( 14, 17, 31.00000000000000000, #1699 ) ;
#2055 =( NAMED_UNIT ( * ) SI_UNIT ( $, .STERADIAN. ) SOLID_ANGLE_UNIT ( ) );
#2056 = DIRECTION ( 'NONE',  ( 1.000000000000000000, 0.000000000000000000, -0.000000000000000000 ) ) ;
#2057 = APPROVAL_PERSON_ORGANIZATION ( #1304, #2076, #1585 ) ;
#2058 = ORIENTED_EDGE ( 'NONE', *, *, #2547, .T. ) ;
#2059 = CC_DESIGN_APPROVAL ( #1389, ( #712 ) ) ;
#2060 = CARTESIAN_POINT ( 'NONE',  ( -241.9999999999998863, 649.4999999999993179, 3.796405077356797797E-14 ) ) ;
#2061 = EDGE_CURVE ( 'NONE', #3396, #3308, #724, .T. ) ;
#2062 = VERTEX_POINT ( 'NONE', #3413 ) ;
#2063 = LOCAL_TIME ( 14, 17, 31.00000000000000000, #1795 ) ;
#2064 = PRODUCT_DEFINITION ( 'UNKNOWN', '', #860, #310 ) ;
#2065 = COORDINATED_UNIVERSAL_TIME_OFFSET ( 3, 0, .AHEAD. ) ;
#2066 = LINE ( 'NONE', #377, #2209 ) ;
#2067 = PRODUCT ( 'PF 5x10 R5LE simple_1400x0600', 'PF 5x10 R5LE simple_1400x0600', '', ( #2409 ) ) ;
#2068 = VECTOR ( 'NONE', #1211, 1000.000000000000000 ) ;
#2069 = ORIENTED_EDGE ( 'NONE', *, *, #1600, .T. ) ;
#2070 =( REPRESENTATION_RELATIONSHIP ('NONE','NONE', #1820, #424 ) REPRESENTATION_RELATIONSHIP_WITH_TRANSFORMATION ( #2649 )SHAPE_REPRESENTATION_RELATIONSHIP( ) );
#2071 = APPROVAL_ROLE ( '' ) ;
#2072 = VECTOR ( 'NONE', #2596, 1000.000000000000000 ) ;
#2073 = DESIGN_CONTEXT ( 'detailed design', #1958, 'design' ) ;
#2074 = DIRECTION ( 'NONE',  ( 0.000000000000000000, -0.4999999999999984457, 0.8660254037844394848 ) ) ;
#2075 = CARTESIAN_POINT ( 'NONE',  ( 4.336808689942017736E-16, -1.838501190585715150, -3.184377471870328158 ) ) ;
#2076 = APPROVAL ( #3508, 'UNKNOWN' ) ;
#2077 = VECTOR ( 'NONE', #3156, 1000.000000000000000 ) ;
#2078 = EDGE_LOOP ( 'NONE', ( #1437, #2488, #2333, #291 ) ) ;
#2079 = CARTESIAN_POINT ( 'NONE',  ( -252.5999999999999943, -659.5000000000004547, 0.000000000000000000 ) ) ;
#2080 = ADVANCED_FACE ( 'NONE', ( #1778, #3482 ), #2324, .T. ) ;
#2081 = VECTOR ( 'NONE', #1199, 1000.000000000000000 ) ;
#2082 = EDGE_CURVE ( 'NONE', #2654, #2170, #2066, .T. ) ;
#2083 = CARTESIAN_POINT ( 'NONE',  ( -262.4999999999998295, -612.5000000000002274, 3.019858152799187163E-28 ) ) ;
#2084 = DATE_AND_TIME ( #2364, #187 ) ;
#2085 = ORIENTED_EDGE ( 'NONE', *, *, #932, .F. ) ;
#2086 = ADVANCED_FACE ( 'NONE', ( #2048, #3147 ), #660, .T. ) ;
#2087 = DIRECTION ( 'NONE',  ( -0.000000000000000000, -4.930380657631323784E-31, -1.000000000000000000 ) ) ;
#2088 = COORDINATED_UNIVERSAL_TIME_OFFSET ( 3, 0, .AHEAD. ) ;
#2089 = CARTESIAN_POINT ( 'NONE',  ( 0.6000000000000033085, 0.000000000000000000, 0.000000000000000000 ) ) ;
#2090 = VECTOR ( 'NONE', #1451, 1000.000000000000000 ) ;
#2091 = VERTEX_POINT ( 'NONE', #1424 ) ;
#2092 = DATE_TIME_ROLE ( 'classification_date' ) ;
#2093 = FACE_OUTER_BOUND ( 'NONE', #3021, .T. ) ;
#2094 = DIRECTION ( 'NONE',  ( -1.000000000000000000, -6.425415755018093478E-15, 2.410690616112570884E-16 ) ) ;
#2095 = ADVANCED_BREP_SHAPE_REPRESENTATION ( '', ( #3474, #565 ), #3227 ) ;
#2096 = EDGE_LOOP ( 'NONE', ( #1675 ) ) ;
#2097 = CARTESIAN_POINT ( 'NONE',  ( 3.750000000000000000, 0.000000000000000000, 12.00000000000000000 ) ) ;
#2098 = VERTEX_POINT ( 'NONE', #1148 ) ;
#2099 = CARTESIAN_POINT ( 'NONE',  ( 2.399999999999999911, 1.838501190585713374, -3.184377471870329934 ) ) ;
#2100 = CARTESIAN_POINT ( 'NONE',  ( 3.000000000000000000, 1.449149175665955580, 2.509999999999997122 ) ) ;
#2101 = PERSON_AND_ORGANIZATION ( #694, #1471 ) ;
#2102 = ORIENTED_EDGE ( 'NONE', *, *, #3509, .T. ) ;
#2103 = APPROVAL_STATUS ( 'not_yet_approved' ) ;
#2104 = DATE_AND_TIME ( #984, #2429 ) ;
#2105 = DIRECTION ( 'NONE',  ( 0.000000000000000000, 1.000000000000000000, 0.000000000000000000 ) ) ;
#2106 = CC_DESIGN_DATE_AND_TIME_ASSIGNMENT ( #2012, #1409, ( #1853 ) ) ;
#2107 = FACE_OUTER_BOUND ( 'NONE', #1209, .T. ) ;
#2108 = ORIENTED_EDGE ( 'NONE', *, *, #365, .T. ) ;
#2109 = CARTESIAN_POINT ( 'NONE',  ( 3.424264068712041809, 0.000000000000000000, 2.999999999999887645 ) ) ;
#2110 = EDGE_CURVE ( 'NONE', #1186, #1042, #3072, .T. ) ;
#2111 = ORGANIZATION ( 'NAUO-ORG7', 'UNSPECIFIED', 'UNSPECIFIED' ) ;
#2112 = DIRECTION ( 'NONE',  ( -0.000000000000000000, 4.930380657631323784E-31, 1.000000000000000000 ) ) ;
#2113 = CARTESIAN_POINT ( 'NONE',  ( 273.0000000000001705, -678.4000000000003183, 0.000000000000000000 ) ) ;
#2114 = PERSON_AND_ORGANIZATION ( #694, #1471 ) ;
#2115 = CC_DESIGN_APPROVAL ( #2076, ( #3327 ) ) ;
#2116 = SHAPE_DEFINITION_REPRESENTATION ( #1838, #3165 ) ;
#2117 = CARTESIAN_POINT ( 'NONE',  ( 0.000000000000000000, -19.50000000000000000, -12.50000000000000000 ) ) ;
#2118 = DIRECTION ( 'NONE',  ( -1.000000000000000000, -0.000000000000000000, -0.000000000000000000 ) ) ;
#2119 = SECURITY_CLASSIFICATION ( '', '', #993 ) ;
#2120 = APPROVAL ( #2888, 'UNSPECIFIED' ) ;
#2121 = DATE_AND_TIME ( #2211, #1193 ) ;
#2122 = EDGE_LOOP ( 'NONE', ( #2085, #1863, #2967, #575, #2542 ) ) ;
#2123 = APPROVAL_ROLE ( '' ) ;
#2124 = LINE ( 'NONE', #185, #2605 ) ;
#2125 = CARTESIAN_POINT ( 'NONE',  ( 0.000000000000000000, -19.50000000000000000, -12.50000000000000000 ) ) ;
#2126 = AXIS2_PLACEMENT_3D ( 'NONE', #1478, #2009, #410 ) ;
#2127 = PRODUCT ( 'R5NLE1462', 'R5NLE1462', '', ( #3090 ) ) ;
#2128 = CARTESIAN_POINT ( 'NONE',  ( -2.000000000000000000, -1.999999999999998224, 12.50000000000000000 ) ) ;
#2129 = CALENDAR_DATE ( 2025, 1, 7 ) ;
#2130 = PERSON_AND_ORGANIZATION ( #694, #1471 ) ;
#2131 = DIRECTION ( 'NONE',  ( 2.392769274849635480E-16, -1.654475671581114067E-16, 1.000000000000000000 ) ) ;
#2132 = LINE ( 'NONE', #500, #290 ) ;
#2133 = ORIENTED_EDGE ( 'NONE', *, *, #689, .F. ) ;
#2134 = DIRECTION ( 'NONE',  ( -1.000000000000000000, -0.000000000000000000, 0.000000000000000000 ) ) ;
#2135 = LINE ( 'NONE', #486, #1435 ) ;
#2136 = VECTOR ( 'NONE', #2074, 1000.000000000000114 ) ;
#2137 = AXIS2_PLACEMENT_3D ( 'NONE', #85, #1978, #3074 ) ;
#2138 = CARTESIAN_POINT ( 'NONE',  ( 0.6000000000000033085, 0.000000000000000000, 5.000000000000000000 ) ) ;
#2139 = CARTESIAN_POINT ( 'NONE',  ( 16.00000000000000000, 0.000000000000000000, 0.000000000000000000 ) ) ;
#2140 = VECTOR ( 'NONE', #1130, 1000.000000000000000 ) ;
#2141 = EDGE_LOOP ( 'NONE', ( #3199, #408, #1352 ) ) ;
#2142 = AXIS2_PLACEMENT_3D ( 'NONE', #3464, #2087, #2607 ) ;
#2143 = DATE_AND_TIME ( #1620, #2785 ) ;
#2144 = DIRECTION ( 'NONE',  ( -0.000000000000000000, -1.000000000000000000, -0.000000000000000000 ) ) ;
#2145 = CONICAL_SURFACE ( 'NONE', #3518, 3.000000000000000444, 0.7853981633974491672 ) ;
#2146 = APPROVAL_PERSON_ORGANIZATION ( #2494, #3381, #3277 ) ;
#2147 = APPLICATION_CONTEXT ( 'configuration controlled 3d designs of mechanical parts and assemblies' ) ;
#2148 = EDGE_LOOP ( 'NONE', ( #229 ) ) ;
#2149 = FACE_OUTER_BOUND ( 'NONE', #1402, .T. ) ;
#2150 = CARTESIAN_POINT ( 'NONE',  ( -251.9999999999999432, 660.0999999999994543, 5.000000000000000000 ) ) ;
#2151 = APPROVAL_DATE_TIME ( #2416, #2076 ) ;
#2152 = FACE_OUTER_BOUND ( 'NONE', #3269, .T. ) ;
#2153 = EDGE_CURVE ( 'NONE', #785, #3149, #2540, .T. ) ;
#2154 = CARTESIAN_POINT ( 'NONE',  ( -1.999999999999998224, -2.000000000000000000, 12.50000000000000000 ) ) ;
#2155 = COORDINATED_UNIVERSAL_TIME_OFFSET ( 3, 0, .AHEAD. ) ;
#2156 = PERSON_AND_ORGANIZATION ( #694, #1471 ) ;
#2157 = PRODUCT_DEFINITION_SHAPE ( 'NONE', 'NONE',  #3544 ) ;
#2158 = ORIENTED_EDGE ( 'NONE', *, *, #1907, .F. ) ;
#2159 = CARTESIAN_POINT ( 'NONE',  ( 252.5999999999998238, 649.4999999999993179, 3.796405077356797797E-14 ) ) ;
#2160 = VERTEX_POINT ( 'NONE', #1574 ) ;
#2161 = CC_DESIGN_DATE_AND_TIME_ASSIGNMENT ( #2467, #2749, ( #2064 ) ) ;
#2162 = DATE_AND_TIME ( #697, #2799 ) ;
#2163 = ORIENTED_EDGE ( 'NONE', *, *, #2819, .F. ) ;
#2164 =( NAMED_UNIT ( * ) PLANE_ANGLE_UNIT ( ) SI_UNIT ( $, .RADIAN. ) );
#2165 = COORDINATED_UNIVERSAL_TIME_OFFSET ( 3, 0, .AHEAD. ) ;
#2166 = DIRECTION ( 'NONE',  ( 3.000602769257179956E-15, -6.001205538514359124E-15, 1.000000000000000000 ) ) ;
#2167 = CC_DESIGN_PERSON_AND_ORGANIZATION_ASSIGNMENT ( #324, #1562, ( #1279 ) ) ;
#2168 = EDGE_CURVE ( 'NONE', #3323, #181, #2432, .T. ) ;
#2169 = CARTESIAN_POINT ( 'NONE',  ( 251.9999999999998863, 659.4999999999993179, 5.580382013862015884E-29 ) ) ;
#2170 = VERTEX_POINT ( 'NONE', #3356 ) ;
#2171 = PERSON_AND_ORGANIZATION_ROLE ( 'classification_officer' ) ;
#2172 = COORDINATED_UNIVERSAL_TIME_OFFSET ( 3, 0, .AHEAD. ) ;
#2173 = PERSON_AND_ORGANIZATION ( #694, #1471 ) ;
#2174 = CARTESIAN_POINT ( 'NONE',  ( 245.0000000000038369, -612.4999999999988631, -12.99999999999985789 ) ) ;
#2175 = ADVANCED_FACE ( 'NONE', ( #3501, #2257 ), #2145, .T. ) ;
#2176 = CC_DESIGN_PERSON_AND_ORGANIZATION_ASSIGNMENT ( #1851, #2947, ( #417 ) ) ;
#2177 = ORIENTED_EDGE ( 'NONE', *, *, #574, .F. ) ;
#2178 = CARTESIAN_POINT ( 'NONE',  ( -262.4999999999998295, 612.5000000000002274, 3.019858152799187163E-28 ) ) ;
#2179 = VERTEX_POINT ( 'NONE', #2976 ) ;
#2180 = LOCAL_TIME ( 14, 17, 31.00000000000000000, #1660 ) ;
#2181 = DIRECTION ( 'NONE',  ( 0.000000000000000000, 0.000000000000000000, 1.000000000000000000 ) ) ;
#2182 = EDGE_CURVE ( 'NONE', #227, #227, #3346, .T. ) ;
#2183 = APPROVAL_ROLE ( '' ) ;
#2184 = EDGE_LOOP ( 'NONE', ( #1824, #1984, #3036, #3428 ) ) ;
#2185 = ORIENTED_EDGE ( 'NONE', *, *, #588, .F. ) ;
#2186 = SECURITY_CLASSIFICATION ( '', '', #2551 ) ;
#2187 = PERSON_AND_ORGANIZATION ( #694, #1471 ) ;
#2188 = CC_DESIGN_SECURITY_CLASSIFICATION ( #3327, ( #3536 ) ) ;
#2189 = CARTESIAN_POINT ( 'NONE',  ( 0.000000000000000000, -1.045995237657140642, 0.6039056320324135418 ) ) ;
#2190 = APPROVAL_STATUS ( 'not_yet_approved' ) ;
#2191 = FACE_OUTER_BOUND ( 'NONE', #1445, .T. ) ;
#2192 = CONTEXT_DEPENDENT_SHAPE_REPRESENTATION ( #402, #2252 ) ;
#2193 = LOCAL_TIME ( 14, 17, 31.00000000000000000, #1265 ) ;
#2194 = PLANE ( 'NONE',  #899 ) ;
#2195 = APPROVAL_DATE_TIME ( #1071, #2977 ) ;
#2196 = APPROVAL_DATE_TIME ( #255, #2405 ) ;
#2197 = CARTESIAN_POINT ( 'NONE',  ( -272.9999999999998295, 680.4999999999998863, 0.000000000000000000 ) ) ;
#2198 = EDGE_LOOP ( 'NONE', ( #2942, #3193, #1168, #2845 ) ) ;
#2199 = LINE ( 'NONE', #3022, #1804 ) ;
#2200 = ORIENTED_EDGE ( 'NONE', *, *, #1674, .F. ) ;
#2201 = AXIS2_PLACEMENT_3D ( 'NONE', #2318, #1483, #1810 ) ;
#2202 = CC_DESIGN_PERSON_AND_ORGANIZATION_ASSIGNMENT ( #1877, #772, ( #1606 ) ) ;
#2203 = LINE ( 'NONE', #3298, #678 ) ;
#2204 = CIRCLE ( 'NONE', #2445, 4.400000000000000355 ) ;
#2205 = PERSON_AND_ORGANIZATION ( #694, #1471 ) ;
#2206 = ORIENTED_EDGE ( 'NONE', *, *, #2569, .T. ) ;
#2207 = EDGE_CURVE ( 'NONE', #3344, #1637, #1598, .T. ) ;
#2208 = SECURITY_CLASSIFICATION_LEVEL ( 'unclassified' ) ;
#2209 = VECTOR ( 'NONE', #926, 1000.000000000000000 ) ;
#2210 = EDGE_CURVE ( 'NONE', #400, #3505, #3324, .T. ) ;
#2211 = CALENDAR_DATE ( 2025, 1, 7 ) ;
#2212 = DIRECTION ( 'NONE',  ( 0.000000000000000000, 1.000000000000000000, -1.047430497127501904E-15 ) ) ;
#2213 = APPROVAL_PERSON_ORGANIZATION ( #866, #561, #3092 ) ;
#2214 = SECURITY_CLASSIFICATION_LEVEL ( 'unclassified' ) ;
#2215 = DIRECTION ( 'NONE',  ( 0.000000000000000000, -6.001205538514357546E-15, 1.000000000000000000 ) ) ;
#2216 = APPROVAL_STATUS ( 'not_yet_approved' ) ;
#2217 = AXIS2_PLACEMENT_3D ( 'NONE', #1037, #451, #1370 ) ;
#2218 = PLANE ( 'NONE',  #2872 ) ;
#2219 = AXIS2_PLACEMENT_3D ( 'NONE', #2283, #1463, #90 ) ;
#2220 = VECTOR ( 'NONE', #987, 1000.000000000000000 ) ;
#2221 = CONTEXT_DEPENDENT_SHAPE_REPRESENTATION ( #702, #2157 ) ;
#2222 = APPROVAL_STATUS ( 'not_yet_approved' ) ;
#2223 = EDGE_LOOP ( 'NONE', ( #1273, #2206, #1799, #171, #3190, #2235 ) ) ;
#2224 =( NAMED_UNIT ( * ) PLANE_ANGLE_UNIT ( ) SI_UNIT ( $, .RADIAN. ) );
#2225 = PERSON_AND_ORGANIZATION_ROLE ( 'creator' ) ;
#2226 =( REPRESENTATION_RELATIONSHIP ('NONE','NONE', #1820, #424 ) REPRESENTATION_RELATIONSHIP_WITH_TRANSFORMATION ( #1413 )SHAPE_REPRESENTATION_RELATIONSHIP( ) );
#2227 = APPROVAL_ROLE ( '' ) ;
#2228 = EDGE_CURVE ( 'NONE', #1447, #232, #3268, .T. ) ;
#2229 = DIRECTION ( 'NONE',  ( 0.000000000000000000, 1.000000000000000000, -3.796405077356794326E-15 ) ) ;
#2230 = CC_DESIGN_DATE_AND_TIME_ASSIGNMENT ( #817, #2510, ( #1530 ) ) ;
#2231 = PLANE ( 'NONE',  #1154 ) ;
#2232 = ADVANCED_FACE ( 'NONE', ( #2779 ), #1390, .T. ) ;
#2233 = ITEM_DEFINED_TRANSFORMATION ( 'NONE', 'NONE', #1315,  #565 ) ;
#2234 = DATE_AND_TIME ( #3084, #1887 ) ;
#2235 = ORIENTED_EDGE ( 'NONE', *, *, #1480, .F. ) ;
#2236 = PLANE ( 'NONE',  #576 ) ;
#2237 = DIRECTION ( 'NONE',  ( 0.000000000000000000, -0.4999999999999983902, 0.8660254037844395958 ) ) ;
#2238 = DATE_AND_TIME ( #43, #203 ) ;
#2239 = ORIENTED_EDGE ( 'NONE', *, *, #1950, .T. ) ;
#2240 = APPLICATION_CONTEXT ( 'configuration controlled 3d designs of mechanical parts and assemblies' ) ;
#2241 = DIRECTION ( 'NONE',  ( 0.000000000000000000, 0.000000000000000000, -1.000000000000000000 ) ) ;
#2242 = DIRECTION ( 'NONE',  ( -1.000000000000000000, -0.000000000000000000, -0.000000000000000000 ) ) ;
#2243 = APPROVAL_PERSON_ORGANIZATION ( #873, #350, #289 ) ;
#2244 = DIRECTION ( 'NONE',  ( 0.000000000000000000, -0.000000000000000000, 1.000000000000000000 ) ) ;
#2245 = CONTEXT_DEPENDENT_SHAPE_REPRESENTATION ( #2814, #776 ) ;
#2246 = CC_DESIGN_PERSON_AND_ORGANIZATION_ASSIGNMENT ( #2910, #1267, ( #2003 ) ) ;
#2247 = LOCAL_TIME ( 14, 17, 31.00000000000000000, #535 ) ;
#2248 = CC_DESIGN_SECURITY_CLASSIFICATION ( #108, ( #3544 ) ) ;
#2249 = CALENDAR_DATE ( 2025, 1, 7 ) ;
#2250 = DATE_AND_TIME ( #1108, #1174 ) ;
#2251 = LINE ( 'NONE', #3335, #2778 ) ;
#2252 = PRODUCT_DEFINITION_SHAPE ( 'NONE', 'NONE',  #3537 ) ;
#2253 = CARTESIAN_POINT ( 'NONE',  ( 3.000000000000000000, -2.173723763498942585, 1.255000000000004334 ) ) ;
#2254 = B_SPLINE_CURVE_WITH_KNOTS ( 'NONE', 3,
 ( #3304, #3317, #2189, #534, #2543, #2513, #1645, #2473, #1662, #1118, #806, #1913, #1397, #3030, #266 ),
 .UNSPECIFIED., .T., .F.,
 ( 4, 1, 1, 1, 1, 1, 1, 1, 1, 1, 1, 1, 4 ),
 ( 0.000000000000000000, 0.08333333333333325932, 0.1666666666666666297, 0.2500000000000000000, 0.3333333333333333703, 0.4166666666666666297, 0.5000000000000000000, 0.5833333333333334814, 0.6666666666666667407, 0.7500000000000000000, 0.8333333333333333703, 0.9166666666666665186, 1.000000000000000000 ),
 .UNSPECIFIED. ) ;
#2255 = EDGE_LOOP ( 'NONE', ( #3451 ) ) ;
#2256 = DIRECTION ( 'NONE',  ( 3.000602769257179956E-15, 0.000000000000000000, -1.000000000000000000 ) ) ;
#2257 = FACE_OUTER_BOUND ( 'NONE', #3254, .T. ) ;
#2258 = ORIENTED_EDGE ( 'NONE', *, *, #2406, .F. ) ;
#2259 = CARTESIAN_POINT ( 'NONE',  ( 3.000000000000000000, 1.449149175665955580, 2.509999999999997122 ) ) ;
#2260 = AXIS2_PLACEMENT_3D ( 'NONE', #2727, #1599, #1056 ) ;
#2261 = PERSON_AND_ORGANIZATION_ROLE ( 'classification_officer' ) ;
#2262 = FACE_OUTER_BOUND ( 'NONE', #3326, .T. ) ;
#2263 = COORDINATED_UNIVERSAL_TIME_OFFSET ( 3, 0, .AHEAD. ) ;
#2264 = AXIS2_PLACEMENT_3D ( 'NONE', #1743, #2332, #3408 ) ;
#2265 = AXIS2_PLACEMENT_3D ( 'NONE', #1503, #676, #1976 ) ;
#2266 = LOCAL_TIME ( 14, 17, 31.00000000000000000, #2165 ) ;
#2267 = DIRECTION ( 'NONE',  ( -1.000000000000000000, -0.000000000000000000, -0.000000000000000000 ) ) ;
#2268 = APPROVAL_DATE_TIME ( #1141, #1666 ) ;
#2269 = APPROVAL_ROLE ( '' ) ;
#2270 = FACE_OUTER_BOUND ( 'NONE', #3358, .T. ) ;
#2271 = VECTOR ( 'NONE', #3039, 1000.000000000000000 ) ;
#2272 = PLANE ( 'NONE',  #2881 ) ;
#2273 = EDGE_CURVE ( 'NONE', #1275, #1275, #2514, .T. ) ;
#2274 = CONICAL_SURFACE ( 'NONE', #190, 6.000000000000005329, 0.6946410422937446816 ) ;
#2275 = ADVANCED_FACE ( 'NONE', ( #1990, #3405 ), #1456, .F. ) ;
#2276 = DESIGN_CONTEXT ( 'detailed design', #2464, 'design' ) ;
#2277 = AXIS2_PLACEMENT_3D ( 'NONE', #1835, #2800, #2229 ) ;
#2278 = AXIS2_PLACEMENT_3D ( 'NONE', #2718, #1087, #2215 ) ;
#2279 = ORIENTED_EDGE ( 'NONE', *, *, #1707, .F. ) ;
#2280 = CARTESIAN_POINT ( 'NONE',  ( -19.50000000000000000, -2.000000000000000000, 12.50000000000000000 ) ) ;
#2281 = APPLICATION_PROTOCOL_DEFINITION ( 'international standard', 'config_control_design', 1994, #2464 ) ;
#2282 = ORIENTED_EDGE ( 'NONE', *, *, #810, .T. ) ;
#2283 = CARTESIAN_POINT ( 'NONE',  ( 252.5999999999998238, 649.4999999999993179, 5.000000000000000000 ) ) ;
#2284 = SECURITY_CLASSIFICATION_LEVEL ( 'unclassified' ) ;
#2285 = PRODUCT_DEFINITION_SHAPE ( 'NONE', 'NONE',  #3546 ) ;
#2286 = PERSON ( 'NAUO-PER10', 'UNSPECIFIED', 'UNSPECIFIED', ('UNSPECIFIED'), ('UNSPECIFIED'), ('UNSPECIFIED') ) ;
#2287 = DIRECTION ( 'NONE',  ( 1.000000000000000000, 0.000000000000000000, 0.000000000000000000 ) ) ;
#2288 = COORDINATED_UNIVERSAL_TIME_OFFSET ( 3, 0, .AHEAD. ) ;
#2289 = CALENDAR_DATE ( 2025, 1, 7 ) ;
#2290 = CARTESIAN_POINT ( 'NONE',  ( 251.9999999999998863, -659.5000000000004547, 0.000000000000000000 ) ) ;
#2291 = DIRECTION ( 'NONE',  ( -1.000000000000000000, 0.000000000000000000, 0.000000000000000000 ) ) ;
#2292 = APPROVAL_PERSON_ORGANIZATION ( #2715, #2907, #3465 ) ;
#2293 = PRODUCT_RELATED_PRODUCT_CATEGORY ( 'detail', '', ( #417 ) ) ;
#2294 = DIRECTION ( 'NONE',  ( -3.000602769257179956E-15, -6.001205538514355968E-15, 1.000000000000000000 ) ) ;
#2295 = ORIENTED_EDGE ( 'NONE', *, *, #2647, .T. ) ;
#2296 = CARTESIAN_POINT ( 'NONE',  ( -2.000000000000000000, -19.50000000000000000, -12.50000000000000000 ) ) ;
#2297 = VERTEX_POINT ( 'NONE', #337 ) ;
#2298 = EDGE_CURVE ( 'NONE', #1467, #2654, #133, .T. ) ;
#2299 = DIRECTION ( 'NONE',  ( -1.000000000000000000, 0.000000000000000000, 3.000602769257179956E-15 ) ) ;
#2300 = APPROVAL_STATUS ( 'not_yet_approved' ) ;
#2301 = APPROVAL_ROLE ( '' ) ;
#2302 = PERSON_AND_ORGANIZATION_ROLE ( 'classification_officer' ) ;
#2303 = CC_DESIGN_APPROVAL ( #2958, ( #654 ) ) ;
#2304 = CARTESIAN_POINT ( 'NONE',  ( 0.000000000000000000, -19.50000000000000000, 12.50000000000000000 ) ) ;
#2305 = ORGANIZATION ( 'NAUO-ORG9', 'UNSPECIFIED', 'UNSPECIFIED' ) ;
#2306 = DIRECTION ( 'NONE',  ( -0.000000000000000000, -0.000000000000000000, -1.000000000000000000 ) ) ;
#2307 = EDGE_CURVE ( 'NONE', #3263, #3263, #1184, .T. ) ;
#2308 = CC_DESIGN_DATE_AND_TIME_ASSIGNMENT ( #3133, #709, ( #558 ) ) ;
#2309 = DIRECTION ( 'NONE',  ( 1.000000000000000000, -0.000000000000000000, -0.000000000000000000 ) ) ;
#2310 = CARTESIAN_POINT ( 'NONE',  ( 3.000000000000000000, 1.449149175665950251, -2.510000000000002451 ) ) ;
#2311 = EDGE_CURVE ( 'NONE', #1302, #1749, #1770, .T. ) ;
#2312 = ADVANCED_FACE ( 'NONE', ( #898, #2043 ), #2599, .F. ) ;
#2313 = EDGE_LOOP ( 'NONE', ( #1658 ) ) ;
#2314 = FACE_OUTER_BOUND ( 'NONE', #1201, .T. ) ;
#2315 = FACE_OUTER_BOUND ( 'NONE', #1023, .T. ) ;
#2316 = CALENDAR_DATE ( 2025, 1, 7 ) ;
#2317 = EDGE_CURVE ( 'NONE', #2961, #2961, #2938, .T. ) ;
#2318 = CARTESIAN_POINT ( 'NONE',  ( 6.250000000000005329, 0.000000000000000000, 0.000000000000000000 ) ) ;
#2319 = DATE_AND_TIME ( #2681, #3397 ) ;
#2320 = ORIENTED_EDGE ( 'NONE', *, *, #3034, .T. ) ;
#2321 = AXIS2_PLACEMENT_3D ( 'NONE', #1872, #231, #2450 ) ;
#2322 = PERSON_AND_ORGANIZATION ( #3383, #438 ) ;
#2323 = DIRECTION ( 'NONE',  ( 0.000000000000000000, 0.4999999999999983902, -0.8660254037844395958 ) ) ;
#2324 = TOROIDAL_SURFACE ( 'NONE', #2783, 4.400000000000000355, 0.5999999999999999778 ) ;
#2325 = CC_DESIGN_SECURITY_CLASSIFICATION ( #1964, ( #3380 ) ) ;
#2326 = FACE_OUTER_BOUND ( 'NONE', #546, .T. ) ;
#2327 = VECTOR ( 'NONE', #1135, 1000.000000000000000 ) ;
#2328 = CC_DESIGN_APPROVAL ( #1231, ( #1094 ) ) ;
#2329 = ORIENTED_EDGE ( 'NONE', *, *, #1996, .F. ) ;
#2330 = LINE ( 'NONE', #670, #3107 ) ;
#2331 = CARTESIAN_POINT ( 'NONE',  ( 3.000000000000000000, -1.449149175665962463, 2.510000000000000231 ) ) ;
#2332 = DIRECTION ( 'NONE',  ( 0.000000000000000000, 0.000000000000000000, 1.000000000000000000 ) ) ;
#2333 = ORIENTED_EDGE ( 'NONE', *, *, #2298, .F. ) ;
#2334 = LINE ( 'NONE', #1500, #1019 ) ;
#2335 = DATE_AND_TIME ( #3411, #2668 ) ;
#2336 = CARTESIAN_POINT ( 'NONE',  ( 3.000000000000000000, 2.898298351331913825, -4.987329993433320396E-15 ) ) ;
#2337 = ADVANCED_FACE ( 'NONE', ( #598, #387 ), #2571, .T. ) ;
#2338 = APPROVAL ( #1038, 'UNSPECIFIED' ) ;
#2339 =( REPRESENTATION_RELATIONSHIP ('NONE','NONE', #1820, #424 ) REPRESENTATION_RELATIONSHIP_WITH_TRANSFORMATION ( #2803 )SHAPE_REPRESENTATION_RELATIONSHIP( ) );
#2340 = PERSON_AND_ORGANIZATION ( #1634, #326 ) ;
#2341 = PLANE ( 'NONE',  #66 ) ;
#2342 = DIRECTION ( 'NONE',  ( 1.000000000000000000, 0.000000000000000000, 0.000000000000000000 ) ) ;
#2343 = VERTEX_POINT ( 'NONE', #1224 ) ;
#2344 = VERTEX_POINT ( 'NONE', #633 ) ;
#2345 = ORIENTED_EDGE ( 'NONE', *, *, #1163, .T. ) ;
#2346 = FACE_OUTER_BOUND ( 'NONE', #637, .T. ) ;
#2347 = APPLICATION_PROTOCOL_DEFINITION ( 'international standard', 'config_control_design', 1994, #3332 ) ;
#2348 = CARTESIAN_POINT ( 'NONE',  ( -19.50000000000000000, 0.000000000000000000, -12.50000000000000000 ) ) ;
#2349 = DATE_TIME_ROLE ( 'classification_date' ) ;
#2350 = ORIENTED_EDGE ( 'NONE', *, *, #3085, .T. ) ;
#2351 = DATE_TIME_ROLE ( 'classification_date' ) ;
#2352 = EDGE_CURVE ( 'NONE', #1903, #1903, #2436, .T. ) ;
#2353 = ADVANCED_FACE ( 'NONE', ( #1470, #437 ), #1222, .F. ) ;
#2354 = DIRECTION ( 'NONE',  ( 0.000000000000000000, 0.000000000000000000, 1.000000000000000000 ) ) ;
#2355 = SECURITY_CLASSIFICATION ( '', '', #1860 ) ;
#2356 = CARTESIAN_POINT ( 'NONE',  ( 173.0000000000003126, -580.5000000000002274, 13.50000000000412470 ) ) ;
#2357 = LOCAL_TIME ( 14, 17, 31.00000000000000000, #2263 ) ;
#2358 = EDGE_LOOP ( 'NONE', ( #720 ) ) ;
#2359 = PERSON_AND_ORGANIZATION ( #694, #1471 ) ;
#2360 = LOCAL_TIME ( 14, 17, 31.00000000000000000, #2019 ) ;
#2361 = VERTEX_POINT ( 'NONE', #444 ) ;
#2362 = APPROVAL ( #1356, 'UNSPECIFIED' ) ;
#2363 = CC_DESIGN_SECURITY_CLASSIFICATION ( #1075, ( #3551 ) ) ;
#2364 = CALENDAR_DATE ( 2025, 1, 7 ) ;
#2365 = DIRECTION ( 'NONE',  ( 1.000000000000000000, 0.000000000000000000, 0.000000000000000000 ) ) ;
#2366 = CIRCLE ( 'NONE', #448, 6.000000000000005329 ) ;
#2367 = FACE_OUTER_BOUND ( 'NONE', #591, .T. ) ;
#2368 = MECHANICAL_CONTEXT ( 'NONE', #3332, 'mechanical' ) ;
#2369 = DIRECTION ( 'NONE',  ( -0.000000000000000000, -8.211830238798920982E-17, -1.000000000000000000 ) ) ;
#2370 = AXIS2_PLACEMENT_3D ( 'NONE', #829, #3423, #3439 ) ;
#2371 = DATE_AND_TIME ( #1238, #636 ) ;
#2372 = ORIENTED_EDGE ( 'NONE', *, *, #1003, .T. ) ;
#2373 = PERSON_AND_ORGANIZATION ( #2761, #775 ) ;
#2374 = DIRECTION ( 'NONE',  ( -1.000000000000000000, -0.000000000000000000, -0.000000000000000000 ) ) ;
#2375 = CARTESIAN_POINT ( 'NONE',  ( -251.0000000000037801, 612.4999999999987494, -1.499999999999963141 ) ) ;
#2376 = EDGE_CURVE ( 'NONE', #3345, #3462, #393, .T. ) ;
#2377 = CARTESIAN_POINT ( 'NONE',  ( 242.0000000000000000, -660.1000000000005912, 3.796405077356797797E-14 ) ) ;
#2378 = VECTOR ( 'NONE', #1040, 1000.000000000000000 ) ;
#2379 = ORIENTED_EDGE ( 'NONE', *, *, #1813, .T. ) ;
#2380 = CARTESIAN_POINT ( 'NONE',  ( 271.5000000000000568, -679.0000000000004547, 20.00000000000000711 ) ) ;
#2381 = DIRECTION ( 'NONE',  ( 0.000000000000000000, 0.8660254037844380415, -0.5000000000000009992 ) ) ;
#2382 = VECTOR ( 'NONE', #1144, 1000.000000000000000 ) ;
#2383 = ORIENTED_EDGE ( 'NONE', *, *, #2307, .F. ) ;
#2384 = CC_DESIGN_DATE_AND_TIME_ASSIGNMENT ( #8, #1078, ( #2119 ) ) ;
#2385 = PLANE ( 'NONE',  #3171 ) ;
#2386 = CARTESIAN_POINT ( 'NONE',  ( 271.5000000000001705, 678.9999999999998863, 1.500000000000001332 ) ) ;
#2387 = APPROVAL_STATUS ( 'not_yet_approved' ) ;
#2388 = LINE ( 'NONE', #2336, #3063 ) ;
#2389 = CLOSED_SHELL ( 'NONE', ( #624, #3188, #27, #1525, #439, #1351, #2667, #3037, #456, #2867 ) ) ;
#2390 = CIRCLE ( 'NONE', #1736, 5.999999999999989342 ) ;
#2391 = FACE_BOUND ( 'NONE', #3389, .T. ) ;
#2392 = CC_DESIGN_PERSON_AND_ORGANIZATION_ASSIGNMENT ( #1185, #142, ( #3170 ) ) ;
#2393 = CARTESIAN_POINT ( 'NONE',  ( -19.50000000000000000, -2.000000000000000000, 12.50000000000000000 ) ) ;
#2394 = PERSON_AND_ORGANIZATION_ROLE ( 'classification_officer' ) ;
#2395 = CARTESIAN_POINT ( 'NONE',  ( 10.00000000000000000, 0.000000000000000000, 0.000000000000000000 ) ) ;
#2396 = CARTESIAN_POINT ( 'NONE',  ( -2.000000000000000000, -19.50000000000000000, 12.50000000000000000 ) ) ;
#2397 = FACE_BOUND ( 'NONE', #2724, .T. ) ;
#2398 = CARTESIAN_POINT ( 'NONE',  ( -245.0000000000038369, -612.4999999999988631, -12.99999999999975131 ) ) ;
#2399 = CARTESIAN_POINT ( 'NONE',  ( 2.399999999999999911, 1.045995237657139754, -0.6039056320324156513 ) ) ;
#2400 = LOCAL_TIME ( 14, 17, 31.00000000000000000, #261 ) ;
#2401 = LINE ( 'NONE', #3241, #627 ) ;
#2402 = ORIENTED_EDGE ( 'NONE', *, *, #3260, .F. ) ;
#2403 = PRODUCT_DEFINITION_SHAPE ( 'NONE', 'NONE',  #1897 ) ;
#2404 = VERTEX_POINT ( 'NONE', #1616 ) ;
#2405 = APPROVAL ( #2636, 'UNSPECIFIED' ) ;
#2406 = EDGE_CURVE ( 'NONE', #3160, #2654, #2728, .T. ) ;
#2407 = EDGE_CURVE ( 'NONE', #2179, #2179, #2366, .T. ) ;
#2408 = DIRECTION ( 'NONE',  ( -3.258972993211821573E-15, 0.5388066400637112618, 0.8424294656665649583 ) ) ;
#2409 = MECHANICAL_CONTEXT ( 'NONE', #314, 'mechanical' ) ;
#2410 = CARTESIAN_POINT ( 'NONE',  ( 2.399999999999999911, -1.045995237657140642, 0.6039056320324135418 ) ) ;
#2411 = CARTESIAN_POINT ( 'NONE',  ( -251.9999999999998863, 659.4999999999993179, 5.000000000000000000 ) ) ;
#2412 = MANIFOLD_SOLID_BREP ( 'Chamfer1', #192 ) ;
#2413 = EDGE_CURVE ( 'NONE', #341, #181, #2135, .T. ) ;
#2414 = ORIENTED_EDGE ( 'NONE', *, *, #3479, .F. ) ;
#2415 = APPROVAL_STATUS ( 'not_yet_approved' ) ;
#2416 = DATE_AND_TIME ( #269, #1176 ) ;
#2417 = CARTESIAN_POINT ( 'NONE',  ( -271.4999999999998863, 678.3999999999998636, 20.00000000000000000 ) ) ;
#2418 = CARTESIAN_POINT ( 'NONE',  ( 262.4999999999999432, 2.220446049250313081E-13, -1.823392601085531814E-29 ) ) ;
#2419 = DIRECTION ( 'NONE',  ( -2.392769274849635480E-16, -1.654475671581114067E-16, 1.000000000000000000 ) ) ;
#2420 = CC_DESIGN_APPROVAL ( #3301, ( #1595 ) ) ;
#2421 = ORIENTED_EDGE ( 'NONE', *, *, #2742, .T. ) ;
#2422 = CARTESIAN_POINT ( 'NONE',  ( 271.5000000000001705, 679.0000000000000000, 20.00000000000000711 ) ) ;
#2423 = FACE_OUTER_BOUND ( 'NONE', #3252, .T. ) ;
#2424 = CARTESIAN_POINT ( 'NONE',  ( 3.750000000000000000, 0.000000000000000000, 11.00000000000000000 ) ) ;
#2425 = APPROVAL_PERSON_ORGANIZATION ( #1681, #363, #331 ) ;
#2426 = CALENDAR_DATE ( 2025, 1, 7 ) ;
#2427 = ORIENTED_EDGE ( 'NONE', *, *, #2913, .T. ) ;
#2428 = APPROVAL ( #1632, 'UNKNOWN' ) ;
#2429 = LOCAL_TIME ( 14, 17, 31.00000000000000000, #792 ) ;
#2430 = PRODUCT_DEFINITION_SHAPE ( 'NONE', 'NONE',  #3535 ) ;
#2431 = PERSON_AND_ORGANIZATION_ROLE ( 'creator' ) ;
#2432 = LINE ( 'NONE', #1012, #848 ) ;
#2433 = SECURITY_CLASSIFICATION ( '', '', #857 ) ;
#2434 = CARTESIAN_POINT ( 'NONE',  ( 3.424264068712041809, 0.000000000000000000, 0.000000000000000000 ) ) ;
#2435 = VERTEX_POINT ( 'NONE', #2561 ) ;
#2436 = CIRCLE ( 'NONE', #717, 4.750247116147409798 ) ;
#2437 = DATE_AND_TIME ( #807, #110 ) ;
#2438 = DATE_AND_TIME ( #3487, #2247 ) ;
#2439 = APPLICATION_CONTEXT ( 'configuration controlled 3d designs of mechanical parts and assemblies' ) ;
#2440 = PERSON_AND_ORGANIZATION_ROLE ( 'classification_officer' ) ;
#2441 = DATE_TIME_ROLE ( 'classification_date' ) ;
#2442 = DIRECTION ( 'NONE',  ( -1.224646799147162155E-16, 2.728601012777253210E-29, -1.000000000000000000 ) ) ;
#2443 = ORIENTED_EDGE ( 'NONE', *, *, #1327, .F. ) ;
#2444 = DIRECTION ( 'NONE',  ( 0.000000000000000000, 0.000000000000000000, -1.000000000000000000 ) ) ;
#2445 = AXIS2_PLACEMENT_3D ( 'NONE', #2923, #2492, #997 ) ;
#2446 = COORDINATED_UNIVERSAL_TIME_OFFSET ( 3, 0, .AHEAD. ) ;
#2447 = ORIENTED_EDGE ( 'NONE', *, *, #953, .T. ) ;
#2448 = CIRCLE ( 'NONE', #1686, 5.785000000000000142 ) ;
#2449 = APPROVAL_DATE_TIME ( #1871, #3113 ) ;
#2450 = DIRECTION ( 'NONE',  ( 1.000000000000000000, 0.000000000000000000, -0.000000000000000000 ) ) ;
#2451 = DIRECTION ( 'NONE',  ( -1.000000000000000000, -0.000000000000000000, -0.000000000000000000 ) ) ;
#2452 = AXIS2_PLACEMENT_3D ( 'NONE', #2375, #3473, #1270 ) ;
#2453 = ORIENTED_EDGE ( 'NONE', *, *, #756, .T. ) ;
#2454 = PERSON_AND_ORGANIZATION_ROLE ( 'classification_officer' ) ;
#2455 = CONICAL_SURFACE ( 'NONE', #1796, 5.785000000000000142, 0.7853981633974501664 ) ;
#2456 = CARTESIAN_POINT ( 'NONE',  ( 3.000000000000000000, -1.449149175665970013, -2.509999999999998899 ) ) ;
#2457 = APPROVAL ( #947, 'UNKNOWN' ) ;
#2458 = CALENDAR_DATE ( 2025, 1, 7 ) ;
#2459 = EDGE_CURVE ( 'NONE', #1881, #1881, #3341, .T. ) ;
#2460 = DIRECTION ( 'NONE',  ( 1.000000000000000000, 0.000000000000000000, 0.000000000000000000 ) ) ;
#2461 = EDGE_LOOP ( 'NONE', ( #200 ) ) ;
#2462 = DIRECTION ( 'NONE',  ( 0.000000000000000000, -0.000000000000000000, 1.000000000000000000 ) ) ;
#2463 = EDGE_CURVE ( 'NONE', #1724, #2045, #3123, .T. ) ;
#2464 = APPLICATION_CONTEXT ( 'configuration controlled 3d designs of mechanical parts and assemblies' ) ;
#2465 = LINE ( 'NONE', #1125, #1140 ) ;
#2466 = PERSON ( 'NAUO-PER7', 'UNSPECIFIED', 'UNSPECIFIED', ('UNSPECIFIED'), ('UNSPECIFIED'), ('UNSPECIFIED') ) ;
#2467 = DATE_AND_TIME ( #194, #537 ) ;
#2468 = ORIENTED_EDGE ( 'NONE', *, *, #2988, .T. ) ;
#2469 = DIRECTION ( 'NONE',  ( -1.000000000000000000, -0.000000000000000000, -0.000000000000000000 ) ) ;
#2470 = DATE_AND_TIME ( #1888, #2266 ) ;
#2471 = CARTESIAN_POINT ( 'NONE',  ( 2.399999999999999911, 3.677002381171431189, -1.103940140988725838E-15 ) ) ;
#2472 = ADVANCED_FACE ( 'NONE', ( #2423 ), #2709, .F. ) ;
#2473 = CARTESIAN_POINT ( 'NONE',  ( 0.000000000000000000, 3.677002381171431189, -1.103940140988725838E-15 ) ) ;
#2474 = ITEM_DEFINED_TRANSFORMATION ( 'NONE', 'NONE', #2994,  #565 ) ;
#2475 = CARTESIAN_POINT ( 'NONE',  ( 273.0000000000002274, -678.4000000000003183, 19.99999999999999289 ) ) ;
#2476 = PERSON_AND_ORGANIZATION ( #790, #375 ) ;
#2477 = CARTESIAN_POINT ( 'NONE',  ( 3.000000000000000000, 2.898298351331913825, -4.987329993433320396E-15 ) ) ;
#2478 = APPROVAL ( #872, 'UNKNOWN' ) ;
#2479 = SECURITY_CLASSIFICATION_LEVEL ( 'unclassified' ) ;
#2480 = APPLICATION_PROTOCOL_DEFINITION ( 'international standard', 'config_control_design', 1994, #3125 ) ;
#2481 = CARTESIAN_POINT ( 'NONE',  ( 250.9999999999998295, -1.221245327087672194E-12, -1.499999999999964695 ) ) ;
#2482 = EDGE_CURVE ( 'NONE', #2486, #2486, #2664, .T. ) ;
#2483 = EDGE_CURVE ( 'NONE', #232, #3323, #609, .T. ) ;
#2484 = ORIENTED_EDGE ( 'NONE', *, *, #1124, .T. ) ;
#2485 = CARTESIAN_POINT ( 'NONE',  ( -271.4999999999998295, 679.0000000000000000, 20.00000000000000711 ) ) ;
#2486 = VERTEX_POINT ( 'NONE', #1590 ) ;
#2487 = CALENDAR_DATE ( 2025, 1, 7 ) ;
#2488 = ORIENTED_EDGE ( 'NONE', *, *, #2082, .F. ) ;
#2489 = LOCAL_TIME ( 14, 17, 31.00000000000000000, #663 ) ;
#2490 = CARTESIAN_POINT ( 'NONE',  ( 0.000000000000000000, 0.000000000000000000, 0.000000000000000000 ) ) ;
#2491 = PERSON_AND_ORGANIZATION ( #694, #1471 ) ;
#2492 = DIRECTION ( 'NONE',  ( -1.000000000000000000, -0.000000000000000000, -0.000000000000000000 ) ) ;
#2493 = CC_DESIGN_APPROVAL ( #115, ( #496 ) ) ;
#2494 = PERSON_AND_ORGANIZATION ( #694, #1471 ) ;
#2495 = APPROVAL_ROLE ( '' ) ;
#2496 = COORDINATED_UNIVERSAL_TIME_OFFSET ( 3, 0, .AHEAD. ) ;
#2497 = LOCAL_TIME ( 14, 17, 31.00000000000000000, #1921 ) ;
#2498 = LOCAL_TIME ( 14, 17, 31.00000000000000000, #1914 ) ;
#2499 = DATE_TIME_ROLE ( 'classification_date' ) ;
#2500 = DATE_AND_TIME ( #3236, #2648 ) ;
#2501 = CARTESIAN_POINT ( 'NONE',  ( 3.212132034356077526, 0.000000000000000000, 0.000000000000000000 ) ) ;
#2502 = ORIENTED_EDGE ( 'NONE', *, *, #2563, .F. ) ;
#2503 = LINE ( 'NONE', #22, #129 ) ;
#2504 = APPROVAL ( #2868, 'UNSPECIFIED' ) ;
#2505 = VECTOR ( 'NONE', #589, 1000.000000000000000 ) ;
#2506 = APPROVAL_STATUS ( 'not_yet_approved' ) ;
#2507 = ORIENTED_EDGE ( 'NONE', *, *, #786, .T. ) ;
#2508 = CIRCLE ( 'NONE', #2137, 5.000000000000000000 ) ;
#2509 = FACE_OUTER_BOUND ( 'NONE', #2621, .T. ) ;
#2510 = DATE_TIME_ROLE ( 'classification_date' ) ;
#2511 = CIRCLE ( 'NONE', #1380, 4.750247116147409798 ) ;
#2512 = CALENDAR_DATE ( 2025, 1, 7 ) ;
#2513 = CARTESIAN_POINT ( 'NONE',  ( 0.000000000000000000, 1.838501190585717149, 3.184377471870329046 ) ) ;
#2514 = CIRCLE ( 'NONE', #1147, 3.750000000000000000 ) ;
#2515 = CC_DESIGN_SECURITY_CLASSIFICATION ( #1853, ( #2023 ) ) ;
#2516 = PERSON_AND_ORGANIZATION ( #1678, #2978 ) ;
#2517 = AXIS2_PLACEMENT_3D ( 'NONE', #2398, #2956, #715 ) ;
#2518 = CARTESIAN_POINT ( 'NONE',  ( -1.999999999999999556, -3.499999999999999556, 12.50000000000000000 ) ) ;
#2519 = PERSON_AND_ORGANIZATION ( #544, #1540 ) ;
#2520 = ITEM_DEFINED_TRANSFORMATION ( 'NONE', 'NONE', #1917,  #565 ) ;
#2521 = CARTESIAN_POINT ( 'NONE',  ( 2.399999999999999911, -1.045995237657141086, -0.6039056320324182048 ) ) ;
#2522 = ORIENTED_EDGE ( 'NONE', *, *, #1419, .F. ) ;
#2523 = DIRECTION ( 'NONE',  ( 0.000000000000000000, -0.000000000000000000, 1.000000000000000000 ) ) ;
#2524 = CARTESIAN_POINT ( 'NONE',  ( 3.000000000000000000, -2.898298351331925371, 2.602085213965210642E-15 ) ) ;
#2525 = ORIENTED_EDGE ( 'NONE', *, *, #3211, .F. ) ;
#2526 = PRODUCT_DEFINITION_SHAPE ( 'NONE', 'NONE',  #3533 ) ;
#2527 = CC_DESIGN_DATE_AND_TIME_ASSIGNMENT ( #1015, #2991, ( #1610 ) ) ;
#2528 = APPROVAL_DATE_TIME ( #1677, #1371 ) ;
#2529 = DIRECTION ( 'NONE',  ( -0.000000000000000000, 0.000000000000000000, 1.000000000000000000 ) ) ;
#2530 = EDGE_CURVE ( 'NONE', #778, #2861, #2465, .T. ) ;
#2531 = CARTESIAN_POINT ( 'NONE',  ( -251.9999999999998863, -659.5000000000006821, 5.000000000000000000 ) ) ;
#2532 = DATE_TIME_ROLE ( 'classification_date' ) ;
#2533 = CC_DESIGN_SECURITY_CLASSIFICATION ( #3025, ( #1279 ) ) ;
#2534 = COORDINATED_UNIVERSAL_TIME_OFFSET ( 3, 0, .AHEAD. ) ;
#2535 = COORDINATED_UNIVERSAL_TIME_OFFSET ( 3, 0, .AHEAD. ) ;
#2536 = DIRECTION ( 'NONE',  ( 1.000000000000000000, 0.000000000000000000, -0.000000000000000000 ) ) ;
#2537 = APPLICATION_CONTEXT ( 'configuration controlled 3d designs of mechanical parts and assemblies' ) ;
#2538 = ORIENTED_EDGE ( 'NONE', *, *, #2210, .F. ) ;
#2539 = CARTESIAN_POINT ( 'NONE',  ( 3.000000000000000000, 0.000000000000000000, 0.000000000000000000 ) ) ;
#2540 = LINE ( 'NONE', #2554, #2140 ) ;
#2541 = COORDINATED_UNIVERSAL_TIME_OFFSET ( 3, 0, .AHEAD. ) ;
#2542 = ORIENTED_EDGE ( 'NONE', *, *, #2483, .T. ) ;
#2543 = CARTESIAN_POINT ( 'NONE',  ( 0.000000000000000000, -4.062978141250164028E-16, 1.207811264064834411 ) ) ;
#2544 = APPROVAL_PERSON_ORGANIZATION ( #404, #753, #3433 ) ;
#2545 = CARTESIAN_POINT ( 'NONE',  ( 3.000000000000000000, 0.000000000000000000, 0.000000000000000000 ) ) ;
#2546 = ADVANCED_FACE ( 'NONE', ( #2270 ), #3118, .F. ) ;
#2547 = EDGE_CURVE ( 'NONE', #2861, #3426, #2251, .T. ) ;
#2548 = LOCAL_TIME ( 14, 17, 31.00000000000000000, #1727 ) ;
#2549 = DIRECTION ( 'NONE',  ( 0.000000000000000000, -0.5000000000000011102, -0.8660254037844380415 ) ) ;
#2550 = DATE_TIME_ROLE ( 'classification_date' ) ;
#2551 = SECURITY_CLASSIFICATION_LEVEL ( 'unclassified' ) ;
#2552 = CARTESIAN_POINT ( 'NONE',  ( 0.000000000000000000, -19.50000000000000000, 12.50000000000000000 ) ) ;
#2553 = PRODUCT_DEFINITION_SHAPE ( 'NONE', 'NONE',  #3530 ) ;
#2554 = CARTESIAN_POINT ( 'NONE',  ( 252.5999999999998238, 659.4999999999993179, 0.000000000000000000 ) ) ;
#2555 = APPROVAL ( #1679, 'UNSPECIFIED' ) ;
#2556 = ORIENTED_EDGE ( 'NONE', *, *, #1950, .F. ) ;
#2557 = FACE_BOUND ( 'NONE', #1772, .T. ) ;
#2558 = CARTESIAN_POINT ( 'NONE',  ( -251.9999999999998863, 659.4999999999993179, 5.000000000000000000 ) ) ;
#2559 = FACE_BOUND ( 'NONE', #491, .T. ) ;
#2560 = CONICAL_SURFACE ( 'NONE', #1490, 2.445500000000000007, 0.7853981633974300713 ) ;
#2561 = CARTESIAN_POINT ( 'NONE',  ( 3.000000000000000000, 2.173723763498934147, -1.254999999999999893 ) ) ;
#2562 = ORIENTED_EDGE ( 'NONE', *, *, #2483, .F. ) ;
#2563 = EDGE_CURVE ( 'NONE', #1032, #1032, #1618, .T. ) ;
#2564 = CALENDAR_DATE ( 2025, 1, 7 ) ;
#2565 = VECTOR ( 'NONE', #138, 1000.000000000000000 ) ;
#2566 = DIRECTION ( 'NONE',  ( -1.000000000000000000, -0.000000000000000000, -0.000000000000000000 ) ) ;
#2567 = CC_DESIGN_DATE_AND_TIME_ASSIGNMENT ( #11, #530, ( #3390 ) ) ;
#2568 = AXIS2_PLACEMENT_3D ( 'NONE', #2083, #2112, #260 ) ;
#2569 = EDGE_CURVE ( 'NONE', #1724, #1749, #361, .T. ) ;
#2570 = VECTOR ( 'NONE', #1821, 1000.000000000000000 ) ;
#2571 = CYLINDRICAL_SURFACE ( 'NONE', #3104, 3.000000000000000444 ) ;
#2572 = ADVANCED_FACE ( 'NONE', ( #3174, #145 ), #1221, .F. ) ;
#2573 = AXIS2_PLACEMENT_3D ( 'NONE', #2422, #485, #1880 ) ;
#2574 = ORIENTED_EDGE ( 'NONE', *, *, #1622, .F. ) ;
#2575 = PERSON_AND_ORGANIZATION ( #694, #1471 ) ;
#2576 = VERTEX_POINT ( 'NONE', #1486 ) ;
#2577 = DIRECTION ( 'NONE',  ( -1.000000000000000000, 0.000000000000000000, 0.000000000000000000 ) ) ;
#2578 = PERSON_AND_ORGANIZATION ( #694, #1471 ) ;
#2579 = EDGE_CURVE ( 'NONE', #232, #1779, #2646, .T. ) ;
#2580 = CIRCLE ( 'NONE', #1109, 4.750247116147409798 ) ;
#2581 = APPROVAL_ROLE ( '' ) ;
#2582 = APPROVAL_DATE_TIME ( #2234, #350 ) ;
#2583 = CC_DESIGN_PERSON_AND_ORGANIZATION_ASSIGNMENT ( #1681, #77, ( #710 ) ) ;
#2584 = LINE ( 'NONE', #863, #1920 ) ;
#2585 = LOCAL_TIME ( 14, 17, 31.00000000000000000, #979 ) ;
#2586 = ADVANCED_FACE ( 'NONE', ( #3401, #2039 ), #1764, .T. ) ;
#2587 = ADVANCED_FACE ( 'NONE', ( #1983, #3077 ), #2821, .F. ) ;
#2588 = CARTESIAN_POINT ( 'NONE',  ( -271.4999999999998295, 680.4999999999998863, 0.000000000000000000 ) ) ;
#2589 = PERSON ( 'NAUO-PER15', 'UNSPECIFIED', 'UNSPECIFIED', ('UNSPECIFIED'), ('UNSPECIFIED'), ('UNSPECIFIED') ) ;
#2590 = PERSON_AND_ORGANIZATION_ROLE ( 'creator' ) ;
#2591 = EDGE_LOOP ( 'NONE', ( #1563 ) ) ;
#2592 = PLANE ( 'NONE',  #528 ) ;
#2593 = CALENDAR_DATE ( 2025, 1, 7 ) ;
#2594 = VERTEX_POINT ( 'NONE', #1744 ) ;
#2595 = APPLICATION_CONTEXT ( 'configuration controlled 3d designs of mechanical parts and assemblies' ) ;
#2596 = DIRECTION ( 'NONE',  ( 1.000000000000000000, 0.000000000000000000, 0.000000000000000000 ) ) ;
#2597 = ORGANIZATION ( 'NAUO-ORG2', 'UNSPECIFIED', 'UNSPECIFIED' ) ;
#2598 = ORGANIZATION ( 'NAUO-ORG10', 'UNSPECIFIED', 'UNSPECIFIED' ) ;
#2599 = CYLINDRICAL_SURFACE ( 'NONE', #2816, 2.500000000000001776 ) ;
#2600 = ORGANIZATION ( 'NAUO-ORG20', 'UNSPECIFIED', 'UNSPECIFIED' ) ;
#2601 = ORGANIZATION ( 'NAUO-ORG25', 'UNSPECIFIED', 'UNSPECIFIED' ) ;
#2602 = EDGE_CURVE ( 'NONE', #1637, #341, #297, .T. ) ;
#2603 = CARTESIAN_POINT ( 'NONE',  ( 2.399999999999999911, -2.799999999999999378, 5.421010862427522170E-17 ) ) ;
#2604 = CC_DESIGN_DATE_AND_TIME_ASSIGNMENT ( #996, #1011, ( #1964 ) ) ;
#2605 = VECTOR ( 'NONE', #748, 1000.000000000000114 ) ;
#2606 = ORIENTED_EDGE ( 'NONE', *, *, #2182, .F. ) ;
#2607 = DIRECTION ( 'NONE',  ( 0.000000000000000000, -1.000000000000000000, 4.930380657631287000E-31 ) ) ;
#2608 = DATE_TIME_ROLE ( 'classification_date' ) ;
#2609 = DIRECTION ( 'NONE',  ( 0.000000000000000000, 0.000000000000000000, 1.000000000000000000 ) ) ;
#2610 = APPROVAL_DATE_TIME ( #2848, #920 ) ;
#2611 = VECTOR ( 'NONE', #140, 1000.000000000000000 ) ;
#2612 = APPROVAL_ROLE ( '' ) ;
#2613 = CC_DESIGN_DATE_AND_TIME_ASSIGNMENT ( #2335, #909, ( #1897 ) ) ;
#2614 = APPROVAL_PERSON_ORGANIZATION ( #452, #3113, #3481 ) ;
#2615 = CYLINDRICAL_SURFACE ( 'NONE', #2740, 2.999999999999887645 ) ;
#2616 =( NAMED_UNIT ( * ) PLANE_ANGLE_UNIT ( ) SI_UNIT ( $, .RADIAN. ) );
#2617 = AXIS2_PLACEMENT_3D ( 'NONE', #3196, #441, #1822 ) ;
#2618 = AXIS2_PLACEMENT_3D ( 'NONE', #1690, #2523, #41 ) ;
#2619 = EDGE_LOOP ( 'NONE', ( #1111 ) ) ;
#2620 = VERTEX_POINT ( 'NONE', #1516 ) ;
#2621 = EDGE_LOOP ( 'NONE', ( #3432 ) ) ;
#2622 = CC_DESIGN_PERSON_AND_ORGANIZATION_ASSIGNMENT ( #1916, #2394, ( #1233 ) ) ;
#2623 = CARTESIAN_POINT ( 'NONE',  ( 0.000000000000000000, -19.50000000000000000, -12.50000000000000000 ) ) ;
#2624 = CALENDAR_DATE ( 2025, 1, 7 ) ;
#2625 = EDGE_CURVE ( 'NONE', #2689, #2689, #2508, .T. ) ;
#2626 = DATE_AND_TIME ( #180, #23 ) ;
#2627 = EDGE_LOOP ( 'NONE', ( #3313, #2963, #1030, #2484 ) ) ;
#2628 = CONTEXT_DEPENDENT_SHAPE_REPRESENTATION ( #1664, #1607 ) ;
#2629 = COORDINATED_UNIVERSAL_TIME_OFFSET ( 3, 0, .AHEAD. ) ;
#2630 = EDGE_CURVE ( 'NONE', #521, #2576, #1381, .T. ) ;
#2631 = CARTESIAN_POINT ( 'NONE',  ( 5.999999999999998224, 0.000000000000000000, 0.000000000000000000 ) ) ;
#2632 = DIRECTION ( 'NONE',  ( -1.000000000000000000, 4.089219243554904790E-16, 0.000000000000000000 ) ) ;
#2633 = VERTEX_POINT ( 'NONE', #2653 ) ;
#2634 = DIRECTION ( 'NONE',  ( -1.000000000000000000, -0.000000000000000000, -0.000000000000000000 ) ) ;
#2635 = LINE ( 'NONE', #2901, #1919 ) ;
#2636 = APPROVAL_STATUS ( 'not_yet_approved' ) ;
#2637 = CARTESIAN_POINT ( 'NONE',  ( 271.5000000000001705, 678.3999999999998636, 1.500000000000000000 ) ) ;
#2638 = ORIENTED_EDGE ( 'NONE', *, *, #3320, .T. ) ;
#2639 = EDGE_LOOP ( 'NONE', ( #1742 ) ) ;
#2640 = CARTESIAN_POINT ( 'NONE',  ( -271.4999999999998295, -679.0000000000002274, 20.00000000000000711 ) ) ;
#2641 = DATE_AND_TIME ( #2593, #944 ) ;
#2642 = FACE_BOUND ( 'NONE', #458, .T. ) ;
#2643 = ORIENTED_EDGE ( 'NONE', *, *, #2579, .F. ) ;
#2644 = APPROVAL_ROLE ( '' ) ;
#2645 = CONTEXT_DEPENDENT_SHAPE_REPRESENTATION ( #1461, #2983 ) ;
#2646 = LINE ( 'NONE', #109, #514 ) ;
#2647 = EDGE_CURVE ( 'NONE', #2633, #3406, #170, .T. ) ;
#2648 = LOCAL_TIME ( 14, 17, 31.00000000000000000, #1092 ) ;
#2649 = ITEM_DEFINED_TRANSFORMATION ( 'NONE', 'NONE', #1688,  #565 ) ;
#2650 = DIRECTION ( 'NONE',  ( 3.258972993211821573E-15, -0.5388066400637112618, 0.8424294656665649583 ) ) ;
#2651 = DIRECTION ( 'NONE',  ( -3.000602769257179956E-15, -6.001205538514357546E-15, -1.000000000000000000 ) ) ;
#2652 = LOCAL_TIME ( 14, 17, 31.00000000000000000, #3210 ) ;
#2653 = CARTESIAN_POINT ( 'NONE',  ( 241.9999999999998863, -649.5000000000005684, 3.796405077356791486E-14 ) ) ;
#2654 = VERTEX_POINT ( 'NONE', #2916 ) ;
#2655 = APPROVAL_PERSON_ORGANIZATION ( #1965, #3457, #2301 ) ;
#2656 = DIRECTION ( 'NONE',  ( 1.000000000000000000, 0.000000000000000000, 0.000000000000000000 ) ) ;
#2657 = DIRECTION ( 'NONE',  ( 0.000000000000000000, 0.000000000000000000, -1.000000000000000000 ) ) ;
#2658 = DATE_TIME_ROLE ( 'classification_date' ) ;
#2659 = CARTESIAN_POINT ( 'NONE',  ( -271.4999999999998295, 680.4999999999998863, 0.000000000000000000 ) ) ;
#2660 = VECTOR ( 'NONE', #1823, 1000.000000000000000 ) ;
#2661 = APPLICATION_PROTOCOL_DEFINITION ( 'international standard', 'config_control_design', 1994, #2147 ) ;
#2662 = EDGE_LOOP ( 'NONE', ( #999, #2643, #1703 ) ) ;
#2663 = APPROVAL_STATUS ( 'not_yet_approved' ) ;
#2664 = CIRCLE ( 'NONE', #722, 2.999999999999774403 ) ;
#2665 = FACE_OUTER_BOUND ( 'NONE', #946, .T. ) ;
#2666 = APPROVAL ( #2955, 'UNSPECIFIED' ) ;
#2667 = ADVANCED_FACE ( 'NONE', ( #3386 ), #2028, .T. ) ;
#2668 = LOCAL_TIME ( 14, 17, 31.00000000000000000, #1196 ) ;
#2669 = EDGE_LOOP ( 'NONE', ( #3278 ) ) ;
#2670 = APPROVAL_PERSON_ORGANIZATION ( #300, #1371, #284 ) ;
#2671 = PERSON ( 'NAUO-PER24', 'UNSPECIFIED', 'UNSPECIFIED', ('UNSPECIFIED'), ('UNSPECIFIED'), ('UNSPECIFIED') ) ;
#2672 = DIRECTION ( 'NONE',  ( 0.000000000000000000, 1.000000000000000000, 0.000000000000000000 ) ) ;
#2673 = CIRCLE ( 'NONE', #340, 5.785000000000000142 ) ;
#2674 = EDGE_CURVE ( 'NONE', #2404, #2404, #15, .T. ) ;
#2675 = PERSON ( 'NAUO-PER17', 'UNSPECIFIED', 'UNSPECIFIED', ('UNSPECIFIED'), ('UNSPECIFIED'), ('UNSPECIFIED') ) ;
#2676 = CALENDAR_DATE ( 2025, 1, 7 ) ;
#2677 = EDGE_LOOP ( 'NONE', ( #3282 ) ) ;
#2678 = CARTESIAN_POINT ( 'NONE',  ( -244.9999999999998579, -1.222180007615202988E-12, -12.99999999999996447 ) ) ;
#2679 = DATE_AND_TIME ( #2922, #2585 ) ;
#2680 = DIRECTION ( 'NONE',  ( -0.000000000000000000, 1.000000000000000000, 0.000000000000000000 ) ) ;
#2681 = CALENDAR_DATE ( 2025, 1, 7 ) ;
#2682 = CONTEXT_DEPENDENT_SHAPE_REPRESENTATION ( #335, #3330 ) ;
#2683 = LINE ( 'NONE', #3419, #3395 ) ;
#2684 = FACE_OUTER_BOUND ( 'NONE', #798, .T. ) ;
#2685 =( NAMED_UNIT ( * ) SI_UNIT ( $, .STERADIAN. ) SOLID_ANGLE_UNIT ( ) );
#2686 = CC_DESIGN_PERSON_AND_ORGANIZATION_ASSIGNMENT ( #2516, #3318, ( #496 ) ) ;
#2687 = ORIENTED_EDGE ( 'NONE', *, *, #1104, .F. ) ;
#2688 = DIRECTION ( 'NONE',  ( -1.000000000000000000, -0.000000000000000000, -0.000000000000000000 ) ) ;
#2689 = VERTEX_POINT ( 'NONE', #2138 ) ;
#2690 = ADVANCED_FACE ( 'NONE', ( #2107 ), #1353, .T. ) ;
#2691 = CARTESIAN_POINT ( 'NONE',  ( 2.399999999999999911, -4.062978141250164028E-16, 1.207811264064834411 ) ) ;
#2692 = DIRECTION ( 'NONE',  ( 1.000000000000000000, 0.000000000000000000, 0.000000000000000000 ) ) ;
#2693 = PERSON_AND_ORGANIZATION_ROLE ( 'design_supplier' ) ;
#2694 = EDGE_LOOP ( 'NONE', ( #783 ) ) ;
#2695 = EDGE_CURVE ( 'NONE', #309, #2594, #3279, .T. ) ;
#2696 = APPROVAL_STATUS ( 'not_yet_approved' ) ;
#2697 = LINE ( 'NONE', #3014, #672 ) ;
#2698 = ORIENTED_EDGE ( 'NONE', *, *, #1628, .T. ) ;
#2699 = ORIENTED_EDGE ( 'NONE', *, *, #279, .T. ) ;
#2700 = APPROVAL_STATUS ( 'not_yet_approved' ) ;
#2701 = FACE_OUTER_BOUND ( 'NONE', #469, .T. ) ;
#2702 = CALENDAR_DATE ( 2025, 1, 7 ) ;
#2703 = APPLICATION_PROTOCOL_DEFINITION ( 'international standard', 'config_control_design', 1994, #1769 ) ;
#2704 = DIRECTION ( 'NONE',  ( -3.268271995068654753E-15, -0.5388066400637114839, -0.8424294656665649583 ) ) ;
#2705 = LOCAL_TIME ( 14, 17, 31.00000000000000000, #1350 ) ;
#2706 = EDGE_LOOP ( 'NONE', ( #1959 ) ) ;
#2707 = DIRECTION ( 'NONE',  ( 0.000000000000000000, -0.8660254037844395958, -0.4999999999999984457 ) ) ;
#2708 = APPLICATION_CONTEXT ( 'configuration controlled 3d designs of mechanical parts and assemblies' ) ;
#2709 = PLANE ( 'NONE',  #1842 ) ;
#2710 = CARTESIAN_POINT ( 'NONE',  ( -11.49999999999999822, 0.000000000000000000, -2.500000000000001332 ) ) ;
#2711 = CC_DESIGN_APPROVAL ( #1859, ( #825 ) ) ;
#2712 = EDGE_LOOP ( 'NONE', ( #1187, #994, #2058, #1482 ) ) ;
#2713 = ORGANIZATION ( 'NAUO-ORG18', 'UNSPECIFIED', 'UNSPECIFIED' ) ;
#2714 = CC_DESIGN_PERSON_AND_ORGANIZATION_ASSIGNMENT ( #319, #2302, ( #654 ) ) ;
#2715 = PERSON_AND_ORGANIZATION ( #694, #1471 ) ;
#2716 = CARTESIAN_POINT ( 'NONE',  ( 3.000000000000000000, 2.898298351331913825, -4.987329993433320396E-15 ) ) ;
#2717 = EDGE_CURVE ( 'NONE', #1186, #2729, #2401, .T. ) ;
#2718 = CARTESIAN_POINT ( 'NONE',  ( -271.4999999999998295, -680.5000000000002274, 20.00000000000000000 ) ) ;
#2719 = COORDINATED_UNIVERSAL_TIME_OFFSET ( 3, 0, .AHEAD. ) ;
#2720 = CARTESIAN_POINT ( 'NONE',  ( 0.000000000000000000, -19.50000000000000000, 12.50000000000000000 ) ) ;
#2721 = SECURITY_CLASSIFICATION_LEVEL ( 'unclassified' ) ;
#2722 = DATE_AND_TIME ( #1611, #2811 ) ;
#2723 = DIRECTION ( 'NONE',  ( 1.224646799147162155E-16, -2.728601012777253210E-29, -1.000000000000000000 ) ) ;
#2724 = EDGE_LOOP ( 'NONE', ( #2427 ) ) ;
#2725 = DIRECTION ( 'NONE',  ( 1.000000000000000000, 0.000000000000000000, 0.000000000000000000 ) ) ;
#2726 = VECTOR ( 'NONE', #2549, 1000.000000000000114 ) ;
#2727 = CARTESIAN_POINT ( 'NONE',  ( 3.000000000000000000, -1.449149175665962463, 2.510000000000000231 ) ) ;
#2728 = LINE ( 'NONE', #1232, #3162 ) ;
#2729 = VERTEX_POINT ( 'NONE', #2485 ) ;
#2730 = AXIS2_PLACEMENT_3D ( 'NONE', #2545, #886, #61 ) ;
#2731 =( NAMED_UNIT ( * ) SI_UNIT ( $, .STERADIAN. ) SOLID_ANGLE_UNIT ( ) );
#2732 = COORDINATED_UNIVERSAL_TIME_OFFSET ( 3, 0, .AHEAD. ) ;
#2733 = DIRECTION ( 'NONE',  ( 0.000000000000000000, 1.000000000000000000, 0.000000000000000000 ) ) ;
#2734 = PERSON_AND_ORGANIZATION ( #694, #1471 ) ;
#2735 = DIRECTION ( 'NONE',  ( -1.000000000000000000, 0.000000000000000000, 0.000000000000000000 ) ) ;
#2736 = PERSON_AND_ORGANIZATION_ROLE ( 'classification_officer' ) ;
#2737 = DIRECTION ( 'NONE',  ( 0.000000000000000000, 1.000000000000000000, -8.211830238798920982E-17 ) ) ;
#2738 = DATE_AND_TIME ( #2992, #3375 ) ;
#2739 = CLOSED_SHELL ( 'NONE', ( #1392, #1885, #371, #954, #1440, #2690, #714, #1254, #3319, #2932, #515, #2864, #888, #1547, #2850, #1798, #3233 ) ) ;
#2740 = AXIS2_PLACEMENT_3D ( 'NONE', #2933, #2911, #3422 ) ;
#2741 = DIRECTION ( 'NONE',  ( -1.000000000000000000, -0.000000000000000000, -0.000000000000000000 ) ) ;
#2742 = EDGE_CURVE ( 'NONE', #1709, #2049, #239, .T. ) ;
#2743 = COORDINATED_UNIVERSAL_TIME_OFFSET ( 3, 0, .AHEAD. ) ;
#2744 = SHAPE_DEFINITION_REPRESENTATION ( #1581, #665 ) ;
#2745 = ORIENTED_EDGE ( 'NONE', *, *, #2273, .F. ) ;
#2746 = FACE_OUTER_BOUND ( 'NONE', #1613, .T. ) ;
#2747 = VERTEX_POINT ( 'NONE', #1551 ) ;
#2748 = CARTESIAN_POINT ( 'NONE',  ( 262.4999999999998295, 612.5000000000002274, 3.019858152799187163E-28 ) ) ;
#2749 = DATE_TIME_ROLE ( 'creation_date' ) ;
#2750 = EDGE_LOOP ( 'NONE', ( #652 ) ) ;
#2751 = CALENDAR_DATE ( 2025, 1, 7 ) ;
#2752 = CARTESIAN_POINT ( 'NONE',  ( 3.000000000000000000, 1.449149175665955580, 2.509999999999997122 ) ) ;
#2753 = DIRECTION ( 'NONE',  ( 0.000000000000000000, -1.000000000000000000, -0.000000000000000000 ) ) ;
#2754 = EDGE_CURVE ( 'NONE', #1313, #1462, #718, .T. ) ;
#2755 = CONTEXT_DEPENDENT_SHAPE_REPRESENTATION ( #2226, #1428 ) ;
#2756 = APPROVAL_ROLE ( '' ) ;
#2757 = CC_DESIGN_APPROVAL ( #2666, ( #1530 ) ) ;
#2758 = ORIENTED_EDGE ( 'NONE', *, *, #1528, .T. ) ;
#2759 = DIRECTION ( 'NONE',  ( 0.000000000000000000, 4.930380657631323784E-31, -1.000000000000000000 ) ) ;
#2760 =( LENGTH_UNIT ( ) NAMED_UNIT ( * ) SI_UNIT ( .MILLI., .METRE. ) );
#2761 = PERSON ( 'NAUO-PER22', 'UNSPECIFIED', 'UNSPECIFIED', ('UNSPECIFIED'), ('UNSPECIFIED'), ('UNSPECIFIED') ) ;
#2762 = VERTEX_POINT ( 'NONE', #1924 ) ;
#2763 = CC_DESIGN_SECURITY_CLASSIFICATION ( #2003, ( #3533 ) ) ;
#2764 = CALENDAR_DATE ( 2025, 1, 7 ) ;
#2765 = CALENDAR_DATE ( 2025, 1, 7 ) ;
#2766 = COORDINATED_UNIVERSAL_TIME_OFFSET ( 3, 0, .AHEAD. ) ;
#2767 = CARTESIAN_POINT ( 'NONE',  ( 0.5150000000000108935, 0.000000000000000000, 0.000000000000000000 ) ) ;
#2768 = DATE_AND_TIME ( #856, #2357 ) ;
#2769 = LOCAL_TIME ( 14, 17, 31.00000000000000000, #1415 ) ;
#2770 = FACE_OUTER_BOUND ( 'NONE', #3202, .T. ) ;
#2771 = DIRECTION ( 'NONE',  ( 0.000000000000000000, 0.000000000000000000, 1.000000000000000000 ) ) ;
#2772 = SECURITY_CLASSIFICATION_LEVEL ( 'unclassified' ) ;
#2773 = CONTEXT_DEPENDENT_SHAPE_REPRESENTATION ( #871, #2553 ) ;
#2774 = CIRCLE ( 'NONE', #1902, 2.509999999999999787 ) ;
#2775 = CARTESIAN_POINT ( 'NONE',  ( 4.336808689942017736E-16, -2.799999999999999378, 5.421010862427522170E-17 ) ) ;
#2776 = CC_DESIGN_PERSON_AND_ORGANIZATION_ASSIGNMENT ( #1930, #2782, ( #1530 ) ) ;
#2777 = EDGE_LOOP ( 'NONE', ( #1499 ) ) ;
#2778 = VECTOR ( 'NONE', #843, 1000.000000000000000 ) ;
#2779 = FACE_OUTER_BOUND ( 'NONE', #1128, .T. ) ;
#2780 = VERTEX_POINT ( 'NONE', #1864 ) ;
#2781 = EDGE_CURVE ( 'NONE', #778, #3406, #3296, .T. ) ;
#2782 = PERSON_AND_ORGANIZATION_ROLE ( 'classification_officer' ) ;
#2783 = AXIS2_PLACEMENT_3D ( 'NONE', #2089, #1200, #688 ) ;
#2784 = VECTOR ( 'NONE', #3060, 1000.000000000000000 ) ;
#2785 = LOCAL_TIME ( 14, 17, 31.00000000000000000, #1064 ) ;
#2786 = VECTOR ( 'NONE', #3429, 1000.000000000000000 ) ;
#2787 = DIRECTION ( 'NONE',  ( 0.000000000000000000, 1.000000000000000000, -1.197063425288573548E-15 ) ) ;
#2788 = APPROVAL_PERSON_ORGANIZATION ( #982, #305, #927 ) ;
#2789 = FACE_OUTER_BOUND ( 'NONE', #725, .T. ) ;
#2790 = APPROVAL_ROLE ( '' ) ;
#2791 = AXIS2_PLACEMENT_3D ( 'NONE', #1344, #1874, #1893 ) ;
#2792 = CALENDAR_DATE ( 2025, 1, 7 ) ;
#2793 = APPROVAL_STATUS ( 'not_yet_approved' ) ;
#2794 = DIRECTION ( 'NONE',  ( 1.000000000000000000, 0.000000000000000000, 0.000000000000000000 ) ) ;
#2795 = ORIENTED_EDGE ( 'NONE', *, *, #1927, .T. ) ;
#2796 = DIRECTION ( 'NONE',  ( 3.000602769257179956E-15, 0.000000000000000000, 1.000000000000000000 ) ) ;
#2797 = APPLICATION_CONTEXT ( 'configuration controlled 3d designs of mechanical parts and assemblies' ) ;
#2798 = ORIENTED_EDGE ( 'NONE', *, *, #2041, .T. ) ;
#2799 = LOCAL_TIME ( 14, 17, 31.00000000000000000, #2446 ) ;
#2800 = DIRECTION ( 'NONE',  ( 0.000000000000000000, -3.796405077356794326E-15, -1.000000000000000000 ) ) ;
#2801 = DIRECTION ( 'NONE',  ( -1.000000000000000000, -0.000000000000000000, -0.000000000000000000 ) ) ;
#2802 = COORDINATED_UNIVERSAL_TIME_OFFSET ( 3, 0, .AHEAD. ) ;
#2803 = ITEM_DEFINED_TRANSFORMATION ( 'NONE', 'NONE', #1095,  #565 ) ;
#2804 = APPROVAL ( #2506, 'UNSPECIFIED' ) ;
#2805 = FACE_OUTER_BOUND ( 'NONE', #1080, .T. ) ;
#2806 = PERSON_AND_ORGANIZATION ( #694, #1471 ) ;
#2807 = EDGE_LOOP ( 'NONE', ( #547 ) ) ;
#2808 = ORIENTED_EDGE ( 'NONE', *, *, #1819, .T. ) ;
#2809 = EDGE_CURVE ( 'NONE', #1979, #3026, #2199, .T. ) ;
#2810 = CC_DESIGN_PERSON_AND_ORGANIZATION_ASSIGNMENT ( #481, #734, ( #780 ) ) ;
#2811 = LOCAL_TIME ( 14, 17, 31.00000000000000000, #797 ) ;
#2812 = CARTESIAN_POINT ( 'NONE',  ( 271.5000000000001705, 680.5000000000000000, 20.00000000000000000 ) ) ;
#2813 = DATE_AND_TIME ( #1858, #2652 ) ;
#2814 =( REPRESENTATION_RELATIONSHIP ('NONE','NONE', #1820, #355 ) REPRESENTATION_RELATIONSHIP_WITH_TRANSFORMATION ( #1157 )SHAPE_REPRESENTATION_RELATIONSHIP( ) );
#2815 = CC_DESIGN_SECURITY_CLASSIFICATION ( #771, ( #3541 ) ) ;
#2816 = AXIS2_PLACEMENT_3D ( 'NONE', #114, #3139, #650 ) ;
#2817 = APPROVAL_PERSON_ORGANIZATION ( #2373, #1666, #3417 ) ;
#2818 = CALENDAR_DATE ( 2025, 1, 7 ) ;
#2819 = EDGE_CURVE ( 'NONE', #524, #524, #2580, .T. ) ;
#2820 = EDGE_LOOP ( 'NONE', ( #961, #1775, #2443, #44 ) ) ;
#2821 = TOROIDAL_SURFACE ( 'NONE', #1252, 3.249999999999992450, 0.2500000000000000000 ) ;
#2822 = FACE_OUTER_BOUND ( 'NONE', #26, .T. ) ;
#2823 = AXIS2_PLACEMENT_3D ( 'NONE', #585, #611, #3355 ) ;
#2824 = APPROVAL_ROLE ( '' ) ;
#2825 = CC_DESIGN_DATE_AND_TIME_ASSIGNMENT ( #332, #3172, ( #3049 ) ) ;
#2826 = APPROVAL_ROLE ( '' ) ;
#2827 = CIRCLE ( 'NONE', #2568, 6.000000000000005329 ) ;
#2828 = ADVANCED_FACE ( 'NONE', ( #779 ), #1055, .T. ) ;
#2829 = DIRECTION ( 'NONE',  ( 1.000000000000000000, 4.503219492011468231E-17, 2.985366366334965740E-17 ) ) ;
#2830 = FACE_BOUND ( 'NONE', #1431, .T. ) ;
#2831 = PLANE ( 'NONE',  #2126 ) ;
#2832 = ORIENTED_EDGE ( 'NONE', *, *, #2298, .T. ) ;
#2833 = ORIENTED_EDGE ( 'NONE', *, *, #810, .F. ) ;
#2834 = FACE_BOUND ( 'NONE', #2198, .T. ) ;
#2835 = PERSON_AND_ORGANIZATION_ROLE ( 'design_owner' ) ;
#2836 = ORIENTED_EDGE ( 'NONE', *, *, #827, .F. ) ;
#2837 = DATE_AND_TIME ( #347, #2360 ) ;
#2838 = APPROVAL_STATUS ( 'not_yet_approved' ) ;
#2839 = EDGE_CURVE ( 'NONE', #3520, #3520, #1214, .T. ) ;
#2840 = PRODUCT_RELATED_PRODUCT_CATEGORY ( 'detail', '', ( #664 ) ) ;
#2841 = DIRECTION ( 'NONE',  ( -2.985366366334955879E-17, 2.096582369362961547E-16, -1.000000000000000000 ) ) ;
#2842 = VERTEX_POINT ( 'NONE', #3444 ) ;
#2843 = LINE ( 'NONE', #370, #301 ) ;
#2844 = FACE_OUTER_BOUND ( 'NONE', #1884, .T. ) ;
#2845 = ORIENTED_EDGE ( 'NONE', *, *, #651, .T. ) ;
#2846 = LINE ( 'NONE', #120, #2081 ) ;
#2847 = APPROVAL_PERSON_ORGANIZATION ( #348, #3301, #2826 ) ;
#2848 = DATE_AND_TIME ( #3208, #3083 ) ;
#2849 = ORIENTED_EDGE ( 'NONE', *, *, #2082, .T. ) ;
#2850 = ADVANCED_FACE ( 'NONE', ( #522, #2746 ), #3247, .F. ) ;
#2851 = CALENDAR_DATE ( 2025, 1, 7 ) ;
#2852 = DIRECTION ( 'NONE',  ( 0.000000000000000000, -0.000000000000000000, 1.000000000000000000 ) ) ;
#2853 = LOCAL_TIME ( 14, 17, 31.00000000000000000, #1763 ) ;
#2854 = DIRECTION ( 'NONE',  ( -1.000000000000000000, -0.000000000000000000, -0.000000000000000000 ) ) ;
#2855 = LOCAL_TIME ( 14, 17, 31.00000000000000000, #2155 ) ;
#2856 = UNCERTAINTY_MEASURE_WITH_UNIT (LENGTH_MEASURE( 1.000000000000000082E-05 ), #649, 'distance_accuracy_value', 'NONE');
#2857 = DIRECTION ( 'NONE',  ( -1.000000000000000000, -0.000000000000000000, -0.000000000000000000 ) ) ;
#2858 = CARTESIAN_POINT ( 'NONE',  ( 262.4999999999998295, -612.5000000000002274, 3.019858152799187163E-28 ) ) ;
#2859 = CC_DESIGN_SECURITY_CLASSIFICATION ( #3049, ( #3548 ) ) ;
#2860 = APPROVAL ( #2216, 'UNKNOWN' ) ;
#2861 = VERTEX_POINT ( 'NONE', #1843 ) ;
#2862 = PRODUCT ( 'M6x10 DIN 7500 M Torx cl.5.8 Zinc_straight', 'M6x10 DIN 7500 M Torx cl.5.8 Zinc_straight', '', ( #2925 ) ) ;
#2863 = DIRECTION ( 'NONE',  ( 0.000000000000000000, 0.000000000000000000, 1.000000000000000000 ) ) ;
#2864 = ADVANCED_FACE ( 'NONE', ( #2937, #468 ), #1446, .F. ) ;
#2865 =( GEOMETRIC_REPRESENTATION_CONTEXT ( 3 ) GLOBAL_UNCERTAINTY_ASSIGNED_CONTEXT ( ( #3087 ) ) GLOBAL_UNIT_ASSIGNED_CONTEXT ( ( #3059, #1443, #1657 ) ) REPRESENTATION_CONTEXT ( 'NONE', 'WORKASPACE' ) );
#2866 = VERTEX_POINT ( 'NONE', #2290 ) ;
#2867 = ADVANCED_FACE ( 'NONE', ( #875 ), #2005, .T. ) ;
#2868 = APPROVAL_STATUS ( 'not_yet_approved' ) ;
#2869 = FACE_OUTER_BOUND ( 'NONE', #1320, .T. ) ;
#2870 = DIRECTION ( 'NONE',  ( 0.000000000000000000, 0.000000000000000000, 1.000000000000000000 ) ) ;
#2871 = ORIENTED_EDGE ( 'NONE', *, *, #935, .T. ) ;
#2872 = AXIS2_PLACEMENT_3D ( 'NONE', #1936, #270, #1138 ) ;
#2873 = PERSON_AND_ORGANIZATION_ROLE ( 'classification_officer' ) ;
#2874 = APPROVAL_DATE_TIME ( #1751, #753 ) ;
#2875 = FACE_OUTER_BOUND ( 'NONE', #1295, .T. ) ;
#2876 = LOCAL_TIME ( 14, 17, 31.00000000000000000, #3205 ) ;
#2877 = AXIS2_PLACEMENT_3D ( 'NONE', #2921, #3391, #395 ) ;
#2878 =( LENGTH_UNIT ( ) NAMED_UNIT ( * ) SI_UNIT ( .MILLI., .METRE. ) );
#2879 = AXIS2_PLACEMENT_3D ( 'NONE', #465, #1288, #2442 ) ;
#2880 = CARTESIAN_POINT ( 'NONE',  ( 0.000000000000000000, 0.000000000000000000, 12.50000000000000000 ) ) ;
#2881 = AXIS2_PLACEMENT_3D ( 'NONE', #3102, #1385, #52 ) ;
#2882 = ORIENTED_EDGE ( 'NONE', *, *, #2153, .T. ) ;
#2883 = DATE_AND_TIME ( #1006, #1363 ) ;
#2884 = CARTESIAN_POINT ( 'NONE',  ( 2.399999999999999911, -2.799999999999999822, 8.131516293641283255E-17 ) ) ;
#2885 = EDGE_LOOP ( 'NONE', ( #836 ) ) ;
#2886 = FACE_OUTER_BOUND ( 'NONE', #1901, .T. ) ;
#2887 = DIRECTION ( 'NONE',  ( 1.000000000000000000, -4.089219243554904790E-16, -0.000000000000000000 ) ) ;
#2888 = APPROVAL_STATUS ( 'not_yet_approved' ) ;
#2889 = CARTESIAN_POINT ( 'NONE',  ( -1.999999999999999556, -3.499999999999999556, -12.50000000000000000 ) ) ;
#2890 = ORIENTED_EDGE ( 'NONE', *, *, #1656, .F. ) ;
#2891 = CARTESIAN_POINT ( 'NONE',  ( -19.50000000000000000, 0.000000000000000000, 12.50000000000000000 ) ) ;
#2892 = APPROVAL_PERSON_ORGANIZATION ( #2114, #2362, #3265 ) ;
#2893 = CARTESIAN_POINT ( 'NONE',  ( 6.000000000000001776, 0.000000000000000000, 0.000000000000000000 ) ) ;
#2894 = PRODUCT ( 'M6x10 DIN 7500 E HX cl.5.8 Zinc_straight', 'M6x10 DIN 7500 E HX cl.5.8 Zinc_straight', '', ( #1693 ) ) ;
#2895 = DIRECTION ( 'NONE',  ( -1.000000000000000000, 0.000000000000000000, 0.000000000000000000 ) ) ;
#2896 = CARTESIAN_POINT ( 'NONE',  ( 0.000000000000000000, 0.000000000000000000, 11.00000000000000000 ) ) ;
#2897 = DIRECTION ( 'NONE',  ( 0.000000000000000000, -0.000000000000000000, -1.000000000000000000 ) ) ;
#2898 = EDGE_CURVE ( 'NONE', #3505, #2633, #2503, .T. ) ;
#2899 = AXIS2_PLACEMENT_3D ( 'NONE', #206, #2707, #1655 ) ;
#2900 = ORIENTED_EDGE ( 'NONE', *, *, #2168, .T. ) ;
#2901 = CARTESIAN_POINT ( 'NONE',  ( -251.9999999999999432, -659.5000000000006821, 5.000000000000000000 ) ) ;
#2902 = APPROVAL_DATE_TIME ( #2084, #561 ) ;
#2903 = ORIENTED_EDGE ( 'NONE', *, *, #959, .F. ) ;
#2904 = CARTESIAN_POINT ( 'NONE',  ( 0.5150000000000108935, 0.000000000000000000, 0.000000000000000000 ) ) ;
#2905 = DIRECTION ( 'NONE',  ( 0.000000000000000000, 0.000000000000000000, -1.000000000000000000 ) ) ;
#2906 = CALENDAR_DATE ( 2025, 1, 7 ) ;
#2907 = APPROVAL ( #2387, 'UNSPECIFIED' ) ;
#2908 = APPROVAL_STATUS ( 'not_yet_approved' ) ;
#2909 = EDGE_LOOP ( 'NONE', ( #966 ) ) ;
#2910 = PERSON_AND_ORGANIZATION ( #2466, #2111 ) ;
#2911 = DIRECTION ( 'NONE',  ( -1.000000000000000000, -0.000000000000000000, -0.000000000000000000 ) ) ;
#2912 = CC_DESIGN_SECURITY_CLASSIFICATION ( #3094, ( #3531 ) ) ;
#2913 = EDGE_CURVE ( 'NONE', #1639, #1639, #852, .T. ) ;
#2914 = SHAPE_REPRESENTATION_RELATIONSHIP ( 'NONE' , 'NONE' ,  #449, #1487 ) ;
#2915 = ORGANIZATION ( 'NAUO-ORG15', 'UNSPECIFIED', 'UNSPECIFIED' ) ;
#2916 = CARTESIAN_POINT ( 'NONE',  ( -272.9999999999998863, -680.5000000000003411, 19.99999999999999289 ) ) ;
#2917 = ORIENTED_EDGE ( 'NONE', *, *, #1707, .T. ) ;
#2918 = LOCAL_TIME ( 14, 17, 31.00000000000000000, #568 ) ;
#2919 = COORDINATED_UNIVERSAL_TIME_OFFSET ( 3, 0, .AHEAD. ) ;
#2920 = ORIENTED_EDGE ( 'NONE', *, *, #1150, .F. ) ;
#2921 = CARTESIAN_POINT ( 'NONE',  ( -19.50000000000000000, -2.000000000000000000, 12.50000000000000000 ) ) ;
#2922 = CALENDAR_DATE ( 2025, 1, 7 ) ;
#2923 = CARTESIAN_POINT ( 'NONE',  ( 0.000000000000000000, 0.000000000000000000, 0.000000000000000000 ) ) ;
#2924 = LINE ( 'NONE', #2117, #1847 ) ;
#2925 = MECHANICAL_CONTEXT ( 'NONE', #2439, 'mechanical' ) ;
#2926 = LINE ( 'NONE', #1582, #1695 ) ;
#2927 = ORIENTED_EDGE ( 'NONE', *, *, #3161, .T. ) ;
#2928 = LINE ( 'NONE', #3151, #294 ) ;
#2929 = CONTEXT_DEPENDENT_SHAPE_REPRESENTATION ( #3489, #536 ) ;
#2930 = CC_DESIGN_DATE_AND_TIME_ASSIGNMENT ( #1453, #2550, ( #712 ) ) ;
#2931 = VECTOR ( 'NONE', #1167, 1000.000000000000000 ) ;
#2932 = ADVANCED_FACE ( 'NONE', ( #53 ), #2236, .F. ) ;
#2933 = CARTESIAN_POINT ( 'NONE',  ( 0.000000000000000000, 0.000000000000000000, 0.000000000000000000 ) ) ;
#2934 = ADVANCED_FACE ( 'NONE', ( #1719 ), #67, .T. ) ;
#2935 = EDGE_CURVE ( 'NONE', #991, #991, #466, .T. ) ;
#2936 = CIRCLE ( 'NONE', #965, 4.750247116147409798 ) ;
#2937 = FACE_BOUND ( 'NONE', #1494, .T. ) ;
#2938 = CIRCLE ( 'NONE', #1426, 6.000000000000005329 ) ;
#2939 = LOCAL_TIME ( 14, 17, 31.00000000000000000, #2766 ) ;
#2940 =( GEOMETRIC_REPRESENTATION_CONTEXT ( 3 ) GLOBAL_UNCERTAINTY_ASSIGNED_CONTEXT ( ( #828 ) ) GLOBAL_UNIT_ASSIGNED_CONTEXT ( ( #2878, #2042, #876 ) ) REPRESENTATION_CONTEXT ( 'NONE', 'WORKASPACE' ) );
#2941 = CARTESIAN_POINT ( 'NONE',  ( -262.4999999999998295, 618.5000000000002274, 3.049440436744974657E-28 ) ) ;
#2942 = ORIENTED_EDGE ( 'NONE', *, *, #2717, .T. ) ;
#2943 = CIRCLE ( 'NONE', #1153, 2.509999999999999787 ) ;
#2944 = PERSON_AND_ORGANIZATION ( #694, #1471 ) ;
#2945 = VERTEX_POINT ( 'NONE', #345 ) ;
#2946 = CARTESIAN_POINT ( 'NONE',  ( -262.4999999999947704, 1.979666430784699541E-12, 0.2569489851419219373 ) ) ;
#2947 = PERSON_AND_ORGANIZATION_ROLE ( 'design_owner' ) ;
#2948 = DIRECTION ( 'NONE',  ( 0.000000000000000000, -1.000000000000000000, 1.197063425288573548E-15 ) ) ;
#2949 = CARTESIAN_POINT ( 'NONE',  ( 0.000000000000000000, 0.000000000000000000, 0.000000000000000000 ) ) ;
#2950 = ORIENTED_EDGE ( 'NONE', *, *, #540, .T. ) ;
#2951 = PERSON_AND_ORGANIZATION_ROLE ( 'classification_officer' ) ;
#2952 = SECURITY_CLASSIFICATION ( '', '', #1321 ) ;
#2953 = LINE ( 'NONE', #950, #2136 ) ;
#2954 = CALENDAR_DATE ( 2025, 1, 7 ) ;
#2955 = APPROVAL_STATUS ( 'not_yet_approved' ) ;
#2956 = DIRECTION ( 'NONE',  ( 3.258972993211821573E-15, 0.5388066400637112618, -0.8424294656665649583 ) ) ;
#2957 = ADVANCED_BREP_SHAPE_REPRESENTATION ( '', ( #3441, #565 ), #3398 ) ;
#2958 = APPROVAL ( #1952, 'UNKNOWN' ) ;
#2959 = ORIENTED_EDGE ( 'NONE', *, *, #2602, .F. ) ;
#2960 = DIRECTION ( 'NONE',  ( -0.000000000000000000, -0.000000000000000000, 1.000000000000000000 ) ) ;
#2961 = VERTEX_POINT ( 'NONE', #259 ) ;
#2962 = EDGE_CURVE ( 'NONE', #1923, #2170, #889, .T. ) ;
#2963 = ORIENTED_EDGE ( 'NONE', *, *, #2717, .F. ) ;
#2964 = ORIENTED_EDGE ( 'NONE', *, *, #953, .F. ) ;
#2965 = APPROVAL_ROLE ( '' ) ;
#2966 = DIRECTION ( 'NONE',  ( 1.000000000000000000, 0.000000000000000000, 0.000000000000000000 ) ) ;
#2967 = ORIENTED_EDGE ( 'NONE', *, *, #868, .T. ) ;
#2968 = PRODUCT_RELATED_PRODUCT_CATEGORY ( 'detail', '', ( #2894 ) ) ;
#2969 = DIRECTION ( 'NONE',  ( 0.000000000000000000, 0.000000000000000000, -1.000000000000000000 ) ) ;
#2970 = CONTEXT_DEPENDENT_SHAPE_REPRESENTATION ( #161, #308 ) ;
#2971 = APPROVAL_STATUS ( 'not_yet_approved' ) ;
#2972 = CARTESIAN_POINT ( 'NONE',  ( 245.0000000000038369, 612.4999999999988631, -12.99999999999996270 ) ) ;
#2973 = APPROVAL_PERSON_ORGANIZATION ( #1454, #1296, #1922 ) ;
#2974 = EDGE_LOOP ( 'NONE', ( #1601 ) ) ;
#2975 = LINE ( 'NONE', #583, #2611 ) ;
#2976 = CARTESIAN_POINT ( 'NONE',  ( 262.4999999999998295, 618.5000000000002274, 3.049440436744974657E-28 ) ) ;
#2977 = APPROVAL ( #517, 'UNKNOWN' ) ;
#2978 = ORGANIZATION ( 'NAUO-ORG14', 'UNSPECIFIED', 'UNSPECIFIED' ) ;
#2979 = DATE_AND_TIME ( #2426, #811 ) ;
#2980 = ORIENTED_EDGE ( 'NONE', *, *, #1053, .T. ) ;
#2981 = CC_DESIGN_SECURITY_CLASSIFICATION ( #2433, ( #3547 ) ) ;
#2982 = ADVANCED_FACE ( 'NONE', ( #915, #2149 ), #1000, .T. ) ;
#2983 = PRODUCT_DEFINITION_SHAPE ( 'NONE', 'NONE',  #3532 ) ;
#2984 = EDGE_LOOP ( 'NONE', ( #2502 ) ) ;
#2985 = CARTESIAN_POINT ( 'NONE',  ( -250.9999999999998295, -1.221245327087672598E-12, -1.499999999999964917 ) ) ;
#2986 = APPROVAL_DATE_TIME ( #2470, #2338 ) ;
#2987 = CC_DESIGN_APPROVAL ( #3000, ( #1559 ) ) ;
#2988 = EDGE_CURVE ( 'NONE', #1255, #2780, #2990, .T. ) ;
#2989 = DIRECTION ( 'NONE',  ( 0.000000000000000000, 0.000000000000000000, 1.000000000000000000 ) ) ;
#2990 = LINE ( 'NONE', #2720, #1502 ) ;
#2991 = DATE_TIME_ROLE ( 'classification_date' ) ;
#2992 = CALENDAR_DATE ( 2025, 1, 7 ) ;
#2993 = CARTESIAN_POINT ( 'NONE',  ( 3.000000000000000000, -1.449149175665962463, 2.510000000000000231 ) ) ;
#2994 = AXIS2_PLACEMENT_3D ( 'NONE', #934, #1737, #2006 ) ;
#2995 = EDGE_LOOP ( 'NONE', ( #914, #1542, #587, #1783 ) ) ;
#2996 = AXIS2_PLACEMENT_3D ( 'NONE', #2891, #1508, #422 ) ;
#2997 = CALENDAR_DATE ( 2025, 1, 7 ) ;
#2998 = PERSON_AND_ORGANIZATION_ROLE ( 'creator' ) ;
#2999 = VECTOR ( 'NONE', #1732, 1000.000000000000000 ) ;
#3000 = APPROVAL ( #3430, 'UNSPECIFIED' ) ;
#3001 = ORIENTED_EDGE ( 'NONE', *, *, #1656, .T. ) ;
#3002 = DIRECTION ( 'NONE',  ( -0.000000000000000000, 1.000000000000000000, -0.000000000000000000 ) ) ;
#3003 = VECTOR ( 'NONE', #1650, 1000.000000000000000 ) ;
#3004 = CARTESIAN_POINT ( 'NONE',  ( 6.250000000000005329, 0.000000000000000000, -2.999999999999992450 ) ) ;
#3005 = FACE_OUTER_BOUND ( 'NONE', #3484, .T. ) ;
#3006 = APPROVAL_DATE_TIME ( #1293, #1422 ) ;
#3007 = ORIENTED_EDGE ( 'NONE', *, *, #1277, .T. ) ;
#3008 = ORIENTED_EDGE ( 'NONE', *, *, #3445, .F. ) ;
#3009 = VECTOR ( 'NONE', #2887, 1000.000000000000000 ) ;
#3010 = COORDINATED_UNIVERSAL_TIME_OFFSET ( 3, 0, .AHEAD. ) ;
#3011 = CARTESIAN_POINT ( 'NONE',  ( 271.5000000000002274, -678.4000000000003183, 20.00000000000000000 ) ) ;
#3012 = CARTESIAN_POINT ( 'NONE',  ( 273.0000000000002274, 680.4999999999998863, 19.99999999999999289 ) ) ;
#3013 = SECURITY_CLASSIFICATION_LEVEL ( 'unclassified' ) ;
#3014 = CARTESIAN_POINT ( 'NONE',  ( -19.50000000000000000, -2.000000000000000000, 12.50000000000000000 ) ) ;
#3015 = VECTOR ( 'NONE', #128, 1000.000000000000000 ) ;
#3016 = CARTESIAN_POINT ( 'NONE',  ( -271.4999999999998295, 680.4999999999998863, 1.500000000000000000 ) ) ;
#3017 = CC_DESIGN_PERSON_AND_ORGANIZATION_ASSIGNMENT ( #2944, #757, ( #2119 ) ) ;
#3018 = DATE_AND_TIME ( #254, #59 ) ;
#3019 = APPROVAL_ROLE ( '' ) ;
#3020 = PRODUCT_DEFINITION_SHAPE ( 'NONE', 'NONE',  #3550 ) ;
#3021 = EDGE_LOOP ( 'NONE', ( #1151 ) ) ;
#3022 = CARTESIAN_POINT ( 'NONE',  ( -2.000000000000000000, -3.499999999999999556, 12.50000000000000000 ) ) ;
#3023 = PRODUCT_DEFINITION ( 'UNKNOWN', '', #1279, #971 ) ;
#3024 = EDGE_LOOP ( 'NONE', ( #1776, #1908, #851, #134 ) ) ;
#3025 = SECURITY_CLASSIFICATION ( '', '', #3189 ) ;
#3026 = VERTEX_POINT ( 'NONE', #2154 ) ;
#3027 = CALENDAR_DATE ( 2025, 1, 7 ) ;
#3028 = APPROVAL_DATE_TIME ( #2121, #3381 ) ;
#3029 = DIRECTION ( 'NONE',  ( -1.000000000000000000, 0.000000000000000000, 0.000000000000000000 ) ) ;
#3030 = CARTESIAN_POINT ( 'NONE',  ( 0.000000000000000000, -2.800000000000000711, -0.2013018773441388465 ) ) ;
#3031 = APPROVAL_ROLE ( '' ) ;
#3032 = CC_DESIGN_PERSON_AND_ORGANIZATION_ASSIGNMENT ( #3307, #2998, ( #1909 ) ) ;
#3033 = ITEM_DEFINED_TRANSFORMATION ( 'NONE', 'NONE', #1497,  #565 ) ;
#3034 = EDGE_CURVE ( 'NONE', #3406, #3426, #751, .T. ) ;
#3035 = APPROVAL_STATUS ( 'not_yet_approved' ) ;
#3036 = ORIENTED_EDGE ( 'NONE', *, *, #1600, .F. ) ;
#3037 = ADVANCED_FACE ( 'NONE', ( #1602 ), #2272, .T. ) ;
#3038 =( NAMED_UNIT ( * ) SI_UNIT ( $, .STERADIAN. ) SOLID_ANGLE_UNIT ( ) );
#3039 = DIRECTION ( 'NONE',  ( 0.000000000000000000, -0.5000000000000009992, -0.8660254037844380415 ) ) ;
#3040 = FACE_BOUND ( 'NONE', #600, .T. ) ;
#3041 = CARTESIAN_POINT ( 'NONE',  ( 3.000000000000000000, -1.449149175665962463, 2.510000000000000231 ) ) ;
#3042 = ORGANIZATION ( 'NAUO-ORG4', 'UNSPECIFIED', 'UNSPECIFIED' ) ;
#3043 = PERSON_AND_ORGANIZATION_ROLE ( 'creator' ) ;
#3044 = LOCAL_TIME ( 14, 17, 31.00000000000000000, #2719 ) ;
#3045 = DIRECTION ( 'NONE',  ( 0.000000000000000000, 0.000000000000000000, 1.000000000000000000 ) ) ;
#3046 = CARTESIAN_POINT ( 'NONE',  ( -31.74999999999995737, 0.000000000000000000, 0.000000000000000000 ) ) ;
#3047 = FACE_OUTER_BOUND ( 'NONE', #758, .T. ) ;
#3048 = CALENDAR_DATE ( 2025, 1, 7 ) ;
#3049 = SECURITY_CLASSIFICATION ( '', '', #3053 ) ;
#3050 = DIRECTION ( 'NONE',  ( 0.000000000000000000, 0.000000000000000000, 1.000000000000000000 ) ) ;
#3051 = CARTESIAN_POINT ( 'NONE',  ( 252.0000000000000000, -660.1000000000005912, 5.000000000000000000 ) ) ;
#3052 = CC_DESIGN_PERSON_AND_ORGANIZATION_ASSIGNMENT ( #1107, #3333, ( #712 ) ) ;
#3053 = SECURITY_CLASSIFICATION_LEVEL ( 'unclassified' ) ;
#3054 = CONTEXT_DEPENDENT_SHAPE_REPRESENTATION ( #56, #512 ) ;
#3055 =( GEOMETRIC_REPRESENTATION_CONTEXT ( 3 ) GLOBAL_UNCERTAINTY_ASSIGNED_CONTEXT ( ( #647 ) ) GLOBAL_UNIT_ASSIGNED_CONTEXT ( ( #2760, #2224, #5 ) ) REPRESENTATION_CONTEXT ( 'NONE', 'WORKASPACE' ) );
#3056 = EDGE_CURVE ( 'NONE', #1255, #3088, #96, .T. ) ;
#3057 = ORIENTED_EDGE ( 'NONE', *, *, #1996, .T. ) ;
#3058 = UNCERTAINTY_MEASURE_WITH_UNIT (LENGTH_MEASURE( 1.000000000000000082E-05 ), #1335, 'distance_accuracy_value', 'NONE');
#3059 =( LENGTH_UNIT ( ) NAMED_UNIT ( * ) SI_UNIT ( .MILLI., .METRE. ) );
#3060 = DIRECTION ( 'NONE',  ( 3.000602769257179956E-15, 6.001205538514355968E-15, -1.000000000000000000 ) ) ;
#3061 = VECTOR ( 'NONE', #2144, 1000.000000000000000 ) ;
#3062 = ORIENTED_EDGE ( 'NONE', *, *, #2376, .T. ) ;
#3063 = VECTOR ( 'NONE', #1215, 1000.000000000000114 ) ;
#3064 = VECTOR ( 'NONE', #1036, 1000.000000000000000 ) ;
#3065 = CARTESIAN_POINT ( 'NONE',  ( -2.000000000000000000, -1.999999999999998224, -12.50000000000000000 ) ) ;
#3066 = PLANE ( 'NONE',  #3176 ) ;
#3067 = DATE_TIME_ROLE ( 'classification_date' ) ;
#3068 = AXIS2_PLACEMENT_3D ( 'NONE', #2985, #1596, #3225 ) ;
#3069 =( REPRESENTATION_RELATIONSHIP ('NONE','NONE', #1820, #355 ) REPRESENTATION_RELATIONSHIP_WITH_TRANSFORMATION ( #1966 )SHAPE_REPRESENTATION_RELATIONSHIP( ) );
#3070 = APPROVAL_DATE_TIME ( #3321, #1389 ) ;
#3071 = CARTESIAN_POINT ( 'NONE',  ( 273.0000000000002274, -678.4000000000003183, 19.99999999999999289 ) ) ;
#3072 = LINE ( 'NONE', #72, #2784 ) ;
#3073 = CC_DESIGN_PERSON_AND_ORGANIZATION_ASSIGNMENT ( #404, #3379, ( #3094 ) ) ;
#3074 = DIRECTION ( 'NONE',  ( 0.000000000000000000, 0.000000000000000000, 1.000000000000000000 ) ) ;
#3075 = EDGE_LOOP ( 'NONE', ( #3295 ) ) ;
#3076 = LINE ( 'NONE', #1704, #3387 ) ;
#3077 = FACE_OUTER_BOUND ( 'NONE', #3141, .T. ) ;
#3078 = ORIENTED_EDGE ( 'NONE', *, *, #2273, .T. ) ;
#3079 = ADVANCED_FACE ( 'NONE', ( #2093 ), #1098, .F. ) ;
#3080 = PLANE ( 'NONE',  #1787 ) ;
#3081 = CALENDAR_DATE ( 2025, 1, 7 ) ;
#3082 = DIRECTION ( 'NONE',  ( 1.000000000000000000, -0.000000000000000000, -0.000000000000000000 ) ) ;
#3083 = LOCAL_TIME ( 14, 17, 31.00000000000000000, #1761 ) ;
#3084 = CALENDAR_DATE ( 2025, 1, 7 ) ;
#3085 = EDGE_CURVE ( 'NONE', #3200, #3200, #801, .T. ) ;
#3086 = DIRECTION ( 'NONE',  ( 1.000000000000000000, 0.000000000000000000, -0.000000000000000000 ) ) ;
#3087 = UNCERTAINTY_MEASURE_WITH_UNIT (LENGTH_MEASURE( 1.000000000000000082E-05 ), #3059, 'distance_accuracy_value', 'NONE');
#3088 = VERTEX_POINT ( 'NONE', #2125 ) ;
#3089 = CC_DESIGN_PERSON_AND_ORGANIZATION_ASSIGNMENT ( #727, #2171, ( #1610 ) ) ;
#3090 = MECHANICAL_CONTEXT ( 'NONE', #2537, 'mechanical' ) ;
#3091 = LINE ( 'NONE', #1460, #2505 ) ;
#3092 = APPROVAL_ROLE ( '' ) ;
#3093 = ORIENTED_EDGE ( 'NONE', *, *, #1593, .F. ) ;
#3094 = SECURITY_CLASSIFICATION ( '', '', #1685 ) ;
#3095 = LINE ( 'NONE', #2031, #29 ) ;
#3096 = SECURITY_CLASSIFICATION_LEVEL ( 'unclassified' ) ;
#3097 = VERTEX_POINT ( 'NONE', #2380 ) ;
#3098 = ORIENTED_EDGE ( 'NONE', *, *, #354, .F. ) ;
#3099 = SECURITY_CLASSIFICATION ( '', '', #796 ) ;
#3100 = APPROVAL_ROLE ( '' ) ;
#3101 = DATE_AND_TIME ( #65, #1229 ) ;
#3102 = CARTESIAN_POINT ( 'NONE',  ( 242.0000000000000000, -660.1000000000005912, 3.796405077356797797E-14 ) ) ;
#3103 = CC_DESIGN_APPROVAL ( #413, ( #1610 ) ) ;
#3104 = AXIS2_PLACEMENT_3D ( 'NONE', #3159, #1208, #149 ) ;
#3105 = DIRECTION ( 'NONE',  ( 1.000000000000000000, 0.000000000000000000, 0.000000000000000000 ) ) ;
#3106 = AXIS2_PLACEMENT_3D ( 'NONE', #502, #543, #2444 ) ;
#3107 = VECTOR ( 'NONE', #901, 1000.000000000000000 ) ;
#3108 = CARTESIAN_POINT ( 'NONE',  ( 273.0000000000001705, -680.5000000000003411, 0.000000000000000000 ) ) ;
#3109 = DIRECTION ( 'NONE',  ( 1.000000000000000000, -0.000000000000000000, -0.000000000000000000 ) ) ;
#3110 = AXIS2_PLACEMENT_3D ( 'NONE', #1492, #3029, #1826 ) ;
#3111 = CARTESIAN_POINT ( 'NONE',  ( -271.4999999999998295, -679.0000000000002274, 20.00000000000000711 ) ) ;
#3112 = COORDINATED_UNIVERSAL_TIME_OFFSET ( 3, 0, .AHEAD. ) ;
#3113 = APPROVAL ( #1365, 'UNSPECIFIED' ) ;
#3114 = EDGE_LOOP ( 'NONE', ( #3416 ) ) ;
#3115 = APPROVAL_PERSON_ORGANIZATION ( #1234, #1231, #964 ) ;
#3116 = LOCAL_TIME ( 14, 17, 31.00000000000000000, #1393 ) ;
#3117 = AXIS2_PLACEMENT_3D ( 'NONE', #330, #869, #2905 ) ;
#3118 = PLANE ( 'NONE',  #2260 ) ;
#3119 = CARTESIAN_POINT ( 'NONE',  ( -2.000000000000000000, -19.50000000000000000, -12.50000000000000000 ) ) ;
#3120 = DIRECTION ( 'NONE',  ( -1.224646799147343593E-16, 3.969277180650274650E-30, -1.000000000000000000 ) ) ;
#3121 = CLOSED_SHELL ( 'NONE', ( #293, #2312, #3322, #2353, #1219, #1977, #1980, #1546, #2572, #258, #884, #1294, #1594, #2472 ) ) ;
#3122 = AXIS2_PLACEMENT_3D ( 'NONE', #1146, #2291, #2052 ) ;
#3123 = LINE ( 'NONE', #632, #894 ) ;
#3124 = CARTESIAN_POINT ( 'NONE',  ( 2.399999999999999911, 0.000000000000000000, 0.000000000000000000 ) ) ;
#3125 = APPLICATION_CONTEXT ( 'configuration controlled 3d designs of mechanical parts and assemblies' ) ;
#3126 = EDGE_LOOP ( 'NONE', ( #2177 ) ) ;
#3127 = FACE_BOUND ( 'NONE', #1406, .T. ) ;
#3128 = CARTESIAN_POINT ( 'NONE',  ( -262.4999999999998295, -612.5000000000002274, 1.500000000000000000 ) ) ;
#3129 = PERSON_AND_ORGANIZATION ( #694, #1471 ) ;
#3130 = PERSON ( 'NAUO-PER20', 'UNSPECIFIED', 'UNSPECIFIED', ('UNSPECIFIED'), ('UNSPECIFIED'), ('UNSPECIFIED') ) ;
#3131 = APPROVAL_ROLE ( '' ) ;
#3132 = ORIENTED_EDGE ( 'NONE', *, *, #3385, .T. ) ;
#3133 = DATE_AND_TIME ( #1189, #3215 ) ;
#3134 = PLANE ( 'NONE',  #3349 ) ;
#3135 = CC_DESIGN_PERSON_AND_ORGANIZATION_ASSIGNMENT ( #1894, #2736, ( #1075 ) ) ;
#3136 = FACE_OUTER_BOUND ( 'NONE', #2627, .T. ) ;
#3137 = EDGE_CURVE ( 'NONE', #1865, #1865, #1631, .T. ) ;
#3138 = CARTESIAN_POINT ( 'NONE',  ( -173.0000000000003126, -580.5000000000002274, 13.50000000000411404 ) ) ;
#3139 = DIRECTION ( 'NONE',  ( -1.000000000000000000, -0.000000000000000000, -0.000000000000000000 ) ) ;
#3140 = ADVANCED_FACE ( 'NONE', ( #495 ), #1609, .T. ) ;
#3141 = EDGE_LOOP ( 'NONE', ( #1972 ) ) ;
#3142 = SHAPE_REPRESENTATION ( 'PF 5x10 R5LE simple_1400x0600', ( #565 ), #2865 ) ;
#3143 = CARTESIAN_POINT ( 'NONE',  ( -251.9999999999998863, -659.5000000000005684, 0.000000000000000000 ) ) ;
#3144 = CC_DESIGN_PERSON_AND_ORGANIZATION_ASSIGNMENT ( #1319, #782, ( #2127 ) ) ;
#3145 = ORIENTED_EDGE ( 'NONE', *, *, #2207, .T. ) ;
#3146 = PERSON_AND_ORGANIZATION_ROLE ( 'design_supplier' ) ;
#3147 = FACE_OUTER_BOUND ( 'NONE', #826, .T. ) ;
#3148 = CC_DESIGN_SECURITY_CLASSIFICATION ( #2355, ( #780 ) ) ;
#3149 = VERTEX_POINT ( 'NONE', #671 ) ;
#3150 = DIRECTION ( 'NONE',  ( 0.000000000000000000, 0.000000000000000000, 1.000000000000000000 ) ) ;
#3151 = CARTESIAN_POINT ( 'NONE',  ( -1.999999999999999556, -3.499999999999999556, -12.50000000000000000 ) ) ;
#3152 = PERSON_AND_ORGANIZATION ( #1974, #998 ) ;
#3153 = DIRECTION ( 'NONE',  ( -0.000000000000000000, 1.000000000000000000, 0.000000000000000000 ) ) ;
#3154 = LOCAL_TIME ( 14, 17, 31.00000000000000000, #1088 ) ;
#3155 = CC_DESIGN_APPROVAL ( #2977, ( #108 ) ) ;
#3156 = DIRECTION ( 'NONE',  ( -0.000000000000000000, 1.000000000000000000, 0.000000000000000000 ) ) ;
#3157 = APPROVAL_PERSON_ORGANIZATION ( #659, #2504, #1170 ) ;
#3158 =( NAMED_UNIT ( * ) PLANE_ANGLE_UNIT ( ) SI_UNIT ( $, .RADIAN. ) );
#3159 = CARTESIAN_POINT ( 'NONE',  ( 0.000000000000000000, 0.000000000000000000, 11.00000000000000000 ) ) ;
#3160 = VERTEX_POINT ( 'NONE', #902 ) ;
#3161 = EDGE_CURVE ( 'NONE', #2297, #2633, #2843, .T. ) ;
#3162 = VECTOR ( 'NONE', #2294, 1000.000000000000000 ) ;
#3163 = VECTOR ( 'NONE', #228, 1000.000000000000000 ) ;
#3164 = DIRECTION ( 'NONE',  ( 0.000000000000000000, 0.000000000000000000, 1.000000000000000000 ) ) ;
#3165 = SHAPE_REPRESENTATION ( 'RB.2005.00.00.0 \X2\04210411\X0\ simple_-37', ( #333, #2370, #510, #1315, #951, #2994, #1432 ), #667 ) ;
#3166 = ORIENTED_EDGE ( 'NONE', *, *, #588, .T. ) ;
#3167 = PERSON_AND_ORGANIZATION_ROLE ( 'creator' ) ;
#3168 = PLANE ( 'NONE',  #1145 ) ;
#3169 = ORIENTED_EDGE ( 'NONE', *, *, #274, .F. ) ;
#3170 = PRODUCT_DEFINITION ( 'UNKNOWN', '', #2023, #1421 ) ;
#3171 = AXIS2_PLACEMENT_3D ( 'NONE', #1518, #1556, #2256 ) ;
#3172 = DATE_TIME_ROLE ( 'classification_date' ) ;
#3173 = PERSON_AND_ORGANIZATION_ROLE ( 'classification_officer' ) ;
#3174 = FACE_BOUND ( 'NONE', #2984, .T. ) ;
#3175 = CARTESIAN_POINT ( 'NONE',  ( 0.000000000000000000, -2.898298351331925371, 2.602085213965210642E-15 ) ) ;
#3176 = AXIS2_PLACEMENT_3D ( 'NONE', #2812, #3360, #1985 ) ;
#3177 = CIRCLE ( 'NONE', #1256, 2.999999999999986233 ) ;
#3178 = CARTESIAN_POINT ( 'NONE',  ( -251.9999999999999432, 660.0999999999994543, 0.000000000000000000 ) ) ;
#3179 = VECTOR ( 'NONE', #107, 1000.000000000000000 ) ;
#3180 = ORIENTED_EDGE ( 'NONE', *, *, #2674, .F. ) ;
#3181 = AXIS2_PLACEMENT_3D ( 'NONE', #2752, #2735, #1624 ) ;
#3182 = CIRCLE ( 'NONE', #79, 5.999999999999989342 ) ;
#3183 = CARTESIAN_POINT ( 'NONE',  ( -262.4999999999999432, 6.000000000000211386, -4.927098143279526385E-16 ) ) ;
#3184 = CC_DESIGN_PERSON_AND_ORGANIZATION_ASSIGNMENT ( #3525, #3266, ( #2067 ) ) ;
#3185 = EDGE_LOOP ( 'NONE', ( #488 ) ) ;
#3186 = CARTESIAN_POINT ( 'NONE',  ( 251.9999999999999432, -659.5000000000005684, 5.000000000000000000 ) ) ;
#3187 = DATE_TIME_ROLE ( 'creation_date' ) ;
#3188 = ADVANCED_FACE ( 'NONE', ( #2002 ), #3134, .T. ) ;
#3189 = SECURITY_CLASSIFICATION_LEVEL ( 'unclassified' ) ;
#3190 = ORIENTED_EDGE ( 'NONE', *, *, #1862, .T. ) ;
#3191 = CALENDAR_DATE ( 2025, 1, 7 ) ;
#3192 = CC_DESIGN_SECURITY_CLASSIFICATION ( #2119, ( #860 ) ) ;
#3193 = ORIENTED_EDGE ( 'NONE', *, *, #3197, .T. ) ;
#3194 = DESIGN_CONTEXT ( 'detailed design', #3125, 'design' ) ;
#3195 = DIRECTION ( 'NONE',  ( 0.000000000000000000, 8.211830238798920982E-17, 1.000000000000000000 ) ) ;
#3196 = CARTESIAN_POINT ( 'NONE',  ( -262.4999999999987494, 612.5000000000003411, 0.2569489851419540227 ) ) ;
#3197 = EDGE_CURVE ( 'NONE', #2729, #1333, #349, .T. ) ;
#3198 = AXIS2_PLACEMENT_3D ( 'NONE', #2178, #2759, #225 ) ;
#3199 = ORIENTED_EDGE ( 'NONE', *, *, #3385, .F. ) ;
#3200 = VERTEX_POINT ( 'NONE', #1009 ) ;
#3201 = CARTESIAN_POINT ( 'NONE',  ( 4.336808689942017736E-16, -1.838501190585716261, 3.184377471870330822 ) ) ;
#3202 = EDGE_LOOP ( 'NONE', ( #767, #1641, #2836 ) ) ;
#3203 = CC_DESIGN_DATE_AND_TIME_ASSIGNMENT ( #1345, #3253, ( #1075 ) ) ;
#3204 = FACE_BOUND ( 'NONE', #2694, .T. ) ;
#3205 = COORDINATED_UNIVERSAL_TIME_OFFSET ( 3, 0, .AHEAD. ) ;
#3206 = ADVANCED_FACE ( 'NONE', ( #740 ), #1866, .F. ) ;
#3207 = EDGE_CURVE ( 'NONE', #470, #470, #2827, .T. ) ;
#3208 = CALENDAR_DATE ( 2025, 1, 7 ) ;
#3209 = DATE_AND_TIME ( #1240, #2193 ) ;
#3210 = COORDINATED_UNIVERSAL_TIME_OFFSET ( 3, 0, .AHEAD. ) ;
#3211 = EDGE_CURVE ( 'NONE', #696, #696, #1741, .T. ) ;
#3212 = CARTESIAN_POINT ( 'NONE',  ( 3.424264068712041809, 0.000000000000000000, 0.000000000000000000 ) ) ;
#3213 = LOCAL_TIME ( 14, 17, 31.00000000000000000, #1072 ) ;
#3214 = CARTESIAN_POINT ( 'NONE',  ( 0.000000000000000000, 0.000000000000000000, 0.000000000000000000 ) ) ;
#3215 = LOCAL_TIME ( 14, 17, 31.00000000000000000, #916 ) ;
#3216 = DIRECTION ( 'NONE',  ( 0.000000000000000000, -1.000000000000000000, 4.930380657631287000E-31 ) ) ;
#3217 = ORIENTED_EDGE ( 'NONE', *, *, #3402, .F. ) ;
#3218 = DIRECTION ( 'NONE',  ( 0.000000000000000000, -1.000000000000000000, 0.000000000000000000 ) ) ;
#3219 = APPROVAL_PERSON_ORGANIZATION ( #2519, #2478, #3100 ) ;
#3220 = CC_DESIGN_DATE_AND_TIME_ASSIGNMENT ( #1481, #2608, ( #1559 ) ) ;
#3221 = DIRECTION ( 'NONE',  ( -0.000000000000000000, 0.000000000000000000, -1.000000000000000000 ) ) ;
#3222 = ORGANIZATION ( 'NAUO-ORG24', 'UNSPECIFIED', 'UNSPECIFIED' ) ;
#3223 = COORDINATED_UNIVERSAL_TIME_OFFSET ( 3, 0, .AHEAD. ) ;
#3224 = ORIENTED_EDGE ( 'NONE', *, *, #2530, .F. ) ;
#3225 = DIRECTION ( 'NONE',  ( 2.392769274849635480E-16, 1.654475671581114067E-16, 1.000000000000000000 ) ) ;
#3226 = MECHANICAL_CONTEXT ( 'NONE', #2708, 'mechanical' ) ;
#3227 =( GEOMETRIC_REPRESENTATION_CONTEXT ( 3 ) GLOBAL_UNCERTAINTY_ASSIGNED_CONTEXT ( ( #3058 ) ) GLOBAL_UNIT_ASSIGNED_CONTEXT ( ( #1335, #739, #3038 ) ) REPRESENTATION_CONTEXT ( 'NONE', 'WORKASPACE' ) );
#3228 = PERSON_AND_ORGANIZATION_ROLE ( 'creator' ) ;
#3229 = EDGE_LOOP ( 'NONE', ( #2200 ) ) ;
#3230 = COORDINATED_UNIVERSAL_TIME_OFFSET ( 3, 0, .AHEAD. ) ;
#3231 = LINE ( 'NONE', #3486, #459 ) ;
#3232 = COORDINATED_UNIVERSAL_TIME_OFFSET ( 3, 0, .AHEAD. ) ;
#3233 = ADVANCED_FACE ( 'NONE', ( #3040, #3005 ), #2274, .F. ) ;
#3234 = CC_DESIGN_PERSON_AND_ORGANIZATION_ASSIGNMENT ( #1376, #1359, ( #462 ) ) ;
#3235 = DATE_AND_TIME ( #2129, #1477 ) ;
#3236 = CALENDAR_DATE ( 2025, 1, 7 ) ;
#3237 = DIRECTION ( 'NONE',  ( 0.000000000000000000, 0.000000000000000000, 1.000000000000000000 ) ) ;
#3238 = CC_DESIGN_APPROVAL ( #3336, ( #1837 ) ) ;
#3239 = FACE_OUTER_BOUND ( 'NONE', #3469, .T. ) ;
#3240 = ORIENTED_EDGE ( 'NONE', *, *, #2569, .F. ) ;
#3241 = CARTESIAN_POINT ( 'NONE',  ( -271.4999999999998863, 678.3999999999998636, 20.00000000000000000 ) ) ;
#3242 = CC_DESIGN_APPROVAL ( #3381, ( #2023 ) ) ;
#3243 = AXIS2_PLACEMENT_3D ( 'NONE', #1247, #692, #2723 ) ;
#3244 = CARTESIAN_POINT ( 'NONE',  ( -262.4999999999998295, -618.5000000000002274, 3.049440436744974657E-28 ) ) ;
#3245 = CC_DESIGN_PERSON_AND_ORGANIZATION_ASSIGNMENT ( #1534, #2590, ( #1897 ) ) ;
#3246 = CARTESIAN_POINT ( 'NONE',  ( 3.000000000000000000, -2.173723763498947470, -1.254999999999998339 ) ) ;
#3247 = CONICAL_SURFACE ( 'NONE', #619, 6.000000000000005329, 0.6946410422937446816 ) ;
#3248 = APPLICATION_PROTOCOL_DEFINITION ( 'international standard', 'config_control_design', 1994, #1069 ) ;
#3249 = EDGE_LOOP ( 'NONE', ( #3007, #1054, #604, #2900, #854, #2959 ) ) ;
#3250 = APPLICATION_PROTOCOL_DEFINITION ( 'international standard', 'config_control_design', 1994, #314 ) ;
#3251 = CARTESIAN_POINT ( 'NONE',  ( 0.000000000000000000, 0.000000000000000000, 0.5000000000000004441 ) ) ;
#3252 = EDGE_LOOP ( 'NONE', ( #559, #2329, #2871, #1014 ) ) ;
#3253 = DATE_TIME_ROLE ( 'classification_date' ) ;
#3254 = EDGE_LOOP ( 'NONE', ( #3180 ) ) ;
#3255 = PRODUCT_DEFINITION_SHAPE ( 'NONE', 'NONE',  #3548 ) ;
#3256 = APPROVAL ( #1895, 'UNKNOWN' ) ;
#3257 = APPROVAL_DATE_TIME ( #219, #820 ) ;
#3258 = SHAPE_DEFINITION_REPRESENTATION ( #1048, #1575 ) ;
#3259 = CARTESIAN_POINT ( 'NONE',  ( 2.399999999999999911, 1.838501190585713374, -3.184377471870329934 ) ) ;
#3260 = EDGE_CURVE ( 'NONE', #136, #3345, #2203, .T. ) ;
#3261 = EDGE_LOOP ( 'NONE', ( #329, #2158, #2279, #478, #3145 ) ) ;
#3262 = DIRECTION ( 'NONE',  ( 0.000000000000000000, -1.000000000000000000, 1.197063425288573548E-15 ) ) ;
#3263 = VERTEX_POINT ( 'NONE', #241 ) ;
#3264 = EDGE_CURVE ( 'NONE', #754, #2045, #1511, .T. ) ;
#3265 = APPROVAL_ROLE ( '' ) ;
#3266 = PERSON_AND_ORGANIZATION_ROLE ( 'design_owner' ) ;
#3267 = LINE ( 'NONE', #1360, #1322 ) ;
#3268 = LINE ( 'NONE', #763, #2271 ) ;
#3269 = EDGE_LOOP ( 'NONE', ( #924, #3166, #2687, #2890, #100, #57 ) ) ;
#3270 = SECURITY_CLASSIFICATION_LEVEL ( 'unclassified' ) ;
#3271 = CONTEXT_DEPENDENT_SHAPE_REPRESENTATION ( #2070, #2430 ) ;
#3272 = CARTESIAN_POINT ( 'NONE',  ( 252.5999999999998238, 649.4999999999993179, 3.796405077356797797E-14 ) ) ;
#3273 = DATE_AND_TIME ( #2954, #2855 ) ;
#3274 = PERSON_AND_ORGANIZATION ( #694, #1471 ) ;
#3275 = DIRECTION ( 'NONE',  ( 6.439293542825907934E-15, -1.000000000000000000, -1.654475671581098536E-16 ) ) ;
#3276 = CARTESIAN_POINT ( 'NONE',  ( 4.336808689942017736E-16, -2.800000000000000266, -0.2013018773441389020 ) ) ;
#3277 = APPROVAL_ROLE ( '' ) ;
#3278 = ORIENTED_EDGE ( 'NONE', *, *, #1755, .T. ) ;
#3279 = LINE ( 'NONE', #799, #1925 ) ;
#3280 = EDGE_CURVE ( 'NONE', #2098, #2091, #1717, .T. ) ;
#3281 = CC_DESIGN_SECURITY_CLASSIFICATION ( #710, ( #3538 ) ) ;
#3282 = ORIENTED_EDGE ( 'NONE', *, *, #2563, .T. ) ;
#3283 = SHAPE_DEFINITION_REPRESENTATION ( #384, #1820 ) ;
#3284 = ORIENTED_EDGE ( 'NONE', *, *, #1992, .F. ) ;
#3285 = LOCAL_TIME ( 14, 17, 31.00000000000000000, #1986 ) ;
#3286 = EDGE_LOOP ( 'NONE', ( #2795 ) ) ;
#3287 = COORDINATED_UNIVERSAL_TIME_OFFSET ( 3, 0, .AHEAD. ) ;
#3288 = DIRECTION ( 'NONE',  ( 0.000000000000000000, 0.000000000000000000, 1.000000000000000000 ) ) ;
#3289 = ITEM_DEFINED_TRANSFORMATION ( 'NONE', 'NONE', #2517,  #565 ) ;
#3290 = CARTESIAN_POINT ( 'NONE',  ( 271.5000000000001705, 680.5000000000000000, 20.00000000000000000 ) ) ;
#3291 = AXIS2_PLACEMENT_3D ( 'NONE', #2893, #423, #1526 ) ;
#3292 = COORDINATED_UNIVERSAL_TIME_OFFSET ( 3, 0, .AHEAD. ) ;
#3293 = CARTESIAN_POINT ( 'NONE',  ( 2.399999999999999911, -2.800000000000000266, -0.2013018773441389020 ) ) ;
#3294 = AXIS2_PLACEMENT_3D ( 'NONE', #3455, #463, #2897 ) ;
#3295 = ORIENTED_EDGE ( 'NONE', *, *, #2625, .F. ) ;
#3296 = LINE ( 'NONE', #1334, #1347 ) ;
#3297 = CARTESIAN_POINT ( 'NONE',  ( -271.4999999999998295, -679.0000000000002274, 20.00000000000000711 ) ) ;
#3298 = CARTESIAN_POINT ( 'NONE',  ( 273.0000000000002274, 680.4999999999998863, 19.99999999999183586 ) ) ;
#3299 = AXIS2_PLACEMENT_3D ( 'NONE', #1548, #3514, #2131 ) ;
#3300 = EDGE_LOOP ( 'NONE', ( #3078 ) ) ;
#3301 = APPROVAL ( #3035, 'UNKNOWN' ) ;
#3302 = APPLICATION_PROTOCOL_DEFINITION ( 'international standard', 'config_control_design', 1994, #1958 ) ;
#3303 = AXIS2_PLACEMENT_3D ( 'NONE', #2331, #2381, #390 ) ;
#3304 = CARTESIAN_POINT ( 'NONE',  ( 0.000000000000000000, -2.799999999999999822, 8.131516293641283255E-17 ) ) ;
#3305 = CARTESIAN_POINT ( 'NONE',  ( -3.499999999999999556, 0.000000000000000000, -12.50000000000000000 ) ) ;
#3306 = ORIENTED_EDGE ( 'NONE', *, *, #1027, .T. ) ;
#3307 = PERSON_AND_ORGANIZATION ( #694, #1471 ) ;
#3308 = VERTEX_POINT ( 'NONE', #646 ) ;
#3309 = PERSON ( 'NAUO-PER19', 'UNSPECIFIED', 'UNSPECIFIED', ('UNSPECIFIED'), ('UNSPECIFIED'), ('UNSPECIFIED') ) ;
#3310 = CC_DESIGN_APPROVAL ( #442, ( #2119 ) ) ;
#3311 = DATE_AND_TIME ( #586, #1933 ) ;
#3312 = ORIENTED_EDGE ( 'NONE', *, *, #166, .T. ) ;
#3313 = ORIENTED_EDGE ( 'NONE', *, *, #3512, .T. ) ;
#3314 = APPROVAL_DATE_TIME ( #264, #295 ) ;
#3315 = CC_DESIGN_PERSON_AND_ORGANIZATION_ASSIGNMENT ( #304, #1120, ( #771 ) ) ;
#3316 = DIRECTION ( 'NONE',  ( 1.000000000000000000, 0.000000000000000000, -0.000000000000000000 ) ) ;
#3317 = CARTESIAN_POINT ( 'NONE',  ( 0.000000000000000000, -2.799999999999998934, 0.2013018773441384857 ) ) ;
#3318 = PERSON_AND_ORGANIZATION_ROLE ( 'classification_officer' ) ;
#3319 = ADVANCED_FACE ( 'NONE', ( #3136 ), #2341, .T. ) ;
#3320 = EDGE_CURVE ( 'NONE', #2576, #2945, #2124, .T. ) ;
#3321 = DATE_AND_TIME ( #2818, #499 ) ;
#3322 = ADVANCED_FACE ( 'NONE', ( #2875, #1268 ), #405, .T. ) ;
#3323 = VERTEX_POINT ( 'NONE', #3175 ) ;
#3324 = LINE ( 'NONE', #1112, #2378 ) ;
#3325 = APPROVAL_DATE_TIME ( #2238, #693 ) ;
#3326 = EDGE_LOOP ( 'NONE', ( #2525 ) ) ;
#3327 = SECURITY_CLASSIFICATION ( '', '', #3471 ) ;
#3328 = CARTESIAN_POINT ( 'NONE',  ( -3.499999999999999556, -2.000000000000000000, -12.50000000000000000 ) ) ;
#3329 = SECURITY_CLASSIFICATION ( '', '', #125 ) ;
#3330 = PRODUCT_DEFINITION_SHAPE ( 'NONE', 'NONE',  #3551 ) ;
#3331 = EDGE_CURVE ( 'NONE', #2160, #2160, #1246, .T. ) ;
#3332 = APPLICATION_CONTEXT ( 'configuration controlled 3d designs of mechanical parts and assemblies' ) ;
#3333 = PERSON_AND_ORGANIZATION_ROLE ( 'classification_officer' ) ;
#3334 = DATE_TIME_ROLE ( 'classification_date' ) ;
#3335 = CARTESIAN_POINT ( 'NONE',  ( -241.9999999999998863, 649.4999999999993179, 3.796405077356797797E-14 ) ) ;
#3336 = APPROVAL ( #2696, 'UNSPECIFIED' ) ;
#3337 = EDGE_LOOP ( 'NONE', ( #2699 ) ) ;
#3338 = DIRECTION ( 'NONE',  ( 0.000000000000000000, 0.000000000000000000, 1.000000000000000000 ) ) ;
#3339 = FACE_OUTER_BOUND ( 'NONE', #2885, .T. ) ;
#3340 = SHAPE_REPRESENTATION_RELATIONSHIP ( 'NONE' , 'NONE' ,  #1575, #2095 ) ;
#3341 = CIRCLE ( 'NONE', #2201, 2.999999999999992450 ) ;
#3342 = DIRECTION ( 'NONE',  ( -0.000000000000000000, -0.000000000000000000, 1.000000000000000000 ) ) ;
#3343 = VECTOR ( 'NONE', #532, 1000.000000000000114 ) ;
#3344 = VERTEX_POINT ( 'NONE', #2477 ) ;
#3345 = VERTEX_POINT ( 'NONE', #16 ) ;
#3346 = CIRCLE ( 'NONE', #1969, 2.499999999999999112 ) ;
#3347 = LINE ( 'NONE', #1412, #2327 ) ;
#3348 = CONTEXT_DEPENDENT_SHAPE_REPRESENTATION ( #584, #1306 ) ;
#3349 = AXIS2_PLACEMENT_3D ( 'NONE', #626, #3153, #2852 ) ;
#3350 = DIRECTION ( 'NONE',  ( 0.000000000000000000, -1.000000000000000000, 1.197063425288573548E-15 ) ) ;
#3351 = AXIS2_PLACEMENT_3D ( 'NONE', #2896, #425, #1244 ) ;
#3352 = CARTESIAN_POINT ( 'NONE',  ( -241.9999999999999432, 660.0999999999994543, 3.796405077356797797E-14 ) ) ;
#3353 = APPROVAL_STATUS ( 'not_yet_approved' ) ;
#3354 = ITEM_DEFINED_TRANSFORMATION ( 'NONE', 'NONE', #401,  #565 ) ;
#3355 = DIRECTION ( 'NONE',  ( 0.000000000000000000, -6.001205538514357546E-15, -1.000000000000000000 ) ) ;
#3356 = CARTESIAN_POINT ( 'NONE',  ( -272.9999999999998863, 680.5000000000000000, 19.99999999999809930 ) ) ;
#3357 = EDGE_CURVE ( 'NONE', #2170, #136, #1067, .T. ) ;
#3358 = EDGE_LOOP ( 'NONE', ( #160, #2522, #2414, #1592, #1278 ) ) ;
#3359 = DATE_AND_TIME ( #2512, #1384 ) ;
#3360 = DIRECTION ( 'NONE',  ( 0.000000000000000000, -3.491481338843133355E-15, -1.000000000000000000 ) ) ;
#3361 = CALENDAR_DATE ( 2025, 1, 7 ) ;
#3362 = CARTESIAN_POINT ( 'NONE',  ( 271.5000000000001705, 679.0000000000000000, 20.00000000000000711 ) ) ;
#3363 = COORDINATED_UNIVERSAL_TIME_OFFSET ( 3, 0, .AHEAD. ) ;
#3364 = DATE_TIME_ROLE ( 'classification_date' ) ;
#3365 = CARTESIAN_POINT ( 'NONE',  ( 3.000000000000000000, -2.898298351331925371, 2.602085213965210642E-15 ) ) ;
#3366 = ORIENTED_EDGE ( 'NONE', *, *, #1992, .T. ) ;
#3367 = DIRECTION ( 'NONE',  ( -0.000000000000000000, -1.000000000000000000, -0.000000000000000000 ) ) ;
#3368 = ORIENTED_EDGE ( 'NONE', *, *, #2647, .F. ) ;
#3369 = ADVANCED_FACE ( 'NONE', ( #2026, #386 ), #132, .T. ) ;
#3370 = CC_DESIGN_APPROVAL ( #295, ( #462 ) ) ;
#3371 = DIRECTION ( 'NONE',  ( 1.000000000000000000, -0.000000000000000000, -0.000000000000000000 ) ) ;
#3372 = CC_DESIGN_SECURITY_CLASSIFICATION ( #2186, ( #3528 ) ) ;
#3373 = DIRECTION ( 'NONE',  ( -0.000000000000000000, 0.000000000000000000, 1.000000000000000000 ) ) ;
#3374 = PERSON_AND_ORGANIZATION_ROLE ( 'design_supplier' ) ;
#3375 = LOCAL_TIME ( 14, 17, 31.00000000000000000, #233 ) ;
#3376 = PERSON ( 'NAUO-PER3', 'UNSPECIFIED', 'UNSPECIFIED', ('UNSPECIFIED'), ('UNSPECIFIED'), ('UNSPECIFIED') ) ;
#3377 = CC_DESIGN_SECURITY_CLASSIFICATION ( #3329, ( #3549 ) ) ;
#3378 = CALENDAR_DATE ( 2025, 1, 7 ) ;
#3379 = PERSON_AND_ORGANIZATION_ROLE ( 'classification_officer' ) ;
#3380 = PRODUCT_DEFINITION_FORMATION_WITH_SPECIFIED_SOURCE ( 'ANY', '', #664, .NOT_KNOWN. ) ;
#3381 = APPROVAL ( #1623, 'UNSPECIFIED' ) ;
#3382 = PRODUCT_DEFINITION_SHAPE ( 'NONE', 'NONE',  #3023 ) ;
#3383 = PERSON ( 'NAUO-PER23', 'UNSPECIFIED', 'UNSPECIFIED', ('UNSPECIFIED'), ('UNSPECIFIED'), ('UNSPECIFIED') ) ;
#3384 = FACE_BOUND ( 'NONE', #3249, .T. ) ;
#3385 = EDGE_CURVE ( 'NONE', #2576, #2435, #2774, .T. ) ;
#3386 = FACE_OUTER_BOUND ( 'NONE', #2820, .T. ) ;
#3387 = VECTOR ( 'NONE', #3109, 1000.000000000000000 ) ;
#3388 = CARTESIAN_POINT ( 'NONE',  ( 6.250000000000005329, 0.000000000000000000, 0.000000000000000000 ) ) ;
#3389 = EDGE_LOOP ( 'NONE', ( #419, #2295, #2320, #2798 ) ) ;
#3390 = PRODUCT_DEFINITION ( 'UNKNOWN', '', #462, #2073 ) ;
#3391 = DIRECTION ( 'NONE',  ( 0.000000000000000000, -1.000000000000000000, 0.000000000000000000 ) ) ;
#3392 = APPROVAL_DATE_TIME ( #2015, #2504 ) ;
#3393 = FACE_OUTER_BOUND ( 'NONE', #263, .T. ) ;
#3394 = AXIS2_PLACEMENT_3D ( 'NONE', #1831, #1539, #2609 ) ;
#3395 = VECTOR ( 'NONE', #708, 1000.000000000000000 ) ;
#3396 = VERTEX_POINT ( 'NONE', #3041 ) ;
#3397 = LOCAL_TIME ( 14, 17, 31.00000000000000000, #457 ) ;
#3398 =( GEOMETRIC_REPRESENTATION_CONTEXT ( 3 ) GLOBAL_UNCERTAINTY_ASSIGNED_CONTEXT ( ( #1388 ) ) GLOBAL_UNIT_ASSIGNED_CONTEXT ( ( #2024, #3158, #2055 ) ) REPRESENTATION_CONTEXT ( 'NONE', 'WORKASPACE' ) );
#3399 = FACE_OUTER_BOUND ( 'NONE', #3024, .T. ) ;
#3400 = DATE_AND_TIME ( #1468, #3490 ) ;
#3401 = FACE_OUTER_BOUND ( 'NONE', #2777, .T. ) ;
#3402 = EDGE_CURVE ( 'NONE', #3345, #1923, #1113, .T. ) ;
#3403 = AXIS2_PLACEMENT_3D ( 'NONE', #1765, #2854, #383 ) ;
#3404 =( LENGTH_UNIT ( ) NAMED_UNIT ( * ) SI_UNIT ( .MILLI., .METRE. ) );
#3405 = FACE_OUTER_BOUND ( 'NONE', #434, .T. ) ;
#3406 = VERTEX_POINT ( 'NONE', #673 ) ;
#3407 = DIRECTION ( 'NONE',  ( -0.000000000000000000, -0.000000000000000000, -1.000000000000000000 ) ) ;
#3408 = DIRECTION ( 'NONE',  ( 1.000000000000000000, 0.000000000000000000, -0.000000000000000000 ) ) ;
#3409 = ORIENTED_EDGE ( 'NONE', *, *, #1705, .F. ) ;
#3410 = DIRECTION ( 'NONE',  ( 0.000000000000000000, -0.5000000000000009992, -0.8660254037844380415 ) ) ;
#3411 = CALENDAR_DATE ( 2025, 1, 7 ) ;
#3412 = CARTESIAN_POINT ( 'NONE',  ( 271.5000000000001705, 679.0000000000000000, 20.00000000000000711 ) ) ;
#3413 = CARTESIAN_POINT ( 'NONE',  ( -3.499999999999999556, 0.000000000000000000, 12.50000000000000000 ) ) ;
#3414 = PRODUCT ( 'RB.1626.00.00.1 simple', 'RB.1626.00.00.1 simple', '', ( #3496 ) ) ;
#3415 = APPROVAL_STATUS ( 'not_yet_approved' ) ;
#3416 = ORIENTED_EDGE ( 'NONE', *, *, #256, .T. ) ;
#3417 = APPROVAL_ROLE ( '' ) ;
#3418 = ADVANCED_FACE ( 'NONE', ( #2011 ), #2831, .T. ) ;
#3419 = CARTESIAN_POINT ( 'NONE',  ( -271.4999999999998295, 678.9999999999998863, 1.500000000000000000 ) ) ;
#3420 = COORDINATED_UNIVERSAL_TIME_OFFSET ( 3, 0, .AHEAD. ) ;
#3421 = DIRECTION ( 'NONE',  ( -0.000000000000000000, 1.000000000000000000, -0.000000000000000000 ) ) ;
#3422 = DIRECTION ( 'NONE',  ( 0.000000000000000000, 0.000000000000000000, 1.000000000000000000 ) ) ;
#3423 = DIRECTION ( 'NONE',  ( 2.985366366334960809E-17, -8.326672684691189780E-17, 1.000000000000000000 ) ) ;
#3424 = CARTESIAN_POINT ( 'NONE',  ( -271.4999999999998295, -680.5000000000002274, 20.00000000000000000 ) ) ;
#3425 = PERSON ( 'NAUO-PER2', 'UNSPECIFIED', 'UNSPECIFIED', ('UNSPECIFIED'), ('UNSPECIFIED'), ('UNSPECIFIED') ) ;
#3426 = VERTEX_POINT ( 'NONE', #2060 ) ;
#3427 = CARTESIAN_POINT ( 'NONE',  ( 0.000000000000000000, -11.50000000000000000, 2.500000000000001776 ) ) ;
#3428 = ORIENTED_EDGE ( 'NONE', *, *, #1166, .T. ) ;
#3429 = DIRECTION ( 'NONE',  ( 0.000000000000000000, -0.5000000000000009992, -0.8660254037844380415 ) ) ;
#3430 = APPROVAL_STATUS ( 'not_yet_approved' ) ;
#3431 = CC_DESIGN_APPROVAL ( #1296, ( #823 ) ) ;
#3432 = ORIENTED_EDGE ( 'NONE', *, *, #844, .T. ) ;
#3433 = APPROVAL_ROLE ( '' ) ;
#3434 = ORGANIZATION ( 'NAUO-ORG13', 'UNSPECIFIED', 'UNSPECIFIED' ) ;
#3435 = MANIFOLD_SOLID_BREP ( 'Cut-Extrude2', #3121 ) ;
#3436 = DIRECTION ( 'NONE',  ( -1.000000000000000000, -0.000000000000000000, 0.000000000000000000 ) ) ;
#3437 = LOCAL_TIME ( 14, 17, 31.00000000000000000, #2534 ) ;
#3438 = CC_DESIGN_PERSON_AND_ORGANIZATION_ASSIGNMENT ( #873, #842, ( #2186 ) ) ;
#3439 = DIRECTION ( 'NONE',  ( 1.000000000000000000, -1.816356012457813024E-17, 2.985366366334960809E-17 ) ) ;
#3440 = CARTESIAN_POINT ( 'NONE',  ( 2.399999999999999911, -1.838501190585715150, -3.184377471870328158 ) ) ;
#3441 = MANIFOLD_SOLID_BREP ( 'Hex', #577 ) ;
#3442 = EDGE_LOOP ( 'NONE', ( #1391, #2927, #2044, #2538 ) ) ;
#3443 = DATE_AND_TIME ( #2458, #2705 ) ;
#3444 = CARTESIAN_POINT ( 'NONE',  ( 15.44549999999999379, 0.000000000000000000, 2.999999999999986233 ) ) ;
#3445 = EDGE_CURVE ( 'NONE', #3516, #2866, #1532, .T. ) ;
#3446 = VECTOR ( 'NONE', #1172, 1000.000000000000000 ) ;
#3447 = DIRECTION ( 'NONE',  ( -1.000000000000000000, -0.000000000000000000, -0.000000000000000000 ) ) ;
#3448 = CALENDAR_DATE ( 2025, 1, 7 ) ;
#3449 = LINE ( 'NONE', #1521, #794 ) ;
#3450 = VECTOR ( 'NONE', #2166, 1000.000000000000000 ) ;
#3451 = ORIENTED_EDGE ( 'NONE', *, *, #3207, .T. ) ;
#3452 = CONICAL_SURFACE ( 'NONE', #896, 5.999999999999989342, 0.6946410422937446816 ) ;
#3453 = AXIS2_PLACEMENT_3D ( 'NONE', #3214, #3237, #2460 ) ;
#3454 = AXIS2_PLACEMENT_3D ( 'NONE', #103, #2365, #2657 ) ;
#3455 = CARTESIAN_POINT ( 'NONE',  ( 0.000000000000000000, -19.50000000000000000, 12.50000000000000000 ) ) ;
#3456 = CARTESIAN_POINT ( 'NONE',  ( 262.4999999999987494, -612.5000000000003411, 0.2569489851419202164 ) ) ;
#3457 = APPROVAL ( #94, 'UNKNOWN' ) ;
#3458 = DIRECTION ( 'NONE',  ( 0.000000000000000000, 1.000000000000000000, 4.930380657631287000E-31 ) ) ;
#3459 = EDGE_LOOP ( 'NONE', ( #940 ) ) ;
#3460 = LINE ( 'NONE', #1803, #1024 ) ;
#3461 = CARTESIAN_POINT ( 'NONE',  ( 3.000000000000000444, 0.000000000000000000, 11.00000000000000000 ) ) ;
#3462 = VERTEX_POINT ( 'NONE', #3108 ) ;
#3463 = EDGE_CURVE ( 'NONE', #1061, #874, #613, .T. ) ;
#3464 = CARTESIAN_POINT ( 'NONE',  ( -262.4999999999998295, -612.5000000000002274, 3.019858152799187163E-28 ) ) ;
#3465 = APPROVAL_ROLE ( '' ) ;
#3466 = FACE_OUTER_BOUND ( 'NONE', #642, .T. ) ;
#3467 = CARTESIAN_POINT ( 'NONE',  ( 3.000000000000000000, -1.449149175665962463, 2.510000000000000231 ) ) ;
#3468 = PERSON_AND_ORGANIZATION_ROLE ( 'classification_officer' ) ;
#3469 = EDGE_LOOP ( 'NONE', ( #879, #1165, #674, #1133 ) ) ;
#3470 = DIRECTION ( 'NONE',  ( -1.000000000000000000, -0.000000000000000000, 0.000000000000000000 ) ) ;
#3471 = SECURITY_CLASSIFICATION_LEVEL ( 'unclassified' ) ;
#3472 = DIRECTION ( 'NONE',  ( 1.000000000000000000, 0.000000000000000000, 3.000602769257179956E-15 ) ) ;
#3473 = DIRECTION ( 'NONE',  ( -6.439293542825907934E-15, 1.000000000000000000, -1.654475671581098536E-16 ) ) ;
#3474 = MANIFOLD_SOLID_BREP ( 'Корректировка углов', #2739 ) ;
#3475 = CARTESIAN_POINT ( 'NONE',  ( 262.4999999999998295, -612.5000000000002274, 3.019858152799187163E-28 ) ) ;
#3476 = ORIENTED_EDGE ( 'NONE', *, *, #1937, .T. ) ;
#3477 = CARTESIAN_POINT ( 'NONE',  ( 267.2502471161472499, 612.5000000000002274, 1.500000000000000000 ) ) ;
#3478 = PERSON_AND_ORGANIZATION ( #694, #1471 ) ;
#3479 = EDGE_CURVE ( 'NONE', #521, #2945, #1459, .T. ) ;
#3480 = CC_DESIGN_PERSON_AND_ORGANIZATION_ASSIGNMENT ( #342, #3167, ( #555 ) ) ;
#3481 = APPROVAL_ROLE ( '' ) ;
#3482 = FACE_OUTER_BOUND ( 'NONE', #3229, .T. ) ;
#3483 = CARTESIAN_POINT ( 'NONE',  ( 0.000000000000000000, -3.499999999999999556, -12.50000000000000000 ) ) ;
#3484 = EDGE_LOOP ( 'NONE', ( #1524 ) ) ;
#3485 = CALENDAR_DATE ( 2025, 1, 7 ) ;
#3486 = CARTESIAN_POINT ( 'NONE',  ( -251.9999999999999432, 660.0999999999994543, 5.000000000000000000 ) ) ;
#3487 = CALENDAR_DATE ( 2025, 1, 7 ) ;
#3488 = LOCAL_TIME ( 14, 17, 31.00000000000000000, #1227 ) ;
#3489 =( REPRESENTATION_RELATIONSHIP ('NONE','NONE', #1820, #355 ) REPRESENTATION_RELATIONSHIP_WITH_TRANSFORMATION ( #1326 )SHAPE_REPRESENTATION_RELATIONSHIP( ) );
#3490 = LOCAL_TIME ( 14, 17, 31.00000000000000000, #144 ) ;
#3491 = DIRECTION ( 'NONE',  ( 1.224646799147162155E-16, 2.728601012777253210E-29, -1.000000000000000000 ) ) ;
#3492 = CC_DESIGN_SECURITY_CLASSIFICATION ( #436, ( #3537 ) ) ;
#3493 = EDGE_LOOP ( 'NONE', ( #325 ) ) ;
#3494 = APPROVAL_PERSON_ORGANIZATION ( #104, #3000, #1501 ) ;
#3495 = CC_DESIGN_APPROVAL ( #1666, ( #3049 ) ) ;
#3496 = MECHANICAL_CONTEXT ( 'NONE', #2240, 'mechanical' ) ;
#3497 = ORIENTED_EDGE ( 'NONE', *, *, #2153, .F. ) ;
#3498 = VECTOR ( 'NONE', #1318, 1000.000000000000000 ) ;
#3499 = DIRECTION ( 'NONE',  ( 1.000000000000000000, 0.000000000000000000, 0.000000000000000000 ) ) ;
#3500 = PERSON_AND_ORGANIZATION ( #694, #1471 ) ;
#3501 = FACE_BOUND ( 'NONE', #1225, .T. ) ;
#3502 = DIRECTION ( 'NONE',  ( 0.000000000000000000, 0.000000000000000000, -1.000000000000000000 ) ) ;
#3503 = CC_DESIGN_PERSON_AND_ORGANIZATION_ASSIGNMENT ( #1965, #607, ( #830 ) ) ;
#3504 = PERSON_AND_ORGANIZATION ( #694, #1471 ) ;
#3505 = VERTEX_POINT ( 'NONE', #98 ) ;
#3506 = APPROVAL_DATE_TIME ( #2437, #271 ) ;
#3507 = EDGE_LOOP ( 'NONE', ( #833 ) ) ;
#3508 = APPROVAL_STATUS ( 'not_yet_approved' ) ;
#3509 = EDGE_CURVE ( 'NONE', #1291, #1291, #719, .T. ) ;
#3510 = DIRECTION ( 'NONE',  ( 3.000602769257179956E-15, 0.000000000000000000, -1.000000000000000000 ) ) ;
#3511 = CIRCLE ( 'NONE', #1904, 4.750247116147409798 ) ;
#3512 = EDGE_CURVE ( 'NONE', #489, #2729, #2330, .T. ) ;
#3513 = CALENDAR_DATE ( 2025, 1, 7 ) ;
#3514 = DIRECTION ( 'NONE',  ( 6.439293542825907934E-15, 1.000000000000000000, 1.654475671581098536E-16 ) ) ;
#3515 = PERSON ( 'NAUO-PER25', 'UNSPECIFIED', 'UNSPECIFIED', ('UNSPECIFIED'), ('UNSPECIFIED'), ('UNSPECIFIED') ) ;
#3516 = VERTEX_POINT ( 'NONE', #3143 ) ;
#3517 = DIRECTION ( 'NONE',  ( 1.000000000000000000, 0.000000000000000000, 0.000000000000000000 ) ) ;
#3518 = AXIS2_PLACEMENT_3D ( 'NONE', #3251, #3342, #1854 ) ;
#3519 = AXIS2_PLACEMENT_3D ( 'NONE', #2678, #2408, #508 ) ;
#3520 = VERTEX_POINT ( 'NONE', #2941 ) ;
#3521 = VECTOR ( 'NONE', #2212, 1000.000000000000000 ) ;
#3522 = PERSON_AND_ORGANIZATION ( #694, #1471 ) ;
#3523 = ORIENTED_EDGE ( 'NONE', *, *, #1862, .F. ) ;
#3524 = ORIENTED_EDGE ( 'NONE', *, *, #1937, .F. ) ;
#3525 = PERSON_AND_ORGANIZATION ( #694, #1471 ) ;
#3526 = APPROVAL_DATE_TIME ( #2883, #1245 ) ;
#3527 = NEXT_ASSEMBLY_USAGE_OCCURRENCE ( 'NAUO1', ' ', ' ', #2064, #555, $ ) ;
#3528 = NEXT_ASSEMBLY_USAGE_OCCURRENCE ( 'NAUO2', ' ', ' ', #2064, #1897, $ ) ;
#3529 = NEXT_ASSEMBLY_USAGE_OCCURRENCE ( 'NAUO3', ' ', ' ', #2064, #3170, $ ) ;
#3530 = NEXT_ASSEMBLY_USAGE_OCCURRENCE ( 'NAUO4', ' ', ' ', #2064, #3023, $ ) ;
#3531 = NEXT_ASSEMBLY_USAGE_OCCURRENCE ( 'NAUO5', ' ', ' ', #2064, #3023, $ ) ;
#3532 = NEXT_ASSEMBLY_USAGE_OCCURRENCE ( 'NAUO6', ' ', ' ', #2064, #1897, $ ) ;
#3533 = NEXT_ASSEMBLY_USAGE_OCCURRENCE ( 'NAUO7', ' ', ' ', #2064, #3170, $ ) ;
#3534 = NEXT_ASSEMBLY_USAGE_OCCURRENCE ( 'NAUO8', ' ', ' ', #2064, #3023, $ ) ;
#3535 = NEXT_ASSEMBLY_USAGE_OCCURRENCE ( 'NAUO9', ' ', ' ', #2064, #1897, $ ) ;
#3536 = NEXT_ASSEMBLY_USAGE_OCCURRENCE ( 'NAUO10', ' ', ' ', #2064, #3170, $ ) ;
#3537 = NEXT_ASSEMBLY_USAGE_OCCURRENCE ( 'NAUO11', ' ', ' ', #2064, #3023, $ ) ;
#3538 = NEXT_ASSEMBLY_USAGE_OCCURRENCE ( 'NAUO12', ' ', ' ', #2064, #1897, $ ) ;
#3539 = NEXT_ASSEMBLY_USAGE_OCCURRENCE ( 'NAUO13', ' ', ' ', #2064, #3170, $ ) ;
#3540 = NEXT_ASSEMBLY_USAGE_OCCURRENCE ( 'NAUO14', ' ', ' ', #2064, #3023, $ ) ;
#3541 = NEXT_ASSEMBLY_USAGE_OCCURRENCE ( 'NAUO15', ' ', ' ', #2064, #3170, $ ) ;
#3542 = NEXT_ASSEMBLY_USAGE_OCCURRENCE ( 'NAUO16', ' ', ' ', #2064, #1897, $ ) ;
#3543 = NEXT_ASSEMBLY_USAGE_OCCURRENCE ( 'NAUO17', ' ', ' ', #2064, #3023, $ ) ;
#3544 = NEXT_ASSEMBLY_USAGE_OCCURRENCE ( 'NAUO18', ' ', ' ', #2064, #3170, $ ) ;
#3545 = NEXT_ASSEMBLY_USAGE_OCCURRENCE ( 'NAUO19', ' ', ' ', #2064, #1897, $ ) ;
#3546 = NEXT_ASSEMBLY_USAGE_OCCURRENCE ( 'NAUO20', ' ', ' ', #555, #1909, $ ) ;
#3547 = NEXT_ASSEMBLY_USAGE_OCCURRENCE ( 'NAUO21', ' ', ' ', #555, #3390, $ ) ;
#3548 = NEXT_ASSEMBLY_USAGE_OCCURRENCE ( 'NAUO22', ' ', ' ', #555, #3390, $ ) ;
#3549 = NEXT_ASSEMBLY_USAGE_OCCURRENCE ( 'NAUO23', ' ', ' ', #555, #1837, $ ) ;
#3550 = NEXT_ASSEMBLY_USAGE_OCCURRENCE ( 'NAUO24', ' ', ' ', #555, #3390, $ ) ;
#3551 = NEXT_ASSEMBLY_USAGE_OCCURRENCE ( 'NAUO25', ' ', ' ', #555, #3390, $ ) ;
ENDSEC;
END-ISO-10303-21;
