ISO-10303-21;
HEADER;
FILE_DESCRIPTION(('Open CASCADE Model'),'2;1');
FILE_NAME('Open CASCADE Shape Model','2025-02-21T17:27:12',('Author'),(
    'Open CASCADE'),'Open CASCADE STEP processor 7.8','Open CASCADE 7.8'
  ,'Unknown');
FILE_SCHEMA(('AUTOMOTIVE_DESIGN { 1 0 10303 214 1 1 1 1 }'));
ENDSEC;
DATA;
#1 = APPLICATION_PROTOCOL_DEFINITION('international standard',
  'automotive_design',2000,#2);
#2 = APPLICATION_CONTEXT(
  'core data for automotive mechanical design processes');
#3 = SHAPE_DEFINITION_REPRESENTATION(#4,#10);
#4 = PRODUCT_DEFINITION_SHAPE('','',#5);
#5 = PRODUCT_DEFINITION('design','',#6,#9);
#6 = PRODUCT_DEFINITION_FORMATION('','',#7);
#7 = PRODUCT('Compound1','Compound1','',(#8));
#8 = PRODUCT_CONTEXT('',#2,'mechanical');
#9 = PRODUCT_DEFINITION_CONTEXT('part definition',#2,'design');
#10 = SHAPE_REPRESENTATION('',(#11,#15,#19,#23,#27,#31),#35);
#11 = AXIS2_PLACEMENT_3D('',#12,#13,#14);
#12 = CARTESIAN_POINT('',(0.,0.,0.));
#13 = DIRECTION('',(0.,0.,1.));
#14 = DIRECTION('',(1.,0.,-0.));
#15 = AXIS2_PLACEMENT_3D('',#16,#17,#18);
#16 = CARTESIAN_POINT('',(0.,0.,0.));
#17 = DIRECTION('',(-4.610668165927E-17,0.,1.));
#18 = DIRECTION('',(-1.,-1.438730447752E-16,-4.610668165927E-17));
#19 = AXIS2_PLACEMENT_3D('',#20,#21,#22);
#20 = CARTESIAN_POINT('',(275.,-16.05,-16.5));
#21 = DIRECTION('',(0.815561993458,1.873501354055E-15,0.578669711344));
#22 = DIRECTION('',(-7.855824215207E-17,-1.,3.348318449441E-15));
#23 = AXIS2_PLACEMENT_3D('',#24,#25,#26);
#24 = CARTESIAN_POINT('',(262.5,-16.05,-29.));
#25 = DIRECTION('',(0.815561993458,1.873501354055E-15,0.578669711344));
#26 = DIRECTION('',(-7.855824215207E-17,-1.,3.348318449441E-15));
#27 = AXIS2_PLACEMENT_3D('',#28,#29,#30);
#28 = CARTESIAN_POINT('',(-262.5,-16.05,-29.));
#29 = DIRECTION('',(0.815561993458,-1.962912571645E-15,-0.578669711344)
  );
#30 = DIRECTION('',(5.637851296924E-18,-1.,3.400058012915E-15));
#31 = AXIS2_PLACEMENT_3D('',#32,#33,#34);
#32 = CARTESIAN_POINT('',(-275.,-16.05,-16.5));
#33 = DIRECTION('',(0.815561993458,-1.962912571645E-15,-0.578669711344)
  );
#34 = DIRECTION('',(5.637851296924E-18,-1.,3.400058012915E-15));
#35 = ( GEOMETRIC_REPRESENTATION_CONTEXT(3) 
GLOBAL_UNCERTAINTY_ASSIGNED_CONTEXT((#39)) GLOBAL_UNIT_ASSIGNED_CONTEXT(
(#36,#37,#38)) REPRESENTATION_CONTEXT('Context #1',
  '3D Context with UNIT and UNCERTAINTY') );
#36 = ( LENGTH_UNIT() NAMED_UNIT(*) SI_UNIT(.MILLI.,.METRE.) );
#37 = ( NAMED_UNIT(*) PLANE_ANGLE_UNIT() SI_UNIT($,.RADIAN.) );
#38 = ( NAMED_UNIT(*) SI_UNIT($,.STERADIAN.) SOLID_ANGLE_UNIT() );
#39 = UNCERTAINTY_MEASURE_WITH_UNIT(LENGTH_MEASURE(5.E-06),#36,
  'distance_accuracy_value','confusion accuracy');
#40 = PRODUCT_RELATED_PRODUCT_CATEGORY('part',$,(#7));
#41 = SHAPE_DEFINITION_REPRESENTATION(#42,#48);
#42 = PRODUCT_DEFINITION_SHAPE('','',#43);
#43 = PRODUCT_DEFINITION('design','',#44,#47);
#44 = PRODUCT_DEFINITION_FORMATION('','',#45);
#45 = PRODUCT('Solid1','Solid1','',(#46));
#46 = PRODUCT_CONTEXT('',#2,'mechanical');
#47 = PRODUCT_DEFINITION_CONTEXT('part definition',#2,'design');
#48 = ADVANCED_BREP_SHAPE_REPRESENTATION('',(#11,#49),#12927);
#49 = MANIFOLD_SOLID_BREP('',#50);
#50 = CLOSED_SHELL('',(#51,#92,#133,#174,#215,#256,#297,#338,#379,#420,
    #461,#502,#543,#584,#625,#666,#707,#748,#789,#830,#871,#912,#953,
    #994,#1035,#1076,#1117,#1158,#1199,#1240,#1281,#1322,#1363,#1404,
    #1445,#1486,#1526,#1566,#1606,#1646,#1686,#1726,#1766,#1806,#1846,
    #1886,#1926,#1966,#2006,#2046,#2086,#2126,#2166,#2206,#2246,#2286,
    #2326,#2366,#2406,#2446,#2486,#2526,#2566,#2606,#2646,#2686,#2726,
    #2766,#2806,#2846,#2886,#2926,#2966,#3006,#3046,#3086,#3126,#3166,
    #3197,#3228,#3250,#3290,#3321,#3352,#3374,#3414,#3445,#3476,#3498,
    #3538,#3569,#3600,#3622,#3662,#3693,#3724,#3746,#3786,#3817,#3848,
    #3870,#3910,#3941,#3972,#3994,#4034,#4065,#4096,#4118,#4158,#4189,
    #4220,#4242,#4282,#4313,#4344,#4366,#4406,#4437,#4468,#4490,#4530,
    #4561,#4592,#4614,#4654,#4685,#4716,#4738,#4778,#4809,#4840,#4862,
    #4902,#4933,#4964,#4986,#5026,#5057,#5088,#5110,#5150,#5181,#5212,
    #5234,#5274,#5305,#5336,#5358,#5398,#5429,#5460,#5482,#5522,#5562,
    #5602,#5642,#7130,#8528,#8550,#8572,#8605,#8638,#8669,#8700,#8959,
    #9165,#9187,#9220,#9253,#9284,#9315,#9730,#10145,#10167,#10183,
    #10199,#10215,#10231,#10253,#10270,#10287,#10299,#10321,#10333,
    #10347,#10361,#10378,#10395,#10412,#10424,#10441,#10458,#10475,
    #10487,#10504,#10526,#10543,#10560,#10572,#10584,#10598,#10612,
    #10629,#10646,#10663,#10680,#10697,#10714,#10731,#10748,#10760,
    #10772,#10786,#10800,#10817,#10834,#10851,#10868,#10885,#10902,
    #10919,#10936,#10948,#10960,#10974,#10988,#11005,#11022,#11039,
    #11056,#11073,#11090,#11107,#11124,#11136,#11148,#11162,#11176,
    #11193,#11210,#11227,#11244,#11261,#11278,#11295,#11312,#11324,
    #11336,#11350,#11364,#11381,#11398,#11415,#11432,#11449,#11466,
    #11483,#11500,#11512,#11524,#11538,#11552,#11569,#11586,#11603,
    #11620,#11637,#11654,#11671,#11688,#11700,#11712,#11726,#11740,
    #11757,#11774,#11791,#11808,#11825,#11842,#11859,#11876,#11888,
    #11900,#11914,#11928,#11945,#11962,#11979,#11996,#12013,#12030,
    #12047,#12064,#12076,#12088,#12102,#12116,#12133,#12150,#12167,
    #12184,#12201,#12218,#12235,#12252,#12264,#12276,#12290,#12304,
    #12321,#12338,#12355,#12372,#12389,#12406,#12423,#12440,#12452,
    #12469,#12486,#12508,#12520,#12532,#12544,#12556,#12568,#12580,
    #12596,#12613,#12630,#12647,#12664,#12681,#12698,#12715,#12732,
    #12749,#12765,#12781,#12797,#12813,#12829,#12845,#12861,#12877,
    #12893,#12910));
#51 = ADVANCED_FACE('',(#52),#87,.F.);
#52 = FACE_BOUND('',#53,.F.);
#53 = EDGE_LOOP('',(#54,#65,#72,#79,#80));
#54 = ORIENTED_EDGE('',*,*,#55,.F.);
#55 = EDGE_CURVE('',#56,#58,#60,.T.);
#56 = VERTEX_POINT('',#57);
#57 = CARTESIAN_POINT('',(225.,21.75,-32.));
#58 = VERTEX_POINT('',#59);
#59 = CARTESIAN_POINT('',(225.,21.75,-26.));
#60 = CIRCLE('',#61,3.);
#61 = AXIS2_PLACEMENT_3D('',#62,#63,#64);
#62 = CARTESIAN_POINT('',(225.,21.75,-29.));
#63 = DIRECTION('',(-0.,1.,3.469446951954E-15));
#64 = DIRECTION('',(0.,-3.469446951954E-15,1.));
#65 = ORIENTED_EDGE('',*,*,#66,.T.);
#66 = EDGE_CURVE('',#56,#67,#69,.T.);
#67 = VERTEX_POINT('',#68);
#68 = CARTESIAN_POINT('',(225.,19.75,-32.));
#69 = B_SPLINE_CURVE_WITH_KNOTS('',1,(#70,#71),.UNSPECIFIED.,.F.,.F.,(2,
    2),(8.,10.),.PIECEWISE_BEZIER_KNOTS.);
#70 = CARTESIAN_POINT('',(225.,21.75,-32.));
#71 = CARTESIAN_POINT('',(225.,19.75,-32.));
#72 = ORIENTED_EDGE('',*,*,#73,.F.);
#73 = EDGE_CURVE('',#67,#67,#74,.T.);
#74 = CIRCLE('',#75,3.);
#75 = AXIS2_PLACEMENT_3D('',#76,#77,#78);
#76 = CARTESIAN_POINT('',(225.,19.75,-29.));
#77 = DIRECTION('',(0.,-1.,-3.469446951954E-15));
#78 = DIRECTION('',(0.,3.469446951954E-15,-1.));
#79 = ORIENTED_EDGE('',*,*,#66,.F.);
#80 = ORIENTED_EDGE('',*,*,#81,.F.);
#81 = EDGE_CURVE('',#58,#56,#82,.T.);
#82 = CIRCLE('',#83,3.);
#83 = AXIS2_PLACEMENT_3D('',#84,#85,#86);
#84 = CARTESIAN_POINT('',(225.,21.75,-29.));
#85 = DIRECTION('',(-0.,1.,3.469446951954E-15));
#86 = DIRECTION('',(0.,-3.469446951954E-15,1.));
#87 = CYLINDRICAL_SURFACE('',#88,3.);
#88 = AXIS2_PLACEMENT_3D('',#89,#90,#91);
#89 = CARTESIAN_POINT('',(225.,29.75,-29.));
#90 = DIRECTION('',(-0.,-1.,-3.469446951954E-15));
#91 = DIRECTION('',(0.,3.469446951954E-15,-1.));
#92 = ADVANCED_FACE('',(#93),#128,.F.);
#93 = FACE_BOUND('',#94,.F.);
#94 = EDGE_LOOP('',(#95,#106,#113,#120,#121));
#95 = ORIENTED_EDGE('',*,*,#96,.F.);
#96 = EDGE_CURVE('',#97,#99,#101,.T.);
#97 = VERTEX_POINT('',#98);
#98 = CARTESIAN_POINT('',(212.5,21.75,-32.));
#99 = VERTEX_POINT('',#100);
#100 = CARTESIAN_POINT('',(212.5,21.75,-26.));
#101 = CIRCLE('',#102,3.);
#102 = AXIS2_PLACEMENT_3D('',#103,#104,#105);
#103 = CARTESIAN_POINT('',(212.5,21.75,-29.));
#104 = DIRECTION('',(-0.,1.,3.469446951954E-15));
#105 = DIRECTION('',(0.,-3.469446951954E-15,1.));
#106 = ORIENTED_EDGE('',*,*,#107,.T.);
#107 = EDGE_CURVE('',#97,#108,#110,.T.);
#108 = VERTEX_POINT('',#109);
#109 = CARTESIAN_POINT('',(212.5,19.75,-32.));
#110 = B_SPLINE_CURVE_WITH_KNOTS('',1,(#111,#112),.UNSPECIFIED.,.F.,.F.,
  (2,2),(8.,10.),.PIECEWISE_BEZIER_KNOTS.);
#111 = CARTESIAN_POINT('',(212.5,21.75,-32.));
#112 = CARTESIAN_POINT('',(212.5,19.75,-32.));
#113 = ORIENTED_EDGE('',*,*,#114,.F.);
#114 = EDGE_CURVE('',#108,#108,#115,.T.);
#115 = CIRCLE('',#116,3.);
#116 = AXIS2_PLACEMENT_3D('',#117,#118,#119);
#117 = CARTESIAN_POINT('',(212.5,19.75,-29.));
#118 = DIRECTION('',(0.,-1.,-3.469446951954E-15));
#119 = DIRECTION('',(0.,3.469446951954E-15,-1.));
#120 = ORIENTED_EDGE('',*,*,#107,.F.);
#121 = ORIENTED_EDGE('',*,*,#122,.F.);
#122 = EDGE_CURVE('',#99,#97,#123,.T.);
#123 = CIRCLE('',#124,3.);
#124 = AXIS2_PLACEMENT_3D('',#125,#126,#127);
#125 = CARTESIAN_POINT('',(212.5,21.75,-29.));
#126 = DIRECTION('',(-0.,1.,3.469446951954E-15));
#127 = DIRECTION('',(0.,-3.469446951954E-15,1.));
#128 = CYLINDRICAL_SURFACE('',#129,3.);
#129 = AXIS2_PLACEMENT_3D('',#130,#131,#132);
#130 = CARTESIAN_POINT('',(212.5,29.75,-29.));
#131 = DIRECTION('',(-0.,-1.,-3.469446951954E-15));
#132 = DIRECTION('',(0.,3.469446951954E-15,-1.));
#133 = ADVANCED_FACE('',(#134),#169,.F.);
#134 = FACE_BOUND('',#135,.F.);
#135 = EDGE_LOOP('',(#136,#147,#154,#161,#162));
#136 = ORIENTED_EDGE('',*,*,#137,.F.);
#137 = EDGE_CURVE('',#138,#140,#142,.T.);
#138 = VERTEX_POINT('',#139);
#139 = CARTESIAN_POINT('',(200.,21.75,-32.));
#140 = VERTEX_POINT('',#141);
#141 = CARTESIAN_POINT('',(200.,21.75,-26.));
#142 = CIRCLE('',#143,3.);
#143 = AXIS2_PLACEMENT_3D('',#144,#145,#146);
#144 = CARTESIAN_POINT('',(200.,21.75,-29.));
#145 = DIRECTION('',(-0.,1.,3.469446951954E-15));
#146 = DIRECTION('',(0.,-3.469446951954E-15,1.));
#147 = ORIENTED_EDGE('',*,*,#148,.T.);
#148 = EDGE_CURVE('',#138,#149,#151,.T.);
#149 = VERTEX_POINT('',#150);
#150 = CARTESIAN_POINT('',(200.,19.75,-32.));
#151 = B_SPLINE_CURVE_WITH_KNOTS('',1,(#152,#153),.UNSPECIFIED.,.F.,.F.,
  (2,2),(8.,10.),.PIECEWISE_BEZIER_KNOTS.);
#152 = CARTESIAN_POINT('',(200.,21.75,-32.));
#153 = CARTESIAN_POINT('',(200.,19.75,-32.));
#154 = ORIENTED_EDGE('',*,*,#155,.F.);
#155 = EDGE_CURVE('',#149,#149,#156,.T.);
#156 = CIRCLE('',#157,3.);
#157 = AXIS2_PLACEMENT_3D('',#158,#159,#160);
#158 = CARTESIAN_POINT('',(200.,19.75,-29.));
#159 = DIRECTION('',(0.,-1.,-3.469446951954E-15));
#160 = DIRECTION('',(0.,3.469446951954E-15,-1.));
#161 = ORIENTED_EDGE('',*,*,#148,.F.);
#162 = ORIENTED_EDGE('',*,*,#163,.F.);
#163 = EDGE_CURVE('',#140,#138,#164,.T.);
#164 = CIRCLE('',#165,3.);
#165 = AXIS2_PLACEMENT_3D('',#166,#167,#168);
#166 = CARTESIAN_POINT('',(200.,21.75,-29.));
#167 = DIRECTION('',(-0.,1.,3.469446951954E-15));
#168 = DIRECTION('',(0.,-3.469446951954E-15,1.));
#169 = CYLINDRICAL_SURFACE('',#170,3.);
#170 = AXIS2_PLACEMENT_3D('',#171,#172,#173);
#171 = CARTESIAN_POINT('',(200.,29.75,-29.));
#172 = DIRECTION('',(-0.,-1.,-3.469446951954E-15));
#173 = DIRECTION('',(0.,3.469446951954E-15,-1.));
#174 = ADVANCED_FACE('',(#175),#210,.F.);
#175 = FACE_BOUND('',#176,.F.);
#176 = EDGE_LOOP('',(#177,#188,#195,#202,#203));
#177 = ORIENTED_EDGE('',*,*,#178,.F.);
#178 = EDGE_CURVE('',#179,#181,#183,.T.);
#179 = VERTEX_POINT('',#180);
#180 = CARTESIAN_POINT('',(187.5,21.75,-32.));
#181 = VERTEX_POINT('',#182);
#182 = CARTESIAN_POINT('',(187.5,21.75,-26.));
#183 = CIRCLE('',#184,3.);
#184 = AXIS2_PLACEMENT_3D('',#185,#186,#187);
#185 = CARTESIAN_POINT('',(187.5,21.75,-29.));
#186 = DIRECTION('',(-0.,1.,3.469446951954E-15));
#187 = DIRECTION('',(0.,-3.469446951954E-15,1.));
#188 = ORIENTED_EDGE('',*,*,#189,.T.);
#189 = EDGE_CURVE('',#179,#190,#192,.T.);
#190 = VERTEX_POINT('',#191);
#191 = CARTESIAN_POINT('',(187.5,19.75,-32.));
#192 = B_SPLINE_CURVE_WITH_KNOTS('',1,(#193,#194),.UNSPECIFIED.,.F.,.F.,
  (2,2),(8.,10.),.PIECEWISE_BEZIER_KNOTS.);
#193 = CARTESIAN_POINT('',(187.5,21.75,-32.));
#194 = CARTESIAN_POINT('',(187.5,19.75,-32.));
#195 = ORIENTED_EDGE('',*,*,#196,.F.);
#196 = EDGE_CURVE('',#190,#190,#197,.T.);
#197 = CIRCLE('',#198,3.);
#198 = AXIS2_PLACEMENT_3D('',#199,#200,#201);
#199 = CARTESIAN_POINT('',(187.5,19.75,-29.));
#200 = DIRECTION('',(0.,-1.,-3.469446951954E-15));
#201 = DIRECTION('',(0.,3.469446951954E-15,-1.));
#202 = ORIENTED_EDGE('',*,*,#189,.F.);
#203 = ORIENTED_EDGE('',*,*,#204,.F.);
#204 = EDGE_CURVE('',#181,#179,#205,.T.);
#205 = CIRCLE('',#206,3.);
#206 = AXIS2_PLACEMENT_3D('',#207,#208,#209);
#207 = CARTESIAN_POINT('',(187.5,21.75,-29.));
#208 = DIRECTION('',(-0.,1.,3.469446951954E-15));
#209 = DIRECTION('',(0.,-3.469446951954E-15,1.));
#210 = CYLINDRICAL_SURFACE('',#211,3.);
#211 = AXIS2_PLACEMENT_3D('',#212,#213,#214);
#212 = CARTESIAN_POINT('',(187.5,29.75,-29.));
#213 = DIRECTION('',(-0.,-1.,-3.469446951954E-15));
#214 = DIRECTION('',(0.,3.469446951954E-15,-1.));
#215 = ADVANCED_FACE('',(#216),#251,.F.);
#216 = FACE_BOUND('',#217,.F.);
#217 = EDGE_LOOP('',(#218,#229,#236,#243,#244));
#218 = ORIENTED_EDGE('',*,*,#219,.F.);
#219 = EDGE_CURVE('',#220,#222,#224,.T.);
#220 = VERTEX_POINT('',#221);
#221 = CARTESIAN_POINT('',(175.,21.75,-32.));
#222 = VERTEX_POINT('',#223);
#223 = CARTESIAN_POINT('',(175.,21.75,-26.));
#224 = CIRCLE('',#225,3.);
#225 = AXIS2_PLACEMENT_3D('',#226,#227,#228);
#226 = CARTESIAN_POINT('',(175.,21.75,-29.));
#227 = DIRECTION('',(-0.,1.,3.469446951954E-15));
#228 = DIRECTION('',(0.,-3.469446951954E-15,1.));
#229 = ORIENTED_EDGE('',*,*,#230,.T.);
#230 = EDGE_CURVE('',#220,#231,#233,.T.);
#231 = VERTEX_POINT('',#232);
#232 = CARTESIAN_POINT('',(175.,19.75,-32.));
#233 = B_SPLINE_CURVE_WITH_KNOTS('',1,(#234,#235),.UNSPECIFIED.,.F.,.F.,
  (2,2),(8.,10.),.PIECEWISE_BEZIER_KNOTS.);
#234 = CARTESIAN_POINT('',(175.,21.75,-32.));
#235 = CARTESIAN_POINT('',(175.,19.75,-32.));
#236 = ORIENTED_EDGE('',*,*,#237,.F.);
#237 = EDGE_CURVE('',#231,#231,#238,.T.);
#238 = CIRCLE('',#239,3.);
#239 = AXIS2_PLACEMENT_3D('',#240,#241,#242);
#240 = CARTESIAN_POINT('',(175.,19.75,-29.));
#241 = DIRECTION('',(0.,-1.,-3.469446951954E-15));
#242 = DIRECTION('',(0.,3.469446951954E-15,-1.));
#243 = ORIENTED_EDGE('',*,*,#230,.F.);
#244 = ORIENTED_EDGE('',*,*,#245,.F.);
#245 = EDGE_CURVE('',#222,#220,#246,.T.);
#246 = CIRCLE('',#247,3.);
#247 = AXIS2_PLACEMENT_3D('',#248,#249,#250);
#248 = CARTESIAN_POINT('',(175.,21.75,-29.));
#249 = DIRECTION('',(-0.,1.,3.469446951954E-15));
#250 = DIRECTION('',(0.,-3.469446951954E-15,1.));
#251 = CYLINDRICAL_SURFACE('',#252,3.);
#252 = AXIS2_PLACEMENT_3D('',#253,#254,#255);
#253 = CARTESIAN_POINT('',(175.,29.75,-29.));
#254 = DIRECTION('',(-0.,-1.,-3.469446951954E-15));
#255 = DIRECTION('',(0.,3.469446951954E-15,-1.));
#256 = ADVANCED_FACE('',(#257),#292,.F.);
#257 = FACE_BOUND('',#258,.F.);
#258 = EDGE_LOOP('',(#259,#270,#277,#284,#285));
#259 = ORIENTED_EDGE('',*,*,#260,.F.);
#260 = EDGE_CURVE('',#261,#263,#265,.T.);
#261 = VERTEX_POINT('',#262);
#262 = CARTESIAN_POINT('',(162.5,21.75,-32.));
#263 = VERTEX_POINT('',#264);
#264 = CARTESIAN_POINT('',(162.5,21.75,-26.));
#265 = CIRCLE('',#266,3.);
#266 = AXIS2_PLACEMENT_3D('',#267,#268,#269);
#267 = CARTESIAN_POINT('',(162.5,21.75,-29.));
#268 = DIRECTION('',(-0.,1.,3.469446951954E-15));
#269 = DIRECTION('',(0.,-3.469446951954E-15,1.));
#270 = ORIENTED_EDGE('',*,*,#271,.T.);
#271 = EDGE_CURVE('',#261,#272,#274,.T.);
#272 = VERTEX_POINT('',#273);
#273 = CARTESIAN_POINT('',(162.5,19.75,-32.));
#274 = B_SPLINE_CURVE_WITH_KNOTS('',1,(#275,#276),.UNSPECIFIED.,.F.,.F.,
  (2,2),(8.,10.),.PIECEWISE_BEZIER_KNOTS.);
#275 = CARTESIAN_POINT('',(162.5,21.75,-32.));
#276 = CARTESIAN_POINT('',(162.5,19.75,-32.));
#277 = ORIENTED_EDGE('',*,*,#278,.F.);
#278 = EDGE_CURVE('',#272,#272,#279,.T.);
#279 = CIRCLE('',#280,3.);
#280 = AXIS2_PLACEMENT_3D('',#281,#282,#283);
#281 = CARTESIAN_POINT('',(162.5,19.75,-29.));
#282 = DIRECTION('',(0.,-1.,-3.469446951954E-15));
#283 = DIRECTION('',(0.,3.469446951954E-15,-1.));
#284 = ORIENTED_EDGE('',*,*,#271,.F.);
#285 = ORIENTED_EDGE('',*,*,#286,.F.);
#286 = EDGE_CURVE('',#263,#261,#287,.T.);
#287 = CIRCLE('',#288,3.);
#288 = AXIS2_PLACEMENT_3D('',#289,#290,#291);
#289 = CARTESIAN_POINT('',(162.5,21.75,-29.));
#290 = DIRECTION('',(-0.,1.,3.469446951954E-15));
#291 = DIRECTION('',(0.,-3.469446951954E-15,1.));
#292 = CYLINDRICAL_SURFACE('',#293,3.);
#293 = AXIS2_PLACEMENT_3D('',#294,#295,#296);
#294 = CARTESIAN_POINT('',(162.5,29.75,-29.));
#295 = DIRECTION('',(-0.,-1.,-3.469446951954E-15));
#296 = DIRECTION('',(0.,3.469446951954E-15,-1.));
#297 = ADVANCED_FACE('',(#298),#333,.F.);
#298 = FACE_BOUND('',#299,.F.);
#299 = EDGE_LOOP('',(#300,#311,#318,#325,#326));
#300 = ORIENTED_EDGE('',*,*,#301,.F.);
#301 = EDGE_CURVE('',#302,#304,#306,.T.);
#302 = VERTEX_POINT('',#303);
#303 = CARTESIAN_POINT('',(150.,21.75,-32.));
#304 = VERTEX_POINT('',#305);
#305 = CARTESIAN_POINT('',(150.,21.75,-26.));
#306 = CIRCLE('',#307,3.);
#307 = AXIS2_PLACEMENT_3D('',#308,#309,#310);
#308 = CARTESIAN_POINT('',(150.,21.75,-29.));
#309 = DIRECTION('',(-0.,1.,3.469446951954E-15));
#310 = DIRECTION('',(0.,-3.469446951954E-15,1.));
#311 = ORIENTED_EDGE('',*,*,#312,.T.);
#312 = EDGE_CURVE('',#302,#313,#315,.T.);
#313 = VERTEX_POINT('',#314);
#314 = CARTESIAN_POINT('',(150.,19.75,-32.));
#315 = B_SPLINE_CURVE_WITH_KNOTS('',1,(#316,#317),.UNSPECIFIED.,.F.,.F.,
  (2,2),(8.,10.),.PIECEWISE_BEZIER_KNOTS.);
#316 = CARTESIAN_POINT('',(150.,21.75,-32.));
#317 = CARTESIAN_POINT('',(150.,19.75,-32.));
#318 = ORIENTED_EDGE('',*,*,#319,.F.);
#319 = EDGE_CURVE('',#313,#313,#320,.T.);
#320 = CIRCLE('',#321,3.);
#321 = AXIS2_PLACEMENT_3D('',#322,#323,#324);
#322 = CARTESIAN_POINT('',(150.,19.75,-29.));
#323 = DIRECTION('',(0.,-1.,-3.469446951954E-15));
#324 = DIRECTION('',(0.,3.469446951954E-15,-1.));
#325 = ORIENTED_EDGE('',*,*,#312,.F.);
#326 = ORIENTED_EDGE('',*,*,#327,.F.);
#327 = EDGE_CURVE('',#304,#302,#328,.T.);
#328 = CIRCLE('',#329,3.);
#329 = AXIS2_PLACEMENT_3D('',#330,#331,#332);
#330 = CARTESIAN_POINT('',(150.,21.75,-29.));
#331 = DIRECTION('',(-0.,1.,3.469446951954E-15));
#332 = DIRECTION('',(0.,-3.469446951954E-15,1.));
#333 = CYLINDRICAL_SURFACE('',#334,3.);
#334 = AXIS2_PLACEMENT_3D('',#335,#336,#337);
#335 = CARTESIAN_POINT('',(150.,29.75,-29.));
#336 = DIRECTION('',(-0.,-1.,-3.469446951954E-15));
#337 = DIRECTION('',(0.,3.469446951954E-15,-1.));
#338 = ADVANCED_FACE('',(#339),#374,.F.);
#339 = FACE_BOUND('',#340,.F.);
#340 = EDGE_LOOP('',(#341,#352,#359,#366,#367));
#341 = ORIENTED_EDGE('',*,*,#342,.F.);
#342 = EDGE_CURVE('',#343,#345,#347,.T.);
#343 = VERTEX_POINT('',#344);
#344 = CARTESIAN_POINT('',(137.5,21.75,-32.));
#345 = VERTEX_POINT('',#346);
#346 = CARTESIAN_POINT('',(137.5,21.75,-26.));
#347 = CIRCLE('',#348,3.);
#348 = AXIS2_PLACEMENT_3D('',#349,#350,#351);
#349 = CARTESIAN_POINT('',(137.5,21.75,-29.));
#350 = DIRECTION('',(-0.,1.,3.469446951954E-15));
#351 = DIRECTION('',(0.,-3.469446951954E-15,1.));
#352 = ORIENTED_EDGE('',*,*,#353,.T.);
#353 = EDGE_CURVE('',#343,#354,#356,.T.);
#354 = VERTEX_POINT('',#355);
#355 = CARTESIAN_POINT('',(137.5,19.75,-32.));
#356 = B_SPLINE_CURVE_WITH_KNOTS('',1,(#357,#358),.UNSPECIFIED.,.F.,.F.,
  (2,2),(8.,10.),.PIECEWISE_BEZIER_KNOTS.);
#357 = CARTESIAN_POINT('',(137.5,21.75,-32.));
#358 = CARTESIAN_POINT('',(137.5,19.75,-32.));
#359 = ORIENTED_EDGE('',*,*,#360,.F.);
#360 = EDGE_CURVE('',#354,#354,#361,.T.);
#361 = CIRCLE('',#362,3.);
#362 = AXIS2_PLACEMENT_3D('',#363,#364,#365);
#363 = CARTESIAN_POINT('',(137.5,19.75,-29.));
#364 = DIRECTION('',(0.,-1.,-3.469446951954E-15));
#365 = DIRECTION('',(0.,3.469446951954E-15,-1.));
#366 = ORIENTED_EDGE('',*,*,#353,.F.);
#367 = ORIENTED_EDGE('',*,*,#368,.F.);
#368 = EDGE_CURVE('',#345,#343,#369,.T.);
#369 = CIRCLE('',#370,3.);
#370 = AXIS2_PLACEMENT_3D('',#371,#372,#373);
#371 = CARTESIAN_POINT('',(137.5,21.75,-29.));
#372 = DIRECTION('',(-0.,1.,3.469446951954E-15));
#373 = DIRECTION('',(0.,-3.469446951954E-15,1.));
#374 = CYLINDRICAL_SURFACE('',#375,3.);
#375 = AXIS2_PLACEMENT_3D('',#376,#377,#378);
#376 = CARTESIAN_POINT('',(137.5,29.75,-29.));
#377 = DIRECTION('',(-0.,-1.,-3.469446951954E-15));
#378 = DIRECTION('',(0.,3.469446951954E-15,-1.));
#379 = ADVANCED_FACE('',(#380),#415,.F.);
#380 = FACE_BOUND('',#381,.F.);
#381 = EDGE_LOOP('',(#382,#393,#400,#407,#408));
#382 = ORIENTED_EDGE('',*,*,#383,.F.);
#383 = EDGE_CURVE('',#384,#386,#388,.T.);
#384 = VERTEX_POINT('',#385);
#385 = CARTESIAN_POINT('',(125.,21.75,-32.));
#386 = VERTEX_POINT('',#387);
#387 = CARTESIAN_POINT('',(125.,21.75,-26.));
#388 = CIRCLE('',#389,3.);
#389 = AXIS2_PLACEMENT_3D('',#390,#391,#392);
#390 = CARTESIAN_POINT('',(125.,21.75,-29.));
#391 = DIRECTION('',(-0.,1.,3.469446951954E-15));
#392 = DIRECTION('',(0.,-3.469446951954E-15,1.));
#393 = ORIENTED_EDGE('',*,*,#394,.T.);
#394 = EDGE_CURVE('',#384,#395,#397,.T.);
#395 = VERTEX_POINT('',#396);
#396 = CARTESIAN_POINT('',(125.,19.75,-32.));
#397 = B_SPLINE_CURVE_WITH_KNOTS('',1,(#398,#399),.UNSPECIFIED.,.F.,.F.,
  (2,2),(8.,10.),.PIECEWISE_BEZIER_KNOTS.);
#398 = CARTESIAN_POINT('',(125.,21.75,-32.));
#399 = CARTESIAN_POINT('',(125.,19.75,-32.));
#400 = ORIENTED_EDGE('',*,*,#401,.F.);
#401 = EDGE_CURVE('',#395,#395,#402,.T.);
#402 = CIRCLE('',#403,3.);
#403 = AXIS2_PLACEMENT_3D('',#404,#405,#406);
#404 = CARTESIAN_POINT('',(125.,19.75,-29.));
#405 = DIRECTION('',(0.,-1.,-3.469446951954E-15));
#406 = DIRECTION('',(0.,3.469446951954E-15,-1.));
#407 = ORIENTED_EDGE('',*,*,#394,.F.);
#408 = ORIENTED_EDGE('',*,*,#409,.F.);
#409 = EDGE_CURVE('',#386,#384,#410,.T.);
#410 = CIRCLE('',#411,3.);
#411 = AXIS2_PLACEMENT_3D('',#412,#413,#414);
#412 = CARTESIAN_POINT('',(125.,21.75,-29.));
#413 = DIRECTION('',(-0.,1.,3.469446951954E-15));
#414 = DIRECTION('',(0.,-3.469446951954E-15,1.));
#415 = CYLINDRICAL_SURFACE('',#416,3.);
#416 = AXIS2_PLACEMENT_3D('',#417,#418,#419);
#417 = CARTESIAN_POINT('',(125.,29.75,-29.));
#418 = DIRECTION('',(-0.,-1.,-3.469446951954E-15));
#419 = DIRECTION('',(0.,3.469446951954E-15,-1.));
#420 = ADVANCED_FACE('',(#421),#456,.F.);
#421 = FACE_BOUND('',#422,.F.);
#422 = EDGE_LOOP('',(#423,#434,#441,#448,#449));
#423 = ORIENTED_EDGE('',*,*,#424,.F.);
#424 = EDGE_CURVE('',#425,#427,#429,.T.);
#425 = VERTEX_POINT('',#426);
#426 = CARTESIAN_POINT('',(112.5,21.75,-32.));
#427 = VERTEX_POINT('',#428);
#428 = CARTESIAN_POINT('',(112.5,21.75,-26.));
#429 = CIRCLE('',#430,3.);
#430 = AXIS2_PLACEMENT_3D('',#431,#432,#433);
#431 = CARTESIAN_POINT('',(112.5,21.75,-29.));
#432 = DIRECTION('',(-0.,1.,3.469446951954E-15));
#433 = DIRECTION('',(0.,-3.469446951954E-15,1.));
#434 = ORIENTED_EDGE('',*,*,#435,.T.);
#435 = EDGE_CURVE('',#425,#436,#438,.T.);
#436 = VERTEX_POINT('',#437);
#437 = CARTESIAN_POINT('',(112.5,19.75,-32.));
#438 = B_SPLINE_CURVE_WITH_KNOTS('',1,(#439,#440),.UNSPECIFIED.,.F.,.F.,
  (2,2),(8.,10.),.PIECEWISE_BEZIER_KNOTS.);
#439 = CARTESIAN_POINT('',(112.5,21.75,-32.));
#440 = CARTESIAN_POINT('',(112.5,19.75,-32.));
#441 = ORIENTED_EDGE('',*,*,#442,.F.);
#442 = EDGE_CURVE('',#436,#436,#443,.T.);
#443 = CIRCLE('',#444,3.);
#444 = AXIS2_PLACEMENT_3D('',#445,#446,#447);
#445 = CARTESIAN_POINT('',(112.5,19.75,-29.));
#446 = DIRECTION('',(0.,-1.,-3.469446951954E-15));
#447 = DIRECTION('',(0.,3.469446951954E-15,-1.));
#448 = ORIENTED_EDGE('',*,*,#435,.F.);
#449 = ORIENTED_EDGE('',*,*,#450,.F.);
#450 = EDGE_CURVE('',#427,#425,#451,.T.);
#451 = CIRCLE('',#452,3.);
#452 = AXIS2_PLACEMENT_3D('',#453,#454,#455);
#453 = CARTESIAN_POINT('',(112.5,21.75,-29.));
#454 = DIRECTION('',(-0.,1.,3.469446951954E-15));
#455 = DIRECTION('',(0.,-3.469446951954E-15,1.));
#456 = CYLINDRICAL_SURFACE('',#457,3.);
#457 = AXIS2_PLACEMENT_3D('',#458,#459,#460);
#458 = CARTESIAN_POINT('',(112.5,29.75,-29.));
#459 = DIRECTION('',(-0.,-1.,-3.469446951954E-15));
#460 = DIRECTION('',(0.,3.469446951954E-15,-1.));
#461 = ADVANCED_FACE('',(#462),#497,.F.);
#462 = FACE_BOUND('',#463,.F.);
#463 = EDGE_LOOP('',(#464,#475,#482,#489,#490));
#464 = ORIENTED_EDGE('',*,*,#465,.F.);
#465 = EDGE_CURVE('',#466,#468,#470,.T.);
#466 = VERTEX_POINT('',#467);
#467 = CARTESIAN_POINT('',(100.,21.75,-32.));
#468 = VERTEX_POINT('',#469);
#469 = CARTESIAN_POINT('',(100.,21.75,-26.));
#470 = CIRCLE('',#471,3.);
#471 = AXIS2_PLACEMENT_3D('',#472,#473,#474);
#472 = CARTESIAN_POINT('',(100.,21.75,-29.));
#473 = DIRECTION('',(-0.,1.,3.469446951954E-15));
#474 = DIRECTION('',(0.,-3.469446951954E-15,1.));
#475 = ORIENTED_EDGE('',*,*,#476,.T.);
#476 = EDGE_CURVE('',#466,#477,#479,.T.);
#477 = VERTEX_POINT('',#478);
#478 = CARTESIAN_POINT('',(100.,19.75,-32.));
#479 = B_SPLINE_CURVE_WITH_KNOTS('',1,(#480,#481),.UNSPECIFIED.,.F.,.F.,
  (2,2),(8.,10.),.PIECEWISE_BEZIER_KNOTS.);
#480 = CARTESIAN_POINT('',(100.,21.75,-32.));
#481 = CARTESIAN_POINT('',(100.,19.75,-32.));
#482 = ORIENTED_EDGE('',*,*,#483,.F.);
#483 = EDGE_CURVE('',#477,#477,#484,.T.);
#484 = CIRCLE('',#485,3.);
#485 = AXIS2_PLACEMENT_3D('',#486,#487,#488);
#486 = CARTESIAN_POINT('',(100.,19.75,-29.));
#487 = DIRECTION('',(0.,-1.,-3.469446951954E-15));
#488 = DIRECTION('',(0.,3.469446951954E-15,-1.));
#489 = ORIENTED_EDGE('',*,*,#476,.F.);
#490 = ORIENTED_EDGE('',*,*,#491,.F.);
#491 = EDGE_CURVE('',#468,#466,#492,.T.);
#492 = CIRCLE('',#493,3.);
#493 = AXIS2_PLACEMENT_3D('',#494,#495,#496);
#494 = CARTESIAN_POINT('',(100.,21.75,-29.));
#495 = DIRECTION('',(-0.,1.,3.469446951954E-15));
#496 = DIRECTION('',(0.,-3.469446951954E-15,1.));
#497 = CYLINDRICAL_SURFACE('',#498,3.);
#498 = AXIS2_PLACEMENT_3D('',#499,#500,#501);
#499 = CARTESIAN_POINT('',(100.,29.75,-29.));
#500 = DIRECTION('',(-0.,-1.,-3.469446951954E-15));
#501 = DIRECTION('',(0.,3.469446951954E-15,-1.));
#502 = ADVANCED_FACE('',(#503),#538,.F.);
#503 = FACE_BOUND('',#504,.F.);
#504 = EDGE_LOOP('',(#505,#516,#523,#530,#531));
#505 = ORIENTED_EDGE('',*,*,#506,.F.);
#506 = EDGE_CURVE('',#507,#509,#511,.T.);
#507 = VERTEX_POINT('',#508);
#508 = CARTESIAN_POINT('',(87.5,21.75,-32.));
#509 = VERTEX_POINT('',#510);
#510 = CARTESIAN_POINT('',(87.5,21.75,-26.));
#511 = CIRCLE('',#512,3.);
#512 = AXIS2_PLACEMENT_3D('',#513,#514,#515);
#513 = CARTESIAN_POINT('',(87.5,21.75,-29.));
#514 = DIRECTION('',(-0.,1.,3.469446951954E-15));
#515 = DIRECTION('',(0.,-3.469446951954E-15,1.));
#516 = ORIENTED_EDGE('',*,*,#517,.T.);
#517 = EDGE_CURVE('',#507,#518,#520,.T.);
#518 = VERTEX_POINT('',#519);
#519 = CARTESIAN_POINT('',(87.5,19.75,-32.));
#520 = B_SPLINE_CURVE_WITH_KNOTS('',1,(#521,#522),.UNSPECIFIED.,.F.,.F.,
  (2,2),(8.,10.),.PIECEWISE_BEZIER_KNOTS.);
#521 = CARTESIAN_POINT('',(87.5,21.75,-32.));
#522 = CARTESIAN_POINT('',(87.5,19.75,-32.));
#523 = ORIENTED_EDGE('',*,*,#524,.F.);
#524 = EDGE_CURVE('',#518,#518,#525,.T.);
#525 = CIRCLE('',#526,3.);
#526 = AXIS2_PLACEMENT_3D('',#527,#528,#529);
#527 = CARTESIAN_POINT('',(87.5,19.75,-29.));
#528 = DIRECTION('',(0.,-1.,-3.469446951954E-15));
#529 = DIRECTION('',(0.,3.469446951954E-15,-1.));
#530 = ORIENTED_EDGE('',*,*,#517,.F.);
#531 = ORIENTED_EDGE('',*,*,#532,.F.);
#532 = EDGE_CURVE('',#509,#507,#533,.T.);
#533 = CIRCLE('',#534,3.);
#534 = AXIS2_PLACEMENT_3D('',#535,#536,#537);
#535 = CARTESIAN_POINT('',(87.5,21.75,-29.));
#536 = DIRECTION('',(-0.,1.,3.469446951954E-15));
#537 = DIRECTION('',(0.,-3.469446951954E-15,1.));
#538 = CYLINDRICAL_SURFACE('',#539,3.);
#539 = AXIS2_PLACEMENT_3D('',#540,#541,#542);
#540 = CARTESIAN_POINT('',(87.5,29.75,-29.));
#541 = DIRECTION('',(-0.,-1.,-3.469446951954E-15));
#542 = DIRECTION('',(0.,3.469446951954E-15,-1.));
#543 = ADVANCED_FACE('',(#544),#579,.F.);
#544 = FACE_BOUND('',#545,.F.);
#545 = EDGE_LOOP('',(#546,#557,#564,#571,#572));
#546 = ORIENTED_EDGE('',*,*,#547,.F.);
#547 = EDGE_CURVE('',#548,#550,#552,.T.);
#548 = VERTEX_POINT('',#549);
#549 = CARTESIAN_POINT('',(75.,21.75,-32.));
#550 = VERTEX_POINT('',#551);
#551 = CARTESIAN_POINT('',(75.,21.75,-26.));
#552 = CIRCLE('',#553,3.);
#553 = AXIS2_PLACEMENT_3D('',#554,#555,#556);
#554 = CARTESIAN_POINT('',(75.,21.75,-29.));
#555 = DIRECTION('',(-0.,1.,3.469446951954E-15));
#556 = DIRECTION('',(0.,-3.469446951954E-15,1.));
#557 = ORIENTED_EDGE('',*,*,#558,.T.);
#558 = EDGE_CURVE('',#548,#559,#561,.T.);
#559 = VERTEX_POINT('',#560);
#560 = CARTESIAN_POINT('',(75.,19.75,-32.));
#561 = B_SPLINE_CURVE_WITH_KNOTS('',1,(#562,#563),.UNSPECIFIED.,.F.,.F.,
  (2,2),(8.,10.),.PIECEWISE_BEZIER_KNOTS.);
#562 = CARTESIAN_POINT('',(75.,21.75,-32.));
#563 = CARTESIAN_POINT('',(75.,19.75,-32.));
#564 = ORIENTED_EDGE('',*,*,#565,.F.);
#565 = EDGE_CURVE('',#559,#559,#566,.T.);
#566 = CIRCLE('',#567,3.);
#567 = AXIS2_PLACEMENT_3D('',#568,#569,#570);
#568 = CARTESIAN_POINT('',(75.,19.75,-29.));
#569 = DIRECTION('',(0.,-1.,-3.469446951954E-15));
#570 = DIRECTION('',(0.,3.469446951954E-15,-1.));
#571 = ORIENTED_EDGE('',*,*,#558,.F.);
#572 = ORIENTED_EDGE('',*,*,#573,.F.);
#573 = EDGE_CURVE('',#550,#548,#574,.T.);
#574 = CIRCLE('',#575,3.);
#575 = AXIS2_PLACEMENT_3D('',#576,#577,#578);
#576 = CARTESIAN_POINT('',(75.,21.75,-29.));
#577 = DIRECTION('',(-0.,1.,3.469446951954E-15));
#578 = DIRECTION('',(0.,-3.469446951954E-15,1.));
#579 = CYLINDRICAL_SURFACE('',#580,3.);
#580 = AXIS2_PLACEMENT_3D('',#581,#582,#583);
#581 = CARTESIAN_POINT('',(75.,29.75,-29.));
#582 = DIRECTION('',(-0.,-1.,-3.469446951954E-15));
#583 = DIRECTION('',(0.,3.469446951954E-15,-1.));
#584 = ADVANCED_FACE('',(#585),#620,.F.);
#585 = FACE_BOUND('',#586,.F.);
#586 = EDGE_LOOP('',(#587,#598,#605,#612,#613));
#587 = ORIENTED_EDGE('',*,*,#588,.F.);
#588 = EDGE_CURVE('',#589,#591,#593,.T.);
#589 = VERTEX_POINT('',#590);
#590 = CARTESIAN_POINT('',(62.5,21.75,-32.));
#591 = VERTEX_POINT('',#592);
#592 = CARTESIAN_POINT('',(62.5,21.75,-26.));
#593 = CIRCLE('',#594,3.);
#594 = AXIS2_PLACEMENT_3D('',#595,#596,#597);
#595 = CARTESIAN_POINT('',(62.5,21.75,-29.));
#596 = DIRECTION('',(-0.,1.,3.469446951954E-15));
#597 = DIRECTION('',(0.,-3.469446951954E-15,1.));
#598 = ORIENTED_EDGE('',*,*,#599,.T.);
#599 = EDGE_CURVE('',#589,#600,#602,.T.);
#600 = VERTEX_POINT('',#601);
#601 = CARTESIAN_POINT('',(62.5,19.75,-32.));
#602 = B_SPLINE_CURVE_WITH_KNOTS('',1,(#603,#604),.UNSPECIFIED.,.F.,.F.,
  (2,2),(8.,10.),.PIECEWISE_BEZIER_KNOTS.);
#603 = CARTESIAN_POINT('',(62.5,21.75,-32.));
#604 = CARTESIAN_POINT('',(62.5,19.75,-32.));
#605 = ORIENTED_EDGE('',*,*,#606,.F.);
#606 = EDGE_CURVE('',#600,#600,#607,.T.);
#607 = CIRCLE('',#608,3.);
#608 = AXIS2_PLACEMENT_3D('',#609,#610,#611);
#609 = CARTESIAN_POINT('',(62.5,19.75,-29.));
#610 = DIRECTION('',(0.,-1.,-3.469446951954E-15));
#611 = DIRECTION('',(0.,3.469446951954E-15,-1.));
#612 = ORIENTED_EDGE('',*,*,#599,.F.);
#613 = ORIENTED_EDGE('',*,*,#614,.F.);
#614 = EDGE_CURVE('',#591,#589,#615,.T.);
#615 = CIRCLE('',#616,3.);
#616 = AXIS2_PLACEMENT_3D('',#617,#618,#619);
#617 = CARTESIAN_POINT('',(62.5,21.75,-29.));
#618 = DIRECTION('',(-0.,1.,3.469446951954E-15));
#619 = DIRECTION('',(0.,-3.469446951954E-15,1.));
#620 = CYLINDRICAL_SURFACE('',#621,3.);
#621 = AXIS2_PLACEMENT_3D('',#622,#623,#624);
#622 = CARTESIAN_POINT('',(62.5,29.75,-29.));
#623 = DIRECTION('',(-0.,-1.,-3.469446951954E-15));
#624 = DIRECTION('',(0.,3.469446951954E-15,-1.));
#625 = ADVANCED_FACE('',(#626),#661,.F.);
#626 = FACE_BOUND('',#627,.F.);
#627 = EDGE_LOOP('',(#628,#639,#646,#653,#654));
#628 = ORIENTED_EDGE('',*,*,#629,.F.);
#629 = EDGE_CURVE('',#630,#632,#634,.T.);
#630 = VERTEX_POINT('',#631);
#631 = CARTESIAN_POINT('',(50.,21.75,-32.));
#632 = VERTEX_POINT('',#633);
#633 = CARTESIAN_POINT('',(50.,21.75,-26.));
#634 = CIRCLE('',#635,3.);
#635 = AXIS2_PLACEMENT_3D('',#636,#637,#638);
#636 = CARTESIAN_POINT('',(50.,21.75,-29.));
#637 = DIRECTION('',(-0.,1.,3.469446951954E-15));
#638 = DIRECTION('',(0.,-3.469446951954E-15,1.));
#639 = ORIENTED_EDGE('',*,*,#640,.T.);
#640 = EDGE_CURVE('',#630,#641,#643,.T.);
#641 = VERTEX_POINT('',#642);
#642 = CARTESIAN_POINT('',(50.,19.75,-32.));
#643 = B_SPLINE_CURVE_WITH_KNOTS('',1,(#644,#645),.UNSPECIFIED.,.F.,.F.,
  (2,2),(8.,10.),.PIECEWISE_BEZIER_KNOTS.);
#644 = CARTESIAN_POINT('',(50.,21.75,-32.));
#645 = CARTESIAN_POINT('',(50.,19.75,-32.));
#646 = ORIENTED_EDGE('',*,*,#647,.F.);
#647 = EDGE_CURVE('',#641,#641,#648,.T.);
#648 = CIRCLE('',#649,3.);
#649 = AXIS2_PLACEMENT_3D('',#650,#651,#652);
#650 = CARTESIAN_POINT('',(50.,19.75,-29.));
#651 = DIRECTION('',(0.,-1.,-3.469446951954E-15));
#652 = DIRECTION('',(0.,3.469446951954E-15,-1.));
#653 = ORIENTED_EDGE('',*,*,#640,.F.);
#654 = ORIENTED_EDGE('',*,*,#655,.F.);
#655 = EDGE_CURVE('',#632,#630,#656,.T.);
#656 = CIRCLE('',#657,3.);
#657 = AXIS2_PLACEMENT_3D('',#658,#659,#660);
#658 = CARTESIAN_POINT('',(50.,21.75,-29.));
#659 = DIRECTION('',(-0.,1.,3.469446951954E-15));
#660 = DIRECTION('',(0.,-3.469446951954E-15,1.));
#661 = CYLINDRICAL_SURFACE('',#662,3.);
#662 = AXIS2_PLACEMENT_3D('',#663,#664,#665);
#663 = CARTESIAN_POINT('',(50.,29.75,-29.));
#664 = DIRECTION('',(-0.,-1.,-3.469446951954E-15));
#665 = DIRECTION('',(0.,3.469446951954E-15,-1.));
#666 = ADVANCED_FACE('',(#667),#702,.F.);
#667 = FACE_BOUND('',#668,.F.);
#668 = EDGE_LOOP('',(#669,#680,#687,#694,#695));
#669 = ORIENTED_EDGE('',*,*,#670,.F.);
#670 = EDGE_CURVE('',#671,#673,#675,.T.);
#671 = VERTEX_POINT('',#672);
#672 = CARTESIAN_POINT('',(37.5,21.75,-32.));
#673 = VERTEX_POINT('',#674);
#674 = CARTESIAN_POINT('',(37.5,21.75,-26.));
#675 = CIRCLE('',#676,3.);
#676 = AXIS2_PLACEMENT_3D('',#677,#678,#679);
#677 = CARTESIAN_POINT('',(37.5,21.75,-29.));
#678 = DIRECTION('',(-0.,1.,3.469446951954E-15));
#679 = DIRECTION('',(0.,-3.469446951954E-15,1.));
#680 = ORIENTED_EDGE('',*,*,#681,.T.);
#681 = EDGE_CURVE('',#671,#682,#684,.T.);
#682 = VERTEX_POINT('',#683);
#683 = CARTESIAN_POINT('',(37.5,19.75,-32.));
#684 = B_SPLINE_CURVE_WITH_KNOTS('',1,(#685,#686),.UNSPECIFIED.,.F.,.F.,
  (2,2),(8.,10.),.PIECEWISE_BEZIER_KNOTS.);
#685 = CARTESIAN_POINT('',(37.5,21.75,-32.));
#686 = CARTESIAN_POINT('',(37.5,19.75,-32.));
#687 = ORIENTED_EDGE('',*,*,#688,.F.);
#688 = EDGE_CURVE('',#682,#682,#689,.T.);
#689 = CIRCLE('',#690,3.);
#690 = AXIS2_PLACEMENT_3D('',#691,#692,#693);
#691 = CARTESIAN_POINT('',(37.5,19.75,-29.));
#692 = DIRECTION('',(0.,-1.,-3.469446951954E-15));
#693 = DIRECTION('',(0.,3.469446951954E-15,-1.));
#694 = ORIENTED_EDGE('',*,*,#681,.F.);
#695 = ORIENTED_EDGE('',*,*,#696,.F.);
#696 = EDGE_CURVE('',#673,#671,#697,.T.);
#697 = CIRCLE('',#698,3.);
#698 = AXIS2_PLACEMENT_3D('',#699,#700,#701);
#699 = CARTESIAN_POINT('',(37.5,21.75,-29.));
#700 = DIRECTION('',(-0.,1.,3.469446951954E-15));
#701 = DIRECTION('',(0.,-3.469446951954E-15,1.));
#702 = CYLINDRICAL_SURFACE('',#703,3.);
#703 = AXIS2_PLACEMENT_3D('',#704,#705,#706);
#704 = CARTESIAN_POINT('',(37.5,29.75,-29.));
#705 = DIRECTION('',(-0.,-1.,-3.469446951954E-15));
#706 = DIRECTION('',(0.,3.469446951954E-15,-1.));
#707 = ADVANCED_FACE('',(#708),#743,.F.);
#708 = FACE_BOUND('',#709,.F.);
#709 = EDGE_LOOP('',(#710,#721,#728,#735,#736));
#710 = ORIENTED_EDGE('',*,*,#711,.F.);
#711 = EDGE_CURVE('',#712,#714,#716,.T.);
#712 = VERTEX_POINT('',#713);
#713 = CARTESIAN_POINT('',(25.,21.75,-32.));
#714 = VERTEX_POINT('',#715);
#715 = CARTESIAN_POINT('',(25.,21.75,-26.));
#716 = CIRCLE('',#717,3.);
#717 = AXIS2_PLACEMENT_3D('',#718,#719,#720);
#718 = CARTESIAN_POINT('',(25.,21.75,-29.));
#719 = DIRECTION('',(-0.,1.,3.469446951954E-15));
#720 = DIRECTION('',(0.,-3.469446951954E-15,1.));
#721 = ORIENTED_EDGE('',*,*,#722,.T.);
#722 = EDGE_CURVE('',#712,#723,#725,.T.);
#723 = VERTEX_POINT('',#724);
#724 = CARTESIAN_POINT('',(25.,19.75,-32.));
#725 = B_SPLINE_CURVE_WITH_KNOTS('',1,(#726,#727),.UNSPECIFIED.,.F.,.F.,
  (2,2),(8.,10.),.PIECEWISE_BEZIER_KNOTS.);
#726 = CARTESIAN_POINT('',(25.,21.75,-32.));
#727 = CARTESIAN_POINT('',(25.,19.75,-32.));
#728 = ORIENTED_EDGE('',*,*,#729,.F.);
#729 = EDGE_CURVE('',#723,#723,#730,.T.);
#730 = CIRCLE('',#731,3.);
#731 = AXIS2_PLACEMENT_3D('',#732,#733,#734);
#732 = CARTESIAN_POINT('',(25.,19.75,-29.));
#733 = DIRECTION('',(0.,-1.,-3.469446951954E-15));
#734 = DIRECTION('',(0.,3.469446951954E-15,-1.));
#735 = ORIENTED_EDGE('',*,*,#722,.F.);
#736 = ORIENTED_EDGE('',*,*,#737,.F.);
#737 = EDGE_CURVE('',#714,#712,#738,.T.);
#738 = CIRCLE('',#739,3.);
#739 = AXIS2_PLACEMENT_3D('',#740,#741,#742);
#740 = CARTESIAN_POINT('',(25.,21.75,-29.));
#741 = DIRECTION('',(-0.,1.,3.469446951954E-15));
#742 = DIRECTION('',(0.,-3.469446951954E-15,1.));
#743 = CYLINDRICAL_SURFACE('',#744,3.);
#744 = AXIS2_PLACEMENT_3D('',#745,#746,#747);
#745 = CARTESIAN_POINT('',(25.,29.75,-29.));
#746 = DIRECTION('',(-0.,-1.,-3.469446951954E-15));
#747 = DIRECTION('',(0.,3.469446951954E-15,-1.));
#748 = ADVANCED_FACE('',(#749),#784,.F.);
#749 = FACE_BOUND('',#750,.F.);
#750 = EDGE_LOOP('',(#751,#762,#769,#776,#777));
#751 = ORIENTED_EDGE('',*,*,#752,.F.);
#752 = EDGE_CURVE('',#753,#755,#757,.T.);
#753 = VERTEX_POINT('',#754);
#754 = CARTESIAN_POINT('',(12.5,21.75,-32.));
#755 = VERTEX_POINT('',#756);
#756 = CARTESIAN_POINT('',(12.5,21.75,-26.));
#757 = CIRCLE('',#758,3.);
#758 = AXIS2_PLACEMENT_3D('',#759,#760,#761);
#759 = CARTESIAN_POINT('',(12.5,21.75,-29.));
#760 = DIRECTION('',(-0.,1.,3.469446951954E-15));
#761 = DIRECTION('',(0.,-3.469446951954E-15,1.));
#762 = ORIENTED_EDGE('',*,*,#763,.T.);
#763 = EDGE_CURVE('',#753,#764,#766,.T.);
#764 = VERTEX_POINT('',#765);
#765 = CARTESIAN_POINT('',(12.5,19.75,-32.));
#766 = B_SPLINE_CURVE_WITH_KNOTS('',1,(#767,#768),.UNSPECIFIED.,.F.,.F.,
  (2,2),(8.,10.),.PIECEWISE_BEZIER_KNOTS.);
#767 = CARTESIAN_POINT('',(12.5,21.75,-32.));
#768 = CARTESIAN_POINT('',(12.5,19.75,-32.));
#769 = ORIENTED_EDGE('',*,*,#770,.F.);
#770 = EDGE_CURVE('',#764,#764,#771,.T.);
#771 = CIRCLE('',#772,3.);
#772 = AXIS2_PLACEMENT_3D('',#773,#774,#775);
#773 = CARTESIAN_POINT('',(12.5,19.75,-29.));
#774 = DIRECTION('',(0.,-1.,-3.469446951954E-15));
#775 = DIRECTION('',(0.,3.469446951954E-15,-1.));
#776 = ORIENTED_EDGE('',*,*,#763,.F.);
#777 = ORIENTED_EDGE('',*,*,#778,.F.);
#778 = EDGE_CURVE('',#755,#753,#779,.T.);
#779 = CIRCLE('',#780,3.);
#780 = AXIS2_PLACEMENT_3D('',#781,#782,#783);
#781 = CARTESIAN_POINT('',(12.5,21.75,-29.));
#782 = DIRECTION('',(-0.,1.,3.469446951954E-15));
#783 = DIRECTION('',(0.,-3.469446951954E-15,1.));
#784 = CYLINDRICAL_SURFACE('',#785,3.);
#785 = AXIS2_PLACEMENT_3D('',#786,#787,#788);
#786 = CARTESIAN_POINT('',(12.5,29.75,-29.));
#787 = DIRECTION('',(-0.,-1.,-3.469446951954E-15));
#788 = DIRECTION('',(0.,3.469446951954E-15,-1.));
#789 = ADVANCED_FACE('',(#790),#825,.F.);
#790 = FACE_BOUND('',#791,.F.);
#791 = EDGE_LOOP('',(#792,#803,#810,#817,#818));
#792 = ORIENTED_EDGE('',*,*,#793,.F.);
#793 = EDGE_CURVE('',#794,#796,#798,.T.);
#794 = VERTEX_POINT('',#795);
#795 = CARTESIAN_POINT('',(-7.347880794884E-16,21.75,-32.));
#796 = VERTEX_POINT('',#797);
#797 = CARTESIAN_POINT('',(0.,21.75,-26.));
#798 = CIRCLE('',#799,3.);
#799 = AXIS2_PLACEMENT_3D('',#800,#801,#802);
#800 = CARTESIAN_POINT('',(0.,21.75,-29.));
#801 = DIRECTION('',(-0.,1.,3.469446951954E-15));
#802 = DIRECTION('',(0.,-3.469446951954E-15,1.));
#803 = ORIENTED_EDGE('',*,*,#804,.T.);
#804 = EDGE_CURVE('',#794,#805,#807,.T.);
#805 = VERTEX_POINT('',#806);
#806 = CARTESIAN_POINT('',(0.,19.75,-32.));
#807 = B_SPLINE_CURVE_WITH_KNOTS('',1,(#808,#809),.UNSPECIFIED.,.F.,.F.,
  (2,2),(8.,10.),.PIECEWISE_BEZIER_KNOTS.);
#808 = CARTESIAN_POINT('',(0.,21.75,-32.));
#809 = CARTESIAN_POINT('',(0.,19.75,-32.));
#810 = ORIENTED_EDGE('',*,*,#811,.F.);
#811 = EDGE_CURVE('',#805,#805,#812,.T.);
#812 = CIRCLE('',#813,3.);
#813 = AXIS2_PLACEMENT_3D('',#814,#815,#816);
#814 = CARTESIAN_POINT('',(0.,19.75,-29.));
#815 = DIRECTION('',(0.,-1.,-3.469446951954E-15));
#816 = DIRECTION('',(0.,3.469446951954E-15,-1.));
#817 = ORIENTED_EDGE('',*,*,#804,.F.);
#818 = ORIENTED_EDGE('',*,*,#819,.F.);
#819 = EDGE_CURVE('',#796,#794,#820,.T.);
#820 = CIRCLE('',#821,3.);
#821 = AXIS2_PLACEMENT_3D('',#822,#823,#824);
#822 = CARTESIAN_POINT('',(0.,21.75,-29.));
#823 = DIRECTION('',(-0.,1.,3.469446951954E-15));
#824 = DIRECTION('',(0.,-3.469446951954E-15,1.));
#825 = CYLINDRICAL_SURFACE('',#826,3.);
#826 = AXIS2_PLACEMENT_3D('',#827,#828,#829);
#827 = CARTESIAN_POINT('',(0.,29.75,-29.));
#828 = DIRECTION('',(-0.,-1.,-3.469446951954E-15));
#829 = DIRECTION('',(0.,3.469446951954E-15,-1.));
#830 = ADVANCED_FACE('',(#831),#866,.F.);
#831 = FACE_BOUND('',#832,.F.);
#832 = EDGE_LOOP('',(#833,#844,#851,#858,#859));
#833 = ORIENTED_EDGE('',*,*,#834,.F.);
#834 = EDGE_CURVE('',#835,#837,#839,.T.);
#835 = VERTEX_POINT('',#836);
#836 = CARTESIAN_POINT('',(-12.5,21.75,-32.));
#837 = VERTEX_POINT('',#838);
#838 = CARTESIAN_POINT('',(-12.5,21.75,-26.));
#839 = CIRCLE('',#840,3.);
#840 = AXIS2_PLACEMENT_3D('',#841,#842,#843);
#841 = CARTESIAN_POINT('',(-12.5,21.75,-29.));
#842 = DIRECTION('',(-0.,1.,3.469446951954E-15));
#843 = DIRECTION('',(0.,-3.469446951954E-15,1.));
#844 = ORIENTED_EDGE('',*,*,#845,.T.);
#845 = EDGE_CURVE('',#835,#846,#848,.T.);
#846 = VERTEX_POINT('',#847);
#847 = CARTESIAN_POINT('',(-12.5,19.75,-32.));
#848 = B_SPLINE_CURVE_WITH_KNOTS('',1,(#849,#850),.UNSPECIFIED.,.F.,.F.,
  (2,2),(8.,10.),.PIECEWISE_BEZIER_KNOTS.);
#849 = CARTESIAN_POINT('',(-12.5,21.75,-32.));
#850 = CARTESIAN_POINT('',(-12.5,19.75,-32.));
#851 = ORIENTED_EDGE('',*,*,#852,.F.);
#852 = EDGE_CURVE('',#846,#846,#853,.T.);
#853 = CIRCLE('',#854,3.);
#854 = AXIS2_PLACEMENT_3D('',#855,#856,#857);
#855 = CARTESIAN_POINT('',(-12.5,19.75,-29.));
#856 = DIRECTION('',(0.,-1.,-3.469446951954E-15));
#857 = DIRECTION('',(0.,3.469446951954E-15,-1.));
#858 = ORIENTED_EDGE('',*,*,#845,.F.);
#859 = ORIENTED_EDGE('',*,*,#860,.F.);
#860 = EDGE_CURVE('',#837,#835,#861,.T.);
#861 = CIRCLE('',#862,3.);
#862 = AXIS2_PLACEMENT_3D('',#863,#864,#865);
#863 = CARTESIAN_POINT('',(-12.5,21.75,-29.));
#864 = DIRECTION('',(-0.,1.,3.469446951954E-15));
#865 = DIRECTION('',(0.,-3.469446951954E-15,1.));
#866 = CYLINDRICAL_SURFACE('',#867,3.);
#867 = AXIS2_PLACEMENT_3D('',#868,#869,#870);
#868 = CARTESIAN_POINT('',(-12.5,29.75,-29.));
#869 = DIRECTION('',(-0.,-1.,-3.469446951954E-15));
#870 = DIRECTION('',(0.,3.469446951954E-15,-1.));
#871 = ADVANCED_FACE('',(#872),#907,.F.);
#872 = FACE_BOUND('',#873,.F.);
#873 = EDGE_LOOP('',(#874,#885,#892,#899,#900));
#874 = ORIENTED_EDGE('',*,*,#875,.F.);
#875 = EDGE_CURVE('',#876,#878,#880,.T.);
#876 = VERTEX_POINT('',#877);
#877 = CARTESIAN_POINT('',(-25.,21.75,-32.));
#878 = VERTEX_POINT('',#879);
#879 = CARTESIAN_POINT('',(-25.,21.75,-26.));
#880 = CIRCLE('',#881,3.);
#881 = AXIS2_PLACEMENT_3D('',#882,#883,#884);
#882 = CARTESIAN_POINT('',(-25.,21.75,-29.));
#883 = DIRECTION('',(-0.,1.,3.469446951954E-15));
#884 = DIRECTION('',(0.,-3.469446951954E-15,1.));
#885 = ORIENTED_EDGE('',*,*,#886,.T.);
#886 = EDGE_CURVE('',#876,#887,#889,.T.);
#887 = VERTEX_POINT('',#888);
#888 = CARTESIAN_POINT('',(-25.,19.75,-32.));
#889 = B_SPLINE_CURVE_WITH_KNOTS('',1,(#890,#891),.UNSPECIFIED.,.F.,.F.,
  (2,2),(8.,10.),.PIECEWISE_BEZIER_KNOTS.);
#890 = CARTESIAN_POINT('',(-25.,21.75,-32.));
#891 = CARTESIAN_POINT('',(-25.,19.75,-32.));
#892 = ORIENTED_EDGE('',*,*,#893,.F.);
#893 = EDGE_CURVE('',#887,#887,#894,.T.);
#894 = CIRCLE('',#895,3.);
#895 = AXIS2_PLACEMENT_3D('',#896,#897,#898);
#896 = CARTESIAN_POINT('',(-25.,19.75,-29.));
#897 = DIRECTION('',(0.,-1.,-3.469446951954E-15));
#898 = DIRECTION('',(0.,3.469446951954E-15,-1.));
#899 = ORIENTED_EDGE('',*,*,#886,.F.);
#900 = ORIENTED_EDGE('',*,*,#901,.F.);
#901 = EDGE_CURVE('',#878,#876,#902,.T.);
#902 = CIRCLE('',#903,3.);
#903 = AXIS2_PLACEMENT_3D('',#904,#905,#906);
#904 = CARTESIAN_POINT('',(-25.,21.75,-29.));
#905 = DIRECTION('',(-0.,1.,3.469446951954E-15));
#906 = DIRECTION('',(0.,-3.469446951954E-15,1.));
#907 = CYLINDRICAL_SURFACE('',#908,3.);
#908 = AXIS2_PLACEMENT_3D('',#909,#910,#911);
#909 = CARTESIAN_POINT('',(-25.,29.75,-29.));
#910 = DIRECTION('',(-0.,-1.,-3.469446951954E-15));
#911 = DIRECTION('',(0.,3.469446951954E-15,-1.));
#912 = ADVANCED_FACE('',(#913),#948,.F.);
#913 = FACE_BOUND('',#914,.F.);
#914 = EDGE_LOOP('',(#915,#926,#933,#940,#941));
#915 = ORIENTED_EDGE('',*,*,#916,.F.);
#916 = EDGE_CURVE('',#917,#919,#921,.T.);
#917 = VERTEX_POINT('',#918);
#918 = CARTESIAN_POINT('',(-37.5,21.75,-32.));
#919 = VERTEX_POINT('',#920);
#920 = CARTESIAN_POINT('',(-37.5,21.75,-26.));
#921 = CIRCLE('',#922,3.);
#922 = AXIS2_PLACEMENT_3D('',#923,#924,#925);
#923 = CARTESIAN_POINT('',(-37.5,21.75,-29.));
#924 = DIRECTION('',(-0.,1.,3.469446951954E-15));
#925 = DIRECTION('',(0.,-3.469446951954E-15,1.));
#926 = ORIENTED_EDGE('',*,*,#927,.T.);
#927 = EDGE_CURVE('',#917,#928,#930,.T.);
#928 = VERTEX_POINT('',#929);
#929 = CARTESIAN_POINT('',(-37.5,19.75,-32.));
#930 = B_SPLINE_CURVE_WITH_KNOTS('',1,(#931,#932),.UNSPECIFIED.,.F.,.F.,
  (2,2),(8.,10.),.PIECEWISE_BEZIER_KNOTS.);
#931 = CARTESIAN_POINT('',(-37.5,21.75,-32.));
#932 = CARTESIAN_POINT('',(-37.5,19.75,-32.));
#933 = ORIENTED_EDGE('',*,*,#934,.F.);
#934 = EDGE_CURVE('',#928,#928,#935,.T.);
#935 = CIRCLE('',#936,3.);
#936 = AXIS2_PLACEMENT_3D('',#937,#938,#939);
#937 = CARTESIAN_POINT('',(-37.5,19.75,-29.));
#938 = DIRECTION('',(0.,-1.,-3.469446951954E-15));
#939 = DIRECTION('',(0.,3.469446951954E-15,-1.));
#940 = ORIENTED_EDGE('',*,*,#927,.F.);
#941 = ORIENTED_EDGE('',*,*,#942,.F.);
#942 = EDGE_CURVE('',#919,#917,#943,.T.);
#943 = CIRCLE('',#944,3.);
#944 = AXIS2_PLACEMENT_3D('',#945,#946,#947);
#945 = CARTESIAN_POINT('',(-37.5,21.75,-29.));
#946 = DIRECTION('',(-0.,1.,3.469446951954E-15));
#947 = DIRECTION('',(0.,-3.469446951954E-15,1.));
#948 = CYLINDRICAL_SURFACE('',#949,3.);
#949 = AXIS2_PLACEMENT_3D('',#950,#951,#952);
#950 = CARTESIAN_POINT('',(-37.5,29.75,-29.));
#951 = DIRECTION('',(-0.,-1.,-3.469446951954E-15));
#952 = DIRECTION('',(0.,3.469446951954E-15,-1.));
#953 = ADVANCED_FACE('',(#954),#989,.F.);
#954 = FACE_BOUND('',#955,.F.);
#955 = EDGE_LOOP('',(#956,#967,#974,#981,#982));
#956 = ORIENTED_EDGE('',*,*,#957,.F.);
#957 = EDGE_CURVE('',#958,#960,#962,.T.);
#958 = VERTEX_POINT('',#959);
#959 = CARTESIAN_POINT('',(-50.,21.75,-32.));
#960 = VERTEX_POINT('',#961);
#961 = CARTESIAN_POINT('',(-50.,21.75,-26.));
#962 = CIRCLE('',#963,3.);
#963 = AXIS2_PLACEMENT_3D('',#964,#965,#966);
#964 = CARTESIAN_POINT('',(-50.,21.75,-29.));
#965 = DIRECTION('',(-0.,1.,3.469446951954E-15));
#966 = DIRECTION('',(0.,-3.469446951954E-15,1.));
#967 = ORIENTED_EDGE('',*,*,#968,.T.);
#968 = EDGE_CURVE('',#958,#969,#971,.T.);
#969 = VERTEX_POINT('',#970);
#970 = CARTESIAN_POINT('',(-50.,19.75,-32.));
#971 = B_SPLINE_CURVE_WITH_KNOTS('',1,(#972,#973),.UNSPECIFIED.,.F.,.F.,
  (2,2),(8.,10.),.PIECEWISE_BEZIER_KNOTS.);
#972 = CARTESIAN_POINT('',(-50.,21.75,-32.));
#973 = CARTESIAN_POINT('',(-50.,19.75,-32.));
#974 = ORIENTED_EDGE('',*,*,#975,.F.);
#975 = EDGE_CURVE('',#969,#969,#976,.T.);
#976 = CIRCLE('',#977,3.);
#977 = AXIS2_PLACEMENT_3D('',#978,#979,#980);
#978 = CARTESIAN_POINT('',(-50.,19.75,-29.));
#979 = DIRECTION('',(0.,-1.,-3.469446951954E-15));
#980 = DIRECTION('',(0.,3.469446951954E-15,-1.));
#981 = ORIENTED_EDGE('',*,*,#968,.F.);
#982 = ORIENTED_EDGE('',*,*,#983,.F.);
#983 = EDGE_CURVE('',#960,#958,#984,.T.);
#984 = CIRCLE('',#985,3.);
#985 = AXIS2_PLACEMENT_3D('',#986,#987,#988);
#986 = CARTESIAN_POINT('',(-50.,21.75,-29.));
#987 = DIRECTION('',(-0.,1.,3.469446951954E-15));
#988 = DIRECTION('',(0.,-3.469446951954E-15,1.));
#989 = CYLINDRICAL_SURFACE('',#990,3.);
#990 = AXIS2_PLACEMENT_3D('',#991,#992,#993);
#991 = CARTESIAN_POINT('',(-50.,29.75,-29.));
#992 = DIRECTION('',(-0.,-1.,-3.469446951954E-15));
#993 = DIRECTION('',(0.,3.469446951954E-15,-1.));
#994 = ADVANCED_FACE('',(#995),#1030,.F.);
#995 = FACE_BOUND('',#996,.F.);
#996 = EDGE_LOOP('',(#997,#1008,#1015,#1022,#1023));
#997 = ORIENTED_EDGE('',*,*,#998,.F.);
#998 = EDGE_CURVE('',#999,#1001,#1003,.T.);
#999 = VERTEX_POINT('',#1000);
#1000 = CARTESIAN_POINT('',(-62.5,21.75,-32.));
#1001 = VERTEX_POINT('',#1002);
#1002 = CARTESIAN_POINT('',(-62.5,21.75,-26.));
#1003 = CIRCLE('',#1004,3.);
#1004 = AXIS2_PLACEMENT_3D('',#1005,#1006,#1007);
#1005 = CARTESIAN_POINT('',(-62.5,21.75,-29.));
#1006 = DIRECTION('',(-0.,1.,3.469446951954E-15));
#1007 = DIRECTION('',(0.,-3.469446951954E-15,1.));
#1008 = ORIENTED_EDGE('',*,*,#1009,.T.);
#1009 = EDGE_CURVE('',#999,#1010,#1012,.T.);
#1010 = VERTEX_POINT('',#1011);
#1011 = CARTESIAN_POINT('',(-62.5,19.75,-32.));
#1012 = B_SPLINE_CURVE_WITH_KNOTS('',1,(#1013,#1014),.UNSPECIFIED.,.F.,
  .F.,(2,2),(8.,10.),.PIECEWISE_BEZIER_KNOTS.);
#1013 = CARTESIAN_POINT('',(-62.5,21.75,-32.));
#1014 = CARTESIAN_POINT('',(-62.5,19.75,-32.));
#1015 = ORIENTED_EDGE('',*,*,#1016,.F.);
#1016 = EDGE_CURVE('',#1010,#1010,#1017,.T.);
#1017 = CIRCLE('',#1018,3.);
#1018 = AXIS2_PLACEMENT_3D('',#1019,#1020,#1021);
#1019 = CARTESIAN_POINT('',(-62.5,19.75,-29.));
#1020 = DIRECTION('',(0.,-1.,-3.469446951954E-15));
#1021 = DIRECTION('',(0.,3.469446951954E-15,-1.));
#1022 = ORIENTED_EDGE('',*,*,#1009,.F.);
#1023 = ORIENTED_EDGE('',*,*,#1024,.F.);
#1024 = EDGE_CURVE('',#1001,#999,#1025,.T.);
#1025 = CIRCLE('',#1026,3.);
#1026 = AXIS2_PLACEMENT_3D('',#1027,#1028,#1029);
#1027 = CARTESIAN_POINT('',(-62.5,21.75,-29.));
#1028 = DIRECTION('',(-0.,1.,3.469446951954E-15));
#1029 = DIRECTION('',(0.,-3.469446951954E-15,1.));
#1030 = CYLINDRICAL_SURFACE('',#1031,3.);
#1031 = AXIS2_PLACEMENT_3D('',#1032,#1033,#1034);
#1032 = CARTESIAN_POINT('',(-62.5,29.75,-29.));
#1033 = DIRECTION('',(-0.,-1.,-3.469446951954E-15));
#1034 = DIRECTION('',(0.,3.469446951954E-15,-1.));
#1035 = ADVANCED_FACE('',(#1036),#1071,.F.);
#1036 = FACE_BOUND('',#1037,.F.);
#1037 = EDGE_LOOP('',(#1038,#1049,#1056,#1063,#1064));
#1038 = ORIENTED_EDGE('',*,*,#1039,.F.);
#1039 = EDGE_CURVE('',#1040,#1042,#1044,.T.);
#1040 = VERTEX_POINT('',#1041);
#1041 = CARTESIAN_POINT('',(-75.,21.75,-32.));
#1042 = VERTEX_POINT('',#1043);
#1043 = CARTESIAN_POINT('',(-75.,21.75,-26.));
#1044 = CIRCLE('',#1045,3.);
#1045 = AXIS2_PLACEMENT_3D('',#1046,#1047,#1048);
#1046 = CARTESIAN_POINT('',(-75.,21.75,-29.));
#1047 = DIRECTION('',(-0.,1.,3.469446951954E-15));
#1048 = DIRECTION('',(0.,-3.469446951954E-15,1.));
#1049 = ORIENTED_EDGE('',*,*,#1050,.T.);
#1050 = EDGE_CURVE('',#1040,#1051,#1053,.T.);
#1051 = VERTEX_POINT('',#1052);
#1052 = CARTESIAN_POINT('',(-75.,19.75,-32.));
#1053 = B_SPLINE_CURVE_WITH_KNOTS('',1,(#1054,#1055),.UNSPECIFIED.,.F.,
  .F.,(2,2),(8.,10.),.PIECEWISE_BEZIER_KNOTS.);
#1054 = CARTESIAN_POINT('',(-75.,21.75,-32.));
#1055 = CARTESIAN_POINT('',(-75.,19.75,-32.));
#1056 = ORIENTED_EDGE('',*,*,#1057,.F.);
#1057 = EDGE_CURVE('',#1051,#1051,#1058,.T.);
#1058 = CIRCLE('',#1059,3.);
#1059 = AXIS2_PLACEMENT_3D('',#1060,#1061,#1062);
#1060 = CARTESIAN_POINT('',(-75.,19.75,-29.));
#1061 = DIRECTION('',(0.,-1.,-3.469446951954E-15));
#1062 = DIRECTION('',(0.,3.469446951954E-15,-1.));
#1063 = ORIENTED_EDGE('',*,*,#1050,.F.);
#1064 = ORIENTED_EDGE('',*,*,#1065,.F.);
#1065 = EDGE_CURVE('',#1042,#1040,#1066,.T.);
#1066 = CIRCLE('',#1067,3.);
#1067 = AXIS2_PLACEMENT_3D('',#1068,#1069,#1070);
#1068 = CARTESIAN_POINT('',(-75.,21.75,-29.));
#1069 = DIRECTION('',(-0.,1.,3.469446951954E-15));
#1070 = DIRECTION('',(0.,-3.469446951954E-15,1.));
#1071 = CYLINDRICAL_SURFACE('',#1072,3.);
#1072 = AXIS2_PLACEMENT_3D('',#1073,#1074,#1075);
#1073 = CARTESIAN_POINT('',(-75.,29.75,-29.));
#1074 = DIRECTION('',(-0.,-1.,-3.469446951954E-15));
#1075 = DIRECTION('',(0.,3.469446951954E-15,-1.));
#1076 = ADVANCED_FACE('',(#1077),#1112,.F.);
#1077 = FACE_BOUND('',#1078,.F.);
#1078 = EDGE_LOOP('',(#1079,#1090,#1097,#1104,#1105));
#1079 = ORIENTED_EDGE('',*,*,#1080,.F.);
#1080 = EDGE_CURVE('',#1081,#1083,#1085,.T.);
#1081 = VERTEX_POINT('',#1082);
#1082 = CARTESIAN_POINT('',(-87.5,21.75,-32.));
#1083 = VERTEX_POINT('',#1084);
#1084 = CARTESIAN_POINT('',(-87.5,21.75,-26.));
#1085 = CIRCLE('',#1086,3.);
#1086 = AXIS2_PLACEMENT_3D('',#1087,#1088,#1089);
#1087 = CARTESIAN_POINT('',(-87.5,21.75,-29.));
#1088 = DIRECTION('',(-0.,1.,3.469446951954E-15));
#1089 = DIRECTION('',(0.,-3.469446951954E-15,1.));
#1090 = ORIENTED_EDGE('',*,*,#1091,.T.);
#1091 = EDGE_CURVE('',#1081,#1092,#1094,.T.);
#1092 = VERTEX_POINT('',#1093);
#1093 = CARTESIAN_POINT('',(-87.5,19.75,-32.));
#1094 = B_SPLINE_CURVE_WITH_KNOTS('',1,(#1095,#1096),.UNSPECIFIED.,.F.,
  .F.,(2,2),(8.,10.),.PIECEWISE_BEZIER_KNOTS.);
#1095 = CARTESIAN_POINT('',(-87.5,21.75,-32.));
#1096 = CARTESIAN_POINT('',(-87.5,19.75,-32.));
#1097 = ORIENTED_EDGE('',*,*,#1098,.F.);
#1098 = EDGE_CURVE('',#1092,#1092,#1099,.T.);
#1099 = CIRCLE('',#1100,3.);
#1100 = AXIS2_PLACEMENT_3D('',#1101,#1102,#1103);
#1101 = CARTESIAN_POINT('',(-87.5,19.75,-29.));
#1102 = DIRECTION('',(0.,-1.,-3.469446951954E-15));
#1103 = DIRECTION('',(0.,3.469446951954E-15,-1.));
#1104 = ORIENTED_EDGE('',*,*,#1091,.F.);
#1105 = ORIENTED_EDGE('',*,*,#1106,.F.);
#1106 = EDGE_CURVE('',#1083,#1081,#1107,.T.);
#1107 = CIRCLE('',#1108,3.);
#1108 = AXIS2_PLACEMENT_3D('',#1109,#1110,#1111);
#1109 = CARTESIAN_POINT('',(-87.5,21.75,-29.));
#1110 = DIRECTION('',(-0.,1.,3.469446951954E-15));
#1111 = DIRECTION('',(0.,-3.469446951954E-15,1.));
#1112 = CYLINDRICAL_SURFACE('',#1113,3.);
#1113 = AXIS2_PLACEMENT_3D('',#1114,#1115,#1116);
#1114 = CARTESIAN_POINT('',(-87.5,29.75,-29.));
#1115 = DIRECTION('',(-0.,-1.,-3.469446951954E-15));
#1116 = DIRECTION('',(0.,3.469446951954E-15,-1.));
#1117 = ADVANCED_FACE('',(#1118),#1153,.F.);
#1118 = FACE_BOUND('',#1119,.F.);
#1119 = EDGE_LOOP('',(#1120,#1131,#1138,#1145,#1146));
#1120 = ORIENTED_EDGE('',*,*,#1121,.F.);
#1121 = EDGE_CURVE('',#1122,#1124,#1126,.T.);
#1122 = VERTEX_POINT('',#1123);
#1123 = CARTESIAN_POINT('',(-100.,21.75,-32.));
#1124 = VERTEX_POINT('',#1125);
#1125 = CARTESIAN_POINT('',(-100.,21.75,-26.));
#1126 = CIRCLE('',#1127,3.);
#1127 = AXIS2_PLACEMENT_3D('',#1128,#1129,#1130);
#1128 = CARTESIAN_POINT('',(-100.,21.75,-29.));
#1129 = DIRECTION('',(-0.,1.,3.469446951954E-15));
#1130 = DIRECTION('',(0.,-3.469446951954E-15,1.));
#1131 = ORIENTED_EDGE('',*,*,#1132,.T.);
#1132 = EDGE_CURVE('',#1122,#1133,#1135,.T.);
#1133 = VERTEX_POINT('',#1134);
#1134 = CARTESIAN_POINT('',(-100.,19.75,-32.));
#1135 = B_SPLINE_CURVE_WITH_KNOTS('',1,(#1136,#1137),.UNSPECIFIED.,.F.,
  .F.,(2,2),(8.,10.),.PIECEWISE_BEZIER_KNOTS.);
#1136 = CARTESIAN_POINT('',(-100.,21.75,-32.));
#1137 = CARTESIAN_POINT('',(-100.,19.75,-32.));
#1138 = ORIENTED_EDGE('',*,*,#1139,.F.);
#1139 = EDGE_CURVE('',#1133,#1133,#1140,.T.);
#1140 = CIRCLE('',#1141,3.);
#1141 = AXIS2_PLACEMENT_3D('',#1142,#1143,#1144);
#1142 = CARTESIAN_POINT('',(-100.,19.75,-29.));
#1143 = DIRECTION('',(0.,-1.,-3.469446951954E-15));
#1144 = DIRECTION('',(0.,3.469446951954E-15,-1.));
#1145 = ORIENTED_EDGE('',*,*,#1132,.F.);
#1146 = ORIENTED_EDGE('',*,*,#1147,.F.);
#1147 = EDGE_CURVE('',#1124,#1122,#1148,.T.);
#1148 = CIRCLE('',#1149,3.);
#1149 = AXIS2_PLACEMENT_3D('',#1150,#1151,#1152);
#1150 = CARTESIAN_POINT('',(-100.,21.75,-29.));
#1151 = DIRECTION('',(-0.,1.,3.469446951954E-15));
#1152 = DIRECTION('',(0.,-3.469446951954E-15,1.));
#1153 = CYLINDRICAL_SURFACE('',#1154,3.);
#1154 = AXIS2_PLACEMENT_3D('',#1155,#1156,#1157);
#1155 = CARTESIAN_POINT('',(-100.,29.75,-29.));
#1156 = DIRECTION('',(-0.,-1.,-3.469446951954E-15));
#1157 = DIRECTION('',(0.,3.469446951954E-15,-1.));
#1158 = ADVANCED_FACE('',(#1159),#1194,.F.);
#1159 = FACE_BOUND('',#1160,.F.);
#1160 = EDGE_LOOP('',(#1161,#1172,#1179,#1186,#1187));
#1161 = ORIENTED_EDGE('',*,*,#1162,.F.);
#1162 = EDGE_CURVE('',#1163,#1165,#1167,.T.);
#1163 = VERTEX_POINT('',#1164);
#1164 = CARTESIAN_POINT('',(-112.5,21.75,-32.));
#1165 = VERTEX_POINT('',#1166);
#1166 = CARTESIAN_POINT('',(-112.5,21.75,-26.));
#1167 = CIRCLE('',#1168,3.);
#1168 = AXIS2_PLACEMENT_3D('',#1169,#1170,#1171);
#1169 = CARTESIAN_POINT('',(-112.5,21.75,-29.));
#1170 = DIRECTION('',(-0.,1.,3.469446951954E-15));
#1171 = DIRECTION('',(0.,-3.469446951954E-15,1.));
#1172 = ORIENTED_EDGE('',*,*,#1173,.T.);
#1173 = EDGE_CURVE('',#1163,#1174,#1176,.T.);
#1174 = VERTEX_POINT('',#1175);
#1175 = CARTESIAN_POINT('',(-112.5,19.75,-32.));
#1176 = B_SPLINE_CURVE_WITH_KNOTS('',1,(#1177,#1178),.UNSPECIFIED.,.F.,
  .F.,(2,2),(8.,10.),.PIECEWISE_BEZIER_KNOTS.);
#1177 = CARTESIAN_POINT('',(-112.5,21.75,-32.));
#1178 = CARTESIAN_POINT('',(-112.5,19.75,-32.));
#1179 = ORIENTED_EDGE('',*,*,#1180,.F.);
#1180 = EDGE_CURVE('',#1174,#1174,#1181,.T.);
#1181 = CIRCLE('',#1182,3.);
#1182 = AXIS2_PLACEMENT_3D('',#1183,#1184,#1185);
#1183 = CARTESIAN_POINT('',(-112.5,19.75,-29.));
#1184 = DIRECTION('',(0.,-1.,-3.469446951954E-15));
#1185 = DIRECTION('',(0.,3.469446951954E-15,-1.));
#1186 = ORIENTED_EDGE('',*,*,#1173,.F.);
#1187 = ORIENTED_EDGE('',*,*,#1188,.F.);
#1188 = EDGE_CURVE('',#1165,#1163,#1189,.T.);
#1189 = CIRCLE('',#1190,3.);
#1190 = AXIS2_PLACEMENT_3D('',#1191,#1192,#1193);
#1191 = CARTESIAN_POINT('',(-112.5,21.75,-29.));
#1192 = DIRECTION('',(-0.,1.,3.469446951954E-15));
#1193 = DIRECTION('',(0.,-3.469446951954E-15,1.));
#1194 = CYLINDRICAL_SURFACE('',#1195,3.);
#1195 = AXIS2_PLACEMENT_3D('',#1196,#1197,#1198);
#1196 = CARTESIAN_POINT('',(-112.5,29.75,-29.));
#1197 = DIRECTION('',(-0.,-1.,-3.469446951954E-15));
#1198 = DIRECTION('',(0.,3.469446951954E-15,-1.));
#1199 = ADVANCED_FACE('',(#1200),#1235,.F.);
#1200 = FACE_BOUND('',#1201,.F.);
#1201 = EDGE_LOOP('',(#1202,#1213,#1220,#1227,#1228));
#1202 = ORIENTED_EDGE('',*,*,#1203,.F.);
#1203 = EDGE_CURVE('',#1204,#1206,#1208,.T.);
#1204 = VERTEX_POINT('',#1205);
#1205 = CARTESIAN_POINT('',(-125.,21.75,-32.));
#1206 = VERTEX_POINT('',#1207);
#1207 = CARTESIAN_POINT('',(-125.,21.75,-26.));
#1208 = CIRCLE('',#1209,3.);
#1209 = AXIS2_PLACEMENT_3D('',#1210,#1211,#1212);
#1210 = CARTESIAN_POINT('',(-125.,21.75,-29.));
#1211 = DIRECTION('',(-0.,1.,3.469446951954E-15));
#1212 = DIRECTION('',(0.,-3.469446951954E-15,1.));
#1213 = ORIENTED_EDGE('',*,*,#1214,.T.);
#1214 = EDGE_CURVE('',#1204,#1215,#1217,.T.);
#1215 = VERTEX_POINT('',#1216);
#1216 = CARTESIAN_POINT('',(-125.,19.75,-32.));
#1217 = B_SPLINE_CURVE_WITH_KNOTS('',1,(#1218,#1219),.UNSPECIFIED.,.F.,
  .F.,(2,2),(8.,10.),.PIECEWISE_BEZIER_KNOTS.);
#1218 = CARTESIAN_POINT('',(-125.,21.75,-32.));
#1219 = CARTESIAN_POINT('',(-125.,19.75,-32.));
#1220 = ORIENTED_EDGE('',*,*,#1221,.F.);
#1221 = EDGE_CURVE('',#1215,#1215,#1222,.T.);
#1222 = CIRCLE('',#1223,3.);
#1223 = AXIS2_PLACEMENT_3D('',#1224,#1225,#1226);
#1224 = CARTESIAN_POINT('',(-125.,19.75,-29.));
#1225 = DIRECTION('',(0.,-1.,-3.469446951954E-15));
#1226 = DIRECTION('',(0.,3.469446951954E-15,-1.));
#1227 = ORIENTED_EDGE('',*,*,#1214,.F.);
#1228 = ORIENTED_EDGE('',*,*,#1229,.F.);
#1229 = EDGE_CURVE('',#1206,#1204,#1230,.T.);
#1230 = CIRCLE('',#1231,3.);
#1231 = AXIS2_PLACEMENT_3D('',#1232,#1233,#1234);
#1232 = CARTESIAN_POINT('',(-125.,21.75,-29.));
#1233 = DIRECTION('',(-0.,1.,3.469446951954E-15));
#1234 = DIRECTION('',(0.,-3.469446951954E-15,1.));
#1235 = CYLINDRICAL_SURFACE('',#1236,3.);
#1236 = AXIS2_PLACEMENT_3D('',#1237,#1238,#1239);
#1237 = CARTESIAN_POINT('',(-125.,29.75,-29.));
#1238 = DIRECTION('',(-0.,-1.,-3.469446951954E-15));
#1239 = DIRECTION('',(0.,3.469446951954E-15,-1.));
#1240 = ADVANCED_FACE('',(#1241),#1276,.F.);
#1241 = FACE_BOUND('',#1242,.F.);
#1242 = EDGE_LOOP('',(#1243,#1254,#1261,#1268,#1269));
#1243 = ORIENTED_EDGE('',*,*,#1244,.F.);
#1244 = EDGE_CURVE('',#1245,#1247,#1249,.T.);
#1245 = VERTEX_POINT('',#1246);
#1246 = CARTESIAN_POINT('',(-137.5,21.75,-32.));
#1247 = VERTEX_POINT('',#1248);
#1248 = CARTESIAN_POINT('',(-137.5,21.75,-26.));
#1249 = CIRCLE('',#1250,3.);
#1250 = AXIS2_PLACEMENT_3D('',#1251,#1252,#1253);
#1251 = CARTESIAN_POINT('',(-137.5,21.75,-29.));
#1252 = DIRECTION('',(-0.,1.,3.469446951954E-15));
#1253 = DIRECTION('',(0.,-3.469446951954E-15,1.));
#1254 = ORIENTED_EDGE('',*,*,#1255,.T.);
#1255 = EDGE_CURVE('',#1245,#1256,#1258,.T.);
#1256 = VERTEX_POINT('',#1257);
#1257 = CARTESIAN_POINT('',(-137.5,19.75,-32.));
#1258 = B_SPLINE_CURVE_WITH_KNOTS('',1,(#1259,#1260),.UNSPECIFIED.,.F.,
  .F.,(2,2),(8.,10.),.PIECEWISE_BEZIER_KNOTS.);
#1259 = CARTESIAN_POINT('',(-137.5,21.75,-32.));
#1260 = CARTESIAN_POINT('',(-137.5,19.75,-32.));
#1261 = ORIENTED_EDGE('',*,*,#1262,.F.);
#1262 = EDGE_CURVE('',#1256,#1256,#1263,.T.);
#1263 = CIRCLE('',#1264,3.);
#1264 = AXIS2_PLACEMENT_3D('',#1265,#1266,#1267);
#1265 = CARTESIAN_POINT('',(-137.5,19.75,-29.));
#1266 = DIRECTION('',(0.,-1.,-3.469446951954E-15));
#1267 = DIRECTION('',(0.,3.469446951954E-15,-1.));
#1268 = ORIENTED_EDGE('',*,*,#1255,.F.);
#1269 = ORIENTED_EDGE('',*,*,#1270,.F.);
#1270 = EDGE_CURVE('',#1247,#1245,#1271,.T.);
#1271 = CIRCLE('',#1272,3.);
#1272 = AXIS2_PLACEMENT_3D('',#1273,#1274,#1275);
#1273 = CARTESIAN_POINT('',(-137.5,21.75,-29.));
#1274 = DIRECTION('',(-0.,1.,3.469446951954E-15));
#1275 = DIRECTION('',(0.,-3.469446951954E-15,1.));
#1276 = CYLINDRICAL_SURFACE('',#1277,3.);
#1277 = AXIS2_PLACEMENT_3D('',#1278,#1279,#1280);
#1278 = CARTESIAN_POINT('',(-137.5,29.75,-29.));
#1279 = DIRECTION('',(-0.,-1.,-3.469446951954E-15));
#1280 = DIRECTION('',(0.,3.469446951954E-15,-1.));
#1281 = ADVANCED_FACE('',(#1282),#1317,.F.);
#1282 = FACE_BOUND('',#1283,.F.);
#1283 = EDGE_LOOP('',(#1284,#1295,#1302,#1309,#1310));
#1284 = ORIENTED_EDGE('',*,*,#1285,.F.);
#1285 = EDGE_CURVE('',#1286,#1288,#1290,.T.);
#1286 = VERTEX_POINT('',#1287);
#1287 = CARTESIAN_POINT('',(-150.,21.75,-32.));
#1288 = VERTEX_POINT('',#1289);
#1289 = CARTESIAN_POINT('',(-150.,21.75,-26.));
#1290 = CIRCLE('',#1291,3.);
#1291 = AXIS2_PLACEMENT_3D('',#1292,#1293,#1294);
#1292 = CARTESIAN_POINT('',(-150.,21.75,-29.));
#1293 = DIRECTION('',(-0.,1.,3.469446951954E-15));
#1294 = DIRECTION('',(0.,-3.469446951954E-15,1.));
#1295 = ORIENTED_EDGE('',*,*,#1296,.T.);
#1296 = EDGE_CURVE('',#1286,#1297,#1299,.T.);
#1297 = VERTEX_POINT('',#1298);
#1298 = CARTESIAN_POINT('',(-150.,19.75,-32.));
#1299 = B_SPLINE_CURVE_WITH_KNOTS('',1,(#1300,#1301),.UNSPECIFIED.,.F.,
  .F.,(2,2),(8.,10.),.PIECEWISE_BEZIER_KNOTS.);
#1300 = CARTESIAN_POINT('',(-150.,21.75,-32.));
#1301 = CARTESIAN_POINT('',(-150.,19.75,-32.));
#1302 = ORIENTED_EDGE('',*,*,#1303,.F.);
#1303 = EDGE_CURVE('',#1297,#1297,#1304,.T.);
#1304 = CIRCLE('',#1305,3.);
#1305 = AXIS2_PLACEMENT_3D('',#1306,#1307,#1308);
#1306 = CARTESIAN_POINT('',(-150.,19.75,-29.));
#1307 = DIRECTION('',(0.,-1.,-3.469446951954E-15));
#1308 = DIRECTION('',(0.,3.469446951954E-15,-1.));
#1309 = ORIENTED_EDGE('',*,*,#1296,.F.);
#1310 = ORIENTED_EDGE('',*,*,#1311,.F.);
#1311 = EDGE_CURVE('',#1288,#1286,#1312,.T.);
#1312 = CIRCLE('',#1313,3.);
#1313 = AXIS2_PLACEMENT_3D('',#1314,#1315,#1316);
#1314 = CARTESIAN_POINT('',(-150.,21.75,-29.));
#1315 = DIRECTION('',(-0.,1.,3.469446951954E-15));
#1316 = DIRECTION('',(0.,-3.469446951954E-15,1.));
#1317 = CYLINDRICAL_SURFACE('',#1318,3.);
#1318 = AXIS2_PLACEMENT_3D('',#1319,#1320,#1321);
#1319 = CARTESIAN_POINT('',(-150.,29.75,-29.));
#1320 = DIRECTION('',(-0.,-1.,-3.469446951954E-15));
#1321 = DIRECTION('',(0.,3.469446951954E-15,-1.));
#1322 = ADVANCED_FACE('',(#1323),#1358,.F.);
#1323 = FACE_BOUND('',#1324,.F.);
#1324 = EDGE_LOOP('',(#1325,#1336,#1343,#1350,#1351));
#1325 = ORIENTED_EDGE('',*,*,#1326,.F.);
#1326 = EDGE_CURVE('',#1327,#1329,#1331,.T.);
#1327 = VERTEX_POINT('',#1328);
#1328 = CARTESIAN_POINT('',(-162.5,21.75,-32.));
#1329 = VERTEX_POINT('',#1330);
#1330 = CARTESIAN_POINT('',(-162.5,21.75,-26.));
#1331 = CIRCLE('',#1332,3.);
#1332 = AXIS2_PLACEMENT_3D('',#1333,#1334,#1335);
#1333 = CARTESIAN_POINT('',(-162.5,21.75,-29.));
#1334 = DIRECTION('',(-0.,1.,3.469446951954E-15));
#1335 = DIRECTION('',(0.,-3.469446951954E-15,1.));
#1336 = ORIENTED_EDGE('',*,*,#1337,.T.);
#1337 = EDGE_CURVE('',#1327,#1338,#1340,.T.);
#1338 = VERTEX_POINT('',#1339);
#1339 = CARTESIAN_POINT('',(-162.5,19.75,-32.));
#1340 = B_SPLINE_CURVE_WITH_KNOTS('',1,(#1341,#1342),.UNSPECIFIED.,.F.,
  .F.,(2,2),(8.,10.),.PIECEWISE_BEZIER_KNOTS.);
#1341 = CARTESIAN_POINT('',(-162.5,21.75,-32.));
#1342 = CARTESIAN_POINT('',(-162.5,19.75,-32.));
#1343 = ORIENTED_EDGE('',*,*,#1344,.F.);
#1344 = EDGE_CURVE('',#1338,#1338,#1345,.T.);
#1345 = CIRCLE('',#1346,3.);
#1346 = AXIS2_PLACEMENT_3D('',#1347,#1348,#1349);
#1347 = CARTESIAN_POINT('',(-162.5,19.75,-29.));
#1348 = DIRECTION('',(0.,-1.,-3.469446951954E-15));
#1349 = DIRECTION('',(0.,3.469446951954E-15,-1.));
#1350 = ORIENTED_EDGE('',*,*,#1337,.F.);
#1351 = ORIENTED_EDGE('',*,*,#1352,.F.);
#1352 = EDGE_CURVE('',#1329,#1327,#1353,.T.);
#1353 = CIRCLE('',#1354,3.);
#1354 = AXIS2_PLACEMENT_3D('',#1355,#1356,#1357);
#1355 = CARTESIAN_POINT('',(-162.5,21.75,-29.));
#1356 = DIRECTION('',(-0.,1.,3.469446951954E-15));
#1357 = DIRECTION('',(0.,-3.469446951954E-15,1.));
#1358 = CYLINDRICAL_SURFACE('',#1359,3.);
#1359 = AXIS2_PLACEMENT_3D('',#1360,#1361,#1362);
#1360 = CARTESIAN_POINT('',(-162.5,29.75,-29.));
#1361 = DIRECTION('',(-0.,-1.,-3.469446951954E-15));
#1362 = DIRECTION('',(0.,3.469446951954E-15,-1.));
#1363 = ADVANCED_FACE('',(#1364),#1399,.F.);
#1364 = FACE_BOUND('',#1365,.F.);
#1365 = EDGE_LOOP('',(#1366,#1377,#1384,#1391,#1392));
#1366 = ORIENTED_EDGE('',*,*,#1367,.F.);
#1367 = EDGE_CURVE('',#1368,#1370,#1372,.T.);
#1368 = VERTEX_POINT('',#1369);
#1369 = CARTESIAN_POINT('',(-175.,21.75,-32.));
#1370 = VERTEX_POINT('',#1371);
#1371 = CARTESIAN_POINT('',(-175.,21.75,-26.));
#1372 = CIRCLE('',#1373,3.);
#1373 = AXIS2_PLACEMENT_3D('',#1374,#1375,#1376);
#1374 = CARTESIAN_POINT('',(-175.,21.75,-29.));
#1375 = DIRECTION('',(-0.,1.,3.469446951954E-15));
#1376 = DIRECTION('',(0.,-3.469446951954E-15,1.));
#1377 = ORIENTED_EDGE('',*,*,#1378,.T.);
#1378 = EDGE_CURVE('',#1368,#1379,#1381,.T.);
#1379 = VERTEX_POINT('',#1380);
#1380 = CARTESIAN_POINT('',(-175.,19.75,-32.));
#1381 = B_SPLINE_CURVE_WITH_KNOTS('',1,(#1382,#1383),.UNSPECIFIED.,.F.,
  .F.,(2,2),(8.,10.),.PIECEWISE_BEZIER_KNOTS.);
#1382 = CARTESIAN_POINT('',(-175.,21.75,-32.));
#1383 = CARTESIAN_POINT('',(-175.,19.75,-32.));
#1384 = ORIENTED_EDGE('',*,*,#1385,.F.);
#1385 = EDGE_CURVE('',#1379,#1379,#1386,.T.);
#1386 = CIRCLE('',#1387,3.);
#1387 = AXIS2_PLACEMENT_3D('',#1388,#1389,#1390);
#1388 = CARTESIAN_POINT('',(-175.,19.75,-29.));
#1389 = DIRECTION('',(0.,-1.,-3.469446951954E-15));
#1390 = DIRECTION('',(0.,3.469446951954E-15,-1.));
#1391 = ORIENTED_EDGE('',*,*,#1378,.F.);
#1392 = ORIENTED_EDGE('',*,*,#1393,.F.);
#1393 = EDGE_CURVE('',#1370,#1368,#1394,.T.);
#1394 = CIRCLE('',#1395,3.);
#1395 = AXIS2_PLACEMENT_3D('',#1396,#1397,#1398);
#1396 = CARTESIAN_POINT('',(-175.,21.75,-29.));
#1397 = DIRECTION('',(-0.,1.,3.469446951954E-15));
#1398 = DIRECTION('',(0.,-3.469446951954E-15,1.));
#1399 = CYLINDRICAL_SURFACE('',#1400,3.);
#1400 = AXIS2_PLACEMENT_3D('',#1401,#1402,#1403);
#1401 = CARTESIAN_POINT('',(-175.,29.75,-29.));
#1402 = DIRECTION('',(-0.,-1.,-3.469446951954E-15));
#1403 = DIRECTION('',(0.,3.469446951954E-15,-1.));
#1404 = ADVANCED_FACE('',(#1405),#1440,.F.);
#1405 = FACE_BOUND('',#1406,.F.);
#1406 = EDGE_LOOP('',(#1407,#1418,#1425,#1432,#1433));
#1407 = ORIENTED_EDGE('',*,*,#1408,.F.);
#1408 = EDGE_CURVE('',#1409,#1411,#1413,.T.);
#1409 = VERTEX_POINT('',#1410);
#1410 = CARTESIAN_POINT('',(-187.5,21.75,-32.));
#1411 = VERTEX_POINT('',#1412);
#1412 = CARTESIAN_POINT('',(-187.5,21.75,-26.));
#1413 = CIRCLE('',#1414,3.);
#1414 = AXIS2_PLACEMENT_3D('',#1415,#1416,#1417);
#1415 = CARTESIAN_POINT('',(-187.5,21.75,-29.));
#1416 = DIRECTION('',(-0.,1.,3.469446951954E-15));
#1417 = DIRECTION('',(0.,-3.469446951954E-15,1.));
#1418 = ORIENTED_EDGE('',*,*,#1419,.T.);
#1419 = EDGE_CURVE('',#1409,#1420,#1422,.T.);
#1420 = VERTEX_POINT('',#1421);
#1421 = CARTESIAN_POINT('',(-187.5,19.75,-32.));
#1422 = B_SPLINE_CURVE_WITH_KNOTS('',1,(#1423,#1424),.UNSPECIFIED.,.F.,
  .F.,(2,2),(8.,10.),.PIECEWISE_BEZIER_KNOTS.);
#1423 = CARTESIAN_POINT('',(-187.5,21.75,-32.));
#1424 = CARTESIAN_POINT('',(-187.5,19.75,-32.));
#1425 = ORIENTED_EDGE('',*,*,#1426,.F.);
#1426 = EDGE_CURVE('',#1420,#1420,#1427,.T.);
#1427 = CIRCLE('',#1428,3.);
#1428 = AXIS2_PLACEMENT_3D('',#1429,#1430,#1431);
#1429 = CARTESIAN_POINT('',(-187.5,19.75,-29.));
#1430 = DIRECTION('',(0.,-1.,-3.469446951954E-15));
#1431 = DIRECTION('',(0.,3.469446951954E-15,-1.));
#1432 = ORIENTED_EDGE('',*,*,#1419,.F.);
#1433 = ORIENTED_EDGE('',*,*,#1434,.F.);
#1434 = EDGE_CURVE('',#1411,#1409,#1435,.T.);
#1435 = CIRCLE('',#1436,3.);
#1436 = AXIS2_PLACEMENT_3D('',#1437,#1438,#1439);
#1437 = CARTESIAN_POINT('',(-187.5,21.75,-29.));
#1438 = DIRECTION('',(-0.,1.,3.469446951954E-15));
#1439 = DIRECTION('',(0.,-3.469446951954E-15,1.));
#1440 = CYLINDRICAL_SURFACE('',#1441,3.);
#1441 = AXIS2_PLACEMENT_3D('',#1442,#1443,#1444);
#1442 = CARTESIAN_POINT('',(-187.5,29.75,-29.));
#1443 = DIRECTION('',(-0.,-1.,-3.469446951954E-15));
#1444 = DIRECTION('',(0.,3.469446951954E-15,-1.));
#1445 = ADVANCED_FACE('',(#1446),#1481,.F.);
#1446 = FACE_BOUND('',#1447,.F.);
#1447 = EDGE_LOOP('',(#1448,#1459,#1466,#1473,#1474));
#1448 = ORIENTED_EDGE('',*,*,#1449,.F.);
#1449 = EDGE_CURVE('',#1450,#1452,#1454,.T.);
#1450 = VERTEX_POINT('',#1451);
#1451 = CARTESIAN_POINT('',(-200.,21.75,-32.));
#1452 = VERTEX_POINT('',#1453);
#1453 = CARTESIAN_POINT('',(-200.,21.75,-26.));
#1454 = CIRCLE('',#1455,3.);
#1455 = AXIS2_PLACEMENT_3D('',#1456,#1457,#1458);
#1456 = CARTESIAN_POINT('',(-200.,21.75,-29.));
#1457 = DIRECTION('',(-0.,1.,3.469446951954E-15));
#1458 = DIRECTION('',(0.,-3.469446951954E-15,1.));
#1459 = ORIENTED_EDGE('',*,*,#1460,.T.);
#1460 = EDGE_CURVE('',#1450,#1461,#1463,.T.);
#1461 = VERTEX_POINT('',#1462);
#1462 = CARTESIAN_POINT('',(-200.,19.75,-32.));
#1463 = B_SPLINE_CURVE_WITH_KNOTS('',1,(#1464,#1465),.UNSPECIFIED.,.F.,
  .F.,(2,2),(8.,10.),.PIECEWISE_BEZIER_KNOTS.);
#1464 = CARTESIAN_POINT('',(-200.,21.75,-32.));
#1465 = CARTESIAN_POINT('',(-200.,19.75,-32.));
#1466 = ORIENTED_EDGE('',*,*,#1467,.F.);
#1467 = EDGE_CURVE('',#1461,#1461,#1468,.T.);
#1468 = CIRCLE('',#1469,3.);
#1469 = AXIS2_PLACEMENT_3D('',#1470,#1471,#1472);
#1470 = CARTESIAN_POINT('',(-200.,19.75,-29.));
#1471 = DIRECTION('',(0.,-1.,-3.469446951954E-15));
#1472 = DIRECTION('',(0.,3.469446951954E-15,-1.));
#1473 = ORIENTED_EDGE('',*,*,#1460,.F.);
#1474 = ORIENTED_EDGE('',*,*,#1475,.F.);
#1475 = EDGE_CURVE('',#1452,#1450,#1476,.T.);
#1476 = CIRCLE('',#1477,3.);
#1477 = AXIS2_PLACEMENT_3D('',#1478,#1479,#1480);
#1478 = CARTESIAN_POINT('',(-200.,21.75,-29.));
#1479 = DIRECTION('',(-0.,1.,3.469446951954E-15));
#1480 = DIRECTION('',(0.,-3.469446951954E-15,1.));
#1481 = CYLINDRICAL_SURFACE('',#1482,3.);
#1482 = AXIS2_PLACEMENT_3D('',#1483,#1484,#1485);
#1483 = CARTESIAN_POINT('',(-200.,29.75,-29.));
#1484 = DIRECTION('',(-0.,-1.,-3.469446951954E-15));
#1485 = DIRECTION('',(0.,3.469446951954E-15,-1.));
#1486 = ADVANCED_FACE('',(#1487),#1521,.T.);
#1487 = FACE_BOUND('',#1488,.T.);
#1488 = EDGE_LOOP('',(#1489,#1499,#1507,#1515));
#1489 = ORIENTED_EDGE('',*,*,#1490,.T.);
#1490 = EDGE_CURVE('',#1491,#1493,#1495,.T.);
#1491 = VERTEX_POINT('',#1492);
#1492 = CARTESIAN_POINT('',(-261.,-21.75,-11.));
#1493 = VERTEX_POINT('',#1494);
#1494 = CARTESIAN_POINT('',(-280.,-21.75,-11.));
#1495 = LINE('',#1496,#1497);
#1496 = CARTESIAN_POINT('',(-281.,-21.75,-11.));
#1497 = VECTOR('',#1498,1.);
#1498 = DIRECTION('',(-1.,0.,0.));
#1499 = ORIENTED_EDGE('',*,*,#1500,.T.);
#1500 = EDGE_CURVE('',#1493,#1501,#1503,.T.);
#1501 = VERTEX_POINT('',#1502);
#1502 = CARTESIAN_POINT('',(-280.,-19.75,-11.));
#1503 = LINE('',#1504,#1505);
#1504 = CARTESIAN_POINT('',(-280.,-21.75,-11.));
#1505 = VECTOR('',#1506,1.);
#1506 = DIRECTION('',(0.,1.,-3.491481338843E-15));
#1507 = ORIENTED_EDGE('',*,*,#1508,.F.);
#1508 = EDGE_CURVE('',#1509,#1501,#1511,.T.);
#1509 = VERTEX_POINT('',#1510);
#1510 = CARTESIAN_POINT('',(-261.,-19.75,-11.));
#1511 = LINE('',#1512,#1513);
#1512 = CARTESIAN_POINT('',(0.,-19.75,-11.));
#1513 = VECTOR('',#1514,1.);
#1514 = DIRECTION('',(-1.,-0.,-0.));
#1515 = ORIENTED_EDGE('',*,*,#1516,.T.);
#1516 = EDGE_CURVE('',#1509,#1491,#1517,.T.);
#1517 = LINE('',#1518,#1519);
#1518 = CARTESIAN_POINT('',(-261.,-19.75,-11.));
#1519 = VECTOR('',#1520,1.);
#1520 = DIRECTION('',(0.,-1.,3.469446951954E-15));
#1521 = PLANE('',#1522);
#1522 = AXIS2_PLACEMENT_3D('',#1523,#1524,#1525);
#1523 = CARTESIAN_POINT('',(-281.,-21.75,-11.));
#1524 = DIRECTION('',(0.,-3.491481338843E-15,-1.));
#1525 = DIRECTION('',(0.,1.,-3.491481338843E-15));
#1526 = ADVANCED_FACE('',(#1527),#1561,.F.);
#1527 = FACE_BOUND('',#1528,.T.);
#1528 = EDGE_LOOP('',(#1529,#1539,#1547,#1555));
#1529 = ORIENTED_EDGE('',*,*,#1530,.F.);
#1530 = EDGE_CURVE('',#1531,#1533,#1535,.T.);
#1531 = VERTEX_POINT('',#1532);
#1532 = CARTESIAN_POINT('',(-168.,-19.75,-2.6));
#1533 = VERTEX_POINT('',#1534);
#1534 = CARTESIAN_POINT('',(-168.,-19.75,-5.5));
#1535 = LINE('',#1536,#1537);
#1536 = CARTESIAN_POINT('',(-168.,-19.75,7.546047120499E-14));
#1537 = VECTOR('',#1538,1.);
#1538 = DIRECTION('',(0.,-3.469446951954E-15,-1.));
#1539 = ORIENTED_EDGE('',*,*,#1540,.T.);
#1540 = EDGE_CURVE('',#1531,#1541,#1543,.T.);
#1541 = VERTEX_POINT('',#1542);
#1542 = CARTESIAN_POINT('',(-168.,-21.75,-2.6));
#1543 = LINE('',#1544,#1545);
#1544 = CARTESIAN_POINT('',(-168.,-19.75,-2.6));
#1545 = VECTOR('',#1546,1.);
#1546 = DIRECTION('',(0.,-1.,3.469446951954E-15));
#1547 = ORIENTED_EDGE('',*,*,#1548,.F.);
#1548 = EDGE_CURVE('',#1549,#1541,#1551,.T.);
#1549 = VERTEX_POINT('',#1550);
#1550 = CARTESIAN_POINT('',(-168.,-21.75,-5.5));
#1551 = LINE('',#1552,#1553);
#1552 = CARTESIAN_POINT('',(-168.,-21.75,-5.5));
#1553 = VECTOR('',#1554,1.);
#1554 = DIRECTION('',(-0.,-0.,1.));
#1555 = ORIENTED_EDGE('',*,*,#1556,.F.);
#1556 = EDGE_CURVE('',#1533,#1549,#1557,.T.);
#1557 = LINE('',#1558,#1559);
#1558 = CARTESIAN_POINT('',(-168.,-7.15,-5.5));
#1559 = VECTOR('',#1560,1.);
#1560 = DIRECTION('',(0.,-1.,0.));
#1561 = PLANE('',#1562);
#1562 = AXIS2_PLACEMENT_3D('',#1563,#1564,#1565);
#1563 = CARTESIAN_POINT('',(-168.,-7.15,-5.5));
#1564 = DIRECTION('',(-1.,0.,-0.));
#1565 = DIRECTION('',(0.,0.,1.));
#1566 = ADVANCED_FACE('',(#1567),#1601,.F.);
#1567 = FACE_BOUND('',#1568,.T.);
#1568 = EDGE_LOOP('',(#1569,#1579,#1587,#1595));
#1569 = ORIENTED_EDGE('',*,*,#1570,.T.);
#1570 = EDGE_CURVE('',#1571,#1573,#1575,.T.);
#1571 = VERTEX_POINT('',#1572);
#1572 = CARTESIAN_POINT('',(-168.,-7.15,0.));
#1573 = VERTEX_POINT('',#1574);
#1574 = CARTESIAN_POINT('',(-168.,-19.15,0.));
#1575 = LINE('',#1576,#1577);
#1576 = CARTESIAN_POINT('',(-168.,-7.15,0.));
#1577 = VECTOR('',#1578,1.);
#1578 = DIRECTION('',(0.,-1.,0.));
#1579 = ORIENTED_EDGE('',*,*,#1580,.T.);
#1580 = EDGE_CURVE('',#1573,#1581,#1583,.T.);
#1581 = VERTEX_POINT('',#1582);
#1582 = CARTESIAN_POINT('',(-168.,-19.15,-2.));
#1583 = LINE('',#1584,#1585);
#1584 = CARTESIAN_POINT('',(-168.,-19.15,0.));
#1585 = VECTOR('',#1586,1.);
#1586 = DIRECTION('',(0.,-1.734723475977E-15,-1.));
#1587 = ORIENTED_EDGE('',*,*,#1588,.T.);
#1588 = EDGE_CURVE('',#1581,#1589,#1591,.T.);
#1589 = VERTEX_POINT('',#1590);
#1590 = CARTESIAN_POINT('',(-168.,-7.15,-2.));
#1591 = LINE('',#1592,#1593);
#1592 = CARTESIAN_POINT('',(-168.,0.,-2.));
#1593 = VECTOR('',#1594,1.);
#1594 = DIRECTION('',(0.,1.,0.));
#1595 = ORIENTED_EDGE('',*,*,#1596,.T.);
#1596 = EDGE_CURVE('',#1589,#1571,#1597,.T.);
#1597 = LINE('',#1598,#1599);
#1598 = CARTESIAN_POINT('',(-168.,-7.15,-5.5));
#1599 = VECTOR('',#1600,1.);
#1600 = DIRECTION('',(-0.,-0.,1.));
#1601 = PLANE('',#1602);
#1602 = AXIS2_PLACEMENT_3D('',#1603,#1604,#1605);
#1603 = CARTESIAN_POINT('',(-168.,-7.15,-5.5));
#1604 = DIRECTION('',(-1.,0.,-0.));
#1605 = DIRECTION('',(0.,0.,1.));
#1606 = ADVANCED_FACE('',(#1607),#1641,.F.);
#1607 = FACE_BOUND('',#1608,.T.);
#1608 = EDGE_LOOP('',(#1609,#1619,#1627,#1635));
#1609 = ORIENTED_EDGE('',*,*,#1610,.T.);
#1610 = EDGE_CURVE('',#1611,#1613,#1615,.T.);
#1611 = VERTEX_POINT('',#1612);
#1612 = CARTESIAN_POINT('',(-152.,-7.15,-2.));
#1613 = VERTEX_POINT('',#1614);
#1614 = CARTESIAN_POINT('',(-152.,-19.15,-2.));
#1615 = LINE('',#1616,#1617);
#1616 = CARTESIAN_POINT('',(-152.,0.,-2.));
#1617 = VECTOR('',#1618,1.);
#1618 = DIRECTION('',(0.,-1.,0.));
#1619 = ORIENTED_EDGE('',*,*,#1620,.T.);
#1620 = EDGE_CURVE('',#1613,#1621,#1623,.T.);
#1621 = VERTEX_POINT('',#1622);
#1622 = CARTESIAN_POINT('',(-152.,-19.15,0.));
#1623 = LINE('',#1624,#1625);
#1624 = CARTESIAN_POINT('',(-152.,-19.15,-2.));
#1625 = VECTOR('',#1626,1.);
#1626 = DIRECTION('',(0.,1.734723475977E-15,1.));
#1627 = ORIENTED_EDGE('',*,*,#1628,.T.);
#1628 = EDGE_CURVE('',#1621,#1629,#1631,.T.);
#1629 = VERTEX_POINT('',#1630);
#1630 = CARTESIAN_POINT('',(-152.,-7.15,0.));
#1631 = LINE('',#1632,#1633);
#1632 = CARTESIAN_POINT('',(-152.,-7.15,0.));
#1633 = VECTOR('',#1634,1.);
#1634 = DIRECTION('',(-0.,1.,-0.));
#1635 = ORIENTED_EDGE('',*,*,#1636,.F.);
#1636 = EDGE_CURVE('',#1611,#1629,#1637,.T.);
#1637 = LINE('',#1638,#1639);
#1638 = CARTESIAN_POINT('',(-152.,-7.15,-5.5));
#1639 = VECTOR('',#1640,1.);
#1640 = DIRECTION('',(-0.,-0.,1.));
#1641 = PLANE('',#1642);
#1642 = AXIS2_PLACEMENT_3D('',#1643,#1644,#1645);
#1643 = CARTESIAN_POINT('',(-152.,-7.15,-5.5));
#1644 = DIRECTION('',(1.,0.,0.));
#1645 = DIRECTION('',(0.,0.,-1.));
#1646 = ADVANCED_FACE('',(#1647),#1681,.F.);
#1647 = FACE_BOUND('',#1648,.T.);
#1648 = EDGE_LOOP('',(#1649,#1659,#1667,#1675));
#1649 = ORIENTED_EDGE('',*,*,#1650,.T.);
#1650 = EDGE_CURVE('',#1651,#1653,#1655,.T.);
#1651 = VERTEX_POINT('',#1652);
#1652 = CARTESIAN_POINT('',(-152.,-21.75,-5.5));
#1653 = VERTEX_POINT('',#1654);
#1654 = CARTESIAN_POINT('',(-152.,-21.75,-2.6));
#1655 = LINE('',#1656,#1657);
#1656 = CARTESIAN_POINT('',(-152.,-21.75,-5.5));
#1657 = VECTOR('',#1658,1.);
#1658 = DIRECTION('',(-0.,-0.,1.));
#1659 = ORIENTED_EDGE('',*,*,#1660,.T.);
#1660 = EDGE_CURVE('',#1653,#1661,#1663,.T.);
#1661 = VERTEX_POINT('',#1662);
#1662 = CARTESIAN_POINT('',(-152.,-19.75,-2.6));
#1663 = LINE('',#1664,#1665);
#1664 = CARTESIAN_POINT('',(-152.,-21.75,-2.6));
#1665 = VECTOR('',#1666,1.);
#1666 = DIRECTION('',(0.,1.,-3.469446951954E-15));
#1667 = ORIENTED_EDGE('',*,*,#1668,.F.);
#1668 = EDGE_CURVE('',#1669,#1661,#1671,.T.);
#1669 = VERTEX_POINT('',#1670);
#1670 = CARTESIAN_POINT('',(-152.,-19.75,-5.5));
#1671 = LINE('',#1672,#1673);
#1672 = CARTESIAN_POINT('',(-152.,-19.75,7.546047120499E-14));
#1673 = VECTOR('',#1674,1.);
#1674 = DIRECTION('',(-0.,3.469446951954E-15,1.));
#1675 = ORIENTED_EDGE('',*,*,#1676,.F.);
#1676 = EDGE_CURVE('',#1651,#1669,#1677,.T.);
#1677 = LINE('',#1678,#1679);
#1678 = CARTESIAN_POINT('',(-152.,-7.15,-5.5));
#1679 = VECTOR('',#1680,1.);
#1680 = DIRECTION('',(-0.,1.,-0.));
#1681 = PLANE('',#1682);
#1682 = AXIS2_PLACEMENT_3D('',#1683,#1684,#1685);
#1683 = CARTESIAN_POINT('',(-152.,-7.15,-5.5));
#1684 = DIRECTION('',(1.,0.,0.));
#1685 = DIRECTION('',(0.,0.,-1.));
#1686 = ADVANCED_FACE('',(#1687),#1721,.F.);
#1687 = FACE_BOUND('',#1688,.T.);
#1688 = EDGE_LOOP('',(#1689,#1699,#1707,#1715));
#1689 = ORIENTED_EDGE('',*,*,#1690,.F.);
#1690 = EDGE_CURVE('',#1691,#1693,#1695,.T.);
#1691 = VERTEX_POINT('',#1692);
#1692 = CARTESIAN_POINT('',(-128.,-19.75,-2.6));
#1693 = VERTEX_POINT('',#1694);
#1694 = CARTESIAN_POINT('',(-128.,-19.75,-5.5));
#1695 = LINE('',#1696,#1697);
#1696 = CARTESIAN_POINT('',(-128.,-19.75,7.546047120499E-14));
#1697 = VECTOR('',#1698,1.);
#1698 = DIRECTION('',(0.,-3.469446951954E-15,-1.));
#1699 = ORIENTED_EDGE('',*,*,#1700,.T.);
#1700 = EDGE_CURVE('',#1691,#1701,#1703,.T.);
#1701 = VERTEX_POINT('',#1702);
#1702 = CARTESIAN_POINT('',(-128.,-21.75,-2.6));
#1703 = LINE('',#1704,#1705);
#1704 = CARTESIAN_POINT('',(-128.,-19.75,-2.6));
#1705 = VECTOR('',#1706,1.);
#1706 = DIRECTION('',(0.,-1.,3.469446951954E-15));
#1707 = ORIENTED_EDGE('',*,*,#1708,.F.);
#1708 = EDGE_CURVE('',#1709,#1701,#1711,.T.);
#1709 = VERTEX_POINT('',#1710);
#1710 = CARTESIAN_POINT('',(-128.,-21.75,-5.5));
#1711 = LINE('',#1712,#1713);
#1712 = CARTESIAN_POINT('',(-128.,-21.75,-5.5));
#1713 = VECTOR('',#1714,1.);
#1714 = DIRECTION('',(-0.,-0.,1.));
#1715 = ORIENTED_EDGE('',*,*,#1716,.F.);
#1716 = EDGE_CURVE('',#1693,#1709,#1717,.T.);
#1717 = LINE('',#1718,#1719);
#1718 = CARTESIAN_POINT('',(-128.,-7.15,-5.5));
#1719 = VECTOR('',#1720,1.);
#1720 = DIRECTION('',(0.,-1.,0.));
#1721 = PLANE('',#1722);
#1722 = AXIS2_PLACEMENT_3D('',#1723,#1724,#1725);
#1723 = CARTESIAN_POINT('',(-128.,-7.15,-5.5));
#1724 = DIRECTION('',(-1.,0.,-0.));
#1725 = DIRECTION('',(0.,0.,1.));
#1726 = ADVANCED_FACE('',(#1727),#1761,.F.);
#1727 = FACE_BOUND('',#1728,.T.);
#1728 = EDGE_LOOP('',(#1729,#1739,#1747,#1755));
#1729 = ORIENTED_EDGE('',*,*,#1730,.T.);
#1730 = EDGE_CURVE('',#1731,#1733,#1735,.T.);
#1731 = VERTEX_POINT('',#1732);
#1732 = CARTESIAN_POINT('',(-128.,-7.15,0.));
#1733 = VERTEX_POINT('',#1734);
#1734 = CARTESIAN_POINT('',(-128.,-19.15,0.));
#1735 = LINE('',#1736,#1737);
#1736 = CARTESIAN_POINT('',(-128.,-7.15,0.));
#1737 = VECTOR('',#1738,1.);
#1738 = DIRECTION('',(0.,-1.,0.));
#1739 = ORIENTED_EDGE('',*,*,#1740,.T.);
#1740 = EDGE_CURVE('',#1733,#1741,#1743,.T.);
#1741 = VERTEX_POINT('',#1742);
#1742 = CARTESIAN_POINT('',(-128.,-19.15,-2.));
#1743 = LINE('',#1744,#1745);
#1744 = CARTESIAN_POINT('',(-128.,-19.15,0.));
#1745 = VECTOR('',#1746,1.);
#1746 = DIRECTION('',(0.,-1.734723475977E-15,-1.));
#1747 = ORIENTED_EDGE('',*,*,#1748,.T.);
#1748 = EDGE_CURVE('',#1741,#1749,#1751,.T.);
#1749 = VERTEX_POINT('',#1750);
#1750 = CARTESIAN_POINT('',(-128.,-7.15,-2.));
#1751 = LINE('',#1752,#1753);
#1752 = CARTESIAN_POINT('',(-128.,0.,-2.));
#1753 = VECTOR('',#1754,1.);
#1754 = DIRECTION('',(0.,1.,0.));
#1755 = ORIENTED_EDGE('',*,*,#1756,.T.);
#1756 = EDGE_CURVE('',#1749,#1731,#1757,.T.);
#1757 = LINE('',#1758,#1759);
#1758 = CARTESIAN_POINT('',(-128.,-7.15,-5.5));
#1759 = VECTOR('',#1760,1.);
#1760 = DIRECTION('',(-0.,-0.,1.));
#1761 = PLANE('',#1762);
#1762 = AXIS2_PLACEMENT_3D('',#1763,#1764,#1765);
#1763 = CARTESIAN_POINT('',(-128.,-7.15,-5.5));
#1764 = DIRECTION('',(-1.,0.,-0.));
#1765 = DIRECTION('',(0.,0.,1.));
#1766 = ADVANCED_FACE('',(#1767),#1801,.F.);
#1767 = FACE_BOUND('',#1768,.T.);
#1768 = EDGE_LOOP('',(#1769,#1779,#1787,#1795));
#1769 = ORIENTED_EDGE('',*,*,#1770,.T.);
#1770 = EDGE_CURVE('',#1771,#1773,#1775,.T.);
#1771 = VERTEX_POINT('',#1772);
#1772 = CARTESIAN_POINT('',(-112.,-7.15,-2.));
#1773 = VERTEX_POINT('',#1774);
#1774 = CARTESIAN_POINT('',(-112.,-19.15,-2.));
#1775 = LINE('',#1776,#1777);
#1776 = CARTESIAN_POINT('',(-112.,0.,-2.));
#1777 = VECTOR('',#1778,1.);
#1778 = DIRECTION('',(0.,-1.,0.));
#1779 = ORIENTED_EDGE('',*,*,#1780,.T.);
#1780 = EDGE_CURVE('',#1773,#1781,#1783,.T.);
#1781 = VERTEX_POINT('',#1782);
#1782 = CARTESIAN_POINT('',(-112.,-19.15,0.));
#1783 = LINE('',#1784,#1785);
#1784 = CARTESIAN_POINT('',(-112.,-19.15,-2.));
#1785 = VECTOR('',#1786,1.);
#1786 = DIRECTION('',(-6.938893903907E-15,1.734723475977E-15,1.));
#1787 = ORIENTED_EDGE('',*,*,#1788,.T.);
#1788 = EDGE_CURVE('',#1781,#1789,#1791,.T.);
#1789 = VERTEX_POINT('',#1790);
#1790 = CARTESIAN_POINT('',(-112.,-7.15,0.));
#1791 = LINE('',#1792,#1793);
#1792 = CARTESIAN_POINT('',(-112.,-7.15,0.));
#1793 = VECTOR('',#1794,1.);
#1794 = DIRECTION('',(-0.,1.,-0.));
#1795 = ORIENTED_EDGE('',*,*,#1796,.F.);
#1796 = EDGE_CURVE('',#1771,#1789,#1797,.T.);
#1797 = LINE('',#1798,#1799);
#1798 = CARTESIAN_POINT('',(-112.,-7.15,-5.5));
#1799 = VECTOR('',#1800,1.);
#1800 = DIRECTION('',(-0.,-0.,1.));
#1801 = PLANE('',#1802);
#1802 = AXIS2_PLACEMENT_3D('',#1803,#1804,#1805);
#1803 = CARTESIAN_POINT('',(-112.,-7.15,-5.5));
#1804 = DIRECTION('',(1.,0.,0.));
#1805 = DIRECTION('',(0.,0.,-1.));
#1806 = ADVANCED_FACE('',(#1807),#1841,.F.);
#1807 = FACE_BOUND('',#1808,.T.);
#1808 = EDGE_LOOP('',(#1809,#1819,#1827,#1835));
#1809 = ORIENTED_EDGE('',*,*,#1810,.T.);
#1810 = EDGE_CURVE('',#1811,#1813,#1815,.T.);
#1811 = VERTEX_POINT('',#1812);
#1812 = CARTESIAN_POINT('',(-112.,-21.75,-5.5));
#1813 = VERTEX_POINT('',#1814);
#1814 = CARTESIAN_POINT('',(-112.,-21.75,-2.6));
#1815 = LINE('',#1816,#1817);
#1816 = CARTESIAN_POINT('',(-112.,-21.75,-5.5));
#1817 = VECTOR('',#1818,1.);
#1818 = DIRECTION('',(-0.,-0.,1.));
#1819 = ORIENTED_EDGE('',*,*,#1820,.T.);
#1820 = EDGE_CURVE('',#1813,#1821,#1823,.T.);
#1821 = VERTEX_POINT('',#1822);
#1822 = CARTESIAN_POINT('',(-112.,-19.75,-2.6));
#1823 = LINE('',#1824,#1825);
#1824 = CARTESIAN_POINT('',(-112.,-21.75,-2.6));
#1825 = VECTOR('',#1826,1.);
#1826 = DIRECTION('',(0.,1.,-3.469446951954E-15));
#1827 = ORIENTED_EDGE('',*,*,#1828,.F.);
#1828 = EDGE_CURVE('',#1829,#1821,#1831,.T.);
#1829 = VERTEX_POINT('',#1830);
#1830 = CARTESIAN_POINT('',(-112.,-19.75,-5.5));
#1831 = LINE('',#1832,#1833);
#1832 = CARTESIAN_POINT('',(-112.,-19.75,7.546047120499E-14));
#1833 = VECTOR('',#1834,1.);
#1834 = DIRECTION('',(-0.,3.469446951954E-15,1.));
#1835 = ORIENTED_EDGE('',*,*,#1836,.F.);
#1836 = EDGE_CURVE('',#1811,#1829,#1837,.T.);
#1837 = LINE('',#1838,#1839);
#1838 = CARTESIAN_POINT('',(-112.,-7.15,-5.5));
#1839 = VECTOR('',#1840,1.);
#1840 = DIRECTION('',(-0.,1.,-0.));
#1841 = PLANE('',#1842);
#1842 = AXIS2_PLACEMENT_3D('',#1843,#1844,#1845);
#1843 = CARTESIAN_POINT('',(-112.,-7.15,-5.5));
#1844 = DIRECTION('',(1.,0.,0.));
#1845 = DIRECTION('',(0.,0.,-1.));
#1846 = ADVANCED_FACE('',(#1847),#1881,.F.);
#1847 = FACE_BOUND('',#1848,.T.);
#1848 = EDGE_LOOP('',(#1849,#1859,#1867,#1875));
#1849 = ORIENTED_EDGE('',*,*,#1850,.F.);
#1850 = EDGE_CURVE('',#1851,#1853,#1855,.T.);
#1851 = VERTEX_POINT('',#1852);
#1852 = CARTESIAN_POINT('',(-88.,-19.75,-2.6));
#1853 = VERTEX_POINT('',#1854);
#1854 = CARTESIAN_POINT('',(-88.,-19.75,-5.5));
#1855 = LINE('',#1856,#1857);
#1856 = CARTESIAN_POINT('',(-88.,-19.75,7.546047120499E-14));
#1857 = VECTOR('',#1858,1.);
#1858 = DIRECTION('',(0.,-3.469446951954E-15,-1.));
#1859 = ORIENTED_EDGE('',*,*,#1860,.T.);
#1860 = EDGE_CURVE('',#1851,#1861,#1863,.T.);
#1861 = VERTEX_POINT('',#1862);
#1862 = CARTESIAN_POINT('',(-88.,-21.75,-2.6));
#1863 = LINE('',#1864,#1865);
#1864 = CARTESIAN_POINT('',(-88.,-19.75,-2.6));
#1865 = VECTOR('',#1866,1.);
#1866 = DIRECTION('',(0.,-1.,3.469446951954E-15));
#1867 = ORIENTED_EDGE('',*,*,#1868,.F.);
#1868 = EDGE_CURVE('',#1869,#1861,#1871,.T.);
#1869 = VERTEX_POINT('',#1870);
#1870 = CARTESIAN_POINT('',(-88.,-21.75,-5.5));
#1871 = LINE('',#1872,#1873);
#1872 = CARTESIAN_POINT('',(-88.,-21.75,-5.5));
#1873 = VECTOR('',#1874,1.);
#1874 = DIRECTION('',(-0.,-0.,1.));
#1875 = ORIENTED_EDGE('',*,*,#1876,.F.);
#1876 = EDGE_CURVE('',#1853,#1869,#1877,.T.);
#1877 = LINE('',#1878,#1879);
#1878 = CARTESIAN_POINT('',(-88.,-7.15,-5.5));
#1879 = VECTOR('',#1880,1.);
#1880 = DIRECTION('',(0.,-1.,0.));
#1881 = PLANE('',#1882);
#1882 = AXIS2_PLACEMENT_3D('',#1883,#1884,#1885);
#1883 = CARTESIAN_POINT('',(-88.,-7.15,-5.5));
#1884 = DIRECTION('',(-1.,0.,-0.));
#1885 = DIRECTION('',(0.,0.,1.));
#1886 = ADVANCED_FACE('',(#1887),#1921,.F.);
#1887 = FACE_BOUND('',#1888,.T.);
#1888 = EDGE_LOOP('',(#1889,#1899,#1907,#1915));
#1889 = ORIENTED_EDGE('',*,*,#1890,.T.);
#1890 = EDGE_CURVE('',#1891,#1893,#1895,.T.);
#1891 = VERTEX_POINT('',#1892);
#1892 = CARTESIAN_POINT('',(-88.,-7.15,0.));
#1893 = VERTEX_POINT('',#1894);
#1894 = CARTESIAN_POINT('',(-88.,-19.15,0.));
#1895 = LINE('',#1896,#1897);
#1896 = CARTESIAN_POINT('',(-88.,-7.15,0.));
#1897 = VECTOR('',#1898,1.);
#1898 = DIRECTION('',(0.,-1.,0.));
#1899 = ORIENTED_EDGE('',*,*,#1900,.T.);
#1900 = EDGE_CURVE('',#1893,#1901,#1903,.T.);
#1901 = VERTEX_POINT('',#1902);
#1902 = CARTESIAN_POINT('',(-88.,-19.15,-2.));
#1903 = LINE('',#1904,#1905);
#1904 = CARTESIAN_POINT('',(-88.,-19.15,0.));
#1905 = VECTOR('',#1906,1.);
#1906 = DIRECTION('',(0.,-1.734723475977E-15,-1.));
#1907 = ORIENTED_EDGE('',*,*,#1908,.T.);
#1908 = EDGE_CURVE('',#1901,#1909,#1911,.T.);
#1909 = VERTEX_POINT('',#1910);
#1910 = CARTESIAN_POINT('',(-88.,-7.15,-2.));
#1911 = LINE('',#1912,#1913);
#1912 = CARTESIAN_POINT('',(-88.,0.,-2.));
#1913 = VECTOR('',#1914,1.);
#1914 = DIRECTION('',(0.,1.,0.));
#1915 = ORIENTED_EDGE('',*,*,#1916,.T.);
#1916 = EDGE_CURVE('',#1909,#1891,#1917,.T.);
#1917 = LINE('',#1918,#1919);
#1918 = CARTESIAN_POINT('',(-88.,-7.15,-5.5));
#1919 = VECTOR('',#1920,1.);
#1920 = DIRECTION('',(-0.,-0.,1.));
#1921 = PLANE('',#1922);
#1922 = AXIS2_PLACEMENT_3D('',#1923,#1924,#1925);
#1923 = CARTESIAN_POINT('',(-88.,-7.15,-5.5));
#1924 = DIRECTION('',(-1.,0.,-0.));
#1925 = DIRECTION('',(0.,0.,1.));
#1926 = ADVANCED_FACE('',(#1927),#1961,.F.);
#1927 = FACE_BOUND('',#1928,.T.);
#1928 = EDGE_LOOP('',(#1929,#1939,#1947,#1955));
#1929 = ORIENTED_EDGE('',*,*,#1930,.T.);
#1930 = EDGE_CURVE('',#1931,#1933,#1935,.T.);
#1931 = VERTEX_POINT('',#1932);
#1932 = CARTESIAN_POINT('',(-72.,-7.15,-2.));
#1933 = VERTEX_POINT('',#1934);
#1934 = CARTESIAN_POINT('',(-72.,-19.15,-2.));
#1935 = LINE('',#1936,#1937);
#1936 = CARTESIAN_POINT('',(-72.,0.,-2.));
#1937 = VECTOR('',#1938,1.);
#1938 = DIRECTION('',(0.,-1.,0.));
#1939 = ORIENTED_EDGE('',*,*,#1940,.T.);
#1940 = EDGE_CURVE('',#1933,#1941,#1943,.T.);
#1941 = VERTEX_POINT('',#1942);
#1942 = CARTESIAN_POINT('',(-72.,-19.15,0.));
#1943 = LINE('',#1944,#1945);
#1944 = CARTESIAN_POINT('',(-72.,-19.15,-2.));
#1945 = VECTOR('',#1946,1.);
#1946 = DIRECTION('',(0.,1.734723475977E-15,1.));
#1947 = ORIENTED_EDGE('',*,*,#1948,.T.);
#1948 = EDGE_CURVE('',#1941,#1949,#1951,.T.);
#1949 = VERTEX_POINT('',#1950);
#1950 = CARTESIAN_POINT('',(-72.,-7.15,0.));
#1951 = LINE('',#1952,#1953);
#1952 = CARTESIAN_POINT('',(-72.,-7.15,0.));
#1953 = VECTOR('',#1954,1.);
#1954 = DIRECTION('',(-0.,1.,-0.));
#1955 = ORIENTED_EDGE('',*,*,#1956,.F.);
#1956 = EDGE_CURVE('',#1931,#1949,#1957,.T.);
#1957 = LINE('',#1958,#1959);
#1958 = CARTESIAN_POINT('',(-72.,-7.15,-5.5));
#1959 = VECTOR('',#1960,1.);
#1960 = DIRECTION('',(-0.,-0.,1.));
#1961 = PLANE('',#1962);
#1962 = AXIS2_PLACEMENT_3D('',#1963,#1964,#1965);
#1963 = CARTESIAN_POINT('',(-72.,-7.15,-5.5));
#1964 = DIRECTION('',(1.,0.,0.));
#1965 = DIRECTION('',(0.,0.,-1.));
#1966 = ADVANCED_FACE('',(#1967),#2001,.F.);
#1967 = FACE_BOUND('',#1968,.T.);
#1968 = EDGE_LOOP('',(#1969,#1979,#1987,#1995));
#1969 = ORIENTED_EDGE('',*,*,#1970,.T.);
#1970 = EDGE_CURVE('',#1971,#1973,#1975,.T.);
#1971 = VERTEX_POINT('',#1972);
#1972 = CARTESIAN_POINT('',(-72.,-21.75,-5.5));
#1973 = VERTEX_POINT('',#1974);
#1974 = CARTESIAN_POINT('',(-72.,-21.75,-2.6));
#1975 = LINE('',#1976,#1977);
#1976 = CARTESIAN_POINT('',(-72.,-21.75,-5.5));
#1977 = VECTOR('',#1978,1.);
#1978 = DIRECTION('',(-0.,-0.,1.));
#1979 = ORIENTED_EDGE('',*,*,#1980,.T.);
#1980 = EDGE_CURVE('',#1973,#1981,#1983,.T.);
#1981 = VERTEX_POINT('',#1982);
#1982 = CARTESIAN_POINT('',(-72.,-19.75,-2.6));
#1983 = LINE('',#1984,#1985);
#1984 = CARTESIAN_POINT('',(-72.,-21.75,-2.6));
#1985 = VECTOR('',#1986,1.);
#1986 = DIRECTION('',(0.,1.,-3.469446951954E-15));
#1987 = ORIENTED_EDGE('',*,*,#1988,.F.);
#1988 = EDGE_CURVE('',#1989,#1981,#1991,.T.);
#1989 = VERTEX_POINT('',#1990);
#1990 = CARTESIAN_POINT('',(-72.,-19.75,-5.5));
#1991 = LINE('',#1992,#1993);
#1992 = CARTESIAN_POINT('',(-72.,-19.75,7.546047120499E-14));
#1993 = VECTOR('',#1994,1.);
#1994 = DIRECTION('',(-0.,3.469446951954E-15,1.));
#1995 = ORIENTED_EDGE('',*,*,#1996,.F.);
#1996 = EDGE_CURVE('',#1971,#1989,#1997,.T.);
#1997 = LINE('',#1998,#1999);
#1998 = CARTESIAN_POINT('',(-72.,-7.15,-5.5));
#1999 = VECTOR('',#2000,1.);
#2000 = DIRECTION('',(-0.,1.,-0.));
#2001 = PLANE('',#2002);
#2002 = AXIS2_PLACEMENT_3D('',#2003,#2004,#2005);
#2003 = CARTESIAN_POINT('',(-72.,-7.15,-5.5));
#2004 = DIRECTION('',(1.,0.,0.));
#2005 = DIRECTION('',(0.,0.,-1.));
#2006 = ADVANCED_FACE('',(#2007),#2041,.F.);
#2007 = FACE_BOUND('',#2008,.T.);
#2008 = EDGE_LOOP('',(#2009,#2019,#2027,#2035));
#2009 = ORIENTED_EDGE('',*,*,#2010,.F.);
#2010 = EDGE_CURVE('',#2011,#2013,#2015,.T.);
#2011 = VERTEX_POINT('',#2012);
#2012 = CARTESIAN_POINT('',(-48.,-19.75,-2.6));
#2013 = VERTEX_POINT('',#2014);
#2014 = CARTESIAN_POINT('',(-48.,-19.75,-5.5));
#2015 = LINE('',#2016,#2017);
#2016 = CARTESIAN_POINT('',(-48.,-19.75,7.546047120499E-14));
#2017 = VECTOR('',#2018,1.);
#2018 = DIRECTION('',(0.,-3.469446951954E-15,-1.));
#2019 = ORIENTED_EDGE('',*,*,#2020,.T.);
#2020 = EDGE_CURVE('',#2011,#2021,#2023,.T.);
#2021 = VERTEX_POINT('',#2022);
#2022 = CARTESIAN_POINT('',(-48.,-21.75,-2.6));
#2023 = LINE('',#2024,#2025);
#2024 = CARTESIAN_POINT('',(-48.,-19.75,-2.6));
#2025 = VECTOR('',#2026,1.);
#2026 = DIRECTION('',(0.,-1.,3.469446951954E-15));
#2027 = ORIENTED_EDGE('',*,*,#2028,.F.);
#2028 = EDGE_CURVE('',#2029,#2021,#2031,.T.);
#2029 = VERTEX_POINT('',#2030);
#2030 = CARTESIAN_POINT('',(-48.,-21.75,-5.5));
#2031 = LINE('',#2032,#2033);
#2032 = CARTESIAN_POINT('',(-48.,-21.75,-5.5));
#2033 = VECTOR('',#2034,1.);
#2034 = DIRECTION('',(-0.,-0.,1.));
#2035 = ORIENTED_EDGE('',*,*,#2036,.F.);
#2036 = EDGE_CURVE('',#2013,#2029,#2037,.T.);
#2037 = LINE('',#2038,#2039);
#2038 = CARTESIAN_POINT('',(-48.,-7.15,-5.5));
#2039 = VECTOR('',#2040,1.);
#2040 = DIRECTION('',(0.,-1.,0.));
#2041 = PLANE('',#2042);
#2042 = AXIS2_PLACEMENT_3D('',#2043,#2044,#2045);
#2043 = CARTESIAN_POINT('',(-48.,-7.15,-5.5));
#2044 = DIRECTION('',(-1.,0.,-0.));
#2045 = DIRECTION('',(0.,0.,1.));
#2046 = ADVANCED_FACE('',(#2047),#2081,.F.);
#2047 = FACE_BOUND('',#2048,.T.);
#2048 = EDGE_LOOP('',(#2049,#2059,#2067,#2075));
#2049 = ORIENTED_EDGE('',*,*,#2050,.T.);
#2050 = EDGE_CURVE('',#2051,#2053,#2055,.T.);
#2051 = VERTEX_POINT('',#2052);
#2052 = CARTESIAN_POINT('',(-48.,-7.15,0.));
#2053 = VERTEX_POINT('',#2054);
#2054 = CARTESIAN_POINT('',(-48.,-19.15,0.));
#2055 = LINE('',#2056,#2057);
#2056 = CARTESIAN_POINT('',(-48.,-7.15,0.));
#2057 = VECTOR('',#2058,1.);
#2058 = DIRECTION('',(0.,-1.,0.));
#2059 = ORIENTED_EDGE('',*,*,#2060,.T.);
#2060 = EDGE_CURVE('',#2053,#2061,#2063,.T.);
#2061 = VERTEX_POINT('',#2062);
#2062 = CARTESIAN_POINT('',(-48.,-19.15,-2.));
#2063 = LINE('',#2064,#2065);
#2064 = CARTESIAN_POINT('',(-48.,-19.15,0.));
#2065 = VECTOR('',#2066,1.);
#2066 = DIRECTION('',(0.,-1.734723475977E-15,-1.));
#2067 = ORIENTED_EDGE('',*,*,#2068,.T.);
#2068 = EDGE_CURVE('',#2061,#2069,#2071,.T.);
#2069 = VERTEX_POINT('',#2070);
#2070 = CARTESIAN_POINT('',(-48.,-7.15,-2.));
#2071 = LINE('',#2072,#2073);
#2072 = CARTESIAN_POINT('',(-48.,0.,-2.));
#2073 = VECTOR('',#2074,1.);
#2074 = DIRECTION('',(0.,1.,0.));
#2075 = ORIENTED_EDGE('',*,*,#2076,.T.);
#2076 = EDGE_CURVE('',#2069,#2051,#2077,.T.);
#2077 = LINE('',#2078,#2079);
#2078 = CARTESIAN_POINT('',(-48.,-7.15,-5.5));
#2079 = VECTOR('',#2080,1.);
#2080 = DIRECTION('',(-0.,-0.,1.));
#2081 = PLANE('',#2082);
#2082 = AXIS2_PLACEMENT_3D('',#2083,#2084,#2085);
#2083 = CARTESIAN_POINT('',(-48.,-7.15,-5.5));
#2084 = DIRECTION('',(-1.,0.,-0.));
#2085 = DIRECTION('',(0.,0.,1.));
#2086 = ADVANCED_FACE('',(#2087),#2121,.F.);
#2087 = FACE_BOUND('',#2088,.T.);
#2088 = EDGE_LOOP('',(#2089,#2099,#2107,#2115));
#2089 = ORIENTED_EDGE('',*,*,#2090,.T.);
#2090 = EDGE_CURVE('',#2091,#2093,#2095,.T.);
#2091 = VERTEX_POINT('',#2092);
#2092 = CARTESIAN_POINT('',(-32.,-7.15,-2.));
#2093 = VERTEX_POINT('',#2094);
#2094 = CARTESIAN_POINT('',(-32.,-19.15,-2.));
#2095 = LINE('',#2096,#2097);
#2096 = CARTESIAN_POINT('',(-32.,0.,-2.));
#2097 = VECTOR('',#2098,1.);
#2098 = DIRECTION('',(0.,-1.,0.));
#2099 = ORIENTED_EDGE('',*,*,#2100,.T.);
#2100 = EDGE_CURVE('',#2093,#2101,#2103,.T.);
#2101 = VERTEX_POINT('',#2102);
#2102 = CARTESIAN_POINT('',(-32.,-19.15,0.));
#2103 = LINE('',#2104,#2105);
#2104 = CARTESIAN_POINT('',(-32.,-19.15,-2.));
#2105 = VECTOR('',#2106,1.);
#2106 = DIRECTION('',(0.,1.734723475977E-15,1.));
#2107 = ORIENTED_EDGE('',*,*,#2108,.T.);
#2108 = EDGE_CURVE('',#2101,#2109,#2111,.T.);
#2109 = VERTEX_POINT('',#2110);
#2110 = CARTESIAN_POINT('',(-32.,-7.15,0.));
#2111 = LINE('',#2112,#2113);
#2112 = CARTESIAN_POINT('',(-32.,-7.15,0.));
#2113 = VECTOR('',#2114,1.);
#2114 = DIRECTION('',(-0.,1.,-0.));
#2115 = ORIENTED_EDGE('',*,*,#2116,.F.);
#2116 = EDGE_CURVE('',#2091,#2109,#2117,.T.);
#2117 = LINE('',#2118,#2119);
#2118 = CARTESIAN_POINT('',(-32.,-7.15,-5.5));
#2119 = VECTOR('',#2120,1.);
#2120 = DIRECTION('',(-0.,-0.,1.));
#2121 = PLANE('',#2122);
#2122 = AXIS2_PLACEMENT_3D('',#2123,#2124,#2125);
#2123 = CARTESIAN_POINT('',(-32.,-7.15,-5.5));
#2124 = DIRECTION('',(1.,0.,0.));
#2125 = DIRECTION('',(0.,0.,-1.));
#2126 = ADVANCED_FACE('',(#2127),#2161,.F.);
#2127 = FACE_BOUND('',#2128,.T.);
#2128 = EDGE_LOOP('',(#2129,#2139,#2147,#2155));
#2129 = ORIENTED_EDGE('',*,*,#2130,.T.);
#2130 = EDGE_CURVE('',#2131,#2133,#2135,.T.);
#2131 = VERTEX_POINT('',#2132);
#2132 = CARTESIAN_POINT('',(-32.,-21.75,-5.5));
#2133 = VERTEX_POINT('',#2134);
#2134 = CARTESIAN_POINT('',(-32.,-21.75,-2.6));
#2135 = LINE('',#2136,#2137);
#2136 = CARTESIAN_POINT('',(-32.,-21.75,-5.5));
#2137 = VECTOR('',#2138,1.);
#2138 = DIRECTION('',(-0.,-0.,1.));
#2139 = ORIENTED_EDGE('',*,*,#2140,.T.);
#2140 = EDGE_CURVE('',#2133,#2141,#2143,.T.);
#2141 = VERTEX_POINT('',#2142);
#2142 = CARTESIAN_POINT('',(-32.,-19.75,-2.6));
#2143 = LINE('',#2144,#2145);
#2144 = CARTESIAN_POINT('',(-32.,-21.75,-2.6));
#2145 = VECTOR('',#2146,1.);
#2146 = DIRECTION('',(0.,1.,-3.469446951954E-15));
#2147 = ORIENTED_EDGE('',*,*,#2148,.F.);
#2148 = EDGE_CURVE('',#2149,#2141,#2151,.T.);
#2149 = VERTEX_POINT('',#2150);
#2150 = CARTESIAN_POINT('',(-32.,-19.75,-5.5));
#2151 = LINE('',#2152,#2153);
#2152 = CARTESIAN_POINT('',(-32.,-19.75,7.546047120499E-14));
#2153 = VECTOR('',#2154,1.);
#2154 = DIRECTION('',(-0.,3.469446951954E-15,1.));
#2155 = ORIENTED_EDGE('',*,*,#2156,.F.);
#2156 = EDGE_CURVE('',#2131,#2149,#2157,.T.);
#2157 = LINE('',#2158,#2159);
#2158 = CARTESIAN_POINT('',(-32.,-7.15,-5.5));
#2159 = VECTOR('',#2160,1.);
#2160 = DIRECTION('',(-0.,1.,-0.));
#2161 = PLANE('',#2162);
#2162 = AXIS2_PLACEMENT_3D('',#2163,#2164,#2165);
#2163 = CARTESIAN_POINT('',(-32.,-7.15,-5.5));
#2164 = DIRECTION('',(1.,0.,0.));
#2165 = DIRECTION('',(0.,0.,-1.));
#2166 = ADVANCED_FACE('',(#2167),#2201,.F.);
#2167 = FACE_BOUND('',#2168,.T.);
#2168 = EDGE_LOOP('',(#2169,#2179,#2187,#2195));
#2169 = ORIENTED_EDGE('',*,*,#2170,.F.);
#2170 = EDGE_CURVE('',#2171,#2173,#2175,.T.);
#2171 = VERTEX_POINT('',#2172);
#2172 = CARTESIAN_POINT('',(-8.,-19.75,-2.6));
#2173 = VERTEX_POINT('',#2174);
#2174 = CARTESIAN_POINT('',(-8.,-19.75,-5.5));
#2175 = LINE('',#2176,#2177);
#2176 = CARTESIAN_POINT('',(-8.,-19.75,7.546047120499E-14));
#2177 = VECTOR('',#2178,1.);
#2178 = DIRECTION('',(0.,-3.469446951954E-15,-1.));
#2179 = ORIENTED_EDGE('',*,*,#2180,.T.);
#2180 = EDGE_CURVE('',#2171,#2181,#2183,.T.);
#2181 = VERTEX_POINT('',#2182);
#2182 = CARTESIAN_POINT('',(-8.,-21.75,-2.6));
#2183 = LINE('',#2184,#2185);
#2184 = CARTESIAN_POINT('',(-8.,-19.75,-2.6));
#2185 = VECTOR('',#2186,1.);
#2186 = DIRECTION('',(0.,-1.,3.469446951954E-15));
#2187 = ORIENTED_EDGE('',*,*,#2188,.F.);
#2188 = EDGE_CURVE('',#2189,#2181,#2191,.T.);
#2189 = VERTEX_POINT('',#2190);
#2190 = CARTESIAN_POINT('',(-8.,-21.75,-5.5));
#2191 = LINE('',#2192,#2193);
#2192 = CARTESIAN_POINT('',(-8.,-21.75,-5.5));
#2193 = VECTOR('',#2194,1.);
#2194 = DIRECTION('',(-0.,-0.,1.));
#2195 = ORIENTED_EDGE('',*,*,#2196,.F.);
#2196 = EDGE_CURVE('',#2173,#2189,#2197,.T.);
#2197 = LINE('',#2198,#2199);
#2198 = CARTESIAN_POINT('',(-8.,-7.15,-5.5));
#2199 = VECTOR('',#2200,1.);
#2200 = DIRECTION('',(0.,-1.,0.));
#2201 = PLANE('',#2202);
#2202 = AXIS2_PLACEMENT_3D('',#2203,#2204,#2205);
#2203 = CARTESIAN_POINT('',(-8.,-7.15,-5.5));
#2204 = DIRECTION('',(-1.,0.,-0.));
#2205 = DIRECTION('',(0.,0.,1.));
#2206 = ADVANCED_FACE('',(#2207),#2241,.F.);
#2207 = FACE_BOUND('',#2208,.T.);
#2208 = EDGE_LOOP('',(#2209,#2219,#2227,#2235));
#2209 = ORIENTED_EDGE('',*,*,#2210,.T.);
#2210 = EDGE_CURVE('',#2211,#2213,#2215,.T.);
#2211 = VERTEX_POINT('',#2212);
#2212 = CARTESIAN_POINT('',(-8.,-7.15,0.));
#2213 = VERTEX_POINT('',#2214);
#2214 = CARTESIAN_POINT('',(-8.,-19.15,0.));
#2215 = LINE('',#2216,#2217);
#2216 = CARTESIAN_POINT('',(-8.,-7.15,0.));
#2217 = VECTOR('',#2218,1.);
#2218 = DIRECTION('',(0.,-1.,0.));
#2219 = ORIENTED_EDGE('',*,*,#2220,.T.);
#2220 = EDGE_CURVE('',#2213,#2221,#2223,.T.);
#2221 = VERTEX_POINT('',#2222);
#2222 = CARTESIAN_POINT('',(-8.,-19.15,-2.));
#2223 = LINE('',#2224,#2225);
#2224 = CARTESIAN_POINT('',(-8.,-19.15,0.));
#2225 = VECTOR('',#2226,1.);
#2226 = DIRECTION('',(0.,-1.734723475977E-15,-1.));
#2227 = ORIENTED_EDGE('',*,*,#2228,.T.);
#2228 = EDGE_CURVE('',#2221,#2229,#2231,.T.);
#2229 = VERTEX_POINT('',#2230);
#2230 = CARTESIAN_POINT('',(-8.,-7.15,-2.));
#2231 = LINE('',#2232,#2233);
#2232 = CARTESIAN_POINT('',(-8.,0.,-2.));
#2233 = VECTOR('',#2234,1.);
#2234 = DIRECTION('',(0.,1.,0.));
#2235 = ORIENTED_EDGE('',*,*,#2236,.T.);
#2236 = EDGE_CURVE('',#2229,#2211,#2237,.T.);
#2237 = LINE('',#2238,#2239);
#2238 = CARTESIAN_POINT('',(-8.,-7.15,-5.5));
#2239 = VECTOR('',#2240,1.);
#2240 = DIRECTION('',(-0.,-0.,1.));
#2241 = PLANE('',#2242);
#2242 = AXIS2_PLACEMENT_3D('',#2243,#2244,#2245);
#2243 = CARTESIAN_POINT('',(-8.,-7.15,-5.5));
#2244 = DIRECTION('',(-1.,0.,-0.));
#2245 = DIRECTION('',(0.,0.,1.));
#2246 = ADVANCED_FACE('',(#2247),#2281,.F.);
#2247 = FACE_BOUND('',#2248,.T.);
#2248 = EDGE_LOOP('',(#2249,#2259,#2267,#2275));
#2249 = ORIENTED_EDGE('',*,*,#2250,.T.);
#2250 = EDGE_CURVE('',#2251,#2253,#2255,.T.);
#2251 = VERTEX_POINT('',#2252);
#2252 = CARTESIAN_POINT('',(8.,-7.15,-2.));
#2253 = VERTEX_POINT('',#2254);
#2254 = CARTESIAN_POINT('',(8.,-19.15,-2.));
#2255 = LINE('',#2256,#2257);
#2256 = CARTESIAN_POINT('',(8.,0.,-2.));
#2257 = VECTOR('',#2258,1.);
#2258 = DIRECTION('',(0.,-1.,0.));
#2259 = ORIENTED_EDGE('',*,*,#2260,.T.);
#2260 = EDGE_CURVE('',#2253,#2261,#2263,.T.);
#2261 = VERTEX_POINT('',#2262);
#2262 = CARTESIAN_POINT('',(8.,-19.15,0.));
#2263 = LINE('',#2264,#2265);
#2264 = CARTESIAN_POINT('',(8.,-19.15,-2.));
#2265 = VECTOR('',#2266,1.);
#2266 = DIRECTION('',(0.,1.734723475977E-15,1.));
#2267 = ORIENTED_EDGE('',*,*,#2268,.T.);
#2268 = EDGE_CURVE('',#2261,#2269,#2271,.T.);
#2269 = VERTEX_POINT('',#2270);
#2270 = CARTESIAN_POINT('',(8.,-7.15,0.));
#2271 = LINE('',#2272,#2273);
#2272 = CARTESIAN_POINT('',(8.,-7.15,0.));
#2273 = VECTOR('',#2274,1.);
#2274 = DIRECTION('',(-0.,1.,-0.));
#2275 = ORIENTED_EDGE('',*,*,#2276,.F.);
#2276 = EDGE_CURVE('',#2251,#2269,#2277,.T.);
#2277 = LINE('',#2278,#2279);
#2278 = CARTESIAN_POINT('',(8.,-7.15,-5.5));
#2279 = VECTOR('',#2280,1.);
#2280 = DIRECTION('',(-0.,-0.,1.));
#2281 = PLANE('',#2282);
#2282 = AXIS2_PLACEMENT_3D('',#2283,#2284,#2285);
#2283 = CARTESIAN_POINT('',(8.,-7.15,-5.5));
#2284 = DIRECTION('',(1.,0.,0.));
#2285 = DIRECTION('',(0.,0.,-1.));
#2286 = ADVANCED_FACE('',(#2287),#2321,.F.);
#2287 = FACE_BOUND('',#2288,.T.);
#2288 = EDGE_LOOP('',(#2289,#2299,#2307,#2315));
#2289 = ORIENTED_EDGE('',*,*,#2290,.T.);
#2290 = EDGE_CURVE('',#2291,#2293,#2295,.T.);
#2291 = VERTEX_POINT('',#2292);
#2292 = CARTESIAN_POINT('',(8.,-21.75,-5.5));
#2293 = VERTEX_POINT('',#2294);
#2294 = CARTESIAN_POINT('',(8.,-21.75,-2.6));
#2295 = LINE('',#2296,#2297);
#2296 = CARTESIAN_POINT('',(8.,-21.75,-5.5));
#2297 = VECTOR('',#2298,1.);
#2298 = DIRECTION('',(-0.,-0.,1.));
#2299 = ORIENTED_EDGE('',*,*,#2300,.T.);
#2300 = EDGE_CURVE('',#2293,#2301,#2303,.T.);
#2301 = VERTEX_POINT('',#2302);
#2302 = CARTESIAN_POINT('',(8.,-19.75,-2.6));
#2303 = LINE('',#2304,#2305);
#2304 = CARTESIAN_POINT('',(8.,-21.75,-2.6));
#2305 = VECTOR('',#2306,1.);
#2306 = DIRECTION('',(0.,1.,-3.469446951954E-15));
#2307 = ORIENTED_EDGE('',*,*,#2308,.F.);
#2308 = EDGE_CURVE('',#2309,#2301,#2311,.T.);
#2309 = VERTEX_POINT('',#2310);
#2310 = CARTESIAN_POINT('',(8.,-19.75,-5.5));
#2311 = LINE('',#2312,#2313);
#2312 = CARTESIAN_POINT('',(8.,-19.75,7.546047120499E-14));
#2313 = VECTOR('',#2314,1.);
#2314 = DIRECTION('',(-0.,3.469446951954E-15,1.));
#2315 = ORIENTED_EDGE('',*,*,#2316,.F.);
#2316 = EDGE_CURVE('',#2291,#2309,#2317,.T.);
#2317 = LINE('',#2318,#2319);
#2318 = CARTESIAN_POINT('',(8.,-7.15,-5.5));
#2319 = VECTOR('',#2320,1.);
#2320 = DIRECTION('',(-0.,1.,-0.));
#2321 = PLANE('',#2322);
#2322 = AXIS2_PLACEMENT_3D('',#2323,#2324,#2325);
#2323 = CARTESIAN_POINT('',(8.,-7.15,-5.5));
#2324 = DIRECTION('',(1.,0.,0.));
#2325 = DIRECTION('',(0.,0.,-1.));
#2326 = ADVANCED_FACE('',(#2327),#2361,.F.);
#2327 = FACE_BOUND('',#2328,.T.);
#2328 = EDGE_LOOP('',(#2329,#2339,#2347,#2355));
#2329 = ORIENTED_EDGE('',*,*,#2330,.F.);
#2330 = EDGE_CURVE('',#2331,#2333,#2335,.T.);
#2331 = VERTEX_POINT('',#2332);
#2332 = CARTESIAN_POINT('',(32.,-19.75,-2.6));
#2333 = VERTEX_POINT('',#2334);
#2334 = CARTESIAN_POINT('',(32.,-19.75,-5.5));
#2335 = LINE('',#2336,#2337);
#2336 = CARTESIAN_POINT('',(32.,-19.75,7.546047120499E-14));
#2337 = VECTOR('',#2338,1.);
#2338 = DIRECTION('',(0.,-3.469446951954E-15,-1.));
#2339 = ORIENTED_EDGE('',*,*,#2340,.T.);
#2340 = EDGE_CURVE('',#2331,#2341,#2343,.T.);
#2341 = VERTEX_POINT('',#2342);
#2342 = CARTESIAN_POINT('',(32.,-21.75,-2.6));
#2343 = LINE('',#2344,#2345);
#2344 = CARTESIAN_POINT('',(32.,-19.75,-2.6));
#2345 = VECTOR('',#2346,1.);
#2346 = DIRECTION('',(0.,-1.,3.469446951954E-15));
#2347 = ORIENTED_EDGE('',*,*,#2348,.F.);
#2348 = EDGE_CURVE('',#2349,#2341,#2351,.T.);
#2349 = VERTEX_POINT('',#2350);
#2350 = CARTESIAN_POINT('',(32.,-21.75,-5.5));
#2351 = LINE('',#2352,#2353);
#2352 = CARTESIAN_POINT('',(32.,-21.75,-5.5));
#2353 = VECTOR('',#2354,1.);
#2354 = DIRECTION('',(-0.,-0.,1.));
#2355 = ORIENTED_EDGE('',*,*,#2356,.F.);
#2356 = EDGE_CURVE('',#2333,#2349,#2357,.T.);
#2357 = LINE('',#2358,#2359);
#2358 = CARTESIAN_POINT('',(32.,-7.15,-5.5));
#2359 = VECTOR('',#2360,1.);
#2360 = DIRECTION('',(0.,-1.,0.));
#2361 = PLANE('',#2362);
#2362 = AXIS2_PLACEMENT_3D('',#2363,#2364,#2365);
#2363 = CARTESIAN_POINT('',(32.,-7.15,-5.5));
#2364 = DIRECTION('',(-1.,0.,-0.));
#2365 = DIRECTION('',(0.,0.,1.));
#2366 = ADVANCED_FACE('',(#2367),#2401,.F.);
#2367 = FACE_BOUND('',#2368,.T.);
#2368 = EDGE_LOOP('',(#2369,#2379,#2387,#2395));
#2369 = ORIENTED_EDGE('',*,*,#2370,.T.);
#2370 = EDGE_CURVE('',#2371,#2373,#2375,.T.);
#2371 = VERTEX_POINT('',#2372);
#2372 = CARTESIAN_POINT('',(32.,-7.15,0.));
#2373 = VERTEX_POINT('',#2374);
#2374 = CARTESIAN_POINT('',(32.,-19.15,0.));
#2375 = LINE('',#2376,#2377);
#2376 = CARTESIAN_POINT('',(32.,-7.15,0.));
#2377 = VECTOR('',#2378,1.);
#2378 = DIRECTION('',(0.,-1.,0.));
#2379 = ORIENTED_EDGE('',*,*,#2380,.T.);
#2380 = EDGE_CURVE('',#2373,#2381,#2383,.T.);
#2381 = VERTEX_POINT('',#2382);
#2382 = CARTESIAN_POINT('',(32.,-19.15,-2.));
#2383 = LINE('',#2384,#2385);
#2384 = CARTESIAN_POINT('',(32.,-19.15,0.));
#2385 = VECTOR('',#2386,1.);
#2386 = DIRECTION('',(0.,-1.734723475977E-15,-1.));
#2387 = ORIENTED_EDGE('',*,*,#2388,.T.);
#2388 = EDGE_CURVE('',#2381,#2389,#2391,.T.);
#2389 = VERTEX_POINT('',#2390);
#2390 = CARTESIAN_POINT('',(32.,-7.15,-2.));
#2391 = LINE('',#2392,#2393);
#2392 = CARTESIAN_POINT('',(32.,0.,-2.));
#2393 = VECTOR('',#2394,1.);
#2394 = DIRECTION('',(0.,1.,0.));
#2395 = ORIENTED_EDGE('',*,*,#2396,.T.);
#2396 = EDGE_CURVE('',#2389,#2371,#2397,.T.);
#2397 = LINE('',#2398,#2399);
#2398 = CARTESIAN_POINT('',(32.,-7.15,-5.5));
#2399 = VECTOR('',#2400,1.);
#2400 = DIRECTION('',(-0.,-0.,1.));
#2401 = PLANE('',#2402);
#2402 = AXIS2_PLACEMENT_3D('',#2403,#2404,#2405);
#2403 = CARTESIAN_POINT('',(32.,-7.15,-5.5));
#2404 = DIRECTION('',(-1.,0.,-0.));
#2405 = DIRECTION('',(0.,0.,1.));
#2406 = ADVANCED_FACE('',(#2407),#2441,.F.);
#2407 = FACE_BOUND('',#2408,.T.);
#2408 = EDGE_LOOP('',(#2409,#2419,#2427,#2435));
#2409 = ORIENTED_EDGE('',*,*,#2410,.T.);
#2410 = EDGE_CURVE('',#2411,#2413,#2415,.T.);
#2411 = VERTEX_POINT('',#2412);
#2412 = CARTESIAN_POINT('',(48.,-7.15,-2.));
#2413 = VERTEX_POINT('',#2414);
#2414 = CARTESIAN_POINT('',(48.,-19.15,-2.));
#2415 = LINE('',#2416,#2417);
#2416 = CARTESIAN_POINT('',(48.,0.,-2.));
#2417 = VECTOR('',#2418,1.);
#2418 = DIRECTION('',(0.,-1.,0.));
#2419 = ORIENTED_EDGE('',*,*,#2420,.T.);
#2420 = EDGE_CURVE('',#2413,#2421,#2423,.T.);
#2421 = VERTEX_POINT('',#2422);
#2422 = CARTESIAN_POINT('',(48.,-19.15,0.));
#2423 = LINE('',#2424,#2425);
#2424 = CARTESIAN_POINT('',(48.,-19.15,-2.));
#2425 = VECTOR('',#2426,1.);
#2426 = DIRECTION('',(0.,1.734723475977E-15,1.));
#2427 = ORIENTED_EDGE('',*,*,#2428,.T.);
#2428 = EDGE_CURVE('',#2421,#2429,#2431,.T.);
#2429 = VERTEX_POINT('',#2430);
#2430 = CARTESIAN_POINT('',(48.,-7.15,0.));
#2431 = LINE('',#2432,#2433);
#2432 = CARTESIAN_POINT('',(48.,-7.15,0.));
#2433 = VECTOR('',#2434,1.);
#2434 = DIRECTION('',(-0.,1.,-0.));
#2435 = ORIENTED_EDGE('',*,*,#2436,.F.);
#2436 = EDGE_CURVE('',#2411,#2429,#2437,.T.);
#2437 = LINE('',#2438,#2439);
#2438 = CARTESIAN_POINT('',(48.,-7.15,-5.5));
#2439 = VECTOR('',#2440,1.);
#2440 = DIRECTION('',(-0.,-0.,1.));
#2441 = PLANE('',#2442);
#2442 = AXIS2_PLACEMENT_3D('',#2443,#2444,#2445);
#2443 = CARTESIAN_POINT('',(48.,-7.15,-5.5));
#2444 = DIRECTION('',(1.,0.,0.));
#2445 = DIRECTION('',(0.,0.,-1.));
#2446 = ADVANCED_FACE('',(#2447),#2481,.F.);
#2447 = FACE_BOUND('',#2448,.T.);
#2448 = EDGE_LOOP('',(#2449,#2459,#2467,#2475));
#2449 = ORIENTED_EDGE('',*,*,#2450,.T.);
#2450 = EDGE_CURVE('',#2451,#2453,#2455,.T.);
#2451 = VERTEX_POINT('',#2452);
#2452 = CARTESIAN_POINT('',(48.,-21.75,-5.5));
#2453 = VERTEX_POINT('',#2454);
#2454 = CARTESIAN_POINT('',(48.,-21.75,-2.6));
#2455 = LINE('',#2456,#2457);
#2456 = CARTESIAN_POINT('',(48.,-21.75,-5.5));
#2457 = VECTOR('',#2458,1.);
#2458 = DIRECTION('',(-0.,-0.,1.));
#2459 = ORIENTED_EDGE('',*,*,#2460,.T.);
#2460 = EDGE_CURVE('',#2453,#2461,#2463,.T.);
#2461 = VERTEX_POINT('',#2462);
#2462 = CARTESIAN_POINT('',(48.,-19.75,-2.6));
#2463 = LINE('',#2464,#2465);
#2464 = CARTESIAN_POINT('',(48.,-21.75,-2.6));
#2465 = VECTOR('',#2466,1.);
#2466 = DIRECTION('',(0.,1.,-3.469446951954E-15));
#2467 = ORIENTED_EDGE('',*,*,#2468,.F.);
#2468 = EDGE_CURVE('',#2469,#2461,#2471,.T.);
#2469 = VERTEX_POINT('',#2470);
#2470 = CARTESIAN_POINT('',(48.,-19.75,-5.5));
#2471 = LINE('',#2472,#2473);
#2472 = CARTESIAN_POINT('',(48.,-19.75,7.546047120499E-14));
#2473 = VECTOR('',#2474,1.);
#2474 = DIRECTION('',(-0.,3.469446951954E-15,1.));
#2475 = ORIENTED_EDGE('',*,*,#2476,.F.);
#2476 = EDGE_CURVE('',#2451,#2469,#2477,.T.);
#2477 = LINE('',#2478,#2479);
#2478 = CARTESIAN_POINT('',(48.,-7.15,-5.5));
#2479 = VECTOR('',#2480,1.);
#2480 = DIRECTION('',(-0.,1.,-0.));
#2481 = PLANE('',#2482);
#2482 = AXIS2_PLACEMENT_3D('',#2483,#2484,#2485);
#2483 = CARTESIAN_POINT('',(48.,-7.15,-5.5));
#2484 = DIRECTION('',(1.,0.,0.));
#2485 = DIRECTION('',(0.,0.,-1.));
#2486 = ADVANCED_FACE('',(#2487),#2521,.F.);
#2487 = FACE_BOUND('',#2488,.T.);
#2488 = EDGE_LOOP('',(#2489,#2499,#2507,#2515));
#2489 = ORIENTED_EDGE('',*,*,#2490,.F.);
#2490 = EDGE_CURVE('',#2491,#2493,#2495,.T.);
#2491 = VERTEX_POINT('',#2492);
#2492 = CARTESIAN_POINT('',(72.,-19.75,-2.6));
#2493 = VERTEX_POINT('',#2494);
#2494 = CARTESIAN_POINT('',(72.,-19.75,-5.5));
#2495 = LINE('',#2496,#2497);
#2496 = CARTESIAN_POINT('',(72.,-19.75,7.546047120499E-14));
#2497 = VECTOR('',#2498,1.);
#2498 = DIRECTION('',(0.,-3.469446951954E-15,-1.));
#2499 = ORIENTED_EDGE('',*,*,#2500,.T.);
#2500 = EDGE_CURVE('',#2491,#2501,#2503,.T.);
#2501 = VERTEX_POINT('',#2502);
#2502 = CARTESIAN_POINT('',(72.,-21.75,-2.6));
#2503 = LINE('',#2504,#2505);
#2504 = CARTESIAN_POINT('',(72.,-19.75,-2.6));
#2505 = VECTOR('',#2506,1.);
#2506 = DIRECTION('',(0.,-1.,3.469446951954E-15));
#2507 = ORIENTED_EDGE('',*,*,#2508,.F.);
#2508 = EDGE_CURVE('',#2509,#2501,#2511,.T.);
#2509 = VERTEX_POINT('',#2510);
#2510 = CARTESIAN_POINT('',(72.,-21.75,-5.5));
#2511 = LINE('',#2512,#2513);
#2512 = CARTESIAN_POINT('',(72.,-21.75,-5.5));
#2513 = VECTOR('',#2514,1.);
#2514 = DIRECTION('',(-0.,-0.,1.));
#2515 = ORIENTED_EDGE('',*,*,#2516,.F.);
#2516 = EDGE_CURVE('',#2493,#2509,#2517,.T.);
#2517 = LINE('',#2518,#2519);
#2518 = CARTESIAN_POINT('',(72.,-7.15,-5.5));
#2519 = VECTOR('',#2520,1.);
#2520 = DIRECTION('',(0.,-1.,0.));
#2521 = PLANE('',#2522);
#2522 = AXIS2_PLACEMENT_3D('',#2523,#2524,#2525);
#2523 = CARTESIAN_POINT('',(72.,-7.15,-5.5));
#2524 = DIRECTION('',(-1.,0.,-0.));
#2525 = DIRECTION('',(0.,0.,1.));
#2526 = ADVANCED_FACE('',(#2527),#2561,.F.);
#2527 = FACE_BOUND('',#2528,.T.);
#2528 = EDGE_LOOP('',(#2529,#2539,#2547,#2555));
#2529 = ORIENTED_EDGE('',*,*,#2530,.T.);
#2530 = EDGE_CURVE('',#2531,#2533,#2535,.T.);
#2531 = VERTEX_POINT('',#2532);
#2532 = CARTESIAN_POINT('',(72.,-7.15,0.));
#2533 = VERTEX_POINT('',#2534);
#2534 = CARTESIAN_POINT('',(72.,-19.15,0.));
#2535 = LINE('',#2536,#2537);
#2536 = CARTESIAN_POINT('',(72.,-7.15,0.));
#2537 = VECTOR('',#2538,1.);
#2538 = DIRECTION('',(0.,-1.,0.));
#2539 = ORIENTED_EDGE('',*,*,#2540,.T.);
#2540 = EDGE_CURVE('',#2533,#2541,#2543,.T.);
#2541 = VERTEX_POINT('',#2542);
#2542 = CARTESIAN_POINT('',(72.,-19.15,-2.));
#2543 = LINE('',#2544,#2545);
#2544 = CARTESIAN_POINT('',(72.,-19.15,0.));
#2545 = VECTOR('',#2546,1.);
#2546 = DIRECTION('',(0.,-1.734723475977E-15,-1.));
#2547 = ORIENTED_EDGE('',*,*,#2548,.T.);
#2548 = EDGE_CURVE('',#2541,#2549,#2551,.T.);
#2549 = VERTEX_POINT('',#2550);
#2550 = CARTESIAN_POINT('',(72.,-7.15,-2.));
#2551 = LINE('',#2552,#2553);
#2552 = CARTESIAN_POINT('',(72.,0.,-2.));
#2553 = VECTOR('',#2554,1.);
#2554 = DIRECTION('',(0.,1.,0.));
#2555 = ORIENTED_EDGE('',*,*,#2556,.T.);
#2556 = EDGE_CURVE('',#2549,#2531,#2557,.T.);
#2557 = LINE('',#2558,#2559);
#2558 = CARTESIAN_POINT('',(72.,-7.15,-5.5));
#2559 = VECTOR('',#2560,1.);
#2560 = DIRECTION('',(-0.,-0.,1.));
#2561 = PLANE('',#2562);
#2562 = AXIS2_PLACEMENT_3D('',#2563,#2564,#2565);
#2563 = CARTESIAN_POINT('',(72.,-7.15,-5.5));
#2564 = DIRECTION('',(-1.,0.,-0.));
#2565 = DIRECTION('',(0.,0.,1.));
#2566 = ADVANCED_FACE('',(#2567),#2601,.F.);
#2567 = FACE_BOUND('',#2568,.T.);
#2568 = EDGE_LOOP('',(#2569,#2579,#2587,#2595));
#2569 = ORIENTED_EDGE('',*,*,#2570,.T.);
#2570 = EDGE_CURVE('',#2571,#2573,#2575,.T.);
#2571 = VERTEX_POINT('',#2572);
#2572 = CARTESIAN_POINT('',(88.,-7.15,-2.));
#2573 = VERTEX_POINT('',#2574);
#2574 = CARTESIAN_POINT('',(88.,-19.15,-2.));
#2575 = LINE('',#2576,#2577);
#2576 = CARTESIAN_POINT('',(88.,0.,-2.));
#2577 = VECTOR('',#2578,1.);
#2578 = DIRECTION('',(0.,-1.,0.));
#2579 = ORIENTED_EDGE('',*,*,#2580,.T.);
#2580 = EDGE_CURVE('',#2573,#2581,#2583,.T.);
#2581 = VERTEX_POINT('',#2582);
#2582 = CARTESIAN_POINT('',(88.,-19.15,0.));
#2583 = LINE('',#2584,#2585);
#2584 = CARTESIAN_POINT('',(88.,-19.15,-2.));
#2585 = VECTOR('',#2586,1.);
#2586 = DIRECTION('',(0.,1.734723475977E-15,1.));
#2587 = ORIENTED_EDGE('',*,*,#2588,.T.);
#2588 = EDGE_CURVE('',#2581,#2589,#2591,.T.);
#2589 = VERTEX_POINT('',#2590);
#2590 = CARTESIAN_POINT('',(88.,-7.15,0.));
#2591 = LINE('',#2592,#2593);
#2592 = CARTESIAN_POINT('',(88.,-7.15,0.));
#2593 = VECTOR('',#2594,1.);
#2594 = DIRECTION('',(-0.,1.,-0.));
#2595 = ORIENTED_EDGE('',*,*,#2596,.F.);
#2596 = EDGE_CURVE('',#2571,#2589,#2597,.T.);
#2597 = LINE('',#2598,#2599);
#2598 = CARTESIAN_POINT('',(88.,-7.15,-5.5));
#2599 = VECTOR('',#2600,1.);
#2600 = DIRECTION('',(-0.,-0.,1.));
#2601 = PLANE('',#2602);
#2602 = AXIS2_PLACEMENT_3D('',#2603,#2604,#2605);
#2603 = CARTESIAN_POINT('',(88.,-7.15,-5.5));
#2604 = DIRECTION('',(1.,0.,0.));
#2605 = DIRECTION('',(0.,0.,-1.));
#2606 = ADVANCED_FACE('',(#2607),#2641,.F.);
#2607 = FACE_BOUND('',#2608,.T.);
#2608 = EDGE_LOOP('',(#2609,#2619,#2627,#2635));
#2609 = ORIENTED_EDGE('',*,*,#2610,.T.);
#2610 = EDGE_CURVE('',#2611,#2613,#2615,.T.);
#2611 = VERTEX_POINT('',#2612);
#2612 = CARTESIAN_POINT('',(88.,-21.75,-5.5));
#2613 = VERTEX_POINT('',#2614);
#2614 = CARTESIAN_POINT('',(88.,-21.75,-2.6));
#2615 = LINE('',#2616,#2617);
#2616 = CARTESIAN_POINT('',(88.,-21.75,-5.5));
#2617 = VECTOR('',#2618,1.);
#2618 = DIRECTION('',(-0.,-0.,1.));
#2619 = ORIENTED_EDGE('',*,*,#2620,.T.);
#2620 = EDGE_CURVE('',#2613,#2621,#2623,.T.);
#2621 = VERTEX_POINT('',#2622);
#2622 = CARTESIAN_POINT('',(88.,-19.75,-2.6));
#2623 = LINE('',#2624,#2625);
#2624 = CARTESIAN_POINT('',(88.,-21.75,-2.6));
#2625 = VECTOR('',#2626,1.);
#2626 = DIRECTION('',(0.,1.,-3.469446951954E-15));
#2627 = ORIENTED_EDGE('',*,*,#2628,.F.);
#2628 = EDGE_CURVE('',#2629,#2621,#2631,.T.);
#2629 = VERTEX_POINT('',#2630);
#2630 = CARTESIAN_POINT('',(88.,-19.75,-5.5));
#2631 = LINE('',#2632,#2633);
#2632 = CARTESIAN_POINT('',(88.,-19.75,7.546047120499E-14));
#2633 = VECTOR('',#2634,1.);
#2634 = DIRECTION('',(-0.,3.469446951954E-15,1.));
#2635 = ORIENTED_EDGE('',*,*,#2636,.F.);
#2636 = EDGE_CURVE('',#2611,#2629,#2637,.T.);
#2637 = LINE('',#2638,#2639);
#2638 = CARTESIAN_POINT('',(88.,-7.15,-5.5));
#2639 = VECTOR('',#2640,1.);
#2640 = DIRECTION('',(-0.,1.,-0.));
#2641 = PLANE('',#2642);
#2642 = AXIS2_PLACEMENT_3D('',#2643,#2644,#2645);
#2643 = CARTESIAN_POINT('',(88.,-7.15,-5.5));
#2644 = DIRECTION('',(1.,0.,0.));
#2645 = DIRECTION('',(0.,0.,-1.));
#2646 = ADVANCED_FACE('',(#2647),#2681,.F.);
#2647 = FACE_BOUND('',#2648,.T.);
#2648 = EDGE_LOOP('',(#2649,#2659,#2667,#2675));
#2649 = ORIENTED_EDGE('',*,*,#2650,.F.);
#2650 = EDGE_CURVE('',#2651,#2653,#2655,.T.);
#2651 = VERTEX_POINT('',#2652);
#2652 = CARTESIAN_POINT('',(112.,-19.75,-2.6));
#2653 = VERTEX_POINT('',#2654);
#2654 = CARTESIAN_POINT('',(112.,-19.75,-5.5));
#2655 = LINE('',#2656,#2657);
#2656 = CARTESIAN_POINT('',(112.,-19.75,7.546047120499E-14));
#2657 = VECTOR('',#2658,1.);
#2658 = DIRECTION('',(0.,-3.469446951954E-15,-1.));
#2659 = ORIENTED_EDGE('',*,*,#2660,.T.);
#2660 = EDGE_CURVE('',#2651,#2661,#2663,.T.);
#2661 = VERTEX_POINT('',#2662);
#2662 = CARTESIAN_POINT('',(112.,-21.75,-2.6));
#2663 = LINE('',#2664,#2665);
#2664 = CARTESIAN_POINT('',(112.,-19.75,-2.6));
#2665 = VECTOR('',#2666,1.);
#2666 = DIRECTION('',(0.,-1.,3.469446951954E-15));
#2667 = ORIENTED_EDGE('',*,*,#2668,.F.);
#2668 = EDGE_CURVE('',#2669,#2661,#2671,.T.);
#2669 = VERTEX_POINT('',#2670);
#2670 = CARTESIAN_POINT('',(112.,-21.75,-5.5));
#2671 = LINE('',#2672,#2673);
#2672 = CARTESIAN_POINT('',(112.,-21.75,-5.5));
#2673 = VECTOR('',#2674,1.);
#2674 = DIRECTION('',(-0.,-0.,1.));
#2675 = ORIENTED_EDGE('',*,*,#2676,.F.);
#2676 = EDGE_CURVE('',#2653,#2669,#2677,.T.);
#2677 = LINE('',#2678,#2679);
#2678 = CARTESIAN_POINT('',(112.,-7.15,-5.5));
#2679 = VECTOR('',#2680,1.);
#2680 = DIRECTION('',(0.,-1.,0.));
#2681 = PLANE('',#2682);
#2682 = AXIS2_PLACEMENT_3D('',#2683,#2684,#2685);
#2683 = CARTESIAN_POINT('',(112.,-7.15,-5.5));
#2684 = DIRECTION('',(-1.,0.,-0.));
#2685 = DIRECTION('',(0.,0.,1.));
#2686 = ADVANCED_FACE('',(#2687),#2721,.F.);
#2687 = FACE_BOUND('',#2688,.T.);
#2688 = EDGE_LOOP('',(#2689,#2699,#2707,#2715));
#2689 = ORIENTED_EDGE('',*,*,#2690,.T.);
#2690 = EDGE_CURVE('',#2691,#2693,#2695,.T.);
#2691 = VERTEX_POINT('',#2692);
#2692 = CARTESIAN_POINT('',(112.,-7.15,0.));
#2693 = VERTEX_POINT('',#2694);
#2694 = CARTESIAN_POINT('',(112.,-19.15,0.));
#2695 = LINE('',#2696,#2697);
#2696 = CARTESIAN_POINT('',(112.,-7.15,0.));
#2697 = VECTOR('',#2698,1.);
#2698 = DIRECTION('',(0.,-1.,0.));
#2699 = ORIENTED_EDGE('',*,*,#2700,.T.);
#2700 = EDGE_CURVE('',#2693,#2701,#2703,.T.);
#2701 = VERTEX_POINT('',#2702);
#2702 = CARTESIAN_POINT('',(112.,-19.15,-2.));
#2703 = LINE('',#2704,#2705);
#2704 = CARTESIAN_POINT('',(112.,-19.15,0.));
#2705 = VECTOR('',#2706,1.);
#2706 = DIRECTION('',(0.,-1.734723475977E-15,-1.));
#2707 = ORIENTED_EDGE('',*,*,#2708,.T.);
#2708 = EDGE_CURVE('',#2701,#2709,#2711,.T.);
#2709 = VERTEX_POINT('',#2710);
#2710 = CARTESIAN_POINT('',(112.,-7.15,-2.));
#2711 = LINE('',#2712,#2713);
#2712 = CARTESIAN_POINT('',(112.,0.,-2.));
#2713 = VECTOR('',#2714,1.);
#2714 = DIRECTION('',(0.,1.,0.));
#2715 = ORIENTED_EDGE('',*,*,#2716,.T.);
#2716 = EDGE_CURVE('',#2709,#2691,#2717,.T.);
#2717 = LINE('',#2718,#2719);
#2718 = CARTESIAN_POINT('',(112.,-7.15,-5.5));
#2719 = VECTOR('',#2720,1.);
#2720 = DIRECTION('',(-0.,-0.,1.));
#2721 = PLANE('',#2722);
#2722 = AXIS2_PLACEMENT_3D('',#2723,#2724,#2725);
#2723 = CARTESIAN_POINT('',(112.,-7.15,-5.5));
#2724 = DIRECTION('',(-1.,0.,-0.));
#2725 = DIRECTION('',(0.,0.,1.));
#2726 = ADVANCED_FACE('',(#2727),#2761,.F.);
#2727 = FACE_BOUND('',#2728,.T.);
#2728 = EDGE_LOOP('',(#2729,#2739,#2747,#2755));
#2729 = ORIENTED_EDGE('',*,*,#2730,.T.);
#2730 = EDGE_CURVE('',#2731,#2733,#2735,.T.);
#2731 = VERTEX_POINT('',#2732);
#2732 = CARTESIAN_POINT('',(128.,-7.15,-2.));
#2733 = VERTEX_POINT('',#2734);
#2734 = CARTESIAN_POINT('',(128.,-19.15,-2.));
#2735 = LINE('',#2736,#2737);
#2736 = CARTESIAN_POINT('',(128.,0.,-2.));
#2737 = VECTOR('',#2738,1.);
#2738 = DIRECTION('',(0.,-1.,0.));
#2739 = ORIENTED_EDGE('',*,*,#2740,.T.);
#2740 = EDGE_CURVE('',#2733,#2741,#2743,.T.);
#2741 = VERTEX_POINT('',#2742);
#2742 = CARTESIAN_POINT('',(128.,-19.15,0.));
#2743 = LINE('',#2744,#2745);
#2744 = CARTESIAN_POINT('',(128.,-19.15,-2.));
#2745 = VECTOR('',#2746,1.);
#2746 = DIRECTION('',(0.,1.734723475977E-15,1.));
#2747 = ORIENTED_EDGE('',*,*,#2748,.T.);
#2748 = EDGE_CURVE('',#2741,#2749,#2751,.T.);
#2749 = VERTEX_POINT('',#2750);
#2750 = CARTESIAN_POINT('',(128.,-7.15,0.));
#2751 = LINE('',#2752,#2753);
#2752 = CARTESIAN_POINT('',(128.,-7.15,0.));
#2753 = VECTOR('',#2754,1.);
#2754 = DIRECTION('',(-0.,1.,-0.));
#2755 = ORIENTED_EDGE('',*,*,#2756,.F.);
#2756 = EDGE_CURVE('',#2731,#2749,#2757,.T.);
#2757 = LINE('',#2758,#2759);
#2758 = CARTESIAN_POINT('',(128.,-7.15,-5.5));
#2759 = VECTOR('',#2760,1.);
#2760 = DIRECTION('',(-0.,-0.,1.));
#2761 = PLANE('',#2762);
#2762 = AXIS2_PLACEMENT_3D('',#2763,#2764,#2765);
#2763 = CARTESIAN_POINT('',(128.,-7.15,-5.5));
#2764 = DIRECTION('',(1.,0.,0.));
#2765 = DIRECTION('',(0.,0.,-1.));
#2766 = ADVANCED_FACE('',(#2767),#2801,.F.);
#2767 = FACE_BOUND('',#2768,.T.);
#2768 = EDGE_LOOP('',(#2769,#2779,#2787,#2795));
#2769 = ORIENTED_EDGE('',*,*,#2770,.T.);
#2770 = EDGE_CURVE('',#2771,#2773,#2775,.T.);
#2771 = VERTEX_POINT('',#2772);
#2772 = CARTESIAN_POINT('',(128.,-21.75,-5.5));
#2773 = VERTEX_POINT('',#2774);
#2774 = CARTESIAN_POINT('',(128.,-21.75,-2.6));
#2775 = LINE('',#2776,#2777);
#2776 = CARTESIAN_POINT('',(128.,-21.75,-5.5));
#2777 = VECTOR('',#2778,1.);
#2778 = DIRECTION('',(-0.,-0.,1.));
#2779 = ORIENTED_EDGE('',*,*,#2780,.T.);
#2780 = EDGE_CURVE('',#2773,#2781,#2783,.T.);
#2781 = VERTEX_POINT('',#2782);
#2782 = CARTESIAN_POINT('',(128.,-19.75,-2.6));
#2783 = LINE('',#2784,#2785);
#2784 = CARTESIAN_POINT('',(128.,-21.75,-2.6));
#2785 = VECTOR('',#2786,1.);
#2786 = DIRECTION('',(0.,1.,-3.469446951954E-15));
#2787 = ORIENTED_EDGE('',*,*,#2788,.F.);
#2788 = EDGE_CURVE('',#2789,#2781,#2791,.T.);
#2789 = VERTEX_POINT('',#2790);
#2790 = CARTESIAN_POINT('',(128.,-19.75,-5.5));
#2791 = LINE('',#2792,#2793);
#2792 = CARTESIAN_POINT('',(128.,-19.75,7.546047120499E-14));
#2793 = VECTOR('',#2794,1.);
#2794 = DIRECTION('',(-0.,3.469446951954E-15,1.));
#2795 = ORIENTED_EDGE('',*,*,#2796,.F.);
#2796 = EDGE_CURVE('',#2771,#2789,#2797,.T.);
#2797 = LINE('',#2798,#2799);
#2798 = CARTESIAN_POINT('',(128.,-7.15,-5.5));
#2799 = VECTOR('',#2800,1.);
#2800 = DIRECTION('',(-0.,1.,-0.));
#2801 = PLANE('',#2802);
#2802 = AXIS2_PLACEMENT_3D('',#2803,#2804,#2805);
#2803 = CARTESIAN_POINT('',(128.,-7.15,-5.5));
#2804 = DIRECTION('',(1.,0.,0.));
#2805 = DIRECTION('',(0.,0.,-1.));
#2806 = ADVANCED_FACE('',(#2807),#2841,.F.);
#2807 = FACE_BOUND('',#2808,.T.);
#2808 = EDGE_LOOP('',(#2809,#2819,#2827,#2835));
#2809 = ORIENTED_EDGE('',*,*,#2810,.F.);
#2810 = EDGE_CURVE('',#2811,#2813,#2815,.T.);
#2811 = VERTEX_POINT('',#2812);
#2812 = CARTESIAN_POINT('',(152.,-19.75,-2.6));
#2813 = VERTEX_POINT('',#2814);
#2814 = CARTESIAN_POINT('',(152.,-19.75,-5.5));
#2815 = LINE('',#2816,#2817);
#2816 = CARTESIAN_POINT('',(152.,-19.75,7.546047120499E-14));
#2817 = VECTOR('',#2818,1.);
#2818 = DIRECTION('',(0.,-3.469446951954E-15,-1.));
#2819 = ORIENTED_EDGE('',*,*,#2820,.T.);
#2820 = EDGE_CURVE('',#2811,#2821,#2823,.T.);
#2821 = VERTEX_POINT('',#2822);
#2822 = CARTESIAN_POINT('',(152.,-21.75,-2.6));
#2823 = LINE('',#2824,#2825);
#2824 = CARTESIAN_POINT('',(152.,-19.75,-2.6));
#2825 = VECTOR('',#2826,1.);
#2826 = DIRECTION('',(0.,-1.,3.469446951954E-15));
#2827 = ORIENTED_EDGE('',*,*,#2828,.F.);
#2828 = EDGE_CURVE('',#2829,#2821,#2831,.T.);
#2829 = VERTEX_POINT('',#2830);
#2830 = CARTESIAN_POINT('',(152.,-21.75,-5.5));
#2831 = LINE('',#2832,#2833);
#2832 = CARTESIAN_POINT('',(152.,-21.75,-5.5));
#2833 = VECTOR('',#2834,1.);
#2834 = DIRECTION('',(-0.,-0.,1.));
#2835 = ORIENTED_EDGE('',*,*,#2836,.F.);
#2836 = EDGE_CURVE('',#2813,#2829,#2837,.T.);
#2837 = LINE('',#2838,#2839);
#2838 = CARTESIAN_POINT('',(152.,-7.15,-5.5));
#2839 = VECTOR('',#2840,1.);
#2840 = DIRECTION('',(0.,-1.,0.));
#2841 = PLANE('',#2842);
#2842 = AXIS2_PLACEMENT_3D('',#2843,#2844,#2845);
#2843 = CARTESIAN_POINT('',(152.,-7.15,-5.5));
#2844 = DIRECTION('',(-1.,0.,-0.));
#2845 = DIRECTION('',(0.,0.,1.));
#2846 = ADVANCED_FACE('',(#2847),#2881,.F.);
#2847 = FACE_BOUND('',#2848,.T.);
#2848 = EDGE_LOOP('',(#2849,#2859,#2867,#2875));
#2849 = ORIENTED_EDGE('',*,*,#2850,.T.);
#2850 = EDGE_CURVE('',#2851,#2853,#2855,.T.);
#2851 = VERTEX_POINT('',#2852);
#2852 = CARTESIAN_POINT('',(152.,-7.15,0.));
#2853 = VERTEX_POINT('',#2854);
#2854 = CARTESIAN_POINT('',(152.,-19.15,0.));
#2855 = LINE('',#2856,#2857);
#2856 = CARTESIAN_POINT('',(152.,-7.15,0.));
#2857 = VECTOR('',#2858,1.);
#2858 = DIRECTION('',(0.,-1.,0.));
#2859 = ORIENTED_EDGE('',*,*,#2860,.T.);
#2860 = EDGE_CURVE('',#2853,#2861,#2863,.T.);
#2861 = VERTEX_POINT('',#2862);
#2862 = CARTESIAN_POINT('',(152.,-19.15,-2.));
#2863 = LINE('',#2864,#2865);
#2864 = CARTESIAN_POINT('',(152.,-19.15,0.));
#2865 = VECTOR('',#2866,1.);
#2866 = DIRECTION('',(0.,-1.734723475977E-15,-1.));
#2867 = ORIENTED_EDGE('',*,*,#2868,.T.);
#2868 = EDGE_CURVE('',#2861,#2869,#2871,.T.);
#2869 = VERTEX_POINT('',#2870);
#2870 = CARTESIAN_POINT('',(152.,-7.15,-2.));
#2871 = LINE('',#2872,#2873);
#2872 = CARTESIAN_POINT('',(152.,0.,-2.));
#2873 = VECTOR('',#2874,1.);
#2874 = DIRECTION('',(0.,1.,0.));
#2875 = ORIENTED_EDGE('',*,*,#2876,.T.);
#2876 = EDGE_CURVE('',#2869,#2851,#2877,.T.);
#2877 = LINE('',#2878,#2879);
#2878 = CARTESIAN_POINT('',(152.,-7.15,-5.5));
#2879 = VECTOR('',#2880,1.);
#2880 = DIRECTION('',(-0.,-0.,1.));
#2881 = PLANE('',#2882);
#2882 = AXIS2_PLACEMENT_3D('',#2883,#2884,#2885);
#2883 = CARTESIAN_POINT('',(152.,-7.15,-5.5));
#2884 = DIRECTION('',(-1.,0.,-0.));
#2885 = DIRECTION('',(0.,0.,1.));
#2886 = ADVANCED_FACE('',(#2887),#2921,.F.);
#2887 = FACE_BOUND('',#2888,.T.);
#2888 = EDGE_LOOP('',(#2889,#2899,#2907,#2915));
#2889 = ORIENTED_EDGE('',*,*,#2890,.T.);
#2890 = EDGE_CURVE('',#2891,#2893,#2895,.T.);
#2891 = VERTEX_POINT('',#2892);
#2892 = CARTESIAN_POINT('',(168.,-7.15,-2.));
#2893 = VERTEX_POINT('',#2894);
#2894 = CARTESIAN_POINT('',(168.,-19.15,-2.));
#2895 = LINE('',#2896,#2897);
#2896 = CARTESIAN_POINT('',(168.,0.,-2.));
#2897 = VECTOR('',#2898,1.);
#2898 = DIRECTION('',(0.,-1.,0.));
#2899 = ORIENTED_EDGE('',*,*,#2900,.T.);
#2900 = EDGE_CURVE('',#2893,#2901,#2903,.T.);
#2901 = VERTEX_POINT('',#2902);
#2902 = CARTESIAN_POINT('',(168.,-19.15,0.));
#2903 = LINE('',#2904,#2905);
#2904 = CARTESIAN_POINT('',(168.,-19.15,-2.));
#2905 = VECTOR('',#2906,1.);
#2906 = DIRECTION('',(0.,1.734723475977E-15,1.));
#2907 = ORIENTED_EDGE('',*,*,#2908,.T.);
#2908 = EDGE_CURVE('',#2901,#2909,#2911,.T.);
#2909 = VERTEX_POINT('',#2910);
#2910 = CARTESIAN_POINT('',(168.,-7.15,0.));
#2911 = LINE('',#2912,#2913);
#2912 = CARTESIAN_POINT('',(168.,-7.15,0.));
#2913 = VECTOR('',#2914,1.);
#2914 = DIRECTION('',(-0.,1.,-0.));
#2915 = ORIENTED_EDGE('',*,*,#2916,.F.);
#2916 = EDGE_CURVE('',#2891,#2909,#2917,.T.);
#2917 = LINE('',#2918,#2919);
#2918 = CARTESIAN_POINT('',(168.,-7.15,-5.5));
#2919 = VECTOR('',#2920,1.);
#2920 = DIRECTION('',(-0.,-0.,1.));
#2921 = PLANE('',#2922);
#2922 = AXIS2_PLACEMENT_3D('',#2923,#2924,#2925);
#2923 = CARTESIAN_POINT('',(168.,-7.15,-5.5));
#2924 = DIRECTION('',(1.,0.,0.));
#2925 = DIRECTION('',(0.,0.,-1.));
#2926 = ADVANCED_FACE('',(#2927),#2961,.F.);
#2927 = FACE_BOUND('',#2928,.T.);
#2928 = EDGE_LOOP('',(#2929,#2939,#2947,#2955));
#2929 = ORIENTED_EDGE('',*,*,#2930,.T.);
#2930 = EDGE_CURVE('',#2931,#2933,#2935,.T.);
#2931 = VERTEX_POINT('',#2932);
#2932 = CARTESIAN_POINT('',(168.,-21.75,-5.5));
#2933 = VERTEX_POINT('',#2934);
#2934 = CARTESIAN_POINT('',(168.,-21.75,-2.6));
#2935 = LINE('',#2936,#2937);
#2936 = CARTESIAN_POINT('',(168.,-21.75,-5.5));
#2937 = VECTOR('',#2938,1.);
#2938 = DIRECTION('',(-0.,-0.,1.));
#2939 = ORIENTED_EDGE('',*,*,#2940,.T.);
#2940 = EDGE_CURVE('',#2933,#2941,#2943,.T.);
#2941 = VERTEX_POINT('',#2942);
#2942 = CARTESIAN_POINT('',(168.,-19.75,-2.6));
#2943 = LINE('',#2944,#2945);
#2944 = CARTESIAN_POINT('',(168.,-21.75,-2.6));
#2945 = VECTOR('',#2946,1.);
#2946 = DIRECTION('',(0.,1.,-3.469446951954E-15));
#2947 = ORIENTED_EDGE('',*,*,#2948,.F.);
#2948 = EDGE_CURVE('',#2949,#2941,#2951,.T.);
#2949 = VERTEX_POINT('',#2950);
#2950 = CARTESIAN_POINT('',(168.,-19.75,-5.5));
#2951 = LINE('',#2952,#2953);
#2952 = CARTESIAN_POINT('',(168.,-19.75,7.546047120499E-14));
#2953 = VECTOR('',#2954,1.);
#2954 = DIRECTION('',(-0.,3.469446951954E-15,1.));
#2955 = ORIENTED_EDGE('',*,*,#2956,.F.);
#2956 = EDGE_CURVE('',#2931,#2949,#2957,.T.);
#2957 = LINE('',#2958,#2959);
#2958 = CARTESIAN_POINT('',(168.,-7.15,-5.5));
#2959 = VECTOR('',#2960,1.);
#2960 = DIRECTION('',(-0.,1.,-0.));
#2961 = PLANE('',#2962);
#2962 = AXIS2_PLACEMENT_3D('',#2963,#2964,#2965);
#2963 = CARTESIAN_POINT('',(168.,-7.15,-5.5));
#2964 = DIRECTION('',(1.,0.,0.));
#2965 = DIRECTION('',(0.,0.,-1.));
#2966 = ADVANCED_FACE('',(#2967),#3001,.F.);
#2967 = FACE_BOUND('',#2968,.T.);
#2968 = EDGE_LOOP('',(#2969,#2979,#2987,#2995));
#2969 = ORIENTED_EDGE('',*,*,#2970,.F.);
#2970 = EDGE_CURVE('',#2971,#2973,#2975,.T.);
#2971 = VERTEX_POINT('',#2972);
#2972 = CARTESIAN_POINT('',(192.,-19.75,-2.6));
#2973 = VERTEX_POINT('',#2974);
#2974 = CARTESIAN_POINT('',(192.,-19.75,-5.5));
#2975 = LINE('',#2976,#2977);
#2976 = CARTESIAN_POINT('',(192.,-19.75,7.546047120499E-14));
#2977 = VECTOR('',#2978,1.);
#2978 = DIRECTION('',(0.,-3.469446951954E-15,-1.));
#2979 = ORIENTED_EDGE('',*,*,#2980,.T.);
#2980 = EDGE_CURVE('',#2971,#2981,#2983,.T.);
#2981 = VERTEX_POINT('',#2982);
#2982 = CARTESIAN_POINT('',(192.,-21.75,-2.6));
#2983 = LINE('',#2984,#2985);
#2984 = CARTESIAN_POINT('',(192.,-19.75,-2.6));
#2985 = VECTOR('',#2986,1.);
#2986 = DIRECTION('',(0.,-1.,3.469446951954E-15));
#2987 = ORIENTED_EDGE('',*,*,#2988,.F.);
#2988 = EDGE_CURVE('',#2989,#2981,#2991,.T.);
#2989 = VERTEX_POINT('',#2990);
#2990 = CARTESIAN_POINT('',(192.,-21.75,-5.5));
#2991 = LINE('',#2992,#2993);
#2992 = CARTESIAN_POINT('',(192.,-21.75,-5.5));
#2993 = VECTOR('',#2994,1.);
#2994 = DIRECTION('',(-0.,-0.,1.));
#2995 = ORIENTED_EDGE('',*,*,#2996,.F.);
#2996 = EDGE_CURVE('',#2973,#2989,#2997,.T.);
#2997 = LINE('',#2998,#2999);
#2998 = CARTESIAN_POINT('',(192.,-7.15,-5.5));
#2999 = VECTOR('',#3000,1.);
#3000 = DIRECTION('',(0.,-1.,0.));
#3001 = PLANE('',#3002);
#3002 = AXIS2_PLACEMENT_3D('',#3003,#3004,#3005);
#3003 = CARTESIAN_POINT('',(192.,-7.15,-5.5));
#3004 = DIRECTION('',(-1.,0.,-0.));
#3005 = DIRECTION('',(0.,0.,1.));
#3006 = ADVANCED_FACE('',(#3007),#3041,.F.);
#3007 = FACE_BOUND('',#3008,.T.);
#3008 = EDGE_LOOP('',(#3009,#3019,#3027,#3035));
#3009 = ORIENTED_EDGE('',*,*,#3010,.T.);
#3010 = EDGE_CURVE('',#3011,#3013,#3015,.T.);
#3011 = VERTEX_POINT('',#3012);
#3012 = CARTESIAN_POINT('',(192.,-7.15,0.));
#3013 = VERTEX_POINT('',#3014);
#3014 = CARTESIAN_POINT('',(192.,-19.15,0.));
#3015 = LINE('',#3016,#3017);
#3016 = CARTESIAN_POINT('',(192.,-7.15,0.));
#3017 = VECTOR('',#3018,1.);
#3018 = DIRECTION('',(0.,-1.,0.));
#3019 = ORIENTED_EDGE('',*,*,#3020,.T.);
#3020 = EDGE_CURVE('',#3013,#3021,#3023,.T.);
#3021 = VERTEX_POINT('',#3022);
#3022 = CARTESIAN_POINT('',(192.,-19.15,-2.));
#3023 = LINE('',#3024,#3025);
#3024 = CARTESIAN_POINT('',(192.,-19.15,0.));
#3025 = VECTOR('',#3026,1.);
#3026 = DIRECTION('',(0.,-1.734723475977E-15,-1.));
#3027 = ORIENTED_EDGE('',*,*,#3028,.T.);
#3028 = EDGE_CURVE('',#3021,#3029,#3031,.T.);
#3029 = VERTEX_POINT('',#3030);
#3030 = CARTESIAN_POINT('',(192.,-7.15,-2.));
#3031 = LINE('',#3032,#3033);
#3032 = CARTESIAN_POINT('',(192.,0.,-2.));
#3033 = VECTOR('',#3034,1.);
#3034 = DIRECTION('',(0.,1.,0.));
#3035 = ORIENTED_EDGE('',*,*,#3036,.T.);
#3036 = EDGE_CURVE('',#3029,#3011,#3037,.T.);
#3037 = LINE('',#3038,#3039);
#3038 = CARTESIAN_POINT('',(192.,-7.15,-5.5));
#3039 = VECTOR('',#3040,1.);
#3040 = DIRECTION('',(-0.,-0.,1.));
#3041 = PLANE('',#3042);
#3042 = AXIS2_PLACEMENT_3D('',#3043,#3044,#3045);
#3043 = CARTESIAN_POINT('',(192.,-7.15,-5.5));
#3044 = DIRECTION('',(-1.,0.,-0.));
#3045 = DIRECTION('',(0.,0.,1.));
#3046 = ADVANCED_FACE('',(#3047),#3081,.F.);
#3047 = FACE_BOUND('',#3048,.T.);
#3048 = EDGE_LOOP('',(#3049,#3059,#3067,#3075));
#3049 = ORIENTED_EDGE('',*,*,#3050,.T.);
#3050 = EDGE_CURVE('',#3051,#3053,#3055,.T.);
#3051 = VERTEX_POINT('',#3052);
#3052 = CARTESIAN_POINT('',(208.,-7.15,-2.));
#3053 = VERTEX_POINT('',#3054);
#3054 = CARTESIAN_POINT('',(208.,-19.15,-2.));
#3055 = LINE('',#3056,#3057);
#3056 = CARTESIAN_POINT('',(208.,0.,-2.));
#3057 = VECTOR('',#3058,1.);
#3058 = DIRECTION('',(0.,-1.,0.));
#3059 = ORIENTED_EDGE('',*,*,#3060,.T.);
#3060 = EDGE_CURVE('',#3053,#3061,#3063,.T.);
#3061 = VERTEX_POINT('',#3062);
#3062 = CARTESIAN_POINT('',(208.,-19.15,0.));
#3063 = LINE('',#3064,#3065);
#3064 = CARTESIAN_POINT('',(208.,-19.15,-2.));
#3065 = VECTOR('',#3066,1.);
#3066 = DIRECTION('',(0.,1.734723475977E-15,1.));
#3067 = ORIENTED_EDGE('',*,*,#3068,.T.);
#3068 = EDGE_CURVE('',#3061,#3069,#3071,.T.);
#3069 = VERTEX_POINT('',#3070);
#3070 = CARTESIAN_POINT('',(208.,-7.15,0.));
#3071 = LINE('',#3072,#3073);
#3072 = CARTESIAN_POINT('',(208.,-7.15,0.));
#3073 = VECTOR('',#3074,1.);
#3074 = DIRECTION('',(-0.,1.,-0.));
#3075 = ORIENTED_EDGE('',*,*,#3076,.F.);
#3076 = EDGE_CURVE('',#3051,#3069,#3077,.T.);
#3077 = LINE('',#3078,#3079);
#3078 = CARTESIAN_POINT('',(208.,-7.15,-5.5));
#3079 = VECTOR('',#3080,1.);
#3080 = DIRECTION('',(-0.,-0.,1.));
#3081 = PLANE('',#3082);
#3082 = AXIS2_PLACEMENT_3D('',#3083,#3084,#3085);
#3083 = CARTESIAN_POINT('',(208.,-7.15,-5.5));
#3084 = DIRECTION('',(1.,0.,0.));
#3085 = DIRECTION('',(0.,0.,-1.));
#3086 = ADVANCED_FACE('',(#3087),#3121,.F.);
#3087 = FACE_BOUND('',#3088,.T.);
#3088 = EDGE_LOOP('',(#3089,#3099,#3107,#3115));
#3089 = ORIENTED_EDGE('',*,*,#3090,.T.);
#3090 = EDGE_CURVE('',#3091,#3093,#3095,.T.);
#3091 = VERTEX_POINT('',#3092);
#3092 = CARTESIAN_POINT('',(208.,-21.75,-5.5));
#3093 = VERTEX_POINT('',#3094);
#3094 = CARTESIAN_POINT('',(208.,-21.75,-2.6));
#3095 = LINE('',#3096,#3097);
#3096 = CARTESIAN_POINT('',(208.,-21.75,-5.5));
#3097 = VECTOR('',#3098,1.);
#3098 = DIRECTION('',(-0.,-0.,1.));
#3099 = ORIENTED_EDGE('',*,*,#3100,.T.);
#3100 = EDGE_CURVE('',#3093,#3101,#3103,.T.);
#3101 = VERTEX_POINT('',#3102);
#3102 = CARTESIAN_POINT('',(208.,-19.75,-2.6));
#3103 = LINE('',#3104,#3105);
#3104 = CARTESIAN_POINT('',(208.,-21.75,-2.6));
#3105 = VECTOR('',#3106,1.);
#3106 = DIRECTION('',(0.,1.,-3.469446951954E-15));
#3107 = ORIENTED_EDGE('',*,*,#3108,.F.);
#3108 = EDGE_CURVE('',#3109,#3101,#3111,.T.);
#3109 = VERTEX_POINT('',#3110);
#3110 = CARTESIAN_POINT('',(208.,-19.75,-5.5));
#3111 = LINE('',#3112,#3113);
#3112 = CARTESIAN_POINT('',(208.,-19.75,7.546047120499E-14));
#3113 = VECTOR('',#3114,1.);
#3114 = DIRECTION('',(-0.,3.469446951954E-15,1.));
#3115 = ORIENTED_EDGE('',*,*,#3116,.F.);
#3116 = EDGE_CURVE('',#3091,#3109,#3117,.T.);
#3117 = LINE('',#3118,#3119);
#3118 = CARTESIAN_POINT('',(208.,-7.15,-5.5));
#3119 = VECTOR('',#3120,1.);
#3120 = DIRECTION('',(-0.,1.,-0.));
#3121 = PLANE('',#3122);
#3122 = AXIS2_PLACEMENT_3D('',#3123,#3124,#3125);
#3123 = CARTESIAN_POINT('',(208.,-7.15,-5.5));
#3124 = DIRECTION('',(1.,0.,0.));
#3125 = DIRECTION('',(0.,0.,-1.));
#3126 = ADVANCED_FACE('',(#3127),#3161,.F.);
#3127 = FACE_BOUND('',#3128,.T.);
#3128 = EDGE_LOOP('',(#3129,#3139,#3147,#3155));
#3129 = ORIENTED_EDGE('',*,*,#3130,.T.);
#3130 = EDGE_CURVE('',#3131,#3133,#3135,.T.);
#3131 = VERTEX_POINT('',#3132);
#3132 = CARTESIAN_POINT('',(192.,-3.25,8.334080756472E-15));
#3133 = VERTEX_POINT('',#3134);
#3134 = CARTESIAN_POINT('',(208.,-3.25,8.334080756472E-15));
#3135 = LINE('',#3136,#3137);
#3136 = CARTESIAN_POINT('',(208.,-3.25,8.334080756472E-15));
#3137 = VECTOR('',#3138,1.);
#3138 = DIRECTION('',(1.,1.084202172486E-16,-0.));
#3139 = ORIENTED_EDGE('',*,*,#3140,.F.);
#3140 = EDGE_CURVE('',#3141,#3133,#3143,.T.);
#3141 = VERTEX_POINT('',#3142);
#3142 = CARTESIAN_POINT('',(208.,-3.25,-2.));
#3143 = LINE('',#3144,#3145);
#3144 = CARTESIAN_POINT('',(208.,-3.25,-2.));
#3145 = VECTOR('',#3146,1.);
#3146 = DIRECTION('',(-0.,-0.,1.));
#3147 = ORIENTED_EDGE('',*,*,#3148,.F.);
#3148 = EDGE_CURVE('',#3149,#3141,#3151,.T.);
#3149 = VERTEX_POINT('',#3150);
#3150 = CARTESIAN_POINT('',(192.,-3.25,-2.));
#3151 = LINE('',#3152,#3153);
#3152 = CARTESIAN_POINT('',(208.,-3.25,-2.));
#3153 = VECTOR('',#3154,1.);
#3154 = DIRECTION('',(1.,1.084202172486E-16,-0.));
#3155 = ORIENTED_EDGE('',*,*,#3156,.T.);
#3156 = EDGE_CURVE('',#3149,#3131,#3157,.T.);
#3157 = LINE('',#3158,#3159);
#3158 = CARTESIAN_POINT('',(192.,-3.25,-2.));
#3159 = VECTOR('',#3160,1.);
#3160 = DIRECTION('',(-0.,-0.,1.));
#3161 = PLANE('',#3162);
#3162 = AXIS2_PLACEMENT_3D('',#3163,#3164,#3165);
#3163 = CARTESIAN_POINT('',(208.,-3.25,-2.));
#3164 = DIRECTION('',(1.084202172486E-16,-1.,0.));
#3165 = DIRECTION('',(1.,1.084202172486E-16,0.));
#3166 = ADVANCED_FACE('',(#3167),#3192,.F.);
#3167 = FACE_BOUND('',#3168,.T.);
#3168 = EDGE_LOOP('',(#3169,#3177,#3185,#3191));
#3169 = ORIENTED_EDGE('',*,*,#3170,.T.);
#3170 = EDGE_CURVE('',#3133,#3171,#3173,.T.);
#3171 = VERTEX_POINT('',#3172);
#3172 = CARTESIAN_POINT('',(208.,12.75,8.334080756472E-15));
#3173 = LINE('',#3174,#3175);
#3174 = CARTESIAN_POINT('',(208.,-3.25,8.334080756472E-15));
#3175 = VECTOR('',#3176,1.);
#3176 = DIRECTION('',(0.,1.,0.));
#3177 = ORIENTED_EDGE('',*,*,#3178,.F.);
#3178 = EDGE_CURVE('',#3179,#3171,#3181,.T.);
#3179 = VERTEX_POINT('',#3180);
#3180 = CARTESIAN_POINT('',(208.,12.75,-2.));
#3181 = LINE('',#3182,#3183);
#3182 = CARTESIAN_POINT('',(208.,12.75,-2.));
#3183 = VECTOR('',#3184,1.);
#3184 = DIRECTION('',(-0.,-0.,1.));
#3185 = ORIENTED_EDGE('',*,*,#3186,.F.);
#3186 = EDGE_CURVE('',#3141,#3179,#3187,.T.);
#3187 = LINE('',#3188,#3189);
#3188 = CARTESIAN_POINT('',(208.,-3.25,-2.));
#3189 = VECTOR('',#3190,1.);
#3190 = DIRECTION('',(0.,1.,0.));
#3191 = ORIENTED_EDGE('',*,*,#3140,.T.);
#3192 = PLANE('',#3193);
#3193 = AXIS2_PLACEMENT_3D('',#3194,#3195,#3196);
#3194 = CARTESIAN_POINT('',(208.,-3.25,-2.));
#3195 = DIRECTION('',(1.,-0.,0.));
#3196 = DIRECTION('',(0.,0.,-1.));
#3197 = ADVANCED_FACE('',(#3198),#3223,.F.);
#3198 = FACE_BOUND('',#3199,.T.);
#3199 = EDGE_LOOP('',(#3200,#3208,#3216,#3222));
#3200 = ORIENTED_EDGE('',*,*,#3201,.T.);
#3201 = EDGE_CURVE('',#3171,#3202,#3204,.T.);
#3202 = VERTEX_POINT('',#3203);
#3203 = CARTESIAN_POINT('',(192.,12.75,8.334080756472E-15));
#3204 = LINE('',#3205,#3206);
#3205 = CARTESIAN_POINT('',(208.,12.75,8.334080756472E-15));
#3206 = VECTOR('',#3207,1.);
#3207 = DIRECTION('',(-1.,-2.168404344971E-16,0.));
#3208 = ORIENTED_EDGE('',*,*,#3209,.F.);
#3209 = EDGE_CURVE('',#3210,#3202,#3212,.T.);
#3210 = VERTEX_POINT('',#3211);
#3211 = CARTESIAN_POINT('',(192.,12.75,-2.));
#3212 = LINE('',#3213,#3214);
#3213 = CARTESIAN_POINT('',(192.,12.75,-2.));
#3214 = VECTOR('',#3215,1.);
#3215 = DIRECTION('',(-0.,-0.,1.));
#3216 = ORIENTED_EDGE('',*,*,#3217,.F.);
#3217 = EDGE_CURVE('',#3179,#3210,#3218,.T.);
#3218 = LINE('',#3219,#3220);
#3219 = CARTESIAN_POINT('',(208.,12.75,-2.));
#3220 = VECTOR('',#3221,1.);
#3221 = DIRECTION('',(-1.,-2.168404344971E-16,0.));
#3222 = ORIENTED_EDGE('',*,*,#3178,.T.);
#3223 = PLANE('',#3224);
#3224 = AXIS2_PLACEMENT_3D('',#3225,#3226,#3227);
#3225 = CARTESIAN_POINT('',(208.,12.75,-2.));
#3226 = DIRECTION('',(-2.168404344971E-16,1.,0.));
#3227 = DIRECTION('',(-1.,-2.168404344971E-16,0.));
#3228 = ADVANCED_FACE('',(#3229),#3245,.F.);
#3229 = FACE_BOUND('',#3230,.T.);
#3230 = EDGE_LOOP('',(#3231,#3237,#3238,#3244));
#3231 = ORIENTED_EDGE('',*,*,#3232,.T.);
#3232 = EDGE_CURVE('',#3202,#3131,#3233,.T.);
#3233 = LINE('',#3234,#3235);
#3234 = CARTESIAN_POINT('',(192.,-3.25,8.334080756472E-15));
#3235 = VECTOR('',#3236,1.);
#3236 = DIRECTION('',(-0.,-1.,-0.));
#3237 = ORIENTED_EDGE('',*,*,#3156,.F.);
#3238 = ORIENTED_EDGE('',*,*,#3239,.F.);
#3239 = EDGE_CURVE('',#3210,#3149,#3240,.T.);
#3240 = LINE('',#3241,#3242);
#3241 = CARTESIAN_POINT('',(192.,-3.25,-2.));
#3242 = VECTOR('',#3243,1.);
#3243 = DIRECTION('',(-0.,-1.,-0.));
#3244 = ORIENTED_EDGE('',*,*,#3209,.T.);
#3245 = PLANE('',#3246);
#3246 = AXIS2_PLACEMENT_3D('',#3247,#3248,#3249);
#3247 = CARTESIAN_POINT('',(192.,-3.25,-2.));
#3248 = DIRECTION('',(-1.,0.,0.));
#3249 = DIRECTION('',(0.,0.,1.));
#3250 = ADVANCED_FACE('',(#3251),#3285,.F.);
#3251 = FACE_BOUND('',#3252,.T.);
#3252 = EDGE_LOOP('',(#3253,#3263,#3271,#3279));
#3253 = ORIENTED_EDGE('',*,*,#3254,.T.);
#3254 = EDGE_CURVE('',#3255,#3257,#3259,.T.);
#3255 = VERTEX_POINT('',#3256);
#3256 = CARTESIAN_POINT('',(172.,-3.25,7.917376718649E-15));
#3257 = VERTEX_POINT('',#3258);
#3258 = CARTESIAN_POINT('',(188.,-3.25,7.917376718649E-15));
#3259 = LINE('',#3260,#3261);
#3260 = CARTESIAN_POINT('',(188.,-3.25,7.917376718649E-15));
#3261 = VECTOR('',#3262,1.);
#3262 = DIRECTION('',(1.,1.084202172486E-16,-0.));
#3263 = ORIENTED_EDGE('',*,*,#3264,.F.);
#3264 = EDGE_CURVE('',#3265,#3257,#3267,.T.);
#3265 = VERTEX_POINT('',#3266);
#3266 = CARTESIAN_POINT('',(188.,-3.25,-2.));
#3267 = LINE('',#3268,#3269);
#3268 = CARTESIAN_POINT('',(188.,-3.25,-2.));
#3269 = VECTOR('',#3270,1.);
#3270 = DIRECTION('',(-0.,-0.,1.));
#3271 = ORIENTED_EDGE('',*,*,#3272,.F.);
#3272 = EDGE_CURVE('',#3273,#3265,#3275,.T.);
#3273 = VERTEX_POINT('',#3274);
#3274 = CARTESIAN_POINT('',(172.,-3.25,-2.));
#3275 = LINE('',#3276,#3277);
#3276 = CARTESIAN_POINT('',(188.,-3.25,-2.));
#3277 = VECTOR('',#3278,1.);
#3278 = DIRECTION('',(1.,1.084202172486E-16,-0.));
#3279 = ORIENTED_EDGE('',*,*,#3280,.T.);
#3280 = EDGE_CURVE('',#3273,#3255,#3281,.T.);
#3281 = LINE('',#3282,#3283);
#3282 = CARTESIAN_POINT('',(172.,-3.25,-2.));
#3283 = VECTOR('',#3284,1.);
#3284 = DIRECTION('',(-0.,-0.,1.));
#3285 = PLANE('',#3286);
#3286 = AXIS2_PLACEMENT_3D('',#3287,#3288,#3289);
#3287 = CARTESIAN_POINT('',(188.,-3.25,-2.));
#3288 = DIRECTION('',(1.084202172486E-16,-1.,0.));
#3289 = DIRECTION('',(1.,1.084202172486E-16,0.));
#3290 = ADVANCED_FACE('',(#3291),#3316,.F.);
#3291 = FACE_BOUND('',#3292,.T.);
#3292 = EDGE_LOOP('',(#3293,#3301,#3309,#3315));
#3293 = ORIENTED_EDGE('',*,*,#3294,.T.);
#3294 = EDGE_CURVE('',#3257,#3295,#3297,.T.);
#3295 = VERTEX_POINT('',#3296);
#3296 = CARTESIAN_POINT('',(188.,12.75,7.917376718649E-15));
#3297 = LINE('',#3298,#3299);
#3298 = CARTESIAN_POINT('',(188.,-3.25,7.917376718649E-15));
#3299 = VECTOR('',#3300,1.);
#3300 = DIRECTION('',(0.,1.,0.));
#3301 = ORIENTED_EDGE('',*,*,#3302,.F.);
#3302 = EDGE_CURVE('',#3303,#3295,#3305,.T.);
#3303 = VERTEX_POINT('',#3304);
#3304 = CARTESIAN_POINT('',(188.,12.75,-2.));
#3305 = LINE('',#3306,#3307);
#3306 = CARTESIAN_POINT('',(188.,12.75,-2.));
#3307 = VECTOR('',#3308,1.);
#3308 = DIRECTION('',(-0.,-0.,1.));
#3309 = ORIENTED_EDGE('',*,*,#3310,.F.);
#3310 = EDGE_CURVE('',#3265,#3303,#3311,.T.);
#3311 = LINE('',#3312,#3313);
#3312 = CARTESIAN_POINT('',(188.,-3.25,-2.));
#3313 = VECTOR('',#3314,1.);
#3314 = DIRECTION('',(0.,1.,0.));
#3315 = ORIENTED_EDGE('',*,*,#3264,.T.);
#3316 = PLANE('',#3317);
#3317 = AXIS2_PLACEMENT_3D('',#3318,#3319,#3320);
#3318 = CARTESIAN_POINT('',(188.,-3.25,-2.));
#3319 = DIRECTION('',(1.,-0.,0.));
#3320 = DIRECTION('',(0.,0.,-1.));
#3321 = ADVANCED_FACE('',(#3322),#3347,.F.);
#3322 = FACE_BOUND('',#3323,.T.);
#3323 = EDGE_LOOP('',(#3324,#3332,#3340,#3346));
#3324 = ORIENTED_EDGE('',*,*,#3325,.T.);
#3325 = EDGE_CURVE('',#3295,#3326,#3328,.T.);
#3326 = VERTEX_POINT('',#3327);
#3327 = CARTESIAN_POINT('',(172.,12.75,7.917376718649E-15));
#3328 = LINE('',#3329,#3330);
#3329 = CARTESIAN_POINT('',(188.,12.75,7.917376718649E-15));
#3330 = VECTOR('',#3331,1.);
#3331 = DIRECTION('',(-1.,-2.168404344971E-16,0.));
#3332 = ORIENTED_EDGE('',*,*,#3333,.F.);
#3333 = EDGE_CURVE('',#3334,#3326,#3336,.T.);
#3334 = VERTEX_POINT('',#3335);
#3335 = CARTESIAN_POINT('',(172.,12.75,-2.));
#3336 = LINE('',#3337,#3338);
#3337 = CARTESIAN_POINT('',(172.,12.75,-2.));
#3338 = VECTOR('',#3339,1.);
#3339 = DIRECTION('',(-0.,-0.,1.));
#3340 = ORIENTED_EDGE('',*,*,#3341,.F.);
#3341 = EDGE_CURVE('',#3303,#3334,#3342,.T.);
#3342 = LINE('',#3343,#3344);
#3343 = CARTESIAN_POINT('',(188.,12.75,-2.));
#3344 = VECTOR('',#3345,1.);
#3345 = DIRECTION('',(-1.,-2.168404344971E-16,0.));
#3346 = ORIENTED_EDGE('',*,*,#3302,.T.);
#3347 = PLANE('',#3348);
#3348 = AXIS2_PLACEMENT_3D('',#3349,#3350,#3351);
#3349 = CARTESIAN_POINT('',(188.,12.75,-2.));
#3350 = DIRECTION('',(-2.168404344971E-16,1.,0.));
#3351 = DIRECTION('',(-1.,-2.168404344971E-16,0.));
#3352 = ADVANCED_FACE('',(#3353),#3369,.F.);
#3353 = FACE_BOUND('',#3354,.T.);
#3354 = EDGE_LOOP('',(#3355,#3361,#3362,#3368));
#3355 = ORIENTED_EDGE('',*,*,#3356,.T.);
#3356 = EDGE_CURVE('',#3326,#3255,#3357,.T.);
#3357 = LINE('',#3358,#3359);
#3358 = CARTESIAN_POINT('',(172.,-3.25,7.917376718649E-15));
#3359 = VECTOR('',#3360,1.);
#3360 = DIRECTION('',(-0.,-1.,-0.));
#3361 = ORIENTED_EDGE('',*,*,#3280,.F.);
#3362 = ORIENTED_EDGE('',*,*,#3363,.F.);
#3363 = EDGE_CURVE('',#3334,#3273,#3364,.T.);
#3364 = LINE('',#3365,#3366);
#3365 = CARTESIAN_POINT('',(172.,-3.25,-2.));
#3366 = VECTOR('',#3367,1.);
#3367 = DIRECTION('',(-0.,-1.,-0.));
#3368 = ORIENTED_EDGE('',*,*,#3333,.T.);
#3369 = PLANE('',#3370);
#3370 = AXIS2_PLACEMENT_3D('',#3371,#3372,#3373);
#3371 = CARTESIAN_POINT('',(172.,-3.25,-2.));
#3372 = DIRECTION('',(-1.,0.,0.));
#3373 = DIRECTION('',(0.,0.,1.));
#3374 = ADVANCED_FACE('',(#3375),#3409,.F.);
#3375 = FACE_BOUND('',#3376,.T.);
#3376 = EDGE_LOOP('',(#3377,#3387,#3395,#3403));
#3377 = ORIENTED_EDGE('',*,*,#3378,.T.);
#3378 = EDGE_CURVE('',#3379,#3381,#3383,.T.);
#3379 = VERTEX_POINT('',#3380);
#3380 = CARTESIAN_POINT('',(152.,-3.25,7.500672680825E-15));
#3381 = VERTEX_POINT('',#3382);
#3382 = CARTESIAN_POINT('',(168.,-3.25,7.500672680825E-15));
#3383 = LINE('',#3384,#3385);
#3384 = CARTESIAN_POINT('',(168.,-3.25,7.500672680825E-15));
#3385 = VECTOR('',#3386,1.);
#3386 = DIRECTION('',(1.,1.084202172486E-16,-0.));
#3387 = ORIENTED_EDGE('',*,*,#3388,.F.);
#3388 = EDGE_CURVE('',#3389,#3381,#3391,.T.);
#3389 = VERTEX_POINT('',#3390);
#3390 = CARTESIAN_POINT('',(168.,-3.25,-2.));
#3391 = LINE('',#3392,#3393);
#3392 = CARTESIAN_POINT('',(168.,-3.25,-2.));
#3393 = VECTOR('',#3394,1.);
#3394 = DIRECTION('',(-0.,-0.,1.));
#3395 = ORIENTED_EDGE('',*,*,#3396,.F.);
#3396 = EDGE_CURVE('',#3397,#3389,#3399,.T.);
#3397 = VERTEX_POINT('',#3398);
#3398 = CARTESIAN_POINT('',(152.,-3.25,-2.));
#3399 = LINE('',#3400,#3401);
#3400 = CARTESIAN_POINT('',(168.,-3.25,-2.));
#3401 = VECTOR('',#3402,1.);
#3402 = DIRECTION('',(1.,1.084202172486E-16,-0.));
#3403 = ORIENTED_EDGE('',*,*,#3404,.T.);
#3404 = EDGE_CURVE('',#3397,#3379,#3405,.T.);
#3405 = LINE('',#3406,#3407);
#3406 = CARTESIAN_POINT('',(152.,-3.25,-2.));
#3407 = VECTOR('',#3408,1.);
#3408 = DIRECTION('',(-0.,-0.,1.));
#3409 = PLANE('',#3410);
#3410 = AXIS2_PLACEMENT_3D('',#3411,#3412,#3413);
#3411 = CARTESIAN_POINT('',(168.,-3.25,-2.));
#3412 = DIRECTION('',(1.084202172486E-16,-1.,0.));
#3413 = DIRECTION('',(1.,1.084202172486E-16,0.));
#3414 = ADVANCED_FACE('',(#3415),#3440,.F.);
#3415 = FACE_BOUND('',#3416,.T.);
#3416 = EDGE_LOOP('',(#3417,#3425,#3433,#3439));
#3417 = ORIENTED_EDGE('',*,*,#3418,.T.);
#3418 = EDGE_CURVE('',#3381,#3419,#3421,.T.);
#3419 = VERTEX_POINT('',#3420);
#3420 = CARTESIAN_POINT('',(168.,12.75,7.500672680825E-15));
#3421 = LINE('',#3422,#3423);
#3422 = CARTESIAN_POINT('',(168.,-3.25,7.500672680825E-15));
#3423 = VECTOR('',#3424,1.);
#3424 = DIRECTION('',(0.,1.,0.));
#3425 = ORIENTED_EDGE('',*,*,#3426,.F.);
#3426 = EDGE_CURVE('',#3427,#3419,#3429,.T.);
#3427 = VERTEX_POINT('',#3428);
#3428 = CARTESIAN_POINT('',(168.,12.75,-2.));
#3429 = LINE('',#3430,#3431);
#3430 = CARTESIAN_POINT('',(168.,12.75,-2.));
#3431 = VECTOR('',#3432,1.);
#3432 = DIRECTION('',(-0.,-0.,1.));
#3433 = ORIENTED_EDGE('',*,*,#3434,.F.);
#3434 = EDGE_CURVE('',#3389,#3427,#3435,.T.);
#3435 = LINE('',#3436,#3437);
#3436 = CARTESIAN_POINT('',(168.,-3.25,-2.));
#3437 = VECTOR('',#3438,1.);
#3438 = DIRECTION('',(0.,1.,0.));
#3439 = ORIENTED_EDGE('',*,*,#3388,.T.);
#3440 = PLANE('',#3441);
#3441 = AXIS2_PLACEMENT_3D('',#3442,#3443,#3444);
#3442 = CARTESIAN_POINT('',(168.,-3.25,-2.));
#3443 = DIRECTION('',(1.,-0.,0.));
#3444 = DIRECTION('',(0.,0.,-1.));
#3445 = ADVANCED_FACE('',(#3446),#3471,.F.);
#3446 = FACE_BOUND('',#3447,.T.);
#3447 = EDGE_LOOP('',(#3448,#3456,#3464,#3470));
#3448 = ORIENTED_EDGE('',*,*,#3449,.T.);
#3449 = EDGE_CURVE('',#3419,#3450,#3452,.T.);
#3450 = VERTEX_POINT('',#3451);
#3451 = CARTESIAN_POINT('',(152.,12.75,7.500672680825E-15));
#3452 = LINE('',#3453,#3454);
#3453 = CARTESIAN_POINT('',(168.,12.75,7.500672680825E-15));
#3454 = VECTOR('',#3455,1.);
#3455 = DIRECTION('',(-1.,-2.168404344971E-16,0.));
#3456 = ORIENTED_EDGE('',*,*,#3457,.F.);
#3457 = EDGE_CURVE('',#3458,#3450,#3460,.T.);
#3458 = VERTEX_POINT('',#3459);
#3459 = CARTESIAN_POINT('',(152.,12.75,-2.));
#3460 = LINE('',#3461,#3462);
#3461 = CARTESIAN_POINT('',(152.,12.75,-2.));
#3462 = VECTOR('',#3463,1.);
#3463 = DIRECTION('',(-0.,-0.,1.));
#3464 = ORIENTED_EDGE('',*,*,#3465,.F.);
#3465 = EDGE_CURVE('',#3427,#3458,#3466,.T.);
#3466 = LINE('',#3467,#3468);
#3467 = CARTESIAN_POINT('',(168.,12.75,-2.));
#3468 = VECTOR('',#3469,1.);
#3469 = DIRECTION('',(-1.,-2.168404344971E-16,0.));
#3470 = ORIENTED_EDGE('',*,*,#3426,.T.);
#3471 = PLANE('',#3472);
#3472 = AXIS2_PLACEMENT_3D('',#3473,#3474,#3475);
#3473 = CARTESIAN_POINT('',(168.,12.75,-2.));
#3474 = DIRECTION('',(-2.168404344971E-16,1.,0.));
#3475 = DIRECTION('',(-1.,-2.168404344971E-16,0.));
#3476 = ADVANCED_FACE('',(#3477),#3493,.F.);
#3477 = FACE_BOUND('',#3478,.T.);
#3478 = EDGE_LOOP('',(#3479,#3485,#3486,#3492));
#3479 = ORIENTED_EDGE('',*,*,#3480,.T.);
#3480 = EDGE_CURVE('',#3450,#3379,#3481,.T.);
#3481 = LINE('',#3482,#3483);
#3482 = CARTESIAN_POINT('',(152.,-3.25,7.500672680825E-15));
#3483 = VECTOR('',#3484,1.);
#3484 = DIRECTION('',(-0.,-1.,-0.));
#3485 = ORIENTED_EDGE('',*,*,#3404,.F.);
#3486 = ORIENTED_EDGE('',*,*,#3487,.F.);
#3487 = EDGE_CURVE('',#3458,#3397,#3488,.T.);
#3488 = LINE('',#3489,#3490);
#3489 = CARTESIAN_POINT('',(152.,-3.25,-2.));
#3490 = VECTOR('',#3491,1.);
#3491 = DIRECTION('',(-0.,-1.,-0.));
#3492 = ORIENTED_EDGE('',*,*,#3457,.T.);
#3493 = PLANE('',#3494);
#3494 = AXIS2_PLACEMENT_3D('',#3495,#3496,#3497);
#3495 = CARTESIAN_POINT('',(152.,-3.25,-2.));
#3496 = DIRECTION('',(-1.,0.,0.));
#3497 = DIRECTION('',(0.,0.,1.));
#3498 = ADVANCED_FACE('',(#3499),#3533,.F.);
#3499 = FACE_BOUND('',#3500,.T.);
#3500 = EDGE_LOOP('',(#3501,#3511,#3519,#3527));
#3501 = ORIENTED_EDGE('',*,*,#3502,.T.);
#3502 = EDGE_CURVE('',#3503,#3505,#3507,.T.);
#3503 = VERTEX_POINT('',#3504);
#3504 = CARTESIAN_POINT('',(132.,-3.25,7.083968643001E-15));
#3505 = VERTEX_POINT('',#3506);
#3506 = CARTESIAN_POINT('',(148.,-3.25,7.083968643001E-15));
#3507 = LINE('',#3508,#3509);
#3508 = CARTESIAN_POINT('',(148.,-3.25,7.083968643001E-15));
#3509 = VECTOR('',#3510,1.);
#3510 = DIRECTION('',(1.,1.084202172486E-16,-0.));
#3511 = ORIENTED_EDGE('',*,*,#3512,.F.);
#3512 = EDGE_CURVE('',#3513,#3505,#3515,.T.);
#3513 = VERTEX_POINT('',#3514);
#3514 = CARTESIAN_POINT('',(148.,-3.25,-2.));
#3515 = LINE('',#3516,#3517);
#3516 = CARTESIAN_POINT('',(148.,-3.25,-2.));
#3517 = VECTOR('',#3518,1.);
#3518 = DIRECTION('',(-0.,-0.,1.));
#3519 = ORIENTED_EDGE('',*,*,#3520,.F.);
#3520 = EDGE_CURVE('',#3521,#3513,#3523,.T.);
#3521 = VERTEX_POINT('',#3522);
#3522 = CARTESIAN_POINT('',(132.,-3.25,-2.));
#3523 = LINE('',#3524,#3525);
#3524 = CARTESIAN_POINT('',(148.,-3.25,-2.));
#3525 = VECTOR('',#3526,1.);
#3526 = DIRECTION('',(1.,1.084202172486E-16,-0.));
#3527 = ORIENTED_EDGE('',*,*,#3528,.T.);
#3528 = EDGE_CURVE('',#3521,#3503,#3529,.T.);
#3529 = LINE('',#3530,#3531);
#3530 = CARTESIAN_POINT('',(132.,-3.25,-2.));
#3531 = VECTOR('',#3532,1.);
#3532 = DIRECTION('',(-0.,-0.,1.));
#3533 = PLANE('',#3534);
#3534 = AXIS2_PLACEMENT_3D('',#3535,#3536,#3537);
#3535 = CARTESIAN_POINT('',(148.,-3.25,-2.));
#3536 = DIRECTION('',(1.084202172486E-16,-1.,0.));
#3537 = DIRECTION('',(1.,1.084202172486E-16,0.));
#3538 = ADVANCED_FACE('',(#3539),#3564,.F.);
#3539 = FACE_BOUND('',#3540,.T.);
#3540 = EDGE_LOOP('',(#3541,#3549,#3557,#3563));
#3541 = ORIENTED_EDGE('',*,*,#3542,.T.);
#3542 = EDGE_CURVE('',#3505,#3543,#3545,.T.);
#3543 = VERTEX_POINT('',#3544);
#3544 = CARTESIAN_POINT('',(148.,12.75,7.083968643001E-15));
#3545 = LINE('',#3546,#3547);
#3546 = CARTESIAN_POINT('',(148.,-3.25,7.083968643001E-15));
#3547 = VECTOR('',#3548,1.);
#3548 = DIRECTION('',(0.,1.,0.));
#3549 = ORIENTED_EDGE('',*,*,#3550,.F.);
#3550 = EDGE_CURVE('',#3551,#3543,#3553,.T.);
#3551 = VERTEX_POINT('',#3552);
#3552 = CARTESIAN_POINT('',(148.,12.75,-2.));
#3553 = LINE('',#3554,#3555);
#3554 = CARTESIAN_POINT('',(148.,12.75,-2.));
#3555 = VECTOR('',#3556,1.);
#3556 = DIRECTION('',(-0.,-0.,1.));
#3557 = ORIENTED_EDGE('',*,*,#3558,.F.);
#3558 = EDGE_CURVE('',#3513,#3551,#3559,.T.);
#3559 = LINE('',#3560,#3561);
#3560 = CARTESIAN_POINT('',(148.,-3.25,-2.));
#3561 = VECTOR('',#3562,1.);
#3562 = DIRECTION('',(0.,1.,0.));
#3563 = ORIENTED_EDGE('',*,*,#3512,.T.);
#3564 = PLANE('',#3565);
#3565 = AXIS2_PLACEMENT_3D('',#3566,#3567,#3568);
#3566 = CARTESIAN_POINT('',(148.,-3.25,-2.));
#3567 = DIRECTION('',(1.,-0.,0.));
#3568 = DIRECTION('',(0.,0.,-1.));
#3569 = ADVANCED_FACE('',(#3570),#3595,.F.);
#3570 = FACE_BOUND('',#3571,.T.);
#3571 = EDGE_LOOP('',(#3572,#3580,#3588,#3594));
#3572 = ORIENTED_EDGE('',*,*,#3573,.T.);
#3573 = EDGE_CURVE('',#3543,#3574,#3576,.T.);
#3574 = VERTEX_POINT('',#3575);
#3575 = CARTESIAN_POINT('',(132.,12.75,7.083968643001E-15));
#3576 = LINE('',#3577,#3578);
#3577 = CARTESIAN_POINT('',(148.,12.75,7.083968643001E-15));
#3578 = VECTOR('',#3579,1.);
#3579 = DIRECTION('',(-1.,-2.168404344971E-16,0.));
#3580 = ORIENTED_EDGE('',*,*,#3581,.F.);
#3581 = EDGE_CURVE('',#3582,#3574,#3584,.T.);
#3582 = VERTEX_POINT('',#3583);
#3583 = CARTESIAN_POINT('',(132.,12.75,-2.));
#3584 = LINE('',#3585,#3586);
#3585 = CARTESIAN_POINT('',(132.,12.75,-2.));
#3586 = VECTOR('',#3587,1.);
#3587 = DIRECTION('',(-0.,-0.,1.));
#3588 = ORIENTED_EDGE('',*,*,#3589,.F.);
#3589 = EDGE_CURVE('',#3551,#3582,#3590,.T.);
#3590 = LINE('',#3591,#3592);
#3591 = CARTESIAN_POINT('',(148.,12.75,-2.));
#3592 = VECTOR('',#3593,1.);
#3593 = DIRECTION('',(-1.,-2.168404344971E-16,0.));
#3594 = ORIENTED_EDGE('',*,*,#3550,.T.);
#3595 = PLANE('',#3596);
#3596 = AXIS2_PLACEMENT_3D('',#3597,#3598,#3599);
#3597 = CARTESIAN_POINT('',(148.,12.75,-2.));
#3598 = DIRECTION('',(-2.168404344971E-16,1.,0.));
#3599 = DIRECTION('',(-1.,-2.168404344971E-16,0.));
#3600 = ADVANCED_FACE('',(#3601),#3617,.F.);
#3601 = FACE_BOUND('',#3602,.T.);
#3602 = EDGE_LOOP('',(#3603,#3609,#3610,#3616));
#3603 = ORIENTED_EDGE('',*,*,#3604,.T.);
#3604 = EDGE_CURVE('',#3574,#3503,#3605,.T.);
#3605 = LINE('',#3606,#3607);
#3606 = CARTESIAN_POINT('',(132.,-3.25,7.083968643001E-15));
#3607 = VECTOR('',#3608,1.);
#3608 = DIRECTION('',(-0.,-1.,-0.));
#3609 = ORIENTED_EDGE('',*,*,#3528,.F.);
#3610 = ORIENTED_EDGE('',*,*,#3611,.F.);
#3611 = EDGE_CURVE('',#3582,#3521,#3612,.T.);
#3612 = LINE('',#3613,#3614);
#3613 = CARTESIAN_POINT('',(132.,-3.25,-2.));
#3614 = VECTOR('',#3615,1.);
#3615 = DIRECTION('',(-0.,-1.,-0.));
#3616 = ORIENTED_EDGE('',*,*,#3581,.T.);
#3617 = PLANE('',#3618);
#3618 = AXIS2_PLACEMENT_3D('',#3619,#3620,#3621);
#3619 = CARTESIAN_POINT('',(132.,-3.25,-2.));
#3620 = DIRECTION('',(-1.,0.,0.));
#3621 = DIRECTION('',(0.,0.,1.));
#3622 = ADVANCED_FACE('',(#3623),#3657,.F.);
#3623 = FACE_BOUND('',#3624,.T.);
#3624 = EDGE_LOOP('',(#3625,#3635,#3643,#3651));
#3625 = ORIENTED_EDGE('',*,*,#3626,.T.);
#3626 = EDGE_CURVE('',#3627,#3629,#3631,.T.);
#3627 = VERTEX_POINT('',#3628);
#3628 = CARTESIAN_POINT('',(112.,-3.25,6.667264605178E-15));
#3629 = VERTEX_POINT('',#3630);
#3630 = CARTESIAN_POINT('',(128.,-3.25,6.667264605178E-15));
#3631 = LINE('',#3632,#3633);
#3632 = CARTESIAN_POINT('',(128.,-3.25,6.667264605178E-15));
#3633 = VECTOR('',#3634,1.);
#3634 = DIRECTION('',(1.,1.084202172486E-16,-0.));
#3635 = ORIENTED_EDGE('',*,*,#3636,.F.);
#3636 = EDGE_CURVE('',#3637,#3629,#3639,.T.);
#3637 = VERTEX_POINT('',#3638);
#3638 = CARTESIAN_POINT('',(128.,-3.25,-2.));
#3639 = LINE('',#3640,#3641);
#3640 = CARTESIAN_POINT('',(128.,-3.25,-2.));
#3641 = VECTOR('',#3642,1.);
#3642 = DIRECTION('',(-0.,-0.,1.));
#3643 = ORIENTED_EDGE('',*,*,#3644,.F.);
#3644 = EDGE_CURVE('',#3645,#3637,#3647,.T.);
#3645 = VERTEX_POINT('',#3646);
#3646 = CARTESIAN_POINT('',(112.,-3.25,-2.));
#3647 = LINE('',#3648,#3649);
#3648 = CARTESIAN_POINT('',(128.,-3.25,-2.));
#3649 = VECTOR('',#3650,1.);
#3650 = DIRECTION('',(1.,1.084202172486E-16,-0.));
#3651 = ORIENTED_EDGE('',*,*,#3652,.T.);
#3652 = EDGE_CURVE('',#3645,#3627,#3653,.T.);
#3653 = LINE('',#3654,#3655);
#3654 = CARTESIAN_POINT('',(112.,-3.25,-2.));
#3655 = VECTOR('',#3656,1.);
#3656 = DIRECTION('',(-0.,-0.,1.));
#3657 = PLANE('',#3658);
#3658 = AXIS2_PLACEMENT_3D('',#3659,#3660,#3661);
#3659 = CARTESIAN_POINT('',(128.,-3.25,-2.));
#3660 = DIRECTION('',(1.084202172486E-16,-1.,0.));
#3661 = DIRECTION('',(1.,1.084202172486E-16,0.));
#3662 = ADVANCED_FACE('',(#3663),#3688,.F.);
#3663 = FACE_BOUND('',#3664,.T.);
#3664 = EDGE_LOOP('',(#3665,#3673,#3681,#3687));
#3665 = ORIENTED_EDGE('',*,*,#3666,.T.);
#3666 = EDGE_CURVE('',#3629,#3667,#3669,.T.);
#3667 = VERTEX_POINT('',#3668);
#3668 = CARTESIAN_POINT('',(128.,12.75,6.667264605178E-15));
#3669 = LINE('',#3670,#3671);
#3670 = CARTESIAN_POINT('',(128.,-3.25,6.667264605178E-15));
#3671 = VECTOR('',#3672,1.);
#3672 = DIRECTION('',(0.,1.,0.));
#3673 = ORIENTED_EDGE('',*,*,#3674,.F.);
#3674 = EDGE_CURVE('',#3675,#3667,#3677,.T.);
#3675 = VERTEX_POINT('',#3676);
#3676 = CARTESIAN_POINT('',(128.,12.75,-2.));
#3677 = LINE('',#3678,#3679);
#3678 = CARTESIAN_POINT('',(128.,12.75,-2.));
#3679 = VECTOR('',#3680,1.);
#3680 = DIRECTION('',(-0.,-0.,1.));
#3681 = ORIENTED_EDGE('',*,*,#3682,.F.);
#3682 = EDGE_CURVE('',#3637,#3675,#3683,.T.);
#3683 = LINE('',#3684,#3685);
#3684 = CARTESIAN_POINT('',(128.,-3.25,-2.));
#3685 = VECTOR('',#3686,1.);
#3686 = DIRECTION('',(0.,1.,0.));
#3687 = ORIENTED_EDGE('',*,*,#3636,.T.);
#3688 = PLANE('',#3689);
#3689 = AXIS2_PLACEMENT_3D('',#3690,#3691,#3692);
#3690 = CARTESIAN_POINT('',(128.,-3.25,-2.));
#3691 = DIRECTION('',(1.,-0.,0.));
#3692 = DIRECTION('',(0.,0.,-1.));
#3693 = ADVANCED_FACE('',(#3694),#3719,.F.);
#3694 = FACE_BOUND('',#3695,.T.);
#3695 = EDGE_LOOP('',(#3696,#3704,#3712,#3718));
#3696 = ORIENTED_EDGE('',*,*,#3697,.T.);
#3697 = EDGE_CURVE('',#3667,#3698,#3700,.T.);
#3698 = VERTEX_POINT('',#3699);
#3699 = CARTESIAN_POINT('',(112.,12.75,6.667264605178E-15));
#3700 = LINE('',#3701,#3702);
#3701 = CARTESIAN_POINT('',(128.,12.75,6.667264605178E-15));
#3702 = VECTOR('',#3703,1.);
#3703 = DIRECTION('',(-1.,-2.168404344971E-16,0.));
#3704 = ORIENTED_EDGE('',*,*,#3705,.F.);
#3705 = EDGE_CURVE('',#3706,#3698,#3708,.T.);
#3706 = VERTEX_POINT('',#3707);
#3707 = CARTESIAN_POINT('',(112.,12.75,-2.));
#3708 = LINE('',#3709,#3710);
#3709 = CARTESIAN_POINT('',(112.,12.75,-2.));
#3710 = VECTOR('',#3711,1.);
#3711 = DIRECTION('',(-0.,-0.,1.));
#3712 = ORIENTED_EDGE('',*,*,#3713,.F.);
#3713 = EDGE_CURVE('',#3675,#3706,#3714,.T.);
#3714 = LINE('',#3715,#3716);
#3715 = CARTESIAN_POINT('',(128.,12.75,-2.));
#3716 = VECTOR('',#3717,1.);
#3717 = DIRECTION('',(-1.,-2.168404344971E-16,0.));
#3718 = ORIENTED_EDGE('',*,*,#3674,.T.);
#3719 = PLANE('',#3720);
#3720 = AXIS2_PLACEMENT_3D('',#3721,#3722,#3723);
#3721 = CARTESIAN_POINT('',(128.,12.75,-2.));
#3722 = DIRECTION('',(-2.168404344971E-16,1.,0.));
#3723 = DIRECTION('',(-1.,-2.168404344971E-16,0.));
#3724 = ADVANCED_FACE('',(#3725),#3741,.F.);
#3725 = FACE_BOUND('',#3726,.T.);
#3726 = EDGE_LOOP('',(#3727,#3733,#3734,#3740));
#3727 = ORIENTED_EDGE('',*,*,#3728,.T.);
#3728 = EDGE_CURVE('',#3698,#3627,#3729,.T.);
#3729 = LINE('',#3730,#3731);
#3730 = CARTESIAN_POINT('',(112.,-3.25,6.667264605178E-15));
#3731 = VECTOR('',#3732,1.);
#3732 = DIRECTION('',(-0.,-1.,-0.));
#3733 = ORIENTED_EDGE('',*,*,#3652,.F.);
#3734 = ORIENTED_EDGE('',*,*,#3735,.F.);
#3735 = EDGE_CURVE('',#3706,#3645,#3736,.T.);
#3736 = LINE('',#3737,#3738);
#3737 = CARTESIAN_POINT('',(112.,-3.25,-2.));
#3738 = VECTOR('',#3739,1.);
#3739 = DIRECTION('',(-0.,-1.,-0.));
#3740 = ORIENTED_EDGE('',*,*,#3705,.T.);
#3741 = PLANE('',#3742);
#3742 = AXIS2_PLACEMENT_3D('',#3743,#3744,#3745);
#3743 = CARTESIAN_POINT('',(112.,-3.25,-2.));
#3744 = DIRECTION('',(-1.,0.,0.));
#3745 = DIRECTION('',(0.,0.,1.));
#3746 = ADVANCED_FACE('',(#3747),#3781,.F.);
#3747 = FACE_BOUND('',#3748,.T.);
#3748 = EDGE_LOOP('',(#3749,#3759,#3767,#3775));
#3749 = ORIENTED_EDGE('',*,*,#3750,.T.);
#3750 = EDGE_CURVE('',#3751,#3753,#3755,.T.);
#3751 = VERTEX_POINT('',#3752);
#3752 = CARTESIAN_POINT('',(92.,-3.25,6.250560567354E-15));
#3753 = VERTEX_POINT('',#3754);
#3754 = CARTESIAN_POINT('',(108.,-3.25,6.250560567354E-15));
#3755 = LINE('',#3756,#3757);
#3756 = CARTESIAN_POINT('',(108.,-3.25,6.250560567354E-15));
#3757 = VECTOR('',#3758,1.);
#3758 = DIRECTION('',(1.,1.084202172486E-16,-0.));
#3759 = ORIENTED_EDGE('',*,*,#3760,.F.);
#3760 = EDGE_CURVE('',#3761,#3753,#3763,.T.);
#3761 = VERTEX_POINT('',#3762);
#3762 = CARTESIAN_POINT('',(108.,-3.25,-2.));
#3763 = LINE('',#3764,#3765);
#3764 = CARTESIAN_POINT('',(108.,-3.25,-2.));
#3765 = VECTOR('',#3766,1.);
#3766 = DIRECTION('',(-0.,-0.,1.));
#3767 = ORIENTED_EDGE('',*,*,#3768,.F.);
#3768 = EDGE_CURVE('',#3769,#3761,#3771,.T.);
#3769 = VERTEX_POINT('',#3770);
#3770 = CARTESIAN_POINT('',(92.,-3.25,-2.));
#3771 = LINE('',#3772,#3773);
#3772 = CARTESIAN_POINT('',(108.,-3.25,-2.));
#3773 = VECTOR('',#3774,1.);
#3774 = DIRECTION('',(1.,1.084202172486E-16,-0.));
#3775 = ORIENTED_EDGE('',*,*,#3776,.T.);
#3776 = EDGE_CURVE('',#3769,#3751,#3777,.T.);
#3777 = LINE('',#3778,#3779);
#3778 = CARTESIAN_POINT('',(92.,-3.25,-2.));
#3779 = VECTOR('',#3780,1.);
#3780 = DIRECTION('',(-0.,-0.,1.));
#3781 = PLANE('',#3782);
#3782 = AXIS2_PLACEMENT_3D('',#3783,#3784,#3785);
#3783 = CARTESIAN_POINT('',(108.,-3.25,-2.));
#3784 = DIRECTION('',(1.084202172486E-16,-1.,0.));
#3785 = DIRECTION('',(1.,1.084202172486E-16,0.));
#3786 = ADVANCED_FACE('',(#3787),#3812,.F.);
#3787 = FACE_BOUND('',#3788,.T.);
#3788 = EDGE_LOOP('',(#3789,#3797,#3805,#3811));
#3789 = ORIENTED_EDGE('',*,*,#3790,.T.);
#3790 = EDGE_CURVE('',#3753,#3791,#3793,.T.);
#3791 = VERTEX_POINT('',#3792);
#3792 = CARTESIAN_POINT('',(108.,12.75,6.250560567354E-15));
#3793 = LINE('',#3794,#3795);
#3794 = CARTESIAN_POINT('',(108.,-3.25,6.250560567354E-15));
#3795 = VECTOR('',#3796,1.);
#3796 = DIRECTION('',(0.,1.,0.));
#3797 = ORIENTED_EDGE('',*,*,#3798,.F.);
#3798 = EDGE_CURVE('',#3799,#3791,#3801,.T.);
#3799 = VERTEX_POINT('',#3800);
#3800 = CARTESIAN_POINT('',(108.,12.75,-2.));
#3801 = LINE('',#3802,#3803);
#3802 = CARTESIAN_POINT('',(108.,12.75,-2.));
#3803 = VECTOR('',#3804,1.);
#3804 = DIRECTION('',(-0.,-0.,1.));
#3805 = ORIENTED_EDGE('',*,*,#3806,.F.);
#3806 = EDGE_CURVE('',#3761,#3799,#3807,.T.);
#3807 = LINE('',#3808,#3809);
#3808 = CARTESIAN_POINT('',(108.,-3.25,-2.));
#3809 = VECTOR('',#3810,1.);
#3810 = DIRECTION('',(0.,1.,0.));
#3811 = ORIENTED_EDGE('',*,*,#3760,.T.);
#3812 = PLANE('',#3813);
#3813 = AXIS2_PLACEMENT_3D('',#3814,#3815,#3816);
#3814 = CARTESIAN_POINT('',(108.,-3.25,-2.));
#3815 = DIRECTION('',(1.,-0.,0.));
#3816 = DIRECTION('',(0.,0.,-1.));
#3817 = ADVANCED_FACE('',(#3818),#3843,.F.);
#3818 = FACE_BOUND('',#3819,.T.);
#3819 = EDGE_LOOP('',(#3820,#3828,#3836,#3842));
#3820 = ORIENTED_EDGE('',*,*,#3821,.T.);
#3821 = EDGE_CURVE('',#3791,#3822,#3824,.T.);
#3822 = VERTEX_POINT('',#3823);
#3823 = CARTESIAN_POINT('',(92.,12.75,6.250560567354E-15));
#3824 = LINE('',#3825,#3826);
#3825 = CARTESIAN_POINT('',(108.,12.75,6.250560567354E-15));
#3826 = VECTOR('',#3827,1.);
#3827 = DIRECTION('',(-1.,-2.168404344971E-16,0.));
#3828 = ORIENTED_EDGE('',*,*,#3829,.F.);
#3829 = EDGE_CURVE('',#3830,#3822,#3832,.T.);
#3830 = VERTEX_POINT('',#3831);
#3831 = CARTESIAN_POINT('',(92.,12.75,-2.));
#3832 = LINE('',#3833,#3834);
#3833 = CARTESIAN_POINT('',(92.,12.75,-2.));
#3834 = VECTOR('',#3835,1.);
#3835 = DIRECTION('',(-0.,-0.,1.));
#3836 = ORIENTED_EDGE('',*,*,#3837,.F.);
#3837 = EDGE_CURVE('',#3799,#3830,#3838,.T.);
#3838 = LINE('',#3839,#3840);
#3839 = CARTESIAN_POINT('',(108.,12.75,-2.));
#3840 = VECTOR('',#3841,1.);
#3841 = DIRECTION('',(-1.,-2.168404344971E-16,0.));
#3842 = ORIENTED_EDGE('',*,*,#3798,.T.);
#3843 = PLANE('',#3844);
#3844 = AXIS2_PLACEMENT_3D('',#3845,#3846,#3847);
#3845 = CARTESIAN_POINT('',(108.,12.75,-2.));
#3846 = DIRECTION('',(-2.168404344971E-16,1.,0.));
#3847 = DIRECTION('',(-1.,-2.168404344971E-16,0.));
#3848 = ADVANCED_FACE('',(#3849),#3865,.F.);
#3849 = FACE_BOUND('',#3850,.T.);
#3850 = EDGE_LOOP('',(#3851,#3857,#3858,#3864));
#3851 = ORIENTED_EDGE('',*,*,#3852,.T.);
#3852 = EDGE_CURVE('',#3822,#3751,#3853,.T.);
#3853 = LINE('',#3854,#3855);
#3854 = CARTESIAN_POINT('',(92.,-3.25,6.250560567354E-15));
#3855 = VECTOR('',#3856,1.);
#3856 = DIRECTION('',(-0.,-1.,-0.));
#3857 = ORIENTED_EDGE('',*,*,#3776,.F.);
#3858 = ORIENTED_EDGE('',*,*,#3859,.F.);
#3859 = EDGE_CURVE('',#3830,#3769,#3860,.T.);
#3860 = LINE('',#3861,#3862);
#3861 = CARTESIAN_POINT('',(92.,-3.25,-2.));
#3862 = VECTOR('',#3863,1.);
#3863 = DIRECTION('',(-0.,-1.,-0.));
#3864 = ORIENTED_EDGE('',*,*,#3829,.T.);
#3865 = PLANE('',#3866);
#3866 = AXIS2_PLACEMENT_3D('',#3867,#3868,#3869);
#3867 = CARTESIAN_POINT('',(92.,-3.25,-2.));
#3868 = DIRECTION('',(-1.,0.,0.));
#3869 = DIRECTION('',(0.,0.,1.));
#3870 = ADVANCED_FACE('',(#3871),#3905,.F.);
#3871 = FACE_BOUND('',#3872,.T.);
#3872 = EDGE_LOOP('',(#3873,#3883,#3891,#3899));
#3873 = ORIENTED_EDGE('',*,*,#3874,.T.);
#3874 = EDGE_CURVE('',#3875,#3877,#3879,.T.);
#3875 = VERTEX_POINT('',#3876);
#3876 = CARTESIAN_POINT('',(72.,-3.25,5.833856529531E-15));
#3877 = VERTEX_POINT('',#3878);
#3878 = CARTESIAN_POINT('',(88.,-3.25,5.833856529531E-15));
#3879 = LINE('',#3880,#3881);
#3880 = CARTESIAN_POINT('',(88.,-3.25,5.833856529531E-15));
#3881 = VECTOR('',#3882,1.);
#3882 = DIRECTION('',(1.,1.084202172486E-16,-0.));
#3883 = ORIENTED_EDGE('',*,*,#3884,.F.);
#3884 = EDGE_CURVE('',#3885,#3877,#3887,.T.);
#3885 = VERTEX_POINT('',#3886);
#3886 = CARTESIAN_POINT('',(88.,-3.25,-2.));
#3887 = LINE('',#3888,#3889);
#3888 = CARTESIAN_POINT('',(88.,-3.25,-2.));
#3889 = VECTOR('',#3890,1.);
#3890 = DIRECTION('',(-0.,-0.,1.));
#3891 = ORIENTED_EDGE('',*,*,#3892,.F.);
#3892 = EDGE_CURVE('',#3893,#3885,#3895,.T.);
#3893 = VERTEX_POINT('',#3894);
#3894 = CARTESIAN_POINT('',(72.,-3.25,-2.));
#3895 = LINE('',#3896,#3897);
#3896 = CARTESIAN_POINT('',(88.,-3.25,-2.));
#3897 = VECTOR('',#3898,1.);
#3898 = DIRECTION('',(1.,1.084202172486E-16,-0.));
#3899 = ORIENTED_EDGE('',*,*,#3900,.T.);
#3900 = EDGE_CURVE('',#3893,#3875,#3901,.T.);
#3901 = LINE('',#3902,#3903);
#3902 = CARTESIAN_POINT('',(72.,-3.25,-2.));
#3903 = VECTOR('',#3904,1.);
#3904 = DIRECTION('',(-0.,-0.,1.));
#3905 = PLANE('',#3906);
#3906 = AXIS2_PLACEMENT_3D('',#3907,#3908,#3909);
#3907 = CARTESIAN_POINT('',(88.,-3.25,-2.));
#3908 = DIRECTION('',(1.084202172486E-16,-1.,0.));
#3909 = DIRECTION('',(1.,1.084202172486E-16,0.));
#3910 = ADVANCED_FACE('',(#3911),#3936,.F.);
#3911 = FACE_BOUND('',#3912,.T.);
#3912 = EDGE_LOOP('',(#3913,#3921,#3929,#3935));
#3913 = ORIENTED_EDGE('',*,*,#3914,.T.);
#3914 = EDGE_CURVE('',#3877,#3915,#3917,.T.);
#3915 = VERTEX_POINT('',#3916);
#3916 = CARTESIAN_POINT('',(88.,12.75,5.833856529531E-15));
#3917 = LINE('',#3918,#3919);
#3918 = CARTESIAN_POINT('',(88.,-3.25,5.833856529531E-15));
#3919 = VECTOR('',#3920,1.);
#3920 = DIRECTION('',(0.,1.,0.));
#3921 = ORIENTED_EDGE('',*,*,#3922,.F.);
#3922 = EDGE_CURVE('',#3923,#3915,#3925,.T.);
#3923 = VERTEX_POINT('',#3924);
#3924 = CARTESIAN_POINT('',(88.,12.75,-2.));
#3925 = LINE('',#3926,#3927);
#3926 = CARTESIAN_POINT('',(88.,12.75,-2.));
#3927 = VECTOR('',#3928,1.);
#3928 = DIRECTION('',(-0.,-0.,1.));
#3929 = ORIENTED_EDGE('',*,*,#3930,.F.);
#3930 = EDGE_CURVE('',#3885,#3923,#3931,.T.);
#3931 = LINE('',#3932,#3933);
#3932 = CARTESIAN_POINT('',(88.,-3.25,-2.));
#3933 = VECTOR('',#3934,1.);
#3934 = DIRECTION('',(0.,1.,0.));
#3935 = ORIENTED_EDGE('',*,*,#3884,.T.);
#3936 = PLANE('',#3937);
#3937 = AXIS2_PLACEMENT_3D('',#3938,#3939,#3940);
#3938 = CARTESIAN_POINT('',(88.,-3.25,-2.));
#3939 = DIRECTION('',(1.,-0.,0.));
#3940 = DIRECTION('',(0.,0.,-1.));
#3941 = ADVANCED_FACE('',(#3942),#3967,.F.);
#3942 = FACE_BOUND('',#3943,.T.);
#3943 = EDGE_LOOP('',(#3944,#3952,#3960,#3966));
#3944 = ORIENTED_EDGE('',*,*,#3945,.T.);
#3945 = EDGE_CURVE('',#3915,#3946,#3948,.T.);
#3946 = VERTEX_POINT('',#3947);
#3947 = CARTESIAN_POINT('',(72.,12.75,5.833856529531E-15));
#3948 = LINE('',#3949,#3950);
#3949 = CARTESIAN_POINT('',(88.,12.75,5.833856529531E-15));
#3950 = VECTOR('',#3951,1.);
#3951 = DIRECTION('',(-1.,-2.168404344971E-16,0.));
#3952 = ORIENTED_EDGE('',*,*,#3953,.F.);
#3953 = EDGE_CURVE('',#3954,#3946,#3956,.T.);
#3954 = VERTEX_POINT('',#3955);
#3955 = CARTESIAN_POINT('',(72.,12.75,-2.));
#3956 = LINE('',#3957,#3958);
#3957 = CARTESIAN_POINT('',(72.,12.75,-2.));
#3958 = VECTOR('',#3959,1.);
#3959 = DIRECTION('',(-0.,-0.,1.));
#3960 = ORIENTED_EDGE('',*,*,#3961,.F.);
#3961 = EDGE_CURVE('',#3923,#3954,#3962,.T.);
#3962 = LINE('',#3963,#3964);
#3963 = CARTESIAN_POINT('',(88.,12.75,-2.));
#3964 = VECTOR('',#3965,1.);
#3965 = DIRECTION('',(-1.,-2.168404344971E-16,0.));
#3966 = ORIENTED_EDGE('',*,*,#3922,.T.);
#3967 = PLANE('',#3968);
#3968 = AXIS2_PLACEMENT_3D('',#3969,#3970,#3971);
#3969 = CARTESIAN_POINT('',(88.,12.75,-2.));
#3970 = DIRECTION('',(-2.168404344971E-16,1.,0.));
#3971 = DIRECTION('',(-1.,-2.168404344971E-16,0.));
#3972 = ADVANCED_FACE('',(#3973),#3989,.F.);
#3973 = FACE_BOUND('',#3974,.T.);
#3974 = EDGE_LOOP('',(#3975,#3981,#3982,#3988));
#3975 = ORIENTED_EDGE('',*,*,#3976,.T.);
#3976 = EDGE_CURVE('',#3946,#3875,#3977,.T.);
#3977 = LINE('',#3978,#3979);
#3978 = CARTESIAN_POINT('',(72.,-3.25,5.833856529531E-15));
#3979 = VECTOR('',#3980,1.);
#3980 = DIRECTION('',(-0.,-1.,-0.));
#3981 = ORIENTED_EDGE('',*,*,#3900,.F.);
#3982 = ORIENTED_EDGE('',*,*,#3983,.F.);
#3983 = EDGE_CURVE('',#3954,#3893,#3984,.T.);
#3984 = LINE('',#3985,#3986);
#3985 = CARTESIAN_POINT('',(72.,-3.25,-2.));
#3986 = VECTOR('',#3987,1.);
#3987 = DIRECTION('',(-0.,-1.,-0.));
#3988 = ORIENTED_EDGE('',*,*,#3953,.T.);
#3989 = PLANE('',#3990);
#3990 = AXIS2_PLACEMENT_3D('',#3991,#3992,#3993);
#3991 = CARTESIAN_POINT('',(72.,-3.25,-2.));
#3992 = DIRECTION('',(-1.,0.,0.));
#3993 = DIRECTION('',(0.,0.,1.));
#3994 = ADVANCED_FACE('',(#3995),#4029,.F.);
#3995 = FACE_BOUND('',#3996,.T.);
#3996 = EDGE_LOOP('',(#3997,#4007,#4015,#4023));
#3997 = ORIENTED_EDGE('',*,*,#3998,.T.);
#3998 = EDGE_CURVE('',#3999,#4001,#4003,.T.);
#3999 = VERTEX_POINT('',#4000);
#4000 = CARTESIAN_POINT('',(52.,-3.25,5.417152491707E-15));
#4001 = VERTEX_POINT('',#4002);
#4002 = CARTESIAN_POINT('',(68.,-3.25,5.417152491707E-15));
#4003 = LINE('',#4004,#4005);
#4004 = CARTESIAN_POINT('',(68.,-3.25,5.417152491707E-15));
#4005 = VECTOR('',#4006,1.);
#4006 = DIRECTION('',(1.,1.084202172486E-16,-0.));
#4007 = ORIENTED_EDGE('',*,*,#4008,.F.);
#4008 = EDGE_CURVE('',#4009,#4001,#4011,.T.);
#4009 = VERTEX_POINT('',#4010);
#4010 = CARTESIAN_POINT('',(68.,-3.25,-2.));
#4011 = LINE('',#4012,#4013);
#4012 = CARTESIAN_POINT('',(68.,-3.25,-2.));
#4013 = VECTOR('',#4014,1.);
#4014 = DIRECTION('',(-0.,-0.,1.));
#4015 = ORIENTED_EDGE('',*,*,#4016,.F.);
#4016 = EDGE_CURVE('',#4017,#4009,#4019,.T.);
#4017 = VERTEX_POINT('',#4018);
#4018 = CARTESIAN_POINT('',(52.,-3.25,-2.));
#4019 = LINE('',#4020,#4021);
#4020 = CARTESIAN_POINT('',(68.,-3.25,-2.));
#4021 = VECTOR('',#4022,1.);
#4022 = DIRECTION('',(1.,1.084202172486E-16,-0.));
#4023 = ORIENTED_EDGE('',*,*,#4024,.T.);
#4024 = EDGE_CURVE('',#4017,#3999,#4025,.T.);
#4025 = LINE('',#4026,#4027);
#4026 = CARTESIAN_POINT('',(52.,-3.25,-2.));
#4027 = VECTOR('',#4028,1.);
#4028 = DIRECTION('',(-0.,-0.,1.));
#4029 = PLANE('',#4030);
#4030 = AXIS2_PLACEMENT_3D('',#4031,#4032,#4033);
#4031 = CARTESIAN_POINT('',(68.,-3.25,-2.));
#4032 = DIRECTION('',(1.084202172486E-16,-1.,0.));
#4033 = DIRECTION('',(1.,1.084202172486E-16,0.));
#4034 = ADVANCED_FACE('',(#4035),#4060,.F.);
#4035 = FACE_BOUND('',#4036,.T.);
#4036 = EDGE_LOOP('',(#4037,#4045,#4053,#4059));
#4037 = ORIENTED_EDGE('',*,*,#4038,.T.);
#4038 = EDGE_CURVE('',#4001,#4039,#4041,.T.);
#4039 = VERTEX_POINT('',#4040);
#4040 = CARTESIAN_POINT('',(68.,12.75,5.417152491707E-15));
#4041 = LINE('',#4042,#4043);
#4042 = CARTESIAN_POINT('',(68.,-3.25,5.417152491707E-15));
#4043 = VECTOR('',#4044,1.);
#4044 = DIRECTION('',(0.,1.,0.));
#4045 = ORIENTED_EDGE('',*,*,#4046,.F.);
#4046 = EDGE_CURVE('',#4047,#4039,#4049,.T.);
#4047 = VERTEX_POINT('',#4048);
#4048 = CARTESIAN_POINT('',(68.,12.75,-2.));
#4049 = LINE('',#4050,#4051);
#4050 = CARTESIAN_POINT('',(68.,12.75,-2.));
#4051 = VECTOR('',#4052,1.);
#4052 = DIRECTION('',(-0.,-0.,1.));
#4053 = ORIENTED_EDGE('',*,*,#4054,.F.);
#4054 = EDGE_CURVE('',#4009,#4047,#4055,.T.);
#4055 = LINE('',#4056,#4057);
#4056 = CARTESIAN_POINT('',(68.,-3.25,-2.));
#4057 = VECTOR('',#4058,1.);
#4058 = DIRECTION('',(0.,1.,0.));
#4059 = ORIENTED_EDGE('',*,*,#4008,.T.);
#4060 = PLANE('',#4061);
#4061 = AXIS2_PLACEMENT_3D('',#4062,#4063,#4064);
#4062 = CARTESIAN_POINT('',(68.,-3.25,-2.));
#4063 = DIRECTION('',(1.,-0.,0.));
#4064 = DIRECTION('',(0.,0.,-1.));
#4065 = ADVANCED_FACE('',(#4066),#4091,.F.);
#4066 = FACE_BOUND('',#4067,.T.);
#4067 = EDGE_LOOP('',(#4068,#4076,#4084,#4090));
#4068 = ORIENTED_EDGE('',*,*,#4069,.T.);
#4069 = EDGE_CURVE('',#4039,#4070,#4072,.T.);
#4070 = VERTEX_POINT('',#4071);
#4071 = CARTESIAN_POINT('',(52.,12.75,5.417152491707E-15));
#4072 = LINE('',#4073,#4074);
#4073 = CARTESIAN_POINT('',(68.,12.75,5.417152491707E-15));
#4074 = VECTOR('',#4075,1.);
#4075 = DIRECTION('',(-1.,-2.168404344971E-16,0.));
#4076 = ORIENTED_EDGE('',*,*,#4077,.F.);
#4077 = EDGE_CURVE('',#4078,#4070,#4080,.T.);
#4078 = VERTEX_POINT('',#4079);
#4079 = CARTESIAN_POINT('',(52.,12.75,-2.));
#4080 = LINE('',#4081,#4082);
#4081 = CARTESIAN_POINT('',(52.,12.75,-2.));
#4082 = VECTOR('',#4083,1.);
#4083 = DIRECTION('',(-0.,-0.,1.));
#4084 = ORIENTED_EDGE('',*,*,#4085,.F.);
#4085 = EDGE_CURVE('',#4047,#4078,#4086,.T.);
#4086 = LINE('',#4087,#4088);
#4087 = CARTESIAN_POINT('',(68.,12.75,-2.));
#4088 = VECTOR('',#4089,1.);
#4089 = DIRECTION('',(-1.,-2.168404344971E-16,0.));
#4090 = ORIENTED_EDGE('',*,*,#4046,.T.);
#4091 = PLANE('',#4092);
#4092 = AXIS2_PLACEMENT_3D('',#4093,#4094,#4095);
#4093 = CARTESIAN_POINT('',(68.,12.75,-2.));
#4094 = DIRECTION('',(-2.168404344971E-16,1.,0.));
#4095 = DIRECTION('',(-1.,-2.168404344971E-16,0.));
#4096 = ADVANCED_FACE('',(#4097),#4113,.F.);
#4097 = FACE_BOUND('',#4098,.T.);
#4098 = EDGE_LOOP('',(#4099,#4105,#4106,#4112));
#4099 = ORIENTED_EDGE('',*,*,#4100,.T.);
#4100 = EDGE_CURVE('',#4070,#3999,#4101,.T.);
#4101 = LINE('',#4102,#4103);
#4102 = CARTESIAN_POINT('',(52.,-3.25,5.417152491707E-15));
#4103 = VECTOR('',#4104,1.);
#4104 = DIRECTION('',(-0.,-1.,-0.));
#4105 = ORIENTED_EDGE('',*,*,#4024,.F.);
#4106 = ORIENTED_EDGE('',*,*,#4107,.F.);
#4107 = EDGE_CURVE('',#4078,#4017,#4108,.T.);
#4108 = LINE('',#4109,#4110);
#4109 = CARTESIAN_POINT('',(52.,-3.25,-2.));
#4110 = VECTOR('',#4111,1.);
#4111 = DIRECTION('',(-0.,-1.,-0.));
#4112 = ORIENTED_EDGE('',*,*,#4077,.T.);
#4113 = PLANE('',#4114);
#4114 = AXIS2_PLACEMENT_3D('',#4115,#4116,#4117);
#4115 = CARTESIAN_POINT('',(52.,-3.25,-2.));
#4116 = DIRECTION('',(-1.,0.,0.));
#4117 = DIRECTION('',(0.,0.,1.));
#4118 = ADVANCED_FACE('',(#4119),#4153,.F.);
#4119 = FACE_BOUND('',#4120,.T.);
#4120 = EDGE_LOOP('',(#4121,#4131,#4139,#4147));
#4121 = ORIENTED_EDGE('',*,*,#4122,.T.);
#4122 = EDGE_CURVE('',#4123,#4125,#4127,.T.);
#4123 = VERTEX_POINT('',#4124);
#4124 = CARTESIAN_POINT('',(32.,-3.25,5.000448453883E-15));
#4125 = VERTEX_POINT('',#4126);
#4126 = CARTESIAN_POINT('',(48.,-3.25,5.000448453883E-15));
#4127 = LINE('',#4128,#4129);
#4128 = CARTESIAN_POINT('',(48.,-3.25,5.000448453883E-15));
#4129 = VECTOR('',#4130,1.);
#4130 = DIRECTION('',(1.,1.084202172486E-16,-0.));
#4131 = ORIENTED_EDGE('',*,*,#4132,.F.);
#4132 = EDGE_CURVE('',#4133,#4125,#4135,.T.);
#4133 = VERTEX_POINT('',#4134);
#4134 = CARTESIAN_POINT('',(48.,-3.25,-2.));
#4135 = LINE('',#4136,#4137);
#4136 = CARTESIAN_POINT('',(48.,-3.25,-2.));
#4137 = VECTOR('',#4138,1.);
#4138 = DIRECTION('',(-0.,-0.,1.));
#4139 = ORIENTED_EDGE('',*,*,#4140,.F.);
#4140 = EDGE_CURVE('',#4141,#4133,#4143,.T.);
#4141 = VERTEX_POINT('',#4142);
#4142 = CARTESIAN_POINT('',(32.,-3.25,-2.));
#4143 = LINE('',#4144,#4145);
#4144 = CARTESIAN_POINT('',(48.,-3.25,-2.));
#4145 = VECTOR('',#4146,1.);
#4146 = DIRECTION('',(1.,1.084202172486E-16,-0.));
#4147 = ORIENTED_EDGE('',*,*,#4148,.T.);
#4148 = EDGE_CURVE('',#4141,#4123,#4149,.T.);
#4149 = LINE('',#4150,#4151);
#4150 = CARTESIAN_POINT('',(32.,-3.25,-2.));
#4151 = VECTOR('',#4152,1.);
#4152 = DIRECTION('',(-0.,-0.,1.));
#4153 = PLANE('',#4154);
#4154 = AXIS2_PLACEMENT_3D('',#4155,#4156,#4157);
#4155 = CARTESIAN_POINT('',(48.,-3.25,-2.));
#4156 = DIRECTION('',(1.084202172486E-16,-1.,0.));
#4157 = DIRECTION('',(1.,1.084202172486E-16,0.));
#4158 = ADVANCED_FACE('',(#4159),#4184,.F.);
#4159 = FACE_BOUND('',#4160,.T.);
#4160 = EDGE_LOOP('',(#4161,#4169,#4177,#4183));
#4161 = ORIENTED_EDGE('',*,*,#4162,.T.);
#4162 = EDGE_CURVE('',#4125,#4163,#4165,.T.);
#4163 = VERTEX_POINT('',#4164);
#4164 = CARTESIAN_POINT('',(48.,12.75,5.000448453883E-15));
#4165 = LINE('',#4166,#4167);
#4166 = CARTESIAN_POINT('',(48.,-3.25,5.000448453883E-15));
#4167 = VECTOR('',#4168,1.);
#4168 = DIRECTION('',(0.,1.,0.));
#4169 = ORIENTED_EDGE('',*,*,#4170,.F.);
#4170 = EDGE_CURVE('',#4171,#4163,#4173,.T.);
#4171 = VERTEX_POINT('',#4172);
#4172 = CARTESIAN_POINT('',(48.,12.75,-2.));
#4173 = LINE('',#4174,#4175);
#4174 = CARTESIAN_POINT('',(48.,12.75,-2.));
#4175 = VECTOR('',#4176,1.);
#4176 = DIRECTION('',(-0.,-0.,1.));
#4177 = ORIENTED_EDGE('',*,*,#4178,.F.);
#4178 = EDGE_CURVE('',#4133,#4171,#4179,.T.);
#4179 = LINE('',#4180,#4181);
#4180 = CARTESIAN_POINT('',(48.,-3.25,-2.));
#4181 = VECTOR('',#4182,1.);
#4182 = DIRECTION('',(0.,1.,0.));
#4183 = ORIENTED_EDGE('',*,*,#4132,.T.);
#4184 = PLANE('',#4185);
#4185 = AXIS2_PLACEMENT_3D('',#4186,#4187,#4188);
#4186 = CARTESIAN_POINT('',(48.,-3.25,-2.));
#4187 = DIRECTION('',(1.,-0.,0.));
#4188 = DIRECTION('',(0.,0.,-1.));
#4189 = ADVANCED_FACE('',(#4190),#4215,.F.);
#4190 = FACE_BOUND('',#4191,.T.);
#4191 = EDGE_LOOP('',(#4192,#4200,#4208,#4214));
#4192 = ORIENTED_EDGE('',*,*,#4193,.T.);
#4193 = EDGE_CURVE('',#4163,#4194,#4196,.T.);
#4194 = VERTEX_POINT('',#4195);
#4195 = CARTESIAN_POINT('',(32.,12.75,5.000448453883E-15));
#4196 = LINE('',#4197,#4198);
#4197 = CARTESIAN_POINT('',(48.,12.75,5.000448453883E-15));
#4198 = VECTOR('',#4199,1.);
#4199 = DIRECTION('',(-1.,-2.168404344971E-16,0.));
#4200 = ORIENTED_EDGE('',*,*,#4201,.F.);
#4201 = EDGE_CURVE('',#4202,#4194,#4204,.T.);
#4202 = VERTEX_POINT('',#4203);
#4203 = CARTESIAN_POINT('',(32.,12.75,-2.));
#4204 = LINE('',#4205,#4206);
#4205 = CARTESIAN_POINT('',(32.,12.75,-2.));
#4206 = VECTOR('',#4207,1.);
#4207 = DIRECTION('',(-0.,-0.,1.));
#4208 = ORIENTED_EDGE('',*,*,#4209,.F.);
#4209 = EDGE_CURVE('',#4171,#4202,#4210,.T.);
#4210 = LINE('',#4211,#4212);
#4211 = CARTESIAN_POINT('',(48.,12.75,-2.));
#4212 = VECTOR('',#4213,1.);
#4213 = DIRECTION('',(-1.,-2.168404344971E-16,0.));
#4214 = ORIENTED_EDGE('',*,*,#4170,.T.);
#4215 = PLANE('',#4216);
#4216 = AXIS2_PLACEMENT_3D('',#4217,#4218,#4219);
#4217 = CARTESIAN_POINT('',(48.,12.75,-2.));
#4218 = DIRECTION('',(-2.168404344971E-16,1.,0.));
#4219 = DIRECTION('',(-1.,-2.168404344971E-16,0.));
#4220 = ADVANCED_FACE('',(#4221),#4237,.F.);
#4221 = FACE_BOUND('',#4222,.T.);
#4222 = EDGE_LOOP('',(#4223,#4229,#4230,#4236));
#4223 = ORIENTED_EDGE('',*,*,#4224,.T.);
#4224 = EDGE_CURVE('',#4194,#4123,#4225,.T.);
#4225 = LINE('',#4226,#4227);
#4226 = CARTESIAN_POINT('',(32.,-3.25,5.000448453883E-15));
#4227 = VECTOR('',#4228,1.);
#4228 = DIRECTION('',(-0.,-1.,-0.));
#4229 = ORIENTED_EDGE('',*,*,#4148,.F.);
#4230 = ORIENTED_EDGE('',*,*,#4231,.F.);
#4231 = EDGE_CURVE('',#4202,#4141,#4232,.T.);
#4232 = LINE('',#4233,#4234);
#4233 = CARTESIAN_POINT('',(32.,-3.25,-2.));
#4234 = VECTOR('',#4235,1.);
#4235 = DIRECTION('',(-0.,-1.,-0.));
#4236 = ORIENTED_EDGE('',*,*,#4201,.T.);
#4237 = PLANE('',#4238);
#4238 = AXIS2_PLACEMENT_3D('',#4239,#4240,#4241);
#4239 = CARTESIAN_POINT('',(32.,-3.25,-2.));
#4240 = DIRECTION('',(-1.,0.,0.));
#4241 = DIRECTION('',(0.,0.,1.));
#4242 = ADVANCED_FACE('',(#4243),#4277,.F.);
#4243 = FACE_BOUND('',#4244,.T.);
#4244 = EDGE_LOOP('',(#4245,#4255,#4263,#4271));
#4245 = ORIENTED_EDGE('',*,*,#4246,.T.);
#4246 = EDGE_CURVE('',#4247,#4249,#4251,.T.);
#4247 = VERTEX_POINT('',#4248);
#4248 = CARTESIAN_POINT('',(12.,-3.25,4.58374441606E-15));
#4249 = VERTEX_POINT('',#4250);
#4250 = CARTESIAN_POINT('',(28.,-3.25,4.58374441606E-15));
#4251 = LINE('',#4252,#4253);
#4252 = CARTESIAN_POINT('',(28.,-3.25,4.58374441606E-15));
#4253 = VECTOR('',#4254,1.);
#4254 = DIRECTION('',(1.,1.084202172486E-16,-0.));
#4255 = ORIENTED_EDGE('',*,*,#4256,.F.);
#4256 = EDGE_CURVE('',#4257,#4249,#4259,.T.);
#4257 = VERTEX_POINT('',#4258);
#4258 = CARTESIAN_POINT('',(28.,-3.25,-2.));
#4259 = LINE('',#4260,#4261);
#4260 = CARTESIAN_POINT('',(28.,-3.25,-2.));
#4261 = VECTOR('',#4262,1.);
#4262 = DIRECTION('',(-0.,-0.,1.));
#4263 = ORIENTED_EDGE('',*,*,#4264,.F.);
#4264 = EDGE_CURVE('',#4265,#4257,#4267,.T.);
#4265 = VERTEX_POINT('',#4266);
#4266 = CARTESIAN_POINT('',(12.,-3.25,-2.));
#4267 = LINE('',#4268,#4269);
#4268 = CARTESIAN_POINT('',(28.,-3.25,-2.));
#4269 = VECTOR('',#4270,1.);
#4270 = DIRECTION('',(1.,1.084202172486E-16,-0.));
#4271 = ORIENTED_EDGE('',*,*,#4272,.T.);
#4272 = EDGE_CURVE('',#4265,#4247,#4273,.T.);
#4273 = LINE('',#4274,#4275);
#4274 = CARTESIAN_POINT('',(12.,-3.25,-2.));
#4275 = VECTOR('',#4276,1.);
#4276 = DIRECTION('',(-0.,-0.,1.));
#4277 = PLANE('',#4278);
#4278 = AXIS2_PLACEMENT_3D('',#4279,#4280,#4281);
#4279 = CARTESIAN_POINT('',(28.,-3.25,-2.));
#4280 = DIRECTION('',(1.084202172486E-16,-1.,0.));
#4281 = DIRECTION('',(1.,1.084202172486E-16,0.));
#4282 = ADVANCED_FACE('',(#4283),#4308,.F.);
#4283 = FACE_BOUND('',#4284,.T.);
#4284 = EDGE_LOOP('',(#4285,#4293,#4301,#4307));
#4285 = ORIENTED_EDGE('',*,*,#4286,.T.);
#4286 = EDGE_CURVE('',#4249,#4287,#4289,.T.);
#4287 = VERTEX_POINT('',#4288);
#4288 = CARTESIAN_POINT('',(28.,12.75,4.58374441606E-15));
#4289 = LINE('',#4290,#4291);
#4290 = CARTESIAN_POINT('',(28.,-3.25,4.58374441606E-15));
#4291 = VECTOR('',#4292,1.);
#4292 = DIRECTION('',(0.,1.,0.));
#4293 = ORIENTED_EDGE('',*,*,#4294,.F.);
#4294 = EDGE_CURVE('',#4295,#4287,#4297,.T.);
#4295 = VERTEX_POINT('',#4296);
#4296 = CARTESIAN_POINT('',(28.,12.75,-2.));
#4297 = LINE('',#4298,#4299);
#4298 = CARTESIAN_POINT('',(28.,12.75,-2.));
#4299 = VECTOR('',#4300,1.);
#4300 = DIRECTION('',(-0.,-0.,1.));
#4301 = ORIENTED_EDGE('',*,*,#4302,.F.);
#4302 = EDGE_CURVE('',#4257,#4295,#4303,.T.);
#4303 = LINE('',#4304,#4305);
#4304 = CARTESIAN_POINT('',(28.,-3.25,-2.));
#4305 = VECTOR('',#4306,1.);
#4306 = DIRECTION('',(0.,1.,0.));
#4307 = ORIENTED_EDGE('',*,*,#4256,.T.);
#4308 = PLANE('',#4309);
#4309 = AXIS2_PLACEMENT_3D('',#4310,#4311,#4312);
#4310 = CARTESIAN_POINT('',(28.,-3.25,-2.));
#4311 = DIRECTION('',(1.,-0.,0.));
#4312 = DIRECTION('',(0.,0.,-1.));
#4313 = ADVANCED_FACE('',(#4314),#4339,.F.);
#4314 = FACE_BOUND('',#4315,.T.);
#4315 = EDGE_LOOP('',(#4316,#4324,#4332,#4338));
#4316 = ORIENTED_EDGE('',*,*,#4317,.T.);
#4317 = EDGE_CURVE('',#4287,#4318,#4320,.T.);
#4318 = VERTEX_POINT('',#4319);
#4319 = CARTESIAN_POINT('',(12.,12.75,4.58374441606E-15));
#4320 = LINE('',#4321,#4322);
#4321 = CARTESIAN_POINT('',(28.,12.75,4.58374441606E-15));
#4322 = VECTOR('',#4323,1.);
#4323 = DIRECTION('',(-1.,-2.168404344971E-16,0.));
#4324 = ORIENTED_EDGE('',*,*,#4325,.F.);
#4325 = EDGE_CURVE('',#4326,#4318,#4328,.T.);
#4326 = VERTEX_POINT('',#4327);
#4327 = CARTESIAN_POINT('',(12.,12.75,-2.));
#4328 = LINE('',#4329,#4330);
#4329 = CARTESIAN_POINT('',(12.,12.75,-2.));
#4330 = VECTOR('',#4331,1.);
#4331 = DIRECTION('',(-0.,-0.,1.));
#4332 = ORIENTED_EDGE('',*,*,#4333,.F.);
#4333 = EDGE_CURVE('',#4295,#4326,#4334,.T.);
#4334 = LINE('',#4335,#4336);
#4335 = CARTESIAN_POINT('',(28.,12.75,-2.));
#4336 = VECTOR('',#4337,1.);
#4337 = DIRECTION('',(-1.,-2.168404344971E-16,0.));
#4338 = ORIENTED_EDGE('',*,*,#4294,.T.);
#4339 = PLANE('',#4340);
#4340 = AXIS2_PLACEMENT_3D('',#4341,#4342,#4343);
#4341 = CARTESIAN_POINT('',(28.,12.75,-2.));
#4342 = DIRECTION('',(-2.168404344971E-16,1.,0.));
#4343 = DIRECTION('',(-1.,-2.168404344971E-16,0.));
#4344 = ADVANCED_FACE('',(#4345),#4361,.F.);
#4345 = FACE_BOUND('',#4346,.T.);
#4346 = EDGE_LOOP('',(#4347,#4353,#4354,#4360));
#4347 = ORIENTED_EDGE('',*,*,#4348,.T.);
#4348 = EDGE_CURVE('',#4318,#4247,#4349,.T.);
#4349 = LINE('',#4350,#4351);
#4350 = CARTESIAN_POINT('',(12.,-3.25,4.58374441606E-15));
#4351 = VECTOR('',#4352,1.);
#4352 = DIRECTION('',(-0.,-1.,-0.));
#4353 = ORIENTED_EDGE('',*,*,#4272,.F.);
#4354 = ORIENTED_EDGE('',*,*,#4355,.F.);
#4355 = EDGE_CURVE('',#4326,#4265,#4356,.T.);
#4356 = LINE('',#4357,#4358);
#4357 = CARTESIAN_POINT('',(12.,-3.25,-2.));
#4358 = VECTOR('',#4359,1.);
#4359 = DIRECTION('',(-0.,-1.,-0.));
#4360 = ORIENTED_EDGE('',*,*,#4325,.T.);
#4361 = PLANE('',#4362);
#4362 = AXIS2_PLACEMENT_3D('',#4363,#4364,#4365);
#4363 = CARTESIAN_POINT('',(12.,-3.25,-2.));
#4364 = DIRECTION('',(-1.,0.,0.));
#4365 = DIRECTION('',(0.,0.,1.));
#4366 = ADVANCED_FACE('',(#4367),#4401,.F.);
#4367 = FACE_BOUND('',#4368,.T.);
#4368 = EDGE_LOOP('',(#4369,#4379,#4387,#4395));
#4369 = ORIENTED_EDGE('',*,*,#4370,.T.);
#4370 = EDGE_CURVE('',#4371,#4373,#4375,.T.);
#4371 = VERTEX_POINT('',#4372);
#4372 = CARTESIAN_POINT('',(-8.,-3.25,4.167040378236E-15));
#4373 = VERTEX_POINT('',#4374);
#4374 = CARTESIAN_POINT('',(8.,-3.25,4.167040378236E-15));
#4375 = LINE('',#4376,#4377);
#4376 = CARTESIAN_POINT('',(8.,-3.25,4.167040378236E-15));
#4377 = VECTOR('',#4378,1.);
#4378 = DIRECTION('',(1.,1.084202172486E-16,-0.));
#4379 = ORIENTED_EDGE('',*,*,#4380,.F.);
#4380 = EDGE_CURVE('',#4381,#4373,#4383,.T.);
#4381 = VERTEX_POINT('',#4382);
#4382 = CARTESIAN_POINT('',(8.,-3.25,-2.));
#4383 = LINE('',#4384,#4385);
#4384 = CARTESIAN_POINT('',(8.,-3.25,-2.));
#4385 = VECTOR('',#4386,1.);
#4386 = DIRECTION('',(-0.,-0.,1.));
#4387 = ORIENTED_EDGE('',*,*,#4388,.F.);
#4388 = EDGE_CURVE('',#4389,#4381,#4391,.T.);
#4389 = VERTEX_POINT('',#4390);
#4390 = CARTESIAN_POINT('',(-8.,-3.25,-2.));
#4391 = LINE('',#4392,#4393);
#4392 = CARTESIAN_POINT('',(8.,-3.25,-2.));
#4393 = VECTOR('',#4394,1.);
#4394 = DIRECTION('',(1.,1.084202172486E-16,-0.));
#4395 = ORIENTED_EDGE('',*,*,#4396,.T.);
#4396 = EDGE_CURVE('',#4389,#4371,#4397,.T.);
#4397 = LINE('',#4398,#4399);
#4398 = CARTESIAN_POINT('',(-8.,-3.25,-2.));
#4399 = VECTOR('',#4400,1.);
#4400 = DIRECTION('',(-0.,-0.,1.));
#4401 = PLANE('',#4402);
#4402 = AXIS2_PLACEMENT_3D('',#4403,#4404,#4405);
#4403 = CARTESIAN_POINT('',(8.,-3.25,-2.));
#4404 = DIRECTION('',(1.084202172486E-16,-1.,0.));
#4405 = DIRECTION('',(1.,1.084202172486E-16,0.));
#4406 = ADVANCED_FACE('',(#4407),#4432,.F.);
#4407 = FACE_BOUND('',#4408,.T.);
#4408 = EDGE_LOOP('',(#4409,#4417,#4425,#4431));
#4409 = ORIENTED_EDGE('',*,*,#4410,.T.);
#4410 = EDGE_CURVE('',#4373,#4411,#4413,.T.);
#4411 = VERTEX_POINT('',#4412);
#4412 = CARTESIAN_POINT('',(8.,12.75,4.167040378236E-15));
#4413 = LINE('',#4414,#4415);
#4414 = CARTESIAN_POINT('',(8.,-3.25,4.167040378236E-15));
#4415 = VECTOR('',#4416,1.);
#4416 = DIRECTION('',(0.,1.,0.));
#4417 = ORIENTED_EDGE('',*,*,#4418,.F.);
#4418 = EDGE_CURVE('',#4419,#4411,#4421,.T.);
#4419 = VERTEX_POINT('',#4420);
#4420 = CARTESIAN_POINT('',(8.,12.75,-2.));
#4421 = LINE('',#4422,#4423);
#4422 = CARTESIAN_POINT('',(8.,12.75,-2.));
#4423 = VECTOR('',#4424,1.);
#4424 = DIRECTION('',(-0.,-0.,1.));
#4425 = ORIENTED_EDGE('',*,*,#4426,.F.);
#4426 = EDGE_CURVE('',#4381,#4419,#4427,.T.);
#4427 = LINE('',#4428,#4429);
#4428 = CARTESIAN_POINT('',(8.,-3.25,-2.));
#4429 = VECTOR('',#4430,1.);
#4430 = DIRECTION('',(0.,1.,0.));
#4431 = ORIENTED_EDGE('',*,*,#4380,.T.);
#4432 = PLANE('',#4433);
#4433 = AXIS2_PLACEMENT_3D('',#4434,#4435,#4436);
#4434 = CARTESIAN_POINT('',(8.,-3.25,-2.));
#4435 = DIRECTION('',(1.,-0.,0.));
#4436 = DIRECTION('',(0.,0.,-1.));
#4437 = ADVANCED_FACE('',(#4438),#4463,.F.);
#4438 = FACE_BOUND('',#4439,.T.);
#4439 = EDGE_LOOP('',(#4440,#4448,#4456,#4462));
#4440 = ORIENTED_EDGE('',*,*,#4441,.T.);
#4441 = EDGE_CURVE('',#4411,#4442,#4444,.T.);
#4442 = VERTEX_POINT('',#4443);
#4443 = CARTESIAN_POINT('',(-8.,12.75,4.167040378236E-15));
#4444 = LINE('',#4445,#4446);
#4445 = CARTESIAN_POINT('',(8.,12.75,4.167040378236E-15));
#4446 = VECTOR('',#4447,1.);
#4447 = DIRECTION('',(-1.,-2.168404344971E-16,0.));
#4448 = ORIENTED_EDGE('',*,*,#4449,.F.);
#4449 = EDGE_CURVE('',#4450,#4442,#4452,.T.);
#4450 = VERTEX_POINT('',#4451);
#4451 = CARTESIAN_POINT('',(-8.,12.75,-2.));
#4452 = LINE('',#4453,#4454);
#4453 = CARTESIAN_POINT('',(-8.,12.75,-2.));
#4454 = VECTOR('',#4455,1.);
#4455 = DIRECTION('',(-0.,-0.,1.));
#4456 = ORIENTED_EDGE('',*,*,#4457,.F.);
#4457 = EDGE_CURVE('',#4419,#4450,#4458,.T.);
#4458 = LINE('',#4459,#4460);
#4459 = CARTESIAN_POINT('',(8.,12.75,-2.));
#4460 = VECTOR('',#4461,1.);
#4461 = DIRECTION('',(-1.,-2.168404344971E-16,0.));
#4462 = ORIENTED_EDGE('',*,*,#4418,.T.);
#4463 = PLANE('',#4464);
#4464 = AXIS2_PLACEMENT_3D('',#4465,#4466,#4467);
#4465 = CARTESIAN_POINT('',(8.,12.75,-2.));
#4466 = DIRECTION('',(-2.168404344971E-16,1.,0.));
#4467 = DIRECTION('',(-1.,-2.168404344971E-16,0.));
#4468 = ADVANCED_FACE('',(#4469),#4485,.F.);
#4469 = FACE_BOUND('',#4470,.T.);
#4470 = EDGE_LOOP('',(#4471,#4477,#4478,#4484));
#4471 = ORIENTED_EDGE('',*,*,#4472,.T.);
#4472 = EDGE_CURVE('',#4442,#4371,#4473,.T.);
#4473 = LINE('',#4474,#4475);
#4474 = CARTESIAN_POINT('',(-8.,-3.25,4.167040378236E-15));
#4475 = VECTOR('',#4476,1.);
#4476 = DIRECTION('',(-0.,-1.,-0.));
#4477 = ORIENTED_EDGE('',*,*,#4396,.F.);
#4478 = ORIENTED_EDGE('',*,*,#4479,.F.);
#4479 = EDGE_CURVE('',#4450,#4389,#4480,.T.);
#4480 = LINE('',#4481,#4482);
#4481 = CARTESIAN_POINT('',(-8.,-3.25,-2.));
#4482 = VECTOR('',#4483,1.);
#4483 = DIRECTION('',(-0.,-1.,-0.));
#4484 = ORIENTED_EDGE('',*,*,#4449,.T.);
#4485 = PLANE('',#4486);
#4486 = AXIS2_PLACEMENT_3D('',#4487,#4488,#4489);
#4487 = CARTESIAN_POINT('',(-8.,-3.25,-2.));
#4488 = DIRECTION('',(-1.,0.,0.));
#4489 = DIRECTION('',(0.,0.,1.));
#4490 = ADVANCED_FACE('',(#4491),#4525,.F.);
#4491 = FACE_BOUND('',#4492,.T.);
#4492 = EDGE_LOOP('',(#4493,#4503,#4511,#4519));
#4493 = ORIENTED_EDGE('',*,*,#4494,.T.);
#4494 = EDGE_CURVE('',#4495,#4497,#4499,.T.);
#4495 = VERTEX_POINT('',#4496);
#4496 = CARTESIAN_POINT('',(-28.,-3.25,3.750336340412E-15));
#4497 = VERTEX_POINT('',#4498);
#4498 = CARTESIAN_POINT('',(-12.,-3.25,3.750336340412E-15));
#4499 = LINE('',#4500,#4501);
#4500 = CARTESIAN_POINT('',(-12.,-3.25,3.750336340412E-15));
#4501 = VECTOR('',#4502,1.);
#4502 = DIRECTION('',(1.,1.084202172486E-16,-0.));
#4503 = ORIENTED_EDGE('',*,*,#4504,.F.);
#4504 = EDGE_CURVE('',#4505,#4497,#4507,.T.);
#4505 = VERTEX_POINT('',#4506);
#4506 = CARTESIAN_POINT('',(-12.,-3.25,-2.));
#4507 = LINE('',#4508,#4509);
#4508 = CARTESIAN_POINT('',(-12.,-3.25,-2.));
#4509 = VECTOR('',#4510,1.);
#4510 = DIRECTION('',(-0.,-0.,1.));
#4511 = ORIENTED_EDGE('',*,*,#4512,.F.);
#4512 = EDGE_CURVE('',#4513,#4505,#4515,.T.);
#4513 = VERTEX_POINT('',#4514);
#4514 = CARTESIAN_POINT('',(-28.,-3.25,-2.));
#4515 = LINE('',#4516,#4517);
#4516 = CARTESIAN_POINT('',(-12.,-3.25,-2.));
#4517 = VECTOR('',#4518,1.);
#4518 = DIRECTION('',(1.,1.084202172486E-16,-0.));
#4519 = ORIENTED_EDGE('',*,*,#4520,.T.);
#4520 = EDGE_CURVE('',#4513,#4495,#4521,.T.);
#4521 = LINE('',#4522,#4523);
#4522 = CARTESIAN_POINT('',(-28.,-3.25,-2.));
#4523 = VECTOR('',#4524,1.);
#4524 = DIRECTION('',(-0.,-0.,1.));
#4525 = PLANE('',#4526);
#4526 = AXIS2_PLACEMENT_3D('',#4527,#4528,#4529);
#4527 = CARTESIAN_POINT('',(-12.,-3.25,-2.));
#4528 = DIRECTION('',(1.084202172486E-16,-1.,0.));
#4529 = DIRECTION('',(1.,1.084202172486E-16,0.));
#4530 = ADVANCED_FACE('',(#4531),#4556,.F.);
#4531 = FACE_BOUND('',#4532,.T.);
#4532 = EDGE_LOOP('',(#4533,#4541,#4549,#4555));
#4533 = ORIENTED_EDGE('',*,*,#4534,.T.);
#4534 = EDGE_CURVE('',#4497,#4535,#4537,.T.);
#4535 = VERTEX_POINT('',#4536);
#4536 = CARTESIAN_POINT('',(-12.,12.75,3.750336340412E-15));
#4537 = LINE('',#4538,#4539);
#4538 = CARTESIAN_POINT('',(-12.,-3.25,3.750336340412E-15));
#4539 = VECTOR('',#4540,1.);
#4540 = DIRECTION('',(0.,1.,0.));
#4541 = ORIENTED_EDGE('',*,*,#4542,.F.);
#4542 = EDGE_CURVE('',#4543,#4535,#4545,.T.);
#4543 = VERTEX_POINT('',#4544);
#4544 = CARTESIAN_POINT('',(-12.,12.75,-2.));
#4545 = LINE('',#4546,#4547);
#4546 = CARTESIAN_POINT('',(-12.,12.75,-2.));
#4547 = VECTOR('',#4548,1.);
#4548 = DIRECTION('',(-0.,-0.,1.));
#4549 = ORIENTED_EDGE('',*,*,#4550,.F.);
#4550 = EDGE_CURVE('',#4505,#4543,#4551,.T.);
#4551 = LINE('',#4552,#4553);
#4552 = CARTESIAN_POINT('',(-12.,-3.25,-2.));
#4553 = VECTOR('',#4554,1.);
#4554 = DIRECTION('',(0.,1.,0.));
#4555 = ORIENTED_EDGE('',*,*,#4504,.T.);
#4556 = PLANE('',#4557);
#4557 = AXIS2_PLACEMENT_3D('',#4558,#4559,#4560);
#4558 = CARTESIAN_POINT('',(-12.,-3.25,-2.));
#4559 = DIRECTION('',(1.,-0.,0.));
#4560 = DIRECTION('',(0.,0.,-1.));
#4561 = ADVANCED_FACE('',(#4562),#4587,.F.);
#4562 = FACE_BOUND('',#4563,.T.);
#4563 = EDGE_LOOP('',(#4564,#4572,#4580,#4586));
#4564 = ORIENTED_EDGE('',*,*,#4565,.T.);
#4565 = EDGE_CURVE('',#4535,#4566,#4568,.T.);
#4566 = VERTEX_POINT('',#4567);
#4567 = CARTESIAN_POINT('',(-28.,12.75,3.750336340412E-15));
#4568 = LINE('',#4569,#4570);
#4569 = CARTESIAN_POINT('',(-12.,12.75,3.750336340412E-15));
#4570 = VECTOR('',#4571,1.);
#4571 = DIRECTION('',(-1.,-2.168404344971E-16,0.));
#4572 = ORIENTED_EDGE('',*,*,#4573,.F.);
#4573 = EDGE_CURVE('',#4574,#4566,#4576,.T.);
#4574 = VERTEX_POINT('',#4575);
#4575 = CARTESIAN_POINT('',(-28.,12.75,-2.));
#4576 = LINE('',#4577,#4578);
#4577 = CARTESIAN_POINT('',(-28.,12.75,-2.));
#4578 = VECTOR('',#4579,1.);
#4579 = DIRECTION('',(-0.,-0.,1.));
#4580 = ORIENTED_EDGE('',*,*,#4581,.F.);
#4581 = EDGE_CURVE('',#4543,#4574,#4582,.T.);
#4582 = LINE('',#4583,#4584);
#4583 = CARTESIAN_POINT('',(-12.,12.75,-2.));
#4584 = VECTOR('',#4585,1.);
#4585 = DIRECTION('',(-1.,-2.168404344971E-16,0.));
#4586 = ORIENTED_EDGE('',*,*,#4542,.T.);
#4587 = PLANE('',#4588);
#4588 = AXIS2_PLACEMENT_3D('',#4589,#4590,#4591);
#4589 = CARTESIAN_POINT('',(-12.,12.75,-2.));
#4590 = DIRECTION('',(-2.168404344971E-16,1.,0.));
#4591 = DIRECTION('',(-1.,-2.168404344971E-16,0.));
#4592 = ADVANCED_FACE('',(#4593),#4609,.F.);
#4593 = FACE_BOUND('',#4594,.T.);
#4594 = EDGE_LOOP('',(#4595,#4601,#4602,#4608));
#4595 = ORIENTED_EDGE('',*,*,#4596,.T.);
#4596 = EDGE_CURVE('',#4566,#4495,#4597,.T.);
#4597 = LINE('',#4598,#4599);
#4598 = CARTESIAN_POINT('',(-28.,-3.25,3.750336340412E-15));
#4599 = VECTOR('',#4600,1.);
#4600 = DIRECTION('',(-0.,-1.,-0.));
#4601 = ORIENTED_EDGE('',*,*,#4520,.F.);
#4602 = ORIENTED_EDGE('',*,*,#4603,.F.);
#4603 = EDGE_CURVE('',#4574,#4513,#4604,.T.);
#4604 = LINE('',#4605,#4606);
#4605 = CARTESIAN_POINT('',(-28.,-3.25,-2.));
#4606 = VECTOR('',#4607,1.);
#4607 = DIRECTION('',(-0.,-1.,-0.));
#4608 = ORIENTED_EDGE('',*,*,#4573,.T.);
#4609 = PLANE('',#4610);
#4610 = AXIS2_PLACEMENT_3D('',#4611,#4612,#4613);
#4611 = CARTESIAN_POINT('',(-28.,-3.25,-2.));
#4612 = DIRECTION('',(-1.,0.,0.));
#4613 = DIRECTION('',(0.,0.,1.));
#4614 = ADVANCED_FACE('',(#4615),#4649,.F.);
#4615 = FACE_BOUND('',#4616,.T.);
#4616 = EDGE_LOOP('',(#4617,#4627,#4635,#4643));
#4617 = ORIENTED_EDGE('',*,*,#4618,.T.);
#4618 = EDGE_CURVE('',#4619,#4621,#4623,.T.);
#4619 = VERTEX_POINT('',#4620);
#4620 = CARTESIAN_POINT('',(-48.,-3.25,3.333632302589E-15));
#4621 = VERTEX_POINT('',#4622);
#4622 = CARTESIAN_POINT('',(-32.,-3.25,3.333632302589E-15));
#4623 = LINE('',#4624,#4625);
#4624 = CARTESIAN_POINT('',(-32.,-3.25,3.333632302589E-15));
#4625 = VECTOR('',#4626,1.);
#4626 = DIRECTION('',(1.,1.084202172486E-16,-0.));
#4627 = ORIENTED_EDGE('',*,*,#4628,.F.);
#4628 = EDGE_CURVE('',#4629,#4621,#4631,.T.);
#4629 = VERTEX_POINT('',#4630);
#4630 = CARTESIAN_POINT('',(-32.,-3.25,-2.));
#4631 = LINE('',#4632,#4633);
#4632 = CARTESIAN_POINT('',(-32.,-3.25,-2.));
#4633 = VECTOR('',#4634,1.);
#4634 = DIRECTION('',(-0.,-0.,1.));
#4635 = ORIENTED_EDGE('',*,*,#4636,.F.);
#4636 = EDGE_CURVE('',#4637,#4629,#4639,.T.);
#4637 = VERTEX_POINT('',#4638);
#4638 = CARTESIAN_POINT('',(-48.,-3.25,-2.));
#4639 = LINE('',#4640,#4641);
#4640 = CARTESIAN_POINT('',(-32.,-3.25,-2.));
#4641 = VECTOR('',#4642,1.);
#4642 = DIRECTION('',(1.,1.084202172486E-16,-0.));
#4643 = ORIENTED_EDGE('',*,*,#4644,.T.);
#4644 = EDGE_CURVE('',#4637,#4619,#4645,.T.);
#4645 = LINE('',#4646,#4647);
#4646 = CARTESIAN_POINT('',(-48.,-3.25,-2.));
#4647 = VECTOR('',#4648,1.);
#4648 = DIRECTION('',(-0.,-0.,1.));
#4649 = PLANE('',#4650);
#4650 = AXIS2_PLACEMENT_3D('',#4651,#4652,#4653);
#4651 = CARTESIAN_POINT('',(-32.,-3.25,-2.));
#4652 = DIRECTION('',(1.084202172486E-16,-1.,0.));
#4653 = DIRECTION('',(1.,1.084202172486E-16,0.));
#4654 = ADVANCED_FACE('',(#4655),#4680,.F.);
#4655 = FACE_BOUND('',#4656,.T.);
#4656 = EDGE_LOOP('',(#4657,#4665,#4673,#4679));
#4657 = ORIENTED_EDGE('',*,*,#4658,.T.);
#4658 = EDGE_CURVE('',#4621,#4659,#4661,.T.);
#4659 = VERTEX_POINT('',#4660);
#4660 = CARTESIAN_POINT('',(-32.,12.75,3.333632302589E-15));
#4661 = LINE('',#4662,#4663);
#4662 = CARTESIAN_POINT('',(-32.,-3.25,3.333632302589E-15));
#4663 = VECTOR('',#4664,1.);
#4664 = DIRECTION('',(0.,1.,0.));
#4665 = ORIENTED_EDGE('',*,*,#4666,.F.);
#4666 = EDGE_CURVE('',#4667,#4659,#4669,.T.);
#4667 = VERTEX_POINT('',#4668);
#4668 = CARTESIAN_POINT('',(-32.,12.75,-2.));
#4669 = LINE('',#4670,#4671);
#4670 = CARTESIAN_POINT('',(-32.,12.75,-2.));
#4671 = VECTOR('',#4672,1.);
#4672 = DIRECTION('',(-0.,-0.,1.));
#4673 = ORIENTED_EDGE('',*,*,#4674,.F.);
#4674 = EDGE_CURVE('',#4629,#4667,#4675,.T.);
#4675 = LINE('',#4676,#4677);
#4676 = CARTESIAN_POINT('',(-32.,-3.25,-2.));
#4677 = VECTOR('',#4678,1.);
#4678 = DIRECTION('',(0.,1.,0.));
#4679 = ORIENTED_EDGE('',*,*,#4628,.T.);
#4680 = PLANE('',#4681);
#4681 = AXIS2_PLACEMENT_3D('',#4682,#4683,#4684);
#4682 = CARTESIAN_POINT('',(-32.,-3.25,-2.));
#4683 = DIRECTION('',(1.,-0.,0.));
#4684 = DIRECTION('',(0.,0.,-1.));
#4685 = ADVANCED_FACE('',(#4686),#4711,.F.);
#4686 = FACE_BOUND('',#4687,.T.);
#4687 = EDGE_LOOP('',(#4688,#4696,#4704,#4710));
#4688 = ORIENTED_EDGE('',*,*,#4689,.T.);
#4689 = EDGE_CURVE('',#4659,#4690,#4692,.T.);
#4690 = VERTEX_POINT('',#4691);
#4691 = CARTESIAN_POINT('',(-48.,12.75,3.333632302589E-15));
#4692 = LINE('',#4693,#4694);
#4693 = CARTESIAN_POINT('',(-32.,12.75,3.333632302589E-15));
#4694 = VECTOR('',#4695,1.);
#4695 = DIRECTION('',(-1.,-2.168404344971E-16,0.));
#4696 = ORIENTED_EDGE('',*,*,#4697,.F.);
#4697 = EDGE_CURVE('',#4698,#4690,#4700,.T.);
#4698 = VERTEX_POINT('',#4699);
#4699 = CARTESIAN_POINT('',(-48.,12.75,-2.));
#4700 = LINE('',#4701,#4702);
#4701 = CARTESIAN_POINT('',(-48.,12.75,-2.));
#4702 = VECTOR('',#4703,1.);
#4703 = DIRECTION('',(-0.,-0.,1.));
#4704 = ORIENTED_EDGE('',*,*,#4705,.F.);
#4705 = EDGE_CURVE('',#4667,#4698,#4706,.T.);
#4706 = LINE('',#4707,#4708);
#4707 = CARTESIAN_POINT('',(-32.,12.75,-2.));
#4708 = VECTOR('',#4709,1.);
#4709 = DIRECTION('',(-1.,-2.168404344971E-16,0.));
#4710 = ORIENTED_EDGE('',*,*,#4666,.T.);
#4711 = PLANE('',#4712);
#4712 = AXIS2_PLACEMENT_3D('',#4713,#4714,#4715);
#4713 = CARTESIAN_POINT('',(-32.,12.75,-2.));
#4714 = DIRECTION('',(-2.168404344971E-16,1.,0.));
#4715 = DIRECTION('',(-1.,-2.168404344971E-16,0.));
#4716 = ADVANCED_FACE('',(#4717),#4733,.F.);
#4717 = FACE_BOUND('',#4718,.T.);
#4718 = EDGE_LOOP('',(#4719,#4725,#4726,#4732));
#4719 = ORIENTED_EDGE('',*,*,#4720,.T.);
#4720 = EDGE_CURVE('',#4690,#4619,#4721,.T.);
#4721 = LINE('',#4722,#4723);
#4722 = CARTESIAN_POINT('',(-48.,-3.25,3.333632302589E-15));
#4723 = VECTOR('',#4724,1.);
#4724 = DIRECTION('',(-0.,-1.,-0.));
#4725 = ORIENTED_EDGE('',*,*,#4644,.F.);
#4726 = ORIENTED_EDGE('',*,*,#4727,.F.);
#4727 = EDGE_CURVE('',#4698,#4637,#4728,.T.);
#4728 = LINE('',#4729,#4730);
#4729 = CARTESIAN_POINT('',(-48.,-3.25,-2.));
#4730 = VECTOR('',#4731,1.);
#4731 = DIRECTION('',(-0.,-1.,-0.));
#4732 = ORIENTED_EDGE('',*,*,#4697,.T.);
#4733 = PLANE('',#4734);
#4734 = AXIS2_PLACEMENT_3D('',#4735,#4736,#4737);
#4735 = CARTESIAN_POINT('',(-48.,-3.25,-2.));
#4736 = DIRECTION('',(-1.,0.,0.));
#4737 = DIRECTION('',(0.,0.,1.));
#4738 = ADVANCED_FACE('',(#4739),#4773,.F.);
#4739 = FACE_BOUND('',#4740,.T.);
#4740 = EDGE_LOOP('',(#4741,#4751,#4759,#4767));
#4741 = ORIENTED_EDGE('',*,*,#4742,.T.);
#4742 = EDGE_CURVE('',#4743,#4745,#4747,.T.);
#4743 = VERTEX_POINT('',#4744);
#4744 = CARTESIAN_POINT('',(-68.,-3.25,2.916928264765E-15));
#4745 = VERTEX_POINT('',#4746);
#4746 = CARTESIAN_POINT('',(-52.,-3.25,2.916928264765E-15));
#4747 = LINE('',#4748,#4749);
#4748 = CARTESIAN_POINT('',(-52.,-3.25,2.916928264765E-15));
#4749 = VECTOR('',#4750,1.);
#4750 = DIRECTION('',(1.,1.084202172486E-16,-0.));
#4751 = ORIENTED_EDGE('',*,*,#4752,.F.);
#4752 = EDGE_CURVE('',#4753,#4745,#4755,.T.);
#4753 = VERTEX_POINT('',#4754);
#4754 = CARTESIAN_POINT('',(-52.,-3.25,-2.));
#4755 = LINE('',#4756,#4757);
#4756 = CARTESIAN_POINT('',(-52.,-3.25,-2.));
#4757 = VECTOR('',#4758,1.);
#4758 = DIRECTION('',(-0.,-0.,1.));
#4759 = ORIENTED_EDGE('',*,*,#4760,.F.);
#4760 = EDGE_CURVE('',#4761,#4753,#4763,.T.);
#4761 = VERTEX_POINT('',#4762);
#4762 = CARTESIAN_POINT('',(-68.,-3.25,-2.));
#4763 = LINE('',#4764,#4765);
#4764 = CARTESIAN_POINT('',(-52.,-3.25,-2.));
#4765 = VECTOR('',#4766,1.);
#4766 = DIRECTION('',(1.,1.084202172486E-16,-0.));
#4767 = ORIENTED_EDGE('',*,*,#4768,.T.);
#4768 = EDGE_CURVE('',#4761,#4743,#4769,.T.);
#4769 = LINE('',#4770,#4771);
#4770 = CARTESIAN_POINT('',(-68.,-3.25,-2.));
#4771 = VECTOR('',#4772,1.);
#4772 = DIRECTION('',(-0.,-0.,1.));
#4773 = PLANE('',#4774);
#4774 = AXIS2_PLACEMENT_3D('',#4775,#4776,#4777);
#4775 = CARTESIAN_POINT('',(-52.,-3.25,-2.));
#4776 = DIRECTION('',(1.084202172486E-16,-1.,0.));
#4777 = DIRECTION('',(1.,1.084202172486E-16,0.));
#4778 = ADVANCED_FACE('',(#4779),#4804,.F.);
#4779 = FACE_BOUND('',#4780,.T.);
#4780 = EDGE_LOOP('',(#4781,#4789,#4797,#4803));
#4781 = ORIENTED_EDGE('',*,*,#4782,.T.);
#4782 = EDGE_CURVE('',#4745,#4783,#4785,.T.);
#4783 = VERTEX_POINT('',#4784);
#4784 = CARTESIAN_POINT('',(-52.,12.75,2.916928264765E-15));
#4785 = LINE('',#4786,#4787);
#4786 = CARTESIAN_POINT('',(-52.,-3.25,2.916928264765E-15));
#4787 = VECTOR('',#4788,1.);
#4788 = DIRECTION('',(0.,1.,0.));
#4789 = ORIENTED_EDGE('',*,*,#4790,.F.);
#4790 = EDGE_CURVE('',#4791,#4783,#4793,.T.);
#4791 = VERTEX_POINT('',#4792);
#4792 = CARTESIAN_POINT('',(-52.,12.75,-2.));
#4793 = LINE('',#4794,#4795);
#4794 = CARTESIAN_POINT('',(-52.,12.75,-2.));
#4795 = VECTOR('',#4796,1.);
#4796 = DIRECTION('',(-0.,-0.,1.));
#4797 = ORIENTED_EDGE('',*,*,#4798,.F.);
#4798 = EDGE_CURVE('',#4753,#4791,#4799,.T.);
#4799 = LINE('',#4800,#4801);
#4800 = CARTESIAN_POINT('',(-52.,-3.25,-2.));
#4801 = VECTOR('',#4802,1.);
#4802 = DIRECTION('',(0.,1.,0.));
#4803 = ORIENTED_EDGE('',*,*,#4752,.T.);
#4804 = PLANE('',#4805);
#4805 = AXIS2_PLACEMENT_3D('',#4806,#4807,#4808);
#4806 = CARTESIAN_POINT('',(-52.,-3.25,-2.));
#4807 = DIRECTION('',(1.,-0.,0.));
#4808 = DIRECTION('',(0.,0.,-1.));
#4809 = ADVANCED_FACE('',(#4810),#4835,.F.);
#4810 = FACE_BOUND('',#4811,.T.);
#4811 = EDGE_LOOP('',(#4812,#4820,#4828,#4834));
#4812 = ORIENTED_EDGE('',*,*,#4813,.T.);
#4813 = EDGE_CURVE('',#4783,#4814,#4816,.T.);
#4814 = VERTEX_POINT('',#4815);
#4815 = CARTESIAN_POINT('',(-68.,12.75,2.916928264765E-15));
#4816 = LINE('',#4817,#4818);
#4817 = CARTESIAN_POINT('',(-52.,12.75,2.916928264765E-15));
#4818 = VECTOR('',#4819,1.);
#4819 = DIRECTION('',(-1.,-2.168404344971E-16,0.));
#4820 = ORIENTED_EDGE('',*,*,#4821,.F.);
#4821 = EDGE_CURVE('',#4822,#4814,#4824,.T.);
#4822 = VERTEX_POINT('',#4823);
#4823 = CARTESIAN_POINT('',(-68.,12.75,-2.));
#4824 = LINE('',#4825,#4826);
#4825 = CARTESIAN_POINT('',(-68.,12.75,-2.));
#4826 = VECTOR('',#4827,1.);
#4827 = DIRECTION('',(-0.,-0.,1.));
#4828 = ORIENTED_EDGE('',*,*,#4829,.F.);
#4829 = EDGE_CURVE('',#4791,#4822,#4830,.T.);
#4830 = LINE('',#4831,#4832);
#4831 = CARTESIAN_POINT('',(-52.,12.75,-2.));
#4832 = VECTOR('',#4833,1.);
#4833 = DIRECTION('',(-1.,-2.168404344971E-16,0.));
#4834 = ORIENTED_EDGE('',*,*,#4790,.T.);
#4835 = PLANE('',#4836);
#4836 = AXIS2_PLACEMENT_3D('',#4837,#4838,#4839);
#4837 = CARTESIAN_POINT('',(-52.,12.75,-2.));
#4838 = DIRECTION('',(-2.168404344971E-16,1.,0.));
#4839 = DIRECTION('',(-1.,-2.168404344971E-16,0.));
#4840 = ADVANCED_FACE('',(#4841),#4857,.F.);
#4841 = FACE_BOUND('',#4842,.T.);
#4842 = EDGE_LOOP('',(#4843,#4849,#4850,#4856));
#4843 = ORIENTED_EDGE('',*,*,#4844,.T.);
#4844 = EDGE_CURVE('',#4814,#4743,#4845,.T.);
#4845 = LINE('',#4846,#4847);
#4846 = CARTESIAN_POINT('',(-68.,-3.25,2.916928264765E-15));
#4847 = VECTOR('',#4848,1.);
#4848 = DIRECTION('',(-0.,-1.,-0.));
#4849 = ORIENTED_EDGE('',*,*,#4768,.F.);
#4850 = ORIENTED_EDGE('',*,*,#4851,.F.);
#4851 = EDGE_CURVE('',#4822,#4761,#4852,.T.);
#4852 = LINE('',#4853,#4854);
#4853 = CARTESIAN_POINT('',(-68.,-3.25,-2.));
#4854 = VECTOR('',#4855,1.);
#4855 = DIRECTION('',(-0.,-1.,-0.));
#4856 = ORIENTED_EDGE('',*,*,#4821,.T.);
#4857 = PLANE('',#4858);
#4858 = AXIS2_PLACEMENT_3D('',#4859,#4860,#4861);
#4859 = CARTESIAN_POINT('',(-68.,-3.25,-2.));
#4860 = DIRECTION('',(-1.,0.,0.));
#4861 = DIRECTION('',(0.,0.,1.));
#4862 = ADVANCED_FACE('',(#4863),#4897,.F.);
#4863 = FACE_BOUND('',#4864,.T.);
#4864 = EDGE_LOOP('',(#4865,#4875,#4883,#4891));
#4865 = ORIENTED_EDGE('',*,*,#4866,.T.);
#4866 = EDGE_CURVE('',#4867,#4869,#4871,.T.);
#4867 = VERTEX_POINT('',#4868);
#4868 = CARTESIAN_POINT('',(-88.,-3.25,2.500224226942E-15));
#4869 = VERTEX_POINT('',#4870);
#4870 = CARTESIAN_POINT('',(-72.,-3.25,2.500224226942E-15));
#4871 = LINE('',#4872,#4873);
#4872 = CARTESIAN_POINT('',(-72.,-3.25,2.500224226942E-15));
#4873 = VECTOR('',#4874,1.);
#4874 = DIRECTION('',(1.,1.084202172486E-16,-0.));
#4875 = ORIENTED_EDGE('',*,*,#4876,.F.);
#4876 = EDGE_CURVE('',#4877,#4869,#4879,.T.);
#4877 = VERTEX_POINT('',#4878);
#4878 = CARTESIAN_POINT('',(-72.,-3.25,-2.));
#4879 = LINE('',#4880,#4881);
#4880 = CARTESIAN_POINT('',(-72.,-3.25,-2.));
#4881 = VECTOR('',#4882,1.);
#4882 = DIRECTION('',(-0.,-0.,1.));
#4883 = ORIENTED_EDGE('',*,*,#4884,.F.);
#4884 = EDGE_CURVE('',#4885,#4877,#4887,.T.);
#4885 = VERTEX_POINT('',#4886);
#4886 = CARTESIAN_POINT('',(-88.,-3.25,-2.));
#4887 = LINE('',#4888,#4889);
#4888 = CARTESIAN_POINT('',(-72.,-3.25,-2.));
#4889 = VECTOR('',#4890,1.);
#4890 = DIRECTION('',(1.,1.084202172486E-16,-0.));
#4891 = ORIENTED_EDGE('',*,*,#4892,.T.);
#4892 = EDGE_CURVE('',#4885,#4867,#4893,.T.);
#4893 = LINE('',#4894,#4895);
#4894 = CARTESIAN_POINT('',(-88.,-3.25,-2.));
#4895 = VECTOR('',#4896,1.);
#4896 = DIRECTION('',(-0.,-0.,1.));
#4897 = PLANE('',#4898);
#4898 = AXIS2_PLACEMENT_3D('',#4899,#4900,#4901);
#4899 = CARTESIAN_POINT('',(-72.,-3.25,-2.));
#4900 = DIRECTION('',(1.084202172486E-16,-1.,0.));
#4901 = DIRECTION('',(1.,1.084202172486E-16,0.));
#4902 = ADVANCED_FACE('',(#4903),#4928,.F.);
#4903 = FACE_BOUND('',#4904,.T.);
#4904 = EDGE_LOOP('',(#4905,#4913,#4921,#4927));
#4905 = ORIENTED_EDGE('',*,*,#4906,.T.);
#4906 = EDGE_CURVE('',#4869,#4907,#4909,.T.);
#4907 = VERTEX_POINT('',#4908);
#4908 = CARTESIAN_POINT('',(-72.,12.75,2.500224226942E-15));
#4909 = LINE('',#4910,#4911);
#4910 = CARTESIAN_POINT('',(-72.,-3.25,2.500224226942E-15));
#4911 = VECTOR('',#4912,1.);
#4912 = DIRECTION('',(0.,1.,0.));
#4913 = ORIENTED_EDGE('',*,*,#4914,.F.);
#4914 = EDGE_CURVE('',#4915,#4907,#4917,.T.);
#4915 = VERTEX_POINT('',#4916);
#4916 = CARTESIAN_POINT('',(-72.,12.75,-2.));
#4917 = LINE('',#4918,#4919);
#4918 = CARTESIAN_POINT('',(-72.,12.75,-2.));
#4919 = VECTOR('',#4920,1.);
#4920 = DIRECTION('',(-0.,-0.,1.));
#4921 = ORIENTED_EDGE('',*,*,#4922,.F.);
#4922 = EDGE_CURVE('',#4877,#4915,#4923,.T.);
#4923 = LINE('',#4924,#4925);
#4924 = CARTESIAN_POINT('',(-72.,-3.25,-2.));
#4925 = VECTOR('',#4926,1.);
#4926 = DIRECTION('',(0.,1.,0.));
#4927 = ORIENTED_EDGE('',*,*,#4876,.T.);
#4928 = PLANE('',#4929);
#4929 = AXIS2_PLACEMENT_3D('',#4930,#4931,#4932);
#4930 = CARTESIAN_POINT('',(-72.,-3.25,-2.));
#4931 = DIRECTION('',(1.,-0.,0.));
#4932 = DIRECTION('',(0.,0.,-1.));
#4933 = ADVANCED_FACE('',(#4934),#4959,.F.);
#4934 = FACE_BOUND('',#4935,.T.);
#4935 = EDGE_LOOP('',(#4936,#4944,#4952,#4958));
#4936 = ORIENTED_EDGE('',*,*,#4937,.T.);
#4937 = EDGE_CURVE('',#4907,#4938,#4940,.T.);
#4938 = VERTEX_POINT('',#4939);
#4939 = CARTESIAN_POINT('',(-88.,12.75,2.500224226942E-15));
#4940 = LINE('',#4941,#4942);
#4941 = CARTESIAN_POINT('',(-72.,12.75,2.500224226942E-15));
#4942 = VECTOR('',#4943,1.);
#4943 = DIRECTION('',(-1.,-2.168404344971E-16,0.));
#4944 = ORIENTED_EDGE('',*,*,#4945,.F.);
#4945 = EDGE_CURVE('',#4946,#4938,#4948,.T.);
#4946 = VERTEX_POINT('',#4947);
#4947 = CARTESIAN_POINT('',(-88.,12.75,-2.));
#4948 = LINE('',#4949,#4950);
#4949 = CARTESIAN_POINT('',(-88.,12.75,-2.));
#4950 = VECTOR('',#4951,1.);
#4951 = DIRECTION('',(-0.,-0.,1.));
#4952 = ORIENTED_EDGE('',*,*,#4953,.F.);
#4953 = EDGE_CURVE('',#4915,#4946,#4954,.T.);
#4954 = LINE('',#4955,#4956);
#4955 = CARTESIAN_POINT('',(-72.,12.75,-2.));
#4956 = VECTOR('',#4957,1.);
#4957 = DIRECTION('',(-1.,-2.168404344971E-16,0.));
#4958 = ORIENTED_EDGE('',*,*,#4914,.T.);
#4959 = PLANE('',#4960);
#4960 = AXIS2_PLACEMENT_3D('',#4961,#4962,#4963);
#4961 = CARTESIAN_POINT('',(-72.,12.75,-2.));
#4962 = DIRECTION('',(-2.168404344971E-16,1.,0.));
#4963 = DIRECTION('',(-1.,-2.168404344971E-16,0.));
#4964 = ADVANCED_FACE('',(#4965),#4981,.F.);
#4965 = FACE_BOUND('',#4966,.T.);
#4966 = EDGE_LOOP('',(#4967,#4973,#4974,#4980));
#4967 = ORIENTED_EDGE('',*,*,#4968,.T.);
#4968 = EDGE_CURVE('',#4938,#4867,#4969,.T.);
#4969 = LINE('',#4970,#4971);
#4970 = CARTESIAN_POINT('',(-88.,-3.25,2.500224226942E-15));
#4971 = VECTOR('',#4972,1.);
#4972 = DIRECTION('',(-0.,-1.,-0.));
#4973 = ORIENTED_EDGE('',*,*,#4892,.F.);
#4974 = ORIENTED_EDGE('',*,*,#4975,.F.);
#4975 = EDGE_CURVE('',#4946,#4885,#4976,.T.);
#4976 = LINE('',#4977,#4978);
#4977 = CARTESIAN_POINT('',(-88.,-3.25,-2.));
#4978 = VECTOR('',#4979,1.);
#4979 = DIRECTION('',(-0.,-1.,-0.));
#4980 = ORIENTED_EDGE('',*,*,#4945,.T.);
#4981 = PLANE('',#4982);
#4982 = AXIS2_PLACEMENT_3D('',#4983,#4984,#4985);
#4983 = CARTESIAN_POINT('',(-88.,-3.25,-2.));
#4984 = DIRECTION('',(-1.,0.,0.));
#4985 = DIRECTION('',(0.,0.,1.));
#4986 = ADVANCED_FACE('',(#4987),#5021,.F.);
#4987 = FACE_BOUND('',#4988,.T.);
#4988 = EDGE_LOOP('',(#4989,#4999,#5007,#5015));
#4989 = ORIENTED_EDGE('',*,*,#4990,.T.);
#4990 = EDGE_CURVE('',#4991,#4993,#4995,.T.);
#4991 = VERTEX_POINT('',#4992);
#4992 = CARTESIAN_POINT('',(-108.,-3.25,2.083520189118E-15));
#4993 = VERTEX_POINT('',#4994);
#4994 = CARTESIAN_POINT('',(-92.,-3.25,2.083520189118E-15));
#4995 = LINE('',#4996,#4997);
#4996 = CARTESIAN_POINT('',(-92.,-3.25,2.083520189118E-15));
#4997 = VECTOR('',#4998,1.);
#4998 = DIRECTION('',(1.,1.084202172486E-16,-0.));
#4999 = ORIENTED_EDGE('',*,*,#5000,.F.);
#5000 = EDGE_CURVE('',#5001,#4993,#5003,.T.);
#5001 = VERTEX_POINT('',#5002);
#5002 = CARTESIAN_POINT('',(-92.,-3.25,-2.));
#5003 = LINE('',#5004,#5005);
#5004 = CARTESIAN_POINT('',(-92.,-3.25,-2.));
#5005 = VECTOR('',#5006,1.);
#5006 = DIRECTION('',(-0.,-0.,1.));
#5007 = ORIENTED_EDGE('',*,*,#5008,.F.);
#5008 = EDGE_CURVE('',#5009,#5001,#5011,.T.);
#5009 = VERTEX_POINT('',#5010);
#5010 = CARTESIAN_POINT('',(-108.,-3.25,-2.));
#5011 = LINE('',#5012,#5013);
#5012 = CARTESIAN_POINT('',(-92.,-3.25,-2.));
#5013 = VECTOR('',#5014,1.);
#5014 = DIRECTION('',(1.,1.084202172486E-16,-0.));
#5015 = ORIENTED_EDGE('',*,*,#5016,.T.);
#5016 = EDGE_CURVE('',#5009,#4991,#5017,.T.);
#5017 = LINE('',#5018,#5019);
#5018 = CARTESIAN_POINT('',(-108.,-3.25,-2.));
#5019 = VECTOR('',#5020,1.);
#5020 = DIRECTION('',(-0.,-0.,1.));
#5021 = PLANE('',#5022);
#5022 = AXIS2_PLACEMENT_3D('',#5023,#5024,#5025);
#5023 = CARTESIAN_POINT('',(-92.,-3.25,-2.));
#5024 = DIRECTION('',(1.084202172486E-16,-1.,0.));
#5025 = DIRECTION('',(1.,1.084202172486E-16,0.));
#5026 = ADVANCED_FACE('',(#5027),#5052,.F.);
#5027 = FACE_BOUND('',#5028,.T.);
#5028 = EDGE_LOOP('',(#5029,#5037,#5045,#5051));
#5029 = ORIENTED_EDGE('',*,*,#5030,.T.);
#5030 = EDGE_CURVE('',#4993,#5031,#5033,.T.);
#5031 = VERTEX_POINT('',#5032);
#5032 = CARTESIAN_POINT('',(-92.,12.75,2.083520189118E-15));
#5033 = LINE('',#5034,#5035);
#5034 = CARTESIAN_POINT('',(-92.,-3.25,2.083520189118E-15));
#5035 = VECTOR('',#5036,1.);
#5036 = DIRECTION('',(0.,1.,0.));
#5037 = ORIENTED_EDGE('',*,*,#5038,.F.);
#5038 = EDGE_CURVE('',#5039,#5031,#5041,.T.);
#5039 = VERTEX_POINT('',#5040);
#5040 = CARTESIAN_POINT('',(-92.,12.75,-2.));
#5041 = LINE('',#5042,#5043);
#5042 = CARTESIAN_POINT('',(-92.,12.75,-2.));
#5043 = VECTOR('',#5044,1.);
#5044 = DIRECTION('',(-0.,-0.,1.));
#5045 = ORIENTED_EDGE('',*,*,#5046,.F.);
#5046 = EDGE_CURVE('',#5001,#5039,#5047,.T.);
#5047 = LINE('',#5048,#5049);
#5048 = CARTESIAN_POINT('',(-92.,-3.25,-2.));
#5049 = VECTOR('',#5050,1.);
#5050 = DIRECTION('',(0.,1.,0.));
#5051 = ORIENTED_EDGE('',*,*,#5000,.T.);
#5052 = PLANE('',#5053);
#5053 = AXIS2_PLACEMENT_3D('',#5054,#5055,#5056);
#5054 = CARTESIAN_POINT('',(-92.,-3.25,-2.));
#5055 = DIRECTION('',(1.,-0.,0.));
#5056 = DIRECTION('',(0.,0.,-1.));
#5057 = ADVANCED_FACE('',(#5058),#5083,.F.);
#5058 = FACE_BOUND('',#5059,.T.);
#5059 = EDGE_LOOP('',(#5060,#5068,#5076,#5082));
#5060 = ORIENTED_EDGE('',*,*,#5061,.T.);
#5061 = EDGE_CURVE('',#5031,#5062,#5064,.T.);
#5062 = VERTEX_POINT('',#5063);
#5063 = CARTESIAN_POINT('',(-108.,12.75,2.083520189118E-15));
#5064 = LINE('',#5065,#5066);
#5065 = CARTESIAN_POINT('',(-92.,12.75,2.083520189118E-15));
#5066 = VECTOR('',#5067,1.);
#5067 = DIRECTION('',(-1.,-2.168404344971E-16,0.));
#5068 = ORIENTED_EDGE('',*,*,#5069,.F.);
#5069 = EDGE_CURVE('',#5070,#5062,#5072,.T.);
#5070 = VERTEX_POINT('',#5071);
#5071 = CARTESIAN_POINT('',(-108.,12.75,-2.));
#5072 = LINE('',#5073,#5074);
#5073 = CARTESIAN_POINT('',(-108.,12.75,-2.));
#5074 = VECTOR('',#5075,1.);
#5075 = DIRECTION('',(-0.,-0.,1.));
#5076 = ORIENTED_EDGE('',*,*,#5077,.F.);
#5077 = EDGE_CURVE('',#5039,#5070,#5078,.T.);
#5078 = LINE('',#5079,#5080);
#5079 = CARTESIAN_POINT('',(-92.,12.75,-2.));
#5080 = VECTOR('',#5081,1.);
#5081 = DIRECTION('',(-1.,-2.168404344971E-16,0.));
#5082 = ORIENTED_EDGE('',*,*,#5038,.T.);
#5083 = PLANE('',#5084);
#5084 = AXIS2_PLACEMENT_3D('',#5085,#5086,#5087);
#5085 = CARTESIAN_POINT('',(-92.,12.75,-2.));
#5086 = DIRECTION('',(-2.168404344971E-16,1.,0.));
#5087 = DIRECTION('',(-1.,-2.168404344971E-16,0.));
#5088 = ADVANCED_FACE('',(#5089),#5105,.F.);
#5089 = FACE_BOUND('',#5090,.T.);
#5090 = EDGE_LOOP('',(#5091,#5097,#5098,#5104));
#5091 = ORIENTED_EDGE('',*,*,#5092,.T.);
#5092 = EDGE_CURVE('',#5062,#4991,#5093,.T.);
#5093 = LINE('',#5094,#5095);
#5094 = CARTESIAN_POINT('',(-108.,-3.25,2.083520189118E-15));
#5095 = VECTOR('',#5096,1.);
#5096 = DIRECTION('',(-0.,-1.,-0.));
#5097 = ORIENTED_EDGE('',*,*,#5016,.F.);
#5098 = ORIENTED_EDGE('',*,*,#5099,.F.);
#5099 = EDGE_CURVE('',#5070,#5009,#5100,.T.);
#5100 = LINE('',#5101,#5102);
#5101 = CARTESIAN_POINT('',(-108.,-3.25,-2.));
#5102 = VECTOR('',#5103,1.);
#5103 = DIRECTION('',(-0.,-1.,-0.));
#5104 = ORIENTED_EDGE('',*,*,#5069,.T.);
#5105 = PLANE('',#5106);
#5106 = AXIS2_PLACEMENT_3D('',#5107,#5108,#5109);
#5107 = CARTESIAN_POINT('',(-108.,-3.25,-2.));
#5108 = DIRECTION('',(-1.,0.,0.));
#5109 = DIRECTION('',(0.,0.,1.));
#5110 = ADVANCED_FACE('',(#5111),#5145,.F.);
#5111 = FACE_BOUND('',#5112,.T.);
#5112 = EDGE_LOOP('',(#5113,#5123,#5131,#5139));
#5113 = ORIENTED_EDGE('',*,*,#5114,.T.);
#5114 = EDGE_CURVE('',#5115,#5117,#5119,.T.);
#5115 = VERTEX_POINT('',#5116);
#5116 = CARTESIAN_POINT('',(-128.,-3.25,1.666816151294E-15));
#5117 = VERTEX_POINT('',#5118);
#5118 = CARTESIAN_POINT('',(-112.,-3.25,1.666816151294E-15));
#5119 = LINE('',#5120,#5121);
#5120 = CARTESIAN_POINT('',(-112.,-3.25,1.666816151294E-15));
#5121 = VECTOR('',#5122,1.);
#5122 = DIRECTION('',(1.,1.084202172486E-16,-0.));
#5123 = ORIENTED_EDGE('',*,*,#5124,.F.);
#5124 = EDGE_CURVE('',#5125,#5117,#5127,.T.);
#5125 = VERTEX_POINT('',#5126);
#5126 = CARTESIAN_POINT('',(-112.,-3.25,-2.));
#5127 = LINE('',#5128,#5129);
#5128 = CARTESIAN_POINT('',(-112.,-3.25,-2.));
#5129 = VECTOR('',#5130,1.);
#5130 = DIRECTION('',(-0.,-0.,1.));
#5131 = ORIENTED_EDGE('',*,*,#5132,.F.);
#5132 = EDGE_CURVE('',#5133,#5125,#5135,.T.);
#5133 = VERTEX_POINT('',#5134);
#5134 = CARTESIAN_POINT('',(-128.,-3.25,-2.));
#5135 = LINE('',#5136,#5137);
#5136 = CARTESIAN_POINT('',(-112.,-3.25,-2.));
#5137 = VECTOR('',#5138,1.);
#5138 = DIRECTION('',(1.,1.084202172486E-16,-0.));
#5139 = ORIENTED_EDGE('',*,*,#5140,.T.);
#5140 = EDGE_CURVE('',#5133,#5115,#5141,.T.);
#5141 = LINE('',#5142,#5143);
#5142 = CARTESIAN_POINT('',(-128.,-3.25,-2.));
#5143 = VECTOR('',#5144,1.);
#5144 = DIRECTION('',(-0.,-0.,1.));
#5145 = PLANE('',#5146);
#5146 = AXIS2_PLACEMENT_3D('',#5147,#5148,#5149);
#5147 = CARTESIAN_POINT('',(-112.,-3.25,-2.));
#5148 = DIRECTION('',(1.084202172486E-16,-1.,0.));
#5149 = DIRECTION('',(1.,1.084202172486E-16,0.));
#5150 = ADVANCED_FACE('',(#5151),#5176,.F.);
#5151 = FACE_BOUND('',#5152,.T.);
#5152 = EDGE_LOOP('',(#5153,#5161,#5169,#5175));
#5153 = ORIENTED_EDGE('',*,*,#5154,.T.);
#5154 = EDGE_CURVE('',#5117,#5155,#5157,.T.);
#5155 = VERTEX_POINT('',#5156);
#5156 = CARTESIAN_POINT('',(-112.,12.75,1.666816151294E-15));
#5157 = LINE('',#5158,#5159);
#5158 = CARTESIAN_POINT('',(-112.,-3.25,1.666816151294E-15));
#5159 = VECTOR('',#5160,1.);
#5160 = DIRECTION('',(0.,1.,0.));
#5161 = ORIENTED_EDGE('',*,*,#5162,.F.);
#5162 = EDGE_CURVE('',#5163,#5155,#5165,.T.);
#5163 = VERTEX_POINT('',#5164);
#5164 = CARTESIAN_POINT('',(-112.,12.75,-2.));
#5165 = LINE('',#5166,#5167);
#5166 = CARTESIAN_POINT('',(-112.,12.75,-2.));
#5167 = VECTOR('',#5168,1.);
#5168 = DIRECTION('',(-0.,-0.,1.));
#5169 = ORIENTED_EDGE('',*,*,#5170,.F.);
#5170 = EDGE_CURVE('',#5125,#5163,#5171,.T.);
#5171 = LINE('',#5172,#5173);
#5172 = CARTESIAN_POINT('',(-112.,-3.25,-2.));
#5173 = VECTOR('',#5174,1.);
#5174 = DIRECTION('',(0.,1.,0.));
#5175 = ORIENTED_EDGE('',*,*,#5124,.T.);
#5176 = PLANE('',#5177);
#5177 = AXIS2_PLACEMENT_3D('',#5178,#5179,#5180);
#5178 = CARTESIAN_POINT('',(-112.,-3.25,-2.));
#5179 = DIRECTION('',(1.,-0.,0.));
#5180 = DIRECTION('',(0.,0.,-1.));
#5181 = ADVANCED_FACE('',(#5182),#5207,.F.);
#5182 = FACE_BOUND('',#5183,.T.);
#5183 = EDGE_LOOP('',(#5184,#5192,#5200,#5206));
#5184 = ORIENTED_EDGE('',*,*,#5185,.T.);
#5185 = EDGE_CURVE('',#5155,#5186,#5188,.T.);
#5186 = VERTEX_POINT('',#5187);
#5187 = CARTESIAN_POINT('',(-128.,12.75,1.666816151294E-15));
#5188 = LINE('',#5189,#5190);
#5189 = CARTESIAN_POINT('',(-112.,12.75,1.666816151294E-15));
#5190 = VECTOR('',#5191,1.);
#5191 = DIRECTION('',(-1.,-2.168404344971E-16,0.));
#5192 = ORIENTED_EDGE('',*,*,#5193,.F.);
#5193 = EDGE_CURVE('',#5194,#5186,#5196,.T.);
#5194 = VERTEX_POINT('',#5195);
#5195 = CARTESIAN_POINT('',(-128.,12.75,-2.));
#5196 = LINE('',#5197,#5198);
#5197 = CARTESIAN_POINT('',(-128.,12.75,-2.));
#5198 = VECTOR('',#5199,1.);
#5199 = DIRECTION('',(-0.,-0.,1.));
#5200 = ORIENTED_EDGE('',*,*,#5201,.F.);
#5201 = EDGE_CURVE('',#5163,#5194,#5202,.T.);
#5202 = LINE('',#5203,#5204);
#5203 = CARTESIAN_POINT('',(-112.,12.75,-2.));
#5204 = VECTOR('',#5205,1.);
#5205 = DIRECTION('',(-1.,-2.168404344971E-16,0.));
#5206 = ORIENTED_EDGE('',*,*,#5162,.T.);
#5207 = PLANE('',#5208);
#5208 = AXIS2_PLACEMENT_3D('',#5209,#5210,#5211);
#5209 = CARTESIAN_POINT('',(-112.,12.75,-2.));
#5210 = DIRECTION('',(-2.168404344971E-16,1.,0.));
#5211 = DIRECTION('',(-1.,-2.168404344971E-16,0.));
#5212 = ADVANCED_FACE('',(#5213),#5229,.F.);
#5213 = FACE_BOUND('',#5214,.T.);
#5214 = EDGE_LOOP('',(#5215,#5221,#5222,#5228));
#5215 = ORIENTED_EDGE('',*,*,#5216,.T.);
#5216 = EDGE_CURVE('',#5186,#5115,#5217,.T.);
#5217 = LINE('',#5218,#5219);
#5218 = CARTESIAN_POINT('',(-128.,-3.25,1.666816151294E-15));
#5219 = VECTOR('',#5220,1.);
#5220 = DIRECTION('',(-0.,-1.,-0.));
#5221 = ORIENTED_EDGE('',*,*,#5140,.F.);
#5222 = ORIENTED_EDGE('',*,*,#5223,.F.);
#5223 = EDGE_CURVE('',#5194,#5133,#5224,.T.);
#5224 = LINE('',#5225,#5226);
#5225 = CARTESIAN_POINT('',(-128.,-3.25,-2.));
#5226 = VECTOR('',#5227,1.);
#5227 = DIRECTION('',(-0.,-1.,-0.));
#5228 = ORIENTED_EDGE('',*,*,#5193,.T.);
#5229 = PLANE('',#5230);
#5230 = AXIS2_PLACEMENT_3D('',#5231,#5232,#5233);
#5231 = CARTESIAN_POINT('',(-128.,-3.25,-2.));
#5232 = DIRECTION('',(-1.,0.,0.));
#5233 = DIRECTION('',(0.,0.,1.));
#5234 = ADVANCED_FACE('',(#5235),#5269,.F.);
#5235 = FACE_BOUND('',#5236,.T.);
#5236 = EDGE_LOOP('',(#5237,#5247,#5255,#5263));
#5237 = ORIENTED_EDGE('',*,*,#5238,.T.);
#5238 = EDGE_CURVE('',#5239,#5241,#5243,.T.);
#5239 = VERTEX_POINT('',#5240);
#5240 = CARTESIAN_POINT('',(-148.,-3.25,1.250112113471E-15));
#5241 = VERTEX_POINT('',#5242);
#5242 = CARTESIAN_POINT('',(-132.,-3.25,1.250112113471E-15));
#5243 = LINE('',#5244,#5245);
#5244 = CARTESIAN_POINT('',(-132.,-3.25,1.250112113471E-15));
#5245 = VECTOR('',#5246,1.);
#5246 = DIRECTION('',(1.,1.084202172486E-16,-0.));
#5247 = ORIENTED_EDGE('',*,*,#5248,.F.);
#5248 = EDGE_CURVE('',#5249,#5241,#5251,.T.);
#5249 = VERTEX_POINT('',#5250);
#5250 = CARTESIAN_POINT('',(-132.,-3.25,-2.));
#5251 = LINE('',#5252,#5253);
#5252 = CARTESIAN_POINT('',(-132.,-3.25,-2.));
#5253 = VECTOR('',#5254,1.);
#5254 = DIRECTION('',(-0.,-0.,1.));
#5255 = ORIENTED_EDGE('',*,*,#5256,.F.);
#5256 = EDGE_CURVE('',#5257,#5249,#5259,.T.);
#5257 = VERTEX_POINT('',#5258);
#5258 = CARTESIAN_POINT('',(-148.,-3.25,-2.));
#5259 = LINE('',#5260,#5261);
#5260 = CARTESIAN_POINT('',(-132.,-3.25,-2.));
#5261 = VECTOR('',#5262,1.);
#5262 = DIRECTION('',(1.,1.084202172486E-16,-0.));
#5263 = ORIENTED_EDGE('',*,*,#5264,.T.);
#5264 = EDGE_CURVE('',#5257,#5239,#5265,.T.);
#5265 = LINE('',#5266,#5267);
#5266 = CARTESIAN_POINT('',(-148.,-3.25,-2.));
#5267 = VECTOR('',#5268,1.);
#5268 = DIRECTION('',(-0.,-0.,1.));
#5269 = PLANE('',#5270);
#5270 = AXIS2_PLACEMENT_3D('',#5271,#5272,#5273);
#5271 = CARTESIAN_POINT('',(-132.,-3.25,-2.));
#5272 = DIRECTION('',(1.084202172486E-16,-1.,0.));
#5273 = DIRECTION('',(1.,1.084202172486E-16,0.));
#5274 = ADVANCED_FACE('',(#5275),#5300,.F.);
#5275 = FACE_BOUND('',#5276,.T.);
#5276 = EDGE_LOOP('',(#5277,#5285,#5293,#5299));
#5277 = ORIENTED_EDGE('',*,*,#5278,.T.);
#5278 = EDGE_CURVE('',#5241,#5279,#5281,.T.);
#5279 = VERTEX_POINT('',#5280);
#5280 = CARTESIAN_POINT('',(-132.,12.75,1.250112113471E-15));
#5281 = LINE('',#5282,#5283);
#5282 = CARTESIAN_POINT('',(-132.,-3.25,1.250112113471E-15));
#5283 = VECTOR('',#5284,1.);
#5284 = DIRECTION('',(0.,1.,0.));
#5285 = ORIENTED_EDGE('',*,*,#5286,.F.);
#5286 = EDGE_CURVE('',#5287,#5279,#5289,.T.);
#5287 = VERTEX_POINT('',#5288);
#5288 = CARTESIAN_POINT('',(-132.,12.75,-2.));
#5289 = LINE('',#5290,#5291);
#5290 = CARTESIAN_POINT('',(-132.,12.75,-2.));
#5291 = VECTOR('',#5292,1.);
#5292 = DIRECTION('',(-0.,-0.,1.));
#5293 = ORIENTED_EDGE('',*,*,#5294,.F.);
#5294 = EDGE_CURVE('',#5249,#5287,#5295,.T.);
#5295 = LINE('',#5296,#5297);
#5296 = CARTESIAN_POINT('',(-132.,-3.25,-2.));
#5297 = VECTOR('',#5298,1.);
#5298 = DIRECTION('',(0.,1.,0.));
#5299 = ORIENTED_EDGE('',*,*,#5248,.T.);
#5300 = PLANE('',#5301);
#5301 = AXIS2_PLACEMENT_3D('',#5302,#5303,#5304);
#5302 = CARTESIAN_POINT('',(-132.,-3.25,-2.));
#5303 = DIRECTION('',(1.,-0.,0.));
#5304 = DIRECTION('',(0.,0.,-1.));
#5305 = ADVANCED_FACE('',(#5306),#5331,.F.);
#5306 = FACE_BOUND('',#5307,.T.);
#5307 = EDGE_LOOP('',(#5308,#5316,#5324,#5330));
#5308 = ORIENTED_EDGE('',*,*,#5309,.T.);
#5309 = EDGE_CURVE('',#5279,#5310,#5312,.T.);
#5310 = VERTEX_POINT('',#5311);
#5311 = CARTESIAN_POINT('',(-148.,12.75,1.250112113471E-15));
#5312 = LINE('',#5313,#5314);
#5313 = CARTESIAN_POINT('',(-132.,12.75,1.250112113471E-15));
#5314 = VECTOR('',#5315,1.);
#5315 = DIRECTION('',(-1.,-2.168404344971E-16,0.));
#5316 = ORIENTED_EDGE('',*,*,#5317,.F.);
#5317 = EDGE_CURVE('',#5318,#5310,#5320,.T.);
#5318 = VERTEX_POINT('',#5319);
#5319 = CARTESIAN_POINT('',(-148.,12.75,-2.));
#5320 = LINE('',#5321,#5322);
#5321 = CARTESIAN_POINT('',(-148.,12.75,-2.));
#5322 = VECTOR('',#5323,1.);
#5323 = DIRECTION('',(-0.,-0.,1.));
#5324 = ORIENTED_EDGE('',*,*,#5325,.F.);
#5325 = EDGE_CURVE('',#5287,#5318,#5326,.T.);
#5326 = LINE('',#5327,#5328);
#5327 = CARTESIAN_POINT('',(-132.,12.75,-2.));
#5328 = VECTOR('',#5329,1.);
#5329 = DIRECTION('',(-1.,-2.168404344971E-16,0.));
#5330 = ORIENTED_EDGE('',*,*,#5286,.T.);
#5331 = PLANE('',#5332);
#5332 = AXIS2_PLACEMENT_3D('',#5333,#5334,#5335);
#5333 = CARTESIAN_POINT('',(-132.,12.75,-2.));
#5334 = DIRECTION('',(-2.168404344971E-16,1.,0.));
#5335 = DIRECTION('',(-1.,-2.168404344971E-16,0.));
#5336 = ADVANCED_FACE('',(#5337),#5353,.F.);
#5337 = FACE_BOUND('',#5338,.T.);
#5338 = EDGE_LOOP('',(#5339,#5345,#5346,#5352));
#5339 = ORIENTED_EDGE('',*,*,#5340,.T.);
#5340 = EDGE_CURVE('',#5310,#5239,#5341,.T.);
#5341 = LINE('',#5342,#5343);
#5342 = CARTESIAN_POINT('',(-148.,-3.25,1.250112113471E-15));
#5343 = VECTOR('',#5344,1.);
#5344 = DIRECTION('',(-0.,-1.,-0.));
#5345 = ORIENTED_EDGE('',*,*,#5264,.F.);
#5346 = ORIENTED_EDGE('',*,*,#5347,.F.);
#5347 = EDGE_CURVE('',#5318,#5257,#5348,.T.);
#5348 = LINE('',#5349,#5350);
#5349 = CARTESIAN_POINT('',(-148.,-3.25,-2.));
#5350 = VECTOR('',#5351,1.);
#5351 = DIRECTION('',(-0.,-1.,-0.));
#5352 = ORIENTED_EDGE('',*,*,#5317,.T.);
#5353 = PLANE('',#5354);
#5354 = AXIS2_PLACEMENT_3D('',#5355,#5356,#5357);
#5355 = CARTESIAN_POINT('',(-148.,-3.25,-2.));
#5356 = DIRECTION('',(-1.,0.,0.));
#5357 = DIRECTION('',(0.,0.,1.));
#5358 = ADVANCED_FACE('',(#5359),#5393,.F.);
#5359 = FACE_BOUND('',#5360,.T.);
#5360 = EDGE_LOOP('',(#5361,#5371,#5379,#5387));
#5361 = ORIENTED_EDGE('',*,*,#5362,.T.);
#5362 = EDGE_CURVE('',#5363,#5365,#5367,.T.);
#5363 = VERTEX_POINT('',#5364);
#5364 = CARTESIAN_POINT('',(-168.,-3.25,8.334080756472E-16));
#5365 = VERTEX_POINT('',#5366);
#5366 = CARTESIAN_POINT('',(-152.,-3.25,8.334080756472E-16));
#5367 = LINE('',#5368,#5369);
#5368 = CARTESIAN_POINT('',(-152.,-3.25,8.334080756472E-16));
#5369 = VECTOR('',#5370,1.);
#5370 = DIRECTION('',(1.,1.084202172486E-16,-0.));
#5371 = ORIENTED_EDGE('',*,*,#5372,.F.);
#5372 = EDGE_CURVE('',#5373,#5365,#5375,.T.);
#5373 = VERTEX_POINT('',#5374);
#5374 = CARTESIAN_POINT('',(-152.,-3.25,-2.));
#5375 = LINE('',#5376,#5377);
#5376 = CARTESIAN_POINT('',(-152.,-3.25,-2.));
#5377 = VECTOR('',#5378,1.);
#5378 = DIRECTION('',(-0.,-0.,1.));
#5379 = ORIENTED_EDGE('',*,*,#5380,.F.);
#5380 = EDGE_CURVE('',#5381,#5373,#5383,.T.);
#5381 = VERTEX_POINT('',#5382);
#5382 = CARTESIAN_POINT('',(-168.,-3.25,-2.));
#5383 = LINE('',#5384,#5385);
#5384 = CARTESIAN_POINT('',(-152.,-3.25,-2.));
#5385 = VECTOR('',#5386,1.);
#5386 = DIRECTION('',(1.,1.084202172486E-16,-0.));
#5387 = ORIENTED_EDGE('',*,*,#5388,.T.);
#5388 = EDGE_CURVE('',#5381,#5363,#5389,.T.);
#5389 = LINE('',#5390,#5391);
#5390 = CARTESIAN_POINT('',(-168.,-3.25,-2.));
#5391 = VECTOR('',#5392,1.);
#5392 = DIRECTION('',(-0.,-0.,1.));
#5393 = PLANE('',#5394);
#5394 = AXIS2_PLACEMENT_3D('',#5395,#5396,#5397);
#5395 = CARTESIAN_POINT('',(-152.,-3.25,-2.));
#5396 = DIRECTION('',(1.084202172486E-16,-1.,0.));
#5397 = DIRECTION('',(1.,1.084202172486E-16,0.));
#5398 = ADVANCED_FACE('',(#5399),#5424,.F.);
#5399 = FACE_BOUND('',#5400,.T.);
#5400 = EDGE_LOOP('',(#5401,#5409,#5417,#5423));
#5401 = ORIENTED_EDGE('',*,*,#5402,.T.);
#5402 = EDGE_CURVE('',#5365,#5403,#5405,.T.);
#5403 = VERTEX_POINT('',#5404);
#5404 = CARTESIAN_POINT('',(-152.,12.75,8.334080756472E-16));
#5405 = LINE('',#5406,#5407);
#5406 = CARTESIAN_POINT('',(-152.,-3.25,8.334080756472E-16));
#5407 = VECTOR('',#5408,1.);
#5408 = DIRECTION('',(0.,1.,0.));
#5409 = ORIENTED_EDGE('',*,*,#5410,.F.);
#5410 = EDGE_CURVE('',#5411,#5403,#5413,.T.);
#5411 = VERTEX_POINT('',#5412);
#5412 = CARTESIAN_POINT('',(-152.,12.75,-2.));
#5413 = LINE('',#5414,#5415);
#5414 = CARTESIAN_POINT('',(-152.,12.75,-2.));
#5415 = VECTOR('',#5416,1.);
#5416 = DIRECTION('',(-0.,-0.,1.));
#5417 = ORIENTED_EDGE('',*,*,#5418,.F.);
#5418 = EDGE_CURVE('',#5373,#5411,#5419,.T.);
#5419 = LINE('',#5420,#5421);
#5420 = CARTESIAN_POINT('',(-152.,-3.25,-2.));
#5421 = VECTOR('',#5422,1.);
#5422 = DIRECTION('',(0.,1.,0.));
#5423 = ORIENTED_EDGE('',*,*,#5372,.T.);
#5424 = PLANE('',#5425);
#5425 = AXIS2_PLACEMENT_3D('',#5426,#5427,#5428);
#5426 = CARTESIAN_POINT('',(-152.,-3.25,-2.));
#5427 = DIRECTION('',(1.,-0.,0.));
#5428 = DIRECTION('',(0.,0.,-1.));
#5429 = ADVANCED_FACE('',(#5430),#5455,.F.);
#5430 = FACE_BOUND('',#5431,.T.);
#5431 = EDGE_LOOP('',(#5432,#5440,#5448,#5454));
#5432 = ORIENTED_EDGE('',*,*,#5433,.T.);
#5433 = EDGE_CURVE('',#5403,#5434,#5436,.T.);
#5434 = VERTEX_POINT('',#5435);
#5435 = CARTESIAN_POINT('',(-168.,12.75,8.334080756472E-16));
#5436 = LINE('',#5437,#5438);
#5437 = CARTESIAN_POINT('',(-152.,12.75,8.334080756472E-16));
#5438 = VECTOR('',#5439,1.);
#5439 = DIRECTION('',(-1.,-2.168404344971E-16,0.));
#5440 = ORIENTED_EDGE('',*,*,#5441,.F.);
#5441 = EDGE_CURVE('',#5442,#5434,#5444,.T.);
#5442 = VERTEX_POINT('',#5443);
#5443 = CARTESIAN_POINT('',(-168.,12.75,-2.));
#5444 = LINE('',#5445,#5446);
#5445 = CARTESIAN_POINT('',(-168.,12.75,-2.));
#5446 = VECTOR('',#5447,1.);
#5447 = DIRECTION('',(-0.,-0.,1.));
#5448 = ORIENTED_EDGE('',*,*,#5449,.F.);
#5449 = EDGE_CURVE('',#5411,#5442,#5450,.T.);
#5450 = LINE('',#5451,#5452);
#5451 = CARTESIAN_POINT('',(-152.,12.75,-2.));
#5452 = VECTOR('',#5453,1.);
#5453 = DIRECTION('',(-1.,-2.168404344971E-16,0.));
#5454 = ORIENTED_EDGE('',*,*,#5410,.T.);
#5455 = PLANE('',#5456);
#5456 = AXIS2_PLACEMENT_3D('',#5457,#5458,#5459);
#5457 = CARTESIAN_POINT('',(-152.,12.75,-2.));
#5458 = DIRECTION('',(-2.168404344971E-16,1.,0.));
#5459 = DIRECTION('',(-1.,-2.168404344971E-16,0.));
#5460 = ADVANCED_FACE('',(#5461),#5477,.F.);
#5461 = FACE_BOUND('',#5462,.T.);
#5462 = EDGE_LOOP('',(#5463,#5469,#5470,#5476));
#5463 = ORIENTED_EDGE('',*,*,#5464,.T.);
#5464 = EDGE_CURVE('',#5434,#5363,#5465,.T.);
#5465 = LINE('',#5466,#5467);
#5466 = CARTESIAN_POINT('',(-168.,-3.25,8.334080756472E-16));
#5467 = VECTOR('',#5468,1.);
#5468 = DIRECTION('',(-0.,-1.,-0.));
#5469 = ORIENTED_EDGE('',*,*,#5388,.F.);
#5470 = ORIENTED_EDGE('',*,*,#5471,.F.);
#5471 = EDGE_CURVE('',#5442,#5381,#5472,.T.);
#5472 = LINE('',#5473,#5474);
#5473 = CARTESIAN_POINT('',(-168.,-3.25,-2.));
#5474 = VECTOR('',#5475,1.);
#5475 = DIRECTION('',(-0.,-1.,-0.));
#5476 = ORIENTED_EDGE('',*,*,#5441,.T.);
#5477 = PLANE('',#5478);
#5478 = AXIS2_PLACEMENT_3D('',#5479,#5480,#5481);
#5479 = CARTESIAN_POINT('',(-168.,-3.25,-2.));
#5480 = DIRECTION('',(-1.,0.,0.));
#5481 = DIRECTION('',(0.,0.,1.));
#5482 = ADVANCED_FACE('',(#5483),#5517,.F.);
#5483 = FACE_BOUND('',#5484,.T.);
#5484 = EDGE_LOOP('',(#5485,#5495,#5503,#5511));
#5485 = ORIENTED_EDGE('',*,*,#5486,.F.);
#5486 = EDGE_CURVE('',#5487,#5489,#5491,.T.);
#5487 = VERTEX_POINT('',#5488);
#5488 = CARTESIAN_POINT('',(-208.,-19.75,-2.6));
#5489 = VERTEX_POINT('',#5490);
#5490 = CARTESIAN_POINT('',(-208.,-19.75,-5.5));
#5491 = LINE('',#5492,#5493);
#5492 = CARTESIAN_POINT('',(-208.,-19.75,7.546047120499E-14));
#5493 = VECTOR('',#5494,1.);
#5494 = DIRECTION('',(0.,-3.469446951954E-15,-1.));
#5495 = ORIENTED_EDGE('',*,*,#5496,.T.);
#5496 = EDGE_CURVE('',#5487,#5497,#5499,.T.);
#5497 = VERTEX_POINT('',#5498);
#5498 = CARTESIAN_POINT('',(-208.,-21.75,-2.6));
#5499 = LINE('',#5500,#5501);
#5500 = CARTESIAN_POINT('',(-208.,-19.75,-2.6));
#5501 = VECTOR('',#5502,1.);
#5502 = DIRECTION('',(0.,-1.,3.469446951954E-15));
#5503 = ORIENTED_EDGE('',*,*,#5504,.F.);
#5504 = EDGE_CURVE('',#5505,#5497,#5507,.T.);
#5505 = VERTEX_POINT('',#5506);
#5506 = CARTESIAN_POINT('',(-208.,-21.75,-5.5));
#5507 = LINE('',#5508,#5509);
#5508 = CARTESIAN_POINT('',(-208.,-21.75,-5.5));
#5509 = VECTOR('',#5510,1.);
#5510 = DIRECTION('',(-0.,-0.,1.));
#5511 = ORIENTED_EDGE('',*,*,#5512,.F.);
#5512 = EDGE_CURVE('',#5489,#5505,#5513,.T.);
#5513 = LINE('',#5514,#5515);
#5514 = CARTESIAN_POINT('',(-208.,-7.15,-5.5));
#5515 = VECTOR('',#5516,1.);
#5516 = DIRECTION('',(0.,-1.,0.));
#5517 = PLANE('',#5518);
#5518 = AXIS2_PLACEMENT_3D('',#5519,#5520,#5521);
#5519 = CARTESIAN_POINT('',(-208.,-7.15,-5.5));
#5520 = DIRECTION('',(-1.,0.,-0.));
#5521 = DIRECTION('',(0.,0.,1.));
#5522 = ADVANCED_FACE('',(#5523),#5557,.F.);
#5523 = FACE_BOUND('',#5524,.T.);
#5524 = EDGE_LOOP('',(#5525,#5535,#5543,#5551));
#5525 = ORIENTED_EDGE('',*,*,#5526,.T.);
#5526 = EDGE_CURVE('',#5527,#5529,#5531,.T.);
#5527 = VERTEX_POINT('',#5528);
#5528 = CARTESIAN_POINT('',(-208.,-7.15,0.));
#5529 = VERTEX_POINT('',#5530);
#5530 = CARTESIAN_POINT('',(-208.,-19.15,0.));
#5531 = LINE('',#5532,#5533);
#5532 = CARTESIAN_POINT('',(-208.,-7.15,0.));
#5533 = VECTOR('',#5534,1.);
#5534 = DIRECTION('',(0.,-1.,0.));
#5535 = ORIENTED_EDGE('',*,*,#5536,.T.);
#5536 = EDGE_CURVE('',#5529,#5537,#5539,.T.);
#5537 = VERTEX_POINT('',#5538);
#5538 = CARTESIAN_POINT('',(-208.,-19.15,-2.));
#5539 = LINE('',#5540,#5541);
#5540 = CARTESIAN_POINT('',(-208.,-19.15,0.));
#5541 = VECTOR('',#5542,1.);
#5542 = DIRECTION('',(0.,-1.734723475977E-15,-1.));
#5543 = ORIENTED_EDGE('',*,*,#5544,.T.);
#5544 = EDGE_CURVE('',#5537,#5545,#5547,.T.);
#5545 = VERTEX_POINT('',#5546);
#5546 = CARTESIAN_POINT('',(-208.,-7.15,-2.));
#5547 = LINE('',#5548,#5549);
#5548 = CARTESIAN_POINT('',(-208.,0.,-2.));
#5549 = VECTOR('',#5550,1.);
#5550 = DIRECTION('',(0.,1.,0.));
#5551 = ORIENTED_EDGE('',*,*,#5552,.T.);
#5552 = EDGE_CURVE('',#5545,#5527,#5553,.T.);
#5553 = LINE('',#5554,#5555);
#5554 = CARTESIAN_POINT('',(-208.,-7.15,-5.5));
#5555 = VECTOR('',#5556,1.);
#5556 = DIRECTION('',(-0.,-0.,1.));
#5557 = PLANE('',#5558);
#5558 = AXIS2_PLACEMENT_3D('',#5559,#5560,#5561);
#5559 = CARTESIAN_POINT('',(-208.,-7.15,-5.5));
#5560 = DIRECTION('',(-1.,0.,-0.));
#5561 = DIRECTION('',(0.,0.,1.));
#5562 = ADVANCED_FACE('',(#5563),#5597,.F.);
#5563 = FACE_BOUND('',#5564,.T.);
#5564 = EDGE_LOOP('',(#5565,#5575,#5583,#5591));
#5565 = ORIENTED_EDGE('',*,*,#5566,.T.);
#5566 = EDGE_CURVE('',#5567,#5569,#5571,.T.);
#5567 = VERTEX_POINT('',#5568);
#5568 = CARTESIAN_POINT('',(-192.,-7.15,-2.));
#5569 = VERTEX_POINT('',#5570);
#5570 = CARTESIAN_POINT('',(-192.,-19.15,-2.));
#5571 = LINE('',#5572,#5573);
#5572 = CARTESIAN_POINT('',(-192.,0.,-2.));
#5573 = VECTOR('',#5574,1.);
#5574 = DIRECTION('',(0.,-1.,0.));
#5575 = ORIENTED_EDGE('',*,*,#5576,.T.);
#5576 = EDGE_CURVE('',#5569,#5577,#5579,.T.);
#5577 = VERTEX_POINT('',#5578);
#5578 = CARTESIAN_POINT('',(-192.,-19.15,0.));
#5579 = LINE('',#5580,#5581);
#5580 = CARTESIAN_POINT('',(-192.,-19.15,-2.));
#5581 = VECTOR('',#5582,1.);
#5582 = DIRECTION('',(0.,1.734723475977E-15,1.));
#5583 = ORIENTED_EDGE('',*,*,#5584,.T.);
#5584 = EDGE_CURVE('',#5577,#5585,#5587,.T.);
#5585 = VERTEX_POINT('',#5586);
#5586 = CARTESIAN_POINT('',(-192.,-7.15,0.));
#5587 = LINE('',#5588,#5589);
#5588 = CARTESIAN_POINT('',(-192.,-7.15,0.));
#5589 = VECTOR('',#5590,1.);
#5590 = DIRECTION('',(-0.,1.,-0.));
#5591 = ORIENTED_EDGE('',*,*,#5592,.F.);
#5592 = EDGE_CURVE('',#5567,#5585,#5593,.T.);
#5593 = LINE('',#5594,#5595);
#5594 = CARTESIAN_POINT('',(-192.,-7.15,-5.5));
#5595 = VECTOR('',#5596,1.);
#5596 = DIRECTION('',(-0.,-0.,1.));
#5597 = PLANE('',#5598);
#5598 = AXIS2_PLACEMENT_3D('',#5599,#5600,#5601);
#5599 = CARTESIAN_POINT('',(-192.,-7.15,-5.5));
#5600 = DIRECTION('',(1.,0.,0.));
#5601 = DIRECTION('',(0.,0.,-1.));
#5602 = ADVANCED_FACE('',(#5603),#5637,.F.);
#5603 = FACE_BOUND('',#5604,.T.);
#5604 = EDGE_LOOP('',(#5605,#5615,#5623,#5631));
#5605 = ORIENTED_EDGE('',*,*,#5606,.T.);
#5606 = EDGE_CURVE('',#5607,#5609,#5611,.T.);
#5607 = VERTEX_POINT('',#5608);
#5608 = CARTESIAN_POINT('',(-192.,-21.75,-5.5));
#5609 = VERTEX_POINT('',#5610);
#5610 = CARTESIAN_POINT('',(-192.,-21.75,-2.6));
#5611 = LINE('',#5612,#5613);
#5612 = CARTESIAN_POINT('',(-192.,-21.75,-5.5));
#5613 = VECTOR('',#5614,1.);
#5614 = DIRECTION('',(-0.,-0.,1.));
#5615 = ORIENTED_EDGE('',*,*,#5616,.T.);
#5616 = EDGE_CURVE('',#5609,#5617,#5619,.T.);
#5617 = VERTEX_POINT('',#5618);
#5618 = CARTESIAN_POINT('',(-192.,-19.75,-2.6));
#5619 = LINE('',#5620,#5621);
#5620 = CARTESIAN_POINT('',(-192.,-21.75,-2.6));
#5621 = VECTOR('',#5622,1.);
#5622 = DIRECTION('',(0.,1.,-3.469446951954E-15));
#5623 = ORIENTED_EDGE('',*,*,#5624,.F.);
#5624 = EDGE_CURVE('',#5625,#5617,#5627,.T.);
#5625 = VERTEX_POINT('',#5626);
#5626 = CARTESIAN_POINT('',(-192.,-19.75,-5.5));
#5627 = LINE('',#5628,#5629);
#5628 = CARTESIAN_POINT('',(-192.,-19.75,7.546047120499E-14));
#5629 = VECTOR('',#5630,1.);
#5630 = DIRECTION('',(-0.,3.469446951954E-15,1.));
#5631 = ORIENTED_EDGE('',*,*,#5632,.F.);
#5632 = EDGE_CURVE('',#5607,#5625,#5633,.T.);
#5633 = LINE('',#5634,#5635);
#5634 = CARTESIAN_POINT('',(-192.,-7.15,-5.5));
#5635 = VECTOR('',#5636,1.);
#5636 = DIRECTION('',(-0.,1.,-0.));
#5637 = PLANE('',#5638);
#5638 = AXIS2_PLACEMENT_3D('',#5639,#5640,#5641);
#5639 = CARTESIAN_POINT('',(-192.,-7.15,-5.5));
#5640 = DIRECTION('',(1.,0.,0.));
#5641 = DIRECTION('',(0.,0.,-1.));
#5642 = ADVANCED_FACE('',(#5643,#5663,#5683,#5703,#5723,#5743,#5763,
    #5783,#5803,#5823,#6923,#6957,#6977,#7011,#7017,#7023,#7029,#7035,
    #7041,#7047,#7053,#7059,#7065,#7071,#7077,#7083,#7089,#7095,#7101,
    #7107,#7113,#7119),#7125,.T.);
#5643 = FACE_BOUND('',#5644,.T.);
#5644 = EDGE_LOOP('',(#5645,#5656));
#5645 = ORIENTED_EDGE('',*,*,#5646,.F.);
#5646 = EDGE_CURVE('',#5647,#5649,#5651,.T.);
#5647 = VERTEX_POINT('',#5648);
#5648 = CARTESIAN_POINT('',(-142.2,-12.75,-2.));
#5649 = VERTEX_POINT('',#5650);
#5650 = CARTESIAN_POINT('',(-137.8,-12.75,-2.));
#5651 = CIRCLE('',#5652,2.2);
#5652 = AXIS2_PLACEMENT_3D('',#5653,#5654,#5655);
#5653 = CARTESIAN_POINT('',(-140.,-12.75,-2.));
#5654 = DIRECTION('',(0.,0.,-1.));
#5655 = DIRECTION('',(-1.,0.,0.));
#5656 = ORIENTED_EDGE('',*,*,#5657,.F.);
#5657 = EDGE_CURVE('',#5649,#5647,#5658,.T.);
#5658 = CIRCLE('',#5659,2.2);
#5659 = AXIS2_PLACEMENT_3D('',#5660,#5661,#5662);
#5660 = CARTESIAN_POINT('',(-140.,-12.75,-2.));
#5661 = DIRECTION('',(0.,0.,-1.));
#5662 = DIRECTION('',(-1.,0.,0.));
#5663 = FACE_BOUND('',#5664,.T.);
#5664 = EDGE_LOOP('',(#5665,#5676));
#5665 = ORIENTED_EDGE('',*,*,#5666,.F.);
#5666 = EDGE_CURVE('',#5667,#5669,#5671,.T.);
#5667 = VERTEX_POINT('',#5668);
#5668 = CARTESIAN_POINT('',(-102.2,-12.75,-2.));
#5669 = VERTEX_POINT('',#5670);
#5670 = CARTESIAN_POINT('',(-97.8,-12.75,-2.));
#5671 = CIRCLE('',#5672,2.2);
#5672 = AXIS2_PLACEMENT_3D('',#5673,#5674,#5675);
#5673 = CARTESIAN_POINT('',(-100.,-12.75,-2.));
#5674 = DIRECTION('',(0.,0.,-1.));
#5675 = DIRECTION('',(-1.,0.,0.));
#5676 = ORIENTED_EDGE('',*,*,#5677,.F.);
#5677 = EDGE_CURVE('',#5669,#5667,#5678,.T.);
#5678 = CIRCLE('',#5679,2.2);
#5679 = AXIS2_PLACEMENT_3D('',#5680,#5681,#5682);
#5680 = CARTESIAN_POINT('',(-100.,-12.75,-2.));
#5681 = DIRECTION('',(0.,0.,-1.));
#5682 = DIRECTION('',(-1.,0.,0.));
#5683 = FACE_BOUND('',#5684,.T.);
#5684 = EDGE_LOOP('',(#5685,#5696));
#5685 = ORIENTED_EDGE('',*,*,#5686,.F.);
#5686 = EDGE_CURVE('',#5687,#5689,#5691,.T.);
#5687 = VERTEX_POINT('',#5688);
#5688 = CARTESIAN_POINT('',(-62.2,-12.75,-2.));
#5689 = VERTEX_POINT('',#5690);
#5690 = CARTESIAN_POINT('',(-57.8,-12.75,-2.));
#5691 = CIRCLE('',#5692,2.2);
#5692 = AXIS2_PLACEMENT_3D('',#5693,#5694,#5695);
#5693 = CARTESIAN_POINT('',(-60.,-12.75,-2.));
#5694 = DIRECTION('',(0.,0.,-1.));
#5695 = DIRECTION('',(-1.,0.,0.));
#5696 = ORIENTED_EDGE('',*,*,#5697,.F.);
#5697 = EDGE_CURVE('',#5689,#5687,#5698,.T.);
#5698 = CIRCLE('',#5699,2.2);
#5699 = AXIS2_PLACEMENT_3D('',#5700,#5701,#5702);
#5700 = CARTESIAN_POINT('',(-60.,-12.75,-2.));
#5701 = DIRECTION('',(0.,0.,-1.));
#5702 = DIRECTION('',(-1.,0.,0.));
#5703 = FACE_BOUND('',#5704,.T.);
#5704 = EDGE_LOOP('',(#5705,#5716));
#5705 = ORIENTED_EDGE('',*,*,#5706,.F.);
#5706 = EDGE_CURVE('',#5707,#5709,#5711,.T.);
#5707 = VERTEX_POINT('',#5708);
#5708 = CARTESIAN_POINT('',(-22.2,-12.75,-2.));
#5709 = VERTEX_POINT('',#5710);
#5710 = CARTESIAN_POINT('',(-17.8,-12.75,-2.));
#5711 = CIRCLE('',#5712,2.2);
#5712 = AXIS2_PLACEMENT_3D('',#5713,#5714,#5715);
#5713 = CARTESIAN_POINT('',(-20.,-12.75,-2.));
#5714 = DIRECTION('',(0.,0.,-1.));
#5715 = DIRECTION('',(-1.,0.,0.));
#5716 = ORIENTED_EDGE('',*,*,#5717,.F.);
#5717 = EDGE_CURVE('',#5709,#5707,#5718,.T.);
#5718 = CIRCLE('',#5719,2.2);
#5719 = AXIS2_PLACEMENT_3D('',#5720,#5721,#5722);
#5720 = CARTESIAN_POINT('',(-20.,-12.75,-2.));
#5721 = DIRECTION('',(0.,0.,-1.));
#5722 = DIRECTION('',(-1.,0.,0.));
#5723 = FACE_BOUND('',#5724,.T.);
#5724 = EDGE_LOOP('',(#5725,#5736));
#5725 = ORIENTED_EDGE('',*,*,#5726,.F.);
#5726 = EDGE_CURVE('',#5727,#5729,#5731,.T.);
#5727 = VERTEX_POINT('',#5728);
#5728 = CARTESIAN_POINT('',(17.8,-12.75,-2.));
#5729 = VERTEX_POINT('',#5730);
#5730 = CARTESIAN_POINT('',(22.2,-12.75,-2.));
#5731 = CIRCLE('',#5732,2.2);
#5732 = AXIS2_PLACEMENT_3D('',#5733,#5734,#5735);
#5733 = CARTESIAN_POINT('',(20.,-12.75,-2.));
#5734 = DIRECTION('',(0.,0.,-1.));
#5735 = DIRECTION('',(-1.,0.,0.));
#5736 = ORIENTED_EDGE('',*,*,#5737,.F.);
#5737 = EDGE_CURVE('',#5729,#5727,#5738,.T.);
#5738 = CIRCLE('',#5739,2.2);
#5739 = AXIS2_PLACEMENT_3D('',#5740,#5741,#5742);
#5740 = CARTESIAN_POINT('',(20.,-12.75,-2.));
#5741 = DIRECTION('',(0.,0.,-1.));
#5742 = DIRECTION('',(-1.,0.,0.));
#5743 = FACE_BOUND('',#5744,.T.);
#5744 = EDGE_LOOP('',(#5745,#5756));
#5745 = ORIENTED_EDGE('',*,*,#5746,.F.);
#5746 = EDGE_CURVE('',#5747,#5749,#5751,.T.);
#5747 = VERTEX_POINT('',#5748);
#5748 = CARTESIAN_POINT('',(57.8,-12.75,-2.));
#5749 = VERTEX_POINT('',#5750);
#5750 = CARTESIAN_POINT('',(62.2,-12.75,-2.));
#5751 = CIRCLE('',#5752,2.2);
#5752 = AXIS2_PLACEMENT_3D('',#5753,#5754,#5755);
#5753 = CARTESIAN_POINT('',(60.,-12.75,-2.));
#5754 = DIRECTION('',(0.,0.,-1.));
#5755 = DIRECTION('',(-1.,0.,0.));
#5756 = ORIENTED_EDGE('',*,*,#5757,.F.);
#5757 = EDGE_CURVE('',#5749,#5747,#5758,.T.);
#5758 = CIRCLE('',#5759,2.2);
#5759 = AXIS2_PLACEMENT_3D('',#5760,#5761,#5762);
#5760 = CARTESIAN_POINT('',(60.,-12.75,-2.));
#5761 = DIRECTION('',(0.,0.,-1.));
#5762 = DIRECTION('',(-1.,0.,0.));
#5763 = FACE_BOUND('',#5764,.T.);
#5764 = EDGE_LOOP('',(#5765,#5776));
#5765 = ORIENTED_EDGE('',*,*,#5766,.F.);
#5766 = EDGE_CURVE('',#5767,#5769,#5771,.T.);
#5767 = VERTEX_POINT('',#5768);
#5768 = CARTESIAN_POINT('',(97.8,-12.75,-2.));
#5769 = VERTEX_POINT('',#5770);
#5770 = CARTESIAN_POINT('',(102.2,-12.75,-2.));
#5771 = CIRCLE('',#5772,2.2);
#5772 = AXIS2_PLACEMENT_3D('',#5773,#5774,#5775);
#5773 = CARTESIAN_POINT('',(100.,-12.75,-2.));
#5774 = DIRECTION('',(0.,0.,-1.));
#5775 = DIRECTION('',(-1.,0.,0.));
#5776 = ORIENTED_EDGE('',*,*,#5777,.F.);
#5777 = EDGE_CURVE('',#5769,#5767,#5778,.T.);
#5778 = CIRCLE('',#5779,2.2);
#5779 = AXIS2_PLACEMENT_3D('',#5780,#5781,#5782);
#5780 = CARTESIAN_POINT('',(100.,-12.75,-2.));
#5781 = DIRECTION('',(0.,0.,-1.));
#5782 = DIRECTION('',(-1.,0.,0.));
#5783 = FACE_BOUND('',#5784,.T.);
#5784 = EDGE_LOOP('',(#5785,#5796));
#5785 = ORIENTED_EDGE('',*,*,#5786,.F.);
#5786 = EDGE_CURVE('',#5787,#5789,#5791,.T.);
#5787 = VERTEX_POINT('',#5788);
#5788 = CARTESIAN_POINT('',(137.8,-12.75,-2.));
#5789 = VERTEX_POINT('',#5790);
#5790 = CARTESIAN_POINT('',(142.2,-12.75,-2.));
#5791 = CIRCLE('',#5792,2.2);
#5792 = AXIS2_PLACEMENT_3D('',#5793,#5794,#5795);
#5793 = CARTESIAN_POINT('',(140.,-12.75,-2.));
#5794 = DIRECTION('',(0.,0.,-1.));
#5795 = DIRECTION('',(-1.,0.,0.));
#5796 = ORIENTED_EDGE('',*,*,#5797,.F.);
#5797 = EDGE_CURVE('',#5789,#5787,#5798,.T.);
#5798 = CIRCLE('',#5799,2.2);
#5799 = AXIS2_PLACEMENT_3D('',#5800,#5801,#5802);
#5800 = CARTESIAN_POINT('',(140.,-12.75,-2.));
#5801 = DIRECTION('',(0.,0.,-1.));
#5802 = DIRECTION('',(-1.,0.,0.));
#5803 = FACE_BOUND('',#5804,.T.);
#5804 = EDGE_LOOP('',(#5805,#5816));
#5805 = ORIENTED_EDGE('',*,*,#5806,.F.);
#5806 = EDGE_CURVE('',#5807,#5809,#5811,.T.);
#5807 = VERTEX_POINT('',#5808);
#5808 = CARTESIAN_POINT('',(177.8,-12.75,-2.));
#5809 = VERTEX_POINT('',#5810);
#5810 = CARTESIAN_POINT('',(182.2,-12.75,-2.));
#5811 = CIRCLE('',#5812,2.2);
#5812 = AXIS2_PLACEMENT_3D('',#5813,#5814,#5815);
#5813 = CARTESIAN_POINT('',(180.,-12.75,-2.));
#5814 = DIRECTION('',(0.,0.,-1.));
#5815 = DIRECTION('',(-1.,0.,0.));
#5816 = ORIENTED_EDGE('',*,*,#5817,.F.);
#5817 = EDGE_CURVE('',#5809,#5807,#5818,.T.);
#5818 = CIRCLE('',#5819,2.2);
#5819 = AXIS2_PLACEMENT_3D('',#5820,#5821,#5822);
#5820 = CARTESIAN_POINT('',(180.,-12.75,-2.));
#5821 = DIRECTION('',(0.,0.,-1.));
#5822 = DIRECTION('',(-1.,0.,0.));
#5823 = FACE_BOUND('',#5824,.T.);
#5824 = EDGE_LOOP('',(#5825,#5826,#5834,#5842,#5848,#5849,#5857,#5865,
    #5873,#5881,#5889,#5897,#5905,#5913,#5919,#5920,#5928,#5936,#5944,
    #5952,#5960,#5968,#5976,#5984,#5992,#6000,#6006,#6007,#6015,#6023,
    #6031,#6039,#6047,#6055,#6063,#6071,#6077,#6078,#6086,#6094,#6100,
    #6101,#6109,#6117,#6125,#6133,#6141,#6149,#6157,#6165,#6171,#6172,
    #6180,#6188,#6194,#6195,#6203,#6211,#6219,#6227,#6235,#6243,#6251,
    #6259,#6265,#6266,#6274,#6282,#6288,#6289,#6297,#6305,#6313,#6321,
    #6329,#6337,#6345,#6353,#6359,#6360,#6368,#6376,#6382,#6383,#6391,
    #6399,#6407,#6415,#6423,#6431,#6439,#6447,#6453,#6454,#6462,#6470,
    #6476,#6477,#6485,#6493,#6501,#6509,#6517,#6525,#6533,#6541,#6547,
    #6548,#6556,#6564,#6570,#6571,#6579,#6587,#6595,#6603,#6611,#6619,
    #6627,#6635,#6641,#6642,#6650,#6658,#6664,#6665,#6673,#6681,#6689,
    #6697,#6705,#6713,#6721,#6729,#6735,#6736,#6744,#6752,#6758,#6759,
    #6767,#6775,#6783,#6791,#6799,#6807,#6815,#6823,#6829,#6830,#6838,
    #6846,#6852,#6853,#6861,#6869,#6877,#6885,#6893,#6901,#6909,#6917));
#5825 = ORIENTED_EDGE('',*,*,#1588,.F.);
#5826 = ORIENTED_EDGE('',*,*,#5827,.T.);
#5827 = EDGE_CURVE('',#1581,#5828,#5830,.T.);
#5828 = VERTEX_POINT('',#5829);
#5829 = CARTESIAN_POINT('',(-168.,-19.75,-2.));
#5830 = LINE('',#5831,#5832);
#5831 = CARTESIAN_POINT('',(-168.,-7.15,-2.));
#5832 = VECTOR('',#5833,1.);
#5833 = DIRECTION('',(0.,-1.,0.));
#5834 = ORIENTED_EDGE('',*,*,#5835,.T.);
#5835 = EDGE_CURVE('',#5828,#5836,#5838,.T.);
#5836 = VERTEX_POINT('',#5837);
#5837 = CARTESIAN_POINT('',(-192.,-19.75,-2.));
#5838 = LINE('',#5839,#5840);
#5839 = CARTESIAN_POINT('',(0.,-19.75,-2.));
#5840 = VECTOR('',#5841,1.);
#5841 = DIRECTION('',(-1.,-0.,-0.));
#5842 = ORIENTED_EDGE('',*,*,#5843,.F.);
#5843 = EDGE_CURVE('',#5569,#5836,#5844,.T.);
#5844 = LINE('',#5845,#5846);
#5845 = CARTESIAN_POINT('',(-192.,0.,-2.));
#5846 = VECTOR('',#5847,1.);
#5847 = DIRECTION('',(0.,-1.,0.));
#5848 = ORIENTED_EDGE('',*,*,#5566,.F.);
#5849 = ORIENTED_EDGE('',*,*,#5850,.F.);
#5850 = EDGE_CURVE('',#5851,#5567,#5853,.T.);
#5851 = VERTEX_POINT('',#5852);
#5852 = CARTESIAN_POINT('',(-197.5,-7.15,-2.));
#5853 = LINE('',#5854,#5855);
#5854 = CARTESIAN_POINT('',(-1.127570259385E-15,-7.15,-2.));
#5855 = VECTOR('',#5856,1.);
#5856 = DIRECTION('',(1.,-1.577021341797E-16,0.));
#5857 = ORIENTED_EDGE('',*,*,#5858,.F.);
#5858 = EDGE_CURVE('',#5859,#5851,#5861,.T.);
#5859 = VERTEX_POINT('',#5860);
#5860 = CARTESIAN_POINT('',(-197.5,-15.15,-2.));
#5861 = LINE('',#5862,#5863);
#5862 = CARTESIAN_POINT('',(-197.5,-6.852157730108E-13,-2.));
#5863 = VECTOR('',#5864,1.);
#5864 = DIRECTION('',(-3.469446951954E-15,1.,0.));
#5865 = ORIENTED_EDGE('',*,*,#5866,.F.);
#5866 = EDGE_CURVE('',#5867,#5859,#5869,.T.);
#5867 = VERTEX_POINT('',#5868);
#5868 = CARTESIAN_POINT('',(-196.,-15.15,-2.));
#5869 = LINE('',#5870,#5871);
#5870 = CARTESIAN_POINT('',(0.,-15.15,-2.));
#5871 = VECTOR('',#5872,1.);
#5872 = DIRECTION('',(-1.,0.,0.));
#5873 = ORIENTED_EDGE('',*,*,#5874,.F.);
#5874 = EDGE_CURVE('',#5875,#5867,#5877,.T.);
#5875 = VERTEX_POINT('',#5876);
#5876 = CARTESIAN_POINT('',(-196.,-19.15,-2.));
#5877 = LINE('',#5878,#5879);
#5878 = CARTESIAN_POINT('',(-196.,0.,-2.));
#5879 = VECTOR('',#5880,1.);
#5880 = DIRECTION('',(0.,1.,0.));
#5881 = ORIENTED_EDGE('',*,*,#5882,.F.);
#5882 = EDGE_CURVE('',#5883,#5875,#5885,.T.);
#5883 = VERTEX_POINT('',#5884);
#5884 = CARTESIAN_POINT('',(-204.,-19.15,-2.));
#5885 = LINE('',#5886,#5887);
#5886 = CARTESIAN_POINT('',(-281.,-19.15,-2.));
#5887 = VECTOR('',#5888,1.);
#5888 = DIRECTION('',(1.,-0.,-0.));
#5889 = ORIENTED_EDGE('',*,*,#5890,.F.);
#5890 = EDGE_CURVE('',#5891,#5883,#5893,.T.);
#5891 = VERTEX_POINT('',#5892);
#5892 = CARTESIAN_POINT('',(-204.,-15.15,-2.));
#5893 = LINE('',#5894,#5895);
#5894 = CARTESIAN_POINT('',(-204.,0.,-2.));
#5895 = VECTOR('',#5896,1.);
#5896 = DIRECTION('',(0.,-1.,0.));
#5897 = ORIENTED_EDGE('',*,*,#5898,.F.);
#5898 = EDGE_CURVE('',#5899,#5891,#5901,.T.);
#5899 = VERTEX_POINT('',#5900);
#5900 = CARTESIAN_POINT('',(-202.5,-15.15,-2.));
#5901 = LINE('',#5902,#5903);
#5902 = CARTESIAN_POINT('',(0.,-15.15,-2.));
#5903 = VECTOR('',#5904,1.);
#5904 = DIRECTION('',(-1.,0.,0.));
#5905 = ORIENTED_EDGE('',*,*,#5906,.F.);
#5906 = EDGE_CURVE('',#5907,#5899,#5909,.T.);
#5907 = VERTEX_POINT('',#5908);
#5908 = CARTESIAN_POINT('',(-202.5,-7.15,-2.));
#5909 = LINE('',#5910,#5911);
#5910 = CARTESIAN_POINT('',(-202.5,7.025630077706E-13,-2.));
#5911 = VECTOR('',#5912,1.);
#5912 = DIRECTION('',(-3.469446951954E-15,-1.,0.));
#5913 = ORIENTED_EDGE('',*,*,#5914,.F.);
#5914 = EDGE_CURVE('',#5545,#5907,#5915,.T.);
#5915 = LINE('',#5916,#5917);
#5916 = CARTESIAN_POINT('',(1.127570259385E-15,-7.15,-2.));
#5917 = VECTOR('',#5918,1.);
#5918 = DIRECTION('',(1.,1.577021341797E-16,0.));
#5919 = ORIENTED_EDGE('',*,*,#5544,.F.);
#5920 = ORIENTED_EDGE('',*,*,#5921,.T.);
#5921 = EDGE_CURVE('',#5537,#5922,#5924,.T.);
#5922 = VERTEX_POINT('',#5923);
#5923 = CARTESIAN_POINT('',(-208.,-19.75,-2.));
#5924 = LINE('',#5925,#5926);
#5925 = CARTESIAN_POINT('',(-208.,-7.15,-2.));
#5926 = VECTOR('',#5927,1.);
#5927 = DIRECTION('',(0.,-1.,0.));
#5928 = ORIENTED_EDGE('',*,*,#5929,.T.);
#5929 = EDGE_CURVE('',#5922,#5930,#5932,.T.);
#5930 = VERTEX_POINT('',#5931);
#5931 = CARTESIAN_POINT('',(-281.,-19.75,-2.));
#5932 = LINE('',#5933,#5934);
#5933 = CARTESIAN_POINT('',(0.,-19.75,-2.));
#5934 = VECTOR('',#5935,1.);
#5935 = DIRECTION('',(-1.,-0.,-0.));
#5936 = ORIENTED_EDGE('',*,*,#5937,.F.);
#5937 = EDGE_CURVE('',#5938,#5930,#5940,.T.);
#5938 = VERTEX_POINT('',#5939);
#5939 = CARTESIAN_POINT('',(-281.,-19.15,-2.));
#5940 = LINE('',#5941,#5942);
#5941 = CARTESIAN_POINT('',(-281.,0.,-2.));
#5942 = VECTOR('',#5943,1.);
#5943 = DIRECTION('',(-0.,-1.,0.));
#5944 = ORIENTED_EDGE('',*,*,#5945,.F.);
#5945 = EDGE_CURVE('',#5946,#5938,#5948,.T.);
#5946 = VERTEX_POINT('',#5947);
#5947 = CARTESIAN_POINT('',(-281.,19.15,-2.));
#5948 = LINE('',#5949,#5950);
#5949 = CARTESIAN_POINT('',(-281.,-21.75,-2.));
#5950 = VECTOR('',#5951,1.);
#5951 = DIRECTION('',(-0.,-1.,-0.));
#5952 = ORIENTED_EDGE('',*,*,#5953,.T.);
#5953 = EDGE_CURVE('',#5946,#5954,#5956,.T.);
#5954 = VERTEX_POINT('',#5955);
#5955 = CARTESIAN_POINT('',(-281.,19.75,-2.));
#5956 = LINE('',#5957,#5958);
#5957 = CARTESIAN_POINT('',(-281.,19.15,-2.));
#5958 = VECTOR('',#5959,1.);
#5959 = DIRECTION('',(-0.,1.,-0.));
#5960 = ORIENTED_EDGE('',*,*,#5961,.T.);
#5961 = EDGE_CURVE('',#5954,#5962,#5964,.T.);
#5962 = VERTEX_POINT('',#5963);
#5963 = CARTESIAN_POINT('',(281.,19.75,-2.));
#5964 = LINE('',#5965,#5966);
#5965 = CARTESIAN_POINT('',(0.,19.75,-2.));
#5966 = VECTOR('',#5967,1.);
#5967 = DIRECTION('',(1.,-0.,-0.));
#5968 = ORIENTED_EDGE('',*,*,#5969,.F.);
#5969 = EDGE_CURVE('',#5970,#5962,#5972,.T.);
#5970 = VERTEX_POINT('',#5971);
#5971 = CARTESIAN_POINT('',(281.,19.15,-2.));
#5972 = LINE('',#5973,#5974);
#5973 = CARTESIAN_POINT('',(281.,0.,-2.));
#5974 = VECTOR('',#5975,1.);
#5975 = DIRECTION('',(0.,1.,0.));
#5976 = ORIENTED_EDGE('',*,*,#5977,.F.);
#5977 = EDGE_CURVE('',#5978,#5970,#5980,.T.);
#5978 = VERTEX_POINT('',#5979);
#5979 = CARTESIAN_POINT('',(281.,-19.15,-2.));
#5980 = LINE('',#5981,#5982);
#5981 = CARTESIAN_POINT('',(281.,-21.75,-2.));
#5982 = VECTOR('',#5983,1.);
#5983 = DIRECTION('',(0.,1.,0.));
#5984 = ORIENTED_EDGE('',*,*,#5985,.T.);
#5985 = EDGE_CURVE('',#5978,#5986,#5988,.T.);
#5986 = VERTEX_POINT('',#5987);
#5987 = CARTESIAN_POINT('',(281.,-19.75,-2.));
#5988 = LINE('',#5989,#5990);
#5989 = CARTESIAN_POINT('',(281.,-19.15,-2.));
#5990 = VECTOR('',#5991,1.);
#5991 = DIRECTION('',(-0.,-1.,-0.));
#5992 = ORIENTED_EDGE('',*,*,#5993,.F.);
#5993 = EDGE_CURVE('',#5994,#5986,#5996,.T.);
#5994 = VERTEX_POINT('',#5995);
#5995 = CARTESIAN_POINT('',(208.,-19.75,-2.));
#5996 = LINE('',#5997,#5998);
#5997 = CARTESIAN_POINT('',(0.,-19.75,-2.));
#5998 = VECTOR('',#5999,1.);
#5999 = DIRECTION('',(1.,-0.,-0.));
#6000 = ORIENTED_EDGE('',*,*,#6001,.F.);
#6001 = EDGE_CURVE('',#3053,#5994,#6002,.T.);
#6002 = LINE('',#6003,#6004);
#6003 = CARTESIAN_POINT('',(208.,0.,-2.));
#6004 = VECTOR('',#6005,1.);
#6005 = DIRECTION('',(0.,-1.,0.));
#6006 = ORIENTED_EDGE('',*,*,#3050,.F.);
#6007 = ORIENTED_EDGE('',*,*,#6008,.F.);
#6008 = EDGE_CURVE('',#6009,#3051,#6011,.T.);
#6009 = VERTEX_POINT('',#6010);
#6010 = CARTESIAN_POINT('',(202.5,-7.15,-2.));
#6011 = LINE('',#6012,#6013);
#6012 = CARTESIAN_POINT('',(-1.127570259385E-15,-7.15,-2.));
#6013 = VECTOR('',#6014,1.);
#6014 = DIRECTION('',(1.,-1.577021341797E-16,0.));
#6015 = ORIENTED_EDGE('',*,*,#6016,.F.);
#6016 = EDGE_CURVE('',#6017,#6009,#6019,.T.);
#6017 = VERTEX_POINT('',#6018);
#6018 = CARTESIAN_POINT('',(202.5,-15.15,-2.));
#6019 = LINE('',#6020,#6021);
#6020 = CARTESIAN_POINT('',(202.5,7.025630077706E-13,-2.));
#6021 = VECTOR('',#6022,1.);
#6022 = DIRECTION('',(-3.469446951954E-15,1.,0.));
#6023 = ORIENTED_EDGE('',*,*,#6024,.F.);
#6024 = EDGE_CURVE('',#6025,#6017,#6027,.T.);
#6025 = VERTEX_POINT('',#6026);
#6026 = CARTESIAN_POINT('',(204.,-15.15,-2.));
#6027 = LINE('',#6028,#6029);
#6028 = CARTESIAN_POINT('',(0.,-15.15,-2.));
#6029 = VECTOR('',#6030,1.);
#6030 = DIRECTION('',(-1.,0.,0.));
#6031 = ORIENTED_EDGE('',*,*,#6032,.F.);
#6032 = EDGE_CURVE('',#6033,#6025,#6035,.T.);
#6033 = VERTEX_POINT('',#6034);
#6034 = CARTESIAN_POINT('',(204.,-19.15,-2.));
#6035 = LINE('',#6036,#6037);
#6036 = CARTESIAN_POINT('',(204.,0.,-2.));
#6037 = VECTOR('',#6038,1.);
#6038 = DIRECTION('',(0.,1.,0.));
#6039 = ORIENTED_EDGE('',*,*,#6040,.F.);
#6040 = EDGE_CURVE('',#6041,#6033,#6043,.T.);
#6041 = VERTEX_POINT('',#6042);
#6042 = CARTESIAN_POINT('',(196.,-19.15,-2.));
#6043 = LINE('',#6044,#6045);
#6044 = CARTESIAN_POINT('',(0.,-19.15,-2.));
#6045 = VECTOR('',#6046,1.);
#6046 = DIRECTION('',(1.,-0.,0.));
#6047 = ORIENTED_EDGE('',*,*,#6048,.F.);
#6048 = EDGE_CURVE('',#6049,#6041,#6051,.T.);
#6049 = VERTEX_POINT('',#6050);
#6050 = CARTESIAN_POINT('',(196.,-15.15,-2.));
#6051 = LINE('',#6052,#6053);
#6052 = CARTESIAN_POINT('',(196.,0.,-2.));
#6053 = VECTOR('',#6054,1.);
#6054 = DIRECTION('',(0.,-1.,0.));
#6055 = ORIENTED_EDGE('',*,*,#6056,.F.);
#6056 = EDGE_CURVE('',#6057,#6049,#6059,.T.);
#6057 = VERTEX_POINT('',#6058);
#6058 = CARTESIAN_POINT('',(197.5,-15.15,-2.));
#6059 = LINE('',#6060,#6061);
#6060 = CARTESIAN_POINT('',(0.,-15.15,-2.));
#6061 = VECTOR('',#6062,1.);
#6062 = DIRECTION('',(-1.,0.,0.));
#6063 = ORIENTED_EDGE('',*,*,#6064,.F.);
#6064 = EDGE_CURVE('',#6065,#6057,#6067,.T.);
#6065 = VERTEX_POINT('',#6066);
#6066 = CARTESIAN_POINT('',(197.5,-7.15,-2.));
#6067 = LINE('',#6068,#6069);
#6068 = CARTESIAN_POINT('',(197.5,-6.852157730108E-13,-2.));
#6069 = VECTOR('',#6070,1.);
#6070 = DIRECTION('',(-3.469446951954E-15,-1.,0.));
#6071 = ORIENTED_EDGE('',*,*,#6072,.F.);
#6072 = EDGE_CURVE('',#3029,#6065,#6073,.T.);
#6073 = LINE('',#6074,#6075);
#6074 = CARTESIAN_POINT('',(1.127570259385E-15,-7.15,-2.));
#6075 = VECTOR('',#6076,1.);
#6076 = DIRECTION('',(1.,1.577021341797E-16,0.));
#6077 = ORIENTED_EDGE('',*,*,#3028,.F.);
#6078 = ORIENTED_EDGE('',*,*,#6079,.T.);
#6079 = EDGE_CURVE('',#3021,#6080,#6082,.T.);
#6080 = VERTEX_POINT('',#6081);
#6081 = CARTESIAN_POINT('',(192.,-19.75,-2.));
#6082 = LINE('',#6083,#6084);
#6083 = CARTESIAN_POINT('',(192.,-7.15,-2.));
#6084 = VECTOR('',#6085,1.);
#6085 = DIRECTION('',(0.,-1.,0.));
#6086 = ORIENTED_EDGE('',*,*,#6087,.F.);
#6087 = EDGE_CURVE('',#6088,#6080,#6090,.T.);
#6088 = VERTEX_POINT('',#6089);
#6089 = CARTESIAN_POINT('',(168.,-19.75,-2.));
#6090 = LINE('',#6091,#6092);
#6091 = CARTESIAN_POINT('',(0.,-19.75,-2.));
#6092 = VECTOR('',#6093,1.);
#6093 = DIRECTION('',(1.,-0.,-0.));
#6094 = ORIENTED_EDGE('',*,*,#6095,.F.);
#6095 = EDGE_CURVE('',#2893,#6088,#6096,.T.);
#6096 = LINE('',#6097,#6098);
#6097 = CARTESIAN_POINT('',(168.,0.,-2.));
#6098 = VECTOR('',#6099,1.);
#6099 = DIRECTION('',(0.,-1.,0.));
#6100 = ORIENTED_EDGE('',*,*,#2890,.F.);
#6101 = ORIENTED_EDGE('',*,*,#6102,.F.);
#6102 = EDGE_CURVE('',#6103,#2891,#6105,.T.);
#6103 = VERTEX_POINT('',#6104);
#6104 = CARTESIAN_POINT('',(162.5,-7.15,-2.));
#6105 = LINE('',#6106,#6107);
#6106 = CARTESIAN_POINT('',(-1.127570259385E-15,-7.15,-2.));
#6107 = VECTOR('',#6108,1.);
#6108 = DIRECTION('',(1.,-1.577021341797E-16,0.));
#6109 = ORIENTED_EDGE('',*,*,#6110,.F.);
#6110 = EDGE_CURVE('',#6111,#6103,#6113,.T.);
#6111 = VERTEX_POINT('',#6112);
#6112 = CARTESIAN_POINT('',(162.5,-15.15,-2.));
#6113 = LINE('',#6114,#6115);
#6114 = CARTESIAN_POINT('',(162.5,5.637851296925E-13,-2.));
#6115 = VECTOR('',#6116,1.);
#6116 = DIRECTION('',(-3.469446951954E-15,1.,0.));
#6117 = ORIENTED_EDGE('',*,*,#6118,.F.);
#6118 = EDGE_CURVE('',#6119,#6111,#6121,.T.);
#6119 = VERTEX_POINT('',#6120);
#6120 = CARTESIAN_POINT('',(164.,-15.15,-2.));
#6121 = LINE('',#6122,#6123);
#6122 = CARTESIAN_POINT('',(0.,-15.15,-2.));
#6123 = VECTOR('',#6124,1.);
#6124 = DIRECTION('',(-1.,0.,0.));
#6125 = ORIENTED_EDGE('',*,*,#6126,.F.);
#6126 = EDGE_CURVE('',#6127,#6119,#6129,.T.);
#6127 = VERTEX_POINT('',#6128);
#6128 = CARTESIAN_POINT('',(164.,-19.15,-2.));
#6129 = LINE('',#6130,#6131);
#6130 = CARTESIAN_POINT('',(164.,0.,-2.));
#6131 = VECTOR('',#6132,1.);
#6132 = DIRECTION('',(0.,1.,0.));
#6133 = ORIENTED_EDGE('',*,*,#6134,.F.);
#6134 = EDGE_CURVE('',#6135,#6127,#6137,.T.);
#6135 = VERTEX_POINT('',#6136);
#6136 = CARTESIAN_POINT('',(156.,-19.15,-2.));
#6137 = LINE('',#6138,#6139);
#6138 = CARTESIAN_POINT('',(0.,-19.15,-2.));
#6139 = VECTOR('',#6140,1.);
#6140 = DIRECTION('',(1.,-0.,0.));
#6141 = ORIENTED_EDGE('',*,*,#6142,.F.);
#6142 = EDGE_CURVE('',#6143,#6135,#6145,.T.);
#6143 = VERTEX_POINT('',#6144);
#6144 = CARTESIAN_POINT('',(156.,-15.15,-2.));
#6145 = LINE('',#6146,#6147);
#6146 = CARTESIAN_POINT('',(156.,0.,-2.));
#6147 = VECTOR('',#6148,1.);
#6148 = DIRECTION('',(0.,-1.,0.));
#6149 = ORIENTED_EDGE('',*,*,#6150,.F.);
#6150 = EDGE_CURVE('',#6151,#6143,#6153,.T.);
#6151 = VERTEX_POINT('',#6152);
#6152 = CARTESIAN_POINT('',(157.5,-15.15,-2.));
#6153 = LINE('',#6154,#6155);
#6154 = CARTESIAN_POINT('',(0.,-15.15,-2.));
#6155 = VECTOR('',#6156,1.);
#6156 = DIRECTION('',(-1.,0.,0.));
#6157 = ORIENTED_EDGE('',*,*,#6158,.F.);
#6158 = EDGE_CURVE('',#6159,#6151,#6161,.T.);
#6159 = VERTEX_POINT('',#6160);
#6160 = CARTESIAN_POINT('',(157.5,-7.15,-2.));
#6161 = LINE('',#6162,#6163);
#6162 = CARTESIAN_POINT('',(157.5,-5.464378949327E-13,-2.));
#6163 = VECTOR('',#6164,1.);
#6164 = DIRECTION('',(-3.469446951954E-15,-1.,0.));
#6165 = ORIENTED_EDGE('',*,*,#6166,.F.);
#6166 = EDGE_CURVE('',#2869,#6159,#6167,.T.);
#6167 = LINE('',#6168,#6169);
#6168 = CARTESIAN_POINT('',(1.127570259385E-15,-7.15,-2.));
#6169 = VECTOR('',#6170,1.);
#6170 = DIRECTION('',(1.,1.577021341797E-16,0.));
#6171 = ORIENTED_EDGE('',*,*,#2868,.F.);
#6172 = ORIENTED_EDGE('',*,*,#6173,.T.);
#6173 = EDGE_CURVE('',#2861,#6174,#6176,.T.);
#6174 = VERTEX_POINT('',#6175);
#6175 = CARTESIAN_POINT('',(152.,-19.75,-2.));
#6176 = LINE('',#6177,#6178);
#6177 = CARTESIAN_POINT('',(152.,-7.15,-2.));
#6178 = VECTOR('',#6179,1.);
#6179 = DIRECTION('',(0.,-1.,0.));
#6180 = ORIENTED_EDGE('',*,*,#6181,.F.);
#6181 = EDGE_CURVE('',#6182,#6174,#6184,.T.);
#6182 = VERTEX_POINT('',#6183);
#6183 = CARTESIAN_POINT('',(128.,-19.75,-2.));
#6184 = LINE('',#6185,#6186);
#6185 = CARTESIAN_POINT('',(0.,-19.75,-2.));
#6186 = VECTOR('',#6187,1.);
#6187 = DIRECTION('',(1.,-0.,-0.));
#6188 = ORIENTED_EDGE('',*,*,#6189,.F.);
#6189 = EDGE_CURVE('',#2733,#6182,#6190,.T.);
#6190 = LINE('',#6191,#6192);
#6191 = CARTESIAN_POINT('',(128.,0.,-2.));
#6192 = VECTOR('',#6193,1.);
#6193 = DIRECTION('',(0.,-1.,0.));
#6194 = ORIENTED_EDGE('',*,*,#2730,.F.);
#6195 = ORIENTED_EDGE('',*,*,#6196,.F.);
#6196 = EDGE_CURVE('',#6197,#2731,#6199,.T.);
#6197 = VERTEX_POINT('',#6198);
#6198 = CARTESIAN_POINT('',(122.5,-7.15,-2.));
#6199 = LINE('',#6200,#6201);
#6200 = CARTESIAN_POINT('',(-1.127570259385E-15,-7.15,-2.));
#6201 = VECTOR('',#6202,1.);
#6202 = DIRECTION('',(1.,-1.577021341797E-16,0.));
#6203 = ORIENTED_EDGE('',*,*,#6204,.F.);
#6204 = EDGE_CURVE('',#6205,#6197,#6207,.T.);
#6205 = VERTEX_POINT('',#6206);
#6206 = CARTESIAN_POINT('',(122.5,-15.15,-2.));
#6207 = LINE('',#6208,#6209);
#6208 = CARTESIAN_POINT('',(122.5,4.250072516143E-13,-2.));
#6209 = VECTOR('',#6210,1.);
#6210 = DIRECTION('',(-3.469446951954E-15,1.,0.));
#6211 = ORIENTED_EDGE('',*,*,#6212,.F.);
#6212 = EDGE_CURVE('',#6213,#6205,#6215,.T.);
#6213 = VERTEX_POINT('',#6214);
#6214 = CARTESIAN_POINT('',(124.,-15.15,-2.));
#6215 = LINE('',#6216,#6217);
#6216 = CARTESIAN_POINT('',(0.,-15.15,-2.));
#6217 = VECTOR('',#6218,1.);
#6218 = DIRECTION('',(-1.,0.,0.));
#6219 = ORIENTED_EDGE('',*,*,#6220,.F.);
#6220 = EDGE_CURVE('',#6221,#6213,#6223,.T.);
#6221 = VERTEX_POINT('',#6222);
#6222 = CARTESIAN_POINT('',(124.,-19.15,-2.));
#6223 = LINE('',#6224,#6225);
#6224 = CARTESIAN_POINT('',(124.,0.,-2.));
#6225 = VECTOR('',#6226,1.);
#6226 = DIRECTION('',(0.,1.,0.));
#6227 = ORIENTED_EDGE('',*,*,#6228,.F.);
#6228 = EDGE_CURVE('',#6229,#6221,#6231,.T.);
#6229 = VERTEX_POINT('',#6230);
#6230 = CARTESIAN_POINT('',(116.,-19.15,-2.));
#6231 = LINE('',#6232,#6233);
#6232 = CARTESIAN_POINT('',(0.,-19.15,-2.));
#6233 = VECTOR('',#6234,1.);
#6234 = DIRECTION('',(1.,-0.,0.));
#6235 = ORIENTED_EDGE('',*,*,#6236,.F.);
#6236 = EDGE_CURVE('',#6237,#6229,#6239,.T.);
#6237 = VERTEX_POINT('',#6238);
#6238 = CARTESIAN_POINT('',(116.,-15.15,-2.));
#6239 = LINE('',#6240,#6241);
#6240 = CARTESIAN_POINT('',(116.,0.,-2.));
#6241 = VECTOR('',#6242,1.);
#6242 = DIRECTION('',(0.,-1.,0.));
#6243 = ORIENTED_EDGE('',*,*,#6244,.F.);
#6244 = EDGE_CURVE('',#6245,#6237,#6247,.T.);
#6245 = VERTEX_POINT('',#6246);
#6246 = CARTESIAN_POINT('',(117.5,-15.15,-2.));
#6247 = LINE('',#6248,#6249);
#6248 = CARTESIAN_POINT('',(0.,-15.15,-2.));
#6249 = VECTOR('',#6250,1.);
#6250 = DIRECTION('',(-1.,0.,0.));
#6251 = ORIENTED_EDGE('',*,*,#6252,.F.);
#6252 = EDGE_CURVE('',#6253,#6245,#6255,.T.);
#6253 = VERTEX_POINT('',#6254);
#6254 = CARTESIAN_POINT('',(117.5,-7.15,-2.));
#6255 = LINE('',#6256,#6257);
#6256 = CARTESIAN_POINT('',(117.5,-4.076600168545E-13,-2.));
#6257 = VECTOR('',#6258,1.);
#6258 = DIRECTION('',(-3.469446951954E-15,-1.,0.));
#6259 = ORIENTED_EDGE('',*,*,#6260,.F.);
#6260 = EDGE_CURVE('',#2709,#6253,#6261,.T.);
#6261 = LINE('',#6262,#6263);
#6262 = CARTESIAN_POINT('',(1.127570259385E-15,-7.15,-2.));
#6263 = VECTOR('',#6264,1.);
#6264 = DIRECTION('',(1.,1.577021341797E-16,0.));
#6265 = ORIENTED_EDGE('',*,*,#2708,.F.);
#6266 = ORIENTED_EDGE('',*,*,#6267,.T.);
#6267 = EDGE_CURVE('',#2701,#6268,#6270,.T.);
#6268 = VERTEX_POINT('',#6269);
#6269 = CARTESIAN_POINT('',(112.,-19.75,-2.));
#6270 = LINE('',#6271,#6272);
#6271 = CARTESIAN_POINT('',(112.,-7.15,-2.));
#6272 = VECTOR('',#6273,1.);
#6273 = DIRECTION('',(0.,-1.,0.));
#6274 = ORIENTED_EDGE('',*,*,#6275,.F.);
#6275 = EDGE_CURVE('',#6276,#6268,#6278,.T.);
#6276 = VERTEX_POINT('',#6277);
#6277 = CARTESIAN_POINT('',(88.,-19.75,-2.));
#6278 = LINE('',#6279,#6280);
#6279 = CARTESIAN_POINT('',(0.,-19.75,-2.));
#6280 = VECTOR('',#6281,1.);
#6281 = DIRECTION('',(1.,-0.,-0.));
#6282 = ORIENTED_EDGE('',*,*,#6283,.F.);
#6283 = EDGE_CURVE('',#2573,#6276,#6284,.T.);
#6284 = LINE('',#6285,#6286);
#6285 = CARTESIAN_POINT('',(88.,0.,-2.));
#6286 = VECTOR('',#6287,1.);
#6287 = DIRECTION('',(0.,-1.,0.));
#6288 = ORIENTED_EDGE('',*,*,#2570,.F.);
#6289 = ORIENTED_EDGE('',*,*,#6290,.F.);
#6290 = EDGE_CURVE('',#6291,#2571,#6293,.T.);
#6291 = VERTEX_POINT('',#6292);
#6292 = CARTESIAN_POINT('',(82.5,-7.15,-2.));
#6293 = LINE('',#6294,#6295);
#6294 = CARTESIAN_POINT('',(-1.127570259385E-15,-7.15,-2.));
#6295 = VECTOR('',#6296,1.);
#6296 = DIRECTION('',(1.,-1.577021341797E-16,0.));
#6297 = ORIENTED_EDGE('',*,*,#6298,.F.);
#6298 = EDGE_CURVE('',#6299,#6291,#6301,.T.);
#6299 = VERTEX_POINT('',#6300);
#6300 = CARTESIAN_POINT('',(82.5,-15.15,-2.));
#6301 = LINE('',#6302,#6303);
#6302 = CARTESIAN_POINT('',(82.5,2.862293735362E-13,-2.));
#6303 = VECTOR('',#6304,1.);
#6304 = DIRECTION('',(-3.469446951954E-15,1.,0.));
#6305 = ORIENTED_EDGE('',*,*,#6306,.F.);
#6306 = EDGE_CURVE('',#6307,#6299,#6309,.T.);
#6307 = VERTEX_POINT('',#6308);
#6308 = CARTESIAN_POINT('',(84.,-15.15,-2.));
#6309 = LINE('',#6310,#6311);
#6310 = CARTESIAN_POINT('',(0.,-15.15,-2.));
#6311 = VECTOR('',#6312,1.);
#6312 = DIRECTION('',(-1.,0.,0.));
#6313 = ORIENTED_EDGE('',*,*,#6314,.F.);
#6314 = EDGE_CURVE('',#6315,#6307,#6317,.T.);
#6315 = VERTEX_POINT('',#6316);
#6316 = CARTESIAN_POINT('',(84.,-19.15,-2.));
#6317 = LINE('',#6318,#6319);
#6318 = CARTESIAN_POINT('',(84.,0.,-2.));
#6319 = VECTOR('',#6320,1.);
#6320 = DIRECTION('',(0.,1.,0.));
#6321 = ORIENTED_EDGE('',*,*,#6322,.F.);
#6322 = EDGE_CURVE('',#6323,#6315,#6325,.T.);
#6323 = VERTEX_POINT('',#6324);
#6324 = CARTESIAN_POINT('',(76.,-19.15,-2.));
#6325 = LINE('',#6326,#6327);
#6326 = CARTESIAN_POINT('',(0.,-19.15,-2.));
#6327 = VECTOR('',#6328,1.);
#6328 = DIRECTION('',(1.,-0.,0.));
#6329 = ORIENTED_EDGE('',*,*,#6330,.F.);
#6330 = EDGE_CURVE('',#6331,#6323,#6333,.T.);
#6331 = VERTEX_POINT('',#6332);
#6332 = CARTESIAN_POINT('',(76.,-15.15,-2.));
#6333 = LINE('',#6334,#6335);
#6334 = CARTESIAN_POINT('',(76.,0.,-2.));
#6335 = VECTOR('',#6336,1.);
#6336 = DIRECTION('',(0.,-1.,0.));
#6337 = ORIENTED_EDGE('',*,*,#6338,.F.);
#6338 = EDGE_CURVE('',#6339,#6331,#6341,.T.);
#6339 = VERTEX_POINT('',#6340);
#6340 = CARTESIAN_POINT('',(77.5,-15.15,-2.));
#6341 = LINE('',#6342,#6343);
#6342 = CARTESIAN_POINT('',(0.,-15.15,-2.));
#6343 = VECTOR('',#6344,1.);
#6344 = DIRECTION('',(-1.,0.,0.));
#6345 = ORIENTED_EDGE('',*,*,#6346,.F.);
#6346 = EDGE_CURVE('',#6347,#6339,#6349,.T.);
#6347 = VERTEX_POINT('',#6348);
#6348 = CARTESIAN_POINT('',(77.5,-7.15,-2.));
#6349 = LINE('',#6350,#6351);
#6350 = CARTESIAN_POINT('',(77.5,-2.688821387764E-13,-2.));
#6351 = VECTOR('',#6352,1.);
#6352 = DIRECTION('',(-3.469446951954E-15,-1.,0.));
#6353 = ORIENTED_EDGE('',*,*,#6354,.F.);
#6354 = EDGE_CURVE('',#2549,#6347,#6355,.T.);
#6355 = LINE('',#6356,#6357);
#6356 = CARTESIAN_POINT('',(1.127570259385E-15,-7.15,-2.));
#6357 = VECTOR('',#6358,1.);
#6358 = DIRECTION('',(1.,1.577021341797E-16,0.));
#6359 = ORIENTED_EDGE('',*,*,#2548,.F.);
#6360 = ORIENTED_EDGE('',*,*,#6361,.T.);
#6361 = EDGE_CURVE('',#2541,#6362,#6364,.T.);
#6362 = VERTEX_POINT('',#6363);
#6363 = CARTESIAN_POINT('',(72.,-19.75,-2.));
#6364 = LINE('',#6365,#6366);
#6365 = CARTESIAN_POINT('',(72.,-7.15,-2.));
#6366 = VECTOR('',#6367,1.);
#6367 = DIRECTION('',(0.,-1.,0.));
#6368 = ORIENTED_EDGE('',*,*,#6369,.F.);
#6369 = EDGE_CURVE('',#6370,#6362,#6372,.T.);
#6370 = VERTEX_POINT('',#6371);
#6371 = CARTESIAN_POINT('',(48.,-19.75,-2.));
#6372 = LINE('',#6373,#6374);
#6373 = CARTESIAN_POINT('',(0.,-19.75,-2.));
#6374 = VECTOR('',#6375,1.);
#6375 = DIRECTION('',(1.,-0.,-0.));
#6376 = ORIENTED_EDGE('',*,*,#6377,.F.);
#6377 = EDGE_CURVE('',#2413,#6370,#6378,.T.);
#6378 = LINE('',#6379,#6380);
#6379 = CARTESIAN_POINT('',(48.,0.,-2.));
#6380 = VECTOR('',#6381,1.);
#6381 = DIRECTION('',(0.,-1.,0.));
#6382 = ORIENTED_EDGE('',*,*,#2410,.F.);
#6383 = ORIENTED_EDGE('',*,*,#6384,.F.);
#6384 = EDGE_CURVE('',#6385,#2411,#6387,.T.);
#6385 = VERTEX_POINT('',#6386);
#6386 = CARTESIAN_POINT('',(42.5,-7.15,-2.));
#6387 = LINE('',#6388,#6389);
#6388 = CARTESIAN_POINT('',(-1.127570259385E-15,-7.15,-2.));
#6389 = VECTOR('',#6390,1.);
#6390 = DIRECTION('',(1.,-1.577021341797E-16,0.));
#6391 = ORIENTED_EDGE('',*,*,#6392,.F.);
#6392 = EDGE_CURVE('',#6393,#6385,#6395,.T.);
#6393 = VERTEX_POINT('',#6394);
#6394 = CARTESIAN_POINT('',(42.5,-15.15,-2.));
#6395 = LINE('',#6396,#6397);
#6396 = CARTESIAN_POINT('',(42.5,1.47451495458E-13,-2.));
#6397 = VECTOR('',#6398,1.);
#6398 = DIRECTION('',(-3.469446951954E-15,1.,0.));
#6399 = ORIENTED_EDGE('',*,*,#6400,.F.);
#6400 = EDGE_CURVE('',#6401,#6393,#6403,.T.);
#6401 = VERTEX_POINT('',#6402);
#6402 = CARTESIAN_POINT('',(44.,-15.15,-2.));
#6403 = LINE('',#6404,#6405);
#6404 = CARTESIAN_POINT('',(0.,-15.15,-2.));
#6405 = VECTOR('',#6406,1.);
#6406 = DIRECTION('',(-1.,0.,0.));
#6407 = ORIENTED_EDGE('',*,*,#6408,.F.);
#6408 = EDGE_CURVE('',#6409,#6401,#6411,.T.);
#6409 = VERTEX_POINT('',#6410);
#6410 = CARTESIAN_POINT('',(44.,-19.15,-2.));
#6411 = LINE('',#6412,#6413);
#6412 = CARTESIAN_POINT('',(44.,0.,-2.));
#6413 = VECTOR('',#6414,1.);
#6414 = DIRECTION('',(0.,1.,0.));
#6415 = ORIENTED_EDGE('',*,*,#6416,.F.);
#6416 = EDGE_CURVE('',#6417,#6409,#6419,.T.);
#6417 = VERTEX_POINT('',#6418);
#6418 = CARTESIAN_POINT('',(36.,-19.15,-2.));
#6419 = LINE('',#6420,#6421);
#6420 = CARTESIAN_POINT('',(0.,-19.15,-2.));
#6421 = VECTOR('',#6422,1.);
#6422 = DIRECTION('',(1.,-0.,0.));
#6423 = ORIENTED_EDGE('',*,*,#6424,.F.);
#6424 = EDGE_CURVE('',#6425,#6417,#6427,.T.);
#6425 = VERTEX_POINT('',#6426);
#6426 = CARTESIAN_POINT('',(36.,-15.15,-2.));
#6427 = LINE('',#6428,#6429);
#6428 = CARTESIAN_POINT('',(36.,0.,-2.));
#6429 = VECTOR('',#6430,1.);
#6430 = DIRECTION('',(0.,-1.,0.));
#6431 = ORIENTED_EDGE('',*,*,#6432,.F.);
#6432 = EDGE_CURVE('',#6433,#6425,#6435,.T.);
#6433 = VERTEX_POINT('',#6434);
#6434 = CARTESIAN_POINT('',(37.5,-15.15,-2.));
#6435 = LINE('',#6436,#6437);
#6436 = CARTESIAN_POINT('',(0.,-15.15,-2.));
#6437 = VECTOR('',#6438,1.);
#6438 = DIRECTION('',(-1.,0.,0.));
#6439 = ORIENTED_EDGE('',*,*,#6440,.F.);
#6440 = EDGE_CURVE('',#6441,#6433,#6443,.T.);
#6441 = VERTEX_POINT('',#6442);
#6442 = CARTESIAN_POINT('',(37.5,-7.15,-2.));
#6443 = LINE('',#6444,#6445);
#6444 = CARTESIAN_POINT('',(37.5,-1.301042606983E-13,-2.));
#6445 = VECTOR('',#6446,1.);
#6446 = DIRECTION('',(-3.469446951954E-15,-1.,0.));
#6447 = ORIENTED_EDGE('',*,*,#6448,.F.);
#6448 = EDGE_CURVE('',#2389,#6441,#6449,.T.);
#6449 = LINE('',#6450,#6451);
#6450 = CARTESIAN_POINT('',(1.127570259385E-15,-7.15,-2.));
#6451 = VECTOR('',#6452,1.);
#6452 = DIRECTION('',(1.,1.577021341797E-16,0.));
#6453 = ORIENTED_EDGE('',*,*,#2388,.F.);
#6454 = ORIENTED_EDGE('',*,*,#6455,.T.);
#6455 = EDGE_CURVE('',#2381,#6456,#6458,.T.);
#6456 = VERTEX_POINT('',#6457);
#6457 = CARTESIAN_POINT('',(32.,-19.75,-2.));
#6458 = LINE('',#6459,#6460);
#6459 = CARTESIAN_POINT('',(32.,-7.15,-2.));
#6460 = VECTOR('',#6461,1.);
#6461 = DIRECTION('',(0.,-1.,0.));
#6462 = ORIENTED_EDGE('',*,*,#6463,.F.);
#6463 = EDGE_CURVE('',#6464,#6456,#6466,.T.);
#6464 = VERTEX_POINT('',#6465);
#6465 = CARTESIAN_POINT('',(8.,-19.75,-2.));
#6466 = LINE('',#6467,#6468);
#6467 = CARTESIAN_POINT('',(0.,-19.75,-2.));
#6468 = VECTOR('',#6469,1.);
#6469 = DIRECTION('',(1.,-0.,-0.));
#6470 = ORIENTED_EDGE('',*,*,#6471,.F.);
#6471 = EDGE_CURVE('',#2253,#6464,#6472,.T.);
#6472 = LINE('',#6473,#6474);
#6473 = CARTESIAN_POINT('',(8.,0.,-2.));
#6474 = VECTOR('',#6475,1.);
#6475 = DIRECTION('',(0.,-1.,0.));
#6476 = ORIENTED_EDGE('',*,*,#2250,.F.);
#6477 = ORIENTED_EDGE('',*,*,#6478,.F.);
#6478 = EDGE_CURVE('',#6479,#2251,#6481,.T.);
#6479 = VERTEX_POINT('',#6480);
#6480 = CARTESIAN_POINT('',(2.5,-7.15,-2.));
#6481 = LINE('',#6482,#6483);
#6482 = CARTESIAN_POINT('',(-1.127570259385E-15,-7.15,-2.));
#6483 = VECTOR('',#6484,1.);
#6484 = DIRECTION('',(1.,-1.577021341797E-16,0.));
#6485 = ORIENTED_EDGE('',*,*,#6486,.F.);
#6486 = EDGE_CURVE('',#6487,#6479,#6489,.T.);
#6487 = VERTEX_POINT('',#6488);
#6488 = CARTESIAN_POINT('',(2.5,-15.15,-2.));
#6489 = LINE('',#6490,#6491);
#6490 = CARTESIAN_POINT('',(2.5,8.673617379884E-15,-2.));
#6491 = VECTOR('',#6492,1.);
#6492 = DIRECTION('',(-3.469446951954E-15,1.,0.));
#6493 = ORIENTED_EDGE('',*,*,#6494,.F.);
#6494 = EDGE_CURVE('',#6495,#6487,#6497,.T.);
#6495 = VERTEX_POINT('',#6496);
#6496 = CARTESIAN_POINT('',(4.,-15.15,-2.));
#6497 = LINE('',#6498,#6499);
#6498 = CARTESIAN_POINT('',(0.,-15.15,-2.));
#6499 = VECTOR('',#6500,1.);
#6500 = DIRECTION('',(-1.,0.,0.));
#6501 = ORIENTED_EDGE('',*,*,#6502,.F.);
#6502 = EDGE_CURVE('',#6503,#6495,#6505,.T.);
#6503 = VERTEX_POINT('',#6504);
#6504 = CARTESIAN_POINT('',(4.,-19.15,-2.));
#6505 = LINE('',#6506,#6507);
#6506 = CARTESIAN_POINT('',(4.,0.,-2.));
#6507 = VECTOR('',#6508,1.);
#6508 = DIRECTION('',(0.,1.,0.));
#6509 = ORIENTED_EDGE('',*,*,#6510,.F.);
#6510 = EDGE_CURVE('',#6511,#6503,#6513,.T.);
#6511 = VERTEX_POINT('',#6512);
#6512 = CARTESIAN_POINT('',(-4.,-19.15,-2.));
#6513 = LINE('',#6514,#6515);
#6514 = CARTESIAN_POINT('',(0.,-19.15,-2.));
#6515 = VECTOR('',#6516,1.);
#6516 = DIRECTION('',(1.,-0.,0.));
#6517 = ORIENTED_EDGE('',*,*,#6518,.F.);
#6518 = EDGE_CURVE('',#6519,#6511,#6521,.T.);
#6519 = VERTEX_POINT('',#6520);
#6520 = CARTESIAN_POINT('',(-4.,-15.15,-2.));
#6521 = LINE('',#6522,#6523);
#6522 = CARTESIAN_POINT('',(-4.,0.,-2.));
#6523 = VECTOR('',#6524,1.);
#6524 = DIRECTION('',(0.,-1.,0.));
#6525 = ORIENTED_EDGE('',*,*,#6526,.F.);
#6526 = EDGE_CURVE('',#6527,#6519,#6529,.T.);
#6527 = VERTEX_POINT('',#6528);
#6528 = CARTESIAN_POINT('',(-2.5,-15.15,-2.));
#6529 = LINE('',#6530,#6531);
#6530 = CARTESIAN_POINT('',(0.,-15.15,-2.));
#6531 = VECTOR('',#6532,1.);
#6532 = DIRECTION('',(-1.,0.,0.));
#6533 = ORIENTED_EDGE('',*,*,#6534,.F.);
#6534 = EDGE_CURVE('',#6535,#6527,#6537,.T.);
#6535 = VERTEX_POINT('',#6536);
#6536 = CARTESIAN_POINT('',(-2.5,-7.15,-2.));
#6537 = LINE('',#6538,#6539);
#6538 = CARTESIAN_POINT('',(-2.5,8.673617379884E-15,-2.));
#6539 = VECTOR('',#6540,1.);
#6540 = DIRECTION('',(-3.469446951954E-15,-1.,0.));
#6541 = ORIENTED_EDGE('',*,*,#6542,.F.);
#6542 = EDGE_CURVE('',#2229,#6535,#6543,.T.);
#6543 = LINE('',#6544,#6545);
#6544 = CARTESIAN_POINT('',(1.127570259385E-15,-7.15,-2.));
#6545 = VECTOR('',#6546,1.);
#6546 = DIRECTION('',(1.,1.577021341797E-16,0.));
#6547 = ORIENTED_EDGE('',*,*,#2228,.F.);
#6548 = ORIENTED_EDGE('',*,*,#6549,.T.);
#6549 = EDGE_CURVE('',#2221,#6550,#6552,.T.);
#6550 = VERTEX_POINT('',#6551);
#6551 = CARTESIAN_POINT('',(-8.,-19.75,-2.));
#6552 = LINE('',#6553,#6554);
#6553 = CARTESIAN_POINT('',(-8.,-7.15,-2.));
#6554 = VECTOR('',#6555,1.);
#6555 = DIRECTION('',(0.,-1.,0.));
#6556 = ORIENTED_EDGE('',*,*,#6557,.F.);
#6557 = EDGE_CURVE('',#6558,#6550,#6560,.T.);
#6558 = VERTEX_POINT('',#6559);
#6559 = CARTESIAN_POINT('',(-32.,-19.75,-2.));
#6560 = LINE('',#6561,#6562);
#6561 = CARTESIAN_POINT('',(0.,-19.75,-2.));
#6562 = VECTOR('',#6563,1.);
#6563 = DIRECTION('',(1.,-0.,-0.));
#6564 = ORIENTED_EDGE('',*,*,#6565,.F.);
#6565 = EDGE_CURVE('',#2093,#6558,#6566,.T.);
#6566 = LINE('',#6567,#6568);
#6567 = CARTESIAN_POINT('',(-32.,0.,-2.));
#6568 = VECTOR('',#6569,1.);
#6569 = DIRECTION('',(0.,-1.,0.));
#6570 = ORIENTED_EDGE('',*,*,#2090,.F.);
#6571 = ORIENTED_EDGE('',*,*,#6572,.F.);
#6572 = EDGE_CURVE('',#6573,#2091,#6575,.T.);
#6573 = VERTEX_POINT('',#6574);
#6574 = CARTESIAN_POINT('',(-37.5,-7.15,-2.));
#6575 = LINE('',#6576,#6577);
#6576 = CARTESIAN_POINT('',(-1.127570259385E-15,-7.15,-2.));
#6577 = VECTOR('',#6578,1.);
#6578 = DIRECTION('',(1.,-1.577021341797E-16,0.));
#6579 = ORIENTED_EDGE('',*,*,#6580,.F.);
#6580 = EDGE_CURVE('',#6581,#6573,#6583,.T.);
#6581 = VERTEX_POINT('',#6582);
#6582 = CARTESIAN_POINT('',(-37.5,-15.15,-2.));
#6583 = LINE('',#6584,#6585);
#6584 = CARTESIAN_POINT('',(-37.5,-1.301042606983E-13,-2.));
#6585 = VECTOR('',#6586,1.);
#6586 = DIRECTION('',(-3.469446951954E-15,1.,0.));
#6587 = ORIENTED_EDGE('',*,*,#6588,.F.);
#6588 = EDGE_CURVE('',#6589,#6581,#6591,.T.);
#6589 = VERTEX_POINT('',#6590);
#6590 = CARTESIAN_POINT('',(-36.,-15.15,-2.));
#6591 = LINE('',#6592,#6593);
#6592 = CARTESIAN_POINT('',(0.,-15.15,-2.));
#6593 = VECTOR('',#6594,1.);
#6594 = DIRECTION('',(-1.,0.,0.));
#6595 = ORIENTED_EDGE('',*,*,#6596,.F.);
#6596 = EDGE_CURVE('',#6597,#6589,#6599,.T.);
#6597 = VERTEX_POINT('',#6598);
#6598 = CARTESIAN_POINT('',(-36.,-19.15,-2.));
#6599 = LINE('',#6600,#6601);
#6600 = CARTESIAN_POINT('',(-36.,0.,-2.));
#6601 = VECTOR('',#6602,1.);
#6602 = DIRECTION('',(0.,1.,0.));
#6603 = ORIENTED_EDGE('',*,*,#6604,.F.);
#6604 = EDGE_CURVE('',#6605,#6597,#6607,.T.);
#6605 = VERTEX_POINT('',#6606);
#6606 = CARTESIAN_POINT('',(-44.,-19.15,-2.));
#6607 = LINE('',#6608,#6609);
#6608 = CARTESIAN_POINT('',(0.,-19.15,-2.));
#6609 = VECTOR('',#6610,1.);
#6610 = DIRECTION('',(1.,-0.,0.));
#6611 = ORIENTED_EDGE('',*,*,#6612,.F.);
#6612 = EDGE_CURVE('',#6613,#6605,#6615,.T.);
#6613 = VERTEX_POINT('',#6614);
#6614 = CARTESIAN_POINT('',(-44.,-15.15,-2.));
#6615 = LINE('',#6616,#6617);
#6616 = CARTESIAN_POINT('',(-44.,0.,-2.));
#6617 = VECTOR('',#6618,1.);
#6618 = DIRECTION('',(0.,-1.,0.));
#6619 = ORIENTED_EDGE('',*,*,#6620,.F.);
#6620 = EDGE_CURVE('',#6621,#6613,#6623,.T.);
#6621 = VERTEX_POINT('',#6622);
#6622 = CARTESIAN_POINT('',(-42.5,-15.15,-2.));
#6623 = LINE('',#6624,#6625);
#6624 = CARTESIAN_POINT('',(0.,-15.15,-2.));
#6625 = VECTOR('',#6626,1.);
#6626 = DIRECTION('',(-1.,0.,0.));
#6627 = ORIENTED_EDGE('',*,*,#6628,.F.);
#6628 = EDGE_CURVE('',#6629,#6621,#6631,.T.);
#6629 = VERTEX_POINT('',#6630);
#6630 = CARTESIAN_POINT('',(-42.5,-7.15,-2.));
#6631 = LINE('',#6632,#6633);
#6632 = CARTESIAN_POINT('',(-42.5,1.47451495458E-13,-2.));
#6633 = VECTOR('',#6634,1.);
#6634 = DIRECTION('',(-3.469446951954E-15,-1.,0.));
#6635 = ORIENTED_EDGE('',*,*,#6636,.F.);
#6636 = EDGE_CURVE('',#2069,#6629,#6637,.T.);
#6637 = LINE('',#6638,#6639);
#6638 = CARTESIAN_POINT('',(1.127570259385E-15,-7.15,-2.));
#6639 = VECTOR('',#6640,1.);
#6640 = DIRECTION('',(1.,1.577021341797E-16,0.));
#6641 = ORIENTED_EDGE('',*,*,#2068,.F.);
#6642 = ORIENTED_EDGE('',*,*,#6643,.T.);
#6643 = EDGE_CURVE('',#2061,#6644,#6646,.T.);
#6644 = VERTEX_POINT('',#6645);
#6645 = CARTESIAN_POINT('',(-48.,-19.75,-2.));
#6646 = LINE('',#6647,#6648);
#6647 = CARTESIAN_POINT('',(-48.,-7.15,-2.));
#6648 = VECTOR('',#6649,1.);
#6649 = DIRECTION('',(0.,-1.,0.));
#6650 = ORIENTED_EDGE('',*,*,#6651,.F.);
#6651 = EDGE_CURVE('',#6652,#6644,#6654,.T.);
#6652 = VERTEX_POINT('',#6653);
#6653 = CARTESIAN_POINT('',(-72.,-19.75,-2.));
#6654 = LINE('',#6655,#6656);
#6655 = CARTESIAN_POINT('',(0.,-19.75,-2.));
#6656 = VECTOR('',#6657,1.);
#6657 = DIRECTION('',(1.,-0.,-0.));
#6658 = ORIENTED_EDGE('',*,*,#6659,.F.);
#6659 = EDGE_CURVE('',#1933,#6652,#6660,.T.);
#6660 = LINE('',#6661,#6662);
#6661 = CARTESIAN_POINT('',(-72.,0.,-2.));
#6662 = VECTOR('',#6663,1.);
#6663 = DIRECTION('',(0.,-1.,0.));
#6664 = ORIENTED_EDGE('',*,*,#1930,.F.);
#6665 = ORIENTED_EDGE('',*,*,#6666,.F.);
#6666 = EDGE_CURVE('',#6667,#1931,#6669,.T.);
#6667 = VERTEX_POINT('',#6668);
#6668 = CARTESIAN_POINT('',(-77.5,-7.15,-2.));
#6669 = LINE('',#6670,#6671);
#6670 = CARTESIAN_POINT('',(-1.127570259385E-15,-7.15,-2.));
#6671 = VECTOR('',#6672,1.);
#6672 = DIRECTION('',(1.,-1.577021341797E-16,0.));
#6673 = ORIENTED_EDGE('',*,*,#6674,.F.);
#6674 = EDGE_CURVE('',#6675,#6667,#6677,.T.);
#6675 = VERTEX_POINT('',#6676);
#6676 = CARTESIAN_POINT('',(-77.5,-15.15,-2.));
#6677 = LINE('',#6678,#6679);
#6678 = CARTESIAN_POINT('',(-77.5,-2.688821387764E-13,-2.));
#6679 = VECTOR('',#6680,1.);
#6680 = DIRECTION('',(-3.469446951954E-15,1.,0.));
#6681 = ORIENTED_EDGE('',*,*,#6682,.F.);
#6682 = EDGE_CURVE('',#6683,#6675,#6685,.T.);
#6683 = VERTEX_POINT('',#6684);
#6684 = CARTESIAN_POINT('',(-76.,-15.15,-2.));
#6685 = LINE('',#6686,#6687);
#6686 = CARTESIAN_POINT('',(0.,-15.15,-2.));
#6687 = VECTOR('',#6688,1.);
#6688 = DIRECTION('',(-1.,0.,0.));
#6689 = ORIENTED_EDGE('',*,*,#6690,.F.);
#6690 = EDGE_CURVE('',#6691,#6683,#6693,.T.);
#6691 = VERTEX_POINT('',#6692);
#6692 = CARTESIAN_POINT('',(-76.,-19.15,-2.));
#6693 = LINE('',#6694,#6695);
#6694 = CARTESIAN_POINT('',(-76.,0.,-2.));
#6695 = VECTOR('',#6696,1.);
#6696 = DIRECTION('',(0.,1.,0.));
#6697 = ORIENTED_EDGE('',*,*,#6698,.F.);
#6698 = EDGE_CURVE('',#6699,#6691,#6701,.T.);
#6699 = VERTEX_POINT('',#6700);
#6700 = CARTESIAN_POINT('',(-84.,-19.15,-2.));
#6701 = LINE('',#6702,#6703);
#6702 = CARTESIAN_POINT('',(0.,-19.15,-2.));
#6703 = VECTOR('',#6704,1.);
#6704 = DIRECTION('',(1.,-0.,0.));
#6705 = ORIENTED_EDGE('',*,*,#6706,.F.);
#6706 = EDGE_CURVE('',#6707,#6699,#6709,.T.);
#6707 = VERTEX_POINT('',#6708);
#6708 = CARTESIAN_POINT('',(-84.,-15.15,-2.));
#6709 = LINE('',#6710,#6711);
#6710 = CARTESIAN_POINT('',(-84.,0.,-2.));
#6711 = VECTOR('',#6712,1.);
#6712 = DIRECTION('',(0.,-1.,0.));
#6713 = ORIENTED_EDGE('',*,*,#6714,.F.);
#6714 = EDGE_CURVE('',#6715,#6707,#6717,.T.);
#6715 = VERTEX_POINT('',#6716);
#6716 = CARTESIAN_POINT('',(-82.5,-15.15,-2.));
#6717 = LINE('',#6718,#6719);
#6718 = CARTESIAN_POINT('',(0.,-15.15,-2.));
#6719 = VECTOR('',#6720,1.);
#6720 = DIRECTION('',(-1.,0.,0.));
#6721 = ORIENTED_EDGE('',*,*,#6722,.F.);
#6722 = EDGE_CURVE('',#6723,#6715,#6725,.T.);
#6723 = VERTEX_POINT('',#6724);
#6724 = CARTESIAN_POINT('',(-82.5,-7.15,-2.));
#6725 = LINE('',#6726,#6727);
#6726 = CARTESIAN_POINT('',(-82.5,2.862293735362E-13,-2.));
#6727 = VECTOR('',#6728,1.);
#6728 = DIRECTION('',(-3.469446951954E-15,-1.,0.));
#6729 = ORIENTED_EDGE('',*,*,#6730,.F.);
#6730 = EDGE_CURVE('',#1909,#6723,#6731,.T.);
#6731 = LINE('',#6732,#6733);
#6732 = CARTESIAN_POINT('',(1.127570259385E-15,-7.15,-2.));
#6733 = VECTOR('',#6734,1.);
#6734 = DIRECTION('',(1.,1.577021341797E-16,0.));
#6735 = ORIENTED_EDGE('',*,*,#1908,.F.);
#6736 = ORIENTED_EDGE('',*,*,#6737,.T.);
#6737 = EDGE_CURVE('',#1901,#6738,#6740,.T.);
#6738 = VERTEX_POINT('',#6739);
#6739 = CARTESIAN_POINT('',(-88.,-19.75,-2.));
#6740 = LINE('',#6741,#6742);
#6741 = CARTESIAN_POINT('',(-88.,-7.15,-2.));
#6742 = VECTOR('',#6743,1.);
#6743 = DIRECTION('',(0.,-1.,0.));
#6744 = ORIENTED_EDGE('',*,*,#6745,.F.);
#6745 = EDGE_CURVE('',#6746,#6738,#6748,.T.);
#6746 = VERTEX_POINT('',#6747);
#6747 = CARTESIAN_POINT('',(-112.,-19.75,-2.));
#6748 = LINE('',#6749,#6750);
#6749 = CARTESIAN_POINT('',(0.,-19.75,-2.));
#6750 = VECTOR('',#6751,1.);
#6751 = DIRECTION('',(1.,-0.,-0.));
#6752 = ORIENTED_EDGE('',*,*,#6753,.F.);
#6753 = EDGE_CURVE('',#1773,#6746,#6754,.T.);
#6754 = LINE('',#6755,#6756);
#6755 = CARTESIAN_POINT('',(-112.,0.,-2.));
#6756 = VECTOR('',#6757,1.);
#6757 = DIRECTION('',(0.,-1.,0.));
#6758 = ORIENTED_EDGE('',*,*,#1770,.F.);
#6759 = ORIENTED_EDGE('',*,*,#6760,.F.);
#6760 = EDGE_CURVE('',#6761,#1771,#6763,.T.);
#6761 = VERTEX_POINT('',#6762);
#6762 = CARTESIAN_POINT('',(-117.5,-7.15,-2.));
#6763 = LINE('',#6764,#6765);
#6764 = CARTESIAN_POINT('',(-1.127570259385E-15,-7.15,-2.));
#6765 = VECTOR('',#6766,1.);
#6766 = DIRECTION('',(1.,-1.577021341797E-16,0.));
#6767 = ORIENTED_EDGE('',*,*,#6768,.F.);
#6768 = EDGE_CURVE('',#6769,#6761,#6771,.T.);
#6769 = VERTEX_POINT('',#6770);
#6770 = CARTESIAN_POINT('',(-117.5,-15.15,-2.));
#6771 = LINE('',#6772,#6773);
#6772 = CARTESIAN_POINT('',(-117.5,-4.076600168545E-13,-2.));
#6773 = VECTOR('',#6774,1.);
#6774 = DIRECTION('',(-3.469446951954E-15,1.,0.));
#6775 = ORIENTED_EDGE('',*,*,#6776,.F.);
#6776 = EDGE_CURVE('',#6777,#6769,#6779,.T.);
#6777 = VERTEX_POINT('',#6778);
#6778 = CARTESIAN_POINT('',(-116.,-15.15,-2.));
#6779 = LINE('',#6780,#6781);
#6780 = CARTESIAN_POINT('',(0.,-15.15,-2.));
#6781 = VECTOR('',#6782,1.);
#6782 = DIRECTION('',(-1.,0.,0.));
#6783 = ORIENTED_EDGE('',*,*,#6784,.F.);
#6784 = EDGE_CURVE('',#6785,#6777,#6787,.T.);
#6785 = VERTEX_POINT('',#6786);
#6786 = CARTESIAN_POINT('',(-116.,-19.15,-2.));
#6787 = LINE('',#6788,#6789);
#6788 = CARTESIAN_POINT('',(-116.,0.,-2.));
#6789 = VECTOR('',#6790,1.);
#6790 = DIRECTION('',(0.,1.,0.));
#6791 = ORIENTED_EDGE('',*,*,#6792,.F.);
#6792 = EDGE_CURVE('',#6793,#6785,#6795,.T.);
#6793 = VERTEX_POINT('',#6794);
#6794 = CARTESIAN_POINT('',(-124.,-19.15,-2.));
#6795 = LINE('',#6796,#6797);
#6796 = CARTESIAN_POINT('',(0.,-19.15,-2.));
#6797 = VECTOR('',#6798,1.);
#6798 = DIRECTION('',(1.,-0.,0.));
#6799 = ORIENTED_EDGE('',*,*,#6800,.F.);
#6800 = EDGE_CURVE('',#6801,#6793,#6803,.T.);
#6801 = VERTEX_POINT('',#6802);
#6802 = CARTESIAN_POINT('',(-124.,-15.15,-2.));
#6803 = LINE('',#6804,#6805);
#6804 = CARTESIAN_POINT('',(-124.,0.,-2.));
#6805 = VECTOR('',#6806,1.);
#6806 = DIRECTION('',(0.,-1.,0.));
#6807 = ORIENTED_EDGE('',*,*,#6808,.F.);
#6808 = EDGE_CURVE('',#6809,#6801,#6811,.T.);
#6809 = VERTEX_POINT('',#6810);
#6810 = CARTESIAN_POINT('',(-122.5,-15.15,-2.));
#6811 = LINE('',#6812,#6813);
#6812 = CARTESIAN_POINT('',(0.,-15.15,-2.));
#6813 = VECTOR('',#6814,1.);
#6814 = DIRECTION('',(-1.,0.,0.));
#6815 = ORIENTED_EDGE('',*,*,#6816,.F.);
#6816 = EDGE_CURVE('',#6817,#6809,#6819,.T.);
#6817 = VERTEX_POINT('',#6818);
#6818 = CARTESIAN_POINT('',(-122.5,-7.15,-2.));
#6819 = LINE('',#6820,#6821);
#6820 = CARTESIAN_POINT('',(-122.5,4.250072516143E-13,-2.));
#6821 = VECTOR('',#6822,1.);
#6822 = DIRECTION('',(-3.469446951954E-15,-1.,0.));
#6823 = ORIENTED_EDGE('',*,*,#6824,.F.);
#6824 = EDGE_CURVE('',#1749,#6817,#6825,.T.);
#6825 = LINE('',#6826,#6827);
#6826 = CARTESIAN_POINT('',(1.127570259385E-15,-7.15,-2.));
#6827 = VECTOR('',#6828,1.);
#6828 = DIRECTION('',(1.,1.577021341797E-16,0.));
#6829 = ORIENTED_EDGE('',*,*,#1748,.F.);
#6830 = ORIENTED_EDGE('',*,*,#6831,.T.);
#6831 = EDGE_CURVE('',#1741,#6832,#6834,.T.);
#6832 = VERTEX_POINT('',#6833);
#6833 = CARTESIAN_POINT('',(-128.,-19.75,-2.));
#6834 = LINE('',#6835,#6836);
#6835 = CARTESIAN_POINT('',(-128.,-7.15,-2.));
#6836 = VECTOR('',#6837,1.);
#6837 = DIRECTION('',(0.,-1.,0.));
#6838 = ORIENTED_EDGE('',*,*,#6839,.F.);
#6839 = EDGE_CURVE('',#6840,#6832,#6842,.T.);
#6840 = VERTEX_POINT('',#6841);
#6841 = CARTESIAN_POINT('',(-152.,-19.75,-2.));
#6842 = LINE('',#6843,#6844);
#6843 = CARTESIAN_POINT('',(0.,-19.75,-2.));
#6844 = VECTOR('',#6845,1.);
#6845 = DIRECTION('',(1.,-0.,-0.));
#6846 = ORIENTED_EDGE('',*,*,#6847,.F.);
#6847 = EDGE_CURVE('',#1613,#6840,#6848,.T.);
#6848 = LINE('',#6849,#6850);
#6849 = CARTESIAN_POINT('',(-152.,0.,-2.));
#6850 = VECTOR('',#6851,1.);
#6851 = DIRECTION('',(0.,-1.,0.));
#6852 = ORIENTED_EDGE('',*,*,#1610,.F.);
#6853 = ORIENTED_EDGE('',*,*,#6854,.F.);
#6854 = EDGE_CURVE('',#6855,#1611,#6857,.T.);
#6855 = VERTEX_POINT('',#6856);
#6856 = CARTESIAN_POINT('',(-157.5,-7.15,-2.));
#6857 = LINE('',#6858,#6859);
#6858 = CARTESIAN_POINT('',(-1.127570259385E-15,-7.15,-2.));
#6859 = VECTOR('',#6860,1.);
#6860 = DIRECTION('',(1.,-1.577021341797E-16,0.));
#6861 = ORIENTED_EDGE('',*,*,#6862,.F.);
#6862 = EDGE_CURVE('',#6863,#6855,#6865,.T.);
#6863 = VERTEX_POINT('',#6864);
#6864 = CARTESIAN_POINT('',(-157.5,-15.15,-2.));
#6865 = LINE('',#6866,#6867);
#6866 = CARTESIAN_POINT('',(-157.5,-5.464378949327E-13,-2.));
#6867 = VECTOR('',#6868,1.);
#6868 = DIRECTION('',(-3.469446951954E-15,1.,0.));
#6869 = ORIENTED_EDGE('',*,*,#6870,.F.);
#6870 = EDGE_CURVE('',#6871,#6863,#6873,.T.);
#6871 = VERTEX_POINT('',#6872);
#6872 = CARTESIAN_POINT('',(-156.,-15.15,-2.));
#6873 = LINE('',#6874,#6875);
#6874 = CARTESIAN_POINT('',(0.,-15.15,-2.));
#6875 = VECTOR('',#6876,1.);
#6876 = DIRECTION('',(-1.,0.,0.));
#6877 = ORIENTED_EDGE('',*,*,#6878,.F.);
#6878 = EDGE_CURVE('',#6879,#6871,#6881,.T.);
#6879 = VERTEX_POINT('',#6880);
#6880 = CARTESIAN_POINT('',(-156.,-19.15,-2.));
#6881 = LINE('',#6882,#6883);
#6882 = CARTESIAN_POINT('',(-156.,0.,-2.));
#6883 = VECTOR('',#6884,1.);
#6884 = DIRECTION('',(0.,1.,0.));
#6885 = ORIENTED_EDGE('',*,*,#6886,.F.);
#6886 = EDGE_CURVE('',#6887,#6879,#6889,.T.);
#6887 = VERTEX_POINT('',#6888);
#6888 = CARTESIAN_POINT('',(-164.,-19.15,-2.));
#6889 = LINE('',#6890,#6891);
#6890 = CARTESIAN_POINT('',(0.,-19.15,-2.));
#6891 = VECTOR('',#6892,1.);
#6892 = DIRECTION('',(1.,-0.,0.));
#6893 = ORIENTED_EDGE('',*,*,#6894,.F.);
#6894 = EDGE_CURVE('',#6895,#6887,#6897,.T.);
#6895 = VERTEX_POINT('',#6896);
#6896 = CARTESIAN_POINT('',(-164.,-15.15,-2.));
#6897 = LINE('',#6898,#6899);
#6898 = CARTESIAN_POINT('',(-164.,0.,-2.));
#6899 = VECTOR('',#6900,1.);
#6900 = DIRECTION('',(0.,-1.,0.));
#6901 = ORIENTED_EDGE('',*,*,#6902,.F.);
#6902 = EDGE_CURVE('',#6903,#6895,#6905,.T.);
#6903 = VERTEX_POINT('',#6904);
#6904 = CARTESIAN_POINT('',(-162.5,-15.15,-2.));
#6905 = LINE('',#6906,#6907);
#6906 = CARTESIAN_POINT('',(0.,-15.15,-2.));
#6907 = VECTOR('',#6908,1.);
#6908 = DIRECTION('',(-1.,0.,0.));
#6909 = ORIENTED_EDGE('',*,*,#6910,.F.);
#6910 = EDGE_CURVE('',#6911,#6903,#6913,.T.);
#6911 = VERTEX_POINT('',#6912);
#6912 = CARTESIAN_POINT('',(-162.5,-7.15,-2.));
#6913 = LINE('',#6914,#6915);
#6914 = CARTESIAN_POINT('',(-162.5,5.637851296925E-13,-2.));
#6915 = VECTOR('',#6916,1.);
#6916 = DIRECTION('',(-3.469446951954E-15,-1.,0.));
#6917 = ORIENTED_EDGE('',*,*,#6918,.F.);
#6918 = EDGE_CURVE('',#1589,#6911,#6919,.T.);
#6919 = LINE('',#6920,#6921);
#6920 = CARTESIAN_POINT('',(1.127570259385E-15,-7.15,-2.));
#6921 = VECTOR('',#6922,1.);
#6922 = DIRECTION('',(1.,1.577021341797E-16,0.));
#6923 = FACE_BOUND('',#6924,.T.);
#6924 = EDGE_LOOP('',(#6925,#6935,#6943,#6951));
#6925 = ORIENTED_EDGE('',*,*,#6926,.T.);
#6926 = EDGE_CURVE('',#6927,#6929,#6931,.T.);
#6927 = VERTEX_POINT('',#6928);
#6928 = CARTESIAN_POINT('',(-188.,12.75,-2.));
#6929 = VERTEX_POINT('',#6930);
#6930 = CARTESIAN_POINT('',(-188.,-3.25,-2.));
#6931 = LINE('',#6932,#6933);
#6932 = CARTESIAN_POINT('',(-188.,-3.25,-2.));
#6933 = VECTOR('',#6934,1.);
#6934 = DIRECTION('',(-0.,-1.,-0.));
#6935 = ORIENTED_EDGE('',*,*,#6936,.T.);
#6936 = EDGE_CURVE('',#6929,#6937,#6939,.T.);
#6937 = VERTEX_POINT('',#6938);
#6938 = CARTESIAN_POINT('',(-172.,-3.25,-2.));
#6939 = LINE('',#6940,#6941);
#6940 = CARTESIAN_POINT('',(-172.,-3.25,-2.));
#6941 = VECTOR('',#6942,1.);
#6942 = DIRECTION('',(1.,1.084202172486E-16,-0.));
#6943 = ORIENTED_EDGE('',*,*,#6944,.T.);
#6944 = EDGE_CURVE('',#6937,#6945,#6947,.T.);
#6945 = VERTEX_POINT('',#6946);
#6946 = CARTESIAN_POINT('',(-172.,12.75,-2.));
#6947 = LINE('',#6948,#6949);
#6948 = CARTESIAN_POINT('',(-172.,-3.25,-2.));
#6949 = VECTOR('',#6950,1.);
#6950 = DIRECTION('',(0.,1.,0.));
#6951 = ORIENTED_EDGE('',*,*,#6952,.T.);
#6952 = EDGE_CURVE('',#6945,#6927,#6953,.T.);
#6953 = LINE('',#6954,#6955);
#6954 = CARTESIAN_POINT('',(-172.,12.75,-2.));
#6955 = VECTOR('',#6956,1.);
#6956 = DIRECTION('',(-1.,-2.168404344971E-16,0.));
#6957 = FACE_BOUND('',#6958,.T.);
#6958 = EDGE_LOOP('',(#6959,#6970));
#6959 = ORIENTED_EDGE('',*,*,#6960,.F.);
#6960 = EDGE_CURVE('',#6961,#6963,#6965,.T.);
#6961 = VERTEX_POINT('',#6962);
#6962 = CARTESIAN_POINT('',(-182.2,-12.75,-2.));
#6963 = VERTEX_POINT('',#6964);
#6964 = CARTESIAN_POINT('',(-177.8,-12.75,-2.));
#6965 = CIRCLE('',#6966,2.2);
#6966 = AXIS2_PLACEMENT_3D('',#6967,#6968,#6969);
#6967 = CARTESIAN_POINT('',(-180.,-12.75,-2.));
#6968 = DIRECTION('',(0.,0.,-1.));
#6969 = DIRECTION('',(-1.,0.,0.));
#6970 = ORIENTED_EDGE('',*,*,#6971,.F.);
#6971 = EDGE_CURVE('',#6963,#6961,#6972,.T.);
#6972 = CIRCLE('',#6973,2.2);
#6973 = AXIS2_PLACEMENT_3D('',#6974,#6975,#6976);
#6974 = CARTESIAN_POINT('',(-180.,-12.75,-2.));
#6975 = DIRECTION('',(0.,0.,-1.));
#6976 = DIRECTION('',(-1.,0.,0.));
#6977 = FACE_BOUND('',#6978,.T.);
#6978 = EDGE_LOOP('',(#6979,#6989,#6997,#7005));
#6979 = ORIENTED_EDGE('',*,*,#6980,.T.);
#6980 = EDGE_CURVE('',#6981,#6983,#6985,.T.);
#6981 = VERTEX_POINT('',#6982);
#6982 = CARTESIAN_POINT('',(-208.,12.75,-2.));
#6983 = VERTEX_POINT('',#6984);
#6984 = CARTESIAN_POINT('',(-208.,-3.25,-2.));
#6985 = LINE('',#6986,#6987);
#6986 = CARTESIAN_POINT('',(-208.,-3.25,-2.));
#6987 = VECTOR('',#6988,1.);
#6988 = DIRECTION('',(-0.,-1.,-0.));
#6989 = ORIENTED_EDGE('',*,*,#6990,.T.);
#6990 = EDGE_CURVE('',#6983,#6991,#6993,.T.);
#6991 = VERTEX_POINT('',#6992);
#6992 = CARTESIAN_POINT('',(-192.,-3.25,-2.));
#6993 = LINE('',#6994,#6995);
#6994 = CARTESIAN_POINT('',(-192.,-3.25,-2.));
#6995 = VECTOR('',#6996,1.);
#6996 = DIRECTION('',(1.,1.084202172486E-16,-0.));
#6997 = ORIENTED_EDGE('',*,*,#6998,.T.);
#6998 = EDGE_CURVE('',#6991,#6999,#7001,.T.);
#6999 = VERTEX_POINT('',#7000);
#7000 = CARTESIAN_POINT('',(-192.,12.75,-2.));
#7001 = LINE('',#7002,#7003);
#7002 = CARTESIAN_POINT('',(-192.,-3.25,-2.));
#7003 = VECTOR('',#7004,1.);
#7004 = DIRECTION('',(0.,1.,0.));
#7005 = ORIENTED_EDGE('',*,*,#7006,.T.);
#7006 = EDGE_CURVE('',#6999,#6981,#7007,.T.);
#7007 = LINE('',#7008,#7009);
#7008 = CARTESIAN_POINT('',(-192.,12.75,-2.));
#7009 = VECTOR('',#7010,1.);
#7010 = DIRECTION('',(-1.,-2.168404344971E-16,0.));
#7011 = FACE_BOUND('',#7012,.T.);
#7012 = EDGE_LOOP('',(#7013,#7014,#7015,#7016));
#7013 = ORIENTED_EDGE('',*,*,#5471,.T.);
#7014 = ORIENTED_EDGE('',*,*,#5380,.T.);
#7015 = ORIENTED_EDGE('',*,*,#5418,.T.);
#7016 = ORIENTED_EDGE('',*,*,#5449,.T.);
#7017 = FACE_BOUND('',#7018,.T.);
#7018 = EDGE_LOOP('',(#7019,#7020,#7021,#7022));
#7019 = ORIENTED_EDGE('',*,*,#5347,.T.);
#7020 = ORIENTED_EDGE('',*,*,#5256,.T.);
#7021 = ORIENTED_EDGE('',*,*,#5294,.T.);
#7022 = ORIENTED_EDGE('',*,*,#5325,.T.);
#7023 = FACE_BOUND('',#7024,.T.);
#7024 = EDGE_LOOP('',(#7025,#7026,#7027,#7028));
#7025 = ORIENTED_EDGE('',*,*,#5223,.T.);
#7026 = ORIENTED_EDGE('',*,*,#5132,.T.);
#7027 = ORIENTED_EDGE('',*,*,#5170,.T.);
#7028 = ORIENTED_EDGE('',*,*,#5201,.T.);
#7029 = FACE_BOUND('',#7030,.T.);
#7030 = EDGE_LOOP('',(#7031,#7032,#7033,#7034));
#7031 = ORIENTED_EDGE('',*,*,#5099,.T.);
#7032 = ORIENTED_EDGE('',*,*,#5008,.T.);
#7033 = ORIENTED_EDGE('',*,*,#5046,.T.);
#7034 = ORIENTED_EDGE('',*,*,#5077,.T.);
#7035 = FACE_BOUND('',#7036,.T.);
#7036 = EDGE_LOOP('',(#7037,#7038,#7039,#7040));
#7037 = ORIENTED_EDGE('',*,*,#4975,.T.);
#7038 = ORIENTED_EDGE('',*,*,#4884,.T.);
#7039 = ORIENTED_EDGE('',*,*,#4922,.T.);
#7040 = ORIENTED_EDGE('',*,*,#4953,.T.);
#7041 = FACE_BOUND('',#7042,.T.);
#7042 = EDGE_LOOP('',(#7043,#7044,#7045,#7046));
#7043 = ORIENTED_EDGE('',*,*,#4851,.T.);
#7044 = ORIENTED_EDGE('',*,*,#4760,.T.);
#7045 = ORIENTED_EDGE('',*,*,#4798,.T.);
#7046 = ORIENTED_EDGE('',*,*,#4829,.T.);
#7047 = FACE_BOUND('',#7048,.T.);
#7048 = EDGE_LOOP('',(#7049,#7050,#7051,#7052));
#7049 = ORIENTED_EDGE('',*,*,#4727,.T.);
#7050 = ORIENTED_EDGE('',*,*,#4636,.T.);
#7051 = ORIENTED_EDGE('',*,*,#4674,.T.);
#7052 = ORIENTED_EDGE('',*,*,#4705,.T.);
#7053 = FACE_BOUND('',#7054,.T.);
#7054 = EDGE_LOOP('',(#7055,#7056,#7057,#7058));
#7055 = ORIENTED_EDGE('',*,*,#4603,.T.);
#7056 = ORIENTED_EDGE('',*,*,#4512,.T.);
#7057 = ORIENTED_EDGE('',*,*,#4550,.T.);
#7058 = ORIENTED_EDGE('',*,*,#4581,.T.);
#7059 = FACE_BOUND('',#7060,.T.);
#7060 = EDGE_LOOP('',(#7061,#7062,#7063,#7064));
#7061 = ORIENTED_EDGE('',*,*,#4479,.T.);
#7062 = ORIENTED_EDGE('',*,*,#4388,.T.);
#7063 = ORIENTED_EDGE('',*,*,#4426,.T.);
#7064 = ORIENTED_EDGE('',*,*,#4457,.T.);
#7065 = FACE_BOUND('',#7066,.T.);
#7066 = EDGE_LOOP('',(#7067,#7068,#7069,#7070));
#7067 = ORIENTED_EDGE('',*,*,#4355,.T.);
#7068 = ORIENTED_EDGE('',*,*,#4264,.T.);
#7069 = ORIENTED_EDGE('',*,*,#4302,.T.);
#7070 = ORIENTED_EDGE('',*,*,#4333,.T.);
#7071 = FACE_BOUND('',#7072,.T.);
#7072 = EDGE_LOOP('',(#7073,#7074,#7075,#7076));
#7073 = ORIENTED_EDGE('',*,*,#4231,.T.);
#7074 = ORIENTED_EDGE('',*,*,#4140,.T.);
#7075 = ORIENTED_EDGE('',*,*,#4178,.T.);
#7076 = ORIENTED_EDGE('',*,*,#4209,.T.);
#7077 = FACE_BOUND('',#7078,.T.);
#7078 = EDGE_LOOP('',(#7079,#7080,#7081,#7082));
#7079 = ORIENTED_EDGE('',*,*,#4107,.T.);
#7080 = ORIENTED_EDGE('',*,*,#4016,.T.);
#7081 = ORIENTED_EDGE('',*,*,#4054,.T.);
#7082 = ORIENTED_EDGE('',*,*,#4085,.T.);
#7083 = FACE_BOUND('',#7084,.T.);
#7084 = EDGE_LOOP('',(#7085,#7086,#7087,#7088));
#7085 = ORIENTED_EDGE('',*,*,#3983,.T.);
#7086 = ORIENTED_EDGE('',*,*,#3892,.T.);
#7087 = ORIENTED_EDGE('',*,*,#3930,.T.);
#7088 = ORIENTED_EDGE('',*,*,#3961,.T.);
#7089 = FACE_BOUND('',#7090,.T.);
#7090 = EDGE_LOOP('',(#7091,#7092,#7093,#7094));
#7091 = ORIENTED_EDGE('',*,*,#3859,.T.);
#7092 = ORIENTED_EDGE('',*,*,#3768,.T.);
#7093 = ORIENTED_EDGE('',*,*,#3806,.T.);
#7094 = ORIENTED_EDGE('',*,*,#3837,.T.);
#7095 = FACE_BOUND('',#7096,.T.);
#7096 = EDGE_LOOP('',(#7097,#7098,#7099,#7100));
#7097 = ORIENTED_EDGE('',*,*,#3735,.T.);
#7098 = ORIENTED_EDGE('',*,*,#3644,.T.);
#7099 = ORIENTED_EDGE('',*,*,#3682,.T.);
#7100 = ORIENTED_EDGE('',*,*,#3713,.T.);
#7101 = FACE_BOUND('',#7102,.T.);
#7102 = EDGE_LOOP('',(#7103,#7104,#7105,#7106));
#7103 = ORIENTED_EDGE('',*,*,#3611,.T.);
#7104 = ORIENTED_EDGE('',*,*,#3520,.T.);
#7105 = ORIENTED_EDGE('',*,*,#3558,.T.);
#7106 = ORIENTED_EDGE('',*,*,#3589,.T.);
#7107 = FACE_BOUND('',#7108,.T.);
#7108 = EDGE_LOOP('',(#7109,#7110,#7111,#7112));
#7109 = ORIENTED_EDGE('',*,*,#3487,.T.);
#7110 = ORIENTED_EDGE('',*,*,#3396,.T.);
#7111 = ORIENTED_EDGE('',*,*,#3434,.T.);
#7112 = ORIENTED_EDGE('',*,*,#3465,.T.);
#7113 = FACE_BOUND('',#7114,.T.);
#7114 = EDGE_LOOP('',(#7115,#7116,#7117,#7118));
#7115 = ORIENTED_EDGE('',*,*,#3363,.T.);
#7116 = ORIENTED_EDGE('',*,*,#3272,.T.);
#7117 = ORIENTED_EDGE('',*,*,#3310,.T.);
#7118 = ORIENTED_EDGE('',*,*,#3341,.T.);
#7119 = FACE_BOUND('',#7120,.T.);
#7120 = EDGE_LOOP('',(#7121,#7122,#7123,#7124));
#7121 = ORIENTED_EDGE('',*,*,#3239,.T.);
#7122 = ORIENTED_EDGE('',*,*,#3148,.T.);
#7123 = ORIENTED_EDGE('',*,*,#3186,.T.);
#7124 = ORIENTED_EDGE('',*,*,#3217,.T.);
#7125 = PLANE('',#7126);
#7126 = AXIS2_PLACEMENT_3D('',#7127,#7128,#7129);
#7127 = CARTESIAN_POINT('',(0.,0.,-2.));
#7128 = DIRECTION('',(0.,0.,-1.));
#7129 = DIRECTION('',(-1.,0.,-0.));
#7130 = ADVANCED_FACE('',(#7131,#7142,#7153,#7164,#7175,#7186,#7197,
    #7208,#7219,#7230,#7264,#7275,#7309,#8409,#8415,#8421,#8427,#8433,
    #8439,#8445,#8451,#8457,#8463,#8469,#8475,#8481,#8487,#8493,#8499,
    #8505,#8511,#8517),#8523,.F.);
#7131 = FACE_BOUND('',#7132,.T.);
#7132 = EDGE_LOOP('',(#7133));
#7133 = ORIENTED_EDGE('',*,*,#7134,.F.);
#7134 = EDGE_CURVE('',#7135,#7135,#7137,.T.);
#7135 = VERTEX_POINT('',#7136);
#7136 = CARTESIAN_POINT('',(-137.8,-12.75,3.089233587356E-15));
#7137 = CIRCLE('',#7138,2.2);
#7138 = AXIS2_PLACEMENT_3D('',#7139,#7140,#7141);
#7139 = CARTESIAN_POINT('',(-140.,-12.75,3.089233587356E-15));
#7140 = DIRECTION('',(0.,0.,1.));
#7141 = DIRECTION('',(1.,0.,-0.));
#7142 = FACE_BOUND('',#7143,.T.);
#7143 = EDGE_LOOP('',(#7144));
#7144 = ORIENTED_EDGE('',*,*,#7145,.F.);
#7145 = EDGE_CURVE('',#7146,#7146,#7148,.T.);
#7146 = VERTEX_POINT('',#7147);
#7147 = CARTESIAN_POINT('',(-97.8,-12.75,6.178467174712E-15));
#7148 = CIRCLE('',#7149,2.2);
#7149 = AXIS2_PLACEMENT_3D('',#7150,#7151,#7152);
#7150 = CARTESIAN_POINT('',(-100.,-12.75,6.178467174712E-15));
#7151 = DIRECTION('',(0.,0.,1.));
#7152 = DIRECTION('',(1.,0.,-0.));
#7153 = FACE_BOUND('',#7154,.T.);
#7154 = EDGE_LOOP('',(#7155));
#7155 = ORIENTED_EDGE('',*,*,#7156,.F.);
#7156 = EDGE_CURVE('',#7157,#7157,#7159,.T.);
#7157 = VERTEX_POINT('',#7158);
#7158 = CARTESIAN_POINT('',(-57.8,-12.75,9.267700762068E-15));
#7159 = CIRCLE('',#7160,2.2);
#7160 = AXIS2_PLACEMENT_3D('',#7161,#7162,#7163);
#7161 = CARTESIAN_POINT('',(-60.,-12.75,9.267700762068E-15));
#7162 = DIRECTION('',(0.,0.,1.));
#7163 = DIRECTION('',(1.,0.,-0.));
#7164 = FACE_BOUND('',#7165,.T.);
#7165 = EDGE_LOOP('',(#7166));
#7166 = ORIENTED_EDGE('',*,*,#7167,.F.);
#7167 = EDGE_CURVE('',#7168,#7168,#7170,.T.);
#7168 = VERTEX_POINT('',#7169);
#7169 = CARTESIAN_POINT('',(-17.8,-12.75,1.235693434942E-14));
#7170 = CIRCLE('',#7171,2.2);
#7171 = AXIS2_PLACEMENT_3D('',#7172,#7173,#7174);
#7172 = CARTESIAN_POINT('',(-20.,-12.75,1.235693434942E-14));
#7173 = DIRECTION('',(0.,0.,1.));
#7174 = DIRECTION('',(1.,0.,-0.));
#7175 = FACE_BOUND('',#7176,.T.);
#7176 = EDGE_LOOP('',(#7177));
#7177 = ORIENTED_EDGE('',*,*,#7178,.F.);
#7178 = EDGE_CURVE('',#7179,#7179,#7181,.T.);
#7179 = VERTEX_POINT('',#7180);
#7180 = CARTESIAN_POINT('',(22.2,-12.75,1.544616793678E-14));
#7181 = CIRCLE('',#7182,2.2);
#7182 = AXIS2_PLACEMENT_3D('',#7183,#7184,#7185);
#7183 = CARTESIAN_POINT('',(20.,-12.75,1.544616793678E-14));
#7184 = DIRECTION('',(0.,0.,1.));
#7185 = DIRECTION('',(1.,0.,-0.));
#7186 = FACE_BOUND('',#7187,.T.);
#7187 = EDGE_LOOP('',(#7188));
#7188 = ORIENTED_EDGE('',*,*,#7189,.F.);
#7189 = EDGE_CURVE('',#7190,#7190,#7192,.T.);
#7190 = VERTEX_POINT('',#7191);
#7191 = CARTESIAN_POINT('',(62.2,-12.75,1.853540152414E-14));
#7192 = CIRCLE('',#7193,2.2);
#7193 = AXIS2_PLACEMENT_3D('',#7194,#7195,#7196);
#7194 = CARTESIAN_POINT('',(60.,-12.75,1.853540152414E-14));
#7195 = DIRECTION('',(0.,0.,1.));
#7196 = DIRECTION('',(1.,0.,-0.));
#7197 = FACE_BOUND('',#7198,.T.);
#7198 = EDGE_LOOP('',(#7199));
#7199 = ORIENTED_EDGE('',*,*,#7200,.F.);
#7200 = EDGE_CURVE('',#7201,#7201,#7203,.T.);
#7201 = VERTEX_POINT('',#7202);
#7202 = CARTESIAN_POINT('',(102.2,-12.75,2.162463511149E-14));
#7203 = CIRCLE('',#7204,2.2);
#7204 = AXIS2_PLACEMENT_3D('',#7205,#7206,#7207);
#7205 = CARTESIAN_POINT('',(100.,-12.75,2.162463511149E-14));
#7206 = DIRECTION('',(0.,0.,1.));
#7207 = DIRECTION('',(1.,0.,-0.));
#7208 = FACE_BOUND('',#7209,.T.);
#7209 = EDGE_LOOP('',(#7210));
#7210 = ORIENTED_EDGE('',*,*,#7211,.F.);
#7211 = EDGE_CURVE('',#7212,#7212,#7214,.T.);
#7212 = VERTEX_POINT('',#7213);
#7213 = CARTESIAN_POINT('',(142.2,-12.75,2.471386869885E-14));
#7214 = CIRCLE('',#7215,2.2);
#7215 = AXIS2_PLACEMENT_3D('',#7216,#7217,#7218);
#7216 = CARTESIAN_POINT('',(140.,-12.75,2.471386869885E-14));
#7217 = DIRECTION('',(0.,0.,1.));
#7218 = DIRECTION('',(1.,0.,-0.));
#7219 = FACE_BOUND('',#7220,.T.);
#7220 = EDGE_LOOP('',(#7221));
#7221 = ORIENTED_EDGE('',*,*,#7222,.F.);
#7222 = EDGE_CURVE('',#7223,#7223,#7225,.T.);
#7223 = VERTEX_POINT('',#7224);
#7224 = CARTESIAN_POINT('',(182.2,-12.75,2.78031022862E-14));
#7225 = CIRCLE('',#7226,2.2);
#7226 = AXIS2_PLACEMENT_3D('',#7227,#7228,#7229);
#7227 = CARTESIAN_POINT('',(180.,-12.75,2.78031022862E-14));
#7228 = DIRECTION('',(0.,0.,1.));
#7229 = DIRECTION('',(1.,0.,-0.));
#7230 = FACE_BOUND('',#7231,.T.);
#7231 = EDGE_LOOP('',(#7232,#7242,#7250,#7258));
#7232 = ORIENTED_EDGE('',*,*,#7233,.F.);
#7233 = EDGE_CURVE('',#7234,#7236,#7238,.T.);
#7234 = VERTEX_POINT('',#7235);
#7235 = CARTESIAN_POINT('',(-188.,-3.25,0.));
#7236 = VERTEX_POINT('',#7237);
#7237 = CARTESIAN_POINT('',(-172.,-3.25,4.167040378236E-16));
#7238 = LINE('',#7239,#7240);
#7239 = CARTESIAN_POINT('',(-172.,-3.25,4.167040378236E-16));
#7240 = VECTOR('',#7241,1.);
#7241 = DIRECTION('',(1.,1.084202172486E-16,-0.));
#7242 = ORIENTED_EDGE('',*,*,#7243,.F.);
#7243 = EDGE_CURVE('',#7244,#7234,#7246,.T.);
#7244 = VERTEX_POINT('',#7245);
#7245 = CARTESIAN_POINT('',(-188.,12.75,4.167040378236E-16));
#7246 = LINE('',#7247,#7248);
#7247 = CARTESIAN_POINT('',(-188.,-3.25,4.167040378236E-16));
#7248 = VECTOR('',#7249,1.);
#7249 = DIRECTION('',(-0.,-1.,-0.));
#7250 = ORIENTED_EDGE('',*,*,#7251,.F.);
#7251 = EDGE_CURVE('',#7252,#7244,#7254,.T.);
#7252 = VERTEX_POINT('',#7253);
#7253 = CARTESIAN_POINT('',(-172.,12.75,4.167040378236E-16));
#7254 = LINE('',#7255,#7256);
#7255 = CARTESIAN_POINT('',(-172.,12.75,4.167040378236E-16));
#7256 = VECTOR('',#7257,1.);
#7257 = DIRECTION('',(-1.,-2.168404344971E-16,0.));
#7258 = ORIENTED_EDGE('',*,*,#7259,.F.);
#7259 = EDGE_CURVE('',#7236,#7252,#7260,.T.);
#7260 = LINE('',#7261,#7262);
#7261 = CARTESIAN_POINT('',(-172.,-3.25,4.167040378236E-16));
#7262 = VECTOR('',#7263,1.);
#7263 = DIRECTION('',(0.,1.,0.));
#7264 = FACE_BOUND('',#7265,.T.);
#7265 = EDGE_LOOP('',(#7266));
#7266 = ORIENTED_EDGE('',*,*,#7267,.F.);
#7267 = EDGE_CURVE('',#7268,#7268,#7270,.T.);
#7268 = VERTEX_POINT('',#7269);
#7269 = CARTESIAN_POINT('',(-177.8,-12.75,0.));
#7270 = CIRCLE('',#7271,2.2);
#7271 = AXIS2_PLACEMENT_3D('',#7272,#7273,#7274);
#7272 = CARTESIAN_POINT('',(-180.,-12.75,0.));
#7273 = DIRECTION('',(0.,0.,1.));
#7274 = DIRECTION('',(1.,0.,-0.));
#7275 = FACE_BOUND('',#7276,.T.);
#7276 = EDGE_LOOP('',(#7277,#7287,#7295,#7303));
#7277 = ORIENTED_EDGE('',*,*,#7278,.F.);
#7278 = EDGE_CURVE('',#7279,#7281,#7283,.T.);
#7279 = VERTEX_POINT('',#7280);
#7280 = CARTESIAN_POINT('',(-208.,-3.25,0.));
#7281 = VERTEX_POINT('',#7282);
#7282 = CARTESIAN_POINT('',(-192.,-3.25,0.));
#7283 = LINE('',#7284,#7285);
#7284 = CARTESIAN_POINT('',(-192.,-3.25,0.));
#7285 = VECTOR('',#7286,1.);
#7286 = DIRECTION('',(1.,1.084202172486E-16,-0.));
#7287 = ORIENTED_EDGE('',*,*,#7288,.F.);
#7288 = EDGE_CURVE('',#7289,#7279,#7291,.T.);
#7289 = VERTEX_POINT('',#7290);
#7290 = CARTESIAN_POINT('',(-208.,12.75,0.));
#7291 = LINE('',#7292,#7293);
#7292 = CARTESIAN_POINT('',(-208.,-3.25,0.));
#7293 = VECTOR('',#7294,1.);
#7294 = DIRECTION('',(-0.,-1.,-0.));
#7295 = ORIENTED_EDGE('',*,*,#7296,.F.);
#7296 = EDGE_CURVE('',#7297,#7289,#7299,.T.);
#7297 = VERTEX_POINT('',#7298);
#7298 = CARTESIAN_POINT('',(-192.,12.75,0.));
#7299 = LINE('',#7300,#7301);
#7300 = CARTESIAN_POINT('',(-192.,12.75,0.));
#7301 = VECTOR('',#7302,1.);
#7302 = DIRECTION('',(-1.,-2.168404344971E-16,0.));
#7303 = ORIENTED_EDGE('',*,*,#7304,.F.);
#7304 = EDGE_CURVE('',#7281,#7297,#7305,.T.);
#7305 = LINE('',#7306,#7307);
#7306 = CARTESIAN_POINT('',(-192.,-3.25,0.));
#7307 = VECTOR('',#7308,1.);
#7308 = DIRECTION('',(0.,1.,0.));
#7309 = FACE_BOUND('',#7310,.T.);
#7310 = EDGE_LOOP('',(#7311,#7312,#7320,#7328,#7334,#7335,#7343,#7351,
    #7359,#7367,#7375,#7383,#7391,#7399,#7405,#7406,#7414,#7422,#7428,
    #7429,#7437,#7445,#7453,#7461,#7469,#7477,#7485,#7493,#7499,#7500,
    #7508,#7516,#7522,#7523,#7531,#7539,#7547,#7555,#7563,#7571,#7579,
    #7587,#7593,#7594,#7602,#7610,#7616,#7617,#7625,#7633,#7641,#7649,
    #7657,#7665,#7673,#7681,#7687,#7688,#7696,#7704,#7710,#7711,#7719,
    #7727,#7735,#7743,#7751,#7759,#7767,#7775,#7781,#7782,#7790,#7798,
    #7804,#7805,#7813,#7821,#7829,#7837,#7845,#7853,#7861,#7869,#7875,
    #7876,#7884,#7892,#7898,#7899,#7907,#7915,#7923,#7931,#7939,#7947,
    #7955,#7963,#7969,#7970,#7978,#7986,#7992,#7993,#8001,#8009,#8017,
    #8025,#8033,#8041,#8049,#8057,#8063,#8064,#8072,#8080,#8086,#8087,
    #8095,#8103,#8111,#8119,#8127,#8135,#8143,#8151,#8157,#8158,#8166,
    #8174,#8180,#8181,#8189,#8197,#8205,#8213,#8221,#8229,#8237,#8245,
    #8251,#8252,#8260,#8268,#8276,#8284,#8292,#8300,#8308,#8316,#8324,
    #8332,#8338,#8339,#8347,#8355,#8363,#8371,#8379,#8387,#8395,#8403));
#7311 = ORIENTED_EDGE('',*,*,#5584,.F.);
#7312 = ORIENTED_EDGE('',*,*,#7313,.T.);
#7313 = EDGE_CURVE('',#5577,#7314,#7316,.T.);
#7314 = VERTEX_POINT('',#7315);
#7315 = CARTESIAN_POINT('',(-192.,-21.75,0.));
#7316 = LINE('',#7317,#7318);
#7317 = CARTESIAN_POINT('',(-192.,-7.15,0.));
#7318 = VECTOR('',#7319,1.);
#7319 = DIRECTION('',(0.,-1.,-0.));
#7320 = ORIENTED_EDGE('',*,*,#7321,.T.);
#7321 = EDGE_CURVE('',#7314,#7322,#7324,.T.);
#7322 = VERTEX_POINT('',#7323);
#7323 = CARTESIAN_POINT('',(-168.,-21.75,8.23993651089E-14));
#7324 = LINE('',#7325,#7326);
#7325 = CARTESIAN_POINT('',(0.,-21.75,8.244343388268E-14));
#7326 = VECTOR('',#7327,1.);
#7327 = DIRECTION('',(1.,0.,0.));
#7328 = ORIENTED_EDGE('',*,*,#7329,.F.);
#7329 = EDGE_CURVE('',#1573,#7322,#7330,.T.);
#7330 = LINE('',#7331,#7332);
#7331 = CARTESIAN_POINT('',(-168.,0.,0.));
#7332 = VECTOR('',#7333,1.);
#7333 = DIRECTION('',(-0.,-1.,-0.));
#7334 = ORIENTED_EDGE('',*,*,#1570,.F.);
#7335 = ORIENTED_EDGE('',*,*,#7336,.F.);
#7336 = EDGE_CURVE('',#7337,#1571,#7339,.T.);
#7337 = VERTEX_POINT('',#7338);
#7338 = CARTESIAN_POINT('',(-162.5,-7.15,0.));
#7339 = LINE('',#7340,#7341);
#7340 = CARTESIAN_POINT('',(-162.5,-7.15,0.));
#7341 = VECTOR('',#7342,1.);
#7342 = DIRECTION('',(-1.,-1.577021341797E-16,0.));
#7343 = ORIENTED_EDGE('',*,*,#7344,.F.);
#7344 = EDGE_CURVE('',#7345,#7337,#7347,.T.);
#7345 = VERTEX_POINT('',#7346);
#7346 = CARTESIAN_POINT('',(-162.5,-15.15,0.));
#7347 = LINE('',#7348,#7349);
#7348 = CARTESIAN_POINT('',(-162.5,-7.15,0.));
#7349 = VECTOR('',#7350,1.);
#7350 = DIRECTION('',(3.469446951954E-15,1.,-0.));
#7351 = ORIENTED_EDGE('',*,*,#7352,.F.);
#7352 = EDGE_CURVE('',#7353,#7345,#7355,.T.);
#7353 = VERTEX_POINT('',#7354);
#7354 = CARTESIAN_POINT('',(-164.,-15.15,0.));
#7355 = LINE('',#7356,#7357);
#7356 = CARTESIAN_POINT('',(-162.5,-15.15,0.));
#7357 = VECTOR('',#7358,1.);
#7358 = DIRECTION('',(1.,-0.,-0.));
#7359 = ORIENTED_EDGE('',*,*,#7360,.F.);
#7360 = EDGE_CURVE('',#7361,#7353,#7363,.T.);
#7361 = VERTEX_POINT('',#7362);
#7362 = CARTESIAN_POINT('',(-164.,-19.15,0.));
#7363 = LINE('',#7364,#7365);
#7364 = CARTESIAN_POINT('',(-164.,-15.15,0.));
#7365 = VECTOR('',#7366,1.);
#7366 = DIRECTION('',(-0.,1.,-0.));
#7367 = ORIENTED_EDGE('',*,*,#7368,.F.);
#7368 = EDGE_CURVE('',#7369,#7361,#7371,.T.);
#7369 = VERTEX_POINT('',#7370);
#7370 = CARTESIAN_POINT('',(-156.,-19.15,0.));
#7371 = LINE('',#7372,#7373);
#7372 = CARTESIAN_POINT('',(-156.,-19.15,0.));
#7373 = VECTOR('',#7374,1.);
#7374 = DIRECTION('',(-1.,0.,0.));
#7375 = ORIENTED_EDGE('',*,*,#7376,.F.);
#7376 = EDGE_CURVE('',#7377,#7369,#7379,.T.);
#7377 = VERTEX_POINT('',#7378);
#7378 = CARTESIAN_POINT('',(-156.,-15.15,0.));
#7379 = LINE('',#7380,#7381);
#7380 = CARTESIAN_POINT('',(-156.,-15.15,0.));
#7381 = VECTOR('',#7382,1.);
#7382 = DIRECTION('',(0.,-1.,0.));
#7383 = ORIENTED_EDGE('',*,*,#7384,.F.);
#7384 = EDGE_CURVE('',#7385,#7377,#7387,.T.);
#7385 = VERTEX_POINT('',#7386);
#7386 = CARTESIAN_POINT('',(-157.5,-15.15,0.));
#7387 = LINE('',#7388,#7389);
#7388 = CARTESIAN_POINT('',(-157.5,-15.15,0.));
#7389 = VECTOR('',#7390,1.);
#7390 = DIRECTION('',(1.,0.,0.));
#7391 = ORIENTED_EDGE('',*,*,#7392,.F.);
#7392 = EDGE_CURVE('',#7393,#7385,#7395,.T.);
#7393 = VERTEX_POINT('',#7394);
#7394 = CARTESIAN_POINT('',(-157.5,-7.15,0.));
#7395 = LINE('',#7396,#7397);
#7396 = CARTESIAN_POINT('',(-157.5,-7.15,0.));
#7397 = VECTOR('',#7398,1.);
#7398 = DIRECTION('',(3.469446951954E-15,-1.,0.));
#7399 = ORIENTED_EDGE('',*,*,#7400,.F.);
#7400 = EDGE_CURVE('',#1629,#7393,#7401,.T.);
#7401 = LINE('',#7402,#7403);
#7402 = CARTESIAN_POINT('',(-152.,-7.15,0.));
#7403 = VECTOR('',#7404,1.);
#7404 = DIRECTION('',(-1.,1.577021341797E-16,0.));
#7405 = ORIENTED_EDGE('',*,*,#1628,.F.);
#7406 = ORIENTED_EDGE('',*,*,#7407,.T.);
#7407 = EDGE_CURVE('',#1621,#7408,#7410,.T.);
#7408 = VERTEX_POINT('',#7409);
#7409 = CARTESIAN_POINT('',(-152.,-21.75,0.));
#7410 = LINE('',#7411,#7412);
#7411 = CARTESIAN_POINT('',(-152.,-7.15,0.));
#7412 = VECTOR('',#7413,1.);
#7413 = DIRECTION('',(0.,-1.,-0.));
#7414 = ORIENTED_EDGE('',*,*,#7415,.F.);
#7415 = EDGE_CURVE('',#7416,#7408,#7418,.T.);
#7416 = VERTEX_POINT('',#7417);
#7417 = CARTESIAN_POINT('',(-128.,-21.75,0.));
#7418 = LINE('',#7419,#7420);
#7419 = CARTESIAN_POINT('',(0.,-21.75,-0.));
#7420 = VECTOR('',#7421,1.);
#7421 = DIRECTION('',(-1.,0.,0.));
#7422 = ORIENTED_EDGE('',*,*,#7423,.F.);
#7423 = EDGE_CURVE('',#1733,#7416,#7424,.T.);
#7424 = LINE('',#7425,#7426);
#7425 = CARTESIAN_POINT('',(-128.,0.,0.));
#7426 = VECTOR('',#7427,1.);
#7427 = DIRECTION('',(-0.,-1.,-0.));
#7428 = ORIENTED_EDGE('',*,*,#1730,.F.);
#7429 = ORIENTED_EDGE('',*,*,#7430,.F.);
#7430 = EDGE_CURVE('',#7431,#1731,#7433,.T.);
#7431 = VERTEX_POINT('',#7432);
#7432 = CARTESIAN_POINT('',(-122.5,-7.15,0.));
#7433 = LINE('',#7434,#7435);
#7434 = CARTESIAN_POINT('',(-122.5,-7.15,0.));
#7435 = VECTOR('',#7436,1.);
#7436 = DIRECTION('',(-1.,-1.577021341797E-16,0.));
#7437 = ORIENTED_EDGE('',*,*,#7438,.F.);
#7438 = EDGE_CURVE('',#7439,#7431,#7441,.T.);
#7439 = VERTEX_POINT('',#7440);
#7440 = CARTESIAN_POINT('',(-122.5,-15.15,0.));
#7441 = LINE('',#7442,#7443);
#7442 = CARTESIAN_POINT('',(-122.5,-7.15,0.));
#7443 = VECTOR('',#7444,1.);
#7444 = DIRECTION('',(3.469446951954E-15,1.,-0.));
#7445 = ORIENTED_EDGE('',*,*,#7446,.F.);
#7446 = EDGE_CURVE('',#7447,#7439,#7449,.T.);
#7447 = VERTEX_POINT('',#7448);
#7448 = CARTESIAN_POINT('',(-124.,-15.15,0.));
#7449 = LINE('',#7450,#7451);
#7450 = CARTESIAN_POINT('',(-122.5,-15.15,0.));
#7451 = VECTOR('',#7452,1.);
#7452 = DIRECTION('',(1.,-0.,-0.));
#7453 = ORIENTED_EDGE('',*,*,#7454,.F.);
#7454 = EDGE_CURVE('',#7455,#7447,#7457,.T.);
#7455 = VERTEX_POINT('',#7456);
#7456 = CARTESIAN_POINT('',(-124.,-19.15,0.));
#7457 = LINE('',#7458,#7459);
#7458 = CARTESIAN_POINT('',(-124.,-15.15,0.));
#7459 = VECTOR('',#7460,1.);
#7460 = DIRECTION('',(-0.,1.,-0.));
#7461 = ORIENTED_EDGE('',*,*,#7462,.F.);
#7462 = EDGE_CURVE('',#7463,#7455,#7465,.T.);
#7463 = VERTEX_POINT('',#7464);
#7464 = CARTESIAN_POINT('',(-116.,-19.15,0.));
#7465 = LINE('',#7466,#7467);
#7466 = CARTESIAN_POINT('',(-116.,-19.15,0.));
#7467 = VECTOR('',#7468,1.);
#7468 = DIRECTION('',(-1.,0.,0.));
#7469 = ORIENTED_EDGE('',*,*,#7470,.F.);
#7470 = EDGE_CURVE('',#7471,#7463,#7473,.T.);
#7471 = VERTEX_POINT('',#7472);
#7472 = CARTESIAN_POINT('',(-116.,-15.15,0.));
#7473 = LINE('',#7474,#7475);
#7474 = CARTESIAN_POINT('',(-116.,-15.15,0.));
#7475 = VECTOR('',#7476,1.);
#7476 = DIRECTION('',(0.,-1.,0.));
#7477 = ORIENTED_EDGE('',*,*,#7478,.F.);
#7478 = EDGE_CURVE('',#7479,#7471,#7481,.T.);
#7479 = VERTEX_POINT('',#7480);
#7480 = CARTESIAN_POINT('',(-117.5,-15.15,0.));
#7481 = LINE('',#7482,#7483);
#7482 = CARTESIAN_POINT('',(-117.5,-15.15,0.));
#7483 = VECTOR('',#7484,1.);
#7484 = DIRECTION('',(1.,0.,0.));
#7485 = ORIENTED_EDGE('',*,*,#7486,.F.);
#7486 = EDGE_CURVE('',#7487,#7479,#7489,.T.);
#7487 = VERTEX_POINT('',#7488);
#7488 = CARTESIAN_POINT('',(-117.5,-7.15,0.));
#7489 = LINE('',#7490,#7491);
#7490 = CARTESIAN_POINT('',(-117.5,-7.15,0.));
#7491 = VECTOR('',#7492,1.);
#7492 = DIRECTION('',(3.469446951954E-15,-1.,0.));
#7493 = ORIENTED_EDGE('',*,*,#7494,.F.);
#7494 = EDGE_CURVE('',#1789,#7487,#7495,.T.);
#7495 = LINE('',#7496,#7497);
#7496 = CARTESIAN_POINT('',(-112.,-7.15,0.));
#7497 = VECTOR('',#7498,1.);
#7498 = DIRECTION('',(-1.,1.577021341797E-16,0.));
#7499 = ORIENTED_EDGE('',*,*,#1788,.F.);
#7500 = ORIENTED_EDGE('',*,*,#7501,.T.);
#7501 = EDGE_CURVE('',#1781,#7502,#7504,.T.);
#7502 = VERTEX_POINT('',#7503);
#7503 = CARTESIAN_POINT('',(-112.,-21.75,0.));
#7504 = LINE('',#7505,#7506);
#7505 = CARTESIAN_POINT('',(-112.,-7.15,0.));
#7506 = VECTOR('',#7507,1.);
#7507 = DIRECTION('',(0.,-1.,-0.));
#7508 = ORIENTED_EDGE('',*,*,#7509,.F.);
#7509 = EDGE_CURVE('',#7510,#7502,#7512,.T.);
#7510 = VERTEX_POINT('',#7511);
#7511 = CARTESIAN_POINT('',(-88.,-21.75,0.));
#7512 = LINE('',#7513,#7514);
#7513 = CARTESIAN_POINT('',(0.,-21.75,-0.));
#7514 = VECTOR('',#7515,1.);
#7515 = DIRECTION('',(-1.,0.,0.));
#7516 = ORIENTED_EDGE('',*,*,#7517,.F.);
#7517 = EDGE_CURVE('',#1893,#7510,#7518,.T.);
#7518 = LINE('',#7519,#7520);
#7519 = CARTESIAN_POINT('',(-88.,0.,0.));
#7520 = VECTOR('',#7521,1.);
#7521 = DIRECTION('',(-0.,-1.,-0.));
#7522 = ORIENTED_EDGE('',*,*,#1890,.F.);
#7523 = ORIENTED_EDGE('',*,*,#7524,.F.);
#7524 = EDGE_CURVE('',#7525,#1891,#7527,.T.);
#7525 = VERTEX_POINT('',#7526);
#7526 = CARTESIAN_POINT('',(-82.5,-7.15,0.));
#7527 = LINE('',#7528,#7529);
#7528 = CARTESIAN_POINT('',(-82.5,-7.15,0.));
#7529 = VECTOR('',#7530,1.);
#7530 = DIRECTION('',(-1.,-1.577021341797E-16,0.));
#7531 = ORIENTED_EDGE('',*,*,#7532,.F.);
#7532 = EDGE_CURVE('',#7533,#7525,#7535,.T.);
#7533 = VERTEX_POINT('',#7534);
#7534 = CARTESIAN_POINT('',(-82.5,-15.15,0.));
#7535 = LINE('',#7536,#7537);
#7536 = CARTESIAN_POINT('',(-82.5,-7.15,0.));
#7537 = VECTOR('',#7538,1.);
#7538 = DIRECTION('',(3.469446951954E-15,1.,-0.));
#7539 = ORIENTED_EDGE('',*,*,#7540,.F.);
#7540 = EDGE_CURVE('',#7541,#7533,#7543,.T.);
#7541 = VERTEX_POINT('',#7542);
#7542 = CARTESIAN_POINT('',(-84.,-15.15,0.));
#7543 = LINE('',#7544,#7545);
#7544 = CARTESIAN_POINT('',(-82.5,-15.15,0.));
#7545 = VECTOR('',#7546,1.);
#7546 = DIRECTION('',(1.,-0.,-0.));
#7547 = ORIENTED_EDGE('',*,*,#7548,.F.);
#7548 = EDGE_CURVE('',#7549,#7541,#7551,.T.);
#7549 = VERTEX_POINT('',#7550);
#7550 = CARTESIAN_POINT('',(-84.,-19.15,0.));
#7551 = LINE('',#7552,#7553);
#7552 = CARTESIAN_POINT('',(-84.,-15.15,0.));
#7553 = VECTOR('',#7554,1.);
#7554 = DIRECTION('',(-0.,1.,-0.));
#7555 = ORIENTED_EDGE('',*,*,#7556,.F.);
#7556 = EDGE_CURVE('',#7557,#7549,#7559,.T.);
#7557 = VERTEX_POINT('',#7558);
#7558 = CARTESIAN_POINT('',(-76.,-19.15,0.));
#7559 = LINE('',#7560,#7561);
#7560 = CARTESIAN_POINT('',(-76.,-19.15,0.));
#7561 = VECTOR('',#7562,1.);
#7562 = DIRECTION('',(-1.,0.,0.));
#7563 = ORIENTED_EDGE('',*,*,#7564,.F.);
#7564 = EDGE_CURVE('',#7565,#7557,#7567,.T.);
#7565 = VERTEX_POINT('',#7566);
#7566 = CARTESIAN_POINT('',(-76.,-15.15,0.));
#7567 = LINE('',#7568,#7569);
#7568 = CARTESIAN_POINT('',(-76.,-15.15,0.));
#7569 = VECTOR('',#7570,1.);
#7570 = DIRECTION('',(0.,-1.,0.));
#7571 = ORIENTED_EDGE('',*,*,#7572,.F.);
#7572 = EDGE_CURVE('',#7573,#7565,#7575,.T.);
#7573 = VERTEX_POINT('',#7574);
#7574 = CARTESIAN_POINT('',(-77.5,-15.15,0.));
#7575 = LINE('',#7576,#7577);
#7576 = CARTESIAN_POINT('',(-77.5,-15.15,0.));
#7577 = VECTOR('',#7578,1.);
#7578 = DIRECTION('',(1.,0.,0.));
#7579 = ORIENTED_EDGE('',*,*,#7580,.F.);
#7580 = EDGE_CURVE('',#7581,#7573,#7583,.T.);
#7581 = VERTEX_POINT('',#7582);
#7582 = CARTESIAN_POINT('',(-77.5,-7.15,0.));
#7583 = LINE('',#7584,#7585);
#7584 = CARTESIAN_POINT('',(-77.5,-7.15,0.));
#7585 = VECTOR('',#7586,1.);
#7586 = DIRECTION('',(3.469446951954E-15,-1.,0.));
#7587 = ORIENTED_EDGE('',*,*,#7588,.F.);
#7588 = EDGE_CURVE('',#1949,#7581,#7589,.T.);
#7589 = LINE('',#7590,#7591);
#7590 = CARTESIAN_POINT('',(-72.,-7.15,0.));
#7591 = VECTOR('',#7592,1.);
#7592 = DIRECTION('',(-1.,1.577021341797E-16,0.));
#7593 = ORIENTED_EDGE('',*,*,#1948,.F.);
#7594 = ORIENTED_EDGE('',*,*,#7595,.T.);
#7595 = EDGE_CURVE('',#1941,#7596,#7598,.T.);
#7596 = VERTEX_POINT('',#7597);
#7597 = CARTESIAN_POINT('',(-72.,-21.75,0.));
#7598 = LINE('',#7599,#7600);
#7599 = CARTESIAN_POINT('',(-72.,-7.15,0.));
#7600 = VECTOR('',#7601,1.);
#7601 = DIRECTION('',(0.,-1.,-0.));
#7602 = ORIENTED_EDGE('',*,*,#7603,.F.);
#7603 = EDGE_CURVE('',#7604,#7596,#7606,.T.);
#7604 = VERTEX_POINT('',#7605);
#7605 = CARTESIAN_POINT('',(-48.,-21.75,0.));
#7606 = LINE('',#7607,#7608);
#7607 = CARTESIAN_POINT('',(0.,-21.75,-0.));
#7608 = VECTOR('',#7609,1.);
#7609 = DIRECTION('',(-1.,0.,0.));
#7610 = ORIENTED_EDGE('',*,*,#7611,.F.);
#7611 = EDGE_CURVE('',#2053,#7604,#7612,.T.);
#7612 = LINE('',#7613,#7614);
#7613 = CARTESIAN_POINT('',(-48.,0.,0.));
#7614 = VECTOR('',#7615,1.);
#7615 = DIRECTION('',(-0.,-1.,-0.));
#7616 = ORIENTED_EDGE('',*,*,#2050,.F.);
#7617 = ORIENTED_EDGE('',*,*,#7618,.F.);
#7618 = EDGE_CURVE('',#7619,#2051,#7621,.T.);
#7619 = VERTEX_POINT('',#7620);
#7620 = CARTESIAN_POINT('',(-42.5,-7.15,0.));
#7621 = LINE('',#7622,#7623);
#7622 = CARTESIAN_POINT('',(-42.5,-7.15,0.));
#7623 = VECTOR('',#7624,1.);
#7624 = DIRECTION('',(-1.,-1.577021341797E-16,0.));
#7625 = ORIENTED_EDGE('',*,*,#7626,.F.);
#7626 = EDGE_CURVE('',#7627,#7619,#7629,.T.);
#7627 = VERTEX_POINT('',#7628);
#7628 = CARTESIAN_POINT('',(-42.5,-15.15,0.));
#7629 = LINE('',#7630,#7631);
#7630 = CARTESIAN_POINT('',(-42.5,-7.15,0.));
#7631 = VECTOR('',#7632,1.);
#7632 = DIRECTION('',(3.469446951954E-15,1.,-0.));
#7633 = ORIENTED_EDGE('',*,*,#7634,.F.);
#7634 = EDGE_CURVE('',#7635,#7627,#7637,.T.);
#7635 = VERTEX_POINT('',#7636);
#7636 = CARTESIAN_POINT('',(-44.,-15.15,0.));
#7637 = LINE('',#7638,#7639);
#7638 = CARTESIAN_POINT('',(-42.5,-15.15,0.));
#7639 = VECTOR('',#7640,1.);
#7640 = DIRECTION('',(1.,-0.,-0.));
#7641 = ORIENTED_EDGE('',*,*,#7642,.F.);
#7642 = EDGE_CURVE('',#7643,#7635,#7645,.T.);
#7643 = VERTEX_POINT('',#7644);
#7644 = CARTESIAN_POINT('',(-44.,-19.15,0.));
#7645 = LINE('',#7646,#7647);
#7646 = CARTESIAN_POINT('',(-44.,-15.15,0.));
#7647 = VECTOR('',#7648,1.);
#7648 = DIRECTION('',(-0.,1.,-0.));
#7649 = ORIENTED_EDGE('',*,*,#7650,.F.);
#7650 = EDGE_CURVE('',#7651,#7643,#7653,.T.);
#7651 = VERTEX_POINT('',#7652);
#7652 = CARTESIAN_POINT('',(-36.,-19.15,0.));
#7653 = LINE('',#7654,#7655);
#7654 = CARTESIAN_POINT('',(-36.,-19.15,0.));
#7655 = VECTOR('',#7656,1.);
#7656 = DIRECTION('',(-1.,0.,0.));
#7657 = ORIENTED_EDGE('',*,*,#7658,.F.);
#7658 = EDGE_CURVE('',#7659,#7651,#7661,.T.);
#7659 = VERTEX_POINT('',#7660);
#7660 = CARTESIAN_POINT('',(-36.,-15.15,0.));
#7661 = LINE('',#7662,#7663);
#7662 = CARTESIAN_POINT('',(-36.,-15.15,0.));
#7663 = VECTOR('',#7664,1.);
#7664 = DIRECTION('',(0.,-1.,0.));
#7665 = ORIENTED_EDGE('',*,*,#7666,.F.);
#7666 = EDGE_CURVE('',#7667,#7659,#7669,.T.);
#7667 = VERTEX_POINT('',#7668);
#7668 = CARTESIAN_POINT('',(-37.5,-15.15,0.));
#7669 = LINE('',#7670,#7671);
#7670 = CARTESIAN_POINT('',(-37.5,-15.15,0.));
#7671 = VECTOR('',#7672,1.);
#7672 = DIRECTION('',(1.,0.,0.));
#7673 = ORIENTED_EDGE('',*,*,#7674,.F.);
#7674 = EDGE_CURVE('',#7675,#7667,#7677,.T.);
#7675 = VERTEX_POINT('',#7676);
#7676 = CARTESIAN_POINT('',(-37.5,-7.15,0.));
#7677 = LINE('',#7678,#7679);
#7678 = CARTESIAN_POINT('',(-37.5,-7.15,0.));
#7679 = VECTOR('',#7680,1.);
#7680 = DIRECTION('',(3.469446951954E-15,-1.,0.));
#7681 = ORIENTED_EDGE('',*,*,#7682,.F.);
#7682 = EDGE_CURVE('',#2109,#7675,#7683,.T.);
#7683 = LINE('',#7684,#7685);
#7684 = CARTESIAN_POINT('',(-32.,-7.15,0.));
#7685 = VECTOR('',#7686,1.);
#7686 = DIRECTION('',(-1.,1.577021341797E-16,0.));
#7687 = ORIENTED_EDGE('',*,*,#2108,.F.);
#7688 = ORIENTED_EDGE('',*,*,#7689,.T.);
#7689 = EDGE_CURVE('',#2101,#7690,#7692,.T.);
#7690 = VERTEX_POINT('',#7691);
#7691 = CARTESIAN_POINT('',(-32.,-21.75,0.));
#7692 = LINE('',#7693,#7694);
#7693 = CARTESIAN_POINT('',(-32.,-7.15,0.));
#7694 = VECTOR('',#7695,1.);
#7695 = DIRECTION('',(0.,-1.,-0.));
#7696 = ORIENTED_EDGE('',*,*,#7697,.F.);
#7697 = EDGE_CURVE('',#7698,#7690,#7700,.T.);
#7698 = VERTEX_POINT('',#7699);
#7699 = CARTESIAN_POINT('',(-8.,-21.75,0.));
#7700 = LINE('',#7701,#7702);
#7701 = CARTESIAN_POINT('',(0.,-21.75,-0.));
#7702 = VECTOR('',#7703,1.);
#7703 = DIRECTION('',(-1.,0.,0.));
#7704 = ORIENTED_EDGE('',*,*,#7705,.F.);
#7705 = EDGE_CURVE('',#2213,#7698,#7706,.T.);
#7706 = LINE('',#7707,#7708);
#7707 = CARTESIAN_POINT('',(-8.,0.,0.));
#7708 = VECTOR('',#7709,1.);
#7709 = DIRECTION('',(-0.,-1.,-0.));
#7710 = ORIENTED_EDGE('',*,*,#2210,.F.);
#7711 = ORIENTED_EDGE('',*,*,#7712,.F.);
#7712 = EDGE_CURVE('',#7713,#2211,#7715,.T.);
#7713 = VERTEX_POINT('',#7714);
#7714 = CARTESIAN_POINT('',(-2.5,-7.15,0.));
#7715 = LINE('',#7716,#7717);
#7716 = CARTESIAN_POINT('',(-2.5,-7.15,0.));
#7717 = VECTOR('',#7718,1.);
#7718 = DIRECTION('',(-1.,-1.577021341797E-16,0.));
#7719 = ORIENTED_EDGE('',*,*,#7720,.F.);
#7720 = EDGE_CURVE('',#7721,#7713,#7723,.T.);
#7721 = VERTEX_POINT('',#7722);
#7722 = CARTESIAN_POINT('',(-2.5,-15.15,0.));
#7723 = LINE('',#7724,#7725);
#7724 = CARTESIAN_POINT('',(-2.5,-7.15,0.));
#7725 = VECTOR('',#7726,1.);
#7726 = DIRECTION('',(3.469446951954E-15,1.,-0.));
#7727 = ORIENTED_EDGE('',*,*,#7728,.F.);
#7728 = EDGE_CURVE('',#7729,#7721,#7731,.T.);
#7729 = VERTEX_POINT('',#7730);
#7730 = CARTESIAN_POINT('',(-4.,-15.15,0.));
#7731 = LINE('',#7732,#7733);
#7732 = CARTESIAN_POINT('',(-2.5,-15.15,0.));
#7733 = VECTOR('',#7734,1.);
#7734 = DIRECTION('',(1.,-0.,-0.));
#7735 = ORIENTED_EDGE('',*,*,#7736,.F.);
#7736 = EDGE_CURVE('',#7737,#7729,#7739,.T.);
#7737 = VERTEX_POINT('',#7738);
#7738 = CARTESIAN_POINT('',(-4.,-19.15,0.));
#7739 = LINE('',#7740,#7741);
#7740 = CARTESIAN_POINT('',(-4.,-15.15,0.));
#7741 = VECTOR('',#7742,1.);
#7742 = DIRECTION('',(-0.,1.,-0.));
#7743 = ORIENTED_EDGE('',*,*,#7744,.F.);
#7744 = EDGE_CURVE('',#7745,#7737,#7747,.T.);
#7745 = VERTEX_POINT('',#7746);
#7746 = CARTESIAN_POINT('',(4.,-19.15,0.));
#7747 = LINE('',#7748,#7749);
#7748 = CARTESIAN_POINT('',(4.,-19.15,0.));
#7749 = VECTOR('',#7750,1.);
#7750 = DIRECTION('',(-1.,0.,0.));
#7751 = ORIENTED_EDGE('',*,*,#7752,.F.);
#7752 = EDGE_CURVE('',#7753,#7745,#7755,.T.);
#7753 = VERTEX_POINT('',#7754);
#7754 = CARTESIAN_POINT('',(4.,-15.15,0.));
#7755 = LINE('',#7756,#7757);
#7756 = CARTESIAN_POINT('',(4.,-15.15,0.));
#7757 = VECTOR('',#7758,1.);
#7758 = DIRECTION('',(0.,-1.,0.));
#7759 = ORIENTED_EDGE('',*,*,#7760,.F.);
#7760 = EDGE_CURVE('',#7761,#7753,#7763,.T.);
#7761 = VERTEX_POINT('',#7762);
#7762 = CARTESIAN_POINT('',(2.5,-15.15,0.));
#7763 = LINE('',#7764,#7765);
#7764 = CARTESIAN_POINT('',(2.5,-15.15,0.));
#7765 = VECTOR('',#7766,1.);
#7766 = DIRECTION('',(1.,0.,0.));
#7767 = ORIENTED_EDGE('',*,*,#7768,.F.);
#7768 = EDGE_CURVE('',#7769,#7761,#7771,.T.);
#7769 = VERTEX_POINT('',#7770);
#7770 = CARTESIAN_POINT('',(2.5,-7.15,0.));
#7771 = LINE('',#7772,#7773);
#7772 = CARTESIAN_POINT('',(2.5,-7.15,0.));
#7773 = VECTOR('',#7774,1.);
#7774 = DIRECTION('',(3.469446951954E-15,-1.,0.));
#7775 = ORIENTED_EDGE('',*,*,#7776,.F.);
#7776 = EDGE_CURVE('',#2269,#7769,#7777,.T.);
#7777 = LINE('',#7778,#7779);
#7778 = CARTESIAN_POINT('',(8.,-7.15,0.));
#7779 = VECTOR('',#7780,1.);
#7780 = DIRECTION('',(-1.,1.577021341797E-16,0.));
#7781 = ORIENTED_EDGE('',*,*,#2268,.F.);
#7782 = ORIENTED_EDGE('',*,*,#7783,.T.);
#7783 = EDGE_CURVE('',#2261,#7784,#7786,.T.);
#7784 = VERTEX_POINT('',#7785);
#7785 = CARTESIAN_POINT('',(8.,-21.75,0.));
#7786 = LINE('',#7787,#7788);
#7787 = CARTESIAN_POINT('',(8.,-7.15,0.));
#7788 = VECTOR('',#7789,1.);
#7789 = DIRECTION('',(0.,-1.,-0.));
#7790 = ORIENTED_EDGE('',*,*,#7791,.F.);
#7791 = EDGE_CURVE('',#7792,#7784,#7794,.T.);
#7792 = VERTEX_POINT('',#7793);
#7793 = CARTESIAN_POINT('',(32.,-21.75,-0.));
#7794 = LINE('',#7795,#7796);
#7795 = CARTESIAN_POINT('',(0.,-21.75,-0.));
#7796 = VECTOR('',#7797,1.);
#7797 = DIRECTION('',(-1.,0.,0.));
#7798 = ORIENTED_EDGE('',*,*,#7799,.F.);
#7799 = EDGE_CURVE('',#2373,#7792,#7800,.T.);
#7800 = LINE('',#7801,#7802);
#7801 = CARTESIAN_POINT('',(32.,0.,-0.));
#7802 = VECTOR('',#7803,1.);
#7803 = DIRECTION('',(-0.,-1.,-0.));
#7804 = ORIENTED_EDGE('',*,*,#2370,.F.);
#7805 = ORIENTED_EDGE('',*,*,#7806,.F.);
#7806 = EDGE_CURVE('',#7807,#2371,#7809,.T.);
#7807 = VERTEX_POINT('',#7808);
#7808 = CARTESIAN_POINT('',(37.5,-7.15,0.));
#7809 = LINE('',#7810,#7811);
#7810 = CARTESIAN_POINT('',(37.5,-7.15,0.));
#7811 = VECTOR('',#7812,1.);
#7812 = DIRECTION('',(-1.,-1.577021341797E-16,0.));
#7813 = ORIENTED_EDGE('',*,*,#7814,.F.);
#7814 = EDGE_CURVE('',#7815,#7807,#7817,.T.);
#7815 = VERTEX_POINT('',#7816);
#7816 = CARTESIAN_POINT('',(37.5,-15.15,0.));
#7817 = LINE('',#7818,#7819);
#7818 = CARTESIAN_POINT('',(37.5,-7.15,0.));
#7819 = VECTOR('',#7820,1.);
#7820 = DIRECTION('',(3.469446951954E-15,1.,-0.));
#7821 = ORIENTED_EDGE('',*,*,#7822,.F.);
#7822 = EDGE_CURVE('',#7823,#7815,#7825,.T.);
#7823 = VERTEX_POINT('',#7824);
#7824 = CARTESIAN_POINT('',(36.,-15.15,0.));
#7825 = LINE('',#7826,#7827);
#7826 = CARTESIAN_POINT('',(37.5,-15.15,0.));
#7827 = VECTOR('',#7828,1.);
#7828 = DIRECTION('',(1.,-0.,-0.));
#7829 = ORIENTED_EDGE('',*,*,#7830,.F.);
#7830 = EDGE_CURVE('',#7831,#7823,#7833,.T.);
#7831 = VERTEX_POINT('',#7832);
#7832 = CARTESIAN_POINT('',(36.,-19.15,0.));
#7833 = LINE('',#7834,#7835);
#7834 = CARTESIAN_POINT('',(36.,-15.15,0.));
#7835 = VECTOR('',#7836,1.);
#7836 = DIRECTION('',(-0.,1.,-0.));
#7837 = ORIENTED_EDGE('',*,*,#7838,.F.);
#7838 = EDGE_CURVE('',#7839,#7831,#7841,.T.);
#7839 = VERTEX_POINT('',#7840);
#7840 = CARTESIAN_POINT('',(44.,-19.15,0.));
#7841 = LINE('',#7842,#7843);
#7842 = CARTESIAN_POINT('',(44.,-19.15,0.));
#7843 = VECTOR('',#7844,1.);
#7844 = DIRECTION('',(-1.,0.,0.));
#7845 = ORIENTED_EDGE('',*,*,#7846,.F.);
#7846 = EDGE_CURVE('',#7847,#7839,#7849,.T.);
#7847 = VERTEX_POINT('',#7848);
#7848 = CARTESIAN_POINT('',(44.,-15.15,0.));
#7849 = LINE('',#7850,#7851);
#7850 = CARTESIAN_POINT('',(44.,-15.15,0.));
#7851 = VECTOR('',#7852,1.);
#7852 = DIRECTION('',(0.,-1.,0.));
#7853 = ORIENTED_EDGE('',*,*,#7854,.F.);
#7854 = EDGE_CURVE('',#7855,#7847,#7857,.T.);
#7855 = VERTEX_POINT('',#7856);
#7856 = CARTESIAN_POINT('',(42.5,-15.15,0.));
#7857 = LINE('',#7858,#7859);
#7858 = CARTESIAN_POINT('',(42.5,-15.15,0.));
#7859 = VECTOR('',#7860,1.);
#7860 = DIRECTION('',(1.,0.,0.));
#7861 = ORIENTED_EDGE('',*,*,#7862,.F.);
#7862 = EDGE_CURVE('',#7863,#7855,#7865,.T.);
#7863 = VERTEX_POINT('',#7864);
#7864 = CARTESIAN_POINT('',(42.5,-7.15,0.));
#7865 = LINE('',#7866,#7867);
#7866 = CARTESIAN_POINT('',(42.5,-7.15,0.));
#7867 = VECTOR('',#7868,1.);
#7868 = DIRECTION('',(3.469446951954E-15,-1.,0.));
#7869 = ORIENTED_EDGE('',*,*,#7870,.F.);
#7870 = EDGE_CURVE('',#2429,#7863,#7871,.T.);
#7871 = LINE('',#7872,#7873);
#7872 = CARTESIAN_POINT('',(48.,-7.15,0.));
#7873 = VECTOR('',#7874,1.);
#7874 = DIRECTION('',(-1.,1.577021341797E-16,0.));
#7875 = ORIENTED_EDGE('',*,*,#2428,.F.);
#7876 = ORIENTED_EDGE('',*,*,#7877,.T.);
#7877 = EDGE_CURVE('',#2421,#7878,#7880,.T.);
#7878 = VERTEX_POINT('',#7879);
#7879 = CARTESIAN_POINT('',(48.,-21.75,0.));
#7880 = LINE('',#7881,#7882);
#7881 = CARTESIAN_POINT('',(48.,-7.15,0.));
#7882 = VECTOR('',#7883,1.);
#7883 = DIRECTION('',(0.,-1.,-0.));
#7884 = ORIENTED_EDGE('',*,*,#7885,.F.);
#7885 = EDGE_CURVE('',#7886,#7878,#7888,.T.);
#7886 = VERTEX_POINT('',#7887);
#7887 = CARTESIAN_POINT('',(72.,-21.75,-0.));
#7888 = LINE('',#7889,#7890);
#7889 = CARTESIAN_POINT('',(0.,-21.75,-0.));
#7890 = VECTOR('',#7891,1.);
#7891 = DIRECTION('',(-1.,0.,0.));
#7892 = ORIENTED_EDGE('',*,*,#7893,.F.);
#7893 = EDGE_CURVE('',#2533,#7886,#7894,.T.);
#7894 = LINE('',#7895,#7896);
#7895 = CARTESIAN_POINT('',(72.,0.,-0.));
#7896 = VECTOR('',#7897,1.);
#7897 = DIRECTION('',(-0.,-1.,-0.));
#7898 = ORIENTED_EDGE('',*,*,#2530,.F.);
#7899 = ORIENTED_EDGE('',*,*,#7900,.F.);
#7900 = EDGE_CURVE('',#7901,#2531,#7903,.T.);
#7901 = VERTEX_POINT('',#7902);
#7902 = CARTESIAN_POINT('',(77.5,-7.15,0.));
#7903 = LINE('',#7904,#7905);
#7904 = CARTESIAN_POINT('',(77.5,-7.15,0.));
#7905 = VECTOR('',#7906,1.);
#7906 = DIRECTION('',(-1.,-1.577021341797E-16,0.));
#7907 = ORIENTED_EDGE('',*,*,#7908,.F.);
#7908 = EDGE_CURVE('',#7909,#7901,#7911,.T.);
#7909 = VERTEX_POINT('',#7910);
#7910 = CARTESIAN_POINT('',(77.5,-15.15,0.));
#7911 = LINE('',#7912,#7913);
#7912 = CARTESIAN_POINT('',(77.5,-7.15,0.));
#7913 = VECTOR('',#7914,1.);
#7914 = DIRECTION('',(3.469446951954E-15,1.,-0.));
#7915 = ORIENTED_EDGE('',*,*,#7916,.F.);
#7916 = EDGE_CURVE('',#7917,#7909,#7919,.T.);
#7917 = VERTEX_POINT('',#7918);
#7918 = CARTESIAN_POINT('',(76.,-15.15,0.));
#7919 = LINE('',#7920,#7921);
#7920 = CARTESIAN_POINT('',(77.5,-15.15,0.));
#7921 = VECTOR('',#7922,1.);
#7922 = DIRECTION('',(1.,-0.,-0.));
#7923 = ORIENTED_EDGE('',*,*,#7924,.F.);
#7924 = EDGE_CURVE('',#7925,#7917,#7927,.T.);
#7925 = VERTEX_POINT('',#7926);
#7926 = CARTESIAN_POINT('',(76.,-19.15,0.));
#7927 = LINE('',#7928,#7929);
#7928 = CARTESIAN_POINT('',(76.,-15.15,0.));
#7929 = VECTOR('',#7930,1.);
#7930 = DIRECTION('',(-0.,1.,-0.));
#7931 = ORIENTED_EDGE('',*,*,#7932,.F.);
#7932 = EDGE_CURVE('',#7933,#7925,#7935,.T.);
#7933 = VERTEX_POINT('',#7934);
#7934 = CARTESIAN_POINT('',(84.,-19.15,0.));
#7935 = LINE('',#7936,#7937);
#7936 = CARTESIAN_POINT('',(84.,-19.15,0.));
#7937 = VECTOR('',#7938,1.);
#7938 = DIRECTION('',(-1.,0.,0.));
#7939 = ORIENTED_EDGE('',*,*,#7940,.F.);
#7940 = EDGE_CURVE('',#7941,#7933,#7943,.T.);
#7941 = VERTEX_POINT('',#7942);
#7942 = CARTESIAN_POINT('',(84.,-15.15,0.));
#7943 = LINE('',#7944,#7945);
#7944 = CARTESIAN_POINT('',(84.,-15.15,0.));
#7945 = VECTOR('',#7946,1.);
#7946 = DIRECTION('',(0.,-1.,0.));
#7947 = ORIENTED_EDGE('',*,*,#7948,.F.);
#7948 = EDGE_CURVE('',#7949,#7941,#7951,.T.);
#7949 = VERTEX_POINT('',#7950);
#7950 = CARTESIAN_POINT('',(82.5,-15.15,0.));
#7951 = LINE('',#7952,#7953);
#7952 = CARTESIAN_POINT('',(82.5,-15.15,0.));
#7953 = VECTOR('',#7954,1.);
#7954 = DIRECTION('',(1.,0.,0.));
#7955 = ORIENTED_EDGE('',*,*,#7956,.F.);
#7956 = EDGE_CURVE('',#7957,#7949,#7959,.T.);
#7957 = VERTEX_POINT('',#7958);
#7958 = CARTESIAN_POINT('',(82.5,-7.15,0.));
#7959 = LINE('',#7960,#7961);
#7960 = CARTESIAN_POINT('',(82.5,-7.15,0.));
#7961 = VECTOR('',#7962,1.);
#7962 = DIRECTION('',(3.469446951954E-15,-1.,0.));
#7963 = ORIENTED_EDGE('',*,*,#7964,.F.);
#7964 = EDGE_CURVE('',#2589,#7957,#7965,.T.);
#7965 = LINE('',#7966,#7967);
#7966 = CARTESIAN_POINT('',(88.,-7.15,0.));
#7967 = VECTOR('',#7968,1.);
#7968 = DIRECTION('',(-1.,1.577021341797E-16,0.));
#7969 = ORIENTED_EDGE('',*,*,#2588,.F.);
#7970 = ORIENTED_EDGE('',*,*,#7971,.T.);
#7971 = EDGE_CURVE('',#2581,#7972,#7974,.T.);
#7972 = VERTEX_POINT('',#7973);
#7973 = CARTESIAN_POINT('',(88.,-21.75,0.));
#7974 = LINE('',#7975,#7976);
#7975 = CARTESIAN_POINT('',(88.,-7.15,0.));
#7976 = VECTOR('',#7977,1.);
#7977 = DIRECTION('',(0.,-1.,-0.));
#7978 = ORIENTED_EDGE('',*,*,#7979,.F.);
#7979 = EDGE_CURVE('',#7980,#7972,#7982,.T.);
#7980 = VERTEX_POINT('',#7981);
#7981 = CARTESIAN_POINT('',(112.,-21.75,-0.));
#7982 = LINE('',#7983,#7984);
#7983 = CARTESIAN_POINT('',(0.,-21.75,-0.));
#7984 = VECTOR('',#7985,1.);
#7985 = DIRECTION('',(-1.,0.,0.));
#7986 = ORIENTED_EDGE('',*,*,#7987,.F.);
#7987 = EDGE_CURVE('',#2693,#7980,#7988,.T.);
#7988 = LINE('',#7989,#7990);
#7989 = CARTESIAN_POINT('',(112.,0.,-0.));
#7990 = VECTOR('',#7991,1.);
#7991 = DIRECTION('',(-0.,-1.,-0.));
#7992 = ORIENTED_EDGE('',*,*,#2690,.F.);
#7993 = ORIENTED_EDGE('',*,*,#7994,.F.);
#7994 = EDGE_CURVE('',#7995,#2691,#7997,.T.);
#7995 = VERTEX_POINT('',#7996);
#7996 = CARTESIAN_POINT('',(117.5,-7.15,0.));
#7997 = LINE('',#7998,#7999);
#7998 = CARTESIAN_POINT('',(117.5,-7.15,0.));
#7999 = VECTOR('',#8000,1.);
#8000 = DIRECTION('',(-1.,-1.577021341797E-16,0.));
#8001 = ORIENTED_EDGE('',*,*,#8002,.F.);
#8002 = EDGE_CURVE('',#8003,#7995,#8005,.T.);
#8003 = VERTEX_POINT('',#8004);
#8004 = CARTESIAN_POINT('',(117.5,-15.15,0.));
#8005 = LINE('',#8006,#8007);
#8006 = CARTESIAN_POINT('',(117.5,-7.15,0.));
#8007 = VECTOR('',#8008,1.);
#8008 = DIRECTION('',(3.469446951954E-15,1.,-0.));
#8009 = ORIENTED_EDGE('',*,*,#8010,.F.);
#8010 = EDGE_CURVE('',#8011,#8003,#8013,.T.);
#8011 = VERTEX_POINT('',#8012);
#8012 = CARTESIAN_POINT('',(116.,-15.15,0.));
#8013 = LINE('',#8014,#8015);
#8014 = CARTESIAN_POINT('',(117.5,-15.15,0.));
#8015 = VECTOR('',#8016,1.);
#8016 = DIRECTION('',(1.,-0.,-0.));
#8017 = ORIENTED_EDGE('',*,*,#8018,.F.);
#8018 = EDGE_CURVE('',#8019,#8011,#8021,.T.);
#8019 = VERTEX_POINT('',#8020);
#8020 = CARTESIAN_POINT('',(116.,-19.15,0.));
#8021 = LINE('',#8022,#8023);
#8022 = CARTESIAN_POINT('',(116.,-15.15,0.));
#8023 = VECTOR('',#8024,1.);
#8024 = DIRECTION('',(-0.,1.,-0.));
#8025 = ORIENTED_EDGE('',*,*,#8026,.F.);
#8026 = EDGE_CURVE('',#8027,#8019,#8029,.T.);
#8027 = VERTEX_POINT('',#8028);
#8028 = CARTESIAN_POINT('',(124.,-19.15,0.));
#8029 = LINE('',#8030,#8031);
#8030 = CARTESIAN_POINT('',(124.,-19.15,0.));
#8031 = VECTOR('',#8032,1.);
#8032 = DIRECTION('',(-1.,0.,0.));
#8033 = ORIENTED_EDGE('',*,*,#8034,.F.);
#8034 = EDGE_CURVE('',#8035,#8027,#8037,.T.);
#8035 = VERTEX_POINT('',#8036);
#8036 = CARTESIAN_POINT('',(124.,-15.15,0.));
#8037 = LINE('',#8038,#8039);
#8038 = CARTESIAN_POINT('',(124.,-15.15,0.));
#8039 = VECTOR('',#8040,1.);
#8040 = DIRECTION('',(0.,-1.,0.));
#8041 = ORIENTED_EDGE('',*,*,#8042,.F.);
#8042 = EDGE_CURVE('',#8043,#8035,#8045,.T.);
#8043 = VERTEX_POINT('',#8044);
#8044 = CARTESIAN_POINT('',(122.5,-15.15,0.));
#8045 = LINE('',#8046,#8047);
#8046 = CARTESIAN_POINT('',(122.5,-15.15,0.));
#8047 = VECTOR('',#8048,1.);
#8048 = DIRECTION('',(1.,0.,0.));
#8049 = ORIENTED_EDGE('',*,*,#8050,.F.);
#8050 = EDGE_CURVE('',#8051,#8043,#8053,.T.);
#8051 = VERTEX_POINT('',#8052);
#8052 = CARTESIAN_POINT('',(122.5,-7.15,0.));
#8053 = LINE('',#8054,#8055);
#8054 = CARTESIAN_POINT('',(122.5,-7.15,0.));
#8055 = VECTOR('',#8056,1.);
#8056 = DIRECTION('',(3.469446951954E-15,-1.,0.));
#8057 = ORIENTED_EDGE('',*,*,#8058,.F.);
#8058 = EDGE_CURVE('',#2749,#8051,#8059,.T.);
#8059 = LINE('',#8060,#8061);
#8060 = CARTESIAN_POINT('',(128.,-7.15,0.));
#8061 = VECTOR('',#8062,1.);
#8062 = DIRECTION('',(-1.,1.577021341797E-16,0.));
#8063 = ORIENTED_EDGE('',*,*,#2748,.F.);
#8064 = ORIENTED_EDGE('',*,*,#8065,.T.);
#8065 = EDGE_CURVE('',#2741,#8066,#8068,.T.);
#8066 = VERTEX_POINT('',#8067);
#8067 = CARTESIAN_POINT('',(128.,-21.75,0.));
#8068 = LINE('',#8069,#8070);
#8069 = CARTESIAN_POINT('',(128.,-7.15,0.));
#8070 = VECTOR('',#8071,1.);
#8071 = DIRECTION('',(0.,-1.,-0.));
#8072 = ORIENTED_EDGE('',*,*,#8073,.F.);
#8073 = EDGE_CURVE('',#8074,#8066,#8076,.T.);
#8074 = VERTEX_POINT('',#8075);
#8075 = CARTESIAN_POINT('',(152.,-21.75,-0.));
#8076 = LINE('',#8077,#8078);
#8077 = CARTESIAN_POINT('',(0.,-21.75,-0.));
#8078 = VECTOR('',#8079,1.);
#8079 = DIRECTION('',(-1.,0.,0.));
#8080 = ORIENTED_EDGE('',*,*,#8081,.F.);
#8081 = EDGE_CURVE('',#2853,#8074,#8082,.T.);
#8082 = LINE('',#8083,#8084);
#8083 = CARTESIAN_POINT('',(152.,0.,-0.));
#8084 = VECTOR('',#8085,1.);
#8085 = DIRECTION('',(-0.,-1.,-0.));
#8086 = ORIENTED_EDGE('',*,*,#2850,.F.);
#8087 = ORIENTED_EDGE('',*,*,#8088,.F.);
#8088 = EDGE_CURVE('',#8089,#2851,#8091,.T.);
#8089 = VERTEX_POINT('',#8090);
#8090 = CARTESIAN_POINT('',(157.5,-7.15,0.));
#8091 = LINE('',#8092,#8093);
#8092 = CARTESIAN_POINT('',(157.5,-7.15,0.));
#8093 = VECTOR('',#8094,1.);
#8094 = DIRECTION('',(-1.,-1.577021341797E-16,0.));
#8095 = ORIENTED_EDGE('',*,*,#8096,.F.);
#8096 = EDGE_CURVE('',#8097,#8089,#8099,.T.);
#8097 = VERTEX_POINT('',#8098);
#8098 = CARTESIAN_POINT('',(157.5,-15.15,0.));
#8099 = LINE('',#8100,#8101);
#8100 = CARTESIAN_POINT('',(157.5,-7.15,0.));
#8101 = VECTOR('',#8102,1.);
#8102 = DIRECTION('',(3.469446951954E-15,1.,-0.));
#8103 = ORIENTED_EDGE('',*,*,#8104,.F.);
#8104 = EDGE_CURVE('',#8105,#8097,#8107,.T.);
#8105 = VERTEX_POINT('',#8106);
#8106 = CARTESIAN_POINT('',(156.,-15.15,0.));
#8107 = LINE('',#8108,#8109);
#8108 = CARTESIAN_POINT('',(157.5,-15.15,0.));
#8109 = VECTOR('',#8110,1.);
#8110 = DIRECTION('',(1.,-0.,-0.));
#8111 = ORIENTED_EDGE('',*,*,#8112,.F.);
#8112 = EDGE_CURVE('',#8113,#8105,#8115,.T.);
#8113 = VERTEX_POINT('',#8114);
#8114 = CARTESIAN_POINT('',(156.,-19.15,0.));
#8115 = LINE('',#8116,#8117);
#8116 = CARTESIAN_POINT('',(156.,-15.15,0.));
#8117 = VECTOR('',#8118,1.);
#8118 = DIRECTION('',(-0.,1.,-0.));
#8119 = ORIENTED_EDGE('',*,*,#8120,.F.);
#8120 = EDGE_CURVE('',#8121,#8113,#8123,.T.);
#8121 = VERTEX_POINT('',#8122);
#8122 = CARTESIAN_POINT('',(164.,-19.15,0.));
#8123 = LINE('',#8124,#8125);
#8124 = CARTESIAN_POINT('',(164.,-19.15,0.));
#8125 = VECTOR('',#8126,1.);
#8126 = DIRECTION('',(-1.,0.,0.));
#8127 = ORIENTED_EDGE('',*,*,#8128,.F.);
#8128 = EDGE_CURVE('',#8129,#8121,#8131,.T.);
#8129 = VERTEX_POINT('',#8130);
#8130 = CARTESIAN_POINT('',(164.,-15.15,0.));
#8131 = LINE('',#8132,#8133);
#8132 = CARTESIAN_POINT('',(164.,-15.15,0.));
#8133 = VECTOR('',#8134,1.);
#8134 = DIRECTION('',(0.,-1.,0.));
#8135 = ORIENTED_EDGE('',*,*,#8136,.F.);
#8136 = EDGE_CURVE('',#8137,#8129,#8139,.T.);
#8137 = VERTEX_POINT('',#8138);
#8138 = CARTESIAN_POINT('',(162.5,-15.15,0.));
#8139 = LINE('',#8140,#8141);
#8140 = CARTESIAN_POINT('',(162.5,-15.15,0.));
#8141 = VECTOR('',#8142,1.);
#8142 = DIRECTION('',(1.,0.,0.));
#8143 = ORIENTED_EDGE('',*,*,#8144,.F.);
#8144 = EDGE_CURVE('',#8145,#8137,#8147,.T.);
#8145 = VERTEX_POINT('',#8146);
#8146 = CARTESIAN_POINT('',(162.5,-7.15,0.));
#8147 = LINE('',#8148,#8149);
#8148 = CARTESIAN_POINT('',(162.5,-7.15,0.));
#8149 = VECTOR('',#8150,1.);
#8150 = DIRECTION('',(3.469446951954E-15,-1.,0.));
#8151 = ORIENTED_EDGE('',*,*,#8152,.F.);
#8152 = EDGE_CURVE('',#2909,#8145,#8153,.T.);
#8153 = LINE('',#8154,#8155);
#8154 = CARTESIAN_POINT('',(168.,-7.15,0.));
#8155 = VECTOR('',#8156,1.);
#8156 = DIRECTION('',(-1.,1.577021341797E-16,0.));
#8157 = ORIENTED_EDGE('',*,*,#2908,.F.);
#8158 = ORIENTED_EDGE('',*,*,#8159,.T.);
#8159 = EDGE_CURVE('',#2901,#8160,#8162,.T.);
#8160 = VERTEX_POINT('',#8161);
#8161 = CARTESIAN_POINT('',(168.,-21.75,0.));
#8162 = LINE('',#8163,#8164);
#8163 = CARTESIAN_POINT('',(168.,-7.15,0.));
#8164 = VECTOR('',#8165,1.);
#8165 = DIRECTION('',(0.,-1.,-0.));
#8166 = ORIENTED_EDGE('',*,*,#8167,.F.);
#8167 = EDGE_CURVE('',#8168,#8160,#8170,.T.);
#8168 = VERTEX_POINT('',#8169);
#8169 = CARTESIAN_POINT('',(192.,-21.75,-0.));
#8170 = LINE('',#8171,#8172);
#8171 = CARTESIAN_POINT('',(0.,-21.75,-0.));
#8172 = VECTOR('',#8173,1.);
#8173 = DIRECTION('',(-1.,0.,0.));
#8174 = ORIENTED_EDGE('',*,*,#8175,.F.);
#8175 = EDGE_CURVE('',#3013,#8168,#8176,.T.);
#8176 = LINE('',#8177,#8178);
#8177 = CARTESIAN_POINT('',(192.,0.,-0.));
#8178 = VECTOR('',#8179,1.);
#8179 = DIRECTION('',(-0.,-1.,-0.));
#8180 = ORIENTED_EDGE('',*,*,#3010,.F.);
#8181 = ORIENTED_EDGE('',*,*,#8182,.F.);
#8182 = EDGE_CURVE('',#8183,#3011,#8185,.T.);
#8183 = VERTEX_POINT('',#8184);
#8184 = CARTESIAN_POINT('',(197.5,-7.15,0.));
#8185 = LINE('',#8186,#8187);
#8186 = CARTESIAN_POINT('',(197.5,-7.15,0.));
#8187 = VECTOR('',#8188,1.);
#8188 = DIRECTION('',(-1.,-1.577021341797E-16,0.));
#8189 = ORIENTED_EDGE('',*,*,#8190,.F.);
#8190 = EDGE_CURVE('',#8191,#8183,#8193,.T.);
#8191 = VERTEX_POINT('',#8192);
#8192 = CARTESIAN_POINT('',(197.5,-15.15,0.));
#8193 = LINE('',#8194,#8195);
#8194 = CARTESIAN_POINT('',(197.5,-7.15,0.));
#8195 = VECTOR('',#8196,1.);
#8196 = DIRECTION('',(3.469446951954E-15,1.,-0.));
#8197 = ORIENTED_EDGE('',*,*,#8198,.F.);
#8198 = EDGE_CURVE('',#8199,#8191,#8201,.T.);
#8199 = VERTEX_POINT('',#8200);
#8200 = CARTESIAN_POINT('',(196.,-15.15,0.));
#8201 = LINE('',#8202,#8203);
#8202 = CARTESIAN_POINT('',(197.5,-15.15,0.));
#8203 = VECTOR('',#8204,1.);
#8204 = DIRECTION('',(1.,-0.,-0.));
#8205 = ORIENTED_EDGE('',*,*,#8206,.F.);
#8206 = EDGE_CURVE('',#8207,#8199,#8209,.T.);
#8207 = VERTEX_POINT('',#8208);
#8208 = CARTESIAN_POINT('',(196.,-19.15,0.));
#8209 = LINE('',#8210,#8211);
#8210 = CARTESIAN_POINT('',(196.,-15.15,0.));
#8211 = VECTOR('',#8212,1.);
#8212 = DIRECTION('',(-0.,1.,-0.));
#8213 = ORIENTED_EDGE('',*,*,#8214,.F.);
#8214 = EDGE_CURVE('',#8215,#8207,#8217,.T.);
#8215 = VERTEX_POINT('',#8216);
#8216 = CARTESIAN_POINT('',(204.,-19.15,0.));
#8217 = LINE('',#8218,#8219);
#8218 = CARTESIAN_POINT('',(204.,-19.15,0.));
#8219 = VECTOR('',#8220,1.);
#8220 = DIRECTION('',(-1.,0.,0.));
#8221 = ORIENTED_EDGE('',*,*,#8222,.F.);
#8222 = EDGE_CURVE('',#8223,#8215,#8225,.T.);
#8223 = VERTEX_POINT('',#8224);
#8224 = CARTESIAN_POINT('',(204.,-15.15,0.));
#8225 = LINE('',#8226,#8227);
#8226 = CARTESIAN_POINT('',(204.,-15.15,0.));
#8227 = VECTOR('',#8228,1.);
#8228 = DIRECTION('',(0.,-1.,0.));
#8229 = ORIENTED_EDGE('',*,*,#8230,.F.);
#8230 = EDGE_CURVE('',#8231,#8223,#8233,.T.);
#8231 = VERTEX_POINT('',#8232);
#8232 = CARTESIAN_POINT('',(202.5,-15.15,0.));
#8233 = LINE('',#8234,#8235);
#8234 = CARTESIAN_POINT('',(202.5,-15.15,0.));
#8235 = VECTOR('',#8236,1.);
#8236 = DIRECTION('',(1.,0.,0.));
#8237 = ORIENTED_EDGE('',*,*,#8238,.F.);
#8238 = EDGE_CURVE('',#8239,#8231,#8241,.T.);
#8239 = VERTEX_POINT('',#8240);
#8240 = CARTESIAN_POINT('',(202.5,-7.15,0.));
#8241 = LINE('',#8242,#8243);
#8242 = CARTESIAN_POINT('',(202.5,-7.15,0.));
#8243 = VECTOR('',#8244,1.);
#8244 = DIRECTION('',(3.469446951954E-15,-1.,0.));
#8245 = ORIENTED_EDGE('',*,*,#8246,.F.);
#8246 = EDGE_CURVE('',#3069,#8239,#8247,.T.);
#8247 = LINE('',#8248,#8249);
#8248 = CARTESIAN_POINT('',(208.,-7.15,0.));
#8249 = VECTOR('',#8250,1.);
#8250 = DIRECTION('',(-1.,1.577021341797E-16,0.));
#8251 = ORIENTED_EDGE('',*,*,#3068,.F.);
#8252 = ORIENTED_EDGE('',*,*,#8253,.T.);
#8253 = EDGE_CURVE('',#3061,#8254,#8256,.T.);
#8254 = VERTEX_POINT('',#8255);
#8255 = CARTESIAN_POINT('',(208.,-21.75,0.));
#8256 = LINE('',#8257,#8258);
#8257 = CARTESIAN_POINT('',(208.,-7.15,0.));
#8258 = VECTOR('',#8259,1.);
#8259 = DIRECTION('',(0.,-1.,-0.));
#8260 = ORIENTED_EDGE('',*,*,#8261,.F.);
#8261 = EDGE_CURVE('',#8262,#8254,#8264,.T.);
#8262 = VERTEX_POINT('',#8263);
#8263 = CARTESIAN_POINT('',(281.,-21.75,0.));
#8264 = LINE('',#8265,#8266);
#8265 = CARTESIAN_POINT('',(0.,-21.75,-0.));
#8266 = VECTOR('',#8267,1.);
#8267 = DIRECTION('',(-1.,0.,0.));
#8268 = ORIENTED_EDGE('',*,*,#8269,.F.);
#8269 = EDGE_CURVE('',#8270,#8262,#8272,.T.);
#8270 = VERTEX_POINT('',#8271);
#8271 = CARTESIAN_POINT('',(281.,-19.15,0.));
#8272 = LINE('',#8273,#8274);
#8273 = CARTESIAN_POINT('',(281.,0.,0.));
#8274 = VECTOR('',#8275,1.);
#8275 = DIRECTION('',(-0.,-1.,0.));
#8276 = ORIENTED_EDGE('',*,*,#8277,.T.);
#8277 = EDGE_CURVE('',#8270,#8278,#8280,.T.);
#8278 = VERTEX_POINT('',#8279);
#8279 = CARTESIAN_POINT('',(281.,19.15,1.170938346284E-14));
#8280 = LINE('',#8281,#8282);
#8281 = CARTESIAN_POINT('',(281.,-21.75,0.));
#8282 = VECTOR('',#8283,1.);
#8283 = DIRECTION('',(0.,1.,0.));
#8284 = ORIENTED_EDGE('',*,*,#8285,.T.);
#8285 = EDGE_CURVE('',#8278,#8286,#8288,.T.);
#8286 = VERTEX_POINT('',#8287);
#8287 = CARTESIAN_POINT('',(281.,21.75,0.));
#8288 = LINE('',#8289,#8290);
#8289 = CARTESIAN_POINT('',(281.,19.15,0.));
#8290 = VECTOR('',#8291,1.);
#8291 = DIRECTION('',(-0.,1.,-0.));
#8292 = ORIENTED_EDGE('',*,*,#8293,.F.);
#8293 = EDGE_CURVE('',#8294,#8286,#8296,.T.);
#8294 = VERTEX_POINT('',#8295);
#8295 = CARTESIAN_POINT('',(-281.,21.75,0.));
#8296 = LINE('',#8297,#8298);
#8297 = CARTESIAN_POINT('',(0.,21.75,0.));
#8298 = VECTOR('',#8299,1.);
#8299 = DIRECTION('',(1.,0.,0.));
#8300 = ORIENTED_EDGE('',*,*,#8301,.F.);
#8301 = EDGE_CURVE('',#8302,#8294,#8304,.T.);
#8302 = VERTEX_POINT('',#8303);
#8303 = CARTESIAN_POINT('',(-281.,19.15,0.));
#8304 = LINE('',#8305,#8306);
#8305 = CARTESIAN_POINT('',(-281.,0.,0.));
#8306 = VECTOR('',#8307,1.);
#8307 = DIRECTION('',(0.,1.,0.));
#8308 = ORIENTED_EDGE('',*,*,#8309,.T.);
#8309 = EDGE_CURVE('',#8302,#8310,#8312,.T.);
#8310 = VERTEX_POINT('',#8311);
#8311 = CARTESIAN_POINT('',(-281.,-19.15,-5.637851296925E-15));
#8312 = LINE('',#8313,#8314);
#8313 = CARTESIAN_POINT('',(-281.,-21.75,0.));
#8314 = VECTOR('',#8315,1.);
#8315 = DIRECTION('',(-0.,-1.,-0.));
#8316 = ORIENTED_EDGE('',*,*,#8317,.T.);
#8317 = EDGE_CURVE('',#8310,#8318,#8320,.T.);
#8318 = VERTEX_POINT('',#8319);
#8319 = CARTESIAN_POINT('',(-281.,-21.75,0.));
#8320 = LINE('',#8321,#8322);
#8321 = CARTESIAN_POINT('',(-281.,-19.15,0.));
#8322 = VECTOR('',#8323,1.);
#8323 = DIRECTION('',(-0.,-1.,-0.));
#8324 = ORIENTED_EDGE('',*,*,#8325,.T.);
#8325 = EDGE_CURVE('',#8318,#8326,#8328,.T.);
#8326 = VERTEX_POINT('',#8327);
#8327 = CARTESIAN_POINT('',(-208.,-21.75,8.23993651089E-14));
#8328 = LINE('',#8329,#8330);
#8329 = CARTESIAN_POINT('',(0.,-21.75,8.244343388268E-14));
#8330 = VECTOR('',#8331,1.);
#8331 = DIRECTION('',(1.,0.,0.));
#8332 = ORIENTED_EDGE('',*,*,#8333,.F.);
#8333 = EDGE_CURVE('',#5529,#8326,#8334,.T.);
#8334 = LINE('',#8335,#8336);
#8335 = CARTESIAN_POINT('',(-208.,0.,0.));
#8336 = VECTOR('',#8337,1.);
#8337 = DIRECTION('',(-0.,-1.,-0.));
#8338 = ORIENTED_EDGE('',*,*,#5526,.F.);
#8339 = ORIENTED_EDGE('',*,*,#8340,.F.);
#8340 = EDGE_CURVE('',#8341,#5527,#8343,.T.);
#8341 = VERTEX_POINT('',#8342);
#8342 = CARTESIAN_POINT('',(-202.5,-7.15,0.));
#8343 = LINE('',#8344,#8345);
#8344 = CARTESIAN_POINT('',(-202.5,-7.15,0.));
#8345 = VECTOR('',#8346,1.);
#8346 = DIRECTION('',(-1.,-1.577021341797E-16,0.));
#8347 = ORIENTED_EDGE('',*,*,#8348,.F.);
#8348 = EDGE_CURVE('',#8349,#8341,#8351,.T.);
#8349 = VERTEX_POINT('',#8350);
#8350 = CARTESIAN_POINT('',(-202.5,-15.15,0.));
#8351 = LINE('',#8352,#8353);
#8352 = CARTESIAN_POINT('',(-202.5,-7.15,0.));
#8353 = VECTOR('',#8354,1.);
#8354 = DIRECTION('',(3.469446951954E-15,1.,-0.));
#8355 = ORIENTED_EDGE('',*,*,#8356,.F.);
#8356 = EDGE_CURVE('',#8357,#8349,#8359,.T.);
#8357 = VERTEX_POINT('',#8358);
#8358 = CARTESIAN_POINT('',(-204.,-15.15,0.));
#8359 = LINE('',#8360,#8361);
#8360 = CARTESIAN_POINT('',(-202.5,-15.15,0.));
#8361 = VECTOR('',#8362,1.);
#8362 = DIRECTION('',(1.,-0.,-0.));
#8363 = ORIENTED_EDGE('',*,*,#8364,.F.);
#8364 = EDGE_CURVE('',#8365,#8357,#8367,.T.);
#8365 = VERTEX_POINT('',#8366);
#8366 = CARTESIAN_POINT('',(-204.,-19.15,0.));
#8367 = LINE('',#8368,#8369);
#8368 = CARTESIAN_POINT('',(-204.,-15.15,0.));
#8369 = VECTOR('',#8370,1.);
#8370 = DIRECTION('',(-0.,1.,-0.));
#8371 = ORIENTED_EDGE('',*,*,#8372,.F.);
#8372 = EDGE_CURVE('',#8373,#8365,#8375,.T.);
#8373 = VERTEX_POINT('',#8374);
#8374 = CARTESIAN_POINT('',(-196.,-19.15,0.));
#8375 = LINE('',#8376,#8377);
#8376 = CARTESIAN_POINT('',(-196.,-19.15,0.));
#8377 = VECTOR('',#8378,1.);
#8378 = DIRECTION('',(-1.,0.,0.));
#8379 = ORIENTED_EDGE('',*,*,#8380,.F.);
#8380 = EDGE_CURVE('',#8381,#8373,#8383,.T.);
#8381 = VERTEX_POINT('',#8382);
#8382 = CARTESIAN_POINT('',(-196.,-15.15,0.));
#8383 = LINE('',#8384,#8385);
#8384 = CARTESIAN_POINT('',(-196.,-15.15,0.));
#8385 = VECTOR('',#8386,1.);
#8386 = DIRECTION('',(0.,-1.,0.));
#8387 = ORIENTED_EDGE('',*,*,#8388,.F.);
#8388 = EDGE_CURVE('',#8389,#8381,#8391,.T.);
#8389 = VERTEX_POINT('',#8390);
#8390 = CARTESIAN_POINT('',(-197.5,-15.15,0.));
#8391 = LINE('',#8392,#8393);
#8392 = CARTESIAN_POINT('',(-197.5,-15.15,0.));
#8393 = VECTOR('',#8394,1.);
#8394 = DIRECTION('',(1.,0.,0.));
#8395 = ORIENTED_EDGE('',*,*,#8396,.F.);
#8396 = EDGE_CURVE('',#8397,#8389,#8399,.T.);
#8397 = VERTEX_POINT('',#8398);
#8398 = CARTESIAN_POINT('',(-197.5,-7.15,0.));
#8399 = LINE('',#8400,#8401);
#8400 = CARTESIAN_POINT('',(-197.5,-7.15,0.));
#8401 = VECTOR('',#8402,1.);
#8402 = DIRECTION('',(3.469446951954E-15,-1.,0.));
#8403 = ORIENTED_EDGE('',*,*,#8404,.F.);
#8404 = EDGE_CURVE('',#5585,#8397,#8405,.T.);
#8405 = LINE('',#8406,#8407);
#8406 = CARTESIAN_POINT('',(-192.,-7.15,0.));
#8407 = VECTOR('',#8408,1.);
#8408 = DIRECTION('',(-1.,1.577021341797E-16,0.));
#8409 = FACE_BOUND('',#8410,.T.);
#8410 = EDGE_LOOP('',(#8411,#8412,#8413,#8414));
#8411 = ORIENTED_EDGE('',*,*,#5464,.F.);
#8412 = ORIENTED_EDGE('',*,*,#5433,.F.);
#8413 = ORIENTED_EDGE('',*,*,#5402,.F.);
#8414 = ORIENTED_EDGE('',*,*,#5362,.F.);
#8415 = FACE_BOUND('',#8416,.T.);
#8416 = EDGE_LOOP('',(#8417,#8418,#8419,#8420));
#8417 = ORIENTED_EDGE('',*,*,#5340,.F.);
#8418 = ORIENTED_EDGE('',*,*,#5309,.F.);
#8419 = ORIENTED_EDGE('',*,*,#5278,.F.);
#8420 = ORIENTED_EDGE('',*,*,#5238,.F.);
#8421 = FACE_BOUND('',#8422,.T.);
#8422 = EDGE_LOOP('',(#8423,#8424,#8425,#8426));
#8423 = ORIENTED_EDGE('',*,*,#5216,.F.);
#8424 = ORIENTED_EDGE('',*,*,#5185,.F.);
#8425 = ORIENTED_EDGE('',*,*,#5154,.F.);
#8426 = ORIENTED_EDGE('',*,*,#5114,.F.);
#8427 = FACE_BOUND('',#8428,.T.);
#8428 = EDGE_LOOP('',(#8429,#8430,#8431,#8432));
#8429 = ORIENTED_EDGE('',*,*,#5092,.F.);
#8430 = ORIENTED_EDGE('',*,*,#5061,.F.);
#8431 = ORIENTED_EDGE('',*,*,#5030,.F.);
#8432 = ORIENTED_EDGE('',*,*,#4990,.F.);
#8433 = FACE_BOUND('',#8434,.T.);
#8434 = EDGE_LOOP('',(#8435,#8436,#8437,#8438));
#8435 = ORIENTED_EDGE('',*,*,#4968,.F.);
#8436 = ORIENTED_EDGE('',*,*,#4937,.F.);
#8437 = ORIENTED_EDGE('',*,*,#4906,.F.);
#8438 = ORIENTED_EDGE('',*,*,#4866,.F.);
#8439 = FACE_BOUND('',#8440,.T.);
#8440 = EDGE_LOOP('',(#8441,#8442,#8443,#8444));
#8441 = ORIENTED_EDGE('',*,*,#4844,.F.);
#8442 = ORIENTED_EDGE('',*,*,#4813,.F.);
#8443 = ORIENTED_EDGE('',*,*,#4782,.F.);
#8444 = ORIENTED_EDGE('',*,*,#4742,.F.);
#8445 = FACE_BOUND('',#8446,.T.);
#8446 = EDGE_LOOP('',(#8447,#8448,#8449,#8450));
#8447 = ORIENTED_EDGE('',*,*,#4720,.F.);
#8448 = ORIENTED_EDGE('',*,*,#4689,.F.);
#8449 = ORIENTED_EDGE('',*,*,#4658,.F.);
#8450 = ORIENTED_EDGE('',*,*,#4618,.F.);
#8451 = FACE_BOUND('',#8452,.T.);
#8452 = EDGE_LOOP('',(#8453,#8454,#8455,#8456));
#8453 = ORIENTED_EDGE('',*,*,#4596,.F.);
#8454 = ORIENTED_EDGE('',*,*,#4565,.F.);
#8455 = ORIENTED_EDGE('',*,*,#4534,.F.);
#8456 = ORIENTED_EDGE('',*,*,#4494,.F.);
#8457 = FACE_BOUND('',#8458,.T.);
#8458 = EDGE_LOOP('',(#8459,#8460,#8461,#8462));
#8459 = ORIENTED_EDGE('',*,*,#4472,.F.);
#8460 = ORIENTED_EDGE('',*,*,#4441,.F.);
#8461 = ORIENTED_EDGE('',*,*,#4410,.F.);
#8462 = ORIENTED_EDGE('',*,*,#4370,.F.);
#8463 = FACE_BOUND('',#8464,.T.);
#8464 = EDGE_LOOP('',(#8465,#8466,#8467,#8468));
#8465 = ORIENTED_EDGE('',*,*,#4348,.F.);
#8466 = ORIENTED_EDGE('',*,*,#4317,.F.);
#8467 = ORIENTED_EDGE('',*,*,#4286,.F.);
#8468 = ORIENTED_EDGE('',*,*,#4246,.F.);
#8469 = FACE_BOUND('',#8470,.T.);
#8470 = EDGE_LOOP('',(#8471,#8472,#8473,#8474));
#8471 = ORIENTED_EDGE('',*,*,#4224,.F.);
#8472 = ORIENTED_EDGE('',*,*,#4193,.F.);
#8473 = ORIENTED_EDGE('',*,*,#4162,.F.);
#8474 = ORIENTED_EDGE('',*,*,#4122,.F.);
#8475 = FACE_BOUND('',#8476,.T.);
#8476 = EDGE_LOOP('',(#8477,#8478,#8479,#8480));
#8477 = ORIENTED_EDGE('',*,*,#4100,.F.);
#8478 = ORIENTED_EDGE('',*,*,#4069,.F.);
#8479 = ORIENTED_EDGE('',*,*,#4038,.F.);
#8480 = ORIENTED_EDGE('',*,*,#3998,.F.);
#8481 = FACE_BOUND('',#8482,.T.);
#8482 = EDGE_LOOP('',(#8483,#8484,#8485,#8486));
#8483 = ORIENTED_EDGE('',*,*,#3976,.F.);
#8484 = ORIENTED_EDGE('',*,*,#3945,.F.);
#8485 = ORIENTED_EDGE('',*,*,#3914,.F.);
#8486 = ORIENTED_EDGE('',*,*,#3874,.F.);
#8487 = FACE_BOUND('',#8488,.T.);
#8488 = EDGE_LOOP('',(#8489,#8490,#8491,#8492));
#8489 = ORIENTED_EDGE('',*,*,#3852,.F.);
#8490 = ORIENTED_EDGE('',*,*,#3821,.F.);
#8491 = ORIENTED_EDGE('',*,*,#3790,.F.);
#8492 = ORIENTED_EDGE('',*,*,#3750,.F.);
#8493 = FACE_BOUND('',#8494,.T.);
#8494 = EDGE_LOOP('',(#8495,#8496,#8497,#8498));
#8495 = ORIENTED_EDGE('',*,*,#3728,.F.);
#8496 = ORIENTED_EDGE('',*,*,#3697,.F.);
#8497 = ORIENTED_EDGE('',*,*,#3666,.F.);
#8498 = ORIENTED_EDGE('',*,*,#3626,.F.);
#8499 = FACE_BOUND('',#8500,.T.);
#8500 = EDGE_LOOP('',(#8501,#8502,#8503,#8504));
#8501 = ORIENTED_EDGE('',*,*,#3604,.F.);
#8502 = ORIENTED_EDGE('',*,*,#3573,.F.);
#8503 = ORIENTED_EDGE('',*,*,#3542,.F.);
#8504 = ORIENTED_EDGE('',*,*,#3502,.F.);
#8505 = FACE_BOUND('',#8506,.T.);
#8506 = EDGE_LOOP('',(#8507,#8508,#8509,#8510));
#8507 = ORIENTED_EDGE('',*,*,#3480,.F.);
#8508 = ORIENTED_EDGE('',*,*,#3449,.F.);
#8509 = ORIENTED_EDGE('',*,*,#3418,.F.);
#8510 = ORIENTED_EDGE('',*,*,#3378,.F.);
#8511 = FACE_BOUND('',#8512,.T.);
#8512 = EDGE_LOOP('',(#8513,#8514,#8515,#8516));
#8513 = ORIENTED_EDGE('',*,*,#3356,.F.);
#8514 = ORIENTED_EDGE('',*,*,#3325,.F.);
#8515 = ORIENTED_EDGE('',*,*,#3294,.F.);
#8516 = ORIENTED_EDGE('',*,*,#3254,.F.);
#8517 = FACE_BOUND('',#8518,.T.);
#8518 = EDGE_LOOP('',(#8519,#8520,#8521,#8522));
#8519 = ORIENTED_EDGE('',*,*,#3232,.F.);
#8520 = ORIENTED_EDGE('',*,*,#3201,.F.);
#8521 = ORIENTED_EDGE('',*,*,#3170,.F.);
#8522 = ORIENTED_EDGE('',*,*,#3130,.F.);
#8523 = PLANE('',#8524);
#8524 = AXIS2_PLACEMENT_3D('',#8525,#8526,#8527);
#8525 = CARTESIAN_POINT('',(0.,0.,0.));
#8526 = DIRECTION('',(0.,0.,-1.));
#8527 = DIRECTION('',(-1.,0.,-0.));
#8528 = ADVANCED_FACE('',(#8529),#8545,.T.);
#8529 = FACE_BOUND('',#8530,.T.);
#8530 = EDGE_LOOP('',(#8531,#8532,#8538,#8539));
#8531 = ORIENTED_EDGE('',*,*,#5945,.T.);
#8532 = ORIENTED_EDGE('',*,*,#8533,.T.);
#8533 = EDGE_CURVE('',#5938,#8310,#8534,.T.);
#8534 = LINE('',#8535,#8536);
#8535 = CARTESIAN_POINT('',(-281.,-19.15,-2.));
#8536 = VECTOR('',#8537,1.);
#8537 = DIRECTION('',(0.,0.,1.));
#8538 = ORIENTED_EDGE('',*,*,#8309,.F.);
#8539 = ORIENTED_EDGE('',*,*,#8540,.F.);
#8540 = EDGE_CURVE('',#5946,#8302,#8541,.T.);
#8541 = LINE('',#8542,#8543);
#8542 = CARTESIAN_POINT('',(-281.,19.15,-2.));
#8543 = VECTOR('',#8544,1.);
#8544 = DIRECTION('',(0.,0.,1.));
#8545 = PLANE('',#8546);
#8546 = AXIS2_PLACEMENT_3D('',#8547,#8548,#8549);
#8547 = CARTESIAN_POINT('',(-281.,-21.75,-2.));
#8548 = DIRECTION('',(-1.,0.,0.));
#8549 = DIRECTION('',(0.,0.,1.));
#8550 = ADVANCED_FACE('',(#8551),#8567,.T.);
#8551 = FACE_BOUND('',#8552,.T.);
#8552 = EDGE_LOOP('',(#8553,#8559,#8560,#8566));
#8553 = ORIENTED_EDGE('',*,*,#8554,.F.);
#8554 = EDGE_CURVE('',#5978,#8270,#8555,.T.);
#8555 = LINE('',#8556,#8557);
#8556 = CARTESIAN_POINT('',(281.,-19.15,-2.));
#8557 = VECTOR('',#8558,1.);
#8558 = DIRECTION('',(0.,0.,1.));
#8559 = ORIENTED_EDGE('',*,*,#5977,.T.);
#8560 = ORIENTED_EDGE('',*,*,#8561,.T.);
#8561 = EDGE_CURVE('',#5970,#8278,#8562,.T.);
#8562 = LINE('',#8563,#8564);
#8563 = CARTESIAN_POINT('',(281.,19.15,-2.));
#8564 = VECTOR('',#8565,1.);
#8565 = DIRECTION('',(0.,0.,1.));
#8566 = ORIENTED_EDGE('',*,*,#8277,.F.);
#8567 = PLANE('',#8568);
#8568 = AXIS2_PLACEMENT_3D('',#8569,#8570,#8571);
#8569 = CARTESIAN_POINT('',(281.,-21.75,-2.));
#8570 = DIRECTION('',(1.,0.,0.));
#8571 = DIRECTION('',(0.,0.,-1.));
#8572 = ADVANCED_FACE('',(#8573),#8600,.T.);
#8573 = FACE_BOUND('',#8574,.T.);
#8574 = EDGE_LOOP('',(#8575,#8585,#8591,#8592,#8593,#8594));
#8575 = ORIENTED_EDGE('',*,*,#8576,.F.);
#8576 = EDGE_CURVE('',#8577,#8579,#8581,.T.);
#8577 = VERTEX_POINT('',#8578);
#8578 = CARTESIAN_POINT('',(-281.,19.75,-2.6));
#8579 = VERTEX_POINT('',#8580);
#8580 = CARTESIAN_POINT('',(-281.,21.75,-2.6));
#8581 = LINE('',#8582,#8583);
#8582 = CARTESIAN_POINT('',(-281.,21.75,-2.6));
#8583 = VECTOR('',#8584,1.);
#8584 = DIRECTION('',(0.,1.,3.391901413833E-15));
#8585 = ORIENTED_EDGE('',*,*,#8586,.T.);
#8586 = EDGE_CURVE('',#8577,#5954,#8587,.T.);
#8587 = LINE('',#8588,#8589);
#8588 = CARTESIAN_POINT('',(-281.,19.75,7.546047120499E-14));
#8589 = VECTOR('',#8590,1.);
#8590 = DIRECTION('',(0.,-3.469446951954E-15,1.));
#8591 = ORIENTED_EDGE('',*,*,#5953,.F.);
#8592 = ORIENTED_EDGE('',*,*,#8540,.T.);
#8593 = ORIENTED_EDGE('',*,*,#8301,.T.);
#8594 = ORIENTED_EDGE('',*,*,#8595,.F.);
#8595 = EDGE_CURVE('',#8579,#8294,#8596,.T.);
#8596 = LINE('',#8597,#8598);
#8597 = CARTESIAN_POINT('',(-281.,21.75,-2.6));
#8598 = VECTOR('',#8599,1.);
#8599 = DIRECTION('',(-0.,-3.469446951954E-15,1.));
#8600 = PLANE('',#8601);
#8601 = AXIS2_PLACEMENT_3D('',#8602,#8603,#8604);
#8602 = CARTESIAN_POINT('',(-281.,19.15,-2.6));
#8603 = DIRECTION('',(-1.,0.,-0.));
#8604 = DIRECTION('',(0.,0.,1.));
#8605 = ADVANCED_FACE('',(#8606),#8633,.F.);
#8606 = FACE_BOUND('',#8607,.T.);
#8607 = EDGE_LOOP('',(#8608,#8609,#8617,#8625,#8631,#8632));
#8608 = ORIENTED_EDGE('',*,*,#5969,.T.);
#8609 = ORIENTED_EDGE('',*,*,#8610,.F.);
#8610 = EDGE_CURVE('',#8611,#5962,#8613,.T.);
#8611 = VERTEX_POINT('',#8612);
#8612 = CARTESIAN_POINT('',(281.,19.75,-2.6));
#8613 = LINE('',#8614,#8615);
#8614 = CARTESIAN_POINT('',(281.,19.75,-2.6));
#8615 = VECTOR('',#8616,1.);
#8616 = DIRECTION('',(-0.,-3.469446951954E-15,1.));
#8617 = ORIENTED_EDGE('',*,*,#8618,.T.);
#8618 = EDGE_CURVE('',#8611,#8619,#8621,.T.);
#8619 = VERTEX_POINT('',#8620);
#8620 = CARTESIAN_POINT('',(281.,21.75,-2.6));
#8621 = LINE('',#8622,#8623);
#8622 = CARTESIAN_POINT('',(281.,19.75,-2.6));
#8623 = VECTOR('',#8624,1.);
#8624 = DIRECTION('',(0.,1.,3.391901413833E-15));
#8625 = ORIENTED_EDGE('',*,*,#8626,.T.);
#8626 = EDGE_CURVE('',#8619,#8286,#8627,.T.);
#8627 = LINE('',#8628,#8629);
#8628 = CARTESIAN_POINT('',(281.,21.75,8.244343388268E-14));
#8629 = VECTOR('',#8630,1.);
#8630 = DIRECTION('',(0.,-3.469446951954E-15,1.));
#8631 = ORIENTED_EDGE('',*,*,#8285,.F.);
#8632 = ORIENTED_EDGE('',*,*,#8561,.F.);
#8633 = PLANE('',#8634);
#8634 = AXIS2_PLACEMENT_3D('',#8635,#8636,#8637);
#8635 = CARTESIAN_POINT('',(281.,19.15,-2.6));
#8636 = DIRECTION('',(-1.,0.,-0.));
#8637 = DIRECTION('',(0.,0.,1.));
#8638 = ADVANCED_FACE('',(#8639),#8664,.T.);
#8639 = FACE_BOUND('',#8640,.T.);
#8640 = EDGE_LOOP('',(#8641,#8649,#8657,#8663));
#8641 = ORIENTED_EDGE('',*,*,#8642,.F.);
#8642 = EDGE_CURVE('',#8643,#8611,#8645,.T.);
#8643 = VERTEX_POINT('',#8644);
#8644 = CARTESIAN_POINT('',(281.,19.75,-34.));
#8645 = LINE('',#8646,#8647);
#8646 = CARTESIAN_POINT('',(281.,19.75,7.546047120499E-14));
#8647 = VECTOR('',#8648,1.);
#8648 = DIRECTION('',(-0.,-3.469446951954E-15,1.));
#8649 = ORIENTED_EDGE('',*,*,#8650,.T.);
#8650 = EDGE_CURVE('',#8643,#8651,#8653,.T.);
#8651 = VERTEX_POINT('',#8652);
#8652 = CARTESIAN_POINT('',(281.,21.75,-34.));
#8653 = LINE('',#8654,#8655);
#8654 = CARTESIAN_POINT('',(281.,21.75,-34.));
#8655 = VECTOR('',#8656,1.);
#8656 = DIRECTION('',(0.,1.,3.491481338843E-15));
#8657 = ORIENTED_EDGE('',*,*,#8658,.T.);
#8658 = EDGE_CURVE('',#8651,#8619,#8659,.T.);
#8659 = LINE('',#8660,#8661);
#8660 = CARTESIAN_POINT('',(281.,21.75,-2.));
#8661 = VECTOR('',#8662,1.);
#8662 = DIRECTION('',(0.,-3.469446951954E-15,1.));
#8663 = ORIENTED_EDGE('',*,*,#8618,.F.);
#8664 = PLANE('',#8665);
#8665 = AXIS2_PLACEMENT_3D('',#8666,#8667,#8668);
#8666 = CARTESIAN_POINT('',(281.,21.75,-2.));
#8667 = DIRECTION('',(1.,0.,0.));
#8668 = DIRECTION('',(0.,0.,-1.));
#8669 = ADVANCED_FACE('',(#8670),#8695,.T.);
#8670 = FACE_BOUND('',#8671,.T.);
#8671 = EDGE_LOOP('',(#8672,#8680,#8688,#8694));
#8672 = ORIENTED_EDGE('',*,*,#8673,.T.);
#8673 = EDGE_CURVE('',#8579,#8674,#8676,.T.);
#8674 = VERTEX_POINT('',#8675);
#8675 = CARTESIAN_POINT('',(-281.,21.75,-34.));
#8676 = LINE('',#8677,#8678);
#8677 = CARTESIAN_POINT('',(-281.,21.75,-35.));
#8678 = VECTOR('',#8679,1.);
#8679 = DIRECTION('',(0.,3.469446951954E-15,-1.));
#8680 = ORIENTED_EDGE('',*,*,#8681,.T.);
#8681 = EDGE_CURVE('',#8674,#8682,#8684,.T.);
#8682 = VERTEX_POINT('',#8683);
#8683 = CARTESIAN_POINT('',(-281.,19.75,-34.));
#8684 = LINE('',#8685,#8686);
#8685 = CARTESIAN_POINT('',(-281.,21.75,-34.));
#8686 = VECTOR('',#8687,1.);
#8687 = DIRECTION('',(0.,-1.,-3.491481338843E-15));
#8688 = ORIENTED_EDGE('',*,*,#8689,.F.);
#8689 = EDGE_CURVE('',#8577,#8682,#8690,.T.);
#8690 = LINE('',#8691,#8692);
#8691 = CARTESIAN_POINT('',(-281.,19.75,7.546047120499E-14));
#8692 = VECTOR('',#8693,1.);
#8693 = DIRECTION('',(-0.,3.469446951954E-15,-1.));
#8694 = ORIENTED_EDGE('',*,*,#8576,.T.);
#8695 = PLANE('',#8696);
#8696 = AXIS2_PLACEMENT_3D('',#8697,#8698,#8699);
#8697 = CARTESIAN_POINT('',(-281.,21.75,-35.));
#8698 = DIRECTION('',(-1.,-0.,0.));
#8699 = DIRECTION('',(0.,0.,1.));
#8700 = ADVANCED_FACE('',(#8701,#8721,#8741,#8752,#8763,#8774,#8785,
    #8814,#8818,#8822,#8826,#8830,#8834,#8838,#8842,#8846,#8850,#8854,
    #8858,#8862,#8866,#8870,#8874,#8878,#8882,#8886,#8890,#8894,#8898,
    #8902,#8906,#8910,#8914,#8918,#8922,#8926,#8930,#8934,#8938,#8942,
    #8946,#8950),#8954,.T.);
#8701 = FACE_BOUND('',#8702,.T.);
#8702 = EDGE_LOOP('',(#8703,#8714));
#8703 = ORIENTED_EDGE('',*,*,#8704,.F.);
#8704 = EDGE_CURVE('',#8705,#8707,#8709,.T.);
#8705 = VERTEX_POINT('',#8706);
#8706 = CARTESIAN_POINT('',(-212.5,21.75,-26.));
#8707 = VERTEX_POINT('',#8708);
#8708 = CARTESIAN_POINT('',(-212.5,21.75,-32.));
#8709 = CIRCLE('',#8710,3.);
#8710 = AXIS2_PLACEMENT_3D('',#8711,#8712,#8713);
#8711 = CARTESIAN_POINT('',(-212.5,21.75,-29.));
#8712 = DIRECTION('',(-0.,1.,3.469446951954E-15));
#8713 = DIRECTION('',(0.,-3.469446951954E-15,1.));
#8714 = ORIENTED_EDGE('',*,*,#8715,.F.);
#8715 = EDGE_CURVE('',#8707,#8705,#8716,.T.);
#8716 = CIRCLE('',#8717,3.);
#8717 = AXIS2_PLACEMENT_3D('',#8718,#8719,#8720);
#8718 = CARTESIAN_POINT('',(-212.5,21.75,-29.));
#8719 = DIRECTION('',(-0.,1.,3.469446951954E-15));
#8720 = DIRECTION('',(0.,-3.469446951954E-15,1.));
#8721 = FACE_BOUND('',#8722,.T.);
#8722 = EDGE_LOOP('',(#8723,#8734));
#8723 = ORIENTED_EDGE('',*,*,#8724,.F.);
#8724 = EDGE_CURVE('',#8725,#8727,#8729,.T.);
#8725 = VERTEX_POINT('',#8726);
#8726 = CARTESIAN_POINT('',(-225.,21.75,-26.));
#8727 = VERTEX_POINT('',#8728);
#8728 = CARTESIAN_POINT('',(-225.,21.75,-32.));
#8729 = CIRCLE('',#8730,3.);
#8730 = AXIS2_PLACEMENT_3D('',#8731,#8732,#8733);
#8731 = CARTESIAN_POINT('',(-225.,21.75,-29.));
#8732 = DIRECTION('',(-0.,1.,3.469446951954E-15));
#8733 = DIRECTION('',(0.,-3.469446951954E-15,1.));
#8734 = ORIENTED_EDGE('',*,*,#8735,.F.);
#8735 = EDGE_CURVE('',#8727,#8725,#8736,.T.);
#8736 = CIRCLE('',#8737,3.);
#8737 = AXIS2_PLACEMENT_3D('',#8738,#8739,#8740);
#8738 = CARTESIAN_POINT('',(-225.,21.75,-29.));
#8739 = DIRECTION('',(-0.,1.,3.469446951954E-15));
#8740 = DIRECTION('',(0.,-3.469446951954E-15,1.));
#8741 = FACE_BOUND('',#8742,.T.);
#8742 = EDGE_LOOP('',(#8743));
#8743 = ORIENTED_EDGE('',*,*,#8744,.F.);
#8744 = EDGE_CURVE('',#8745,#8745,#8747,.T.);
#8745 = VERTEX_POINT('',#8746);
#8746 = CARTESIAN_POINT('',(275.,21.75,-19.5));
#8747 = CIRCLE('',#8748,3.);
#8748 = AXIS2_PLACEMENT_3D('',#8749,#8750,#8751);
#8749 = CARTESIAN_POINT('',(275.,21.75,-16.5));
#8750 = DIRECTION('',(0.,1.,3.469446951954E-15));
#8751 = DIRECTION('',(0.,3.469446951954E-15,-1.));
#8752 = FACE_BOUND('',#8753,.T.);
#8753 = EDGE_LOOP('',(#8754));
#8754 = ORIENTED_EDGE('',*,*,#8755,.F.);
#8755 = EDGE_CURVE('',#8756,#8756,#8758,.T.);
#8756 = VERTEX_POINT('',#8757);
#8757 = CARTESIAN_POINT('',(-275.,21.75,-13.5));
#8758 = CIRCLE('',#8759,3.);
#8759 = AXIS2_PLACEMENT_3D('',#8760,#8761,#8762);
#8760 = CARTESIAN_POINT('',(-275.,21.75,-16.5));
#8761 = DIRECTION('',(0.,1.,3.469446951954E-15));
#8762 = DIRECTION('',(0.,-3.469446951954E-15,1.));
#8763 = FACE_BOUND('',#8764,.T.);
#8764 = EDGE_LOOP('',(#8765));
#8765 = ORIENTED_EDGE('',*,*,#8766,.F.);
#8766 = EDGE_CURVE('',#8767,#8767,#8769,.T.);
#8767 = VERTEX_POINT('',#8768);
#8768 = CARTESIAN_POINT('',(262.5,21.75,-32.));
#8769 = CIRCLE('',#8770,3.);
#8770 = AXIS2_PLACEMENT_3D('',#8771,#8772,#8773);
#8771 = CARTESIAN_POINT('',(262.5,21.75,-29.));
#8772 = DIRECTION('',(0.,1.,3.469446951954E-15));
#8773 = DIRECTION('',(0.,3.469446951954E-15,-1.));
#8774 = FACE_BOUND('',#8775,.T.);
#8775 = EDGE_LOOP('',(#8776));
#8776 = ORIENTED_EDGE('',*,*,#8777,.F.);
#8777 = EDGE_CURVE('',#8778,#8778,#8780,.T.);
#8778 = VERTEX_POINT('',#8779);
#8779 = CARTESIAN_POINT('',(-262.5,21.75,-26.));
#8780 = CIRCLE('',#8781,3.);
#8781 = AXIS2_PLACEMENT_3D('',#8782,#8783,#8784);
#8782 = CARTESIAN_POINT('',(-262.5,21.75,-29.));
#8783 = DIRECTION('',(0.,1.,3.469446951954E-15));
#8784 = DIRECTION('',(0.,-3.469446951954E-15,1.));
#8785 = FACE_BOUND('',#8786,.T.);
#8786 = EDGE_LOOP('',(#8787,#8788,#8796,#8804,#8810,#8811,#8812,#8813));
#8787 = ORIENTED_EDGE('',*,*,#8658,.F.);
#8788 = ORIENTED_EDGE('',*,*,#8789,.T.);
#8789 = EDGE_CURVE('',#8651,#8790,#8792,.T.);
#8790 = VERTEX_POINT('',#8791);
#8791 = CARTESIAN_POINT('',(280.,21.75,-35.));
#8792 = LINE('',#8793,#8794);
#8793 = CARTESIAN_POINT('',(157.49999999999,21.750000000001,-157.5));
#8794 = VECTOR('',#8795,1.);
#8795 = DIRECTION('',(-0.707106781187,2.453269466693E-15,-0.707106781187
    ));
#8796 = ORIENTED_EDGE('',*,*,#8797,.F.);
#8797 = EDGE_CURVE('',#8798,#8790,#8800,.T.);
#8798 = VERTEX_POINT('',#8799);
#8799 = CARTESIAN_POINT('',(-280.,21.75,-35.));
#8800 = LINE('',#8801,#8802);
#8801 = CARTESIAN_POINT('',(281.,21.75,-35.));
#8802 = VECTOR('',#8803,1.);
#8803 = DIRECTION('',(1.,0.,0.));
#8804 = ORIENTED_EDGE('',*,*,#8805,.T.);
#8805 = EDGE_CURVE('',#8798,#8674,#8806,.T.);
#8806 = LINE('',#8807,#8808);
#8807 = CARTESIAN_POINT('',(-157.4999999999,21.750000000001,-157.5));
#8808 = VECTOR('',#8809,1.);
#8809 = DIRECTION('',(-0.707106781187,-2.453269466693E-15,0.707106781187
    ));
#8810 = ORIENTED_EDGE('',*,*,#8673,.F.);
#8811 = ORIENTED_EDGE('',*,*,#8595,.T.);
#8812 = ORIENTED_EDGE('',*,*,#8293,.T.);
#8813 = ORIENTED_EDGE('',*,*,#8626,.F.);
#8814 = FACE_BOUND('',#8815,.T.);
#8815 = EDGE_LOOP('',(#8816,#8817));
#8816 = ORIENTED_EDGE('',*,*,#1475,.F.);
#8817 = ORIENTED_EDGE('',*,*,#1449,.F.);
#8818 = FACE_BOUND('',#8819,.T.);
#8819 = EDGE_LOOP('',(#8820,#8821));
#8820 = ORIENTED_EDGE('',*,*,#1434,.F.);
#8821 = ORIENTED_EDGE('',*,*,#1408,.F.);
#8822 = FACE_BOUND('',#8823,.T.);
#8823 = EDGE_LOOP('',(#8824,#8825));
#8824 = ORIENTED_EDGE('',*,*,#1393,.F.);
#8825 = ORIENTED_EDGE('',*,*,#1367,.F.);
#8826 = FACE_BOUND('',#8827,.T.);
#8827 = EDGE_LOOP('',(#8828,#8829));
#8828 = ORIENTED_EDGE('',*,*,#1352,.F.);
#8829 = ORIENTED_EDGE('',*,*,#1326,.F.);
#8830 = FACE_BOUND('',#8831,.T.);
#8831 = EDGE_LOOP('',(#8832,#8833));
#8832 = ORIENTED_EDGE('',*,*,#1311,.F.);
#8833 = ORIENTED_EDGE('',*,*,#1285,.F.);
#8834 = FACE_BOUND('',#8835,.T.);
#8835 = EDGE_LOOP('',(#8836,#8837));
#8836 = ORIENTED_EDGE('',*,*,#1270,.F.);
#8837 = ORIENTED_EDGE('',*,*,#1244,.F.);
#8838 = FACE_BOUND('',#8839,.T.);
#8839 = EDGE_LOOP('',(#8840,#8841));
#8840 = ORIENTED_EDGE('',*,*,#1229,.F.);
#8841 = ORIENTED_EDGE('',*,*,#1203,.F.);
#8842 = FACE_BOUND('',#8843,.T.);
#8843 = EDGE_LOOP('',(#8844,#8845));
#8844 = ORIENTED_EDGE('',*,*,#1188,.F.);
#8845 = ORIENTED_EDGE('',*,*,#1162,.F.);
#8846 = FACE_BOUND('',#8847,.T.);
#8847 = EDGE_LOOP('',(#8848,#8849));
#8848 = ORIENTED_EDGE('',*,*,#1147,.F.);
#8849 = ORIENTED_EDGE('',*,*,#1121,.F.);
#8850 = FACE_BOUND('',#8851,.T.);
#8851 = EDGE_LOOP('',(#8852,#8853));
#8852 = ORIENTED_EDGE('',*,*,#1106,.F.);
#8853 = ORIENTED_EDGE('',*,*,#1080,.F.);
#8854 = FACE_BOUND('',#8855,.T.);
#8855 = EDGE_LOOP('',(#8856,#8857));
#8856 = ORIENTED_EDGE('',*,*,#1065,.F.);
#8857 = ORIENTED_EDGE('',*,*,#1039,.F.);
#8858 = FACE_BOUND('',#8859,.T.);
#8859 = EDGE_LOOP('',(#8860,#8861));
#8860 = ORIENTED_EDGE('',*,*,#1024,.F.);
#8861 = ORIENTED_EDGE('',*,*,#998,.F.);
#8862 = FACE_BOUND('',#8863,.T.);
#8863 = EDGE_LOOP('',(#8864,#8865));
#8864 = ORIENTED_EDGE('',*,*,#983,.F.);
#8865 = ORIENTED_EDGE('',*,*,#957,.F.);
#8866 = FACE_BOUND('',#8867,.T.);
#8867 = EDGE_LOOP('',(#8868,#8869));
#8868 = ORIENTED_EDGE('',*,*,#942,.F.);
#8869 = ORIENTED_EDGE('',*,*,#916,.F.);
#8870 = FACE_BOUND('',#8871,.T.);
#8871 = EDGE_LOOP('',(#8872,#8873));
#8872 = ORIENTED_EDGE('',*,*,#901,.F.);
#8873 = ORIENTED_EDGE('',*,*,#875,.F.);
#8874 = FACE_BOUND('',#8875,.T.);
#8875 = EDGE_LOOP('',(#8876,#8877));
#8876 = ORIENTED_EDGE('',*,*,#860,.F.);
#8877 = ORIENTED_EDGE('',*,*,#834,.F.);
#8878 = FACE_BOUND('',#8879,.T.);
#8879 = EDGE_LOOP('',(#8880,#8881));
#8880 = ORIENTED_EDGE('',*,*,#819,.F.);
#8881 = ORIENTED_EDGE('',*,*,#793,.F.);
#8882 = FACE_BOUND('',#8883,.T.);
#8883 = EDGE_LOOP('',(#8884,#8885));
#8884 = ORIENTED_EDGE('',*,*,#778,.F.);
#8885 = ORIENTED_EDGE('',*,*,#752,.F.);
#8886 = FACE_BOUND('',#8887,.T.);
#8887 = EDGE_LOOP('',(#8888,#8889));
#8888 = ORIENTED_EDGE('',*,*,#737,.F.);
#8889 = ORIENTED_EDGE('',*,*,#711,.F.);
#8890 = FACE_BOUND('',#8891,.T.);
#8891 = EDGE_LOOP('',(#8892,#8893));
#8892 = ORIENTED_EDGE('',*,*,#696,.F.);
#8893 = ORIENTED_EDGE('',*,*,#670,.F.);
#8894 = FACE_BOUND('',#8895,.T.);
#8895 = EDGE_LOOP('',(#8896,#8897));
#8896 = ORIENTED_EDGE('',*,*,#655,.F.);
#8897 = ORIENTED_EDGE('',*,*,#629,.F.);
#8898 = FACE_BOUND('',#8899,.T.);
#8899 = EDGE_LOOP('',(#8900,#8901));
#8900 = ORIENTED_EDGE('',*,*,#614,.F.);
#8901 = ORIENTED_EDGE('',*,*,#588,.F.);
#8902 = FACE_BOUND('',#8903,.T.);
#8903 = EDGE_LOOP('',(#8904,#8905));
#8904 = ORIENTED_EDGE('',*,*,#573,.F.);
#8905 = ORIENTED_EDGE('',*,*,#547,.F.);
#8906 = FACE_BOUND('',#8907,.T.);
#8907 = EDGE_LOOP('',(#8908,#8909));
#8908 = ORIENTED_EDGE('',*,*,#532,.F.);
#8909 = ORIENTED_EDGE('',*,*,#506,.F.);
#8910 = FACE_BOUND('',#8911,.T.);
#8911 = EDGE_LOOP('',(#8912,#8913));
#8912 = ORIENTED_EDGE('',*,*,#491,.F.);
#8913 = ORIENTED_EDGE('',*,*,#465,.F.);
#8914 = FACE_BOUND('',#8915,.T.);
#8915 = EDGE_LOOP('',(#8916,#8917));
#8916 = ORIENTED_EDGE('',*,*,#450,.F.);
#8917 = ORIENTED_EDGE('',*,*,#424,.F.);
#8918 = FACE_BOUND('',#8919,.T.);
#8919 = EDGE_LOOP('',(#8920,#8921));
#8920 = ORIENTED_EDGE('',*,*,#409,.F.);
#8921 = ORIENTED_EDGE('',*,*,#383,.F.);
#8922 = FACE_BOUND('',#8923,.T.);
#8923 = EDGE_LOOP('',(#8924,#8925));
#8924 = ORIENTED_EDGE('',*,*,#368,.F.);
#8925 = ORIENTED_EDGE('',*,*,#342,.F.);
#8926 = FACE_BOUND('',#8927,.T.);
#8927 = EDGE_LOOP('',(#8928,#8929));
#8928 = ORIENTED_EDGE('',*,*,#327,.F.);
#8929 = ORIENTED_EDGE('',*,*,#301,.F.);
#8930 = FACE_BOUND('',#8931,.T.);
#8931 = EDGE_LOOP('',(#8932,#8933));
#8932 = ORIENTED_EDGE('',*,*,#286,.F.);
#8933 = ORIENTED_EDGE('',*,*,#260,.F.);
#8934 = FACE_BOUND('',#8935,.T.);
#8935 = EDGE_LOOP('',(#8936,#8937));
#8936 = ORIENTED_EDGE('',*,*,#245,.F.);
#8937 = ORIENTED_EDGE('',*,*,#219,.F.);
#8938 = FACE_BOUND('',#8939,.T.);
#8939 = EDGE_LOOP('',(#8940,#8941));
#8940 = ORIENTED_EDGE('',*,*,#204,.F.);
#8941 = ORIENTED_EDGE('',*,*,#178,.F.);
#8942 = FACE_BOUND('',#8943,.T.);
#8943 = EDGE_LOOP('',(#8944,#8945));
#8944 = ORIENTED_EDGE('',*,*,#163,.F.);
#8945 = ORIENTED_EDGE('',*,*,#137,.F.);
#8946 = FACE_BOUND('',#8947,.T.);
#8947 = EDGE_LOOP('',(#8948,#8949));
#8948 = ORIENTED_EDGE('',*,*,#122,.F.);
#8949 = ORIENTED_EDGE('',*,*,#96,.F.);
#8950 = FACE_BOUND('',#8951,.T.);
#8951 = EDGE_LOOP('',(#8952,#8953));
#8952 = ORIENTED_EDGE('',*,*,#81,.F.);
#8953 = ORIENTED_EDGE('',*,*,#55,.F.);
#8954 = PLANE('',#8955);
#8955 = AXIS2_PLACEMENT_3D('',#8956,#8957,#8958);
#8956 = CARTESIAN_POINT('',(0.,21.75,8.244343388268E-14));
#8957 = DIRECTION('',(-0.,1.,3.469446951954E-15));
#8958 = DIRECTION('',(0.,-3.469446951954E-15,1.));
#8959 = ADVANCED_FACE('',(#8960,#8971,#8982,#8993,#9004,#9015,#9026,
    #9055,#9058,#9061,#9064,#9067,#9070,#9073,#9076,#9079,#9082,#9085,
    #9088,#9091,#9094,#9097,#9100,#9103,#9106,#9109,#9112,#9115,#9118,
    #9121,#9124,#9127,#9130,#9133,#9136,#9139,#9142,#9145,#9148,#9151,
    #9154,#9157),#9160,.F.);
#8960 = FACE_BOUND('',#8961,.T.);
#8961 = EDGE_LOOP('',(#8962));
#8962 = ORIENTED_EDGE('',*,*,#8963,.F.);
#8963 = EDGE_CURVE('',#8964,#8964,#8966,.T.);
#8964 = VERTEX_POINT('',#8965);
#8965 = CARTESIAN_POINT('',(-212.5,19.75,-32.));
#8966 = CIRCLE('',#8967,3.);
#8967 = AXIS2_PLACEMENT_3D('',#8968,#8969,#8970);
#8968 = CARTESIAN_POINT('',(-212.5,19.75,-29.));
#8969 = DIRECTION('',(0.,-1.,-3.469446951954E-15));
#8970 = DIRECTION('',(0.,3.469446951954E-15,-1.));
#8971 = FACE_BOUND('',#8972,.T.);
#8972 = EDGE_LOOP('',(#8973));
#8973 = ORIENTED_EDGE('',*,*,#8974,.F.);
#8974 = EDGE_CURVE('',#8975,#8975,#8977,.T.);
#8975 = VERTEX_POINT('',#8976);
#8976 = CARTESIAN_POINT('',(-225.,19.75,-32.));
#8977 = CIRCLE('',#8978,3.);
#8978 = AXIS2_PLACEMENT_3D('',#8979,#8980,#8981);
#8979 = CARTESIAN_POINT('',(-225.,19.75,-29.));
#8980 = DIRECTION('',(0.,-1.,-3.469446951954E-15));
#8981 = DIRECTION('',(0.,3.469446951954E-15,-1.));
#8982 = FACE_BOUND('',#8983,.T.);
#8983 = EDGE_LOOP('',(#8984));
#8984 = ORIENTED_EDGE('',*,*,#8985,.T.);
#8985 = EDGE_CURVE('',#8986,#8986,#8988,.T.);
#8986 = VERTEX_POINT('',#8987);
#8987 = CARTESIAN_POINT('',(275.,19.75,-19.5));
#8988 = CIRCLE('',#8989,3.);
#8989 = AXIS2_PLACEMENT_3D('',#8990,#8991,#8992);
#8990 = CARTESIAN_POINT('',(275.,19.75,-16.5));
#8991 = DIRECTION('',(0.,1.,3.469446951954E-15));
#8992 = DIRECTION('',(0.,3.469446951954E-15,-1.));
#8993 = FACE_BOUND('',#8994,.T.);
#8994 = EDGE_LOOP('',(#8995));
#8995 = ORIENTED_EDGE('',*,*,#8996,.T.);
#8996 = EDGE_CURVE('',#8997,#8997,#8999,.T.);
#8997 = VERTEX_POINT('',#8998);
#8998 = CARTESIAN_POINT('',(-275.,19.75,-13.5));
#8999 = CIRCLE('',#9000,3.);
#9000 = AXIS2_PLACEMENT_3D('',#9001,#9002,#9003);
#9001 = CARTESIAN_POINT('',(-275.,19.75,-16.5));
#9002 = DIRECTION('',(0.,1.,3.469446951954E-15));
#9003 = DIRECTION('',(0.,-3.469446951954E-15,1.));
#9004 = FACE_BOUND('',#9005,.T.);
#9005 = EDGE_LOOP('',(#9006));
#9006 = ORIENTED_EDGE('',*,*,#9007,.T.);
#9007 = EDGE_CURVE('',#9008,#9008,#9010,.T.);
#9008 = VERTEX_POINT('',#9009);
#9009 = CARTESIAN_POINT('',(262.5,19.75,-32.));
#9010 = CIRCLE('',#9011,3.);
#9011 = AXIS2_PLACEMENT_3D('',#9012,#9013,#9014);
#9012 = CARTESIAN_POINT('',(262.5,19.75,-29.));
#9013 = DIRECTION('',(0.,1.,3.469446951954E-15));
#9014 = DIRECTION('',(0.,3.469446951954E-15,-1.));
#9015 = FACE_BOUND('',#9016,.T.);
#9016 = EDGE_LOOP('',(#9017));
#9017 = ORIENTED_EDGE('',*,*,#9018,.T.);
#9018 = EDGE_CURVE('',#9019,#9019,#9021,.T.);
#9019 = VERTEX_POINT('',#9020);
#9020 = CARTESIAN_POINT('',(-262.5,19.75,-26.));
#9021 = CIRCLE('',#9022,3.);
#9022 = AXIS2_PLACEMENT_3D('',#9023,#9024,#9025);
#9023 = CARTESIAN_POINT('',(-262.5,19.75,-29.));
#9024 = DIRECTION('',(0.,1.,3.469446951954E-15));
#9025 = DIRECTION('',(0.,-3.469446951954E-15,1.));
#9026 = FACE_BOUND('',#9027,.T.);
#9027 = EDGE_LOOP('',(#9028,#9038,#9044,#9045,#9046,#9047,#9048,#9049));
#9028 = ORIENTED_EDGE('',*,*,#9029,.T.);
#9029 = EDGE_CURVE('',#9030,#9032,#9034,.T.);
#9030 = VERTEX_POINT('',#9031);
#9031 = CARTESIAN_POINT('',(-280.,19.75,-35.));
#9032 = VERTEX_POINT('',#9033);
#9033 = CARTESIAN_POINT('',(280.,19.75,-35.));
#9034 = LINE('',#9035,#9036);
#9035 = CARTESIAN_POINT('',(0.,19.75,-35.));
#9036 = VECTOR('',#9037,1.);
#9037 = DIRECTION('',(1.,-0.,-0.));
#9038 = ORIENTED_EDGE('',*,*,#9039,.T.);
#9039 = EDGE_CURVE('',#9032,#8643,#9040,.T.);
#9040 = LINE('',#9041,#9042);
#9041 = CARTESIAN_POINT('',(280.,19.75,-35.));
#9042 = VECTOR('',#9043,1.);
#9043 = DIRECTION('',(0.707106781187,-2.453269466693E-15,0.707106781187)
  );
#9044 = ORIENTED_EDGE('',*,*,#8642,.T.);
#9045 = ORIENTED_EDGE('',*,*,#8610,.T.);
#9046 = ORIENTED_EDGE('',*,*,#5961,.F.);
#9047 = ORIENTED_EDGE('',*,*,#8586,.F.);
#9048 = ORIENTED_EDGE('',*,*,#8689,.T.);
#9049 = ORIENTED_EDGE('',*,*,#9050,.T.);
#9050 = EDGE_CURVE('',#8682,#9030,#9051,.T.);
#9051 = LINE('',#9052,#9053);
#9052 = CARTESIAN_POINT('',(-281.,19.75,-34.));
#9053 = VECTOR('',#9054,1.);
#9054 = DIRECTION('',(0.707106781187,2.453269466693E-15,-0.707106781187)
  );
#9055 = FACE_BOUND('',#9056,.T.);
#9056 = EDGE_LOOP('',(#9057));
#9057 = ORIENTED_EDGE('',*,*,#1467,.F.);
#9058 = FACE_BOUND('',#9059,.T.);
#9059 = EDGE_LOOP('',(#9060));
#9060 = ORIENTED_EDGE('',*,*,#1426,.F.);
#9061 = FACE_BOUND('',#9062,.T.);
#9062 = EDGE_LOOP('',(#9063));
#9063 = ORIENTED_EDGE('',*,*,#1385,.F.);
#9064 = FACE_BOUND('',#9065,.T.);
#9065 = EDGE_LOOP('',(#9066));
#9066 = ORIENTED_EDGE('',*,*,#1344,.F.);
#9067 = FACE_BOUND('',#9068,.T.);
#9068 = EDGE_LOOP('',(#9069));
#9069 = ORIENTED_EDGE('',*,*,#1303,.F.);
#9070 = FACE_BOUND('',#9071,.T.);
#9071 = EDGE_LOOP('',(#9072));
#9072 = ORIENTED_EDGE('',*,*,#1262,.F.);
#9073 = FACE_BOUND('',#9074,.T.);
#9074 = EDGE_LOOP('',(#9075));
#9075 = ORIENTED_EDGE('',*,*,#1221,.F.);
#9076 = FACE_BOUND('',#9077,.T.);
#9077 = EDGE_LOOP('',(#9078));
#9078 = ORIENTED_EDGE('',*,*,#1180,.F.);
#9079 = FACE_BOUND('',#9080,.T.);
#9080 = EDGE_LOOP('',(#9081));
#9081 = ORIENTED_EDGE('',*,*,#1139,.F.);
#9082 = FACE_BOUND('',#9083,.T.);
#9083 = EDGE_LOOP('',(#9084));
#9084 = ORIENTED_EDGE('',*,*,#1098,.F.);
#9085 = FACE_BOUND('',#9086,.T.);
#9086 = EDGE_LOOP('',(#9087));
#9087 = ORIENTED_EDGE('',*,*,#1057,.F.);
#9088 = FACE_BOUND('',#9089,.T.);
#9089 = EDGE_LOOP('',(#9090));
#9090 = ORIENTED_EDGE('',*,*,#1016,.F.);
#9091 = FACE_BOUND('',#9092,.T.);
#9092 = EDGE_LOOP('',(#9093));
#9093 = ORIENTED_EDGE('',*,*,#975,.F.);
#9094 = FACE_BOUND('',#9095,.T.);
#9095 = EDGE_LOOP('',(#9096));
#9096 = ORIENTED_EDGE('',*,*,#934,.F.);
#9097 = FACE_BOUND('',#9098,.T.);
#9098 = EDGE_LOOP('',(#9099));
#9099 = ORIENTED_EDGE('',*,*,#893,.F.);
#9100 = FACE_BOUND('',#9101,.T.);
#9101 = EDGE_LOOP('',(#9102));
#9102 = ORIENTED_EDGE('',*,*,#852,.F.);
#9103 = FACE_BOUND('',#9104,.T.);
#9104 = EDGE_LOOP('',(#9105));
#9105 = ORIENTED_EDGE('',*,*,#811,.F.);
#9106 = FACE_BOUND('',#9107,.T.);
#9107 = EDGE_LOOP('',(#9108));
#9108 = ORIENTED_EDGE('',*,*,#770,.F.);
#9109 = FACE_BOUND('',#9110,.T.);
#9110 = EDGE_LOOP('',(#9111));
#9111 = ORIENTED_EDGE('',*,*,#729,.F.);
#9112 = FACE_BOUND('',#9113,.T.);
#9113 = EDGE_LOOP('',(#9114));
#9114 = ORIENTED_EDGE('',*,*,#688,.F.);
#9115 = FACE_BOUND('',#9116,.T.);
#9116 = EDGE_LOOP('',(#9117));
#9117 = ORIENTED_EDGE('',*,*,#647,.F.);
#9118 = FACE_BOUND('',#9119,.T.);
#9119 = EDGE_LOOP('',(#9120));
#9120 = ORIENTED_EDGE('',*,*,#606,.F.);
#9121 = FACE_BOUND('',#9122,.T.);
#9122 = EDGE_LOOP('',(#9123));
#9123 = ORIENTED_EDGE('',*,*,#565,.F.);
#9124 = FACE_BOUND('',#9125,.T.);
#9125 = EDGE_LOOP('',(#9126));
#9126 = ORIENTED_EDGE('',*,*,#524,.F.);
#9127 = FACE_BOUND('',#9128,.T.);
#9128 = EDGE_LOOP('',(#9129));
#9129 = ORIENTED_EDGE('',*,*,#483,.F.);
#9130 = FACE_BOUND('',#9131,.T.);
#9131 = EDGE_LOOP('',(#9132));
#9132 = ORIENTED_EDGE('',*,*,#442,.F.);
#9133 = FACE_BOUND('',#9134,.T.);
#9134 = EDGE_LOOP('',(#9135));
#9135 = ORIENTED_EDGE('',*,*,#401,.F.);
#9136 = FACE_BOUND('',#9137,.T.);
#9137 = EDGE_LOOP('',(#9138));
#9138 = ORIENTED_EDGE('',*,*,#360,.F.);
#9139 = FACE_BOUND('',#9140,.T.);
#9140 = EDGE_LOOP('',(#9141));
#9141 = ORIENTED_EDGE('',*,*,#319,.F.);
#9142 = FACE_BOUND('',#9143,.T.);
#9143 = EDGE_LOOP('',(#9144));
#9144 = ORIENTED_EDGE('',*,*,#278,.F.);
#9145 = FACE_BOUND('',#9146,.T.);
#9146 = EDGE_LOOP('',(#9147));
#9147 = ORIENTED_EDGE('',*,*,#237,.F.);
#9148 = FACE_BOUND('',#9149,.T.);
#9149 = EDGE_LOOP('',(#9150));
#9150 = ORIENTED_EDGE('',*,*,#196,.F.);
#9151 = FACE_BOUND('',#9152,.T.);
#9152 = EDGE_LOOP('',(#9153));
#9153 = ORIENTED_EDGE('',*,*,#155,.F.);
#9154 = FACE_BOUND('',#9155,.T.);
#9155 = EDGE_LOOP('',(#9156));
#9156 = ORIENTED_EDGE('',*,*,#114,.F.);
#9157 = FACE_BOUND('',#9158,.T.);
#9158 = EDGE_LOOP('',(#9159));
#9159 = ORIENTED_EDGE('',*,*,#73,.F.);
#9160 = PLANE('',#9161);
#9161 = AXIS2_PLACEMENT_3D('',#9162,#9163,#9164);
#9162 = CARTESIAN_POINT('',(0.,19.75,7.546047120499E-14));
#9163 = DIRECTION('',(-0.,1.,3.469446951954E-15));
#9164 = DIRECTION('',(0.,-3.469446951954E-15,1.));
#9165 = ADVANCED_FACE('',(#9166),#9182,.T.);
#9166 = FACE_BOUND('',#9167,.T.);
#9167 = EDGE_LOOP('',(#9168,#9169,#9175,#9176));
#9168 = ORIENTED_EDGE('',*,*,#8797,.T.);
#9169 = ORIENTED_EDGE('',*,*,#9170,.T.);
#9170 = EDGE_CURVE('',#8790,#9032,#9171,.T.);
#9171 = LINE('',#9172,#9173);
#9172 = CARTESIAN_POINT('',(280.,21.75,-35.));
#9173 = VECTOR('',#9174,1.);
#9174 = DIRECTION('',(0.,-1.,-3.491481338843E-15));
#9175 = ORIENTED_EDGE('',*,*,#9029,.F.);
#9176 = ORIENTED_EDGE('',*,*,#9177,.T.);
#9177 = EDGE_CURVE('',#9030,#8798,#9178,.T.);
#9178 = LINE('',#9179,#9180);
#9179 = CARTESIAN_POINT('',(-280.,21.75,-35.));
#9180 = VECTOR('',#9181,1.);
#9181 = DIRECTION('',(0.,1.,3.491481338843E-15));
#9182 = PLANE('',#9183);
#9183 = AXIS2_PLACEMENT_3D('',#9184,#9185,#9186);
#9184 = CARTESIAN_POINT('',(281.,21.75,-35.));
#9185 = DIRECTION('',(0.,3.491481338843E-15,-1.));
#9186 = DIRECTION('',(0.,1.,3.491481338843E-15));
#9187 = ADVANCED_FACE('',(#9188),#9215,.T.);
#9188 = FACE_BOUND('',#9189,.T.);
#9189 = EDGE_LOOP('',(#9190,#9200,#9206,#9207,#9208,#9209));
#9190 = ORIENTED_EDGE('',*,*,#9191,.F.);
#9191 = EDGE_CURVE('',#9192,#9194,#9196,.T.);
#9192 = VERTEX_POINT('',#9193);
#9193 = CARTESIAN_POINT('',(281.,-19.75,-2.6));
#9194 = VERTEX_POINT('',#9195);
#9195 = CARTESIAN_POINT('',(281.,-21.75,-2.6));
#9196 = LINE('',#9197,#9198);
#9197 = CARTESIAN_POINT('',(281.,-21.75,-2.6));
#9198 = VECTOR('',#9199,1.);
#9199 = DIRECTION('',(-6.14199586316E-31,-1.,3.391901413833E-15));
#9200 = ORIENTED_EDGE('',*,*,#9201,.T.);
#9201 = EDGE_CURVE('',#9192,#5986,#9202,.T.);
#9202 = LINE('',#9203,#9204);
#9203 = CARTESIAN_POINT('',(281.,-19.75,7.546047120499E-14));
#9204 = VECTOR('',#9205,1.);
#9205 = DIRECTION('',(0.,3.469446951954E-15,1.));
#9206 = ORIENTED_EDGE('',*,*,#5985,.F.);
#9207 = ORIENTED_EDGE('',*,*,#8554,.T.);
#9208 = ORIENTED_EDGE('',*,*,#8269,.T.);
#9209 = ORIENTED_EDGE('',*,*,#9210,.F.);
#9210 = EDGE_CURVE('',#9194,#8262,#9211,.T.);
#9211 = LINE('',#9212,#9213);
#9212 = CARTESIAN_POINT('',(281.,-21.75,-2.6));
#9213 = VECTOR('',#9214,1.);
#9214 = DIRECTION('',(0.,3.469446951954E-15,1.));
#9215 = PLANE('',#9216);
#9216 = AXIS2_PLACEMENT_3D('',#9217,#9218,#9219);
#9217 = CARTESIAN_POINT('',(281.,-19.15,-2.6));
#9218 = DIRECTION('',(1.,0.,-0.));
#9219 = DIRECTION('',(-0.,0.,-1.));
#9220 = ADVANCED_FACE('',(#9221),#9248,.F.);
#9221 = FACE_BOUND('',#9222,.T.);
#9222 = EDGE_LOOP('',(#9223,#9224,#9232,#9240,#9246,#9247));
#9223 = ORIENTED_EDGE('',*,*,#5937,.T.);
#9224 = ORIENTED_EDGE('',*,*,#9225,.F.);
#9225 = EDGE_CURVE('',#9226,#5930,#9228,.T.);
#9226 = VERTEX_POINT('',#9227);
#9227 = CARTESIAN_POINT('',(-281.,-19.75,-2.6));
#9228 = LINE('',#9229,#9230);
#9229 = CARTESIAN_POINT('',(-281.,-19.75,-2.6));
#9230 = VECTOR('',#9231,1.);
#9231 = DIRECTION('',(0.,3.469446951954E-15,1.));
#9232 = ORIENTED_EDGE('',*,*,#9233,.T.);
#9233 = EDGE_CURVE('',#9226,#9234,#9236,.T.);
#9234 = VERTEX_POINT('',#9235);
#9235 = CARTESIAN_POINT('',(-281.,-21.75,-2.6));
#9236 = LINE('',#9237,#9238);
#9237 = CARTESIAN_POINT('',(-281.,-19.75,-2.6));
#9238 = VECTOR('',#9239,1.);
#9239 = DIRECTION('',(0.,-1.,3.391901413833E-15));
#9240 = ORIENTED_EDGE('',*,*,#9241,.T.);
#9241 = EDGE_CURVE('',#9234,#8318,#9242,.T.);
#9242 = LINE('',#9243,#9244);
#9243 = CARTESIAN_POINT('',(-281.,-21.75,8.244343388268E-14));
#9244 = VECTOR('',#9245,1.);
#9245 = DIRECTION('',(0.,3.469446951954E-15,1.));
#9246 = ORIENTED_EDGE('',*,*,#8317,.F.);
#9247 = ORIENTED_EDGE('',*,*,#8533,.F.);
#9248 = PLANE('',#9249);
#9249 = AXIS2_PLACEMENT_3D('',#9250,#9251,#9252);
#9250 = CARTESIAN_POINT('',(-281.,-19.15,-2.6));
#9251 = DIRECTION('',(1.,0.,-0.));
#9252 = DIRECTION('',(-0.,0.,-1.));
#9253 = ADVANCED_FACE('',(#9254),#9279,.T.);
#9254 = FACE_BOUND('',#9255,.T.);
#9255 = EDGE_LOOP('',(#9256,#9264,#9272,#9278));
#9256 = ORIENTED_EDGE('',*,*,#9257,.F.);
#9257 = EDGE_CURVE('',#9258,#9226,#9260,.T.);
#9258 = VERTEX_POINT('',#9259);
#9259 = CARTESIAN_POINT('',(-281.,-19.75,-10.));
#9260 = LINE('',#9261,#9262);
#9261 = CARTESIAN_POINT('',(-281.,-19.75,7.546047120499E-14));
#9262 = VECTOR('',#9263,1.);
#9263 = DIRECTION('',(-0.,3.469446951954E-15,1.));
#9264 = ORIENTED_EDGE('',*,*,#9265,.T.);
#9265 = EDGE_CURVE('',#9258,#9266,#9268,.T.);
#9266 = VERTEX_POINT('',#9267);
#9267 = CARTESIAN_POINT('',(-281.,-21.75,-10.));
#9268 = LINE('',#9269,#9270);
#9269 = CARTESIAN_POINT('',(-281.,-21.75,-10.));
#9270 = VECTOR('',#9271,1.);
#9271 = DIRECTION('',(0.,-1.,3.491481338843E-15));
#9272 = ORIENTED_EDGE('',*,*,#9273,.T.);
#9273 = EDGE_CURVE('',#9266,#9234,#9274,.T.);
#9274 = LINE('',#9275,#9276);
#9275 = CARTESIAN_POINT('',(-281.,-21.75,-2.));
#9276 = VECTOR('',#9277,1.);
#9277 = DIRECTION('',(0.,3.469446951954E-15,1.));
#9278 = ORIENTED_EDGE('',*,*,#9233,.F.);
#9279 = PLANE('',#9280);
#9280 = AXIS2_PLACEMENT_3D('',#9281,#9282,#9283);
#9281 = CARTESIAN_POINT('',(-281.,-21.75,-2.));
#9282 = DIRECTION('',(-1.,0.,-0.));
#9283 = DIRECTION('',(0.,0.,1.));
#9284 = ADVANCED_FACE('',(#9285),#9310,.T.);
#9285 = FACE_BOUND('',#9286,.T.);
#9286 = EDGE_LOOP('',(#9287,#9295,#9303,#9309));
#9287 = ORIENTED_EDGE('',*,*,#9288,.T.);
#9288 = EDGE_CURVE('',#9194,#9289,#9291,.T.);
#9289 = VERTEX_POINT('',#9290);
#9290 = CARTESIAN_POINT('',(281.,-21.75,-10.));
#9291 = LINE('',#9292,#9293);
#9292 = CARTESIAN_POINT('',(281.,-21.75,-11.));
#9293 = VECTOR('',#9294,1.);
#9294 = DIRECTION('',(-6.167905692362E-15,-3.469446951954E-15,-1.));
#9295 = ORIENTED_EDGE('',*,*,#9296,.T.);
#9296 = EDGE_CURVE('',#9289,#9297,#9299,.T.);
#9297 = VERTEX_POINT('',#9298);
#9298 = CARTESIAN_POINT('',(281.,-19.75,-10.));
#9299 = LINE('',#9300,#9301);
#9300 = CARTESIAN_POINT('',(281.,-21.75,-10.));
#9301 = VECTOR('',#9302,1.);
#9302 = DIRECTION('',(0.,1.,-3.491481338843E-15));
#9303 = ORIENTED_EDGE('',*,*,#9304,.F.);
#9304 = EDGE_CURVE('',#9192,#9297,#9305,.T.);
#9305 = LINE('',#9306,#9307);
#9306 = CARTESIAN_POINT('',(281.,-19.75,-1.657721028349E-12));
#9307 = VECTOR('',#9308,1.);
#9308 = DIRECTION('',(-6.167905692362E-15,-3.469446951954E-15,-1.));
#9309 = ORIENTED_EDGE('',*,*,#9191,.T.);
#9310 = PLANE('',#9311);
#9311 = AXIS2_PLACEMENT_3D('',#9312,#9313,#9314);
#9312 = CARTESIAN_POINT('',(281.,-21.75,-11.));
#9313 = DIRECTION('',(1.,-2.153512762463E-29,-6.167905692362E-15));
#9314 = DIRECTION('',(-6.167905692362E-15,0.,-1.));
#9315 = ADVANCED_FACE('',(#9316,#9327,#9338,#9349,#9360,#9371,#9382,
    #9393,#9404,#9415,#9426),#9725,.T.);
#9316 = FACE_BOUND('',#9317,.T.);
#9317 = EDGE_LOOP('',(#9318));
#9318 = ORIENTED_EDGE('',*,*,#9319,.F.);
#9319 = EDGE_CURVE('',#9320,#9320,#9322,.T.);
#9320 = VERTEX_POINT('',#9321);
#9321 = CARTESIAN_POINT('',(-140.,-21.75,-11.2));
#9322 = CIRCLE('',#9323,2.2);
#9323 = AXIS2_PLACEMENT_3D('',#9324,#9325,#9326);
#9324 = CARTESIAN_POINT('',(-140.,-21.75,-9.));
#9325 = DIRECTION('',(0.,-1.,3.469446951954E-15));
#9326 = DIRECTION('',(0.,-3.469446951954E-15,-1.));
#9327 = FACE_BOUND('',#9328,.T.);
#9328 = EDGE_LOOP('',(#9329));
#9329 = ORIENTED_EDGE('',*,*,#9330,.F.);
#9330 = EDGE_CURVE('',#9331,#9331,#9333,.T.);
#9331 = VERTEX_POINT('',#9332);
#9332 = CARTESIAN_POINT('',(-100.,-21.75,-11.2));
#9333 = CIRCLE('',#9334,2.2);
#9334 = AXIS2_PLACEMENT_3D('',#9335,#9336,#9337);
#9335 = CARTESIAN_POINT('',(-100.,-21.75,-9.));
#9336 = DIRECTION('',(0.,-1.,3.469446951954E-15));
#9337 = DIRECTION('',(0.,-3.469446951954E-15,-1.));
#9338 = FACE_BOUND('',#9339,.T.);
#9339 = EDGE_LOOP('',(#9340));
#9340 = ORIENTED_EDGE('',*,*,#9341,.F.);
#9341 = EDGE_CURVE('',#9342,#9342,#9344,.T.);
#9342 = VERTEX_POINT('',#9343);
#9343 = CARTESIAN_POINT('',(-60.,-21.75,-11.2));
#9344 = CIRCLE('',#9345,2.2);
#9345 = AXIS2_PLACEMENT_3D('',#9346,#9347,#9348);
#9346 = CARTESIAN_POINT('',(-60.,-21.75,-9.));
#9347 = DIRECTION('',(0.,-1.,3.469446951954E-15));
#9348 = DIRECTION('',(0.,-3.469446951954E-15,-1.));
#9349 = FACE_BOUND('',#9350,.T.);
#9350 = EDGE_LOOP('',(#9351));
#9351 = ORIENTED_EDGE('',*,*,#9352,.F.);
#9352 = EDGE_CURVE('',#9353,#9353,#9355,.T.);
#9353 = VERTEX_POINT('',#9354);
#9354 = CARTESIAN_POINT('',(-20.,-21.75,-11.2));
#9355 = CIRCLE('',#9356,2.2);
#9356 = AXIS2_PLACEMENT_3D('',#9357,#9358,#9359);
#9357 = CARTESIAN_POINT('',(-20.,-21.75,-9.));
#9358 = DIRECTION('',(0.,-1.,3.469446951954E-15));
#9359 = DIRECTION('',(0.,-3.469446951954E-15,-1.));
#9360 = FACE_BOUND('',#9361,.T.);
#9361 = EDGE_LOOP('',(#9362));
#9362 = ORIENTED_EDGE('',*,*,#9363,.F.);
#9363 = EDGE_CURVE('',#9364,#9364,#9366,.T.);
#9364 = VERTEX_POINT('',#9365);
#9365 = CARTESIAN_POINT('',(20.,-21.75,-11.2));
#9366 = CIRCLE('',#9367,2.2);
#9367 = AXIS2_PLACEMENT_3D('',#9368,#9369,#9370);
#9368 = CARTESIAN_POINT('',(20.,-21.75,-9.));
#9369 = DIRECTION('',(0.,-1.,3.469446951954E-15));
#9370 = DIRECTION('',(0.,-3.469446951954E-15,-1.));
#9371 = FACE_BOUND('',#9372,.T.);
#9372 = EDGE_LOOP('',(#9373));
#9373 = ORIENTED_EDGE('',*,*,#9374,.F.);
#9374 = EDGE_CURVE('',#9375,#9375,#9377,.T.);
#9375 = VERTEX_POINT('',#9376);
#9376 = CARTESIAN_POINT('',(60.,-21.75,-11.2));
#9377 = CIRCLE('',#9378,2.2);
#9378 = AXIS2_PLACEMENT_3D('',#9379,#9380,#9381);
#9379 = CARTESIAN_POINT('',(60.,-21.75,-9.));
#9380 = DIRECTION('',(0.,-1.,3.469446951954E-15));
#9381 = DIRECTION('',(0.,-3.469446951954E-15,-1.));
#9382 = FACE_BOUND('',#9383,.T.);
#9383 = EDGE_LOOP('',(#9384));
#9384 = ORIENTED_EDGE('',*,*,#9385,.F.);
#9385 = EDGE_CURVE('',#9386,#9386,#9388,.T.);
#9386 = VERTEX_POINT('',#9387);
#9387 = CARTESIAN_POINT('',(100.,-21.75,-11.2));
#9388 = CIRCLE('',#9389,2.2);
#9389 = AXIS2_PLACEMENT_3D('',#9390,#9391,#9392);
#9390 = CARTESIAN_POINT('',(100.,-21.75,-9.));
#9391 = DIRECTION('',(0.,-1.,3.469446951954E-15));
#9392 = DIRECTION('',(0.,-3.469446951954E-15,-1.));
#9393 = FACE_BOUND('',#9394,.T.);
#9394 = EDGE_LOOP('',(#9395));
#9395 = ORIENTED_EDGE('',*,*,#9396,.F.);
#9396 = EDGE_CURVE('',#9397,#9397,#9399,.T.);
#9397 = VERTEX_POINT('',#9398);
#9398 = CARTESIAN_POINT('',(140.,-21.75,-11.2));
#9399 = CIRCLE('',#9400,2.2);
#9400 = AXIS2_PLACEMENT_3D('',#9401,#9402,#9403);
#9401 = CARTESIAN_POINT('',(140.,-21.75,-9.));
#9402 = DIRECTION('',(0.,-1.,3.469446951954E-15));
#9403 = DIRECTION('',(0.,-3.469446951954E-15,-1.));
#9404 = FACE_BOUND('',#9405,.T.);
#9405 = EDGE_LOOP('',(#9406));
#9406 = ORIENTED_EDGE('',*,*,#9407,.F.);
#9407 = EDGE_CURVE('',#9408,#9408,#9410,.T.);
#9408 = VERTEX_POINT('',#9409);
#9409 = CARTESIAN_POINT('',(180.,-21.75,-11.2));
#9410 = CIRCLE('',#9411,2.2);
#9411 = AXIS2_PLACEMENT_3D('',#9412,#9413,#9414);
#9412 = CARTESIAN_POINT('',(180.,-21.75,-9.));
#9413 = DIRECTION('',(0.,-1.,3.469446951954E-15));
#9414 = DIRECTION('',(0.,-3.469446951954E-15,-1.));
#9415 = FACE_BOUND('',#9416,.T.);
#9416 = EDGE_LOOP('',(#9417));
#9417 = ORIENTED_EDGE('',*,*,#9418,.F.);
#9418 = EDGE_CURVE('',#9419,#9419,#9421,.T.);
#9419 = VERTEX_POINT('',#9420);
#9420 = CARTESIAN_POINT('',(-180.,-21.75,-11.2));
#9421 = CIRCLE('',#9422,2.2);
#9422 = AXIS2_PLACEMENT_3D('',#9423,#9424,#9425);
#9423 = CARTESIAN_POINT('',(-180.,-21.75,-9.));
#9424 = DIRECTION('',(0.,-1.,3.469446951954E-15));
#9425 = DIRECTION('',(0.,-3.469446951954E-15,-1.));
#9426 = FACE_BOUND('',#9427,.T.);
#9427 = EDGE_LOOP('',(#9428,#9436,#9444,#9452,#9460,#9468,#9476,#9482,
    #9483,#9484,#9485,#9491,#9492,#9498,#9499,#9505,#9506,#9512,#9513,
    #9519,#9520,#9526,#9527,#9533,#9534,#9540,#9541,#9547,#9548,#9554,
    #9555,#9561,#9562,#9568,#9569,#9575,#9576,#9582,#9583,#9589,#9590,
    #9596,#9597,#9603,#9604,#9610,#9611,#9617,#9618,#9624,#9625,#9631,
    #9632,#9638,#9639,#9645,#9646,#9652,#9653,#9659,#9660,#9666,#9667,
    #9673,#9674,#9680,#9681,#9687,#9688,#9694,#9695,#9701,#9702,#9708,
    #9709,#9715,#9716,#9717,#9718,#9724));
#9428 = ORIENTED_EDGE('',*,*,#9429,.T.);
#9429 = EDGE_CURVE('',#1491,#9430,#9432,.T.);
#9430 = VERTEX_POINT('',#9431);
#9431 = CARTESIAN_POINT('',(-261.,-21.75,-15.));
#9432 = LINE('',#9433,#9434);
#9433 = CARTESIAN_POINT('',(-261.,-21.75,-11.));
#9434 = VECTOR('',#9435,1.);
#9435 = DIRECTION('',(0.,-3.469446951954E-15,-1.));
#9436 = ORIENTED_EDGE('',*,*,#9437,.T.);
#9437 = EDGE_CURVE('',#9430,#9438,#9440,.T.);
#9438 = VERTEX_POINT('',#9439);
#9439 = CARTESIAN_POINT('',(-260.,-21.75,-16.));
#9440 = LINE('',#9441,#9442);
#9441 = CARTESIAN_POINT('',(-138.,-21.75,-138.));
#9442 = VECTOR('',#9443,1.);
#9443 = DIRECTION('',(0.707106781187,-2.453269466693E-15,-0.707106781187
    ));
#9444 = ORIENTED_EDGE('',*,*,#9445,.T.);
#9445 = EDGE_CURVE('',#9438,#9446,#9448,.T.);
#9446 = VERTEX_POINT('',#9447);
#9447 = CARTESIAN_POINT('',(265.,-21.75,-16.));
#9448 = LINE('',#9449,#9450);
#9449 = CARTESIAN_POINT('',(-261.,-21.75,-16.));
#9450 = VECTOR('',#9451,1.);
#9451 = DIRECTION('',(1.,0.,0.));
#9452 = ORIENTED_EDGE('',*,*,#9453,.T.);
#9453 = EDGE_CURVE('',#9446,#9454,#9456,.T.);
#9454 = VERTEX_POINT('',#9455);
#9455 = CARTESIAN_POINT('',(266.,-21.75,-15.));
#9456 = LINE('',#9457,#9458);
#9457 = CARTESIAN_POINT('',(140.49999999999,-21.75,-140.5));
#9458 = VECTOR('',#9459,1.);
#9459 = DIRECTION('',(0.707106781187,2.453269466693E-15,0.707106781187)
  );
#9460 = ORIENTED_EDGE('',*,*,#9461,.T.);
#9461 = EDGE_CURVE('',#9454,#9462,#9464,.T.);
#9462 = VERTEX_POINT('',#9463);
#9463 = CARTESIAN_POINT('',(266.,-21.75,-11.));
#9464 = LINE('',#9465,#9466);
#9465 = CARTESIAN_POINT('',(266.,-21.75,-11.));
#9466 = VECTOR('',#9467,1.);
#9467 = DIRECTION('',(-0.,3.469446951954E-15,1.));
#9468 = ORIENTED_EDGE('',*,*,#9469,.F.);
#9469 = EDGE_CURVE('',#9470,#9462,#9472,.T.);
#9470 = VERTEX_POINT('',#9471);
#9471 = CARTESIAN_POINT('',(280.,-21.75,-11.));
#9472 = LINE('',#9473,#9474);
#9473 = CARTESIAN_POINT('',(-281.,-21.75,-11.));
#9474 = VECTOR('',#9475,1.);
#9475 = DIRECTION('',(-1.,0.,0.));
#9476 = ORIENTED_EDGE('',*,*,#9477,.T.);
#9477 = EDGE_CURVE('',#9470,#9289,#9478,.T.);
#9478 = LINE('',#9479,#9480);
#9479 = CARTESIAN_POINT('',(145.49999999999,-21.75,-145.5));
#9480 = VECTOR('',#9481,1.);
#9481 = DIRECTION('',(0.707106781187,2.453269466693E-15,0.707106781187)
  );
#9482 = ORIENTED_EDGE('',*,*,#9288,.F.);
#9483 = ORIENTED_EDGE('',*,*,#9210,.T.);
#9484 = ORIENTED_EDGE('',*,*,#8261,.T.);
#9485 = ORIENTED_EDGE('',*,*,#9486,.F.);
#9486 = EDGE_CURVE('',#3093,#8254,#9487,.T.);
#9487 = LINE('',#9488,#9489);
#9488 = CARTESIAN_POINT('',(208.,-21.75,8.244343388268E-14));
#9489 = VECTOR('',#9490,1.);
#9490 = DIRECTION('',(-0.,3.469446951954E-15,1.));
#9491 = ORIENTED_EDGE('',*,*,#3090,.F.);
#9492 = ORIENTED_EDGE('',*,*,#9493,.F.);
#9493 = EDGE_CURVE('',#2989,#3091,#9494,.T.);
#9494 = LINE('',#9495,#9496);
#9495 = CARTESIAN_POINT('',(208.,-21.75,-5.5));
#9496 = VECTOR('',#9497,1.);
#9497 = DIRECTION('',(1.,-0.,-0.));
#9498 = ORIENTED_EDGE('',*,*,#2988,.T.);
#9499 = ORIENTED_EDGE('',*,*,#9500,.T.);
#9500 = EDGE_CURVE('',#2981,#8168,#9501,.T.);
#9501 = LINE('',#9502,#9503);
#9502 = CARTESIAN_POINT('',(192.,-21.75,-5.5));
#9503 = VECTOR('',#9504,1.);
#9504 = DIRECTION('',(0.,3.469446951954E-15,1.));
#9505 = ORIENTED_EDGE('',*,*,#8167,.T.);
#9506 = ORIENTED_EDGE('',*,*,#9507,.F.);
#9507 = EDGE_CURVE('',#2933,#8160,#9508,.T.);
#9508 = LINE('',#9509,#9510);
#9509 = CARTESIAN_POINT('',(168.,-21.75,8.244343388268E-14));
#9510 = VECTOR('',#9511,1.);
#9511 = DIRECTION('',(-0.,3.469446951954E-15,1.));
#9512 = ORIENTED_EDGE('',*,*,#2930,.F.);
#9513 = ORIENTED_EDGE('',*,*,#9514,.F.);
#9514 = EDGE_CURVE('',#2829,#2931,#9515,.T.);
#9515 = LINE('',#9516,#9517);
#9516 = CARTESIAN_POINT('',(168.,-21.75,-5.5));
#9517 = VECTOR('',#9518,1.);
#9518 = DIRECTION('',(1.,-0.,-0.));
#9519 = ORIENTED_EDGE('',*,*,#2828,.T.);
#9520 = ORIENTED_EDGE('',*,*,#9521,.T.);
#9521 = EDGE_CURVE('',#2821,#8074,#9522,.T.);
#9522 = LINE('',#9523,#9524);
#9523 = CARTESIAN_POINT('',(152.,-21.75,-5.5));
#9524 = VECTOR('',#9525,1.);
#9525 = DIRECTION('',(0.,3.469446951954E-15,1.));
#9526 = ORIENTED_EDGE('',*,*,#8073,.T.);
#9527 = ORIENTED_EDGE('',*,*,#9528,.F.);
#9528 = EDGE_CURVE('',#2773,#8066,#9529,.T.);
#9529 = LINE('',#9530,#9531);
#9530 = CARTESIAN_POINT('',(128.,-21.75,8.244343388268E-14));
#9531 = VECTOR('',#9532,1.);
#9532 = DIRECTION('',(-0.,3.469446951954E-15,1.));
#9533 = ORIENTED_EDGE('',*,*,#2770,.F.);
#9534 = ORIENTED_EDGE('',*,*,#9535,.F.);
#9535 = EDGE_CURVE('',#2669,#2771,#9536,.T.);
#9536 = LINE('',#9537,#9538);
#9537 = CARTESIAN_POINT('',(128.,-21.75,-5.5));
#9538 = VECTOR('',#9539,1.);
#9539 = DIRECTION('',(1.,-0.,-0.));
#9540 = ORIENTED_EDGE('',*,*,#2668,.T.);
#9541 = ORIENTED_EDGE('',*,*,#9542,.T.);
#9542 = EDGE_CURVE('',#2661,#7980,#9543,.T.);
#9543 = LINE('',#9544,#9545);
#9544 = CARTESIAN_POINT('',(112.,-21.75,-5.5));
#9545 = VECTOR('',#9546,1.);
#9546 = DIRECTION('',(0.,3.469446951954E-15,1.));
#9547 = ORIENTED_EDGE('',*,*,#7979,.T.);
#9548 = ORIENTED_EDGE('',*,*,#9549,.F.);
#9549 = EDGE_CURVE('',#2613,#7972,#9550,.T.);
#9550 = LINE('',#9551,#9552);
#9551 = CARTESIAN_POINT('',(88.,-21.75,8.244343388268E-14));
#9552 = VECTOR('',#9553,1.);
#9553 = DIRECTION('',(-0.,3.469446951954E-15,1.));
#9554 = ORIENTED_EDGE('',*,*,#2610,.F.);
#9555 = ORIENTED_EDGE('',*,*,#9556,.F.);
#9556 = EDGE_CURVE('',#2509,#2611,#9557,.T.);
#9557 = LINE('',#9558,#9559);
#9558 = CARTESIAN_POINT('',(88.,-21.75,-5.5));
#9559 = VECTOR('',#9560,1.);
#9560 = DIRECTION('',(1.,-0.,-0.));
#9561 = ORIENTED_EDGE('',*,*,#2508,.T.);
#9562 = ORIENTED_EDGE('',*,*,#9563,.T.);
#9563 = EDGE_CURVE('',#2501,#7886,#9564,.T.);
#9564 = LINE('',#9565,#9566);
#9565 = CARTESIAN_POINT('',(72.,-21.75,-5.5));
#9566 = VECTOR('',#9567,1.);
#9567 = DIRECTION('',(0.,3.469446951954E-15,1.));
#9568 = ORIENTED_EDGE('',*,*,#7885,.T.);
#9569 = ORIENTED_EDGE('',*,*,#9570,.F.);
#9570 = EDGE_CURVE('',#2453,#7878,#9571,.T.);
#9571 = LINE('',#9572,#9573);
#9572 = CARTESIAN_POINT('',(48.,-21.75,8.244343388268E-14));
#9573 = VECTOR('',#9574,1.);
#9574 = DIRECTION('',(-0.,3.469446951954E-15,1.));
#9575 = ORIENTED_EDGE('',*,*,#2450,.F.);
#9576 = ORIENTED_EDGE('',*,*,#9577,.F.);
#9577 = EDGE_CURVE('',#2349,#2451,#9578,.T.);
#9578 = LINE('',#9579,#9580);
#9579 = CARTESIAN_POINT('',(48.,-21.75,-5.5));
#9580 = VECTOR('',#9581,1.);
#9581 = DIRECTION('',(1.,-0.,-0.));
#9582 = ORIENTED_EDGE('',*,*,#2348,.T.);
#9583 = ORIENTED_EDGE('',*,*,#9584,.T.);
#9584 = EDGE_CURVE('',#2341,#7792,#9585,.T.);
#9585 = LINE('',#9586,#9587);
#9586 = CARTESIAN_POINT('',(32.,-21.75,-5.5));
#9587 = VECTOR('',#9588,1.);
#9588 = DIRECTION('',(0.,3.469446951954E-15,1.));
#9589 = ORIENTED_EDGE('',*,*,#7791,.T.);
#9590 = ORIENTED_EDGE('',*,*,#9591,.F.);
#9591 = EDGE_CURVE('',#2293,#7784,#9592,.T.);
#9592 = LINE('',#9593,#9594);
#9593 = CARTESIAN_POINT('',(8.,-21.75,8.244343388268E-14));
#9594 = VECTOR('',#9595,1.);
#9595 = DIRECTION('',(-0.,3.469446951954E-15,1.));
#9596 = ORIENTED_EDGE('',*,*,#2290,.F.);
#9597 = ORIENTED_EDGE('',*,*,#9598,.F.);
#9598 = EDGE_CURVE('',#2189,#2291,#9599,.T.);
#9599 = LINE('',#9600,#9601);
#9600 = CARTESIAN_POINT('',(8.,-21.75,-5.5));
#9601 = VECTOR('',#9602,1.);
#9602 = DIRECTION('',(1.,-0.,-0.));
#9603 = ORIENTED_EDGE('',*,*,#2188,.T.);
#9604 = ORIENTED_EDGE('',*,*,#9605,.T.);
#9605 = EDGE_CURVE('',#2181,#7698,#9606,.T.);
#9606 = LINE('',#9607,#9608);
#9607 = CARTESIAN_POINT('',(-8.,-21.75,-5.5));
#9608 = VECTOR('',#9609,1.);
#9609 = DIRECTION('',(0.,3.469446951954E-15,1.));
#9610 = ORIENTED_EDGE('',*,*,#7697,.T.);
#9611 = ORIENTED_EDGE('',*,*,#9612,.F.);
#9612 = EDGE_CURVE('',#2133,#7690,#9613,.T.);
#9613 = LINE('',#9614,#9615);
#9614 = CARTESIAN_POINT('',(-32.,-21.75,8.244343388268E-14));
#9615 = VECTOR('',#9616,1.);
#9616 = DIRECTION('',(-0.,3.469446951954E-15,1.));
#9617 = ORIENTED_EDGE('',*,*,#2130,.F.);
#9618 = ORIENTED_EDGE('',*,*,#9619,.F.);
#9619 = EDGE_CURVE('',#2029,#2131,#9620,.T.);
#9620 = LINE('',#9621,#9622);
#9621 = CARTESIAN_POINT('',(-32.,-21.75,-5.5));
#9622 = VECTOR('',#9623,1.);
#9623 = DIRECTION('',(1.,-0.,-0.));
#9624 = ORIENTED_EDGE('',*,*,#2028,.T.);
#9625 = ORIENTED_EDGE('',*,*,#9626,.T.);
#9626 = EDGE_CURVE('',#2021,#7604,#9627,.T.);
#9627 = LINE('',#9628,#9629);
#9628 = CARTESIAN_POINT('',(-48.,-21.75,-5.5));
#9629 = VECTOR('',#9630,1.);
#9630 = DIRECTION('',(0.,3.469446951954E-15,1.));
#9631 = ORIENTED_EDGE('',*,*,#7603,.T.);
#9632 = ORIENTED_EDGE('',*,*,#9633,.F.);
#9633 = EDGE_CURVE('',#1973,#7596,#9634,.T.);
#9634 = LINE('',#9635,#9636);
#9635 = CARTESIAN_POINT('',(-72.,-21.75,8.244343388268E-14));
#9636 = VECTOR('',#9637,1.);
#9637 = DIRECTION('',(-0.,3.469446951954E-15,1.));
#9638 = ORIENTED_EDGE('',*,*,#1970,.F.);
#9639 = ORIENTED_EDGE('',*,*,#9640,.F.);
#9640 = EDGE_CURVE('',#1869,#1971,#9641,.T.);
#9641 = LINE('',#9642,#9643);
#9642 = CARTESIAN_POINT('',(-72.,-21.75,-5.5));
#9643 = VECTOR('',#9644,1.);
#9644 = DIRECTION('',(1.,-0.,-0.));
#9645 = ORIENTED_EDGE('',*,*,#1868,.T.);
#9646 = ORIENTED_EDGE('',*,*,#9647,.T.);
#9647 = EDGE_CURVE('',#1861,#7510,#9648,.T.);
#9648 = LINE('',#9649,#9650);
#9649 = CARTESIAN_POINT('',(-88.,-21.75,-5.5));
#9650 = VECTOR('',#9651,1.);
#9651 = DIRECTION('',(0.,3.469446951954E-15,1.));
#9652 = ORIENTED_EDGE('',*,*,#7509,.T.);
#9653 = ORIENTED_EDGE('',*,*,#9654,.F.);
#9654 = EDGE_CURVE('',#1813,#7502,#9655,.T.);
#9655 = LINE('',#9656,#9657);
#9656 = CARTESIAN_POINT('',(-112.,-21.75,8.244343388268E-14));
#9657 = VECTOR('',#9658,1.);
#9658 = DIRECTION('',(-0.,3.469446951954E-15,1.));
#9659 = ORIENTED_EDGE('',*,*,#1810,.F.);
#9660 = ORIENTED_EDGE('',*,*,#9661,.F.);
#9661 = EDGE_CURVE('',#1709,#1811,#9662,.T.);
#9662 = LINE('',#9663,#9664);
#9663 = CARTESIAN_POINT('',(-112.,-21.75,-5.5));
#9664 = VECTOR('',#9665,1.);
#9665 = DIRECTION('',(1.,-0.,-0.));
#9666 = ORIENTED_EDGE('',*,*,#1708,.T.);
#9667 = ORIENTED_EDGE('',*,*,#9668,.T.);
#9668 = EDGE_CURVE('',#1701,#7416,#9669,.T.);
#9669 = LINE('',#9670,#9671);
#9670 = CARTESIAN_POINT('',(-128.,-21.75,-5.5));
#9671 = VECTOR('',#9672,1.);
#9672 = DIRECTION('',(0.,3.469446951954E-15,1.));
#9673 = ORIENTED_EDGE('',*,*,#7415,.T.);
#9674 = ORIENTED_EDGE('',*,*,#9675,.F.);
#9675 = EDGE_CURVE('',#1653,#7408,#9676,.T.);
#9676 = LINE('',#9677,#9678);
#9677 = CARTESIAN_POINT('',(-152.,-21.75,8.244343388268E-14));
#9678 = VECTOR('',#9679,1.);
#9679 = DIRECTION('',(-0.,3.469446951954E-15,1.));
#9680 = ORIENTED_EDGE('',*,*,#1650,.F.);
#9681 = ORIENTED_EDGE('',*,*,#9682,.F.);
#9682 = EDGE_CURVE('',#1549,#1651,#9683,.T.);
#9683 = LINE('',#9684,#9685);
#9684 = CARTESIAN_POINT('',(-152.,-21.75,-5.5));
#9685 = VECTOR('',#9686,1.);
#9686 = DIRECTION('',(1.,-0.,-0.));
#9687 = ORIENTED_EDGE('',*,*,#1548,.T.);
#9688 = ORIENTED_EDGE('',*,*,#9689,.T.);
#9689 = EDGE_CURVE('',#1541,#7322,#9690,.T.);
#9690 = LINE('',#9691,#9692);
#9691 = CARTESIAN_POINT('',(-168.,-21.75,-5.5));
#9692 = VECTOR('',#9693,1.);
#9693 = DIRECTION('',(0.,3.469446951954E-15,1.));
#9694 = ORIENTED_EDGE('',*,*,#7321,.F.);
#9695 = ORIENTED_EDGE('',*,*,#9696,.F.);
#9696 = EDGE_CURVE('',#5609,#7314,#9697,.T.);
#9697 = LINE('',#9698,#9699);
#9698 = CARTESIAN_POINT('',(-192.,-21.75,8.244343388268E-14));
#9699 = VECTOR('',#9700,1.);
#9700 = DIRECTION('',(-0.,3.469446951954E-15,1.));
#9701 = ORIENTED_EDGE('',*,*,#5606,.F.);
#9702 = ORIENTED_EDGE('',*,*,#9703,.F.);
#9703 = EDGE_CURVE('',#5505,#5607,#9704,.T.);
#9704 = LINE('',#9705,#9706);
#9705 = CARTESIAN_POINT('',(-192.,-21.75,-5.5));
#9706 = VECTOR('',#9707,1.);
#9707 = DIRECTION('',(1.,-0.,-0.));
#9708 = ORIENTED_EDGE('',*,*,#5504,.T.);
#9709 = ORIENTED_EDGE('',*,*,#9710,.T.);
#9710 = EDGE_CURVE('',#5497,#8326,#9711,.T.);
#9711 = LINE('',#9712,#9713);
#9712 = CARTESIAN_POINT('',(-208.,-21.75,-5.5));
#9713 = VECTOR('',#9714,1.);
#9714 = DIRECTION('',(0.,3.469446951954E-15,1.));
#9715 = ORIENTED_EDGE('',*,*,#8325,.F.);
#9716 = ORIENTED_EDGE('',*,*,#9241,.F.);
#9717 = ORIENTED_EDGE('',*,*,#9273,.F.);
#9718 = ORIENTED_EDGE('',*,*,#9719,.T.);
#9719 = EDGE_CURVE('',#9266,#1493,#9720,.T.);
#9720 = LINE('',#9721,#9722);
#9721 = CARTESIAN_POINT('',(-145.5,-21.75,-145.5));
#9722 = VECTOR('',#9723,1.);
#9723 = DIRECTION('',(0.707106781187,-2.453269466693E-15,-0.707106781187
    ));
#9724 = ORIENTED_EDGE('',*,*,#1490,.F.);
#9725 = PLANE('',#9726);
#9726 = AXIS2_PLACEMENT_3D('',#9727,#9728,#9729);
#9727 = CARTESIAN_POINT('',(0.,-21.75,8.244343388268E-14));
#9728 = DIRECTION('',(0.,-1.,3.469446951954E-15));
#9729 = DIRECTION('',(0.,-3.469446951954E-15,-1.));
#9730 = ADVANCED_FACE('',(#9731,#9742,#9753,#9764,#9775,#9786,#9797,
    #9808,#9819,#9830,#9841),#10140,.F.);
#9731 = FACE_BOUND('',#9732,.T.);
#9732 = EDGE_LOOP('',(#9733));
#9733 = ORIENTED_EDGE('',*,*,#9734,.T.);
#9734 = EDGE_CURVE('',#9735,#9735,#9737,.T.);
#9735 = VERTEX_POINT('',#9736);
#9736 = CARTESIAN_POINT('',(-140.,-19.75,-11.2));
#9737 = CIRCLE('',#9738,2.2);
#9738 = AXIS2_PLACEMENT_3D('',#9739,#9740,#9741);
#9739 = CARTESIAN_POINT('',(-140.,-19.75,-9.));
#9740 = DIRECTION('',(0.,-1.,3.469446951954E-15));
#9741 = DIRECTION('',(0.,-3.469446951954E-15,-1.));
#9742 = FACE_BOUND('',#9743,.T.);
#9743 = EDGE_LOOP('',(#9744));
#9744 = ORIENTED_EDGE('',*,*,#9745,.T.);
#9745 = EDGE_CURVE('',#9746,#9746,#9748,.T.);
#9746 = VERTEX_POINT('',#9747);
#9747 = CARTESIAN_POINT('',(-100.,-19.75,-11.2));
#9748 = CIRCLE('',#9749,2.2);
#9749 = AXIS2_PLACEMENT_3D('',#9750,#9751,#9752);
#9750 = CARTESIAN_POINT('',(-100.,-19.75,-9.));
#9751 = DIRECTION('',(0.,-1.,3.469446951954E-15));
#9752 = DIRECTION('',(0.,-3.469446951954E-15,-1.));
#9753 = FACE_BOUND('',#9754,.T.);
#9754 = EDGE_LOOP('',(#9755));
#9755 = ORIENTED_EDGE('',*,*,#9756,.T.);
#9756 = EDGE_CURVE('',#9757,#9757,#9759,.T.);
#9757 = VERTEX_POINT('',#9758);
#9758 = CARTESIAN_POINT('',(-60.,-19.75,-11.2));
#9759 = CIRCLE('',#9760,2.2);
#9760 = AXIS2_PLACEMENT_3D('',#9761,#9762,#9763);
#9761 = CARTESIAN_POINT('',(-60.,-19.75,-9.));
#9762 = DIRECTION('',(0.,-1.,3.469446951954E-15));
#9763 = DIRECTION('',(0.,-3.469446951954E-15,-1.));
#9764 = FACE_BOUND('',#9765,.T.);
#9765 = EDGE_LOOP('',(#9766));
#9766 = ORIENTED_EDGE('',*,*,#9767,.T.);
#9767 = EDGE_CURVE('',#9768,#9768,#9770,.T.);
#9768 = VERTEX_POINT('',#9769);
#9769 = CARTESIAN_POINT('',(-20.,-19.75,-11.2));
#9770 = CIRCLE('',#9771,2.2);
#9771 = AXIS2_PLACEMENT_3D('',#9772,#9773,#9774);
#9772 = CARTESIAN_POINT('',(-20.,-19.75,-9.));
#9773 = DIRECTION('',(0.,-1.,3.469446951954E-15));
#9774 = DIRECTION('',(0.,-3.469446951954E-15,-1.));
#9775 = FACE_BOUND('',#9776,.T.);
#9776 = EDGE_LOOP('',(#9777));
#9777 = ORIENTED_EDGE('',*,*,#9778,.T.);
#9778 = EDGE_CURVE('',#9779,#9779,#9781,.T.);
#9779 = VERTEX_POINT('',#9780);
#9780 = CARTESIAN_POINT('',(20.,-19.75,-11.2));
#9781 = CIRCLE('',#9782,2.2);
#9782 = AXIS2_PLACEMENT_3D('',#9783,#9784,#9785);
#9783 = CARTESIAN_POINT('',(20.,-19.75,-9.));
#9784 = DIRECTION('',(0.,-1.,3.469446951954E-15));
#9785 = DIRECTION('',(0.,-3.469446951954E-15,-1.));
#9786 = FACE_BOUND('',#9787,.T.);
#9787 = EDGE_LOOP('',(#9788));
#9788 = ORIENTED_EDGE('',*,*,#9789,.T.);
#9789 = EDGE_CURVE('',#9790,#9790,#9792,.T.);
#9790 = VERTEX_POINT('',#9791);
#9791 = CARTESIAN_POINT('',(60.,-19.75,-11.2));
#9792 = CIRCLE('',#9793,2.2);
#9793 = AXIS2_PLACEMENT_3D('',#9794,#9795,#9796);
#9794 = CARTESIAN_POINT('',(60.,-19.75,-9.));
#9795 = DIRECTION('',(0.,-1.,3.469446951954E-15));
#9796 = DIRECTION('',(0.,-3.469446951954E-15,-1.));
#9797 = FACE_BOUND('',#9798,.T.);
#9798 = EDGE_LOOP('',(#9799));
#9799 = ORIENTED_EDGE('',*,*,#9800,.T.);
#9800 = EDGE_CURVE('',#9801,#9801,#9803,.T.);
#9801 = VERTEX_POINT('',#9802);
#9802 = CARTESIAN_POINT('',(100.,-19.75,-11.2));
#9803 = CIRCLE('',#9804,2.2);
#9804 = AXIS2_PLACEMENT_3D('',#9805,#9806,#9807);
#9805 = CARTESIAN_POINT('',(100.,-19.75,-9.));
#9806 = DIRECTION('',(0.,-1.,3.469446951954E-15));
#9807 = DIRECTION('',(0.,-3.469446951954E-15,-1.));
#9808 = FACE_BOUND('',#9809,.T.);
#9809 = EDGE_LOOP('',(#9810));
#9810 = ORIENTED_EDGE('',*,*,#9811,.T.);
#9811 = EDGE_CURVE('',#9812,#9812,#9814,.T.);
#9812 = VERTEX_POINT('',#9813);
#9813 = CARTESIAN_POINT('',(140.,-19.75,-11.2));
#9814 = CIRCLE('',#9815,2.2);
#9815 = AXIS2_PLACEMENT_3D('',#9816,#9817,#9818);
#9816 = CARTESIAN_POINT('',(140.,-19.75,-9.));
#9817 = DIRECTION('',(0.,-1.,3.469446951954E-15));
#9818 = DIRECTION('',(0.,-3.469446951954E-15,-1.));
#9819 = FACE_BOUND('',#9820,.T.);
#9820 = EDGE_LOOP('',(#9821));
#9821 = ORIENTED_EDGE('',*,*,#9822,.T.);
#9822 = EDGE_CURVE('',#9823,#9823,#9825,.T.);
#9823 = VERTEX_POINT('',#9824);
#9824 = CARTESIAN_POINT('',(180.,-19.75,-11.2));
#9825 = CIRCLE('',#9826,2.2);
#9826 = AXIS2_PLACEMENT_3D('',#9827,#9828,#9829);
#9827 = CARTESIAN_POINT('',(180.,-19.75,-9.));
#9828 = DIRECTION('',(0.,-1.,3.469446951954E-15));
#9829 = DIRECTION('',(0.,-3.469446951954E-15,-1.));
#9830 = FACE_BOUND('',#9831,.T.);
#9831 = EDGE_LOOP('',(#9832));
#9832 = ORIENTED_EDGE('',*,*,#9833,.T.);
#9833 = EDGE_CURVE('',#9834,#9834,#9836,.T.);
#9834 = VERTEX_POINT('',#9835);
#9835 = CARTESIAN_POINT('',(-180.,-19.75,-11.2));
#9836 = CIRCLE('',#9837,2.2);
#9837 = AXIS2_PLACEMENT_3D('',#9838,#9839,#9840);
#9838 = CARTESIAN_POINT('',(-180.,-19.75,-9.));
#9839 = DIRECTION('',(0.,-1.,3.469446951954E-15));
#9840 = DIRECTION('',(0.,-3.469446951954E-15,-1.));
#9841 = FACE_BOUND('',#9842,.T.);
#9842 = EDGE_LOOP('',(#9843,#9853,#9861,#9867,#9868,#9874,#9875,#9876,
    #9877,#9883,#9884,#9890,#9891,#9897,#9898,#9904,#9905,#9911,#9912,
    #9918,#9919,#9925,#9926,#9932,#9933,#9939,#9940,#9946,#9947,#9953,
    #9954,#9960,#9961,#9967,#9968,#9974,#9975,#9981,#9982,#9988,#9989,
    #9995,#9996,#10002,#10003,#10009,#10010,#10016,#10017,#10023,#10024,
    #10030,#10031,#10037,#10038,#10044,#10045,#10051,#10052,#10058,
    #10059,#10065,#10066,#10072,#10073,#10079,#10080,#10086,#10087,
    #10093,#10094,#10100,#10101,#10107,#10108,#10109,#10110,#10118,
    #10126,#10134));
#9843 = ORIENTED_EDGE('',*,*,#9844,.F.);
#9844 = EDGE_CURVE('',#9845,#9847,#9849,.T.);
#9845 = VERTEX_POINT('',#9846);
#9846 = CARTESIAN_POINT('',(-260.,-19.75,-16.));
#9847 = VERTEX_POINT('',#9848);
#9848 = CARTESIAN_POINT('',(265.,-19.75,-16.));
#9849 = LINE('',#9850,#9851);
#9850 = CARTESIAN_POINT('',(-261.,-19.75,-16.));
#9851 = VECTOR('',#9852,1.);
#9852 = DIRECTION('',(1.,0.,0.));
#9853 = ORIENTED_EDGE('',*,*,#9854,.T.);
#9854 = EDGE_CURVE('',#9845,#9855,#9857,.T.);
#9855 = VERTEX_POINT('',#9856);
#9856 = CARTESIAN_POINT('',(-261.,-19.75,-15.));
#9857 = LINE('',#9858,#9859);
#9858 = CARTESIAN_POINT('',(-261.,-19.75,-15.));
#9859 = VECTOR('',#9860,1.);
#9860 = DIRECTION('',(-0.707106781187,2.453269466693E-15,0.707106781187)
  );
#9861 = ORIENTED_EDGE('',*,*,#9862,.F.);
#9862 = EDGE_CURVE('',#1509,#9855,#9863,.T.);
#9863 = LINE('',#9864,#9865);
#9864 = CARTESIAN_POINT('',(-261.,-19.75,-11.));
#9865 = VECTOR('',#9866,1.);
#9866 = DIRECTION('',(0.,-3.469446951954E-15,-1.));
#9867 = ORIENTED_EDGE('',*,*,#1508,.T.);
#9868 = ORIENTED_EDGE('',*,*,#9869,.T.);
#9869 = EDGE_CURVE('',#1501,#9258,#9870,.T.);
#9870 = LINE('',#9871,#9872);
#9871 = CARTESIAN_POINT('',(-280.,-19.75,-11.));
#9872 = VECTOR('',#9873,1.);
#9873 = DIRECTION('',(-0.707106781187,2.453269466693E-15,0.707106781187)
  );
#9874 = ORIENTED_EDGE('',*,*,#9257,.T.);
#9875 = ORIENTED_EDGE('',*,*,#9225,.T.);
#9876 = ORIENTED_EDGE('',*,*,#5929,.F.);
#9877 = ORIENTED_EDGE('',*,*,#9878,.F.);
#9878 = EDGE_CURVE('',#5487,#5922,#9879,.T.);
#9879 = LINE('',#9880,#9881);
#9880 = CARTESIAN_POINT('',(-208.,-19.75,7.546047120499E-14));
#9881 = VECTOR('',#9882,1.);
#9882 = DIRECTION('',(-0.,3.469446951954E-15,1.));
#9883 = ORIENTED_EDGE('',*,*,#5486,.T.);
#9884 = ORIENTED_EDGE('',*,*,#9885,.T.);
#9885 = EDGE_CURVE('',#5489,#5625,#9886,.T.);
#9886 = LINE('',#9887,#9888);
#9887 = CARTESIAN_POINT('',(0.,-19.75,-5.5));
#9888 = VECTOR('',#9889,1.);
#9889 = DIRECTION('',(1.,0.,0.));
#9890 = ORIENTED_EDGE('',*,*,#5624,.T.);
#9891 = ORIENTED_EDGE('',*,*,#9892,.T.);
#9892 = EDGE_CURVE('',#5617,#5836,#9893,.T.);
#9893 = LINE('',#9894,#9895);
#9894 = CARTESIAN_POINT('',(-192.,-19.75,-5.5));
#9895 = VECTOR('',#9896,1.);
#9896 = DIRECTION('',(-0.,3.469446951954E-15,1.));
#9897 = ORIENTED_EDGE('',*,*,#5835,.F.);
#9898 = ORIENTED_EDGE('',*,*,#9899,.F.);
#9899 = EDGE_CURVE('',#1531,#5828,#9900,.T.);
#9900 = LINE('',#9901,#9902);
#9901 = CARTESIAN_POINT('',(-168.,-19.75,7.546047120499E-14));
#9902 = VECTOR('',#9903,1.);
#9903 = DIRECTION('',(-0.,3.469446951954E-15,1.));
#9904 = ORIENTED_EDGE('',*,*,#1530,.T.);
#9905 = ORIENTED_EDGE('',*,*,#9906,.T.);
#9906 = EDGE_CURVE('',#1533,#1669,#9907,.T.);
#9907 = LINE('',#9908,#9909);
#9908 = CARTESIAN_POINT('',(0.,-19.75,-5.5));
#9909 = VECTOR('',#9910,1.);
#9910 = DIRECTION('',(1.,0.,0.));
#9911 = ORIENTED_EDGE('',*,*,#1668,.T.);
#9912 = ORIENTED_EDGE('',*,*,#9913,.T.);
#9913 = EDGE_CURVE('',#1661,#6840,#9914,.T.);
#9914 = LINE('',#9915,#9916);
#9915 = CARTESIAN_POINT('',(-152.,-19.75,-5.5));
#9916 = VECTOR('',#9917,1.);
#9917 = DIRECTION('',(-0.,3.469446951954E-15,1.));
#9918 = ORIENTED_EDGE('',*,*,#6839,.T.);
#9919 = ORIENTED_EDGE('',*,*,#9920,.F.);
#9920 = EDGE_CURVE('',#1691,#6832,#9921,.T.);
#9921 = LINE('',#9922,#9923);
#9922 = CARTESIAN_POINT('',(-128.,-19.75,7.546047120499E-14));
#9923 = VECTOR('',#9924,1.);
#9924 = DIRECTION('',(-0.,3.469446951954E-15,1.));
#9925 = ORIENTED_EDGE('',*,*,#1690,.T.);
#9926 = ORIENTED_EDGE('',*,*,#9927,.T.);
#9927 = EDGE_CURVE('',#1693,#1829,#9928,.T.);
#9928 = LINE('',#9929,#9930);
#9929 = CARTESIAN_POINT('',(0.,-19.75,-5.5));
#9930 = VECTOR('',#9931,1.);
#9931 = DIRECTION('',(1.,0.,0.));
#9932 = ORIENTED_EDGE('',*,*,#1828,.T.);
#9933 = ORIENTED_EDGE('',*,*,#9934,.T.);
#9934 = EDGE_CURVE('',#1821,#6746,#9935,.T.);
#9935 = LINE('',#9936,#9937);
#9936 = CARTESIAN_POINT('',(-112.,-19.75,-5.5));
#9937 = VECTOR('',#9938,1.);
#9938 = DIRECTION('',(-0.,3.469446951954E-15,1.));
#9939 = ORIENTED_EDGE('',*,*,#6745,.T.);
#9940 = ORIENTED_EDGE('',*,*,#9941,.F.);
#9941 = EDGE_CURVE('',#1851,#6738,#9942,.T.);
#9942 = LINE('',#9943,#9944);
#9943 = CARTESIAN_POINT('',(-88.,-19.75,7.546047120499E-14));
#9944 = VECTOR('',#9945,1.);
#9945 = DIRECTION('',(-0.,3.469446951954E-15,1.));
#9946 = ORIENTED_EDGE('',*,*,#1850,.T.);
#9947 = ORIENTED_EDGE('',*,*,#9948,.T.);
#9948 = EDGE_CURVE('',#1853,#1989,#9949,.T.);
#9949 = LINE('',#9950,#9951);
#9950 = CARTESIAN_POINT('',(0.,-19.75,-5.5));
#9951 = VECTOR('',#9952,1.);
#9952 = DIRECTION('',(1.,0.,0.));
#9953 = ORIENTED_EDGE('',*,*,#1988,.T.);
#9954 = ORIENTED_EDGE('',*,*,#9955,.T.);
#9955 = EDGE_CURVE('',#1981,#6652,#9956,.T.);
#9956 = LINE('',#9957,#9958);
#9957 = CARTESIAN_POINT('',(-72.,-19.75,-5.5));
#9958 = VECTOR('',#9959,1.);
#9959 = DIRECTION('',(-0.,3.469446951954E-15,1.));
#9960 = ORIENTED_EDGE('',*,*,#6651,.T.);
#9961 = ORIENTED_EDGE('',*,*,#9962,.F.);
#9962 = EDGE_CURVE('',#2011,#6644,#9963,.T.);
#9963 = LINE('',#9964,#9965);
#9964 = CARTESIAN_POINT('',(-48.,-19.75,7.546047120499E-14));
#9965 = VECTOR('',#9966,1.);
#9966 = DIRECTION('',(-0.,3.469446951954E-15,1.));
#9967 = ORIENTED_EDGE('',*,*,#2010,.T.);
#9968 = ORIENTED_EDGE('',*,*,#9969,.T.);
#9969 = EDGE_CURVE('',#2013,#2149,#9970,.T.);
#9970 = LINE('',#9971,#9972);
#9971 = CARTESIAN_POINT('',(0.,-19.75,-5.5));
#9972 = VECTOR('',#9973,1.);
#9973 = DIRECTION('',(1.,0.,0.));
#9974 = ORIENTED_EDGE('',*,*,#2148,.T.);
#9975 = ORIENTED_EDGE('',*,*,#9976,.T.);
#9976 = EDGE_CURVE('',#2141,#6558,#9977,.T.);
#9977 = LINE('',#9978,#9979);
#9978 = CARTESIAN_POINT('',(-32.,-19.75,-5.5));
#9979 = VECTOR('',#9980,1.);
#9980 = DIRECTION('',(-0.,3.469446951954E-15,1.));
#9981 = ORIENTED_EDGE('',*,*,#6557,.T.);
#9982 = ORIENTED_EDGE('',*,*,#9983,.F.);
#9983 = EDGE_CURVE('',#2171,#6550,#9984,.T.);
#9984 = LINE('',#9985,#9986);
#9985 = CARTESIAN_POINT('',(-8.,-19.75,7.546047120499E-14));
#9986 = VECTOR('',#9987,1.);
#9987 = DIRECTION('',(-0.,3.469446951954E-15,1.));
#9988 = ORIENTED_EDGE('',*,*,#2170,.T.);
#9989 = ORIENTED_EDGE('',*,*,#9990,.T.);
#9990 = EDGE_CURVE('',#2173,#2309,#9991,.T.);
#9991 = LINE('',#9992,#9993);
#9992 = CARTESIAN_POINT('',(0.,-19.75,-5.5));
#9993 = VECTOR('',#9994,1.);
#9994 = DIRECTION('',(1.,0.,0.));
#9995 = ORIENTED_EDGE('',*,*,#2308,.T.);
#9996 = ORIENTED_EDGE('',*,*,#9997,.T.);
#9997 = EDGE_CURVE('',#2301,#6464,#9998,.T.);
#9998 = LINE('',#9999,#10000);
#9999 = CARTESIAN_POINT('',(8.,-19.75,-5.5));
#10000 = VECTOR('',#10001,1.);
#10001 = DIRECTION('',(-0.,3.469446951954E-15,1.));
#10002 = ORIENTED_EDGE('',*,*,#6463,.T.);
#10003 = ORIENTED_EDGE('',*,*,#10004,.F.);
#10004 = EDGE_CURVE('',#2331,#6456,#10005,.T.);
#10005 = LINE('',#10006,#10007);
#10006 = CARTESIAN_POINT('',(32.,-19.75,7.546047120499E-14));
#10007 = VECTOR('',#10008,1.);
#10008 = DIRECTION('',(-0.,3.469446951954E-15,1.));
#10009 = ORIENTED_EDGE('',*,*,#2330,.T.);
#10010 = ORIENTED_EDGE('',*,*,#10011,.T.);
#10011 = EDGE_CURVE('',#2333,#2469,#10012,.T.);
#10012 = LINE('',#10013,#10014);
#10013 = CARTESIAN_POINT('',(0.,-19.75,-5.5));
#10014 = VECTOR('',#10015,1.);
#10015 = DIRECTION('',(1.,0.,0.));
#10016 = ORIENTED_EDGE('',*,*,#2468,.T.);
#10017 = ORIENTED_EDGE('',*,*,#10018,.T.);
#10018 = EDGE_CURVE('',#2461,#6370,#10019,.T.);
#10019 = LINE('',#10020,#10021);
#10020 = CARTESIAN_POINT('',(48.,-19.75,-5.5));
#10021 = VECTOR('',#10022,1.);
#10022 = DIRECTION('',(-0.,3.469446951954E-15,1.));
#10023 = ORIENTED_EDGE('',*,*,#6369,.T.);
#10024 = ORIENTED_EDGE('',*,*,#10025,.F.);
#10025 = EDGE_CURVE('',#2491,#6362,#10026,.T.);
#10026 = LINE('',#10027,#10028);
#10027 = CARTESIAN_POINT('',(72.,-19.75,7.546047120499E-14));
#10028 = VECTOR('',#10029,1.);
#10029 = DIRECTION('',(-0.,3.469446951954E-15,1.));
#10030 = ORIENTED_EDGE('',*,*,#2490,.T.);
#10031 = ORIENTED_EDGE('',*,*,#10032,.T.);
#10032 = EDGE_CURVE('',#2493,#2629,#10033,.T.);
#10033 = LINE('',#10034,#10035);
#10034 = CARTESIAN_POINT('',(0.,-19.75,-5.5));
#10035 = VECTOR('',#10036,1.);
#10036 = DIRECTION('',(1.,0.,0.));
#10037 = ORIENTED_EDGE('',*,*,#2628,.T.);
#10038 = ORIENTED_EDGE('',*,*,#10039,.T.);
#10039 = EDGE_CURVE('',#2621,#6276,#10040,.T.);
#10040 = LINE('',#10041,#10042);
#10041 = CARTESIAN_POINT('',(88.,-19.75,-5.5));
#10042 = VECTOR('',#10043,1.);
#10043 = DIRECTION('',(-0.,3.469446951954E-15,1.));
#10044 = ORIENTED_EDGE('',*,*,#6275,.T.);
#10045 = ORIENTED_EDGE('',*,*,#10046,.F.);
#10046 = EDGE_CURVE('',#2651,#6268,#10047,.T.);
#10047 = LINE('',#10048,#10049);
#10048 = CARTESIAN_POINT('',(112.,-19.75,7.546047120499E-14));
#10049 = VECTOR('',#10050,1.);
#10050 = DIRECTION('',(-0.,3.469446951954E-15,1.));
#10051 = ORIENTED_EDGE('',*,*,#2650,.T.);
#10052 = ORIENTED_EDGE('',*,*,#10053,.T.);
#10053 = EDGE_CURVE('',#2653,#2789,#10054,.T.);
#10054 = LINE('',#10055,#10056);
#10055 = CARTESIAN_POINT('',(0.,-19.75,-5.5));
#10056 = VECTOR('',#10057,1.);
#10057 = DIRECTION('',(1.,0.,0.));
#10058 = ORIENTED_EDGE('',*,*,#2788,.T.);
#10059 = ORIENTED_EDGE('',*,*,#10060,.T.);
#10060 = EDGE_CURVE('',#2781,#6182,#10061,.T.);
#10061 = LINE('',#10062,#10063);
#10062 = CARTESIAN_POINT('',(128.,-19.75,-5.5));
#10063 = VECTOR('',#10064,1.);
#10064 = DIRECTION('',(-0.,3.469446951954E-15,1.));
#10065 = ORIENTED_EDGE('',*,*,#6181,.T.);
#10066 = ORIENTED_EDGE('',*,*,#10067,.F.);
#10067 = EDGE_CURVE('',#2811,#6174,#10068,.T.);
#10068 = LINE('',#10069,#10070);
#10069 = CARTESIAN_POINT('',(152.,-19.75,7.546047120499E-14));
#10070 = VECTOR('',#10071,1.);
#10071 = DIRECTION('',(-0.,3.469446951954E-15,1.));
#10072 = ORIENTED_EDGE('',*,*,#2810,.T.);
#10073 = ORIENTED_EDGE('',*,*,#10074,.T.);
#10074 = EDGE_CURVE('',#2813,#2949,#10075,.T.);
#10075 = LINE('',#10076,#10077);
#10076 = CARTESIAN_POINT('',(0.,-19.75,-5.5));
#10077 = VECTOR('',#10078,1.);
#10078 = DIRECTION('',(1.,0.,0.));
#10079 = ORIENTED_EDGE('',*,*,#2948,.T.);
#10080 = ORIENTED_EDGE('',*,*,#10081,.T.);
#10081 = EDGE_CURVE('',#2941,#6088,#10082,.T.);
#10082 = LINE('',#10083,#10084);
#10083 = CARTESIAN_POINT('',(168.,-19.75,-5.5));
#10084 = VECTOR('',#10085,1.);
#10085 = DIRECTION('',(-0.,3.469446951954E-15,1.));
#10086 = ORIENTED_EDGE('',*,*,#6087,.T.);
#10087 = ORIENTED_EDGE('',*,*,#10088,.F.);
#10088 = EDGE_CURVE('',#2971,#6080,#10089,.T.);
#10089 = LINE('',#10090,#10091);
#10090 = CARTESIAN_POINT('',(192.,-19.75,7.546047120499E-14));
#10091 = VECTOR('',#10092,1.);
#10092 = DIRECTION('',(-0.,3.469446951954E-15,1.));
#10093 = ORIENTED_EDGE('',*,*,#2970,.T.);
#10094 = ORIENTED_EDGE('',*,*,#10095,.T.);
#10095 = EDGE_CURVE('',#2973,#3109,#10096,.T.);
#10096 = LINE('',#10097,#10098);
#10097 = CARTESIAN_POINT('',(0.,-19.75,-5.5));
#10098 = VECTOR('',#10099,1.);
#10099 = DIRECTION('',(1.,0.,0.));
#10100 = ORIENTED_EDGE('',*,*,#3108,.T.);
#10101 = ORIENTED_EDGE('',*,*,#10102,.T.);
#10102 = EDGE_CURVE('',#3101,#5994,#10103,.T.);
#10103 = LINE('',#10104,#10105);
#10104 = CARTESIAN_POINT('',(208.,-19.75,-5.5));
#10105 = VECTOR('',#10106,1.);
#10106 = DIRECTION('',(-0.,3.469446951954E-15,1.));
#10107 = ORIENTED_EDGE('',*,*,#5993,.T.);
#10108 = ORIENTED_EDGE('',*,*,#9201,.F.);
#10109 = ORIENTED_EDGE('',*,*,#9304,.T.);
#10110 = ORIENTED_EDGE('',*,*,#10111,.T.);
#10111 = EDGE_CURVE('',#9297,#10112,#10114,.T.);
#10112 = VERTEX_POINT('',#10113);
#10113 = CARTESIAN_POINT('',(280.,-19.75,-11.));
#10114 = LINE('',#10115,#10116);
#10115 = CARTESIAN_POINT('',(281.,-19.75,-10.));
#10116 = VECTOR('',#10117,1.);
#10117 = DIRECTION('',(-0.707106781187,-2.453269466693E-15,
    -0.707106781187));
#10118 = ORIENTED_EDGE('',*,*,#10119,.T.);
#10119 = EDGE_CURVE('',#10112,#10120,#10122,.T.);
#10120 = VERTEX_POINT('',#10121);
#10121 = CARTESIAN_POINT('',(266.,-19.75,-11.));
#10122 = LINE('',#10123,#10124);
#10123 = CARTESIAN_POINT('',(0.,-19.75,-11.));
#10124 = VECTOR('',#10125,1.);
#10125 = DIRECTION('',(-1.,-0.,-0.));
#10126 = ORIENTED_EDGE('',*,*,#10127,.F.);
#10127 = EDGE_CURVE('',#10128,#10120,#10130,.T.);
#10128 = VERTEX_POINT('',#10129);
#10129 = CARTESIAN_POINT('',(266.,-19.75,-15.));
#10130 = LINE('',#10131,#10132);
#10131 = CARTESIAN_POINT('',(266.,-19.75,-11.));
#10132 = VECTOR('',#10133,1.);
#10133 = DIRECTION('',(-0.,3.469446951954E-15,1.));
#10134 = ORIENTED_EDGE('',*,*,#10135,.T.);
#10135 = EDGE_CURVE('',#10128,#9847,#10136,.T.);
#10136 = LINE('',#10137,#10138);
#10137 = CARTESIAN_POINT('',(265.,-19.75,-16.));
#10138 = VECTOR('',#10139,1.);
#10139 = DIRECTION('',(-0.707106781187,-2.453269466693E-15,
    -0.707106781187));
#10140 = PLANE('',#10141);
#10141 = AXIS2_PLACEMENT_3D('',#10142,#10143,#10144);
#10142 = CARTESIAN_POINT('',(0.,-19.75,7.546047120499E-14));
#10143 = DIRECTION('',(0.,-1.,3.469446951954E-15));
#10144 = DIRECTION('',(0.,-3.469446951954E-15,-1.));
#10145 = ADVANCED_FACE('',(#10146),#10162,.T.);
#10146 = FACE_BOUND('',#10147,.T.);
#10147 = EDGE_LOOP('',(#10148,#10149,#10155,#10156));
#10148 = ORIENTED_EDGE('',*,*,#10119,.F.);
#10149 = ORIENTED_EDGE('',*,*,#10150,.T.);
#10150 = EDGE_CURVE('',#10112,#9470,#10151,.T.);
#10151 = LINE('',#10152,#10153);
#10152 = CARTESIAN_POINT('',(280.,-21.75,-11.));
#10153 = VECTOR('',#10154,1.);
#10154 = DIRECTION('',(0.,-1.,3.491481338843E-15));
#10155 = ORIENTED_EDGE('',*,*,#9469,.T.);
#10156 = ORIENTED_EDGE('',*,*,#10157,.F.);
#10157 = EDGE_CURVE('',#10120,#9462,#10158,.T.);
#10158 = LINE('',#10159,#10160);
#10159 = CARTESIAN_POINT('',(266.,-19.75,-11.));
#10160 = VECTOR('',#10161,1.);
#10161 = DIRECTION('',(0.,-1.,3.469446951954E-15));
#10162 = PLANE('',#10163);
#10163 = AXIS2_PLACEMENT_3D('',#10164,#10165,#10166);
#10164 = CARTESIAN_POINT('',(-281.,-21.75,-11.));
#10165 = DIRECTION('',(0.,-3.491481338843E-15,-1.));
#10166 = DIRECTION('',(0.,1.,-3.491481338843E-15));
#10167 = ADVANCED_FACE('',(#10168),#10178,.F.);
#10168 = FACE_BOUND('',#10169,.F.);
#10169 = EDGE_LOOP('',(#10170,#10171,#10176,#10177));
#10170 = ORIENTED_EDGE('',*,*,#9018,.T.);
#10171 = ORIENTED_EDGE('',*,*,#10172,.T.);
#10172 = EDGE_CURVE('',#9019,#8778,#10173,.T.);
#10173 = B_SPLINE_CURVE_WITH_KNOTS('',1,(#10174,#10175),.UNSPECIFIED.,
  .F.,.F.,(2,2),(0.,2.),.PIECEWISE_BEZIER_KNOTS.);
#10174 = CARTESIAN_POINT('',(-262.5,19.75,-26.));
#10175 = CARTESIAN_POINT('',(-262.5,21.75,-26.));
#10176 = ORIENTED_EDGE('',*,*,#8777,.F.);
#10177 = ORIENTED_EDGE('',*,*,#10172,.F.);
#10178 = CYLINDRICAL_SURFACE('',#10179,3.);
#10179 = AXIS2_PLACEMENT_3D('',#10180,#10181,#10182);
#10180 = CARTESIAN_POINT('',(-262.5,19.75,-29.));
#10181 = DIRECTION('',(-0.,1.,3.469446951954E-15));
#10182 = DIRECTION('',(0.,-3.469446951954E-15,1.));
#10183 = ADVANCED_FACE('',(#10184),#10194,.F.);
#10184 = FACE_BOUND('',#10185,.F.);
#10185 = EDGE_LOOP('',(#10186,#10187,#10192,#10193));
#10186 = ORIENTED_EDGE('',*,*,#9007,.T.);
#10187 = ORIENTED_EDGE('',*,*,#10188,.T.);
#10188 = EDGE_CURVE('',#9008,#8767,#10189,.T.);
#10189 = B_SPLINE_CURVE_WITH_KNOTS('',1,(#10190,#10191),.UNSPECIFIED.,
  .F.,.F.,(2,2),(0.,2.),.PIECEWISE_BEZIER_KNOTS.);
#10190 = CARTESIAN_POINT('',(262.5,19.75,-32.));
#10191 = CARTESIAN_POINT('',(262.5,21.75,-32.));
#10192 = ORIENTED_EDGE('',*,*,#8766,.F.);
#10193 = ORIENTED_EDGE('',*,*,#10188,.F.);
#10194 = CYLINDRICAL_SURFACE('',#10195,3.);
#10195 = AXIS2_PLACEMENT_3D('',#10196,#10197,#10198);
#10196 = CARTESIAN_POINT('',(262.5,19.75,-29.));
#10197 = DIRECTION('',(-0.,1.,3.469446951954E-15));
#10198 = DIRECTION('',(0.,-3.469446951954E-15,1.));
#10199 = ADVANCED_FACE('',(#10200),#10210,.F.);
#10200 = FACE_BOUND('',#10201,.F.);
#10201 = EDGE_LOOP('',(#10202,#10203,#10208,#10209));
#10202 = ORIENTED_EDGE('',*,*,#8996,.T.);
#10203 = ORIENTED_EDGE('',*,*,#10204,.T.);
#10204 = EDGE_CURVE('',#8997,#8756,#10205,.T.);
#10205 = B_SPLINE_CURVE_WITH_KNOTS('',1,(#10206,#10207),.UNSPECIFIED.,
  .F.,.F.,(2,2),(0.,2.),.PIECEWISE_BEZIER_KNOTS.);
#10206 = CARTESIAN_POINT('',(-275.,19.75,-13.5));
#10207 = CARTESIAN_POINT('',(-275.,21.75,-13.5));
#10208 = ORIENTED_EDGE('',*,*,#8755,.F.);
#10209 = ORIENTED_EDGE('',*,*,#10204,.F.);
#10210 = CYLINDRICAL_SURFACE('',#10211,3.);
#10211 = AXIS2_PLACEMENT_3D('',#10212,#10213,#10214);
#10212 = CARTESIAN_POINT('',(-275.,19.75,-16.5));
#10213 = DIRECTION('',(-0.,1.,3.469446951954E-15));
#10214 = DIRECTION('',(0.,-3.469446951954E-15,1.));
#10215 = ADVANCED_FACE('',(#10216),#10226,.F.);
#10216 = FACE_BOUND('',#10217,.F.);
#10217 = EDGE_LOOP('',(#10218,#10219,#10224,#10225));
#10218 = ORIENTED_EDGE('',*,*,#8985,.T.);
#10219 = ORIENTED_EDGE('',*,*,#10220,.T.);
#10220 = EDGE_CURVE('',#8986,#8745,#10221,.T.);
#10221 = B_SPLINE_CURVE_WITH_KNOTS('',1,(#10222,#10223),.UNSPECIFIED.,
  .F.,.F.,(2,2),(0.,2.),.PIECEWISE_BEZIER_KNOTS.);
#10222 = CARTESIAN_POINT('',(275.,19.75,-19.5));
#10223 = CARTESIAN_POINT('',(275.,21.75,-19.5));
#10224 = ORIENTED_EDGE('',*,*,#8744,.F.);
#10225 = ORIENTED_EDGE('',*,*,#10220,.F.);
#10226 = CYLINDRICAL_SURFACE('',#10227,3.);
#10227 = AXIS2_PLACEMENT_3D('',#10228,#10229,#10230);
#10228 = CARTESIAN_POINT('',(275.,19.75,-16.5));
#10229 = DIRECTION('',(-0.,1.,3.469446951954E-15));
#10230 = DIRECTION('',(0.,-3.469446951954E-15,1.));
#10231 = ADVANCED_FACE('',(#10232),#10248,.F.);
#10232 = FACE_BOUND('',#10233,.T.);
#10233 = EDGE_LOOP('',(#10234,#10235,#10241,#10242));
#10234 = ORIENTED_EDGE('',*,*,#7288,.T.);
#10235 = ORIENTED_EDGE('',*,*,#10236,.F.);
#10236 = EDGE_CURVE('',#6983,#7279,#10237,.T.);
#10237 = LINE('',#10238,#10239);
#10238 = CARTESIAN_POINT('',(-208.,-3.25,-2.));
#10239 = VECTOR('',#10240,1.);
#10240 = DIRECTION('',(-0.,-0.,1.));
#10241 = ORIENTED_EDGE('',*,*,#6980,.F.);
#10242 = ORIENTED_EDGE('',*,*,#10243,.T.);
#10243 = EDGE_CURVE('',#6981,#7289,#10244,.T.);
#10244 = LINE('',#10245,#10246);
#10245 = CARTESIAN_POINT('',(-208.,12.75,-2.));
#10246 = VECTOR('',#10247,1.);
#10247 = DIRECTION('',(-0.,-0.,1.));
#10248 = PLANE('',#10249);
#10249 = AXIS2_PLACEMENT_3D('',#10250,#10251,#10252);
#10250 = CARTESIAN_POINT('',(-208.,-3.25,-2.));
#10251 = DIRECTION('',(-1.,0.,0.));
#10252 = DIRECTION('',(0.,0.,1.));
#10253 = ADVANCED_FACE('',(#10254),#10265,.F.);
#10254 = FACE_BOUND('',#10255,.T.);
#10255 = EDGE_LOOP('',(#10256,#10257,#10258,#10259));
#10256 = ORIENTED_EDGE('',*,*,#7296,.T.);
#10257 = ORIENTED_EDGE('',*,*,#10243,.F.);
#10258 = ORIENTED_EDGE('',*,*,#7006,.F.);
#10259 = ORIENTED_EDGE('',*,*,#10260,.T.);
#10260 = EDGE_CURVE('',#6999,#7297,#10261,.T.);
#10261 = LINE('',#10262,#10263);
#10262 = CARTESIAN_POINT('',(-192.,12.75,-2.));
#10263 = VECTOR('',#10264,1.);
#10264 = DIRECTION('',(-0.,-0.,1.));
#10265 = PLANE('',#10266);
#10266 = AXIS2_PLACEMENT_3D('',#10267,#10268,#10269);
#10267 = CARTESIAN_POINT('',(-192.,12.75,-2.));
#10268 = DIRECTION('',(-2.168404344971E-16,1.,0.));
#10269 = DIRECTION('',(-1.,-2.168404344971E-16,0.));
#10270 = ADVANCED_FACE('',(#10271),#10282,.F.);
#10271 = FACE_BOUND('',#10272,.T.);
#10272 = EDGE_LOOP('',(#10273,#10274,#10275,#10276));
#10273 = ORIENTED_EDGE('',*,*,#7304,.T.);
#10274 = ORIENTED_EDGE('',*,*,#10260,.F.);
#10275 = ORIENTED_EDGE('',*,*,#6998,.F.);
#10276 = ORIENTED_EDGE('',*,*,#10277,.T.);
#10277 = EDGE_CURVE('',#6991,#7281,#10278,.T.);
#10278 = LINE('',#10279,#10280);
#10279 = CARTESIAN_POINT('',(-192.,-3.25,-2.));
#10280 = VECTOR('',#10281,1.);
#10281 = DIRECTION('',(-0.,-0.,1.));
#10282 = PLANE('',#10283);
#10283 = AXIS2_PLACEMENT_3D('',#10284,#10285,#10286);
#10284 = CARTESIAN_POINT('',(-192.,-3.25,-2.));
#10285 = DIRECTION('',(1.,-0.,0.));
#10286 = DIRECTION('',(0.,0.,-1.));
#10287 = ADVANCED_FACE('',(#10288),#10294,.F.);
#10288 = FACE_BOUND('',#10289,.T.);
#10289 = EDGE_LOOP('',(#10290,#10291,#10292,#10293));
#10290 = ORIENTED_EDGE('',*,*,#7278,.T.);
#10291 = ORIENTED_EDGE('',*,*,#10277,.F.);
#10292 = ORIENTED_EDGE('',*,*,#6990,.F.);
#10293 = ORIENTED_EDGE('',*,*,#10236,.T.);
#10294 = PLANE('',#10295);
#10295 = AXIS2_PLACEMENT_3D('',#10296,#10297,#10298);
#10296 = CARTESIAN_POINT('',(-192.,-3.25,-2.));
#10297 = DIRECTION('',(1.084202172486E-16,-1.,0.));
#10298 = DIRECTION('',(1.,1.084202172486E-16,0.));
#10299 = ADVANCED_FACE('',(#10300),#10316,.F.);
#10300 = FACE_BOUND('',#10301,.T.);
#10301 = EDGE_LOOP('',(#10302,#10308,#10309,#10315));
#10302 = ORIENTED_EDGE('',*,*,#10303,.T.);
#10303 = EDGE_CURVE('',#5875,#8373,#10304,.T.);
#10304 = LINE('',#10305,#10306);
#10305 = CARTESIAN_POINT('',(-196.,-19.15,-5.5));
#10306 = VECTOR('',#10307,1.);
#10307 = DIRECTION('',(-0.,-0.,1.));
#10308 = ORIENTED_EDGE('',*,*,#8372,.T.);
#10309 = ORIENTED_EDGE('',*,*,#10310,.F.);
#10310 = EDGE_CURVE('',#5883,#8365,#10311,.T.);
#10311 = LINE('',#10312,#10313);
#10312 = CARTESIAN_POINT('',(-204.,-19.15,-5.5));
#10313 = VECTOR('',#10314,1.);
#10314 = DIRECTION('',(-0.,-0.,1.));
#10315 = ORIENTED_EDGE('',*,*,#5882,.T.);
#10316 = PLANE('',#10317);
#10317 = AXIS2_PLACEMENT_3D('',#10318,#10319,#10320);
#10318 = CARTESIAN_POINT('',(-196.,-19.15,-5.5));
#10319 = DIRECTION('',(0.,1.,0.));
#10320 = DIRECTION('',(0.,-0.,1.));
#10321 = ADVANCED_FACE('',(#10322),#10328,.F.);
#10322 = FACE_BOUND('',#10323,.T.);
#10323 = EDGE_LOOP('',(#10324,#10325,#10326,#10327));
#10324 = ORIENTED_EDGE('',*,*,#5512,.T.);
#10325 = ORIENTED_EDGE('',*,*,#9703,.T.);
#10326 = ORIENTED_EDGE('',*,*,#5632,.T.);
#10327 = ORIENTED_EDGE('',*,*,#9885,.F.);
#10328 = PLANE('',#10329);
#10329 = AXIS2_PLACEMENT_3D('',#10330,#10331,#10332);
#10330 = CARTESIAN_POINT('',(0.,0.,-5.5));
#10331 = DIRECTION('',(-0.,0.,-1.));
#10332 = DIRECTION('',(-1.,0.,0.));
#10333 = ADVANCED_FACE('',(#10334),#10342,.F.);
#10334 = FACE_BOUND('',#10335,.T.);
#10335 = EDGE_LOOP('',(#10336,#10337,#10338,#10339,#10340,#10341));
#10336 = ORIENTED_EDGE('',*,*,#5576,.F.);
#10337 = ORIENTED_EDGE('',*,*,#5843,.T.);
#10338 = ORIENTED_EDGE('',*,*,#9892,.F.);
#10339 = ORIENTED_EDGE('',*,*,#5616,.F.);
#10340 = ORIENTED_EDGE('',*,*,#9696,.T.);
#10341 = ORIENTED_EDGE('',*,*,#7313,.F.);
#10342 = PLANE('',#10343);
#10343 = AXIS2_PLACEMENT_3D('',#10344,#10345,#10346);
#10344 = CARTESIAN_POINT('',(-192.,-7.15,-5.5));
#10345 = DIRECTION('',(1.,0.,0.));
#10346 = DIRECTION('',(0.,0.,-1.));
#10347 = ADVANCED_FACE('',(#10348),#10356,.F.);
#10348 = FACE_BOUND('',#10349,.T.);
#10349 = EDGE_LOOP('',(#10350,#10351,#10352,#10353,#10354,#10355));
#10350 = ORIENTED_EDGE('',*,*,#5496,.F.);
#10351 = ORIENTED_EDGE('',*,*,#9878,.T.);
#10352 = ORIENTED_EDGE('',*,*,#5921,.F.);
#10353 = ORIENTED_EDGE('',*,*,#5536,.F.);
#10354 = ORIENTED_EDGE('',*,*,#8333,.T.);
#10355 = ORIENTED_EDGE('',*,*,#9710,.F.);
#10356 = PLANE('',#10357);
#10357 = AXIS2_PLACEMENT_3D('',#10358,#10359,#10360);
#10358 = CARTESIAN_POINT('',(-208.,-7.15,-5.5));
#10359 = DIRECTION('',(-1.,0.,-0.));
#10360 = DIRECTION('',(0.,0.,1.));
#10361 = ADVANCED_FACE('',(#10362),#10373,.F.);
#10362 = FACE_BOUND('',#10363,.T.);
#10363 = EDGE_LOOP('',(#10364,#10365,#10371,#10372));
#10364 = ORIENTED_EDGE('',*,*,#5914,.T.);
#10365 = ORIENTED_EDGE('',*,*,#10366,.T.);
#10366 = EDGE_CURVE('',#5907,#8341,#10367,.T.);
#10367 = LINE('',#10368,#10369);
#10368 = CARTESIAN_POINT('',(-202.5,-7.15,-5.5));
#10369 = VECTOR('',#10370,1.);
#10370 = DIRECTION('',(-0.,-0.,1.));
#10371 = ORIENTED_EDGE('',*,*,#8340,.T.);
#10372 = ORIENTED_EDGE('',*,*,#5552,.F.);
#10373 = PLANE('',#10374);
#10374 = AXIS2_PLACEMENT_3D('',#10375,#10376,#10377);
#10375 = CARTESIAN_POINT('',(-202.5,-7.15,-5.5));
#10376 = DIRECTION('',(-1.577021341797E-16,1.,0.));
#10377 = DIRECTION('',(-1.,-1.577021341797E-16,0.));
#10378 = ADVANCED_FACE('',(#10379),#10390,.F.);
#10379 = FACE_BOUND('',#10380,.T.);
#10380 = EDGE_LOOP('',(#10381,#10382,#10388,#10389));
#10381 = ORIENTED_EDGE('',*,*,#5906,.T.);
#10382 = ORIENTED_EDGE('',*,*,#10383,.T.);
#10383 = EDGE_CURVE('',#5899,#8349,#10384,.T.);
#10384 = LINE('',#10385,#10386);
#10385 = CARTESIAN_POINT('',(-202.5,-15.15,-5.5));
#10386 = VECTOR('',#10387,1.);
#10387 = DIRECTION('',(-0.,-0.,1.));
#10388 = ORIENTED_EDGE('',*,*,#8348,.T.);
#10389 = ORIENTED_EDGE('',*,*,#10366,.F.);
#10390 = PLANE('',#10391);
#10391 = AXIS2_PLACEMENT_3D('',#10392,#10393,#10394);
#10392 = CARTESIAN_POINT('',(-202.5,-7.15,-5.5));
#10393 = DIRECTION('',(1.,-3.469446951954E-15,0.));
#10394 = DIRECTION('',(3.469446951954E-15,1.,0.));
#10395 = ADVANCED_FACE('',(#10396),#10407,.F.);
#10396 = FACE_BOUND('',#10397,.T.);
#10397 = EDGE_LOOP('',(#10398,#10399,#10405,#10406));
#10398 = ORIENTED_EDGE('',*,*,#5898,.T.);
#10399 = ORIENTED_EDGE('',*,*,#10400,.T.);
#10400 = EDGE_CURVE('',#5891,#8357,#10401,.T.);
#10401 = LINE('',#10402,#10403);
#10402 = CARTESIAN_POINT('',(-204.,-15.15,-5.5));
#10403 = VECTOR('',#10404,1.);
#10404 = DIRECTION('',(-0.,-0.,1.));
#10405 = ORIENTED_EDGE('',*,*,#8356,.T.);
#10406 = ORIENTED_EDGE('',*,*,#10383,.F.);
#10407 = PLANE('',#10408);
#10408 = AXIS2_PLACEMENT_3D('',#10409,#10410,#10411);
#10409 = CARTESIAN_POINT('',(-202.5,-15.15,-5.5));
#10410 = DIRECTION('',(0.,-1.,-0.));
#10411 = DIRECTION('',(0.,0.,-1.));
#10412 = ADVANCED_FACE('',(#10413),#10419,.F.);
#10413 = FACE_BOUND('',#10414,.T.);
#10414 = EDGE_LOOP('',(#10415,#10416,#10417,#10418));
#10415 = ORIENTED_EDGE('',*,*,#5890,.T.);
#10416 = ORIENTED_EDGE('',*,*,#10310,.T.);
#10417 = ORIENTED_EDGE('',*,*,#8364,.T.);
#10418 = ORIENTED_EDGE('',*,*,#10400,.F.);
#10419 = PLANE('',#10420);
#10420 = AXIS2_PLACEMENT_3D('',#10421,#10422,#10423);
#10421 = CARTESIAN_POINT('',(-204.,-15.15,-5.5));
#10422 = DIRECTION('',(1.,0.,0.));
#10423 = DIRECTION('',(0.,0.,-1.));
#10424 = ADVANCED_FACE('',(#10425),#10436,.F.);
#10425 = FACE_BOUND('',#10426,.T.);
#10426 = EDGE_LOOP('',(#10427,#10428,#10434,#10435));
#10427 = ORIENTED_EDGE('',*,*,#5874,.T.);
#10428 = ORIENTED_EDGE('',*,*,#10429,.T.);
#10429 = EDGE_CURVE('',#5867,#8381,#10430,.T.);
#10430 = LINE('',#10431,#10432);
#10431 = CARTESIAN_POINT('',(-196.,-15.15,-5.5));
#10432 = VECTOR('',#10433,1.);
#10433 = DIRECTION('',(-0.,-0.,1.));
#10434 = ORIENTED_EDGE('',*,*,#8380,.T.);
#10435 = ORIENTED_EDGE('',*,*,#10303,.F.);
#10436 = PLANE('',#10437);
#10437 = AXIS2_PLACEMENT_3D('',#10438,#10439,#10440);
#10438 = CARTESIAN_POINT('',(-196.,-15.15,-5.5));
#10439 = DIRECTION('',(-1.,0.,-0.));
#10440 = DIRECTION('',(0.,0.,1.));
#10441 = ADVANCED_FACE('',(#10442),#10453,.F.);
#10442 = FACE_BOUND('',#10443,.T.);
#10443 = EDGE_LOOP('',(#10444,#10445,#10451,#10452));
#10444 = ORIENTED_EDGE('',*,*,#5866,.T.);
#10445 = ORIENTED_EDGE('',*,*,#10446,.T.);
#10446 = EDGE_CURVE('',#5859,#8389,#10447,.T.);
#10447 = LINE('',#10448,#10449);
#10448 = CARTESIAN_POINT('',(-197.5,-15.15,-5.5));
#10449 = VECTOR('',#10450,1.);
#10450 = DIRECTION('',(-0.,-0.,1.));
#10451 = ORIENTED_EDGE('',*,*,#8388,.T.);
#10452 = ORIENTED_EDGE('',*,*,#10429,.F.);
#10453 = PLANE('',#10454);
#10454 = AXIS2_PLACEMENT_3D('',#10455,#10456,#10457);
#10455 = CARTESIAN_POINT('',(-197.5,-15.15,-5.5));
#10456 = DIRECTION('',(0.,-1.,0.));
#10457 = DIRECTION('',(0.,-0.,-1.));
#10458 = ADVANCED_FACE('',(#10459),#10470,.F.);
#10459 = FACE_BOUND('',#10460,.T.);
#10460 = EDGE_LOOP('',(#10461,#10462,#10468,#10469));
#10461 = ORIENTED_EDGE('',*,*,#5858,.T.);
#10462 = ORIENTED_EDGE('',*,*,#10463,.T.);
#10463 = EDGE_CURVE('',#5851,#8397,#10464,.T.);
#10464 = LINE('',#10465,#10466);
#10465 = CARTESIAN_POINT('',(-197.5,-7.15,-5.5));
#10466 = VECTOR('',#10467,1.);
#10467 = DIRECTION('',(-0.,-0.,1.));
#10468 = ORIENTED_EDGE('',*,*,#8396,.T.);
#10469 = ORIENTED_EDGE('',*,*,#10446,.F.);
#10470 = PLANE('',#10471);
#10471 = AXIS2_PLACEMENT_3D('',#10472,#10473,#10474);
#10472 = CARTESIAN_POINT('',(-197.5,-7.15,-5.5));
#10473 = DIRECTION('',(-1.,-3.469446951954E-15,0.));
#10474 = DIRECTION('',(3.469446951954E-15,-1.,0.));
#10475 = ADVANCED_FACE('',(#10476),#10482,.F.);
#10476 = FACE_BOUND('',#10477,.T.);
#10477 = EDGE_LOOP('',(#10478,#10479,#10480,#10481));
#10478 = ORIENTED_EDGE('',*,*,#5850,.T.);
#10479 = ORIENTED_EDGE('',*,*,#5592,.T.);
#10480 = ORIENTED_EDGE('',*,*,#8404,.T.);
#10481 = ORIENTED_EDGE('',*,*,#10463,.F.);
#10482 = PLANE('',#10483);
#10483 = AXIS2_PLACEMENT_3D('',#10484,#10485,#10486);
#10484 = CARTESIAN_POINT('',(-192.,-7.15,-5.5));
#10485 = DIRECTION('',(1.577021341797E-16,1.,0.));
#10486 = DIRECTION('',(-1.,1.577021341797E-16,0.));
#10487 = ADVANCED_FACE('',(#10488),#10499,.F.);
#10488 = FACE_BOUND('',#10489,.F.);
#10489 = EDGE_LOOP('',(#10490,#10491,#10496,#10497,#10498));
#10490 = ORIENTED_EDGE('',*,*,#6971,.F.);
#10491 = ORIENTED_EDGE('',*,*,#10492,.T.);
#10492 = EDGE_CURVE('',#6963,#7268,#10493,.T.);
#10493 = B_SPLINE_CURVE_WITH_KNOTS('',1,(#10494,#10495),.UNSPECIFIED.,
  .F.,.F.,(2,2),(3.,5.),.PIECEWISE_BEZIER_KNOTS.);
#10494 = CARTESIAN_POINT('',(-177.8,-12.75,-2.));
#10495 = CARTESIAN_POINT('',(-177.8,-12.75,0.));
#10496 = ORIENTED_EDGE('',*,*,#7267,.F.);
#10497 = ORIENTED_EDGE('',*,*,#10492,.F.);
#10498 = ORIENTED_EDGE('',*,*,#6960,.F.);
#10499 = CYLINDRICAL_SURFACE('',#10500,2.2);
#10500 = AXIS2_PLACEMENT_3D('',#10501,#10502,#10503);
#10501 = CARTESIAN_POINT('',(-180.,-12.75,-5.));
#10502 = DIRECTION('',(-0.,-0.,1.));
#10503 = DIRECTION('',(1.,0.,0.));
#10504 = ADVANCED_FACE('',(#10505),#10521,.F.);
#10505 = FACE_BOUND('',#10506,.T.);
#10506 = EDGE_LOOP('',(#10507,#10508,#10514,#10515));
#10507 = ORIENTED_EDGE('',*,*,#7243,.T.);
#10508 = ORIENTED_EDGE('',*,*,#10509,.F.);
#10509 = EDGE_CURVE('',#6929,#7234,#10510,.T.);
#10510 = LINE('',#10511,#10512);
#10511 = CARTESIAN_POINT('',(-188.,-3.25,-2.));
#10512 = VECTOR('',#10513,1.);
#10513 = DIRECTION('',(-0.,-0.,1.));
#10514 = ORIENTED_EDGE('',*,*,#6926,.F.);
#10515 = ORIENTED_EDGE('',*,*,#10516,.T.);
#10516 = EDGE_CURVE('',#6927,#7244,#10517,.T.);
#10517 = LINE('',#10518,#10519);
#10518 = CARTESIAN_POINT('',(-188.,12.75,-2.));
#10519 = VECTOR('',#10520,1.);
#10520 = DIRECTION('',(-0.,-0.,1.));
#10521 = PLANE('',#10522);
#10522 = AXIS2_PLACEMENT_3D('',#10523,#10524,#10525);
#10523 = CARTESIAN_POINT('',(-188.,-3.25,-2.));
#10524 = DIRECTION('',(-1.,0.,0.));
#10525 = DIRECTION('',(0.,0.,1.));
#10526 = ADVANCED_FACE('',(#10527),#10538,.F.);
#10527 = FACE_BOUND('',#10528,.T.);
#10528 = EDGE_LOOP('',(#10529,#10530,#10531,#10532));
#10529 = ORIENTED_EDGE('',*,*,#7251,.T.);
#10530 = ORIENTED_EDGE('',*,*,#10516,.F.);
#10531 = ORIENTED_EDGE('',*,*,#6952,.F.);
#10532 = ORIENTED_EDGE('',*,*,#10533,.T.);
#10533 = EDGE_CURVE('',#6945,#7252,#10534,.T.);
#10534 = LINE('',#10535,#10536);
#10535 = CARTESIAN_POINT('',(-172.,12.75,-2.));
#10536 = VECTOR('',#10537,1.);
#10537 = DIRECTION('',(-0.,-0.,1.));
#10538 = PLANE('',#10539);
#10539 = AXIS2_PLACEMENT_3D('',#10540,#10541,#10542);
#10540 = CARTESIAN_POINT('',(-172.,12.75,-2.));
#10541 = DIRECTION('',(-2.168404344971E-16,1.,0.));
#10542 = DIRECTION('',(-1.,-2.168404344971E-16,0.));
#10543 = ADVANCED_FACE('',(#10544),#10555,.F.);
#10544 = FACE_BOUND('',#10545,.T.);
#10545 = EDGE_LOOP('',(#10546,#10547,#10548,#10549));
#10546 = ORIENTED_EDGE('',*,*,#7259,.T.);
#10547 = ORIENTED_EDGE('',*,*,#10533,.F.);
#10548 = ORIENTED_EDGE('',*,*,#6944,.F.);
#10549 = ORIENTED_EDGE('',*,*,#10550,.T.);
#10550 = EDGE_CURVE('',#6937,#7236,#10551,.T.);
#10551 = LINE('',#10552,#10553);
#10552 = CARTESIAN_POINT('',(-172.,-3.25,-2.));
#10553 = VECTOR('',#10554,1.);
#10554 = DIRECTION('',(-0.,-0.,1.));
#10555 = PLANE('',#10556);
#10556 = AXIS2_PLACEMENT_3D('',#10557,#10558,#10559);
#10557 = CARTESIAN_POINT('',(-172.,-3.25,-2.));
#10558 = DIRECTION('',(1.,-0.,0.));
#10559 = DIRECTION('',(0.,0.,-1.));
#10560 = ADVANCED_FACE('',(#10561),#10567,.F.);
#10561 = FACE_BOUND('',#10562,.T.);
#10562 = EDGE_LOOP('',(#10563,#10564,#10565,#10566));
#10563 = ORIENTED_EDGE('',*,*,#7233,.T.);
#10564 = ORIENTED_EDGE('',*,*,#10550,.F.);
#10565 = ORIENTED_EDGE('',*,*,#6936,.F.);
#10566 = ORIENTED_EDGE('',*,*,#10509,.T.);
#10567 = PLANE('',#10568);
#10568 = AXIS2_PLACEMENT_3D('',#10569,#10570,#10571);
#10569 = CARTESIAN_POINT('',(-172.,-3.25,-2.));
#10570 = DIRECTION('',(1.084202172486E-16,-1.,0.));
#10571 = DIRECTION('',(1.,1.084202172486E-16,0.));
#10572 = ADVANCED_FACE('',(#10573),#10579,.F.);
#10573 = FACE_BOUND('',#10574,.T.);
#10574 = EDGE_LOOP('',(#10575,#10576,#10577,#10578));
#10575 = ORIENTED_EDGE('',*,*,#2996,.T.);
#10576 = ORIENTED_EDGE('',*,*,#9493,.T.);
#10577 = ORIENTED_EDGE('',*,*,#3116,.T.);
#10578 = ORIENTED_EDGE('',*,*,#10095,.F.);
#10579 = PLANE('',#10580);
#10580 = AXIS2_PLACEMENT_3D('',#10581,#10582,#10583);
#10581 = CARTESIAN_POINT('',(400.,-2.933993194041E-15,-5.5));
#10582 = DIRECTION('',(-0.,0.,-1.));
#10583 = DIRECTION('',(-1.,0.,0.));
#10584 = ADVANCED_FACE('',(#10585),#10593,.F.);
#10585 = FACE_BOUND('',#10586,.T.);
#10586 = EDGE_LOOP('',(#10587,#10588,#10589,#10590,#10591,#10592));
#10587 = ORIENTED_EDGE('',*,*,#3060,.F.);
#10588 = ORIENTED_EDGE('',*,*,#6001,.T.);
#10589 = ORIENTED_EDGE('',*,*,#10102,.F.);
#10590 = ORIENTED_EDGE('',*,*,#3100,.F.);
#10591 = ORIENTED_EDGE('',*,*,#9486,.T.);
#10592 = ORIENTED_EDGE('',*,*,#8253,.F.);
#10593 = PLANE('',#10594);
#10594 = AXIS2_PLACEMENT_3D('',#10595,#10596,#10597);
#10595 = CARTESIAN_POINT('',(208.,-7.15,-5.5));
#10596 = DIRECTION('',(1.,0.,0.));
#10597 = DIRECTION('',(0.,0.,-1.));
#10598 = ADVANCED_FACE('',(#10599),#10607,.F.);
#10599 = FACE_BOUND('',#10600,.T.);
#10600 = EDGE_LOOP('',(#10601,#10602,#10603,#10604,#10605,#10606));
#10601 = ORIENTED_EDGE('',*,*,#2980,.F.);
#10602 = ORIENTED_EDGE('',*,*,#10088,.T.);
#10603 = ORIENTED_EDGE('',*,*,#6079,.F.);
#10604 = ORIENTED_EDGE('',*,*,#3020,.F.);
#10605 = ORIENTED_EDGE('',*,*,#8175,.T.);
#10606 = ORIENTED_EDGE('',*,*,#9500,.F.);
#10607 = PLANE('',#10608);
#10608 = AXIS2_PLACEMENT_3D('',#10609,#10610,#10611);
#10609 = CARTESIAN_POINT('',(192.,-7.15,-5.5));
#10610 = DIRECTION('',(-1.,0.,-0.));
#10611 = DIRECTION('',(0.,0.,1.));
#10612 = ADVANCED_FACE('',(#10613),#10624,.F.);
#10613 = FACE_BOUND('',#10614,.T.);
#10614 = EDGE_LOOP('',(#10615,#10616,#10622,#10623));
#10615 = ORIENTED_EDGE('',*,*,#6072,.T.);
#10616 = ORIENTED_EDGE('',*,*,#10617,.T.);
#10617 = EDGE_CURVE('',#6065,#8183,#10618,.T.);
#10618 = LINE('',#10619,#10620);
#10619 = CARTESIAN_POINT('',(197.5,-7.15,-5.5));
#10620 = VECTOR('',#10621,1.);
#10621 = DIRECTION('',(-0.,-0.,1.));
#10622 = ORIENTED_EDGE('',*,*,#8182,.T.);
#10623 = ORIENTED_EDGE('',*,*,#3036,.F.);
#10624 = PLANE('',#10625);
#10625 = AXIS2_PLACEMENT_3D('',#10626,#10627,#10628);
#10626 = CARTESIAN_POINT('',(197.5,-7.15,-5.5));
#10627 = DIRECTION('',(-1.577021341797E-16,1.,0.));
#10628 = DIRECTION('',(-1.,-1.577021341797E-16,0.));
#10629 = ADVANCED_FACE('',(#10630),#10641,.F.);
#10630 = FACE_BOUND('',#10631,.T.);
#10631 = EDGE_LOOP('',(#10632,#10633,#10639,#10640));
#10632 = ORIENTED_EDGE('',*,*,#6064,.T.);
#10633 = ORIENTED_EDGE('',*,*,#10634,.T.);
#10634 = EDGE_CURVE('',#6057,#8191,#10635,.T.);
#10635 = LINE('',#10636,#10637);
#10636 = CARTESIAN_POINT('',(197.5,-15.15,-5.5));
#10637 = VECTOR('',#10638,1.);
#10638 = DIRECTION('',(-0.,-0.,1.));
#10639 = ORIENTED_EDGE('',*,*,#8190,.T.);
#10640 = ORIENTED_EDGE('',*,*,#10617,.F.);
#10641 = PLANE('',#10642);
#10642 = AXIS2_PLACEMENT_3D('',#10643,#10644,#10645);
#10643 = CARTESIAN_POINT('',(197.5,-7.15,-5.5));
#10644 = DIRECTION('',(1.,-3.469446951954E-15,0.));
#10645 = DIRECTION('',(3.469446951954E-15,1.,0.));
#10646 = ADVANCED_FACE('',(#10647),#10658,.F.);
#10647 = FACE_BOUND('',#10648,.T.);
#10648 = EDGE_LOOP('',(#10649,#10650,#10656,#10657));
#10649 = ORIENTED_EDGE('',*,*,#6056,.T.);
#10650 = ORIENTED_EDGE('',*,*,#10651,.T.);
#10651 = EDGE_CURVE('',#6049,#8199,#10652,.T.);
#10652 = LINE('',#10653,#10654);
#10653 = CARTESIAN_POINT('',(196.,-15.15,-5.5));
#10654 = VECTOR('',#10655,1.);
#10655 = DIRECTION('',(-0.,-0.,1.));
#10656 = ORIENTED_EDGE('',*,*,#8198,.T.);
#10657 = ORIENTED_EDGE('',*,*,#10634,.F.);
#10658 = PLANE('',#10659);
#10659 = AXIS2_PLACEMENT_3D('',#10660,#10661,#10662);
#10660 = CARTESIAN_POINT('',(197.5,-15.15,-5.5));
#10661 = DIRECTION('',(0.,-1.,-0.));
#10662 = DIRECTION('',(0.,0.,-1.));
#10663 = ADVANCED_FACE('',(#10664),#10675,.F.);
#10664 = FACE_BOUND('',#10665,.T.);
#10665 = EDGE_LOOP('',(#10666,#10667,#10673,#10674));
#10666 = ORIENTED_EDGE('',*,*,#6048,.T.);
#10667 = ORIENTED_EDGE('',*,*,#10668,.T.);
#10668 = EDGE_CURVE('',#6041,#8207,#10669,.T.);
#10669 = LINE('',#10670,#10671);
#10670 = CARTESIAN_POINT('',(196.,-19.15,-5.5));
#10671 = VECTOR('',#10672,1.);
#10672 = DIRECTION('',(-0.,-0.,1.));
#10673 = ORIENTED_EDGE('',*,*,#8206,.T.);
#10674 = ORIENTED_EDGE('',*,*,#10651,.F.);
#10675 = PLANE('',#10676);
#10676 = AXIS2_PLACEMENT_3D('',#10677,#10678,#10679);
#10677 = CARTESIAN_POINT('',(196.,-15.15,-5.5));
#10678 = DIRECTION('',(1.,0.,0.));
#10679 = DIRECTION('',(0.,0.,-1.));
#10680 = ADVANCED_FACE('',(#10681),#10692,.F.);
#10681 = FACE_BOUND('',#10682,.T.);
#10682 = EDGE_LOOP('',(#10683,#10684,#10690,#10691));
#10683 = ORIENTED_EDGE('',*,*,#6040,.T.);
#10684 = ORIENTED_EDGE('',*,*,#10685,.T.);
#10685 = EDGE_CURVE('',#6033,#8215,#10686,.T.);
#10686 = LINE('',#10687,#10688);
#10687 = CARTESIAN_POINT('',(204.,-19.15,-5.5));
#10688 = VECTOR('',#10689,1.);
#10689 = DIRECTION('',(-0.,-0.,1.));
#10690 = ORIENTED_EDGE('',*,*,#8214,.T.);
#10691 = ORIENTED_EDGE('',*,*,#10668,.F.);
#10692 = PLANE('',#10693);
#10693 = AXIS2_PLACEMENT_3D('',#10694,#10695,#10696);
#10694 = CARTESIAN_POINT('',(204.,-19.15,-5.5));
#10695 = DIRECTION('',(0.,1.,0.));
#10696 = DIRECTION('',(0.,-0.,1.));
#10697 = ADVANCED_FACE('',(#10698),#10709,.F.);
#10698 = FACE_BOUND('',#10699,.T.);
#10699 = EDGE_LOOP('',(#10700,#10701,#10707,#10708));
#10700 = ORIENTED_EDGE('',*,*,#6032,.T.);
#10701 = ORIENTED_EDGE('',*,*,#10702,.T.);
#10702 = EDGE_CURVE('',#6025,#8223,#10703,.T.);
#10703 = LINE('',#10704,#10705);
#10704 = CARTESIAN_POINT('',(204.,-15.15,-5.5));
#10705 = VECTOR('',#10706,1.);
#10706 = DIRECTION('',(-0.,-0.,1.));
#10707 = ORIENTED_EDGE('',*,*,#8222,.T.);
#10708 = ORIENTED_EDGE('',*,*,#10685,.F.);
#10709 = PLANE('',#10710);
#10710 = AXIS2_PLACEMENT_3D('',#10711,#10712,#10713);
#10711 = CARTESIAN_POINT('',(204.,-15.15,-5.5));
#10712 = DIRECTION('',(-1.,0.,-0.));
#10713 = DIRECTION('',(0.,0.,1.));
#10714 = ADVANCED_FACE('',(#10715),#10726,.F.);
#10715 = FACE_BOUND('',#10716,.T.);
#10716 = EDGE_LOOP('',(#10717,#10718,#10724,#10725));
#10717 = ORIENTED_EDGE('',*,*,#6024,.T.);
#10718 = ORIENTED_EDGE('',*,*,#10719,.T.);
#10719 = EDGE_CURVE('',#6017,#8231,#10720,.T.);
#10720 = LINE('',#10721,#10722);
#10721 = CARTESIAN_POINT('',(202.5,-15.15,-5.5));
#10722 = VECTOR('',#10723,1.);
#10723 = DIRECTION('',(-0.,-0.,1.));
#10724 = ORIENTED_EDGE('',*,*,#8230,.T.);
#10725 = ORIENTED_EDGE('',*,*,#10702,.F.);
#10726 = PLANE('',#10727);
#10727 = AXIS2_PLACEMENT_3D('',#10728,#10729,#10730);
#10728 = CARTESIAN_POINT('',(202.5,-15.15,-5.5));
#10729 = DIRECTION('',(0.,-1.,0.));
#10730 = DIRECTION('',(0.,-0.,-1.));
#10731 = ADVANCED_FACE('',(#10732),#10743,.F.);
#10732 = FACE_BOUND('',#10733,.T.);
#10733 = EDGE_LOOP('',(#10734,#10735,#10741,#10742));
#10734 = ORIENTED_EDGE('',*,*,#6016,.T.);
#10735 = ORIENTED_EDGE('',*,*,#10736,.T.);
#10736 = EDGE_CURVE('',#6009,#8239,#10737,.T.);
#10737 = LINE('',#10738,#10739);
#10738 = CARTESIAN_POINT('',(202.5,-7.15,-5.5));
#10739 = VECTOR('',#10740,1.);
#10740 = DIRECTION('',(-0.,-0.,1.));
#10741 = ORIENTED_EDGE('',*,*,#8238,.T.);
#10742 = ORIENTED_EDGE('',*,*,#10719,.F.);
#10743 = PLANE('',#10744);
#10744 = AXIS2_PLACEMENT_3D('',#10745,#10746,#10747);
#10745 = CARTESIAN_POINT('',(202.5,-7.15,-5.5));
#10746 = DIRECTION('',(-1.,-3.469446951954E-15,0.));
#10747 = DIRECTION('',(3.469446951954E-15,-1.,0.));
#10748 = ADVANCED_FACE('',(#10749),#10755,.F.);
#10749 = FACE_BOUND('',#10750,.T.);
#10750 = EDGE_LOOP('',(#10751,#10752,#10753,#10754));
#10751 = ORIENTED_EDGE('',*,*,#6008,.T.);
#10752 = ORIENTED_EDGE('',*,*,#3076,.T.);
#10753 = ORIENTED_EDGE('',*,*,#8246,.T.);
#10754 = ORIENTED_EDGE('',*,*,#10736,.F.);
#10755 = PLANE('',#10756);
#10756 = AXIS2_PLACEMENT_3D('',#10757,#10758,#10759);
#10757 = CARTESIAN_POINT('',(208.,-7.15,-5.5));
#10758 = DIRECTION('',(1.577021341797E-16,1.,0.));
#10759 = DIRECTION('',(-1.,1.577021341797E-16,0.));
#10760 = ADVANCED_FACE('',(#10761),#10767,.F.);
#10761 = FACE_BOUND('',#10762,.T.);
#10762 = EDGE_LOOP('',(#10763,#10764,#10765,#10766));
#10763 = ORIENTED_EDGE('',*,*,#2836,.T.);
#10764 = ORIENTED_EDGE('',*,*,#9514,.T.);
#10765 = ORIENTED_EDGE('',*,*,#2956,.T.);
#10766 = ORIENTED_EDGE('',*,*,#10074,.F.);
#10767 = PLANE('',#10768);
#10768 = AXIS2_PLACEMENT_3D('',#10769,#10770,#10771);
#10769 = CARTESIAN_POINT('',(360.,-2.640593874637E-15,-5.5));
#10770 = DIRECTION('',(-0.,0.,-1.));
#10771 = DIRECTION('',(-1.,0.,0.));
#10772 = ADVANCED_FACE('',(#10773),#10781,.F.);
#10773 = FACE_BOUND('',#10774,.T.);
#10774 = EDGE_LOOP('',(#10775,#10776,#10777,#10778,#10779,#10780));
#10775 = ORIENTED_EDGE('',*,*,#2900,.F.);
#10776 = ORIENTED_EDGE('',*,*,#6095,.T.);
#10777 = ORIENTED_EDGE('',*,*,#10081,.F.);
#10778 = ORIENTED_EDGE('',*,*,#2940,.F.);
#10779 = ORIENTED_EDGE('',*,*,#9507,.T.);
#10780 = ORIENTED_EDGE('',*,*,#8159,.F.);
#10781 = PLANE('',#10782);
#10782 = AXIS2_PLACEMENT_3D('',#10783,#10784,#10785);
#10783 = CARTESIAN_POINT('',(168.,-7.15,-5.5));
#10784 = DIRECTION('',(1.,0.,0.));
#10785 = DIRECTION('',(0.,0.,-1.));
#10786 = ADVANCED_FACE('',(#10787),#10795,.F.);
#10787 = FACE_BOUND('',#10788,.T.);
#10788 = EDGE_LOOP('',(#10789,#10790,#10791,#10792,#10793,#10794));
#10789 = ORIENTED_EDGE('',*,*,#2820,.F.);
#10790 = ORIENTED_EDGE('',*,*,#10067,.T.);
#10791 = ORIENTED_EDGE('',*,*,#6173,.F.);
#10792 = ORIENTED_EDGE('',*,*,#2860,.F.);
#10793 = ORIENTED_EDGE('',*,*,#8081,.T.);
#10794 = ORIENTED_EDGE('',*,*,#9521,.F.);
#10795 = PLANE('',#10796);
#10796 = AXIS2_PLACEMENT_3D('',#10797,#10798,#10799);
#10797 = CARTESIAN_POINT('',(152.,-7.15,-5.5));
#10798 = DIRECTION('',(-1.,0.,-0.));
#10799 = DIRECTION('',(0.,0.,1.));
#10800 = ADVANCED_FACE('',(#10801),#10812,.F.);
#10801 = FACE_BOUND('',#10802,.T.);
#10802 = EDGE_LOOP('',(#10803,#10804,#10810,#10811));
#10803 = ORIENTED_EDGE('',*,*,#6166,.T.);
#10804 = ORIENTED_EDGE('',*,*,#10805,.T.);
#10805 = EDGE_CURVE('',#6159,#8089,#10806,.T.);
#10806 = LINE('',#10807,#10808);
#10807 = CARTESIAN_POINT('',(157.5,-7.15,-5.5));
#10808 = VECTOR('',#10809,1.);
#10809 = DIRECTION('',(-0.,-0.,1.));
#10810 = ORIENTED_EDGE('',*,*,#8088,.T.);
#10811 = ORIENTED_EDGE('',*,*,#2876,.F.);
#10812 = PLANE('',#10813);
#10813 = AXIS2_PLACEMENT_3D('',#10814,#10815,#10816);
#10814 = CARTESIAN_POINT('',(157.5,-7.15,-5.5));
#10815 = DIRECTION('',(-1.577021341797E-16,1.,0.));
#10816 = DIRECTION('',(-1.,-1.577021341797E-16,0.));
#10817 = ADVANCED_FACE('',(#10818),#10829,.F.);
#10818 = FACE_BOUND('',#10819,.T.);
#10819 = EDGE_LOOP('',(#10820,#10821,#10827,#10828));
#10820 = ORIENTED_EDGE('',*,*,#6158,.T.);
#10821 = ORIENTED_EDGE('',*,*,#10822,.T.);
#10822 = EDGE_CURVE('',#6151,#8097,#10823,.T.);
#10823 = LINE('',#10824,#10825);
#10824 = CARTESIAN_POINT('',(157.5,-15.15,-5.5));
#10825 = VECTOR('',#10826,1.);
#10826 = DIRECTION('',(-0.,-0.,1.));
#10827 = ORIENTED_EDGE('',*,*,#8096,.T.);
#10828 = ORIENTED_EDGE('',*,*,#10805,.F.);
#10829 = PLANE('',#10830);
#10830 = AXIS2_PLACEMENT_3D('',#10831,#10832,#10833);
#10831 = CARTESIAN_POINT('',(157.5,-7.15,-5.5));
#10832 = DIRECTION('',(1.,-3.469446951954E-15,0.));
#10833 = DIRECTION('',(3.469446951954E-15,1.,0.));
#10834 = ADVANCED_FACE('',(#10835),#10846,.F.);
#10835 = FACE_BOUND('',#10836,.T.);
#10836 = EDGE_LOOP('',(#10837,#10838,#10844,#10845));
#10837 = ORIENTED_EDGE('',*,*,#6150,.T.);
#10838 = ORIENTED_EDGE('',*,*,#10839,.T.);
#10839 = EDGE_CURVE('',#6143,#8105,#10840,.T.);
#10840 = LINE('',#10841,#10842);
#10841 = CARTESIAN_POINT('',(156.,-15.15,-5.5));
#10842 = VECTOR('',#10843,1.);
#10843 = DIRECTION('',(-0.,-0.,1.));
#10844 = ORIENTED_EDGE('',*,*,#8104,.T.);
#10845 = ORIENTED_EDGE('',*,*,#10822,.F.);
#10846 = PLANE('',#10847);
#10847 = AXIS2_PLACEMENT_3D('',#10848,#10849,#10850);
#10848 = CARTESIAN_POINT('',(157.5,-15.15,-5.5));
#10849 = DIRECTION('',(0.,-1.,-0.));
#10850 = DIRECTION('',(0.,0.,-1.));
#10851 = ADVANCED_FACE('',(#10852),#10863,.F.);
#10852 = FACE_BOUND('',#10853,.T.);
#10853 = EDGE_LOOP('',(#10854,#10855,#10861,#10862));
#10854 = ORIENTED_EDGE('',*,*,#6142,.T.);
#10855 = ORIENTED_EDGE('',*,*,#10856,.T.);
#10856 = EDGE_CURVE('',#6135,#8113,#10857,.T.);
#10857 = LINE('',#10858,#10859);
#10858 = CARTESIAN_POINT('',(156.,-19.15,-5.5));
#10859 = VECTOR('',#10860,1.);
#10860 = DIRECTION('',(-0.,-0.,1.));
#10861 = ORIENTED_EDGE('',*,*,#8112,.T.);
#10862 = ORIENTED_EDGE('',*,*,#10839,.F.);
#10863 = PLANE('',#10864);
#10864 = AXIS2_PLACEMENT_3D('',#10865,#10866,#10867);
#10865 = CARTESIAN_POINT('',(156.,-15.15,-5.5));
#10866 = DIRECTION('',(1.,0.,0.));
#10867 = DIRECTION('',(0.,0.,-1.));
#10868 = ADVANCED_FACE('',(#10869),#10880,.F.);
#10869 = FACE_BOUND('',#10870,.T.);
#10870 = EDGE_LOOP('',(#10871,#10872,#10878,#10879));
#10871 = ORIENTED_EDGE('',*,*,#6134,.T.);
#10872 = ORIENTED_EDGE('',*,*,#10873,.T.);
#10873 = EDGE_CURVE('',#6127,#8121,#10874,.T.);
#10874 = LINE('',#10875,#10876);
#10875 = CARTESIAN_POINT('',(164.,-19.15,-5.5));
#10876 = VECTOR('',#10877,1.);
#10877 = DIRECTION('',(-0.,-0.,1.));
#10878 = ORIENTED_EDGE('',*,*,#8120,.T.);
#10879 = ORIENTED_EDGE('',*,*,#10856,.F.);
#10880 = PLANE('',#10881);
#10881 = AXIS2_PLACEMENT_3D('',#10882,#10883,#10884);
#10882 = CARTESIAN_POINT('',(164.,-19.15,-5.5));
#10883 = DIRECTION('',(0.,1.,0.));
#10884 = DIRECTION('',(0.,-0.,1.));
#10885 = ADVANCED_FACE('',(#10886),#10897,.F.);
#10886 = FACE_BOUND('',#10887,.T.);
#10887 = EDGE_LOOP('',(#10888,#10889,#10895,#10896));
#10888 = ORIENTED_EDGE('',*,*,#6126,.T.);
#10889 = ORIENTED_EDGE('',*,*,#10890,.T.);
#10890 = EDGE_CURVE('',#6119,#8129,#10891,.T.);
#10891 = LINE('',#10892,#10893);
#10892 = CARTESIAN_POINT('',(164.,-15.15,-5.5));
#10893 = VECTOR('',#10894,1.);
#10894 = DIRECTION('',(-0.,-0.,1.));
#10895 = ORIENTED_EDGE('',*,*,#8128,.T.);
#10896 = ORIENTED_EDGE('',*,*,#10873,.F.);
#10897 = PLANE('',#10898);
#10898 = AXIS2_PLACEMENT_3D('',#10899,#10900,#10901);
#10899 = CARTESIAN_POINT('',(164.,-15.15,-5.5));
#10900 = DIRECTION('',(-1.,0.,-0.));
#10901 = DIRECTION('',(0.,0.,1.));
#10902 = ADVANCED_FACE('',(#10903),#10914,.F.);
#10903 = FACE_BOUND('',#10904,.T.);
#10904 = EDGE_LOOP('',(#10905,#10906,#10912,#10913));
#10905 = ORIENTED_EDGE('',*,*,#6118,.T.);
#10906 = ORIENTED_EDGE('',*,*,#10907,.T.);
#10907 = EDGE_CURVE('',#6111,#8137,#10908,.T.);
#10908 = LINE('',#10909,#10910);
#10909 = CARTESIAN_POINT('',(162.5,-15.15,-5.5));
#10910 = VECTOR('',#10911,1.);
#10911 = DIRECTION('',(-0.,-0.,1.));
#10912 = ORIENTED_EDGE('',*,*,#8136,.T.);
#10913 = ORIENTED_EDGE('',*,*,#10890,.F.);
#10914 = PLANE('',#10915);
#10915 = AXIS2_PLACEMENT_3D('',#10916,#10917,#10918);
#10916 = CARTESIAN_POINT('',(162.5,-15.15,-5.5));
#10917 = DIRECTION('',(0.,-1.,0.));
#10918 = DIRECTION('',(0.,-0.,-1.));
#10919 = ADVANCED_FACE('',(#10920),#10931,.F.);
#10920 = FACE_BOUND('',#10921,.T.);
#10921 = EDGE_LOOP('',(#10922,#10923,#10929,#10930));
#10922 = ORIENTED_EDGE('',*,*,#6110,.T.);
#10923 = ORIENTED_EDGE('',*,*,#10924,.T.);
#10924 = EDGE_CURVE('',#6103,#8145,#10925,.T.);
#10925 = LINE('',#10926,#10927);
#10926 = CARTESIAN_POINT('',(162.5,-7.15,-5.5));
#10927 = VECTOR('',#10928,1.);
#10928 = DIRECTION('',(-0.,-0.,1.));
#10929 = ORIENTED_EDGE('',*,*,#8144,.T.);
#10930 = ORIENTED_EDGE('',*,*,#10907,.F.);
#10931 = PLANE('',#10932);
#10932 = AXIS2_PLACEMENT_3D('',#10933,#10934,#10935);
#10933 = CARTESIAN_POINT('',(162.5,-7.15,-5.5));
#10934 = DIRECTION('',(-1.,-3.469446951954E-15,0.));
#10935 = DIRECTION('',(3.469446951954E-15,-1.,0.));
#10936 = ADVANCED_FACE('',(#10937),#10943,.F.);
#10937 = FACE_BOUND('',#10938,.T.);
#10938 = EDGE_LOOP('',(#10939,#10940,#10941,#10942));
#10939 = ORIENTED_EDGE('',*,*,#6102,.T.);
#10940 = ORIENTED_EDGE('',*,*,#2916,.T.);
#10941 = ORIENTED_EDGE('',*,*,#8152,.T.);
#10942 = ORIENTED_EDGE('',*,*,#10924,.F.);
#10943 = PLANE('',#10944);
#10944 = AXIS2_PLACEMENT_3D('',#10945,#10946,#10947);
#10945 = CARTESIAN_POINT('',(168.,-7.15,-5.5));
#10946 = DIRECTION('',(1.577021341797E-16,1.,0.));
#10947 = DIRECTION('',(-1.,1.577021341797E-16,0.));
#10948 = ADVANCED_FACE('',(#10949),#10955,.F.);
#10949 = FACE_BOUND('',#10950,.T.);
#10950 = EDGE_LOOP('',(#10951,#10952,#10953,#10954));
#10951 = ORIENTED_EDGE('',*,*,#2676,.T.);
#10952 = ORIENTED_EDGE('',*,*,#9535,.T.);
#10953 = ORIENTED_EDGE('',*,*,#2796,.T.);
#10954 = ORIENTED_EDGE('',*,*,#10053,.F.);
#10955 = PLANE('',#10956);
#10956 = AXIS2_PLACEMENT_3D('',#10957,#10958,#10959);
#10957 = CARTESIAN_POINT('',(320.,-2.347194555233E-15,-5.5));
#10958 = DIRECTION('',(-0.,0.,-1.));
#10959 = DIRECTION('',(-1.,0.,0.));
#10960 = ADVANCED_FACE('',(#10961),#10969,.F.);
#10961 = FACE_BOUND('',#10962,.T.);
#10962 = EDGE_LOOP('',(#10963,#10964,#10965,#10966,#10967,#10968));
#10963 = ORIENTED_EDGE('',*,*,#2740,.F.);
#10964 = ORIENTED_EDGE('',*,*,#6189,.T.);
#10965 = ORIENTED_EDGE('',*,*,#10060,.F.);
#10966 = ORIENTED_EDGE('',*,*,#2780,.F.);
#10967 = ORIENTED_EDGE('',*,*,#9528,.T.);
#10968 = ORIENTED_EDGE('',*,*,#8065,.F.);
#10969 = PLANE('',#10970);
#10970 = AXIS2_PLACEMENT_3D('',#10971,#10972,#10973);
#10971 = CARTESIAN_POINT('',(128.,-7.15,-5.5));
#10972 = DIRECTION('',(1.,0.,0.));
#10973 = DIRECTION('',(0.,0.,-1.));
#10974 = ADVANCED_FACE('',(#10975),#10983,.F.);
#10975 = FACE_BOUND('',#10976,.T.);
#10976 = EDGE_LOOP('',(#10977,#10978,#10979,#10980,#10981,#10982));
#10977 = ORIENTED_EDGE('',*,*,#2660,.F.);
#10978 = ORIENTED_EDGE('',*,*,#10046,.T.);
#10979 = ORIENTED_EDGE('',*,*,#6267,.F.);
#10980 = ORIENTED_EDGE('',*,*,#2700,.F.);
#10981 = ORIENTED_EDGE('',*,*,#7987,.T.);
#10982 = ORIENTED_EDGE('',*,*,#9542,.F.);
#10983 = PLANE('',#10984);
#10984 = AXIS2_PLACEMENT_3D('',#10985,#10986,#10987);
#10985 = CARTESIAN_POINT('',(112.,-7.15,-5.5));
#10986 = DIRECTION('',(-1.,0.,-0.));
#10987 = DIRECTION('',(0.,0.,1.));
#10988 = ADVANCED_FACE('',(#10989),#11000,.F.);
#10989 = FACE_BOUND('',#10990,.T.);
#10990 = EDGE_LOOP('',(#10991,#10992,#10998,#10999));
#10991 = ORIENTED_EDGE('',*,*,#6260,.T.);
#10992 = ORIENTED_EDGE('',*,*,#10993,.T.);
#10993 = EDGE_CURVE('',#6253,#7995,#10994,.T.);
#10994 = LINE('',#10995,#10996);
#10995 = CARTESIAN_POINT('',(117.5,-7.15,-5.5));
#10996 = VECTOR('',#10997,1.);
#10997 = DIRECTION('',(-0.,-0.,1.));
#10998 = ORIENTED_EDGE('',*,*,#7994,.T.);
#10999 = ORIENTED_EDGE('',*,*,#2716,.F.);
#11000 = PLANE('',#11001);
#11001 = AXIS2_PLACEMENT_3D('',#11002,#11003,#11004);
#11002 = CARTESIAN_POINT('',(117.5,-7.15,-5.5));
#11003 = DIRECTION('',(-1.577021341797E-16,1.,0.));
#11004 = DIRECTION('',(-1.,-1.577021341797E-16,0.));
#11005 = ADVANCED_FACE('',(#11006),#11017,.F.);
#11006 = FACE_BOUND('',#11007,.T.);
#11007 = EDGE_LOOP('',(#11008,#11009,#11015,#11016));
#11008 = ORIENTED_EDGE('',*,*,#6252,.T.);
#11009 = ORIENTED_EDGE('',*,*,#11010,.T.);
#11010 = EDGE_CURVE('',#6245,#8003,#11011,.T.);
#11011 = LINE('',#11012,#11013);
#11012 = CARTESIAN_POINT('',(117.5,-15.15,-5.5));
#11013 = VECTOR('',#11014,1.);
#11014 = DIRECTION('',(-0.,-0.,1.));
#11015 = ORIENTED_EDGE('',*,*,#8002,.T.);
#11016 = ORIENTED_EDGE('',*,*,#10993,.F.);
#11017 = PLANE('',#11018);
#11018 = AXIS2_PLACEMENT_3D('',#11019,#11020,#11021);
#11019 = CARTESIAN_POINT('',(117.5,-7.15,-5.5));
#11020 = DIRECTION('',(1.,-3.469446951954E-15,0.));
#11021 = DIRECTION('',(3.469446951954E-15,1.,0.));
#11022 = ADVANCED_FACE('',(#11023),#11034,.F.);
#11023 = FACE_BOUND('',#11024,.T.);
#11024 = EDGE_LOOP('',(#11025,#11026,#11032,#11033));
#11025 = ORIENTED_EDGE('',*,*,#6244,.T.);
#11026 = ORIENTED_EDGE('',*,*,#11027,.T.);
#11027 = EDGE_CURVE('',#6237,#8011,#11028,.T.);
#11028 = LINE('',#11029,#11030);
#11029 = CARTESIAN_POINT('',(116.,-15.15,-5.5));
#11030 = VECTOR('',#11031,1.);
#11031 = DIRECTION('',(-0.,-0.,1.));
#11032 = ORIENTED_EDGE('',*,*,#8010,.T.);
#11033 = ORIENTED_EDGE('',*,*,#11010,.F.);
#11034 = PLANE('',#11035);
#11035 = AXIS2_PLACEMENT_3D('',#11036,#11037,#11038);
#11036 = CARTESIAN_POINT('',(117.5,-15.15,-5.5));
#11037 = DIRECTION('',(0.,-1.,-0.));
#11038 = DIRECTION('',(0.,0.,-1.));
#11039 = ADVANCED_FACE('',(#11040),#11051,.F.);
#11040 = FACE_BOUND('',#11041,.T.);
#11041 = EDGE_LOOP('',(#11042,#11043,#11049,#11050));
#11042 = ORIENTED_EDGE('',*,*,#6236,.T.);
#11043 = ORIENTED_EDGE('',*,*,#11044,.T.);
#11044 = EDGE_CURVE('',#6229,#8019,#11045,.T.);
#11045 = LINE('',#11046,#11047);
#11046 = CARTESIAN_POINT('',(116.,-19.15,-5.5));
#11047 = VECTOR('',#11048,1.);
#11048 = DIRECTION('',(-0.,-0.,1.));
#11049 = ORIENTED_EDGE('',*,*,#8018,.T.);
#11050 = ORIENTED_EDGE('',*,*,#11027,.F.);
#11051 = PLANE('',#11052);
#11052 = AXIS2_PLACEMENT_3D('',#11053,#11054,#11055);
#11053 = CARTESIAN_POINT('',(116.,-15.15,-5.5));
#11054 = DIRECTION('',(1.,0.,0.));
#11055 = DIRECTION('',(0.,0.,-1.));
#11056 = ADVANCED_FACE('',(#11057),#11068,.F.);
#11057 = FACE_BOUND('',#11058,.T.);
#11058 = EDGE_LOOP('',(#11059,#11060,#11066,#11067));
#11059 = ORIENTED_EDGE('',*,*,#6228,.T.);
#11060 = ORIENTED_EDGE('',*,*,#11061,.T.);
#11061 = EDGE_CURVE('',#6221,#8027,#11062,.T.);
#11062 = LINE('',#11063,#11064);
#11063 = CARTESIAN_POINT('',(124.,-19.15,-5.5));
#11064 = VECTOR('',#11065,1.);
#11065 = DIRECTION('',(-0.,-0.,1.));
#11066 = ORIENTED_EDGE('',*,*,#8026,.T.);
#11067 = ORIENTED_EDGE('',*,*,#11044,.F.);
#11068 = PLANE('',#11069);
#11069 = AXIS2_PLACEMENT_3D('',#11070,#11071,#11072);
#11070 = CARTESIAN_POINT('',(124.,-19.15,-5.5));
#11071 = DIRECTION('',(0.,1.,0.));
#11072 = DIRECTION('',(0.,-0.,1.));
#11073 = ADVANCED_FACE('',(#11074),#11085,.F.);
#11074 = FACE_BOUND('',#11075,.T.);
#11075 = EDGE_LOOP('',(#11076,#11077,#11083,#11084));
#11076 = ORIENTED_EDGE('',*,*,#6220,.T.);
#11077 = ORIENTED_EDGE('',*,*,#11078,.T.);
#11078 = EDGE_CURVE('',#6213,#8035,#11079,.T.);
#11079 = LINE('',#11080,#11081);
#11080 = CARTESIAN_POINT('',(124.,-15.15,-5.5));
#11081 = VECTOR('',#11082,1.);
#11082 = DIRECTION('',(-0.,-0.,1.));
#11083 = ORIENTED_EDGE('',*,*,#8034,.T.);
#11084 = ORIENTED_EDGE('',*,*,#11061,.F.);
#11085 = PLANE('',#11086);
#11086 = AXIS2_PLACEMENT_3D('',#11087,#11088,#11089);
#11087 = CARTESIAN_POINT('',(124.,-15.15,-5.5));
#11088 = DIRECTION('',(-1.,0.,-0.));
#11089 = DIRECTION('',(0.,0.,1.));
#11090 = ADVANCED_FACE('',(#11091),#11102,.F.);
#11091 = FACE_BOUND('',#11092,.T.);
#11092 = EDGE_LOOP('',(#11093,#11094,#11100,#11101));
#11093 = ORIENTED_EDGE('',*,*,#6212,.T.);
#11094 = ORIENTED_EDGE('',*,*,#11095,.T.);
#11095 = EDGE_CURVE('',#6205,#8043,#11096,.T.);
#11096 = LINE('',#11097,#11098);
#11097 = CARTESIAN_POINT('',(122.5,-15.15,-5.5));
#11098 = VECTOR('',#11099,1.);
#11099 = DIRECTION('',(-0.,-0.,1.));
#11100 = ORIENTED_EDGE('',*,*,#8042,.T.);
#11101 = ORIENTED_EDGE('',*,*,#11078,.F.);
#11102 = PLANE('',#11103);
#11103 = AXIS2_PLACEMENT_3D('',#11104,#11105,#11106);
#11104 = CARTESIAN_POINT('',(122.5,-15.15,-5.5));
#11105 = DIRECTION('',(0.,-1.,0.));
#11106 = DIRECTION('',(0.,-0.,-1.));
#11107 = ADVANCED_FACE('',(#11108),#11119,.F.);
#11108 = FACE_BOUND('',#11109,.T.);
#11109 = EDGE_LOOP('',(#11110,#11111,#11117,#11118));
#11110 = ORIENTED_EDGE('',*,*,#6204,.T.);
#11111 = ORIENTED_EDGE('',*,*,#11112,.T.);
#11112 = EDGE_CURVE('',#6197,#8051,#11113,.T.);
#11113 = LINE('',#11114,#11115);
#11114 = CARTESIAN_POINT('',(122.5,-7.15,-5.5));
#11115 = VECTOR('',#11116,1.);
#11116 = DIRECTION('',(-0.,-0.,1.));
#11117 = ORIENTED_EDGE('',*,*,#8050,.T.);
#11118 = ORIENTED_EDGE('',*,*,#11095,.F.);
#11119 = PLANE('',#11120);
#11120 = AXIS2_PLACEMENT_3D('',#11121,#11122,#11123);
#11121 = CARTESIAN_POINT('',(122.5,-7.15,-5.5));
#11122 = DIRECTION('',(-1.,-3.469446951954E-15,0.));
#11123 = DIRECTION('',(3.469446951954E-15,-1.,0.));
#11124 = ADVANCED_FACE('',(#11125),#11131,.F.);
#11125 = FACE_BOUND('',#11126,.T.);
#11126 = EDGE_LOOP('',(#11127,#11128,#11129,#11130));
#11127 = ORIENTED_EDGE('',*,*,#6196,.T.);
#11128 = ORIENTED_EDGE('',*,*,#2756,.T.);
#11129 = ORIENTED_EDGE('',*,*,#8058,.T.);
#11130 = ORIENTED_EDGE('',*,*,#11112,.F.);
#11131 = PLANE('',#11132);
#11132 = AXIS2_PLACEMENT_3D('',#11133,#11134,#11135);
#11133 = CARTESIAN_POINT('',(128.,-7.15,-5.5));
#11134 = DIRECTION('',(1.577021341797E-16,1.,0.));
#11135 = DIRECTION('',(-1.,1.577021341797E-16,0.));
#11136 = ADVANCED_FACE('',(#11137),#11143,.F.);
#11137 = FACE_BOUND('',#11138,.T.);
#11138 = EDGE_LOOP('',(#11139,#11140,#11141,#11142));
#11139 = ORIENTED_EDGE('',*,*,#2516,.T.);
#11140 = ORIENTED_EDGE('',*,*,#9556,.T.);
#11141 = ORIENTED_EDGE('',*,*,#2636,.T.);
#11142 = ORIENTED_EDGE('',*,*,#10032,.F.);
#11143 = PLANE('',#11144);
#11144 = AXIS2_PLACEMENT_3D('',#11145,#11146,#11147);
#11145 = CARTESIAN_POINT('',(280.,-2.053795235829E-15,-5.5));
#11146 = DIRECTION('',(-0.,0.,-1.));
#11147 = DIRECTION('',(-1.,0.,0.));
#11148 = ADVANCED_FACE('',(#11149),#11157,.F.);
#11149 = FACE_BOUND('',#11150,.T.);
#11150 = EDGE_LOOP('',(#11151,#11152,#11153,#11154,#11155,#11156));
#11151 = ORIENTED_EDGE('',*,*,#2580,.F.);
#11152 = ORIENTED_EDGE('',*,*,#6283,.T.);
#11153 = ORIENTED_EDGE('',*,*,#10039,.F.);
#11154 = ORIENTED_EDGE('',*,*,#2620,.F.);
#11155 = ORIENTED_EDGE('',*,*,#9549,.T.);
#11156 = ORIENTED_EDGE('',*,*,#7971,.F.);
#11157 = PLANE('',#11158);
#11158 = AXIS2_PLACEMENT_3D('',#11159,#11160,#11161);
#11159 = CARTESIAN_POINT('',(88.,-7.15,-5.5));
#11160 = DIRECTION('',(1.,0.,0.));
#11161 = DIRECTION('',(0.,0.,-1.));
#11162 = ADVANCED_FACE('',(#11163),#11171,.F.);
#11163 = FACE_BOUND('',#11164,.T.);
#11164 = EDGE_LOOP('',(#11165,#11166,#11167,#11168,#11169,#11170));
#11165 = ORIENTED_EDGE('',*,*,#2500,.F.);
#11166 = ORIENTED_EDGE('',*,*,#10025,.T.);
#11167 = ORIENTED_EDGE('',*,*,#6361,.F.);
#11168 = ORIENTED_EDGE('',*,*,#2540,.F.);
#11169 = ORIENTED_EDGE('',*,*,#7893,.T.);
#11170 = ORIENTED_EDGE('',*,*,#9563,.F.);
#11171 = PLANE('',#11172);
#11172 = AXIS2_PLACEMENT_3D('',#11173,#11174,#11175);
#11173 = CARTESIAN_POINT('',(72.,-7.15,-5.5));
#11174 = DIRECTION('',(-1.,0.,-0.));
#11175 = DIRECTION('',(0.,0.,1.));
#11176 = ADVANCED_FACE('',(#11177),#11188,.F.);
#11177 = FACE_BOUND('',#11178,.T.);
#11178 = EDGE_LOOP('',(#11179,#11180,#11186,#11187));
#11179 = ORIENTED_EDGE('',*,*,#6354,.T.);
#11180 = ORIENTED_EDGE('',*,*,#11181,.T.);
#11181 = EDGE_CURVE('',#6347,#7901,#11182,.T.);
#11182 = LINE('',#11183,#11184);
#11183 = CARTESIAN_POINT('',(77.5,-7.15,-5.5));
#11184 = VECTOR('',#11185,1.);
#11185 = DIRECTION('',(-0.,-0.,1.));
#11186 = ORIENTED_EDGE('',*,*,#7900,.T.);
#11187 = ORIENTED_EDGE('',*,*,#2556,.F.);
#11188 = PLANE('',#11189);
#11189 = AXIS2_PLACEMENT_3D('',#11190,#11191,#11192);
#11190 = CARTESIAN_POINT('',(77.5,-7.15,-5.5));
#11191 = DIRECTION('',(-1.577021341797E-16,1.,0.));
#11192 = DIRECTION('',(-1.,-1.577021341797E-16,0.));
#11193 = ADVANCED_FACE('',(#11194),#11205,.F.);
#11194 = FACE_BOUND('',#11195,.T.);
#11195 = EDGE_LOOP('',(#11196,#11197,#11203,#11204));
#11196 = ORIENTED_EDGE('',*,*,#6346,.T.);
#11197 = ORIENTED_EDGE('',*,*,#11198,.T.);
#11198 = EDGE_CURVE('',#6339,#7909,#11199,.T.);
#11199 = LINE('',#11200,#11201);
#11200 = CARTESIAN_POINT('',(77.5,-15.15,-5.5));
#11201 = VECTOR('',#11202,1.);
#11202 = DIRECTION('',(-0.,-0.,1.));
#11203 = ORIENTED_EDGE('',*,*,#7908,.T.);
#11204 = ORIENTED_EDGE('',*,*,#11181,.F.);
#11205 = PLANE('',#11206);
#11206 = AXIS2_PLACEMENT_3D('',#11207,#11208,#11209);
#11207 = CARTESIAN_POINT('',(77.5,-7.15,-5.5));
#11208 = DIRECTION('',(1.,-3.469446951954E-15,0.));
#11209 = DIRECTION('',(3.469446951954E-15,1.,0.));
#11210 = ADVANCED_FACE('',(#11211),#11222,.F.);
#11211 = FACE_BOUND('',#11212,.T.);
#11212 = EDGE_LOOP('',(#11213,#11214,#11220,#11221));
#11213 = ORIENTED_EDGE('',*,*,#6338,.T.);
#11214 = ORIENTED_EDGE('',*,*,#11215,.T.);
#11215 = EDGE_CURVE('',#6331,#7917,#11216,.T.);
#11216 = LINE('',#11217,#11218);
#11217 = CARTESIAN_POINT('',(76.,-15.15,-5.5));
#11218 = VECTOR('',#11219,1.);
#11219 = DIRECTION('',(-0.,-0.,1.));
#11220 = ORIENTED_EDGE('',*,*,#7916,.T.);
#11221 = ORIENTED_EDGE('',*,*,#11198,.F.);
#11222 = PLANE('',#11223);
#11223 = AXIS2_PLACEMENT_3D('',#11224,#11225,#11226);
#11224 = CARTESIAN_POINT('',(77.5,-15.15,-5.5));
#11225 = DIRECTION('',(0.,-1.,-0.));
#11226 = DIRECTION('',(0.,0.,-1.));
#11227 = ADVANCED_FACE('',(#11228),#11239,.F.);
#11228 = FACE_BOUND('',#11229,.T.);
#11229 = EDGE_LOOP('',(#11230,#11231,#11237,#11238));
#11230 = ORIENTED_EDGE('',*,*,#6330,.T.);
#11231 = ORIENTED_EDGE('',*,*,#11232,.T.);
#11232 = EDGE_CURVE('',#6323,#7925,#11233,.T.);
#11233 = LINE('',#11234,#11235);
#11234 = CARTESIAN_POINT('',(76.,-19.15,-5.5));
#11235 = VECTOR('',#11236,1.);
#11236 = DIRECTION('',(-0.,-0.,1.));
#11237 = ORIENTED_EDGE('',*,*,#7924,.T.);
#11238 = ORIENTED_EDGE('',*,*,#11215,.F.);
#11239 = PLANE('',#11240);
#11240 = AXIS2_PLACEMENT_3D('',#11241,#11242,#11243);
#11241 = CARTESIAN_POINT('',(76.,-15.15,-5.5));
#11242 = DIRECTION('',(1.,0.,0.));
#11243 = DIRECTION('',(0.,0.,-1.));
#11244 = ADVANCED_FACE('',(#11245),#11256,.F.);
#11245 = FACE_BOUND('',#11246,.T.);
#11246 = EDGE_LOOP('',(#11247,#11248,#11254,#11255));
#11247 = ORIENTED_EDGE('',*,*,#6322,.T.);
#11248 = ORIENTED_EDGE('',*,*,#11249,.T.);
#11249 = EDGE_CURVE('',#6315,#7933,#11250,.T.);
#11250 = LINE('',#11251,#11252);
#11251 = CARTESIAN_POINT('',(84.,-19.15,-5.5));
#11252 = VECTOR('',#11253,1.);
#11253 = DIRECTION('',(-0.,-0.,1.));
#11254 = ORIENTED_EDGE('',*,*,#7932,.T.);
#11255 = ORIENTED_EDGE('',*,*,#11232,.F.);
#11256 = PLANE('',#11257);
#11257 = AXIS2_PLACEMENT_3D('',#11258,#11259,#11260);
#11258 = CARTESIAN_POINT('',(84.,-19.15,-5.5));
#11259 = DIRECTION('',(0.,1.,0.));
#11260 = DIRECTION('',(0.,-0.,1.));
#11261 = ADVANCED_FACE('',(#11262),#11273,.F.);
#11262 = FACE_BOUND('',#11263,.T.);
#11263 = EDGE_LOOP('',(#11264,#11265,#11271,#11272));
#11264 = ORIENTED_EDGE('',*,*,#6314,.T.);
#11265 = ORIENTED_EDGE('',*,*,#11266,.T.);
#11266 = EDGE_CURVE('',#6307,#7941,#11267,.T.);
#11267 = LINE('',#11268,#11269);
#11268 = CARTESIAN_POINT('',(84.,-15.15,-5.5));
#11269 = VECTOR('',#11270,1.);
#11270 = DIRECTION('',(-0.,-0.,1.));
#11271 = ORIENTED_EDGE('',*,*,#7940,.T.);
#11272 = ORIENTED_EDGE('',*,*,#11249,.F.);
#11273 = PLANE('',#11274);
#11274 = AXIS2_PLACEMENT_3D('',#11275,#11276,#11277);
#11275 = CARTESIAN_POINT('',(84.,-15.15,-5.5));
#11276 = DIRECTION('',(-1.,0.,-0.));
#11277 = DIRECTION('',(0.,0.,1.));
#11278 = ADVANCED_FACE('',(#11279),#11290,.F.);
#11279 = FACE_BOUND('',#11280,.T.);
#11280 = EDGE_LOOP('',(#11281,#11282,#11288,#11289));
#11281 = ORIENTED_EDGE('',*,*,#6306,.T.);
#11282 = ORIENTED_EDGE('',*,*,#11283,.T.);
#11283 = EDGE_CURVE('',#6299,#7949,#11284,.T.);
#11284 = LINE('',#11285,#11286);
#11285 = CARTESIAN_POINT('',(82.5,-15.15,-5.5));
#11286 = VECTOR('',#11287,1.);
#11287 = DIRECTION('',(-0.,-0.,1.));
#11288 = ORIENTED_EDGE('',*,*,#7948,.T.);
#11289 = ORIENTED_EDGE('',*,*,#11266,.F.);
#11290 = PLANE('',#11291);
#11291 = AXIS2_PLACEMENT_3D('',#11292,#11293,#11294);
#11292 = CARTESIAN_POINT('',(82.5,-15.15,-5.5));
#11293 = DIRECTION('',(0.,-1.,0.));
#11294 = DIRECTION('',(0.,-0.,-1.));
#11295 = ADVANCED_FACE('',(#11296),#11307,.F.);
#11296 = FACE_BOUND('',#11297,.T.);
#11297 = EDGE_LOOP('',(#11298,#11299,#11305,#11306));
#11298 = ORIENTED_EDGE('',*,*,#6298,.T.);
#11299 = ORIENTED_EDGE('',*,*,#11300,.T.);
#11300 = EDGE_CURVE('',#6291,#7957,#11301,.T.);
#11301 = LINE('',#11302,#11303);
#11302 = CARTESIAN_POINT('',(82.5,-7.15,-5.5));
#11303 = VECTOR('',#11304,1.);
#11304 = DIRECTION('',(-0.,-0.,1.));
#11305 = ORIENTED_EDGE('',*,*,#7956,.T.);
#11306 = ORIENTED_EDGE('',*,*,#11283,.F.);
#11307 = PLANE('',#11308);
#11308 = AXIS2_PLACEMENT_3D('',#11309,#11310,#11311);
#11309 = CARTESIAN_POINT('',(82.5,-7.15,-5.5));
#11310 = DIRECTION('',(-1.,-3.469446951954E-15,0.));
#11311 = DIRECTION('',(3.469446951954E-15,-1.,0.));
#11312 = ADVANCED_FACE('',(#11313),#11319,.F.);
#11313 = FACE_BOUND('',#11314,.T.);
#11314 = EDGE_LOOP('',(#11315,#11316,#11317,#11318));
#11315 = ORIENTED_EDGE('',*,*,#6290,.T.);
#11316 = ORIENTED_EDGE('',*,*,#2596,.T.);
#11317 = ORIENTED_EDGE('',*,*,#7964,.T.);
#11318 = ORIENTED_EDGE('',*,*,#11300,.F.);
#11319 = PLANE('',#11320);
#11320 = AXIS2_PLACEMENT_3D('',#11321,#11322,#11323);
#11321 = CARTESIAN_POINT('',(88.,-7.15,-5.5));
#11322 = DIRECTION('',(1.577021341797E-16,1.,0.));
#11323 = DIRECTION('',(-1.,1.577021341797E-16,0.));
#11324 = ADVANCED_FACE('',(#11325),#11331,.F.);
#11325 = FACE_BOUND('',#11326,.T.);
#11326 = EDGE_LOOP('',(#11327,#11328,#11329,#11330));
#11327 = ORIENTED_EDGE('',*,*,#2356,.T.);
#11328 = ORIENTED_EDGE('',*,*,#9577,.T.);
#11329 = ORIENTED_EDGE('',*,*,#2476,.T.);
#11330 = ORIENTED_EDGE('',*,*,#10011,.F.);
#11331 = PLANE('',#11332);
#11332 = AXIS2_PLACEMENT_3D('',#11333,#11334,#11335);
#11333 = CARTESIAN_POINT('',(240.,-1.760395916425E-15,-5.5));
#11334 = DIRECTION('',(-0.,0.,-1.));
#11335 = DIRECTION('',(-1.,0.,0.));
#11336 = ADVANCED_FACE('',(#11337),#11345,.F.);
#11337 = FACE_BOUND('',#11338,.T.);
#11338 = EDGE_LOOP('',(#11339,#11340,#11341,#11342,#11343,#11344));
#11339 = ORIENTED_EDGE('',*,*,#2420,.F.);
#11340 = ORIENTED_EDGE('',*,*,#6377,.T.);
#11341 = ORIENTED_EDGE('',*,*,#10018,.F.);
#11342 = ORIENTED_EDGE('',*,*,#2460,.F.);
#11343 = ORIENTED_EDGE('',*,*,#9570,.T.);
#11344 = ORIENTED_EDGE('',*,*,#7877,.F.);
#11345 = PLANE('',#11346);
#11346 = AXIS2_PLACEMENT_3D('',#11347,#11348,#11349);
#11347 = CARTESIAN_POINT('',(48.,-7.15,-5.5));
#11348 = DIRECTION('',(1.,0.,0.));
#11349 = DIRECTION('',(0.,0.,-1.));
#11350 = ADVANCED_FACE('',(#11351),#11359,.F.);
#11351 = FACE_BOUND('',#11352,.T.);
#11352 = EDGE_LOOP('',(#11353,#11354,#11355,#11356,#11357,#11358));
#11353 = ORIENTED_EDGE('',*,*,#2340,.F.);
#11354 = ORIENTED_EDGE('',*,*,#10004,.T.);
#11355 = ORIENTED_EDGE('',*,*,#6455,.F.);
#11356 = ORIENTED_EDGE('',*,*,#2380,.F.);
#11357 = ORIENTED_EDGE('',*,*,#7799,.T.);
#11358 = ORIENTED_EDGE('',*,*,#9584,.F.);
#11359 = PLANE('',#11360);
#11360 = AXIS2_PLACEMENT_3D('',#11361,#11362,#11363);
#11361 = CARTESIAN_POINT('',(32.,-7.15,-5.5));
#11362 = DIRECTION('',(-1.,0.,-0.));
#11363 = DIRECTION('',(0.,0.,1.));
#11364 = ADVANCED_FACE('',(#11365),#11376,.F.);
#11365 = FACE_BOUND('',#11366,.T.);
#11366 = EDGE_LOOP('',(#11367,#11368,#11374,#11375));
#11367 = ORIENTED_EDGE('',*,*,#6448,.T.);
#11368 = ORIENTED_EDGE('',*,*,#11369,.T.);
#11369 = EDGE_CURVE('',#6441,#7807,#11370,.T.);
#11370 = LINE('',#11371,#11372);
#11371 = CARTESIAN_POINT('',(37.5,-7.15,-5.5));
#11372 = VECTOR('',#11373,1.);
#11373 = DIRECTION('',(-0.,-0.,1.));
#11374 = ORIENTED_EDGE('',*,*,#7806,.T.);
#11375 = ORIENTED_EDGE('',*,*,#2396,.F.);
#11376 = PLANE('',#11377);
#11377 = AXIS2_PLACEMENT_3D('',#11378,#11379,#11380);
#11378 = CARTESIAN_POINT('',(37.5,-7.15,-5.5));
#11379 = DIRECTION('',(-1.577021341797E-16,1.,0.));
#11380 = DIRECTION('',(-1.,-1.577021341797E-16,0.));
#11381 = ADVANCED_FACE('',(#11382),#11393,.F.);
#11382 = FACE_BOUND('',#11383,.T.);
#11383 = EDGE_LOOP('',(#11384,#11385,#11391,#11392));
#11384 = ORIENTED_EDGE('',*,*,#6440,.T.);
#11385 = ORIENTED_EDGE('',*,*,#11386,.T.);
#11386 = EDGE_CURVE('',#6433,#7815,#11387,.T.);
#11387 = LINE('',#11388,#11389);
#11388 = CARTESIAN_POINT('',(37.5,-15.15,-5.5));
#11389 = VECTOR('',#11390,1.);
#11390 = DIRECTION('',(-0.,-0.,1.));
#11391 = ORIENTED_EDGE('',*,*,#7814,.T.);
#11392 = ORIENTED_EDGE('',*,*,#11369,.F.);
#11393 = PLANE('',#11394);
#11394 = AXIS2_PLACEMENT_3D('',#11395,#11396,#11397);
#11395 = CARTESIAN_POINT('',(37.5,-7.15,-5.5));
#11396 = DIRECTION('',(1.,-3.469446951954E-15,0.));
#11397 = DIRECTION('',(3.469446951954E-15,1.,0.));
#11398 = ADVANCED_FACE('',(#11399),#11410,.F.);
#11399 = FACE_BOUND('',#11400,.T.);
#11400 = EDGE_LOOP('',(#11401,#11402,#11408,#11409));
#11401 = ORIENTED_EDGE('',*,*,#6432,.T.);
#11402 = ORIENTED_EDGE('',*,*,#11403,.T.);
#11403 = EDGE_CURVE('',#6425,#7823,#11404,.T.);
#11404 = LINE('',#11405,#11406);
#11405 = CARTESIAN_POINT('',(36.,-15.15,-5.5));
#11406 = VECTOR('',#11407,1.);
#11407 = DIRECTION('',(-0.,-0.,1.));
#11408 = ORIENTED_EDGE('',*,*,#7822,.T.);
#11409 = ORIENTED_EDGE('',*,*,#11386,.F.);
#11410 = PLANE('',#11411);
#11411 = AXIS2_PLACEMENT_3D('',#11412,#11413,#11414);
#11412 = CARTESIAN_POINT('',(37.5,-15.15,-5.5));
#11413 = DIRECTION('',(0.,-1.,-0.));
#11414 = DIRECTION('',(0.,0.,-1.));
#11415 = ADVANCED_FACE('',(#11416),#11427,.F.);
#11416 = FACE_BOUND('',#11417,.T.);
#11417 = EDGE_LOOP('',(#11418,#11419,#11425,#11426));
#11418 = ORIENTED_EDGE('',*,*,#6424,.T.);
#11419 = ORIENTED_EDGE('',*,*,#11420,.T.);
#11420 = EDGE_CURVE('',#6417,#7831,#11421,.T.);
#11421 = LINE('',#11422,#11423);
#11422 = CARTESIAN_POINT('',(36.,-19.15,-5.5));
#11423 = VECTOR('',#11424,1.);
#11424 = DIRECTION('',(-0.,-0.,1.));
#11425 = ORIENTED_EDGE('',*,*,#7830,.T.);
#11426 = ORIENTED_EDGE('',*,*,#11403,.F.);
#11427 = PLANE('',#11428);
#11428 = AXIS2_PLACEMENT_3D('',#11429,#11430,#11431);
#11429 = CARTESIAN_POINT('',(36.,-15.15,-5.5));
#11430 = DIRECTION('',(1.,0.,0.));
#11431 = DIRECTION('',(0.,0.,-1.));
#11432 = ADVANCED_FACE('',(#11433),#11444,.F.);
#11433 = FACE_BOUND('',#11434,.T.);
#11434 = EDGE_LOOP('',(#11435,#11436,#11442,#11443));
#11435 = ORIENTED_EDGE('',*,*,#6416,.T.);
#11436 = ORIENTED_EDGE('',*,*,#11437,.T.);
#11437 = EDGE_CURVE('',#6409,#7839,#11438,.T.);
#11438 = LINE('',#11439,#11440);
#11439 = CARTESIAN_POINT('',(44.,-19.15,-5.5));
#11440 = VECTOR('',#11441,1.);
#11441 = DIRECTION('',(-0.,-0.,1.));
#11442 = ORIENTED_EDGE('',*,*,#7838,.T.);
#11443 = ORIENTED_EDGE('',*,*,#11420,.F.);
#11444 = PLANE('',#11445);
#11445 = AXIS2_PLACEMENT_3D('',#11446,#11447,#11448);
#11446 = CARTESIAN_POINT('',(44.,-19.15,-5.5));
#11447 = DIRECTION('',(0.,1.,0.));
#11448 = DIRECTION('',(0.,-0.,1.));
#11449 = ADVANCED_FACE('',(#11450),#11461,.F.);
#11450 = FACE_BOUND('',#11451,.T.);
#11451 = EDGE_LOOP('',(#11452,#11453,#11459,#11460));
#11452 = ORIENTED_EDGE('',*,*,#6408,.T.);
#11453 = ORIENTED_EDGE('',*,*,#11454,.T.);
#11454 = EDGE_CURVE('',#6401,#7847,#11455,.T.);
#11455 = LINE('',#11456,#11457);
#11456 = CARTESIAN_POINT('',(44.,-15.15,-5.5));
#11457 = VECTOR('',#11458,1.);
#11458 = DIRECTION('',(-0.,-0.,1.));
#11459 = ORIENTED_EDGE('',*,*,#7846,.T.);
#11460 = ORIENTED_EDGE('',*,*,#11437,.F.);
#11461 = PLANE('',#11462);
#11462 = AXIS2_PLACEMENT_3D('',#11463,#11464,#11465);
#11463 = CARTESIAN_POINT('',(44.,-15.15,-5.5));
#11464 = DIRECTION('',(-1.,0.,-0.));
#11465 = DIRECTION('',(0.,0.,1.));
#11466 = ADVANCED_FACE('',(#11467),#11478,.F.);
#11467 = FACE_BOUND('',#11468,.T.);
#11468 = EDGE_LOOP('',(#11469,#11470,#11476,#11477));
#11469 = ORIENTED_EDGE('',*,*,#6400,.T.);
#11470 = ORIENTED_EDGE('',*,*,#11471,.T.);
#11471 = EDGE_CURVE('',#6393,#7855,#11472,.T.);
#11472 = LINE('',#11473,#11474);
#11473 = CARTESIAN_POINT('',(42.5,-15.15,-5.5));
#11474 = VECTOR('',#11475,1.);
#11475 = DIRECTION('',(-0.,-0.,1.));
#11476 = ORIENTED_EDGE('',*,*,#7854,.T.);
#11477 = ORIENTED_EDGE('',*,*,#11454,.F.);
#11478 = PLANE('',#11479);
#11479 = AXIS2_PLACEMENT_3D('',#11480,#11481,#11482);
#11480 = CARTESIAN_POINT('',(42.5,-15.15,-5.5));
#11481 = DIRECTION('',(0.,-1.,0.));
#11482 = DIRECTION('',(0.,-0.,-1.));
#11483 = ADVANCED_FACE('',(#11484),#11495,.F.);
#11484 = FACE_BOUND('',#11485,.T.);
#11485 = EDGE_LOOP('',(#11486,#11487,#11493,#11494));
#11486 = ORIENTED_EDGE('',*,*,#6392,.T.);
#11487 = ORIENTED_EDGE('',*,*,#11488,.T.);
#11488 = EDGE_CURVE('',#6385,#7863,#11489,.T.);
#11489 = LINE('',#11490,#11491);
#11490 = CARTESIAN_POINT('',(42.5,-7.15,-5.5));
#11491 = VECTOR('',#11492,1.);
#11492 = DIRECTION('',(-0.,-0.,1.));
#11493 = ORIENTED_EDGE('',*,*,#7862,.T.);
#11494 = ORIENTED_EDGE('',*,*,#11471,.F.);
#11495 = PLANE('',#11496);
#11496 = AXIS2_PLACEMENT_3D('',#11497,#11498,#11499);
#11497 = CARTESIAN_POINT('',(42.5,-7.15,-5.5));
#11498 = DIRECTION('',(-1.,-3.469446951954E-15,0.));
#11499 = DIRECTION('',(3.469446951954E-15,-1.,0.));
#11500 = ADVANCED_FACE('',(#11501),#11507,.F.);
#11501 = FACE_BOUND('',#11502,.T.);
#11502 = EDGE_LOOP('',(#11503,#11504,#11505,#11506));
#11503 = ORIENTED_EDGE('',*,*,#6384,.T.);
#11504 = ORIENTED_EDGE('',*,*,#2436,.T.);
#11505 = ORIENTED_EDGE('',*,*,#7870,.T.);
#11506 = ORIENTED_EDGE('',*,*,#11488,.F.);
#11507 = PLANE('',#11508);
#11508 = AXIS2_PLACEMENT_3D('',#11509,#11510,#11511);
#11509 = CARTESIAN_POINT('',(48.,-7.15,-5.5));
#11510 = DIRECTION('',(1.577021341797E-16,1.,0.));
#11511 = DIRECTION('',(-1.,1.577021341797E-16,0.));
#11512 = ADVANCED_FACE('',(#11513),#11519,.F.);
#11513 = FACE_BOUND('',#11514,.T.);
#11514 = EDGE_LOOP('',(#11515,#11516,#11517,#11518));
#11515 = ORIENTED_EDGE('',*,*,#2196,.T.);
#11516 = ORIENTED_EDGE('',*,*,#9598,.T.);
#11517 = ORIENTED_EDGE('',*,*,#2316,.T.);
#11518 = ORIENTED_EDGE('',*,*,#9990,.F.);
#11519 = PLANE('',#11520);
#11520 = AXIS2_PLACEMENT_3D('',#11521,#11522,#11523);
#11521 = CARTESIAN_POINT('',(200.,-1.466996597021E-15,-5.5));
#11522 = DIRECTION('',(-0.,0.,-1.));
#11523 = DIRECTION('',(-1.,0.,0.));
#11524 = ADVANCED_FACE('',(#11525),#11533,.F.);
#11525 = FACE_BOUND('',#11526,.T.);
#11526 = EDGE_LOOP('',(#11527,#11528,#11529,#11530,#11531,#11532));
#11527 = ORIENTED_EDGE('',*,*,#2260,.F.);
#11528 = ORIENTED_EDGE('',*,*,#6471,.T.);
#11529 = ORIENTED_EDGE('',*,*,#9997,.F.);
#11530 = ORIENTED_EDGE('',*,*,#2300,.F.);
#11531 = ORIENTED_EDGE('',*,*,#9591,.T.);
#11532 = ORIENTED_EDGE('',*,*,#7783,.F.);
#11533 = PLANE('',#11534);
#11534 = AXIS2_PLACEMENT_3D('',#11535,#11536,#11537);
#11535 = CARTESIAN_POINT('',(8.,-7.15,-5.5));
#11536 = DIRECTION('',(1.,0.,0.));
#11537 = DIRECTION('',(0.,0.,-1.));
#11538 = ADVANCED_FACE('',(#11539),#11547,.F.);
#11539 = FACE_BOUND('',#11540,.T.);
#11540 = EDGE_LOOP('',(#11541,#11542,#11543,#11544,#11545,#11546));
#11541 = ORIENTED_EDGE('',*,*,#2180,.F.);
#11542 = ORIENTED_EDGE('',*,*,#9983,.T.);
#11543 = ORIENTED_EDGE('',*,*,#6549,.F.);
#11544 = ORIENTED_EDGE('',*,*,#2220,.F.);
#11545 = ORIENTED_EDGE('',*,*,#7705,.T.);
#11546 = ORIENTED_EDGE('',*,*,#9605,.F.);
#11547 = PLANE('',#11548);
#11548 = AXIS2_PLACEMENT_3D('',#11549,#11550,#11551);
#11549 = CARTESIAN_POINT('',(-8.,-7.15,-5.5));
#11550 = DIRECTION('',(-1.,0.,-0.));
#11551 = DIRECTION('',(0.,0.,1.));
#11552 = ADVANCED_FACE('',(#11553),#11564,.F.);
#11553 = FACE_BOUND('',#11554,.T.);
#11554 = EDGE_LOOP('',(#11555,#11556,#11562,#11563));
#11555 = ORIENTED_EDGE('',*,*,#6542,.T.);
#11556 = ORIENTED_EDGE('',*,*,#11557,.T.);
#11557 = EDGE_CURVE('',#6535,#7713,#11558,.T.);
#11558 = LINE('',#11559,#11560);
#11559 = CARTESIAN_POINT('',(-2.5,-7.15,-5.5));
#11560 = VECTOR('',#11561,1.);
#11561 = DIRECTION('',(-0.,-0.,1.));
#11562 = ORIENTED_EDGE('',*,*,#7712,.T.);
#11563 = ORIENTED_EDGE('',*,*,#2236,.F.);
#11564 = PLANE('',#11565);
#11565 = AXIS2_PLACEMENT_3D('',#11566,#11567,#11568);
#11566 = CARTESIAN_POINT('',(-2.5,-7.15,-5.5));
#11567 = DIRECTION('',(-1.577021341797E-16,1.,0.));
#11568 = DIRECTION('',(-1.,-1.577021341797E-16,0.));
#11569 = ADVANCED_FACE('',(#11570),#11581,.F.);
#11570 = FACE_BOUND('',#11571,.T.);
#11571 = EDGE_LOOP('',(#11572,#11573,#11579,#11580));
#11572 = ORIENTED_EDGE('',*,*,#6534,.T.);
#11573 = ORIENTED_EDGE('',*,*,#11574,.T.);
#11574 = EDGE_CURVE('',#6527,#7721,#11575,.T.);
#11575 = LINE('',#11576,#11577);
#11576 = CARTESIAN_POINT('',(-2.5,-15.15,-5.5));
#11577 = VECTOR('',#11578,1.);
#11578 = DIRECTION('',(-0.,-0.,1.));
#11579 = ORIENTED_EDGE('',*,*,#7720,.T.);
#11580 = ORIENTED_EDGE('',*,*,#11557,.F.);
#11581 = PLANE('',#11582);
#11582 = AXIS2_PLACEMENT_3D('',#11583,#11584,#11585);
#11583 = CARTESIAN_POINT('',(-2.5,-7.15,-5.5));
#11584 = DIRECTION('',(1.,-3.469446951954E-15,0.));
#11585 = DIRECTION('',(3.469446951954E-15,1.,0.));
#11586 = ADVANCED_FACE('',(#11587),#11598,.F.);
#11587 = FACE_BOUND('',#11588,.T.);
#11588 = EDGE_LOOP('',(#11589,#11590,#11596,#11597));
#11589 = ORIENTED_EDGE('',*,*,#6526,.T.);
#11590 = ORIENTED_EDGE('',*,*,#11591,.T.);
#11591 = EDGE_CURVE('',#6519,#7729,#11592,.T.);
#11592 = LINE('',#11593,#11594);
#11593 = CARTESIAN_POINT('',(-4.,-15.15,-5.5));
#11594 = VECTOR('',#11595,1.);
#11595 = DIRECTION('',(-0.,-0.,1.));
#11596 = ORIENTED_EDGE('',*,*,#7728,.T.);
#11597 = ORIENTED_EDGE('',*,*,#11574,.F.);
#11598 = PLANE('',#11599);
#11599 = AXIS2_PLACEMENT_3D('',#11600,#11601,#11602);
#11600 = CARTESIAN_POINT('',(-2.5,-15.15,-5.5));
#11601 = DIRECTION('',(0.,-1.,-0.));
#11602 = DIRECTION('',(0.,0.,-1.));
#11603 = ADVANCED_FACE('',(#11604),#11615,.F.);
#11604 = FACE_BOUND('',#11605,.T.);
#11605 = EDGE_LOOP('',(#11606,#11607,#11613,#11614));
#11606 = ORIENTED_EDGE('',*,*,#6518,.T.);
#11607 = ORIENTED_EDGE('',*,*,#11608,.T.);
#11608 = EDGE_CURVE('',#6511,#7737,#11609,.T.);
#11609 = LINE('',#11610,#11611);
#11610 = CARTESIAN_POINT('',(-4.,-19.15,-5.5));
#11611 = VECTOR('',#11612,1.);
#11612 = DIRECTION('',(-0.,-0.,1.));
#11613 = ORIENTED_EDGE('',*,*,#7736,.T.);
#11614 = ORIENTED_EDGE('',*,*,#11591,.F.);
#11615 = PLANE('',#11616);
#11616 = AXIS2_PLACEMENT_3D('',#11617,#11618,#11619);
#11617 = CARTESIAN_POINT('',(-4.,-15.15,-5.5));
#11618 = DIRECTION('',(1.,0.,0.));
#11619 = DIRECTION('',(0.,0.,-1.));
#11620 = ADVANCED_FACE('',(#11621),#11632,.F.);
#11621 = FACE_BOUND('',#11622,.T.);
#11622 = EDGE_LOOP('',(#11623,#11624,#11630,#11631));
#11623 = ORIENTED_EDGE('',*,*,#6510,.T.);
#11624 = ORIENTED_EDGE('',*,*,#11625,.T.);
#11625 = EDGE_CURVE('',#6503,#7745,#11626,.T.);
#11626 = LINE('',#11627,#11628);
#11627 = CARTESIAN_POINT('',(4.,-19.15,-5.5));
#11628 = VECTOR('',#11629,1.);
#11629 = DIRECTION('',(-0.,-0.,1.));
#11630 = ORIENTED_EDGE('',*,*,#7744,.T.);
#11631 = ORIENTED_EDGE('',*,*,#11608,.F.);
#11632 = PLANE('',#11633);
#11633 = AXIS2_PLACEMENT_3D('',#11634,#11635,#11636);
#11634 = CARTESIAN_POINT('',(4.,-19.15,-5.5));
#11635 = DIRECTION('',(0.,1.,0.));
#11636 = DIRECTION('',(0.,-0.,1.));
#11637 = ADVANCED_FACE('',(#11638),#11649,.F.);
#11638 = FACE_BOUND('',#11639,.T.);
#11639 = EDGE_LOOP('',(#11640,#11641,#11647,#11648));
#11640 = ORIENTED_EDGE('',*,*,#6502,.T.);
#11641 = ORIENTED_EDGE('',*,*,#11642,.T.);
#11642 = EDGE_CURVE('',#6495,#7753,#11643,.T.);
#11643 = LINE('',#11644,#11645);
#11644 = CARTESIAN_POINT('',(4.,-15.15,-5.5));
#11645 = VECTOR('',#11646,1.);
#11646 = DIRECTION('',(-0.,-0.,1.));
#11647 = ORIENTED_EDGE('',*,*,#7752,.T.);
#11648 = ORIENTED_EDGE('',*,*,#11625,.F.);
#11649 = PLANE('',#11650);
#11650 = AXIS2_PLACEMENT_3D('',#11651,#11652,#11653);
#11651 = CARTESIAN_POINT('',(4.,-15.15,-5.5));
#11652 = DIRECTION('',(-1.,0.,-0.));
#11653 = DIRECTION('',(0.,0.,1.));
#11654 = ADVANCED_FACE('',(#11655),#11666,.F.);
#11655 = FACE_BOUND('',#11656,.T.);
#11656 = EDGE_LOOP('',(#11657,#11658,#11664,#11665));
#11657 = ORIENTED_EDGE('',*,*,#6494,.T.);
#11658 = ORIENTED_EDGE('',*,*,#11659,.T.);
#11659 = EDGE_CURVE('',#6487,#7761,#11660,.T.);
#11660 = LINE('',#11661,#11662);
#11661 = CARTESIAN_POINT('',(2.5,-15.15,-5.5));
#11662 = VECTOR('',#11663,1.);
#11663 = DIRECTION('',(-0.,-0.,1.));
#11664 = ORIENTED_EDGE('',*,*,#7760,.T.);
#11665 = ORIENTED_EDGE('',*,*,#11642,.F.);
#11666 = PLANE('',#11667);
#11667 = AXIS2_PLACEMENT_3D('',#11668,#11669,#11670);
#11668 = CARTESIAN_POINT('',(2.5,-15.15,-5.5));
#11669 = DIRECTION('',(0.,-1.,0.));
#11670 = DIRECTION('',(0.,-0.,-1.));
#11671 = ADVANCED_FACE('',(#11672),#11683,.F.);
#11672 = FACE_BOUND('',#11673,.T.);
#11673 = EDGE_LOOP('',(#11674,#11675,#11681,#11682));
#11674 = ORIENTED_EDGE('',*,*,#6486,.T.);
#11675 = ORIENTED_EDGE('',*,*,#11676,.T.);
#11676 = EDGE_CURVE('',#6479,#7769,#11677,.T.);
#11677 = LINE('',#11678,#11679);
#11678 = CARTESIAN_POINT('',(2.5,-7.15,-5.5));
#11679 = VECTOR('',#11680,1.);
#11680 = DIRECTION('',(-0.,-0.,1.));
#11681 = ORIENTED_EDGE('',*,*,#7768,.T.);
#11682 = ORIENTED_EDGE('',*,*,#11659,.F.);
#11683 = PLANE('',#11684);
#11684 = AXIS2_PLACEMENT_3D('',#11685,#11686,#11687);
#11685 = CARTESIAN_POINT('',(2.5,-7.15,-5.5));
#11686 = DIRECTION('',(-1.,-3.469446951954E-15,0.));
#11687 = DIRECTION('',(3.469446951954E-15,-1.,0.));
#11688 = ADVANCED_FACE('',(#11689),#11695,.F.);
#11689 = FACE_BOUND('',#11690,.T.);
#11690 = EDGE_LOOP('',(#11691,#11692,#11693,#11694));
#11691 = ORIENTED_EDGE('',*,*,#6478,.T.);
#11692 = ORIENTED_EDGE('',*,*,#2276,.T.);
#11693 = ORIENTED_EDGE('',*,*,#7776,.T.);
#11694 = ORIENTED_EDGE('',*,*,#11676,.F.);
#11695 = PLANE('',#11696);
#11696 = AXIS2_PLACEMENT_3D('',#11697,#11698,#11699);
#11697 = CARTESIAN_POINT('',(8.,-7.15,-5.5));
#11698 = DIRECTION('',(1.577021341797E-16,1.,0.));
#11699 = DIRECTION('',(-1.,1.577021341797E-16,0.));
#11700 = ADVANCED_FACE('',(#11701),#11707,.F.);
#11701 = FACE_BOUND('',#11702,.T.);
#11702 = EDGE_LOOP('',(#11703,#11704,#11705,#11706));
#11703 = ORIENTED_EDGE('',*,*,#2036,.T.);
#11704 = ORIENTED_EDGE('',*,*,#9619,.T.);
#11705 = ORIENTED_EDGE('',*,*,#2156,.T.);
#11706 = ORIENTED_EDGE('',*,*,#9969,.F.);
#11707 = PLANE('',#11708);
#11708 = AXIS2_PLACEMENT_3D('',#11709,#11710,#11711);
#11709 = CARTESIAN_POINT('',(160.,-1.173597277616E-15,-5.5));
#11710 = DIRECTION('',(-0.,0.,-1.));
#11711 = DIRECTION('',(-1.,0.,0.));
#11712 = ADVANCED_FACE('',(#11713),#11721,.F.);
#11713 = FACE_BOUND('',#11714,.T.);
#11714 = EDGE_LOOP('',(#11715,#11716,#11717,#11718,#11719,#11720));
#11715 = ORIENTED_EDGE('',*,*,#2100,.F.);
#11716 = ORIENTED_EDGE('',*,*,#6565,.T.);
#11717 = ORIENTED_EDGE('',*,*,#9976,.F.);
#11718 = ORIENTED_EDGE('',*,*,#2140,.F.);
#11719 = ORIENTED_EDGE('',*,*,#9612,.T.);
#11720 = ORIENTED_EDGE('',*,*,#7689,.F.);
#11721 = PLANE('',#11722);
#11722 = AXIS2_PLACEMENT_3D('',#11723,#11724,#11725);
#11723 = CARTESIAN_POINT('',(-32.,-7.15,-5.5));
#11724 = DIRECTION('',(1.,0.,0.));
#11725 = DIRECTION('',(0.,0.,-1.));
#11726 = ADVANCED_FACE('',(#11727),#11735,.F.);
#11727 = FACE_BOUND('',#11728,.T.);
#11728 = EDGE_LOOP('',(#11729,#11730,#11731,#11732,#11733,#11734));
#11729 = ORIENTED_EDGE('',*,*,#2020,.F.);
#11730 = ORIENTED_EDGE('',*,*,#9962,.T.);
#11731 = ORIENTED_EDGE('',*,*,#6643,.F.);
#11732 = ORIENTED_EDGE('',*,*,#2060,.F.);
#11733 = ORIENTED_EDGE('',*,*,#7611,.T.);
#11734 = ORIENTED_EDGE('',*,*,#9626,.F.);
#11735 = PLANE('',#11736);
#11736 = AXIS2_PLACEMENT_3D('',#11737,#11738,#11739);
#11737 = CARTESIAN_POINT('',(-48.,-7.15,-5.5));
#11738 = DIRECTION('',(-1.,0.,-0.));
#11739 = DIRECTION('',(0.,0.,1.));
#11740 = ADVANCED_FACE('',(#11741),#11752,.F.);
#11741 = FACE_BOUND('',#11742,.T.);
#11742 = EDGE_LOOP('',(#11743,#11744,#11750,#11751));
#11743 = ORIENTED_EDGE('',*,*,#6636,.T.);
#11744 = ORIENTED_EDGE('',*,*,#11745,.T.);
#11745 = EDGE_CURVE('',#6629,#7619,#11746,.T.);
#11746 = LINE('',#11747,#11748);
#11747 = CARTESIAN_POINT('',(-42.5,-7.15,-5.5));
#11748 = VECTOR('',#11749,1.);
#11749 = DIRECTION('',(-0.,-0.,1.));
#11750 = ORIENTED_EDGE('',*,*,#7618,.T.);
#11751 = ORIENTED_EDGE('',*,*,#2076,.F.);
#11752 = PLANE('',#11753);
#11753 = AXIS2_PLACEMENT_3D('',#11754,#11755,#11756);
#11754 = CARTESIAN_POINT('',(-42.5,-7.15,-5.5));
#11755 = DIRECTION('',(-1.577021341797E-16,1.,0.));
#11756 = DIRECTION('',(-1.,-1.577021341797E-16,0.));
#11757 = ADVANCED_FACE('',(#11758),#11769,.F.);
#11758 = FACE_BOUND('',#11759,.T.);
#11759 = EDGE_LOOP('',(#11760,#11761,#11767,#11768));
#11760 = ORIENTED_EDGE('',*,*,#6628,.T.);
#11761 = ORIENTED_EDGE('',*,*,#11762,.T.);
#11762 = EDGE_CURVE('',#6621,#7627,#11763,.T.);
#11763 = LINE('',#11764,#11765);
#11764 = CARTESIAN_POINT('',(-42.5,-15.15,-5.5));
#11765 = VECTOR('',#11766,1.);
#11766 = DIRECTION('',(-0.,-0.,1.));
#11767 = ORIENTED_EDGE('',*,*,#7626,.T.);
#11768 = ORIENTED_EDGE('',*,*,#11745,.F.);
#11769 = PLANE('',#11770);
#11770 = AXIS2_PLACEMENT_3D('',#11771,#11772,#11773);
#11771 = CARTESIAN_POINT('',(-42.5,-7.15,-5.5));
#11772 = DIRECTION('',(1.,-3.469446951954E-15,0.));
#11773 = DIRECTION('',(3.469446951954E-15,1.,0.));
#11774 = ADVANCED_FACE('',(#11775),#11786,.F.);
#11775 = FACE_BOUND('',#11776,.T.);
#11776 = EDGE_LOOP('',(#11777,#11778,#11784,#11785));
#11777 = ORIENTED_EDGE('',*,*,#6620,.T.);
#11778 = ORIENTED_EDGE('',*,*,#11779,.T.);
#11779 = EDGE_CURVE('',#6613,#7635,#11780,.T.);
#11780 = LINE('',#11781,#11782);
#11781 = CARTESIAN_POINT('',(-44.,-15.15,-5.5));
#11782 = VECTOR('',#11783,1.);
#11783 = DIRECTION('',(-0.,-0.,1.));
#11784 = ORIENTED_EDGE('',*,*,#7634,.T.);
#11785 = ORIENTED_EDGE('',*,*,#11762,.F.);
#11786 = PLANE('',#11787);
#11787 = AXIS2_PLACEMENT_3D('',#11788,#11789,#11790);
#11788 = CARTESIAN_POINT('',(-42.5,-15.15,-5.5));
#11789 = DIRECTION('',(0.,-1.,-0.));
#11790 = DIRECTION('',(0.,0.,-1.));
#11791 = ADVANCED_FACE('',(#11792),#11803,.F.);
#11792 = FACE_BOUND('',#11793,.T.);
#11793 = EDGE_LOOP('',(#11794,#11795,#11801,#11802));
#11794 = ORIENTED_EDGE('',*,*,#6612,.T.);
#11795 = ORIENTED_EDGE('',*,*,#11796,.T.);
#11796 = EDGE_CURVE('',#6605,#7643,#11797,.T.);
#11797 = LINE('',#11798,#11799);
#11798 = CARTESIAN_POINT('',(-44.,-19.15,-5.5));
#11799 = VECTOR('',#11800,1.);
#11800 = DIRECTION('',(-0.,-0.,1.));
#11801 = ORIENTED_EDGE('',*,*,#7642,.T.);
#11802 = ORIENTED_EDGE('',*,*,#11779,.F.);
#11803 = PLANE('',#11804);
#11804 = AXIS2_PLACEMENT_3D('',#11805,#11806,#11807);
#11805 = CARTESIAN_POINT('',(-44.,-15.15,-5.5));
#11806 = DIRECTION('',(1.,0.,0.));
#11807 = DIRECTION('',(0.,0.,-1.));
#11808 = ADVANCED_FACE('',(#11809),#11820,.F.);
#11809 = FACE_BOUND('',#11810,.T.);
#11810 = EDGE_LOOP('',(#11811,#11812,#11818,#11819));
#11811 = ORIENTED_EDGE('',*,*,#6604,.T.);
#11812 = ORIENTED_EDGE('',*,*,#11813,.T.);
#11813 = EDGE_CURVE('',#6597,#7651,#11814,.T.);
#11814 = LINE('',#11815,#11816);
#11815 = CARTESIAN_POINT('',(-36.,-19.15,-5.5));
#11816 = VECTOR('',#11817,1.);
#11817 = DIRECTION('',(-0.,-0.,1.));
#11818 = ORIENTED_EDGE('',*,*,#7650,.T.);
#11819 = ORIENTED_EDGE('',*,*,#11796,.F.);
#11820 = PLANE('',#11821);
#11821 = AXIS2_PLACEMENT_3D('',#11822,#11823,#11824);
#11822 = CARTESIAN_POINT('',(-36.,-19.15,-5.5));
#11823 = DIRECTION('',(0.,1.,0.));
#11824 = DIRECTION('',(0.,-0.,1.));
#11825 = ADVANCED_FACE('',(#11826),#11837,.F.);
#11826 = FACE_BOUND('',#11827,.T.);
#11827 = EDGE_LOOP('',(#11828,#11829,#11835,#11836));
#11828 = ORIENTED_EDGE('',*,*,#6596,.T.);
#11829 = ORIENTED_EDGE('',*,*,#11830,.T.);
#11830 = EDGE_CURVE('',#6589,#7659,#11831,.T.);
#11831 = LINE('',#11832,#11833);
#11832 = CARTESIAN_POINT('',(-36.,-15.15,-5.5));
#11833 = VECTOR('',#11834,1.);
#11834 = DIRECTION('',(-0.,-0.,1.));
#11835 = ORIENTED_EDGE('',*,*,#7658,.T.);
#11836 = ORIENTED_EDGE('',*,*,#11813,.F.);
#11837 = PLANE('',#11838);
#11838 = AXIS2_PLACEMENT_3D('',#11839,#11840,#11841);
#11839 = CARTESIAN_POINT('',(-36.,-15.15,-5.5));
#11840 = DIRECTION('',(-1.,0.,-0.));
#11841 = DIRECTION('',(0.,0.,1.));
#11842 = ADVANCED_FACE('',(#11843),#11854,.F.);
#11843 = FACE_BOUND('',#11844,.T.);
#11844 = EDGE_LOOP('',(#11845,#11846,#11852,#11853));
#11845 = ORIENTED_EDGE('',*,*,#6588,.T.);
#11846 = ORIENTED_EDGE('',*,*,#11847,.T.);
#11847 = EDGE_CURVE('',#6581,#7667,#11848,.T.);
#11848 = LINE('',#11849,#11850);
#11849 = CARTESIAN_POINT('',(-37.5,-15.15,-5.5));
#11850 = VECTOR('',#11851,1.);
#11851 = DIRECTION('',(-0.,-0.,1.));
#11852 = ORIENTED_EDGE('',*,*,#7666,.T.);
#11853 = ORIENTED_EDGE('',*,*,#11830,.F.);
#11854 = PLANE('',#11855);
#11855 = AXIS2_PLACEMENT_3D('',#11856,#11857,#11858);
#11856 = CARTESIAN_POINT('',(-37.5,-15.15,-5.5));
#11857 = DIRECTION('',(0.,-1.,0.));
#11858 = DIRECTION('',(0.,-0.,-1.));
#11859 = ADVANCED_FACE('',(#11860),#11871,.F.);
#11860 = FACE_BOUND('',#11861,.T.);
#11861 = EDGE_LOOP('',(#11862,#11863,#11869,#11870));
#11862 = ORIENTED_EDGE('',*,*,#6580,.T.);
#11863 = ORIENTED_EDGE('',*,*,#11864,.T.);
#11864 = EDGE_CURVE('',#6573,#7675,#11865,.T.);
#11865 = LINE('',#11866,#11867);
#11866 = CARTESIAN_POINT('',(-37.5,-7.15,-5.5));
#11867 = VECTOR('',#11868,1.);
#11868 = DIRECTION('',(-0.,-0.,1.));
#11869 = ORIENTED_EDGE('',*,*,#7674,.T.);
#11870 = ORIENTED_EDGE('',*,*,#11847,.F.);
#11871 = PLANE('',#11872);
#11872 = AXIS2_PLACEMENT_3D('',#11873,#11874,#11875);
#11873 = CARTESIAN_POINT('',(-37.5,-7.15,-5.5));
#11874 = DIRECTION('',(-1.,-3.469446951954E-15,0.));
#11875 = DIRECTION('',(3.469446951954E-15,-1.,0.));
#11876 = ADVANCED_FACE('',(#11877),#11883,.F.);
#11877 = FACE_BOUND('',#11878,.T.);
#11878 = EDGE_LOOP('',(#11879,#11880,#11881,#11882));
#11879 = ORIENTED_EDGE('',*,*,#6572,.T.);
#11880 = ORIENTED_EDGE('',*,*,#2116,.T.);
#11881 = ORIENTED_EDGE('',*,*,#7682,.T.);
#11882 = ORIENTED_EDGE('',*,*,#11864,.F.);
#11883 = PLANE('',#11884);
#11884 = AXIS2_PLACEMENT_3D('',#11885,#11886,#11887);
#11885 = CARTESIAN_POINT('',(-32.,-7.15,-5.5));
#11886 = DIRECTION('',(1.577021341797E-16,1.,0.));
#11887 = DIRECTION('',(-1.,1.577021341797E-16,0.));
#11888 = ADVANCED_FACE('',(#11889),#11895,.F.);
#11889 = FACE_BOUND('',#11890,.T.);
#11890 = EDGE_LOOP('',(#11891,#11892,#11893,#11894));
#11891 = ORIENTED_EDGE('',*,*,#1876,.T.);
#11892 = ORIENTED_EDGE('',*,*,#9640,.T.);
#11893 = ORIENTED_EDGE('',*,*,#1996,.T.);
#11894 = ORIENTED_EDGE('',*,*,#9948,.F.);
#11895 = PLANE('',#11896);
#11896 = AXIS2_PLACEMENT_3D('',#11897,#11898,#11899);
#11897 = CARTESIAN_POINT('',(120.,-8.801979582123E-16,-5.5));
#11898 = DIRECTION('',(-0.,0.,-1.));
#11899 = DIRECTION('',(-1.,0.,0.));
#11900 = ADVANCED_FACE('',(#11901),#11909,.F.);
#11901 = FACE_BOUND('',#11902,.T.);
#11902 = EDGE_LOOP('',(#11903,#11904,#11905,#11906,#11907,#11908));
#11903 = ORIENTED_EDGE('',*,*,#1940,.F.);
#11904 = ORIENTED_EDGE('',*,*,#6659,.T.);
#11905 = ORIENTED_EDGE('',*,*,#9955,.F.);
#11906 = ORIENTED_EDGE('',*,*,#1980,.F.);
#11907 = ORIENTED_EDGE('',*,*,#9633,.T.);
#11908 = ORIENTED_EDGE('',*,*,#7595,.F.);
#11909 = PLANE('',#11910);
#11910 = AXIS2_PLACEMENT_3D('',#11911,#11912,#11913);
#11911 = CARTESIAN_POINT('',(-72.,-7.15,-5.5));
#11912 = DIRECTION('',(1.,0.,0.));
#11913 = DIRECTION('',(0.,0.,-1.));
#11914 = ADVANCED_FACE('',(#11915),#11923,.F.);
#11915 = FACE_BOUND('',#11916,.T.);
#11916 = EDGE_LOOP('',(#11917,#11918,#11919,#11920,#11921,#11922));
#11917 = ORIENTED_EDGE('',*,*,#1860,.F.);
#11918 = ORIENTED_EDGE('',*,*,#9941,.T.);
#11919 = ORIENTED_EDGE('',*,*,#6737,.F.);
#11920 = ORIENTED_EDGE('',*,*,#1900,.F.);
#11921 = ORIENTED_EDGE('',*,*,#7517,.T.);
#11922 = ORIENTED_EDGE('',*,*,#9647,.F.);
#11923 = PLANE('',#11924);
#11924 = AXIS2_PLACEMENT_3D('',#11925,#11926,#11927);
#11925 = CARTESIAN_POINT('',(-88.,-7.15,-5.5));
#11926 = DIRECTION('',(-1.,0.,-0.));
#11927 = DIRECTION('',(0.,0.,1.));
#11928 = ADVANCED_FACE('',(#11929),#11940,.F.);
#11929 = FACE_BOUND('',#11930,.T.);
#11930 = EDGE_LOOP('',(#11931,#11932,#11938,#11939));
#11931 = ORIENTED_EDGE('',*,*,#6730,.T.);
#11932 = ORIENTED_EDGE('',*,*,#11933,.T.);
#11933 = EDGE_CURVE('',#6723,#7525,#11934,.T.);
#11934 = LINE('',#11935,#11936);
#11935 = CARTESIAN_POINT('',(-82.5,-7.15,-5.5));
#11936 = VECTOR('',#11937,1.);
#11937 = DIRECTION('',(-0.,-0.,1.));
#11938 = ORIENTED_EDGE('',*,*,#7524,.T.);
#11939 = ORIENTED_EDGE('',*,*,#1916,.F.);
#11940 = PLANE('',#11941);
#11941 = AXIS2_PLACEMENT_3D('',#11942,#11943,#11944);
#11942 = CARTESIAN_POINT('',(-82.5,-7.15,-5.5));
#11943 = DIRECTION('',(-1.577021341797E-16,1.,0.));
#11944 = DIRECTION('',(-1.,-1.577021341797E-16,0.));
#11945 = ADVANCED_FACE('',(#11946),#11957,.F.);
#11946 = FACE_BOUND('',#11947,.T.);
#11947 = EDGE_LOOP('',(#11948,#11949,#11955,#11956));
#11948 = ORIENTED_EDGE('',*,*,#6722,.T.);
#11949 = ORIENTED_EDGE('',*,*,#11950,.T.);
#11950 = EDGE_CURVE('',#6715,#7533,#11951,.T.);
#11951 = LINE('',#11952,#11953);
#11952 = CARTESIAN_POINT('',(-82.5,-15.15,-5.5));
#11953 = VECTOR('',#11954,1.);
#11954 = DIRECTION('',(-0.,-0.,1.));
#11955 = ORIENTED_EDGE('',*,*,#7532,.T.);
#11956 = ORIENTED_EDGE('',*,*,#11933,.F.);
#11957 = PLANE('',#11958);
#11958 = AXIS2_PLACEMENT_3D('',#11959,#11960,#11961);
#11959 = CARTESIAN_POINT('',(-82.5,-7.15,-5.5));
#11960 = DIRECTION('',(1.,-3.469446951954E-15,0.));
#11961 = DIRECTION('',(3.469446951954E-15,1.,0.));
#11962 = ADVANCED_FACE('',(#11963),#11974,.F.);
#11963 = FACE_BOUND('',#11964,.T.);
#11964 = EDGE_LOOP('',(#11965,#11966,#11972,#11973));
#11965 = ORIENTED_EDGE('',*,*,#6714,.T.);
#11966 = ORIENTED_EDGE('',*,*,#11967,.T.);
#11967 = EDGE_CURVE('',#6707,#7541,#11968,.T.);
#11968 = LINE('',#11969,#11970);
#11969 = CARTESIAN_POINT('',(-84.,-15.15,-5.5));
#11970 = VECTOR('',#11971,1.);
#11971 = DIRECTION('',(-0.,-0.,1.));
#11972 = ORIENTED_EDGE('',*,*,#7540,.T.);
#11973 = ORIENTED_EDGE('',*,*,#11950,.F.);
#11974 = PLANE('',#11975);
#11975 = AXIS2_PLACEMENT_3D('',#11976,#11977,#11978);
#11976 = CARTESIAN_POINT('',(-82.5,-15.15,-5.5));
#11977 = DIRECTION('',(0.,-1.,-0.));
#11978 = DIRECTION('',(0.,0.,-1.));
#11979 = ADVANCED_FACE('',(#11980),#11991,.F.);
#11980 = FACE_BOUND('',#11981,.T.);
#11981 = EDGE_LOOP('',(#11982,#11983,#11989,#11990));
#11982 = ORIENTED_EDGE('',*,*,#6706,.T.);
#11983 = ORIENTED_EDGE('',*,*,#11984,.T.);
#11984 = EDGE_CURVE('',#6699,#7549,#11985,.T.);
#11985 = LINE('',#11986,#11987);
#11986 = CARTESIAN_POINT('',(-84.,-19.15,-5.5));
#11987 = VECTOR('',#11988,1.);
#11988 = DIRECTION('',(-0.,-0.,1.));
#11989 = ORIENTED_EDGE('',*,*,#7548,.T.);
#11990 = ORIENTED_EDGE('',*,*,#11967,.F.);
#11991 = PLANE('',#11992);
#11992 = AXIS2_PLACEMENT_3D('',#11993,#11994,#11995);
#11993 = CARTESIAN_POINT('',(-84.,-15.15,-5.5));
#11994 = DIRECTION('',(1.,0.,0.));
#11995 = DIRECTION('',(0.,0.,-1.));
#11996 = ADVANCED_FACE('',(#11997),#12008,.F.);
#11997 = FACE_BOUND('',#11998,.T.);
#11998 = EDGE_LOOP('',(#11999,#12000,#12006,#12007));
#11999 = ORIENTED_EDGE('',*,*,#6698,.T.);
#12000 = ORIENTED_EDGE('',*,*,#12001,.T.);
#12001 = EDGE_CURVE('',#6691,#7557,#12002,.T.);
#12002 = LINE('',#12003,#12004);
#12003 = CARTESIAN_POINT('',(-76.,-19.15,-5.5));
#12004 = VECTOR('',#12005,1.);
#12005 = DIRECTION('',(-0.,-0.,1.));
#12006 = ORIENTED_EDGE('',*,*,#7556,.T.);
#12007 = ORIENTED_EDGE('',*,*,#11984,.F.);
#12008 = PLANE('',#12009);
#12009 = AXIS2_PLACEMENT_3D('',#12010,#12011,#12012);
#12010 = CARTESIAN_POINT('',(-76.,-19.15,-5.5));
#12011 = DIRECTION('',(0.,1.,0.));
#12012 = DIRECTION('',(0.,-0.,1.));
#12013 = ADVANCED_FACE('',(#12014),#12025,.F.);
#12014 = FACE_BOUND('',#12015,.T.);
#12015 = EDGE_LOOP('',(#12016,#12017,#12023,#12024));
#12016 = ORIENTED_EDGE('',*,*,#6690,.T.);
#12017 = ORIENTED_EDGE('',*,*,#12018,.T.);
#12018 = EDGE_CURVE('',#6683,#7565,#12019,.T.);
#12019 = LINE('',#12020,#12021);
#12020 = CARTESIAN_POINT('',(-76.,-15.15,-5.5));
#12021 = VECTOR('',#12022,1.);
#12022 = DIRECTION('',(-0.,-0.,1.));
#12023 = ORIENTED_EDGE('',*,*,#7564,.T.);
#12024 = ORIENTED_EDGE('',*,*,#12001,.F.);
#12025 = PLANE('',#12026);
#12026 = AXIS2_PLACEMENT_3D('',#12027,#12028,#12029);
#12027 = CARTESIAN_POINT('',(-76.,-15.15,-5.5));
#12028 = DIRECTION('',(-1.,0.,-0.));
#12029 = DIRECTION('',(0.,0.,1.));
#12030 = ADVANCED_FACE('',(#12031),#12042,.F.);
#12031 = FACE_BOUND('',#12032,.T.);
#12032 = EDGE_LOOP('',(#12033,#12034,#12040,#12041));
#12033 = ORIENTED_EDGE('',*,*,#6682,.T.);
#12034 = ORIENTED_EDGE('',*,*,#12035,.T.);
#12035 = EDGE_CURVE('',#6675,#7573,#12036,.T.);
#12036 = LINE('',#12037,#12038);
#12037 = CARTESIAN_POINT('',(-77.5,-15.15,-5.5));
#12038 = VECTOR('',#12039,1.);
#12039 = DIRECTION('',(-0.,-0.,1.));
#12040 = ORIENTED_EDGE('',*,*,#7572,.T.);
#12041 = ORIENTED_EDGE('',*,*,#12018,.F.);
#12042 = PLANE('',#12043);
#12043 = AXIS2_PLACEMENT_3D('',#12044,#12045,#12046);
#12044 = CARTESIAN_POINT('',(-77.5,-15.15,-5.5));
#12045 = DIRECTION('',(0.,-1.,0.));
#12046 = DIRECTION('',(0.,-0.,-1.));
#12047 = ADVANCED_FACE('',(#12048),#12059,.F.);
#12048 = FACE_BOUND('',#12049,.T.);
#12049 = EDGE_LOOP('',(#12050,#12051,#12057,#12058));
#12050 = ORIENTED_EDGE('',*,*,#6674,.T.);
#12051 = ORIENTED_EDGE('',*,*,#12052,.T.);
#12052 = EDGE_CURVE('',#6667,#7581,#12053,.T.);
#12053 = LINE('',#12054,#12055);
#12054 = CARTESIAN_POINT('',(-77.5,-7.15,-5.5));
#12055 = VECTOR('',#12056,1.);
#12056 = DIRECTION('',(-0.,-0.,1.));
#12057 = ORIENTED_EDGE('',*,*,#7580,.T.);
#12058 = ORIENTED_EDGE('',*,*,#12035,.F.);
#12059 = PLANE('',#12060);
#12060 = AXIS2_PLACEMENT_3D('',#12061,#12062,#12063);
#12061 = CARTESIAN_POINT('',(-77.5,-7.15,-5.5));
#12062 = DIRECTION('',(-1.,-3.469446951954E-15,0.));
#12063 = DIRECTION('',(3.469446951954E-15,-1.,0.));
#12064 = ADVANCED_FACE('',(#12065),#12071,.F.);
#12065 = FACE_BOUND('',#12066,.T.);
#12066 = EDGE_LOOP('',(#12067,#12068,#12069,#12070));
#12067 = ORIENTED_EDGE('',*,*,#6666,.T.);
#12068 = ORIENTED_EDGE('',*,*,#1956,.T.);
#12069 = ORIENTED_EDGE('',*,*,#7588,.T.);
#12070 = ORIENTED_EDGE('',*,*,#12052,.F.);
#12071 = PLANE('',#12072);
#12072 = AXIS2_PLACEMENT_3D('',#12073,#12074,#12075);
#12073 = CARTESIAN_POINT('',(-72.,-7.15,-5.5));
#12074 = DIRECTION('',(1.577021341797E-16,1.,0.));
#12075 = DIRECTION('',(-1.,1.577021341797E-16,0.));
#12076 = ADVANCED_FACE('',(#12077),#12083,.F.);
#12077 = FACE_BOUND('',#12078,.T.);
#12078 = EDGE_LOOP('',(#12079,#12080,#12081,#12082));
#12079 = ORIENTED_EDGE('',*,*,#1716,.T.);
#12080 = ORIENTED_EDGE('',*,*,#9661,.T.);
#12081 = ORIENTED_EDGE('',*,*,#1836,.T.);
#12082 = ORIENTED_EDGE('',*,*,#9927,.F.);
#12083 = PLANE('',#12084);
#12084 = AXIS2_PLACEMENT_3D('',#12085,#12086,#12087);
#12085 = CARTESIAN_POINT('',(80.,-5.867986388082E-16,-5.5));
#12086 = DIRECTION('',(-0.,0.,-1.));
#12087 = DIRECTION('',(-1.,0.,0.));
#12088 = ADVANCED_FACE('',(#12089),#12097,.F.);
#12089 = FACE_BOUND('',#12090,.T.);
#12090 = EDGE_LOOP('',(#12091,#12092,#12093,#12094,#12095,#12096));
#12091 = ORIENTED_EDGE('',*,*,#1780,.F.);
#12092 = ORIENTED_EDGE('',*,*,#6753,.T.);
#12093 = ORIENTED_EDGE('',*,*,#9934,.F.);
#12094 = ORIENTED_EDGE('',*,*,#1820,.F.);
#12095 = ORIENTED_EDGE('',*,*,#9654,.T.);
#12096 = ORIENTED_EDGE('',*,*,#7501,.F.);
#12097 = PLANE('',#12098);
#12098 = AXIS2_PLACEMENT_3D('',#12099,#12100,#12101);
#12099 = CARTESIAN_POINT('',(-112.,-7.15,-5.5));
#12100 = DIRECTION('',(1.,0.,0.));
#12101 = DIRECTION('',(0.,0.,-1.));
#12102 = ADVANCED_FACE('',(#12103),#12111,.F.);
#12103 = FACE_BOUND('',#12104,.T.);
#12104 = EDGE_LOOP('',(#12105,#12106,#12107,#12108,#12109,#12110));
#12105 = ORIENTED_EDGE('',*,*,#1700,.F.);
#12106 = ORIENTED_EDGE('',*,*,#9920,.T.);
#12107 = ORIENTED_EDGE('',*,*,#6831,.F.);
#12108 = ORIENTED_EDGE('',*,*,#1740,.F.);
#12109 = ORIENTED_EDGE('',*,*,#7423,.T.);
#12110 = ORIENTED_EDGE('',*,*,#9668,.F.);
#12111 = PLANE('',#12112);
#12112 = AXIS2_PLACEMENT_3D('',#12113,#12114,#12115);
#12113 = CARTESIAN_POINT('',(-128.,-7.15,-5.5));
#12114 = DIRECTION('',(-1.,0.,-0.));
#12115 = DIRECTION('',(0.,0.,1.));
#12116 = ADVANCED_FACE('',(#12117),#12128,.F.);
#12117 = FACE_BOUND('',#12118,.T.);
#12118 = EDGE_LOOP('',(#12119,#12120,#12126,#12127));
#12119 = ORIENTED_EDGE('',*,*,#6824,.T.);
#12120 = ORIENTED_EDGE('',*,*,#12121,.T.);
#12121 = EDGE_CURVE('',#6817,#7431,#12122,.T.);
#12122 = LINE('',#12123,#12124);
#12123 = CARTESIAN_POINT('',(-122.5,-7.15,-5.5));
#12124 = VECTOR('',#12125,1.);
#12125 = DIRECTION('',(-0.,-0.,1.));
#12126 = ORIENTED_EDGE('',*,*,#7430,.T.);
#12127 = ORIENTED_EDGE('',*,*,#1756,.F.);
#12128 = PLANE('',#12129);
#12129 = AXIS2_PLACEMENT_3D('',#12130,#12131,#12132);
#12130 = CARTESIAN_POINT('',(-122.5,-7.15,-5.5));
#12131 = DIRECTION('',(-1.577021341797E-16,1.,0.));
#12132 = DIRECTION('',(-1.,-1.577021341797E-16,0.));
#12133 = ADVANCED_FACE('',(#12134),#12145,.F.);
#12134 = FACE_BOUND('',#12135,.T.);
#12135 = EDGE_LOOP('',(#12136,#12137,#12143,#12144));
#12136 = ORIENTED_EDGE('',*,*,#6816,.T.);
#12137 = ORIENTED_EDGE('',*,*,#12138,.T.);
#12138 = EDGE_CURVE('',#6809,#7439,#12139,.T.);
#12139 = LINE('',#12140,#12141);
#12140 = CARTESIAN_POINT('',(-122.5,-15.15,-5.5));
#12141 = VECTOR('',#12142,1.);
#12142 = DIRECTION('',(-0.,-0.,1.));
#12143 = ORIENTED_EDGE('',*,*,#7438,.T.);
#12144 = ORIENTED_EDGE('',*,*,#12121,.F.);
#12145 = PLANE('',#12146);
#12146 = AXIS2_PLACEMENT_3D('',#12147,#12148,#12149);
#12147 = CARTESIAN_POINT('',(-122.5,-7.15,-5.5));
#12148 = DIRECTION('',(1.,-3.469446951954E-15,0.));
#12149 = DIRECTION('',(3.469446951954E-15,1.,0.));
#12150 = ADVANCED_FACE('',(#12151),#12162,.F.);
#12151 = FACE_BOUND('',#12152,.T.);
#12152 = EDGE_LOOP('',(#12153,#12154,#12160,#12161));
#12153 = ORIENTED_EDGE('',*,*,#6808,.T.);
#12154 = ORIENTED_EDGE('',*,*,#12155,.T.);
#12155 = EDGE_CURVE('',#6801,#7447,#12156,.T.);
#12156 = LINE('',#12157,#12158);
#12157 = CARTESIAN_POINT('',(-124.,-15.15,-5.5));
#12158 = VECTOR('',#12159,1.);
#12159 = DIRECTION('',(-0.,-0.,1.));
#12160 = ORIENTED_EDGE('',*,*,#7446,.T.);
#12161 = ORIENTED_EDGE('',*,*,#12138,.F.);
#12162 = PLANE('',#12163);
#12163 = AXIS2_PLACEMENT_3D('',#12164,#12165,#12166);
#12164 = CARTESIAN_POINT('',(-122.5,-15.15,-5.5));
#12165 = DIRECTION('',(0.,-1.,-0.));
#12166 = DIRECTION('',(0.,0.,-1.));
#12167 = ADVANCED_FACE('',(#12168),#12179,.F.);
#12168 = FACE_BOUND('',#12169,.T.);
#12169 = EDGE_LOOP('',(#12170,#12171,#12177,#12178));
#12170 = ORIENTED_EDGE('',*,*,#6800,.T.);
#12171 = ORIENTED_EDGE('',*,*,#12172,.T.);
#12172 = EDGE_CURVE('',#6793,#7455,#12173,.T.);
#12173 = LINE('',#12174,#12175);
#12174 = CARTESIAN_POINT('',(-124.,-19.15,-5.5));
#12175 = VECTOR('',#12176,1.);
#12176 = DIRECTION('',(-0.,-0.,1.));
#12177 = ORIENTED_EDGE('',*,*,#7454,.T.);
#12178 = ORIENTED_EDGE('',*,*,#12155,.F.);
#12179 = PLANE('',#12180);
#12180 = AXIS2_PLACEMENT_3D('',#12181,#12182,#12183);
#12181 = CARTESIAN_POINT('',(-124.,-15.15,-5.5));
#12182 = DIRECTION('',(1.,0.,0.));
#12183 = DIRECTION('',(0.,0.,-1.));
#12184 = ADVANCED_FACE('',(#12185),#12196,.F.);
#12185 = FACE_BOUND('',#12186,.T.);
#12186 = EDGE_LOOP('',(#12187,#12188,#12194,#12195));
#12187 = ORIENTED_EDGE('',*,*,#6792,.T.);
#12188 = ORIENTED_EDGE('',*,*,#12189,.T.);
#12189 = EDGE_CURVE('',#6785,#7463,#12190,.T.);
#12190 = LINE('',#12191,#12192);
#12191 = CARTESIAN_POINT('',(-116.,-19.15,-5.5));
#12192 = VECTOR('',#12193,1.);
#12193 = DIRECTION('',(-0.,-0.,1.));
#12194 = ORIENTED_EDGE('',*,*,#7462,.T.);
#12195 = ORIENTED_EDGE('',*,*,#12172,.F.);
#12196 = PLANE('',#12197);
#12197 = AXIS2_PLACEMENT_3D('',#12198,#12199,#12200);
#12198 = CARTESIAN_POINT('',(-116.,-19.15,-5.5));
#12199 = DIRECTION('',(0.,1.,0.));
#12200 = DIRECTION('',(0.,-0.,1.));
#12201 = ADVANCED_FACE('',(#12202),#12213,.F.);
#12202 = FACE_BOUND('',#12203,.T.);
#12203 = EDGE_LOOP('',(#12204,#12205,#12211,#12212));
#12204 = ORIENTED_EDGE('',*,*,#6784,.T.);
#12205 = ORIENTED_EDGE('',*,*,#12206,.T.);
#12206 = EDGE_CURVE('',#6777,#7471,#12207,.T.);
#12207 = LINE('',#12208,#12209);
#12208 = CARTESIAN_POINT('',(-116.,-15.15,-5.5));
#12209 = VECTOR('',#12210,1.);
#12210 = DIRECTION('',(-0.,-0.,1.));
#12211 = ORIENTED_EDGE('',*,*,#7470,.T.);
#12212 = ORIENTED_EDGE('',*,*,#12189,.F.);
#12213 = PLANE('',#12214);
#12214 = AXIS2_PLACEMENT_3D('',#12215,#12216,#12217);
#12215 = CARTESIAN_POINT('',(-116.,-15.15,-5.5));
#12216 = DIRECTION('',(-1.,0.,-0.));
#12217 = DIRECTION('',(0.,0.,1.));
#12218 = ADVANCED_FACE('',(#12219),#12230,.F.);
#12219 = FACE_BOUND('',#12220,.T.);
#12220 = EDGE_LOOP('',(#12221,#12222,#12228,#12229));
#12221 = ORIENTED_EDGE('',*,*,#6776,.T.);
#12222 = ORIENTED_EDGE('',*,*,#12223,.T.);
#12223 = EDGE_CURVE('',#6769,#7479,#12224,.T.);
#12224 = LINE('',#12225,#12226);
#12225 = CARTESIAN_POINT('',(-117.5,-15.15,-5.5));
#12226 = VECTOR('',#12227,1.);
#12227 = DIRECTION('',(-0.,-0.,1.));
#12228 = ORIENTED_EDGE('',*,*,#7478,.T.);
#12229 = ORIENTED_EDGE('',*,*,#12206,.F.);
#12230 = PLANE('',#12231);
#12231 = AXIS2_PLACEMENT_3D('',#12232,#12233,#12234);
#12232 = CARTESIAN_POINT('',(-117.5,-15.15,-5.5));
#12233 = DIRECTION('',(0.,-1.,0.));
#12234 = DIRECTION('',(0.,-0.,-1.));
#12235 = ADVANCED_FACE('',(#12236),#12247,.F.);
#12236 = FACE_BOUND('',#12237,.T.);
#12237 = EDGE_LOOP('',(#12238,#12239,#12245,#12246));
#12238 = ORIENTED_EDGE('',*,*,#6768,.T.);
#12239 = ORIENTED_EDGE('',*,*,#12240,.T.);
#12240 = EDGE_CURVE('',#6761,#7487,#12241,.T.);
#12241 = LINE('',#12242,#12243);
#12242 = CARTESIAN_POINT('',(-117.5,-7.15,-5.5));
#12243 = VECTOR('',#12244,1.);
#12244 = DIRECTION('',(-0.,-0.,1.));
#12245 = ORIENTED_EDGE('',*,*,#7486,.T.);
#12246 = ORIENTED_EDGE('',*,*,#12223,.F.);
#12247 = PLANE('',#12248);
#12248 = AXIS2_PLACEMENT_3D('',#12249,#12250,#12251);
#12249 = CARTESIAN_POINT('',(-117.5,-7.15,-5.5));
#12250 = DIRECTION('',(-1.,-3.469446951954E-15,0.));
#12251 = DIRECTION('',(3.469446951954E-15,-1.,0.));
#12252 = ADVANCED_FACE('',(#12253),#12259,.F.);
#12253 = FACE_BOUND('',#12254,.T.);
#12254 = EDGE_LOOP('',(#12255,#12256,#12257,#12258));
#12255 = ORIENTED_EDGE('',*,*,#6760,.T.);
#12256 = ORIENTED_EDGE('',*,*,#1796,.T.);
#12257 = ORIENTED_EDGE('',*,*,#7494,.T.);
#12258 = ORIENTED_EDGE('',*,*,#12240,.F.);
#12259 = PLANE('',#12260);
#12260 = AXIS2_PLACEMENT_3D('',#12261,#12262,#12263);
#12261 = CARTESIAN_POINT('',(-112.,-7.15,-5.5));
#12262 = DIRECTION('',(1.577021341797E-16,1.,0.));
#12263 = DIRECTION('',(-1.,1.577021341797E-16,0.));
#12264 = ADVANCED_FACE('',(#12265),#12271,.F.);
#12265 = FACE_BOUND('',#12266,.T.);
#12266 = EDGE_LOOP('',(#12267,#12268,#12269,#12270));
#12267 = ORIENTED_EDGE('',*,*,#1556,.T.);
#12268 = ORIENTED_EDGE('',*,*,#9682,.T.);
#12269 = ORIENTED_EDGE('',*,*,#1676,.T.);
#12270 = ORIENTED_EDGE('',*,*,#9906,.F.);
#12271 = PLANE('',#12272);
#12272 = AXIS2_PLACEMENT_3D('',#12273,#12274,#12275);
#12273 = CARTESIAN_POINT('',(40.,-2.933993194041E-16,-5.5));
#12274 = DIRECTION('',(-0.,0.,-1.));
#12275 = DIRECTION('',(-1.,0.,0.));
#12276 = ADVANCED_FACE('',(#12277),#12285,.F.);
#12277 = FACE_BOUND('',#12278,.T.);
#12278 = EDGE_LOOP('',(#12279,#12280,#12281,#12282,#12283,#12284));
#12279 = ORIENTED_EDGE('',*,*,#1620,.F.);
#12280 = ORIENTED_EDGE('',*,*,#6847,.T.);
#12281 = ORIENTED_EDGE('',*,*,#9913,.F.);
#12282 = ORIENTED_EDGE('',*,*,#1660,.F.);
#12283 = ORIENTED_EDGE('',*,*,#9675,.T.);
#12284 = ORIENTED_EDGE('',*,*,#7407,.F.);
#12285 = PLANE('',#12286);
#12286 = AXIS2_PLACEMENT_3D('',#12287,#12288,#12289);
#12287 = CARTESIAN_POINT('',(-152.,-7.15,-5.5));
#12288 = DIRECTION('',(1.,0.,0.));
#12289 = DIRECTION('',(0.,0.,-1.));
#12290 = ADVANCED_FACE('',(#12291),#12299,.F.);
#12291 = FACE_BOUND('',#12292,.T.);
#12292 = EDGE_LOOP('',(#12293,#12294,#12295,#12296,#12297,#12298));
#12293 = ORIENTED_EDGE('',*,*,#1540,.F.);
#12294 = ORIENTED_EDGE('',*,*,#9899,.T.);
#12295 = ORIENTED_EDGE('',*,*,#5827,.F.);
#12296 = ORIENTED_EDGE('',*,*,#1580,.F.);
#12297 = ORIENTED_EDGE('',*,*,#7329,.T.);
#12298 = ORIENTED_EDGE('',*,*,#9689,.F.);
#12299 = PLANE('',#12300);
#12300 = AXIS2_PLACEMENT_3D('',#12301,#12302,#12303);
#12301 = CARTESIAN_POINT('',(-168.,-7.15,-5.5));
#12302 = DIRECTION('',(-1.,0.,-0.));
#12303 = DIRECTION('',(0.,0.,1.));
#12304 = ADVANCED_FACE('',(#12305),#12316,.F.);
#12305 = FACE_BOUND('',#12306,.T.);
#12306 = EDGE_LOOP('',(#12307,#12308,#12314,#12315));
#12307 = ORIENTED_EDGE('',*,*,#6918,.T.);
#12308 = ORIENTED_EDGE('',*,*,#12309,.T.);
#12309 = EDGE_CURVE('',#6911,#7337,#12310,.T.);
#12310 = LINE('',#12311,#12312);
#12311 = CARTESIAN_POINT('',(-162.5,-7.15,-5.5));
#12312 = VECTOR('',#12313,1.);
#12313 = DIRECTION('',(-0.,-0.,1.));
#12314 = ORIENTED_EDGE('',*,*,#7336,.T.);
#12315 = ORIENTED_EDGE('',*,*,#1596,.F.);
#12316 = PLANE('',#12317);
#12317 = AXIS2_PLACEMENT_3D('',#12318,#12319,#12320);
#12318 = CARTESIAN_POINT('',(-162.5,-7.15,-5.5));
#12319 = DIRECTION('',(-1.577021341797E-16,1.,0.));
#12320 = DIRECTION('',(-1.,-1.577021341797E-16,0.));
#12321 = ADVANCED_FACE('',(#12322),#12333,.F.);
#12322 = FACE_BOUND('',#12323,.T.);
#12323 = EDGE_LOOP('',(#12324,#12325,#12331,#12332));
#12324 = ORIENTED_EDGE('',*,*,#6910,.T.);
#12325 = ORIENTED_EDGE('',*,*,#12326,.T.);
#12326 = EDGE_CURVE('',#6903,#7345,#12327,.T.);
#12327 = LINE('',#12328,#12329);
#12328 = CARTESIAN_POINT('',(-162.5,-15.15,-5.5));
#12329 = VECTOR('',#12330,1.);
#12330 = DIRECTION('',(-0.,-0.,1.));
#12331 = ORIENTED_EDGE('',*,*,#7344,.T.);
#12332 = ORIENTED_EDGE('',*,*,#12309,.F.);
#12333 = PLANE('',#12334);
#12334 = AXIS2_PLACEMENT_3D('',#12335,#12336,#12337);
#12335 = CARTESIAN_POINT('',(-162.5,-7.15,-5.5));
#12336 = DIRECTION('',(1.,-3.469446951954E-15,0.));
#12337 = DIRECTION('',(3.469446951954E-15,1.,0.));
#12338 = ADVANCED_FACE('',(#12339),#12350,.F.);
#12339 = FACE_BOUND('',#12340,.T.);
#12340 = EDGE_LOOP('',(#12341,#12342,#12348,#12349));
#12341 = ORIENTED_EDGE('',*,*,#6902,.T.);
#12342 = ORIENTED_EDGE('',*,*,#12343,.T.);
#12343 = EDGE_CURVE('',#6895,#7353,#12344,.T.);
#12344 = LINE('',#12345,#12346);
#12345 = CARTESIAN_POINT('',(-164.,-15.15,-5.5));
#12346 = VECTOR('',#12347,1.);
#12347 = DIRECTION('',(-0.,-0.,1.));
#12348 = ORIENTED_EDGE('',*,*,#7352,.T.);
#12349 = ORIENTED_EDGE('',*,*,#12326,.F.);
#12350 = PLANE('',#12351);
#12351 = AXIS2_PLACEMENT_3D('',#12352,#12353,#12354);
#12352 = CARTESIAN_POINT('',(-162.5,-15.15,-5.5));
#12353 = DIRECTION('',(0.,-1.,-0.));
#12354 = DIRECTION('',(0.,0.,-1.));
#12355 = ADVANCED_FACE('',(#12356),#12367,.F.);
#12356 = FACE_BOUND('',#12357,.T.);
#12357 = EDGE_LOOP('',(#12358,#12359,#12365,#12366));
#12358 = ORIENTED_EDGE('',*,*,#6894,.T.);
#12359 = ORIENTED_EDGE('',*,*,#12360,.T.);
#12360 = EDGE_CURVE('',#6887,#7361,#12361,.T.);
#12361 = LINE('',#12362,#12363);
#12362 = CARTESIAN_POINT('',(-164.,-19.15,-5.5));
#12363 = VECTOR('',#12364,1.);
#12364 = DIRECTION('',(-0.,-0.,1.));
#12365 = ORIENTED_EDGE('',*,*,#7360,.T.);
#12366 = ORIENTED_EDGE('',*,*,#12343,.F.);
#12367 = PLANE('',#12368);
#12368 = AXIS2_PLACEMENT_3D('',#12369,#12370,#12371);
#12369 = CARTESIAN_POINT('',(-164.,-15.15,-5.5));
#12370 = DIRECTION('',(1.,0.,0.));
#12371 = DIRECTION('',(0.,0.,-1.));
#12372 = ADVANCED_FACE('',(#12373),#12384,.F.);
#12373 = FACE_BOUND('',#12374,.T.);
#12374 = EDGE_LOOP('',(#12375,#12376,#12382,#12383));
#12375 = ORIENTED_EDGE('',*,*,#6886,.T.);
#12376 = ORIENTED_EDGE('',*,*,#12377,.T.);
#12377 = EDGE_CURVE('',#6879,#7369,#12378,.T.);
#12378 = LINE('',#12379,#12380);
#12379 = CARTESIAN_POINT('',(-156.,-19.15,-5.5));
#12380 = VECTOR('',#12381,1.);
#12381 = DIRECTION('',(-0.,-0.,1.));
#12382 = ORIENTED_EDGE('',*,*,#7368,.T.);
#12383 = ORIENTED_EDGE('',*,*,#12360,.F.);
#12384 = PLANE('',#12385);
#12385 = AXIS2_PLACEMENT_3D('',#12386,#12387,#12388);
#12386 = CARTESIAN_POINT('',(-156.,-19.15,-5.5));
#12387 = DIRECTION('',(0.,1.,0.));
#12388 = DIRECTION('',(0.,-0.,1.));
#12389 = ADVANCED_FACE('',(#12390),#12401,.F.);
#12390 = FACE_BOUND('',#12391,.T.);
#12391 = EDGE_LOOP('',(#12392,#12393,#12399,#12400));
#12392 = ORIENTED_EDGE('',*,*,#6878,.T.);
#12393 = ORIENTED_EDGE('',*,*,#12394,.T.);
#12394 = EDGE_CURVE('',#6871,#7377,#12395,.T.);
#12395 = LINE('',#12396,#12397);
#12396 = CARTESIAN_POINT('',(-156.,-15.15,-5.5));
#12397 = VECTOR('',#12398,1.);
#12398 = DIRECTION('',(-0.,-0.,1.));
#12399 = ORIENTED_EDGE('',*,*,#7376,.T.);
#12400 = ORIENTED_EDGE('',*,*,#12377,.F.);
#12401 = PLANE('',#12402);
#12402 = AXIS2_PLACEMENT_3D('',#12403,#12404,#12405);
#12403 = CARTESIAN_POINT('',(-156.,-15.15,-5.5));
#12404 = DIRECTION('',(-1.,0.,-0.));
#12405 = DIRECTION('',(0.,0.,1.));
#12406 = ADVANCED_FACE('',(#12407),#12418,.F.);
#12407 = FACE_BOUND('',#12408,.T.);
#12408 = EDGE_LOOP('',(#12409,#12410,#12416,#12417));
#12409 = ORIENTED_EDGE('',*,*,#6870,.T.);
#12410 = ORIENTED_EDGE('',*,*,#12411,.T.);
#12411 = EDGE_CURVE('',#6863,#7385,#12412,.T.);
#12412 = LINE('',#12413,#12414);
#12413 = CARTESIAN_POINT('',(-157.5,-15.15,-5.5));
#12414 = VECTOR('',#12415,1.);
#12415 = DIRECTION('',(-0.,-0.,1.));
#12416 = ORIENTED_EDGE('',*,*,#7384,.T.);
#12417 = ORIENTED_EDGE('',*,*,#12394,.F.);
#12418 = PLANE('',#12419);
#12419 = AXIS2_PLACEMENT_3D('',#12420,#12421,#12422);
#12420 = CARTESIAN_POINT('',(-157.5,-15.15,-5.5));
#12421 = DIRECTION('',(0.,-1.,0.));
#12422 = DIRECTION('',(0.,-0.,-1.));
#12423 = ADVANCED_FACE('',(#12424),#12435,.F.);
#12424 = FACE_BOUND('',#12425,.T.);
#12425 = EDGE_LOOP('',(#12426,#12427,#12433,#12434));
#12426 = ORIENTED_EDGE('',*,*,#6862,.T.);
#12427 = ORIENTED_EDGE('',*,*,#12428,.T.);
#12428 = EDGE_CURVE('',#6855,#7393,#12429,.T.);
#12429 = LINE('',#12430,#12431);
#12430 = CARTESIAN_POINT('',(-157.5,-7.15,-5.5));
#12431 = VECTOR('',#12432,1.);
#12432 = DIRECTION('',(-0.,-0.,1.));
#12433 = ORIENTED_EDGE('',*,*,#7392,.T.);
#12434 = ORIENTED_EDGE('',*,*,#12411,.F.);
#12435 = PLANE('',#12436);
#12436 = AXIS2_PLACEMENT_3D('',#12437,#12438,#12439);
#12437 = CARTESIAN_POINT('',(-157.5,-7.15,-5.5));
#12438 = DIRECTION('',(-1.,-3.469446951954E-15,0.));
#12439 = DIRECTION('',(3.469446951954E-15,-1.,0.));
#12440 = ADVANCED_FACE('',(#12441),#12447,.F.);
#12441 = FACE_BOUND('',#12442,.T.);
#12442 = EDGE_LOOP('',(#12443,#12444,#12445,#12446));
#12443 = ORIENTED_EDGE('',*,*,#6854,.T.);
#12444 = ORIENTED_EDGE('',*,*,#1636,.T.);
#12445 = ORIENTED_EDGE('',*,*,#7400,.T.);
#12446 = ORIENTED_EDGE('',*,*,#12428,.F.);
#12447 = PLANE('',#12448);
#12448 = AXIS2_PLACEMENT_3D('',#12449,#12450,#12451);
#12449 = CARTESIAN_POINT('',(-152.,-7.15,-5.5));
#12450 = DIRECTION('',(1.577021341797E-16,1.,0.));
#12451 = DIRECTION('',(-1.,1.577021341797E-16,0.));
#12452 = ADVANCED_FACE('',(#12453),#12464,.T.);
#12453 = FACE_BOUND('',#12454,.T.);
#12454 = EDGE_LOOP('',(#12455,#12456,#12462,#12463));
#12455 = ORIENTED_EDGE('',*,*,#9862,.T.);
#12456 = ORIENTED_EDGE('',*,*,#12457,.T.);
#12457 = EDGE_CURVE('',#9855,#9430,#12458,.T.);
#12458 = LINE('',#12459,#12460);
#12459 = CARTESIAN_POINT('',(-261.,-19.75,-15.));
#12460 = VECTOR('',#12461,1.);
#12461 = DIRECTION('',(0.,-1.,3.469446951954E-15));
#12462 = ORIENTED_EDGE('',*,*,#9429,.F.);
#12463 = ORIENTED_EDGE('',*,*,#1516,.F.);
#12464 = PLANE('',#12465);
#12465 = AXIS2_PLACEMENT_3D('',#12466,#12467,#12468);
#12466 = CARTESIAN_POINT('',(-261.,-19.75,-11.));
#12467 = DIRECTION('',(-1.,-0.,0.));
#12468 = DIRECTION('',(0.,0.,1.));
#12469 = ADVANCED_FACE('',(#12470),#12481,.T.);
#12470 = FACE_BOUND('',#12471,.T.);
#12471 = EDGE_LOOP('',(#12472,#12473,#12479,#12480));
#12472 = ORIENTED_EDGE('',*,*,#9461,.F.);
#12473 = ORIENTED_EDGE('',*,*,#12474,.T.);
#12474 = EDGE_CURVE('',#9454,#10128,#12475,.T.);
#12475 = LINE('',#12476,#12477);
#12476 = CARTESIAN_POINT('',(266.,-19.75,-15.));
#12477 = VECTOR('',#12478,1.);
#12478 = DIRECTION('',(0.,1.,-3.469446951954E-15));
#12479 = ORIENTED_EDGE('',*,*,#10127,.T.);
#12480 = ORIENTED_EDGE('',*,*,#10157,.T.);
#12481 = PLANE('',#12482);
#12482 = AXIS2_PLACEMENT_3D('',#12483,#12484,#12485);
#12483 = CARTESIAN_POINT('',(266.,-19.75,-11.));
#12484 = DIRECTION('',(1.,0.,0.));
#12485 = DIRECTION('',(0.,0.,-1.));
#12486 = ADVANCED_FACE('',(#12487),#12503,.T.);
#12487 = FACE_BOUND('',#12488,.T.);
#12488 = EDGE_LOOP('',(#12489,#12490,#12496,#12497));
#12489 = ORIENTED_EDGE('',*,*,#9445,.F.);
#12490 = ORIENTED_EDGE('',*,*,#12491,.T.);
#12491 = EDGE_CURVE('',#9438,#9845,#12492,.T.);
#12492 = LINE('',#12493,#12494);
#12493 = CARTESIAN_POINT('',(-260.,-19.75,-16.));
#12494 = VECTOR('',#12495,1.);
#12495 = DIRECTION('',(0.,1.,-3.469446951954E-15));
#12496 = ORIENTED_EDGE('',*,*,#9844,.T.);
#12497 = ORIENTED_EDGE('',*,*,#12498,.T.);
#12498 = EDGE_CURVE('',#9847,#9446,#12499,.T.);
#12499 = LINE('',#12500,#12501);
#12500 = CARTESIAN_POINT('',(265.,-19.75,-16.));
#12501 = VECTOR('',#12502,1.);
#12502 = DIRECTION('',(0.,-1.,3.469446951954E-15));
#12503 = PLANE('',#12504);
#12504 = AXIS2_PLACEMENT_3D('',#12505,#12506,#12507);
#12505 = CARTESIAN_POINT('',(-261.,-19.75,-16.));
#12506 = DIRECTION('',(0.,-3.469446951954E-15,-1.));
#12507 = DIRECTION('',(0.,1.,-3.469446951954E-15));
#12508 = ADVANCED_FACE('',(#12509),#12515,.F.);
#12509 = FACE_BOUND('',#12510,.T.);
#12510 = EDGE_LOOP('',(#12511,#12512,#12513,#12514));
#12511 = ORIENTED_EDGE('',*,*,#9854,.F.);
#12512 = ORIENTED_EDGE('',*,*,#12491,.F.);
#12513 = ORIENTED_EDGE('',*,*,#9437,.F.);
#12514 = ORIENTED_EDGE('',*,*,#12457,.F.);
#12515 = PLANE('',#12516);
#12516 = AXIS2_PLACEMENT_3D('',#12517,#12518,#12519);
#12517 = CARTESIAN_POINT('',(-261.,-19.75,-15.));
#12518 = DIRECTION('',(0.707106781187,2.453269466693E-15,0.707106781187)
  );
#12519 = DIRECTION('',(0.,-1.,3.469446951954E-15));
#12520 = ADVANCED_FACE('',(#12521),#12527,.F.);
#12521 = FACE_BOUND('',#12522,.T.);
#12522 = EDGE_LOOP('',(#12523,#12524,#12525,#12526));
#12523 = ORIENTED_EDGE('',*,*,#10135,.F.);
#12524 = ORIENTED_EDGE('',*,*,#12474,.F.);
#12525 = ORIENTED_EDGE('',*,*,#9453,.F.);
#12526 = ORIENTED_EDGE('',*,*,#12498,.F.);
#12527 = PLANE('',#12528);
#12528 = AXIS2_PLACEMENT_3D('',#12529,#12530,#12531);
#12529 = CARTESIAN_POINT('',(265.,-19.75,-16.));
#12530 = DIRECTION('',(-0.707106781187,2.453269466693E-15,0.707106781187
    ));
#12531 = DIRECTION('',(1.972152263053E-31,-1.,3.469446951954E-15));
#12532 = ADVANCED_FACE('',(#12533),#12539,.F.);
#12533 = FACE_BOUND('',#12534,.T.);
#12534 = EDGE_LOOP('',(#12535,#12536,#12537,#12538));
#12535 = ORIENTED_EDGE('',*,*,#8789,.F.);
#12536 = ORIENTED_EDGE('',*,*,#8650,.F.);
#12537 = ORIENTED_EDGE('',*,*,#9039,.F.);
#12538 = ORIENTED_EDGE('',*,*,#9170,.F.);
#12539 = PLANE('',#12540);
#12540 = AXIS2_PLACEMENT_3D('',#12541,#12542,#12543);
#12541 = CARTESIAN_POINT('',(280.,21.75,-35.));
#12542 = DIRECTION('',(-0.707106781187,-2.468850131082E-15,
    0.707106781187));
#12543 = DIRECTION('',(-1.972152263053E-31,-1.,-3.491481338843E-15));
#12544 = ADVANCED_FACE('',(#12545),#12551,.F.);
#12545 = FACE_BOUND('',#12546,.T.);
#12546 = EDGE_LOOP('',(#12547,#12548,#12549,#12550));
#12547 = ORIENTED_EDGE('',*,*,#9477,.F.);
#12548 = ORIENTED_EDGE('',*,*,#10150,.F.);
#12549 = ORIENTED_EDGE('',*,*,#10111,.F.);
#12550 = ORIENTED_EDGE('',*,*,#9296,.F.);
#12551 = PLANE('',#12552);
#12552 = AXIS2_PLACEMENT_3D('',#12553,#12554,#12555);
#12553 = CARTESIAN_POINT('',(281.,-21.75,-10.));
#12554 = DIRECTION('',(-0.707106781187,2.468850131082E-15,0.707106781187
    ));
#12555 = DIRECTION('',(0.,1.,-3.491481338843E-15));
#12556 = ADVANCED_FACE('',(#12557),#12563,.F.);
#12557 = FACE_BOUND('',#12558,.T.);
#12558 = EDGE_LOOP('',(#12559,#12560,#12561,#12562));
#12559 = ORIENTED_EDGE('',*,*,#9719,.F.);
#12560 = ORIENTED_EDGE('',*,*,#9265,.F.);
#12561 = ORIENTED_EDGE('',*,*,#9869,.F.);
#12562 = ORIENTED_EDGE('',*,*,#1500,.F.);
#12563 = PLANE('',#12564);
#12564 = AXIS2_PLACEMENT_3D('',#12565,#12566,#12567);
#12565 = CARTESIAN_POINT('',(-280.,-21.75,-11.));
#12566 = DIRECTION('',(0.707106781187,2.468850131082E-15,0.707106781187)
  );
#12567 = DIRECTION('',(-1.972152263053E-31,1.,-3.491481338843E-15));
#12568 = ADVANCED_FACE('',(#12569),#12575,.F.);
#12569 = FACE_BOUND('',#12570,.T.);
#12570 = EDGE_LOOP('',(#12571,#12572,#12573,#12574));
#12571 = ORIENTED_EDGE('',*,*,#8805,.F.);
#12572 = ORIENTED_EDGE('',*,*,#9177,.F.);
#12573 = ORIENTED_EDGE('',*,*,#9050,.F.);
#12574 = ORIENTED_EDGE('',*,*,#8681,.F.);
#12575 = PLANE('',#12576);
#12576 = AXIS2_PLACEMENT_3D('',#12577,#12578,#12579);
#12577 = CARTESIAN_POINT('',(-281.,21.75,-34.));
#12578 = DIRECTION('',(0.707106781187,-2.468850131082E-15,0.707106781187
    ));
#12579 = DIRECTION('',(-1.972152263053E-31,-1.,-3.491481338843E-15));
#12580 = ADVANCED_FACE('',(#12581),#12591,.F.);
#12581 = FACE_BOUND('',#12582,.F.);
#12582 = EDGE_LOOP('',(#12583,#12584,#12589,#12590));
#12583 = ORIENTED_EDGE('',*,*,#9418,.F.);
#12584 = ORIENTED_EDGE('',*,*,#12585,.F.);
#12585 = EDGE_CURVE('',#9834,#9419,#12586,.T.);
#12586 = B_SPLINE_CURVE_WITH_KNOTS('',1,(#12587,#12588),.UNSPECIFIED.,
  .F.,.F.,(2,2),(3.,5.),.PIECEWISE_BEZIER_KNOTS.);
#12587 = CARTESIAN_POINT('',(-180.,-19.75,-11.2));
#12588 = CARTESIAN_POINT('',(-180.,-21.75,-11.2));
#12589 = ORIENTED_EDGE('',*,*,#9833,.T.);
#12590 = ORIENTED_EDGE('',*,*,#12585,.T.);
#12591 = CYLINDRICAL_SURFACE('',#12592,2.2);
#12592 = AXIS2_PLACEMENT_3D('',#12593,#12594,#12595);
#12593 = CARTESIAN_POINT('',(-180.,-16.75,-9.));
#12594 = DIRECTION('',(-0.,-1.,3.469446951954E-15));
#12595 = DIRECTION('',(0.,-3.469446951954E-15,-1.));
#12596 = ADVANCED_FACE('',(#12597),#12608,.F.);
#12597 = FACE_BOUND('',#12598,.F.);
#12598 = EDGE_LOOP('',(#12599,#12600,#12605,#12606,#12607));
#12599 = ORIENTED_EDGE('',*,*,#5817,.F.);
#12600 = ORIENTED_EDGE('',*,*,#12601,.T.);
#12601 = EDGE_CURVE('',#5809,#7223,#12602,.T.);
#12602 = B_SPLINE_CURVE_WITH_KNOTS('',1,(#12603,#12604),.UNSPECIFIED.,
  .F.,.F.,(2,2),(3.,5.),.PIECEWISE_BEZIER_KNOTS.);
#12603 = CARTESIAN_POINT('',(182.2,-12.75,-2.));
#12604 = CARTESIAN_POINT('',(182.2,-12.75,2.75335310107E-14));
#12605 = ORIENTED_EDGE('',*,*,#7222,.F.);
#12606 = ORIENTED_EDGE('',*,*,#12601,.F.);
#12607 = ORIENTED_EDGE('',*,*,#5806,.F.);
#12608 = CYLINDRICAL_SURFACE('',#12609,2.2);
#12609 = AXIS2_PLACEMENT_3D('',#12610,#12611,#12612);
#12610 = CARTESIAN_POINT('',(180.,-12.75,-5.));
#12611 = DIRECTION('',(-0.,-0.,1.));
#12612 = DIRECTION('',(1.,0.,0.));
#12613 = ADVANCED_FACE('',(#12614),#12625,.F.);
#12614 = FACE_BOUND('',#12615,.F.);
#12615 = EDGE_LOOP('',(#12616,#12617,#12622,#12623,#12624));
#12616 = ORIENTED_EDGE('',*,*,#5797,.F.);
#12617 = ORIENTED_EDGE('',*,*,#12618,.T.);
#12618 = EDGE_CURVE('',#5789,#7212,#12619,.T.);
#12619 = B_SPLINE_CURVE_WITH_KNOTS('',1,(#12620,#12621),.UNSPECIFIED.,
  .F.,.F.,(2,2),(3.,5.),.PIECEWISE_BEZIER_KNOTS.);
#12620 = CARTESIAN_POINT('',(142.2,-12.75,-2.));
#12621 = CARTESIAN_POINT('',(142.2,-12.75,2.48689957516E-14));
#12622 = ORIENTED_EDGE('',*,*,#7211,.F.);
#12623 = ORIENTED_EDGE('',*,*,#12618,.F.);
#12624 = ORIENTED_EDGE('',*,*,#5786,.F.);
#12625 = CYLINDRICAL_SURFACE('',#12626,2.2);
#12626 = AXIS2_PLACEMENT_3D('',#12627,#12628,#12629);
#12627 = CARTESIAN_POINT('',(140.,-12.75,-5.));
#12628 = DIRECTION('',(-0.,-0.,1.));
#12629 = DIRECTION('',(1.,0.,0.));
#12630 = ADVANCED_FACE('',(#12631),#12642,.F.);
#12631 = FACE_BOUND('',#12632,.F.);
#12632 = EDGE_LOOP('',(#12633,#12634,#12639,#12640,#12641));
#12633 = ORIENTED_EDGE('',*,*,#5777,.F.);
#12634 = ORIENTED_EDGE('',*,*,#12635,.T.);
#12635 = EDGE_CURVE('',#5769,#7201,#12636,.T.);
#12636 = B_SPLINE_CURVE_WITH_KNOTS('',1,(#12637,#12638),.UNSPECIFIED.,
  .F.,.F.,(2,2),(3.,5.),.PIECEWISE_BEZIER_KNOTS.);
#12637 = CARTESIAN_POINT('',(102.2,-12.75,-2.));
#12638 = CARTESIAN_POINT('',(102.2,-12.75,2.13162820728E-14));
#12639 = ORIENTED_EDGE('',*,*,#7200,.F.);
#12640 = ORIENTED_EDGE('',*,*,#12635,.F.);
#12641 = ORIENTED_EDGE('',*,*,#5766,.F.);
#12642 = CYLINDRICAL_SURFACE('',#12643,2.2);
#12643 = AXIS2_PLACEMENT_3D('',#12644,#12645,#12646);
#12644 = CARTESIAN_POINT('',(100.,-12.75,-5.));
#12645 = DIRECTION('',(-0.,-0.,1.));
#12646 = DIRECTION('',(1.,0.,0.));
#12647 = ADVANCED_FACE('',(#12648),#12659,.F.);
#12648 = FACE_BOUND('',#12649,.F.);
#12649 = EDGE_LOOP('',(#12650,#12651,#12656,#12657,#12658));
#12650 = ORIENTED_EDGE('',*,*,#5757,.F.);
#12651 = ORIENTED_EDGE('',*,*,#12652,.T.);
#12652 = EDGE_CURVE('',#5749,#7190,#12653,.T.);
#12653 = B_SPLINE_CURVE_WITH_KNOTS('',1,(#12654,#12655),.UNSPECIFIED.,
  .F.,.F.,(2,2),(3.,5.),.PIECEWISE_BEZIER_KNOTS.);
#12654 = CARTESIAN_POINT('',(62.2,-12.75,-2.));
#12655 = CARTESIAN_POINT('',(62.2,-12.75,1.86517468137E-14));
#12656 = ORIENTED_EDGE('',*,*,#7189,.F.);
#12657 = ORIENTED_EDGE('',*,*,#12652,.F.);
#12658 = ORIENTED_EDGE('',*,*,#5746,.F.);
#12659 = CYLINDRICAL_SURFACE('',#12660,2.2);
#12660 = AXIS2_PLACEMENT_3D('',#12661,#12662,#12663);
#12661 = CARTESIAN_POINT('',(60.,-12.75,-5.));
#12662 = DIRECTION('',(-0.,-0.,1.));
#12663 = DIRECTION('',(1.,0.,0.));
#12664 = ADVANCED_FACE('',(#12665),#12676,.F.);
#12665 = FACE_BOUND('',#12666,.F.);
#12666 = EDGE_LOOP('',(#12667,#12668,#12673,#12674,#12675));
#12667 = ORIENTED_EDGE('',*,*,#5737,.F.);
#12668 = ORIENTED_EDGE('',*,*,#12669,.T.);
#12669 = EDGE_CURVE('',#5729,#7179,#12670,.T.);
#12670 = B_SPLINE_CURVE_WITH_KNOTS('',1,(#12671,#12672),.UNSPECIFIED.,
  .F.,.F.,(2,2),(3.,5.),.PIECEWISE_BEZIER_KNOTS.);
#12671 = CARTESIAN_POINT('',(22.2,-12.75,-2.));
#12672 = CARTESIAN_POINT('',(22.2,-12.75,1.50990331349E-14));
#12673 = ORIENTED_EDGE('',*,*,#7178,.F.);
#12674 = ORIENTED_EDGE('',*,*,#12669,.F.);
#12675 = ORIENTED_EDGE('',*,*,#5726,.F.);
#12676 = CYLINDRICAL_SURFACE('',#12677,2.2);
#12677 = AXIS2_PLACEMENT_3D('',#12678,#12679,#12680);
#12678 = CARTESIAN_POINT('',(20.,-12.75,-5.));
#12679 = DIRECTION('',(-0.,-0.,1.));
#12680 = DIRECTION('',(1.,0.,0.));
#12681 = ADVANCED_FACE('',(#12682),#12693,.F.);
#12682 = FACE_BOUND('',#12683,.F.);
#12683 = EDGE_LOOP('',(#12684,#12685,#12690,#12691,#12692));
#12684 = ORIENTED_EDGE('',*,*,#5717,.F.);
#12685 = ORIENTED_EDGE('',*,*,#12686,.T.);
#12686 = EDGE_CURVE('',#5709,#7168,#12687,.T.);
#12687 = B_SPLINE_CURVE_WITH_KNOTS('',1,(#12688,#12689),.UNSPECIFIED.,
  .F.,.F.,(2,2),(3.,5.),.PIECEWISE_BEZIER_KNOTS.);
#12688 = CARTESIAN_POINT('',(-17.8,-12.75,-2.));
#12689 = CARTESIAN_POINT('',(-17.8,-12.75,1.24344978758E-14));
#12690 = ORIENTED_EDGE('',*,*,#7167,.F.);
#12691 = ORIENTED_EDGE('',*,*,#12686,.F.);
#12692 = ORIENTED_EDGE('',*,*,#5706,.F.);
#12693 = CYLINDRICAL_SURFACE('',#12694,2.2);
#12694 = AXIS2_PLACEMENT_3D('',#12695,#12696,#12697);
#12695 = CARTESIAN_POINT('',(-20.,-12.75,-5.));
#12696 = DIRECTION('',(-0.,-0.,1.));
#12697 = DIRECTION('',(1.,0.,0.));
#12698 = ADVANCED_FACE('',(#12699),#12710,.F.);
#12699 = FACE_BOUND('',#12700,.F.);
#12700 = EDGE_LOOP('',(#12701,#12702,#12707,#12708,#12709));
#12701 = ORIENTED_EDGE('',*,*,#5697,.F.);
#12702 = ORIENTED_EDGE('',*,*,#12703,.T.);
#12703 = EDGE_CURVE('',#5689,#7157,#12704,.T.);
#12704 = B_SPLINE_CURVE_WITH_KNOTS('',1,(#12705,#12706),.UNSPECIFIED.,
  .F.,.F.,(2,2),(3.,5.),.PIECEWISE_BEZIER_KNOTS.);
#12705 = CARTESIAN_POINT('',(-57.8,-12.75,-2.));
#12706 = CARTESIAN_POINT('',(-57.8,-12.75,8.881784197001E-15));
#12707 = ORIENTED_EDGE('',*,*,#7156,.F.);
#12708 = ORIENTED_EDGE('',*,*,#12703,.F.);
#12709 = ORIENTED_EDGE('',*,*,#5686,.F.);
#12710 = CYLINDRICAL_SURFACE('',#12711,2.2);
#12711 = AXIS2_PLACEMENT_3D('',#12712,#12713,#12714);
#12712 = CARTESIAN_POINT('',(-60.,-12.75,-5.));
#12713 = DIRECTION('',(-0.,-0.,1.));
#12714 = DIRECTION('',(1.,0.,0.));
#12715 = ADVANCED_FACE('',(#12716),#12727,.F.);
#12716 = FACE_BOUND('',#12717,.F.);
#12717 = EDGE_LOOP('',(#12718,#12719,#12724,#12725,#12726));
#12718 = ORIENTED_EDGE('',*,*,#5677,.F.);
#12719 = ORIENTED_EDGE('',*,*,#12720,.T.);
#12720 = EDGE_CURVE('',#5669,#7146,#12721,.T.);
#12721 = B_SPLINE_CURVE_WITH_KNOTS('',1,(#12722,#12723),.UNSPECIFIED.,
  .F.,.F.,(2,2),(3.,5.),.PIECEWISE_BEZIER_KNOTS.);
#12722 = CARTESIAN_POINT('',(-97.8,-12.75,-2.));
#12723 = CARTESIAN_POINT('',(-97.8,-12.75,6.217248937901E-15));
#12724 = ORIENTED_EDGE('',*,*,#7145,.F.);
#12725 = ORIENTED_EDGE('',*,*,#12720,.F.);
#12726 = ORIENTED_EDGE('',*,*,#5666,.F.);
#12727 = CYLINDRICAL_SURFACE('',#12728,2.2);
#12728 = AXIS2_PLACEMENT_3D('',#12729,#12730,#12731);
#12729 = CARTESIAN_POINT('',(-100.,-12.75,-5.));
#12730 = DIRECTION('',(-0.,-0.,1.));
#12731 = DIRECTION('',(1.,0.,0.));
#12732 = ADVANCED_FACE('',(#12733),#12744,.F.);
#12733 = FACE_BOUND('',#12734,.F.);
#12734 = EDGE_LOOP('',(#12735,#12736,#12741,#12742,#12743));
#12735 = ORIENTED_EDGE('',*,*,#5657,.F.);
#12736 = ORIENTED_EDGE('',*,*,#12737,.T.);
#12737 = EDGE_CURVE('',#5649,#7135,#12738,.T.);
#12738 = B_SPLINE_CURVE_WITH_KNOTS('',1,(#12739,#12740),.UNSPECIFIED.,
  .F.,.F.,(2,2),(3.,5.),.PIECEWISE_BEZIER_KNOTS.);
#12739 = CARTESIAN_POINT('',(-137.8,-12.75,-2.));
#12740 = CARTESIAN_POINT('',(-137.8,-12.75,2.6645352591E-15));
#12741 = ORIENTED_EDGE('',*,*,#7134,.F.);
#12742 = ORIENTED_EDGE('',*,*,#12737,.F.);
#12743 = ORIENTED_EDGE('',*,*,#5646,.F.);
#12744 = CYLINDRICAL_SURFACE('',#12745,2.2);
#12745 = AXIS2_PLACEMENT_3D('',#12746,#12747,#12748);
#12746 = CARTESIAN_POINT('',(-140.,-12.75,-5.));
#12747 = DIRECTION('',(-0.,-0.,1.));
#12748 = DIRECTION('',(1.,0.,0.));
#12749 = ADVANCED_FACE('',(#12750),#12760,.F.);
#12750 = FACE_BOUND('',#12751,.F.);
#12751 = EDGE_LOOP('',(#12752,#12753,#12758,#12759));
#12752 = ORIENTED_EDGE('',*,*,#9407,.F.);
#12753 = ORIENTED_EDGE('',*,*,#12754,.F.);
#12754 = EDGE_CURVE('',#9823,#9408,#12755,.T.);
#12755 = B_SPLINE_CURVE_WITH_KNOTS('',1,(#12756,#12757),.UNSPECIFIED.,
  .F.,.F.,(2,2),(3.,5.),.PIECEWISE_BEZIER_KNOTS.);
#12756 = CARTESIAN_POINT('',(180.,-19.75,-11.2));
#12757 = CARTESIAN_POINT('',(180.,-21.75,-11.2));
#12758 = ORIENTED_EDGE('',*,*,#9822,.T.);
#12759 = ORIENTED_EDGE('',*,*,#12754,.T.);
#12760 = CYLINDRICAL_SURFACE('',#12761,2.2);
#12761 = AXIS2_PLACEMENT_3D('',#12762,#12763,#12764);
#12762 = CARTESIAN_POINT('',(180.,-16.75,-9.));
#12763 = DIRECTION('',(-0.,-1.,3.469446951954E-15));
#12764 = DIRECTION('',(0.,-3.469446951954E-15,-1.));
#12765 = ADVANCED_FACE('',(#12766),#12776,.F.);
#12766 = FACE_BOUND('',#12767,.F.);
#12767 = EDGE_LOOP('',(#12768,#12769,#12774,#12775));
#12768 = ORIENTED_EDGE('',*,*,#9396,.F.);
#12769 = ORIENTED_EDGE('',*,*,#12770,.F.);
#12770 = EDGE_CURVE('',#9812,#9397,#12771,.T.);
#12771 = B_SPLINE_CURVE_WITH_KNOTS('',1,(#12772,#12773),.UNSPECIFIED.,
  .F.,.F.,(2,2),(3.,5.),.PIECEWISE_BEZIER_KNOTS.);
#12772 = CARTESIAN_POINT('',(140.,-19.75,-11.2));
#12773 = CARTESIAN_POINT('',(140.,-21.75,-11.2));
#12774 = ORIENTED_EDGE('',*,*,#9811,.T.);
#12775 = ORIENTED_EDGE('',*,*,#12770,.T.);
#12776 = CYLINDRICAL_SURFACE('',#12777,2.2);
#12777 = AXIS2_PLACEMENT_3D('',#12778,#12779,#12780);
#12778 = CARTESIAN_POINT('',(140.,-16.75,-9.));
#12779 = DIRECTION('',(-0.,-1.,3.469446951954E-15));
#12780 = DIRECTION('',(0.,-3.469446951954E-15,-1.));
#12781 = ADVANCED_FACE('',(#12782),#12792,.F.);
#12782 = FACE_BOUND('',#12783,.F.);
#12783 = EDGE_LOOP('',(#12784,#12785,#12790,#12791));
#12784 = ORIENTED_EDGE('',*,*,#9385,.F.);
#12785 = ORIENTED_EDGE('',*,*,#12786,.F.);
#12786 = EDGE_CURVE('',#9801,#9386,#12787,.T.);
#12787 = B_SPLINE_CURVE_WITH_KNOTS('',1,(#12788,#12789),.UNSPECIFIED.,
  .F.,.F.,(2,2),(3.,5.),.PIECEWISE_BEZIER_KNOTS.);
#12788 = CARTESIAN_POINT('',(100.,-19.75,-11.2));
#12789 = CARTESIAN_POINT('',(100.,-21.75,-11.2));
#12790 = ORIENTED_EDGE('',*,*,#9800,.T.);
#12791 = ORIENTED_EDGE('',*,*,#12786,.T.);
#12792 = CYLINDRICAL_SURFACE('',#12793,2.2);
#12793 = AXIS2_PLACEMENT_3D('',#12794,#12795,#12796);
#12794 = CARTESIAN_POINT('',(100.,-16.75,-9.));
#12795 = DIRECTION('',(-0.,-1.,3.469446951954E-15));
#12796 = DIRECTION('',(0.,-3.469446951954E-15,-1.));
#12797 = ADVANCED_FACE('',(#12798),#12808,.F.);
#12798 = FACE_BOUND('',#12799,.F.);
#12799 = EDGE_LOOP('',(#12800,#12801,#12806,#12807));
#12800 = ORIENTED_EDGE('',*,*,#9374,.F.);
#12801 = ORIENTED_EDGE('',*,*,#12802,.F.);
#12802 = EDGE_CURVE('',#9790,#9375,#12803,.T.);
#12803 = B_SPLINE_CURVE_WITH_KNOTS('',1,(#12804,#12805),.UNSPECIFIED.,
  .F.,.F.,(2,2),(3.,5.),.PIECEWISE_BEZIER_KNOTS.);
#12804 = CARTESIAN_POINT('',(60.,-19.75,-11.2));
#12805 = CARTESIAN_POINT('',(60.,-21.75,-11.2));
#12806 = ORIENTED_EDGE('',*,*,#9789,.T.);
#12807 = ORIENTED_EDGE('',*,*,#12802,.T.);
#12808 = CYLINDRICAL_SURFACE('',#12809,2.2);
#12809 = AXIS2_PLACEMENT_3D('',#12810,#12811,#12812);
#12810 = CARTESIAN_POINT('',(60.,-16.75,-9.));
#12811 = DIRECTION('',(-0.,-1.,3.469446951954E-15));
#12812 = DIRECTION('',(0.,-3.469446951954E-15,-1.));
#12813 = ADVANCED_FACE('',(#12814),#12824,.F.);
#12814 = FACE_BOUND('',#12815,.F.);
#12815 = EDGE_LOOP('',(#12816,#12817,#12822,#12823));
#12816 = ORIENTED_EDGE('',*,*,#9363,.F.);
#12817 = ORIENTED_EDGE('',*,*,#12818,.F.);
#12818 = EDGE_CURVE('',#9779,#9364,#12819,.T.);
#12819 = B_SPLINE_CURVE_WITH_KNOTS('',1,(#12820,#12821),.UNSPECIFIED.,
  .F.,.F.,(2,2),(3.,5.),.PIECEWISE_BEZIER_KNOTS.);
#12820 = CARTESIAN_POINT('',(20.,-19.75,-11.2));
#12821 = CARTESIAN_POINT('',(20.,-21.75,-11.2));
#12822 = ORIENTED_EDGE('',*,*,#9778,.T.);
#12823 = ORIENTED_EDGE('',*,*,#12818,.T.);
#12824 = CYLINDRICAL_SURFACE('',#12825,2.2);
#12825 = AXIS2_PLACEMENT_3D('',#12826,#12827,#12828);
#12826 = CARTESIAN_POINT('',(20.,-16.75,-9.));
#12827 = DIRECTION('',(-0.,-1.,3.469446951954E-15));
#12828 = DIRECTION('',(0.,-3.469446951954E-15,-1.));
#12829 = ADVANCED_FACE('',(#12830),#12840,.F.);
#12830 = FACE_BOUND('',#12831,.F.);
#12831 = EDGE_LOOP('',(#12832,#12833,#12838,#12839));
#12832 = ORIENTED_EDGE('',*,*,#9352,.F.);
#12833 = ORIENTED_EDGE('',*,*,#12834,.F.);
#12834 = EDGE_CURVE('',#9768,#9353,#12835,.T.);
#12835 = B_SPLINE_CURVE_WITH_KNOTS('',1,(#12836,#12837),.UNSPECIFIED.,
  .F.,.F.,(2,2),(3.,5.),.PIECEWISE_BEZIER_KNOTS.);
#12836 = CARTESIAN_POINT('',(-20.,-19.75,-11.2));
#12837 = CARTESIAN_POINT('',(-20.,-21.75,-11.2));
#12838 = ORIENTED_EDGE('',*,*,#9767,.T.);
#12839 = ORIENTED_EDGE('',*,*,#12834,.T.);
#12840 = CYLINDRICAL_SURFACE('',#12841,2.2);
#12841 = AXIS2_PLACEMENT_3D('',#12842,#12843,#12844);
#12842 = CARTESIAN_POINT('',(-20.,-16.75,-9.));
#12843 = DIRECTION('',(-0.,-1.,3.469446951954E-15));
#12844 = DIRECTION('',(0.,-3.469446951954E-15,-1.));
#12845 = ADVANCED_FACE('',(#12846),#12856,.F.);
#12846 = FACE_BOUND('',#12847,.F.);
#12847 = EDGE_LOOP('',(#12848,#12849,#12854,#12855));
#12848 = ORIENTED_EDGE('',*,*,#9341,.F.);
#12849 = ORIENTED_EDGE('',*,*,#12850,.F.);
#12850 = EDGE_CURVE('',#9757,#9342,#12851,.T.);
#12851 = B_SPLINE_CURVE_WITH_KNOTS('',1,(#12852,#12853),.UNSPECIFIED.,
  .F.,.F.,(2,2),(3.,5.),.PIECEWISE_BEZIER_KNOTS.);
#12852 = CARTESIAN_POINT('',(-60.,-19.75,-11.2));
#12853 = CARTESIAN_POINT('',(-60.,-21.75,-11.2));
#12854 = ORIENTED_EDGE('',*,*,#9756,.T.);
#12855 = ORIENTED_EDGE('',*,*,#12850,.T.);
#12856 = CYLINDRICAL_SURFACE('',#12857,2.2);
#12857 = AXIS2_PLACEMENT_3D('',#12858,#12859,#12860);
#12858 = CARTESIAN_POINT('',(-60.,-16.75,-9.));
#12859 = DIRECTION('',(-0.,-1.,3.469446951954E-15));
#12860 = DIRECTION('',(0.,-3.469446951954E-15,-1.));
#12861 = ADVANCED_FACE('',(#12862),#12872,.F.);
#12862 = FACE_BOUND('',#12863,.F.);
#12863 = EDGE_LOOP('',(#12864,#12865,#12870,#12871));
#12864 = ORIENTED_EDGE('',*,*,#9330,.F.);
#12865 = ORIENTED_EDGE('',*,*,#12866,.F.);
#12866 = EDGE_CURVE('',#9746,#9331,#12867,.T.);
#12867 = B_SPLINE_CURVE_WITH_KNOTS('',1,(#12868,#12869),.UNSPECIFIED.,
  .F.,.F.,(2,2),(3.,5.),.PIECEWISE_BEZIER_KNOTS.);
#12868 = CARTESIAN_POINT('',(-100.,-19.75,-11.2));
#12869 = CARTESIAN_POINT('',(-100.,-21.75,-11.2));
#12870 = ORIENTED_EDGE('',*,*,#9745,.T.);
#12871 = ORIENTED_EDGE('',*,*,#12866,.T.);
#12872 = CYLINDRICAL_SURFACE('',#12873,2.2);
#12873 = AXIS2_PLACEMENT_3D('',#12874,#12875,#12876);
#12874 = CARTESIAN_POINT('',(-100.,-16.75,-9.));
#12875 = DIRECTION('',(-0.,-1.,3.469446951954E-15));
#12876 = DIRECTION('',(0.,-3.469446951954E-15,-1.));
#12877 = ADVANCED_FACE('',(#12878),#12888,.F.);
#12878 = FACE_BOUND('',#12879,.F.);
#12879 = EDGE_LOOP('',(#12880,#12881,#12886,#12887));
#12880 = ORIENTED_EDGE('',*,*,#9319,.F.);
#12881 = ORIENTED_EDGE('',*,*,#12882,.F.);
#12882 = EDGE_CURVE('',#9735,#9320,#12883,.T.);
#12883 = B_SPLINE_CURVE_WITH_KNOTS('',1,(#12884,#12885),.UNSPECIFIED.,
  .F.,.F.,(2,2),(3.,5.),.PIECEWISE_BEZIER_KNOTS.);
#12884 = CARTESIAN_POINT('',(-140.,-19.75,-11.2));
#12885 = CARTESIAN_POINT('',(-140.,-21.75,-11.2));
#12886 = ORIENTED_EDGE('',*,*,#9734,.T.);
#12887 = ORIENTED_EDGE('',*,*,#12882,.T.);
#12888 = CYLINDRICAL_SURFACE('',#12889,2.2);
#12889 = AXIS2_PLACEMENT_3D('',#12890,#12891,#12892);
#12890 = CARTESIAN_POINT('',(-140.,-16.75,-9.));
#12891 = DIRECTION('',(-0.,-1.,3.469446951954E-15));
#12892 = DIRECTION('',(0.,-3.469446951954E-15,-1.));
#12893 = ADVANCED_FACE('',(#12894),#12905,.F.);
#12894 = FACE_BOUND('',#12895,.F.);
#12895 = EDGE_LOOP('',(#12896,#12897,#12902,#12903,#12904));
#12896 = ORIENTED_EDGE('',*,*,#8735,.F.);
#12897 = ORIENTED_EDGE('',*,*,#12898,.T.);
#12898 = EDGE_CURVE('',#8727,#8975,#12899,.T.);
#12899 = B_SPLINE_CURVE_WITH_KNOTS('',1,(#12900,#12901),.UNSPECIFIED.,
  .F.,.F.,(2,2),(8.,10.),.PIECEWISE_BEZIER_KNOTS.);
#12900 = CARTESIAN_POINT('',(-225.,21.75,-32.));
#12901 = CARTESIAN_POINT('',(-225.,19.75,-32.));
#12902 = ORIENTED_EDGE('',*,*,#8974,.F.);
#12903 = ORIENTED_EDGE('',*,*,#12898,.F.);
#12904 = ORIENTED_EDGE('',*,*,#8724,.F.);
#12905 = CYLINDRICAL_SURFACE('',#12906,3.);
#12906 = AXIS2_PLACEMENT_3D('',#12907,#12908,#12909);
#12907 = CARTESIAN_POINT('',(-225.,29.75,-29.));
#12908 = DIRECTION('',(-0.,-1.,-3.469446951954E-15));
#12909 = DIRECTION('',(0.,3.469446951954E-15,-1.));
#12910 = ADVANCED_FACE('',(#12911),#12922,.F.);
#12911 = FACE_BOUND('',#12912,.F.);
#12912 = EDGE_LOOP('',(#12913,#12914,#12919,#12920,#12921));
#12913 = ORIENTED_EDGE('',*,*,#8715,.F.);
#12914 = ORIENTED_EDGE('',*,*,#12915,.T.);
#12915 = EDGE_CURVE('',#8707,#8964,#12916,.T.);
#12916 = B_SPLINE_CURVE_WITH_KNOTS('',1,(#12917,#12918),.UNSPECIFIED.,
  .F.,.F.,(2,2),(8.,10.),.PIECEWISE_BEZIER_KNOTS.);
#12917 = CARTESIAN_POINT('',(-212.5,21.75,-32.));
#12918 = CARTESIAN_POINT('',(-212.5,19.75,-32.));
#12919 = ORIENTED_EDGE('',*,*,#8963,.F.);
#12920 = ORIENTED_EDGE('',*,*,#12915,.F.);
#12921 = ORIENTED_EDGE('',*,*,#8704,.F.);
#12922 = CYLINDRICAL_SURFACE('',#12923,3.);
#12923 = AXIS2_PLACEMENT_3D('',#12924,#12925,#12926);
#12924 = CARTESIAN_POINT('',(-212.5,29.75,-29.));
#12925 = DIRECTION('',(-0.,-1.,-3.469446951954E-15));
#12926 = DIRECTION('',(0.,3.469446951954E-15,-1.));
#12927 = ( GEOMETRIC_REPRESENTATION_CONTEXT(3) 
GLOBAL_UNCERTAINTY_ASSIGNED_CONTEXT((#12931)) 
GLOBAL_UNIT_ASSIGNED_CONTEXT((#12928,#12929,#12930)) 
REPRESENTATION_CONTEXT('Context #1',
  '3D Context with UNIT and UNCERTAINTY') );
#12928 = ( LENGTH_UNIT() NAMED_UNIT(*) SI_UNIT(.MILLI.,.METRE.) );
#12929 = ( NAMED_UNIT(*) PLANE_ANGLE_UNIT() SI_UNIT($,.RADIAN.) );
#12930 = ( NAMED_UNIT(*) SI_UNIT($,.STERADIAN.) SOLID_ANGLE_UNIT() );
#12931 = UNCERTAINTY_MEASURE_WITH_UNIT(LENGTH_MEASURE(1.E-06),#12928,
  'distance_accuracy_value','confusion accuracy');
#12932 = CONTEXT_DEPENDENT_SHAPE_REPRESENTATION(#12933,#12935);
#12933 = ( REPRESENTATION_RELATIONSHIP('','',#48,#10) 
REPRESENTATION_RELATIONSHIP_WITH_TRANSFORMATION(#12934) 
SHAPE_REPRESENTATION_RELATIONSHIP() );
#12934 = ITEM_DEFINED_TRANSFORMATION('','',#11,#15);
#12935 = PRODUCT_DEFINITION_SHAPE('Placement','Placement of an item',
  #12936);
#12936 = NEXT_ASSEMBLY_USAGE_OCCURRENCE('6','Solid1','',#5,#43,$);
#12937 = PRODUCT_RELATED_PRODUCT_CATEGORY('part',$,(#45));
#12938 = SHAPE_DEFINITION_REPRESENTATION(#12939,#12945);
#12939 = PRODUCT_DEFINITION_SHAPE('','',#12940);
#12940 = PRODUCT_DEFINITION('design','',#12941,#12944);
#12941 = PRODUCT_DEFINITION_FORMATION('','',#12942);
#12942 = PRODUCT('Solid2','Solid2','',(#12943));
#12943 = PRODUCT_CONTEXT('',#2,'mechanical');
#12944 = PRODUCT_DEFINITION_CONTEXT('part definition',#2,'design');
#12945 = ADVANCED_BREP_SHAPE_REPRESENTATION('',(#11,#12946),#13670);
#12946 = MANIFOLD_SOLID_BREP('',#12947);
#12947 = CLOSED_SHELL('',(#12948,#13281,#13322,#13350,#13374,#13395,
    #13412,#13433,#13535,#13551,#13567,#13583,#13599,#13615,#13631,
    #13653));
#12948 = ADVANCED_FACE('',(#12949,#12960),#13276,.T.);
#12949 = FACE_BOUND('',#12950,.T.);
#12950 = EDGE_LOOP('',(#12951));
#12951 = ORIENTED_EDGE('',*,*,#12952,.T.);
#12952 = EDGE_CURVE('',#12953,#12953,#12955,.T.);
#12953 = VERTEX_POINT('',#12954);
#12954 = CARTESIAN_POINT('',(1.424271237135,0.,4.556291390728));
#12955 = CIRCLE('',#12956,4.556291390728);
#12956 = AXIS2_PLACEMENT_3D('',#12957,#12958,#12959);
#12957 = CARTESIAN_POINT('',(1.424271237135,0.,0.));
#12958 = DIRECTION('',(-1.,0.,-0.));
#12959 = DIRECTION('',(-0.,0.,1.));
#12960 = FACE_BOUND('',#12961,.T.);
#12961 = EDGE_LOOP('',(#12962,#13121));
#12962 = ORIENTED_EDGE('',*,*,#12963,.T.);
#12963 = EDGE_CURVE('',#12964,#12966,#12968,.T.);
#12964 = VERTEX_POINT('',#12965);
#12965 = CARTESIAN_POINT('',(0.322923733608,2.25,-3.893784704046E-18));
#12966 = VERTEX_POINT('',#12967);
#12967 = CARTESIAN_POINT('',(0.141896246393,-1.299038105677,0.75));
#12968 = B_SPLINE_CURVE_WITH_KNOTS('',3,(#12969,#12970,#12971,#12972,
    #12973,#12974,#12975,#12976,#12977,#12978,#12979,#12980,#12981,
    #12982,#12983,#12984,#12985,#12986,#12987,#12988,#12989,#12990,
    #12991,#12992,#12993,#12994,#12995,#12996,#12997,#12998,#12999,
    #13000,#13001,#13002,#13003,#13004,#13005,#13006,#13007,#13008,
    #13009,#13010,#13011,#13012,#13013,#13014,#13015,#13016,#13017,
    #13018,#13019,#13020,#13021,#13022,#13023,#13024,#13025,#13026,
    #13027,#13028,#13029,#13030,#13031,#13032,#13033,#13034,#13035,
    #13036,#13037,#13038,#13039,#13040,#13041,#13042,#13043,#13044,
    #13045,#13046,#13047,#13048,#13049,#13050,#13051,#13052,#13053,
    #13054,#13055,#13056,#13057,#13058,#13059,#13060,#13061,#13062,
    #13063,#13064,#13065,#13066,#13067,#13068,#13069,#13070,#13071,
    #13072,#13073,#13074,#13075,#13076,#13077,#13078,#13079,#13080,
    #13081,#13082,#13083,#13084,#13085,#13086,#13087,#13088,#13089,
    #13090,#13091,#13092,#13093,#13094,#13095,#13096,#13097,#13098,
    #13099,#13100,#13101,#13102,#13103,#13104,#13105,#13106,#13107,
    #13108,#13109,#13110,#13111,#13112,#13113,#13114,#13115,#13116,
    #13117,#13118,#13119,#13120),.UNSPECIFIED.,.T.,.F.,(1,3,2,2,2,2,2,2,
    2,2,2,2,2,2,2,2,2,2,2,2,2,2,2,2,2,2,2,2,2,2,2,2,2,2,2,2,2,2,2,2,2,2,
    2,2,2,2,2,2,2,2,2,2,2,2,2,2,2,2,2,2,2,2,2,2,2,2,2,2,2,2,2,2,2,2,2,2,
    3,1),(-5.831818251444E-05,0.,5.831818251444E-05,1.166363650289E-04,
    2.332727300578E-04,4.665454601155E-04,9.330909202311E-04,
    1.166363650289E-03,1.399636380347E-03,1.632909110404E-03,
    1.866181840462E-03,2.09945457052E-03,2.332727300578E-03,
    2.449363665607E-03,2.507681848121E-03,2.566000030636E-03,
    2.682636395664E-03,2.799272760693E-03,3.265818220809E-03,
    3.499090950867E-03,3.732363680924E-03,3.965636410982E-03,
    4.19890914104E-03,4.665454601155E-03,4.898727331213E-03,
    5.015363696242E-03,5.073681878757E-03,5.132000061271E-03,
    5.2486364263E-03,5.365272791329E-03,5.598545521387E-03,
    6.065090981502E-03,6.29836371156E-03,6.531636441618E-03,
    6.998181901733E-03,7.231454631791E-03,7.464727361849E-03,
    7.523045544363E-03,7.581363726878E-03,7.639681909392E-03,
    7.698000091907E-03,7.814636456935E-03,7.931272821964E-03,
    8.39781828208E-03,8.631091012138E-03,8.864363742195E-03,
    9.097636472253E-03,9.330909202311E-03,9.797454662426E-03,
    9.914091027455E-03,1.003072739248E-02,1.0089045575E-02,
    1.014736375751E-02,1.026400012254E-02,1.04972728526E-02,
    1.073054558266E-02,1.119709104277E-02,1.143036377283E-02,
    1.166363650289E-02,1.2130181963E-02,1.236345469306E-02,
    1.242177287558E-02,1.248009105809E-02,1.253840924061E-02,
    1.259672742312E-02,1.271336378815E-02,1.283000015318E-02,
    1.306327288324E-02,1.329654561329E-02,1.352981834335E-02,
    1.376309107341E-02,1.399636380347E-02,1.446290926358E-02,
    1.469618199364E-02,1.481281835867E-02,1.487113654118E-02,
    1.49294547237E-02,1.498777290621E-02),.UNSPECIFIED.);
#12969 = CARTESIAN_POINT('',(0.322923733608,2.25,3.388131789017E-18));
#12970 = CARTESIAN_POINT('',(0.322923726537,2.249999975875,
    1.978204624434E-02));
#12971 = CARTESIAN_POINT('',(0.319923294749,2.239507323067,
    3.751573113189E-02));
#12972 = CARTESIAN_POINT('',(0.313012337353,2.21497624648,
    6.692966862432E-02));
#12973 = CARTESIAN_POINT('',(0.309028240993,2.200691584079,
    7.927410941173E-02));
#12974 = CARTESIAN_POINT('',(0.296712259611,2.155885921702,
    0.114068415356));
#12975 = CARTESIAN_POINT('',(0.288059213477,2.12357127008,0.133810350738
    ));
#12976 = CARTESIAN_POINT('',(0.262740978541,2.025931303939,
    0.190757862729));
#12977 = CARTESIAN_POINT('',(0.246422095046,1.958862248851,
    0.225509748905));
#12978 = CARTESIAN_POINT('',(0.201469050266,1.759266266127,
    0.334308795857));
#12979 = CARTESIAN_POINT('',(0.17655846321,1.627606349353,0.410712778553
    ));
#12980 = CARTESIAN_POINT('',(0.152020050481,1.450126140458,
    0.558883809336));
#12981 = CARTESIAN_POINT('',(0.14617450848,1.395522266356,0.613100788907
    ));
#12982 = CARTESIAN_POINT('',(0.140803057242,1.30268632578,0.73619397992)
  );
#12983 = CARTESIAN_POINT('',(0.141666296814,1.266310845116,
    0.805557201379));
#12984 = CARTESIAN_POINT('',(0.149688114844,1.215056487531,
    0.949797446651));
#12985 = CARTESIAN_POINT('',(0.156754003047,1.198625021777,
    1.025985376807));
#12986 = CARTESIAN_POINT('',(0.174782691442,1.177945818673,
    1.176551497846));
#12987 = CARTESIAN_POINT('',(0.18579598807,1.173401570119,1.251865505142
    ));
#12988 = CARTESIAN_POINT('',(0.210934691548,1.170324238384,
    1.402364298432));
#12989 = CARTESIAN_POINT('',(0.225085022229,1.171923429848,
    1.477553005744));
#12990 = CARTESIAN_POINT('',(0.255761738486,1.176213662707,
    1.627625721824));
#12991 = CARTESIAN_POINT('',(0.27237867907,1.179638463091,1.702410964955
    ));
#12992 = CARTESIAN_POINT('',(0.297638317849,1.175766797856,
    1.814570823533));
#12993 = CARTESIAN_POINT('',(0.306218069836,1.173584748849,
    1.851999511114));
#12994 = CARTESIAN_POINT('',(0.317332265654,1.158360045151,1.90661727272
    ));
#12995 = CARTESIAN_POINT('',(0.320807101009,1.151208692388,
    1.924860687547));
#12996 = CARTESIAN_POINT('',(0.323756933971,1.124216668588,
    1.952383920522));
#12997 = CARTESIAN_POINT('',(0.322170226696,1.103880561487,
    1.957739910832));
#12998 = CARTESIAN_POINT('',(0.313458040879,1.047067277769,
    1.955043310989));
#12999 = CARTESIAN_POINT('',(0.304669485806,1.012242354643,
    1.938739596274));
#13000 = CARTESIAN_POINT('',(0.288001113362,0.945291278822,
    1.906031243201));
#13001 = CARTESIAN_POINT('',(0.27952808082,0.912894220919,1.887431357227
    ));
#13002 = CARTESIAN_POINT('',(0.238238311138,0.75249978521,1.792248260009
    ));
#13003 = CARTESIAN_POINT('',(0.208446098215,0.627237775555,
    1.709290831993));
#13004 = CARTESIAN_POINT('',(0.174120010219,0.424892254683,1.60652500834
    ));
#13005 = CARTESIAN_POINT('',(0.164443663573,0.355862507526,
    1.575821901699));
#13006 = CARTESIAN_POINT('',(0.149615025003,0.212357347236,
    1.527139807899));
#13007 = CARTESIAN_POINT('',(0.144458336961,0.136976124099,
    1.509125584494));
#13008 = CARTESIAN_POINT('',(0.140805553125,-1.418225833019E-02,
    1.496201462984));
#13009 = CARTESIAN_POINT('',(0.142547909909,-9.184517291648E-02,
    1.502598779813));
#13010 = CARTESIAN_POINT('',(0.151865575428,-0.240375183094,
    1.534535044287));
#13011 = CARTESIAN_POINT('',(0.15924414931,-0.3119367361,1.559201838642)
  );
#13012 = CARTESIAN_POINT('',(0.187617227059,-0.521706207359,
    1.648625756987));
#13013 = CARTESIAN_POINT('',(0.214183616311,-0.650100003105,
    1.726752092643));
#13014 = CARTESIAN_POINT('',(0.260648260248,-0.840636330967,
    1.844335950543));
#13015 = CARTESIAN_POINT('',(0.277443352236,-0.903554983843,
    1.884536304296));
#13016 = CARTESIAN_POINT('',(0.302392387669,-1.002826911697,
    1.93458463216));
#13017 = CARTESIAN_POINT('',(0.311039551898,-1.036899752725,
    1.950950250439));
#13018 = CARTESIAN_POINT('',(0.320815327002,-1.093301668474,
    1.958362685267));
#13019 = CARTESIAN_POINT('',(0.32337930712,-1.113737662936,
    1.956900657737));
#13020 = CARTESIAN_POINT('',(0.322319698759,-1.145348713703,
    1.934367737636));
#13021 = CARTESIAN_POINT('',(0.319146867786,-1.15432378006,
    1.916351324526));
#13022 = CARTESIAN_POINT('',(0.308591276563,-1.172455610747,
    1.862541864581));
#13023 = CARTESIAN_POINT('',(0.300040456584,-1.174955847304,
    1.825256666104));
#13024 = CARTESIAN_POINT('',(0.283273515171,-1.178301118648,
    1.750770956651));
#13025 = CARTESIAN_POINT('',(0.274881696832,-1.178032142618,
    1.713547028041));
#13026 = CARTESIAN_POINT('',(0.25034009032,-1.17599762457,1.601756738228
    ));
#13027 = CARTESIAN_POINT('',(0.234807664051,-1.172880793603,
    1.527076335794));
#13028 = CARTESIAN_POINT('',(0.192306620671,-1.169458423705,
    1.302146348191));
#13029 = CARTESIAN_POINT('',(0.169232463869,-1.173597292281,
    1.150953946494));
#13030 = CARTESIAN_POINT('',(0.148258890407,-1.221233573457,
    0.929777691745));
#13031 = CARTESIAN_POINT('',(0.143524538095,-1.244903396021,
    0.855446297795));
#13032 = CARTESIAN_POINT('',(0.140963904282,-1.312893817345,
    0.719472715208));
#13033 = CARTESIAN_POINT('',(0.143256221848,-1.358413626398,
    0.657404477226));
#13034 = CARTESIAN_POINT('',(0.158730572018,-1.515866859594,
    0.490107653636));
#13035 = CARTESIAN_POINT('',(0.179387847756,-1.642305102834,
    0.405340997371));
#13036 = CARTESIAN_POINT('',(0.218963311455,-1.837553275322,
    0.291078107312));
#13037 = CARTESIAN_POINT('',(0.233638389403,-1.903733433711,
    0.255514471369));
#13038 = CARTESIAN_POINT('',(0.265138459112,-2.035626362885,
    0.184400521375));
#13039 = CARTESIAN_POINT('',(0.282215858707,-2.102174931926,
    0.149894899975));
#13040 = CARTESIAN_POINT('',(0.302895888618,-2.178435378087,
    9.679928002368E-02));
#13041 = CARTESIAN_POINT('',(0.306983664993,-2.193294077692,
    8.560708034622E-02));
#13042 = CARTESIAN_POINT('',(0.314710144131,-2.221047849754,
    6.028345135576E-02));
#13043 = CARTESIAN_POINT('',(0.318540332173,-2.234604497003,
    4.596311566713E-02));
#13044 = CARTESIAN_POINT('',(0.323372993051,-2.251595019823,
    1.049558869367E-02));
#13045 = CARTESIAN_POINT('',(0.323333504087,-2.251456588465,
    -1.08769942267E-02));
#13046 = CARTESIAN_POINT('',(0.318536074604,-2.23458912193,
    -4.590193027505E-02));
#13047 = CARTESIAN_POINT('',(0.314732925192,-2.221131865803,
    -6.023918083561E-02));
#13048 = CARTESIAN_POINT('',(0.302856030058,-2.178463042249,
    -9.907381524182E-02));
#13049 = CARTESIAN_POINT('',(0.294190276571,-2.146566834736,
    -0.119389921025));
#13050 = CARTESIAN_POINT('',(0.277150880202,-2.08180998844,
    -0.158667160392));
#13051 = CARTESIAN_POINT('',(0.268677623724,-2.048612153862,
    -0.177077580682));
#13052 = CARTESIAN_POINT('',(0.227512476804,-1.881692159821,
    -0.268132274134));
#13053 = CARTESIAN_POINT('',(0.198608182004,-1.745745317862,
    -0.338518317501));
#13054 = CARTESIAN_POINT('',(0.166612953814,-1.55681440938,
    -0.469425388533));
#13055 = CARTESIAN_POINT('',(0.157778609524,-1.496157131847,
    -0.517000752764));
#13056 = CARTESIAN_POINT('',(0.145187718824,-1.383872905809,
    -0.626922712008));
#13057 = CARTESIAN_POINT('',(0.141597383648,-1.33285677251,
    -0.68937531248));
#13058 = CARTESIAN_POINT('',(0.142205843312,-1.255778164996,
    -0.827242026013));
#13059 = CARTESIAN_POINT('',(0.146353502264,-1.228823630997,
    -0.903581342182));
#13060 = CARTESIAN_POINT('',(0.159859761295,-1.192481104098,
    -1.056607743321));
#13061 = CARTESIAN_POINT('',(0.169288603449,-1.18232879001,
    -1.135068485162));
#13062 = CARTESIAN_POINT('',(0.203362503087,-1.165849323501,
    -1.370594883879));
#13063 = CARTESIAN_POINT('',(0.23379043243,-1.17486967235,
    -1.526748137104));
#13064 = CARTESIAN_POINT('',(0.276509972357,-1.178100438503,
    -1.720860759613));
#13065 = CARTESIAN_POINT('',(0.285302913214,-1.178280836402,
    -1.759738699577));
#13066 = CARTESIAN_POINT('',(0.302696247482,-1.173924788637,
    -1.837115318421));
#13067 = CARTESIAN_POINT('',(0.311801990993,-1.171198593588,
    -1.876571246223));
#13068 = CARTESIAN_POINT('',(0.321582033841,-1.146586172626,
    -1.930710047901));
#13069 = CARTESIAN_POINT('',(0.323770029924,-1.132830980799,
    -1.947460084712));
#13070 = CARTESIAN_POINT('',(0.321289007354,-1.094151296164,
    -1.959756055896));
#13071 = CARTESIAN_POINT('',(0.317672074872,-1.073787688417,
    -1.956839439471));
#13072 = CARTESIAN_POINT('',(0.306137481723,-1.016476776742,
    -1.942386747187));
#13073 = CARTESIAN_POINT('',(0.297170304042,-0.981690081588,
    -1.924650767722));
#13074 = CARTESIAN_POINT('',(0.270972840995,-0.879116837468,
    -1.869657197751));
#13075 = CARTESIAN_POINT('',(0.253699508266,-0.813434700044,
    -1.827432252721));
#13076 = CARTESIAN_POINT('',(0.222048908454,-0.680318446824,
    -1.745565692315));
#13077 = CARTESIAN_POINT('',(0.207527794426,-0.613196605498,
    -1.705197925106));
#13078 = CARTESIAN_POINT('',(0.169159086215,-0.405827124592,
    -1.593288231815));
#13079 = CARTESIAN_POINT('',(0.149838523106,-0.256732186332,
    -1.527914213744));
#13080 = CARTESIAN_POINT('',(0.140774668302,-1.963528697614E-02,
    -1.496181392559));
#13081 = CARTESIAN_POINT('',(0.14153554074,6.235495620656E-02,
    -1.498986805478));
#13082 = CARTESIAN_POINT('',(0.14988600764,0.218400348977,
    -1.527849742458));
#13083 = CARTESIAN_POINT('',(0.157310588538,0.295086658376,
    -1.55291265237));
#13084 = CARTESIAN_POINT('',(0.186104738494,0.514989058764,
    -1.644199287677));
#13085 = CARTESIAN_POINT('',(0.213801372235,0.649027777802,
    -1.726085941904));
#13086 = CARTESIAN_POINT('',(0.262648416664,0.848576606193,
    -1.849238470512));
#13087 = CARTESIAN_POINT('',(0.280353992427,0.914117487725,
    -1.891511019346));
#13088 = CARTESIAN_POINT('',(0.302058672691,1.001893299492,
    -1.933470089691));
#13089 = CARTESIAN_POINT('',(0.306364637189,1.019785004925,
    -1.941242345141));
#13090 = CARTESIAN_POINT('',(0.314546729891,1.057428204041,
    -1.953474346135));
#13091 = CARTESIAN_POINT('',(0.318542849,1.077389969913,-1.958278577908)
  );
#13092 = CARTESIAN_POINT('',(0.323438234413,1.117366658648,
    -1.95507015421));
#13093 = CARTESIAN_POINT('',(0.323250914067,1.136460793191,
    -1.943292971579));
#13094 = CARTESIAN_POINT('',(0.318059993046,1.158174050182,
    -1.909669561798));
#13095 = CARTESIAN_POINT('',(0.314071067845,1.163680863991,
    -1.890170519443));
#13096 = CARTESIAN_POINT('',(0.301837993805,1.175479715885,
    -1.832526765868));
#13097 = CARTESIAN_POINT('',(0.29277477577,1.177001505282,
    -1.793028567423));
#13098 = CARTESIAN_POINT('',(0.275203347945,1.178274127867,
    -1.714873583687));
#13099 = CARTESIAN_POINT('',(0.266506120944,1.177475832888,
    -1.675776907545));
#13100 = CARTESIAN_POINT('',(0.241213494416,1.174440080945,
    -1.558314182122));
#13101 = CARTESIAN_POINT('',(0.225396011216,1.171496945174,
    -1.479703089231));
#13102 = CARTESIAN_POINT('',(0.197016047417,1.171023442166,
    -1.322323349591));
#13103 = CARTESIAN_POINT('',(0.184415395487,1.17327027582,
    -1.243559271165));
#13104 = CARTESIAN_POINT('',(0.163280932931,1.188494365106,
    -1.086131170384));
#13105 = CARTESIAN_POINT('',(0.154649917158,1.201611091087,
    -1.006491219354));
#13106 = CARTESIAN_POINT('',(0.143431820996,1.246192017072,
    -0.853084765105));
#13107 = CARTESIAN_POINT('',(0.140851365965,1.278177524714,
    -0.778809406846));
#13108 = CARTESIAN_POINT('',(0.143725726505,1.367465667938,
    -0.644586158223));
#13109 = CARTESIAN_POINT('',(0.148799526492,1.421817790531,
    -0.586167432322));
#13110 = CARTESIAN_POINT('',(0.172044355925,1.602240045603,
    -0.426573703192));
#13111 = CARTESIAN_POINT('',(0.197264283053,1.738809981122,
    -0.345918262874));
#13112 = CARTESIAN_POINT('',(0.243397632255,1.94618664635,
    -0.232224701847));
#13113 = CARTESIAN_POINT('',(0.260247904269,2.015989286793,
    -0.196146538696));
#13114 = CARTESIAN_POINT('',(0.286523658718,2.117788484467,
    -0.137356691344));
#13115 = CARTESIAN_POINT('',(0.295499581338,2.151412566818,
    -0.11708645059));
#13116 = CARTESIAN_POINT('',(0.308335811387,2.19819888093,
    -8.14044358418E-02));
#13117 = CARTESIAN_POINT('',(0.31249710358,2.213137483321,
    -6.875733512617E-02));
#13118 = CARTESIAN_POINT('',(0.31974279767,2.238875619411,
    -3.861528881186E-02));
#13119 = CARTESIAN_POINT('',(0.322923740679,2.250000024125,
    -1.978204624434E-02));
#13120 = CARTESIAN_POINT('',(0.322923733608,2.25,3.388131789017E-18));
#13121 = ORIENTED_EDGE('',*,*,#13122,.T.);
#13122 = EDGE_CURVE('',#12966,#12964,#13123,.T.);
#13123 = B_SPLINE_CURVE_WITH_KNOTS('',3,(#13124,#13125,#13126,#13127,
    #13128,#13129,#13130,#13131,#13132,#13133,#13134,#13135,#13136,
    #13137,#13138,#13139,#13140,#13141,#13142,#13143,#13144,#13145,
    #13146,#13147,#13148,#13149,#13150,#13151,#13152,#13153,#13154,
    #13155,#13156,#13157,#13158,#13159,#13160,#13161,#13162,#13163,
    #13164,#13165,#13166,#13167,#13168,#13169,#13170,#13171,#13172,
    #13173,#13174,#13175,#13176,#13177,#13178,#13179,#13180,#13181,
    #13182,#13183,#13184,#13185,#13186,#13187,#13188,#13189,#13190,
    #13191,#13192,#13193,#13194,#13195,#13196,#13197,#13198,#13199,
    #13200,#13201,#13202,#13203,#13204,#13205,#13206,#13207,#13208,
    #13209,#13210,#13211,#13212,#13213,#13214,#13215,#13216,#13217,
    #13218,#13219,#13220,#13221,#13222,#13223,#13224,#13225,#13226,
    #13227,#13228,#13229,#13230,#13231,#13232,#13233,#13234,#13235,
    #13236,#13237,#13238,#13239,#13240,#13241,#13242,#13243,#13244,
    #13245,#13246,#13247,#13248,#13249,#13250,#13251,#13252,#13253,
    #13254,#13255,#13256,#13257,#13258,#13259,#13260,#13261,#13262,
    #13263,#13264,#13265,#13266,#13267,#13268,#13269,#13270,#13271,
    #13272,#13273,#13274,#13275),.UNSPECIFIED.,.T.,.F.,(1,3,2,2,2,2,2,2,
    2,2,2,2,2,2,2,2,2,2,2,2,2,2,2,2,2,2,2,2,2,2,2,2,2,2,2,2,2,2,2,2,2,2,
    2,2,2,2,2,2,2,2,2,2,2,2,2,2,2,2,2,2,2,2,2,2,2,2,2,2,2,2,2,2,2,2,2,2,
    3,1),(-5.831818251444E-05,0.,5.831818251444E-05,1.166363650289E-04,
    2.332727300578E-04,4.665454601155E-04,9.330909202311E-04,
    1.166363650289E-03,1.399636380347E-03,1.632909110404E-03,
    1.866181840462E-03,2.09945457052E-03,2.332727300578E-03,
    2.449363665607E-03,2.507681848121E-03,2.566000030636E-03,
    2.682636395664E-03,2.799272760693E-03,3.265818220809E-03,
    3.499090950867E-03,3.732363680924E-03,3.965636410982E-03,
    4.19890914104E-03,4.665454601155E-03,4.898727331213E-03,
    5.015363696242E-03,5.073681878757E-03,5.132000061271E-03,
    5.2486364263E-03,5.365272791329E-03,5.598545521387E-03,
    6.065090981502E-03,6.29836371156E-03,6.531636441618E-03,
    6.998181901733E-03,7.231454631791E-03,7.464727361849E-03,
    7.523045544363E-03,7.581363726878E-03,7.639681909392E-03,
    7.698000091907E-03,7.814636456935E-03,7.931272821964E-03,
    8.39781828208E-03,8.631091012138E-03,8.864363742195E-03,
    9.097636472253E-03,9.330909202311E-03,9.797454662426E-03,
    9.914091027455E-03,1.003072739248E-02,1.0089045575E-02,
    1.014736375751E-02,1.026400012254E-02,1.04972728526E-02,
    1.073054558266E-02,1.119709104277E-02,1.143036377283E-02,
    1.166363650289E-02,1.2130181963E-02,1.236345469306E-02,
    1.242177287558E-02,1.248009105809E-02,1.253840924061E-02,
    1.259672742312E-02,1.271336378815E-02,1.283000015318E-02,
    1.306327288324E-02,1.329654561329E-02,1.352981834335E-02,
    1.376309107341E-02,1.399636380347E-02,1.446290926358E-02,
    1.469618199364E-02,1.481281835867E-02,1.487113654118E-02,
    1.49294547237E-02,1.498777290621E-02),.UNSPECIFIED.);
#13124 = CARTESIAN_POINT('',(0.322923733608,2.25,3.388131789017E-18));
#13125 = CARTESIAN_POINT('',(0.322923726537,2.249999975875,
    1.978204624434E-02));
#13126 = CARTESIAN_POINT('',(0.319923294749,2.239507323067,
    3.751573113189E-02));
#13127 = CARTESIAN_POINT('',(0.313012337353,2.21497624648,
    6.692966862432E-02));
#13128 = CARTESIAN_POINT('',(0.309028240993,2.200691584079,
    7.927410941173E-02));
#13129 = CARTESIAN_POINT('',(0.296712259611,2.155885921702,
    0.114068415356));
#13130 = CARTESIAN_POINT('',(0.288059213477,2.12357127008,0.133810350738
    ));
#13131 = CARTESIAN_POINT('',(0.262740978541,2.025931303939,
    0.190757862729));
#13132 = CARTESIAN_POINT('',(0.246422095046,1.958862248851,
    0.225509748905));
#13133 = CARTESIAN_POINT('',(0.201469050266,1.759266266127,
    0.334308795857));
#13134 = CARTESIAN_POINT('',(0.17655846321,1.627606349353,0.410712778553
    ));
#13135 = CARTESIAN_POINT('',(0.152020050481,1.450126140458,
    0.558883809336));
#13136 = CARTESIAN_POINT('',(0.14617450848,1.395522266356,0.613100788907
    ));
#13137 = CARTESIAN_POINT('',(0.140803057242,1.30268632578,0.73619397992)
  );
#13138 = CARTESIAN_POINT('',(0.141666296814,1.266310845116,
    0.805557201379));
#13139 = CARTESIAN_POINT('',(0.149688114844,1.215056487531,
    0.949797446651));
#13140 = CARTESIAN_POINT('',(0.156754003047,1.198625021777,
    1.025985376807));
#13141 = CARTESIAN_POINT('',(0.174782691442,1.177945818673,
    1.176551497846));
#13142 = CARTESIAN_POINT('',(0.18579598807,1.173401570119,1.251865505142
    ));
#13143 = CARTESIAN_POINT('',(0.210934691548,1.170324238384,
    1.402364298432));
#13144 = CARTESIAN_POINT('',(0.225085022229,1.171923429848,
    1.477553005744));
#13145 = CARTESIAN_POINT('',(0.255761738486,1.176213662707,
    1.627625721824));
#13146 = CARTESIAN_POINT('',(0.27237867907,1.179638463091,1.702410964955
    ));
#13147 = CARTESIAN_POINT('',(0.297638317849,1.175766797856,
    1.814570823533));
#13148 = CARTESIAN_POINT('',(0.306218069836,1.173584748849,
    1.851999511114));
#13149 = CARTESIAN_POINT('',(0.317332265654,1.158360045151,1.90661727272
    ));
#13150 = CARTESIAN_POINT('',(0.320807101009,1.151208692388,
    1.924860687547));
#13151 = CARTESIAN_POINT('',(0.323756933971,1.124216668588,
    1.952383920522));
#13152 = CARTESIAN_POINT('',(0.322170226696,1.103880561487,
    1.957739910832));
#13153 = CARTESIAN_POINT('',(0.313458040879,1.047067277769,
    1.955043310989));
#13154 = CARTESIAN_POINT('',(0.304669485806,1.012242354643,
    1.938739596274));
#13155 = CARTESIAN_POINT('',(0.288001113362,0.945291278822,
    1.906031243201));
#13156 = CARTESIAN_POINT('',(0.27952808082,0.912894220919,1.887431357227
    ));
#13157 = CARTESIAN_POINT('',(0.238238311138,0.75249978521,1.792248260009
    ));
#13158 = CARTESIAN_POINT('',(0.208446098215,0.627237775555,
    1.709290831993));
#13159 = CARTESIAN_POINT('',(0.174120010219,0.424892254683,1.60652500834
    ));
#13160 = CARTESIAN_POINT('',(0.164443663573,0.355862507526,
    1.575821901699));
#13161 = CARTESIAN_POINT('',(0.149615025003,0.212357347236,
    1.527139807899));
#13162 = CARTESIAN_POINT('',(0.144458336961,0.136976124099,
    1.509125584494));
#13163 = CARTESIAN_POINT('',(0.140805553125,-1.418225833019E-02,
    1.496201462984));
#13164 = CARTESIAN_POINT('',(0.142547909909,-9.184517291648E-02,
    1.502598779813));
#13165 = CARTESIAN_POINT('',(0.151865575428,-0.240375183094,
    1.534535044287));
#13166 = CARTESIAN_POINT('',(0.15924414931,-0.3119367361,1.559201838642)
  );
#13167 = CARTESIAN_POINT('',(0.187617227059,-0.521706207359,
    1.648625756987));
#13168 = CARTESIAN_POINT('',(0.214183616311,-0.650100003105,
    1.726752092643));
#13169 = CARTESIAN_POINT('',(0.260648260248,-0.840636330967,
    1.844335950543));
#13170 = CARTESIAN_POINT('',(0.277443352236,-0.903554983843,
    1.884536304296));
#13171 = CARTESIAN_POINT('',(0.302392387669,-1.002826911697,
    1.93458463216));
#13172 = CARTESIAN_POINT('',(0.311039551898,-1.036899752725,
    1.950950250439));
#13173 = CARTESIAN_POINT('',(0.320815327002,-1.093301668474,
    1.958362685267));
#13174 = CARTESIAN_POINT('',(0.32337930712,-1.113737662936,
    1.956900657737));
#13175 = CARTESIAN_POINT('',(0.322319698759,-1.145348713703,
    1.934367737636));
#13176 = CARTESIAN_POINT('',(0.319146867786,-1.15432378006,
    1.916351324526));
#13177 = CARTESIAN_POINT('',(0.308591276563,-1.172455610747,
    1.862541864581));
#13178 = CARTESIAN_POINT('',(0.300040456584,-1.174955847304,
    1.825256666104));
#13179 = CARTESIAN_POINT('',(0.283273515171,-1.178301118648,
    1.750770956651));
#13180 = CARTESIAN_POINT('',(0.274881696832,-1.178032142618,
    1.713547028041));
#13181 = CARTESIAN_POINT('',(0.25034009032,-1.17599762457,1.601756738228
    ));
#13182 = CARTESIAN_POINT('',(0.234807664051,-1.172880793603,
    1.527076335794));
#13183 = CARTESIAN_POINT('',(0.192306620671,-1.169458423705,
    1.302146348191));
#13184 = CARTESIAN_POINT('',(0.169232463869,-1.173597292281,
    1.150953946494));
#13185 = CARTESIAN_POINT('',(0.148258890407,-1.221233573457,
    0.929777691745));
#13186 = CARTESIAN_POINT('',(0.143524538095,-1.244903396021,
    0.855446297795));
#13187 = CARTESIAN_POINT('',(0.140963904282,-1.312893817345,
    0.719472715208));
#13188 = CARTESIAN_POINT('',(0.143256221848,-1.358413626398,
    0.657404477226));
#13189 = CARTESIAN_POINT('',(0.158730572018,-1.515866859594,
    0.490107653636));
#13190 = CARTESIAN_POINT('',(0.179387847756,-1.642305102834,
    0.405340997371));
#13191 = CARTESIAN_POINT('',(0.218963311455,-1.837553275322,
    0.291078107312));
#13192 = CARTESIAN_POINT('',(0.233638389403,-1.903733433711,
    0.255514471369));
#13193 = CARTESIAN_POINT('',(0.265138459112,-2.035626362885,
    0.184400521375));
#13194 = CARTESIAN_POINT('',(0.282215858707,-2.102174931926,
    0.149894899975));
#13195 = CARTESIAN_POINT('',(0.302895888618,-2.178435378087,
    9.679928002368E-02));
#13196 = CARTESIAN_POINT('',(0.306983664993,-2.193294077692,
    8.560708034622E-02));
#13197 = CARTESIAN_POINT('',(0.314710144131,-2.221047849754,
    6.028345135576E-02));
#13198 = CARTESIAN_POINT('',(0.318540332173,-2.234604497003,
    4.596311566713E-02));
#13199 = CARTESIAN_POINT('',(0.323372993051,-2.251595019823,
    1.049558869367E-02));
#13200 = CARTESIAN_POINT('',(0.323333504087,-2.251456588465,
    -1.08769942267E-02));
#13201 = CARTESIAN_POINT('',(0.318536074604,-2.23458912193,
    -4.590193027505E-02));
#13202 = CARTESIAN_POINT('',(0.314732925192,-2.221131865803,
    -6.023918083561E-02));
#13203 = CARTESIAN_POINT('',(0.302856030058,-2.178463042249,
    -9.907381524182E-02));
#13204 = CARTESIAN_POINT('',(0.294190276571,-2.146566834736,
    -0.119389921025));
#13205 = CARTESIAN_POINT('',(0.277150880202,-2.08180998844,
    -0.158667160392));
#13206 = CARTESIAN_POINT('',(0.268677623724,-2.048612153862,
    -0.177077580682));
#13207 = CARTESIAN_POINT('',(0.227512476804,-1.881692159821,
    -0.268132274134));
#13208 = CARTESIAN_POINT('',(0.198608182004,-1.745745317862,
    -0.338518317501));
#13209 = CARTESIAN_POINT('',(0.166612953814,-1.55681440938,
    -0.469425388533));
#13210 = CARTESIAN_POINT('',(0.157778609524,-1.496157131847,
    -0.517000752764));
#13211 = CARTESIAN_POINT('',(0.145187718824,-1.383872905809,
    -0.626922712008));
#13212 = CARTESIAN_POINT('',(0.141597383648,-1.33285677251,
    -0.68937531248));
#13213 = CARTESIAN_POINT('',(0.142205843312,-1.255778164996,
    -0.827242026013));
#13214 = CARTESIAN_POINT('',(0.146353502264,-1.228823630997,
    -0.903581342182));
#13215 = CARTESIAN_POINT('',(0.159859761295,-1.192481104098,
    -1.056607743321));
#13216 = CARTESIAN_POINT('',(0.169288603449,-1.18232879001,
    -1.135068485162));
#13217 = CARTESIAN_POINT('',(0.203362503087,-1.165849323501,
    -1.370594883879));
#13218 = CARTESIAN_POINT('',(0.23379043243,-1.17486967235,
    -1.526748137104));
#13219 = CARTESIAN_POINT('',(0.276509972357,-1.178100438503,
    -1.720860759613));
#13220 = CARTESIAN_POINT('',(0.285302913214,-1.178280836402,
    -1.759738699577));
#13221 = CARTESIAN_POINT('',(0.302696247482,-1.173924788637,
    -1.837115318421));
#13222 = CARTESIAN_POINT('',(0.311801990993,-1.171198593588,
    -1.876571246223));
#13223 = CARTESIAN_POINT('',(0.321582033841,-1.146586172626,
    -1.930710047901));
#13224 = CARTESIAN_POINT('',(0.323770029924,-1.132830980799,
    -1.947460084712));
#13225 = CARTESIAN_POINT('',(0.321289007354,-1.094151296164,
    -1.959756055896));
#13226 = CARTESIAN_POINT('',(0.317672074872,-1.073787688417,
    -1.956839439471));
#13227 = CARTESIAN_POINT('',(0.306137481723,-1.016476776742,
    -1.942386747187));
#13228 = CARTESIAN_POINT('',(0.297170304042,-0.981690081588,
    -1.924650767722));
#13229 = CARTESIAN_POINT('',(0.270972840995,-0.879116837468,
    -1.869657197751));
#13230 = CARTESIAN_POINT('',(0.253699508266,-0.813434700044,
    -1.827432252721));
#13231 = CARTESIAN_POINT('',(0.222048908454,-0.680318446824,
    -1.745565692315));
#13232 = CARTESIAN_POINT('',(0.207527794426,-0.613196605498,
    -1.705197925106));
#13233 = CARTESIAN_POINT('',(0.169159086215,-0.405827124592,
    -1.593288231815));
#13234 = CARTESIAN_POINT('',(0.149838523106,-0.256732186332,
    -1.527914213744));
#13235 = CARTESIAN_POINT('',(0.140774668302,-1.963528697614E-02,
    -1.496181392559));
#13236 = CARTESIAN_POINT('',(0.14153554074,6.235495620656E-02,
    -1.498986805478));
#13237 = CARTESIAN_POINT('',(0.14988600764,0.218400348977,
    -1.527849742458));
#13238 = CARTESIAN_POINT('',(0.157310588538,0.295086658376,
    -1.55291265237));
#13239 = CARTESIAN_POINT('',(0.186104738494,0.514989058764,
    -1.644199287677));
#13240 = CARTESIAN_POINT('',(0.213801372235,0.649027777802,
    -1.726085941904));
#13241 = CARTESIAN_POINT('',(0.262648416664,0.848576606193,
    -1.849238470512));
#13242 = CARTESIAN_POINT('',(0.280353992427,0.914117487725,
    -1.891511019346));
#13243 = CARTESIAN_POINT('',(0.302058672691,1.001893299492,
    -1.933470089691));
#13244 = CARTESIAN_POINT('',(0.306364637189,1.019785004925,
    -1.941242345141));
#13245 = CARTESIAN_POINT('',(0.314546729891,1.057428204041,
    -1.953474346135));
#13246 = CARTESIAN_POINT('',(0.318542849,1.077389969913,-1.958278577908)
  );
#13247 = CARTESIAN_POINT('',(0.323438234413,1.117366658648,
    -1.95507015421));
#13248 = CARTESIAN_POINT('',(0.323250914067,1.136460793191,
    -1.943292971579));
#13249 = CARTESIAN_POINT('',(0.318059993046,1.158174050182,
    -1.909669561798));
#13250 = CARTESIAN_POINT('',(0.314071067845,1.163680863991,
    -1.890170519443));
#13251 = CARTESIAN_POINT('',(0.301837993805,1.175479715885,
    -1.832526765868));
#13252 = CARTESIAN_POINT('',(0.29277477577,1.177001505282,
    -1.793028567423));
#13253 = CARTESIAN_POINT('',(0.275203347945,1.178274127867,
    -1.714873583687));
#13254 = CARTESIAN_POINT('',(0.266506120944,1.177475832888,
    -1.675776907545));
#13255 = CARTESIAN_POINT('',(0.241213494416,1.174440080945,
    -1.558314182122));
#13256 = CARTESIAN_POINT('',(0.225396011216,1.171496945174,
    -1.479703089231));
#13257 = CARTESIAN_POINT('',(0.197016047417,1.171023442166,
    -1.322323349591));
#13258 = CARTESIAN_POINT('',(0.184415395487,1.17327027582,
    -1.243559271165));
#13259 = CARTESIAN_POINT('',(0.163280932931,1.188494365106,
    -1.086131170384));
#13260 = CARTESIAN_POINT('',(0.154649917158,1.201611091087,
    -1.006491219354));
#13261 = CARTESIAN_POINT('',(0.143431820996,1.246192017072,
    -0.853084765105));
#13262 = CARTESIAN_POINT('',(0.140851365965,1.278177524714,
    -0.778809406846));
#13263 = CARTESIAN_POINT('',(0.143725726505,1.367465667938,
    -0.644586158223));
#13264 = CARTESIAN_POINT('',(0.148799526492,1.421817790531,
    -0.586167432322));
#13265 = CARTESIAN_POINT('',(0.172044355925,1.602240045603,
    -0.426573703192));
#13266 = CARTESIAN_POINT('',(0.197264283053,1.738809981122,
    -0.345918262874));
#13267 = CARTESIAN_POINT('',(0.243397632255,1.94618664635,
    -0.232224701847));
#13268 = CARTESIAN_POINT('',(0.260247904269,2.015989286793,
    -0.196146538696));
#13269 = CARTESIAN_POINT('',(0.286523658718,2.117788484467,
    -0.137356691344));
#13270 = CARTESIAN_POINT('',(0.295499581338,2.151412566818,
    -0.11708645059));
#13271 = CARTESIAN_POINT('',(0.308335811387,2.19819888093,
    -8.14044358418E-02));
#13272 = CARTESIAN_POINT('',(0.31249710358,2.213137483321,
    -6.875733512617E-02));
#13273 = CARTESIAN_POINT('',(0.31974279767,2.238875619411,
    -3.861528881186E-02));
#13274 = CARTESIAN_POINT('',(0.322923740679,2.250000024125,
    -1.978204624434E-02));
#13275 = CARTESIAN_POINT('',(0.322923733608,2.25,3.388131789017E-18));
#13276 = SPHERICAL_SURFACE('',#13277,8.);
#13277 = AXIS2_PLACEMENT_3D('',#13278,#13279,#13280);
#13278 = CARTESIAN_POINT('',(8.,-5.633375276078E-16,0.));
#13279 = DIRECTION('',(-0.,0.,-1.));
#13280 = DIRECTION('',(0.,1.,0.));
#13281 = ADVANCED_FACE('',(#13282),#13317,.T.);
#13282 = FACE_BOUND('',#13283,.T.);
#13283 = EDGE_LOOP('',(#13284,#13295,#13302,#13309,#13310));
#13284 = ORIENTED_EDGE('',*,*,#13285,.T.);
#13285 = EDGE_CURVE('',#13286,#13288,#13290,.T.);
#13286 = VERTEX_POINT('',#13287);
#13287 = CARTESIAN_POINT('',(15.2,0.,-2.5));
#13288 = VERTEX_POINT('',#13289);
#13289 = CARTESIAN_POINT('',(15.2,-6.123233995737E-16,2.5));
#13290 = CIRCLE('',#13291,2.5);
#13291 = AXIS2_PLACEMENT_3D('',#13292,#13293,#13294);
#13292 = CARTESIAN_POINT('',(15.2,0.,0.));
#13293 = DIRECTION('',(-1.,-0.,-0.));
#13294 = DIRECTION('',(0.,0.,-1.));
#13295 = ORIENTED_EDGE('',*,*,#13296,.T.);
#13296 = EDGE_CURVE('',#13288,#13297,#13299,.T.);
#13297 = VERTEX_POINT('',#13298);
#13298 = CARTESIAN_POINT('',(3.9,0.,2.5));
#13299 = B_SPLINE_CURVE_WITH_KNOTS('',1,(#13300,#13301),.UNSPECIFIED.,
  .F.,.F.,(2,2),(-40.6,-29.3),.PIECEWISE_BEZIER_KNOTS.);
#13300 = CARTESIAN_POINT('',(15.2,0.,2.5));
#13301 = CARTESIAN_POINT('',(3.9,0.,2.5));
#13302 = ORIENTED_EDGE('',*,*,#13303,.T.);
#13303 = EDGE_CURVE('',#13297,#13297,#13304,.T.);
#13304 = CIRCLE('',#13305,2.5);
#13305 = AXIS2_PLACEMENT_3D('',#13306,#13307,#13308);
#13306 = CARTESIAN_POINT('',(3.9,0.,0.));
#13307 = DIRECTION('',(1.,0.,-0.));
#13308 = DIRECTION('',(0.,0.,1.));
#13309 = ORIENTED_EDGE('',*,*,#13296,.F.);
#13310 = ORIENTED_EDGE('',*,*,#13311,.T.);
#13311 = EDGE_CURVE('',#13288,#13286,#13312,.T.);
#13312 = CIRCLE('',#13313,2.5);
#13313 = AXIS2_PLACEMENT_3D('',#13314,#13315,#13316);
#13314 = CARTESIAN_POINT('',(15.2,0.,0.));
#13315 = DIRECTION('',(-1.,-0.,-0.));
#13316 = DIRECTION('',(0.,0.,-1.));
#13317 = CYLINDRICAL_SURFACE('',#13318,2.5);
#13318 = AXIS2_PLACEMENT_3D('',#13319,#13320,#13321);
#13319 = CARTESIAN_POINT('',(-25.4,0.,0.));
#13320 = DIRECTION('',(-1.,-0.,-0.));
#13321 = DIRECTION('',(-0.,0.,1.));
#13322 = ADVANCED_FACE('',(#13323,#13334),#13345,.F.);
#13323 = FACE_BOUND('',#13324,.T.);
#13324 = EDGE_LOOP('',(#13325));
#13325 = ORIENTED_EDGE('',*,*,#13326,.T.);
#13326 = EDGE_CURVE('',#13327,#13327,#13329,.T.);
#13327 = VERTEX_POINT('',#13328);
#13328 = CARTESIAN_POINT('',(3.7,0.,2.7));
#13329 = CIRCLE('',#13330,2.7);
#13330 = AXIS2_PLACEMENT_3D('',#13331,#13332,#13333);
#13331 = CARTESIAN_POINT('',(3.7,0.,0.));
#13332 = DIRECTION('',(-1.,0.,-0.));
#13333 = DIRECTION('',(-0.,0.,1.));
#13334 = FACE_BOUND('',#13335,.T.);
#13335 = EDGE_LOOP('',(#13336));
#13336 = ORIENTED_EDGE('',*,*,#13337,.F.);
#13337 = EDGE_CURVE('',#13338,#13338,#13340,.T.);
#13338 = VERTEX_POINT('',#13339);
#13339 = CARTESIAN_POINT('',(3.7,0.,4.75));
#13340 = CIRCLE('',#13341,4.75);
#13341 = AXIS2_PLACEMENT_3D('',#13342,#13343,#13344);
#13342 = CARTESIAN_POINT('',(3.7,0.,0.));
#13343 = DIRECTION('',(-1.,0.,-0.));
#13344 = DIRECTION('',(-0.,0.,1.));
#13345 = PLANE('',#13346);
#13346 = AXIS2_PLACEMENT_3D('',#13347,#13348,#13349);
#13347 = CARTESIAN_POINT('',(3.7,2.5,0.));
#13348 = DIRECTION('',(-1.,0.,-0.));
#13349 = DIRECTION('',(0.,0.,1.));
#13350 = ADVANCED_FACE('',(#13351),#13369,.T.);
#13351 = FACE_BOUND('',#13352,.T.);
#13352 = EDGE_LOOP('',(#13353,#13354,#13361,#13368));
#13353 = ORIENTED_EDGE('',*,*,#13337,.T.);
#13354 = ORIENTED_EDGE('',*,*,#13355,.T.);
#13355 = EDGE_CURVE('',#13338,#13356,#13358,.T.);
#13356 = VERTEX_POINT('',#13357);
#13357 = CARTESIAN_POINT('',(1.794155980046,0.,4.75));
#13358 = B_SPLINE_CURVE_WITH_KNOTS('',1,(#13359,#13360),.UNSPECIFIED.,
  .F.,.F.,(2,2),(-29.1,-27.19415598004),.PIECEWISE_BEZIER_KNOTS.);
#13359 = CARTESIAN_POINT('',(3.7,0.,4.75));
#13360 = CARTESIAN_POINT('',(1.794155980046,0.,4.75));
#13361 = ORIENTED_EDGE('',*,*,#13362,.F.);
#13362 = EDGE_CURVE('',#13356,#13356,#13363,.T.);
#13363 = CIRCLE('',#13364,4.75);
#13364 = AXIS2_PLACEMENT_3D('',#13365,#13366,#13367);
#13365 = CARTESIAN_POINT('',(1.794155980046,0.,0.));
#13366 = DIRECTION('',(-1.,0.,-0.));
#13367 = DIRECTION('',(-0.,0.,1.));
#13368 = ORIENTED_EDGE('',*,*,#13355,.F.);
#13369 = CYLINDRICAL_SURFACE('',#13370,4.75);
#13370 = AXIS2_PLACEMENT_3D('',#13371,#13372,#13373);
#13371 = CARTESIAN_POINT('',(-25.4,0.,0.));
#13372 = DIRECTION('',(-1.,-0.,-0.));
#13373 = DIRECTION('',(-0.,0.,1.));
#13374 = ADVANCED_FACE('',(#13375),#13390,.T.);
#13375 = FACE_BOUND('',#13376,.T.);
#13376 = EDGE_LOOP('',(#13377,#13378,#13388,#13389));
#13377 = ORIENTED_EDGE('',*,*,#13362,.T.);
#13378 = ORIENTED_EDGE('',*,*,#13379,.T.);
#13379 = EDGE_CURVE('',#13356,#12953,#13380,.T.);
#13380 = ( BOUNDED_CURVE() B_SPLINE_CURVE(6,(#13381,#13382,#13383,#13384
    ,#13385,#13386,#13387),.UNSPECIFIED.,.F.,.F.) 
B_SPLINE_CURVE_WITH_KNOTS((7,7),(0.,0.964854566379),
.PIECEWISE_BEZIER_KNOTS.) CURVE() GEOMETRIC_REPRESENTATION_ITEM() 
RATIONAL_B_SPLINE_CURVE((1.011714577866,1.0038438045,0.999219965065,
    0.997692311916,0.999219965065,1.0038438045,1.011714577866)) 
REPRESENTATION_ITEM('') );
#13381 = CARTESIAN_POINT('',(1.794155980046,0.,4.75));
#13382 = CARTESIAN_POINT('',(1.72122452522,0.,4.75));
#13383 = CARTESIAN_POINT('',(1.648986031416,0.,4.735861228974));
#13384 = CARTESIAN_POINT('',(1.58047886465,0.,4.70801441501));
#13385 = CARTESIAN_POINT('',(1.51857240094,0.,4.66756362148));
#13386 = CARTESIAN_POINT('',(1.465808357102,0.,4.616238573881));
#13387 = CARTESIAN_POINT('',(1.424271237135,0.,4.556291390728));
#13388 = ORIENTED_EDGE('',*,*,#12952,.F.);
#13389 = ORIENTED_EDGE('',*,*,#13379,.F.);
#13390 = TOROIDAL_SURFACE('',#13391,4.3,0.45);
#13391 = AXIS2_PLACEMENT_3D('',#13392,#13393,#13394);
#13392 = CARTESIAN_POINT('',(1.794155980046,0.,0.));
#13393 = DIRECTION('',(-1.,-0.,-0.));
#13394 = DIRECTION('',(-0.,0.,1.));
#13395 = ADVANCED_FACE('',(#13396),#13407,.T.);
#13396 = FACE_BOUND('',#13397,.T.);
#13397 = EDGE_LOOP('',(#13398));
#13398 = ORIENTED_EDGE('',*,*,#13399,.T.);
#13399 = EDGE_CURVE('',#13400,#13400,#13402,.T.);
#13400 = VERTEX_POINT('',#13401);
#13401 = CARTESIAN_POINT('',(15.7,0.,-2.));
#13402 = CIRCLE('',#13403,2.);
#13403 = AXIS2_PLACEMENT_3D('',#13404,#13405,#13406);
#13404 = CARTESIAN_POINT('',(15.7,0.,0.));
#13405 = DIRECTION('',(1.,0.,0.));
#13406 = DIRECTION('',(0.,0.,-1.));
#13407 = PLANE('',#13408);
#13408 = AXIS2_PLACEMENT_3D('',#13409,#13410,#13411);
#13409 = CARTESIAN_POINT('',(15.7,2.5,0.));
#13410 = DIRECTION('',(1.,0.,0.));
#13411 = DIRECTION('',(0.,0.,-1.));
#13412 = ADVANCED_FACE('',(#13413),#13428,.F.);
#13413 = FACE_BOUND('',#13414,.F.);
#13414 = EDGE_LOOP('',(#13415,#13416,#13426,#13427));
#13415 = ORIENTED_EDGE('',*,*,#13303,.T.);
#13416 = ORIENTED_EDGE('',*,*,#13417,.F.);
#13417 = EDGE_CURVE('',#13327,#13297,#13418,.T.);
#13418 = ( BOUNDED_CURVE() B_SPLINE_CURVE(6,(#13419,#13420,#13421,#13422
    ,#13423,#13424,#13425),.UNSPECIFIED.,.F.,.F.) 
B_SPLINE_CURVE_WITH_KNOTS((7,7),(1.570796326795,3.14159265359),
.PIECEWISE_BEZIER_KNOTS.) CURVE() GEOMETRIC_REPRESENTATION_ITEM() 
RATIONAL_B_SPLINE_CURVE((1.031393471788,1.010025407661,0.997924642725,
    0.993958444137,0.997924642725,1.010025407661,1.031393471788)) 
REPRESENTATION_ITEM('') );
#13419 = CARTESIAN_POINT('',(3.7,-6.613092715396E-16,2.7));
#13420 = CARTESIAN_POINT('',(3.7,-6.482135461083E-16,2.646532643369));
#13421 = CARTESIAN_POINT('',(3.717000870127,-6.354590069678E-16,
    2.594458285484));
#13422 = CARTESIAN_POINT('',(3.74961609736,-6.244758385372E-16,
    2.54961609736));
#13423 = CARTESIAN_POINT('',(3.794458285484,-6.164874118104E-16,
    2.517000870127));
#13424 = CARTESIAN_POINT('',(3.846532643369,-6.123233995737E-16,2.5));
#13425 = CARTESIAN_POINT('',(3.9,-6.123233995737E-16,2.5));
#13426 = ORIENTED_EDGE('',*,*,#13326,.T.);
#13427 = ORIENTED_EDGE('',*,*,#13417,.T.);
#13428 = TOROIDAL_SURFACE('',#13429,2.7,0.2);
#13429 = AXIS2_PLACEMENT_3D('',#13430,#13431,#13432);
#13430 = CARTESIAN_POINT('',(3.9,0.,0.));
#13431 = DIRECTION('',(-1.,-0.,-0.));
#13432 = DIRECTION('',(-0.,0.,1.));
#13433 = ADVANCED_FACE('',(#13434),#13504,.F.);
#13434 = FACE_BOUND('',#13435,.F.);
#13435 = EDGE_LOOP('',(#13436,#13448,#13458,#13468,#13478,#13488,#13496,
    #13501,#13502,#13503));
#13436 = ORIENTED_EDGE('',*,*,#13437,.F.);
#13437 = EDGE_CURVE('',#13438,#13440,#13442,.T.);
#13438 = VERTEX_POINT('',#13439);
#13439 = CARTESIAN_POINT('',(2.3,-1.029992063861E-15,1.5));
#13440 = VERTEX_POINT('',#13441);
#13441 = CARTESIAN_POINT('',(2.3,-1.299038105677,0.75));
#13442 = B_SPLINE_CURVE_WITH_KNOTS('',3,(#13443,#13444,#13445,#13446,
    #13447),.UNSPECIFIED.,.F.,.F.,(4,1,4),(0.75,0.833333333333,
    0.916666666667),.UNSPECIFIED.);
#13443 = CARTESIAN_POINT('',(2.3,-1.029992063861E-15,1.5));
#13444 = CARTESIAN_POINT('',(2.3,-0.49245567605,1.5));
#13445 = CARTESIAN_POINT('',(2.3,-1.477367028149,2.558874754182));
#13446 = CARTESIAN_POINT('',(2.3,-1.052810267652,1.176479125697));
#13447 = CARTESIAN_POINT('',(2.3,-1.299038105677,0.75));
#13448 = ORIENTED_EDGE('',*,*,#13449,.F.);
#13449 = EDGE_CURVE('',#13450,#13438,#13452,.T.);
#13450 = VERTEX_POINT('',#13451);
#13451 = CARTESIAN_POINT('',(2.3,1.299038105677,0.75));
#13452 = B_SPLINE_CURVE_WITH_KNOTS('',3,(#13453,#13454,#13455,#13456,
    #13457),.UNSPECIFIED.,.F.,.F.,(4,1,4),(0.583333333333,0.666666666667
    ,0.75),.UNSPECIFIED.);
#13453 = CARTESIAN_POINT('',(2.3,1.299038105677,0.75));
#13454 = CARTESIAN_POINT('',(2.3,1.052810267652,1.176479125697));
#13455 = CARTESIAN_POINT('',(2.3,1.477367028149,2.558874754182));
#13456 = CARTESIAN_POINT('',(2.3,0.49245567605,1.5));
#13457 = CARTESIAN_POINT('',(2.3,-1.029992063861E-15,1.5));
#13458 = ORIENTED_EDGE('',*,*,#13459,.F.);
#13459 = EDGE_CURVE('',#13460,#13450,#13462,.T.);
#13460 = VERTEX_POINT('',#13461);
#13461 = CARTESIAN_POINT('',(2.3,1.299038105677,-0.75));
#13462 = B_SPLINE_CURVE_WITH_KNOTS('',3,(#13463,#13464,#13465,#13466,
    #13467),.UNSPECIFIED.,.F.,.F.,(4,1,4),(0.416666666667,0.5,
    0.583333333333),.QUASI_UNIFORM_KNOTS.);
#13463 = CARTESIAN_POINT('',(2.3,1.299038105677,-0.75));
#13464 = CARTESIAN_POINT('',(2.3,1.545265943702,-0.323520874303));
#13465 = CARTESIAN_POINT('',(2.3,2.954734056298,1.327792059966E-14));
#13466 = CARTESIAN_POINT('',(2.3,1.545265943702,0.323520874303));
#13467 = CARTESIAN_POINT('',(2.3,1.299038105677,0.75));
#13468 = ORIENTED_EDGE('',*,*,#13469,.F.);
#13469 = EDGE_CURVE('',#13470,#13460,#13472,.T.);
#13470 = VERTEX_POINT('',#13471);
#13471 = CARTESIAN_POINT('',(2.3,1.252393951056E-15,-1.5));
#13472 = B_SPLINE_CURVE_WITH_KNOTS('',3,(#13473,#13474,#13475,#13476,
    #13477),.UNSPECIFIED.,.F.,.F.,(4,1,4),(0.25,0.333333333333,
    0.416666666667),.UNSPECIFIED.);
#13473 = CARTESIAN_POINT('',(2.3,1.252393951056E-15,-1.5));
#13474 = CARTESIAN_POINT('',(2.3,0.49245567605,-1.5));
#13475 = CARTESIAN_POINT('',(2.3,1.477367028149,-2.558874754181));
#13476 = CARTESIAN_POINT('',(2.3,1.052810267652,-1.176479125697));
#13477 = CARTESIAN_POINT('',(2.3,1.299038105677,-0.75));
#13478 = ORIENTED_EDGE('',*,*,#13479,.F.);
#13479 = EDGE_CURVE('',#13480,#13470,#13482,.T.);
#13480 = VERTEX_POINT('',#13481);
#13481 = CARTESIAN_POINT('',(2.3,-1.299038105677,-0.75));
#13482 = B_SPLINE_CURVE_WITH_KNOTS('',3,(#13483,#13484,#13485,#13486,
    #13487),.UNSPECIFIED.,.F.,.F.,(4,1,4),(8.333333333333E-02,
    0.166666666667,0.25),.UNSPECIFIED.);
#13483 = CARTESIAN_POINT('',(2.3,-1.299038105677,-0.75));
#13484 = CARTESIAN_POINT('',(2.3,-1.052810267652,-1.176479125697));
#13485 = CARTESIAN_POINT('',(2.3,-1.477367028149,-2.558874754182));
#13486 = CARTESIAN_POINT('',(2.3,-0.49245567605,-1.5));
#13487 = CARTESIAN_POINT('',(2.3,1.252393951056E-15,-1.5));
#13488 = ORIENTED_EDGE('',*,*,#13489,.F.);
#13489 = EDGE_CURVE('',#13440,#13480,#13490,.T.);
#13490 = B_SPLINE_CURVE_WITH_KNOTS('',3,(#13491,#13492,#13493,#13494,
    #13495),.UNSPECIFIED.,.F.,.F.,(4,1,4),(0.916666666667,1.,
    1.083333333333),.UNSPECIFIED.);
#13491 = CARTESIAN_POINT('',(2.3,-1.299038105677,0.75));
#13492 = CARTESIAN_POINT('',(2.3,-1.545265943702,0.323520874303));
#13493 = CARTESIAN_POINT('',(2.3,-2.954734056298,1.287490079827E-14));
#13494 = CARTESIAN_POINT('',(2.3,-1.545265943702,-0.323520874303));
#13495 = CARTESIAN_POINT('',(2.3,-1.299038105677,-0.75));
#13496 = ORIENTED_EDGE('',*,*,#13497,.F.);
#13497 = EDGE_CURVE('',#12966,#13440,#13498,.T.);
#13498 = B_SPLINE_CURVE_WITH_KNOTS('',1,(#13499,#13500),.UNSPECIFIED.,
  .F.,.F.,(2,2),(6.616664156701E-03,1.),.PIECEWISE_BEZIER_KNOTS.);
#13499 = CARTESIAN_POINT('',(0.141896246393,-1.299038105677,0.75));
#13500 = CARTESIAN_POINT('',(2.3,-1.299038105677,0.75));
#13501 = ORIENTED_EDGE('',*,*,#13122,.T.);
#13502 = ORIENTED_EDGE('',*,*,#12963,.T.);
#13503 = ORIENTED_EDGE('',*,*,#13497,.T.);
#13504 = B_SPLINE_SURFACE_WITH_KNOTS('',3,1,(
    (#13505,#13506)
    ,(#13507,#13508)
    ,(#13509,#13510)
    ,(#13511,#13512)
    ,(#13513,#13514)
    ,(#13515,#13516)
    ,(#13517,#13518)
    ,(#13519,#13520)
    ,(#13521,#13522)
    ,(#13523,#13524)
    ,(#13525,#13526)
    ,(#13527,#13528)
    ,(#13529,#13530)
    ,(#13531,#13532)
    ,(#13533,#13534
    )),.UNSPECIFIED.,.T.,.F.,.F.,(1,3,1,1,1,1,1,1,1,1,1,1,1,3,1),(2,2),(
    -8.333333333333E-02,0.,8.333333333333E-02,0.166666666667,0.25,
    0.333333333333,0.416666666667,0.5,0.583333333333,0.666666666667,0.75
    ,0.833333333333,0.916666666667,1.,1.083333333333),(0.,1.),
  .UNSPECIFIED.);
#13505 = CARTESIAN_POINT('',(0.127521687008,-2.25,9.364796264844E-15));
#13506 = CARTESIAN_POINT('',(2.3,-2.25,9.364796264844E-15));
#13507 = CARTESIAN_POINT('',(0.127521687008,-2.25,-0.161760437152));
#13508 = CARTESIAN_POINT('',(2.3,-2.25,-0.161760437152));
#13509 = CARTESIAN_POINT('',(0.127521687008,-0.840531887403,
    -0.485281311455));
#13510 = CARTESIAN_POINT('',(2.3,-0.840531887403,-0.485281311455));
#13511 = CARTESIAN_POINT('',(0.127521687008,-1.477367028149,
    -2.558874754181));
#13512 = CARTESIAN_POINT('',(2.3,-1.477367028149,-2.558874754181));
#13513 = CARTESIAN_POINT('',(0.127521687008,4.434386885466E-15,
    -0.970562622909));
#13514 = CARTESIAN_POINT('',(2.3,4.434386885466E-15,-0.970562622909));
#13515 = CARTESIAN_POINT('',(0.127521687008,1.477367028149,
    -2.558874754182));
#13516 = CARTESIAN_POINT('',(2.3,1.477367028149,-2.558874754182));
#13517 = CARTESIAN_POINT('',(0.127521687008,0.840531887403,
    -0.485281311455));
#13518 = CARTESIAN_POINT('',(2.3,0.840531887403,-0.485281311455));
#13519 = CARTESIAN_POINT('',(0.127521687008,2.954734056298,
    1.338567469674E-14));
#13520 = CARTESIAN_POINT('',(2.3,2.954734056298,1.338567469674E-14));
#13521 = CARTESIAN_POINT('',(0.127521687008,0.840531887403,
    0.485281311455));
#13522 = CARTESIAN_POINT('',(2.3,0.840531887403,0.485281311455));
#13523 = CARTESIAN_POINT('',(0.127521687008,1.477367028149,
    2.558874754182));
#13524 = CARTESIAN_POINT('',(2.3,1.477367028149,2.558874754182));
#13525 = CARTESIAN_POINT('',(0.127521687008,2.604795719396E-15,
    0.970562622909));
#13526 = CARTESIAN_POINT('',(2.3,2.604795719396E-15,0.970562622909));
#13527 = CARTESIAN_POINT('',(0.127521687008,-1.477367028149,
    2.558874754182));
#13528 = CARTESIAN_POINT('',(2.3,-1.477367028149,2.558874754182));
#13529 = CARTESIAN_POINT('',(0.127521687008,-0.840531887403,
    0.485281311455));
#13530 = CARTESIAN_POINT('',(2.3,-0.840531887403,0.485281311455));
#13531 = CARTESIAN_POINT('',(0.127521687008,-2.25,0.161760437152));
#13532 = CARTESIAN_POINT('',(2.3,-2.25,0.161760437152));
#13533 = CARTESIAN_POINT('',(0.127521687008,-2.25,9.364796264844E-15));
#13534 = CARTESIAN_POINT('',(2.3,-2.25,9.364796264844E-15));
#13535 = ADVANCED_FACE('',(#13536),#13546,.F.);
#13536 = FACE_BOUND('',#13537,.T.);
#13537 = EDGE_LOOP('',(#13538,#13545));
#13538 = ORIENTED_EDGE('',*,*,#13539,.F.);
#13539 = EDGE_CURVE('',#13460,#13470,#13540,.T.);
#13540 = CIRCLE('',#13541,1.5);
#13541 = AXIS2_PLACEMENT_3D('',#13542,#13543,#13544);
#13542 = CARTESIAN_POINT('',(2.3,0.,0.));
#13543 = DIRECTION('',(-1.,0.,-0.));
#13544 = DIRECTION('',(-0.,0.,1.));
#13545 = ORIENTED_EDGE('',*,*,#13469,.F.);
#13546 = PLANE('',#13547);
#13547 = AXIS2_PLACEMENT_3D('',#13548,#13549,#13550);
#13548 = CARTESIAN_POINT('',(2.3,2.25,1.394977728838E-14));
#13549 = DIRECTION('',(1.,0.,-0.));
#13550 = DIRECTION('',(-0.,0.,-1.));
#13551 = ADVANCED_FACE('',(#13552),#13562,.F.);
#13552 = FACE_BOUND('',#13553,.T.);
#13553 = EDGE_LOOP('',(#13554,#13561));
#13554 = ORIENTED_EDGE('',*,*,#13555,.F.);
#13555 = EDGE_CURVE('',#13450,#13460,#13556,.T.);
#13556 = CIRCLE('',#13557,1.5);
#13557 = AXIS2_PLACEMENT_3D('',#13558,#13559,#13560);
#13558 = CARTESIAN_POINT('',(2.3,0.,0.));
#13559 = DIRECTION('',(-1.,0.,-0.));
#13560 = DIRECTION('',(-0.,0.,1.));
#13561 = ORIENTED_EDGE('',*,*,#13459,.F.);
#13562 = PLANE('',#13563);
#13563 = AXIS2_PLACEMENT_3D('',#13564,#13565,#13566);
#13564 = CARTESIAN_POINT('',(2.3,2.25,1.394977728838E-14));
#13565 = DIRECTION('',(1.,0.,-0.));
#13566 = DIRECTION('',(-0.,0.,-1.));
#13567 = ADVANCED_FACE('',(#13568),#13578,.F.);
#13568 = FACE_BOUND('',#13569,.T.);
#13569 = EDGE_LOOP('',(#13570,#13577));
#13570 = ORIENTED_EDGE('',*,*,#13571,.F.);
#13571 = EDGE_CURVE('',#13438,#13450,#13572,.T.);
#13572 = CIRCLE('',#13573,1.5);
#13573 = AXIS2_PLACEMENT_3D('',#13574,#13575,#13576);
#13574 = CARTESIAN_POINT('',(2.3,0.,0.));
#13575 = DIRECTION('',(-1.,0.,-0.));
#13576 = DIRECTION('',(-0.,0.,1.));
#13577 = ORIENTED_EDGE('',*,*,#13449,.F.);
#13578 = PLANE('',#13579);
#13579 = AXIS2_PLACEMENT_3D('',#13580,#13581,#13582);
#13580 = CARTESIAN_POINT('',(2.3,2.25,1.394977728838E-14));
#13581 = DIRECTION('',(1.,0.,-0.));
#13582 = DIRECTION('',(-0.,0.,-1.));
#13583 = ADVANCED_FACE('',(#13584),#13594,.F.);
#13584 = FACE_BOUND('',#13585,.T.);
#13585 = EDGE_LOOP('',(#13586,#13593));
#13586 = ORIENTED_EDGE('',*,*,#13587,.F.);
#13587 = EDGE_CURVE('',#13440,#13438,#13588,.T.);
#13588 = CIRCLE('',#13589,1.5);
#13589 = AXIS2_PLACEMENT_3D('',#13590,#13591,#13592);
#13590 = CARTESIAN_POINT('',(2.3,0.,0.));
#13591 = DIRECTION('',(-1.,0.,-0.));
#13592 = DIRECTION('',(-0.,0.,1.));
#13593 = ORIENTED_EDGE('',*,*,#13437,.F.);
#13594 = PLANE('',#13595);
#13595 = AXIS2_PLACEMENT_3D('',#13596,#13597,#13598);
#13596 = CARTESIAN_POINT('',(2.3,2.25,1.394977728838E-14));
#13597 = DIRECTION('',(1.,0.,-0.));
#13598 = DIRECTION('',(-0.,0.,-1.));
#13599 = ADVANCED_FACE('',(#13600),#13610,.F.);
#13600 = FACE_BOUND('',#13601,.T.);
#13601 = EDGE_LOOP('',(#13602,#13609));
#13602 = ORIENTED_EDGE('',*,*,#13603,.F.);
#13603 = EDGE_CURVE('',#13480,#13440,#13604,.T.);
#13604 = CIRCLE('',#13605,1.5);
#13605 = AXIS2_PLACEMENT_3D('',#13606,#13607,#13608);
#13606 = CARTESIAN_POINT('',(2.3,0.,0.));
#13607 = DIRECTION('',(-1.,0.,-0.));
#13608 = DIRECTION('',(-0.,0.,1.));
#13609 = ORIENTED_EDGE('',*,*,#13489,.F.);
#13610 = PLANE('',#13611);
#13611 = AXIS2_PLACEMENT_3D('',#13612,#13613,#13614);
#13612 = CARTESIAN_POINT('',(2.3,2.25,1.394977728838E-14));
#13613 = DIRECTION('',(1.,0.,-0.));
#13614 = DIRECTION('',(-0.,0.,-1.));
#13615 = ADVANCED_FACE('',(#13616),#13626,.F.);
#13616 = FACE_BOUND('',#13617,.T.);
#13617 = EDGE_LOOP('',(#13618,#13625));
#13618 = ORIENTED_EDGE('',*,*,#13619,.F.);
#13619 = EDGE_CURVE('',#13470,#13480,#13620,.T.);
#13620 = CIRCLE('',#13621,1.5);
#13621 = AXIS2_PLACEMENT_3D('',#13622,#13623,#13624);
#13622 = CARTESIAN_POINT('',(2.3,0.,0.));
#13623 = DIRECTION('',(-1.,0.,-0.));
#13624 = DIRECTION('',(-0.,0.,1.));
#13625 = ORIENTED_EDGE('',*,*,#13479,.F.);
#13626 = PLANE('',#13627);
#13627 = AXIS2_PLACEMENT_3D('',#13628,#13629,#13630);
#13628 = CARTESIAN_POINT('',(2.3,2.25,1.394977728838E-14));
#13629 = DIRECTION('',(1.,0.,-0.));
#13630 = DIRECTION('',(-0.,0.,-1.));
#13631 = ADVANCED_FACE('',(#13632),#13648,.F.);
#13632 = FACE_BOUND('',#13633,.F.);
#13633 = EDGE_LOOP('',(#13634,#13635,#13636,#13637,#13638,#13639,#13640,
    #13647));
#13634 = ORIENTED_EDGE('',*,*,#13587,.F.);
#13635 = ORIENTED_EDGE('',*,*,#13603,.F.);
#13636 = ORIENTED_EDGE('',*,*,#13619,.F.);
#13637 = ORIENTED_EDGE('',*,*,#13539,.F.);
#13638 = ORIENTED_EDGE('',*,*,#13555,.F.);
#13639 = ORIENTED_EDGE('',*,*,#13571,.F.);
#13640 = ORIENTED_EDGE('',*,*,#13641,.F.);
#13641 = EDGE_CURVE('',#13642,#13438,#13644,.T.);
#13642 = VERTEX_POINT('',#13643);
#13643 = CARTESIAN_POINT('',(2.787379544349,0.,0.));
#13644 = B_SPLINE_CURVE_WITH_KNOTS('',1,(#13645,#13646),.UNSPECIFIED.,
  .F.,.F.,(2,2),(-3.2360679775E+03,-3.234490784163E+03),
  .PIECEWISE_BEZIER_KNOTS.);
#13645 = CARTESIAN_POINT('',(2.787379544349,0.,0.));
#13646 = CARTESIAN_POINT('',(2.3,-3.673940397442E-16,1.5));
#13647 = ORIENTED_EDGE('',*,*,#13641,.T.);
#13648 = CONICAL_SURFACE('',#13649,3.077683537175E+03,1.256637061436);
#13649 = AXIS2_PLACEMENT_3D('',#13650,#13651,#13652);
#13650 = CARTESIAN_POINT('',(-997.2126204556,0.,0.));
#13651 = DIRECTION('',(-1.,-0.,-0.));
#13652 = DIRECTION('',(-0.,0.,1.));
#13653 = ADVANCED_FACE('',(#13654),#13665,.T.);
#13654 = FACE_BOUND('',#13655,.T.);
#13655 = EDGE_LOOP('',(#13656,#13657,#13662,#13663,#13664));
#13656 = ORIENTED_EDGE('',*,*,#13399,.F.);
#13657 = ORIENTED_EDGE('',*,*,#13658,.T.);
#13658 = EDGE_CURVE('',#13400,#13286,#13659,.T.);
#13659 = B_SPLINE_CURVE_WITH_KNOTS('',1,(#13660,#13661),.UNSPECIFIED.,
  .F.,.F.,(2,2),(-0.707106781187,0.),.PIECEWISE_BEZIER_KNOTS.);
#13660 = CARTESIAN_POINT('',(15.7,2.449293598295E-16,-2.));
#13661 = CARTESIAN_POINT('',(15.2,3.061616997868E-16,-2.5));
#13662 = ORIENTED_EDGE('',*,*,#13311,.F.);
#13663 = ORIENTED_EDGE('',*,*,#13285,.F.);
#13664 = ORIENTED_EDGE('',*,*,#13658,.F.);
#13665 = CONICAL_SURFACE('',#13666,2.5,0.785398163397);
#13666 = AXIS2_PLACEMENT_3D('',#13667,#13668,#13669);
#13667 = CARTESIAN_POINT('',(15.2,0.,0.));
#13668 = DIRECTION('',(-1.,-0.,-0.));
#13669 = DIRECTION('',(-0.,0.,1.));
#13670 = ( GEOMETRIC_REPRESENTATION_CONTEXT(3) 
GLOBAL_UNCERTAINTY_ASSIGNED_CONTEXT((#13674)) 
GLOBAL_UNIT_ASSIGNED_CONTEXT((#13671,#13672,#13673)) 
REPRESENTATION_CONTEXT('Context #1',
  '3D Context with UNIT and UNCERTAINTY') );
#13671 = ( LENGTH_UNIT() NAMED_UNIT(*) SI_UNIT(.MILLI.,.METRE.) );
#13672 = ( NAMED_UNIT(*) PLANE_ANGLE_UNIT() SI_UNIT($,.RADIAN.) );
#13673 = ( NAMED_UNIT(*) SI_UNIT($,.STERADIAN.) SOLID_ANGLE_UNIT() );
#13674 = UNCERTAINTY_MEASURE_WITH_UNIT(LENGTH_MEASURE(5.E-05),#13671,
  'distance_accuracy_value','confusion accuracy');
#13675 = CONTEXT_DEPENDENT_SHAPE_REPRESENTATION(#13676,#13678);
#13676 = ( REPRESENTATION_RELATIONSHIP('','',#12945,#10) 
REPRESENTATION_RELATIONSHIP_WITH_TRANSFORMATION(#13677) 
SHAPE_REPRESENTATION_RELATIONSHIP() );
#13677 = ITEM_DEFINED_TRANSFORMATION('','',#11,#19);
#13678 = PRODUCT_DEFINITION_SHAPE('Placement','Placement of an item',
  #13679);
#13679 = NEXT_ASSEMBLY_USAGE_OCCURRENCE('7','Solid2','',#5,#12940,$);
#13680 = PRODUCT_RELATED_PRODUCT_CATEGORY('part',$,(#12942));
#13681 = CONTEXT_DEPENDENT_SHAPE_REPRESENTATION(#13682,#13684);
#13682 = ( REPRESENTATION_RELATIONSHIP('','',#12945,#10) 
REPRESENTATION_RELATIONSHIP_WITH_TRANSFORMATION(#13683) 
SHAPE_REPRESENTATION_RELATIONSHIP() );
#13683 = ITEM_DEFINED_TRANSFORMATION('','',#11,#23);
#13684 = PRODUCT_DEFINITION_SHAPE('Placement','Placement of an item',
  #13685);
#13685 = NEXT_ASSEMBLY_USAGE_OCCURRENCE('8','Solid2','',#5,#12940,$);
#13686 = CONTEXT_DEPENDENT_SHAPE_REPRESENTATION(#13687,#13689);
#13687 = ( REPRESENTATION_RELATIONSHIP('','',#12945,#10) 
REPRESENTATION_RELATIONSHIP_WITH_TRANSFORMATION(#13688) 
SHAPE_REPRESENTATION_RELATIONSHIP() );
#13688 = ITEM_DEFINED_TRANSFORMATION('','',#11,#27);
#13689 = PRODUCT_DEFINITION_SHAPE('Placement','Placement of an item',
  #13690);
#13690 = NEXT_ASSEMBLY_USAGE_OCCURRENCE('9','Solid2','',#5,#12940,$);
#13691 = CONTEXT_DEPENDENT_SHAPE_REPRESENTATION(#13692,#13694);
#13692 = ( REPRESENTATION_RELATIONSHIP('','',#12945,#10) 
REPRESENTATION_RELATIONSHIP_WITH_TRANSFORMATION(#13693) 
SHAPE_REPRESENTATION_RELATIONSHIP() );
#13693 = ITEM_DEFINED_TRANSFORMATION('','',#11,#31);
#13694 = PRODUCT_DEFINITION_SHAPE('Placement','Placement of an item',
  #13695);
#13695 = NEXT_ASSEMBLY_USAGE_OCCURRENCE('10','Solid2','',#5,#12940,$);
ENDSEC;
END-ISO-10303-21;
