ISO-10303-21;
HEADER;
FILE_DESCRIPTION(('Open CASCADE Model'),'2;1');
FILE_NAME('Open CASCADE Shape Model','2025-02-21T13:29:29',('Author'),(
    'Open CASCADE'),'Open CASCADE STEP processor 7.8','Open CASCADE 7.8'
  ,'Unknown');
FILE_SCHEMA(('AUTOMOTIVE_DESIGN { 1 0 10303 214 1 1 1 1 }'));
ENDSEC;
DATA;
#1 = APPLICATION_PROTOCOL_DEFINITION('international standard',
  'automotive_design',2000,#2);
#2 = APPLICATION_CONTEXT(
  'core data for automotive mechanical design processes');
#3 = SHAPE_DEFINITION_REPRESENTATION(#4,#10);
#4 = PRODUCT_DEFINITION_SHAPE('','',#5);
#5 = PRODUCT_DEFINITION('design','',#6,#9);
#6 = PRODUCT_DEFINITION_FORMATION('','',#7);
#7 = PRODUCT('Compound1','Compound1','',(#8));
#8 = PRODUCT_CONTEXT('',#2,'mechanical');
#9 = PRODUCT_DEFINITION_CONTEXT('part definition',#2,'design');
#10 = SHAPE_REPRESENTATION('',(#11,#15,#19,#23),#27);
#11 = AXIS2_PLACEMENT_3D('',#12,#13,#14);
#12 = CARTESIAN_POINT('',(0.,0.,0.));
#13 = DIRECTION('',(0.,0.,1.));
#14 = DIRECTION('',(1.,0.,-0.));
#15 = AXIS2_PLACEMENT_3D('',#16,#17,#18);
#16 = CARTESIAN_POINT('',(-450.302081528,-17.,-9.208512268948E-13));
#17 = DIRECTION('',(1.,7.061332545124E-15,2.333956689864E-15));
#18 = DIRECTION('',(2.333956689864E-15,6.938893903907E-18,-1.));
#19 = AXIS2_PLACEMENT_3D('',#20,#21,#22);
#20 = CARTESIAN_POINT('',(-444.7999999999,-4.499999999996,162.521930009)
  );
#21 = DIRECTION('',(3.299614368586E-15,0.991954098878,-0.126598047848));
#22 = DIRECTION('',(-1.,3.834698516172E-15,3.982925100843E-15));
#23 = AXIS2_PLACEMENT_3D('',#24,#25,#26);
#24 = CARTESIAN_POINT('',(-444.7999999999,-4.500000000001,-162.521930009
    ));
#25 = DIRECTION('',(-6.69465520426E-15,0.991360582032,-0.131164768106));
#26 = DIRECTION('',(-1.,-7.06338456972E-15,-2.345948827118E-15));
#27 = ( GEOMETRIC_REPRESENTATION_CONTEXT(3) 
GLOBAL_UNCERTAINTY_ASSIGNED_CONTEXT((#31)) GLOBAL_UNIT_ASSIGNED_CONTEXT(
(#28,#29,#30)) REPRESENTATION_CONTEXT('Context #1',
  '3D Context with UNIT and UNCERTAINTY') );
#28 = ( LENGTH_UNIT() NAMED_UNIT(*) SI_UNIT(.MILLI.,.METRE.) );
#29 = ( NAMED_UNIT(*) PLANE_ANGLE_UNIT() SI_UNIT($,.RADIAN.) );
#30 = ( NAMED_UNIT(*) SI_UNIT($,.STERADIAN.) SOLID_ANGLE_UNIT() );
#31 = UNCERTAINTY_MEASURE_WITH_UNIT(LENGTH_MEASURE(2.E-06),#28,
  'distance_accuracy_value','confusion accuracy');
#32 = PRODUCT_RELATED_PRODUCT_CATEGORY('part',$,(#7));
#33 = SHAPE_DEFINITION_REPRESENTATION(#34,#40);
#34 = PRODUCT_DEFINITION_SHAPE('','',#35);
#35 = PRODUCT_DEFINITION('design','',#36,#39);
#36 = PRODUCT_DEFINITION_FORMATION('','',#37);
#37 = PRODUCT('Solid1','Solid1','',(#38));
#38 = PRODUCT_CONTEXT('',#2,'mechanical');
#39 = PRODUCT_DEFINITION_CONTEXT('part definition',#2,'design');
#40 = ADVANCED_BREP_SHAPE_REPRESENTATION('',(#11,#41),#13991);
#41 = MANIFOLD_SOLID_BREP('',#42);
#42 = CLOSED_SHELL('',(#43,#1829,#3615,#3637,#3659,#3699,#3739,#3779,
    #3824,#3869,#3909,#3949,#3989,#4034,#4079,#4239,#4415,#4437,#4459,
    #4619,#4795,#4817,#4839,#4872,#4905,#4936,#4967,#4993,#5019,#5038,
    #5057,#5074,#5091,#5113,#5130,#5142,#5159,#5171,#5187,#5203,#5226,
    #5249,#5266,#5283,#5295,#5335,#5382,#5413,#5437,#5470,#5501,#5548,
    #5579,#5603,#5619,#5643,#5659,#5683,#5707,#5719,#5733,#5766,#5799,
    #5830,#5861,#5887,#5913,#5927,#5941,#5963,#5980,#5992,#6009,#6021,
    #6037,#6053,#6076,#6093,#6110,#6127,#6145,#6185,#6232,#6263,#6287,
    #6320,#6351,#6398,#6429,#6453,#6469,#6493,#6509,#6533,#6557,#6569,
    #6583,#6595,#6607,#6619,#6631,#6664,#6697,#6728,#6759,#7262,#7765,
    #7777,#7810,#7843,#7874,#7905,#8408,#9001,#9013,#9035,#9052,#9069,
    #9086,#9103,#9120,#9137,#9154,#9171,#9188,#9205,#9222,#9239,#9256,
    #9273,#9285,#9307,#9324,#9341,#9353,#9375,#9392,#9409,#9421,#9443,
    #9460,#9477,#9494,#9511,#9528,#9545,#9562,#9579,#9596,#9613,#9630,
    #9647,#9664,#9681,#9693,#9715,#9732,#9749,#9766,#9783,#9800,#9817,
    #9834,#9851,#9868,#9885,#9902,#9919,#9936,#9953,#9965,#9987,#10004,
    #10021,#10038,#10055,#10072,#10089,#10106,#10123,#10140,#10157,
    #10174,#10191,#10208,#10225,#10237,#10259,#10276,#10293,#10310,
    #10327,#10344,#10361,#10378,#10395,#10412,#10429,#10446,#10463,
    #10480,#10497,#10509,#10531,#10548,#10565,#10582,#10599,#10616,
    #10633,#10650,#10667,#10684,#10701,#10718,#10735,#10752,#10769,
    #10781,#10803,#10820,#10837,#10854,#10871,#10888,#10905,#10922,
    #10939,#10956,#10973,#10990,#11007,#11024,#11041,#11053,#11075,
    #11092,#11109,#11126,#11143,#11160,#11177,#11194,#11211,#11228,
    #11245,#11262,#11279,#11296,#11313,#11325,#11347,#11364,#11381,
    #11398,#11415,#11432,#11449,#11466,#11483,#11500,#11517,#11534,
    #11551,#11568,#11585,#11597,#11619,#11636,#11653,#11670,#11687,
    #11704,#11721,#11738,#11755,#11772,#11789,#11806,#11823,#11840,
    #11857,#11869,#11891,#11908,#11925,#11942,#11959,#11976,#11993,
    #12010,#12027,#12044,#12061,#12078,#12095,#12112,#12129,#12141,
    #12163,#12180,#12197,#12209,#12231,#12248,#12265,#12277,#12299,
    #12316,#12333,#12345,#12367,#12384,#12401,#12413,#12435,#12452,
    #12469,#12481,#12503,#12520,#12537,#12549,#12571,#12588,#12605,
    #12617,#12639,#12656,#12673,#12685,#12707,#12724,#12741,#12753,
    #12775,#12792,#12809,#12821,#12843,#12860,#12877,#12889,#12911,
    #12928,#12945,#12957,#12979,#12996,#13013,#13025,#13047,#13064,
    #13081,#13093,#13115,#13132,#13149,#13161,#13183,#13200,#13217,
    #13229,#13251,#13268,#13285,#13297,#13319,#13336,#13353,#13365,
    #13387,#13404,#13421,#13433,#13455,#13472,#13489,#13501,#13517,
    #13534,#13550,#13566,#13582,#13598,#13614,#13630,#13646,#13662,
    #13678,#13694,#13711,#13727,#13744,#13761,#13778,#13795,#13812,
    #13829,#13846,#13863,#13879,#13895,#13911,#13927,#13943,#13959,
    #13975));
#43 = ADVANCED_FACE('',(#44,#55,#66,#77,#88,#99,#110,#121,#132,#143,#154
    ,#294,#434,#574,#714,#854,#994,#1134,#1274,#1414,#1554,#1694),#1824,
  .T.);
#44 = FACE_BOUND('',#45,.T.);
#45 = EDGE_LOOP('',(#46));
#46 = ORIENTED_EDGE('',*,*,#47,.T.);
#47 = EDGE_CURVE('',#48,#48,#50,.T.);
#48 = VERTEX_POINT('',#49);
#49 = CARTESIAN_POINT('',(-60.4,2.386836611538E-14,-1.5));
#50 = CIRCLE('',#51,2.1);
#51 = AXIS2_PLACEMENT_3D('',#52,#53,#54);
#52 = CARTESIAN_POINT('',(-62.5,2.386836611538E-14,-1.5));
#53 = DIRECTION('',(0.,0.,1.));
#54 = DIRECTION('',(1.,0.,-0.));
#55 = FACE_BOUND('',#56,.T.);
#56 = EDGE_LOOP('',(#57));
#57 = ORIENTED_EDGE('',*,*,#58,.T.);
#58 = EDGE_CURVE('',#59,#59,#61,.T.);
#59 = VERTEX_POINT('',#60);
#60 = CARTESIAN_POINT('',(-35.4,2.386836611538E-14,-1.5));
#61 = CIRCLE('',#62,2.1);
#62 = AXIS2_PLACEMENT_3D('',#63,#64,#65);
#63 = CARTESIAN_POINT('',(-37.5,2.386836611538E-14,-1.5));
#64 = DIRECTION('',(0.,0.,1.));
#65 = DIRECTION('',(1.,0.,-0.));
#66 = FACE_BOUND('',#67,.T.);
#67 = EDGE_LOOP('',(#68));
#68 = ORIENTED_EDGE('',*,*,#69,.T.);
#69 = EDGE_CURVE('',#70,#70,#72,.T.);
#70 = VERTEX_POINT('',#71);
#71 = CARTESIAN_POINT('',(-10.4,2.386836611538E-14,-1.5));
#72 = CIRCLE('',#73,2.1);
#73 = AXIS2_PLACEMENT_3D('',#74,#75,#76);
#74 = CARTESIAN_POINT('',(-12.5,2.386836611538E-14,-1.5));
#75 = DIRECTION('',(0.,0.,1.));
#76 = DIRECTION('',(1.,0.,-0.));
#77 = FACE_BOUND('',#78,.T.);
#78 = EDGE_LOOP('',(#79));
#79 = ORIENTED_EDGE('',*,*,#80,.T.);
#80 = EDGE_CURVE('',#81,#81,#83,.T.);
#81 = VERTEX_POINT('',#82);
#82 = CARTESIAN_POINT('',(14.6,2.386836611538E-14,-1.5));
#83 = CIRCLE('',#84,2.1);
#84 = AXIS2_PLACEMENT_3D('',#85,#86,#87);
#85 = CARTESIAN_POINT('',(12.5,2.386836611538E-14,-1.5));
#86 = DIRECTION('',(0.,0.,1.));
#87 = DIRECTION('',(1.,0.,-0.));
#88 = FACE_BOUND('',#89,.T.);
#89 = EDGE_LOOP('',(#90));
#90 = ORIENTED_EDGE('',*,*,#91,.T.);
#91 = EDGE_CURVE('',#92,#92,#94,.T.);
#92 = VERTEX_POINT('',#93);
#93 = CARTESIAN_POINT('',(39.6,2.386836611538E-14,-1.5));
#94 = CIRCLE('',#95,2.1);
#95 = AXIS2_PLACEMENT_3D('',#96,#97,#98);
#96 = CARTESIAN_POINT('',(37.5,2.386836611538E-14,-1.5));
#97 = DIRECTION('',(0.,0.,1.));
#98 = DIRECTION('',(1.,0.,-0.));
#99 = FACE_BOUND('',#100,.T.);
#100 = EDGE_LOOP('',(#101));
#101 = ORIENTED_EDGE('',*,*,#102,.T.);
#102 = EDGE_CURVE('',#103,#103,#105,.T.);
#103 = VERTEX_POINT('',#104);
#104 = CARTESIAN_POINT('',(64.6,2.386836611538E-14,-1.5));
#105 = CIRCLE('',#106,2.1);
#106 = AXIS2_PLACEMENT_3D('',#107,#108,#109);
#107 = CARTESIAN_POINT('',(62.5,2.386836611538E-14,-1.5));
#108 = DIRECTION('',(0.,0.,1.));
#109 = DIRECTION('',(1.,0.,-0.));
#110 = FACE_BOUND('',#111,.T.);
#111 = EDGE_LOOP('',(#112));
#112 = ORIENTED_EDGE('',*,*,#113,.T.);
#113 = EDGE_CURVE('',#114,#114,#116,.T.);
#114 = VERTEX_POINT('',#115);
#115 = CARTESIAN_POINT('',(89.6,2.386836611538E-14,-1.5));
#116 = CIRCLE('',#117,2.1);
#117 = AXIS2_PLACEMENT_3D('',#118,#119,#120);
#118 = CARTESIAN_POINT('',(87.5,2.386836611538E-14,-1.5));
#119 = DIRECTION('',(0.,0.,1.));
#120 = DIRECTION('',(1.,0.,-0.));
#121 = FACE_BOUND('',#122,.T.);
#122 = EDGE_LOOP('',(#123));
#123 = ORIENTED_EDGE('',*,*,#124,.T.);
#124 = EDGE_CURVE('',#125,#125,#127,.T.);
#125 = VERTEX_POINT('',#126);
#126 = CARTESIAN_POINT('',(114.6,2.386836611538E-14,-1.5));
#127 = CIRCLE('',#128,2.1);
#128 = AXIS2_PLACEMENT_3D('',#129,#130,#131);
#129 = CARTESIAN_POINT('',(112.5,2.386836611538E-14,-1.5));
#130 = DIRECTION('',(0.,0.,1.));
#131 = DIRECTION('',(1.,0.,-0.));
#132 = FACE_BOUND('',#133,.T.);
#133 = EDGE_LOOP('',(#134));
#134 = ORIENTED_EDGE('',*,*,#135,.T.);
#135 = EDGE_CURVE('',#136,#136,#138,.T.);
#136 = VERTEX_POINT('',#137);
#137 = CARTESIAN_POINT('',(-85.4,2.386836611538E-14,-1.5));
#138 = CIRCLE('',#139,2.1);
#139 = AXIS2_PLACEMENT_3D('',#140,#141,#142);
#140 = CARTESIAN_POINT('',(-87.5,2.386836611538E-14,-1.5));
#141 = DIRECTION('',(0.,0.,1.));
#142 = DIRECTION('',(1.,0.,-0.));
#143 = FACE_BOUND('',#144,.T.);
#144 = EDGE_LOOP('',(#145));
#145 = ORIENTED_EDGE('',*,*,#146,.T.);
#146 = EDGE_CURVE('',#147,#147,#149,.T.);
#147 = VERTEX_POINT('',#148);
#148 = CARTESIAN_POINT('',(-110.4,2.386836611538E-14,-1.5));
#149 = CIRCLE('',#150,2.1);
#150 = AXIS2_PLACEMENT_3D('',#151,#152,#153);
#151 = CARTESIAN_POINT('',(-112.5,2.386836611538E-14,-1.5));
#152 = DIRECTION('',(0.,0.,1.));
#153 = DIRECTION('',(1.,0.,-0.));
#154 = FACE_BOUND('',#155,.T.);
#155 = EDGE_LOOP('',(#156,#167,#176,#185,#193,#202,#210,#219,#227,#236,
    #245,#254,#262,#271,#279,#288));
#156 = ORIENTED_EDGE('',*,*,#157,.T.);
#157 = EDGE_CURVE('',#158,#160,#162,.T.);
#158 = VERTEX_POINT('',#159);
#159 = CARTESIAN_POINT('',(-69.97779928716,2.3,-1.5));
#160 = VERTEX_POINT('',#161);
#161 = CARTESIAN_POINT('',(-70.41451239262,2.55652173913,-1.5));
#162 = CIRCLE('',#163,0.5);
#163 = AXIS2_PLACEMENT_3D('',#164,#165,#166);
#164 = CARTESIAN_POINT('',(-69.97779928716,2.8,-1.5));
#165 = DIRECTION('',(0.,0.,-1.));
#166 = DIRECTION('',(1.,0.,0.));
#167 = ORIENTED_EDGE('',*,*,#168,.T.);
#168 = EDGE_CURVE('',#160,#169,#171,.T.);
#169 = VERTEX_POINT('',#170);
#170 = CARTESIAN_POINT('',(-79.58548760737,2.55652173913,-1.5));
#171 = CIRCLE('',#172,5.25);
#172 = AXIS2_PLACEMENT_3D('',#173,#174,#175);
#173 = CARTESIAN_POINT('',(-75.,-1.561251128379E-14,-1.5));
#174 = DIRECTION('',(0.,0.,1.));
#175 = DIRECTION('',(1.,0.,-0.));
#176 = ORIENTED_EDGE('',*,*,#177,.T.);
#177 = EDGE_CURVE('',#169,#178,#180,.T.);
#178 = VERTEX_POINT('',#179);
#179 = CARTESIAN_POINT('',(-80.02220071283,2.3,-1.5));
#180 = CIRCLE('',#181,0.5);
#181 = AXIS2_PLACEMENT_3D('',#182,#183,#184);
#182 = CARTESIAN_POINT('',(-80.02220071283,2.8,-1.5));
#183 = DIRECTION('',(0.,0.,-1.));
#184 = DIRECTION('',(-1.,0.,0.));
#185 = ORIENTED_EDGE('',*,*,#186,.T.);
#186 = EDGE_CURVE('',#178,#187,#189,.T.);
#187 = VERTEX_POINT('',#188);
#188 = CARTESIAN_POINT('',(-81.9,2.3,-1.5));
#189 = LINE('',#190,#191);
#190 = CARTESIAN_POINT('',(-81.9,2.3,-1.5));
#191 = VECTOR('',#192,1.);
#192 = DIRECTION('',(-1.,-9.238066537962E-16,-0.));
#193 = ORIENTED_EDGE('',*,*,#194,.T.);
#194 = EDGE_CURVE('',#187,#195,#197,.T.);
#195 = VERTEX_POINT('',#196);
#196 = CARTESIAN_POINT('',(-82.4,1.8,-1.5));
#197 = CIRCLE('',#198,0.5);
#198 = AXIS2_PLACEMENT_3D('',#199,#200,#201);
#199 = CARTESIAN_POINT('',(-81.9,1.8,-1.5));
#200 = DIRECTION('',(0.,0.,1.));
#201 = DIRECTION('',(1.,0.,-0.));
#202 = ORIENTED_EDGE('',*,*,#203,.T.);
#203 = EDGE_CURVE('',#195,#204,#206,.T.);
#204 = VERTEX_POINT('',#205);
#205 = CARTESIAN_POINT('',(-82.4,-1.8,-1.5));
#206 = LINE('',#207,#208);
#207 = CARTESIAN_POINT('',(-82.4,-1.8,-1.5));
#208 = VECTOR('',#209,1.);
#209 = DIRECTION('',(-0.,-1.,-0.));
#210 = ORIENTED_EDGE('',*,*,#211,.T.);
#211 = EDGE_CURVE('',#204,#212,#214,.T.);
#212 = VERTEX_POINT('',#213);
#213 = CARTESIAN_POINT('',(-81.9,-2.3,-1.5));
#214 = CIRCLE('',#215,0.5);
#215 = AXIS2_PLACEMENT_3D('',#216,#217,#218);
#216 = CARTESIAN_POINT('',(-81.9,-1.8,-1.5));
#217 = DIRECTION('',(0.,0.,1.));
#218 = DIRECTION('',(1.,0.,-0.));
#219 = ORIENTED_EDGE('',*,*,#220,.T.);
#220 = EDGE_CURVE('',#212,#221,#223,.T.);
#221 = VERTEX_POINT('',#222);
#222 = CARTESIAN_POINT('',(-80.02220071283,-2.3,-1.5));
#223 = LINE('',#224,#225);
#224 = CARTESIAN_POINT('',(-80.02220071283,-2.3,-1.5));
#225 = VECTOR('',#226,1.);
#226 = DIRECTION('',(1.,7.39045323037E-15,-0.));
#227 = ORIENTED_EDGE('',*,*,#228,.T.);
#228 = EDGE_CURVE('',#221,#229,#231,.T.);
#229 = VERTEX_POINT('',#230);
#230 = CARTESIAN_POINT('',(-79.58548760737,-2.55652173913,-1.5));
#231 = CIRCLE('',#232,0.5);
#232 = AXIS2_PLACEMENT_3D('',#233,#234,#235);
#233 = CARTESIAN_POINT('',(-80.02220071283,-2.8,-1.5));
#234 = DIRECTION('',(0.,0.,-1.));
#235 = DIRECTION('',(1.,0.,0.));
#236 = ORIENTED_EDGE('',*,*,#237,.T.);
#237 = EDGE_CURVE('',#229,#238,#240,.T.);
#238 = VERTEX_POINT('',#239);
#239 = CARTESIAN_POINT('',(-70.41451239262,-2.55652173913,-1.5));
#240 = CIRCLE('',#241,5.25);
#241 = AXIS2_PLACEMENT_3D('',#242,#243,#244);
#242 = CARTESIAN_POINT('',(-75.,-1.561251128379E-14,-1.5));
#243 = DIRECTION('',(0.,0.,1.));
#244 = DIRECTION('',(1.,0.,-0.));
#245 = ORIENTED_EDGE('',*,*,#246,.T.);
#246 = EDGE_CURVE('',#238,#247,#249,.T.);
#247 = VERTEX_POINT('',#248);
#248 = CARTESIAN_POINT('',(-69.97779928716,-2.3,-1.5));
#249 = CIRCLE('',#250,0.5);
#250 = AXIS2_PLACEMENT_3D('',#251,#252,#253);
#251 = CARTESIAN_POINT('',(-69.97779928716,-2.8,-1.5));
#252 = DIRECTION('',(0.,0.,-1.));
#253 = DIRECTION('',(1.,0.,0.));
#254 = ORIENTED_EDGE('',*,*,#255,.T.);
#255 = EDGE_CURVE('',#247,#256,#258,.T.);
#256 = VERTEX_POINT('',#257);
#257 = CARTESIAN_POINT('',(-68.1,-2.3,-1.5));
#258 = LINE('',#259,#260);
#259 = CARTESIAN_POINT('',(-69.97779928716,-2.3,-1.5));
#260 = VECTOR('',#261,1.);
#261 = DIRECTION('',(1.,0.,0.));
#262 = ORIENTED_EDGE('',*,*,#263,.T.);
#263 = EDGE_CURVE('',#256,#264,#266,.T.);
#264 = VERTEX_POINT('',#265);
#265 = CARTESIAN_POINT('',(-67.6,-1.8,-1.5));
#266 = CIRCLE('',#267,0.5);
#267 = AXIS2_PLACEMENT_3D('',#268,#269,#270);
#268 = CARTESIAN_POINT('',(-68.1,-1.8,-1.5));
#269 = DIRECTION('',(0.,-0.,1.));
#270 = DIRECTION('',(-1.,0.,0.));
#271 = ORIENTED_EDGE('',*,*,#272,.T.);
#272 = EDGE_CURVE('',#264,#273,#275,.T.);
#273 = VERTEX_POINT('',#274);
#274 = CARTESIAN_POINT('',(-67.6,1.8,-1.5));
#275 = LINE('',#276,#277);
#276 = CARTESIAN_POINT('',(-67.6,-1.8,-1.5));
#277 = VECTOR('',#278,1.);
#278 = DIRECTION('',(0.,1.,0.));
#279 = ORIENTED_EDGE('',*,*,#280,.T.);
#280 = EDGE_CURVE('',#273,#281,#283,.T.);
#281 = VERTEX_POINT('',#282);
#282 = CARTESIAN_POINT('',(-68.1,2.3,-1.5));
#283 = CIRCLE('',#284,0.5);
#284 = AXIS2_PLACEMENT_3D('',#285,#286,#287);
#285 = CARTESIAN_POINT('',(-68.1,1.8,-1.5));
#286 = DIRECTION('',(0.,-0.,1.));
#287 = DIRECTION('',(-1.,0.,0.));
#288 = ORIENTED_EDGE('',*,*,#289,.T.);
#289 = EDGE_CURVE('',#281,#158,#290,.T.);
#290 = LINE('',#291,#292);
#291 = CARTESIAN_POINT('',(-69.97779928716,2.3,-1.5));
#292 = VECTOR('',#293,1.);
#293 = DIRECTION('',(-1.,-6.466646576573E-15,-0.));
#294 = FACE_BOUND('',#295,.T.);
#295 = EDGE_LOOP('',(#296,#307,#316,#325,#333,#342,#350,#359,#367,#376,
    #385,#394,#402,#411,#419,#428));
#296 = ORIENTED_EDGE('',*,*,#297,.T.);
#297 = EDGE_CURVE('',#298,#300,#302,.T.);
#298 = VERTEX_POINT('',#299);
#299 = CARTESIAN_POINT('',(-44.97779928716,2.3,-1.5));
#300 = VERTEX_POINT('',#301);
#301 = CARTESIAN_POINT('',(-45.41451239262,2.55652173913,-1.5));
#302 = CIRCLE('',#303,0.5);
#303 = AXIS2_PLACEMENT_3D('',#304,#305,#306);
#304 = CARTESIAN_POINT('',(-44.97779928716,2.8,-1.5));
#305 = DIRECTION('',(0.,0.,-1.));
#306 = DIRECTION('',(1.,0.,0.));
#307 = ORIENTED_EDGE('',*,*,#308,.T.);
#308 = EDGE_CURVE('',#300,#309,#311,.T.);
#309 = VERTEX_POINT('',#310);
#310 = CARTESIAN_POINT('',(-54.58548760737,2.55652173913,-1.5));
#311 = CIRCLE('',#312,5.25);
#312 = AXIS2_PLACEMENT_3D('',#313,#314,#315);
#313 = CARTESIAN_POINT('',(-50.,-1.561251128379E-14,-1.5));
#314 = DIRECTION('',(0.,0.,1.));
#315 = DIRECTION('',(1.,0.,-0.));
#316 = ORIENTED_EDGE('',*,*,#317,.T.);
#317 = EDGE_CURVE('',#309,#318,#320,.T.);
#318 = VERTEX_POINT('',#319);
#319 = CARTESIAN_POINT('',(-55.02220071283,2.3,-1.5));
#320 = CIRCLE('',#321,0.5);
#321 = AXIS2_PLACEMENT_3D('',#322,#323,#324);
#322 = CARTESIAN_POINT('',(-55.02220071283,2.8,-1.5));
#323 = DIRECTION('',(0.,0.,-1.));
#324 = DIRECTION('',(-1.,0.,0.));
#325 = ORIENTED_EDGE('',*,*,#326,.T.);
#326 = EDGE_CURVE('',#318,#327,#329,.T.);
#327 = VERTEX_POINT('',#328);
#328 = CARTESIAN_POINT('',(-56.9,2.3,-1.5));
#329 = LINE('',#330,#331);
#330 = CARTESIAN_POINT('',(-56.9,2.3,-1.5));
#331 = VECTOR('',#332,1.);
#332 = DIRECTION('',(-1.,-9.238066537962E-16,-0.));
#333 = ORIENTED_EDGE('',*,*,#334,.T.);
#334 = EDGE_CURVE('',#327,#335,#337,.T.);
#335 = VERTEX_POINT('',#336);
#336 = CARTESIAN_POINT('',(-57.4,1.8,-1.5));
#337 = CIRCLE('',#338,0.5);
#338 = AXIS2_PLACEMENT_3D('',#339,#340,#341);
#339 = CARTESIAN_POINT('',(-56.9,1.8,-1.5));
#340 = DIRECTION('',(0.,0.,1.));
#341 = DIRECTION('',(1.,0.,-0.));
#342 = ORIENTED_EDGE('',*,*,#343,.T.);
#343 = EDGE_CURVE('',#335,#344,#346,.T.);
#344 = VERTEX_POINT('',#345);
#345 = CARTESIAN_POINT('',(-57.4,-1.8,-1.5));
#346 = LINE('',#347,#348);
#347 = CARTESIAN_POINT('',(-57.4,-1.8,-1.5));
#348 = VECTOR('',#349,1.);
#349 = DIRECTION('',(-0.,-1.,-0.));
#350 = ORIENTED_EDGE('',*,*,#351,.T.);
#351 = EDGE_CURVE('',#344,#352,#354,.T.);
#352 = VERTEX_POINT('',#353);
#353 = CARTESIAN_POINT('',(-56.9,-2.3,-1.5));
#354 = CIRCLE('',#355,0.5);
#355 = AXIS2_PLACEMENT_3D('',#356,#357,#358);
#356 = CARTESIAN_POINT('',(-56.9,-1.8,-1.5));
#357 = DIRECTION('',(0.,0.,1.));
#358 = DIRECTION('',(1.,0.,-0.));
#359 = ORIENTED_EDGE('',*,*,#360,.T.);
#360 = EDGE_CURVE('',#352,#361,#363,.T.);
#361 = VERTEX_POINT('',#362);
#362 = CARTESIAN_POINT('',(-55.02220071283,-2.3,-1.5));
#363 = LINE('',#364,#365);
#364 = CARTESIAN_POINT('',(-55.02220071283,-2.3,-1.5));
#365 = VECTOR('',#366,1.);
#366 = DIRECTION('',(1.,7.39045323037E-15,-0.));
#367 = ORIENTED_EDGE('',*,*,#368,.T.);
#368 = EDGE_CURVE('',#361,#369,#371,.T.);
#369 = VERTEX_POINT('',#370);
#370 = CARTESIAN_POINT('',(-54.58548760737,-2.55652173913,-1.5));
#371 = CIRCLE('',#372,0.5);
#372 = AXIS2_PLACEMENT_3D('',#373,#374,#375);
#373 = CARTESIAN_POINT('',(-55.02220071283,-2.8,-1.5));
#374 = DIRECTION('',(0.,0.,-1.));
#375 = DIRECTION('',(1.,0.,0.));
#376 = ORIENTED_EDGE('',*,*,#377,.T.);
#377 = EDGE_CURVE('',#369,#378,#380,.T.);
#378 = VERTEX_POINT('',#379);
#379 = CARTESIAN_POINT('',(-45.41451239262,-2.55652173913,-1.5));
#380 = CIRCLE('',#381,5.25);
#381 = AXIS2_PLACEMENT_3D('',#382,#383,#384);
#382 = CARTESIAN_POINT('',(-50.,-1.561251128379E-14,-1.5));
#383 = DIRECTION('',(0.,0.,1.));
#384 = DIRECTION('',(1.,0.,-0.));
#385 = ORIENTED_EDGE('',*,*,#386,.T.);
#386 = EDGE_CURVE('',#378,#387,#389,.T.);
#387 = VERTEX_POINT('',#388);
#388 = CARTESIAN_POINT('',(-44.97779928716,-2.3,-1.5));
#389 = CIRCLE('',#390,0.5);
#390 = AXIS2_PLACEMENT_3D('',#391,#392,#393);
#391 = CARTESIAN_POINT('',(-44.97779928716,-2.8,-1.5));
#392 = DIRECTION('',(0.,0.,-1.));
#393 = DIRECTION('',(1.,0.,0.));
#394 = ORIENTED_EDGE('',*,*,#395,.T.);
#395 = EDGE_CURVE('',#387,#396,#398,.T.);
#396 = VERTEX_POINT('',#397);
#397 = CARTESIAN_POINT('',(-43.1,-2.3,-1.5));
#398 = LINE('',#399,#400);
#399 = CARTESIAN_POINT('',(-44.97779928716,-2.3,-1.5));
#400 = VECTOR('',#401,1.);
#401 = DIRECTION('',(1.,0.,0.));
#402 = ORIENTED_EDGE('',*,*,#403,.T.);
#403 = EDGE_CURVE('',#396,#404,#406,.T.);
#404 = VERTEX_POINT('',#405);
#405 = CARTESIAN_POINT('',(-42.6,-1.8,-1.5));
#406 = CIRCLE('',#407,0.5);
#407 = AXIS2_PLACEMENT_3D('',#408,#409,#410);
#408 = CARTESIAN_POINT('',(-43.1,-1.8,-1.5));
#409 = DIRECTION('',(0.,-0.,1.));
#410 = DIRECTION('',(-1.,0.,0.));
#411 = ORIENTED_EDGE('',*,*,#412,.T.);
#412 = EDGE_CURVE('',#404,#413,#415,.T.);
#413 = VERTEX_POINT('',#414);
#414 = CARTESIAN_POINT('',(-42.6,1.8,-1.5));
#415 = LINE('',#416,#417);
#416 = CARTESIAN_POINT('',(-42.6,-1.8,-1.5));
#417 = VECTOR('',#418,1.);
#418 = DIRECTION('',(0.,1.,0.));
#419 = ORIENTED_EDGE('',*,*,#420,.T.);
#420 = EDGE_CURVE('',#413,#421,#423,.T.);
#421 = VERTEX_POINT('',#422);
#422 = CARTESIAN_POINT('',(-43.1,2.3,-1.5));
#423 = CIRCLE('',#424,0.5);
#424 = AXIS2_PLACEMENT_3D('',#425,#426,#427);
#425 = CARTESIAN_POINT('',(-43.1,1.8,-1.5));
#426 = DIRECTION('',(0.,-0.,1.));
#427 = DIRECTION('',(-1.,0.,0.));
#428 = ORIENTED_EDGE('',*,*,#429,.T.);
#429 = EDGE_CURVE('',#421,#298,#430,.T.);
#430 = LINE('',#431,#432);
#431 = CARTESIAN_POINT('',(-44.97779928716,2.3,-1.5));
#432 = VECTOR('',#433,1.);
#433 = DIRECTION('',(-1.,-6.466646576573E-15,-0.));
#434 = FACE_BOUND('',#435,.T.);
#435 = EDGE_LOOP('',(#436,#447,#456,#465,#473,#482,#490,#499,#507,#516,
    #525,#534,#542,#551,#559,#568));
#436 = ORIENTED_EDGE('',*,*,#437,.T.);
#437 = EDGE_CURVE('',#438,#440,#442,.T.);
#438 = VERTEX_POINT('',#439);
#439 = CARTESIAN_POINT('',(-19.97779928716,2.3,-1.5));
#440 = VERTEX_POINT('',#441);
#441 = CARTESIAN_POINT('',(-20.41451239262,2.55652173913,-1.5));
#442 = CIRCLE('',#443,0.5);
#443 = AXIS2_PLACEMENT_3D('',#444,#445,#446);
#444 = CARTESIAN_POINT('',(-19.97779928716,2.8,-1.5));
#445 = DIRECTION('',(0.,0.,-1.));
#446 = DIRECTION('',(1.,0.,0.));
#447 = ORIENTED_EDGE('',*,*,#448,.T.);
#448 = EDGE_CURVE('',#440,#449,#451,.T.);
#449 = VERTEX_POINT('',#450);
#450 = CARTESIAN_POINT('',(-29.58548760737,2.55652173913,-1.5));
#451 = CIRCLE('',#452,5.25);
#452 = AXIS2_PLACEMENT_3D('',#453,#454,#455);
#453 = CARTESIAN_POINT('',(-25.,-1.561251128379E-14,-1.5));
#454 = DIRECTION('',(0.,0.,1.));
#455 = DIRECTION('',(1.,0.,-0.));
#456 = ORIENTED_EDGE('',*,*,#457,.T.);
#457 = EDGE_CURVE('',#449,#458,#460,.T.);
#458 = VERTEX_POINT('',#459);
#459 = CARTESIAN_POINT('',(-30.02220071283,2.3,-1.5));
#460 = CIRCLE('',#461,0.5);
#461 = AXIS2_PLACEMENT_3D('',#462,#463,#464);
#462 = CARTESIAN_POINT('',(-30.02220071283,2.8,-1.5));
#463 = DIRECTION('',(0.,0.,-1.));
#464 = DIRECTION('',(-1.,0.,0.));
#465 = ORIENTED_EDGE('',*,*,#466,.T.);
#466 = EDGE_CURVE('',#458,#467,#469,.T.);
#467 = VERTEX_POINT('',#468);
#468 = CARTESIAN_POINT('',(-31.9,2.3,-1.5));
#469 = LINE('',#470,#471);
#470 = CARTESIAN_POINT('',(-31.9,2.3,-1.5));
#471 = VECTOR('',#472,1.);
#472 = DIRECTION('',(-1.,-9.238066537962E-16,-0.));
#473 = ORIENTED_EDGE('',*,*,#474,.T.);
#474 = EDGE_CURVE('',#467,#475,#477,.T.);
#475 = VERTEX_POINT('',#476);
#476 = CARTESIAN_POINT('',(-32.4,1.8,-1.5));
#477 = CIRCLE('',#478,0.5);
#478 = AXIS2_PLACEMENT_3D('',#479,#480,#481);
#479 = CARTESIAN_POINT('',(-31.9,1.8,-1.5));
#480 = DIRECTION('',(0.,0.,1.));
#481 = DIRECTION('',(1.,0.,-0.));
#482 = ORIENTED_EDGE('',*,*,#483,.T.);
#483 = EDGE_CURVE('',#475,#484,#486,.T.);
#484 = VERTEX_POINT('',#485);
#485 = CARTESIAN_POINT('',(-32.4,-1.8,-1.5));
#486 = LINE('',#487,#488);
#487 = CARTESIAN_POINT('',(-32.4,-1.8,-1.5));
#488 = VECTOR('',#489,1.);
#489 = DIRECTION('',(-0.,-1.,-0.));
#490 = ORIENTED_EDGE('',*,*,#491,.T.);
#491 = EDGE_CURVE('',#484,#492,#494,.T.);
#492 = VERTEX_POINT('',#493);
#493 = CARTESIAN_POINT('',(-31.9,-2.3,-1.5));
#494 = CIRCLE('',#495,0.5);
#495 = AXIS2_PLACEMENT_3D('',#496,#497,#498);
#496 = CARTESIAN_POINT('',(-31.9,-1.8,-1.5));
#497 = DIRECTION('',(0.,0.,1.));
#498 = DIRECTION('',(1.,0.,-0.));
#499 = ORIENTED_EDGE('',*,*,#500,.T.);
#500 = EDGE_CURVE('',#492,#501,#503,.T.);
#501 = VERTEX_POINT('',#502);
#502 = CARTESIAN_POINT('',(-30.02220071283,-2.3,-1.5));
#503 = LINE('',#504,#505);
#504 = CARTESIAN_POINT('',(-30.02220071283,-2.3,-1.5));
#505 = VECTOR('',#506,1.);
#506 = DIRECTION('',(1.,7.39045323037E-15,-0.));
#507 = ORIENTED_EDGE('',*,*,#508,.T.);
#508 = EDGE_CURVE('',#501,#509,#511,.T.);
#509 = VERTEX_POINT('',#510);
#510 = CARTESIAN_POINT('',(-29.58548760737,-2.55652173913,-1.5));
#511 = CIRCLE('',#512,0.5);
#512 = AXIS2_PLACEMENT_3D('',#513,#514,#515);
#513 = CARTESIAN_POINT('',(-30.02220071283,-2.8,-1.5));
#514 = DIRECTION('',(0.,0.,-1.));
#515 = DIRECTION('',(1.,0.,0.));
#516 = ORIENTED_EDGE('',*,*,#517,.T.);
#517 = EDGE_CURVE('',#509,#518,#520,.T.);
#518 = VERTEX_POINT('',#519);
#519 = CARTESIAN_POINT('',(-20.41451239262,-2.55652173913,-1.5));
#520 = CIRCLE('',#521,5.25);
#521 = AXIS2_PLACEMENT_3D('',#522,#523,#524);
#522 = CARTESIAN_POINT('',(-25.,-1.561251128379E-14,-1.5));
#523 = DIRECTION('',(0.,0.,1.));
#524 = DIRECTION('',(1.,0.,-0.));
#525 = ORIENTED_EDGE('',*,*,#526,.T.);
#526 = EDGE_CURVE('',#518,#527,#529,.T.);
#527 = VERTEX_POINT('',#528);
#528 = CARTESIAN_POINT('',(-19.97779928716,-2.3,-1.5));
#529 = CIRCLE('',#530,0.5);
#530 = AXIS2_PLACEMENT_3D('',#531,#532,#533);
#531 = CARTESIAN_POINT('',(-19.97779928716,-2.8,-1.5));
#532 = DIRECTION('',(0.,0.,-1.));
#533 = DIRECTION('',(1.,0.,0.));
#534 = ORIENTED_EDGE('',*,*,#535,.T.);
#535 = EDGE_CURVE('',#527,#536,#538,.T.);
#536 = VERTEX_POINT('',#537);
#537 = CARTESIAN_POINT('',(-18.1,-2.3,-1.5));
#538 = LINE('',#539,#540);
#539 = CARTESIAN_POINT('',(-19.97779928716,-2.3,-1.5));
#540 = VECTOR('',#541,1.);
#541 = DIRECTION('',(1.,0.,0.));
#542 = ORIENTED_EDGE('',*,*,#543,.T.);
#543 = EDGE_CURVE('',#536,#544,#546,.T.);
#544 = VERTEX_POINT('',#545);
#545 = CARTESIAN_POINT('',(-17.6,-1.8,-1.5));
#546 = CIRCLE('',#547,0.5);
#547 = AXIS2_PLACEMENT_3D('',#548,#549,#550);
#548 = CARTESIAN_POINT('',(-18.1,-1.8,-1.5));
#549 = DIRECTION('',(0.,-0.,1.));
#550 = DIRECTION('',(-1.,0.,0.));
#551 = ORIENTED_EDGE('',*,*,#552,.T.);
#552 = EDGE_CURVE('',#544,#553,#555,.T.);
#553 = VERTEX_POINT('',#554);
#554 = CARTESIAN_POINT('',(-17.6,1.8,-1.5));
#555 = LINE('',#556,#557);
#556 = CARTESIAN_POINT('',(-17.6,-1.8,-1.5));
#557 = VECTOR('',#558,1.);
#558 = DIRECTION('',(0.,1.,0.));
#559 = ORIENTED_EDGE('',*,*,#560,.T.);
#560 = EDGE_CURVE('',#553,#561,#563,.T.);
#561 = VERTEX_POINT('',#562);
#562 = CARTESIAN_POINT('',(-18.1,2.3,-1.5));
#563 = CIRCLE('',#564,0.5);
#564 = AXIS2_PLACEMENT_3D('',#565,#566,#567);
#565 = CARTESIAN_POINT('',(-18.1,1.8,-1.5));
#566 = DIRECTION('',(0.,-0.,1.));
#567 = DIRECTION('',(-1.,0.,0.));
#568 = ORIENTED_EDGE('',*,*,#569,.T.);
#569 = EDGE_CURVE('',#561,#438,#570,.T.);
#570 = LINE('',#571,#572);
#571 = CARTESIAN_POINT('',(-19.97779928716,2.3,-1.5));
#572 = VECTOR('',#573,1.);
#573 = DIRECTION('',(-1.,-6.466646576573E-15,-0.));
#574 = FACE_BOUND('',#575,.T.);
#575 = EDGE_LOOP('',(#576,#587,#596,#605,#613,#622,#630,#639,#647,#656,
    #665,#674,#682,#691,#699,#708));
#576 = ORIENTED_EDGE('',*,*,#577,.T.);
#577 = EDGE_CURVE('',#578,#580,#582,.T.);
#578 = VERTEX_POINT('',#579);
#579 = CARTESIAN_POINT('',(5.022200712835,2.3,-1.5));
#580 = VERTEX_POINT('',#581);
#581 = CARTESIAN_POINT('',(4.585487607371,2.55652173913,-1.5));
#582 = CIRCLE('',#583,0.5);
#583 = AXIS2_PLACEMENT_3D('',#584,#585,#586);
#584 = CARTESIAN_POINT('',(5.022200712835,2.8,-1.5));
#585 = DIRECTION('',(0.,0.,-1.));
#586 = DIRECTION('',(1.,0.,0.));
#587 = ORIENTED_EDGE('',*,*,#588,.T.);
#588 = EDGE_CURVE('',#580,#589,#591,.T.);
#589 = VERTEX_POINT('',#590);
#590 = CARTESIAN_POINT('',(-4.585487607371,2.55652173913,-1.5));
#591 = CIRCLE('',#592,5.25);
#592 = AXIS2_PLACEMENT_3D('',#593,#594,#595);
#593 = CARTESIAN_POINT('',(0.,-1.561251128379E-14,-1.5));
#594 = DIRECTION('',(0.,0.,1.));
#595 = DIRECTION('',(1.,0.,-0.));
#596 = ORIENTED_EDGE('',*,*,#597,.T.);
#597 = EDGE_CURVE('',#589,#598,#600,.T.);
#598 = VERTEX_POINT('',#599);
#599 = CARTESIAN_POINT('',(-5.022200712835,2.3,-1.5));
#600 = CIRCLE('',#601,0.5);
#601 = AXIS2_PLACEMENT_3D('',#602,#603,#604);
#602 = CARTESIAN_POINT('',(-5.022200712835,2.8,-1.5));
#603 = DIRECTION('',(0.,0.,-1.));
#604 = DIRECTION('',(-1.,0.,0.));
#605 = ORIENTED_EDGE('',*,*,#606,.T.);
#606 = EDGE_CURVE('',#598,#607,#609,.T.);
#607 = VERTEX_POINT('',#608);
#608 = CARTESIAN_POINT('',(-6.9,2.3,-1.5));
#609 = LINE('',#610,#611);
#610 = CARTESIAN_POINT('',(-6.9,2.3,-1.5));
#611 = VECTOR('',#612,1.);
#612 = DIRECTION('',(-1.,-9.238066537962E-16,-0.));
#613 = ORIENTED_EDGE('',*,*,#614,.T.);
#614 = EDGE_CURVE('',#607,#615,#617,.T.);
#615 = VERTEX_POINT('',#616);
#616 = CARTESIAN_POINT('',(-7.4,1.8,-1.5));
#617 = CIRCLE('',#618,0.5);
#618 = AXIS2_PLACEMENT_3D('',#619,#620,#621);
#619 = CARTESIAN_POINT('',(-6.9,1.8,-1.5));
#620 = DIRECTION('',(0.,0.,1.));
#621 = DIRECTION('',(1.,0.,-0.));
#622 = ORIENTED_EDGE('',*,*,#623,.T.);
#623 = EDGE_CURVE('',#615,#624,#626,.T.);
#624 = VERTEX_POINT('',#625);
#625 = CARTESIAN_POINT('',(-7.4,-1.8,-1.5));
#626 = LINE('',#627,#628);
#627 = CARTESIAN_POINT('',(-7.4,-1.8,-1.5));
#628 = VECTOR('',#629,1.);
#629 = DIRECTION('',(-0.,-1.,-0.));
#630 = ORIENTED_EDGE('',*,*,#631,.T.);
#631 = EDGE_CURVE('',#624,#632,#634,.T.);
#632 = VERTEX_POINT('',#633);
#633 = CARTESIAN_POINT('',(-6.9,-2.3,-1.5));
#634 = CIRCLE('',#635,0.5);
#635 = AXIS2_PLACEMENT_3D('',#636,#637,#638);
#636 = CARTESIAN_POINT('',(-6.9,-1.8,-1.5));
#637 = DIRECTION('',(0.,0.,1.));
#638 = DIRECTION('',(1.,0.,-0.));
#639 = ORIENTED_EDGE('',*,*,#640,.T.);
#640 = EDGE_CURVE('',#632,#641,#643,.T.);
#641 = VERTEX_POINT('',#642);
#642 = CARTESIAN_POINT('',(-5.022200712835,-2.3,-1.5));
#643 = LINE('',#644,#645);
#644 = CARTESIAN_POINT('',(-5.022200712835,-2.3,-1.5));
#645 = VECTOR('',#646,1.);
#646 = DIRECTION('',(1.,7.39045323037E-15,-0.));
#647 = ORIENTED_EDGE('',*,*,#648,.T.);
#648 = EDGE_CURVE('',#641,#649,#651,.T.);
#649 = VERTEX_POINT('',#650);
#650 = CARTESIAN_POINT('',(-4.585487607371,-2.55652173913,-1.5));
#651 = CIRCLE('',#652,0.5);
#652 = AXIS2_PLACEMENT_3D('',#653,#654,#655);
#653 = CARTESIAN_POINT('',(-5.022200712835,-2.8,-1.5));
#654 = DIRECTION('',(0.,0.,-1.));
#655 = DIRECTION('',(1.,0.,0.));
#656 = ORIENTED_EDGE('',*,*,#657,.T.);
#657 = EDGE_CURVE('',#649,#658,#660,.T.);
#658 = VERTEX_POINT('',#659);
#659 = CARTESIAN_POINT('',(4.585487607371,-2.55652173913,-1.5));
#660 = CIRCLE('',#661,5.25);
#661 = AXIS2_PLACEMENT_3D('',#662,#663,#664);
#662 = CARTESIAN_POINT('',(0.,-1.561251128379E-14,-1.5));
#663 = DIRECTION('',(0.,0.,1.));
#664 = DIRECTION('',(1.,0.,-0.));
#665 = ORIENTED_EDGE('',*,*,#666,.T.);
#666 = EDGE_CURVE('',#658,#667,#669,.T.);
#667 = VERTEX_POINT('',#668);
#668 = CARTESIAN_POINT('',(5.022200712835,-2.3,-1.5));
#669 = CIRCLE('',#670,0.5);
#670 = AXIS2_PLACEMENT_3D('',#671,#672,#673);
#671 = CARTESIAN_POINT('',(5.022200712835,-2.8,-1.5));
#672 = DIRECTION('',(0.,0.,-1.));
#673 = DIRECTION('',(1.,0.,0.));
#674 = ORIENTED_EDGE('',*,*,#675,.T.);
#675 = EDGE_CURVE('',#667,#676,#678,.T.);
#676 = VERTEX_POINT('',#677);
#677 = CARTESIAN_POINT('',(6.9,-2.3,-1.5));
#678 = LINE('',#679,#680);
#679 = CARTESIAN_POINT('',(5.022200712835,-2.3,-1.5));
#680 = VECTOR('',#681,1.);
#681 = DIRECTION('',(1.,0.,0.));
#682 = ORIENTED_EDGE('',*,*,#683,.T.);
#683 = EDGE_CURVE('',#676,#684,#686,.T.);
#684 = VERTEX_POINT('',#685);
#685 = CARTESIAN_POINT('',(7.4,-1.8,-1.5));
#686 = CIRCLE('',#687,0.5);
#687 = AXIS2_PLACEMENT_3D('',#688,#689,#690);
#688 = CARTESIAN_POINT('',(6.9,-1.8,-1.5));
#689 = DIRECTION('',(0.,-0.,1.));
#690 = DIRECTION('',(-1.,0.,0.));
#691 = ORIENTED_EDGE('',*,*,#692,.T.);
#692 = EDGE_CURVE('',#684,#693,#695,.T.);
#693 = VERTEX_POINT('',#694);
#694 = CARTESIAN_POINT('',(7.4,1.8,-1.5));
#695 = LINE('',#696,#697);
#696 = CARTESIAN_POINT('',(7.4,-1.8,-1.5));
#697 = VECTOR('',#698,1.);
#698 = DIRECTION('',(0.,1.,0.));
#699 = ORIENTED_EDGE('',*,*,#700,.T.);
#700 = EDGE_CURVE('',#693,#701,#703,.T.);
#701 = VERTEX_POINT('',#702);
#702 = CARTESIAN_POINT('',(6.9,2.3,-1.5));
#703 = CIRCLE('',#704,0.5);
#704 = AXIS2_PLACEMENT_3D('',#705,#706,#707);
#705 = CARTESIAN_POINT('',(6.9,1.8,-1.5));
#706 = DIRECTION('',(0.,-0.,1.));
#707 = DIRECTION('',(-1.,0.,0.));
#708 = ORIENTED_EDGE('',*,*,#709,.T.);
#709 = EDGE_CURVE('',#701,#578,#710,.T.);
#710 = LINE('',#711,#712);
#711 = CARTESIAN_POINT('',(5.022200712835,2.3,-1.5));
#712 = VECTOR('',#713,1.);
#713 = DIRECTION('',(-1.,-6.466646576573E-15,-0.));
#714 = FACE_BOUND('',#715,.T.);
#715 = EDGE_LOOP('',(#716,#727,#736,#745,#753,#762,#770,#779,#787,#796,
    #805,#814,#822,#831,#839,#848));
#716 = ORIENTED_EDGE('',*,*,#717,.T.);
#717 = EDGE_CURVE('',#718,#720,#722,.T.);
#718 = VERTEX_POINT('',#719);
#719 = CARTESIAN_POINT('',(30.022200712835,2.3,-1.5));
#720 = VERTEX_POINT('',#721);
#721 = CARTESIAN_POINT('',(29.585487607371,2.55652173913,-1.5));
#722 = CIRCLE('',#723,0.5);
#723 = AXIS2_PLACEMENT_3D('',#724,#725,#726);
#724 = CARTESIAN_POINT('',(30.022200712835,2.8,-1.5));
#725 = DIRECTION('',(0.,0.,-1.));
#726 = DIRECTION('',(1.,0.,0.));
#727 = ORIENTED_EDGE('',*,*,#728,.T.);
#728 = EDGE_CURVE('',#720,#729,#731,.T.);
#729 = VERTEX_POINT('',#730);
#730 = CARTESIAN_POINT('',(20.414512392629,2.55652173913,-1.5));
#731 = CIRCLE('',#732,5.25);
#732 = AXIS2_PLACEMENT_3D('',#733,#734,#735);
#733 = CARTESIAN_POINT('',(25.,-1.561251128379E-14,-1.5));
#734 = DIRECTION('',(0.,0.,1.));
#735 = DIRECTION('',(1.,0.,-0.));
#736 = ORIENTED_EDGE('',*,*,#737,.T.);
#737 = EDGE_CURVE('',#729,#738,#740,.T.);
#738 = VERTEX_POINT('',#739);
#739 = CARTESIAN_POINT('',(19.977799287165,2.3,-1.5));
#740 = CIRCLE('',#741,0.5);
#741 = AXIS2_PLACEMENT_3D('',#742,#743,#744);
#742 = CARTESIAN_POINT('',(19.977799287165,2.8,-1.5));
#743 = DIRECTION('',(0.,0.,-1.));
#744 = DIRECTION('',(-1.,0.,0.));
#745 = ORIENTED_EDGE('',*,*,#746,.T.);
#746 = EDGE_CURVE('',#738,#747,#749,.T.);
#747 = VERTEX_POINT('',#748);
#748 = CARTESIAN_POINT('',(18.1,2.3,-1.5));
#749 = LINE('',#750,#751);
#750 = CARTESIAN_POINT('',(18.1,2.3,-1.5));
#751 = VECTOR('',#752,1.);
#752 = DIRECTION('',(-1.,-9.238066537962E-16,-0.));
#753 = ORIENTED_EDGE('',*,*,#754,.T.);
#754 = EDGE_CURVE('',#747,#755,#757,.T.);
#755 = VERTEX_POINT('',#756);
#756 = CARTESIAN_POINT('',(17.6,1.8,-1.5));
#757 = CIRCLE('',#758,0.5);
#758 = AXIS2_PLACEMENT_3D('',#759,#760,#761);
#759 = CARTESIAN_POINT('',(18.1,1.8,-1.5));
#760 = DIRECTION('',(0.,0.,1.));
#761 = DIRECTION('',(1.,0.,-0.));
#762 = ORIENTED_EDGE('',*,*,#763,.T.);
#763 = EDGE_CURVE('',#755,#764,#766,.T.);
#764 = VERTEX_POINT('',#765);
#765 = CARTESIAN_POINT('',(17.6,-1.8,-1.5));
#766 = LINE('',#767,#768);
#767 = CARTESIAN_POINT('',(17.6,-1.8,-1.5));
#768 = VECTOR('',#769,1.);
#769 = DIRECTION('',(-0.,-1.,-0.));
#770 = ORIENTED_EDGE('',*,*,#771,.T.);
#771 = EDGE_CURVE('',#764,#772,#774,.T.);
#772 = VERTEX_POINT('',#773);
#773 = CARTESIAN_POINT('',(18.1,-2.3,-1.5));
#774 = CIRCLE('',#775,0.5);
#775 = AXIS2_PLACEMENT_3D('',#776,#777,#778);
#776 = CARTESIAN_POINT('',(18.1,-1.8,-1.5));
#777 = DIRECTION('',(0.,0.,1.));
#778 = DIRECTION('',(1.,0.,-0.));
#779 = ORIENTED_EDGE('',*,*,#780,.T.);
#780 = EDGE_CURVE('',#772,#781,#783,.T.);
#781 = VERTEX_POINT('',#782);
#782 = CARTESIAN_POINT('',(19.977799287165,-2.3,-1.5));
#783 = LINE('',#784,#785);
#784 = CARTESIAN_POINT('',(19.977799287165,-2.3,-1.5));
#785 = VECTOR('',#786,1.);
#786 = DIRECTION('',(1.,7.39045323037E-15,-0.));
#787 = ORIENTED_EDGE('',*,*,#788,.T.);
#788 = EDGE_CURVE('',#781,#789,#791,.T.);
#789 = VERTEX_POINT('',#790);
#790 = CARTESIAN_POINT('',(20.414512392629,-2.55652173913,-1.5));
#791 = CIRCLE('',#792,0.5);
#792 = AXIS2_PLACEMENT_3D('',#793,#794,#795);
#793 = CARTESIAN_POINT('',(19.977799287165,-2.8,-1.5));
#794 = DIRECTION('',(0.,0.,-1.));
#795 = DIRECTION('',(1.,0.,0.));
#796 = ORIENTED_EDGE('',*,*,#797,.T.);
#797 = EDGE_CURVE('',#789,#798,#800,.T.);
#798 = VERTEX_POINT('',#799);
#799 = CARTESIAN_POINT('',(29.585487607371,-2.55652173913,-1.5));
#800 = CIRCLE('',#801,5.25);
#801 = AXIS2_PLACEMENT_3D('',#802,#803,#804);
#802 = CARTESIAN_POINT('',(25.,-1.561251128379E-14,-1.5));
#803 = DIRECTION('',(0.,0.,1.));
#804 = DIRECTION('',(1.,0.,-0.));
#805 = ORIENTED_EDGE('',*,*,#806,.T.);
#806 = EDGE_CURVE('',#798,#807,#809,.T.);
#807 = VERTEX_POINT('',#808);
#808 = CARTESIAN_POINT('',(30.022200712835,-2.3,-1.5));
#809 = CIRCLE('',#810,0.5);
#810 = AXIS2_PLACEMENT_3D('',#811,#812,#813);
#811 = CARTESIAN_POINT('',(30.022200712835,-2.8,-1.5));
#812 = DIRECTION('',(0.,0.,-1.));
#813 = DIRECTION('',(1.,0.,0.));
#814 = ORIENTED_EDGE('',*,*,#815,.T.);
#815 = EDGE_CURVE('',#807,#816,#818,.T.);
#816 = VERTEX_POINT('',#817);
#817 = CARTESIAN_POINT('',(31.9,-2.3,-1.5));
#818 = LINE('',#819,#820);
#819 = CARTESIAN_POINT('',(30.022200712835,-2.3,-1.5));
#820 = VECTOR('',#821,1.);
#821 = DIRECTION('',(1.,0.,0.));
#822 = ORIENTED_EDGE('',*,*,#823,.T.);
#823 = EDGE_CURVE('',#816,#824,#826,.T.);
#824 = VERTEX_POINT('',#825);
#825 = CARTESIAN_POINT('',(32.4,-1.8,-1.5));
#826 = CIRCLE('',#827,0.5);
#827 = AXIS2_PLACEMENT_3D('',#828,#829,#830);
#828 = CARTESIAN_POINT('',(31.9,-1.8,-1.5));
#829 = DIRECTION('',(0.,-0.,1.));
#830 = DIRECTION('',(-1.,0.,0.));
#831 = ORIENTED_EDGE('',*,*,#832,.T.);
#832 = EDGE_CURVE('',#824,#833,#835,.T.);
#833 = VERTEX_POINT('',#834);
#834 = CARTESIAN_POINT('',(32.4,1.8,-1.5));
#835 = LINE('',#836,#837);
#836 = CARTESIAN_POINT('',(32.4,-1.8,-1.5));
#837 = VECTOR('',#838,1.);
#838 = DIRECTION('',(0.,1.,0.));
#839 = ORIENTED_EDGE('',*,*,#840,.T.);
#840 = EDGE_CURVE('',#833,#841,#843,.T.);
#841 = VERTEX_POINT('',#842);
#842 = CARTESIAN_POINT('',(31.9,2.3,-1.5));
#843 = CIRCLE('',#844,0.5);
#844 = AXIS2_PLACEMENT_3D('',#845,#846,#847);
#845 = CARTESIAN_POINT('',(31.9,1.8,-1.5));
#846 = DIRECTION('',(0.,-0.,1.));
#847 = DIRECTION('',(-1.,0.,0.));
#848 = ORIENTED_EDGE('',*,*,#849,.T.);
#849 = EDGE_CURVE('',#841,#718,#850,.T.);
#850 = LINE('',#851,#852);
#851 = CARTESIAN_POINT('',(30.022200712835,2.3,-1.5));
#852 = VECTOR('',#853,1.);
#853 = DIRECTION('',(-1.,-6.466646576573E-15,-0.));
#854 = FACE_BOUND('',#855,.T.);
#855 = EDGE_LOOP('',(#856,#867,#876,#885,#893,#902,#910,#919,#927,#936,
    #945,#954,#962,#971,#979,#988));
#856 = ORIENTED_EDGE('',*,*,#857,.T.);
#857 = EDGE_CURVE('',#858,#860,#862,.T.);
#858 = VERTEX_POINT('',#859);
#859 = CARTESIAN_POINT('',(55.022200712835,2.3,-1.5));
#860 = VERTEX_POINT('',#861);
#861 = CARTESIAN_POINT('',(54.585487607371,2.55652173913,-1.5));
#862 = CIRCLE('',#863,0.5);
#863 = AXIS2_PLACEMENT_3D('',#864,#865,#866);
#864 = CARTESIAN_POINT('',(55.022200712835,2.8,-1.5));
#865 = DIRECTION('',(0.,0.,-1.));
#866 = DIRECTION('',(1.,0.,0.));
#867 = ORIENTED_EDGE('',*,*,#868,.T.);
#868 = EDGE_CURVE('',#860,#869,#871,.T.);
#869 = VERTEX_POINT('',#870);
#870 = CARTESIAN_POINT('',(45.414512392629,2.55652173913,-1.5));
#871 = CIRCLE('',#872,5.25);
#872 = AXIS2_PLACEMENT_3D('',#873,#874,#875);
#873 = CARTESIAN_POINT('',(50.,-1.561251128379E-14,-1.5));
#874 = DIRECTION('',(0.,0.,1.));
#875 = DIRECTION('',(1.,0.,-0.));
#876 = ORIENTED_EDGE('',*,*,#877,.T.);
#877 = EDGE_CURVE('',#869,#878,#880,.T.);
#878 = VERTEX_POINT('',#879);
#879 = CARTESIAN_POINT('',(44.977799287165,2.3,-1.5));
#880 = CIRCLE('',#881,0.5);
#881 = AXIS2_PLACEMENT_3D('',#882,#883,#884);
#882 = CARTESIAN_POINT('',(44.977799287165,2.8,-1.5));
#883 = DIRECTION('',(0.,0.,-1.));
#884 = DIRECTION('',(-1.,0.,0.));
#885 = ORIENTED_EDGE('',*,*,#886,.T.);
#886 = EDGE_CURVE('',#878,#887,#889,.T.);
#887 = VERTEX_POINT('',#888);
#888 = CARTESIAN_POINT('',(43.1,2.3,-1.5));
#889 = LINE('',#890,#891);
#890 = CARTESIAN_POINT('',(43.1,2.3,-1.5));
#891 = VECTOR('',#892,1.);
#892 = DIRECTION('',(-1.,-9.238066537962E-16,-0.));
#893 = ORIENTED_EDGE('',*,*,#894,.T.);
#894 = EDGE_CURVE('',#887,#895,#897,.T.);
#895 = VERTEX_POINT('',#896);
#896 = CARTESIAN_POINT('',(42.6,1.8,-1.5));
#897 = CIRCLE('',#898,0.5);
#898 = AXIS2_PLACEMENT_3D('',#899,#900,#901);
#899 = CARTESIAN_POINT('',(43.1,1.8,-1.5));
#900 = DIRECTION('',(0.,0.,1.));
#901 = DIRECTION('',(1.,0.,-0.));
#902 = ORIENTED_EDGE('',*,*,#903,.T.);
#903 = EDGE_CURVE('',#895,#904,#906,.T.);
#904 = VERTEX_POINT('',#905);
#905 = CARTESIAN_POINT('',(42.6,-1.8,-1.5));
#906 = LINE('',#907,#908);
#907 = CARTESIAN_POINT('',(42.6,-1.8,-1.5));
#908 = VECTOR('',#909,1.);
#909 = DIRECTION('',(-0.,-1.,-0.));
#910 = ORIENTED_EDGE('',*,*,#911,.T.);
#911 = EDGE_CURVE('',#904,#912,#914,.T.);
#912 = VERTEX_POINT('',#913);
#913 = CARTESIAN_POINT('',(43.1,-2.3,-1.5));
#914 = CIRCLE('',#915,0.5);
#915 = AXIS2_PLACEMENT_3D('',#916,#917,#918);
#916 = CARTESIAN_POINT('',(43.1,-1.8,-1.5));
#917 = DIRECTION('',(0.,0.,1.));
#918 = DIRECTION('',(1.,0.,-0.));
#919 = ORIENTED_EDGE('',*,*,#920,.T.);
#920 = EDGE_CURVE('',#912,#921,#923,.T.);
#921 = VERTEX_POINT('',#922);
#922 = CARTESIAN_POINT('',(44.977799287165,-2.3,-1.5));
#923 = LINE('',#924,#925);
#924 = CARTESIAN_POINT('',(44.977799287165,-2.3,-1.5));
#925 = VECTOR('',#926,1.);
#926 = DIRECTION('',(1.,7.39045323037E-15,-0.));
#927 = ORIENTED_EDGE('',*,*,#928,.T.);
#928 = EDGE_CURVE('',#921,#929,#931,.T.);
#929 = VERTEX_POINT('',#930);
#930 = CARTESIAN_POINT('',(45.414512392629,-2.55652173913,-1.5));
#931 = CIRCLE('',#932,0.5);
#932 = AXIS2_PLACEMENT_3D('',#933,#934,#935);
#933 = CARTESIAN_POINT('',(44.977799287165,-2.8,-1.5));
#934 = DIRECTION('',(0.,0.,-1.));
#935 = DIRECTION('',(1.,0.,0.));
#936 = ORIENTED_EDGE('',*,*,#937,.T.);
#937 = EDGE_CURVE('',#929,#938,#940,.T.);
#938 = VERTEX_POINT('',#939);
#939 = CARTESIAN_POINT('',(54.585487607371,-2.55652173913,-1.5));
#940 = CIRCLE('',#941,5.25);
#941 = AXIS2_PLACEMENT_3D('',#942,#943,#944);
#942 = CARTESIAN_POINT('',(50.,-1.561251128379E-14,-1.5));
#943 = DIRECTION('',(0.,0.,1.));
#944 = DIRECTION('',(1.,0.,-0.));
#945 = ORIENTED_EDGE('',*,*,#946,.T.);
#946 = EDGE_CURVE('',#938,#947,#949,.T.);
#947 = VERTEX_POINT('',#948);
#948 = CARTESIAN_POINT('',(55.022200712835,-2.3,-1.5));
#949 = CIRCLE('',#950,0.5);
#950 = AXIS2_PLACEMENT_3D('',#951,#952,#953);
#951 = CARTESIAN_POINT('',(55.022200712835,-2.8,-1.5));
#952 = DIRECTION('',(0.,0.,-1.));
#953 = DIRECTION('',(1.,0.,0.));
#954 = ORIENTED_EDGE('',*,*,#955,.T.);
#955 = EDGE_CURVE('',#947,#956,#958,.T.);
#956 = VERTEX_POINT('',#957);
#957 = CARTESIAN_POINT('',(56.9,-2.3,-1.5));
#958 = LINE('',#959,#960);
#959 = CARTESIAN_POINT('',(55.022200712835,-2.3,-1.5));
#960 = VECTOR('',#961,1.);
#961 = DIRECTION('',(1.,0.,0.));
#962 = ORIENTED_EDGE('',*,*,#963,.T.);
#963 = EDGE_CURVE('',#956,#964,#966,.T.);
#964 = VERTEX_POINT('',#965);
#965 = CARTESIAN_POINT('',(57.4,-1.8,-1.5));
#966 = CIRCLE('',#967,0.5);
#967 = AXIS2_PLACEMENT_3D('',#968,#969,#970);
#968 = CARTESIAN_POINT('',(56.9,-1.8,-1.5));
#969 = DIRECTION('',(0.,-0.,1.));
#970 = DIRECTION('',(-1.,0.,0.));
#971 = ORIENTED_EDGE('',*,*,#972,.T.);
#972 = EDGE_CURVE('',#964,#973,#975,.T.);
#973 = VERTEX_POINT('',#974);
#974 = CARTESIAN_POINT('',(57.4,1.8,-1.5));
#975 = LINE('',#976,#977);
#976 = CARTESIAN_POINT('',(57.4,-1.8,-1.5));
#977 = VECTOR('',#978,1.);
#978 = DIRECTION('',(0.,1.,0.));
#979 = ORIENTED_EDGE('',*,*,#980,.T.);
#980 = EDGE_CURVE('',#973,#981,#983,.T.);
#981 = VERTEX_POINT('',#982);
#982 = CARTESIAN_POINT('',(56.9,2.3,-1.5));
#983 = CIRCLE('',#984,0.5);
#984 = AXIS2_PLACEMENT_3D('',#985,#986,#987);
#985 = CARTESIAN_POINT('',(56.9,1.8,-1.5));
#986 = DIRECTION('',(0.,-0.,1.));
#987 = DIRECTION('',(-1.,0.,0.));
#988 = ORIENTED_EDGE('',*,*,#989,.T.);
#989 = EDGE_CURVE('',#981,#858,#990,.T.);
#990 = LINE('',#991,#992);
#991 = CARTESIAN_POINT('',(55.022200712835,2.3,-1.5));
#992 = VECTOR('',#993,1.);
#993 = DIRECTION('',(-1.,-6.466646576573E-15,-0.));
#994 = FACE_BOUND('',#995,.T.);
#995 = EDGE_LOOP('',(#996,#1007,#1016,#1025,#1033,#1042,#1050,#1059,
    #1067,#1076,#1085,#1094,#1102,#1111,#1119,#1128));
#996 = ORIENTED_EDGE('',*,*,#997,.T.);
#997 = EDGE_CURVE('',#998,#1000,#1002,.T.);
#998 = VERTEX_POINT('',#999);
#999 = CARTESIAN_POINT('',(80.022200712835,2.3,-1.5));
#1000 = VERTEX_POINT('',#1001);
#1001 = CARTESIAN_POINT('',(79.585487607371,2.55652173913,-1.5));
#1002 = CIRCLE('',#1003,0.5);
#1003 = AXIS2_PLACEMENT_3D('',#1004,#1005,#1006);
#1004 = CARTESIAN_POINT('',(80.022200712835,2.8,-1.5));
#1005 = DIRECTION('',(0.,0.,-1.));
#1006 = DIRECTION('',(1.,0.,0.));
#1007 = ORIENTED_EDGE('',*,*,#1008,.T.);
#1008 = EDGE_CURVE('',#1000,#1009,#1011,.T.);
#1009 = VERTEX_POINT('',#1010);
#1010 = CARTESIAN_POINT('',(70.414512392629,2.55652173913,-1.5));
#1011 = CIRCLE('',#1012,5.25);
#1012 = AXIS2_PLACEMENT_3D('',#1013,#1014,#1015);
#1013 = CARTESIAN_POINT('',(75.,-1.561251128379E-14,-1.5));
#1014 = DIRECTION('',(0.,0.,1.));
#1015 = DIRECTION('',(1.,0.,-0.));
#1016 = ORIENTED_EDGE('',*,*,#1017,.T.);
#1017 = EDGE_CURVE('',#1009,#1018,#1020,.T.);
#1018 = VERTEX_POINT('',#1019);
#1019 = CARTESIAN_POINT('',(69.977799287165,2.3,-1.5));
#1020 = CIRCLE('',#1021,0.5);
#1021 = AXIS2_PLACEMENT_3D('',#1022,#1023,#1024);
#1022 = CARTESIAN_POINT('',(69.977799287165,2.8,-1.5));
#1023 = DIRECTION('',(0.,0.,-1.));
#1024 = DIRECTION('',(-1.,0.,0.));
#1025 = ORIENTED_EDGE('',*,*,#1026,.T.);
#1026 = EDGE_CURVE('',#1018,#1027,#1029,.T.);
#1027 = VERTEX_POINT('',#1028);
#1028 = CARTESIAN_POINT('',(68.1,2.3,-1.5));
#1029 = LINE('',#1030,#1031);
#1030 = CARTESIAN_POINT('',(68.1,2.3,-1.5));
#1031 = VECTOR('',#1032,1.);
#1032 = DIRECTION('',(-1.,-9.238066537962E-16,-0.));
#1033 = ORIENTED_EDGE('',*,*,#1034,.T.);
#1034 = EDGE_CURVE('',#1027,#1035,#1037,.T.);
#1035 = VERTEX_POINT('',#1036);
#1036 = CARTESIAN_POINT('',(67.6,1.8,-1.5));
#1037 = CIRCLE('',#1038,0.5);
#1038 = AXIS2_PLACEMENT_3D('',#1039,#1040,#1041);
#1039 = CARTESIAN_POINT('',(68.1,1.8,-1.5));
#1040 = DIRECTION('',(0.,0.,1.));
#1041 = DIRECTION('',(1.,0.,-0.));
#1042 = ORIENTED_EDGE('',*,*,#1043,.T.);
#1043 = EDGE_CURVE('',#1035,#1044,#1046,.T.);
#1044 = VERTEX_POINT('',#1045);
#1045 = CARTESIAN_POINT('',(67.6,-1.8,-1.5));
#1046 = LINE('',#1047,#1048);
#1047 = CARTESIAN_POINT('',(67.6,-1.8,-1.5));
#1048 = VECTOR('',#1049,1.);
#1049 = DIRECTION('',(-0.,-1.,-0.));
#1050 = ORIENTED_EDGE('',*,*,#1051,.T.);
#1051 = EDGE_CURVE('',#1044,#1052,#1054,.T.);
#1052 = VERTEX_POINT('',#1053);
#1053 = CARTESIAN_POINT('',(68.1,-2.3,-1.5));
#1054 = CIRCLE('',#1055,0.5);
#1055 = AXIS2_PLACEMENT_3D('',#1056,#1057,#1058);
#1056 = CARTESIAN_POINT('',(68.1,-1.8,-1.5));
#1057 = DIRECTION('',(0.,0.,1.));
#1058 = DIRECTION('',(1.,0.,-0.));
#1059 = ORIENTED_EDGE('',*,*,#1060,.T.);
#1060 = EDGE_CURVE('',#1052,#1061,#1063,.T.);
#1061 = VERTEX_POINT('',#1062);
#1062 = CARTESIAN_POINT('',(69.977799287165,-2.3,-1.5));
#1063 = LINE('',#1064,#1065);
#1064 = CARTESIAN_POINT('',(69.977799287165,-2.3,-1.5));
#1065 = VECTOR('',#1066,1.);
#1066 = DIRECTION('',(1.,7.39045323037E-15,-0.));
#1067 = ORIENTED_EDGE('',*,*,#1068,.T.);
#1068 = EDGE_CURVE('',#1061,#1069,#1071,.T.);
#1069 = VERTEX_POINT('',#1070);
#1070 = CARTESIAN_POINT('',(70.414512392629,-2.55652173913,-1.5));
#1071 = CIRCLE('',#1072,0.5);
#1072 = AXIS2_PLACEMENT_3D('',#1073,#1074,#1075);
#1073 = CARTESIAN_POINT('',(69.977799287165,-2.8,-1.5));
#1074 = DIRECTION('',(0.,0.,-1.));
#1075 = DIRECTION('',(1.,0.,0.));
#1076 = ORIENTED_EDGE('',*,*,#1077,.T.);
#1077 = EDGE_CURVE('',#1069,#1078,#1080,.T.);
#1078 = VERTEX_POINT('',#1079);
#1079 = CARTESIAN_POINT('',(79.585487607371,-2.55652173913,-1.5));
#1080 = CIRCLE('',#1081,5.25);
#1081 = AXIS2_PLACEMENT_3D('',#1082,#1083,#1084);
#1082 = CARTESIAN_POINT('',(75.,-1.561251128379E-14,-1.5));
#1083 = DIRECTION('',(0.,0.,1.));
#1084 = DIRECTION('',(1.,0.,-0.));
#1085 = ORIENTED_EDGE('',*,*,#1086,.T.);
#1086 = EDGE_CURVE('',#1078,#1087,#1089,.T.);
#1087 = VERTEX_POINT('',#1088);
#1088 = CARTESIAN_POINT('',(80.022200712835,-2.3,-1.5));
#1089 = CIRCLE('',#1090,0.5);
#1090 = AXIS2_PLACEMENT_3D('',#1091,#1092,#1093);
#1091 = CARTESIAN_POINT('',(80.022200712835,-2.8,-1.5));
#1092 = DIRECTION('',(0.,0.,-1.));
#1093 = DIRECTION('',(1.,0.,0.));
#1094 = ORIENTED_EDGE('',*,*,#1095,.T.);
#1095 = EDGE_CURVE('',#1087,#1096,#1098,.T.);
#1096 = VERTEX_POINT('',#1097);
#1097 = CARTESIAN_POINT('',(81.9,-2.3,-1.5));
#1098 = LINE('',#1099,#1100);
#1099 = CARTESIAN_POINT('',(80.022200712835,-2.3,-1.5));
#1100 = VECTOR('',#1101,1.);
#1101 = DIRECTION('',(1.,0.,0.));
#1102 = ORIENTED_EDGE('',*,*,#1103,.T.);
#1103 = EDGE_CURVE('',#1096,#1104,#1106,.T.);
#1104 = VERTEX_POINT('',#1105);
#1105 = CARTESIAN_POINT('',(82.4,-1.8,-1.5));
#1106 = CIRCLE('',#1107,0.5);
#1107 = AXIS2_PLACEMENT_3D('',#1108,#1109,#1110);
#1108 = CARTESIAN_POINT('',(81.9,-1.8,-1.5));
#1109 = DIRECTION('',(0.,-0.,1.));
#1110 = DIRECTION('',(-1.,0.,0.));
#1111 = ORIENTED_EDGE('',*,*,#1112,.T.);
#1112 = EDGE_CURVE('',#1104,#1113,#1115,.T.);
#1113 = VERTEX_POINT('',#1114);
#1114 = CARTESIAN_POINT('',(82.4,1.8,-1.5));
#1115 = LINE('',#1116,#1117);
#1116 = CARTESIAN_POINT('',(82.4,-1.8,-1.5));
#1117 = VECTOR('',#1118,1.);
#1118 = DIRECTION('',(0.,1.,0.));
#1119 = ORIENTED_EDGE('',*,*,#1120,.T.);
#1120 = EDGE_CURVE('',#1113,#1121,#1123,.T.);
#1121 = VERTEX_POINT('',#1122);
#1122 = CARTESIAN_POINT('',(81.9,2.3,-1.5));
#1123 = CIRCLE('',#1124,0.5);
#1124 = AXIS2_PLACEMENT_3D('',#1125,#1126,#1127);
#1125 = CARTESIAN_POINT('',(81.9,1.8,-1.5));
#1126 = DIRECTION('',(0.,-0.,1.));
#1127 = DIRECTION('',(-1.,0.,0.));
#1128 = ORIENTED_EDGE('',*,*,#1129,.T.);
#1129 = EDGE_CURVE('',#1121,#998,#1130,.T.);
#1130 = LINE('',#1131,#1132);
#1131 = CARTESIAN_POINT('',(80.022200712835,2.3,-1.5));
#1132 = VECTOR('',#1133,1.);
#1133 = DIRECTION('',(-1.,-6.466646576573E-15,-0.));
#1134 = FACE_BOUND('',#1135,.T.);
#1135 = EDGE_LOOP('',(#1136,#1147,#1156,#1165,#1173,#1182,#1190,#1199,
    #1207,#1216,#1225,#1234,#1242,#1251,#1259,#1268));
#1136 = ORIENTED_EDGE('',*,*,#1137,.T.);
#1137 = EDGE_CURVE('',#1138,#1140,#1142,.T.);
#1138 = VERTEX_POINT('',#1139);
#1139 = CARTESIAN_POINT('',(105.02220071283,2.3,-1.5));
#1140 = VERTEX_POINT('',#1141);
#1141 = CARTESIAN_POINT('',(104.58548760737,2.55652173913,-1.5));
#1142 = CIRCLE('',#1143,0.5);
#1143 = AXIS2_PLACEMENT_3D('',#1144,#1145,#1146);
#1144 = CARTESIAN_POINT('',(105.02220071283,2.8,-1.5));
#1145 = DIRECTION('',(0.,0.,-1.));
#1146 = DIRECTION('',(1.,0.,0.));
#1147 = ORIENTED_EDGE('',*,*,#1148,.T.);
#1148 = EDGE_CURVE('',#1140,#1149,#1151,.T.);
#1149 = VERTEX_POINT('',#1150);
#1150 = CARTESIAN_POINT('',(95.414512392629,2.55652173913,-1.5));
#1151 = CIRCLE('',#1152,5.25);
#1152 = AXIS2_PLACEMENT_3D('',#1153,#1154,#1155);
#1153 = CARTESIAN_POINT('',(100.,-1.561251128379E-14,-1.5));
#1154 = DIRECTION('',(0.,0.,1.));
#1155 = DIRECTION('',(1.,0.,-0.));
#1156 = ORIENTED_EDGE('',*,*,#1157,.T.);
#1157 = EDGE_CURVE('',#1149,#1158,#1160,.T.);
#1158 = VERTEX_POINT('',#1159);
#1159 = CARTESIAN_POINT('',(94.977799287165,2.3,-1.5));
#1160 = CIRCLE('',#1161,0.5);
#1161 = AXIS2_PLACEMENT_3D('',#1162,#1163,#1164);
#1162 = CARTESIAN_POINT('',(94.977799287165,2.8,-1.5));
#1163 = DIRECTION('',(0.,0.,-1.));
#1164 = DIRECTION('',(-1.,0.,0.));
#1165 = ORIENTED_EDGE('',*,*,#1166,.T.);
#1166 = EDGE_CURVE('',#1158,#1167,#1169,.T.);
#1167 = VERTEX_POINT('',#1168);
#1168 = CARTESIAN_POINT('',(93.1,2.3,-1.5));
#1169 = LINE('',#1170,#1171);
#1170 = CARTESIAN_POINT('',(93.1,2.3,-1.5));
#1171 = VECTOR('',#1172,1.);
#1172 = DIRECTION('',(-1.,-9.238066537962E-16,-0.));
#1173 = ORIENTED_EDGE('',*,*,#1174,.T.);
#1174 = EDGE_CURVE('',#1167,#1175,#1177,.T.);
#1175 = VERTEX_POINT('',#1176);
#1176 = CARTESIAN_POINT('',(92.6,1.8,-1.5));
#1177 = CIRCLE('',#1178,0.5);
#1178 = AXIS2_PLACEMENT_3D('',#1179,#1180,#1181);
#1179 = CARTESIAN_POINT('',(93.1,1.8,-1.5));
#1180 = DIRECTION('',(0.,0.,1.));
#1181 = DIRECTION('',(1.,0.,-0.));
#1182 = ORIENTED_EDGE('',*,*,#1183,.T.);
#1183 = EDGE_CURVE('',#1175,#1184,#1186,.T.);
#1184 = VERTEX_POINT('',#1185);
#1185 = CARTESIAN_POINT('',(92.6,-1.8,-1.5));
#1186 = LINE('',#1187,#1188);
#1187 = CARTESIAN_POINT('',(92.6,-1.8,-1.5));
#1188 = VECTOR('',#1189,1.);
#1189 = DIRECTION('',(-0.,-1.,-0.));
#1190 = ORIENTED_EDGE('',*,*,#1191,.T.);
#1191 = EDGE_CURVE('',#1184,#1192,#1194,.T.);
#1192 = VERTEX_POINT('',#1193);
#1193 = CARTESIAN_POINT('',(93.1,-2.3,-1.5));
#1194 = CIRCLE('',#1195,0.5);
#1195 = AXIS2_PLACEMENT_3D('',#1196,#1197,#1198);
#1196 = CARTESIAN_POINT('',(93.1,-1.8,-1.5));
#1197 = DIRECTION('',(0.,0.,1.));
#1198 = DIRECTION('',(1.,0.,-0.));
#1199 = ORIENTED_EDGE('',*,*,#1200,.T.);
#1200 = EDGE_CURVE('',#1192,#1201,#1203,.T.);
#1201 = VERTEX_POINT('',#1202);
#1202 = CARTESIAN_POINT('',(94.977799287165,-2.3,-1.5));
#1203 = LINE('',#1204,#1205);
#1204 = CARTESIAN_POINT('',(94.977799287165,-2.3,-1.5));
#1205 = VECTOR('',#1206,1.);
#1206 = DIRECTION('',(1.,7.39045323037E-15,-0.));
#1207 = ORIENTED_EDGE('',*,*,#1208,.T.);
#1208 = EDGE_CURVE('',#1201,#1209,#1211,.T.);
#1209 = VERTEX_POINT('',#1210);
#1210 = CARTESIAN_POINT('',(95.414512392629,-2.55652173913,-1.5));
#1211 = CIRCLE('',#1212,0.5);
#1212 = AXIS2_PLACEMENT_3D('',#1213,#1214,#1215);
#1213 = CARTESIAN_POINT('',(94.977799287165,-2.8,-1.5));
#1214 = DIRECTION('',(0.,0.,-1.));
#1215 = DIRECTION('',(1.,0.,0.));
#1216 = ORIENTED_EDGE('',*,*,#1217,.T.);
#1217 = EDGE_CURVE('',#1209,#1218,#1220,.T.);
#1218 = VERTEX_POINT('',#1219);
#1219 = CARTESIAN_POINT('',(104.58548760737,-2.55652173913,-1.5));
#1220 = CIRCLE('',#1221,5.25);
#1221 = AXIS2_PLACEMENT_3D('',#1222,#1223,#1224);
#1222 = CARTESIAN_POINT('',(100.,-1.561251128379E-14,-1.5));
#1223 = DIRECTION('',(0.,0.,1.));
#1224 = DIRECTION('',(1.,0.,-0.));
#1225 = ORIENTED_EDGE('',*,*,#1226,.T.);
#1226 = EDGE_CURVE('',#1218,#1227,#1229,.T.);
#1227 = VERTEX_POINT('',#1228);
#1228 = CARTESIAN_POINT('',(105.02220071283,-2.3,-1.5));
#1229 = CIRCLE('',#1230,0.5);
#1230 = AXIS2_PLACEMENT_3D('',#1231,#1232,#1233);
#1231 = CARTESIAN_POINT('',(105.02220071283,-2.8,-1.5));
#1232 = DIRECTION('',(0.,0.,-1.));
#1233 = DIRECTION('',(1.,0.,0.));
#1234 = ORIENTED_EDGE('',*,*,#1235,.T.);
#1235 = EDGE_CURVE('',#1227,#1236,#1238,.T.);
#1236 = VERTEX_POINT('',#1237);
#1237 = CARTESIAN_POINT('',(106.9,-2.3,-1.5));
#1238 = LINE('',#1239,#1240);
#1239 = CARTESIAN_POINT('',(105.02220071283,-2.3,-1.5));
#1240 = VECTOR('',#1241,1.);
#1241 = DIRECTION('',(1.,0.,0.));
#1242 = ORIENTED_EDGE('',*,*,#1243,.T.);
#1243 = EDGE_CURVE('',#1236,#1244,#1246,.T.);
#1244 = VERTEX_POINT('',#1245);
#1245 = CARTESIAN_POINT('',(107.4,-1.8,-1.5));
#1246 = CIRCLE('',#1247,0.5);
#1247 = AXIS2_PLACEMENT_3D('',#1248,#1249,#1250);
#1248 = CARTESIAN_POINT('',(106.9,-1.8,-1.5));
#1249 = DIRECTION('',(0.,-0.,1.));
#1250 = DIRECTION('',(-1.,0.,0.));
#1251 = ORIENTED_EDGE('',*,*,#1252,.T.);
#1252 = EDGE_CURVE('',#1244,#1253,#1255,.T.);
#1253 = VERTEX_POINT('',#1254);
#1254 = CARTESIAN_POINT('',(107.4,1.8,-1.5));
#1255 = LINE('',#1256,#1257);
#1256 = CARTESIAN_POINT('',(107.4,-1.8,-1.5));
#1257 = VECTOR('',#1258,1.);
#1258 = DIRECTION('',(0.,1.,0.));
#1259 = ORIENTED_EDGE('',*,*,#1260,.T.);
#1260 = EDGE_CURVE('',#1253,#1261,#1263,.T.);
#1261 = VERTEX_POINT('',#1262);
#1262 = CARTESIAN_POINT('',(106.9,2.3,-1.5));
#1263 = CIRCLE('',#1264,0.5);
#1264 = AXIS2_PLACEMENT_3D('',#1265,#1266,#1267);
#1265 = CARTESIAN_POINT('',(106.9,1.8,-1.5));
#1266 = DIRECTION('',(0.,-0.,1.));
#1267 = DIRECTION('',(-1.,0.,0.));
#1268 = ORIENTED_EDGE('',*,*,#1269,.T.);
#1269 = EDGE_CURVE('',#1261,#1138,#1270,.T.);
#1270 = LINE('',#1271,#1272);
#1271 = CARTESIAN_POINT('',(105.02220071283,2.3,-1.5));
#1272 = VECTOR('',#1273,1.);
#1273 = DIRECTION('',(-1.,-6.466646576573E-15,-0.));
#1274 = FACE_BOUND('',#1275,.T.);
#1275 = EDGE_LOOP('',(#1276,#1287,#1296,#1305,#1313,#1322,#1330,#1339,
    #1347,#1356,#1365,#1374,#1382,#1391,#1399,#1408));
#1276 = ORIENTED_EDGE('',*,*,#1277,.T.);
#1277 = EDGE_CURVE('',#1278,#1280,#1282,.T.);
#1278 = VERTEX_POINT('',#1279);
#1279 = CARTESIAN_POINT('',(130.02220071283,2.3,-1.5));
#1280 = VERTEX_POINT('',#1281);
#1281 = CARTESIAN_POINT('',(129.58548760737,2.55652173913,-1.5));
#1282 = CIRCLE('',#1283,0.5);
#1283 = AXIS2_PLACEMENT_3D('',#1284,#1285,#1286);
#1284 = CARTESIAN_POINT('',(130.02220071283,2.8,-1.5));
#1285 = DIRECTION('',(0.,0.,-1.));
#1286 = DIRECTION('',(1.,0.,0.));
#1287 = ORIENTED_EDGE('',*,*,#1288,.T.);
#1288 = EDGE_CURVE('',#1280,#1289,#1291,.T.);
#1289 = VERTEX_POINT('',#1290);
#1290 = CARTESIAN_POINT('',(120.41451239262,2.55652173913,-1.5));
#1291 = CIRCLE('',#1292,5.25);
#1292 = AXIS2_PLACEMENT_3D('',#1293,#1294,#1295);
#1293 = CARTESIAN_POINT('',(125.,-1.561251128379E-14,-1.5));
#1294 = DIRECTION('',(0.,0.,1.));
#1295 = DIRECTION('',(1.,0.,-0.));
#1296 = ORIENTED_EDGE('',*,*,#1297,.T.);
#1297 = EDGE_CURVE('',#1289,#1298,#1300,.T.);
#1298 = VERTEX_POINT('',#1299);
#1299 = CARTESIAN_POINT('',(119.97779928716,2.3,-1.5));
#1300 = CIRCLE('',#1301,0.5);
#1301 = AXIS2_PLACEMENT_3D('',#1302,#1303,#1304);
#1302 = CARTESIAN_POINT('',(119.97779928716,2.8,-1.5));
#1303 = DIRECTION('',(0.,0.,-1.));
#1304 = DIRECTION('',(-1.,0.,0.));
#1305 = ORIENTED_EDGE('',*,*,#1306,.T.);
#1306 = EDGE_CURVE('',#1298,#1307,#1309,.T.);
#1307 = VERTEX_POINT('',#1308);
#1308 = CARTESIAN_POINT('',(118.1,2.3,-1.5));
#1309 = LINE('',#1310,#1311);
#1310 = CARTESIAN_POINT('',(118.1,2.3,-1.5));
#1311 = VECTOR('',#1312,1.);
#1312 = DIRECTION('',(-1.,-9.238066537962E-16,-0.));
#1313 = ORIENTED_EDGE('',*,*,#1314,.T.);
#1314 = EDGE_CURVE('',#1307,#1315,#1317,.T.);
#1315 = VERTEX_POINT('',#1316);
#1316 = CARTESIAN_POINT('',(117.6,1.8,-1.5));
#1317 = CIRCLE('',#1318,0.5);
#1318 = AXIS2_PLACEMENT_3D('',#1319,#1320,#1321);
#1319 = CARTESIAN_POINT('',(118.1,1.8,-1.5));
#1320 = DIRECTION('',(0.,0.,1.));
#1321 = DIRECTION('',(1.,0.,-0.));
#1322 = ORIENTED_EDGE('',*,*,#1323,.T.);
#1323 = EDGE_CURVE('',#1315,#1324,#1326,.T.);
#1324 = VERTEX_POINT('',#1325);
#1325 = CARTESIAN_POINT('',(117.6,-1.8,-1.5));
#1326 = LINE('',#1327,#1328);
#1327 = CARTESIAN_POINT('',(117.6,-1.8,-1.5));
#1328 = VECTOR('',#1329,1.);
#1329 = DIRECTION('',(-0.,-1.,-0.));
#1330 = ORIENTED_EDGE('',*,*,#1331,.T.);
#1331 = EDGE_CURVE('',#1324,#1332,#1334,.T.);
#1332 = VERTEX_POINT('',#1333);
#1333 = CARTESIAN_POINT('',(118.1,-2.3,-1.5));
#1334 = CIRCLE('',#1335,0.5);
#1335 = AXIS2_PLACEMENT_3D('',#1336,#1337,#1338);
#1336 = CARTESIAN_POINT('',(118.1,-1.8,-1.5));
#1337 = DIRECTION('',(0.,0.,1.));
#1338 = DIRECTION('',(1.,0.,-0.));
#1339 = ORIENTED_EDGE('',*,*,#1340,.T.);
#1340 = EDGE_CURVE('',#1332,#1341,#1343,.T.);
#1341 = VERTEX_POINT('',#1342);
#1342 = CARTESIAN_POINT('',(119.97779928716,-2.3,-1.5));
#1343 = LINE('',#1344,#1345);
#1344 = CARTESIAN_POINT('',(119.97779928716,-2.3,-1.5));
#1345 = VECTOR('',#1346,1.);
#1346 = DIRECTION('',(1.,7.39045323037E-15,-0.));
#1347 = ORIENTED_EDGE('',*,*,#1348,.T.);
#1348 = EDGE_CURVE('',#1341,#1349,#1351,.T.);
#1349 = VERTEX_POINT('',#1350);
#1350 = CARTESIAN_POINT('',(120.41451239262,-2.55652173913,-1.5));
#1351 = CIRCLE('',#1352,0.5);
#1352 = AXIS2_PLACEMENT_3D('',#1353,#1354,#1355);
#1353 = CARTESIAN_POINT('',(119.97779928716,-2.8,-1.5));
#1354 = DIRECTION('',(0.,0.,-1.));
#1355 = DIRECTION('',(1.,0.,0.));
#1356 = ORIENTED_EDGE('',*,*,#1357,.T.);
#1357 = EDGE_CURVE('',#1349,#1358,#1360,.T.);
#1358 = VERTEX_POINT('',#1359);
#1359 = CARTESIAN_POINT('',(129.58548760737,-2.55652173913,-1.5));
#1360 = CIRCLE('',#1361,5.25);
#1361 = AXIS2_PLACEMENT_3D('',#1362,#1363,#1364);
#1362 = CARTESIAN_POINT('',(125.,-1.561251128379E-14,-1.5));
#1363 = DIRECTION('',(0.,0.,1.));
#1364 = DIRECTION('',(1.,0.,-0.));
#1365 = ORIENTED_EDGE('',*,*,#1366,.T.);
#1366 = EDGE_CURVE('',#1358,#1367,#1369,.T.);
#1367 = VERTEX_POINT('',#1368);
#1368 = CARTESIAN_POINT('',(130.02220071283,-2.3,-1.5));
#1369 = CIRCLE('',#1370,0.5);
#1370 = AXIS2_PLACEMENT_3D('',#1371,#1372,#1373);
#1371 = CARTESIAN_POINT('',(130.02220071283,-2.8,-1.5));
#1372 = DIRECTION('',(0.,0.,-1.));
#1373 = DIRECTION('',(1.,0.,0.));
#1374 = ORIENTED_EDGE('',*,*,#1375,.T.);
#1375 = EDGE_CURVE('',#1367,#1376,#1378,.T.);
#1376 = VERTEX_POINT('',#1377);
#1377 = CARTESIAN_POINT('',(131.9,-2.3,-1.5));
#1378 = LINE('',#1379,#1380);
#1379 = CARTESIAN_POINT('',(130.02220071283,-2.3,-1.5));
#1380 = VECTOR('',#1381,1.);
#1381 = DIRECTION('',(1.,0.,0.));
#1382 = ORIENTED_EDGE('',*,*,#1383,.T.);
#1383 = EDGE_CURVE('',#1376,#1384,#1386,.T.);
#1384 = VERTEX_POINT('',#1385);
#1385 = CARTESIAN_POINT('',(132.4,-1.8,-1.5));
#1386 = CIRCLE('',#1387,0.5);
#1387 = AXIS2_PLACEMENT_3D('',#1388,#1389,#1390);
#1388 = CARTESIAN_POINT('',(131.9,-1.8,-1.5));
#1389 = DIRECTION('',(0.,-0.,1.));
#1390 = DIRECTION('',(-1.,0.,0.));
#1391 = ORIENTED_EDGE('',*,*,#1392,.T.);
#1392 = EDGE_CURVE('',#1384,#1393,#1395,.T.);
#1393 = VERTEX_POINT('',#1394);
#1394 = CARTESIAN_POINT('',(132.4,1.8,-1.5));
#1395 = LINE('',#1396,#1397);
#1396 = CARTESIAN_POINT('',(132.4,-1.8,-1.5));
#1397 = VECTOR('',#1398,1.);
#1398 = DIRECTION('',(0.,1.,0.));
#1399 = ORIENTED_EDGE('',*,*,#1400,.T.);
#1400 = EDGE_CURVE('',#1393,#1401,#1403,.T.);
#1401 = VERTEX_POINT('',#1402);
#1402 = CARTESIAN_POINT('',(131.9,2.3,-1.5));
#1403 = CIRCLE('',#1404,0.5);
#1404 = AXIS2_PLACEMENT_3D('',#1405,#1406,#1407);
#1405 = CARTESIAN_POINT('',(131.9,1.8,-1.5));
#1406 = DIRECTION('',(0.,-0.,1.));
#1407 = DIRECTION('',(-1.,0.,0.));
#1408 = ORIENTED_EDGE('',*,*,#1409,.T.);
#1409 = EDGE_CURVE('',#1401,#1278,#1410,.T.);
#1410 = LINE('',#1411,#1412);
#1411 = CARTESIAN_POINT('',(130.02220071283,2.3,-1.5));
#1412 = VECTOR('',#1413,1.);
#1413 = DIRECTION('',(-1.,-6.466646576573E-15,-0.));
#1414 = FACE_BOUND('',#1415,.T.);
#1415 = EDGE_LOOP('',(#1416,#1427,#1436,#1445,#1453,#1462,#1470,#1479,
    #1487,#1496,#1505,#1514,#1522,#1531,#1539,#1548));
#1416 = ORIENTED_EDGE('',*,*,#1417,.T.);
#1417 = EDGE_CURVE('',#1418,#1420,#1422,.T.);
#1418 = VERTEX_POINT('',#1419);
#1419 = CARTESIAN_POINT('',(-94.97779928716,2.3,-1.5));
#1420 = VERTEX_POINT('',#1421);
#1421 = CARTESIAN_POINT('',(-95.41451239262,2.55652173913,-1.5));
#1422 = CIRCLE('',#1423,0.5);
#1423 = AXIS2_PLACEMENT_3D('',#1424,#1425,#1426);
#1424 = CARTESIAN_POINT('',(-94.97779928716,2.8,-1.5));
#1425 = DIRECTION('',(0.,0.,-1.));
#1426 = DIRECTION('',(1.,0.,0.));
#1427 = ORIENTED_EDGE('',*,*,#1428,.T.);
#1428 = EDGE_CURVE('',#1420,#1429,#1431,.T.);
#1429 = VERTEX_POINT('',#1430);
#1430 = CARTESIAN_POINT('',(-104.5854876073,2.55652173913,-1.5));
#1431 = CIRCLE('',#1432,5.25);
#1432 = AXIS2_PLACEMENT_3D('',#1433,#1434,#1435);
#1433 = CARTESIAN_POINT('',(-100.,-1.561251128379E-14,-1.5));
#1434 = DIRECTION('',(0.,0.,1.));
#1435 = DIRECTION('',(1.,0.,-0.));
#1436 = ORIENTED_EDGE('',*,*,#1437,.T.);
#1437 = EDGE_CURVE('',#1429,#1438,#1440,.T.);
#1438 = VERTEX_POINT('',#1439);
#1439 = CARTESIAN_POINT('',(-105.0222007128,2.3,-1.5));
#1440 = CIRCLE('',#1441,0.5);
#1441 = AXIS2_PLACEMENT_3D('',#1442,#1443,#1444);
#1442 = CARTESIAN_POINT('',(-105.0222007128,2.8,-1.5));
#1443 = DIRECTION('',(0.,0.,-1.));
#1444 = DIRECTION('',(-1.,0.,0.));
#1445 = ORIENTED_EDGE('',*,*,#1446,.T.);
#1446 = EDGE_CURVE('',#1438,#1447,#1449,.T.);
#1447 = VERTEX_POINT('',#1448);
#1448 = CARTESIAN_POINT('',(-106.9,2.3,-1.5));
#1449 = LINE('',#1450,#1451);
#1450 = CARTESIAN_POINT('',(-106.9,2.3,-1.5));
#1451 = VECTOR('',#1452,1.);
#1452 = DIRECTION('',(-1.,-9.238066537962E-16,-0.));
#1453 = ORIENTED_EDGE('',*,*,#1454,.T.);
#1454 = EDGE_CURVE('',#1447,#1455,#1457,.T.);
#1455 = VERTEX_POINT('',#1456);
#1456 = CARTESIAN_POINT('',(-107.4,1.8,-1.5));
#1457 = CIRCLE('',#1458,0.5);
#1458 = AXIS2_PLACEMENT_3D('',#1459,#1460,#1461);
#1459 = CARTESIAN_POINT('',(-106.9,1.8,-1.5));
#1460 = DIRECTION('',(0.,0.,1.));
#1461 = DIRECTION('',(1.,0.,-0.));
#1462 = ORIENTED_EDGE('',*,*,#1463,.T.);
#1463 = EDGE_CURVE('',#1455,#1464,#1466,.T.);
#1464 = VERTEX_POINT('',#1465);
#1465 = CARTESIAN_POINT('',(-107.4,-1.8,-1.5));
#1466 = LINE('',#1467,#1468);
#1467 = CARTESIAN_POINT('',(-107.4,-1.8,-1.5));
#1468 = VECTOR('',#1469,1.);
#1469 = DIRECTION('',(-0.,-1.,-0.));
#1470 = ORIENTED_EDGE('',*,*,#1471,.T.);
#1471 = EDGE_CURVE('',#1464,#1472,#1474,.T.);
#1472 = VERTEX_POINT('',#1473);
#1473 = CARTESIAN_POINT('',(-106.9,-2.3,-1.5));
#1474 = CIRCLE('',#1475,0.5);
#1475 = AXIS2_PLACEMENT_3D('',#1476,#1477,#1478);
#1476 = CARTESIAN_POINT('',(-106.9,-1.8,-1.5));
#1477 = DIRECTION('',(0.,0.,1.));
#1478 = DIRECTION('',(1.,0.,-0.));
#1479 = ORIENTED_EDGE('',*,*,#1480,.T.);
#1480 = EDGE_CURVE('',#1472,#1481,#1483,.T.);
#1481 = VERTEX_POINT('',#1482);
#1482 = CARTESIAN_POINT('',(-105.0222007128,-2.3,-1.5));
#1483 = LINE('',#1484,#1485);
#1484 = CARTESIAN_POINT('',(-105.0222007128,-2.3,-1.5));
#1485 = VECTOR('',#1486,1.);
#1486 = DIRECTION('',(1.,7.39045323037E-15,-0.));
#1487 = ORIENTED_EDGE('',*,*,#1488,.T.);
#1488 = EDGE_CURVE('',#1481,#1489,#1491,.T.);
#1489 = VERTEX_POINT('',#1490);
#1490 = CARTESIAN_POINT('',(-104.5854876073,-2.55652173913,-1.5));
#1491 = CIRCLE('',#1492,0.5);
#1492 = AXIS2_PLACEMENT_3D('',#1493,#1494,#1495);
#1493 = CARTESIAN_POINT('',(-105.0222007128,-2.8,-1.5));
#1494 = DIRECTION('',(0.,0.,-1.));
#1495 = DIRECTION('',(1.,0.,0.));
#1496 = ORIENTED_EDGE('',*,*,#1497,.T.);
#1497 = EDGE_CURVE('',#1489,#1498,#1500,.T.);
#1498 = VERTEX_POINT('',#1499);
#1499 = CARTESIAN_POINT('',(-95.41451239262,-2.55652173913,-1.5));
#1500 = CIRCLE('',#1501,5.25);
#1501 = AXIS2_PLACEMENT_3D('',#1502,#1503,#1504);
#1502 = CARTESIAN_POINT('',(-100.,-1.561251128379E-14,-1.5));
#1503 = DIRECTION('',(0.,0.,1.));
#1504 = DIRECTION('',(1.,0.,-0.));
#1505 = ORIENTED_EDGE('',*,*,#1506,.T.);
#1506 = EDGE_CURVE('',#1498,#1507,#1509,.T.);
#1507 = VERTEX_POINT('',#1508);
#1508 = CARTESIAN_POINT('',(-94.97779928716,-2.3,-1.5));
#1509 = CIRCLE('',#1510,0.5);
#1510 = AXIS2_PLACEMENT_3D('',#1511,#1512,#1513);
#1511 = CARTESIAN_POINT('',(-94.97779928716,-2.8,-1.5));
#1512 = DIRECTION('',(0.,0.,-1.));
#1513 = DIRECTION('',(1.,0.,0.));
#1514 = ORIENTED_EDGE('',*,*,#1515,.T.);
#1515 = EDGE_CURVE('',#1507,#1516,#1518,.T.);
#1516 = VERTEX_POINT('',#1517);
#1517 = CARTESIAN_POINT('',(-93.1,-2.3,-1.5));
#1518 = LINE('',#1519,#1520);
#1519 = CARTESIAN_POINT('',(-94.97779928716,-2.3,-1.5));
#1520 = VECTOR('',#1521,1.);
#1521 = DIRECTION('',(1.,0.,0.));
#1522 = ORIENTED_EDGE('',*,*,#1523,.T.);
#1523 = EDGE_CURVE('',#1516,#1524,#1526,.T.);
#1524 = VERTEX_POINT('',#1525);
#1525 = CARTESIAN_POINT('',(-92.6,-1.8,-1.5));
#1526 = CIRCLE('',#1527,0.5);
#1527 = AXIS2_PLACEMENT_3D('',#1528,#1529,#1530);
#1528 = CARTESIAN_POINT('',(-93.1,-1.8,-1.5));
#1529 = DIRECTION('',(0.,-0.,1.));
#1530 = DIRECTION('',(-1.,0.,0.));
#1531 = ORIENTED_EDGE('',*,*,#1532,.T.);
#1532 = EDGE_CURVE('',#1524,#1533,#1535,.T.);
#1533 = VERTEX_POINT('',#1534);
#1534 = CARTESIAN_POINT('',(-92.6,1.8,-1.5));
#1535 = LINE('',#1536,#1537);
#1536 = CARTESIAN_POINT('',(-92.6,-1.8,-1.5));
#1537 = VECTOR('',#1538,1.);
#1538 = DIRECTION('',(0.,1.,0.));
#1539 = ORIENTED_EDGE('',*,*,#1540,.T.);
#1540 = EDGE_CURVE('',#1533,#1541,#1543,.T.);
#1541 = VERTEX_POINT('',#1542);
#1542 = CARTESIAN_POINT('',(-93.1,2.3,-1.5));
#1543 = CIRCLE('',#1544,0.5);
#1544 = AXIS2_PLACEMENT_3D('',#1545,#1546,#1547);
#1545 = CARTESIAN_POINT('',(-93.1,1.8,-1.5));
#1546 = DIRECTION('',(0.,-0.,1.));
#1547 = DIRECTION('',(-1.,0.,0.));
#1548 = ORIENTED_EDGE('',*,*,#1549,.T.);
#1549 = EDGE_CURVE('',#1541,#1418,#1550,.T.);
#1550 = LINE('',#1551,#1552);
#1551 = CARTESIAN_POINT('',(-94.97779928716,2.3,-1.5));
#1552 = VECTOR('',#1553,1.);
#1553 = DIRECTION('',(-1.,-6.466646576573E-15,-0.));
#1554 = FACE_BOUND('',#1555,.T.);
#1555 = EDGE_LOOP('',(#1556,#1567,#1576,#1585,#1593,#1602,#1610,#1619,
    #1627,#1636,#1645,#1654,#1662,#1671,#1679,#1688));
#1556 = ORIENTED_EDGE('',*,*,#1557,.T.);
#1557 = EDGE_CURVE('',#1558,#1560,#1562,.T.);
#1558 = VERTEX_POINT('',#1559);
#1559 = CARTESIAN_POINT('',(-119.9777992871,2.3,-1.5));
#1560 = VERTEX_POINT('',#1561);
#1561 = CARTESIAN_POINT('',(-120.4145123926,2.55652173913,-1.5));
#1562 = CIRCLE('',#1563,0.5);
#1563 = AXIS2_PLACEMENT_3D('',#1564,#1565,#1566);
#1564 = CARTESIAN_POINT('',(-119.9777992871,2.8,-1.5));
#1565 = DIRECTION('',(0.,0.,-1.));
#1566 = DIRECTION('',(1.,0.,0.));
#1567 = ORIENTED_EDGE('',*,*,#1568,.T.);
#1568 = EDGE_CURVE('',#1560,#1569,#1571,.T.);
#1569 = VERTEX_POINT('',#1570);
#1570 = CARTESIAN_POINT('',(-129.5854876073,2.55652173913,-1.5));
#1571 = CIRCLE('',#1572,5.25);
#1572 = AXIS2_PLACEMENT_3D('',#1573,#1574,#1575);
#1573 = CARTESIAN_POINT('',(-125.,-1.561251128379E-14,-1.5));
#1574 = DIRECTION('',(0.,0.,1.));
#1575 = DIRECTION('',(1.,0.,-0.));
#1576 = ORIENTED_EDGE('',*,*,#1577,.T.);
#1577 = EDGE_CURVE('',#1569,#1578,#1580,.T.);
#1578 = VERTEX_POINT('',#1579);
#1579 = CARTESIAN_POINT('',(-130.0222007128,2.3,-1.5));
#1580 = CIRCLE('',#1581,0.5);
#1581 = AXIS2_PLACEMENT_3D('',#1582,#1583,#1584);
#1582 = CARTESIAN_POINT('',(-130.0222007128,2.8,-1.5));
#1583 = DIRECTION('',(0.,0.,-1.));
#1584 = DIRECTION('',(-1.,0.,0.));
#1585 = ORIENTED_EDGE('',*,*,#1586,.T.);
#1586 = EDGE_CURVE('',#1578,#1587,#1589,.T.);
#1587 = VERTEX_POINT('',#1588);
#1588 = CARTESIAN_POINT('',(-131.9,2.3,-1.5));
#1589 = LINE('',#1590,#1591);
#1590 = CARTESIAN_POINT('',(-131.9,2.3,-1.5));
#1591 = VECTOR('',#1592,1.);
#1592 = DIRECTION('',(-1.,-9.238066537962E-16,-0.));
#1593 = ORIENTED_EDGE('',*,*,#1594,.T.);
#1594 = EDGE_CURVE('',#1587,#1595,#1597,.T.);
#1595 = VERTEX_POINT('',#1596);
#1596 = CARTESIAN_POINT('',(-132.4,1.8,-1.5));
#1597 = CIRCLE('',#1598,0.5);
#1598 = AXIS2_PLACEMENT_3D('',#1599,#1600,#1601);
#1599 = CARTESIAN_POINT('',(-131.9,1.8,-1.5));
#1600 = DIRECTION('',(0.,0.,1.));
#1601 = DIRECTION('',(1.,0.,-0.));
#1602 = ORIENTED_EDGE('',*,*,#1603,.T.);
#1603 = EDGE_CURVE('',#1595,#1604,#1606,.T.);
#1604 = VERTEX_POINT('',#1605);
#1605 = CARTESIAN_POINT('',(-132.4,-1.8,-1.5));
#1606 = LINE('',#1607,#1608);
#1607 = CARTESIAN_POINT('',(-132.4,-1.8,-1.5));
#1608 = VECTOR('',#1609,1.);
#1609 = DIRECTION('',(-0.,-1.,-0.));
#1610 = ORIENTED_EDGE('',*,*,#1611,.T.);
#1611 = EDGE_CURVE('',#1604,#1612,#1614,.T.);
#1612 = VERTEX_POINT('',#1613);
#1613 = CARTESIAN_POINT('',(-131.9,-2.3,-1.5));
#1614 = CIRCLE('',#1615,0.5);
#1615 = AXIS2_PLACEMENT_3D('',#1616,#1617,#1618);
#1616 = CARTESIAN_POINT('',(-131.9,-1.8,-1.5));
#1617 = DIRECTION('',(0.,0.,1.));
#1618 = DIRECTION('',(1.,0.,-0.));
#1619 = ORIENTED_EDGE('',*,*,#1620,.T.);
#1620 = EDGE_CURVE('',#1612,#1621,#1623,.T.);
#1621 = VERTEX_POINT('',#1622);
#1622 = CARTESIAN_POINT('',(-130.0222007128,-2.3,-1.5));
#1623 = LINE('',#1624,#1625);
#1624 = CARTESIAN_POINT('',(-130.0222007128,-2.3,-1.5));
#1625 = VECTOR('',#1626,1.);
#1626 = DIRECTION('',(1.,7.39045323037E-15,-0.));
#1627 = ORIENTED_EDGE('',*,*,#1628,.T.);
#1628 = EDGE_CURVE('',#1621,#1629,#1631,.T.);
#1629 = VERTEX_POINT('',#1630);
#1630 = CARTESIAN_POINT('',(-129.5854876073,-2.55652173913,-1.5));
#1631 = CIRCLE('',#1632,0.5);
#1632 = AXIS2_PLACEMENT_3D('',#1633,#1634,#1635);
#1633 = CARTESIAN_POINT('',(-130.0222007128,-2.8,-1.5));
#1634 = DIRECTION('',(0.,0.,-1.));
#1635 = DIRECTION('',(1.,0.,0.));
#1636 = ORIENTED_EDGE('',*,*,#1637,.T.);
#1637 = EDGE_CURVE('',#1629,#1638,#1640,.T.);
#1638 = VERTEX_POINT('',#1639);
#1639 = CARTESIAN_POINT('',(-120.4145123926,-2.55652173913,-1.5));
#1640 = CIRCLE('',#1641,5.25);
#1641 = AXIS2_PLACEMENT_3D('',#1642,#1643,#1644);
#1642 = CARTESIAN_POINT('',(-125.,-1.561251128379E-14,-1.5));
#1643 = DIRECTION('',(0.,0.,1.));
#1644 = DIRECTION('',(1.,0.,-0.));
#1645 = ORIENTED_EDGE('',*,*,#1646,.T.);
#1646 = EDGE_CURVE('',#1638,#1647,#1649,.T.);
#1647 = VERTEX_POINT('',#1648);
#1648 = CARTESIAN_POINT('',(-119.9777992871,-2.3,-1.5));
#1649 = CIRCLE('',#1650,0.5);
#1650 = AXIS2_PLACEMENT_3D('',#1651,#1652,#1653);
#1651 = CARTESIAN_POINT('',(-119.9777992871,-2.8,-1.5));
#1652 = DIRECTION('',(0.,0.,-1.));
#1653 = DIRECTION('',(1.,0.,0.));
#1654 = ORIENTED_EDGE('',*,*,#1655,.T.);
#1655 = EDGE_CURVE('',#1647,#1656,#1658,.T.);
#1656 = VERTEX_POINT('',#1657);
#1657 = CARTESIAN_POINT('',(-118.1,-2.3,-1.5));
#1658 = LINE('',#1659,#1660);
#1659 = CARTESIAN_POINT('',(-119.9777992871,-2.3,-1.5));
#1660 = VECTOR('',#1661,1.);
#1661 = DIRECTION('',(1.,0.,0.));
#1662 = ORIENTED_EDGE('',*,*,#1663,.T.);
#1663 = EDGE_CURVE('',#1656,#1664,#1666,.T.);
#1664 = VERTEX_POINT('',#1665);
#1665 = CARTESIAN_POINT('',(-117.6,-1.8,-1.5));
#1666 = CIRCLE('',#1667,0.5);
#1667 = AXIS2_PLACEMENT_3D('',#1668,#1669,#1670);
#1668 = CARTESIAN_POINT('',(-118.1,-1.8,-1.5));
#1669 = DIRECTION('',(0.,-0.,1.));
#1670 = DIRECTION('',(-1.,0.,0.));
#1671 = ORIENTED_EDGE('',*,*,#1672,.T.);
#1672 = EDGE_CURVE('',#1664,#1673,#1675,.T.);
#1673 = VERTEX_POINT('',#1674);
#1674 = CARTESIAN_POINT('',(-117.6,1.8,-1.5));
#1675 = LINE('',#1676,#1677);
#1676 = CARTESIAN_POINT('',(-117.6,-1.8,-1.5));
#1677 = VECTOR('',#1678,1.);
#1678 = DIRECTION('',(0.,1.,0.));
#1679 = ORIENTED_EDGE('',*,*,#1680,.T.);
#1680 = EDGE_CURVE('',#1673,#1681,#1683,.T.);
#1681 = VERTEX_POINT('',#1682);
#1682 = CARTESIAN_POINT('',(-118.1,2.3,-1.5));
#1683 = CIRCLE('',#1684,0.5);
#1684 = AXIS2_PLACEMENT_3D('',#1685,#1686,#1687);
#1685 = CARTESIAN_POINT('',(-118.1,1.8,-1.5));
#1686 = DIRECTION('',(0.,-0.,1.));
#1687 = DIRECTION('',(-1.,0.,0.));
#1688 = ORIENTED_EDGE('',*,*,#1689,.T.);
#1689 = EDGE_CURVE('',#1681,#1558,#1690,.T.);
#1690 = LINE('',#1691,#1692);
#1691 = CARTESIAN_POINT('',(-119.9777992871,2.3,-1.5));
#1692 = VECTOR('',#1693,1.);
#1693 = DIRECTION('',(-1.,-6.466646576573E-15,-0.));
#1694 = FACE_BOUND('',#1695,.T.);
#1695 = EDGE_LOOP('',(#1696,#1706,#1714,#1722,#1730,#1738,#1746,#1754,
    #1762,#1770,#1778,#1786,#1794,#1802,#1810,#1818));
#1696 = ORIENTED_EDGE('',*,*,#1697,.F.);
#1697 = EDGE_CURVE('',#1698,#1700,#1702,.T.);
#1698 = VERTEX_POINT('',#1699);
#1699 = CARTESIAN_POINT('',(-141.,14.9,-1.5));
#1700 = VERTEX_POINT('',#1701);
#1701 = CARTESIAN_POINT('',(-141.,14.5,-1.5));
#1702 = LINE('',#1703,#1704);
#1703 = CARTESIAN_POINT('',(-141.,-17.,-1.5));
#1704 = VECTOR('',#1705,1.);
#1705 = DIRECTION('',(-0.,-1.,-0.));
#1706 = ORIENTED_EDGE('',*,*,#1707,.T.);
#1707 = EDGE_CURVE('',#1698,#1708,#1710,.T.);
#1708 = VERTEX_POINT('',#1709);
#1709 = CARTESIAN_POINT('',(-141.,15.5,-1.5));
#1710 = LINE('',#1711,#1712);
#1711 = CARTESIAN_POINT('',(-141.,14.9,-1.5));
#1712 = VECTOR('',#1713,1.);
#1713 = DIRECTION('',(-0.,1.,-0.));
#1714 = ORIENTED_EDGE('',*,*,#1715,.T.);
#1715 = EDGE_CURVE('',#1708,#1716,#1718,.T.);
#1716 = VERTEX_POINT('',#1717);
#1717 = CARTESIAN_POINT('',(141.,15.5,-1.5));
#1718 = LINE('',#1719,#1720);
#1719 = CARTESIAN_POINT('',(-7.525139984965E-30,15.5,-1.5));
#1720 = VECTOR('',#1721,1.);
#1721 = DIRECTION('',(1.,4.426552932332E-31,0.));
#1722 = ORIENTED_EDGE('',*,*,#1723,.F.);
#1723 = EDGE_CURVE('',#1724,#1716,#1726,.T.);
#1724 = VERTEX_POINT('',#1725);
#1725 = CARTESIAN_POINT('',(141.,14.9,-1.5));
#1726 = LINE('',#1727,#1728);
#1727 = CARTESIAN_POINT('',(141.,0.,-1.5));
#1728 = VECTOR('',#1729,1.);
#1729 = DIRECTION('',(0.,1.,0.));
#1730 = ORIENTED_EDGE('',*,*,#1731,.F.);
#1731 = EDGE_CURVE('',#1732,#1724,#1734,.T.);
#1732 = VERTEX_POINT('',#1733);
#1733 = CARTESIAN_POINT('',(141.,14.5,-1.5));
#1734 = LINE('',#1735,#1736);
#1735 = CARTESIAN_POINT('',(141.,-17.,-1.5));
#1736 = VECTOR('',#1737,1.);
#1737 = DIRECTION('',(0.,1.,0.));
#1738 = ORIENTED_EDGE('',*,*,#1739,.T.);
#1739 = EDGE_CURVE('',#1732,#1740,#1742,.T.);
#1740 = VERTEX_POINT('',#1741);
#1741 = CARTESIAN_POINT('',(141.86984848098,14.5,-1.5));
#1742 = LINE('',#1743,#1744);
#1743 = CARTESIAN_POINT('',(141.,14.5,-1.5));
#1744 = VECTOR('',#1745,1.);
#1745 = DIRECTION('',(1.,0.,0.));
#1746 = ORIENTED_EDGE('',*,*,#1747,.F.);
#1747 = EDGE_CURVE('',#1748,#1740,#1750,.T.);
#1748 = VERTEX_POINT('',#1749);
#1749 = CARTESIAN_POINT('',(141.86984848098,-14.5,-1.5));
#1750 = LINE('',#1751,#1752);
#1751 = CARTESIAN_POINT('',(141.86984848098,1.228530544893E-14,-1.5));
#1752 = VECTOR('',#1753,1.);
#1753 = DIRECTION('',(-8.659560562355E-17,1.,0.));
#1754 = ORIENTED_EDGE('',*,*,#1755,.F.);
#1755 = EDGE_CURVE('',#1756,#1748,#1758,.T.);
#1756 = VERTEX_POINT('',#1757);
#1757 = CARTESIAN_POINT('',(141.,-14.5,-1.5));
#1758 = LINE('',#1759,#1760);
#1759 = CARTESIAN_POINT('',(0.,-14.5,-1.5));
#1760 = VECTOR('',#1761,1.);
#1761 = DIRECTION('',(1.,-0.,-0.));
#1762 = ORIENTED_EDGE('',*,*,#1763,.F.);
#1763 = EDGE_CURVE('',#1764,#1756,#1766,.T.);
#1764 = VERTEX_POINT('',#1765);
#1765 = CARTESIAN_POINT('',(141.,-14.9,-1.5));
#1766 = LINE('',#1767,#1768);
#1767 = CARTESIAN_POINT('',(141.,-17.,-1.5));
#1768 = VECTOR('',#1769,1.);
#1769 = DIRECTION('',(0.,1.,0.));
#1770 = ORIENTED_EDGE('',*,*,#1771,.T.);
#1771 = EDGE_CURVE('',#1764,#1772,#1774,.T.);
#1772 = VERTEX_POINT('',#1773);
#1773 = CARTESIAN_POINT('',(141.,-15.5,-1.5));
#1774 = LINE('',#1775,#1776);
#1775 = CARTESIAN_POINT('',(141.,-14.9,-1.5));
#1776 = VECTOR('',#1777,1.);
#1777 = DIRECTION('',(-0.,-1.,-0.));
#1778 = ORIENTED_EDGE('',*,*,#1779,.T.);
#1779 = EDGE_CURVE('',#1772,#1780,#1782,.T.);
#1780 = VERTEX_POINT('',#1781);
#1781 = CARTESIAN_POINT('',(-141.,-15.5,-1.5));
#1782 = LINE('',#1783,#1784);
#1783 = CARTESIAN_POINT('',(0.,-15.5,-1.5));
#1784 = VECTOR('',#1785,1.);
#1785 = DIRECTION('',(-1.,-0.,-0.));
#1786 = ORIENTED_EDGE('',*,*,#1787,.F.);
#1787 = EDGE_CURVE('',#1788,#1780,#1790,.T.);
#1788 = VERTEX_POINT('',#1789);
#1789 = CARTESIAN_POINT('',(-141.,-14.9,-1.5));
#1790 = LINE('',#1791,#1792);
#1791 = CARTESIAN_POINT('',(-141.,0.,-1.5));
#1792 = VECTOR('',#1793,1.);
#1793 = DIRECTION('',(-0.,-1.,0.));
#1794 = ORIENTED_EDGE('',*,*,#1795,.F.);
#1795 = EDGE_CURVE('',#1796,#1788,#1798,.T.);
#1796 = VERTEX_POINT('',#1797);
#1797 = CARTESIAN_POINT('',(-141.,-14.5,-1.5));
#1798 = LINE('',#1799,#1800);
#1799 = CARTESIAN_POINT('',(-141.,-17.,-1.5));
#1800 = VECTOR('',#1801,1.);
#1801 = DIRECTION('',(-0.,-1.,-0.));
#1802 = ORIENTED_EDGE('',*,*,#1803,.T.);
#1803 = EDGE_CURVE('',#1796,#1804,#1806,.T.);
#1804 = VERTEX_POINT('',#1805);
#1805 = CARTESIAN_POINT('',(-141.8698484809,-14.5,-1.5));
#1806 = LINE('',#1807,#1808);
#1807 = CARTESIAN_POINT('',(-141.,-14.5,-1.5));
#1808 = VECTOR('',#1809,1.);
#1809 = DIRECTION('',(-1.,0.,0.));
#1810 = ORIENTED_EDGE('',*,*,#1811,.F.);
#1811 = EDGE_CURVE('',#1812,#1804,#1814,.T.);
#1812 = VERTEX_POINT('',#1813);
#1813 = CARTESIAN_POINT('',(-141.8698484809,14.5,-1.5));
#1814 = LINE('',#1815,#1816);
#1815 = CARTESIAN_POINT('',(-141.8698484809,1.228530544893E-14,-1.5));
#1816 = VECTOR('',#1817,1.);
#1817 = DIRECTION('',(-8.659560562355E-17,-1.,0.));
#1818 = ORIENTED_EDGE('',*,*,#1819,.F.);
#1819 = EDGE_CURVE('',#1700,#1812,#1820,.T.);
#1820 = LINE('',#1821,#1822);
#1821 = CARTESIAN_POINT('',(0.,14.5,-1.5));
#1822 = VECTOR('',#1823,1.);
#1823 = DIRECTION('',(-1.,-0.,-0.));
#1824 = PLANE('',#1825);
#1825 = AXIS2_PLACEMENT_3D('',#1826,#1827,#1828);
#1826 = CARTESIAN_POINT('',(0.,0.,-1.5));
#1827 = DIRECTION('',(0.,0.,-1.));
#1828 = DIRECTION('',(-1.,0.,-0.));
#1829 = ADVANCED_FACE('',(#1830,#1841,#1852,#1863,#1874,#1885,#1896,
    #1907,#1918,#1929,#1940,#2080,#2220,#2360,#2500,#2640,#2780,#2920,
    #3060,#3200,#3340,#3480),#3610,.F.);
#1830 = FACE_BOUND('',#1831,.T.);
#1831 = EDGE_LOOP('',(#1832));
#1832 = ORIENTED_EDGE('',*,*,#1833,.F.);
#1833 = EDGE_CURVE('',#1834,#1834,#1836,.T.);
#1834 = VERTEX_POINT('',#1835);
#1835 = CARTESIAN_POINT('',(-60.4,2.386836611538E-14,3.075750843931E-16)
  );
#1836 = CIRCLE('',#1837,2.1);
#1837 = AXIS2_PLACEMENT_3D('',#1838,#1839,#1840);
#1838 = CARTESIAN_POINT('',(-62.5,2.386836611538E-14,3.075750843931E-16)
  );
#1839 = DIRECTION('',(0.,0.,1.));
#1840 = DIRECTION('',(1.,0.,-0.));
#1841 = FACE_BOUND('',#1842,.T.);
#1842 = EDGE_LOOP('',(#1843));
#1843 = ORIENTED_EDGE('',*,*,#1844,.F.);
#1844 = EDGE_CURVE('',#1845,#1845,#1847,.T.);
#1845 = VERTEX_POINT('',#1846);
#1846 = CARTESIAN_POINT('',(-35.4,2.386836611538E-14,4.613626265896E-16)
  );
#1847 = CIRCLE('',#1848,2.1);
#1848 = AXIS2_PLACEMENT_3D('',#1849,#1850,#1851);
#1849 = CARTESIAN_POINT('',(-37.5,2.386836611538E-14,4.613626265896E-16)
  );
#1850 = DIRECTION('',(0.,0.,1.));
#1851 = DIRECTION('',(1.,0.,-0.));
#1852 = FACE_BOUND('',#1853,.T.);
#1853 = EDGE_LOOP('',(#1854));
#1854 = ORIENTED_EDGE('',*,*,#1855,.F.);
#1855 = EDGE_CURVE('',#1856,#1856,#1858,.T.);
#1856 = VERTEX_POINT('',#1857);
#1857 = CARTESIAN_POINT('',(-10.4,2.386836611538E-14,6.151501687861E-16)
  );
#1858 = CIRCLE('',#1859,2.1);
#1859 = AXIS2_PLACEMENT_3D('',#1860,#1861,#1862);
#1860 = CARTESIAN_POINT('',(-12.5,2.386836611538E-14,6.151501687861E-16)
  );
#1861 = DIRECTION('',(0.,0.,1.));
#1862 = DIRECTION('',(1.,0.,-0.));
#1863 = FACE_BOUND('',#1864,.T.);
#1864 = EDGE_LOOP('',(#1865));
#1865 = ORIENTED_EDGE('',*,*,#1866,.F.);
#1866 = EDGE_CURVE('',#1867,#1867,#1869,.T.);
#1867 = VERTEX_POINT('',#1868);
#1868 = CARTESIAN_POINT('',(14.6,2.386836611538E-14,7.689377109826E-16)
  );
#1869 = CIRCLE('',#1870,2.1);
#1870 = AXIS2_PLACEMENT_3D('',#1871,#1872,#1873);
#1871 = CARTESIAN_POINT('',(12.5,2.386836611538E-14,7.689377109826E-16)
  );
#1872 = DIRECTION('',(0.,0.,1.));
#1873 = DIRECTION('',(1.,0.,-0.));
#1874 = FACE_BOUND('',#1875,.T.);
#1875 = EDGE_LOOP('',(#1876));
#1876 = ORIENTED_EDGE('',*,*,#1877,.F.);
#1877 = EDGE_CURVE('',#1878,#1878,#1880,.T.);
#1878 = VERTEX_POINT('',#1879);
#1879 = CARTESIAN_POINT('',(39.6,2.386836611538E-14,9.227252531792E-16)
  );
#1880 = CIRCLE('',#1881,2.1);
#1881 = AXIS2_PLACEMENT_3D('',#1882,#1883,#1884);
#1882 = CARTESIAN_POINT('',(37.5,2.386836611538E-14,9.227252531792E-16)
  );
#1883 = DIRECTION('',(0.,0.,1.));
#1884 = DIRECTION('',(1.,0.,-0.));
#1885 = FACE_BOUND('',#1886,.T.);
#1886 = EDGE_LOOP('',(#1887));
#1887 = ORIENTED_EDGE('',*,*,#1888,.F.);
#1888 = EDGE_CURVE('',#1889,#1889,#1891,.T.);
#1889 = VERTEX_POINT('',#1890);
#1890 = CARTESIAN_POINT('',(64.6,2.386836611538E-14,1.076512795376E-15)
  );
#1891 = CIRCLE('',#1892,2.1);
#1892 = AXIS2_PLACEMENT_3D('',#1893,#1894,#1895);
#1893 = CARTESIAN_POINT('',(62.5,2.386836611538E-14,1.076512795376E-15)
  );
#1894 = DIRECTION('',(0.,0.,1.));
#1895 = DIRECTION('',(1.,0.,-0.));
#1896 = FACE_BOUND('',#1897,.T.);
#1897 = EDGE_LOOP('',(#1898));
#1898 = ORIENTED_EDGE('',*,*,#1899,.F.);
#1899 = EDGE_CURVE('',#1900,#1900,#1902,.T.);
#1900 = VERTEX_POINT('',#1901);
#1901 = CARTESIAN_POINT('',(89.6,2.386836611538E-14,1.230300337572E-15)
  );
#1902 = CIRCLE('',#1903,2.1);
#1903 = AXIS2_PLACEMENT_3D('',#1904,#1905,#1906);
#1904 = CARTESIAN_POINT('',(87.5,2.386836611538E-14,1.230300337572E-15)
  );
#1905 = DIRECTION('',(0.,0.,1.));
#1906 = DIRECTION('',(1.,0.,-0.));
#1907 = FACE_BOUND('',#1908,.T.);
#1908 = EDGE_LOOP('',(#1909));
#1909 = ORIENTED_EDGE('',*,*,#1910,.F.);
#1910 = EDGE_CURVE('',#1911,#1911,#1913,.T.);
#1911 = VERTEX_POINT('',#1912);
#1912 = CARTESIAN_POINT('',(114.6,2.386836611538E-14,1.384087879769E-15)
  );
#1913 = CIRCLE('',#1914,2.1);
#1914 = AXIS2_PLACEMENT_3D('',#1915,#1916,#1917);
#1915 = CARTESIAN_POINT('',(112.5,2.386836611538E-14,1.384087879769E-15)
  );
#1916 = DIRECTION('',(0.,0.,1.));
#1917 = DIRECTION('',(1.,0.,-0.));
#1918 = FACE_BOUND('',#1919,.T.);
#1919 = EDGE_LOOP('',(#1920));
#1920 = ORIENTED_EDGE('',*,*,#1921,.F.);
#1921 = EDGE_CURVE('',#1922,#1922,#1924,.T.);
#1922 = VERTEX_POINT('',#1923);
#1923 = CARTESIAN_POINT('',(-85.4,2.386836611538E-14,1.537875421965E-16)
  );
#1924 = CIRCLE('',#1925,2.1);
#1925 = AXIS2_PLACEMENT_3D('',#1926,#1927,#1928);
#1926 = CARTESIAN_POINT('',(-87.5,2.386836611538E-14,1.537875421965E-16)
  );
#1927 = DIRECTION('',(0.,0.,1.));
#1928 = DIRECTION('',(1.,0.,-0.));
#1929 = FACE_BOUND('',#1930,.T.);
#1930 = EDGE_LOOP('',(#1931));
#1931 = ORIENTED_EDGE('',*,*,#1932,.F.);
#1932 = EDGE_CURVE('',#1933,#1933,#1935,.T.);
#1933 = VERTEX_POINT('',#1934);
#1934 = CARTESIAN_POINT('',(-110.4,2.386836611538E-14,0.));
#1935 = CIRCLE('',#1936,2.1);
#1936 = AXIS2_PLACEMENT_3D('',#1937,#1938,#1939);
#1937 = CARTESIAN_POINT('',(-112.5,2.386836611538E-14,0.));
#1938 = DIRECTION('',(0.,0.,1.));
#1939 = DIRECTION('',(1.,0.,-0.));
#1940 = FACE_BOUND('',#1941,.T.);
#1941 = EDGE_LOOP('',(#1942,#1953,#1962,#1970,#1979,#1987,#1996,#2004,
    #2013,#2022,#2031,#2039,#2048,#2056,#2065,#2073));
#1942 = ORIENTED_EDGE('',*,*,#1943,.F.);
#1943 = EDGE_CURVE('',#1944,#1946,#1948,.T.);
#1944 = VERTEX_POINT('',#1945);
#1945 = CARTESIAN_POINT('',(-70.41451239262,2.55652173913,0.));
#1946 = VERTEX_POINT('',#1947);
#1947 = CARTESIAN_POINT('',(-79.58548760737,2.55652173913,
    3.075750843931E-16));
#1948 = CIRCLE('',#1949,5.25);
#1949 = AXIS2_PLACEMENT_3D('',#1950,#1951,#1952);
#1950 = CARTESIAN_POINT('',(-75.,-1.561251128379E-14,3.075750843931E-16)
  );
#1951 = DIRECTION('',(0.,0.,1.));
#1952 = DIRECTION('',(1.,0.,-0.));
#1953 = ORIENTED_EDGE('',*,*,#1954,.F.);
#1954 = EDGE_CURVE('',#1955,#1944,#1957,.T.);
#1955 = VERTEX_POINT('',#1956);
#1956 = CARTESIAN_POINT('',(-69.97779928716,2.3,3.075750843931E-16));
#1957 = CIRCLE('',#1958,0.5);
#1958 = AXIS2_PLACEMENT_3D('',#1959,#1960,#1961);
#1959 = CARTESIAN_POINT('',(-69.97779928716,2.8,3.075750843931E-16));
#1960 = DIRECTION('',(0.,0.,-1.));
#1961 = DIRECTION('',(1.,0.,0.));
#1962 = ORIENTED_EDGE('',*,*,#1963,.F.);
#1963 = EDGE_CURVE('',#1964,#1955,#1966,.T.);
#1964 = VERTEX_POINT('',#1965);
#1965 = CARTESIAN_POINT('',(-68.1,2.3,3.075750843931E-16));
#1966 = LINE('',#1967,#1968);
#1967 = CARTESIAN_POINT('',(-69.97779928716,2.3,3.075750843931E-16));
#1968 = VECTOR('',#1969,1.);
#1969 = DIRECTION('',(-1.,-6.466646576573E-15,-0.));
#1970 = ORIENTED_EDGE('',*,*,#1971,.F.);
#1971 = EDGE_CURVE('',#1972,#1964,#1974,.T.);
#1972 = VERTEX_POINT('',#1973);
#1973 = CARTESIAN_POINT('',(-67.6,1.8,3.075750843931E-16));
#1974 = CIRCLE('',#1975,0.5);
#1975 = AXIS2_PLACEMENT_3D('',#1976,#1977,#1978);
#1976 = CARTESIAN_POINT('',(-68.1,1.8,3.075750843931E-16));
#1977 = DIRECTION('',(0.,-0.,1.));
#1978 = DIRECTION('',(-1.,0.,0.));
#1979 = ORIENTED_EDGE('',*,*,#1980,.F.);
#1980 = EDGE_CURVE('',#1981,#1972,#1983,.T.);
#1981 = VERTEX_POINT('',#1982);
#1982 = CARTESIAN_POINT('',(-67.6,-1.8,3.075750843931E-16));
#1983 = LINE('',#1984,#1985);
#1984 = CARTESIAN_POINT('',(-67.6,-1.8,3.075750843931E-16));
#1985 = VECTOR('',#1986,1.);
#1986 = DIRECTION('',(0.,1.,0.));
#1987 = ORIENTED_EDGE('',*,*,#1988,.F.);
#1988 = EDGE_CURVE('',#1989,#1981,#1991,.T.);
#1989 = VERTEX_POINT('',#1990);
#1990 = CARTESIAN_POINT('',(-68.1,-2.3,3.075750843931E-16));
#1991 = CIRCLE('',#1992,0.5);
#1992 = AXIS2_PLACEMENT_3D('',#1993,#1994,#1995);
#1993 = CARTESIAN_POINT('',(-68.1,-1.8,3.075750843931E-16));
#1994 = DIRECTION('',(0.,-0.,1.));
#1995 = DIRECTION('',(-1.,0.,0.));
#1996 = ORIENTED_EDGE('',*,*,#1997,.F.);
#1997 = EDGE_CURVE('',#1998,#1989,#2000,.T.);
#1998 = VERTEX_POINT('',#1999);
#1999 = CARTESIAN_POINT('',(-69.97779928716,-2.3,3.075750843931E-16));
#2000 = LINE('',#2001,#2002);
#2001 = CARTESIAN_POINT('',(-69.97779928716,-2.3,3.075750843931E-16));
#2002 = VECTOR('',#2003,1.);
#2003 = DIRECTION('',(1.,0.,0.));
#2004 = ORIENTED_EDGE('',*,*,#2005,.F.);
#2005 = EDGE_CURVE('',#2006,#1998,#2008,.T.);
#2006 = VERTEX_POINT('',#2007);
#2007 = CARTESIAN_POINT('',(-70.41451239262,-2.55652173913,
    3.075750843931E-16));
#2008 = CIRCLE('',#2009,0.5);
#2009 = AXIS2_PLACEMENT_3D('',#2010,#2011,#2012);
#2010 = CARTESIAN_POINT('',(-69.97779928716,-2.8,3.075750843931E-16));
#2011 = DIRECTION('',(0.,0.,-1.));
#2012 = DIRECTION('',(1.,0.,0.));
#2013 = ORIENTED_EDGE('',*,*,#2014,.F.);
#2014 = EDGE_CURVE('',#2015,#2006,#2017,.T.);
#2015 = VERTEX_POINT('',#2016);
#2016 = CARTESIAN_POINT('',(-79.58548760737,-2.55652173913,
    3.075750843931E-16));
#2017 = CIRCLE('',#2018,5.25);
#2018 = AXIS2_PLACEMENT_3D('',#2019,#2020,#2021);
#2019 = CARTESIAN_POINT('',(-75.,-1.561251128379E-14,3.075750843931E-16)
  );
#2020 = DIRECTION('',(0.,0.,1.));
#2021 = DIRECTION('',(1.,0.,-0.));
#2022 = ORIENTED_EDGE('',*,*,#2023,.F.);
#2023 = EDGE_CURVE('',#2024,#2015,#2026,.T.);
#2024 = VERTEX_POINT('',#2025);
#2025 = CARTESIAN_POINT('',(-80.02220071283,-2.3,3.075750843931E-16));
#2026 = CIRCLE('',#2027,0.5);
#2027 = AXIS2_PLACEMENT_3D('',#2028,#2029,#2030);
#2028 = CARTESIAN_POINT('',(-80.02220071283,-2.8,3.075750843931E-16));
#2029 = DIRECTION('',(0.,0.,-1.));
#2030 = DIRECTION('',(1.,0.,0.));
#2031 = ORIENTED_EDGE('',*,*,#2032,.F.);
#2032 = EDGE_CURVE('',#2033,#2024,#2035,.T.);
#2033 = VERTEX_POINT('',#2034);
#2034 = CARTESIAN_POINT('',(-81.9,-2.3,3.075750843931E-16));
#2035 = LINE('',#2036,#2037);
#2036 = CARTESIAN_POINT('',(-80.02220071283,-2.3,3.075750843931E-16));
#2037 = VECTOR('',#2038,1.);
#2038 = DIRECTION('',(1.,7.39045323037E-15,-0.));
#2039 = ORIENTED_EDGE('',*,*,#2040,.F.);
#2040 = EDGE_CURVE('',#2041,#2033,#2043,.T.);
#2041 = VERTEX_POINT('',#2042);
#2042 = CARTESIAN_POINT('',(-82.4,-1.8,3.075750843931E-16));
#2043 = CIRCLE('',#2044,0.5);
#2044 = AXIS2_PLACEMENT_3D('',#2045,#2046,#2047);
#2045 = CARTESIAN_POINT('',(-81.9,-1.8,3.075750843931E-16));
#2046 = DIRECTION('',(0.,0.,1.));
#2047 = DIRECTION('',(1.,0.,-0.));
#2048 = ORIENTED_EDGE('',*,*,#2049,.F.);
#2049 = EDGE_CURVE('',#2050,#2041,#2052,.T.);
#2050 = VERTEX_POINT('',#2051);
#2051 = CARTESIAN_POINT('',(-82.4,1.8,3.075750843931E-16));
#2052 = LINE('',#2053,#2054);
#2053 = CARTESIAN_POINT('',(-82.4,-1.8,3.075750843931E-16));
#2054 = VECTOR('',#2055,1.);
#2055 = DIRECTION('',(-0.,-1.,-0.));
#2056 = ORIENTED_EDGE('',*,*,#2057,.F.);
#2057 = EDGE_CURVE('',#2058,#2050,#2060,.T.);
#2058 = VERTEX_POINT('',#2059);
#2059 = CARTESIAN_POINT('',(-81.9,2.3,3.075750843931E-16));
#2060 = CIRCLE('',#2061,0.5);
#2061 = AXIS2_PLACEMENT_3D('',#2062,#2063,#2064);
#2062 = CARTESIAN_POINT('',(-81.9,1.8,3.075750843931E-16));
#2063 = DIRECTION('',(0.,0.,1.));
#2064 = DIRECTION('',(1.,0.,-0.));
#2065 = ORIENTED_EDGE('',*,*,#2066,.F.);
#2066 = EDGE_CURVE('',#2067,#2058,#2069,.T.);
#2067 = VERTEX_POINT('',#2068);
#2068 = CARTESIAN_POINT('',(-80.02220071283,2.3,3.075750843931E-16));
#2069 = LINE('',#2070,#2071);
#2070 = CARTESIAN_POINT('',(-81.9,2.3,3.075750843931E-16));
#2071 = VECTOR('',#2072,1.);
#2072 = DIRECTION('',(-1.,-9.238066537962E-16,-0.));
#2073 = ORIENTED_EDGE('',*,*,#2074,.F.);
#2074 = EDGE_CURVE('',#1946,#2067,#2075,.T.);
#2075 = CIRCLE('',#2076,0.5);
#2076 = AXIS2_PLACEMENT_3D('',#2077,#2078,#2079);
#2077 = CARTESIAN_POINT('',(-80.02220071283,2.8,3.075750843931E-16));
#2078 = DIRECTION('',(0.,0.,-1.));
#2079 = DIRECTION('',(-1.,0.,0.));
#2080 = FACE_BOUND('',#2081,.T.);
#2081 = EDGE_LOOP('',(#2082,#2093,#2102,#2110,#2119,#2127,#2136,#2144,
    #2153,#2162,#2171,#2179,#2188,#2196,#2205,#2213));
#2082 = ORIENTED_EDGE('',*,*,#2083,.F.);
#2083 = EDGE_CURVE('',#2084,#2086,#2088,.T.);
#2084 = VERTEX_POINT('',#2085);
#2085 = CARTESIAN_POINT('',(-45.41451239262,2.55652173913,0.));
#2086 = VERTEX_POINT('',#2087);
#2087 = CARTESIAN_POINT('',(-54.58548760737,2.55652173913,
    4.613626265896E-16));
#2088 = CIRCLE('',#2089,5.25);
#2089 = AXIS2_PLACEMENT_3D('',#2090,#2091,#2092);
#2090 = CARTESIAN_POINT('',(-50.,-1.561251128379E-14,4.613626265896E-16)
  );
#2091 = DIRECTION('',(0.,0.,1.));
#2092 = DIRECTION('',(1.,0.,-0.));
#2093 = ORIENTED_EDGE('',*,*,#2094,.F.);
#2094 = EDGE_CURVE('',#2095,#2084,#2097,.T.);
#2095 = VERTEX_POINT('',#2096);
#2096 = CARTESIAN_POINT('',(-44.97779928716,2.3,4.613626265896E-16));
#2097 = CIRCLE('',#2098,0.5);
#2098 = AXIS2_PLACEMENT_3D('',#2099,#2100,#2101);
#2099 = CARTESIAN_POINT('',(-44.97779928716,2.8,4.613626265896E-16));
#2100 = DIRECTION('',(0.,0.,-1.));
#2101 = DIRECTION('',(1.,0.,0.));
#2102 = ORIENTED_EDGE('',*,*,#2103,.F.);
#2103 = EDGE_CURVE('',#2104,#2095,#2106,.T.);
#2104 = VERTEX_POINT('',#2105);
#2105 = CARTESIAN_POINT('',(-43.1,2.3,4.613626265896E-16));
#2106 = LINE('',#2107,#2108);
#2107 = CARTESIAN_POINT('',(-44.97779928716,2.3,4.613626265896E-16));
#2108 = VECTOR('',#2109,1.);
#2109 = DIRECTION('',(-1.,-6.466646576573E-15,-0.));
#2110 = ORIENTED_EDGE('',*,*,#2111,.F.);
#2111 = EDGE_CURVE('',#2112,#2104,#2114,.T.);
#2112 = VERTEX_POINT('',#2113);
#2113 = CARTESIAN_POINT('',(-42.6,1.8,4.613626265896E-16));
#2114 = CIRCLE('',#2115,0.5);
#2115 = AXIS2_PLACEMENT_3D('',#2116,#2117,#2118);
#2116 = CARTESIAN_POINT('',(-43.1,1.8,4.613626265896E-16));
#2117 = DIRECTION('',(0.,-0.,1.));
#2118 = DIRECTION('',(-1.,0.,0.));
#2119 = ORIENTED_EDGE('',*,*,#2120,.F.);
#2120 = EDGE_CURVE('',#2121,#2112,#2123,.T.);
#2121 = VERTEX_POINT('',#2122);
#2122 = CARTESIAN_POINT('',(-42.6,-1.8,4.613626265896E-16));
#2123 = LINE('',#2124,#2125);
#2124 = CARTESIAN_POINT('',(-42.6,-1.8,4.613626265896E-16));
#2125 = VECTOR('',#2126,1.);
#2126 = DIRECTION('',(0.,1.,0.));
#2127 = ORIENTED_EDGE('',*,*,#2128,.F.);
#2128 = EDGE_CURVE('',#2129,#2121,#2131,.T.);
#2129 = VERTEX_POINT('',#2130);
#2130 = CARTESIAN_POINT('',(-43.1,-2.3,4.613626265896E-16));
#2131 = CIRCLE('',#2132,0.5);
#2132 = AXIS2_PLACEMENT_3D('',#2133,#2134,#2135);
#2133 = CARTESIAN_POINT('',(-43.1,-1.8,4.613626265896E-16));
#2134 = DIRECTION('',(0.,-0.,1.));
#2135 = DIRECTION('',(-1.,0.,0.));
#2136 = ORIENTED_EDGE('',*,*,#2137,.F.);
#2137 = EDGE_CURVE('',#2138,#2129,#2140,.T.);
#2138 = VERTEX_POINT('',#2139);
#2139 = CARTESIAN_POINT('',(-44.97779928716,-2.3,4.613626265896E-16));
#2140 = LINE('',#2141,#2142);
#2141 = CARTESIAN_POINT('',(-44.97779928716,-2.3,4.613626265896E-16));
#2142 = VECTOR('',#2143,1.);
#2143 = DIRECTION('',(1.,0.,0.));
#2144 = ORIENTED_EDGE('',*,*,#2145,.F.);
#2145 = EDGE_CURVE('',#2146,#2138,#2148,.T.);
#2146 = VERTEX_POINT('',#2147);
#2147 = CARTESIAN_POINT('',(-45.41451239262,-2.55652173913,
    4.613626265896E-16));
#2148 = CIRCLE('',#2149,0.5);
#2149 = AXIS2_PLACEMENT_3D('',#2150,#2151,#2152);
#2150 = CARTESIAN_POINT('',(-44.97779928716,-2.8,4.613626265896E-16));
#2151 = DIRECTION('',(0.,0.,-1.));
#2152 = DIRECTION('',(1.,0.,0.));
#2153 = ORIENTED_EDGE('',*,*,#2154,.F.);
#2154 = EDGE_CURVE('',#2155,#2146,#2157,.T.);
#2155 = VERTEX_POINT('',#2156);
#2156 = CARTESIAN_POINT('',(-54.58548760737,-2.55652173913,
    4.613626265896E-16));
#2157 = CIRCLE('',#2158,5.25);
#2158 = AXIS2_PLACEMENT_3D('',#2159,#2160,#2161);
#2159 = CARTESIAN_POINT('',(-50.,-1.561251128379E-14,4.613626265896E-16)
  );
#2160 = DIRECTION('',(0.,0.,1.));
#2161 = DIRECTION('',(1.,0.,-0.));
#2162 = ORIENTED_EDGE('',*,*,#2163,.F.);
#2163 = EDGE_CURVE('',#2164,#2155,#2166,.T.);
#2164 = VERTEX_POINT('',#2165);
#2165 = CARTESIAN_POINT('',(-55.02220071283,-2.3,4.613626265896E-16));
#2166 = CIRCLE('',#2167,0.5);
#2167 = AXIS2_PLACEMENT_3D('',#2168,#2169,#2170);
#2168 = CARTESIAN_POINT('',(-55.02220071283,-2.8,4.613626265896E-16));
#2169 = DIRECTION('',(0.,0.,-1.));
#2170 = DIRECTION('',(1.,0.,0.));
#2171 = ORIENTED_EDGE('',*,*,#2172,.F.);
#2172 = EDGE_CURVE('',#2173,#2164,#2175,.T.);
#2173 = VERTEX_POINT('',#2174);
#2174 = CARTESIAN_POINT('',(-56.9,-2.3,4.613626265896E-16));
#2175 = LINE('',#2176,#2177);
#2176 = CARTESIAN_POINT('',(-55.02220071283,-2.3,4.613626265896E-16));
#2177 = VECTOR('',#2178,1.);
#2178 = DIRECTION('',(1.,7.39045323037E-15,-0.));
#2179 = ORIENTED_EDGE('',*,*,#2180,.F.);
#2180 = EDGE_CURVE('',#2181,#2173,#2183,.T.);
#2181 = VERTEX_POINT('',#2182);
#2182 = CARTESIAN_POINT('',(-57.4,-1.8,4.613626265896E-16));
#2183 = CIRCLE('',#2184,0.5);
#2184 = AXIS2_PLACEMENT_3D('',#2185,#2186,#2187);
#2185 = CARTESIAN_POINT('',(-56.9,-1.8,4.613626265896E-16));
#2186 = DIRECTION('',(0.,0.,1.));
#2187 = DIRECTION('',(1.,0.,-0.));
#2188 = ORIENTED_EDGE('',*,*,#2189,.F.);
#2189 = EDGE_CURVE('',#2190,#2181,#2192,.T.);
#2190 = VERTEX_POINT('',#2191);
#2191 = CARTESIAN_POINT('',(-57.4,1.8,4.613626265896E-16));
#2192 = LINE('',#2193,#2194);
#2193 = CARTESIAN_POINT('',(-57.4,-1.8,4.613626265896E-16));
#2194 = VECTOR('',#2195,1.);
#2195 = DIRECTION('',(-0.,-1.,-0.));
#2196 = ORIENTED_EDGE('',*,*,#2197,.F.);
#2197 = EDGE_CURVE('',#2198,#2190,#2200,.T.);
#2198 = VERTEX_POINT('',#2199);
#2199 = CARTESIAN_POINT('',(-56.9,2.3,4.613626265896E-16));
#2200 = CIRCLE('',#2201,0.5);
#2201 = AXIS2_PLACEMENT_3D('',#2202,#2203,#2204);
#2202 = CARTESIAN_POINT('',(-56.9,1.8,4.613626265896E-16));
#2203 = DIRECTION('',(0.,0.,1.));
#2204 = DIRECTION('',(1.,0.,-0.));
#2205 = ORIENTED_EDGE('',*,*,#2206,.F.);
#2206 = EDGE_CURVE('',#2207,#2198,#2209,.T.);
#2207 = VERTEX_POINT('',#2208);
#2208 = CARTESIAN_POINT('',(-55.02220071283,2.3,4.613626265896E-16));
#2209 = LINE('',#2210,#2211);
#2210 = CARTESIAN_POINT('',(-56.9,2.3,4.613626265896E-16));
#2211 = VECTOR('',#2212,1.);
#2212 = DIRECTION('',(-1.,-9.238066537962E-16,-0.));
#2213 = ORIENTED_EDGE('',*,*,#2214,.F.);
#2214 = EDGE_CURVE('',#2086,#2207,#2215,.T.);
#2215 = CIRCLE('',#2216,0.5);
#2216 = AXIS2_PLACEMENT_3D('',#2217,#2218,#2219);
#2217 = CARTESIAN_POINT('',(-55.02220071283,2.8,4.613626265896E-16));
#2218 = DIRECTION('',(0.,0.,-1.));
#2219 = DIRECTION('',(-1.,0.,0.));
#2220 = FACE_BOUND('',#2221,.T.);
#2221 = EDGE_LOOP('',(#2222,#2233,#2242,#2250,#2259,#2267,#2276,#2284,
    #2293,#2302,#2311,#2319,#2328,#2336,#2345,#2353));
#2222 = ORIENTED_EDGE('',*,*,#2223,.F.);
#2223 = EDGE_CURVE('',#2224,#2226,#2228,.T.);
#2224 = VERTEX_POINT('',#2225);
#2225 = CARTESIAN_POINT('',(-20.41451239262,2.55652173913,0.));
#2226 = VERTEX_POINT('',#2227);
#2227 = CARTESIAN_POINT('',(-29.58548760737,2.55652173913,
    6.151501687861E-16));
#2228 = CIRCLE('',#2229,5.25);
#2229 = AXIS2_PLACEMENT_3D('',#2230,#2231,#2232);
#2230 = CARTESIAN_POINT('',(-25.,-1.561251128379E-14,6.151501687861E-16)
  );
#2231 = DIRECTION('',(0.,0.,1.));
#2232 = DIRECTION('',(1.,0.,-0.));
#2233 = ORIENTED_EDGE('',*,*,#2234,.F.);
#2234 = EDGE_CURVE('',#2235,#2224,#2237,.T.);
#2235 = VERTEX_POINT('',#2236);
#2236 = CARTESIAN_POINT('',(-19.97779928716,2.3,6.151501687861E-16));
#2237 = CIRCLE('',#2238,0.5);
#2238 = AXIS2_PLACEMENT_3D('',#2239,#2240,#2241);
#2239 = CARTESIAN_POINT('',(-19.97779928716,2.8,6.151501687861E-16));
#2240 = DIRECTION('',(0.,0.,-1.));
#2241 = DIRECTION('',(1.,0.,0.));
#2242 = ORIENTED_EDGE('',*,*,#2243,.F.);
#2243 = EDGE_CURVE('',#2244,#2235,#2246,.T.);
#2244 = VERTEX_POINT('',#2245);
#2245 = CARTESIAN_POINT('',(-18.1,2.3,6.151501687861E-16));
#2246 = LINE('',#2247,#2248);
#2247 = CARTESIAN_POINT('',(-19.97779928716,2.3,6.151501687861E-16));
#2248 = VECTOR('',#2249,1.);
#2249 = DIRECTION('',(-1.,-6.466646576573E-15,-0.));
#2250 = ORIENTED_EDGE('',*,*,#2251,.F.);
#2251 = EDGE_CURVE('',#2252,#2244,#2254,.T.);
#2252 = VERTEX_POINT('',#2253);
#2253 = CARTESIAN_POINT('',(-17.6,1.8,6.151501687861E-16));
#2254 = CIRCLE('',#2255,0.5);
#2255 = AXIS2_PLACEMENT_3D('',#2256,#2257,#2258);
#2256 = CARTESIAN_POINT('',(-18.1,1.8,6.151501687861E-16));
#2257 = DIRECTION('',(0.,-0.,1.));
#2258 = DIRECTION('',(-1.,0.,0.));
#2259 = ORIENTED_EDGE('',*,*,#2260,.F.);
#2260 = EDGE_CURVE('',#2261,#2252,#2263,.T.);
#2261 = VERTEX_POINT('',#2262);
#2262 = CARTESIAN_POINT('',(-17.6,-1.8,6.151501687861E-16));
#2263 = LINE('',#2264,#2265);
#2264 = CARTESIAN_POINT('',(-17.6,-1.8,6.151501687861E-16));
#2265 = VECTOR('',#2266,1.);
#2266 = DIRECTION('',(0.,1.,0.));
#2267 = ORIENTED_EDGE('',*,*,#2268,.F.);
#2268 = EDGE_CURVE('',#2269,#2261,#2271,.T.);
#2269 = VERTEX_POINT('',#2270);
#2270 = CARTESIAN_POINT('',(-18.1,-2.3,6.151501687861E-16));
#2271 = CIRCLE('',#2272,0.5);
#2272 = AXIS2_PLACEMENT_3D('',#2273,#2274,#2275);
#2273 = CARTESIAN_POINT('',(-18.1,-1.8,6.151501687861E-16));
#2274 = DIRECTION('',(0.,-0.,1.));
#2275 = DIRECTION('',(-1.,0.,0.));
#2276 = ORIENTED_EDGE('',*,*,#2277,.F.);
#2277 = EDGE_CURVE('',#2278,#2269,#2280,.T.);
#2278 = VERTEX_POINT('',#2279);
#2279 = CARTESIAN_POINT('',(-19.97779928716,-2.3,6.151501687861E-16));
#2280 = LINE('',#2281,#2282);
#2281 = CARTESIAN_POINT('',(-19.97779928716,-2.3,6.151501687861E-16));
#2282 = VECTOR('',#2283,1.);
#2283 = DIRECTION('',(1.,0.,0.));
#2284 = ORIENTED_EDGE('',*,*,#2285,.F.);
#2285 = EDGE_CURVE('',#2286,#2278,#2288,.T.);
#2286 = VERTEX_POINT('',#2287);
#2287 = CARTESIAN_POINT('',(-20.41451239262,-2.55652173913,
    6.151501687861E-16));
#2288 = CIRCLE('',#2289,0.5);
#2289 = AXIS2_PLACEMENT_3D('',#2290,#2291,#2292);
#2290 = CARTESIAN_POINT('',(-19.97779928716,-2.8,6.151501687861E-16));
#2291 = DIRECTION('',(0.,0.,-1.));
#2292 = DIRECTION('',(1.,0.,0.));
#2293 = ORIENTED_EDGE('',*,*,#2294,.F.);
#2294 = EDGE_CURVE('',#2295,#2286,#2297,.T.);
#2295 = VERTEX_POINT('',#2296);
#2296 = CARTESIAN_POINT('',(-29.58548760737,-2.55652173913,
    6.151501687861E-16));
#2297 = CIRCLE('',#2298,5.25);
#2298 = AXIS2_PLACEMENT_3D('',#2299,#2300,#2301);
#2299 = CARTESIAN_POINT('',(-25.,-1.561251128379E-14,6.151501687861E-16)
  );
#2300 = DIRECTION('',(0.,0.,1.));
#2301 = DIRECTION('',(1.,0.,-0.));
#2302 = ORIENTED_EDGE('',*,*,#2303,.F.);
#2303 = EDGE_CURVE('',#2304,#2295,#2306,.T.);
#2304 = VERTEX_POINT('',#2305);
#2305 = CARTESIAN_POINT('',(-30.02220071283,-2.3,6.151501687861E-16));
#2306 = CIRCLE('',#2307,0.5);
#2307 = AXIS2_PLACEMENT_3D('',#2308,#2309,#2310);
#2308 = CARTESIAN_POINT('',(-30.02220071283,-2.8,6.151501687861E-16));
#2309 = DIRECTION('',(0.,0.,-1.));
#2310 = DIRECTION('',(1.,0.,0.));
#2311 = ORIENTED_EDGE('',*,*,#2312,.F.);
#2312 = EDGE_CURVE('',#2313,#2304,#2315,.T.);
#2313 = VERTEX_POINT('',#2314);
#2314 = CARTESIAN_POINT('',(-31.9,-2.3,6.151501687861E-16));
#2315 = LINE('',#2316,#2317);
#2316 = CARTESIAN_POINT('',(-30.02220071283,-2.3,6.151501687861E-16));
#2317 = VECTOR('',#2318,1.);
#2318 = DIRECTION('',(1.,7.39045323037E-15,-0.));
#2319 = ORIENTED_EDGE('',*,*,#2320,.F.);
#2320 = EDGE_CURVE('',#2321,#2313,#2323,.T.);
#2321 = VERTEX_POINT('',#2322);
#2322 = CARTESIAN_POINT('',(-32.4,-1.8,6.151501687861E-16));
#2323 = CIRCLE('',#2324,0.5);
#2324 = AXIS2_PLACEMENT_3D('',#2325,#2326,#2327);
#2325 = CARTESIAN_POINT('',(-31.9,-1.8,6.151501687861E-16));
#2326 = DIRECTION('',(0.,0.,1.));
#2327 = DIRECTION('',(1.,0.,-0.));
#2328 = ORIENTED_EDGE('',*,*,#2329,.F.);
#2329 = EDGE_CURVE('',#2330,#2321,#2332,.T.);
#2330 = VERTEX_POINT('',#2331);
#2331 = CARTESIAN_POINT('',(-32.4,1.8,6.151501687861E-16));
#2332 = LINE('',#2333,#2334);
#2333 = CARTESIAN_POINT('',(-32.4,-1.8,6.151501687861E-16));
#2334 = VECTOR('',#2335,1.);
#2335 = DIRECTION('',(-0.,-1.,-0.));
#2336 = ORIENTED_EDGE('',*,*,#2337,.F.);
#2337 = EDGE_CURVE('',#2338,#2330,#2340,.T.);
#2338 = VERTEX_POINT('',#2339);
#2339 = CARTESIAN_POINT('',(-31.9,2.3,6.151501687861E-16));
#2340 = CIRCLE('',#2341,0.5);
#2341 = AXIS2_PLACEMENT_3D('',#2342,#2343,#2344);
#2342 = CARTESIAN_POINT('',(-31.9,1.8,6.151501687861E-16));
#2343 = DIRECTION('',(0.,0.,1.));
#2344 = DIRECTION('',(1.,0.,-0.));
#2345 = ORIENTED_EDGE('',*,*,#2346,.F.);
#2346 = EDGE_CURVE('',#2347,#2338,#2349,.T.);
#2347 = VERTEX_POINT('',#2348);
#2348 = CARTESIAN_POINT('',(-30.02220071283,2.3,6.151501687861E-16));
#2349 = LINE('',#2350,#2351);
#2350 = CARTESIAN_POINT('',(-31.9,2.3,6.151501687861E-16));
#2351 = VECTOR('',#2352,1.);
#2352 = DIRECTION('',(-1.,-9.238066537962E-16,-0.));
#2353 = ORIENTED_EDGE('',*,*,#2354,.F.);
#2354 = EDGE_CURVE('',#2226,#2347,#2355,.T.);
#2355 = CIRCLE('',#2356,0.5);
#2356 = AXIS2_PLACEMENT_3D('',#2357,#2358,#2359);
#2357 = CARTESIAN_POINT('',(-30.02220071283,2.8,6.151501687861E-16));
#2358 = DIRECTION('',(0.,0.,-1.));
#2359 = DIRECTION('',(-1.,0.,0.));
#2360 = FACE_BOUND('',#2361,.T.);
#2361 = EDGE_LOOP('',(#2362,#2373,#2382,#2390,#2399,#2407,#2416,#2424,
    #2433,#2442,#2451,#2459,#2468,#2476,#2485,#2493));
#2362 = ORIENTED_EDGE('',*,*,#2363,.F.);
#2363 = EDGE_CURVE('',#2364,#2366,#2368,.T.);
#2364 = VERTEX_POINT('',#2365);
#2365 = CARTESIAN_POINT('',(4.585487607371,2.55652173913,0.));
#2366 = VERTEX_POINT('',#2367);
#2367 = CARTESIAN_POINT('',(-4.585487607371,2.55652173913,
    7.689377109826E-16));
#2368 = CIRCLE('',#2369,5.25);
#2369 = AXIS2_PLACEMENT_3D('',#2370,#2371,#2372);
#2370 = CARTESIAN_POINT('',(0.,-1.561251128379E-14,7.689377109826E-16));
#2371 = DIRECTION('',(0.,0.,1.));
#2372 = DIRECTION('',(1.,0.,-0.));
#2373 = ORIENTED_EDGE('',*,*,#2374,.F.);
#2374 = EDGE_CURVE('',#2375,#2364,#2377,.T.);
#2375 = VERTEX_POINT('',#2376);
#2376 = CARTESIAN_POINT('',(5.022200712835,2.3,7.689377109826E-16));
#2377 = CIRCLE('',#2378,0.5);
#2378 = AXIS2_PLACEMENT_3D('',#2379,#2380,#2381);
#2379 = CARTESIAN_POINT('',(5.022200712835,2.8,7.689377109826E-16));
#2380 = DIRECTION('',(0.,0.,-1.));
#2381 = DIRECTION('',(1.,0.,0.));
#2382 = ORIENTED_EDGE('',*,*,#2383,.F.);
#2383 = EDGE_CURVE('',#2384,#2375,#2386,.T.);
#2384 = VERTEX_POINT('',#2385);
#2385 = CARTESIAN_POINT('',(6.9,2.3,7.689377109826E-16));
#2386 = LINE('',#2387,#2388);
#2387 = CARTESIAN_POINT('',(5.022200712835,2.3,7.689377109826E-16));
#2388 = VECTOR('',#2389,1.);
#2389 = DIRECTION('',(-1.,-6.466646576573E-15,-0.));
#2390 = ORIENTED_EDGE('',*,*,#2391,.F.);
#2391 = EDGE_CURVE('',#2392,#2384,#2394,.T.);
#2392 = VERTEX_POINT('',#2393);
#2393 = CARTESIAN_POINT('',(7.4,1.8,7.689377109826E-16));
#2394 = CIRCLE('',#2395,0.5);
#2395 = AXIS2_PLACEMENT_3D('',#2396,#2397,#2398);
#2396 = CARTESIAN_POINT('',(6.9,1.8,7.689377109826E-16));
#2397 = DIRECTION('',(0.,-0.,1.));
#2398 = DIRECTION('',(-1.,0.,0.));
#2399 = ORIENTED_EDGE('',*,*,#2400,.F.);
#2400 = EDGE_CURVE('',#2401,#2392,#2403,.T.);
#2401 = VERTEX_POINT('',#2402);
#2402 = CARTESIAN_POINT('',(7.4,-1.8,7.689377109826E-16));
#2403 = LINE('',#2404,#2405);
#2404 = CARTESIAN_POINT('',(7.4,-1.8,7.689377109826E-16));
#2405 = VECTOR('',#2406,1.);
#2406 = DIRECTION('',(0.,1.,0.));
#2407 = ORIENTED_EDGE('',*,*,#2408,.F.);
#2408 = EDGE_CURVE('',#2409,#2401,#2411,.T.);
#2409 = VERTEX_POINT('',#2410);
#2410 = CARTESIAN_POINT('',(6.9,-2.3,7.689377109826E-16));
#2411 = CIRCLE('',#2412,0.5);
#2412 = AXIS2_PLACEMENT_3D('',#2413,#2414,#2415);
#2413 = CARTESIAN_POINT('',(6.9,-1.8,7.689377109826E-16));
#2414 = DIRECTION('',(0.,-0.,1.));
#2415 = DIRECTION('',(-1.,0.,0.));
#2416 = ORIENTED_EDGE('',*,*,#2417,.F.);
#2417 = EDGE_CURVE('',#2418,#2409,#2420,.T.);
#2418 = VERTEX_POINT('',#2419);
#2419 = CARTESIAN_POINT('',(5.022200712835,-2.3,7.689377109826E-16));
#2420 = LINE('',#2421,#2422);
#2421 = CARTESIAN_POINT('',(5.022200712835,-2.3,7.689377109826E-16));
#2422 = VECTOR('',#2423,1.);
#2423 = DIRECTION('',(1.,0.,0.));
#2424 = ORIENTED_EDGE('',*,*,#2425,.F.);
#2425 = EDGE_CURVE('',#2426,#2418,#2428,.T.);
#2426 = VERTEX_POINT('',#2427);
#2427 = CARTESIAN_POINT('',(4.585487607371,-2.55652173913,
    7.689377109826E-16));
#2428 = CIRCLE('',#2429,0.5);
#2429 = AXIS2_PLACEMENT_3D('',#2430,#2431,#2432);
#2430 = CARTESIAN_POINT('',(5.022200712835,-2.8,7.689377109826E-16));
#2431 = DIRECTION('',(0.,0.,-1.));
#2432 = DIRECTION('',(1.,0.,0.));
#2433 = ORIENTED_EDGE('',*,*,#2434,.F.);
#2434 = EDGE_CURVE('',#2435,#2426,#2437,.T.);
#2435 = VERTEX_POINT('',#2436);
#2436 = CARTESIAN_POINT('',(-4.585487607371,-2.55652173913,
    7.689377109826E-16));
#2437 = CIRCLE('',#2438,5.25);
#2438 = AXIS2_PLACEMENT_3D('',#2439,#2440,#2441);
#2439 = CARTESIAN_POINT('',(0.,-1.561251128379E-14,7.689377109826E-16));
#2440 = DIRECTION('',(0.,0.,1.));
#2441 = DIRECTION('',(1.,0.,-0.));
#2442 = ORIENTED_EDGE('',*,*,#2443,.F.);
#2443 = EDGE_CURVE('',#2444,#2435,#2446,.T.);
#2444 = VERTEX_POINT('',#2445);
#2445 = CARTESIAN_POINT('',(-5.022200712835,-2.3,7.689377109826E-16));
#2446 = CIRCLE('',#2447,0.5);
#2447 = AXIS2_PLACEMENT_3D('',#2448,#2449,#2450);
#2448 = CARTESIAN_POINT('',(-5.022200712835,-2.8,7.689377109826E-16));
#2449 = DIRECTION('',(0.,0.,-1.));
#2450 = DIRECTION('',(1.,0.,0.));
#2451 = ORIENTED_EDGE('',*,*,#2452,.F.);
#2452 = EDGE_CURVE('',#2453,#2444,#2455,.T.);
#2453 = VERTEX_POINT('',#2454);
#2454 = CARTESIAN_POINT('',(-6.9,-2.3,7.689377109826E-16));
#2455 = LINE('',#2456,#2457);
#2456 = CARTESIAN_POINT('',(-5.022200712835,-2.3,7.689377109826E-16));
#2457 = VECTOR('',#2458,1.);
#2458 = DIRECTION('',(1.,7.39045323037E-15,-0.));
#2459 = ORIENTED_EDGE('',*,*,#2460,.F.);
#2460 = EDGE_CURVE('',#2461,#2453,#2463,.T.);
#2461 = VERTEX_POINT('',#2462);
#2462 = CARTESIAN_POINT('',(-7.4,-1.8,7.689377109826E-16));
#2463 = CIRCLE('',#2464,0.5);
#2464 = AXIS2_PLACEMENT_3D('',#2465,#2466,#2467);
#2465 = CARTESIAN_POINT('',(-6.9,-1.8,7.689377109826E-16));
#2466 = DIRECTION('',(0.,0.,1.));
#2467 = DIRECTION('',(1.,0.,-0.));
#2468 = ORIENTED_EDGE('',*,*,#2469,.F.);
#2469 = EDGE_CURVE('',#2470,#2461,#2472,.T.);
#2470 = VERTEX_POINT('',#2471);
#2471 = CARTESIAN_POINT('',(-7.4,1.8,7.689377109826E-16));
#2472 = LINE('',#2473,#2474);
#2473 = CARTESIAN_POINT('',(-7.4,-1.8,7.689377109826E-16));
#2474 = VECTOR('',#2475,1.);
#2475 = DIRECTION('',(-0.,-1.,-0.));
#2476 = ORIENTED_EDGE('',*,*,#2477,.F.);
#2477 = EDGE_CURVE('',#2478,#2470,#2480,.T.);
#2478 = VERTEX_POINT('',#2479);
#2479 = CARTESIAN_POINT('',(-6.9,2.3,7.689377109826E-16));
#2480 = CIRCLE('',#2481,0.5);
#2481 = AXIS2_PLACEMENT_3D('',#2482,#2483,#2484);
#2482 = CARTESIAN_POINT('',(-6.9,1.8,7.689377109826E-16));
#2483 = DIRECTION('',(0.,0.,1.));
#2484 = DIRECTION('',(1.,0.,-0.));
#2485 = ORIENTED_EDGE('',*,*,#2486,.F.);
#2486 = EDGE_CURVE('',#2487,#2478,#2489,.T.);
#2487 = VERTEX_POINT('',#2488);
#2488 = CARTESIAN_POINT('',(-5.022200712835,2.3,7.689377109826E-16));
#2489 = LINE('',#2490,#2491);
#2490 = CARTESIAN_POINT('',(-6.9,2.3,7.689377109826E-16));
#2491 = VECTOR('',#2492,1.);
#2492 = DIRECTION('',(-1.,-9.238066537962E-16,-0.));
#2493 = ORIENTED_EDGE('',*,*,#2494,.F.);
#2494 = EDGE_CURVE('',#2366,#2487,#2495,.T.);
#2495 = CIRCLE('',#2496,0.5);
#2496 = AXIS2_PLACEMENT_3D('',#2497,#2498,#2499);
#2497 = CARTESIAN_POINT('',(-5.022200712835,2.8,7.689377109826E-16));
#2498 = DIRECTION('',(0.,0.,-1.));
#2499 = DIRECTION('',(-1.,0.,0.));
#2500 = FACE_BOUND('',#2501,.T.);
#2501 = EDGE_LOOP('',(#2502,#2513,#2522,#2530,#2539,#2547,#2556,#2564,
    #2573,#2582,#2591,#2599,#2608,#2616,#2625,#2633));
#2502 = ORIENTED_EDGE('',*,*,#2503,.F.);
#2503 = EDGE_CURVE('',#2504,#2506,#2508,.T.);
#2504 = VERTEX_POINT('',#2505);
#2505 = CARTESIAN_POINT('',(29.585487607371,2.55652173913,0.));
#2506 = VERTEX_POINT('',#2507);
#2507 = CARTESIAN_POINT('',(20.414512392629,2.55652173913,
    9.227252531792E-16));
#2508 = CIRCLE('',#2509,5.25);
#2509 = AXIS2_PLACEMENT_3D('',#2510,#2511,#2512);
#2510 = CARTESIAN_POINT('',(25.,-1.561251128379E-14,9.227252531792E-16)
  );
#2511 = DIRECTION('',(0.,0.,1.));
#2512 = DIRECTION('',(1.,0.,-0.));
#2513 = ORIENTED_EDGE('',*,*,#2514,.F.);
#2514 = EDGE_CURVE('',#2515,#2504,#2517,.T.);
#2515 = VERTEX_POINT('',#2516);
#2516 = CARTESIAN_POINT('',(30.022200712835,2.3,9.227252531792E-16));
#2517 = CIRCLE('',#2518,0.5);
#2518 = AXIS2_PLACEMENT_3D('',#2519,#2520,#2521);
#2519 = CARTESIAN_POINT('',(30.022200712835,2.8,9.227252531792E-16));
#2520 = DIRECTION('',(0.,0.,-1.));
#2521 = DIRECTION('',(1.,0.,0.));
#2522 = ORIENTED_EDGE('',*,*,#2523,.F.);
#2523 = EDGE_CURVE('',#2524,#2515,#2526,.T.);
#2524 = VERTEX_POINT('',#2525);
#2525 = CARTESIAN_POINT('',(31.9,2.3,9.227252531792E-16));
#2526 = LINE('',#2527,#2528);
#2527 = CARTESIAN_POINT('',(30.022200712835,2.3,9.227252531792E-16));
#2528 = VECTOR('',#2529,1.);
#2529 = DIRECTION('',(-1.,-6.466646576573E-15,-0.));
#2530 = ORIENTED_EDGE('',*,*,#2531,.F.);
#2531 = EDGE_CURVE('',#2532,#2524,#2534,.T.);
#2532 = VERTEX_POINT('',#2533);
#2533 = CARTESIAN_POINT('',(32.4,1.8,9.227252531792E-16));
#2534 = CIRCLE('',#2535,0.5);
#2535 = AXIS2_PLACEMENT_3D('',#2536,#2537,#2538);
#2536 = CARTESIAN_POINT('',(31.9,1.8,9.227252531792E-16));
#2537 = DIRECTION('',(0.,-0.,1.));
#2538 = DIRECTION('',(-1.,0.,0.));
#2539 = ORIENTED_EDGE('',*,*,#2540,.F.);
#2540 = EDGE_CURVE('',#2541,#2532,#2543,.T.);
#2541 = VERTEX_POINT('',#2542);
#2542 = CARTESIAN_POINT('',(32.4,-1.8,9.227252531792E-16));
#2543 = LINE('',#2544,#2545);
#2544 = CARTESIAN_POINT('',(32.4,-1.8,9.227252531792E-16));
#2545 = VECTOR('',#2546,1.);
#2546 = DIRECTION('',(0.,1.,0.));
#2547 = ORIENTED_EDGE('',*,*,#2548,.F.);
#2548 = EDGE_CURVE('',#2549,#2541,#2551,.T.);
#2549 = VERTEX_POINT('',#2550);
#2550 = CARTESIAN_POINT('',(31.9,-2.3,9.227252531792E-16));
#2551 = CIRCLE('',#2552,0.5);
#2552 = AXIS2_PLACEMENT_3D('',#2553,#2554,#2555);
#2553 = CARTESIAN_POINT('',(31.9,-1.8,9.227252531792E-16));
#2554 = DIRECTION('',(0.,-0.,1.));
#2555 = DIRECTION('',(-1.,0.,0.));
#2556 = ORIENTED_EDGE('',*,*,#2557,.F.);
#2557 = EDGE_CURVE('',#2558,#2549,#2560,.T.);
#2558 = VERTEX_POINT('',#2559);
#2559 = CARTESIAN_POINT('',(30.022200712835,-2.3,9.227252531792E-16));
#2560 = LINE('',#2561,#2562);
#2561 = CARTESIAN_POINT('',(30.022200712835,-2.3,9.227252531792E-16));
#2562 = VECTOR('',#2563,1.);
#2563 = DIRECTION('',(1.,0.,0.));
#2564 = ORIENTED_EDGE('',*,*,#2565,.F.);
#2565 = EDGE_CURVE('',#2566,#2558,#2568,.T.);
#2566 = VERTEX_POINT('',#2567);
#2567 = CARTESIAN_POINT('',(29.585487607371,-2.55652173913,
    9.227252531792E-16));
#2568 = CIRCLE('',#2569,0.5);
#2569 = AXIS2_PLACEMENT_3D('',#2570,#2571,#2572);
#2570 = CARTESIAN_POINT('',(30.022200712835,-2.8,9.227252531792E-16));
#2571 = DIRECTION('',(0.,0.,-1.));
#2572 = DIRECTION('',(1.,0.,0.));
#2573 = ORIENTED_EDGE('',*,*,#2574,.F.);
#2574 = EDGE_CURVE('',#2575,#2566,#2577,.T.);
#2575 = VERTEX_POINT('',#2576);
#2576 = CARTESIAN_POINT('',(20.414512392629,-2.55652173913,
    9.227252531792E-16));
#2577 = CIRCLE('',#2578,5.25);
#2578 = AXIS2_PLACEMENT_3D('',#2579,#2580,#2581);
#2579 = CARTESIAN_POINT('',(25.,-1.561251128379E-14,9.227252531792E-16)
  );
#2580 = DIRECTION('',(0.,0.,1.));
#2581 = DIRECTION('',(1.,0.,-0.));
#2582 = ORIENTED_EDGE('',*,*,#2583,.F.);
#2583 = EDGE_CURVE('',#2584,#2575,#2586,.T.);
#2584 = VERTEX_POINT('',#2585);
#2585 = CARTESIAN_POINT('',(19.977799287165,-2.3,9.227252531792E-16));
#2586 = CIRCLE('',#2587,0.5);
#2587 = AXIS2_PLACEMENT_3D('',#2588,#2589,#2590);
#2588 = CARTESIAN_POINT('',(19.977799287165,-2.8,9.227252531792E-16));
#2589 = DIRECTION('',(0.,0.,-1.));
#2590 = DIRECTION('',(1.,0.,0.));
#2591 = ORIENTED_EDGE('',*,*,#2592,.F.);
#2592 = EDGE_CURVE('',#2593,#2584,#2595,.T.);
#2593 = VERTEX_POINT('',#2594);
#2594 = CARTESIAN_POINT('',(18.1,-2.3,9.227252531792E-16));
#2595 = LINE('',#2596,#2597);
#2596 = CARTESIAN_POINT('',(19.977799287165,-2.3,9.227252531792E-16));
#2597 = VECTOR('',#2598,1.);
#2598 = DIRECTION('',(1.,7.39045323037E-15,-0.));
#2599 = ORIENTED_EDGE('',*,*,#2600,.F.);
#2600 = EDGE_CURVE('',#2601,#2593,#2603,.T.);
#2601 = VERTEX_POINT('',#2602);
#2602 = CARTESIAN_POINT('',(17.6,-1.8,9.227252531792E-16));
#2603 = CIRCLE('',#2604,0.5);
#2604 = AXIS2_PLACEMENT_3D('',#2605,#2606,#2607);
#2605 = CARTESIAN_POINT('',(18.1,-1.8,9.227252531792E-16));
#2606 = DIRECTION('',(0.,0.,1.));
#2607 = DIRECTION('',(1.,0.,-0.));
#2608 = ORIENTED_EDGE('',*,*,#2609,.F.);
#2609 = EDGE_CURVE('',#2610,#2601,#2612,.T.);
#2610 = VERTEX_POINT('',#2611);
#2611 = CARTESIAN_POINT('',(17.6,1.8,9.227252531792E-16));
#2612 = LINE('',#2613,#2614);
#2613 = CARTESIAN_POINT('',(17.6,-1.8,9.227252531792E-16));
#2614 = VECTOR('',#2615,1.);
#2615 = DIRECTION('',(-0.,-1.,-0.));
#2616 = ORIENTED_EDGE('',*,*,#2617,.F.);
#2617 = EDGE_CURVE('',#2618,#2610,#2620,.T.);
#2618 = VERTEX_POINT('',#2619);
#2619 = CARTESIAN_POINT('',(18.1,2.3,9.227252531792E-16));
#2620 = CIRCLE('',#2621,0.5);
#2621 = AXIS2_PLACEMENT_3D('',#2622,#2623,#2624);
#2622 = CARTESIAN_POINT('',(18.1,1.8,9.227252531792E-16));
#2623 = DIRECTION('',(0.,0.,1.));
#2624 = DIRECTION('',(1.,0.,-0.));
#2625 = ORIENTED_EDGE('',*,*,#2626,.F.);
#2626 = EDGE_CURVE('',#2627,#2618,#2629,.T.);
#2627 = VERTEX_POINT('',#2628);
#2628 = CARTESIAN_POINT('',(19.977799287165,2.3,9.227252531792E-16));
#2629 = LINE('',#2630,#2631);
#2630 = CARTESIAN_POINT('',(18.1,2.3,9.227252531792E-16));
#2631 = VECTOR('',#2632,1.);
#2632 = DIRECTION('',(-1.,-9.238066537962E-16,-0.));
#2633 = ORIENTED_EDGE('',*,*,#2634,.F.);
#2634 = EDGE_CURVE('',#2506,#2627,#2635,.T.);
#2635 = CIRCLE('',#2636,0.5);
#2636 = AXIS2_PLACEMENT_3D('',#2637,#2638,#2639);
#2637 = CARTESIAN_POINT('',(19.977799287165,2.8,9.227252531792E-16));
#2638 = DIRECTION('',(0.,0.,-1.));
#2639 = DIRECTION('',(-1.,0.,0.));
#2640 = FACE_BOUND('',#2641,.T.);
#2641 = EDGE_LOOP('',(#2642,#2653,#2662,#2670,#2679,#2687,#2696,#2704,
    #2713,#2722,#2731,#2739,#2748,#2756,#2765,#2773));
#2642 = ORIENTED_EDGE('',*,*,#2643,.F.);
#2643 = EDGE_CURVE('',#2644,#2646,#2648,.T.);
#2644 = VERTEX_POINT('',#2645);
#2645 = CARTESIAN_POINT('',(54.585487607371,2.55652173913,0.));
#2646 = VERTEX_POINT('',#2647);
#2647 = CARTESIAN_POINT('',(45.414512392629,2.55652173913,
    1.076512795376E-15));
#2648 = CIRCLE('',#2649,5.25);
#2649 = AXIS2_PLACEMENT_3D('',#2650,#2651,#2652);
#2650 = CARTESIAN_POINT('',(50.,-1.561251128379E-14,1.076512795376E-15)
  );
#2651 = DIRECTION('',(0.,0.,1.));
#2652 = DIRECTION('',(1.,0.,-0.));
#2653 = ORIENTED_EDGE('',*,*,#2654,.F.);
#2654 = EDGE_CURVE('',#2655,#2644,#2657,.T.);
#2655 = VERTEX_POINT('',#2656);
#2656 = CARTESIAN_POINT('',(55.022200712835,2.3,1.076512795376E-15));
#2657 = CIRCLE('',#2658,0.5);
#2658 = AXIS2_PLACEMENT_3D('',#2659,#2660,#2661);
#2659 = CARTESIAN_POINT('',(55.022200712835,2.8,1.076512795376E-15));
#2660 = DIRECTION('',(0.,0.,-1.));
#2661 = DIRECTION('',(1.,0.,0.));
#2662 = ORIENTED_EDGE('',*,*,#2663,.F.);
#2663 = EDGE_CURVE('',#2664,#2655,#2666,.T.);
#2664 = VERTEX_POINT('',#2665);
#2665 = CARTESIAN_POINT('',(56.9,2.3,1.076512795376E-15));
#2666 = LINE('',#2667,#2668);
#2667 = CARTESIAN_POINT('',(55.022200712835,2.3,1.076512795376E-15));
#2668 = VECTOR('',#2669,1.);
#2669 = DIRECTION('',(-1.,-6.466646576573E-15,-0.));
#2670 = ORIENTED_EDGE('',*,*,#2671,.F.);
#2671 = EDGE_CURVE('',#2672,#2664,#2674,.T.);
#2672 = VERTEX_POINT('',#2673);
#2673 = CARTESIAN_POINT('',(57.4,1.8,1.076512795376E-15));
#2674 = CIRCLE('',#2675,0.5);
#2675 = AXIS2_PLACEMENT_3D('',#2676,#2677,#2678);
#2676 = CARTESIAN_POINT('',(56.9,1.8,1.076512795376E-15));
#2677 = DIRECTION('',(0.,-0.,1.));
#2678 = DIRECTION('',(-1.,0.,0.));
#2679 = ORIENTED_EDGE('',*,*,#2680,.F.);
#2680 = EDGE_CURVE('',#2681,#2672,#2683,.T.);
#2681 = VERTEX_POINT('',#2682);
#2682 = CARTESIAN_POINT('',(57.4,-1.8,1.076512795376E-15));
#2683 = LINE('',#2684,#2685);
#2684 = CARTESIAN_POINT('',(57.4,-1.8,1.076512795376E-15));
#2685 = VECTOR('',#2686,1.);
#2686 = DIRECTION('',(0.,1.,0.));
#2687 = ORIENTED_EDGE('',*,*,#2688,.F.);
#2688 = EDGE_CURVE('',#2689,#2681,#2691,.T.);
#2689 = VERTEX_POINT('',#2690);
#2690 = CARTESIAN_POINT('',(56.9,-2.3,1.076512795376E-15));
#2691 = CIRCLE('',#2692,0.5);
#2692 = AXIS2_PLACEMENT_3D('',#2693,#2694,#2695);
#2693 = CARTESIAN_POINT('',(56.9,-1.8,1.076512795376E-15));
#2694 = DIRECTION('',(0.,-0.,1.));
#2695 = DIRECTION('',(-1.,0.,0.));
#2696 = ORIENTED_EDGE('',*,*,#2697,.F.);
#2697 = EDGE_CURVE('',#2698,#2689,#2700,.T.);
#2698 = VERTEX_POINT('',#2699);
#2699 = CARTESIAN_POINT('',(55.022200712835,-2.3,1.076512795376E-15));
#2700 = LINE('',#2701,#2702);
#2701 = CARTESIAN_POINT('',(55.022200712835,-2.3,1.076512795376E-15));
#2702 = VECTOR('',#2703,1.);
#2703 = DIRECTION('',(1.,0.,0.));
#2704 = ORIENTED_EDGE('',*,*,#2705,.F.);
#2705 = EDGE_CURVE('',#2706,#2698,#2708,.T.);
#2706 = VERTEX_POINT('',#2707);
#2707 = CARTESIAN_POINT('',(54.585487607371,-2.55652173913,
    1.076512795376E-15));
#2708 = CIRCLE('',#2709,0.5);
#2709 = AXIS2_PLACEMENT_3D('',#2710,#2711,#2712);
#2710 = CARTESIAN_POINT('',(55.022200712835,-2.8,1.076512795376E-15));
#2711 = DIRECTION('',(0.,0.,-1.));
#2712 = DIRECTION('',(1.,0.,0.));
#2713 = ORIENTED_EDGE('',*,*,#2714,.F.);
#2714 = EDGE_CURVE('',#2715,#2706,#2717,.T.);
#2715 = VERTEX_POINT('',#2716);
#2716 = CARTESIAN_POINT('',(45.414512392629,-2.55652173913,
    1.076512795376E-15));
#2717 = CIRCLE('',#2718,5.25);
#2718 = AXIS2_PLACEMENT_3D('',#2719,#2720,#2721);
#2719 = CARTESIAN_POINT('',(50.,-1.561251128379E-14,1.076512795376E-15)
  );
#2720 = DIRECTION('',(0.,0.,1.));
#2721 = DIRECTION('',(1.,0.,-0.));
#2722 = ORIENTED_EDGE('',*,*,#2723,.F.);
#2723 = EDGE_CURVE('',#2724,#2715,#2726,.T.);
#2724 = VERTEX_POINT('',#2725);
#2725 = CARTESIAN_POINT('',(44.977799287165,-2.3,1.076512795376E-15));
#2726 = CIRCLE('',#2727,0.5);
#2727 = AXIS2_PLACEMENT_3D('',#2728,#2729,#2730);
#2728 = CARTESIAN_POINT('',(44.977799287165,-2.8,1.076512795376E-15));
#2729 = DIRECTION('',(0.,0.,-1.));
#2730 = DIRECTION('',(1.,0.,0.));
#2731 = ORIENTED_EDGE('',*,*,#2732,.F.);
#2732 = EDGE_CURVE('',#2733,#2724,#2735,.T.);
#2733 = VERTEX_POINT('',#2734);
#2734 = CARTESIAN_POINT('',(43.1,-2.3,1.076512795376E-15));
#2735 = LINE('',#2736,#2737);
#2736 = CARTESIAN_POINT('',(44.977799287165,-2.3,1.076512795376E-15));
#2737 = VECTOR('',#2738,1.);
#2738 = DIRECTION('',(1.,7.39045323037E-15,-0.));
#2739 = ORIENTED_EDGE('',*,*,#2740,.F.);
#2740 = EDGE_CURVE('',#2741,#2733,#2743,.T.);
#2741 = VERTEX_POINT('',#2742);
#2742 = CARTESIAN_POINT('',(42.6,-1.8,1.076512795376E-15));
#2743 = CIRCLE('',#2744,0.5);
#2744 = AXIS2_PLACEMENT_3D('',#2745,#2746,#2747);
#2745 = CARTESIAN_POINT('',(43.1,-1.8,1.076512795376E-15));
#2746 = DIRECTION('',(0.,0.,1.));
#2747 = DIRECTION('',(1.,0.,-0.));
#2748 = ORIENTED_EDGE('',*,*,#2749,.F.);
#2749 = EDGE_CURVE('',#2750,#2741,#2752,.T.);
#2750 = VERTEX_POINT('',#2751);
#2751 = CARTESIAN_POINT('',(42.6,1.8,1.076512795376E-15));
#2752 = LINE('',#2753,#2754);
#2753 = CARTESIAN_POINT('',(42.6,-1.8,1.076512795376E-15));
#2754 = VECTOR('',#2755,1.);
#2755 = DIRECTION('',(-0.,-1.,-0.));
#2756 = ORIENTED_EDGE('',*,*,#2757,.F.);
#2757 = EDGE_CURVE('',#2758,#2750,#2760,.T.);
#2758 = VERTEX_POINT('',#2759);
#2759 = CARTESIAN_POINT('',(43.1,2.3,1.076512795376E-15));
#2760 = CIRCLE('',#2761,0.5);
#2761 = AXIS2_PLACEMENT_3D('',#2762,#2763,#2764);
#2762 = CARTESIAN_POINT('',(43.1,1.8,1.076512795376E-15));
#2763 = DIRECTION('',(0.,0.,1.));
#2764 = DIRECTION('',(1.,0.,-0.));
#2765 = ORIENTED_EDGE('',*,*,#2766,.F.);
#2766 = EDGE_CURVE('',#2767,#2758,#2769,.T.);
#2767 = VERTEX_POINT('',#2768);
#2768 = CARTESIAN_POINT('',(44.977799287165,2.3,1.076512795376E-15));
#2769 = LINE('',#2770,#2771);
#2770 = CARTESIAN_POINT('',(43.1,2.3,1.076512795376E-15));
#2771 = VECTOR('',#2772,1.);
#2772 = DIRECTION('',(-1.,-9.238066537962E-16,-0.));
#2773 = ORIENTED_EDGE('',*,*,#2774,.F.);
#2774 = EDGE_CURVE('',#2646,#2767,#2775,.T.);
#2775 = CIRCLE('',#2776,0.5);
#2776 = AXIS2_PLACEMENT_3D('',#2777,#2778,#2779);
#2777 = CARTESIAN_POINT('',(44.977799287165,2.8,1.076512795376E-15));
#2778 = DIRECTION('',(0.,0.,-1.));
#2779 = DIRECTION('',(-1.,0.,0.));
#2780 = FACE_BOUND('',#2781,.T.);
#2781 = EDGE_LOOP('',(#2782,#2793,#2802,#2810,#2819,#2827,#2836,#2844,
    #2853,#2862,#2871,#2879,#2888,#2896,#2905,#2913));
#2782 = ORIENTED_EDGE('',*,*,#2783,.F.);
#2783 = EDGE_CURVE('',#2784,#2786,#2788,.T.);
#2784 = VERTEX_POINT('',#2785);
#2785 = CARTESIAN_POINT('',(79.585487607371,2.55652173913,0.));
#2786 = VERTEX_POINT('',#2787);
#2787 = CARTESIAN_POINT('',(70.414512392629,2.55652173913,
    1.230300337572E-15));
#2788 = CIRCLE('',#2789,5.25);
#2789 = AXIS2_PLACEMENT_3D('',#2790,#2791,#2792);
#2790 = CARTESIAN_POINT('',(75.,-1.561251128379E-14,1.230300337572E-15)
  );
#2791 = DIRECTION('',(0.,0.,1.));
#2792 = DIRECTION('',(1.,0.,-0.));
#2793 = ORIENTED_EDGE('',*,*,#2794,.F.);
#2794 = EDGE_CURVE('',#2795,#2784,#2797,.T.);
#2795 = VERTEX_POINT('',#2796);
#2796 = CARTESIAN_POINT('',(80.022200712835,2.3,1.230300337572E-15));
#2797 = CIRCLE('',#2798,0.5);
#2798 = AXIS2_PLACEMENT_3D('',#2799,#2800,#2801);
#2799 = CARTESIAN_POINT('',(80.022200712835,2.8,1.230300337572E-15));
#2800 = DIRECTION('',(0.,0.,-1.));
#2801 = DIRECTION('',(1.,0.,0.));
#2802 = ORIENTED_EDGE('',*,*,#2803,.F.);
#2803 = EDGE_CURVE('',#2804,#2795,#2806,.T.);
#2804 = VERTEX_POINT('',#2805);
#2805 = CARTESIAN_POINT('',(81.9,2.3,1.230300337572E-15));
#2806 = LINE('',#2807,#2808);
#2807 = CARTESIAN_POINT('',(80.022200712835,2.3,1.230300337572E-15));
#2808 = VECTOR('',#2809,1.);
#2809 = DIRECTION('',(-1.,-6.466646576573E-15,-0.));
#2810 = ORIENTED_EDGE('',*,*,#2811,.F.);
#2811 = EDGE_CURVE('',#2812,#2804,#2814,.T.);
#2812 = VERTEX_POINT('',#2813);
#2813 = CARTESIAN_POINT('',(82.4,1.8,1.230300337572E-15));
#2814 = CIRCLE('',#2815,0.5);
#2815 = AXIS2_PLACEMENT_3D('',#2816,#2817,#2818);
#2816 = CARTESIAN_POINT('',(81.9,1.8,1.230300337572E-15));
#2817 = DIRECTION('',(0.,-0.,1.));
#2818 = DIRECTION('',(-1.,0.,0.));
#2819 = ORIENTED_EDGE('',*,*,#2820,.F.);
#2820 = EDGE_CURVE('',#2821,#2812,#2823,.T.);
#2821 = VERTEX_POINT('',#2822);
#2822 = CARTESIAN_POINT('',(82.4,-1.8,1.230300337572E-15));
#2823 = LINE('',#2824,#2825);
#2824 = CARTESIAN_POINT('',(82.4,-1.8,1.230300337572E-15));
#2825 = VECTOR('',#2826,1.);
#2826 = DIRECTION('',(0.,1.,0.));
#2827 = ORIENTED_EDGE('',*,*,#2828,.F.);
#2828 = EDGE_CURVE('',#2829,#2821,#2831,.T.);
#2829 = VERTEX_POINT('',#2830);
#2830 = CARTESIAN_POINT('',(81.9,-2.3,1.230300337572E-15));
#2831 = CIRCLE('',#2832,0.5);
#2832 = AXIS2_PLACEMENT_3D('',#2833,#2834,#2835);
#2833 = CARTESIAN_POINT('',(81.9,-1.8,1.230300337572E-15));
#2834 = DIRECTION('',(0.,-0.,1.));
#2835 = DIRECTION('',(-1.,0.,0.));
#2836 = ORIENTED_EDGE('',*,*,#2837,.F.);
#2837 = EDGE_CURVE('',#2838,#2829,#2840,.T.);
#2838 = VERTEX_POINT('',#2839);
#2839 = CARTESIAN_POINT('',(80.022200712835,-2.3,1.230300337572E-15));
#2840 = LINE('',#2841,#2842);
#2841 = CARTESIAN_POINT('',(80.022200712835,-2.3,1.230300337572E-15));
#2842 = VECTOR('',#2843,1.);
#2843 = DIRECTION('',(1.,0.,0.));
#2844 = ORIENTED_EDGE('',*,*,#2845,.F.);
#2845 = EDGE_CURVE('',#2846,#2838,#2848,.T.);
#2846 = VERTEX_POINT('',#2847);
#2847 = CARTESIAN_POINT('',(79.585487607371,-2.55652173913,
    1.230300337572E-15));
#2848 = CIRCLE('',#2849,0.5);
#2849 = AXIS2_PLACEMENT_3D('',#2850,#2851,#2852);
#2850 = CARTESIAN_POINT('',(80.022200712835,-2.8,1.230300337572E-15));
#2851 = DIRECTION('',(0.,0.,-1.));
#2852 = DIRECTION('',(1.,0.,0.));
#2853 = ORIENTED_EDGE('',*,*,#2854,.F.);
#2854 = EDGE_CURVE('',#2855,#2846,#2857,.T.);
#2855 = VERTEX_POINT('',#2856);
#2856 = CARTESIAN_POINT('',(70.414512392629,-2.55652173913,
    1.230300337572E-15));
#2857 = CIRCLE('',#2858,5.25);
#2858 = AXIS2_PLACEMENT_3D('',#2859,#2860,#2861);
#2859 = CARTESIAN_POINT('',(75.,-1.561251128379E-14,1.230300337572E-15)
  );
#2860 = DIRECTION('',(0.,0.,1.));
#2861 = DIRECTION('',(1.,0.,-0.));
#2862 = ORIENTED_EDGE('',*,*,#2863,.F.);
#2863 = EDGE_CURVE('',#2864,#2855,#2866,.T.);
#2864 = VERTEX_POINT('',#2865);
#2865 = CARTESIAN_POINT('',(69.977799287165,-2.3,1.230300337572E-15));
#2866 = CIRCLE('',#2867,0.5);
#2867 = AXIS2_PLACEMENT_3D('',#2868,#2869,#2870);
#2868 = CARTESIAN_POINT('',(69.977799287165,-2.8,1.230300337572E-15));
#2869 = DIRECTION('',(0.,0.,-1.));
#2870 = DIRECTION('',(1.,0.,0.));
#2871 = ORIENTED_EDGE('',*,*,#2872,.F.);
#2872 = EDGE_CURVE('',#2873,#2864,#2875,.T.);
#2873 = VERTEX_POINT('',#2874);
#2874 = CARTESIAN_POINT('',(68.1,-2.3,1.230300337572E-15));
#2875 = LINE('',#2876,#2877);
#2876 = CARTESIAN_POINT('',(69.977799287165,-2.3,1.230300337572E-15));
#2877 = VECTOR('',#2878,1.);
#2878 = DIRECTION('',(1.,7.39045323037E-15,-0.));
#2879 = ORIENTED_EDGE('',*,*,#2880,.F.);
#2880 = EDGE_CURVE('',#2881,#2873,#2883,.T.);
#2881 = VERTEX_POINT('',#2882);
#2882 = CARTESIAN_POINT('',(67.6,-1.8,1.230300337572E-15));
#2883 = CIRCLE('',#2884,0.5);
#2884 = AXIS2_PLACEMENT_3D('',#2885,#2886,#2887);
#2885 = CARTESIAN_POINT('',(68.1,-1.8,1.230300337572E-15));
#2886 = DIRECTION('',(0.,0.,1.));
#2887 = DIRECTION('',(1.,0.,-0.));
#2888 = ORIENTED_EDGE('',*,*,#2889,.F.);
#2889 = EDGE_CURVE('',#2890,#2881,#2892,.T.);
#2890 = VERTEX_POINT('',#2891);
#2891 = CARTESIAN_POINT('',(67.6,1.8,1.230300337572E-15));
#2892 = LINE('',#2893,#2894);
#2893 = CARTESIAN_POINT('',(67.6,-1.8,1.230300337572E-15));
#2894 = VECTOR('',#2895,1.);
#2895 = DIRECTION('',(-0.,-1.,-0.));
#2896 = ORIENTED_EDGE('',*,*,#2897,.F.);
#2897 = EDGE_CURVE('',#2898,#2890,#2900,.T.);
#2898 = VERTEX_POINT('',#2899);
#2899 = CARTESIAN_POINT('',(68.1,2.3,1.230300337572E-15));
#2900 = CIRCLE('',#2901,0.5);
#2901 = AXIS2_PLACEMENT_3D('',#2902,#2903,#2904);
#2902 = CARTESIAN_POINT('',(68.1,1.8,1.230300337572E-15));
#2903 = DIRECTION('',(0.,0.,1.));
#2904 = DIRECTION('',(1.,0.,-0.));
#2905 = ORIENTED_EDGE('',*,*,#2906,.F.);
#2906 = EDGE_CURVE('',#2907,#2898,#2909,.T.);
#2907 = VERTEX_POINT('',#2908);
#2908 = CARTESIAN_POINT('',(69.977799287165,2.3,1.230300337572E-15));
#2909 = LINE('',#2910,#2911);
#2910 = CARTESIAN_POINT('',(68.1,2.3,1.230300337572E-15));
#2911 = VECTOR('',#2912,1.);
#2912 = DIRECTION('',(-1.,-9.238066537962E-16,-0.));
#2913 = ORIENTED_EDGE('',*,*,#2914,.F.);
#2914 = EDGE_CURVE('',#2786,#2907,#2915,.T.);
#2915 = CIRCLE('',#2916,0.5);
#2916 = AXIS2_PLACEMENT_3D('',#2917,#2918,#2919);
#2917 = CARTESIAN_POINT('',(69.977799287165,2.8,1.230300337572E-15));
#2918 = DIRECTION('',(0.,0.,-1.));
#2919 = DIRECTION('',(-1.,0.,0.));
#2920 = FACE_BOUND('',#2921,.T.);
#2921 = EDGE_LOOP('',(#2922,#2933,#2942,#2950,#2959,#2967,#2976,#2984,
    #2993,#3002,#3011,#3019,#3028,#3036,#3045,#3053));
#2922 = ORIENTED_EDGE('',*,*,#2923,.F.);
#2923 = EDGE_CURVE('',#2924,#2926,#2928,.T.);
#2924 = VERTEX_POINT('',#2925);
#2925 = CARTESIAN_POINT('',(104.58548760737,2.55652173913,0.));
#2926 = VERTEX_POINT('',#2927);
#2927 = CARTESIAN_POINT('',(95.414512392629,2.55652173913,
    1.384087879769E-15));
#2928 = CIRCLE('',#2929,5.25);
#2929 = AXIS2_PLACEMENT_3D('',#2930,#2931,#2932);
#2930 = CARTESIAN_POINT('',(100.,-1.561251128379E-14,1.384087879769E-15)
  );
#2931 = DIRECTION('',(0.,0.,1.));
#2932 = DIRECTION('',(1.,0.,-0.));
#2933 = ORIENTED_EDGE('',*,*,#2934,.F.);
#2934 = EDGE_CURVE('',#2935,#2924,#2937,.T.);
#2935 = VERTEX_POINT('',#2936);
#2936 = CARTESIAN_POINT('',(105.02220071283,2.3,1.384087879769E-15));
#2937 = CIRCLE('',#2938,0.5);
#2938 = AXIS2_PLACEMENT_3D('',#2939,#2940,#2941);
#2939 = CARTESIAN_POINT('',(105.02220071283,2.8,1.384087879769E-15));
#2940 = DIRECTION('',(0.,0.,-1.));
#2941 = DIRECTION('',(1.,0.,0.));
#2942 = ORIENTED_EDGE('',*,*,#2943,.F.);
#2943 = EDGE_CURVE('',#2944,#2935,#2946,.T.);
#2944 = VERTEX_POINT('',#2945);
#2945 = CARTESIAN_POINT('',(106.9,2.3,1.384087879769E-15));
#2946 = LINE('',#2947,#2948);
#2947 = CARTESIAN_POINT('',(105.02220071283,2.3,1.384087879769E-15));
#2948 = VECTOR('',#2949,1.);
#2949 = DIRECTION('',(-1.,-6.466646576573E-15,-0.));
#2950 = ORIENTED_EDGE('',*,*,#2951,.F.);
#2951 = EDGE_CURVE('',#2952,#2944,#2954,.T.);
#2952 = VERTEX_POINT('',#2953);
#2953 = CARTESIAN_POINT('',(107.4,1.8,1.384087879769E-15));
#2954 = CIRCLE('',#2955,0.5);
#2955 = AXIS2_PLACEMENT_3D('',#2956,#2957,#2958);
#2956 = CARTESIAN_POINT('',(106.9,1.8,1.384087879769E-15));
#2957 = DIRECTION('',(0.,-0.,1.));
#2958 = DIRECTION('',(-1.,0.,0.));
#2959 = ORIENTED_EDGE('',*,*,#2960,.F.);
#2960 = EDGE_CURVE('',#2961,#2952,#2963,.T.);
#2961 = VERTEX_POINT('',#2962);
#2962 = CARTESIAN_POINT('',(107.4,-1.8,1.384087879769E-15));
#2963 = LINE('',#2964,#2965);
#2964 = CARTESIAN_POINT('',(107.4,-1.8,1.384087879769E-15));
#2965 = VECTOR('',#2966,1.);
#2966 = DIRECTION('',(0.,1.,0.));
#2967 = ORIENTED_EDGE('',*,*,#2968,.F.);
#2968 = EDGE_CURVE('',#2969,#2961,#2971,.T.);
#2969 = VERTEX_POINT('',#2970);
#2970 = CARTESIAN_POINT('',(106.9,-2.3,1.384087879769E-15));
#2971 = CIRCLE('',#2972,0.5);
#2972 = AXIS2_PLACEMENT_3D('',#2973,#2974,#2975);
#2973 = CARTESIAN_POINT('',(106.9,-1.8,1.384087879769E-15));
#2974 = DIRECTION('',(0.,-0.,1.));
#2975 = DIRECTION('',(-1.,0.,0.));
#2976 = ORIENTED_EDGE('',*,*,#2977,.F.);
#2977 = EDGE_CURVE('',#2978,#2969,#2980,.T.);
#2978 = VERTEX_POINT('',#2979);
#2979 = CARTESIAN_POINT('',(105.02220071283,-2.3,1.384087879769E-15));
#2980 = LINE('',#2981,#2982);
#2981 = CARTESIAN_POINT('',(105.02220071283,-2.3,1.384087879769E-15));
#2982 = VECTOR('',#2983,1.);
#2983 = DIRECTION('',(1.,0.,0.));
#2984 = ORIENTED_EDGE('',*,*,#2985,.F.);
#2985 = EDGE_CURVE('',#2986,#2978,#2988,.T.);
#2986 = VERTEX_POINT('',#2987);
#2987 = CARTESIAN_POINT('',(104.58548760737,-2.55652173913,
    1.384087879769E-15));
#2988 = CIRCLE('',#2989,0.5);
#2989 = AXIS2_PLACEMENT_3D('',#2990,#2991,#2992);
#2990 = CARTESIAN_POINT('',(105.02220071283,-2.8,1.384087879769E-15));
#2991 = DIRECTION('',(0.,0.,-1.));
#2992 = DIRECTION('',(1.,0.,0.));
#2993 = ORIENTED_EDGE('',*,*,#2994,.F.);
#2994 = EDGE_CURVE('',#2995,#2986,#2997,.T.);
#2995 = VERTEX_POINT('',#2996);
#2996 = CARTESIAN_POINT('',(95.414512392629,-2.55652173913,
    1.384087879769E-15));
#2997 = CIRCLE('',#2998,5.25);
#2998 = AXIS2_PLACEMENT_3D('',#2999,#3000,#3001);
#2999 = CARTESIAN_POINT('',(100.,-1.561251128379E-14,1.384087879769E-15)
  );
#3000 = DIRECTION('',(0.,0.,1.));
#3001 = DIRECTION('',(1.,0.,-0.));
#3002 = ORIENTED_EDGE('',*,*,#3003,.F.);
#3003 = EDGE_CURVE('',#3004,#2995,#3006,.T.);
#3004 = VERTEX_POINT('',#3005);
#3005 = CARTESIAN_POINT('',(94.977799287165,-2.3,1.384087879769E-15));
#3006 = CIRCLE('',#3007,0.5);
#3007 = AXIS2_PLACEMENT_3D('',#3008,#3009,#3010);
#3008 = CARTESIAN_POINT('',(94.977799287165,-2.8,1.384087879769E-15));
#3009 = DIRECTION('',(0.,0.,-1.));
#3010 = DIRECTION('',(1.,0.,0.));
#3011 = ORIENTED_EDGE('',*,*,#3012,.F.);
#3012 = EDGE_CURVE('',#3013,#3004,#3015,.T.);
#3013 = VERTEX_POINT('',#3014);
#3014 = CARTESIAN_POINT('',(93.1,-2.3,1.384087879769E-15));
#3015 = LINE('',#3016,#3017);
#3016 = CARTESIAN_POINT('',(94.977799287165,-2.3,1.384087879769E-15));
#3017 = VECTOR('',#3018,1.);
#3018 = DIRECTION('',(1.,7.39045323037E-15,-0.));
#3019 = ORIENTED_EDGE('',*,*,#3020,.F.);
#3020 = EDGE_CURVE('',#3021,#3013,#3023,.T.);
#3021 = VERTEX_POINT('',#3022);
#3022 = CARTESIAN_POINT('',(92.6,-1.8,1.384087879769E-15));
#3023 = CIRCLE('',#3024,0.5);
#3024 = AXIS2_PLACEMENT_3D('',#3025,#3026,#3027);
#3025 = CARTESIAN_POINT('',(93.1,-1.8,1.384087879769E-15));
#3026 = DIRECTION('',(0.,0.,1.));
#3027 = DIRECTION('',(1.,0.,-0.));
#3028 = ORIENTED_EDGE('',*,*,#3029,.F.);
#3029 = EDGE_CURVE('',#3030,#3021,#3032,.T.);
#3030 = VERTEX_POINT('',#3031);
#3031 = CARTESIAN_POINT('',(92.6,1.8,1.384087879769E-15));
#3032 = LINE('',#3033,#3034);
#3033 = CARTESIAN_POINT('',(92.6,-1.8,1.384087879769E-15));
#3034 = VECTOR('',#3035,1.);
#3035 = DIRECTION('',(-0.,-1.,-0.));
#3036 = ORIENTED_EDGE('',*,*,#3037,.F.);
#3037 = EDGE_CURVE('',#3038,#3030,#3040,.T.);
#3038 = VERTEX_POINT('',#3039);
#3039 = CARTESIAN_POINT('',(93.1,2.3,1.384087879769E-15));
#3040 = CIRCLE('',#3041,0.5);
#3041 = AXIS2_PLACEMENT_3D('',#3042,#3043,#3044);
#3042 = CARTESIAN_POINT('',(93.1,1.8,1.384087879769E-15));
#3043 = DIRECTION('',(0.,0.,1.));
#3044 = DIRECTION('',(1.,0.,-0.));
#3045 = ORIENTED_EDGE('',*,*,#3046,.F.);
#3046 = EDGE_CURVE('',#3047,#3038,#3049,.T.);
#3047 = VERTEX_POINT('',#3048);
#3048 = CARTESIAN_POINT('',(94.977799287165,2.3,1.384087879769E-15));
#3049 = LINE('',#3050,#3051);
#3050 = CARTESIAN_POINT('',(93.1,2.3,1.384087879769E-15));
#3051 = VECTOR('',#3052,1.);
#3052 = DIRECTION('',(-1.,-9.238066537962E-16,-0.));
#3053 = ORIENTED_EDGE('',*,*,#3054,.F.);
#3054 = EDGE_CURVE('',#2926,#3047,#3055,.T.);
#3055 = CIRCLE('',#3056,0.5);
#3056 = AXIS2_PLACEMENT_3D('',#3057,#3058,#3059);
#3057 = CARTESIAN_POINT('',(94.977799287165,2.8,1.384087879769E-15));
#3058 = DIRECTION('',(0.,0.,-1.));
#3059 = DIRECTION('',(-1.,0.,0.));
#3060 = FACE_BOUND('',#3061,.T.);
#3061 = EDGE_LOOP('',(#3062,#3073,#3082,#3090,#3099,#3107,#3116,#3124,
    #3133,#3142,#3151,#3159,#3168,#3176,#3185,#3193));
#3062 = ORIENTED_EDGE('',*,*,#3063,.F.);
#3063 = EDGE_CURVE('',#3064,#3066,#3068,.T.);
#3064 = VERTEX_POINT('',#3065);
#3065 = CARTESIAN_POINT('',(129.58548760737,2.55652173913,0.));
#3066 = VERTEX_POINT('',#3067);
#3067 = CARTESIAN_POINT('',(120.41451239262,2.55652173913,
    1.537875421965E-15));
#3068 = CIRCLE('',#3069,5.25);
#3069 = AXIS2_PLACEMENT_3D('',#3070,#3071,#3072);
#3070 = CARTESIAN_POINT('',(125.,-1.561251128379E-14,1.537875421965E-15)
  );
#3071 = DIRECTION('',(0.,0.,1.));
#3072 = DIRECTION('',(1.,0.,-0.));
#3073 = ORIENTED_EDGE('',*,*,#3074,.F.);
#3074 = EDGE_CURVE('',#3075,#3064,#3077,.T.);
#3075 = VERTEX_POINT('',#3076);
#3076 = CARTESIAN_POINT('',(130.02220071283,2.3,1.537875421965E-15));
#3077 = CIRCLE('',#3078,0.5);
#3078 = AXIS2_PLACEMENT_3D('',#3079,#3080,#3081);
#3079 = CARTESIAN_POINT('',(130.02220071283,2.8,1.537875421965E-15));
#3080 = DIRECTION('',(0.,0.,-1.));
#3081 = DIRECTION('',(1.,0.,0.));
#3082 = ORIENTED_EDGE('',*,*,#3083,.F.);
#3083 = EDGE_CURVE('',#3084,#3075,#3086,.T.);
#3084 = VERTEX_POINT('',#3085);
#3085 = CARTESIAN_POINT('',(131.9,2.3,1.537875421965E-15));
#3086 = LINE('',#3087,#3088);
#3087 = CARTESIAN_POINT('',(130.02220071283,2.3,1.537875421965E-15));
#3088 = VECTOR('',#3089,1.);
#3089 = DIRECTION('',(-1.,-6.466646576573E-15,-0.));
#3090 = ORIENTED_EDGE('',*,*,#3091,.F.);
#3091 = EDGE_CURVE('',#3092,#3084,#3094,.T.);
#3092 = VERTEX_POINT('',#3093);
#3093 = CARTESIAN_POINT('',(132.4,1.8,1.537875421965E-15));
#3094 = CIRCLE('',#3095,0.5);
#3095 = AXIS2_PLACEMENT_3D('',#3096,#3097,#3098);
#3096 = CARTESIAN_POINT('',(131.9,1.8,1.537875421965E-15));
#3097 = DIRECTION('',(0.,-0.,1.));
#3098 = DIRECTION('',(-1.,0.,0.));
#3099 = ORIENTED_EDGE('',*,*,#3100,.F.);
#3100 = EDGE_CURVE('',#3101,#3092,#3103,.T.);
#3101 = VERTEX_POINT('',#3102);
#3102 = CARTESIAN_POINT('',(132.4,-1.8,1.537875421965E-15));
#3103 = LINE('',#3104,#3105);
#3104 = CARTESIAN_POINT('',(132.4,-1.8,1.537875421965E-15));
#3105 = VECTOR('',#3106,1.);
#3106 = DIRECTION('',(0.,1.,0.));
#3107 = ORIENTED_EDGE('',*,*,#3108,.F.);
#3108 = EDGE_CURVE('',#3109,#3101,#3111,.T.);
#3109 = VERTEX_POINT('',#3110);
#3110 = CARTESIAN_POINT('',(131.9,-2.3,1.537875421965E-15));
#3111 = CIRCLE('',#3112,0.5);
#3112 = AXIS2_PLACEMENT_3D('',#3113,#3114,#3115);
#3113 = CARTESIAN_POINT('',(131.9,-1.8,1.537875421965E-15));
#3114 = DIRECTION('',(0.,-0.,1.));
#3115 = DIRECTION('',(-1.,0.,0.));
#3116 = ORIENTED_EDGE('',*,*,#3117,.F.);
#3117 = EDGE_CURVE('',#3118,#3109,#3120,.T.);
#3118 = VERTEX_POINT('',#3119);
#3119 = CARTESIAN_POINT('',(130.02220071283,-2.3,1.537875421965E-15));
#3120 = LINE('',#3121,#3122);
#3121 = CARTESIAN_POINT('',(130.02220071283,-2.3,1.537875421965E-15));
#3122 = VECTOR('',#3123,1.);
#3123 = DIRECTION('',(1.,0.,0.));
#3124 = ORIENTED_EDGE('',*,*,#3125,.F.);
#3125 = EDGE_CURVE('',#3126,#3118,#3128,.T.);
#3126 = VERTEX_POINT('',#3127);
#3127 = CARTESIAN_POINT('',(129.58548760737,-2.55652173913,
    1.537875421965E-15));
#3128 = CIRCLE('',#3129,0.5);
#3129 = AXIS2_PLACEMENT_3D('',#3130,#3131,#3132);
#3130 = CARTESIAN_POINT('',(130.02220071283,-2.8,1.537875421965E-15));
#3131 = DIRECTION('',(0.,0.,-1.));
#3132 = DIRECTION('',(1.,0.,0.));
#3133 = ORIENTED_EDGE('',*,*,#3134,.F.);
#3134 = EDGE_CURVE('',#3135,#3126,#3137,.T.);
#3135 = VERTEX_POINT('',#3136);
#3136 = CARTESIAN_POINT('',(120.41451239262,-2.55652173913,
    1.537875421965E-15));
#3137 = CIRCLE('',#3138,5.25);
#3138 = AXIS2_PLACEMENT_3D('',#3139,#3140,#3141);
#3139 = CARTESIAN_POINT('',(125.,-1.561251128379E-14,1.537875421965E-15)
  );
#3140 = DIRECTION('',(0.,0.,1.));
#3141 = DIRECTION('',(1.,0.,-0.));
#3142 = ORIENTED_EDGE('',*,*,#3143,.F.);
#3143 = EDGE_CURVE('',#3144,#3135,#3146,.T.);
#3144 = VERTEX_POINT('',#3145);
#3145 = CARTESIAN_POINT('',(119.97779928716,-2.3,1.537875421965E-15));
#3146 = CIRCLE('',#3147,0.5);
#3147 = AXIS2_PLACEMENT_3D('',#3148,#3149,#3150);
#3148 = CARTESIAN_POINT('',(119.97779928716,-2.8,1.537875421965E-15));
#3149 = DIRECTION('',(0.,0.,-1.));
#3150 = DIRECTION('',(1.,0.,0.));
#3151 = ORIENTED_EDGE('',*,*,#3152,.F.);
#3152 = EDGE_CURVE('',#3153,#3144,#3155,.T.);
#3153 = VERTEX_POINT('',#3154);
#3154 = CARTESIAN_POINT('',(118.1,-2.3,1.537875421965E-15));
#3155 = LINE('',#3156,#3157);
#3156 = CARTESIAN_POINT('',(119.97779928716,-2.3,1.537875421965E-15));
#3157 = VECTOR('',#3158,1.);
#3158 = DIRECTION('',(1.,7.39045323037E-15,-0.));
#3159 = ORIENTED_EDGE('',*,*,#3160,.F.);
#3160 = EDGE_CURVE('',#3161,#3153,#3163,.T.);
#3161 = VERTEX_POINT('',#3162);
#3162 = CARTESIAN_POINT('',(117.6,-1.8,1.537875421965E-15));
#3163 = CIRCLE('',#3164,0.5);
#3164 = AXIS2_PLACEMENT_3D('',#3165,#3166,#3167);
#3165 = CARTESIAN_POINT('',(118.1,-1.8,1.537875421965E-15));
#3166 = DIRECTION('',(0.,0.,1.));
#3167 = DIRECTION('',(1.,0.,-0.));
#3168 = ORIENTED_EDGE('',*,*,#3169,.F.);
#3169 = EDGE_CURVE('',#3170,#3161,#3172,.T.);
#3170 = VERTEX_POINT('',#3171);
#3171 = CARTESIAN_POINT('',(117.6,1.8,1.537875421965E-15));
#3172 = LINE('',#3173,#3174);
#3173 = CARTESIAN_POINT('',(117.6,-1.8,1.537875421965E-15));
#3174 = VECTOR('',#3175,1.);
#3175 = DIRECTION('',(-0.,-1.,-0.));
#3176 = ORIENTED_EDGE('',*,*,#3177,.F.);
#3177 = EDGE_CURVE('',#3178,#3170,#3180,.T.);
#3178 = VERTEX_POINT('',#3179);
#3179 = CARTESIAN_POINT('',(118.1,2.3,1.537875421965E-15));
#3180 = CIRCLE('',#3181,0.5);
#3181 = AXIS2_PLACEMENT_3D('',#3182,#3183,#3184);
#3182 = CARTESIAN_POINT('',(118.1,1.8,1.537875421965E-15));
#3183 = DIRECTION('',(0.,0.,1.));
#3184 = DIRECTION('',(1.,0.,-0.));
#3185 = ORIENTED_EDGE('',*,*,#3186,.F.);
#3186 = EDGE_CURVE('',#3187,#3178,#3189,.T.);
#3187 = VERTEX_POINT('',#3188);
#3188 = CARTESIAN_POINT('',(119.97779928716,2.3,1.537875421965E-15));
#3189 = LINE('',#3190,#3191);
#3190 = CARTESIAN_POINT('',(118.1,2.3,1.537875421965E-15));
#3191 = VECTOR('',#3192,1.);
#3192 = DIRECTION('',(-1.,-9.238066537962E-16,-0.));
#3193 = ORIENTED_EDGE('',*,*,#3194,.F.);
#3194 = EDGE_CURVE('',#3066,#3187,#3195,.T.);
#3195 = CIRCLE('',#3196,0.5);
#3196 = AXIS2_PLACEMENT_3D('',#3197,#3198,#3199);
#3197 = CARTESIAN_POINT('',(119.97779928716,2.8,1.537875421965E-15));
#3198 = DIRECTION('',(0.,0.,-1.));
#3199 = DIRECTION('',(-1.,0.,0.));
#3200 = FACE_BOUND('',#3201,.T.);
#3201 = EDGE_LOOP('',(#3202,#3213,#3222,#3230,#3239,#3247,#3256,#3264,
    #3273,#3282,#3291,#3299,#3308,#3316,#3325,#3333));
#3202 = ORIENTED_EDGE('',*,*,#3203,.F.);
#3203 = EDGE_CURVE('',#3204,#3206,#3208,.T.);
#3204 = VERTEX_POINT('',#3205);
#3205 = CARTESIAN_POINT('',(-95.41451239262,2.55652173913,0.));
#3206 = VERTEX_POINT('',#3207);
#3207 = CARTESIAN_POINT('',(-104.5854876073,2.55652173913,
    1.537875421965E-16));
#3208 = CIRCLE('',#3209,5.25);
#3209 = AXIS2_PLACEMENT_3D('',#3210,#3211,#3212);
#3210 = CARTESIAN_POINT('',(-100.,-1.561251128379E-14,1.537875421965E-16
    ));
#3211 = DIRECTION('',(0.,0.,1.));
#3212 = DIRECTION('',(1.,0.,-0.));
#3213 = ORIENTED_EDGE('',*,*,#3214,.F.);
#3214 = EDGE_CURVE('',#3215,#3204,#3217,.T.);
#3215 = VERTEX_POINT('',#3216);
#3216 = CARTESIAN_POINT('',(-94.97779928716,2.3,1.537875421965E-16));
#3217 = CIRCLE('',#3218,0.5);
#3218 = AXIS2_PLACEMENT_3D('',#3219,#3220,#3221);
#3219 = CARTESIAN_POINT('',(-94.97779928716,2.8,1.537875421965E-16));
#3220 = DIRECTION('',(0.,0.,-1.));
#3221 = DIRECTION('',(1.,0.,0.));
#3222 = ORIENTED_EDGE('',*,*,#3223,.F.);
#3223 = EDGE_CURVE('',#3224,#3215,#3226,.T.);
#3224 = VERTEX_POINT('',#3225);
#3225 = CARTESIAN_POINT('',(-93.1,2.3,1.537875421965E-16));
#3226 = LINE('',#3227,#3228);
#3227 = CARTESIAN_POINT('',(-94.97779928716,2.3,1.537875421965E-16));
#3228 = VECTOR('',#3229,1.);
#3229 = DIRECTION('',(-1.,-6.466646576573E-15,-0.));
#3230 = ORIENTED_EDGE('',*,*,#3231,.F.);
#3231 = EDGE_CURVE('',#3232,#3224,#3234,.T.);
#3232 = VERTEX_POINT('',#3233);
#3233 = CARTESIAN_POINT('',(-92.6,1.8,1.537875421965E-16));
#3234 = CIRCLE('',#3235,0.5);
#3235 = AXIS2_PLACEMENT_3D('',#3236,#3237,#3238);
#3236 = CARTESIAN_POINT('',(-93.1,1.8,1.537875421965E-16));
#3237 = DIRECTION('',(0.,-0.,1.));
#3238 = DIRECTION('',(-1.,0.,0.));
#3239 = ORIENTED_EDGE('',*,*,#3240,.F.);
#3240 = EDGE_CURVE('',#3241,#3232,#3243,.T.);
#3241 = VERTEX_POINT('',#3242);
#3242 = CARTESIAN_POINT('',(-92.6,-1.8,1.537875421965E-16));
#3243 = LINE('',#3244,#3245);
#3244 = CARTESIAN_POINT('',(-92.6,-1.8,1.537875421965E-16));
#3245 = VECTOR('',#3246,1.);
#3246 = DIRECTION('',(0.,1.,0.));
#3247 = ORIENTED_EDGE('',*,*,#3248,.F.);
#3248 = EDGE_CURVE('',#3249,#3241,#3251,.T.);
#3249 = VERTEX_POINT('',#3250);
#3250 = CARTESIAN_POINT('',(-93.1,-2.3,1.537875421965E-16));
#3251 = CIRCLE('',#3252,0.5);
#3252 = AXIS2_PLACEMENT_3D('',#3253,#3254,#3255);
#3253 = CARTESIAN_POINT('',(-93.1,-1.8,1.537875421965E-16));
#3254 = DIRECTION('',(0.,-0.,1.));
#3255 = DIRECTION('',(-1.,0.,0.));
#3256 = ORIENTED_EDGE('',*,*,#3257,.F.);
#3257 = EDGE_CURVE('',#3258,#3249,#3260,.T.);
#3258 = VERTEX_POINT('',#3259);
#3259 = CARTESIAN_POINT('',(-94.97779928716,-2.3,1.537875421965E-16));
#3260 = LINE('',#3261,#3262);
#3261 = CARTESIAN_POINT('',(-94.97779928716,-2.3,1.537875421965E-16));
#3262 = VECTOR('',#3263,1.);
#3263 = DIRECTION('',(1.,0.,0.));
#3264 = ORIENTED_EDGE('',*,*,#3265,.F.);
#3265 = EDGE_CURVE('',#3266,#3258,#3268,.T.);
#3266 = VERTEX_POINT('',#3267);
#3267 = CARTESIAN_POINT('',(-95.41451239262,-2.55652173913,
    1.537875421965E-16));
#3268 = CIRCLE('',#3269,0.5);
#3269 = AXIS2_PLACEMENT_3D('',#3270,#3271,#3272);
#3270 = CARTESIAN_POINT('',(-94.97779928716,-2.8,1.537875421965E-16));
#3271 = DIRECTION('',(0.,0.,-1.));
#3272 = DIRECTION('',(1.,0.,0.));
#3273 = ORIENTED_EDGE('',*,*,#3274,.F.);
#3274 = EDGE_CURVE('',#3275,#3266,#3277,.T.);
#3275 = VERTEX_POINT('',#3276);
#3276 = CARTESIAN_POINT('',(-104.5854876073,-2.55652173913,
    1.537875421965E-16));
#3277 = CIRCLE('',#3278,5.25);
#3278 = AXIS2_PLACEMENT_3D('',#3279,#3280,#3281);
#3279 = CARTESIAN_POINT('',(-100.,-1.561251128379E-14,1.537875421965E-16
    ));
#3280 = DIRECTION('',(0.,0.,1.));
#3281 = DIRECTION('',(1.,0.,-0.));
#3282 = ORIENTED_EDGE('',*,*,#3283,.F.);
#3283 = EDGE_CURVE('',#3284,#3275,#3286,.T.);
#3284 = VERTEX_POINT('',#3285);
#3285 = CARTESIAN_POINT('',(-105.0222007128,-2.3,1.537875421965E-16));
#3286 = CIRCLE('',#3287,0.5);
#3287 = AXIS2_PLACEMENT_3D('',#3288,#3289,#3290);
#3288 = CARTESIAN_POINT('',(-105.0222007128,-2.8,1.537875421965E-16));
#3289 = DIRECTION('',(0.,0.,-1.));
#3290 = DIRECTION('',(1.,0.,0.));
#3291 = ORIENTED_EDGE('',*,*,#3292,.F.);
#3292 = EDGE_CURVE('',#3293,#3284,#3295,.T.);
#3293 = VERTEX_POINT('',#3294);
#3294 = CARTESIAN_POINT('',(-106.9,-2.3,1.537875421965E-16));
#3295 = LINE('',#3296,#3297);
#3296 = CARTESIAN_POINT('',(-105.0222007128,-2.3,1.537875421965E-16));
#3297 = VECTOR('',#3298,1.);
#3298 = DIRECTION('',(1.,7.39045323037E-15,-0.));
#3299 = ORIENTED_EDGE('',*,*,#3300,.F.);
#3300 = EDGE_CURVE('',#3301,#3293,#3303,.T.);
#3301 = VERTEX_POINT('',#3302);
#3302 = CARTESIAN_POINT('',(-107.4,-1.8,1.537875421965E-16));
#3303 = CIRCLE('',#3304,0.5);
#3304 = AXIS2_PLACEMENT_3D('',#3305,#3306,#3307);
#3305 = CARTESIAN_POINT('',(-106.9,-1.8,1.537875421965E-16));
#3306 = DIRECTION('',(0.,0.,1.));
#3307 = DIRECTION('',(1.,0.,-0.));
#3308 = ORIENTED_EDGE('',*,*,#3309,.F.);
#3309 = EDGE_CURVE('',#3310,#3301,#3312,.T.);
#3310 = VERTEX_POINT('',#3311);
#3311 = CARTESIAN_POINT('',(-107.4,1.8,1.537875421965E-16));
#3312 = LINE('',#3313,#3314);
#3313 = CARTESIAN_POINT('',(-107.4,-1.8,1.537875421965E-16));
#3314 = VECTOR('',#3315,1.);
#3315 = DIRECTION('',(-0.,-1.,-0.));
#3316 = ORIENTED_EDGE('',*,*,#3317,.F.);
#3317 = EDGE_CURVE('',#3318,#3310,#3320,.T.);
#3318 = VERTEX_POINT('',#3319);
#3319 = CARTESIAN_POINT('',(-106.9,2.3,1.537875421965E-16));
#3320 = CIRCLE('',#3321,0.5);
#3321 = AXIS2_PLACEMENT_3D('',#3322,#3323,#3324);
#3322 = CARTESIAN_POINT('',(-106.9,1.8,1.537875421965E-16));
#3323 = DIRECTION('',(0.,0.,1.));
#3324 = DIRECTION('',(1.,0.,-0.));
#3325 = ORIENTED_EDGE('',*,*,#3326,.F.);
#3326 = EDGE_CURVE('',#3327,#3318,#3329,.T.);
#3327 = VERTEX_POINT('',#3328);
#3328 = CARTESIAN_POINT('',(-105.0222007128,2.3,1.537875421965E-16));
#3329 = LINE('',#3330,#3331);
#3330 = CARTESIAN_POINT('',(-106.9,2.3,1.537875421965E-16));
#3331 = VECTOR('',#3332,1.);
#3332 = DIRECTION('',(-1.,-9.238066537962E-16,-0.));
#3333 = ORIENTED_EDGE('',*,*,#3334,.F.);
#3334 = EDGE_CURVE('',#3206,#3327,#3335,.T.);
#3335 = CIRCLE('',#3336,0.5);
#3336 = AXIS2_PLACEMENT_3D('',#3337,#3338,#3339);
#3337 = CARTESIAN_POINT('',(-105.0222007128,2.8,1.537875421965E-16));
#3338 = DIRECTION('',(0.,0.,-1.));
#3339 = DIRECTION('',(-1.,0.,0.));
#3340 = FACE_BOUND('',#3341,.T.);
#3341 = EDGE_LOOP('',(#3342,#3353,#3362,#3370,#3379,#3387,#3396,#3404,
    #3413,#3422,#3431,#3439,#3448,#3456,#3465,#3473));
#3342 = ORIENTED_EDGE('',*,*,#3343,.F.);
#3343 = EDGE_CURVE('',#3344,#3346,#3348,.T.);
#3344 = VERTEX_POINT('',#3345);
#3345 = CARTESIAN_POINT('',(-120.4145123926,2.55652173913,0.));
#3346 = VERTEX_POINT('',#3347);
#3347 = CARTESIAN_POINT('',(-129.5854876073,2.55652173913,0.));
#3348 = CIRCLE('',#3349,5.25);
#3349 = AXIS2_PLACEMENT_3D('',#3350,#3351,#3352);
#3350 = CARTESIAN_POINT('',(-125.,-1.561251128379E-14,0.));
#3351 = DIRECTION('',(0.,0.,1.));
#3352 = DIRECTION('',(1.,0.,-0.));
#3353 = ORIENTED_EDGE('',*,*,#3354,.F.);
#3354 = EDGE_CURVE('',#3355,#3344,#3357,.T.);
#3355 = VERTEX_POINT('',#3356);
#3356 = CARTESIAN_POINT('',(-119.9777992871,2.3,0.));
#3357 = CIRCLE('',#3358,0.5);
#3358 = AXIS2_PLACEMENT_3D('',#3359,#3360,#3361);
#3359 = CARTESIAN_POINT('',(-119.9777992871,2.8,0.));
#3360 = DIRECTION('',(0.,0.,-1.));
#3361 = DIRECTION('',(1.,0.,0.));
#3362 = ORIENTED_EDGE('',*,*,#3363,.F.);
#3363 = EDGE_CURVE('',#3364,#3355,#3366,.T.);
#3364 = VERTEX_POINT('',#3365);
#3365 = CARTESIAN_POINT('',(-118.1,2.3,0.));
#3366 = LINE('',#3367,#3368);
#3367 = CARTESIAN_POINT('',(-119.9777992871,2.3,0.));
#3368 = VECTOR('',#3369,1.);
#3369 = DIRECTION('',(-1.,-6.466646576573E-15,-0.));
#3370 = ORIENTED_EDGE('',*,*,#3371,.F.);
#3371 = EDGE_CURVE('',#3372,#3364,#3374,.T.);
#3372 = VERTEX_POINT('',#3373);
#3373 = CARTESIAN_POINT('',(-117.6,1.8,0.));
#3374 = CIRCLE('',#3375,0.5);
#3375 = AXIS2_PLACEMENT_3D('',#3376,#3377,#3378);
#3376 = CARTESIAN_POINT('',(-118.1,1.8,0.));
#3377 = DIRECTION('',(0.,-0.,1.));
#3378 = DIRECTION('',(-1.,0.,0.));
#3379 = ORIENTED_EDGE('',*,*,#3380,.F.);
#3380 = EDGE_CURVE('',#3381,#3372,#3383,.T.);
#3381 = VERTEX_POINT('',#3382);
#3382 = CARTESIAN_POINT('',(-117.6,-1.8,0.));
#3383 = LINE('',#3384,#3385);
#3384 = CARTESIAN_POINT('',(-117.6,-1.8,0.));
#3385 = VECTOR('',#3386,1.);
#3386 = DIRECTION('',(0.,1.,0.));
#3387 = ORIENTED_EDGE('',*,*,#3388,.F.);
#3388 = EDGE_CURVE('',#3389,#3381,#3391,.T.);
#3389 = VERTEX_POINT('',#3390);
#3390 = CARTESIAN_POINT('',(-118.1,-2.3,0.));
#3391 = CIRCLE('',#3392,0.5);
#3392 = AXIS2_PLACEMENT_3D('',#3393,#3394,#3395);
#3393 = CARTESIAN_POINT('',(-118.1,-1.8,0.));
#3394 = DIRECTION('',(0.,-0.,1.));
#3395 = DIRECTION('',(-1.,0.,0.));
#3396 = ORIENTED_EDGE('',*,*,#3397,.F.);
#3397 = EDGE_CURVE('',#3398,#3389,#3400,.T.);
#3398 = VERTEX_POINT('',#3399);
#3399 = CARTESIAN_POINT('',(-119.9777992871,-2.3,0.));
#3400 = LINE('',#3401,#3402);
#3401 = CARTESIAN_POINT('',(-119.9777992871,-2.3,0.));
#3402 = VECTOR('',#3403,1.);
#3403 = DIRECTION('',(1.,0.,0.));
#3404 = ORIENTED_EDGE('',*,*,#3405,.F.);
#3405 = EDGE_CURVE('',#3406,#3398,#3408,.T.);
#3406 = VERTEX_POINT('',#3407);
#3407 = CARTESIAN_POINT('',(-120.4145123926,-2.55652173913,0.));
#3408 = CIRCLE('',#3409,0.5);
#3409 = AXIS2_PLACEMENT_3D('',#3410,#3411,#3412);
#3410 = CARTESIAN_POINT('',(-119.9777992871,-2.8,0.));
#3411 = DIRECTION('',(0.,0.,-1.));
#3412 = DIRECTION('',(1.,0.,0.));
#3413 = ORIENTED_EDGE('',*,*,#3414,.F.);
#3414 = EDGE_CURVE('',#3415,#3406,#3417,.T.);
#3415 = VERTEX_POINT('',#3416);
#3416 = CARTESIAN_POINT('',(-129.5854876073,-2.55652173913,0.));
#3417 = CIRCLE('',#3418,5.25);
#3418 = AXIS2_PLACEMENT_3D('',#3419,#3420,#3421);
#3419 = CARTESIAN_POINT('',(-125.,-1.561251128379E-14,0.));
#3420 = DIRECTION('',(0.,0.,1.));
#3421 = DIRECTION('',(1.,0.,-0.));
#3422 = ORIENTED_EDGE('',*,*,#3423,.F.);
#3423 = EDGE_CURVE('',#3424,#3415,#3426,.T.);
#3424 = VERTEX_POINT('',#3425);
#3425 = CARTESIAN_POINT('',(-130.0222007128,-2.3,0.));
#3426 = CIRCLE('',#3427,0.5);
#3427 = AXIS2_PLACEMENT_3D('',#3428,#3429,#3430);
#3428 = CARTESIAN_POINT('',(-130.0222007128,-2.8,0.));
#3429 = DIRECTION('',(0.,0.,-1.));
#3430 = DIRECTION('',(1.,0.,0.));
#3431 = ORIENTED_EDGE('',*,*,#3432,.F.);
#3432 = EDGE_CURVE('',#3433,#3424,#3435,.T.);
#3433 = VERTEX_POINT('',#3434);
#3434 = CARTESIAN_POINT('',(-131.9,-2.3,0.));
#3435 = LINE('',#3436,#3437);
#3436 = CARTESIAN_POINT('',(-130.0222007128,-2.3,0.));
#3437 = VECTOR('',#3438,1.);
#3438 = DIRECTION('',(1.,7.39045323037E-15,-0.));
#3439 = ORIENTED_EDGE('',*,*,#3440,.F.);
#3440 = EDGE_CURVE('',#3441,#3433,#3443,.T.);
#3441 = VERTEX_POINT('',#3442);
#3442 = CARTESIAN_POINT('',(-132.4,-1.8,0.));
#3443 = CIRCLE('',#3444,0.5);
#3444 = AXIS2_PLACEMENT_3D('',#3445,#3446,#3447);
#3445 = CARTESIAN_POINT('',(-131.9,-1.8,0.));
#3446 = DIRECTION('',(0.,0.,1.));
#3447 = DIRECTION('',(1.,0.,-0.));
#3448 = ORIENTED_EDGE('',*,*,#3449,.F.);
#3449 = EDGE_CURVE('',#3450,#3441,#3452,.T.);
#3450 = VERTEX_POINT('',#3451);
#3451 = CARTESIAN_POINT('',(-132.4,1.8,0.));
#3452 = LINE('',#3453,#3454);
#3453 = CARTESIAN_POINT('',(-132.4,-1.8,0.));
#3454 = VECTOR('',#3455,1.);
#3455 = DIRECTION('',(-0.,-1.,-0.));
#3456 = ORIENTED_EDGE('',*,*,#3457,.F.);
#3457 = EDGE_CURVE('',#3458,#3450,#3460,.T.);
#3458 = VERTEX_POINT('',#3459);
#3459 = CARTESIAN_POINT('',(-131.9,2.3,0.));
#3460 = CIRCLE('',#3461,0.5);
#3461 = AXIS2_PLACEMENT_3D('',#3462,#3463,#3464);
#3462 = CARTESIAN_POINT('',(-131.9,1.8,0.));
#3463 = DIRECTION('',(0.,0.,1.));
#3464 = DIRECTION('',(1.,0.,-0.));
#3465 = ORIENTED_EDGE('',*,*,#3466,.F.);
#3466 = EDGE_CURVE('',#3467,#3458,#3469,.T.);
#3467 = VERTEX_POINT('',#3468);
#3468 = CARTESIAN_POINT('',(-130.0222007128,2.3,0.));
#3469 = LINE('',#3470,#3471);
#3470 = CARTESIAN_POINT('',(-131.9,2.3,0.));
#3471 = VECTOR('',#3472,1.);
#3472 = DIRECTION('',(-1.,-9.238066537962E-16,-0.));
#3473 = ORIENTED_EDGE('',*,*,#3474,.F.);
#3474 = EDGE_CURVE('',#3346,#3467,#3475,.T.);
#3475 = CIRCLE('',#3476,0.5);
#3476 = AXIS2_PLACEMENT_3D('',#3477,#3478,#3479);
#3477 = CARTESIAN_POINT('',(-130.0222007128,2.8,0.));
#3478 = DIRECTION('',(0.,0.,-1.));
#3479 = DIRECTION('',(-1.,0.,0.));
#3480 = FACE_BOUND('',#3481,.T.);
#3481 = EDGE_LOOP('',(#3482,#3492,#3500,#3508,#3516,#3524,#3532,#3540,
    #3548,#3556,#3564,#3572,#3580,#3588,#3596,#3604));
#3482 = ORIENTED_EDGE('',*,*,#3483,.T.);
#3483 = EDGE_CURVE('',#3484,#3486,#3488,.T.);
#3484 = VERTEX_POINT('',#3485);
#3485 = CARTESIAN_POINT('',(141.,14.5,-7.589415207399E-15));
#3486 = VERTEX_POINT('',#3487);
#3487 = CARTESIAN_POINT('',(141.,14.9,1.734723475977E-15));
#3488 = LINE('',#3489,#3490);
#3489 = CARTESIAN_POINT('',(141.,-17.,0.));
#3490 = VECTOR('',#3491,1.);
#3491 = DIRECTION('',(0.,1.,0.));
#3492 = ORIENTED_EDGE('',*,*,#3493,.T.);
#3493 = EDGE_CURVE('',#3486,#3494,#3496,.T.);
#3494 = VERTEX_POINT('',#3495);
#3495 = CARTESIAN_POINT('',(141.,17.,-0.));
#3496 = LINE('',#3497,#3498);
#3497 = CARTESIAN_POINT('',(141.,14.9,0.));
#3498 = VECTOR('',#3499,1.);
#3499 = DIRECTION('',(-0.,1.,-0.));
#3500 = ORIENTED_EDGE('',*,*,#3501,.F.);
#3501 = EDGE_CURVE('',#3502,#3494,#3504,.T.);
#3502 = VERTEX_POINT('',#3503);
#3503 = CARTESIAN_POINT('',(-141.,17.,0.));
#3504 = LINE('',#3505,#3506);
#3505 = CARTESIAN_POINT('',(-7.525139984965E-30,17.,-0.));
#3506 = VECTOR('',#3507,1.);
#3507 = DIRECTION('',(1.,4.426552932332E-31,-0.));
#3508 = ORIENTED_EDGE('',*,*,#3509,.F.);
#3509 = EDGE_CURVE('',#3510,#3502,#3512,.T.);
#3510 = VERTEX_POINT('',#3511);
#3511 = CARTESIAN_POINT('',(-141.,14.9,0.));
#3512 = LINE('',#3513,#3514);
#3513 = CARTESIAN_POINT('',(-141.,0.,0.));
#3514 = VECTOR('',#3515,1.);
#3515 = DIRECTION('',(0.,1.,0.));
#3516 = ORIENTED_EDGE('',*,*,#3517,.T.);
#3517 = EDGE_CURVE('',#3510,#3518,#3520,.T.);
#3518 = VERTEX_POINT('',#3519);
#3519 = CARTESIAN_POINT('',(-141.,14.5,-1.008308020412E-14));
#3520 = LINE('',#3521,#3522);
#3521 = CARTESIAN_POINT('',(-141.,-17.,0.));
#3522 = VECTOR('',#3523,1.);
#3523 = DIRECTION('',(-0.,-1.,-0.));
#3524 = ORIENTED_EDGE('',*,*,#3525,.T.);
#3525 = EDGE_CURVE('',#3518,#3526,#3528,.T.);
#3526 = VERTEX_POINT('',#3527);
#3527 = CARTESIAN_POINT('',(-141.2485281374,14.5,0.));
#3528 = LINE('',#3529,#3530);
#3529 = CARTESIAN_POINT('',(-141.,14.5,0.));
#3530 = VECTOR('',#3531,1.);
#3531 = DIRECTION('',(-1.,0.,0.));
#3532 = ORIENTED_EDGE('',*,*,#3533,.T.);
#3533 = EDGE_CURVE('',#3526,#3534,#3536,.T.);
#3534 = VERTEX_POINT('',#3535);
#3535 = CARTESIAN_POINT('',(-141.2485281374,-14.5,-0.));
#3536 = LINE('',#3537,#3538);
#3537 = CARTESIAN_POINT('',(-141.2485281374,1.220998039292E-14,0.));
#3538 = VECTOR('',#3539,1.);
#3539 = DIRECTION('',(-8.659560562355E-17,-1.,-0.));
#3540 = ORIENTED_EDGE('',*,*,#3541,.F.);
#3541 = EDGE_CURVE('',#3542,#3534,#3544,.T.);
#3542 = VERTEX_POINT('',#3543);
#3543 = CARTESIAN_POINT('',(-141.,-14.5,-1.008308020412E-14));
#3544 = LINE('',#3545,#3546);
#3545 = CARTESIAN_POINT('',(0.,-14.5,-0.));
#3546 = VECTOR('',#3547,1.);
#3547 = DIRECTION('',(-1.,-0.,-0.));
#3548 = ORIENTED_EDGE('',*,*,#3549,.T.);
#3549 = EDGE_CURVE('',#3542,#3550,#3552,.T.);
#3550 = VERTEX_POINT('',#3551);
#3551 = CARTESIAN_POINT('',(-141.,-14.9,-1.734723475977E-15));
#3552 = LINE('',#3553,#3554);
#3553 = CARTESIAN_POINT('',(-141.,-17.,0.));
#3554 = VECTOR('',#3555,1.);
#3555 = DIRECTION('',(-0.,-1.,-0.));
#3556 = ORIENTED_EDGE('',*,*,#3557,.T.);
#3557 = EDGE_CURVE('',#3550,#3558,#3560,.T.);
#3558 = VERTEX_POINT('',#3559);
#3559 = CARTESIAN_POINT('',(-141.,-17.,0.));
#3560 = LINE('',#3561,#3562);
#3561 = CARTESIAN_POINT('',(-141.,-14.9,0.));
#3562 = VECTOR('',#3563,1.);
#3563 = DIRECTION('',(-0.,-1.,-0.));
#3564 = ORIENTED_EDGE('',*,*,#3565,.F.);
#3565 = EDGE_CURVE('',#3566,#3558,#3568,.T.);
#3566 = VERTEX_POINT('',#3567);
#3567 = CARTESIAN_POINT('',(141.,-17.,0.));
#3568 = LINE('',#3569,#3570);
#3569 = CARTESIAN_POINT('',(0.,-17.,-0.));
#3570 = VECTOR('',#3571,1.);
#3571 = DIRECTION('',(-1.,0.,0.));
#3572 = ORIENTED_EDGE('',*,*,#3573,.F.);
#3573 = EDGE_CURVE('',#3574,#3566,#3576,.T.);
#3574 = VERTEX_POINT('',#3575);
#3575 = CARTESIAN_POINT('',(141.,-14.9,0.));
#3576 = LINE('',#3577,#3578);
#3577 = CARTESIAN_POINT('',(141.,0.,0.));
#3578 = VECTOR('',#3579,1.);
#3579 = DIRECTION('',(-0.,-1.,0.));
#3580 = ORIENTED_EDGE('',*,*,#3581,.T.);
#3581 = EDGE_CURVE('',#3574,#3582,#3584,.T.);
#3582 = VERTEX_POINT('',#3583);
#3583 = CARTESIAN_POINT('',(141.,-14.5,-1.008308020412E-14));
#3584 = LINE('',#3585,#3586);
#3585 = CARTESIAN_POINT('',(141.,-17.,0.));
#3586 = VECTOR('',#3587,1.);
#3587 = DIRECTION('',(0.,1.,0.));
#3588 = ORIENTED_EDGE('',*,*,#3589,.T.);
#3589 = EDGE_CURVE('',#3582,#3590,#3592,.T.);
#3590 = VERTEX_POINT('',#3591);
#3591 = CARTESIAN_POINT('',(141.24852813742,-14.5,0.));
#3592 = LINE('',#3593,#3594);
#3593 = CARTESIAN_POINT('',(141.,-14.5,0.));
#3594 = VECTOR('',#3595,1.);
#3595 = DIRECTION('',(1.,0.,0.));
#3596 = ORIENTED_EDGE('',*,*,#3597,.T.);
#3597 = EDGE_CURVE('',#3590,#3598,#3600,.T.);
#3598 = VERTEX_POINT('',#3599);
#3599 = CARTESIAN_POINT('',(141.24852813742,14.5,0.));
#3600 = LINE('',#3601,#3602);
#3601 = CARTESIAN_POINT('',(141.24852813742,1.220998039292E-14,0.));
#3602 = VECTOR('',#3603,1.);
#3603 = DIRECTION('',(-8.659560562355E-17,1.,-0.));
#3604 = ORIENTED_EDGE('',*,*,#3605,.F.);
#3605 = EDGE_CURVE('',#3484,#3598,#3606,.T.);
#3606 = LINE('',#3607,#3608);
#3607 = CARTESIAN_POINT('',(0.,14.5,0.));
#3608 = VECTOR('',#3609,1.);
#3609 = DIRECTION('',(1.,-0.,-0.));
#3610 = PLANE('',#3611);
#3611 = AXIS2_PLACEMENT_3D('',#3612,#3613,#3614);
#3612 = CARTESIAN_POINT('',(0.,0.,0.));
#3613 = DIRECTION('',(0.,0.,-1.));
#3614 = DIRECTION('',(-1.,0.,-0.));
#3615 = ADVANCED_FACE('',(#3616),#3632,.T.);
#3616 = FACE_BOUND('',#3617,.T.);
#3617 = EDGE_LOOP('',(#3618,#3619,#3625,#3626));
#3618 = ORIENTED_EDGE('',*,*,#1731,.T.);
#3619 = ORIENTED_EDGE('',*,*,#3620,.T.);
#3620 = EDGE_CURVE('',#1724,#3486,#3621,.T.);
#3621 = LINE('',#3622,#3623);
#3622 = CARTESIAN_POINT('',(141.,14.9,-1.5));
#3623 = VECTOR('',#3624,1.);
#3624 = DIRECTION('',(0.,0.,1.));
#3625 = ORIENTED_EDGE('',*,*,#3483,.F.);
#3626 = ORIENTED_EDGE('',*,*,#3627,.T.);
#3627 = EDGE_CURVE('',#3484,#1732,#3628,.T.);
#3628 = LINE('',#3629,#3630);
#3629 = CARTESIAN_POINT('',(141.,14.5,-7.589415207399E-15));
#3630 = VECTOR('',#3631,1.);
#3631 = DIRECTION('',(0.,8.518296759352E-17,-1.));
#3632 = PLANE('',#3633);
#3633 = AXIS2_PLACEMENT_3D('',#3634,#3635,#3636);
#3634 = CARTESIAN_POINT('',(141.,-17.,-1.5));
#3635 = DIRECTION('',(1.,0.,0.));
#3636 = DIRECTION('',(0.,0.,-1.));
#3637 = ADVANCED_FACE('',(#3638),#3654,.T.);
#3638 = FACE_BOUND('',#3639,.T.);
#3639 = EDGE_LOOP('',(#3640,#3641,#3647,#3648));
#3640 = ORIENTED_EDGE('',*,*,#1795,.T.);
#3641 = ORIENTED_EDGE('',*,*,#3642,.T.);
#3642 = EDGE_CURVE('',#1788,#3550,#3643,.T.);
#3643 = LINE('',#3644,#3645);
#3644 = CARTESIAN_POINT('',(-141.,-14.9,-1.5));
#3645 = VECTOR('',#3646,1.);
#3646 = DIRECTION('',(0.,0.,1.));
#3647 = ORIENTED_EDGE('',*,*,#3549,.F.);
#3648 = ORIENTED_EDGE('',*,*,#3649,.T.);
#3649 = EDGE_CURVE('',#3542,#1796,#3650,.T.);
#3650 = LINE('',#3651,#3652);
#3651 = CARTESIAN_POINT('',(-141.,-14.5,-1.008308020412E-14));
#3652 = VECTOR('',#3653,1.);
#3653 = DIRECTION('',(0.,-1.283953296258E-30,-1.));
#3654 = PLANE('',#3655);
#3655 = AXIS2_PLACEMENT_3D('',#3656,#3657,#3658);
#3656 = CARTESIAN_POINT('',(-141.,-17.,-1.5));
#3657 = DIRECTION('',(-1.,0.,0.));
#3658 = DIRECTION('',(0.,0.,1.));
#3659 = ADVANCED_FACE('',(#3660),#3694,.T.);
#3660 = FACE_BOUND('',#3661,.T.);
#3661 = EDGE_LOOP('',(#3662,#3672,#3680,#3688));
#3662 = ORIENTED_EDGE('',*,*,#3663,.T.);
#3663 = EDGE_CURVE('',#3664,#3666,#3668,.T.);
#3664 = VERTEX_POINT('',#3665);
#3665 = CARTESIAN_POINT('',(159.521930009,-7.242283553373,
    -3.741522368915));
#3666 = VERTEX_POINT('',#3667);
#3667 = CARTESIAN_POINT('',(159.521930009,-8.302943725152,
    -2.680862197135));
#3668 = LINE('',#3669,#3670);
#3669 = CARTESIAN_POINT('',(159.521930009,-7.242283553373,
    -3.741522368915));
#3670 = VECTOR('',#3671,1.);
#3671 = DIRECTION('',(0.,-0.707106781187,0.707106781187));
#3672 = ORIENTED_EDGE('',*,*,#3673,.F.);
#3673 = EDGE_CURVE('',#3674,#3666,#3676,.T.);
#3674 = VERTEX_POINT('',#3675);
#3675 = CARTESIAN_POINT('',(159.521930009,-7.588629150102,
    -1.966547622084));
#3676 = LINE('',#3677,#3678);
#3677 = CARTESIAN_POINT('',(159.521930009,-7.12,-1.497918471983));
#3678 = VECTOR('',#3679,1.);
#3679 = DIRECTION('',(0.,-0.707106781187,-0.707106781187));
#3680 = ORIENTED_EDGE('',*,*,#3681,.T.);
#3681 = EDGE_CURVE('',#3674,#3682,#3684,.T.);
#3682 = VERTEX_POINT('',#3683);
#3683 = CARTESIAN_POINT('',(159.521930009,-6.527968978322,
    -3.027207793864));
#3684 = LINE('',#3685,#3686);
#3685 = CARTESIAN_POINT('',(159.521930009,-7.588629150102,
    -1.966547622084));
#3686 = VECTOR('',#3687,1.);
#3687 = DIRECTION('',(-0.,0.707106781187,-0.707106781187));
#3688 = ORIENTED_EDGE('',*,*,#3689,.T.);
#3689 = EDGE_CURVE('',#3682,#3664,#3690,.T.);
#3690 = LINE('',#3691,#3692);
#3691 = CARTESIAN_POINT('',(159.521930009,-6.05933982822,-2.558578643763
    ));
#3692 = VECTOR('',#3693,1.);
#3693 = DIRECTION('',(0.,-0.707106781187,-0.707106781187));
#3694 = PLANE('',#3695);
#3695 = AXIS2_PLACEMENT_3D('',#3696,#3697,#3698);
#3696 = CARTESIAN_POINT('',(159.521930009,-7.12,-1.497918471983));
#3697 = DIRECTION('',(-1.,-0.,0.));
#3698 = DIRECTION('',(0.,-0.707106781187,-0.707106781187));
#3699 = ADVANCED_FACE('',(#3700),#3734,.T.);
#3700 = FACE_BOUND('',#3701,.T.);
#3701 = EDGE_LOOP('',(#3702,#3712,#3720,#3728));
#3702 = ORIENTED_EDGE('',*,*,#3703,.T.);
#3703 = EDGE_CURVE('',#3704,#3706,#3708,.T.);
#3704 = VERTEX_POINT('',#3705);
#3705 = CARTESIAN_POINT('',(163.921930009,-8.93933982822,-5.438578643763
    ));
#3706 = VERTEX_POINT('',#3707);
#3707 = CARTESIAN_POINT('',(163.921930009,-10.,-4.377918471983));
#3708 = LINE('',#3709,#3710);
#3709 = CARTESIAN_POINT('',(163.921930009,-8.93933982822,-5.438578643763
    ));
#3710 = VECTOR('',#3711,1.);
#3711 = DIRECTION('',(0.,-0.707106781187,0.707106781187));
#3712 = ORIENTED_EDGE('',*,*,#3713,.F.);
#3713 = EDGE_CURVE('',#3714,#3706,#3716,.T.);
#3714 = VERTEX_POINT('',#3715);
#3715 = CARTESIAN_POINT('',(161.121930009,-10.,-4.377918471983));
#3716 = LINE('',#3717,#3718);
#3717 = CARTESIAN_POINT('',(159.521930009,-10.,-4.377918471983));
#3718 = VECTOR('',#3719,1.);
#3719 = DIRECTION('',(1.,0.,0.));
#3720 = ORIENTED_EDGE('',*,*,#3721,.F.);
#3721 = EDGE_CURVE('',#3722,#3714,#3724,.T.);
#3722 = VERTEX_POINT('',#3723);
#3723 = CARTESIAN_POINT('',(161.121930009,-8.93933982822,-5.438578643763
    ));
#3724 = LINE('',#3725,#3726);
#3725 = CARTESIAN_POINT('',(161.121930009,-8.93933982822,-5.438578643763
    ));
#3726 = VECTOR('',#3727,1.);
#3727 = DIRECTION('',(0.,-0.707106781187,0.707106781187));
#3728 = ORIENTED_EDGE('',*,*,#3729,.T.);
#3729 = EDGE_CURVE('',#3722,#3704,#3730,.T.);
#3730 = LINE('',#3731,#3732);
#3731 = CARTESIAN_POINT('',(159.521930009,-8.93933982822,-5.438578643763
    ));
#3732 = VECTOR('',#3733,1.);
#3733 = DIRECTION('',(1.,0.,0.));
#3734 = PLANE('',#3735);
#3735 = AXIS2_PLACEMENT_3D('',#3736,#3737,#3738);
#3736 = CARTESIAN_POINT('',(159.521930009,-10.,-4.377918471983));
#3737 = DIRECTION('',(0.,-0.707106781187,-0.707106781187));
#3738 = DIRECTION('',(1.,0.,0.));
#3739 = ADVANCED_FACE('',(#3740),#3774,.T.);
#3740 = FACE_BOUND('',#3741,.T.);
#3741 = EDGE_LOOP('',(#3742,#3752,#3760,#3768));
#3742 = ORIENTED_EDGE('',*,*,#3743,.F.);
#3743 = EDGE_CURVE('',#3744,#3746,#3748,.T.);
#3744 = VERTEX_POINT('',#3745);
#3745 = CARTESIAN_POINT('',(165.521930009,-7.242283553373,
    -3.741522368915));
#3746 = VERTEX_POINT('',#3747);
#3747 = CARTESIAN_POINT('',(165.521930009,-8.302943725152,
    -2.680862197135));
#3748 = LINE('',#3749,#3750);
#3749 = CARTESIAN_POINT('',(165.521930009,-7.242283553373,
    -3.741522368915));
#3750 = VECTOR('',#3751,1.);
#3751 = DIRECTION('',(0.,-0.707106781187,0.707106781187));
#3752 = ORIENTED_EDGE('',*,*,#3753,.T.);
#3753 = EDGE_CURVE('',#3744,#3754,#3756,.T.);
#3754 = VERTEX_POINT('',#3755);
#3755 = CARTESIAN_POINT('',(165.521930009,-6.527968978322,
    -3.027207793864));
#3756 = LINE('',#3757,#3758);
#3757 = CARTESIAN_POINT('',(165.521930009,-6.05933982822,-2.558578643763
    ));
#3758 = VECTOR('',#3759,1.);
#3759 = DIRECTION('',(-0.,0.707106781187,0.707106781187));
#3760 = ORIENTED_EDGE('',*,*,#3761,.F.);
#3761 = EDGE_CURVE('',#3762,#3754,#3764,.T.);
#3762 = VERTEX_POINT('',#3763);
#3763 = CARTESIAN_POINT('',(165.521930009,-7.588629150102,
    -1.966547622084));
#3764 = LINE('',#3765,#3766);
#3765 = CARTESIAN_POINT('',(165.521930009,-7.588629150102,
    -1.966547622084));
#3766 = VECTOR('',#3767,1.);
#3767 = DIRECTION('',(-0.,0.707106781187,-0.707106781187));
#3768 = ORIENTED_EDGE('',*,*,#3769,.F.);
#3769 = EDGE_CURVE('',#3746,#3762,#3770,.T.);
#3770 = LINE('',#3771,#3772);
#3771 = CARTESIAN_POINT('',(165.521930009,-7.12,-1.497918471983));
#3772 = VECTOR('',#3773,1.);
#3773 = DIRECTION('',(0.,0.707106781187,0.707106781187));
#3774 = PLANE('',#3775);
#3775 = AXIS2_PLACEMENT_3D('',#3776,#3777,#3778);
#3776 = CARTESIAN_POINT('',(165.521930009,-7.12,-1.497918471983));
#3777 = DIRECTION('',(1.,0.,-0.));
#3778 = DIRECTION('',(0.,0.707106781187,0.707106781187));
#3779 = ADVANCED_FACE('',(#3780),#3819,.F.);
#3780 = FACE_BOUND('',#3781,.T.);
#3781 = EDGE_LOOP('',(#3782,#3788,#3789,#3795,#3796,#3804,#3812,#3818));
#3782 = ORIENTED_EDGE('',*,*,#3783,.F.);
#3783 = EDGE_CURVE('',#3704,#3744,#3784,.T.);
#3784 = LINE('',#3785,#3786);
#3785 = CARTESIAN_POINT('',(163.921930009,-8.93933982822,-5.438578643763
    ));
#3786 = VECTOR('',#3787,1.);
#3787 = DIRECTION('',(0.554700196225,0.588348405415,0.588348405415));
#3788 = ORIENTED_EDGE('',*,*,#3729,.F.);
#3789 = ORIENTED_EDGE('',*,*,#3790,.F.);
#3790 = EDGE_CURVE('',#3664,#3722,#3791,.T.);
#3791 = LINE('',#3792,#3793);
#3792 = CARTESIAN_POINT('',(161.121930009,-8.93933982822,-5.438578643763
    ));
#3793 = VECTOR('',#3794,1.);
#3794 = DIRECTION('',(0.554700196225,-0.588348405415,-0.588348405415));
#3795 = ORIENTED_EDGE('',*,*,#3689,.F.);
#3796 = ORIENTED_EDGE('',*,*,#3797,.T.);
#3797 = EDGE_CURVE('',#3682,#3798,#3800,.T.);
#3798 = VERTEX_POINT('',#3799);
#3799 = CARTESIAN_POINT('',(159.521930009,-6.49867965644,-2.997918471983
    ));
#3800 = LINE('',#3801,#3802);
#3801 = CARTESIAN_POINT('',(159.521930009,-6.527968978322,
    -3.027207793864));
#3802 = VECTOR('',#3803,1.);
#3803 = DIRECTION('',(0.,0.707106781187,0.707106781187));
#3804 = ORIENTED_EDGE('',*,*,#3805,.T.);
#3805 = EDGE_CURVE('',#3798,#3806,#3808,.T.);
#3806 = VERTEX_POINT('',#3807);
#3807 = CARTESIAN_POINT('',(165.521930009,-6.49867965644,-2.997918471983
    ));
#3808 = LINE('',#3809,#3810);
#3809 = CARTESIAN_POINT('',(159.521930009,-6.49867965644,-2.997918471983
    ));
#3810 = VECTOR('',#3811,1.);
#3811 = DIRECTION('',(1.,0.,0.));
#3812 = ORIENTED_EDGE('',*,*,#3813,.F.);
#3813 = EDGE_CURVE('',#3754,#3806,#3814,.T.);
#3814 = LINE('',#3815,#3816);
#3815 = CARTESIAN_POINT('',(165.521930009,-6.05933982822,-2.558578643763
    ));
#3816 = VECTOR('',#3817,1.);
#3817 = DIRECTION('',(-0.,0.707106781187,0.707106781187));
#3818 = ORIENTED_EDGE('',*,*,#3753,.F.);
#3819 = PLANE('',#3820);
#3820 = AXIS2_PLACEMENT_3D('',#3821,#3822,#3823);
#3821 = CARTESIAN_POINT('',(159.521930009,-6.05933982822,-2.558578643763
    ));
#3822 = DIRECTION('',(0.,-0.707106781187,0.707106781187));
#3823 = DIRECTION('',(0.,-0.707106781187,-0.707106781187));
#3824 = ADVANCED_FACE('',(#3825),#3864,.T.);
#3825 = FACE_BOUND('',#3826,.T.);
#3826 = EDGE_LOOP('',(#3827,#3828,#3834,#3835,#3843,#3851,#3857,#3858));
#3827 = ORIENTED_EDGE('',*,*,#3713,.T.);
#3828 = ORIENTED_EDGE('',*,*,#3829,.T.);
#3829 = EDGE_CURVE('',#3706,#3746,#3830,.T.);
#3830 = LINE('',#3831,#3832);
#3831 = CARTESIAN_POINT('',(163.921930009,-10.,-4.377918471983));
#3832 = VECTOR('',#3833,1.);
#3833 = DIRECTION('',(0.554700196225,0.588348405415,0.588348405415));
#3834 = ORIENTED_EDGE('',*,*,#3769,.T.);
#3835 = ORIENTED_EDGE('',*,*,#3836,.T.);
#3836 = EDGE_CURVE('',#3762,#3837,#3839,.T.);
#3837 = VERTEX_POINT('',#3838);
#3838 = CARTESIAN_POINT('',(165.521930009,-7.12,-1.497918471983));
#3839 = LINE('',#3840,#3841);
#3840 = CARTESIAN_POINT('',(165.521930009,-7.588629150102,
    -1.966547622084));
#3841 = VECTOR('',#3842,1.);
#3842 = DIRECTION('',(0.,0.707106781187,0.707106781187));
#3843 = ORIENTED_EDGE('',*,*,#3844,.F.);
#3844 = EDGE_CURVE('',#3845,#3837,#3847,.T.);
#3845 = VERTEX_POINT('',#3846);
#3846 = CARTESIAN_POINT('',(159.521930009,-7.12,-1.497918471983));
#3847 = LINE('',#3848,#3849);
#3848 = CARTESIAN_POINT('',(159.521930009,-7.12,-1.497918471983));
#3849 = VECTOR('',#3850,1.);
#3850 = DIRECTION('',(1.,-0.,-0.));
#3851 = ORIENTED_EDGE('',*,*,#3852,.F.);
#3852 = EDGE_CURVE('',#3674,#3845,#3853,.T.);
#3853 = LINE('',#3854,#3855);
#3854 = CARTESIAN_POINT('',(159.521930009,-7.12,-1.497918471983));
#3855 = VECTOR('',#3856,1.);
#3856 = DIRECTION('',(0.,0.707106781187,0.707106781187));
#3857 = ORIENTED_EDGE('',*,*,#3673,.T.);
#3858 = ORIENTED_EDGE('',*,*,#3859,.T.);
#3859 = EDGE_CURVE('',#3666,#3714,#3860,.T.);
#3860 = LINE('',#3861,#3862);
#3861 = CARTESIAN_POINT('',(161.121930009,-10.,-4.377918471983));
#3862 = VECTOR('',#3863,1.);
#3863 = DIRECTION('',(0.554700196225,-0.588348405415,-0.588348405415));
#3864 = PLANE('',#3865);
#3865 = AXIS2_PLACEMENT_3D('',#3866,#3867,#3868);
#3866 = CARTESIAN_POINT('',(159.521930009,-7.12,-1.497918471983));
#3867 = DIRECTION('',(0.,-0.707106781187,0.707106781187));
#3868 = DIRECTION('',(0.,-0.707106781187,-0.707106781187));
#3869 = ADVANCED_FACE('',(#3870),#3904,.T.);
#3870 = FACE_BOUND('',#3871,.T.);
#3871 = EDGE_LOOP('',(#3872,#3882,#3890,#3898));
#3872 = ORIENTED_EDGE('',*,*,#3873,.T.);
#3873 = EDGE_CURVE('',#3874,#3876,#3878,.T.);
#3874 = VERTEX_POINT('',#3875);
#3875 = CARTESIAN_POINT('',(-159.521930009,-7.588629150102,
    -1.966547622084));
#3876 = VERTEX_POINT('',#3877);
#3877 = CARTESIAN_POINT('',(-159.521930009,-8.302943725152,
    -2.680862197135));
#3878 = LINE('',#3879,#3880);
#3879 = CARTESIAN_POINT('',(-159.521930009,-7.12,-1.497918471983));
#3880 = VECTOR('',#3881,1.);
#3881 = DIRECTION('',(-0.,-0.707106781187,-0.707106781187));
#3882 = ORIENTED_EDGE('',*,*,#3883,.F.);
#3883 = EDGE_CURVE('',#3884,#3876,#3886,.T.);
#3884 = VERTEX_POINT('',#3885);
#3885 = CARTESIAN_POINT('',(-159.521930009,-7.242283553373,
    -3.741522368915));
#3886 = LINE('',#3887,#3888);
#3887 = CARTESIAN_POINT('',(-159.521930009,-7.242283553373,
    -3.741522368915));
#3888 = VECTOR('',#3889,1.);
#3889 = DIRECTION('',(-8.433113791759E-15,-0.707106781187,0.707106781187
    ));
#3890 = ORIENTED_EDGE('',*,*,#3891,.F.);
#3891 = EDGE_CURVE('',#3892,#3884,#3894,.T.);
#3892 = VERTEX_POINT('',#3893);
#3893 = CARTESIAN_POINT('',(-159.521930009,-6.527968978322,
    -3.027207793864));
#3894 = LINE('',#3895,#3896);
#3895 = CARTESIAN_POINT('',(-159.521930009,-6.05933982822,
    -2.558578643763));
#3896 = VECTOR('',#3897,1.);
#3897 = DIRECTION('',(-0.,-0.707106781187,-0.707106781187));
#3898 = ORIENTED_EDGE('',*,*,#3899,.F.);
#3899 = EDGE_CURVE('',#3874,#3892,#3900,.T.);
#3900 = LINE('',#3901,#3902);
#3901 = CARTESIAN_POINT('',(-159.521930009,-7.588629150102,
    -1.966547622084));
#3902 = VECTOR('',#3903,1.);
#3903 = DIRECTION('',(8.433113791759E-15,0.707106781187,-0.707106781187)
  );
#3904 = PLANE('',#3905);
#3905 = AXIS2_PLACEMENT_3D('',#3906,#3907,#3908);
#3906 = CARTESIAN_POINT('',(-159.521930009,-7.12,-1.497918471983));
#3907 = DIRECTION('',(1.,-5.96311194867E-15,5.96311194867E-15));
#3908 = DIRECTION('',(0.,-0.707106781187,-0.707106781187));
#3909 = ADVANCED_FACE('',(#3910),#3944,.T.);
#3910 = FACE_BOUND('',#3911,.T.);
#3911 = EDGE_LOOP('',(#3912,#3922,#3930,#3938));
#3912 = ORIENTED_EDGE('',*,*,#3913,.T.);
#3913 = EDGE_CURVE('',#3914,#3916,#3918,.T.);
#3914 = VERTEX_POINT('',#3915);
#3915 = CARTESIAN_POINT('',(-161.121930009,-10.,-4.377918471983));
#3916 = VERTEX_POINT('',#3917);
#3917 = CARTESIAN_POINT('',(-163.921930009,-10.,-4.377918471983));
#3918 = LINE('',#3919,#3920);
#3919 = CARTESIAN_POINT('',(-159.521930009,-10.,-4.377918471983));
#3920 = VECTOR('',#3921,1.);
#3921 = DIRECTION('',(-1.,0.,-1.192622389734E-14));
#3922 = ORIENTED_EDGE('',*,*,#3923,.F.);
#3923 = EDGE_CURVE('',#3924,#3916,#3926,.T.);
#3924 = VERTEX_POINT('',#3925);
#3925 = CARTESIAN_POINT('',(-163.921930009,-8.93933982822,
    -5.438578643763));
#3926 = LINE('',#3927,#3928);
#3927 = CARTESIAN_POINT('',(-163.921930009,-8.93933982822,
    -5.438578643763));
#3928 = VECTOR('',#3929,1.);
#3929 = DIRECTION('',(-8.433113791759E-15,-0.707106781187,0.707106781187
    ));
#3930 = ORIENTED_EDGE('',*,*,#3931,.F.);
#3931 = EDGE_CURVE('',#3932,#3924,#3934,.T.);
#3932 = VERTEX_POINT('',#3933);
#3933 = CARTESIAN_POINT('',(-161.121930009,-8.93933982822,
    -5.438578643763));
#3934 = LINE('',#3935,#3936);
#3935 = CARTESIAN_POINT('',(-159.521930009,-8.93933982822,
    -5.438578643763));
#3936 = VECTOR('',#3937,1.);
#3937 = DIRECTION('',(-1.,5.96311194867E-15,-5.96311194867E-15));
#3938 = ORIENTED_EDGE('',*,*,#3939,.T.);
#3939 = EDGE_CURVE('',#3932,#3914,#3940,.T.);
#3940 = LINE('',#3941,#3942);
#3941 = CARTESIAN_POINT('',(-161.121930009,-8.93933982822,
    -5.438578643763));
#3942 = VECTOR('',#3943,1.);
#3943 = DIRECTION('',(-8.433113791759E-15,-0.707106781187,0.707106781187
    ));
#3944 = PLANE('',#3945);
#3945 = AXIS2_PLACEMENT_3D('',#3946,#3947,#3948);
#3946 = CARTESIAN_POINT('',(-159.521930009,-10.,-4.377918471983));
#3947 = DIRECTION('',(8.433113791759E-15,-0.707106781187,-0.707106781187
    ));
#3948 = DIRECTION('',(-1.,7.88860905221E-31,-1.192622389734E-14));
#3949 = ADVANCED_FACE('',(#3950),#3984,.T.);
#3950 = FACE_BOUND('',#3951,.T.);
#3951 = EDGE_LOOP('',(#3952,#3962,#3970,#3978));
#3952 = ORIENTED_EDGE('',*,*,#3953,.F.);
#3953 = EDGE_CURVE('',#3954,#3956,#3958,.T.);
#3954 = VERTEX_POINT('',#3955);
#3955 = CARTESIAN_POINT('',(-165.521930009,-7.242283553373,
    -3.741522368915));
#3956 = VERTEX_POINT('',#3957);
#3957 = CARTESIAN_POINT('',(-165.521930009,-6.527968978322,
    -3.027207793864));
#3958 = LINE('',#3959,#3960);
#3959 = CARTESIAN_POINT('',(-165.521930009,-6.05933982822,
    -2.558578643763));
#3960 = VECTOR('',#3961,1.);
#3961 = DIRECTION('',(0.,0.707106781187,0.707106781187));
#3962 = ORIENTED_EDGE('',*,*,#3963,.T.);
#3963 = EDGE_CURVE('',#3954,#3964,#3966,.T.);
#3964 = VERTEX_POINT('',#3965);
#3965 = CARTESIAN_POINT('',(-165.521930009,-8.302943725152,
    -2.680862197135));
#3966 = LINE('',#3967,#3968);
#3967 = CARTESIAN_POINT('',(-165.521930009,-7.242283553373,
    -3.741522368915));
#3968 = VECTOR('',#3969,1.);
#3969 = DIRECTION('',(-8.433113791759E-15,-0.707106781187,0.707106781187
    ));
#3970 = ORIENTED_EDGE('',*,*,#3971,.T.);
#3971 = EDGE_CURVE('',#3964,#3972,#3974,.T.);
#3972 = VERTEX_POINT('',#3973);
#3973 = CARTESIAN_POINT('',(-165.521930009,-7.588629150102,
    -1.966547622085));
#3974 = LINE('',#3975,#3976);
#3975 = CARTESIAN_POINT('',(-165.521930009,-7.12,-1.497918471983));
#3976 = VECTOR('',#3977,1.);
#3977 = DIRECTION('',(0.,0.707106781187,0.707106781187));
#3978 = ORIENTED_EDGE('',*,*,#3979,.T.);
#3979 = EDGE_CURVE('',#3972,#3956,#3980,.T.);
#3980 = LINE('',#3981,#3982);
#3981 = CARTESIAN_POINT('',(-165.521930009,-7.588629150102,
    -1.966547622085));
#3982 = VECTOR('',#3983,1.);
#3983 = DIRECTION('',(8.673617379884E-15,0.707106781187,-0.707106781187)
  );
#3984 = PLANE('',#3985);
#3985 = AXIS2_PLACEMENT_3D('',#3986,#3987,#3988);
#3986 = CARTESIAN_POINT('',(-165.521930009,-7.12,-1.497918471983));
#3987 = DIRECTION('',(-1.,5.96311194867E-15,-5.96311194867E-15));
#3988 = DIRECTION('',(0.,0.707106781187,0.707106781187));
#3989 = ADVANCED_FACE('',(#3990),#4029,.T.);
#3990 = FACE_BOUND('',#3991,.T.);
#3991 = EDGE_LOOP('',(#3992,#3993,#3999,#4000,#4008,#4016,#4022,#4023));
#3992 = ORIENTED_EDGE('',*,*,#3931,.T.);
#3993 = ORIENTED_EDGE('',*,*,#3994,.F.);
#3994 = EDGE_CURVE('',#3954,#3924,#3995,.T.);
#3995 = LINE('',#3996,#3997);
#3996 = CARTESIAN_POINT('',(-163.921930009,-8.93933982822,
    -5.438578643763));
#3997 = VECTOR('',#3998,1.);
#3998 = DIRECTION('',(0.554700196225,-0.588348405415,-0.588348405415));
#3999 = ORIENTED_EDGE('',*,*,#3953,.T.);
#4000 = ORIENTED_EDGE('',*,*,#4001,.T.);
#4001 = EDGE_CURVE('',#3956,#4002,#4004,.T.);
#4002 = VERTEX_POINT('',#4003);
#4003 = CARTESIAN_POINT('',(-165.521930009,-6.49867965644,
    -2.997918471983));
#4004 = LINE('',#4005,#4006);
#4005 = CARTESIAN_POINT('',(-165.521930009,-6.527968978322,
    -3.027207793864));
#4006 = VECTOR('',#4007,1.);
#4007 = DIRECTION('',(0.,0.707106781187,0.707106781187));
#4008 = ORIENTED_EDGE('',*,*,#4009,.T.);
#4009 = EDGE_CURVE('',#4002,#4010,#4012,.T.);
#4010 = VERTEX_POINT('',#4011);
#4011 = CARTESIAN_POINT('',(-159.521930009,-6.49867965644,
    -2.997918471983));
#4012 = LINE('',#4013,#4014);
#4013 = CARTESIAN_POINT('',(-159.521930009,-6.49867965644,
    -2.997918471983));
#4014 = VECTOR('',#4015,1.);
#4015 = DIRECTION('',(1.,1.442374676758E-30,1.192622389734E-14));
#4016 = ORIENTED_EDGE('',*,*,#4017,.F.);
#4017 = EDGE_CURVE('',#3892,#4010,#4018,.T.);
#4018 = LINE('',#4019,#4020);
#4019 = CARTESIAN_POINT('',(-159.521930009,-6.05933982822,
    -2.558578643763));
#4020 = VECTOR('',#4021,1.);
#4021 = DIRECTION('',(0.,0.707106781187,0.707106781187));
#4022 = ORIENTED_EDGE('',*,*,#3891,.T.);
#4023 = ORIENTED_EDGE('',*,*,#4024,.F.);
#4024 = EDGE_CURVE('',#3932,#3884,#4025,.T.);
#4025 = LINE('',#4026,#4027);
#4026 = CARTESIAN_POINT('',(-161.121930009,-8.93933982822,
    -5.438578643763));
#4027 = VECTOR('',#4028,1.);
#4028 = DIRECTION('',(0.554700196225,0.588348405415,0.588348405415));
#4029 = PLANE('',#4030);
#4030 = AXIS2_PLACEMENT_3D('',#4031,#4032,#4033);
#4031 = CARTESIAN_POINT('',(-159.521930009,-6.05933982822,
    -2.558578643763));
#4032 = DIRECTION('',(8.433113791759E-15,0.707106781187,-0.707106781187)
  );
#4033 = DIRECTION('',(0.,0.707106781187,0.707106781187));
#4034 = ADVANCED_FACE('',(#4035),#4074,.F.);
#4035 = FACE_BOUND('',#4036,.T.);
#4036 = EDGE_LOOP('',(#4037,#4043,#4044,#4050,#4051,#4059,#4067,#4073));
#4037 = ORIENTED_EDGE('',*,*,#4038,.T.);
#4038 = EDGE_CURVE('',#3964,#3916,#4039,.T.);
#4039 = LINE('',#4040,#4041);
#4040 = CARTESIAN_POINT('',(-163.921930009,-10.,-4.377918471983));
#4041 = VECTOR('',#4042,1.);
#4042 = DIRECTION('',(0.554700196225,-0.588348405415,-0.588348405415));
#4043 = ORIENTED_EDGE('',*,*,#3913,.F.);
#4044 = ORIENTED_EDGE('',*,*,#4045,.T.);
#4045 = EDGE_CURVE('',#3914,#3876,#4046,.T.);
#4046 = LINE('',#4047,#4048);
#4047 = CARTESIAN_POINT('',(-161.121930009,-10.,-4.377918471983));
#4048 = VECTOR('',#4049,1.);
#4049 = DIRECTION('',(0.554700196225,0.588348405415,0.588348405415));
#4050 = ORIENTED_EDGE('',*,*,#3873,.F.);
#4051 = ORIENTED_EDGE('',*,*,#4052,.T.);
#4052 = EDGE_CURVE('',#3874,#4053,#4055,.T.);
#4053 = VERTEX_POINT('',#4054);
#4054 = CARTESIAN_POINT('',(-159.521930009,-7.12,-1.497918471983));
#4055 = LINE('',#4056,#4057);
#4056 = CARTESIAN_POINT('',(-159.521930009,-7.588629150102,
    -1.966547622084));
#4057 = VECTOR('',#4058,1.);
#4058 = DIRECTION('',(0.,0.707106781187,0.707106781187));
#4059 = ORIENTED_EDGE('',*,*,#4060,.F.);
#4060 = EDGE_CURVE('',#4061,#4053,#4063,.T.);
#4061 = VERTEX_POINT('',#4062);
#4062 = CARTESIAN_POINT('',(-165.521930009,-7.12,-1.497918471983));
#4063 = LINE('',#4064,#4065);
#4064 = CARTESIAN_POINT('',(-159.521930009,-7.12,-1.497918471983));
#4065 = VECTOR('',#4066,1.);
#4066 = DIRECTION('',(1.,1.442374676758E-30,1.192622389734E-14));
#4067 = ORIENTED_EDGE('',*,*,#4068,.F.);
#4068 = EDGE_CURVE('',#3972,#4061,#4069,.T.);
#4069 = LINE('',#4070,#4071);
#4070 = CARTESIAN_POINT('',(-165.521930009,-7.12,-1.497918471983));
#4071 = VECTOR('',#4072,1.);
#4072 = DIRECTION('',(0.,0.707106781187,0.707106781187));
#4073 = ORIENTED_EDGE('',*,*,#3971,.F.);
#4074 = PLANE('',#4075);
#4075 = AXIS2_PLACEMENT_3D('',#4076,#4077,#4078);
#4076 = CARTESIAN_POINT('',(-159.521930009,-7.12,-1.497918471983));
#4077 = DIRECTION('',(8.433113791759E-15,0.707106781187,-0.707106781187)
  );
#4078 = DIRECTION('',(0.,0.707106781187,0.707106781187));
#4079 = ADVANCED_FACE('',(#4080,#4091,#4102,#4184),#4234,.F.);
#4080 = FACE_BOUND('',#4081,.T.);
#4081 = EDGE_LOOP('',(#4082));
#4082 = ORIENTED_EDGE('',*,*,#4083,.T.);
#4083 = EDGE_CURVE('',#4084,#4084,#4086,.T.);
#4084 = VERTEX_POINT('',#4085);
#4085 = CARTESIAN_POINT('',(-165.771930009,12.5,1.802081528017));
#4086 = CIRCLE('',#4087,3.25);
#4087 = AXIS2_PLACEMENT_3D('',#4088,#4089,#4090);
#4088 = CARTESIAN_POINT('',(-162.521930009,12.5,1.802081528017));
#4089 = DIRECTION('',(-0.,0.,-1.));
#4090 = DIRECTION('',(-1.,0.,0.));
#4091 = FACE_BOUND('',#4092,.T.);
#4092 = EDGE_LOOP('',(#4093));
#4093 = ORIENTED_EDGE('',*,*,#4094,.T.);
#4094 = EDGE_CURVE('',#4095,#4095,#4097,.T.);
#4095 = VERTEX_POINT('',#4096);
#4096 = CARTESIAN_POINT('',(-153.271930009,-2.55036521181E-14,
    1.802081528017));
#4097 = CIRCLE('',#4098,3.25);
#4098 = AXIS2_PLACEMENT_3D('',#4099,#4100,#4101);
#4099 = CARTESIAN_POINT('',(-150.021930009,-2.55036521181E-14,
    1.802081528017));
#4100 = DIRECTION('',(-0.,0.,-1.));
#4101 = DIRECTION('',(-1.,0.,0.));
#4102 = FACE_BOUND('',#4103,.T.);
#4103 = EDGE_LOOP('',(#4104,#4114,#4122,#4130,#4138,#4146,#4154,#4162,
    #4170,#4178));
#4104 = ORIENTED_EDGE('',*,*,#4105,.F.);
#4105 = EDGE_CURVE('',#4106,#4108,#4110,.T.);
#4106 = VERTEX_POINT('',#4107);
#4107 = CARTESIAN_POINT('',(-143.9204581464,-14.5,1.802081528017));
#4108 = VERTEX_POINT('',#4109);
#4109 = CARTESIAN_POINT('',(-146.021930009,-14.5,1.802081528017));
#4110 = LINE('',#4111,#4112);
#4111 = CARTESIAN_POINT('',(-175.021930009,-14.5,1.802081528017));
#4112 = VECTOR('',#4113,1.);
#4113 = DIRECTION('',(-1.,1.106681643366E-16,4.444018474143E-16));
#4114 = ORIENTED_EDGE('',*,*,#4115,.T.);
#4115 = EDGE_CURVE('',#4106,#4116,#4118,.T.);
#4116 = VERTEX_POINT('',#4117);
#4117 = CARTESIAN_POINT('',(-143.0506096654,-14.5,1.802081528017));
#4118 = LINE('',#4119,#4120);
#4119 = CARTESIAN_POINT('',(-143.9204581464,-14.5,1.802081528017));
#4120 = VECTOR('',#4121,1.);
#4121 = DIRECTION('',(1.,0.,-4.444018474143E-16));
#4122 = ORIENTED_EDGE('',*,*,#4123,.T.);
#4123 = EDGE_CURVE('',#4116,#4124,#4126,.T.);
#4124 = VERTEX_POINT('',#4125);
#4125 = CARTESIAN_POINT('',(-143.0506096654,14.5,1.802081528017));
#4126 = LINE('',#4127,#4128);
#4127 = CARTESIAN_POINT('',(-143.0506096654,3.750491849186E-14,
    1.802081528017));
#4128 = VECTOR('',#4129,1.);
#4129 = DIRECTION('',(2.604418160393E-16,1.,-1.738462104158E-16));
#4130 = ORIENTED_EDGE('',*,*,#4131,.F.);
#4131 = EDGE_CURVE('',#4132,#4124,#4134,.T.);
#4132 = VERTEX_POINT('',#4133);
#4133 = CARTESIAN_POINT('',(-143.9204581464,14.5,1.802081528017));
#4134 = LINE('',#4135,#4136);
#4135 = CARTESIAN_POINT('',(-0.175735931288,14.5,1.802081528017));
#4136 = VECTOR('',#4137,1.);
#4137 = DIRECTION('',(1.,-0.,-4.444018474143E-16));
#4138 = ORIENTED_EDGE('',*,*,#4139,.F.);
#4139 = EDGE_CURVE('',#4140,#4132,#4142,.T.);
#4140 = VERTEX_POINT('',#4141);
#4141 = CARTESIAN_POINT('',(-146.021930009,14.5,1.802081528017));
#4142 = LINE('',#4143,#4144);
#4143 = CARTESIAN_POINT('',(-143.671930009,14.5,1.802081528017));
#4144 = VECTOR('',#4145,1.);
#4145 = DIRECTION('',(1.,-0.,-4.444018474143E-16));
#4146 = ORIENTED_EDGE('',*,*,#4147,.F.);
#4147 = EDGE_CURVE('',#4148,#4140,#4150,.T.);
#4148 = VERTEX_POINT('',#4149);
#4149 = CARTESIAN_POINT('',(-146.021930009,20.,1.802081528017));
#4150 = LINE('',#4151,#4152);
#4151 = CARTESIAN_POINT('',(-146.021930009,14.5,1.802081528017));
#4152 = VECTOR('',#4153,1.);
#4153 = DIRECTION('',(0.,-1.,-0.));
#4154 = ORIENTED_EDGE('',*,*,#4155,.F.);
#4155 = EDGE_CURVE('',#4156,#4148,#4158,.T.);
#4156 = VERTEX_POINT('',#4157);
#4157 = CARTESIAN_POINT('',(-175.021930009,20.,1.802081528017));
#4158 = LINE('',#4159,#4160);
#4159 = CARTESIAN_POINT('',(-175.021930009,20.,1.802081528017));
#4160 = VECTOR('',#4161,1.);
#4161 = DIRECTION('',(1.,0.,0.));
#4162 = ORIENTED_EDGE('',*,*,#4163,.F.);
#4163 = EDGE_CURVE('',#4164,#4156,#4166,.T.);
#4164 = VERTEX_POINT('',#4165);
#4165 = CARTESIAN_POINT('',(-175.021930009,-20.,1.802081528017));
#4166 = LINE('',#4167,#4168);
#4167 = CARTESIAN_POINT('',(-175.021930009,14.5,1.802081528017));
#4168 = VECTOR('',#4169,1.);
#4169 = DIRECTION('',(-0.,1.,-1.738462104158E-16));
#4170 = ORIENTED_EDGE('',*,*,#4171,.F.);
#4171 = EDGE_CURVE('',#4172,#4164,#4174,.T.);
#4172 = VERTEX_POINT('',#4173);
#4173 = CARTESIAN_POINT('',(-146.021930009,-20.,1.802081528017));
#4174 = LINE('',#4175,#4176);
#4175 = CARTESIAN_POINT('',(-175.021930009,-20.,1.802081528017));
#4176 = VECTOR('',#4177,1.);
#4177 = DIRECTION('',(-1.,2.39272203583E-16,0.));
#4178 = ORIENTED_EDGE('',*,*,#4179,.F.);
#4179 = EDGE_CURVE('',#4108,#4172,#4180,.T.);
#4180 = LINE('',#4181,#4182);
#4181 = CARTESIAN_POINT('',(-146.021930009,-14.5,1.802081528017));
#4182 = VECTOR('',#4183,1.);
#4183 = DIRECTION('',(0.,-1.,0.));
#4184 = FACE_BOUND('',#4185,.T.);
#4185 = EDGE_LOOP('',(#4186,#4196,#4204,#4212,#4220,#4228));
#4186 = ORIENTED_EDGE('',*,*,#4187,.F.);
#4187 = EDGE_CURVE('',#4188,#4190,#4192,.T.);
#4188 = VERTEX_POINT('',#4189);
#4189 = CARTESIAN_POINT('',(-159.521930009,-2.4,1.802081528017));
#4190 = VERTEX_POINT('',#4191);
#4191 = CARTESIAN_POINT('',(-165.521930009,-2.4,1.802081528017));
#4192 = LINE('',#4193,#4194);
#4193 = CARTESIAN_POINT('',(-129.521930009,-2.4,1.802081528017));
#4194 = VECTOR('',#4195,1.);
#4195 = DIRECTION('',(-1.,0.,-1.192622389734E-14));
#4196 = ORIENTED_EDGE('',*,*,#4197,.T.);
#4197 = EDGE_CURVE('',#4188,#4198,#4200,.T.);
#4198 = VERTEX_POINT('',#4199);
#4199 = CARTESIAN_POINT('',(-159.521930009,-9.,1.802081528017));
#4200 = LINE('',#4201,#4202);
#4201 = CARTESIAN_POINT('',(-159.521930009,-4.,1.802081528017));
#4202 = VECTOR('',#4203,1.);
#4203 = DIRECTION('',(0.,-1.,0.));
#4204 = ORIENTED_EDGE('',*,*,#4205,.T.);
#4205 = EDGE_CURVE('',#4198,#4206,#4208,.T.);
#4206 = VERTEX_POINT('',#4207);
#4207 = CARTESIAN_POINT('',(-161.121930009,-12.,1.802081528017));
#4208 = LINE('',#4209,#4210);
#4209 = CARTESIAN_POINT('',(-159.521930009,-9.,1.802081528017));
#4210 = VECTOR('',#4211,1.);
#4211 = DIRECTION('',(-0.470588235294,-0.882352941176,0.));
#4212 = ORIENTED_EDGE('',*,*,#4213,.T.);
#4213 = EDGE_CURVE('',#4206,#4214,#4216,.T.);
#4214 = VERTEX_POINT('',#4215);
#4215 = CARTESIAN_POINT('',(-163.921930009,-12.,1.802081528017));
#4216 = LINE('',#4217,#4218);
#4217 = CARTESIAN_POINT('',(-161.121930009,-12.,1.802081528017));
#4218 = VECTOR('',#4219,1.);
#4219 = DIRECTION('',(-1.,0.,0.));
#4220 = ORIENTED_EDGE('',*,*,#4221,.T.);
#4221 = EDGE_CURVE('',#4214,#4222,#4224,.T.);
#4222 = VERTEX_POINT('',#4223);
#4223 = CARTESIAN_POINT('',(-165.521930009,-9.,1.802081528017));
#4224 = LINE('',#4225,#4226);
#4225 = CARTESIAN_POINT('',(-165.521930009,-9.,1.802081528017));
#4226 = VECTOR('',#4227,1.);
#4227 = DIRECTION('',(-0.470588235294,0.882352941176,0.));
#4228 = ORIENTED_EDGE('',*,*,#4229,.T.);
#4229 = EDGE_CURVE('',#4222,#4190,#4230,.T.);
#4230 = LINE('',#4231,#4232);
#4231 = CARTESIAN_POINT('',(-165.521930009,-4.,1.802081528017));
#4232 = VECTOR('',#4233,1.);
#4233 = DIRECTION('',(0.,1.,0.));
#4234 = PLANE('',#4235);
#4235 = AXIS2_PLACEMENT_3D('',#4236,#4237,#4238);
#4236 = CARTESIAN_POINT('',(-0.175735931288,2.741928718511E-16,
    1.802081528017));
#4237 = DIRECTION('',(-4.444018474143E-16,-1.738462104158E-16,-1.));
#4238 = DIRECTION('',(1.,0.,-4.444018474143E-16));
#4239 = ADVANCED_FACE('',(#4240,#4251,#4262,#4344),#4410,.T.);
#4240 = FACE_BOUND('',#4241,.T.);
#4241 = EDGE_LOOP('',(#4242));
#4242 = ORIENTED_EDGE('',*,*,#4243,.F.);
#4243 = EDGE_CURVE('',#4244,#4244,#4246,.T.);
#4244 = VERTEX_POINT('',#4245);
#4245 = CARTESIAN_POINT('',(-165.771930009,12.5,0.302081528017));
#4246 = CIRCLE('',#4247,3.25);
#4247 = AXIS2_PLACEMENT_3D('',#4248,#4249,#4250);
#4248 = CARTESIAN_POINT('',(-162.521930009,12.5,0.302081528017));
#4249 = DIRECTION('',(-0.,0.,-1.));
#4250 = DIRECTION('',(-1.,0.,0.));
#4251 = FACE_BOUND('',#4252,.T.);
#4252 = EDGE_LOOP('',(#4253));
#4253 = ORIENTED_EDGE('',*,*,#4254,.F.);
#4254 = EDGE_CURVE('',#4255,#4255,#4257,.T.);
#4255 = VERTEX_POINT('',#4256);
#4256 = CARTESIAN_POINT('',(-153.271930009,-2.55036521181E-14,
    0.302081528017));
#4257 = CIRCLE('',#4258,3.25);
#4258 = AXIS2_PLACEMENT_3D('',#4259,#4260,#4261);
#4259 = CARTESIAN_POINT('',(-150.021930009,-2.55036521181E-14,
    0.302081528017));
#4260 = DIRECTION('',(-0.,0.,-1.));
#4261 = DIRECTION('',(-1.,0.,0.));
#4262 = FACE_BOUND('',#4263,.T.);
#4263 = EDGE_LOOP('',(#4264,#4274,#4282,#4290,#4298,#4306,#4314,#4322,
    #4330,#4338));
#4264 = ORIENTED_EDGE('',*,*,#4265,.T.);
#4265 = EDGE_CURVE('',#4266,#4268,#4270,.T.);
#4266 = VERTEX_POINT('',#4267);
#4267 = CARTESIAN_POINT('',(-175.021930009,-20.,0.302081528017));
#4268 = VERTEX_POINT('',#4269);
#4269 = CARTESIAN_POINT('',(-175.021930009,20.,0.302081528017));
#4270 = LINE('',#4271,#4272);
#4271 = CARTESIAN_POINT('',(-175.021930009,1.342355622744E-17,
    0.302081528017));
#4272 = VECTOR('',#4273,1.);
#4273 = DIRECTION('',(0.,1.,-1.738462104158E-16));
#4274 = ORIENTED_EDGE('',*,*,#4275,.T.);
#4275 = EDGE_CURVE('',#4268,#4276,#4278,.T.);
#4276 = VERTEX_POINT('',#4277);
#4277 = CARTESIAN_POINT('',(-146.021930009,20.,0.302081528017));
#4278 = LINE('',#4279,#4280);
#4279 = CARTESIAN_POINT('',(-175.021930009,20.,0.302081528017));
#4280 = VECTOR('',#4281,1.);
#4281 = DIRECTION('',(1.,0.,0.));
#4282 = ORIENTED_EDGE('',*,*,#4283,.T.);
#4283 = EDGE_CURVE('',#4276,#4284,#4286,.T.);
#4284 = VERTEX_POINT('',#4285);
#4285 = CARTESIAN_POINT('',(-146.021930009,14.5,0.302081528017));
#4286 = LINE('',#4287,#4288);
#4287 = CARTESIAN_POINT('',(-146.021930009,14.5,0.302081528017));
#4288 = VECTOR('',#4289,1.);
#4289 = DIRECTION('',(0.,-1.,-0.));
#4290 = ORIENTED_EDGE('',*,*,#4291,.T.);
#4291 = EDGE_CURVE('',#4284,#4292,#4294,.T.);
#4292 = VERTEX_POINT('',#4293);
#4293 = CARTESIAN_POINT('',(-143.9204581464,14.5,0.302081528017));
#4294 = LINE('',#4295,#4296);
#4295 = CARTESIAN_POINT('',(-0.175735931288,14.5,0.302081528017));
#4296 = VECTOR('',#4297,1.);
#4297 = DIRECTION('',(1.,0.,-4.444018474143E-16));
#4298 = ORIENTED_EDGE('',*,*,#4299,.T.);
#4299 = EDGE_CURVE('',#4292,#4300,#4302,.T.);
#4300 = VERTEX_POINT('',#4301);
#4301 = CARTESIAN_POINT('',(-143.671930009,14.5,0.302081528017));
#4302 = LINE('',#4303,#4304);
#4303 = CARTESIAN_POINT('',(-143.9204581464,14.5,0.302081528017));
#4304 = VECTOR('',#4305,1.);
#4305 = DIRECTION('',(1.,0.,-4.444018474143E-16));
#4306 = ORIENTED_EDGE('',*,*,#4307,.F.);
#4307 = EDGE_CURVE('',#4308,#4300,#4310,.T.);
#4308 = VERTEX_POINT('',#4309);
#4309 = CARTESIAN_POINT('',(-143.671930009,-14.5,0.302081528017));
#4310 = LINE('',#4311,#4312);
#4311 = CARTESIAN_POINT('',(-143.671930009,3.738583293656E-14,
    0.302081528017));
#4312 = VECTOR('',#4313,1.);
#4313 = DIRECTION('',(2.604418160393E-16,1.,-1.738462104158E-16));
#4314 = ORIENTED_EDGE('',*,*,#4315,.F.);
#4315 = EDGE_CURVE('',#4316,#4308,#4318,.T.);
#4316 = VERTEX_POINT('',#4317);
#4317 = CARTESIAN_POINT('',(-143.9204581464,-14.5,0.302081528017));
#4318 = LINE('',#4319,#4320);
#4319 = CARTESIAN_POINT('',(-0.175735931288,-14.5,0.302081528017));
#4320 = VECTOR('',#4321,1.);
#4321 = DIRECTION('',(1.,-0.,-4.444018474143E-16));
#4322 = ORIENTED_EDGE('',*,*,#4323,.T.);
#4323 = EDGE_CURVE('',#4316,#4324,#4326,.T.);
#4324 = VERTEX_POINT('',#4325);
#4325 = CARTESIAN_POINT('',(-146.021930009,-14.5,0.302081528017));
#4326 = LINE('',#4327,#4328);
#4327 = CARTESIAN_POINT('',(-0.175735931288,-14.5,0.302081528017));
#4328 = VECTOR('',#4329,1.);
#4329 = DIRECTION('',(-1.,1.106681643366E-16,4.444018474143E-16));
#4330 = ORIENTED_EDGE('',*,*,#4331,.T.);
#4331 = EDGE_CURVE('',#4324,#4332,#4334,.T.);
#4332 = VERTEX_POINT('',#4333);
#4333 = CARTESIAN_POINT('',(-146.021930009,-20.,0.302081528017));
#4334 = LINE('',#4335,#4336);
#4335 = CARTESIAN_POINT('',(-146.021930009,-14.5,0.302081528017));
#4336 = VECTOR('',#4337,1.);
#4337 = DIRECTION('',(0.,-1.,0.));
#4338 = ORIENTED_EDGE('',*,*,#4339,.T.);
#4339 = EDGE_CURVE('',#4332,#4266,#4340,.T.);
#4340 = LINE('',#4341,#4342);
#4341 = CARTESIAN_POINT('',(-175.021930009,-20.,0.302081528017));
#4342 = VECTOR('',#4343,1.);
#4343 = DIRECTION('',(-1.,2.39272203583E-16,0.));
#4344 = FACE_BOUND('',#4345,.T.);
#4345 = EDGE_LOOP('',(#4346,#4356,#4364,#4372,#4380,#4388,#4396,#4404));
#4346 = ORIENTED_EDGE('',*,*,#4347,.F.);
#4347 = EDGE_CURVE('',#4348,#4350,#4352,.T.);
#4348 = VERTEX_POINT('',#4349);
#4349 = CARTESIAN_POINT('',(-159.521930009,-2.4,0.302081528017));
#4350 = VERTEX_POINT('',#4351);
#4351 = CARTESIAN_POINT('',(-159.521930009,-3.996871942267,
    0.302081528017));
#4352 = LINE('',#4353,#4354);
#4353 = CARTESIAN_POINT('',(-159.521930009,-4.,0.302081528017));
#4354 = VECTOR('',#4355,1.);
#4355 = DIRECTION('',(0.,-1.,0.));
#4356 = ORIENTED_EDGE('',*,*,#4357,.T.);
#4357 = EDGE_CURVE('',#4348,#4358,#4360,.T.);
#4358 = VERTEX_POINT('',#4359);
#4359 = CARTESIAN_POINT('',(-165.521930009,-2.4,0.302081528017));
#4360 = LINE('',#4361,#4362);
#4361 = CARTESIAN_POINT('',(-129.521930009,-2.4,0.302081528017));
#4362 = VECTOR('',#4363,1.);
#4363 = DIRECTION('',(-1.,0.,-1.192622389734E-14));
#4364 = ORIENTED_EDGE('',*,*,#4365,.F.);
#4365 = EDGE_CURVE('',#4366,#4358,#4368,.T.);
#4366 = VERTEX_POINT('',#4367);
#4367 = CARTESIAN_POINT('',(-165.521930009,-3.996871942267,
    0.302081528017));
#4368 = LINE('',#4369,#4370);
#4369 = CARTESIAN_POINT('',(-165.521930009,1.342355622744E-17,
    0.302081528017));
#4370 = VECTOR('',#4371,1.);
#4371 = DIRECTION('',(-0.,1.,-1.738462104158E-16));
#4372 = ORIENTED_EDGE('',*,*,#4373,.F.);
#4373 = EDGE_CURVE('',#4374,#4366,#4376,.T.);
#4374 = VERTEX_POINT('',#4375);
#4375 = CARTESIAN_POINT('',(-165.521930009,-9.,0.302081528017));
#4376 = LINE('',#4377,#4378);
#4377 = CARTESIAN_POINT('',(-165.521930009,-4.,0.302081528017));
#4378 = VECTOR('',#4379,1.);
#4379 = DIRECTION('',(0.,1.,0.));
#4380 = ORIENTED_EDGE('',*,*,#4381,.F.);
#4381 = EDGE_CURVE('',#4382,#4374,#4384,.T.);
#4382 = VERTEX_POINT('',#4383);
#4383 = CARTESIAN_POINT('',(-163.921930009,-12.,0.302081528017));
#4384 = LINE('',#4385,#4386);
#4385 = CARTESIAN_POINT('',(-165.521930009,-9.,0.302081528017));
#4386 = VECTOR('',#4387,1.);
#4387 = DIRECTION('',(-0.470588235294,0.882352941176,0.));
#4388 = ORIENTED_EDGE('',*,*,#4389,.F.);
#4389 = EDGE_CURVE('',#4390,#4382,#4392,.T.);
#4390 = VERTEX_POINT('',#4391);
#4391 = CARTESIAN_POINT('',(-161.121930009,-12.,0.302081528017));
#4392 = LINE('',#4393,#4394);
#4393 = CARTESIAN_POINT('',(-161.121930009,-12.,0.302081528017));
#4394 = VECTOR('',#4395,1.);
#4395 = DIRECTION('',(-1.,0.,0.));
#4396 = ORIENTED_EDGE('',*,*,#4397,.F.);
#4397 = EDGE_CURVE('',#4398,#4390,#4400,.T.);
#4398 = VERTEX_POINT('',#4399);
#4399 = CARTESIAN_POINT('',(-159.521930009,-9.,0.302081528017));
#4400 = LINE('',#4401,#4402);
#4401 = CARTESIAN_POINT('',(-159.521930009,-9.,0.302081528017));
#4402 = VECTOR('',#4403,1.);
#4403 = DIRECTION('',(-0.470588235294,-0.882352941176,0.));
#4404 = ORIENTED_EDGE('',*,*,#4405,.F.);
#4405 = EDGE_CURVE('',#4350,#4398,#4406,.T.);
#4406 = LINE('',#4407,#4408);
#4407 = CARTESIAN_POINT('',(-159.521930009,-4.,0.302081528017));
#4408 = VECTOR('',#4409,1.);
#4409 = DIRECTION('',(0.,-1.,0.));
#4410 = PLANE('',#4411);
#4411 = AXIS2_PLACEMENT_3D('',#4412,#4413,#4414);
#4412 = CARTESIAN_POINT('',(-0.175735931288,1.342355622743E-17,
    0.302081528017));
#4413 = DIRECTION('',(-4.444018474143E-16,-1.738462104158E-16,-1.));
#4414 = DIRECTION('',(1.,0.,-4.444018474143E-16));
#4415 = ADVANCED_FACE('',(#4416),#4432,.T.);
#4416 = FACE_BOUND('',#4417,.T.);
#4417 = EDGE_LOOP('',(#4418,#4419,#4425,#4426));
#4418 = ORIENTED_EDGE('',*,*,#4105,.T.);
#4419 = ORIENTED_EDGE('',*,*,#4420,.F.);
#4420 = EDGE_CURVE('',#4324,#4108,#4421,.T.);
#4421 = LINE('',#4422,#4423);
#4422 = CARTESIAN_POINT('',(-146.021930009,-14.5,0.302081528017));
#4423 = VECTOR('',#4424,1.);
#4424 = DIRECTION('',(0.,0.,1.));
#4425 = ORIENTED_EDGE('',*,*,#4323,.F.);
#4426 = ORIENTED_EDGE('',*,*,#4427,.T.);
#4427 = EDGE_CURVE('',#4316,#4106,#4428,.T.);
#4428 = LINE('',#4429,#4430);
#4429 = CARTESIAN_POINT('',(-143.9204581464,-14.5,1.802081528017));
#4430 = VECTOR('',#4431,1.);
#4431 = DIRECTION('',(0.,1.738462104158E-16,1.));
#4432 = PLANE('',#4433);
#4433 = AXIS2_PLACEMENT_3D('',#4434,#4435,#4436);
#4434 = CARTESIAN_POINT('',(-175.021930009,-14.5,1.802081528017));
#4435 = DIRECTION('',(-1.106681643366E-16,-1.,1.738462104158E-16));
#4436 = DIRECTION('',(0.,-1.738462104158E-16,-1.));
#4437 = ADVANCED_FACE('',(#4438),#4454,.T.);
#4438 = FACE_BOUND('',#4439,.T.);
#4439 = EDGE_LOOP('',(#4440,#4441,#4447,#4448));
#4440 = ORIENTED_EDGE('',*,*,#4291,.F.);
#4441 = ORIENTED_EDGE('',*,*,#4442,.T.);
#4442 = EDGE_CURVE('',#4284,#4140,#4443,.T.);
#4443 = LINE('',#4444,#4445);
#4444 = CARTESIAN_POINT('',(-146.021930009,14.5,0.302081528017));
#4445 = VECTOR('',#4446,1.);
#4446 = DIRECTION('',(0.,0.,1.));
#4447 = ORIENTED_EDGE('',*,*,#4139,.T.);
#4448 = ORIENTED_EDGE('',*,*,#4449,.F.);
#4449 = EDGE_CURVE('',#4292,#4132,#4450,.T.);
#4450 = LINE('',#4451,#4452);
#4451 = CARTESIAN_POINT('',(-143.9204581464,14.5,0.302081528017));
#4452 = VECTOR('',#4453,1.);
#4453 = DIRECTION('',(0.,1.738462104158E-16,1.));
#4454 = PLANE('',#4455);
#4455 = AXIS2_PLACEMENT_3D('',#4456,#4457,#4458);
#4456 = CARTESIAN_POINT('',(-143.671930009,14.5,1.802081528017));
#4457 = DIRECTION('',(-7.725757707475E-32,1.,-1.738462104158E-16));
#4458 = DIRECTION('',(0.,1.738462104158E-16,1.));
#4459 = ADVANCED_FACE('',(#4460,#4542,#4553,#4564),#4614,.F.);
#4460 = FACE_BOUND('',#4461,.T.);
#4461 = EDGE_LOOP('',(#4462,#4472,#4480,#4488,#4496,#4504,#4512,#4520,
    #4528,#4536));
#4462 = ORIENTED_EDGE('',*,*,#4463,.T.);
#4463 = EDGE_CURVE('',#4464,#4466,#4468,.T.);
#4464 = VERTEX_POINT('',#4465);
#4465 = CARTESIAN_POINT('',(146.021930009,14.5,1.802081528017));
#4466 = VERTEX_POINT('',#4467);
#4467 = CARTESIAN_POINT('',(143.92045814642,14.5,1.802081528017));
#4468 = LINE('',#4469,#4470);
#4469 = CARTESIAN_POINT('',(0.175735931288,14.5,1.802081528017));
#4470 = VECTOR('',#4471,1.);
#4471 = DIRECTION('',(-1.,0.,-4.444018474143E-16));
#4472 = ORIENTED_EDGE('',*,*,#4473,.T.);
#4473 = EDGE_CURVE('',#4466,#4474,#4476,.T.);
#4474 = VERTEX_POINT('',#4475);
#4475 = CARTESIAN_POINT('',(143.05060966544,14.5,1.802081528017));
#4476 = LINE('',#4477,#4478);
#4477 = CARTESIAN_POINT('',(143.92045814642,14.5,1.802081528017));
#4478 = VECTOR('',#4479,1.);
#4479 = DIRECTION('',(-1.,0.,-4.444018474143E-16));
#4480 = ORIENTED_EDGE('',*,*,#4481,.T.);
#4481 = EDGE_CURVE('',#4474,#4482,#4484,.T.);
#4482 = VERTEX_POINT('',#4483);
#4483 = CARTESIAN_POINT('',(143.05060966544,-14.5,1.802081528017));
#4484 = LINE('',#4485,#4486);
#4485 = CARTESIAN_POINT('',(143.05060966544,3.750491849186E-14,
    1.802081528017));
#4486 = VECTOR('',#4487,1.);
#4487 = DIRECTION('',(2.604418160393E-16,-1.,1.738462104158E-16));
#4488 = ORIENTED_EDGE('',*,*,#4489,.F.);
#4489 = EDGE_CURVE('',#4490,#4482,#4492,.T.);
#4490 = VERTEX_POINT('',#4491);
#4491 = CARTESIAN_POINT('',(143.92045814642,-14.5,1.802081528017));
#4492 = LINE('',#4493,#4494);
#4493 = CARTESIAN_POINT('',(0.175735931288,-14.5,1.802081528017));
#4494 = VECTOR('',#4495,1.);
#4495 = DIRECTION('',(-1.,-0.,-4.444018474143E-16));
#4496 = ORIENTED_EDGE('',*,*,#4497,.T.);
#4497 = EDGE_CURVE('',#4490,#4498,#4500,.T.);
#4498 = VERTEX_POINT('',#4499);
#4499 = CARTESIAN_POINT('',(146.021930009,-14.5,1.802081528017));
#4500 = LINE('',#4501,#4502);
#4501 = CARTESIAN_POINT('',(0.175735931288,-14.5,1.802081528017));
#4502 = VECTOR('',#4503,1.);
#4503 = DIRECTION('',(1.,1.106681643366E-16,4.444018474143E-16));
#4504 = ORIENTED_EDGE('',*,*,#4505,.T.);
#4505 = EDGE_CURVE('',#4498,#4506,#4508,.T.);
#4506 = VERTEX_POINT('',#4507);
#4507 = CARTESIAN_POINT('',(146.021930009,-20.,1.802081528017));
#4508 = LINE('',#4509,#4510);
#4509 = CARTESIAN_POINT('',(146.021930009,-14.5,1.802081528017));
#4510 = VECTOR('',#4511,1.);
#4511 = DIRECTION('',(0.,-1.,0.));
#4512 = ORIENTED_EDGE('',*,*,#4513,.T.);
#4513 = EDGE_CURVE('',#4506,#4514,#4516,.T.);
#4514 = VERTEX_POINT('',#4515);
#4515 = CARTESIAN_POINT('',(175.021930009,-20.,1.802081528017));
#4516 = LINE('',#4517,#4518);
#4517 = CARTESIAN_POINT('',(175.021930009,-20.,1.802081528017));
#4518 = VECTOR('',#4519,1.);
#4519 = DIRECTION('',(1.,2.39272203583E-16,-0.));
#4520 = ORIENTED_EDGE('',*,*,#4521,.T.);
#4521 = EDGE_CURVE('',#4514,#4522,#4524,.T.);
#4522 = VERTEX_POINT('',#4523);
#4523 = CARTESIAN_POINT('',(175.021930009,20.,1.802081528017));
#4524 = LINE('',#4525,#4526);
#4525 = CARTESIAN_POINT('',(175.021930009,3.132850445061E-16,
    1.802081528017));
#4526 = VECTOR('',#4527,1.);
#4527 = DIRECTION('',(0.,1.,-1.738462104158E-16));
#4528 = ORIENTED_EDGE('',*,*,#4529,.T.);
#4529 = EDGE_CURVE('',#4522,#4530,#4532,.T.);
#4530 = VERTEX_POINT('',#4531);
#4531 = CARTESIAN_POINT('',(146.021930009,20.,1.802081528017));
#4532 = LINE('',#4533,#4534);
#4533 = CARTESIAN_POINT('',(175.021930009,20.,1.802081528017));
#4534 = VECTOR('',#4535,1.);
#4535 = DIRECTION('',(-1.,0.,0.));
#4536 = ORIENTED_EDGE('',*,*,#4537,.T.);
#4537 = EDGE_CURVE('',#4530,#4464,#4538,.T.);
#4538 = LINE('',#4539,#4540);
#4539 = CARTESIAN_POINT('',(146.021930009,14.5,1.802081528017));
#4540 = VECTOR('',#4541,1.);
#4541 = DIRECTION('',(-0.,-1.,-0.));
#4542 = FACE_BOUND('',#4543,.T.);
#4543 = EDGE_LOOP('',(#4544));
#4544 = ORIENTED_EDGE('',*,*,#4545,.F.);
#4545 = EDGE_CURVE('',#4546,#4546,#4548,.T.);
#4546 = VERTEX_POINT('',#4547);
#4547 = CARTESIAN_POINT('',(153.271930009,-2.55036521181E-14,
    1.802081528017));
#4548 = CIRCLE('',#4549,3.25);
#4549 = AXIS2_PLACEMENT_3D('',#4550,#4551,#4552);
#4550 = CARTESIAN_POINT('',(150.021930009,-2.55036521181E-14,
    1.802081528017));
#4551 = DIRECTION('',(0.,0.,1.));
#4552 = DIRECTION('',(1.,0.,-0.));
#4553 = FACE_BOUND('',#4554,.T.);
#4554 = EDGE_LOOP('',(#4555));
#4555 = ORIENTED_EDGE('',*,*,#4556,.F.);
#4556 = EDGE_CURVE('',#4557,#4557,#4559,.T.);
#4557 = VERTEX_POINT('',#4558);
#4558 = CARTESIAN_POINT('',(165.771930009,12.5,1.802081528017));
#4559 = CIRCLE('',#4560,3.25);
#4560 = AXIS2_PLACEMENT_3D('',#4561,#4562,#4563);
#4561 = CARTESIAN_POINT('',(162.521930009,12.5,1.802081528017));
#4562 = DIRECTION('',(0.,0.,1.));
#4563 = DIRECTION('',(1.,0.,-0.));
#4564 = FACE_BOUND('',#4565,.T.);
#4565 = EDGE_LOOP('',(#4566,#4576,#4584,#4592,#4600,#4608));
#4566 = ORIENTED_EDGE('',*,*,#4567,.T.);
#4567 = EDGE_CURVE('',#4568,#4570,#4572,.T.);
#4568 = VERTEX_POINT('',#4569);
#4569 = CARTESIAN_POINT('',(159.521930009,-2.4,1.802081528017));
#4570 = VERTEX_POINT('',#4571);
#4571 = CARTESIAN_POINT('',(165.521930009,-2.4,1.802081528017));
#4572 = LINE('',#4573,#4574);
#4573 = CARTESIAN_POINT('',(129.521930009,-2.4,1.802081528017));
#4574 = VECTOR('',#4575,1.);
#4575 = DIRECTION('',(1.,0.,0.));
#4576 = ORIENTED_EDGE('',*,*,#4577,.F.);
#4577 = EDGE_CURVE('',#4578,#4570,#4580,.T.);
#4578 = VERTEX_POINT('',#4579);
#4579 = CARTESIAN_POINT('',(165.521930009,-9.,1.802081528017));
#4580 = LINE('',#4581,#4582);
#4581 = CARTESIAN_POINT('',(165.521930009,-4.,1.802081528017));
#4582 = VECTOR('',#4583,1.);
#4583 = DIRECTION('',(-0.,1.,-0.));
#4584 = ORIENTED_EDGE('',*,*,#4585,.F.);
#4585 = EDGE_CURVE('',#4586,#4578,#4588,.T.);
#4586 = VERTEX_POINT('',#4587);
#4587 = CARTESIAN_POINT('',(163.921930009,-12.,1.802081528017));
#4588 = LINE('',#4589,#4590);
#4589 = CARTESIAN_POINT('',(165.521930009,-9.,1.802081528017));
#4590 = VECTOR('',#4591,1.);
#4591 = DIRECTION('',(0.470588235294,0.882352941176,-0.));
#4592 = ORIENTED_EDGE('',*,*,#4593,.F.);
#4593 = EDGE_CURVE('',#4594,#4586,#4596,.T.);
#4594 = VERTEX_POINT('',#4595);
#4595 = CARTESIAN_POINT('',(161.121930009,-12.,1.802081528017));
#4596 = LINE('',#4597,#4598);
#4597 = CARTESIAN_POINT('',(161.121930009,-12.,1.802081528017));
#4598 = VECTOR('',#4599,1.);
#4599 = DIRECTION('',(1.,0.,0.));
#4600 = ORIENTED_EDGE('',*,*,#4601,.F.);
#4601 = EDGE_CURVE('',#4602,#4594,#4604,.T.);
#4602 = VERTEX_POINT('',#4603);
#4603 = CARTESIAN_POINT('',(159.521930009,-9.,1.802081528017));
#4604 = LINE('',#4605,#4606);
#4605 = CARTESIAN_POINT('',(159.521930009,-9.,1.802081528017));
#4606 = VECTOR('',#4607,1.);
#4607 = DIRECTION('',(0.470588235294,-0.882352941176,0.));
#4608 = ORIENTED_EDGE('',*,*,#4609,.F.);
#4609 = EDGE_CURVE('',#4568,#4602,#4610,.T.);
#4610 = LINE('',#4611,#4612);
#4611 = CARTESIAN_POINT('',(159.521930009,-4.,1.802081528017));
#4612 = VECTOR('',#4613,1.);
#4613 = DIRECTION('',(0.,-1.,0.));
#4614 = PLANE('',#4615);
#4615 = AXIS2_PLACEMENT_3D('',#4616,#4617,#4618);
#4616 = CARTESIAN_POINT('',(0.175735931288,3.13285044506E-16,
    1.802081528017));
#4617 = DIRECTION('',(4.444018474143E-16,-1.738462104158E-16,-1.));
#4618 = DIRECTION('',(-1.,0.,-4.444018474143E-16));
#4619 = ADVANCED_FACE('',(#4620,#4631,#4642,#4724),#4790,.T.);
#4620 = FACE_BOUND('',#4621,.T.);
#4621 = EDGE_LOOP('',(#4622));
#4622 = ORIENTED_EDGE('',*,*,#4623,.T.);
#4623 = EDGE_CURVE('',#4624,#4624,#4626,.T.);
#4624 = VERTEX_POINT('',#4625);
#4625 = CARTESIAN_POINT('',(165.771930009,12.5,0.302081528017));
#4626 = CIRCLE('',#4627,3.25);
#4627 = AXIS2_PLACEMENT_3D('',#4628,#4629,#4630);
#4628 = CARTESIAN_POINT('',(162.521930009,12.5,0.302081528017));
#4629 = DIRECTION('',(0.,0.,1.));
#4630 = DIRECTION('',(1.,0.,-0.));
#4631 = FACE_BOUND('',#4632,.T.);
#4632 = EDGE_LOOP('',(#4633));
#4633 = ORIENTED_EDGE('',*,*,#4634,.T.);
#4634 = EDGE_CURVE('',#4635,#4635,#4637,.T.);
#4635 = VERTEX_POINT('',#4636);
#4636 = CARTESIAN_POINT('',(153.271930009,-2.55036521181E-14,
    0.302081528017));
#4637 = CIRCLE('',#4638,3.25);
#4638 = AXIS2_PLACEMENT_3D('',#4639,#4640,#4641);
#4639 = CARTESIAN_POINT('',(150.021930009,-2.55036521181E-14,
    0.302081528017));
#4640 = DIRECTION('',(0.,0.,1.));
#4641 = DIRECTION('',(1.,0.,-0.));
#4642 = FACE_BOUND('',#4643,.T.);
#4643 = EDGE_LOOP('',(#4644,#4654,#4662,#4670,#4678,#4686,#4694,#4702,
    #4710,#4718));
#4644 = ORIENTED_EDGE('',*,*,#4645,.F.);
#4645 = EDGE_CURVE('',#4646,#4648,#4650,.T.);
#4646 = VERTEX_POINT('',#4647);
#4647 = CARTESIAN_POINT('',(143.92045814642,-14.5,0.302081528017));
#4648 = VERTEX_POINT('',#4649);
#4649 = CARTESIAN_POINT('',(146.021930009,-14.5,0.302081528017));
#4650 = LINE('',#4651,#4652);
#4651 = CARTESIAN_POINT('',(175.021930009,-14.5,0.302081528017));
#4652 = VECTOR('',#4653,1.);
#4653 = DIRECTION('',(1.,1.106681643366E-16,4.444018474143E-16));
#4654 = ORIENTED_EDGE('',*,*,#4655,.T.);
#4655 = EDGE_CURVE('',#4646,#4656,#4658,.T.);
#4656 = VERTEX_POINT('',#4657);
#4657 = CARTESIAN_POINT('',(143.671930009,-14.5,0.302081528017));
#4658 = LINE('',#4659,#4660);
#4659 = CARTESIAN_POINT('',(143.92045814642,-14.5,0.302081528017));
#4660 = VECTOR('',#4661,1.);
#4661 = DIRECTION('',(-1.,0.,-4.444018474143E-16));
#4662 = ORIENTED_EDGE('',*,*,#4663,.F.);
#4663 = EDGE_CURVE('',#4664,#4656,#4666,.T.);
#4664 = VERTEX_POINT('',#4665);
#4665 = CARTESIAN_POINT('',(143.671930009,14.5,0.302081528017));
#4666 = LINE('',#4667,#4668);
#4667 = CARTESIAN_POINT('',(143.671930009,3.742492510921E-14,
    0.302081528017));
#4668 = VECTOR('',#4669,1.);
#4669 = DIRECTION('',(2.604418160393E-16,-1.,1.738462104158E-16));
#4670 = ORIENTED_EDGE('',*,*,#4671,.F.);
#4671 = EDGE_CURVE('',#4672,#4664,#4674,.T.);
#4672 = VERTEX_POINT('',#4673);
#4673 = CARTESIAN_POINT('',(143.92045814642,14.5,0.302081528017));
#4674 = LINE('',#4675,#4676);
#4675 = CARTESIAN_POINT('',(0.175735931288,14.5,0.302081528017));
#4676 = VECTOR('',#4677,1.);
#4677 = DIRECTION('',(-1.,-0.,-4.444018474143E-16));
#4678 = ORIENTED_EDGE('',*,*,#4679,.F.);
#4679 = EDGE_CURVE('',#4680,#4672,#4682,.T.);
#4680 = VERTEX_POINT('',#4681);
#4681 = CARTESIAN_POINT('',(146.021930009,14.5,0.302081528017));
#4682 = LINE('',#4683,#4684);
#4683 = CARTESIAN_POINT('',(143.671930009,14.5,0.302081528017));
#4684 = VECTOR('',#4685,1.);
#4685 = DIRECTION('',(-1.,-0.,-4.444018474143E-16));
#4686 = ORIENTED_EDGE('',*,*,#4687,.F.);
#4687 = EDGE_CURVE('',#4688,#4680,#4690,.T.);
#4688 = VERTEX_POINT('',#4689);
#4689 = CARTESIAN_POINT('',(146.021930009,20.,0.302081528017));
#4690 = LINE('',#4691,#4692);
#4691 = CARTESIAN_POINT('',(146.021930009,14.5,0.302081528017));
#4692 = VECTOR('',#4693,1.);
#4693 = DIRECTION('',(-0.,-1.,-0.));
#4694 = ORIENTED_EDGE('',*,*,#4695,.F.);
#4695 = EDGE_CURVE('',#4696,#4688,#4698,.T.);
#4696 = VERTEX_POINT('',#4697);
#4697 = CARTESIAN_POINT('',(175.021930009,20.,0.302081528017));
#4698 = LINE('',#4699,#4700);
#4699 = CARTESIAN_POINT('',(175.021930009,20.,0.302081528017));
#4700 = VECTOR('',#4701,1.);
#4701 = DIRECTION('',(-1.,0.,0.));
#4702 = ORIENTED_EDGE('',*,*,#4703,.F.);
#4703 = EDGE_CURVE('',#4704,#4696,#4706,.T.);
#4704 = VERTEX_POINT('',#4705);
#4705 = CARTESIAN_POINT('',(175.021930009,-20.,0.302081528017));
#4706 = LINE('',#4707,#4708);
#4707 = CARTESIAN_POINT('',(175.021930009,14.5,0.302081528017));
#4708 = VECTOR('',#4709,1.);
#4709 = DIRECTION('',(-0.,1.,-1.738462104158E-16));
#4710 = ORIENTED_EDGE('',*,*,#4711,.F.);
#4711 = EDGE_CURVE('',#4712,#4704,#4714,.T.);
#4712 = VERTEX_POINT('',#4713);
#4713 = CARTESIAN_POINT('',(146.021930009,-20.,0.302081528017));
#4714 = LINE('',#4715,#4716);
#4715 = CARTESIAN_POINT('',(175.021930009,-20.,0.302081528017));
#4716 = VECTOR('',#4717,1.);
#4717 = DIRECTION('',(1.,2.39272203583E-16,-0.));
#4718 = ORIENTED_EDGE('',*,*,#4719,.F.);
#4719 = EDGE_CURVE('',#4648,#4712,#4720,.T.);
#4720 = LINE('',#4721,#4722);
#4721 = CARTESIAN_POINT('',(146.021930009,-14.5,0.302081528017));
#4722 = VECTOR('',#4723,1.);
#4723 = DIRECTION('',(0.,-1.,0.));
#4724 = FACE_BOUND('',#4725,.T.);
#4725 = EDGE_LOOP('',(#4726,#4736,#4744,#4752,#4760,#4768,#4776,#4784));
#4726 = ORIENTED_EDGE('',*,*,#4727,.T.);
#4727 = EDGE_CURVE('',#4728,#4730,#4732,.T.);
#4728 = VERTEX_POINT('',#4729);
#4729 = CARTESIAN_POINT('',(165.521930009,-9.,0.302081528017));
#4730 = VERTEX_POINT('',#4731);
#4731 = CARTESIAN_POINT('',(165.521930009,-3.996871942267,0.302081528017
    ));
#4732 = LINE('',#4733,#4734);
#4733 = CARTESIAN_POINT('',(165.521930009,-4.,0.302081528017));
#4734 = VECTOR('',#4735,1.);
#4735 = DIRECTION('',(-0.,1.,-0.));
#4736 = ORIENTED_EDGE('',*,*,#4737,.T.);
#4737 = EDGE_CURVE('',#4730,#4738,#4740,.T.);
#4738 = VERTEX_POINT('',#4739);
#4739 = CARTESIAN_POINT('',(165.521930009,-2.4,0.302081528017));
#4740 = LINE('',#4741,#4742);
#4741 = CARTESIAN_POINT('',(165.521930009,5.251572888238E-17,
    0.302081528017));
#4742 = VECTOR('',#4743,1.);
#4743 = DIRECTION('',(0.,1.,-1.738462104158E-16));
#4744 = ORIENTED_EDGE('',*,*,#4745,.F.);
#4745 = EDGE_CURVE('',#4746,#4738,#4748,.T.);
#4746 = VERTEX_POINT('',#4747);
#4747 = CARTESIAN_POINT('',(159.521930009,-2.4,0.302081528017));
#4748 = LINE('',#4749,#4750);
#4749 = CARTESIAN_POINT('',(129.521930009,-2.4,0.302081528017));
#4750 = VECTOR('',#4751,1.);
#4751 = DIRECTION('',(1.,0.,0.));
#4752 = ORIENTED_EDGE('',*,*,#4753,.T.);
#4753 = EDGE_CURVE('',#4746,#4754,#4756,.T.);
#4754 = VERTEX_POINT('',#4755);
#4755 = CARTESIAN_POINT('',(159.521930009,-3.996871942267,0.302081528017
    ));
#4756 = LINE('',#4757,#4758);
#4757 = CARTESIAN_POINT('',(159.521930009,-4.,0.302081528017));
#4758 = VECTOR('',#4759,1.);
#4759 = DIRECTION('',(0.,-1.,0.));
#4760 = ORIENTED_EDGE('',*,*,#4761,.T.);
#4761 = EDGE_CURVE('',#4754,#4762,#4764,.T.);
#4762 = VERTEX_POINT('',#4763);
#4763 = CARTESIAN_POINT('',(159.521930009,-9.,0.302081528017));
#4764 = LINE('',#4765,#4766);
#4765 = CARTESIAN_POINT('',(159.521930009,-4.,0.302081528017));
#4766 = VECTOR('',#4767,1.);
#4767 = DIRECTION('',(0.,-1.,0.));
#4768 = ORIENTED_EDGE('',*,*,#4769,.T.);
#4769 = EDGE_CURVE('',#4762,#4770,#4772,.T.);
#4770 = VERTEX_POINT('',#4771);
#4771 = CARTESIAN_POINT('',(161.121930009,-12.,0.302081528017));
#4772 = LINE('',#4773,#4774);
#4773 = CARTESIAN_POINT('',(159.521930009,-9.,0.302081528017));
#4774 = VECTOR('',#4775,1.);
#4775 = DIRECTION('',(0.470588235294,-0.882352941176,0.));
#4776 = ORIENTED_EDGE('',*,*,#4777,.T.);
#4777 = EDGE_CURVE('',#4770,#4778,#4780,.T.);
#4778 = VERTEX_POINT('',#4779);
#4779 = CARTESIAN_POINT('',(163.921930009,-12.,0.302081528017));
#4780 = LINE('',#4781,#4782);
#4781 = CARTESIAN_POINT('',(161.121930009,-12.,0.302081528017));
#4782 = VECTOR('',#4783,1.);
#4783 = DIRECTION('',(1.,0.,0.));
#4784 = ORIENTED_EDGE('',*,*,#4785,.T.);
#4785 = EDGE_CURVE('',#4778,#4728,#4786,.T.);
#4786 = LINE('',#4787,#4788);
#4787 = CARTESIAN_POINT('',(165.521930009,-9.,0.302081528017));
#4788 = VECTOR('',#4789,1.);
#4789 = DIRECTION('',(0.470588235294,0.882352941176,-0.));
#4790 = PLANE('',#4791);
#4791 = AXIS2_PLACEMENT_3D('',#4792,#4793,#4794);
#4792 = CARTESIAN_POINT('',(0.175735931288,5.251572888237E-17,
    0.302081528017));
#4793 = DIRECTION('',(4.444018474143E-16,-1.738462104158E-16,-1.));
#4794 = DIRECTION('',(-1.,0.,-4.444018474143E-16));
#4795 = ADVANCED_FACE('',(#4796),#4812,.T.);
#4796 = FACE_BOUND('',#4797,.T.);
#4797 = EDGE_LOOP('',(#4798,#4804,#4805,#4811));
#4798 = ORIENTED_EDGE('',*,*,#4799,.F.);
#4799 = EDGE_CURVE('',#1764,#3574,#4800,.T.);
#4800 = LINE('',#4801,#4802);
#4801 = CARTESIAN_POINT('',(141.,-14.9,-1.5));
#4802 = VECTOR('',#4803,1.);
#4803 = DIRECTION('',(0.,0.,1.));
#4804 = ORIENTED_EDGE('',*,*,#1763,.T.);
#4805 = ORIENTED_EDGE('',*,*,#4806,.F.);
#4806 = EDGE_CURVE('',#3582,#1756,#4807,.T.);
#4807 = LINE('',#4808,#4809);
#4808 = CARTESIAN_POINT('',(141.,-14.5,-1.008308020412E-14));
#4809 = VECTOR('',#4810,1.);
#4810 = DIRECTION('',(0.,-1.156482317318E-14,-1.));
#4811 = ORIENTED_EDGE('',*,*,#3581,.F.);
#4812 = PLANE('',#4813);
#4813 = AXIS2_PLACEMENT_3D('',#4814,#4815,#4816);
#4814 = CARTESIAN_POINT('',(141.,-17.,-1.5));
#4815 = DIRECTION('',(1.,0.,0.));
#4816 = DIRECTION('',(0.,0.,-1.));
#4817 = ADVANCED_FACE('',(#4818),#4834,.T.);
#4818 = FACE_BOUND('',#4819,.T.);
#4819 = EDGE_LOOP('',(#4820,#4826,#4827,#4833));
#4820 = ORIENTED_EDGE('',*,*,#4821,.F.);
#4821 = EDGE_CURVE('',#1698,#3510,#4822,.T.);
#4822 = LINE('',#4823,#4824);
#4823 = CARTESIAN_POINT('',(-141.,14.9,-1.5));
#4824 = VECTOR('',#4825,1.);
#4825 = DIRECTION('',(0.,0.,1.));
#4826 = ORIENTED_EDGE('',*,*,#1697,.T.);
#4827 = ORIENTED_EDGE('',*,*,#4828,.F.);
#4828 = EDGE_CURVE('',#3518,#1700,#4829,.T.);
#4829 = LINE('',#4830,#4831);
#4830 = CARTESIAN_POINT('',(-141.,14.5,-1.008308020412E-14));
#4831 = VECTOR('',#4832,1.);
#4832 = DIRECTION('',(0.,1.156482317318E-14,-1.));
#4833 = ORIENTED_EDGE('',*,*,#3517,.F.);
#4834 = PLANE('',#4835);
#4835 = AXIS2_PLACEMENT_3D('',#4836,#4837,#4838);
#4836 = CARTESIAN_POINT('',(-141.,-17.,-1.5));
#4837 = DIRECTION('',(-1.,0.,0.));
#4838 = DIRECTION('',(0.,0.,1.));
#4839 = ADVANCED_FACE('',(#4840),#4867,.T.);
#4840 = FACE_BOUND('',#4841,.T.);
#4841 = EDGE_LOOP('',(#4842,#4852,#4858,#4859,#4860,#4861));
#4842 = ORIENTED_EDGE('',*,*,#4843,.F.);
#4843 = EDGE_CURVE('',#4844,#4846,#4848,.T.);
#4844 = VERTEX_POINT('',#4845);
#4845 = CARTESIAN_POINT('',(141.42426406871,-14.5,0.175735931288));
#4846 = VERTEX_POINT('',#4847);
#4847 = CARTESIAN_POINT('',(142.48492424049,-14.5,-0.884924240492));
#4848 = LINE('',#4849,#4850);
#4849 = CARTESIAN_POINT('',(142.48492424049,-14.5,-0.884924240492));
#4850 = VECTOR('',#4851,1.);
#4851 = DIRECTION('',(0.707106781187,0.,-0.707106781187));
#4852 = ORIENTED_EDGE('',*,*,#4853,.T.);
#4853 = EDGE_CURVE('',#4844,#3590,#4854,.T.);
#4854 = LINE('',#4855,#4856);
#4855 = CARTESIAN_POINT('',(70.748528137423,-14.5,-70.5));
#4856 = VECTOR('',#4857,1.);
#4857 = DIRECTION('',(-0.707106781187,6.023345402697E-17,-0.707106781187
    ));
#4858 = ORIENTED_EDGE('',*,*,#3589,.F.);
#4859 = ORIENTED_EDGE('',*,*,#4806,.T.);
#4860 = ORIENTED_EDGE('',*,*,#1755,.T.);
#4861 = ORIENTED_EDGE('',*,*,#4862,.F.);
#4862 = EDGE_CURVE('',#4846,#1748,#4863,.T.);
#4863 = LINE('',#4864,#4865);
#4864 = CARTESIAN_POINT('',(142.48492424049,-14.5,-0.884924240492));
#4865 = VECTOR('',#4866,1.);
#4866 = DIRECTION('',(-0.707106781187,6.023345402697E-17,-0.707106781187
    ));
#4867 = PLANE('',#4868);
#4868 = AXIS2_PLACEMENT_3D('',#4869,#4870,#4871);
#4869 = CARTESIAN_POINT('',(141.,-14.5,0.6));
#4870 = DIRECTION('',(0.,-1.,-8.518296759352E-17));
#4871 = DIRECTION('',(0.,8.518296759352E-17,-1.));
#4872 = ADVANCED_FACE('',(#4873),#4900,.F.);
#4873 = FACE_BOUND('',#4874,.T.);
#4874 = EDGE_LOOP('',(#4875,#4876,#4884,#4892,#4898,#4899));
#4875 = ORIENTED_EDGE('',*,*,#3605,.T.);
#4876 = ORIENTED_EDGE('',*,*,#4877,.F.);
#4877 = EDGE_CURVE('',#4878,#3598,#4880,.T.);
#4878 = VERTEX_POINT('',#4879);
#4879 = CARTESIAN_POINT('',(141.42426406871,14.5,0.175735931288));
#4880 = LINE('',#4881,#4882);
#4881 = CARTESIAN_POINT('',(141.42426406871,14.5,0.175735931288));
#4882 = VECTOR('',#4883,1.);
#4883 = DIRECTION('',(-0.707106781187,6.023345402697E-17,-0.707106781187
    ));
#4884 = ORIENTED_EDGE('',*,*,#4885,.T.);
#4885 = EDGE_CURVE('',#4878,#4886,#4888,.T.);
#4886 = VERTEX_POINT('',#4887);
#4887 = CARTESIAN_POINT('',(142.48492424049,14.5,-0.884924240492));
#4888 = LINE('',#4889,#4890);
#4889 = CARTESIAN_POINT('',(141.42426406871,14.5,0.175735931288));
#4890 = VECTOR('',#4891,1.);
#4891 = DIRECTION('',(0.707106781187,-0.,-0.707106781187));
#4892 = ORIENTED_EDGE('',*,*,#4893,.T.);
#4893 = EDGE_CURVE('',#4886,#1740,#4894,.T.);
#4894 = LINE('',#4895,#4896);
#4895 = CARTESIAN_POINT('',(71.809188309203,14.5,-71.56066017178));
#4896 = VECTOR('',#4897,1.);
#4897 = DIRECTION('',(-0.707106781187,6.023345402697E-17,-0.707106781187
    ));
#4898 = ORIENTED_EDGE('',*,*,#1739,.F.);
#4899 = ORIENTED_EDGE('',*,*,#3627,.F.);
#4900 = PLANE('',#4901);
#4901 = AXIS2_PLACEMENT_3D('',#4902,#4903,#4904);
#4902 = CARTESIAN_POINT('',(141.,14.5,0.6));
#4903 = DIRECTION('',(0.,-1.,-8.518296759352E-17));
#4904 = DIRECTION('',(0.,8.518296759352E-17,-1.));
#4905 = ADVANCED_FACE('',(#4906),#4931,.F.);
#4906 = FACE_BOUND('',#4907,.T.);
#4907 = EDGE_LOOP('',(#4908,#4909,#4917,#4925));
#4908 = ORIENTED_EDGE('',*,*,#4885,.F.);
#4909 = ORIENTED_EDGE('',*,*,#4910,.T.);
#4910 = EDGE_CURVE('',#4878,#4911,#4913,.T.);
#4911 = VERTEX_POINT('',#4912);
#4912 = CARTESIAN_POINT('',(142.43553390593,14.5,1.187005768509));
#4913 = LINE('',#4914,#4915);
#4914 = CARTESIAN_POINT('',(142.43553390593,14.5,1.187005768509));
#4915 = VECTOR('',#4916,1.);
#4916 = DIRECTION('',(0.707106781187,-0.,0.707106781187));
#4917 = ORIENTED_EDGE('',*,*,#4918,.F.);
#4918 = EDGE_CURVE('',#4919,#4911,#4921,.T.);
#4919 = VERTEX_POINT('',#4920);
#4920 = CARTESIAN_POINT('',(143.49619407771,14.5,0.126345596729));
#4921 = LINE('',#4922,#4923);
#4922 = CARTESIAN_POINT('',(143.49619407771,14.5,0.126345596729));
#4923 = VECTOR('',#4924,1.);
#4924 = DIRECTION('',(-0.707106781187,0.,0.707106781187));
#4925 = ORIENTED_EDGE('',*,*,#4926,.F.);
#4926 = EDGE_CURVE('',#4886,#4919,#4927,.T.);
#4927 = LINE('',#4928,#4929);
#4928 = CARTESIAN_POINT('',(71.809188309203,14.5,-71.56066017178));
#4929 = VECTOR('',#4930,1.);
#4930 = DIRECTION('',(0.707106781187,0.,0.707106781187));
#4931 = PLANE('',#4932);
#4932 = AXIS2_PLACEMENT_3D('',#4933,#4934,#4935);
#4933 = CARTESIAN_POINT('',(143.49619407771,14.5,0.126345596729));
#4934 = DIRECTION('',(0.,-1.,0.));
#4935 = DIRECTION('',(0.,0.,-1.));
#4936 = ADVANCED_FACE('',(#4937),#4962,.F.);
#4937 = FACE_BOUND('',#4938,.T.);
#4938 = EDGE_LOOP('',(#4939,#4940,#4948,#4956));
#4939 = ORIENTED_EDGE('',*,*,#4843,.T.);
#4940 = ORIENTED_EDGE('',*,*,#4941,.F.);
#4941 = EDGE_CURVE('',#4942,#4846,#4944,.T.);
#4942 = VERTEX_POINT('',#4943);
#4943 = CARTESIAN_POINT('',(143.49619407771,-14.5,0.126345596729));
#4944 = LINE('',#4945,#4946);
#4945 = CARTESIAN_POINT('',(71.809188309203,-14.5,-71.56066017178));
#4946 = VECTOR('',#4947,1.);
#4947 = DIRECTION('',(-0.707106781187,0.,-0.707106781187));
#4948 = ORIENTED_EDGE('',*,*,#4949,.T.);
#4949 = EDGE_CURVE('',#4942,#4950,#4952,.T.);
#4950 = VERTEX_POINT('',#4951);
#4951 = CARTESIAN_POINT('',(142.43553390593,-14.5,1.187005768509));
#4952 = LINE('',#4953,#4954);
#4953 = CARTESIAN_POINT('',(143.49619407771,-14.5,0.126345596729));
#4954 = VECTOR('',#4955,1.);
#4955 = DIRECTION('',(-0.707106781187,-0.,0.707106781187));
#4956 = ORIENTED_EDGE('',*,*,#4957,.T.);
#4957 = EDGE_CURVE('',#4950,#4844,#4958,.T.);
#4958 = LINE('',#4959,#4960);
#4959 = CARTESIAN_POINT('',(141.24852813742,-14.5,-9.324138683375E-15));
#4960 = VECTOR('',#4961,1.);
#4961 = DIRECTION('',(-0.707106781187,-0.,-0.707106781187));
#4962 = PLANE('',#4963);
#4963 = AXIS2_PLACEMENT_3D('',#4964,#4965,#4966);
#4964 = CARTESIAN_POINT('',(142.3091883092,-14.5,-1.06066017178));
#4965 = DIRECTION('',(-0.,1.,0.));
#4966 = DIRECTION('',(0.,0.,1.));
#4967 = ADVANCED_FACE('',(#4968),#4988,.F.);
#4968 = FACE_BOUND('',#4969,.T.);
#4969 = EDGE_LOOP('',(#4970,#4971,#4972,#4973,#4974,#4975,#4981,#4982));
#4970 = ORIENTED_EDGE('',*,*,#4941,.T.);
#4971 = ORIENTED_EDGE('',*,*,#4862,.T.);
#4972 = ORIENTED_EDGE('',*,*,#1747,.T.);
#4973 = ORIENTED_EDGE('',*,*,#4893,.F.);
#4974 = ORIENTED_EDGE('',*,*,#4926,.T.);
#4975 = ORIENTED_EDGE('',*,*,#4976,.T.);
#4976 = EDGE_CURVE('',#4919,#4664,#4977,.T.);
#4977 = LINE('',#4978,#4979);
#4978 = CARTESIAN_POINT('',(143.49619407771,14.5,0.126345596729));
#4979 = VECTOR('',#4980,1.);
#4980 = DIRECTION('',(0.707106781187,0.,0.707106781187));
#4981 = ORIENTED_EDGE('',*,*,#4663,.T.);
#4982 = ORIENTED_EDGE('',*,*,#4983,.F.);
#4983 = EDGE_CURVE('',#4942,#4656,#4984,.T.);
#4984 = LINE('',#4985,#4986);
#4985 = CARTESIAN_POINT('',(71.809188309203,-14.5,-71.56066017178));
#4986 = VECTOR('',#4987,1.);
#4987 = DIRECTION('',(0.707106781187,-0.,0.707106781187));
#4988 = PLANE('',#4989);
#4989 = AXIS2_PLACEMENT_3D('',#4990,#4991,#4992);
#4990 = CARTESIAN_POINT('',(71.809188309203,6.10499019646E-15,
    -71.56066017178));
#4991 = DIRECTION('',(-0.707106781187,-6.123233995737E-17,0.707106781187
    ));
#4992 = DIRECTION('',(0.707106781187,0.,0.707106781187));
#4993 = ADVANCED_FACE('',(#4994),#5014,.T.);
#4994 = FACE_BOUND('',#4995,.T.);
#4995 = EDGE_LOOP('',(#4996,#4997,#4998,#4999,#5000,#5001,#5007,#5008));
#4996 = ORIENTED_EDGE('',*,*,#4910,.F.);
#4997 = ORIENTED_EDGE('',*,*,#4877,.T.);
#4998 = ORIENTED_EDGE('',*,*,#3597,.F.);
#4999 = ORIENTED_EDGE('',*,*,#4853,.F.);
#5000 = ORIENTED_EDGE('',*,*,#4957,.F.);
#5001 = ORIENTED_EDGE('',*,*,#5002,.T.);
#5002 = EDGE_CURVE('',#4950,#4482,#5003,.T.);
#5003 = LINE('',#5004,#5005);
#5004 = CARTESIAN_POINT('',(142.43553390593,-14.5,1.187005768509));
#5005 = VECTOR('',#5006,1.);
#5006 = DIRECTION('',(0.707106781187,0.,0.707106781187));
#5007 = ORIENTED_EDGE('',*,*,#4481,.F.);
#5008 = ORIENTED_EDGE('',*,*,#5009,.F.);
#5009 = EDGE_CURVE('',#4911,#4474,#5010,.T.);
#5010 = LINE('',#5011,#5012);
#5011 = CARTESIAN_POINT('',(70.748528137423,14.5,-70.5));
#5012 = VECTOR('',#5013,1.);
#5013 = DIRECTION('',(0.707106781187,-0.,0.707106781187));
#5014 = PLANE('',#5015);
#5015 = AXIS2_PLACEMENT_3D('',#5016,#5017,#5018);
#5016 = CARTESIAN_POINT('',(70.748528137423,6.10499019646E-15,-70.5));
#5017 = DIRECTION('',(-0.707106781187,-6.123233995737E-17,0.707106781187
    ));
#5018 = DIRECTION('',(0.707106781187,0.,0.707106781187));
#5019 = ADVANCED_FACE('',(#5020),#5033,.T.);
#5020 = FACE_BOUND('',#5021,.T.);
#5021 = EDGE_LOOP('',(#5022,#5028,#5029,#5030,#5031,#5032));
#5022 = ORIENTED_EDGE('',*,*,#5023,.F.);
#5023 = EDGE_CURVE('',#4672,#4466,#5024,.T.);
#5024 = LINE('',#5025,#5026);
#5025 = CARTESIAN_POINT('',(143.92045814642,14.5,1.802081528017));
#5026 = VECTOR('',#5027,1.);
#5027 = DIRECTION('',(-0.,1.738462104158E-16,1.));
#5028 = ORIENTED_EDGE('',*,*,#4671,.T.);
#5029 = ORIENTED_EDGE('',*,*,#4976,.F.);
#5030 = ORIENTED_EDGE('',*,*,#4918,.T.);
#5031 = ORIENTED_EDGE('',*,*,#5009,.T.);
#5032 = ORIENTED_EDGE('',*,*,#4473,.F.);
#5033 = PLANE('',#5034);
#5034 = AXIS2_PLACEMENT_3D('',#5035,#5036,#5037);
#5035 = CARTESIAN_POINT('',(143.92045814642,14.5,-0.297918471983));
#5036 = DIRECTION('',(0.,1.,0.));
#5037 = DIRECTION('',(0.,-0.,1.));
#5038 = ADVANCED_FACE('',(#5039),#5052,.F.);
#5039 = FACE_BOUND('',#5040,.T.);
#5040 = EDGE_LOOP('',(#5041,#5042,#5043,#5049,#5050,#5051));
#5041 = ORIENTED_EDGE('',*,*,#4983,.T.);
#5042 = ORIENTED_EDGE('',*,*,#4655,.F.);
#5043 = ORIENTED_EDGE('',*,*,#5044,.T.);
#5044 = EDGE_CURVE('',#4646,#4490,#5045,.T.);
#5045 = LINE('',#5046,#5047);
#5046 = CARTESIAN_POINT('',(143.92045814642,-14.5,0.302081528017));
#5047 = VECTOR('',#5048,1.);
#5048 = DIRECTION('',(-0.,1.738462104158E-16,1.));
#5049 = ORIENTED_EDGE('',*,*,#4489,.T.);
#5050 = ORIENTED_EDGE('',*,*,#5002,.F.);
#5051 = ORIENTED_EDGE('',*,*,#4949,.F.);
#5052 = PLANE('',#5053);
#5053 = AXIS2_PLACEMENT_3D('',#5054,#5055,#5056);
#5054 = CARTESIAN_POINT('',(143.92045814642,-14.5,-0.297918471983));
#5055 = DIRECTION('',(0.,1.,0.));
#5056 = DIRECTION('',(0.,-0.,1.));
#5057 = ADVANCED_FACE('',(#5058),#5069,.F.);
#5058 = FACE_BOUND('',#5059,.T.);
#5059 = EDGE_LOOP('',(#5060,#5061,#5067,#5068));
#5060 = ORIENTED_EDGE('',*,*,#4463,.F.);
#5061 = ORIENTED_EDGE('',*,*,#5062,.F.);
#5062 = EDGE_CURVE('',#4680,#4464,#5063,.T.);
#5063 = LINE('',#5064,#5065);
#5064 = CARTESIAN_POINT('',(146.021930009,14.5,0.302081528017));
#5065 = VECTOR('',#5066,1.);
#5066 = DIRECTION('',(0.,0.,1.));
#5067 = ORIENTED_EDGE('',*,*,#4679,.T.);
#5068 = ORIENTED_EDGE('',*,*,#5023,.T.);
#5069 = PLANE('',#5070);
#5070 = AXIS2_PLACEMENT_3D('',#5071,#5072,#5073);
#5071 = CARTESIAN_POINT('',(143.671930009,14.5,1.802081528017));
#5072 = DIRECTION('',(-7.725757707475E-32,-1.,1.738462104158E-16));
#5073 = DIRECTION('',(0.,-1.738462104158E-16,-1.));
#5074 = ADVANCED_FACE('',(#5075),#5086,.F.);
#5075 = FACE_BOUND('',#5076,.T.);
#5076 = EDGE_LOOP('',(#5077,#5078,#5084,#5085));
#5077 = ORIENTED_EDGE('',*,*,#4645,.T.);
#5078 = ORIENTED_EDGE('',*,*,#5079,.T.);
#5079 = EDGE_CURVE('',#4648,#4498,#5080,.T.);
#5080 = LINE('',#5081,#5082);
#5081 = CARTESIAN_POINT('',(146.021930009,-14.5,0.302081528017));
#5082 = VECTOR('',#5083,1.);
#5083 = DIRECTION('',(0.,0.,1.));
#5084 = ORIENTED_EDGE('',*,*,#4497,.F.);
#5085 = ORIENTED_EDGE('',*,*,#5044,.F.);
#5086 = PLANE('',#5087);
#5087 = AXIS2_PLACEMENT_3D('',#5088,#5089,#5090);
#5088 = CARTESIAN_POINT('',(175.021930009,-14.5,1.802081528017));
#5089 = DIRECTION('',(-1.106681643366E-16,1.,-1.738462104158E-16));
#5090 = DIRECTION('',(0.,1.738462104158E-16,1.));
#5091 = ADVANCED_FACE('',(#5092),#5108,.F.);
#5092 = FACE_BOUND('',#5093,.T.);
#5093 = EDGE_LOOP('',(#5094,#5095,#5101,#5102));
#5094 = ORIENTED_EDGE('',*,*,#4703,.T.);
#5095 = ORIENTED_EDGE('',*,*,#5096,.T.);
#5096 = EDGE_CURVE('',#4696,#4522,#5097,.T.);
#5097 = LINE('',#5098,#5099);
#5098 = CARTESIAN_POINT('',(175.021930009,20.,0.302081528017));
#5099 = VECTOR('',#5100,1.);
#5100 = DIRECTION('',(0.,0.,1.));
#5101 = ORIENTED_EDGE('',*,*,#4521,.F.);
#5102 = ORIENTED_EDGE('',*,*,#5103,.F.);
#5103 = EDGE_CURVE('',#4704,#4514,#5104,.T.);
#5104 = LINE('',#5105,#5106);
#5105 = CARTESIAN_POINT('',(175.021930009,-20.,0.302081528017));
#5106 = VECTOR('',#5107,1.);
#5107 = DIRECTION('',(0.,0.,1.));
#5108 = PLANE('',#5109);
#5109 = AXIS2_PLACEMENT_3D('',#5110,#5111,#5112);
#5110 = CARTESIAN_POINT('',(175.021930009,14.5,1.802081528017));
#5111 = DIRECTION('',(-1.,-7.720322621897E-32,-4.440892098501E-16));
#5112 = DIRECTION('',(-4.440892098501E-16,0.,1.));
#5113 = ADVANCED_FACE('',(#5114),#5125,.T.);
#5114 = FACE_BOUND('',#5115,.T.);
#5115 = EDGE_LOOP('',(#5116,#5117,#5123,#5124));
#5116 = ORIENTED_EDGE('',*,*,#4537,.F.);
#5117 = ORIENTED_EDGE('',*,*,#5118,.F.);
#5118 = EDGE_CURVE('',#4688,#4530,#5119,.T.);
#5119 = LINE('',#5120,#5121);
#5120 = CARTESIAN_POINT('',(146.021930009,20.,0.302081528017));
#5121 = VECTOR('',#5122,1.);
#5122 = DIRECTION('',(0.,0.,1.));
#5123 = ORIENTED_EDGE('',*,*,#4687,.T.);
#5124 = ORIENTED_EDGE('',*,*,#5062,.T.);
#5125 = PLANE('',#5126);
#5126 = AXIS2_PLACEMENT_3D('',#5127,#5128,#5129);
#5127 = CARTESIAN_POINT('',(146.021930009,14.5,0.302081528017));
#5128 = DIRECTION('',(-1.,0.,0.));
#5129 = DIRECTION('',(0.,0.,1.));
#5130 = ADVANCED_FACE('',(#5131),#5137,.T.);
#5131 = FACE_BOUND('',#5132,.T.);
#5132 = EDGE_LOOP('',(#5133,#5134,#5135,#5136));
#5133 = ORIENTED_EDGE('',*,*,#4529,.F.);
#5134 = ORIENTED_EDGE('',*,*,#5096,.F.);
#5135 = ORIENTED_EDGE('',*,*,#4695,.T.);
#5136 = ORIENTED_EDGE('',*,*,#5118,.T.);
#5137 = PLANE('',#5138);
#5138 = AXIS2_PLACEMENT_3D('',#5139,#5140,#5141);
#5139 = CARTESIAN_POINT('',(175.021930009,20.,0.302081528017));
#5140 = DIRECTION('',(0.,1.,-0.));
#5141 = DIRECTION('',(0.,0.,1.));
#5142 = ADVANCED_FACE('',(#5143),#5154,.T.);
#5143 = FACE_BOUND('',#5144,.T.);
#5144 = EDGE_LOOP('',(#5145,#5146,#5152,#5153));
#5145 = ORIENTED_EDGE('',*,*,#4513,.F.);
#5146 = ORIENTED_EDGE('',*,*,#5147,.F.);
#5147 = EDGE_CURVE('',#4712,#4506,#5148,.T.);
#5148 = LINE('',#5149,#5150);
#5149 = CARTESIAN_POINT('',(146.021930009,-20.,0.302081528017));
#5150 = VECTOR('',#5151,1.);
#5151 = DIRECTION('',(0.,0.,1.));
#5152 = ORIENTED_EDGE('',*,*,#4711,.T.);
#5153 = ORIENTED_EDGE('',*,*,#5103,.T.);
#5154 = PLANE('',#5155);
#5155 = AXIS2_PLACEMENT_3D('',#5156,#5157,#5158);
#5156 = CARTESIAN_POINT('',(175.021930009,-20.,0.302081528017));
#5157 = DIRECTION('',(2.39272203583E-16,-1.,0.));
#5158 = DIRECTION('',(1.,2.39272203583E-16,0.));
#5159 = ADVANCED_FACE('',(#5160),#5166,.T.);
#5160 = FACE_BOUND('',#5161,.T.);
#5161 = EDGE_LOOP('',(#5162,#5163,#5164,#5165));
#5162 = ORIENTED_EDGE('',*,*,#4505,.F.);
#5163 = ORIENTED_EDGE('',*,*,#5079,.F.);
#5164 = ORIENTED_EDGE('',*,*,#4719,.T.);
#5165 = ORIENTED_EDGE('',*,*,#5147,.T.);
#5166 = PLANE('',#5167);
#5167 = AXIS2_PLACEMENT_3D('',#5168,#5169,#5170);
#5168 = CARTESIAN_POINT('',(146.021930009,-14.5,0.302081528017));
#5169 = DIRECTION('',(-1.,0.,0.));
#5170 = DIRECTION('',(0.,0.,1.));
#5171 = ADVANCED_FACE('',(#5172),#5182,.F.);
#5172 = FACE_BOUND('',#5173,.F.);
#5173 = EDGE_LOOP('',(#5174,#5175,#5180,#5181));
#5174 = ORIENTED_EDGE('',*,*,#4634,.T.);
#5175 = ORIENTED_EDGE('',*,*,#5176,.T.);
#5176 = EDGE_CURVE('',#4635,#4546,#5177,.T.);
#5177 = B_SPLINE_CURVE_WITH_KNOTS('',1,(#5178,#5179),.UNSPECIFIED.,.F.,
  .F.,(2,2),(0.,1.5),.PIECEWISE_BEZIER_KNOTS.);
#5178 = CARTESIAN_POINT('',(153.271930009,-2.55036521181E-14,
    0.302081528017));
#5179 = CARTESIAN_POINT('',(153.271930009,-2.55036521181E-14,
    1.802081528017));
#5180 = ORIENTED_EDGE('',*,*,#4545,.F.);
#5181 = ORIENTED_EDGE('',*,*,#5176,.F.);
#5182 = CYLINDRICAL_SURFACE('',#5183,3.25);
#5183 = AXIS2_PLACEMENT_3D('',#5184,#5185,#5186);
#5184 = CARTESIAN_POINT('',(150.021930009,-2.55036521181E-14,
    0.302081528017));
#5185 = DIRECTION('',(-0.,-0.,1.));
#5186 = DIRECTION('',(1.,0.,0.));
#5187 = ADVANCED_FACE('',(#5188),#5198,.F.);
#5188 = FACE_BOUND('',#5189,.F.);
#5189 = EDGE_LOOP('',(#5190,#5191,#5196,#5197));
#5190 = ORIENTED_EDGE('',*,*,#4623,.T.);
#5191 = ORIENTED_EDGE('',*,*,#5192,.T.);
#5192 = EDGE_CURVE('',#4624,#4557,#5193,.T.);
#5193 = B_SPLINE_CURVE_WITH_KNOTS('',1,(#5194,#5195),.UNSPECIFIED.,.F.,
  .F.,(2,2),(0.,1.5),.PIECEWISE_BEZIER_KNOTS.);
#5194 = CARTESIAN_POINT('',(165.771930009,12.5,0.302081528017));
#5195 = CARTESIAN_POINT('',(165.771930009,12.5,1.802081528017));
#5196 = ORIENTED_EDGE('',*,*,#4556,.F.);
#5197 = ORIENTED_EDGE('',*,*,#5192,.F.);
#5198 = CYLINDRICAL_SURFACE('',#5199,3.25);
#5199 = AXIS2_PLACEMENT_3D('',#5200,#5201,#5202);
#5200 = CARTESIAN_POINT('',(162.521930009,12.5,0.302081528017));
#5201 = DIRECTION('',(-0.,-0.,1.));
#5202 = DIRECTION('',(1.,0.,0.));
#5203 = ADVANCED_FACE('',(#5204),#5221,.F.);
#5204 = FACE_BOUND('',#5205,.T.);
#5205 = EDGE_LOOP('',(#5206,#5213,#5214,#5220));
#5206 = ORIENTED_EDGE('',*,*,#5207,.T.);
#5207 = EDGE_CURVE('',#4754,#4568,#5208,.T.);
#5208 = CIRCLE('',#5209,1.6);
#5209 = AXIS2_PLACEMENT_3D('',#5210,#5211,#5212);
#5210 = CARTESIAN_POINT('',(159.521930009,-2.4,0.202081528017));
#5211 = DIRECTION('',(-1.,0.,0.));
#5212 = DIRECTION('',(0.,0.,1.));
#5213 = ORIENTED_EDGE('',*,*,#4609,.T.);
#5214 = ORIENTED_EDGE('',*,*,#5215,.F.);
#5215 = EDGE_CURVE('',#4762,#4602,#5216,.T.);
#5216 = LINE('',#5217,#5218);
#5217 = CARTESIAN_POINT('',(159.521930009,-9.,0.302081528017));
#5218 = VECTOR('',#5219,1.);
#5219 = DIRECTION('',(-0.,-0.,1.));
#5220 = ORIENTED_EDGE('',*,*,#4761,.F.);
#5221 = PLANE('',#5222);
#5222 = AXIS2_PLACEMENT_3D('',#5223,#5224,#5225);
#5223 = CARTESIAN_POINT('',(159.521930009,-4.,0.302081528017));
#5224 = DIRECTION('',(-1.,0.,-0.));
#5225 = DIRECTION('',(0.,0.,1.));
#5226 = ADVANCED_FACE('',(#5227),#5244,.F.);
#5227 = FACE_BOUND('',#5228,.T.);
#5228 = EDGE_LOOP('',(#5229,#5236,#5237,#5243));
#5229 = ORIENTED_EDGE('',*,*,#5230,.T.);
#5230 = EDGE_CURVE('',#4570,#4730,#5231,.T.);
#5231 = CIRCLE('',#5232,1.6);
#5232 = AXIS2_PLACEMENT_3D('',#5233,#5234,#5235);
#5233 = CARTESIAN_POINT('',(165.521930009,-2.4,0.202081528017));
#5234 = DIRECTION('',(1.,-0.,0.));
#5235 = DIRECTION('',(0.,0.,-1.));
#5236 = ORIENTED_EDGE('',*,*,#4727,.F.);
#5237 = ORIENTED_EDGE('',*,*,#5238,.T.);
#5238 = EDGE_CURVE('',#4728,#4578,#5239,.T.);
#5239 = LINE('',#5240,#5241);
#5240 = CARTESIAN_POINT('',(165.521930009,-9.,0.302081528017));
#5241 = VECTOR('',#5242,1.);
#5242 = DIRECTION('',(-0.,-0.,1.));
#5243 = ORIENTED_EDGE('',*,*,#4577,.T.);
#5244 = PLANE('',#5245);
#5245 = AXIS2_PLACEMENT_3D('',#5246,#5247,#5248);
#5246 = CARTESIAN_POINT('',(165.521930009,-4.,0.302081528017));
#5247 = DIRECTION('',(1.,0.,0.));
#5248 = DIRECTION('',(0.,0.,-1.));
#5249 = ADVANCED_FACE('',(#5250),#5261,.F.);
#5250 = FACE_BOUND('',#5251,.T.);
#5251 = EDGE_LOOP('',(#5252,#5253,#5254,#5255));
#5252 = ORIENTED_EDGE('',*,*,#4585,.T.);
#5253 = ORIENTED_EDGE('',*,*,#5238,.F.);
#5254 = ORIENTED_EDGE('',*,*,#4785,.F.);
#5255 = ORIENTED_EDGE('',*,*,#5256,.T.);
#5256 = EDGE_CURVE('',#4778,#4586,#5257,.T.);
#5257 = LINE('',#5258,#5259);
#5258 = CARTESIAN_POINT('',(163.921930009,-12.,0.302081528017));
#5259 = VECTOR('',#5260,1.);
#5260 = DIRECTION('',(-0.,-0.,1.));
#5261 = PLANE('',#5262);
#5262 = AXIS2_PLACEMENT_3D('',#5263,#5264,#5265);
#5263 = CARTESIAN_POINT('',(165.521930009,-9.,0.302081528017));
#5264 = DIRECTION('',(0.882352941176,-0.470588235294,0.));
#5265 = DIRECTION('',(0.470588235294,0.882352941176,0.));
#5266 = ADVANCED_FACE('',(#5267),#5278,.F.);
#5267 = FACE_BOUND('',#5268,.T.);
#5268 = EDGE_LOOP('',(#5269,#5270,#5271,#5272));
#5269 = ORIENTED_EDGE('',*,*,#4593,.T.);
#5270 = ORIENTED_EDGE('',*,*,#5256,.F.);
#5271 = ORIENTED_EDGE('',*,*,#4777,.F.);
#5272 = ORIENTED_EDGE('',*,*,#5273,.T.);
#5273 = EDGE_CURVE('',#4770,#4594,#5274,.T.);
#5274 = LINE('',#5275,#5276);
#5275 = CARTESIAN_POINT('',(161.121930009,-12.,0.302081528017));
#5276 = VECTOR('',#5277,1.);
#5277 = DIRECTION('',(-0.,-0.,1.));
#5278 = PLANE('',#5279);
#5279 = AXIS2_PLACEMENT_3D('',#5280,#5281,#5282);
#5280 = CARTESIAN_POINT('',(161.121930009,-12.,0.302081528017));
#5281 = DIRECTION('',(0.,-1.,0.));
#5282 = DIRECTION('',(0.,-0.,-1.));
#5283 = ADVANCED_FACE('',(#5284),#5290,.F.);
#5284 = FACE_BOUND('',#5285,.T.);
#5285 = EDGE_LOOP('',(#5286,#5287,#5288,#5289));
#5286 = ORIENTED_EDGE('',*,*,#4601,.T.);
#5287 = ORIENTED_EDGE('',*,*,#5273,.F.);
#5288 = ORIENTED_EDGE('',*,*,#4769,.F.);
#5289 = ORIENTED_EDGE('',*,*,#5215,.T.);
#5290 = PLANE('',#5291);
#5291 = AXIS2_PLACEMENT_3D('',#5292,#5293,#5294);
#5292 = CARTESIAN_POINT('',(159.521930009,-9.,0.302081528017));
#5293 = DIRECTION('',(-0.882352941176,-0.470588235294,0.));
#5294 = DIRECTION('',(0.470588235294,-0.882352941176,0.));
#5295 = ADVANCED_FACE('',(#5296),#5330,.T.);
#5296 = FACE_BOUND('',#5297,.T.);
#5297 = EDGE_LOOP('',(#5298,#5308,#5316,#5324));
#5298 = ORIENTED_EDGE('',*,*,#5299,.T.);
#5299 = EDGE_CURVE('',#5300,#5302,#5304,.T.);
#5300 = VERTEX_POINT('',#5301);
#5301 = CARTESIAN_POINT('',(159.521930009,-4.,0.202081528017));
#5302 = VERTEX_POINT('',#5303);
#5303 = CARTESIAN_POINT('',(159.521930009,-2.5,0.202081528017));
#5304 = LINE('',#5305,#5306);
#5305 = CARTESIAN_POINT('',(159.521930009,-4.,0.202081528017));
#5306 = VECTOR('',#5307,1.);
#5307 = DIRECTION('',(0.,1.,0.));
#5308 = ORIENTED_EDGE('',*,*,#5309,.F.);
#5309 = EDGE_CURVE('',#5310,#5302,#5312,.T.);
#5310 = VERTEX_POINT('',#5311);
#5311 = CARTESIAN_POINT('',(159.521930009,-2.5,-1.397918471983));
#5312 = LINE('',#5313,#5314);
#5313 = CARTESIAN_POINT('',(159.521930009,-2.5,-1.397918471983));
#5314 = VECTOR('',#5315,1.);
#5315 = DIRECTION('',(0.,-0.,1.));
#5316 = ORIENTED_EDGE('',*,*,#5317,.F.);
#5317 = EDGE_CURVE('',#5318,#5310,#5320,.T.);
#5318 = VERTEX_POINT('',#5319);
#5319 = CARTESIAN_POINT('',(159.521930009,-4.,-1.397918471983));
#5320 = LINE('',#5321,#5322);
#5321 = CARTESIAN_POINT('',(159.521930009,-4.,-1.397918471983));
#5322 = VECTOR('',#5323,1.);
#5323 = DIRECTION('',(0.,1.,2.168404344971E-15));
#5324 = ORIENTED_EDGE('',*,*,#5325,.T.);
#5325 = EDGE_CURVE('',#5318,#5300,#5326,.T.);
#5326 = LINE('',#5327,#5328);
#5327 = CARTESIAN_POINT('',(159.521930009,-4.,-1.397918471983));
#5328 = VECTOR('',#5329,1.);
#5329 = DIRECTION('',(0.,0.,1.));
#5330 = PLANE('',#5331);
#5331 = AXIS2_PLACEMENT_3D('',#5332,#5333,#5334);
#5332 = CARTESIAN_POINT('',(159.521930009,-4.,-1.397918471983));
#5333 = DIRECTION('',(-1.,0.,0.));
#5334 = DIRECTION('',(0.,0.,1.));
#5335 = ADVANCED_FACE('',(#5336),#5377,.T.);
#5336 = FACE_BOUND('',#5337,.T.);
#5337 = EDGE_LOOP('',(#5338,#5339,#5347,#5355,#5363,#5371));
#5338 = ORIENTED_EDGE('',*,*,#5317,.T.);
#5339 = ORIENTED_EDGE('',*,*,#5340,.T.);
#5340 = EDGE_CURVE('',#5310,#5341,#5343,.T.);
#5341 = VERTEX_POINT('',#5342);
#5342 = CARTESIAN_POINT('',(159.521930009,-2.5,-2.997918471983));
#5343 = LINE('',#5344,#5345);
#5344 = CARTESIAN_POINT('',(159.521930009,-2.5,-1.397918471983));
#5345 = VECTOR('',#5346,1.);
#5346 = DIRECTION('',(-0.,-0.,-1.));
#5347 = ORIENTED_EDGE('',*,*,#5348,.F.);
#5348 = EDGE_CURVE('',#5349,#5341,#5351,.T.);
#5349 = VERTEX_POINT('',#5350);
#5350 = CARTESIAN_POINT('',(159.521930009,-4.1,-2.997918471983));
#5351 = LINE('',#5352,#5353);
#5352 = CARTESIAN_POINT('',(159.521930009,-4.1,-2.997918471983));
#5353 = VECTOR('',#5354,1.);
#5354 = DIRECTION('',(0.,1.,1.390002785238E-16));
#5355 = ORIENTED_EDGE('',*,*,#5356,.F.);
#5356 = EDGE_CURVE('',#5357,#5349,#5359,.T.);
#5357 = VERTEX_POINT('',#5358);
#5358 = CARTESIAN_POINT('',(159.521930009,-4.1,-1.497918471983));
#5359 = LINE('',#5360,#5361);
#5360 = CARTESIAN_POINT('',(159.521930009,-4.1,-1.497918471983));
#5361 = VECTOR('',#5362,1.);
#5362 = DIRECTION('',(-0.,1.390002785238E-16,-1.));
#5363 = ORIENTED_EDGE('',*,*,#5364,.T.);
#5364 = EDGE_CURVE('',#5357,#5365,#5367,.T.);
#5365 = VERTEX_POINT('',#5366);
#5366 = CARTESIAN_POINT('',(159.521930009,-4.,-1.497918471983));
#5367 = LINE('',#5368,#5369);
#5368 = CARTESIAN_POINT('',(159.521930009,-4.,-1.497918471983));
#5369 = VECTOR('',#5370,1.);
#5370 = DIRECTION('',(-0.,1.,1.390002785238E-16));
#5371 = ORIENTED_EDGE('',*,*,#5372,.F.);
#5372 = EDGE_CURVE('',#5318,#5365,#5373,.T.);
#5373 = LINE('',#5374,#5375);
#5374 = CARTESIAN_POINT('',(159.521930009,-4.,-1.397918471983));
#5375 = VECTOR('',#5376,1.);
#5376 = DIRECTION('',(0.,0.,-1.));
#5377 = PLANE('',#5378);
#5378 = AXIS2_PLACEMENT_3D('',#5379,#5380,#5381);
#5379 = CARTESIAN_POINT('',(159.521930009,-4.1,-1.397918471983));
#5380 = DIRECTION('',(-1.,0.,-0.));
#5381 = DIRECTION('',(0.,0.,1.));
#5382 = ADVANCED_FACE('',(#5383),#5408,.T.);
#5383 = FACE_BOUND('',#5384,.T.);
#5384 = EDGE_LOOP('',(#5385,#5386,#5394,#5402));
#5385 = ORIENTED_EDGE('',*,*,#5356,.T.);
#5386 = ORIENTED_EDGE('',*,*,#5387,.T.);
#5387 = EDGE_CURVE('',#5349,#5388,#5390,.T.);
#5388 = VERTEX_POINT('',#5389);
#5389 = CARTESIAN_POINT('',(159.521930009,-6.457258300203,
    -2.997918471983));
#5390 = LINE('',#5391,#5392);
#5391 = CARTESIAN_POINT('',(159.521930009,-4.,-2.997918471983));
#5392 = VECTOR('',#5393,1.);
#5393 = DIRECTION('',(0.,-1.,-1.390002785238E-16));
#5394 = ORIENTED_EDGE('',*,*,#5395,.F.);
#5395 = EDGE_CURVE('',#5396,#5388,#5398,.T.);
#5396 = VERTEX_POINT('',#5397);
#5397 = CARTESIAN_POINT('',(159.521930009,-6.457258300203,
    -1.497918471983));
#5398 = LINE('',#5399,#5400);
#5399 = CARTESIAN_POINT('',(159.521930009,-6.457258300203,
    -1.497918471983));
#5400 = VECTOR('',#5401,1.);
#5401 = DIRECTION('',(-0.,5.421010862428E-16,-1.));
#5402 = ORIENTED_EDGE('',*,*,#5403,.F.);
#5403 = EDGE_CURVE('',#5357,#5396,#5404,.T.);
#5404 = LINE('',#5405,#5406);
#5405 = CARTESIAN_POINT('',(159.521930009,-4.,-1.497918471983));
#5406 = VECTOR('',#5407,1.);
#5407 = DIRECTION('',(0.,-1.,-1.390002785238E-16));
#5408 = PLANE('',#5409);
#5409 = AXIS2_PLACEMENT_3D('',#5410,#5411,#5412);
#5410 = CARTESIAN_POINT('',(159.521930009,-4.,-1.497918471983));
#5411 = DIRECTION('',(-1.,-0.,0.));
#5412 = DIRECTION('',(0.,-1.,-1.390002785238E-16));
#5413 = ADVANCED_FACE('',(#5414),#5432,.F.);
#5414 = FACE_BOUND('',#5415,.T.);
#5415 = EDGE_LOOP('',(#5416,#5417,#5423,#5424,#5425,#5426));
#5416 = ORIENTED_EDGE('',*,*,#5395,.T.);
#5417 = ORIENTED_EDGE('',*,*,#5418,.T.);
#5418 = EDGE_CURVE('',#5388,#3798,#5419,.T.);
#5419 = LINE('',#5420,#5421);
#5420 = CARTESIAN_POINT('',(159.521930009,-4.,-2.997918471983));
#5421 = VECTOR('',#5422,1.);
#5422 = DIRECTION('',(-0.,-1.,-1.390002785238E-16));
#5423 = ORIENTED_EDGE('',*,*,#3797,.F.);
#5424 = ORIENTED_EDGE('',*,*,#3681,.F.);
#5425 = ORIENTED_EDGE('',*,*,#3852,.T.);
#5426 = ORIENTED_EDGE('',*,*,#5427,.F.);
#5427 = EDGE_CURVE('',#5396,#3845,#5428,.T.);
#5428 = LINE('',#5429,#5430);
#5429 = CARTESIAN_POINT('',(159.521930009,-6.457258300203,
    -1.497918471983));
#5430 = VECTOR('',#5431,1.);
#5431 = DIRECTION('',(-0.,-1.,-1.390002785238E-16));
#5432 = PLANE('',#5433);
#5433 = AXIS2_PLACEMENT_3D('',#5434,#5435,#5436);
#5434 = CARTESIAN_POINT('',(159.521930009,-6.457258300203,
    -3.097918471983));
#5435 = DIRECTION('',(1.,0.,-0.));
#5436 = DIRECTION('',(-0.,0.,-1.));
#5437 = ADVANCED_FACE('',(#5438),#5465,.F.);
#5438 = FACE_BOUND('',#5439,.T.);
#5439 = EDGE_LOOP('',(#5440,#5441,#5442,#5450,#5458,#5464));
#5440 = ORIENTED_EDGE('',*,*,#3761,.T.);
#5441 = ORIENTED_EDGE('',*,*,#3813,.T.);
#5442 = ORIENTED_EDGE('',*,*,#5443,.F.);
#5443 = EDGE_CURVE('',#5444,#3806,#5446,.T.);
#5444 = VERTEX_POINT('',#5445);
#5445 = CARTESIAN_POINT('',(165.521930009,-6.457258300203,
    -2.997918471983));
#5446 = LINE('',#5447,#5448);
#5447 = CARTESIAN_POINT('',(165.521930009,-6.457258300203,
    -2.997918471983));
#5448 = VECTOR('',#5449,1.);
#5449 = DIRECTION('',(-0.,-1.,-1.390002785238E-16));
#5450 = ORIENTED_EDGE('',*,*,#5451,.F.);
#5451 = EDGE_CURVE('',#5452,#5444,#5454,.T.);
#5452 = VERTEX_POINT('',#5453);
#5453 = CARTESIAN_POINT('',(165.521930009,-6.457258300203,
    -1.497918471983));
#5454 = LINE('',#5455,#5456);
#5455 = CARTESIAN_POINT('',(165.521930009,-6.457258300203,
    -1.497918471983));
#5456 = VECTOR('',#5457,1.);
#5457 = DIRECTION('',(-0.,1.390002785238E-16,-1.));
#5458 = ORIENTED_EDGE('',*,*,#5459,.T.);
#5459 = EDGE_CURVE('',#5452,#3837,#5460,.T.);
#5460 = LINE('',#5461,#5462);
#5461 = CARTESIAN_POINT('',(165.521930009,-4.,-1.497918471983));
#5462 = VECTOR('',#5463,1.);
#5463 = DIRECTION('',(0.,-1.,-1.390002785238E-16));
#5464 = ORIENTED_EDGE('',*,*,#3836,.F.);
#5465 = PLANE('',#5466);
#5466 = AXIS2_PLACEMENT_3D('',#5467,#5468,#5469);
#5467 = CARTESIAN_POINT('',(165.521930009,-6.457258300203,
    -3.097918471983));
#5468 = DIRECTION('',(-1.,0.,-0.));
#5469 = DIRECTION('',(0.,0.,1.));
#5470 = ADVANCED_FACE('',(#5471),#5496,.T.);
#5471 = FACE_BOUND('',#5472,.T.);
#5472 = EDGE_LOOP('',(#5473,#5474,#5482,#5490));
#5473 = ORIENTED_EDGE('',*,*,#5451,.T.);
#5474 = ORIENTED_EDGE('',*,*,#5475,.T.);
#5475 = EDGE_CURVE('',#5444,#5476,#5478,.T.);
#5476 = VERTEX_POINT('',#5477);
#5477 = CARTESIAN_POINT('',(165.521930009,-4.1,-2.997918471983));
#5478 = LINE('',#5479,#5480);
#5479 = CARTESIAN_POINT('',(165.521930009,-4.,-2.997918471983));
#5480 = VECTOR('',#5481,1.);
#5481 = DIRECTION('',(-0.,1.,1.390002785238E-16));
#5482 = ORIENTED_EDGE('',*,*,#5483,.F.);
#5483 = EDGE_CURVE('',#5484,#5476,#5486,.T.);
#5484 = VERTEX_POINT('',#5485);
#5485 = CARTESIAN_POINT('',(165.521930009,-4.1,-1.497918471983));
#5486 = LINE('',#5487,#5488);
#5487 = CARTESIAN_POINT('',(165.521930009,-4.1,-1.497918471983));
#5488 = VECTOR('',#5489,1.);
#5489 = DIRECTION('',(0.,0.,-1.));
#5490 = ORIENTED_EDGE('',*,*,#5491,.F.);
#5491 = EDGE_CURVE('',#5452,#5484,#5492,.T.);
#5492 = LINE('',#5493,#5494);
#5493 = CARTESIAN_POINT('',(165.521930009,-4.,-1.497918471983));
#5494 = VECTOR('',#5495,1.);
#5495 = DIRECTION('',(0.,1.,1.390002785238E-16));
#5496 = PLANE('',#5497);
#5497 = AXIS2_PLACEMENT_3D('',#5498,#5499,#5500);
#5498 = CARTESIAN_POINT('',(165.521930009,-4.,-1.497918471983));
#5499 = DIRECTION('',(1.,0.,-0.));
#5500 = DIRECTION('',(0.,1.,1.390002785238E-16));
#5501 = ADVANCED_FACE('',(#5502),#5543,.F.);
#5502 = FACE_BOUND('',#5503,.T.);
#5503 = EDGE_LOOP('',(#5504,#5505,#5513,#5521,#5529,#5537));
#5504 = ORIENTED_EDGE('',*,*,#5483,.T.);
#5505 = ORIENTED_EDGE('',*,*,#5506,.T.);
#5506 = EDGE_CURVE('',#5476,#5507,#5509,.T.);
#5507 = VERTEX_POINT('',#5508);
#5508 = CARTESIAN_POINT('',(165.521930009,-2.5,-2.997918471983));
#5509 = LINE('',#5510,#5511);
#5510 = CARTESIAN_POINT('',(165.521930009,-4.,-2.997918471983));
#5511 = VECTOR('',#5512,1.);
#5512 = DIRECTION('',(-0.,1.,1.390002785238E-16));
#5513 = ORIENTED_EDGE('',*,*,#5514,.F.);
#5514 = EDGE_CURVE('',#5515,#5507,#5517,.T.);
#5515 = VERTEX_POINT('',#5516);
#5516 = CARTESIAN_POINT('',(165.521930009,-2.5,-1.397918471983));
#5517 = LINE('',#5518,#5519);
#5518 = CARTESIAN_POINT('',(165.521930009,-2.5,-1.397918471983));
#5519 = VECTOR('',#5520,1.);
#5520 = DIRECTION('',(0.,0.,-1.));
#5521 = ORIENTED_EDGE('',*,*,#5522,.F.);
#5522 = EDGE_CURVE('',#5523,#5515,#5525,.T.);
#5523 = VERTEX_POINT('',#5524);
#5524 = CARTESIAN_POINT('',(165.521930009,-4.,-1.397918471983));
#5525 = LINE('',#5526,#5527);
#5526 = CARTESIAN_POINT('',(165.521930009,-4.,-1.397918471983));
#5527 = VECTOR('',#5528,1.);
#5528 = DIRECTION('',(0.,1.,0.));
#5529 = ORIENTED_EDGE('',*,*,#5530,.T.);
#5530 = EDGE_CURVE('',#5523,#5531,#5533,.T.);
#5531 = VERTEX_POINT('',#5532);
#5532 = CARTESIAN_POINT('',(165.521930009,-4.,-1.497918471983));
#5533 = LINE('',#5534,#5535);
#5534 = CARTESIAN_POINT('',(165.521930009,-4.,-1.397918471983));
#5535 = VECTOR('',#5536,1.);
#5536 = DIRECTION('',(-0.,-0.,-1.));
#5537 = ORIENTED_EDGE('',*,*,#5538,.F.);
#5538 = EDGE_CURVE('',#5484,#5531,#5539,.T.);
#5539 = LINE('',#5540,#5541);
#5540 = CARTESIAN_POINT('',(165.521930009,-4.1,-1.497918471983));
#5541 = VECTOR('',#5542,1.);
#5542 = DIRECTION('',(0.,1.,1.390002785238E-16));
#5543 = PLANE('',#5544);
#5544 = AXIS2_PLACEMENT_3D('',#5545,#5546,#5547);
#5545 = CARTESIAN_POINT('',(165.521930009,-4.1,-1.397918471983));
#5546 = DIRECTION('',(-1.,0.,-0.));
#5547 = DIRECTION('',(0.,0.,1.));
#5548 = ADVANCED_FACE('',(#5549),#5574,.T.);
#5549 = FACE_BOUND('',#5550,.T.);
#5550 = EDGE_LOOP('',(#5551,#5552,#5560,#5568));
#5551 = ORIENTED_EDGE('',*,*,#5522,.T.);
#5552 = ORIENTED_EDGE('',*,*,#5553,.F.);
#5553 = EDGE_CURVE('',#5554,#5515,#5556,.T.);
#5554 = VERTEX_POINT('',#5555);
#5555 = CARTESIAN_POINT('',(165.521930009,-2.5,0.202081528017));
#5556 = LINE('',#5557,#5558);
#5557 = CARTESIAN_POINT('',(165.521930009,-2.5,-1.397918471983));
#5558 = VECTOR('',#5559,1.);
#5559 = DIRECTION('',(-0.,0.,-1.));
#5560 = ORIENTED_EDGE('',*,*,#5561,.F.);
#5561 = EDGE_CURVE('',#5562,#5554,#5564,.T.);
#5562 = VERTEX_POINT('',#5563);
#5563 = CARTESIAN_POINT('',(165.521930009,-4.,0.202081528017));
#5564 = LINE('',#5565,#5566);
#5565 = CARTESIAN_POINT('',(165.521930009,-4.,0.202081528017));
#5566 = VECTOR('',#5567,1.);
#5567 = DIRECTION('',(0.,1.,0.));
#5568 = ORIENTED_EDGE('',*,*,#5569,.T.);
#5569 = EDGE_CURVE('',#5562,#5523,#5570,.T.);
#5570 = LINE('',#5571,#5572);
#5571 = CARTESIAN_POINT('',(165.521930009,-4.,-1.397918471983));
#5572 = VECTOR('',#5573,1.);
#5573 = DIRECTION('',(0.,0.,-1.));
#5574 = PLANE('',#5575);
#5575 = AXIS2_PLACEMENT_3D('',#5576,#5577,#5578);
#5576 = CARTESIAN_POINT('',(165.521930009,-4.,-1.397918471983));
#5577 = DIRECTION('',(1.,-0.,0.));
#5578 = DIRECTION('',(0.,0.,-1.));
#5579 = ADVANCED_FACE('',(#5580),#5598,.T.);
#5580 = FACE_BOUND('',#5581,.T.);
#5581 = EDGE_LOOP('',(#5582,#5583,#5584,#5590,#5591,#5592));
#5582 = ORIENTED_EDGE('',*,*,#5553,.T.);
#5583 = ORIENTED_EDGE('',*,*,#5514,.T.);
#5584 = ORIENTED_EDGE('',*,*,#5585,.T.);
#5585 = EDGE_CURVE('',#5507,#5341,#5586,.T.);
#5586 = LINE('',#5587,#5588);
#5587 = CARTESIAN_POINT('',(159.521930009,-2.5,-2.997918471983));
#5588 = VECTOR('',#5589,1.);
#5589 = DIRECTION('',(-1.,0.,0.));
#5590 = ORIENTED_EDGE('',*,*,#5340,.F.);
#5591 = ORIENTED_EDGE('',*,*,#5309,.T.);
#5592 = ORIENTED_EDGE('',*,*,#5593,.T.);
#5593 = EDGE_CURVE('',#5302,#5554,#5594,.T.);
#5594 = LINE('',#5595,#5596);
#5595 = CARTESIAN_POINT('',(159.521930009,-2.5,0.202081528017));
#5596 = VECTOR('',#5597,1.);
#5597 = DIRECTION('',(1.,0.,-0.));
#5598 = PLANE('',#5599);
#5599 = AXIS2_PLACEMENT_3D('',#5600,#5601,#5602);
#5600 = CARTESIAN_POINT('',(159.521930009,-2.5,-1.397918471983));
#5601 = DIRECTION('',(0.,1.,0.));
#5602 = DIRECTION('',(0.,-0.,1.));
#5603 = ADVANCED_FACE('',(#5604),#5614,.F.);
#5604 = FACE_BOUND('',#5605,.T.);
#5605 = EDGE_LOOP('',(#5606,#5607,#5608,#5609,#5610,#5611,#5612,#5613));
#5606 = ORIENTED_EDGE('',*,*,#5475,.F.);
#5607 = ORIENTED_EDGE('',*,*,#5443,.T.);
#5608 = ORIENTED_EDGE('',*,*,#3805,.F.);
#5609 = ORIENTED_EDGE('',*,*,#5418,.F.);
#5610 = ORIENTED_EDGE('',*,*,#5387,.F.);
#5611 = ORIENTED_EDGE('',*,*,#5348,.T.);
#5612 = ORIENTED_EDGE('',*,*,#5585,.F.);
#5613 = ORIENTED_EDGE('',*,*,#5506,.F.);
#5614 = PLANE('',#5615);
#5615 = AXIS2_PLACEMENT_3D('',#5616,#5617,#5618);
#5616 = CARTESIAN_POINT('',(159.521930009,-4.,-2.997918471983));
#5617 = DIRECTION('',(0.,-1.390002785238E-16,1.));
#5618 = DIRECTION('',(0.,-1.,-1.390002785238E-16));
#5619 = ADVANCED_FACE('',(#5620),#5638,.F.);
#5620 = FACE_BOUND('',#5621,.T.);
#5621 = EDGE_LOOP('',(#5622,#5623,#5629,#5630,#5631,#5637));
#5622 = ORIENTED_EDGE('',*,*,#5569,.F.);
#5623 = ORIENTED_EDGE('',*,*,#5624,.F.);
#5624 = EDGE_CURVE('',#5300,#5562,#5625,.T.);
#5625 = LINE('',#5626,#5627);
#5626 = CARTESIAN_POINT('',(159.521930009,-4.,0.202081528017));
#5627 = VECTOR('',#5628,1.);
#5628 = DIRECTION('',(1.,0.,0.));
#5629 = ORIENTED_EDGE('',*,*,#5325,.F.);
#5630 = ORIENTED_EDGE('',*,*,#5372,.T.);
#5631 = ORIENTED_EDGE('',*,*,#5632,.F.);
#5632 = EDGE_CURVE('',#5531,#5365,#5633,.T.);
#5633 = LINE('',#5634,#5635);
#5634 = CARTESIAN_POINT('',(159.521930009,-4.,-1.497918471983));
#5635 = VECTOR('',#5636,1.);
#5636 = DIRECTION('',(-1.,-0.,0.));
#5637 = ORIENTED_EDGE('',*,*,#5530,.F.);
#5638 = PLANE('',#5639);
#5639 = AXIS2_PLACEMENT_3D('',#5640,#5641,#5642);
#5640 = CARTESIAN_POINT('',(159.521930009,-4.,-1.397918471983));
#5641 = DIRECTION('',(0.,1.,0.));
#5642 = DIRECTION('',(0.,-0.,1.));
#5643 = ADVANCED_FACE('',(#5644),#5654,.T.);
#5644 = FACE_BOUND('',#5645,.T.);
#5645 = EDGE_LOOP('',(#5646,#5647,#5648,#5649,#5650,#5651,#5652,#5653));
#5646 = ORIENTED_EDGE('',*,*,#5403,.T.);
#5647 = ORIENTED_EDGE('',*,*,#5427,.T.);
#5648 = ORIENTED_EDGE('',*,*,#3844,.T.);
#5649 = ORIENTED_EDGE('',*,*,#5459,.F.);
#5650 = ORIENTED_EDGE('',*,*,#5491,.T.);
#5651 = ORIENTED_EDGE('',*,*,#5538,.T.);
#5652 = ORIENTED_EDGE('',*,*,#5632,.T.);
#5653 = ORIENTED_EDGE('',*,*,#5364,.F.);
#5654 = PLANE('',#5655);
#5655 = AXIS2_PLACEMENT_3D('',#5656,#5657,#5658);
#5656 = CARTESIAN_POINT('',(159.521930009,-4.,-1.497918471983));
#5657 = DIRECTION('',(0.,-1.390002785238E-16,1.));
#5658 = DIRECTION('',(0.,-1.,-1.390002785238E-16));
#5659 = ADVANCED_FACE('',(#5660),#5678,.F.);
#5660 = FACE_BOUND('',#5661,.T.);
#5661 = EDGE_LOOP('',(#5662,#5663,#5670,#5671));
#5662 = ORIENTED_EDGE('',*,*,#4753,.F.);
#5663 = ORIENTED_EDGE('',*,*,#5664,.F.);
#5664 = EDGE_CURVE('',#5302,#4746,#5665,.T.);
#5665 = CIRCLE('',#5666,0.1);
#5666 = AXIS2_PLACEMENT_3D('',#5667,#5668,#5669);
#5667 = CARTESIAN_POINT('',(159.521930009,-2.4,0.202081528017));
#5668 = DIRECTION('',(-1.,-0.,-0.));
#5669 = DIRECTION('',(0.,0.,-1.));
#5670 = ORIENTED_EDGE('',*,*,#5299,.F.);
#5671 = ORIENTED_EDGE('',*,*,#5672,.T.);
#5672 = EDGE_CURVE('',#5300,#4754,#5673,.T.);
#5673 = CIRCLE('',#5674,1.6);
#5674 = AXIS2_PLACEMENT_3D('',#5675,#5676,#5677);
#5675 = CARTESIAN_POINT('',(159.521930009,-2.4,0.202081528017));
#5676 = DIRECTION('',(-1.,0.,0.));
#5677 = DIRECTION('',(0.,0.,1.));
#5678 = PLANE('',#5679);
#5679 = AXIS2_PLACEMENT_3D('',#5680,#5681,#5682);
#5680 = CARTESIAN_POINT('',(159.521930009,-2.4,0.202081528017));
#5681 = DIRECTION('',(1.,0.,-0.));
#5682 = DIRECTION('',(-0.,0.,-1.));
#5683 = ADVANCED_FACE('',(#5684),#5702,.F.);
#5684 = FACE_BOUND('',#5685,.T.);
#5685 = EDGE_LOOP('',(#5686,#5687,#5694,#5695));
#5686 = ORIENTED_EDGE('',*,*,#4737,.F.);
#5687 = ORIENTED_EDGE('',*,*,#5688,.T.);
#5688 = EDGE_CURVE('',#4730,#5562,#5689,.T.);
#5689 = CIRCLE('',#5690,1.6);
#5690 = AXIS2_PLACEMENT_3D('',#5691,#5692,#5693);
#5691 = CARTESIAN_POINT('',(165.521930009,-2.4,0.202081528017));
#5692 = DIRECTION('',(1.,-0.,0.));
#5693 = DIRECTION('',(0.,0.,-1.));
#5694 = ORIENTED_EDGE('',*,*,#5561,.T.);
#5695 = ORIENTED_EDGE('',*,*,#5696,.F.);
#5696 = EDGE_CURVE('',#4738,#5554,#5697,.T.);
#5697 = CIRCLE('',#5698,0.1);
#5698 = AXIS2_PLACEMENT_3D('',#5699,#5700,#5701);
#5699 = CARTESIAN_POINT('',(165.521930009,-2.4,0.202081528017));
#5700 = DIRECTION('',(1.,0.,0.));
#5701 = DIRECTION('',(0.,0.,-1.));
#5702 = PLANE('',#5703);
#5703 = AXIS2_PLACEMENT_3D('',#5704,#5705,#5706);
#5704 = CARTESIAN_POINT('',(165.521930009,-2.4,0.202081528017));
#5705 = DIRECTION('',(-1.,0.,-0.));
#5706 = DIRECTION('',(0.,0.,1.));
#5707 = ADVANCED_FACE('',(#5708),#5714,.F.);
#5708 = FACE_BOUND('',#5709,.F.);
#5709 = EDGE_LOOP('',(#5710,#5711,#5712,#5713));
#5710 = ORIENTED_EDGE('',*,*,#4745,.F.);
#5711 = ORIENTED_EDGE('',*,*,#5664,.F.);
#5712 = ORIENTED_EDGE('',*,*,#5593,.T.);
#5713 = ORIENTED_EDGE('',*,*,#5696,.F.);
#5714 = CYLINDRICAL_SURFACE('',#5715,0.1);
#5715 = AXIS2_PLACEMENT_3D('',#5716,#5717,#5718);
#5716 = CARTESIAN_POINT('',(129.521930009,-2.4,0.202081528017));
#5717 = DIRECTION('',(1.,0.,0.));
#5718 = DIRECTION('',(0.,0.,-1.));
#5719 = ADVANCED_FACE('',(#5720),#5728,.T.);
#5720 = FACE_BOUND('',#5721,.T.);
#5721 = EDGE_LOOP('',(#5722,#5723,#5724,#5725,#5726,#5727));
#5722 = ORIENTED_EDGE('',*,*,#5230,.F.);
#5723 = ORIENTED_EDGE('',*,*,#4567,.F.);
#5724 = ORIENTED_EDGE('',*,*,#5207,.F.);
#5725 = ORIENTED_EDGE('',*,*,#5672,.F.);
#5726 = ORIENTED_EDGE('',*,*,#5624,.T.);
#5727 = ORIENTED_EDGE('',*,*,#5688,.F.);
#5728 = CYLINDRICAL_SURFACE('',#5729,1.6);
#5729 = AXIS2_PLACEMENT_3D('',#5730,#5731,#5732);
#5730 = CARTESIAN_POINT('',(129.521930009,-2.4,0.202081528017));
#5731 = DIRECTION('',(1.,0.,0.));
#5732 = DIRECTION('',(0.,0.,-1.));
#5733 = ADVANCED_FACE('',(#5734),#5761,.T.);
#5734 = FACE_BOUND('',#5735,.T.);
#5735 = EDGE_LOOP('',(#5736,#5746,#5752,#5753,#5754,#5755));
#5736 = ORIENTED_EDGE('',*,*,#5737,.F.);
#5737 = EDGE_CURVE('',#5738,#5740,#5742,.T.);
#5738 = VERTEX_POINT('',#5739);
#5739 = CARTESIAN_POINT('',(-141.4242640687,14.5,0.175735931288));
#5740 = VERTEX_POINT('',#5741);
#5741 = CARTESIAN_POINT('',(-142.4849242404,14.5,-0.884924240492));
#5742 = LINE('',#5743,#5744);
#5743 = CARTESIAN_POINT('',(-142.4849242404,14.5,-0.884924240492));
#5744 = VECTOR('',#5745,1.);
#5745 = DIRECTION('',(-0.707106781187,0.,-0.707106781187));
#5746 = ORIENTED_EDGE('',*,*,#5747,.T.);
#5747 = EDGE_CURVE('',#5738,#3526,#5748,.T.);
#5748 = LINE('',#5749,#5750);
#5749 = CARTESIAN_POINT('',(-70.74852813742,14.5,-70.5));
#5750 = VECTOR('',#5751,1.);
#5751 = DIRECTION('',(0.707106781187,-0.,-0.707106781187));
#5752 = ORIENTED_EDGE('',*,*,#3525,.F.);
#5753 = ORIENTED_EDGE('',*,*,#4828,.T.);
#5754 = ORIENTED_EDGE('',*,*,#1819,.T.);
#5755 = ORIENTED_EDGE('',*,*,#5756,.F.);
#5756 = EDGE_CURVE('',#5740,#1812,#5757,.T.);
#5757 = LINE('',#5758,#5759);
#5758 = CARTESIAN_POINT('',(-142.4849242404,14.5,-0.884924240492));
#5759 = VECTOR('',#5760,1.);
#5760 = DIRECTION('',(0.707106781187,0.,-0.707106781187));
#5761 = PLANE('',#5762);
#5762 = AXIS2_PLACEMENT_3D('',#5763,#5764,#5765);
#5763 = CARTESIAN_POINT('',(-141.,14.5,0.6));
#5764 = DIRECTION('',(-0.,1.,0.));
#5765 = DIRECTION('',(0.,0.,1.));
#5766 = ADVANCED_FACE('',(#5767),#5794,.F.);
#5767 = FACE_BOUND('',#5768,.T.);
#5768 = EDGE_LOOP('',(#5769,#5770,#5778,#5786,#5792,#5793));
#5769 = ORIENTED_EDGE('',*,*,#3541,.T.);
#5770 = ORIENTED_EDGE('',*,*,#5771,.F.);
#5771 = EDGE_CURVE('',#5772,#3534,#5774,.T.);
#5772 = VERTEX_POINT('',#5773);
#5773 = CARTESIAN_POINT('',(-141.4242640687,-14.5,0.175735931288));
#5774 = LINE('',#5775,#5776);
#5775 = CARTESIAN_POINT('',(-141.4242640687,-14.5,0.175735931288));
#5776 = VECTOR('',#5777,1.);
#5777 = DIRECTION('',(0.707106781187,0.,-0.707106781187));
#5778 = ORIENTED_EDGE('',*,*,#5779,.T.);
#5779 = EDGE_CURVE('',#5772,#5780,#5782,.T.);
#5780 = VERTEX_POINT('',#5781);
#5781 = CARTESIAN_POINT('',(-142.4849242404,-14.5,-0.884924240492));
#5782 = LINE('',#5783,#5784);
#5783 = CARTESIAN_POINT('',(-141.4242640687,-14.5,0.175735931288));
#5784 = VECTOR('',#5785,1.);
#5785 = DIRECTION('',(-0.707106781187,0.,-0.707106781187));
#5786 = ORIENTED_EDGE('',*,*,#5787,.T.);
#5787 = EDGE_CURVE('',#5780,#1804,#5788,.T.);
#5788 = LINE('',#5789,#5790);
#5789 = CARTESIAN_POINT('',(-71.8091883092,-14.5,-71.56066017178));
#5790 = VECTOR('',#5791,1.);
#5791 = DIRECTION('',(0.707106781187,-0.,-0.707106781187));
#5792 = ORIENTED_EDGE('',*,*,#1803,.F.);
#5793 = ORIENTED_EDGE('',*,*,#3649,.F.);
#5794 = PLANE('',#5795);
#5795 = AXIS2_PLACEMENT_3D('',#5796,#5797,#5798);
#5796 = CARTESIAN_POINT('',(-141.,-14.5,0.6));
#5797 = DIRECTION('',(-0.,1.,0.));
#5798 = DIRECTION('',(0.,0.,1.));
#5799 = ADVANCED_FACE('',(#5800),#5825,.T.);
#5800 = FACE_BOUND('',#5801,.T.);
#5801 = EDGE_LOOP('',(#5802,#5810,#5811,#5819));
#5802 = ORIENTED_EDGE('',*,*,#5803,.T.);
#5803 = EDGE_CURVE('',#5804,#5780,#5806,.T.);
#5804 = VERTEX_POINT('',#5805);
#5805 = CARTESIAN_POINT('',(-143.4961940777,-14.5,0.126345596729));
#5806 = LINE('',#5807,#5808);
#5807 = CARTESIAN_POINT('',(-142.3091883092,-14.5,-1.06066017178));
#5808 = VECTOR('',#5809,1.);
#5809 = DIRECTION('',(0.707106781187,-0.,-0.707106781187));
#5810 = ORIENTED_EDGE('',*,*,#5779,.F.);
#5811 = ORIENTED_EDGE('',*,*,#5812,.F.);
#5812 = EDGE_CURVE('',#5813,#5772,#5815,.T.);
#5813 = VERTEX_POINT('',#5814);
#5814 = CARTESIAN_POINT('',(-142.4355339059,-14.5,1.187005768509));
#5815 = LINE('',#5816,#5817);
#5816 = CARTESIAN_POINT('',(-70.74852813742,-14.5,-70.5));
#5817 = VECTOR('',#5818,1.);
#5818 = DIRECTION('',(0.707106781187,0.,-0.707106781187));
#5819 = ORIENTED_EDGE('',*,*,#5820,.F.);
#5820 = EDGE_CURVE('',#5804,#5813,#5821,.T.);
#5821 = LINE('',#5822,#5823);
#5822 = CARTESIAN_POINT('',(-143.4961940777,-14.5,0.126345596729));
#5823 = VECTOR('',#5824,1.);
#5824 = DIRECTION('',(0.707106781187,0.,0.707106781187));
#5825 = PLANE('',#5826);
#5826 = AXIS2_PLACEMENT_3D('',#5827,#5828,#5829);
#5827 = CARTESIAN_POINT('',(-142.3091883092,-14.5,-1.06066017178));
#5828 = DIRECTION('',(0.,-1.,0.));
#5829 = DIRECTION('',(0.,-0.,-1.));
#5830 = ADVANCED_FACE('',(#5831),#5856,.T.);
#5831 = FACE_BOUND('',#5832,.T.);
#5832 = EDGE_LOOP('',(#5833,#5841,#5842,#5850));
#5833 = ORIENTED_EDGE('',*,*,#5834,.F.);
#5834 = EDGE_CURVE('',#5738,#5835,#5837,.T.);
#5835 = VERTEX_POINT('',#5836);
#5836 = CARTESIAN_POINT('',(-142.4355339059,14.5,1.187005768509));
#5837 = LINE('',#5838,#5839);
#5838 = CARTESIAN_POINT('',(-70.74852813742,14.5,-70.5));
#5839 = VECTOR('',#5840,1.);
#5840 = DIRECTION('',(-0.707106781187,0.,0.707106781187));
#5841 = ORIENTED_EDGE('',*,*,#5737,.T.);
#5842 = ORIENTED_EDGE('',*,*,#5843,.T.);
#5843 = EDGE_CURVE('',#5740,#5844,#5846,.T.);
#5844 = VERTEX_POINT('',#5845);
#5845 = CARTESIAN_POINT('',(-143.4961940777,14.5,0.126345596729));
#5846 = LINE('',#5847,#5848);
#5847 = CARTESIAN_POINT('',(-143.4961940777,14.5,0.126345596729));
#5848 = VECTOR('',#5849,1.);
#5849 = DIRECTION('',(-0.707106781187,-0.,0.707106781187));
#5850 = ORIENTED_EDGE('',*,*,#5851,.T.);
#5851 = EDGE_CURVE('',#5844,#5835,#5852,.T.);
#5852 = LINE('',#5853,#5854);
#5853 = CARTESIAN_POINT('',(-143.4961940777,14.5,0.126345596729));
#5854 = VECTOR('',#5855,1.);
#5855 = DIRECTION('',(0.707106781187,0.,0.707106781187));
#5856 = PLANE('',#5857);
#5857 = AXIS2_PLACEMENT_3D('',#5858,#5859,#5860);
#5858 = CARTESIAN_POINT('',(-143.4961940777,14.5,0.126345596729));
#5859 = DIRECTION('',(0.,1.,0.));
#5860 = DIRECTION('',(0.,-0.,1.));
#5861 = ADVANCED_FACE('',(#5862),#5882,.F.);
#5862 = FACE_BOUND('',#5863,.T.);
#5863 = EDGE_LOOP('',(#5864,#5865,#5866,#5867,#5868,#5869,#5875,#5876));
#5864 = ORIENTED_EDGE('',*,*,#5843,.F.);
#5865 = ORIENTED_EDGE('',*,*,#5756,.T.);
#5866 = ORIENTED_EDGE('',*,*,#1811,.T.);
#5867 = ORIENTED_EDGE('',*,*,#5787,.F.);
#5868 = ORIENTED_EDGE('',*,*,#5803,.F.);
#5869 = ORIENTED_EDGE('',*,*,#5870,.T.);
#5870 = EDGE_CURVE('',#5804,#4308,#5871,.T.);
#5871 = LINE('',#5872,#5873);
#5872 = CARTESIAN_POINT('',(-143.4961940777,-14.5,0.126345596729));
#5873 = VECTOR('',#5874,1.);
#5874 = DIRECTION('',(-0.707106781187,0.,0.707106781187));
#5875 = ORIENTED_EDGE('',*,*,#4307,.T.);
#5876 = ORIENTED_EDGE('',*,*,#5877,.F.);
#5877 = EDGE_CURVE('',#5844,#4300,#5878,.T.);
#5878 = LINE('',#5879,#5880);
#5879 = CARTESIAN_POINT('',(-71.8091883092,14.5,-71.56066017178));
#5880 = VECTOR('',#5881,1.);
#5881 = DIRECTION('',(-0.707106781187,-0.,0.707106781187));
#5882 = PLANE('',#5883);
#5883 = AXIS2_PLACEMENT_3D('',#5884,#5885,#5886);
#5884 = CARTESIAN_POINT('',(-71.8091883092,6.10499019646E-15,
    -71.56066017178));
#5885 = DIRECTION('',(0.707106781187,-6.123233995737E-17,0.707106781187)
  );
#5886 = DIRECTION('',(-0.707106781187,0.,0.707106781187));
#5887 = ADVANCED_FACE('',(#5888),#5908,.T.);
#5888 = FACE_BOUND('',#5889,.T.);
#5889 = EDGE_LOOP('',(#5890,#5891,#5892,#5893,#5894,#5895,#5901,#5902));
#5890 = ORIENTED_EDGE('',*,*,#5812,.T.);
#5891 = ORIENTED_EDGE('',*,*,#5771,.T.);
#5892 = ORIENTED_EDGE('',*,*,#3533,.F.);
#5893 = ORIENTED_EDGE('',*,*,#5747,.F.);
#5894 = ORIENTED_EDGE('',*,*,#5834,.T.);
#5895 = ORIENTED_EDGE('',*,*,#5896,.T.);
#5896 = EDGE_CURVE('',#5835,#4124,#5897,.T.);
#5897 = LINE('',#5898,#5899);
#5898 = CARTESIAN_POINT('',(-142.4355339059,14.5,1.187005768509));
#5899 = VECTOR('',#5900,1.);
#5900 = DIRECTION('',(-0.707106781187,0.,0.707106781187));
#5901 = ORIENTED_EDGE('',*,*,#4123,.F.);
#5902 = ORIENTED_EDGE('',*,*,#5903,.F.);
#5903 = EDGE_CURVE('',#5813,#4116,#5904,.T.);
#5904 = LINE('',#5905,#5906);
#5905 = CARTESIAN_POINT('',(-70.74852813742,-14.5,-70.5));
#5906 = VECTOR('',#5907,1.);
#5907 = DIRECTION('',(-0.707106781187,-0.,0.707106781187));
#5908 = PLANE('',#5909);
#5909 = AXIS2_PLACEMENT_3D('',#5910,#5911,#5912);
#5910 = CARTESIAN_POINT('',(-70.74852813742,6.10499019646E-15,-70.5));
#5911 = DIRECTION('',(0.707106781187,-6.123233995737E-17,0.707106781187)
  );
#5912 = DIRECTION('',(-0.707106781187,0.,0.707106781187));
#5913 = ADVANCED_FACE('',(#5914),#5922,.T.);
#5914 = FACE_BOUND('',#5915,.T.);
#5915 = EDGE_LOOP('',(#5916,#5917,#5918,#5919,#5920,#5921));
#5916 = ORIENTED_EDGE('',*,*,#4427,.F.);
#5917 = ORIENTED_EDGE('',*,*,#4315,.T.);
#5918 = ORIENTED_EDGE('',*,*,#5870,.F.);
#5919 = ORIENTED_EDGE('',*,*,#5820,.T.);
#5920 = ORIENTED_EDGE('',*,*,#5903,.T.);
#5921 = ORIENTED_EDGE('',*,*,#4115,.F.);
#5922 = PLANE('',#5923);
#5923 = AXIS2_PLACEMENT_3D('',#5924,#5925,#5926);
#5924 = CARTESIAN_POINT('',(-143.9204581464,-14.5,-0.297918471983));
#5925 = DIRECTION('',(0.,-1.,-0.));
#5926 = DIRECTION('',(0.,0.,-1.));
#5927 = ADVANCED_FACE('',(#5928),#5936,.F.);
#5928 = FACE_BOUND('',#5929,.T.);
#5929 = EDGE_LOOP('',(#5930,#5931,#5932,#5933,#5934,#5935));
#5930 = ORIENTED_EDGE('',*,*,#5877,.T.);
#5931 = ORIENTED_EDGE('',*,*,#4299,.F.);
#5932 = ORIENTED_EDGE('',*,*,#4449,.T.);
#5933 = ORIENTED_EDGE('',*,*,#4131,.T.);
#5934 = ORIENTED_EDGE('',*,*,#5896,.F.);
#5935 = ORIENTED_EDGE('',*,*,#5851,.F.);
#5936 = PLANE('',#5937);
#5937 = AXIS2_PLACEMENT_3D('',#5938,#5939,#5940);
#5938 = CARTESIAN_POINT('',(-143.9204581464,14.5,-0.297918471983));
#5939 = DIRECTION('',(0.,-1.,-0.));
#5940 = DIRECTION('',(0.,0.,-1.));
#5941 = ADVANCED_FACE('',(#5942),#5958,.T.);
#5942 = FACE_BOUND('',#5943,.T.);
#5943 = EDGE_LOOP('',(#5944,#5945,#5951,#5952));
#5944 = ORIENTED_EDGE('',*,*,#4265,.F.);
#5945 = ORIENTED_EDGE('',*,*,#5946,.T.);
#5946 = EDGE_CURVE('',#4266,#4164,#5947,.T.);
#5947 = LINE('',#5948,#5949);
#5948 = CARTESIAN_POINT('',(-175.021930009,-20.,0.302081528017));
#5949 = VECTOR('',#5950,1.);
#5950 = DIRECTION('',(0.,0.,1.));
#5951 = ORIENTED_EDGE('',*,*,#4163,.T.);
#5952 = ORIENTED_EDGE('',*,*,#5953,.F.);
#5953 = EDGE_CURVE('',#4268,#4156,#5954,.T.);
#5954 = LINE('',#5955,#5956);
#5955 = CARTESIAN_POINT('',(-175.021930009,20.,0.302081528017));
#5956 = VECTOR('',#5957,1.);
#5957 = DIRECTION('',(0.,0.,1.));
#5958 = PLANE('',#5959);
#5959 = AXIS2_PLACEMENT_3D('',#5960,#5961,#5962);
#5960 = CARTESIAN_POINT('',(-175.021930009,14.5,1.802081528017));
#5961 = DIRECTION('',(-1.,7.720322621897E-32,4.440892098501E-16));
#5962 = DIRECTION('',(4.440892098501E-16,0.,1.));
#5963 = ADVANCED_FACE('',(#5964),#5975,.F.);
#5964 = FACE_BOUND('',#5965,.T.);
#5965 = EDGE_LOOP('',(#5966,#5967,#5973,#5974));
#5966 = ORIENTED_EDGE('',*,*,#4155,.T.);
#5967 = ORIENTED_EDGE('',*,*,#5968,.F.);
#5968 = EDGE_CURVE('',#4276,#4148,#5969,.T.);
#5969 = LINE('',#5970,#5971);
#5970 = CARTESIAN_POINT('',(-146.021930009,20.,0.302081528017));
#5971 = VECTOR('',#5972,1.);
#5972 = DIRECTION('',(0.,0.,1.));
#5973 = ORIENTED_EDGE('',*,*,#4275,.F.);
#5974 = ORIENTED_EDGE('',*,*,#5953,.T.);
#5975 = PLANE('',#5976);
#5976 = AXIS2_PLACEMENT_3D('',#5977,#5978,#5979);
#5977 = CARTESIAN_POINT('',(-175.021930009,20.,0.302081528017));
#5978 = DIRECTION('',(0.,-1.,0.));
#5979 = DIRECTION('',(0.,-0.,-1.));
#5980 = ADVANCED_FACE('',(#5981),#5987,.F.);
#5981 = FACE_BOUND('',#5982,.T.);
#5982 = EDGE_LOOP('',(#5983,#5984,#5985,#5986));
#5983 = ORIENTED_EDGE('',*,*,#4147,.T.);
#5984 = ORIENTED_EDGE('',*,*,#4442,.F.);
#5985 = ORIENTED_EDGE('',*,*,#4283,.F.);
#5986 = ORIENTED_EDGE('',*,*,#5968,.T.);
#5987 = PLANE('',#5988);
#5988 = AXIS2_PLACEMENT_3D('',#5989,#5990,#5991);
#5989 = CARTESIAN_POINT('',(-146.021930009,14.5,0.302081528017));
#5990 = DIRECTION('',(-1.,-0.,0.));
#5991 = DIRECTION('',(0.,0.,1.));
#5992 = ADVANCED_FACE('',(#5993),#6004,.F.);
#5993 = FACE_BOUND('',#5994,.T.);
#5994 = EDGE_LOOP('',(#5995,#5996,#6002,#6003));
#5995 = ORIENTED_EDGE('',*,*,#4179,.T.);
#5996 = ORIENTED_EDGE('',*,*,#5997,.F.);
#5997 = EDGE_CURVE('',#4332,#4172,#5998,.T.);
#5998 = LINE('',#5999,#6000);
#5999 = CARTESIAN_POINT('',(-146.021930009,-20.,0.302081528017));
#6000 = VECTOR('',#6001,1.);
#6001 = DIRECTION('',(0.,0.,1.));
#6002 = ORIENTED_EDGE('',*,*,#4331,.F.);
#6003 = ORIENTED_EDGE('',*,*,#4420,.T.);
#6004 = PLANE('',#6005);
#6005 = AXIS2_PLACEMENT_3D('',#6006,#6007,#6008);
#6006 = CARTESIAN_POINT('',(-146.021930009,-14.5,0.302081528017));
#6007 = DIRECTION('',(-1.,0.,0.));
#6008 = DIRECTION('',(0.,0.,1.));
#6009 = ADVANCED_FACE('',(#6010),#6016,.F.);
#6010 = FACE_BOUND('',#6011,.T.);
#6011 = EDGE_LOOP('',(#6012,#6013,#6014,#6015));
#6012 = ORIENTED_EDGE('',*,*,#4171,.T.);
#6013 = ORIENTED_EDGE('',*,*,#5946,.F.);
#6014 = ORIENTED_EDGE('',*,*,#4339,.F.);
#6015 = ORIENTED_EDGE('',*,*,#5997,.T.);
#6016 = PLANE('',#6017);
#6017 = AXIS2_PLACEMENT_3D('',#6018,#6019,#6020);
#6018 = CARTESIAN_POINT('',(-175.021930009,-20.,0.302081528017));
#6019 = DIRECTION('',(2.39272203583E-16,1.,-0.));
#6020 = DIRECTION('',(-1.,2.39272203583E-16,0.));
#6021 = ADVANCED_FACE('',(#6022),#6032,.F.);
#6022 = FACE_BOUND('',#6023,.F.);
#6023 = EDGE_LOOP('',(#6024,#6025,#6030,#6031));
#6024 = ORIENTED_EDGE('',*,*,#4254,.F.);
#6025 = ORIENTED_EDGE('',*,*,#6026,.T.);
#6026 = EDGE_CURVE('',#4255,#4095,#6027,.T.);
#6027 = B_SPLINE_CURVE_WITH_KNOTS('',1,(#6028,#6029),.UNSPECIFIED.,.F.,
  .F.,(2,2),(0.,1.5),.PIECEWISE_BEZIER_KNOTS.);
#6028 = CARTESIAN_POINT('',(-153.271930009,-2.510564190838E-14,
    0.302081528017));
#6029 = CARTESIAN_POINT('',(-153.271930009,-2.510564190838E-14,
    1.802081528017));
#6030 = ORIENTED_EDGE('',*,*,#4094,.T.);
#6031 = ORIENTED_EDGE('',*,*,#6026,.F.);
#6032 = CYLINDRICAL_SURFACE('',#6033,3.25);
#6033 = AXIS2_PLACEMENT_3D('',#6034,#6035,#6036);
#6034 = CARTESIAN_POINT('',(-150.021930009,-2.55036521181E-14,
    0.302081528017));
#6035 = DIRECTION('',(-0.,-0.,1.));
#6036 = DIRECTION('',(1.,0.,0.));
#6037 = ADVANCED_FACE('',(#6038),#6048,.F.);
#6038 = FACE_BOUND('',#6039,.F.);
#6039 = EDGE_LOOP('',(#6040,#6041,#6046,#6047));
#6040 = ORIENTED_EDGE('',*,*,#4243,.F.);
#6041 = ORIENTED_EDGE('',*,*,#6042,.T.);
#6042 = EDGE_CURVE('',#4244,#4084,#6043,.T.);
#6043 = B_SPLINE_CURVE_WITH_KNOTS('',1,(#6044,#6045),.UNSPECIFIED.,.F.,
  .F.,(2,2),(0.,1.5),.PIECEWISE_BEZIER_KNOTS.);
#6044 = CARTESIAN_POINT('',(-165.771930009,12.5,0.302081528017));
#6045 = CARTESIAN_POINT('',(-165.771930009,12.5,1.802081528017));
#6046 = ORIENTED_EDGE('',*,*,#4083,.T.);
#6047 = ORIENTED_EDGE('',*,*,#6042,.F.);
#6048 = CYLINDRICAL_SURFACE('',#6049,3.25);
#6049 = AXIS2_PLACEMENT_3D('',#6050,#6051,#6052);
#6050 = CARTESIAN_POINT('',(-162.521930009,12.5,0.302081528017));
#6051 = DIRECTION('',(-0.,-0.,1.));
#6052 = DIRECTION('',(1.,0.,0.));
#6053 = ADVANCED_FACE('',(#6054),#6071,.T.);
#6054 = FACE_BOUND('',#6055,.T.);
#6055 = EDGE_LOOP('',(#6056,#6063,#6064,#6070));
#6056 = ORIENTED_EDGE('',*,*,#6057,.F.);
#6057 = EDGE_CURVE('',#4350,#4188,#6058,.T.);
#6058 = CIRCLE('',#6059,1.6);
#6059 = AXIS2_PLACEMENT_3D('',#6060,#6061,#6062);
#6060 = CARTESIAN_POINT('',(-159.521930009,-2.4,0.202081528017));
#6061 = DIRECTION('',(-1.,0.,-0.));
#6062 = DIRECTION('',(0.,8.131516293641E-16,-1.));
#6063 = ORIENTED_EDGE('',*,*,#4405,.T.);
#6064 = ORIENTED_EDGE('',*,*,#6065,.T.);
#6065 = EDGE_CURVE('',#4398,#4198,#6066,.T.);
#6066 = LINE('',#6067,#6068);
#6067 = CARTESIAN_POINT('',(-159.521930009,-9.,0.302081528017));
#6068 = VECTOR('',#6069,1.);
#6069 = DIRECTION('',(-0.,-0.,1.));
#6070 = ORIENTED_EDGE('',*,*,#4197,.F.);
#6071 = PLANE('',#6072);
#6072 = AXIS2_PLACEMENT_3D('',#6073,#6074,#6075);
#6073 = CARTESIAN_POINT('',(-159.521930009,-4.,0.302081528017));
#6074 = DIRECTION('',(-1.,0.,-0.));
#6075 = DIRECTION('',(0.,0.,1.));
#6076 = ADVANCED_FACE('',(#6077),#6088,.T.);
#6077 = FACE_BOUND('',#6078,.T.);
#6078 = EDGE_LOOP('',(#6079,#6080,#6081,#6082));
#6079 = ORIENTED_EDGE('',*,*,#4205,.F.);
#6080 = ORIENTED_EDGE('',*,*,#6065,.F.);
#6081 = ORIENTED_EDGE('',*,*,#4397,.T.);
#6082 = ORIENTED_EDGE('',*,*,#6083,.T.);
#6083 = EDGE_CURVE('',#4390,#4206,#6084,.T.);
#6084 = LINE('',#6085,#6086);
#6085 = CARTESIAN_POINT('',(-161.121930009,-12.,0.302081528017));
#6086 = VECTOR('',#6087,1.);
#6087 = DIRECTION('',(-0.,-0.,1.));
#6088 = PLANE('',#6089);
#6089 = AXIS2_PLACEMENT_3D('',#6090,#6091,#6092);
#6090 = CARTESIAN_POINT('',(-159.521930009,-9.,0.302081528017));
#6091 = DIRECTION('',(-0.882352941176,0.470588235294,0.));
#6092 = DIRECTION('',(-0.470588235294,-0.882352941176,0.));
#6093 = ADVANCED_FACE('',(#6094),#6105,.T.);
#6094 = FACE_BOUND('',#6095,.T.);
#6095 = EDGE_LOOP('',(#6096,#6097,#6098,#6099));
#6096 = ORIENTED_EDGE('',*,*,#4213,.F.);
#6097 = ORIENTED_EDGE('',*,*,#6083,.F.);
#6098 = ORIENTED_EDGE('',*,*,#4389,.T.);
#6099 = ORIENTED_EDGE('',*,*,#6100,.T.);
#6100 = EDGE_CURVE('',#4382,#4214,#6101,.T.);
#6101 = LINE('',#6102,#6103);
#6102 = CARTESIAN_POINT('',(-163.921930009,-12.,0.302081528017));
#6103 = VECTOR('',#6104,1.);
#6104 = DIRECTION('',(-0.,-0.,1.));
#6105 = PLANE('',#6106);
#6106 = AXIS2_PLACEMENT_3D('',#6107,#6108,#6109);
#6107 = CARTESIAN_POINT('',(-161.121930009,-12.,0.302081528017));
#6108 = DIRECTION('',(0.,1.,0.));
#6109 = DIRECTION('',(0.,-0.,1.));
#6110 = ADVANCED_FACE('',(#6111),#6122,.T.);
#6111 = FACE_BOUND('',#6112,.T.);
#6112 = EDGE_LOOP('',(#6113,#6114,#6115,#6116));
#6113 = ORIENTED_EDGE('',*,*,#4221,.F.);
#6114 = ORIENTED_EDGE('',*,*,#6100,.F.);
#6115 = ORIENTED_EDGE('',*,*,#4381,.T.);
#6116 = ORIENTED_EDGE('',*,*,#6117,.T.);
#6117 = EDGE_CURVE('',#4374,#4222,#6118,.T.);
#6118 = LINE('',#6119,#6120);
#6119 = CARTESIAN_POINT('',(-165.521930009,-9.,0.302081528017));
#6120 = VECTOR('',#6121,1.);
#6121 = DIRECTION('',(-0.,-0.,1.));
#6122 = PLANE('',#6123);
#6123 = AXIS2_PLACEMENT_3D('',#6124,#6125,#6126);
#6124 = CARTESIAN_POINT('',(-165.521930009,-9.,0.302081528017));
#6125 = DIRECTION('',(0.882352941176,0.470588235294,0.));
#6126 = DIRECTION('',(-0.470588235294,0.882352941176,0.));
#6127 = ADVANCED_FACE('',(#6128),#6140,.T.);
#6128 = FACE_BOUND('',#6129,.T.);
#6129 = EDGE_LOOP('',(#6130,#6137,#6138,#6139));
#6130 = ORIENTED_EDGE('',*,*,#6131,.F.);
#6131 = EDGE_CURVE('',#4190,#4366,#6132,.T.);
#6132 = CIRCLE('',#6133,1.6);
#6133 = AXIS2_PLACEMENT_3D('',#6134,#6135,#6136);
#6134 = CARTESIAN_POINT('',(-165.521930009,-2.4,0.202081528017));
#6135 = DIRECTION('',(1.,0.,-0.));
#6136 = DIRECTION('',(0.,-8.131516293641E-16,1.));
#6137 = ORIENTED_EDGE('',*,*,#4229,.F.);
#6138 = ORIENTED_EDGE('',*,*,#6117,.F.);
#6139 = ORIENTED_EDGE('',*,*,#4373,.T.);
#6140 = PLANE('',#6141);
#6141 = AXIS2_PLACEMENT_3D('',#6142,#6143,#6144);
#6142 = CARTESIAN_POINT('',(-165.521930009,-4.,0.302081528017));
#6143 = DIRECTION('',(1.,-0.,0.));
#6144 = DIRECTION('',(0.,0.,-1.));
#6145 = ADVANCED_FACE('',(#6146),#6180,.T.);
#6146 = FACE_BOUND('',#6147,.T.);
#6147 = EDGE_LOOP('',(#6148,#6158,#6166,#6174));
#6148 = ORIENTED_EDGE('',*,*,#6149,.F.);
#6149 = EDGE_CURVE('',#6150,#6152,#6154,.T.);
#6150 = VERTEX_POINT('',#6151);
#6151 = CARTESIAN_POINT('',(-159.521930009,-4.,0.202081528017));
#6152 = VERTEX_POINT('',#6153);
#6153 = CARTESIAN_POINT('',(-159.521930009,-2.5,0.202081528017));
#6154 = LINE('',#6155,#6156);
#6155 = CARTESIAN_POINT('',(-159.521930009,-4.,0.202081528017));
#6156 = VECTOR('',#6157,1.);
#6157 = DIRECTION('',(0.,1.,-0.));
#6158 = ORIENTED_EDGE('',*,*,#6159,.F.);
#6159 = EDGE_CURVE('',#6160,#6150,#6162,.T.);
#6160 = VERTEX_POINT('',#6161);
#6161 = CARTESIAN_POINT('',(-159.521930009,-4.,-1.397918471983));
#6162 = LINE('',#6163,#6164);
#6163 = CARTESIAN_POINT('',(-159.521930009,-4.,-1.397918471983));
#6164 = VECTOR('',#6165,1.);
#6165 = DIRECTION('',(0.,0.,1.));
#6166 = ORIENTED_EDGE('',*,*,#6167,.T.);
#6167 = EDGE_CURVE('',#6160,#6168,#6170,.T.);
#6168 = VERTEX_POINT('',#6169);
#6169 = CARTESIAN_POINT('',(-159.521930009,-2.5,-1.397918471983));
#6170 = LINE('',#6171,#6172);
#6171 = CARTESIAN_POINT('',(-159.521930009,-4.,-1.397918471983));
#6172 = VECTOR('',#6173,1.);
#6173 = DIRECTION('',(-2.586087571809E-29,1.,2.168404344971E-15));
#6174 = ORIENTED_EDGE('',*,*,#6175,.T.);
#6175 = EDGE_CURVE('',#6168,#6152,#6176,.T.);
#6176 = LINE('',#6177,#6178);
#6177 = CARTESIAN_POINT('',(-159.521930009,-2.5,-1.397918471983));
#6178 = VECTOR('',#6179,1.);
#6179 = DIRECTION('',(-0.,0.,1.));
#6180 = PLANE('',#6181);
#6181 = AXIS2_PLACEMENT_3D('',#6182,#6183,#6184);
#6182 = CARTESIAN_POINT('',(-159.521930009,-4.,-1.397918471983));
#6183 = DIRECTION('',(1.,-0.,0.));
#6184 = DIRECTION('',(0.,0.,1.));
#6185 = ADVANCED_FACE('',(#6186),#6227,.F.);
#6186 = FACE_BOUND('',#6187,.T.);
#6187 = EDGE_LOOP('',(#6188,#6189,#6197,#6205,#6213,#6221));
#6188 = ORIENTED_EDGE('',*,*,#6167,.F.);
#6189 = ORIENTED_EDGE('',*,*,#6190,.T.);
#6190 = EDGE_CURVE('',#6160,#6191,#6193,.T.);
#6191 = VERTEX_POINT('',#6192);
#6192 = CARTESIAN_POINT('',(-159.521930009,-4.,-1.497918471983));
#6193 = LINE('',#6194,#6195);
#6194 = CARTESIAN_POINT('',(-159.521930009,-4.,-1.397918471983));
#6195 = VECTOR('',#6196,1.);
#6196 = DIRECTION('',(0.,0.,-1.));
#6197 = ORIENTED_EDGE('',*,*,#6198,.F.);
#6198 = EDGE_CURVE('',#6199,#6191,#6201,.T.);
#6199 = VERTEX_POINT('',#6200);
#6200 = CARTESIAN_POINT('',(-159.521930009,-4.1,-1.497918471983));
#6201 = LINE('',#6202,#6203);
#6202 = CARTESIAN_POINT('',(-159.521930009,-4.1,-1.497918471983));
#6203 = VECTOR('',#6204,1.);
#6204 = DIRECTION('',(-0.,1.,1.390002785238E-16));
#6205 = ORIENTED_EDGE('',*,*,#6206,.T.);
#6206 = EDGE_CURVE('',#6199,#6207,#6209,.T.);
#6207 = VERTEX_POINT('',#6208);
#6208 = CARTESIAN_POINT('',(-159.521930009,-4.1,-2.997918471983));
#6209 = LINE('',#6210,#6211);
#6210 = CARTESIAN_POINT('',(-159.521930009,-4.1,-1.497918471983));
#6211 = VECTOR('',#6212,1.);
#6212 = DIRECTION('',(1.192622389734E-14,1.390002785238E-16,-1.));
#6213 = ORIENTED_EDGE('',*,*,#6214,.T.);
#6214 = EDGE_CURVE('',#6207,#6215,#6217,.T.);
#6215 = VERTEX_POINT('',#6216);
#6216 = CARTESIAN_POINT('',(-159.521930009,-2.5,-2.997918471983));
#6217 = LINE('',#6218,#6219);
#6218 = CARTESIAN_POINT('',(-159.521930009,-4.,-2.997918471983));
#6219 = VECTOR('',#6220,1.);
#6220 = DIRECTION('',(0.,1.,1.390002785238E-16));
#6221 = ORIENTED_EDGE('',*,*,#6222,.F.);
#6222 = EDGE_CURVE('',#6168,#6215,#6223,.T.);
#6223 = LINE('',#6224,#6225);
#6224 = CARTESIAN_POINT('',(-159.521930009,-2.5,-1.397918471983));
#6225 = VECTOR('',#6226,1.);
#6226 = DIRECTION('',(-0.,-0.,-1.));
#6227 = PLANE('',#6228);
#6228 = AXIS2_PLACEMENT_3D('',#6229,#6230,#6231);
#6229 = CARTESIAN_POINT('',(-159.521930009,-4.1,-1.397918471983));
#6230 = DIRECTION('',(-1.,0.,-0.));
#6231 = DIRECTION('',(0.,0.,1.));
#6232 = ADVANCED_FACE('',(#6233),#6258,.T.);
#6233 = FACE_BOUND('',#6234,.T.);
#6234 = EDGE_LOOP('',(#6235,#6236,#6244,#6252));
#6235 = ORIENTED_EDGE('',*,*,#6206,.F.);
#6236 = ORIENTED_EDGE('',*,*,#6237,.T.);
#6237 = EDGE_CURVE('',#6199,#6238,#6240,.T.);
#6238 = VERTEX_POINT('',#6239);
#6239 = CARTESIAN_POINT('',(-159.521930009,-6.457258300203,
    -1.497918471983));
#6240 = LINE('',#6241,#6242);
#6241 = CARTESIAN_POINT('',(-159.521930009,-4.,-1.497918471983));
#6242 = VECTOR('',#6243,1.);
#6243 = DIRECTION('',(-0.,-1.,-1.390002785238E-16));
#6244 = ORIENTED_EDGE('',*,*,#6245,.T.);
#6245 = EDGE_CURVE('',#6238,#6246,#6248,.T.);
#6246 = VERTEX_POINT('',#6247);
#6247 = CARTESIAN_POINT('',(-159.521930009,-6.457258300203,
    -2.997918471983));
#6248 = LINE('',#6249,#6250);
#6249 = CARTESIAN_POINT('',(-159.521930009,-6.457258300203,
    -1.497918471983));
#6250 = VECTOR('',#6251,1.);
#6251 = DIRECTION('',(1.192622389734E-14,5.421010862428E-16,-1.));
#6252 = ORIENTED_EDGE('',*,*,#6253,.F.);
#6253 = EDGE_CURVE('',#6207,#6246,#6254,.T.);
#6254 = LINE('',#6255,#6256);
#6255 = CARTESIAN_POINT('',(-159.521930009,-4.,-2.997918471983));
#6256 = VECTOR('',#6257,1.);
#6257 = DIRECTION('',(1.657748443467E-30,-1.,-1.390002785238E-16));
#6258 = PLANE('',#6259);
#6259 = AXIS2_PLACEMENT_3D('',#6260,#6261,#6262);
#6260 = CARTESIAN_POINT('',(-159.521930009,-4.,-1.497918471983));
#6261 = DIRECTION('',(1.,-1.657748443467E-30,1.192622389734E-14));
#6262 = DIRECTION('',(0.,-1.,-1.390002785238E-16));
#6263 = ADVANCED_FACE('',(#6264),#6282,.T.);
#6264 = FACE_BOUND('',#6265,.T.);
#6265 = EDGE_LOOP('',(#6266,#6267,#6273,#6274,#6275,#6276));
#6266 = ORIENTED_EDGE('',*,*,#6245,.F.);
#6267 = ORIENTED_EDGE('',*,*,#6268,.T.);
#6268 = EDGE_CURVE('',#6238,#4053,#6269,.T.);
#6269 = LINE('',#6270,#6271);
#6270 = CARTESIAN_POINT('',(-159.521930009,-4.,-1.497918471983));
#6271 = VECTOR('',#6272,1.);
#6272 = DIRECTION('',(-0.,-1.,-1.390002785238E-16));
#6273 = ORIENTED_EDGE('',*,*,#4052,.F.);
#6274 = ORIENTED_EDGE('',*,*,#3899,.T.);
#6275 = ORIENTED_EDGE('',*,*,#4017,.T.);
#6276 = ORIENTED_EDGE('',*,*,#6277,.F.);
#6277 = EDGE_CURVE('',#6246,#4010,#6278,.T.);
#6278 = LINE('',#6279,#6280);
#6279 = CARTESIAN_POINT('',(-159.521930009,-6.457258300203,
    -2.997918471983));
#6280 = VECTOR('',#6281,1.);
#6281 = DIRECTION('',(-0.,-1.,-1.390002785238E-16));
#6282 = PLANE('',#6283);
#6283 = AXIS2_PLACEMENT_3D('',#6284,#6285,#6286);
#6284 = CARTESIAN_POINT('',(-159.521930009,-6.457258300203,
    -3.097918471983));
#6285 = DIRECTION('',(1.,0.,-0.));
#6286 = DIRECTION('',(-0.,0.,-1.));
#6287 = ADVANCED_FACE('',(#6288),#6315,.F.);
#6288 = FACE_BOUND('',#6289,.T.);
#6289 = EDGE_LOOP('',(#6290,#6291,#6292,#6300,#6308,#6314));
#6290 = ORIENTED_EDGE('',*,*,#3979,.F.);
#6291 = ORIENTED_EDGE('',*,*,#4068,.T.);
#6292 = ORIENTED_EDGE('',*,*,#6293,.F.);
#6293 = EDGE_CURVE('',#6294,#4061,#6296,.T.);
#6294 = VERTEX_POINT('',#6295);
#6295 = CARTESIAN_POINT('',(-165.521930009,-6.457258300203,
    -1.497918471983));
#6296 = LINE('',#6297,#6298);
#6297 = CARTESIAN_POINT('',(-165.521930009,-6.457258300203,
    -1.497918471983));
#6298 = VECTOR('',#6299,1.);
#6299 = DIRECTION('',(-0.,-1.,-1.390002785238E-16));
#6300 = ORIENTED_EDGE('',*,*,#6301,.T.);
#6301 = EDGE_CURVE('',#6294,#6302,#6304,.T.);
#6302 = VERTEX_POINT('',#6303);
#6303 = CARTESIAN_POINT('',(-165.521930009,-6.457258300203,
    -2.997918471983));
#6304 = LINE('',#6305,#6306);
#6305 = CARTESIAN_POINT('',(-165.521930009,-6.457258300203,
    -1.497918471983));
#6306 = VECTOR('',#6307,1.);
#6307 = DIRECTION('',(1.192622389734E-14,1.390002785238E-16,-1.));
#6308 = ORIENTED_EDGE('',*,*,#6309,.T.);
#6309 = EDGE_CURVE('',#6302,#4002,#6310,.T.);
#6310 = LINE('',#6311,#6312);
#6311 = CARTESIAN_POINT('',(-165.521930009,-4.,-2.997918471983));
#6312 = VECTOR('',#6313,1.);
#6313 = DIRECTION('',(-0.,-1.,-1.390002785238E-16));
#6314 = ORIENTED_EDGE('',*,*,#4001,.F.);
#6315 = PLANE('',#6316);
#6316 = AXIS2_PLACEMENT_3D('',#6317,#6318,#6319);
#6317 = CARTESIAN_POINT('',(-165.521930009,-6.457258300203,
    -3.097918471983));
#6318 = DIRECTION('',(1.,0.,-0.));
#6319 = DIRECTION('',(-0.,0.,-1.));
#6320 = ADVANCED_FACE('',(#6321),#6346,.T.);
#6321 = FACE_BOUND('',#6322,.T.);
#6322 = EDGE_LOOP('',(#6323,#6324,#6332,#6340));
#6323 = ORIENTED_EDGE('',*,*,#6301,.F.);
#6324 = ORIENTED_EDGE('',*,*,#6325,.T.);
#6325 = EDGE_CURVE('',#6294,#6326,#6328,.T.);
#6326 = VERTEX_POINT('',#6327);
#6327 = CARTESIAN_POINT('',(-165.521930009,-4.1,-1.497918471983));
#6328 = LINE('',#6329,#6330);
#6329 = CARTESIAN_POINT('',(-165.521930009,-4.,-1.497918471983));
#6330 = VECTOR('',#6331,1.);
#6331 = DIRECTION('',(0.,1.,1.390002785238E-16));
#6332 = ORIENTED_EDGE('',*,*,#6333,.T.);
#6333 = EDGE_CURVE('',#6326,#6334,#6336,.T.);
#6334 = VERTEX_POINT('',#6335);
#6335 = CARTESIAN_POINT('',(-165.521930009,-4.1,-2.997918471983));
#6336 = LINE('',#6337,#6338);
#6337 = CARTESIAN_POINT('',(-165.521930009,-4.1,-1.497918471983));
#6338 = VECTOR('',#6339,1.);
#6339 = DIRECTION('',(8.673617379884E-15,0.,-1.));
#6340 = ORIENTED_EDGE('',*,*,#6341,.F.);
#6341 = EDGE_CURVE('',#6302,#6334,#6342,.T.);
#6342 = LINE('',#6343,#6344);
#6343 = CARTESIAN_POINT('',(-165.521930009,-4.,-2.997918471983));
#6344 = VECTOR('',#6345,1.);
#6345 = DIRECTION('',(-1.657748443467E-30,1.,1.390002785238E-16));
#6346 = PLANE('',#6347);
#6347 = AXIS2_PLACEMENT_3D('',#6348,#6349,#6350);
#6348 = CARTESIAN_POINT('',(-165.521930009,-4.,-1.497918471983));
#6349 = DIRECTION('',(-1.,1.657748443467E-30,-1.192622389734E-14));
#6350 = DIRECTION('',(0.,1.,1.390002785238E-16));
#6351 = ADVANCED_FACE('',(#6352),#6393,.F.);
#6352 = FACE_BOUND('',#6353,.T.);
#6353 = EDGE_LOOP('',(#6354,#6355,#6363,#6371,#6379,#6387));
#6354 = ORIENTED_EDGE('',*,*,#6333,.F.);
#6355 = ORIENTED_EDGE('',*,*,#6356,.T.);
#6356 = EDGE_CURVE('',#6326,#6357,#6359,.T.);
#6357 = VERTEX_POINT('',#6358);
#6358 = CARTESIAN_POINT('',(-165.521930009,-4.,-1.497918471983));
#6359 = LINE('',#6360,#6361);
#6360 = CARTESIAN_POINT('',(-165.521930009,-4.,-1.497918471983));
#6361 = VECTOR('',#6362,1.);
#6362 = DIRECTION('',(0.,1.,1.390002785238E-16));
#6363 = ORIENTED_EDGE('',*,*,#6364,.F.);
#6364 = EDGE_CURVE('',#6365,#6357,#6367,.T.);
#6365 = VERTEX_POINT('',#6366);
#6366 = CARTESIAN_POINT('',(-165.521930009,-4.,-1.397918471983));
#6367 = LINE('',#6368,#6369);
#6368 = CARTESIAN_POINT('',(-165.521930009,-4.,-1.397918471983));
#6369 = VECTOR('',#6370,1.);
#6370 = DIRECTION('',(0.,0.,-1.));
#6371 = ORIENTED_EDGE('',*,*,#6372,.T.);
#6372 = EDGE_CURVE('',#6365,#6373,#6375,.T.);
#6373 = VERTEX_POINT('',#6374);
#6374 = CARTESIAN_POINT('',(-165.521930009,-2.5,-1.397918471983));
#6375 = LINE('',#6376,#6377);
#6376 = CARTESIAN_POINT('',(-165.521930009,-4.,-1.397918471983));
#6377 = VECTOR('',#6378,1.);
#6378 = DIRECTION('',(0.,1.,-0.));
#6379 = ORIENTED_EDGE('',*,*,#6380,.T.);
#6380 = EDGE_CURVE('',#6373,#6381,#6383,.T.);
#6381 = VERTEX_POINT('',#6382);
#6382 = CARTESIAN_POINT('',(-165.521930009,-2.5,-2.997918471983));
#6383 = LINE('',#6384,#6385);
#6384 = CARTESIAN_POINT('',(-165.521930009,-2.5,-1.397918471983));
#6385 = VECTOR('',#6386,1.);
#6386 = DIRECTION('',(-0.,-0.,-1.));
#6387 = ORIENTED_EDGE('',*,*,#6388,.F.);
#6388 = EDGE_CURVE('',#6334,#6381,#6389,.T.);
#6389 = LINE('',#6390,#6391);
#6390 = CARTESIAN_POINT('',(-165.521930009,-4.1,-2.997918471983));
#6391 = VECTOR('',#6392,1.);
#6392 = DIRECTION('',(0.,1.,1.390002785238E-16));
#6393 = PLANE('',#6394);
#6394 = AXIS2_PLACEMENT_3D('',#6395,#6396,#6397);
#6395 = CARTESIAN_POINT('',(-165.521930009,-4.1,-1.397918471983));
#6396 = DIRECTION('',(1.,0.,-0.));
#6397 = DIRECTION('',(-0.,0.,-1.));
#6398 = ADVANCED_FACE('',(#6399),#6424,.T.);
#6399 = FACE_BOUND('',#6400,.T.);
#6400 = EDGE_LOOP('',(#6401,#6402,#6410,#6418));
#6401 = ORIENTED_EDGE('',*,*,#6372,.F.);
#6402 = ORIENTED_EDGE('',*,*,#6403,.F.);
#6403 = EDGE_CURVE('',#6404,#6365,#6406,.T.);
#6404 = VERTEX_POINT('',#6405);
#6405 = CARTESIAN_POINT('',(-165.521930009,-4.,0.202081528017));
#6406 = LINE('',#6407,#6408);
#6407 = CARTESIAN_POINT('',(-165.521930009,-4.,-1.397918471983));
#6408 = VECTOR('',#6409,1.);
#6409 = DIRECTION('',(0.,0.,-1.));
#6410 = ORIENTED_EDGE('',*,*,#6411,.T.);
#6411 = EDGE_CURVE('',#6404,#6412,#6414,.T.);
#6412 = VERTEX_POINT('',#6413);
#6413 = CARTESIAN_POINT('',(-165.521930009,-2.5,0.202081528017));
#6414 = LINE('',#6415,#6416);
#6415 = CARTESIAN_POINT('',(-165.521930009,-4.,0.202081528017));
#6416 = VECTOR('',#6417,1.);
#6417 = DIRECTION('',(0.,1.,-0.));
#6418 = ORIENTED_EDGE('',*,*,#6419,.T.);
#6419 = EDGE_CURVE('',#6412,#6373,#6420,.T.);
#6420 = LINE('',#6421,#6422);
#6421 = CARTESIAN_POINT('',(-165.521930009,-2.5,-1.397918471983));
#6422 = VECTOR('',#6423,1.);
#6423 = DIRECTION('',(0.,-0.,-1.));
#6424 = PLANE('',#6425);
#6425 = AXIS2_PLACEMENT_3D('',#6426,#6427,#6428);
#6426 = CARTESIAN_POINT('',(-165.521930009,-4.,-1.397918471983));
#6427 = DIRECTION('',(-1.,0.,0.));
#6428 = DIRECTION('',(0.,0.,-1.));
#6429 = ADVANCED_FACE('',(#6430),#6448,.F.);
#6430 = FACE_BOUND('',#6431,.T.);
#6431 = EDGE_LOOP('',(#6432,#6433,#6439,#6440,#6441,#6447));
#6432 = ORIENTED_EDGE('',*,*,#6419,.F.);
#6433 = ORIENTED_EDGE('',*,*,#6434,.F.);
#6434 = EDGE_CURVE('',#6152,#6412,#6435,.T.);
#6435 = LINE('',#6436,#6437);
#6436 = CARTESIAN_POINT('',(-159.521930009,-2.5,0.202081528017));
#6437 = VECTOR('',#6438,1.);
#6438 = DIRECTION('',(-1.,-0.,-0.));
#6439 = ORIENTED_EDGE('',*,*,#6175,.F.);
#6440 = ORIENTED_EDGE('',*,*,#6222,.T.);
#6441 = ORIENTED_EDGE('',*,*,#6442,.T.);
#6442 = EDGE_CURVE('',#6215,#6381,#6443,.T.);
#6443 = LINE('',#6444,#6445);
#6444 = CARTESIAN_POINT('',(-159.521930009,-2.5,-2.997918471983));
#6445 = VECTOR('',#6446,1.);
#6446 = DIRECTION('',(-1.,0.,-1.192622389734E-14));
#6447 = ORIENTED_EDGE('',*,*,#6380,.F.);
#6448 = PLANE('',#6449);
#6449 = AXIS2_PLACEMENT_3D('',#6450,#6451,#6452);
#6450 = CARTESIAN_POINT('',(-159.521930009,-2.5,-1.397918471983));
#6451 = DIRECTION('',(0.,-1.,0.));
#6452 = DIRECTION('',(0.,-0.,-1.));
#6453 = ADVANCED_FACE('',(#6454),#6464,.T.);
#6454 = FACE_BOUND('',#6455,.T.);
#6455 = EDGE_LOOP('',(#6456,#6457,#6458,#6459,#6460,#6461,#6462,#6463));
#6456 = ORIENTED_EDGE('',*,*,#6253,.T.);
#6457 = ORIENTED_EDGE('',*,*,#6277,.T.);
#6458 = ORIENTED_EDGE('',*,*,#4009,.F.);
#6459 = ORIENTED_EDGE('',*,*,#6309,.F.);
#6460 = ORIENTED_EDGE('',*,*,#6341,.T.);
#6461 = ORIENTED_EDGE('',*,*,#6388,.T.);
#6462 = ORIENTED_EDGE('',*,*,#6442,.F.);
#6463 = ORIENTED_EDGE('',*,*,#6214,.F.);
#6464 = PLANE('',#6465);
#6465 = AXIS2_PLACEMENT_3D('',#6466,#6467,#6468);
#6466 = CARTESIAN_POINT('',(-159.521930009,-4.,-2.997918471983));
#6467 = DIRECTION('',(1.192622389734E-14,1.390002785238E-16,-1.));
#6468 = DIRECTION('',(-1.,0.,-1.192622389734E-14));
#6469 = ADVANCED_FACE('',(#6470),#6488,.T.);
#6470 = FACE_BOUND('',#6471,.T.);
#6471 = EDGE_LOOP('',(#6472,#6473,#6474,#6480,#6481,#6482));
#6472 = ORIENTED_EDGE('',*,*,#6403,.T.);
#6473 = ORIENTED_EDGE('',*,*,#6364,.T.);
#6474 = ORIENTED_EDGE('',*,*,#6475,.F.);
#6475 = EDGE_CURVE('',#6191,#6357,#6476,.T.);
#6476 = LINE('',#6477,#6478);
#6477 = CARTESIAN_POINT('',(-159.521930009,-4.,-1.497918471983));
#6478 = VECTOR('',#6479,1.);
#6479 = DIRECTION('',(-1.,-0.,-1.192622389734E-14));
#6480 = ORIENTED_EDGE('',*,*,#6190,.F.);
#6481 = ORIENTED_EDGE('',*,*,#6159,.T.);
#6482 = ORIENTED_EDGE('',*,*,#6483,.T.);
#6483 = EDGE_CURVE('',#6150,#6404,#6484,.T.);
#6484 = LINE('',#6485,#6486);
#6485 = CARTESIAN_POINT('',(-159.521930009,-4.,0.202081528017));
#6486 = VECTOR('',#6487,1.);
#6487 = DIRECTION('',(-1.,0.,-1.192622389734E-14));
#6488 = PLANE('',#6489);
#6489 = AXIS2_PLACEMENT_3D('',#6490,#6491,#6492);
#6490 = CARTESIAN_POINT('',(-159.521930009,-4.,-1.397918471983));
#6491 = DIRECTION('',(0.,-1.,0.));
#6492 = DIRECTION('',(0.,-0.,-1.));
#6493 = ADVANCED_FACE('',(#6494),#6504,.F.);
#6494 = FACE_BOUND('',#6495,.T.);
#6495 = EDGE_LOOP('',(#6496,#6497,#6498,#6499,#6500,#6501,#6502,#6503));
#6496 = ORIENTED_EDGE('',*,*,#6325,.F.);
#6497 = ORIENTED_EDGE('',*,*,#6293,.T.);
#6498 = ORIENTED_EDGE('',*,*,#4060,.T.);
#6499 = ORIENTED_EDGE('',*,*,#6268,.F.);
#6500 = ORIENTED_EDGE('',*,*,#6237,.F.);
#6501 = ORIENTED_EDGE('',*,*,#6198,.T.);
#6502 = ORIENTED_EDGE('',*,*,#6475,.T.);
#6503 = ORIENTED_EDGE('',*,*,#6356,.F.);
#6504 = PLANE('',#6505);
#6505 = AXIS2_PLACEMENT_3D('',#6506,#6507,#6508);
#6506 = CARTESIAN_POINT('',(-159.521930009,-4.,-1.497918471983));
#6507 = DIRECTION('',(1.192622389734E-14,1.390002785238E-16,-1.));
#6508 = DIRECTION('',(-1.,0.,-1.192622389734E-14));
#6509 = ADVANCED_FACE('',(#6510),#6528,.F.);
#6510 = FACE_BOUND('',#6511,.T.);
#6511 = EDGE_LOOP('',(#6512,#6519,#6520,#6527));
#6512 = ORIENTED_EDGE('',*,*,#6513,.T.);
#6513 = EDGE_CURVE('',#6152,#4348,#6514,.T.);
#6514 = CIRCLE('',#6515,0.1);
#6515 = AXIS2_PLACEMENT_3D('',#6516,#6517,#6518);
#6516 = CARTESIAN_POINT('',(-159.521930009,-2.4,0.202081528017));
#6517 = DIRECTION('',(-1.,0.,-1.192622389734E-14));
#6518 = DIRECTION('',(-1.192622389734E-14,0.,1.));
#6519 = ORIENTED_EDGE('',*,*,#4347,.T.);
#6520 = ORIENTED_EDGE('',*,*,#6521,.F.);
#6521 = EDGE_CURVE('',#6150,#4350,#6522,.T.);
#6522 = CIRCLE('',#6523,1.6);
#6523 = AXIS2_PLACEMENT_3D('',#6524,#6525,#6526);
#6524 = CARTESIAN_POINT('',(-159.521930009,-2.4,0.202081528017));
#6525 = DIRECTION('',(-1.,0.,-0.));
#6526 = DIRECTION('',(0.,0.,-1.));
#6527 = ORIENTED_EDGE('',*,*,#6149,.T.);
#6528 = PLANE('',#6529);
#6529 = AXIS2_PLACEMENT_3D('',#6530,#6531,#6532);
#6530 = CARTESIAN_POINT('',(-159.521930009,-2.4,0.202081528017));
#6531 = DIRECTION('',(-1.,0.,-0.));
#6532 = DIRECTION('',(0.,0.,1.));
#6533 = ADVANCED_FACE('',(#6534),#6552,.F.);
#6534 = FACE_BOUND('',#6535,.T.);
#6535 = EDGE_LOOP('',(#6536,#6543,#6544,#6551));
#6536 = ORIENTED_EDGE('',*,*,#6537,.F.);
#6537 = EDGE_CURVE('',#4366,#6404,#6538,.T.);
#6538 = CIRCLE('',#6539,1.6);
#6539 = AXIS2_PLACEMENT_3D('',#6540,#6541,#6542);
#6540 = CARTESIAN_POINT('',(-165.521930009,-2.4,0.202081528017));
#6541 = DIRECTION('',(1.,0.,-0.));
#6542 = DIRECTION('',(0.,0.,1.));
#6543 = ORIENTED_EDGE('',*,*,#4365,.T.);
#6544 = ORIENTED_EDGE('',*,*,#6545,.T.);
#6545 = EDGE_CURVE('',#4358,#6412,#6546,.T.);
#6546 = CIRCLE('',#6547,0.1);
#6547 = AXIS2_PLACEMENT_3D('',#6548,#6549,#6550);
#6548 = CARTESIAN_POINT('',(-165.521930009,-2.4,0.202081528017));
#6549 = DIRECTION('',(1.,0.,1.192622389734E-14));
#6550 = DIRECTION('',(-1.192622389734E-14,0.,1.));
#6551 = ORIENTED_EDGE('',*,*,#6411,.F.);
#6552 = PLANE('',#6553);
#6553 = AXIS2_PLACEMENT_3D('',#6554,#6555,#6556);
#6554 = CARTESIAN_POINT('',(-165.521930009,-2.4,0.202081528017));
#6555 = DIRECTION('',(1.,0.,-0.));
#6556 = DIRECTION('',(-0.,0.,-1.));
#6557 = ADVANCED_FACE('',(#6558),#6564,.F.);
#6558 = FACE_BOUND('',#6559,.F.);
#6559 = EDGE_LOOP('',(#6560,#6561,#6562,#6563));
#6560 = ORIENTED_EDGE('',*,*,#6434,.F.);
#6561 = ORIENTED_EDGE('',*,*,#6513,.T.);
#6562 = ORIENTED_EDGE('',*,*,#4357,.T.);
#6563 = ORIENTED_EDGE('',*,*,#6545,.T.);
#6564 = CYLINDRICAL_SURFACE('',#6565,0.1);
#6565 = AXIS2_PLACEMENT_3D('',#6566,#6567,#6568);
#6566 = CARTESIAN_POINT('',(-129.521930009,-2.4,0.202081528017));
#6567 = DIRECTION('',(-1.,0.,-1.192622389734E-14));
#6568 = DIRECTION('',(-1.192622389734E-14,0.,1.));
#6569 = ADVANCED_FACE('',(#6570),#6578,.T.);
#6570 = FACE_BOUND('',#6571,.T.);
#6571 = EDGE_LOOP('',(#6572,#6573,#6574,#6575,#6576,#6577));
#6572 = ORIENTED_EDGE('',*,*,#6131,.T.);
#6573 = ORIENTED_EDGE('',*,*,#6537,.T.);
#6574 = ORIENTED_EDGE('',*,*,#6483,.F.);
#6575 = ORIENTED_EDGE('',*,*,#6521,.T.);
#6576 = ORIENTED_EDGE('',*,*,#6057,.T.);
#6577 = ORIENTED_EDGE('',*,*,#4187,.T.);
#6578 = CYLINDRICAL_SURFACE('',#6579,1.6);
#6579 = AXIS2_PLACEMENT_3D('',#6580,#6581,#6582);
#6580 = CARTESIAN_POINT('',(-129.521930009,-2.4,0.202081528017));
#6581 = DIRECTION('',(-1.,0.,-1.192622389734E-14));
#6582 = DIRECTION('',(-1.192622389734E-14,0.,1.));
#6583 = ADVANCED_FACE('',(#6584),#6590,.F.);
#6584 = FACE_BOUND('',#6585,.T.);
#6585 = EDGE_LOOP('',(#6586,#6587,#6588,#6589));
#6586 = ORIENTED_EDGE('',*,*,#4024,.T.);
#6587 = ORIENTED_EDGE('',*,*,#3883,.T.);
#6588 = ORIENTED_EDGE('',*,*,#4045,.F.);
#6589 = ORIENTED_EDGE('',*,*,#3939,.F.);
#6590 = PLANE('',#6591);
#6591 = AXIS2_PLACEMENT_3D('',#6592,#6593,#6594);
#6592 = CARTESIAN_POINT('',(-161.121930009,-8.93933982822,
    -5.438578643763));
#6593 = DIRECTION('',(-0.832050294338,0.392232270276,0.392232270276));
#6594 = DIRECTION('',(0.554700196225,0.588348405415,0.588348405415));
#6595 = ADVANCED_FACE('',(#6596),#6602,.F.);
#6596 = FACE_BOUND('',#6597,.T.);
#6597 = EDGE_LOOP('',(#6598,#6599,#6600,#6601));
#6598 = ORIENTED_EDGE('',*,*,#3994,.T.);
#6599 = ORIENTED_EDGE('',*,*,#3923,.T.);
#6600 = ORIENTED_EDGE('',*,*,#4038,.F.);
#6601 = ORIENTED_EDGE('',*,*,#3963,.F.);
#6602 = PLANE('',#6603);
#6603 = AXIS2_PLACEMENT_3D('',#6604,#6605,#6606);
#6604 = CARTESIAN_POINT('',(-163.921930009,-8.93933982822,
    -5.438578643763));
#6605 = DIRECTION('',(0.832050294338,0.392232270276,0.392232270276));
#6606 = DIRECTION('',(0.554700196225,-0.588348405415,-0.588348405415));
#6607 = ADVANCED_FACE('',(#6608),#6614,.T.);
#6608 = FACE_BOUND('',#6609,.T.);
#6609 = EDGE_LOOP('',(#6610,#6611,#6612,#6613));
#6610 = ORIENTED_EDGE('',*,*,#3663,.F.);
#6611 = ORIENTED_EDGE('',*,*,#3790,.T.);
#6612 = ORIENTED_EDGE('',*,*,#3721,.T.);
#6613 = ORIENTED_EDGE('',*,*,#3859,.F.);
#6614 = PLANE('',#6615);
#6615 = AXIS2_PLACEMENT_3D('',#6616,#6617,#6618);
#6616 = CARTESIAN_POINT('',(161.121930009,-8.93933982822,-5.438578643763
    ));
#6617 = DIRECTION('',(-0.832050294338,-0.392232270276,-0.392232270276));
#6618 = DIRECTION('',(0.554700196225,-0.588348405415,-0.588348405415));
#6619 = ADVANCED_FACE('',(#6620),#6626,.T.);
#6620 = FACE_BOUND('',#6621,.T.);
#6621 = EDGE_LOOP('',(#6622,#6623,#6624,#6625));
#6622 = ORIENTED_EDGE('',*,*,#3703,.F.);
#6623 = ORIENTED_EDGE('',*,*,#3783,.T.);
#6624 = ORIENTED_EDGE('',*,*,#3743,.T.);
#6625 = ORIENTED_EDGE('',*,*,#3829,.F.);
#6626 = PLANE('',#6627);
#6627 = AXIS2_PLACEMENT_3D('',#6628,#6629,#6630);
#6628 = CARTESIAN_POINT('',(163.921930009,-8.93933982822,-5.438578643763
    ));
#6629 = DIRECTION('',(0.832050294338,-0.392232270276,-0.392232270276));
#6630 = DIRECTION('',(0.554700196225,0.588348405415,0.588348405415));
#6631 = ADVANCED_FACE('',(#6632),#6659,.T.);
#6632 = FACE_BOUND('',#6633,.T.);
#6633 = EDGE_LOOP('',(#6634,#6644,#6650,#6651,#6652,#6653));
#6634 = ORIENTED_EDGE('',*,*,#6635,.F.);
#6635 = EDGE_CURVE('',#6636,#6638,#6640,.T.);
#6636 = VERTEX_POINT('',#6637);
#6637 = CARTESIAN_POINT('',(141.,-15.5,-2.1));
#6638 = VERTEX_POINT('',#6639);
#6639 = CARTESIAN_POINT('',(141.,-17.,-2.1));
#6640 = LINE('',#6641,#6642);
#6641 = CARTESIAN_POINT('',(141.,-17.,-2.1));
#6642 = VECTOR('',#6643,1.);
#6643 = DIRECTION('',(0.,-1.,3.613946018758E-15));
#6644 = ORIENTED_EDGE('',*,*,#6645,.T.);
#6645 = EDGE_CURVE('',#6636,#1772,#6646,.T.);
#6646 = LINE('',#6647,#6648);
#6647 = CARTESIAN_POINT('',(141.,-15.5,6.116506478259E-14));
#6648 = VECTOR('',#6649,1.);
#6649 = DIRECTION('',(0.,3.597944987211E-15,1.));
#6650 = ORIENTED_EDGE('',*,*,#1771,.F.);
#6651 = ORIENTED_EDGE('',*,*,#4799,.T.);
#6652 = ORIENTED_EDGE('',*,*,#3573,.T.);
#6653 = ORIENTED_EDGE('',*,*,#6654,.F.);
#6654 = EDGE_CURVE('',#6638,#3566,#6655,.T.);
#6655 = LINE('',#6656,#6657);
#6656 = CARTESIAN_POINT('',(141.,-17.,-2.1));
#6657 = VECTOR('',#6658,1.);
#6658 = DIRECTION('',(0.,3.597944987211E-15,1.));
#6659 = PLANE('',#6660);
#6660 = AXIS2_PLACEMENT_3D('',#6661,#6662,#6663);
#6661 = CARTESIAN_POINT('',(141.,-14.9,-2.1));
#6662 = DIRECTION('',(1.,0.,-0.));
#6663 = DIRECTION('',(-0.,0.,-1.));
#6664 = ADVANCED_FACE('',(#6665),#6692,.F.);
#6665 = FACE_BOUND('',#6666,.T.);
#6666 = EDGE_LOOP('',(#6667,#6668,#6676,#6684,#6690,#6691));
#6667 = ORIENTED_EDGE('',*,*,#1787,.T.);
#6668 = ORIENTED_EDGE('',*,*,#6669,.F.);
#6669 = EDGE_CURVE('',#6670,#1780,#6672,.T.);
#6670 = VERTEX_POINT('',#6671);
#6671 = CARTESIAN_POINT('',(-141.,-15.5,-2.1));
#6672 = LINE('',#6673,#6674);
#6673 = CARTESIAN_POINT('',(-141.,-15.5,-2.1));
#6674 = VECTOR('',#6675,1.);
#6675 = DIRECTION('',(0.,3.597944987211E-15,1.));
#6676 = ORIENTED_EDGE('',*,*,#6677,.T.);
#6677 = EDGE_CURVE('',#6670,#6678,#6680,.T.);
#6678 = VERTEX_POINT('',#6679);
#6679 = CARTESIAN_POINT('',(-141.,-17.,-2.1));
#6680 = LINE('',#6681,#6682);
#6681 = CARTESIAN_POINT('',(-141.,-15.5,-2.1));
#6682 = VECTOR('',#6683,1.);
#6683 = DIRECTION('',(0.,-1.,3.613946018758E-15));
#6684 = ORIENTED_EDGE('',*,*,#6685,.T.);
#6685 = EDGE_CURVE('',#6678,#3558,#6686,.T.);
#6686 = LINE('',#6687,#6688);
#6687 = CARTESIAN_POINT('',(-141.,-17.,6.640228679085E-14));
#6688 = VECTOR('',#6689,1.);
#6689 = DIRECTION('',(0.,3.597944987211E-15,1.));
#6690 = ORIENTED_EDGE('',*,*,#3557,.F.);
#6691 = ORIENTED_EDGE('',*,*,#3642,.F.);
#6692 = PLANE('',#6693);
#6693 = AXIS2_PLACEMENT_3D('',#6694,#6695,#6696);
#6694 = CARTESIAN_POINT('',(-141.,-14.9,-2.1));
#6695 = DIRECTION('',(1.,0.,-0.));
#6696 = DIRECTION('',(-0.,0.,-1.));
#6697 = ADVANCED_FACE('',(#6698),#6723,.T.);
#6698 = FACE_BOUND('',#6699,.T.);
#6699 = EDGE_LOOP('',(#6700,#6708,#6709,#6717));
#6700 = ORIENTED_EDGE('',*,*,#6701,.T.);
#6701 = EDGE_CURVE('',#6702,#6678,#6704,.T.);
#6702 = VERTEX_POINT('',#6703);
#6703 = CARTESIAN_POINT('',(-141.,-17.,-15.));
#6704 = LINE('',#6705,#6706);
#6705 = CARTESIAN_POINT('',(-141.,-17.,-1.5));
#6706 = VECTOR('',#6707,1.);
#6707 = DIRECTION('',(0.,3.597944987211E-15,1.));
#6708 = ORIENTED_EDGE('',*,*,#6677,.F.);
#6709 = ORIENTED_EDGE('',*,*,#6710,.F.);
#6710 = EDGE_CURVE('',#6711,#6670,#6713,.T.);
#6711 = VERTEX_POINT('',#6712);
#6712 = CARTESIAN_POINT('',(-141.,-15.5,-15.));
#6713 = LINE('',#6714,#6715);
#6714 = CARTESIAN_POINT('',(-141.,-15.5,6.116506478259E-14));
#6715 = VECTOR('',#6716,1.);
#6716 = DIRECTION('',(-0.,3.597944987211E-15,1.));
#6717 = ORIENTED_EDGE('',*,*,#6718,.F.);
#6718 = EDGE_CURVE('',#6702,#6711,#6719,.T.);
#6719 = LINE('',#6720,#6721);
#6720 = CARTESIAN_POINT('',(-141.,-17.,-15.));
#6721 = VECTOR('',#6722,1.);
#6722 = DIRECTION('',(0.,1.,-3.491481338843E-15));
#6723 = PLANE('',#6724);
#6724 = AXIS2_PLACEMENT_3D('',#6725,#6726,#6727);
#6725 = CARTESIAN_POINT('',(-141.,-17.,-1.5));
#6726 = DIRECTION('',(-1.,0.,-0.));
#6727 = DIRECTION('',(0.,0.,1.));
#6728 = ADVANCED_FACE('',(#6729),#6754,.T.);
#6729 = FACE_BOUND('',#6730,.T.);
#6730 = EDGE_LOOP('',(#6731,#6739,#6740,#6748));
#6731 = ORIENTED_EDGE('',*,*,#6732,.F.);
#6732 = EDGE_CURVE('',#6636,#6733,#6735,.T.);
#6733 = VERTEX_POINT('',#6734);
#6734 = CARTESIAN_POINT('',(141.,-15.5,-15.));
#6735 = LINE('',#6736,#6737);
#6736 = CARTESIAN_POINT('',(141.,-15.5,6.116506478259E-14));
#6737 = VECTOR('',#6738,1.);
#6738 = DIRECTION('',(-0.,-3.597944987211E-15,-1.));
#6739 = ORIENTED_EDGE('',*,*,#6635,.T.);
#6740 = ORIENTED_EDGE('',*,*,#6741,.T.);
#6741 = EDGE_CURVE('',#6638,#6742,#6744,.T.);
#6742 = VERTEX_POINT('',#6743);
#6743 = CARTESIAN_POINT('',(141.,-17.,-15.));
#6744 = LINE('',#6745,#6746);
#6745 = CARTESIAN_POINT('',(141.,-17.,-15.));
#6746 = VECTOR('',#6747,1.);
#6747 = DIRECTION('',(0.,-3.597944987211E-15,-1.));
#6748 = ORIENTED_EDGE('',*,*,#6749,.T.);
#6749 = EDGE_CURVE('',#6742,#6733,#6750,.T.);
#6750 = LINE('',#6751,#6752);
#6751 = CARTESIAN_POINT('',(141.,-17.,-15.));
#6752 = VECTOR('',#6753,1.);
#6753 = DIRECTION('',(0.,1.,-3.491481338843E-15));
#6754 = PLANE('',#6755);
#6755 = AXIS2_PLACEMENT_3D('',#6756,#6757,#6758);
#6756 = CARTESIAN_POINT('',(141.,-17.,-15.));
#6757 = DIRECTION('',(1.,-0.,0.));
#6758 = DIRECTION('',(0.,0.,-1.));
#6759 = ADVANCED_FACE('',(#6760,#6771,#6782,#6793,#6804,#6815,#6826,
    #6837,#6848,#6859,#6870,#6904,#6938,#6972,#7006,#7040,#7074,#7108,
    #7142,#7176,#7210,#7244),#7257,.T.);
#6760 = FACE_BOUND('',#6761,.T.);
#6761 = EDGE_LOOP('',(#6762));
#6762 = ORIENTED_EDGE('',*,*,#6763,.F.);
#6763 = EDGE_CURVE('',#6764,#6764,#6766,.T.);
#6764 = VERTEX_POINT('',#6765);
#6765 = CARTESIAN_POINT('',(-62.5,-17.,-12.1));
#6766 = CIRCLE('',#6767,2.1);
#6767 = AXIS2_PLACEMENT_3D('',#6768,#6769,#6770);
#6768 = CARTESIAN_POINT('',(-62.5,-17.,-10.));
#6769 = DIRECTION('',(0.,-1.,3.597944987211E-15));
#6770 = DIRECTION('',(0.,-3.597944987211E-15,-1.));
#6771 = FACE_BOUND('',#6772,.T.);
#6772 = EDGE_LOOP('',(#6773));
#6773 = ORIENTED_EDGE('',*,*,#6774,.F.);
#6774 = EDGE_CURVE('',#6775,#6775,#6777,.T.);
#6775 = VERTEX_POINT('',#6776);
#6776 = CARTESIAN_POINT('',(-37.5,-17.,-12.1));
#6777 = CIRCLE('',#6778,2.1);
#6778 = AXIS2_PLACEMENT_3D('',#6779,#6780,#6781);
#6779 = CARTESIAN_POINT('',(-37.5,-17.,-10.));
#6780 = DIRECTION('',(0.,-1.,3.597944987211E-15));
#6781 = DIRECTION('',(0.,-3.597944987211E-15,-1.));
#6782 = FACE_BOUND('',#6783,.T.);
#6783 = EDGE_LOOP('',(#6784));
#6784 = ORIENTED_EDGE('',*,*,#6785,.F.);
#6785 = EDGE_CURVE('',#6786,#6786,#6788,.T.);
#6786 = VERTEX_POINT('',#6787);
#6787 = CARTESIAN_POINT('',(-12.5,-17.,-12.1));
#6788 = CIRCLE('',#6789,2.1);
#6789 = AXIS2_PLACEMENT_3D('',#6790,#6791,#6792);
#6790 = CARTESIAN_POINT('',(-12.5,-17.,-10.));
#6791 = DIRECTION('',(0.,-1.,3.597944987211E-15));
#6792 = DIRECTION('',(0.,-3.597944987211E-15,-1.));
#6793 = FACE_BOUND('',#6794,.T.);
#6794 = EDGE_LOOP('',(#6795));
#6795 = ORIENTED_EDGE('',*,*,#6796,.F.);
#6796 = EDGE_CURVE('',#6797,#6797,#6799,.T.);
#6797 = VERTEX_POINT('',#6798);
#6798 = CARTESIAN_POINT('',(12.5,-17.,-12.1));
#6799 = CIRCLE('',#6800,2.1);
#6800 = AXIS2_PLACEMENT_3D('',#6801,#6802,#6803);
#6801 = CARTESIAN_POINT('',(12.5,-17.,-10.));
#6802 = DIRECTION('',(0.,-1.,3.597944987211E-15));
#6803 = DIRECTION('',(0.,-3.597944987211E-15,-1.));
#6804 = FACE_BOUND('',#6805,.T.);
#6805 = EDGE_LOOP('',(#6806));
#6806 = ORIENTED_EDGE('',*,*,#6807,.F.);
#6807 = EDGE_CURVE('',#6808,#6808,#6810,.T.);
#6808 = VERTEX_POINT('',#6809);
#6809 = CARTESIAN_POINT('',(37.5,-17.,-12.1));
#6810 = CIRCLE('',#6811,2.1);
#6811 = AXIS2_PLACEMENT_3D('',#6812,#6813,#6814);
#6812 = CARTESIAN_POINT('',(37.5,-17.,-10.));
#6813 = DIRECTION('',(0.,-1.,3.597944987211E-15));
#6814 = DIRECTION('',(0.,-3.597944987211E-15,-1.));
#6815 = FACE_BOUND('',#6816,.T.);
#6816 = EDGE_LOOP('',(#6817));
#6817 = ORIENTED_EDGE('',*,*,#6818,.F.);
#6818 = EDGE_CURVE('',#6819,#6819,#6821,.T.);
#6819 = VERTEX_POINT('',#6820);
#6820 = CARTESIAN_POINT('',(62.5,-17.,-12.1));
#6821 = CIRCLE('',#6822,2.1);
#6822 = AXIS2_PLACEMENT_3D('',#6823,#6824,#6825);
#6823 = CARTESIAN_POINT('',(62.5,-17.,-10.));
#6824 = DIRECTION('',(0.,-1.,3.597944987211E-15));
#6825 = DIRECTION('',(0.,-3.597944987211E-15,-1.));
#6826 = FACE_BOUND('',#6827,.T.);
#6827 = EDGE_LOOP('',(#6828));
#6828 = ORIENTED_EDGE('',*,*,#6829,.F.);
#6829 = EDGE_CURVE('',#6830,#6830,#6832,.T.);
#6830 = VERTEX_POINT('',#6831);
#6831 = CARTESIAN_POINT('',(87.5,-17.,-12.1));
#6832 = CIRCLE('',#6833,2.1);
#6833 = AXIS2_PLACEMENT_3D('',#6834,#6835,#6836);
#6834 = CARTESIAN_POINT('',(87.5,-17.,-10.));
#6835 = DIRECTION('',(0.,-1.,3.597944987211E-15));
#6836 = DIRECTION('',(0.,-3.597944987211E-15,-1.));
#6837 = FACE_BOUND('',#6838,.T.);
#6838 = EDGE_LOOP('',(#6839));
#6839 = ORIENTED_EDGE('',*,*,#6840,.F.);
#6840 = EDGE_CURVE('',#6841,#6841,#6843,.T.);
#6841 = VERTEX_POINT('',#6842);
#6842 = CARTESIAN_POINT('',(112.5,-17.,-12.1));
#6843 = CIRCLE('',#6844,2.1);
#6844 = AXIS2_PLACEMENT_3D('',#6845,#6846,#6847);
#6845 = CARTESIAN_POINT('',(112.5,-17.,-10.));
#6846 = DIRECTION('',(0.,-1.,3.597944987211E-15));
#6847 = DIRECTION('',(0.,-3.597944987211E-15,-1.));
#6848 = FACE_BOUND('',#6849,.T.);
#6849 = EDGE_LOOP('',(#6850));
#6850 = ORIENTED_EDGE('',*,*,#6851,.F.);
#6851 = EDGE_CURVE('',#6852,#6852,#6854,.T.);
#6852 = VERTEX_POINT('',#6853);
#6853 = CARTESIAN_POINT('',(-87.5,-17.,-12.1));
#6854 = CIRCLE('',#6855,2.1);
#6855 = AXIS2_PLACEMENT_3D('',#6856,#6857,#6858);
#6856 = CARTESIAN_POINT('',(-87.5,-17.,-10.));
#6857 = DIRECTION('',(0.,-1.,3.597944987211E-15));
#6858 = DIRECTION('',(0.,-3.597944987211E-15,-1.));
#6859 = FACE_BOUND('',#6860,.T.);
#6860 = EDGE_LOOP('',(#6861));
#6861 = ORIENTED_EDGE('',*,*,#6862,.F.);
#6862 = EDGE_CURVE('',#6863,#6863,#6865,.T.);
#6863 = VERTEX_POINT('',#6864);
#6864 = CARTESIAN_POINT('',(-112.5,-17.,-12.1));
#6865 = CIRCLE('',#6866,2.1);
#6866 = AXIS2_PLACEMENT_3D('',#6867,#6868,#6869);
#6867 = CARTESIAN_POINT('',(-112.5,-17.,-10.));
#6868 = DIRECTION('',(0.,-1.,3.597944987211E-15));
#6869 = DIRECTION('',(0.,-3.597944987211E-15,-1.));
#6870 = FACE_BOUND('',#6871,.T.);
#6871 = EDGE_LOOP('',(#6872,#6882,#6890,#6898));
#6872 = ORIENTED_EDGE('',*,*,#6873,.F.);
#6873 = EDGE_CURVE('',#6874,#6876,#6878,.T.);
#6874 = VERTEX_POINT('',#6875);
#6875 = CARTESIAN_POINT('',(-82.4,-17.,-12.3));
#6876 = VERTEX_POINT('',#6877);
#6877 = CARTESIAN_POINT('',(-67.6,-17.,-12.3));
#6878 = LINE('',#6879,#6880);
#6879 = CARTESIAN_POINT('',(-1.546166576414E-15,-17.,-12.3));
#6880 = VECTOR('',#6881,1.);
#6881 = DIRECTION('',(1.,-4.522782343905E-31,-1.257045997085E-16));
#6882 = ORIENTED_EDGE('',*,*,#6883,.F.);
#6883 = EDGE_CURVE('',#6884,#6874,#6886,.T.);
#6884 = VERTEX_POINT('',#6885);
#6885 = CARTESIAN_POINT('',(-82.4,-17.,-7.7));
#6886 = LINE('',#6887,#6888);
#6887 = CARTESIAN_POINT('',(-82.4,-17.,6.640228679085E-14));
#6888 = VECTOR('',#6889,1.);
#6889 = DIRECTION('',(0.,-3.597944987211E-15,-1.));
#6890 = ORIENTED_EDGE('',*,*,#6891,.F.);
#6891 = EDGE_CURVE('',#6892,#6884,#6894,.T.);
#6892 = VERTEX_POINT('',#6893);
#6893 = CARTESIAN_POINT('',(-67.6,-17.,-7.7));
#6894 = LINE('',#6895,#6896);
#6895 = CARTESIAN_POINT('',(0.,-17.,-7.7));
#6896 = VECTOR('',#6897,1.);
#6897 = DIRECTION('',(-1.,0.,0.));
#6898 = ORIENTED_EDGE('',*,*,#6899,.F.);
#6899 = EDGE_CURVE('',#6876,#6892,#6900,.T.);
#6900 = LINE('',#6901,#6902);
#6901 = CARTESIAN_POINT('',(-67.6,-17.,6.640228679085E-14));
#6902 = VECTOR('',#6903,1.);
#6903 = DIRECTION('',(-0.,3.597944987211E-15,1.));
#6904 = FACE_BOUND('',#6905,.T.);
#6905 = EDGE_LOOP('',(#6906,#6916,#6924,#6932));
#6906 = ORIENTED_EDGE('',*,*,#6907,.F.);
#6907 = EDGE_CURVE('',#6908,#6910,#6912,.T.);
#6908 = VERTEX_POINT('',#6909);
#6909 = CARTESIAN_POINT('',(-57.4,-17.,-12.3));
#6910 = VERTEX_POINT('',#6911);
#6911 = CARTESIAN_POINT('',(-42.6,-17.,-12.3));
#6912 = LINE('',#6913,#6914);
#6913 = CARTESIAN_POINT('',(-1.546166576414E-15,-17.,-12.3));
#6914 = VECTOR('',#6915,1.);
#6915 = DIRECTION('',(1.,-4.522782343905E-31,-1.257045997085E-16));
#6916 = ORIENTED_EDGE('',*,*,#6917,.F.);
#6917 = EDGE_CURVE('',#6918,#6908,#6920,.T.);
#6918 = VERTEX_POINT('',#6919);
#6919 = CARTESIAN_POINT('',(-57.4,-17.,-7.7));
#6920 = LINE('',#6921,#6922);
#6921 = CARTESIAN_POINT('',(-57.4,-17.,6.640228679085E-14));
#6922 = VECTOR('',#6923,1.);
#6923 = DIRECTION('',(0.,-3.597944987211E-15,-1.));
#6924 = ORIENTED_EDGE('',*,*,#6925,.F.);
#6925 = EDGE_CURVE('',#6926,#6918,#6928,.T.);
#6926 = VERTEX_POINT('',#6927);
#6927 = CARTESIAN_POINT('',(-42.6,-17.,-7.7));
#6928 = LINE('',#6929,#6930);
#6929 = CARTESIAN_POINT('',(0.,-17.,-7.7));
#6930 = VECTOR('',#6931,1.);
#6931 = DIRECTION('',(-1.,0.,0.));
#6932 = ORIENTED_EDGE('',*,*,#6933,.F.);
#6933 = EDGE_CURVE('',#6910,#6926,#6934,.T.);
#6934 = LINE('',#6935,#6936);
#6935 = CARTESIAN_POINT('',(-42.6,-17.,6.640228679085E-14));
#6936 = VECTOR('',#6937,1.);
#6937 = DIRECTION('',(-0.,3.597944987211E-15,1.));
#6938 = FACE_BOUND('',#6939,.T.);
#6939 = EDGE_LOOP('',(#6940,#6950,#6958,#6966));
#6940 = ORIENTED_EDGE('',*,*,#6941,.F.);
#6941 = EDGE_CURVE('',#6942,#6944,#6946,.T.);
#6942 = VERTEX_POINT('',#6943);
#6943 = CARTESIAN_POINT('',(-32.4,-17.,-12.3));
#6944 = VERTEX_POINT('',#6945);
#6945 = CARTESIAN_POINT('',(-17.6,-17.,-12.3));
#6946 = LINE('',#6947,#6948);
#6947 = CARTESIAN_POINT('',(-1.546166576414E-15,-17.,-12.3));
#6948 = VECTOR('',#6949,1.);
#6949 = DIRECTION('',(1.,-4.522782343905E-31,-1.257045997085E-16));
#6950 = ORIENTED_EDGE('',*,*,#6951,.F.);
#6951 = EDGE_CURVE('',#6952,#6942,#6954,.T.);
#6952 = VERTEX_POINT('',#6953);
#6953 = CARTESIAN_POINT('',(-32.4,-17.,-7.7));
#6954 = LINE('',#6955,#6956);
#6955 = CARTESIAN_POINT('',(-32.4,-17.,6.640228679085E-14));
#6956 = VECTOR('',#6957,1.);
#6957 = DIRECTION('',(0.,-3.597944987211E-15,-1.));
#6958 = ORIENTED_EDGE('',*,*,#6959,.F.);
#6959 = EDGE_CURVE('',#6960,#6952,#6962,.T.);
#6960 = VERTEX_POINT('',#6961);
#6961 = CARTESIAN_POINT('',(-17.6,-17.,-7.7));
#6962 = LINE('',#6963,#6964);
#6963 = CARTESIAN_POINT('',(0.,-17.,-7.7));
#6964 = VECTOR('',#6965,1.);
#6965 = DIRECTION('',(-1.,0.,0.));
#6966 = ORIENTED_EDGE('',*,*,#6967,.F.);
#6967 = EDGE_CURVE('',#6944,#6960,#6968,.T.);
#6968 = LINE('',#6969,#6970);
#6969 = CARTESIAN_POINT('',(-17.6,-17.,6.640228679085E-14));
#6970 = VECTOR('',#6971,1.);
#6971 = DIRECTION('',(-0.,3.597944987211E-15,1.));
#6972 = FACE_BOUND('',#6973,.T.);
#6973 = EDGE_LOOP('',(#6974,#6984,#6992,#7000));
#6974 = ORIENTED_EDGE('',*,*,#6975,.F.);
#6975 = EDGE_CURVE('',#6976,#6978,#6980,.T.);
#6976 = VERTEX_POINT('',#6977);
#6977 = CARTESIAN_POINT('',(-7.4,-17.,-12.3));
#6978 = VERTEX_POINT('',#6979);
#6979 = CARTESIAN_POINT('',(7.4,-17.,-12.3));
#6980 = LINE('',#6981,#6982);
#6981 = CARTESIAN_POINT('',(-1.546166576414E-15,-17.,-12.3));
#6982 = VECTOR('',#6983,1.);
#6983 = DIRECTION('',(1.,-4.522782343905E-31,-1.257045997085E-16));
#6984 = ORIENTED_EDGE('',*,*,#6985,.F.);
#6985 = EDGE_CURVE('',#6986,#6976,#6988,.T.);
#6986 = VERTEX_POINT('',#6987);
#6987 = CARTESIAN_POINT('',(-7.4,-17.,-7.7));
#6988 = LINE('',#6989,#6990);
#6989 = CARTESIAN_POINT('',(-7.4,-17.,6.640228679085E-14));
#6990 = VECTOR('',#6991,1.);
#6991 = DIRECTION('',(0.,-3.597944987211E-15,-1.));
#6992 = ORIENTED_EDGE('',*,*,#6993,.F.);
#6993 = EDGE_CURVE('',#6994,#6986,#6996,.T.);
#6994 = VERTEX_POINT('',#6995);
#6995 = CARTESIAN_POINT('',(7.4,-17.,-7.7));
#6996 = LINE('',#6997,#6998);
#6997 = CARTESIAN_POINT('',(0.,-17.,-7.7));
#6998 = VECTOR('',#6999,1.);
#6999 = DIRECTION('',(-1.,0.,0.));
#7000 = ORIENTED_EDGE('',*,*,#7001,.F.);
#7001 = EDGE_CURVE('',#6978,#6994,#7002,.T.);
#7002 = LINE('',#7003,#7004);
#7003 = CARTESIAN_POINT('',(7.4,-17.,6.640228679085E-14));
#7004 = VECTOR('',#7005,1.);
#7005 = DIRECTION('',(-0.,3.597944987211E-15,1.));
#7006 = FACE_BOUND('',#7007,.T.);
#7007 = EDGE_LOOP('',(#7008,#7018,#7026,#7034));
#7008 = ORIENTED_EDGE('',*,*,#7009,.F.);
#7009 = EDGE_CURVE('',#7010,#7012,#7014,.T.);
#7010 = VERTEX_POINT('',#7011);
#7011 = CARTESIAN_POINT('',(17.6,-17.,-12.3));
#7012 = VERTEX_POINT('',#7013);
#7013 = CARTESIAN_POINT('',(32.4,-17.,-12.3));
#7014 = LINE('',#7015,#7016);
#7015 = CARTESIAN_POINT('',(-1.546166576414E-15,-17.,-12.3));
#7016 = VECTOR('',#7017,1.);
#7017 = DIRECTION('',(1.,-4.522782343905E-31,-1.257045997085E-16));
#7018 = ORIENTED_EDGE('',*,*,#7019,.F.);
#7019 = EDGE_CURVE('',#7020,#7010,#7022,.T.);
#7020 = VERTEX_POINT('',#7021);
#7021 = CARTESIAN_POINT('',(17.6,-17.,-7.7));
#7022 = LINE('',#7023,#7024);
#7023 = CARTESIAN_POINT('',(17.6,-17.,6.640228679085E-14));
#7024 = VECTOR('',#7025,1.);
#7025 = DIRECTION('',(0.,-3.597944987211E-15,-1.));
#7026 = ORIENTED_EDGE('',*,*,#7027,.F.);
#7027 = EDGE_CURVE('',#7028,#7020,#7030,.T.);
#7028 = VERTEX_POINT('',#7029);
#7029 = CARTESIAN_POINT('',(32.4,-17.,-7.7));
#7030 = LINE('',#7031,#7032);
#7031 = CARTESIAN_POINT('',(0.,-17.,-7.7));
#7032 = VECTOR('',#7033,1.);
#7033 = DIRECTION('',(-1.,0.,0.));
#7034 = ORIENTED_EDGE('',*,*,#7035,.F.);
#7035 = EDGE_CURVE('',#7012,#7028,#7036,.T.);
#7036 = LINE('',#7037,#7038);
#7037 = CARTESIAN_POINT('',(32.4,-17.,6.640228679085E-14));
#7038 = VECTOR('',#7039,1.);
#7039 = DIRECTION('',(-0.,3.597944987211E-15,1.));
#7040 = FACE_BOUND('',#7041,.T.);
#7041 = EDGE_LOOP('',(#7042,#7052,#7060,#7068));
#7042 = ORIENTED_EDGE('',*,*,#7043,.F.);
#7043 = EDGE_CURVE('',#7044,#7046,#7048,.T.);
#7044 = VERTEX_POINT('',#7045);
#7045 = CARTESIAN_POINT('',(42.6,-17.,-12.3));
#7046 = VERTEX_POINT('',#7047);
#7047 = CARTESIAN_POINT('',(57.4,-17.,-12.3));
#7048 = LINE('',#7049,#7050);
#7049 = CARTESIAN_POINT('',(-1.546166576414E-15,-17.,-12.3));
#7050 = VECTOR('',#7051,1.);
#7051 = DIRECTION('',(1.,-4.522782343905E-31,-1.257045997085E-16));
#7052 = ORIENTED_EDGE('',*,*,#7053,.F.);
#7053 = EDGE_CURVE('',#7054,#7044,#7056,.T.);
#7054 = VERTEX_POINT('',#7055);
#7055 = CARTESIAN_POINT('',(42.6,-17.,-7.7));
#7056 = LINE('',#7057,#7058);
#7057 = CARTESIAN_POINT('',(42.6,-17.,6.640228679085E-14));
#7058 = VECTOR('',#7059,1.);
#7059 = DIRECTION('',(0.,-3.597944987211E-15,-1.));
#7060 = ORIENTED_EDGE('',*,*,#7061,.F.);
#7061 = EDGE_CURVE('',#7062,#7054,#7064,.T.);
#7062 = VERTEX_POINT('',#7063);
#7063 = CARTESIAN_POINT('',(57.4,-17.,-7.7));
#7064 = LINE('',#7065,#7066);
#7065 = CARTESIAN_POINT('',(0.,-17.,-7.7));
#7066 = VECTOR('',#7067,1.);
#7067 = DIRECTION('',(-1.,0.,0.));
#7068 = ORIENTED_EDGE('',*,*,#7069,.F.);
#7069 = EDGE_CURVE('',#7046,#7062,#7070,.T.);
#7070 = LINE('',#7071,#7072);
#7071 = CARTESIAN_POINT('',(57.4,-17.,6.640228679085E-14));
#7072 = VECTOR('',#7073,1.);
#7073 = DIRECTION('',(-0.,3.597944987211E-15,1.));
#7074 = FACE_BOUND('',#7075,.T.);
#7075 = EDGE_LOOP('',(#7076,#7086,#7094,#7102));
#7076 = ORIENTED_EDGE('',*,*,#7077,.F.);
#7077 = EDGE_CURVE('',#7078,#7080,#7082,.T.);
#7078 = VERTEX_POINT('',#7079);
#7079 = CARTESIAN_POINT('',(67.6,-17.,-12.3));
#7080 = VERTEX_POINT('',#7081);
#7081 = CARTESIAN_POINT('',(82.4,-17.,-12.3));
#7082 = LINE('',#7083,#7084);
#7083 = CARTESIAN_POINT('',(-1.546166576414E-15,-17.,-12.3));
#7084 = VECTOR('',#7085,1.);
#7085 = DIRECTION('',(1.,-4.522782343905E-31,-1.257045997085E-16));
#7086 = ORIENTED_EDGE('',*,*,#7087,.F.);
#7087 = EDGE_CURVE('',#7088,#7078,#7090,.T.);
#7088 = VERTEX_POINT('',#7089);
#7089 = CARTESIAN_POINT('',(67.6,-17.,-7.7));
#7090 = LINE('',#7091,#7092);
#7091 = CARTESIAN_POINT('',(67.6,-17.,6.640228679085E-14));
#7092 = VECTOR('',#7093,1.);
#7093 = DIRECTION('',(0.,-3.597944987211E-15,-1.));
#7094 = ORIENTED_EDGE('',*,*,#7095,.F.);
#7095 = EDGE_CURVE('',#7096,#7088,#7098,.T.);
#7096 = VERTEX_POINT('',#7097);
#7097 = CARTESIAN_POINT('',(82.4,-17.,-7.7));
#7098 = LINE('',#7099,#7100);
#7099 = CARTESIAN_POINT('',(0.,-17.,-7.7));
#7100 = VECTOR('',#7101,1.);
#7101 = DIRECTION('',(-1.,0.,0.));
#7102 = ORIENTED_EDGE('',*,*,#7103,.F.);
#7103 = EDGE_CURVE('',#7080,#7096,#7104,.T.);
#7104 = LINE('',#7105,#7106);
#7105 = CARTESIAN_POINT('',(82.4,-17.,6.640228679085E-14));
#7106 = VECTOR('',#7107,1.);
#7107 = DIRECTION('',(-0.,3.597944987211E-15,1.));
#7108 = FACE_BOUND('',#7109,.T.);
#7109 = EDGE_LOOP('',(#7110,#7120,#7128,#7136));
#7110 = ORIENTED_EDGE('',*,*,#7111,.F.);
#7111 = EDGE_CURVE('',#7112,#7114,#7116,.T.);
#7112 = VERTEX_POINT('',#7113);
#7113 = CARTESIAN_POINT('',(92.6,-17.,-12.3));
#7114 = VERTEX_POINT('',#7115);
#7115 = CARTESIAN_POINT('',(107.4,-17.,-12.3));
#7116 = LINE('',#7117,#7118);
#7117 = CARTESIAN_POINT('',(-1.546166576414E-15,-17.,-12.3));
#7118 = VECTOR('',#7119,1.);
#7119 = DIRECTION('',(1.,-4.522782343905E-31,-1.257045997085E-16));
#7120 = ORIENTED_EDGE('',*,*,#7121,.F.);
#7121 = EDGE_CURVE('',#7122,#7112,#7124,.T.);
#7122 = VERTEX_POINT('',#7123);
#7123 = CARTESIAN_POINT('',(92.6,-17.,-7.7));
#7124 = LINE('',#7125,#7126);
#7125 = CARTESIAN_POINT('',(92.6,-17.,6.640228679085E-14));
#7126 = VECTOR('',#7127,1.);
#7127 = DIRECTION('',(0.,-3.597944987211E-15,-1.));
#7128 = ORIENTED_EDGE('',*,*,#7129,.F.);
#7129 = EDGE_CURVE('',#7130,#7122,#7132,.T.);
#7130 = VERTEX_POINT('',#7131);
#7131 = CARTESIAN_POINT('',(107.4,-17.,-7.7));
#7132 = LINE('',#7133,#7134);
#7133 = CARTESIAN_POINT('',(0.,-17.,-7.7));
#7134 = VECTOR('',#7135,1.);
#7135 = DIRECTION('',(-1.,0.,0.));
#7136 = ORIENTED_EDGE('',*,*,#7137,.F.);
#7137 = EDGE_CURVE('',#7114,#7130,#7138,.T.);
#7138 = LINE('',#7139,#7140);
#7139 = CARTESIAN_POINT('',(107.4,-17.,6.640228679085E-14));
#7140 = VECTOR('',#7141,1.);
#7141 = DIRECTION('',(-0.,3.597944987211E-15,1.));
#7142 = FACE_BOUND('',#7143,.T.);
#7143 = EDGE_LOOP('',(#7144,#7154,#7162,#7170));
#7144 = ORIENTED_EDGE('',*,*,#7145,.F.);
#7145 = EDGE_CURVE('',#7146,#7148,#7150,.T.);
#7146 = VERTEX_POINT('',#7147);
#7147 = CARTESIAN_POINT('',(117.6,-17.,-12.3));
#7148 = VERTEX_POINT('',#7149);
#7149 = CARTESIAN_POINT('',(132.4,-17.,-12.3));
#7150 = LINE('',#7151,#7152);
#7151 = CARTESIAN_POINT('',(-1.546166576414E-15,-17.,-12.3));
#7152 = VECTOR('',#7153,1.);
#7153 = DIRECTION('',(1.,-4.522782343905E-31,-1.257045997085E-16));
#7154 = ORIENTED_EDGE('',*,*,#7155,.F.);
#7155 = EDGE_CURVE('',#7156,#7146,#7158,.T.);
#7156 = VERTEX_POINT('',#7157);
#7157 = CARTESIAN_POINT('',(117.6,-17.,-7.7));
#7158 = LINE('',#7159,#7160);
#7159 = CARTESIAN_POINT('',(117.6,-17.,6.640228679085E-14));
#7160 = VECTOR('',#7161,1.);
#7161 = DIRECTION('',(0.,-3.597944987211E-15,-1.));
#7162 = ORIENTED_EDGE('',*,*,#7163,.F.);
#7163 = EDGE_CURVE('',#7164,#7156,#7166,.T.);
#7164 = VERTEX_POINT('',#7165);
#7165 = CARTESIAN_POINT('',(132.4,-17.,-7.7));
#7166 = LINE('',#7167,#7168);
#7167 = CARTESIAN_POINT('',(0.,-17.,-7.7));
#7168 = VECTOR('',#7169,1.);
#7169 = DIRECTION('',(-1.,0.,0.));
#7170 = ORIENTED_EDGE('',*,*,#7171,.F.);
#7171 = EDGE_CURVE('',#7148,#7164,#7172,.T.);
#7172 = LINE('',#7173,#7174);
#7173 = CARTESIAN_POINT('',(132.4,-17.,6.640228679085E-14));
#7174 = VECTOR('',#7175,1.);
#7175 = DIRECTION('',(-0.,3.597944987211E-15,1.));
#7176 = FACE_BOUND('',#7177,.T.);
#7177 = EDGE_LOOP('',(#7178,#7188,#7196,#7204));
#7178 = ORIENTED_EDGE('',*,*,#7179,.F.);
#7179 = EDGE_CURVE('',#7180,#7182,#7184,.T.);
#7180 = VERTEX_POINT('',#7181);
#7181 = CARTESIAN_POINT('',(-107.4,-17.,-12.3));
#7182 = VERTEX_POINT('',#7183);
#7183 = CARTESIAN_POINT('',(-92.6,-17.,-12.3));
#7184 = LINE('',#7185,#7186);
#7185 = CARTESIAN_POINT('',(-1.546166576414E-15,-17.,-12.3));
#7186 = VECTOR('',#7187,1.);
#7187 = DIRECTION('',(1.,-4.522782343905E-31,-1.257045997085E-16));
#7188 = ORIENTED_EDGE('',*,*,#7189,.F.);
#7189 = EDGE_CURVE('',#7190,#7180,#7192,.T.);
#7190 = VERTEX_POINT('',#7191);
#7191 = CARTESIAN_POINT('',(-107.4,-17.,-7.7));
#7192 = LINE('',#7193,#7194);
#7193 = CARTESIAN_POINT('',(-107.4,-17.,6.640228679085E-14));
#7194 = VECTOR('',#7195,1.);
#7195 = DIRECTION('',(0.,-3.597944987211E-15,-1.));
#7196 = ORIENTED_EDGE('',*,*,#7197,.F.);
#7197 = EDGE_CURVE('',#7198,#7190,#7200,.T.);
#7198 = VERTEX_POINT('',#7199);
#7199 = CARTESIAN_POINT('',(-92.6,-17.,-7.7));
#7200 = LINE('',#7201,#7202);
#7201 = CARTESIAN_POINT('',(0.,-17.,-7.7));
#7202 = VECTOR('',#7203,1.);
#7203 = DIRECTION('',(-1.,0.,0.));
#7204 = ORIENTED_EDGE('',*,*,#7205,.F.);
#7205 = EDGE_CURVE('',#7182,#7198,#7206,.T.);
#7206 = LINE('',#7207,#7208);
#7207 = CARTESIAN_POINT('',(-92.6,-17.,6.640228679085E-14));
#7208 = VECTOR('',#7209,1.);
#7209 = DIRECTION('',(-0.,3.597944987211E-15,1.));
#7210 = FACE_BOUND('',#7211,.T.);
#7211 = EDGE_LOOP('',(#7212,#7222,#7230,#7238));
#7212 = ORIENTED_EDGE('',*,*,#7213,.F.);
#7213 = EDGE_CURVE('',#7214,#7216,#7218,.T.);
#7214 = VERTEX_POINT('',#7215);
#7215 = CARTESIAN_POINT('',(-132.4,-17.,-12.3));
#7216 = VERTEX_POINT('',#7217);
#7217 = CARTESIAN_POINT('',(-117.6,-17.,-12.3));
#7218 = LINE('',#7219,#7220);
#7219 = CARTESIAN_POINT('',(-1.546166576414E-15,-17.,-12.3));
#7220 = VECTOR('',#7221,1.);
#7221 = DIRECTION('',(1.,-4.522782343905E-31,-1.257045997085E-16));
#7222 = ORIENTED_EDGE('',*,*,#7223,.F.);
#7223 = EDGE_CURVE('',#7224,#7214,#7226,.T.);
#7224 = VERTEX_POINT('',#7225);
#7225 = CARTESIAN_POINT('',(-132.4,-17.,-7.7));
#7226 = LINE('',#7227,#7228);
#7227 = CARTESIAN_POINT('',(-132.4,-17.,6.640228679085E-14));
#7228 = VECTOR('',#7229,1.);
#7229 = DIRECTION('',(0.,-3.597944987211E-15,-1.));
#7230 = ORIENTED_EDGE('',*,*,#7231,.F.);
#7231 = EDGE_CURVE('',#7232,#7224,#7234,.T.);
#7232 = VERTEX_POINT('',#7233);
#7233 = CARTESIAN_POINT('',(-117.6,-17.,-7.7));
#7234 = LINE('',#7235,#7236);
#7235 = CARTESIAN_POINT('',(0.,-17.,-7.7));
#7236 = VECTOR('',#7237,1.);
#7237 = DIRECTION('',(-1.,0.,0.));
#7238 = ORIENTED_EDGE('',*,*,#7239,.F.);
#7239 = EDGE_CURVE('',#7216,#7232,#7240,.T.);
#7240 = LINE('',#7241,#7242);
#7241 = CARTESIAN_POINT('',(-117.6,-17.,6.640228679085E-14));
#7242 = VECTOR('',#7243,1.);
#7243 = DIRECTION('',(-0.,3.597944987211E-15,1.));
#7244 = FACE_BOUND('',#7245,.T.);
#7245 = EDGE_LOOP('',(#7246,#7247,#7248,#7249,#7250,#7251));
#7246 = ORIENTED_EDGE('',*,*,#6741,.F.);
#7247 = ORIENTED_EDGE('',*,*,#6654,.T.);
#7248 = ORIENTED_EDGE('',*,*,#3565,.T.);
#7249 = ORIENTED_EDGE('',*,*,#6685,.F.);
#7250 = ORIENTED_EDGE('',*,*,#6701,.F.);
#7251 = ORIENTED_EDGE('',*,*,#7252,.F.);
#7252 = EDGE_CURVE('',#6742,#6702,#7253,.T.);
#7253 = LINE('',#7254,#7255);
#7254 = CARTESIAN_POINT('',(-141.,-17.,-15.));
#7255 = VECTOR('',#7256,1.);
#7256 = DIRECTION('',(-1.,0.,0.));
#7257 = PLANE('',#7258);
#7258 = AXIS2_PLACEMENT_3D('',#7259,#7260,#7261);
#7259 = CARTESIAN_POINT('',(0.,-17.,6.640228679085E-14));
#7260 = DIRECTION('',(0.,-1.,3.597944987211E-15));
#7261 = DIRECTION('',(0.,-3.597944987211E-15,-1.));
#7262 = ADVANCED_FACE('',(#7263,#7274,#7285,#7296,#7307,#7318,#7329,
    #7340,#7351,#7362,#7373,#7407,#7441,#7475,#7509,#7543,#7577,#7611,
    #7645,#7679,#7713,#7747),#7760,.F.);
#7263 = FACE_BOUND('',#7264,.T.);
#7264 = EDGE_LOOP('',(#7265));
#7265 = ORIENTED_EDGE('',*,*,#7266,.T.);
#7266 = EDGE_CURVE('',#7267,#7267,#7269,.T.);
#7267 = VERTEX_POINT('',#7268);
#7268 = CARTESIAN_POINT('',(-62.5,-15.5,-12.1));
#7269 = CIRCLE('',#7270,2.1);
#7270 = AXIS2_PLACEMENT_3D('',#7271,#7272,#7273);
#7271 = CARTESIAN_POINT('',(-62.5,-15.5,-10.));
#7272 = DIRECTION('',(0.,-1.,3.597944987211E-15));
#7273 = DIRECTION('',(0.,-3.597944987211E-15,-1.));
#7274 = FACE_BOUND('',#7275,.T.);
#7275 = EDGE_LOOP('',(#7276));
#7276 = ORIENTED_EDGE('',*,*,#7277,.T.);
#7277 = EDGE_CURVE('',#7278,#7278,#7280,.T.);
#7278 = VERTEX_POINT('',#7279);
#7279 = CARTESIAN_POINT('',(-37.5,-15.5,-12.1));
#7280 = CIRCLE('',#7281,2.1);
#7281 = AXIS2_PLACEMENT_3D('',#7282,#7283,#7284);
#7282 = CARTESIAN_POINT('',(-37.5,-15.5,-10.));
#7283 = DIRECTION('',(0.,-1.,3.597944987211E-15));
#7284 = DIRECTION('',(0.,-3.597944987211E-15,-1.));
#7285 = FACE_BOUND('',#7286,.T.);
#7286 = EDGE_LOOP('',(#7287));
#7287 = ORIENTED_EDGE('',*,*,#7288,.T.);
#7288 = EDGE_CURVE('',#7289,#7289,#7291,.T.);
#7289 = VERTEX_POINT('',#7290);
#7290 = CARTESIAN_POINT('',(-12.5,-15.5,-12.1));
#7291 = CIRCLE('',#7292,2.1);
#7292 = AXIS2_PLACEMENT_3D('',#7293,#7294,#7295);
#7293 = CARTESIAN_POINT('',(-12.5,-15.5,-10.));
#7294 = DIRECTION('',(0.,-1.,3.597944987211E-15));
#7295 = DIRECTION('',(0.,-3.597944987211E-15,-1.));
#7296 = FACE_BOUND('',#7297,.T.);
#7297 = EDGE_LOOP('',(#7298));
#7298 = ORIENTED_EDGE('',*,*,#7299,.T.);
#7299 = EDGE_CURVE('',#7300,#7300,#7302,.T.);
#7300 = VERTEX_POINT('',#7301);
#7301 = CARTESIAN_POINT('',(12.5,-15.5,-12.1));
#7302 = CIRCLE('',#7303,2.1);
#7303 = AXIS2_PLACEMENT_3D('',#7304,#7305,#7306);
#7304 = CARTESIAN_POINT('',(12.5,-15.5,-10.));
#7305 = DIRECTION('',(0.,-1.,3.597944987211E-15));
#7306 = DIRECTION('',(0.,-3.597944987211E-15,-1.));
#7307 = FACE_BOUND('',#7308,.T.);
#7308 = EDGE_LOOP('',(#7309));
#7309 = ORIENTED_EDGE('',*,*,#7310,.T.);
#7310 = EDGE_CURVE('',#7311,#7311,#7313,.T.);
#7311 = VERTEX_POINT('',#7312);
#7312 = CARTESIAN_POINT('',(37.5,-15.5,-12.1));
#7313 = CIRCLE('',#7314,2.1);
#7314 = AXIS2_PLACEMENT_3D('',#7315,#7316,#7317);
#7315 = CARTESIAN_POINT('',(37.5,-15.5,-10.));
#7316 = DIRECTION('',(0.,-1.,3.597944987211E-15));
#7317 = DIRECTION('',(0.,-3.597944987211E-15,-1.));
#7318 = FACE_BOUND('',#7319,.T.);
#7319 = EDGE_LOOP('',(#7320));
#7320 = ORIENTED_EDGE('',*,*,#7321,.T.);
#7321 = EDGE_CURVE('',#7322,#7322,#7324,.T.);
#7322 = VERTEX_POINT('',#7323);
#7323 = CARTESIAN_POINT('',(62.5,-15.5,-12.1));
#7324 = CIRCLE('',#7325,2.1);
#7325 = AXIS2_PLACEMENT_3D('',#7326,#7327,#7328);
#7326 = CARTESIAN_POINT('',(62.5,-15.5,-10.));
#7327 = DIRECTION('',(0.,-1.,3.597944987211E-15));
#7328 = DIRECTION('',(0.,-3.597944987211E-15,-1.));
#7329 = FACE_BOUND('',#7330,.T.);
#7330 = EDGE_LOOP('',(#7331));
#7331 = ORIENTED_EDGE('',*,*,#7332,.T.);
#7332 = EDGE_CURVE('',#7333,#7333,#7335,.T.);
#7333 = VERTEX_POINT('',#7334);
#7334 = CARTESIAN_POINT('',(87.5,-15.5,-12.1));
#7335 = CIRCLE('',#7336,2.1);
#7336 = AXIS2_PLACEMENT_3D('',#7337,#7338,#7339);
#7337 = CARTESIAN_POINT('',(87.5,-15.5,-10.));
#7338 = DIRECTION('',(0.,-1.,3.597944987211E-15));
#7339 = DIRECTION('',(0.,-3.597944987211E-15,-1.));
#7340 = FACE_BOUND('',#7341,.T.);
#7341 = EDGE_LOOP('',(#7342));
#7342 = ORIENTED_EDGE('',*,*,#7343,.T.);
#7343 = EDGE_CURVE('',#7344,#7344,#7346,.T.);
#7344 = VERTEX_POINT('',#7345);
#7345 = CARTESIAN_POINT('',(112.5,-15.5,-12.1));
#7346 = CIRCLE('',#7347,2.1);
#7347 = AXIS2_PLACEMENT_3D('',#7348,#7349,#7350);
#7348 = CARTESIAN_POINT('',(112.5,-15.5,-10.));
#7349 = DIRECTION('',(0.,-1.,3.597944987211E-15));
#7350 = DIRECTION('',(0.,-3.597944987211E-15,-1.));
#7351 = FACE_BOUND('',#7352,.T.);
#7352 = EDGE_LOOP('',(#7353));
#7353 = ORIENTED_EDGE('',*,*,#7354,.T.);
#7354 = EDGE_CURVE('',#7355,#7355,#7357,.T.);
#7355 = VERTEX_POINT('',#7356);
#7356 = CARTESIAN_POINT('',(-87.5,-15.5,-12.1));
#7357 = CIRCLE('',#7358,2.1);
#7358 = AXIS2_PLACEMENT_3D('',#7359,#7360,#7361);
#7359 = CARTESIAN_POINT('',(-87.5,-15.5,-10.));
#7360 = DIRECTION('',(0.,-1.,3.597944987211E-15));
#7361 = DIRECTION('',(0.,-3.597944987211E-15,-1.));
#7362 = FACE_BOUND('',#7363,.T.);
#7363 = EDGE_LOOP('',(#7364));
#7364 = ORIENTED_EDGE('',*,*,#7365,.T.);
#7365 = EDGE_CURVE('',#7366,#7366,#7368,.T.);
#7366 = VERTEX_POINT('',#7367);
#7367 = CARTESIAN_POINT('',(-112.5,-15.5,-12.1));
#7368 = CIRCLE('',#7369,2.1);
#7369 = AXIS2_PLACEMENT_3D('',#7370,#7371,#7372);
#7370 = CARTESIAN_POINT('',(-112.5,-15.5,-10.));
#7371 = DIRECTION('',(0.,-1.,3.597944987211E-15));
#7372 = DIRECTION('',(0.,-3.597944987211E-15,-1.));
#7373 = FACE_BOUND('',#7374,.T.);
#7374 = EDGE_LOOP('',(#7375,#7385,#7393,#7401));
#7375 = ORIENTED_EDGE('',*,*,#7376,.T.);
#7376 = EDGE_CURVE('',#7377,#7379,#7381,.T.);
#7377 = VERTEX_POINT('',#7378);
#7378 = CARTESIAN_POINT('',(-82.4,-15.5,-7.7));
#7379 = VERTEX_POINT('',#7380);
#7380 = CARTESIAN_POINT('',(-82.4,-15.5,-12.3));
#7381 = LINE('',#7382,#7383);
#7382 = CARTESIAN_POINT('',(-82.4,-15.5,6.116506478259E-14));
#7383 = VECTOR('',#7384,1.);
#7384 = DIRECTION('',(0.,-3.597944987211E-15,-1.));
#7385 = ORIENTED_EDGE('',*,*,#7386,.T.);
#7386 = EDGE_CURVE('',#7379,#7387,#7389,.T.);
#7387 = VERTEX_POINT('',#7388);
#7388 = CARTESIAN_POINT('',(-67.6,-15.5,-12.3));
#7389 = LINE('',#7390,#7391);
#7390 = CARTESIAN_POINT('',(-1.546166576414E-15,-15.5,-12.3));
#7391 = VECTOR('',#7392,1.);
#7392 = DIRECTION('',(1.,-4.522782343905E-31,-1.257045997085E-16));
#7393 = ORIENTED_EDGE('',*,*,#7394,.T.);
#7394 = EDGE_CURVE('',#7387,#7395,#7397,.T.);
#7395 = VERTEX_POINT('',#7396);
#7396 = CARTESIAN_POINT('',(-67.6,-15.5,-7.7));
#7397 = LINE('',#7398,#7399);
#7398 = CARTESIAN_POINT('',(-67.6,-15.5,6.116506478259E-14));
#7399 = VECTOR('',#7400,1.);
#7400 = DIRECTION('',(-0.,3.597944987211E-15,1.));
#7401 = ORIENTED_EDGE('',*,*,#7402,.T.);
#7402 = EDGE_CURVE('',#7395,#7377,#7403,.T.);
#7403 = LINE('',#7404,#7405);
#7404 = CARTESIAN_POINT('',(0.,-15.5,-7.7));
#7405 = VECTOR('',#7406,1.);
#7406 = DIRECTION('',(-1.,0.,0.));
#7407 = FACE_BOUND('',#7408,.T.);
#7408 = EDGE_LOOP('',(#7409,#7419,#7427,#7435));
#7409 = ORIENTED_EDGE('',*,*,#7410,.T.);
#7410 = EDGE_CURVE('',#7411,#7413,#7415,.T.);
#7411 = VERTEX_POINT('',#7412);
#7412 = CARTESIAN_POINT('',(-57.4,-15.5,-7.7));
#7413 = VERTEX_POINT('',#7414);
#7414 = CARTESIAN_POINT('',(-57.4,-15.5,-12.3));
#7415 = LINE('',#7416,#7417);
#7416 = CARTESIAN_POINT('',(-57.4,-15.5,6.116506478259E-14));
#7417 = VECTOR('',#7418,1.);
#7418 = DIRECTION('',(0.,-3.597944987211E-15,-1.));
#7419 = ORIENTED_EDGE('',*,*,#7420,.T.);
#7420 = EDGE_CURVE('',#7413,#7421,#7423,.T.);
#7421 = VERTEX_POINT('',#7422);
#7422 = CARTESIAN_POINT('',(-42.6,-15.5,-12.3));
#7423 = LINE('',#7424,#7425);
#7424 = CARTESIAN_POINT('',(-1.546166576414E-15,-15.5,-12.3));
#7425 = VECTOR('',#7426,1.);
#7426 = DIRECTION('',(1.,-4.522782343905E-31,-1.257045997085E-16));
#7427 = ORIENTED_EDGE('',*,*,#7428,.T.);
#7428 = EDGE_CURVE('',#7421,#7429,#7431,.T.);
#7429 = VERTEX_POINT('',#7430);
#7430 = CARTESIAN_POINT('',(-42.6,-15.5,-7.7));
#7431 = LINE('',#7432,#7433);
#7432 = CARTESIAN_POINT('',(-42.6,-15.5,6.116506478259E-14));
#7433 = VECTOR('',#7434,1.);
#7434 = DIRECTION('',(-0.,3.597944987211E-15,1.));
#7435 = ORIENTED_EDGE('',*,*,#7436,.T.);
#7436 = EDGE_CURVE('',#7429,#7411,#7437,.T.);
#7437 = LINE('',#7438,#7439);
#7438 = CARTESIAN_POINT('',(0.,-15.5,-7.7));
#7439 = VECTOR('',#7440,1.);
#7440 = DIRECTION('',(-1.,0.,0.));
#7441 = FACE_BOUND('',#7442,.T.);
#7442 = EDGE_LOOP('',(#7443,#7453,#7461,#7469));
#7443 = ORIENTED_EDGE('',*,*,#7444,.T.);
#7444 = EDGE_CURVE('',#7445,#7447,#7449,.T.);
#7445 = VERTEX_POINT('',#7446);
#7446 = CARTESIAN_POINT('',(-32.4,-15.5,-7.7));
#7447 = VERTEX_POINT('',#7448);
#7448 = CARTESIAN_POINT('',(-32.4,-15.5,-12.3));
#7449 = LINE('',#7450,#7451);
#7450 = CARTESIAN_POINT('',(-32.4,-15.5,6.116506478259E-14));
#7451 = VECTOR('',#7452,1.);
#7452 = DIRECTION('',(0.,-3.597944987211E-15,-1.));
#7453 = ORIENTED_EDGE('',*,*,#7454,.T.);
#7454 = EDGE_CURVE('',#7447,#7455,#7457,.T.);
#7455 = VERTEX_POINT('',#7456);
#7456 = CARTESIAN_POINT('',(-17.6,-15.5,-12.3));
#7457 = LINE('',#7458,#7459);
#7458 = CARTESIAN_POINT('',(-1.546166576414E-15,-15.5,-12.3));
#7459 = VECTOR('',#7460,1.);
#7460 = DIRECTION('',(1.,-4.522782343905E-31,-1.257045997085E-16));
#7461 = ORIENTED_EDGE('',*,*,#7462,.T.);
#7462 = EDGE_CURVE('',#7455,#7463,#7465,.T.);
#7463 = VERTEX_POINT('',#7464);
#7464 = CARTESIAN_POINT('',(-17.6,-15.5,-7.7));
#7465 = LINE('',#7466,#7467);
#7466 = CARTESIAN_POINT('',(-17.6,-15.5,6.116506478259E-14));
#7467 = VECTOR('',#7468,1.);
#7468 = DIRECTION('',(-0.,3.597944987211E-15,1.));
#7469 = ORIENTED_EDGE('',*,*,#7470,.T.);
#7470 = EDGE_CURVE('',#7463,#7445,#7471,.T.);
#7471 = LINE('',#7472,#7473);
#7472 = CARTESIAN_POINT('',(0.,-15.5,-7.7));
#7473 = VECTOR('',#7474,1.);
#7474 = DIRECTION('',(-1.,0.,0.));
#7475 = FACE_BOUND('',#7476,.T.);
#7476 = EDGE_LOOP('',(#7477,#7487,#7495,#7503));
#7477 = ORIENTED_EDGE('',*,*,#7478,.T.);
#7478 = EDGE_CURVE('',#7479,#7481,#7483,.T.);
#7479 = VERTEX_POINT('',#7480);
#7480 = CARTESIAN_POINT('',(-7.4,-15.5,-7.7));
#7481 = VERTEX_POINT('',#7482);
#7482 = CARTESIAN_POINT('',(-7.4,-15.5,-12.3));
#7483 = LINE('',#7484,#7485);
#7484 = CARTESIAN_POINT('',(-7.4,-15.5,6.116506478259E-14));
#7485 = VECTOR('',#7486,1.);
#7486 = DIRECTION('',(0.,-3.597944987211E-15,-1.));
#7487 = ORIENTED_EDGE('',*,*,#7488,.T.);
#7488 = EDGE_CURVE('',#7481,#7489,#7491,.T.);
#7489 = VERTEX_POINT('',#7490);
#7490 = CARTESIAN_POINT('',(7.4,-15.5,-12.3));
#7491 = LINE('',#7492,#7493);
#7492 = CARTESIAN_POINT('',(-1.546166576414E-15,-15.5,-12.3));
#7493 = VECTOR('',#7494,1.);
#7494 = DIRECTION('',(1.,-4.522782343905E-31,-1.257045997085E-16));
#7495 = ORIENTED_EDGE('',*,*,#7496,.T.);
#7496 = EDGE_CURVE('',#7489,#7497,#7499,.T.);
#7497 = VERTEX_POINT('',#7498);
#7498 = CARTESIAN_POINT('',(7.4,-15.5,-7.7));
#7499 = LINE('',#7500,#7501);
#7500 = CARTESIAN_POINT('',(7.4,-15.5,6.116506478259E-14));
#7501 = VECTOR('',#7502,1.);
#7502 = DIRECTION('',(-0.,3.597944987211E-15,1.));
#7503 = ORIENTED_EDGE('',*,*,#7504,.T.);
#7504 = EDGE_CURVE('',#7497,#7479,#7505,.T.);
#7505 = LINE('',#7506,#7507);
#7506 = CARTESIAN_POINT('',(0.,-15.5,-7.7));
#7507 = VECTOR('',#7508,1.);
#7508 = DIRECTION('',(-1.,0.,0.));
#7509 = FACE_BOUND('',#7510,.T.);
#7510 = EDGE_LOOP('',(#7511,#7521,#7529,#7537));
#7511 = ORIENTED_EDGE('',*,*,#7512,.T.);
#7512 = EDGE_CURVE('',#7513,#7515,#7517,.T.);
#7513 = VERTEX_POINT('',#7514);
#7514 = CARTESIAN_POINT('',(17.6,-15.5,-7.7));
#7515 = VERTEX_POINT('',#7516);
#7516 = CARTESIAN_POINT('',(17.6,-15.5,-12.3));
#7517 = LINE('',#7518,#7519);
#7518 = CARTESIAN_POINT('',(17.6,-15.5,6.116506478259E-14));
#7519 = VECTOR('',#7520,1.);
#7520 = DIRECTION('',(0.,-3.597944987211E-15,-1.));
#7521 = ORIENTED_EDGE('',*,*,#7522,.T.);
#7522 = EDGE_CURVE('',#7515,#7523,#7525,.T.);
#7523 = VERTEX_POINT('',#7524);
#7524 = CARTESIAN_POINT('',(32.4,-15.5,-12.3));
#7525 = LINE('',#7526,#7527);
#7526 = CARTESIAN_POINT('',(-1.546166576414E-15,-15.5,-12.3));
#7527 = VECTOR('',#7528,1.);
#7528 = DIRECTION('',(1.,-4.522782343905E-31,-1.257045997085E-16));
#7529 = ORIENTED_EDGE('',*,*,#7530,.T.);
#7530 = EDGE_CURVE('',#7523,#7531,#7533,.T.);
#7531 = VERTEX_POINT('',#7532);
#7532 = CARTESIAN_POINT('',(32.4,-15.5,-7.7));
#7533 = LINE('',#7534,#7535);
#7534 = CARTESIAN_POINT('',(32.4,-15.5,6.116506478259E-14));
#7535 = VECTOR('',#7536,1.);
#7536 = DIRECTION('',(-0.,3.597944987211E-15,1.));
#7537 = ORIENTED_EDGE('',*,*,#7538,.T.);
#7538 = EDGE_CURVE('',#7531,#7513,#7539,.T.);
#7539 = LINE('',#7540,#7541);
#7540 = CARTESIAN_POINT('',(0.,-15.5,-7.7));
#7541 = VECTOR('',#7542,1.);
#7542 = DIRECTION('',(-1.,0.,0.));
#7543 = FACE_BOUND('',#7544,.T.);
#7544 = EDGE_LOOP('',(#7545,#7555,#7563,#7571));
#7545 = ORIENTED_EDGE('',*,*,#7546,.T.);
#7546 = EDGE_CURVE('',#7547,#7549,#7551,.T.);
#7547 = VERTEX_POINT('',#7548);
#7548 = CARTESIAN_POINT('',(42.6,-15.5,-7.7));
#7549 = VERTEX_POINT('',#7550);
#7550 = CARTESIAN_POINT('',(42.6,-15.5,-12.3));
#7551 = LINE('',#7552,#7553);
#7552 = CARTESIAN_POINT('',(42.6,-15.5,6.116506478259E-14));
#7553 = VECTOR('',#7554,1.);
#7554 = DIRECTION('',(0.,-3.597944987211E-15,-1.));
#7555 = ORIENTED_EDGE('',*,*,#7556,.T.);
#7556 = EDGE_CURVE('',#7549,#7557,#7559,.T.);
#7557 = VERTEX_POINT('',#7558);
#7558 = CARTESIAN_POINT('',(57.4,-15.5,-12.3));
#7559 = LINE('',#7560,#7561);
#7560 = CARTESIAN_POINT('',(-1.546166576414E-15,-15.5,-12.3));
#7561 = VECTOR('',#7562,1.);
#7562 = DIRECTION('',(1.,-4.522782343905E-31,-1.257045997085E-16));
#7563 = ORIENTED_EDGE('',*,*,#7564,.T.);
#7564 = EDGE_CURVE('',#7557,#7565,#7567,.T.);
#7565 = VERTEX_POINT('',#7566);
#7566 = CARTESIAN_POINT('',(57.4,-15.5,-7.7));
#7567 = LINE('',#7568,#7569);
#7568 = CARTESIAN_POINT('',(57.4,-15.5,6.116506478259E-14));
#7569 = VECTOR('',#7570,1.);
#7570 = DIRECTION('',(-0.,3.597944987211E-15,1.));
#7571 = ORIENTED_EDGE('',*,*,#7572,.T.);
#7572 = EDGE_CURVE('',#7565,#7547,#7573,.T.);
#7573 = LINE('',#7574,#7575);
#7574 = CARTESIAN_POINT('',(0.,-15.5,-7.7));
#7575 = VECTOR('',#7576,1.);
#7576 = DIRECTION('',(-1.,0.,0.));
#7577 = FACE_BOUND('',#7578,.T.);
#7578 = EDGE_LOOP('',(#7579,#7589,#7597,#7605));
#7579 = ORIENTED_EDGE('',*,*,#7580,.T.);
#7580 = EDGE_CURVE('',#7581,#7583,#7585,.T.);
#7581 = VERTEX_POINT('',#7582);
#7582 = CARTESIAN_POINT('',(67.6,-15.5,-7.7));
#7583 = VERTEX_POINT('',#7584);
#7584 = CARTESIAN_POINT('',(67.6,-15.5,-12.3));
#7585 = LINE('',#7586,#7587);
#7586 = CARTESIAN_POINT('',(67.6,-15.5,6.116506478259E-14));
#7587 = VECTOR('',#7588,1.);
#7588 = DIRECTION('',(0.,-3.597944987211E-15,-1.));
#7589 = ORIENTED_EDGE('',*,*,#7590,.T.);
#7590 = EDGE_CURVE('',#7583,#7591,#7593,.T.);
#7591 = VERTEX_POINT('',#7592);
#7592 = CARTESIAN_POINT('',(82.4,-15.5,-12.3));
#7593 = LINE('',#7594,#7595);
#7594 = CARTESIAN_POINT('',(-1.546166576414E-15,-15.5,-12.3));
#7595 = VECTOR('',#7596,1.);
#7596 = DIRECTION('',(1.,-4.522782343905E-31,-1.257045997085E-16));
#7597 = ORIENTED_EDGE('',*,*,#7598,.T.);
#7598 = EDGE_CURVE('',#7591,#7599,#7601,.T.);
#7599 = VERTEX_POINT('',#7600);
#7600 = CARTESIAN_POINT('',(82.4,-15.5,-7.7));
#7601 = LINE('',#7602,#7603);
#7602 = CARTESIAN_POINT('',(82.4,-15.5,6.116506478259E-14));
#7603 = VECTOR('',#7604,1.);
#7604 = DIRECTION('',(-0.,3.597944987211E-15,1.));
#7605 = ORIENTED_EDGE('',*,*,#7606,.T.);
#7606 = EDGE_CURVE('',#7599,#7581,#7607,.T.);
#7607 = LINE('',#7608,#7609);
#7608 = CARTESIAN_POINT('',(0.,-15.5,-7.7));
#7609 = VECTOR('',#7610,1.);
#7610 = DIRECTION('',(-1.,0.,0.));
#7611 = FACE_BOUND('',#7612,.T.);
#7612 = EDGE_LOOP('',(#7613,#7623,#7631,#7639));
#7613 = ORIENTED_EDGE('',*,*,#7614,.T.);
#7614 = EDGE_CURVE('',#7615,#7617,#7619,.T.);
#7615 = VERTEX_POINT('',#7616);
#7616 = CARTESIAN_POINT('',(92.6,-15.5,-7.7));
#7617 = VERTEX_POINT('',#7618);
#7618 = CARTESIAN_POINT('',(92.6,-15.5,-12.3));
#7619 = LINE('',#7620,#7621);
#7620 = CARTESIAN_POINT('',(92.6,-15.5,6.116506478259E-14));
#7621 = VECTOR('',#7622,1.);
#7622 = DIRECTION('',(0.,-3.597944987211E-15,-1.));
#7623 = ORIENTED_EDGE('',*,*,#7624,.T.);
#7624 = EDGE_CURVE('',#7617,#7625,#7627,.T.);
#7625 = VERTEX_POINT('',#7626);
#7626 = CARTESIAN_POINT('',(107.4,-15.5,-12.3));
#7627 = LINE('',#7628,#7629);
#7628 = CARTESIAN_POINT('',(-1.546166576414E-15,-15.5,-12.3));
#7629 = VECTOR('',#7630,1.);
#7630 = DIRECTION('',(1.,-4.522782343905E-31,-1.257045997085E-16));
#7631 = ORIENTED_EDGE('',*,*,#7632,.T.);
#7632 = EDGE_CURVE('',#7625,#7633,#7635,.T.);
#7633 = VERTEX_POINT('',#7634);
#7634 = CARTESIAN_POINT('',(107.4,-15.5,-7.7));
#7635 = LINE('',#7636,#7637);
#7636 = CARTESIAN_POINT('',(107.4,-15.5,6.116506478259E-14));
#7637 = VECTOR('',#7638,1.);
#7638 = DIRECTION('',(-0.,3.597944987211E-15,1.));
#7639 = ORIENTED_EDGE('',*,*,#7640,.T.);
#7640 = EDGE_CURVE('',#7633,#7615,#7641,.T.);
#7641 = LINE('',#7642,#7643);
#7642 = CARTESIAN_POINT('',(0.,-15.5,-7.7));
#7643 = VECTOR('',#7644,1.);
#7644 = DIRECTION('',(-1.,0.,0.));
#7645 = FACE_BOUND('',#7646,.T.);
#7646 = EDGE_LOOP('',(#7647,#7657,#7665,#7673));
#7647 = ORIENTED_EDGE('',*,*,#7648,.T.);
#7648 = EDGE_CURVE('',#7649,#7651,#7653,.T.);
#7649 = VERTEX_POINT('',#7650);
#7650 = CARTESIAN_POINT('',(117.6,-15.5,-7.7));
#7651 = VERTEX_POINT('',#7652);
#7652 = CARTESIAN_POINT('',(117.6,-15.5,-12.3));
#7653 = LINE('',#7654,#7655);
#7654 = CARTESIAN_POINT('',(117.6,-15.5,6.116506478259E-14));
#7655 = VECTOR('',#7656,1.);
#7656 = DIRECTION('',(0.,-3.597944987211E-15,-1.));
#7657 = ORIENTED_EDGE('',*,*,#7658,.T.);
#7658 = EDGE_CURVE('',#7651,#7659,#7661,.T.);
#7659 = VERTEX_POINT('',#7660);
#7660 = CARTESIAN_POINT('',(132.4,-15.5,-12.3));
#7661 = LINE('',#7662,#7663);
#7662 = CARTESIAN_POINT('',(-1.546166576414E-15,-15.5,-12.3));
#7663 = VECTOR('',#7664,1.);
#7664 = DIRECTION('',(1.,-4.522782343905E-31,-1.257045997085E-16));
#7665 = ORIENTED_EDGE('',*,*,#7666,.T.);
#7666 = EDGE_CURVE('',#7659,#7667,#7669,.T.);
#7667 = VERTEX_POINT('',#7668);
#7668 = CARTESIAN_POINT('',(132.4,-15.5,-7.7));
#7669 = LINE('',#7670,#7671);
#7670 = CARTESIAN_POINT('',(132.4,-15.5,6.116506478259E-14));
#7671 = VECTOR('',#7672,1.);
#7672 = DIRECTION('',(-0.,3.597944987211E-15,1.));
#7673 = ORIENTED_EDGE('',*,*,#7674,.T.);
#7674 = EDGE_CURVE('',#7667,#7649,#7675,.T.);
#7675 = LINE('',#7676,#7677);
#7676 = CARTESIAN_POINT('',(0.,-15.5,-7.7));
#7677 = VECTOR('',#7678,1.);
#7678 = DIRECTION('',(-1.,0.,0.));
#7679 = FACE_BOUND('',#7680,.T.);
#7680 = EDGE_LOOP('',(#7681,#7691,#7699,#7707));
#7681 = ORIENTED_EDGE('',*,*,#7682,.T.);
#7682 = EDGE_CURVE('',#7683,#7685,#7687,.T.);
#7683 = VERTEX_POINT('',#7684);
#7684 = CARTESIAN_POINT('',(-107.4,-15.5,-7.7));
#7685 = VERTEX_POINT('',#7686);
#7686 = CARTESIAN_POINT('',(-107.4,-15.5,-12.3));
#7687 = LINE('',#7688,#7689);
#7688 = CARTESIAN_POINT('',(-107.4,-15.5,6.116506478259E-14));
#7689 = VECTOR('',#7690,1.);
#7690 = DIRECTION('',(0.,-3.597944987211E-15,-1.));
#7691 = ORIENTED_EDGE('',*,*,#7692,.T.);
#7692 = EDGE_CURVE('',#7685,#7693,#7695,.T.);
#7693 = VERTEX_POINT('',#7694);
#7694 = CARTESIAN_POINT('',(-92.6,-15.5,-12.3));
#7695 = LINE('',#7696,#7697);
#7696 = CARTESIAN_POINT('',(-1.546166576414E-15,-15.5,-12.3));
#7697 = VECTOR('',#7698,1.);
#7698 = DIRECTION('',(1.,-4.522782343905E-31,-1.257045997085E-16));
#7699 = ORIENTED_EDGE('',*,*,#7700,.T.);
#7700 = EDGE_CURVE('',#7693,#7701,#7703,.T.);
#7701 = VERTEX_POINT('',#7702);
#7702 = CARTESIAN_POINT('',(-92.6,-15.5,-7.7));
#7703 = LINE('',#7704,#7705);
#7704 = CARTESIAN_POINT('',(-92.6,-15.5,6.116506478259E-14));
#7705 = VECTOR('',#7706,1.);
#7706 = DIRECTION('',(-0.,3.597944987211E-15,1.));
#7707 = ORIENTED_EDGE('',*,*,#7708,.T.);
#7708 = EDGE_CURVE('',#7701,#7683,#7709,.T.);
#7709 = LINE('',#7710,#7711);
#7710 = CARTESIAN_POINT('',(0.,-15.5,-7.7));
#7711 = VECTOR('',#7712,1.);
#7712 = DIRECTION('',(-1.,0.,0.));
#7713 = FACE_BOUND('',#7714,.T.);
#7714 = EDGE_LOOP('',(#7715,#7725,#7733,#7741));
#7715 = ORIENTED_EDGE('',*,*,#7716,.T.);
#7716 = EDGE_CURVE('',#7717,#7719,#7721,.T.);
#7717 = VERTEX_POINT('',#7718);
#7718 = CARTESIAN_POINT('',(-132.4,-15.5,-7.7));
#7719 = VERTEX_POINT('',#7720);
#7720 = CARTESIAN_POINT('',(-132.4,-15.5,-12.3));
#7721 = LINE('',#7722,#7723);
#7722 = CARTESIAN_POINT('',(-132.4,-15.5,6.116506478259E-14));
#7723 = VECTOR('',#7724,1.);
#7724 = DIRECTION('',(0.,-3.597944987211E-15,-1.));
#7725 = ORIENTED_EDGE('',*,*,#7726,.T.);
#7726 = EDGE_CURVE('',#7719,#7727,#7729,.T.);
#7727 = VERTEX_POINT('',#7728);
#7728 = CARTESIAN_POINT('',(-117.6,-15.5,-12.3));
#7729 = LINE('',#7730,#7731);
#7730 = CARTESIAN_POINT('',(-1.546166576414E-15,-15.5,-12.3));
#7731 = VECTOR('',#7732,1.);
#7732 = DIRECTION('',(1.,-4.522782343905E-31,-1.257045997085E-16));
#7733 = ORIENTED_EDGE('',*,*,#7734,.T.);
#7734 = EDGE_CURVE('',#7727,#7735,#7737,.T.);
#7735 = VERTEX_POINT('',#7736);
#7736 = CARTESIAN_POINT('',(-117.6,-15.5,-7.7));
#7737 = LINE('',#7738,#7739);
#7738 = CARTESIAN_POINT('',(-117.6,-15.5,6.116506478259E-14));
#7739 = VECTOR('',#7740,1.);
#7740 = DIRECTION('',(-0.,3.597944987211E-15,1.));
#7741 = ORIENTED_EDGE('',*,*,#7742,.T.);
#7742 = EDGE_CURVE('',#7735,#7717,#7743,.T.);
#7743 = LINE('',#7744,#7745);
#7744 = CARTESIAN_POINT('',(0.,-15.5,-7.7));
#7745 = VECTOR('',#7746,1.);
#7746 = DIRECTION('',(-1.,0.,0.));
#7747 = FACE_BOUND('',#7748,.T.);
#7748 = EDGE_LOOP('',(#7749,#7750,#7751,#7752,#7753,#7754));
#7749 = ORIENTED_EDGE('',*,*,#6710,.T.);
#7750 = ORIENTED_EDGE('',*,*,#6669,.T.);
#7751 = ORIENTED_EDGE('',*,*,#1779,.F.);
#7752 = ORIENTED_EDGE('',*,*,#6645,.F.);
#7753 = ORIENTED_EDGE('',*,*,#6732,.T.);
#7754 = ORIENTED_EDGE('',*,*,#7755,.T.);
#7755 = EDGE_CURVE('',#6733,#6711,#7756,.T.);
#7756 = LINE('',#7757,#7758);
#7757 = CARTESIAN_POINT('',(0.,-15.5,-15.));
#7758 = VECTOR('',#7759,1.);
#7759 = DIRECTION('',(-1.,-0.,-0.));
#7760 = PLANE('',#7761);
#7761 = AXIS2_PLACEMENT_3D('',#7762,#7763,#7764);
#7762 = CARTESIAN_POINT('',(0.,-15.5,6.116506478259E-14));
#7763 = DIRECTION('',(0.,-1.,3.597944987211E-15));
#7764 = DIRECTION('',(0.,-3.597944987211E-15,-1.));
#7765 = ADVANCED_FACE('',(#7766),#7772,.T.);
#7766 = FACE_BOUND('',#7767,.T.);
#7767 = EDGE_LOOP('',(#7768,#7769,#7770,#7771));
#7768 = ORIENTED_EDGE('',*,*,#7755,.F.);
#7769 = ORIENTED_EDGE('',*,*,#6749,.F.);
#7770 = ORIENTED_EDGE('',*,*,#7252,.T.);
#7771 = ORIENTED_EDGE('',*,*,#6718,.T.);
#7772 = PLANE('',#7773);
#7773 = AXIS2_PLACEMENT_3D('',#7774,#7775,#7776);
#7774 = CARTESIAN_POINT('',(-141.,-17.,-15.));
#7775 = DIRECTION('',(0.,-3.491481338843E-15,-1.));
#7776 = DIRECTION('',(0.,1.,-3.491481338843E-15));
#7777 = ADVANCED_FACE('',(#7778),#7805,.T.);
#7778 = FACE_BOUND('',#7779,.T.);
#7779 = EDGE_LOOP('',(#7780,#7790,#7796,#7797,#7798,#7799));
#7780 = ORIENTED_EDGE('',*,*,#7781,.F.);
#7781 = EDGE_CURVE('',#7782,#7784,#7786,.T.);
#7782 = VERTEX_POINT('',#7783);
#7783 = CARTESIAN_POINT('',(-141.,15.5,-2.1));
#7784 = VERTEX_POINT('',#7785);
#7785 = CARTESIAN_POINT('',(-141.,17.,-2.1));
#7786 = LINE('',#7787,#7788);
#7787 = CARTESIAN_POINT('',(-141.,17.,-2.1));
#7788 = VECTOR('',#7789,1.);
#7789 = DIRECTION('',(0.,1.,3.613946018758E-15));
#7790 = ORIENTED_EDGE('',*,*,#7791,.T.);
#7791 = EDGE_CURVE('',#7782,#1708,#7792,.T.);
#7792 = LINE('',#7793,#7794);
#7793 = CARTESIAN_POINT('',(-141.,15.5,6.116506478259E-14));
#7794 = VECTOR('',#7795,1.);
#7795 = DIRECTION('',(-0.,-3.597944987211E-15,1.));
#7796 = ORIENTED_EDGE('',*,*,#1707,.F.);
#7797 = ORIENTED_EDGE('',*,*,#4821,.T.);
#7798 = ORIENTED_EDGE('',*,*,#3509,.T.);
#7799 = ORIENTED_EDGE('',*,*,#7800,.F.);
#7800 = EDGE_CURVE('',#7784,#3502,#7801,.T.);
#7801 = LINE('',#7802,#7803);
#7802 = CARTESIAN_POINT('',(-141.,17.,-2.1));
#7803 = VECTOR('',#7804,1.);
#7804 = DIRECTION('',(0.,-3.597944987211E-15,1.));
#7805 = PLANE('',#7806);
#7806 = AXIS2_PLACEMENT_3D('',#7807,#7808,#7809);
#7807 = CARTESIAN_POINT('',(-141.,14.9,-2.1));
#7808 = DIRECTION('',(-1.,0.,-0.));
#7809 = DIRECTION('',(0.,0.,1.));
#7810 = ADVANCED_FACE('',(#7811),#7838,.F.);
#7811 = FACE_BOUND('',#7812,.T.);
#7812 = EDGE_LOOP('',(#7813,#7814,#7822,#7830,#7836,#7837));
#7813 = ORIENTED_EDGE('',*,*,#1723,.T.);
#7814 = ORIENTED_EDGE('',*,*,#7815,.F.);
#7815 = EDGE_CURVE('',#7816,#1716,#7818,.T.);
#7816 = VERTEX_POINT('',#7817);
#7817 = CARTESIAN_POINT('',(141.,15.5,-2.1));
#7818 = LINE('',#7819,#7820);
#7819 = CARTESIAN_POINT('',(141.,15.5,-2.1));
#7820 = VECTOR('',#7821,1.);
#7821 = DIRECTION('',(0.,-3.597944987211E-15,1.));
#7822 = ORIENTED_EDGE('',*,*,#7823,.T.);
#7823 = EDGE_CURVE('',#7816,#7824,#7826,.T.);
#7824 = VERTEX_POINT('',#7825);
#7825 = CARTESIAN_POINT('',(141.,17.,-2.1));
#7826 = LINE('',#7827,#7828);
#7827 = CARTESIAN_POINT('',(141.,15.5,-2.1));
#7828 = VECTOR('',#7829,1.);
#7829 = DIRECTION('',(0.,1.,3.613946018758E-15));
#7830 = ORIENTED_EDGE('',*,*,#7831,.T.);
#7831 = EDGE_CURVE('',#7824,#3494,#7832,.T.);
#7832 = LINE('',#7833,#7834);
#7833 = CARTESIAN_POINT('',(141.,17.,6.640228679085E-14));
#7834 = VECTOR('',#7835,1.);
#7835 = DIRECTION('',(-0.,-3.597944987211E-15,1.));
#7836 = ORIENTED_EDGE('',*,*,#3493,.F.);
#7837 = ORIENTED_EDGE('',*,*,#3620,.F.);
#7838 = PLANE('',#7839);
#7839 = AXIS2_PLACEMENT_3D('',#7840,#7841,#7842);
#7840 = CARTESIAN_POINT('',(141.,14.9,-2.1));
#7841 = DIRECTION('',(-1.,0.,-0.));
#7842 = DIRECTION('',(0.,0.,1.));
#7843 = ADVANCED_FACE('',(#7844),#7869,.T.);
#7844 = FACE_BOUND('',#7845,.T.);
#7845 = EDGE_LOOP('',(#7846,#7854,#7855,#7863));
#7846 = ORIENTED_EDGE('',*,*,#7847,.F.);
#7847 = EDGE_CURVE('',#7782,#7848,#7850,.T.);
#7848 = VERTEX_POINT('',#7849);
#7849 = CARTESIAN_POINT('',(-141.,15.5,-15.));
#7850 = LINE('',#7851,#7852);
#7851 = CARTESIAN_POINT('',(-141.,15.5,6.116506478259E-14));
#7852 = VECTOR('',#7853,1.);
#7853 = DIRECTION('',(0.,3.597944987211E-15,-1.));
#7854 = ORIENTED_EDGE('',*,*,#7781,.T.);
#7855 = ORIENTED_EDGE('',*,*,#7856,.T.);
#7856 = EDGE_CURVE('',#7784,#7857,#7859,.T.);
#7857 = VERTEX_POINT('',#7858);
#7858 = CARTESIAN_POINT('',(-141.,17.,-15.));
#7859 = LINE('',#7860,#7861);
#7860 = CARTESIAN_POINT('',(-141.,17.,-1.5));
#7861 = VECTOR('',#7862,1.);
#7862 = DIRECTION('',(-0.,3.597944987211E-15,-1.));
#7863 = ORIENTED_EDGE('',*,*,#7864,.T.);
#7864 = EDGE_CURVE('',#7857,#7848,#7865,.T.);
#7865 = LINE('',#7866,#7867);
#7866 = CARTESIAN_POINT('',(-141.,17.,-15.));
#7867 = VECTOR('',#7868,1.);
#7868 = DIRECTION('',(0.,-1.,-3.491481338843E-15));
#7869 = PLANE('',#7870);
#7870 = AXIS2_PLACEMENT_3D('',#7871,#7872,#7873);
#7871 = CARTESIAN_POINT('',(-141.,17.,-1.5));
#7872 = DIRECTION('',(-1.,0.,-0.));
#7873 = DIRECTION('',(0.,0.,1.));
#7874 = ADVANCED_FACE('',(#7875),#7900,.T.);
#7875 = FACE_BOUND('',#7876,.T.);
#7876 = EDGE_LOOP('',(#7877,#7885,#7886,#7894));
#7877 = ORIENTED_EDGE('',*,*,#7878,.T.);
#7878 = EDGE_CURVE('',#7879,#7824,#7881,.T.);
#7879 = VERTEX_POINT('',#7880);
#7880 = CARTESIAN_POINT('',(141.,17.,-15.));
#7881 = LINE('',#7882,#7883);
#7882 = CARTESIAN_POINT('',(141.,17.,-15.));
#7883 = VECTOR('',#7884,1.);
#7884 = DIRECTION('',(-0.,-3.597944987211E-15,1.));
#7885 = ORIENTED_EDGE('',*,*,#7823,.F.);
#7886 = ORIENTED_EDGE('',*,*,#7887,.F.);
#7887 = EDGE_CURVE('',#7888,#7816,#7890,.T.);
#7888 = VERTEX_POINT('',#7889);
#7889 = CARTESIAN_POINT('',(141.,15.5,-15.));
#7890 = LINE('',#7891,#7892);
#7891 = CARTESIAN_POINT('',(141.,15.5,6.116506478259E-14));
#7892 = VECTOR('',#7893,1.);
#7893 = DIRECTION('',(0.,-3.597944987211E-15,1.));
#7894 = ORIENTED_EDGE('',*,*,#7895,.F.);
#7895 = EDGE_CURVE('',#7879,#7888,#7896,.T.);
#7896 = LINE('',#7897,#7898);
#7897 = CARTESIAN_POINT('',(141.,17.,-15.));
#7898 = VECTOR('',#7899,1.);
#7899 = DIRECTION('',(0.,-1.,-3.491481338843E-15));
#7900 = PLANE('',#7901);
#7901 = AXIS2_PLACEMENT_3D('',#7902,#7903,#7904);
#7902 = CARTESIAN_POINT('',(141.,17.,-15.));
#7903 = DIRECTION('',(1.,0.,0.));
#7904 = DIRECTION('',(0.,0.,-1.));
#7905 = ADVANCED_FACE('',(#7906,#7917,#7928,#7939,#7950,#7961,#7972,
    #7983,#7994,#8005,#8016,#8050,#8084,#8118,#8152,#8186,#8220,#8254,
    #8288,#8322,#8356,#8390),#8403,.F.);
#7906 = FACE_BOUND('',#7907,.T.);
#7907 = EDGE_LOOP('',(#7908));
#7908 = ORIENTED_EDGE('',*,*,#7909,.F.);
#7909 = EDGE_CURVE('',#7910,#7910,#7912,.T.);
#7910 = VERTEX_POINT('',#7911);
#7911 = CARTESIAN_POINT('',(-62.5,17.,-7.9));
#7912 = CIRCLE('',#7913,2.1);
#7913 = AXIS2_PLACEMENT_3D('',#7914,#7915,#7916);
#7914 = CARTESIAN_POINT('',(-62.5,17.,-10.));
#7915 = DIRECTION('',(0.,1.,3.597944987211E-15));
#7916 = DIRECTION('',(0.,-3.597944987211E-15,1.));
#7917 = FACE_BOUND('',#7918,.T.);
#7918 = EDGE_LOOP('',(#7919));
#7919 = ORIENTED_EDGE('',*,*,#7920,.F.);
#7920 = EDGE_CURVE('',#7921,#7921,#7923,.T.);
#7921 = VERTEX_POINT('',#7922);
#7922 = CARTESIAN_POINT('',(-37.5,17.,-7.9));
#7923 = CIRCLE('',#7924,2.1);
#7924 = AXIS2_PLACEMENT_3D('',#7925,#7926,#7927);
#7925 = CARTESIAN_POINT('',(-37.5,17.,-10.));
#7926 = DIRECTION('',(0.,1.,3.597944987211E-15));
#7927 = DIRECTION('',(0.,-3.597944987211E-15,1.));
#7928 = FACE_BOUND('',#7929,.T.);
#7929 = EDGE_LOOP('',(#7930));
#7930 = ORIENTED_EDGE('',*,*,#7931,.F.);
#7931 = EDGE_CURVE('',#7932,#7932,#7934,.T.);
#7932 = VERTEX_POINT('',#7933);
#7933 = CARTESIAN_POINT('',(-12.5,17.,-7.9));
#7934 = CIRCLE('',#7935,2.1);
#7935 = AXIS2_PLACEMENT_3D('',#7936,#7937,#7938);
#7936 = CARTESIAN_POINT('',(-12.5,17.,-10.));
#7937 = DIRECTION('',(0.,1.,3.597944987211E-15));
#7938 = DIRECTION('',(0.,-3.597944987211E-15,1.));
#7939 = FACE_BOUND('',#7940,.T.);
#7940 = EDGE_LOOP('',(#7941));
#7941 = ORIENTED_EDGE('',*,*,#7942,.F.);
#7942 = EDGE_CURVE('',#7943,#7943,#7945,.T.);
#7943 = VERTEX_POINT('',#7944);
#7944 = CARTESIAN_POINT('',(12.5,17.,-7.9));
#7945 = CIRCLE('',#7946,2.1);
#7946 = AXIS2_PLACEMENT_3D('',#7947,#7948,#7949);
#7947 = CARTESIAN_POINT('',(12.5,17.,-10.));
#7948 = DIRECTION('',(0.,1.,3.597944987211E-15));
#7949 = DIRECTION('',(0.,-3.597944987211E-15,1.));
#7950 = FACE_BOUND('',#7951,.T.);
#7951 = EDGE_LOOP('',(#7952));
#7952 = ORIENTED_EDGE('',*,*,#7953,.F.);
#7953 = EDGE_CURVE('',#7954,#7954,#7956,.T.);
#7954 = VERTEX_POINT('',#7955);
#7955 = CARTESIAN_POINT('',(37.5,17.,-7.9));
#7956 = CIRCLE('',#7957,2.1);
#7957 = AXIS2_PLACEMENT_3D('',#7958,#7959,#7960);
#7958 = CARTESIAN_POINT('',(37.5,17.,-10.));
#7959 = DIRECTION('',(0.,1.,3.597944987211E-15));
#7960 = DIRECTION('',(0.,-3.597944987211E-15,1.));
#7961 = FACE_BOUND('',#7962,.T.);
#7962 = EDGE_LOOP('',(#7963));
#7963 = ORIENTED_EDGE('',*,*,#7964,.F.);
#7964 = EDGE_CURVE('',#7965,#7965,#7967,.T.);
#7965 = VERTEX_POINT('',#7966);
#7966 = CARTESIAN_POINT('',(62.5,17.,-7.9));
#7967 = CIRCLE('',#7968,2.1);
#7968 = AXIS2_PLACEMENT_3D('',#7969,#7970,#7971);
#7969 = CARTESIAN_POINT('',(62.5,17.,-10.));
#7970 = DIRECTION('',(0.,1.,3.597944987211E-15));
#7971 = DIRECTION('',(0.,-3.597944987211E-15,1.));
#7972 = FACE_BOUND('',#7973,.T.);
#7973 = EDGE_LOOP('',(#7974));
#7974 = ORIENTED_EDGE('',*,*,#7975,.F.);
#7975 = EDGE_CURVE('',#7976,#7976,#7978,.T.);
#7976 = VERTEX_POINT('',#7977);
#7977 = CARTESIAN_POINT('',(87.5,17.,-7.9));
#7978 = CIRCLE('',#7979,2.1);
#7979 = AXIS2_PLACEMENT_3D('',#7980,#7981,#7982);
#7980 = CARTESIAN_POINT('',(87.5,17.,-10.));
#7981 = DIRECTION('',(0.,1.,3.597944987211E-15));
#7982 = DIRECTION('',(0.,-3.597944987211E-15,1.));
#7983 = FACE_BOUND('',#7984,.T.);
#7984 = EDGE_LOOP('',(#7985));
#7985 = ORIENTED_EDGE('',*,*,#7986,.F.);
#7986 = EDGE_CURVE('',#7987,#7987,#7989,.T.);
#7987 = VERTEX_POINT('',#7988);
#7988 = CARTESIAN_POINT('',(112.5,17.,-7.9));
#7989 = CIRCLE('',#7990,2.1);
#7990 = AXIS2_PLACEMENT_3D('',#7991,#7992,#7993);
#7991 = CARTESIAN_POINT('',(112.5,17.,-10.));
#7992 = DIRECTION('',(0.,1.,3.597944987211E-15));
#7993 = DIRECTION('',(0.,-3.597944987211E-15,1.));
#7994 = FACE_BOUND('',#7995,.T.);
#7995 = EDGE_LOOP('',(#7996));
#7996 = ORIENTED_EDGE('',*,*,#7997,.F.);
#7997 = EDGE_CURVE('',#7998,#7998,#8000,.T.);
#7998 = VERTEX_POINT('',#7999);
#7999 = CARTESIAN_POINT('',(-87.5,17.,-7.9));
#8000 = CIRCLE('',#8001,2.1);
#8001 = AXIS2_PLACEMENT_3D('',#8002,#8003,#8004);
#8002 = CARTESIAN_POINT('',(-87.5,17.,-10.));
#8003 = DIRECTION('',(0.,1.,3.597944987211E-15));
#8004 = DIRECTION('',(0.,-3.597944987211E-15,1.));
#8005 = FACE_BOUND('',#8006,.T.);
#8006 = EDGE_LOOP('',(#8007));
#8007 = ORIENTED_EDGE('',*,*,#8008,.F.);
#8008 = EDGE_CURVE('',#8009,#8009,#8011,.T.);
#8009 = VERTEX_POINT('',#8010);
#8010 = CARTESIAN_POINT('',(-112.5,17.,-7.9));
#8011 = CIRCLE('',#8012,2.1);
#8012 = AXIS2_PLACEMENT_3D('',#8013,#8014,#8015);
#8013 = CARTESIAN_POINT('',(-112.5,17.,-10.));
#8014 = DIRECTION('',(0.,1.,3.597944987211E-15));
#8015 = DIRECTION('',(0.,-3.597944987211E-15,1.));
#8016 = FACE_BOUND('',#8017,.T.);
#8017 = EDGE_LOOP('',(#8018,#8028,#8036,#8044));
#8018 = ORIENTED_EDGE('',*,*,#8019,.F.);
#8019 = EDGE_CURVE('',#8020,#8022,#8024,.T.);
#8020 = VERTEX_POINT('',#8021);
#8021 = CARTESIAN_POINT('',(-82.4,17.,-12.3));
#8022 = VERTEX_POINT('',#8023);
#8023 = CARTESIAN_POINT('',(-82.4,17.,-7.7));
#8024 = LINE('',#8025,#8026);
#8025 = CARTESIAN_POINT('',(-82.4,17.,-7.7));
#8026 = VECTOR('',#8027,1.);
#8027 = DIRECTION('',(-0.,-6.938893903907E-15,1.));
#8028 = ORIENTED_EDGE('',*,*,#8029,.F.);
#8029 = EDGE_CURVE('',#8030,#8020,#8032,.T.);
#8030 = VERTEX_POINT('',#8031);
#8031 = CARTESIAN_POINT('',(-67.6,17.,-12.3));
#8032 = LINE('',#8033,#8034);
#8033 = CARTESIAN_POINT('',(-81.9,17.,-12.3));
#8034 = VECTOR('',#8035,1.);
#8035 = DIRECTION('',(-1.,-0.,1.257045997085E-16));
#8036 = ORIENTED_EDGE('',*,*,#8037,.F.);
#8037 = EDGE_CURVE('',#8038,#8030,#8040,.T.);
#8038 = VERTEX_POINT('',#8039);
#8039 = CARTESIAN_POINT('',(-67.6,17.,-7.7));
#8040 = LINE('',#8041,#8042);
#8041 = CARTESIAN_POINT('',(-67.6,17.,-12.3));
#8042 = VECTOR('',#8043,1.);
#8043 = DIRECTION('',(-0.,6.938893903907E-15,-1.));
#8044 = ORIENTED_EDGE('',*,*,#8045,.F.);
#8045 = EDGE_CURVE('',#8022,#8038,#8046,.T.);
#8046 = LINE('',#8047,#8048);
#8047 = CARTESIAN_POINT('',(-68.1,17.,-7.7));
#8048 = VECTOR('',#8049,1.);
#8049 = DIRECTION('',(1.,0.,0.));
#8050 = FACE_BOUND('',#8051,.T.);
#8051 = EDGE_LOOP('',(#8052,#8062,#8070,#8078));
#8052 = ORIENTED_EDGE('',*,*,#8053,.F.);
#8053 = EDGE_CURVE('',#8054,#8056,#8058,.T.);
#8054 = VERTEX_POINT('',#8055);
#8055 = CARTESIAN_POINT('',(-57.4,17.,-12.3));
#8056 = VERTEX_POINT('',#8057);
#8057 = CARTESIAN_POINT('',(-57.4,17.,-7.7));
#8058 = LINE('',#8059,#8060);
#8059 = CARTESIAN_POINT('',(-57.4,17.,-7.7));
#8060 = VECTOR('',#8061,1.);
#8061 = DIRECTION('',(-0.,-6.938893903907E-15,1.));
#8062 = ORIENTED_EDGE('',*,*,#8063,.F.);
#8063 = EDGE_CURVE('',#8064,#8054,#8066,.T.);
#8064 = VERTEX_POINT('',#8065);
#8065 = CARTESIAN_POINT('',(-42.6,17.,-12.3));
#8066 = LINE('',#8067,#8068);
#8067 = CARTESIAN_POINT('',(-56.9,17.,-12.3));
#8068 = VECTOR('',#8069,1.);
#8069 = DIRECTION('',(-1.,-0.,1.257045997085E-16));
#8070 = ORIENTED_EDGE('',*,*,#8071,.F.);
#8071 = EDGE_CURVE('',#8072,#8064,#8074,.T.);
#8072 = VERTEX_POINT('',#8073);
#8073 = CARTESIAN_POINT('',(-42.6,17.,-7.7));
#8074 = LINE('',#8075,#8076);
#8075 = CARTESIAN_POINT('',(-42.6,17.,-12.3));
#8076 = VECTOR('',#8077,1.);
#8077 = DIRECTION('',(-0.,6.938893903907E-15,-1.));
#8078 = ORIENTED_EDGE('',*,*,#8079,.F.);
#8079 = EDGE_CURVE('',#8056,#8072,#8080,.T.);
#8080 = LINE('',#8081,#8082);
#8081 = CARTESIAN_POINT('',(-43.1,17.,-7.7));
#8082 = VECTOR('',#8083,1.);
#8083 = DIRECTION('',(1.,0.,0.));
#8084 = FACE_BOUND('',#8085,.T.);
#8085 = EDGE_LOOP('',(#8086,#8096,#8104,#8112));
#8086 = ORIENTED_EDGE('',*,*,#8087,.F.);
#8087 = EDGE_CURVE('',#8088,#8090,#8092,.T.);
#8088 = VERTEX_POINT('',#8089);
#8089 = CARTESIAN_POINT('',(-32.4,17.,-12.3));
#8090 = VERTEX_POINT('',#8091);
#8091 = CARTESIAN_POINT('',(-32.4,17.,-7.7));
#8092 = LINE('',#8093,#8094);
#8093 = CARTESIAN_POINT('',(-32.4,17.,-7.7));
#8094 = VECTOR('',#8095,1.);
#8095 = DIRECTION('',(-0.,-6.938893903907E-15,1.));
#8096 = ORIENTED_EDGE('',*,*,#8097,.F.);
#8097 = EDGE_CURVE('',#8098,#8088,#8100,.T.);
#8098 = VERTEX_POINT('',#8099);
#8099 = CARTESIAN_POINT('',(-17.6,17.,-12.3));
#8100 = LINE('',#8101,#8102);
#8101 = CARTESIAN_POINT('',(-31.9,17.,-12.3));
#8102 = VECTOR('',#8103,1.);
#8103 = DIRECTION('',(-1.,-0.,1.257045997085E-16));
#8104 = ORIENTED_EDGE('',*,*,#8105,.F.);
#8105 = EDGE_CURVE('',#8106,#8098,#8108,.T.);
#8106 = VERTEX_POINT('',#8107);
#8107 = CARTESIAN_POINT('',(-17.6,17.,-7.7));
#8108 = LINE('',#8109,#8110);
#8109 = CARTESIAN_POINT('',(-17.6,17.,-12.3));
#8110 = VECTOR('',#8111,1.);
#8111 = DIRECTION('',(-0.,6.938893903907E-15,-1.));
#8112 = ORIENTED_EDGE('',*,*,#8113,.F.);
#8113 = EDGE_CURVE('',#8090,#8106,#8114,.T.);
#8114 = LINE('',#8115,#8116);
#8115 = CARTESIAN_POINT('',(-18.1,17.,-7.7));
#8116 = VECTOR('',#8117,1.);
#8117 = DIRECTION('',(1.,0.,0.));
#8118 = FACE_BOUND('',#8119,.T.);
#8119 = EDGE_LOOP('',(#8120,#8130,#8138,#8146));
#8120 = ORIENTED_EDGE('',*,*,#8121,.F.);
#8121 = EDGE_CURVE('',#8122,#8124,#8126,.T.);
#8122 = VERTEX_POINT('',#8123);
#8123 = CARTESIAN_POINT('',(-7.4,17.,-12.3));
#8124 = VERTEX_POINT('',#8125);
#8125 = CARTESIAN_POINT('',(-7.4,17.,-7.7));
#8126 = LINE('',#8127,#8128);
#8127 = CARTESIAN_POINT('',(-7.4,17.,-7.7));
#8128 = VECTOR('',#8129,1.);
#8129 = DIRECTION('',(-0.,-6.938893903907E-15,1.));
#8130 = ORIENTED_EDGE('',*,*,#8131,.F.);
#8131 = EDGE_CURVE('',#8132,#8122,#8134,.T.);
#8132 = VERTEX_POINT('',#8133);
#8133 = CARTESIAN_POINT('',(7.4,17.,-12.3));
#8134 = LINE('',#8135,#8136);
#8135 = CARTESIAN_POINT('',(-6.9,17.,-12.3));
#8136 = VECTOR('',#8137,1.);
#8137 = DIRECTION('',(-1.,-0.,1.257045997085E-16));
#8138 = ORIENTED_EDGE('',*,*,#8139,.F.);
#8139 = EDGE_CURVE('',#8140,#8132,#8142,.T.);
#8140 = VERTEX_POINT('',#8141);
#8141 = CARTESIAN_POINT('',(7.4,17.,-7.7));
#8142 = LINE('',#8143,#8144);
#8143 = CARTESIAN_POINT('',(7.4,17.,-12.3));
#8144 = VECTOR('',#8145,1.);
#8145 = DIRECTION('',(-0.,6.938893903907E-15,-1.));
#8146 = ORIENTED_EDGE('',*,*,#8147,.F.);
#8147 = EDGE_CURVE('',#8124,#8140,#8148,.T.);
#8148 = LINE('',#8149,#8150);
#8149 = CARTESIAN_POINT('',(6.9,17.,-7.7));
#8150 = VECTOR('',#8151,1.);
#8151 = DIRECTION('',(1.,0.,0.));
#8152 = FACE_BOUND('',#8153,.T.);
#8153 = EDGE_LOOP('',(#8154,#8164,#8172,#8180));
#8154 = ORIENTED_EDGE('',*,*,#8155,.F.);
#8155 = EDGE_CURVE('',#8156,#8158,#8160,.T.);
#8156 = VERTEX_POINT('',#8157);
#8157 = CARTESIAN_POINT('',(17.6,17.,-12.3));
#8158 = VERTEX_POINT('',#8159);
#8159 = CARTESIAN_POINT('',(17.6,17.,-7.7));
#8160 = LINE('',#8161,#8162);
#8161 = CARTESIAN_POINT('',(17.6,17.,-7.7));
#8162 = VECTOR('',#8163,1.);
#8163 = DIRECTION('',(-0.,-6.938893903907E-15,1.));
#8164 = ORIENTED_EDGE('',*,*,#8165,.F.);
#8165 = EDGE_CURVE('',#8166,#8156,#8168,.T.);
#8166 = VERTEX_POINT('',#8167);
#8167 = CARTESIAN_POINT('',(32.4,17.,-12.3));
#8168 = LINE('',#8169,#8170);
#8169 = CARTESIAN_POINT('',(18.1,17.,-12.3));
#8170 = VECTOR('',#8171,1.);
#8171 = DIRECTION('',(-1.,-0.,1.257045997085E-16));
#8172 = ORIENTED_EDGE('',*,*,#8173,.F.);
#8173 = EDGE_CURVE('',#8174,#8166,#8176,.T.);
#8174 = VERTEX_POINT('',#8175);
#8175 = CARTESIAN_POINT('',(32.4,17.,-7.7));
#8176 = LINE('',#8177,#8178);
#8177 = CARTESIAN_POINT('',(32.4,17.,-12.3));
#8178 = VECTOR('',#8179,1.);
#8179 = DIRECTION('',(-0.,6.938893903907E-15,-1.));
#8180 = ORIENTED_EDGE('',*,*,#8181,.F.);
#8181 = EDGE_CURVE('',#8158,#8174,#8182,.T.);
#8182 = LINE('',#8183,#8184);
#8183 = CARTESIAN_POINT('',(31.9,17.,-7.7));
#8184 = VECTOR('',#8185,1.);
#8185 = DIRECTION('',(1.,0.,0.));
#8186 = FACE_BOUND('',#8187,.T.);
#8187 = EDGE_LOOP('',(#8188,#8198,#8206,#8214));
#8188 = ORIENTED_EDGE('',*,*,#8189,.F.);
#8189 = EDGE_CURVE('',#8190,#8192,#8194,.T.);
#8190 = VERTEX_POINT('',#8191);
#8191 = CARTESIAN_POINT('',(42.6,17.,-12.3));
#8192 = VERTEX_POINT('',#8193);
#8193 = CARTESIAN_POINT('',(42.6,17.,-7.7));
#8194 = LINE('',#8195,#8196);
#8195 = CARTESIAN_POINT('',(42.6,17.,-7.7));
#8196 = VECTOR('',#8197,1.);
#8197 = DIRECTION('',(-0.,-6.938893903907E-15,1.));
#8198 = ORIENTED_EDGE('',*,*,#8199,.F.);
#8199 = EDGE_CURVE('',#8200,#8190,#8202,.T.);
#8200 = VERTEX_POINT('',#8201);
#8201 = CARTESIAN_POINT('',(57.4,17.,-12.3));
#8202 = LINE('',#8203,#8204);
#8203 = CARTESIAN_POINT('',(43.1,17.,-12.3));
#8204 = VECTOR('',#8205,1.);
#8205 = DIRECTION('',(-1.,-0.,1.257045997085E-16));
#8206 = ORIENTED_EDGE('',*,*,#8207,.F.);
#8207 = EDGE_CURVE('',#8208,#8200,#8210,.T.);
#8208 = VERTEX_POINT('',#8209);
#8209 = CARTESIAN_POINT('',(57.4,17.,-7.7));
#8210 = LINE('',#8211,#8212);
#8211 = CARTESIAN_POINT('',(57.4,17.,-12.3));
#8212 = VECTOR('',#8213,1.);
#8213 = DIRECTION('',(-0.,6.938893903907E-15,-1.));
#8214 = ORIENTED_EDGE('',*,*,#8215,.F.);
#8215 = EDGE_CURVE('',#8192,#8208,#8216,.T.);
#8216 = LINE('',#8217,#8218);
#8217 = CARTESIAN_POINT('',(56.9,17.,-7.7));
#8218 = VECTOR('',#8219,1.);
#8219 = DIRECTION('',(1.,0.,0.));
#8220 = FACE_BOUND('',#8221,.T.);
#8221 = EDGE_LOOP('',(#8222,#8232,#8240,#8248));
#8222 = ORIENTED_EDGE('',*,*,#8223,.F.);
#8223 = EDGE_CURVE('',#8224,#8226,#8228,.T.);
#8224 = VERTEX_POINT('',#8225);
#8225 = CARTESIAN_POINT('',(67.6,17.,-12.3));
#8226 = VERTEX_POINT('',#8227);
#8227 = CARTESIAN_POINT('',(67.6,17.,-7.7));
#8228 = LINE('',#8229,#8230);
#8229 = CARTESIAN_POINT('',(67.6,17.,-7.7));
#8230 = VECTOR('',#8231,1.);
#8231 = DIRECTION('',(-0.,-6.938893903907E-15,1.));
#8232 = ORIENTED_EDGE('',*,*,#8233,.F.);
#8233 = EDGE_CURVE('',#8234,#8224,#8236,.T.);
#8234 = VERTEX_POINT('',#8235);
#8235 = CARTESIAN_POINT('',(82.4,17.,-12.3));
#8236 = LINE('',#8237,#8238);
#8237 = CARTESIAN_POINT('',(68.1,17.,-12.3));
#8238 = VECTOR('',#8239,1.);
#8239 = DIRECTION('',(-1.,-0.,1.257045997085E-16));
#8240 = ORIENTED_EDGE('',*,*,#8241,.F.);
#8241 = EDGE_CURVE('',#8242,#8234,#8244,.T.);
#8242 = VERTEX_POINT('',#8243);
#8243 = CARTESIAN_POINT('',(82.4,17.,-7.7));
#8244 = LINE('',#8245,#8246);
#8245 = CARTESIAN_POINT('',(82.4,17.,-12.3));
#8246 = VECTOR('',#8247,1.);
#8247 = DIRECTION('',(-0.,6.938893903907E-15,-1.));
#8248 = ORIENTED_EDGE('',*,*,#8249,.F.);
#8249 = EDGE_CURVE('',#8226,#8242,#8250,.T.);
#8250 = LINE('',#8251,#8252);
#8251 = CARTESIAN_POINT('',(81.9,17.,-7.7));
#8252 = VECTOR('',#8253,1.);
#8253 = DIRECTION('',(1.,0.,0.));
#8254 = FACE_BOUND('',#8255,.T.);
#8255 = EDGE_LOOP('',(#8256,#8266,#8274,#8282));
#8256 = ORIENTED_EDGE('',*,*,#8257,.F.);
#8257 = EDGE_CURVE('',#8258,#8260,#8262,.T.);
#8258 = VERTEX_POINT('',#8259);
#8259 = CARTESIAN_POINT('',(92.6,17.,-12.3));
#8260 = VERTEX_POINT('',#8261);
#8261 = CARTESIAN_POINT('',(92.6,17.,-7.7));
#8262 = LINE('',#8263,#8264);
#8263 = CARTESIAN_POINT('',(92.6,17.,-7.7));
#8264 = VECTOR('',#8265,1.);
#8265 = DIRECTION('',(-0.,-6.938893903907E-15,1.));
#8266 = ORIENTED_EDGE('',*,*,#8267,.F.);
#8267 = EDGE_CURVE('',#8268,#8258,#8270,.T.);
#8268 = VERTEX_POINT('',#8269);
#8269 = CARTESIAN_POINT('',(107.4,17.,-12.3));
#8270 = LINE('',#8271,#8272);
#8271 = CARTESIAN_POINT('',(93.1,17.,-12.3));
#8272 = VECTOR('',#8273,1.);
#8273 = DIRECTION('',(-1.,-0.,1.257045997085E-16));
#8274 = ORIENTED_EDGE('',*,*,#8275,.F.);
#8275 = EDGE_CURVE('',#8276,#8268,#8278,.T.);
#8276 = VERTEX_POINT('',#8277);
#8277 = CARTESIAN_POINT('',(107.4,17.,-7.7));
#8278 = LINE('',#8279,#8280);
#8279 = CARTESIAN_POINT('',(107.4,17.,-12.3));
#8280 = VECTOR('',#8281,1.);
#8281 = DIRECTION('',(-0.,6.938893903907E-15,-1.));
#8282 = ORIENTED_EDGE('',*,*,#8283,.F.);
#8283 = EDGE_CURVE('',#8260,#8276,#8284,.T.);
#8284 = LINE('',#8285,#8286);
#8285 = CARTESIAN_POINT('',(106.9,17.,-7.7));
#8286 = VECTOR('',#8287,1.);
#8287 = DIRECTION('',(1.,0.,0.));
#8288 = FACE_BOUND('',#8289,.T.);
#8289 = EDGE_LOOP('',(#8290,#8300,#8308,#8316));
#8290 = ORIENTED_EDGE('',*,*,#8291,.F.);
#8291 = EDGE_CURVE('',#8292,#8294,#8296,.T.);
#8292 = VERTEX_POINT('',#8293);
#8293 = CARTESIAN_POINT('',(117.6,17.,-12.3));
#8294 = VERTEX_POINT('',#8295);
#8295 = CARTESIAN_POINT('',(117.6,17.,-7.7));
#8296 = LINE('',#8297,#8298);
#8297 = CARTESIAN_POINT('',(117.6,17.,-7.7));
#8298 = VECTOR('',#8299,1.);
#8299 = DIRECTION('',(-0.,-6.938893903907E-15,1.));
#8300 = ORIENTED_EDGE('',*,*,#8301,.F.);
#8301 = EDGE_CURVE('',#8302,#8292,#8304,.T.);
#8302 = VERTEX_POINT('',#8303);
#8303 = CARTESIAN_POINT('',(132.4,17.,-12.3));
#8304 = LINE('',#8305,#8306);
#8305 = CARTESIAN_POINT('',(118.1,17.,-12.3));
#8306 = VECTOR('',#8307,1.);
#8307 = DIRECTION('',(-1.,-0.,1.257045997085E-16));
#8308 = ORIENTED_EDGE('',*,*,#8309,.F.);
#8309 = EDGE_CURVE('',#8310,#8302,#8312,.T.);
#8310 = VERTEX_POINT('',#8311);
#8311 = CARTESIAN_POINT('',(132.4,17.,-7.7));
#8312 = LINE('',#8313,#8314);
#8313 = CARTESIAN_POINT('',(132.4,17.,-12.3));
#8314 = VECTOR('',#8315,1.);
#8315 = DIRECTION('',(-0.,6.938893903907E-15,-1.));
#8316 = ORIENTED_EDGE('',*,*,#8317,.F.);
#8317 = EDGE_CURVE('',#8294,#8310,#8318,.T.);
#8318 = LINE('',#8319,#8320);
#8319 = CARTESIAN_POINT('',(131.9,17.,-7.7));
#8320 = VECTOR('',#8321,1.);
#8321 = DIRECTION('',(1.,0.,0.));
#8322 = FACE_BOUND('',#8323,.T.);
#8323 = EDGE_LOOP('',(#8324,#8334,#8342,#8350));
#8324 = ORIENTED_EDGE('',*,*,#8325,.F.);
#8325 = EDGE_CURVE('',#8326,#8328,#8330,.T.);
#8326 = VERTEX_POINT('',#8327);
#8327 = CARTESIAN_POINT('',(-107.4,17.,-12.3));
#8328 = VERTEX_POINT('',#8329);
#8329 = CARTESIAN_POINT('',(-107.4,17.,-7.7));
#8330 = LINE('',#8331,#8332);
#8331 = CARTESIAN_POINT('',(-107.4,17.,-7.7));
#8332 = VECTOR('',#8333,1.);
#8333 = DIRECTION('',(-0.,-6.938893903907E-15,1.));
#8334 = ORIENTED_EDGE('',*,*,#8335,.F.);
#8335 = EDGE_CURVE('',#8336,#8326,#8338,.T.);
#8336 = VERTEX_POINT('',#8337);
#8337 = CARTESIAN_POINT('',(-92.6,17.,-12.3));
#8338 = LINE('',#8339,#8340);
#8339 = CARTESIAN_POINT('',(-106.9,17.,-12.3));
#8340 = VECTOR('',#8341,1.);
#8341 = DIRECTION('',(-1.,-0.,1.257045997085E-16));
#8342 = ORIENTED_EDGE('',*,*,#8343,.F.);
#8343 = EDGE_CURVE('',#8344,#8336,#8346,.T.);
#8344 = VERTEX_POINT('',#8345);
#8345 = CARTESIAN_POINT('',(-92.6,17.,-7.7));
#8346 = LINE('',#8347,#8348);
#8347 = CARTESIAN_POINT('',(-92.6,17.,-12.3));
#8348 = VECTOR('',#8349,1.);
#8349 = DIRECTION('',(-0.,6.938893903907E-15,-1.));
#8350 = ORIENTED_EDGE('',*,*,#8351,.F.);
#8351 = EDGE_CURVE('',#8328,#8344,#8352,.T.);
#8352 = LINE('',#8353,#8354);
#8353 = CARTESIAN_POINT('',(-93.1,17.,-7.7));
#8354 = VECTOR('',#8355,1.);
#8355 = DIRECTION('',(1.,0.,0.));
#8356 = FACE_BOUND('',#8357,.T.);
#8357 = EDGE_LOOP('',(#8358,#8368,#8376,#8384));
#8358 = ORIENTED_EDGE('',*,*,#8359,.F.);
#8359 = EDGE_CURVE('',#8360,#8362,#8364,.T.);
#8360 = VERTEX_POINT('',#8361);
#8361 = CARTESIAN_POINT('',(-132.4,17.,-12.3));
#8362 = VERTEX_POINT('',#8363);
#8363 = CARTESIAN_POINT('',(-132.4,17.,-7.7));
#8364 = LINE('',#8365,#8366);
#8365 = CARTESIAN_POINT('',(-132.4,17.,-7.7));
#8366 = VECTOR('',#8367,1.);
#8367 = DIRECTION('',(-0.,-6.938893903907E-15,1.));
#8368 = ORIENTED_EDGE('',*,*,#8369,.F.);
#8369 = EDGE_CURVE('',#8370,#8360,#8372,.T.);
#8370 = VERTEX_POINT('',#8371);
#8371 = CARTESIAN_POINT('',(-117.6,17.,-12.3));
#8372 = LINE('',#8373,#8374);
#8373 = CARTESIAN_POINT('',(-131.9,17.,-12.3));
#8374 = VECTOR('',#8375,1.);
#8375 = DIRECTION('',(-1.,-0.,1.257045997085E-16));
#8376 = ORIENTED_EDGE('',*,*,#8377,.F.);
#8377 = EDGE_CURVE('',#8378,#8370,#8380,.T.);
#8378 = VERTEX_POINT('',#8379);
#8379 = CARTESIAN_POINT('',(-117.6,17.,-7.7));
#8380 = LINE('',#8381,#8382);
#8381 = CARTESIAN_POINT('',(-117.6,17.,-12.3));
#8382 = VECTOR('',#8383,1.);
#8383 = DIRECTION('',(-0.,6.938893903907E-15,-1.));
#8384 = ORIENTED_EDGE('',*,*,#8385,.F.);
#8385 = EDGE_CURVE('',#8362,#8378,#8386,.T.);
#8386 = LINE('',#8387,#8388);
#8387 = CARTESIAN_POINT('',(-118.1,17.,-7.7));
#8388 = VECTOR('',#8389,1.);
#8389 = DIRECTION('',(1.,0.,0.));
#8390 = FACE_BOUND('',#8391,.T.);
#8391 = EDGE_LOOP('',(#8392,#8393,#8394,#8395,#8396,#8397));
#8392 = ORIENTED_EDGE('',*,*,#7856,.F.);
#8393 = ORIENTED_EDGE('',*,*,#7800,.T.);
#8394 = ORIENTED_EDGE('',*,*,#3501,.T.);
#8395 = ORIENTED_EDGE('',*,*,#7831,.F.);
#8396 = ORIENTED_EDGE('',*,*,#7878,.F.);
#8397 = ORIENTED_EDGE('',*,*,#8398,.F.);
#8398 = EDGE_CURVE('',#7857,#7879,#8399,.T.);
#8399 = LINE('',#8400,#8401);
#8400 = CARTESIAN_POINT('',(-141.,17.,-15.));
#8401 = VECTOR('',#8402,1.);
#8402 = DIRECTION('',(1.,-0.,1.230300337572E-16));
#8403 = PLANE('',#8404);
#8404 = AXIS2_PLACEMENT_3D('',#8405,#8406,#8407);
#8405 = CARTESIAN_POINT('',(-7.525139984965E-30,17.,6.640228679085E-14)
  );
#8406 = DIRECTION('',(4.426552932332E-31,-1.,-3.597944987211E-15));
#8407 = DIRECTION('',(0.,3.597944987211E-15,-1.));
#8408 = ADVANCED_FACE('',(#8409,#8429,#8449,#8469,#8489,#8509,#8529,
    #8549,#8569,#8589,#8609,#8643,#8677,#8711,#8745,#8779,#8813,#8847,
    #8881,#8915,#8949,#8983),#8996,.T.);
#8409 = FACE_BOUND('',#8410,.T.);
#8410 = EDGE_LOOP('',(#8411,#8422));
#8411 = ORIENTED_EDGE('',*,*,#8412,.F.);
#8412 = EDGE_CURVE('',#8413,#8415,#8417,.T.);
#8413 = VERTEX_POINT('',#8414);
#8414 = CARTESIAN_POINT('',(-62.5,15.5,-12.1));
#8415 = VERTEX_POINT('',#8416);
#8416 = CARTESIAN_POINT('',(-62.5,15.5,-7.9));
#8417 = CIRCLE('',#8418,2.1);
#8418 = AXIS2_PLACEMENT_3D('',#8419,#8420,#8421);
#8419 = CARTESIAN_POINT('',(-62.5,15.5,-10.));
#8420 = DIRECTION('',(4.426552932332E-31,-1.,-3.597944987211E-15));
#8421 = DIRECTION('',(-1.300121953756E-46,3.597944987211E-15,-1.));
#8422 = ORIENTED_EDGE('',*,*,#8423,.F.);
#8423 = EDGE_CURVE('',#8415,#8413,#8424,.T.);
#8424 = CIRCLE('',#8425,2.1);
#8425 = AXIS2_PLACEMENT_3D('',#8426,#8427,#8428);
#8426 = CARTESIAN_POINT('',(-62.5,15.5,-10.));
#8427 = DIRECTION('',(4.426552932332E-31,-1.,-3.597944987211E-15));
#8428 = DIRECTION('',(-1.300121953756E-46,3.597944987211E-15,-1.));
#8429 = FACE_BOUND('',#8430,.T.);
#8430 = EDGE_LOOP('',(#8431,#8442));
#8431 = ORIENTED_EDGE('',*,*,#8432,.F.);
#8432 = EDGE_CURVE('',#8433,#8435,#8437,.T.);
#8433 = VERTEX_POINT('',#8434);
#8434 = CARTESIAN_POINT('',(-37.5,15.5,-12.1));
#8435 = VERTEX_POINT('',#8436);
#8436 = CARTESIAN_POINT('',(-37.5,15.5,-7.9));
#8437 = CIRCLE('',#8438,2.1);
#8438 = AXIS2_PLACEMENT_3D('',#8439,#8440,#8441);
#8439 = CARTESIAN_POINT('',(-37.5,15.5,-10.));
#8440 = DIRECTION('',(4.426552932332E-31,-1.,-3.597944987211E-15));
#8441 = DIRECTION('',(-1.300121953756E-46,3.597944987211E-15,-1.));
#8442 = ORIENTED_EDGE('',*,*,#8443,.F.);
#8443 = EDGE_CURVE('',#8435,#8433,#8444,.T.);
#8444 = CIRCLE('',#8445,2.1);
#8445 = AXIS2_PLACEMENT_3D('',#8446,#8447,#8448);
#8446 = CARTESIAN_POINT('',(-37.5,15.5,-10.));
#8447 = DIRECTION('',(4.426552932332E-31,-1.,-3.597944987211E-15));
#8448 = DIRECTION('',(-1.300121953756E-46,3.597944987211E-15,-1.));
#8449 = FACE_BOUND('',#8450,.T.);
#8450 = EDGE_LOOP('',(#8451,#8462));
#8451 = ORIENTED_EDGE('',*,*,#8452,.F.);
#8452 = EDGE_CURVE('',#8453,#8455,#8457,.T.);
#8453 = VERTEX_POINT('',#8454);
#8454 = CARTESIAN_POINT('',(-12.5,15.5,-12.1));
#8455 = VERTEX_POINT('',#8456);
#8456 = CARTESIAN_POINT('',(-12.5,15.5,-7.9));
#8457 = CIRCLE('',#8458,2.1);
#8458 = AXIS2_PLACEMENT_3D('',#8459,#8460,#8461);
#8459 = CARTESIAN_POINT('',(-12.5,15.5,-10.));
#8460 = DIRECTION('',(4.426552932332E-31,-1.,-3.597944987211E-15));
#8461 = DIRECTION('',(-1.300121953756E-46,3.597944987211E-15,-1.));
#8462 = ORIENTED_EDGE('',*,*,#8463,.F.);
#8463 = EDGE_CURVE('',#8455,#8453,#8464,.T.);
#8464 = CIRCLE('',#8465,2.1);
#8465 = AXIS2_PLACEMENT_3D('',#8466,#8467,#8468);
#8466 = CARTESIAN_POINT('',(-12.5,15.5,-10.));
#8467 = DIRECTION('',(4.426552932332E-31,-1.,-3.597944987211E-15));
#8468 = DIRECTION('',(-1.300121953756E-46,3.597944987211E-15,-1.));
#8469 = FACE_BOUND('',#8470,.T.);
#8470 = EDGE_LOOP('',(#8471,#8482));
#8471 = ORIENTED_EDGE('',*,*,#8472,.F.);
#8472 = EDGE_CURVE('',#8473,#8475,#8477,.T.);
#8473 = VERTEX_POINT('',#8474);
#8474 = CARTESIAN_POINT('',(12.5,15.5,-12.1));
#8475 = VERTEX_POINT('',#8476);
#8476 = CARTESIAN_POINT('',(12.5,15.5,-7.9));
#8477 = CIRCLE('',#8478,2.1);
#8478 = AXIS2_PLACEMENT_3D('',#8479,#8480,#8481);
#8479 = CARTESIAN_POINT('',(12.5,15.5,-10.));
#8480 = DIRECTION('',(4.426552932332E-31,-1.,-3.597944987211E-15));
#8481 = DIRECTION('',(-1.300121953756E-46,3.597944987211E-15,-1.));
#8482 = ORIENTED_EDGE('',*,*,#8483,.F.);
#8483 = EDGE_CURVE('',#8475,#8473,#8484,.T.);
#8484 = CIRCLE('',#8485,2.1);
#8485 = AXIS2_PLACEMENT_3D('',#8486,#8487,#8488);
#8486 = CARTESIAN_POINT('',(12.5,15.5,-10.));
#8487 = DIRECTION('',(4.426552932332E-31,-1.,-3.597944987211E-15));
#8488 = DIRECTION('',(-1.300121953756E-46,3.597944987211E-15,-1.));
#8489 = FACE_BOUND('',#8490,.T.);
#8490 = EDGE_LOOP('',(#8491,#8502));
#8491 = ORIENTED_EDGE('',*,*,#8492,.F.);
#8492 = EDGE_CURVE('',#8493,#8495,#8497,.T.);
#8493 = VERTEX_POINT('',#8494);
#8494 = CARTESIAN_POINT('',(37.5,15.5,-12.1));
#8495 = VERTEX_POINT('',#8496);
#8496 = CARTESIAN_POINT('',(37.5,15.5,-7.9));
#8497 = CIRCLE('',#8498,2.1);
#8498 = AXIS2_PLACEMENT_3D('',#8499,#8500,#8501);
#8499 = CARTESIAN_POINT('',(37.5,15.5,-10.));
#8500 = DIRECTION('',(4.426552932332E-31,-1.,-3.597944987211E-15));
#8501 = DIRECTION('',(-1.300121953756E-46,3.597944987211E-15,-1.));
#8502 = ORIENTED_EDGE('',*,*,#8503,.F.);
#8503 = EDGE_CURVE('',#8495,#8493,#8504,.T.);
#8504 = CIRCLE('',#8505,2.1);
#8505 = AXIS2_PLACEMENT_3D('',#8506,#8507,#8508);
#8506 = CARTESIAN_POINT('',(37.5,15.5,-10.));
#8507 = DIRECTION('',(4.426552932332E-31,-1.,-3.597944987211E-15));
#8508 = DIRECTION('',(-1.300121953756E-46,3.597944987211E-15,-1.));
#8509 = FACE_BOUND('',#8510,.T.);
#8510 = EDGE_LOOP('',(#8511,#8522));
#8511 = ORIENTED_EDGE('',*,*,#8512,.F.);
#8512 = EDGE_CURVE('',#8513,#8515,#8517,.T.);
#8513 = VERTEX_POINT('',#8514);
#8514 = CARTESIAN_POINT('',(62.5,15.5,-12.1));
#8515 = VERTEX_POINT('',#8516);
#8516 = CARTESIAN_POINT('',(62.5,15.5,-7.9));
#8517 = CIRCLE('',#8518,2.1);
#8518 = AXIS2_PLACEMENT_3D('',#8519,#8520,#8521);
#8519 = CARTESIAN_POINT('',(62.5,15.5,-10.));
#8520 = DIRECTION('',(4.426552932332E-31,-1.,-3.597944987211E-15));
#8521 = DIRECTION('',(-1.300121953756E-46,3.597944987211E-15,-1.));
#8522 = ORIENTED_EDGE('',*,*,#8523,.F.);
#8523 = EDGE_CURVE('',#8515,#8513,#8524,.T.);
#8524 = CIRCLE('',#8525,2.1);
#8525 = AXIS2_PLACEMENT_3D('',#8526,#8527,#8528);
#8526 = CARTESIAN_POINT('',(62.5,15.5,-10.));
#8527 = DIRECTION('',(4.426552932332E-31,-1.,-3.597944987211E-15));
#8528 = DIRECTION('',(-1.300121953756E-46,3.597944987211E-15,-1.));
#8529 = FACE_BOUND('',#8530,.T.);
#8530 = EDGE_LOOP('',(#8531,#8542));
#8531 = ORIENTED_EDGE('',*,*,#8532,.F.);
#8532 = EDGE_CURVE('',#8533,#8535,#8537,.T.);
#8533 = VERTEX_POINT('',#8534);
#8534 = CARTESIAN_POINT('',(87.5,15.5,-12.1));
#8535 = VERTEX_POINT('',#8536);
#8536 = CARTESIAN_POINT('',(87.5,15.5,-7.9));
#8537 = CIRCLE('',#8538,2.1);
#8538 = AXIS2_PLACEMENT_3D('',#8539,#8540,#8541);
#8539 = CARTESIAN_POINT('',(87.5,15.5,-10.));
#8540 = DIRECTION('',(4.426552932332E-31,-1.,-3.597944987211E-15));
#8541 = DIRECTION('',(-1.300121953756E-46,3.597944987211E-15,-1.));
#8542 = ORIENTED_EDGE('',*,*,#8543,.F.);
#8543 = EDGE_CURVE('',#8535,#8533,#8544,.T.);
#8544 = CIRCLE('',#8545,2.1);
#8545 = AXIS2_PLACEMENT_3D('',#8546,#8547,#8548);
#8546 = CARTESIAN_POINT('',(87.5,15.5,-10.));
#8547 = DIRECTION('',(4.426552932332E-31,-1.,-3.597944987211E-15));
#8548 = DIRECTION('',(-1.300121953756E-46,3.597944987211E-15,-1.));
#8549 = FACE_BOUND('',#8550,.T.);
#8550 = EDGE_LOOP('',(#8551,#8562));
#8551 = ORIENTED_EDGE('',*,*,#8552,.F.);
#8552 = EDGE_CURVE('',#8553,#8555,#8557,.T.);
#8553 = VERTEX_POINT('',#8554);
#8554 = CARTESIAN_POINT('',(112.5,15.5,-12.1));
#8555 = VERTEX_POINT('',#8556);
#8556 = CARTESIAN_POINT('',(112.5,15.5,-7.9));
#8557 = CIRCLE('',#8558,2.1);
#8558 = AXIS2_PLACEMENT_3D('',#8559,#8560,#8561);
#8559 = CARTESIAN_POINT('',(112.5,15.5,-10.));
#8560 = DIRECTION('',(4.426552932332E-31,-1.,-3.597944987211E-15));
#8561 = DIRECTION('',(-1.300121953756E-46,3.597944987211E-15,-1.));
#8562 = ORIENTED_EDGE('',*,*,#8563,.F.);
#8563 = EDGE_CURVE('',#8555,#8553,#8564,.T.);
#8564 = CIRCLE('',#8565,2.1);
#8565 = AXIS2_PLACEMENT_3D('',#8566,#8567,#8568);
#8566 = CARTESIAN_POINT('',(112.5,15.5,-10.));
#8567 = DIRECTION('',(4.426552932332E-31,-1.,-3.597944987211E-15));
#8568 = DIRECTION('',(-1.300121953756E-46,3.597944987211E-15,-1.));
#8569 = FACE_BOUND('',#8570,.T.);
#8570 = EDGE_LOOP('',(#8571,#8582));
#8571 = ORIENTED_EDGE('',*,*,#8572,.F.);
#8572 = EDGE_CURVE('',#8573,#8575,#8577,.T.);
#8573 = VERTEX_POINT('',#8574);
#8574 = CARTESIAN_POINT('',(-87.5,15.5,-12.1));
#8575 = VERTEX_POINT('',#8576);
#8576 = CARTESIAN_POINT('',(-87.5,15.5,-7.9));
#8577 = CIRCLE('',#8578,2.1);
#8578 = AXIS2_PLACEMENT_3D('',#8579,#8580,#8581);
#8579 = CARTESIAN_POINT('',(-87.5,15.5,-10.));
#8580 = DIRECTION('',(4.426552932332E-31,-1.,-3.597944987211E-15));
#8581 = DIRECTION('',(-1.300121953756E-46,3.597944987211E-15,-1.));
#8582 = ORIENTED_EDGE('',*,*,#8583,.F.);
#8583 = EDGE_CURVE('',#8575,#8573,#8584,.T.);
#8584 = CIRCLE('',#8585,2.1);
#8585 = AXIS2_PLACEMENT_3D('',#8586,#8587,#8588);
#8586 = CARTESIAN_POINT('',(-87.5,15.5,-10.));
#8587 = DIRECTION('',(4.426552932332E-31,-1.,-3.597944987211E-15));
#8588 = DIRECTION('',(-1.300121953756E-46,3.597944987211E-15,-1.));
#8589 = FACE_BOUND('',#8590,.T.);
#8590 = EDGE_LOOP('',(#8591,#8602));
#8591 = ORIENTED_EDGE('',*,*,#8592,.F.);
#8592 = EDGE_CURVE('',#8593,#8595,#8597,.T.);
#8593 = VERTEX_POINT('',#8594);
#8594 = CARTESIAN_POINT('',(-112.5,15.5,-12.1));
#8595 = VERTEX_POINT('',#8596);
#8596 = CARTESIAN_POINT('',(-112.5,15.5,-7.9));
#8597 = CIRCLE('',#8598,2.1);
#8598 = AXIS2_PLACEMENT_3D('',#8599,#8600,#8601);
#8599 = CARTESIAN_POINT('',(-112.5,15.5,-10.));
#8600 = DIRECTION('',(4.426552932332E-31,-1.,-3.597944987211E-15));
#8601 = DIRECTION('',(-1.300121953756E-46,3.597944987211E-15,-1.));
#8602 = ORIENTED_EDGE('',*,*,#8603,.F.);
#8603 = EDGE_CURVE('',#8595,#8593,#8604,.T.);
#8604 = CIRCLE('',#8605,2.1);
#8605 = AXIS2_PLACEMENT_3D('',#8606,#8607,#8608);
#8606 = CARTESIAN_POINT('',(-112.5,15.5,-10.));
#8607 = DIRECTION('',(4.426552932332E-31,-1.,-3.597944987211E-15));
#8608 = DIRECTION('',(-1.300121953756E-46,3.597944987211E-15,-1.));
#8609 = FACE_BOUND('',#8610,.T.);
#8610 = EDGE_LOOP('',(#8611,#8621,#8629,#8637));
#8611 = ORIENTED_EDGE('',*,*,#8612,.F.);
#8612 = EDGE_CURVE('',#8613,#8615,#8617,.T.);
#8613 = VERTEX_POINT('',#8614);
#8614 = CARTESIAN_POINT('',(-82.4,15.5,-12.3));
#8615 = VERTEX_POINT('',#8616);
#8616 = CARTESIAN_POINT('',(-67.6,15.5,-12.3));
#8617 = LINE('',#8618,#8619);
#8618 = CARTESIAN_POINT('',(-1.546166576414E-15,15.5,-12.3));
#8619 = VECTOR('',#8620,1.);
#8620 = DIRECTION('',(1.,8.949335276237E-31,-1.257045997085E-16));
#8621 = ORIENTED_EDGE('',*,*,#8622,.F.);
#8622 = EDGE_CURVE('',#8623,#8613,#8625,.T.);
#8623 = VERTEX_POINT('',#8624);
#8624 = CARTESIAN_POINT('',(-82.4,15.5,-7.7));
#8625 = LINE('',#8626,#8627);
#8626 = CARTESIAN_POINT('',(-82.4,15.5,6.116506478259E-14));
#8627 = VECTOR('',#8628,1.);
#8628 = DIRECTION('',(0.,3.597944987211E-15,-1.));
#8629 = ORIENTED_EDGE('',*,*,#8630,.F.);
#8630 = EDGE_CURVE('',#8631,#8623,#8633,.T.);
#8631 = VERTEX_POINT('',#8632);
#8632 = CARTESIAN_POINT('',(-67.6,15.5,-7.7));
#8633 = LINE('',#8634,#8635);
#8634 = CARTESIAN_POINT('',(-7.525139984965E-30,15.5,-7.7));
#8635 = VECTOR('',#8636,1.);
#8636 = DIRECTION('',(-1.,-4.426552932332E-31,-1.592649393351E-45));
#8637 = ORIENTED_EDGE('',*,*,#8638,.F.);
#8638 = EDGE_CURVE('',#8615,#8631,#8639,.T.);
#8639 = LINE('',#8640,#8641);
#8640 = CARTESIAN_POINT('',(-67.6,15.5,6.116506478259E-14));
#8641 = VECTOR('',#8642,1.);
#8642 = DIRECTION('',(0.,-3.597944987211E-15,1.));
#8643 = FACE_BOUND('',#8644,.T.);
#8644 = EDGE_LOOP('',(#8645,#8655,#8663,#8671));
#8645 = ORIENTED_EDGE('',*,*,#8646,.F.);
#8646 = EDGE_CURVE('',#8647,#8649,#8651,.T.);
#8647 = VERTEX_POINT('',#8648);
#8648 = CARTESIAN_POINT('',(-57.4,15.5,-12.3));
#8649 = VERTEX_POINT('',#8650);
#8650 = CARTESIAN_POINT('',(-42.6,15.5,-12.3));
#8651 = LINE('',#8652,#8653);
#8652 = CARTESIAN_POINT('',(-1.546166576414E-15,15.5,-12.3));
#8653 = VECTOR('',#8654,1.);
#8654 = DIRECTION('',(1.,8.949335276237E-31,-1.257045997085E-16));
#8655 = ORIENTED_EDGE('',*,*,#8656,.F.);
#8656 = EDGE_CURVE('',#8657,#8647,#8659,.T.);
#8657 = VERTEX_POINT('',#8658);
#8658 = CARTESIAN_POINT('',(-57.4,15.5,-7.7));
#8659 = LINE('',#8660,#8661);
#8660 = CARTESIAN_POINT('',(-57.4,15.5,6.116506478259E-14));
#8661 = VECTOR('',#8662,1.);
#8662 = DIRECTION('',(0.,3.597944987211E-15,-1.));
#8663 = ORIENTED_EDGE('',*,*,#8664,.F.);
#8664 = EDGE_CURVE('',#8665,#8657,#8667,.T.);
#8665 = VERTEX_POINT('',#8666);
#8666 = CARTESIAN_POINT('',(-42.6,15.5,-7.7));
#8667 = LINE('',#8668,#8669);
#8668 = CARTESIAN_POINT('',(-7.525139984965E-30,15.5,-7.7));
#8669 = VECTOR('',#8670,1.);
#8670 = DIRECTION('',(-1.,-4.426552932332E-31,-1.592649393351E-45));
#8671 = ORIENTED_EDGE('',*,*,#8672,.F.);
#8672 = EDGE_CURVE('',#8649,#8665,#8673,.T.);
#8673 = LINE('',#8674,#8675);
#8674 = CARTESIAN_POINT('',(-42.6,15.5,6.116506478259E-14));
#8675 = VECTOR('',#8676,1.);
#8676 = DIRECTION('',(0.,-3.597944987211E-15,1.));
#8677 = FACE_BOUND('',#8678,.T.);
#8678 = EDGE_LOOP('',(#8679,#8689,#8697,#8705));
#8679 = ORIENTED_EDGE('',*,*,#8680,.F.);
#8680 = EDGE_CURVE('',#8681,#8683,#8685,.T.);
#8681 = VERTEX_POINT('',#8682);
#8682 = CARTESIAN_POINT('',(-32.4,15.5,-12.3));
#8683 = VERTEX_POINT('',#8684);
#8684 = CARTESIAN_POINT('',(-17.6,15.5,-12.3));
#8685 = LINE('',#8686,#8687);
#8686 = CARTESIAN_POINT('',(-1.546166576414E-15,15.5,-12.3));
#8687 = VECTOR('',#8688,1.);
#8688 = DIRECTION('',(1.,8.949335276237E-31,-1.257045997085E-16));
#8689 = ORIENTED_EDGE('',*,*,#8690,.F.);
#8690 = EDGE_CURVE('',#8691,#8681,#8693,.T.);
#8691 = VERTEX_POINT('',#8692);
#8692 = CARTESIAN_POINT('',(-32.4,15.5,-7.7));
#8693 = LINE('',#8694,#8695);
#8694 = CARTESIAN_POINT('',(-32.4,15.5,6.116506478259E-14));
#8695 = VECTOR('',#8696,1.);
#8696 = DIRECTION('',(0.,3.597944987211E-15,-1.));
#8697 = ORIENTED_EDGE('',*,*,#8698,.F.);
#8698 = EDGE_CURVE('',#8699,#8691,#8701,.T.);
#8699 = VERTEX_POINT('',#8700);
#8700 = CARTESIAN_POINT('',(-17.6,15.5,-7.7));
#8701 = LINE('',#8702,#8703);
#8702 = CARTESIAN_POINT('',(-7.525139984965E-30,15.5,-7.7));
#8703 = VECTOR('',#8704,1.);
#8704 = DIRECTION('',(-1.,-4.426552932332E-31,-1.592649393351E-45));
#8705 = ORIENTED_EDGE('',*,*,#8706,.F.);
#8706 = EDGE_CURVE('',#8683,#8699,#8707,.T.);
#8707 = LINE('',#8708,#8709);
#8708 = CARTESIAN_POINT('',(-17.6,15.5,6.116506478259E-14));
#8709 = VECTOR('',#8710,1.);
#8710 = DIRECTION('',(0.,-3.597944987211E-15,1.));
#8711 = FACE_BOUND('',#8712,.T.);
#8712 = EDGE_LOOP('',(#8713,#8723,#8731,#8739));
#8713 = ORIENTED_EDGE('',*,*,#8714,.F.);
#8714 = EDGE_CURVE('',#8715,#8717,#8719,.T.);
#8715 = VERTEX_POINT('',#8716);
#8716 = CARTESIAN_POINT('',(-7.4,15.5,-12.3));
#8717 = VERTEX_POINT('',#8718);
#8718 = CARTESIAN_POINT('',(7.4,15.5,-12.3));
#8719 = LINE('',#8720,#8721);
#8720 = CARTESIAN_POINT('',(-1.546166576414E-15,15.5,-12.3));
#8721 = VECTOR('',#8722,1.);
#8722 = DIRECTION('',(1.,8.949335276237E-31,-1.257045997085E-16));
#8723 = ORIENTED_EDGE('',*,*,#8724,.F.);
#8724 = EDGE_CURVE('',#8725,#8715,#8727,.T.);
#8725 = VERTEX_POINT('',#8726);
#8726 = CARTESIAN_POINT('',(-7.4,15.5,-7.7));
#8727 = LINE('',#8728,#8729);
#8728 = CARTESIAN_POINT('',(-7.4,15.5,6.116506478259E-14));
#8729 = VECTOR('',#8730,1.);
#8730 = DIRECTION('',(0.,3.597944987211E-15,-1.));
#8731 = ORIENTED_EDGE('',*,*,#8732,.F.);
#8732 = EDGE_CURVE('',#8733,#8725,#8735,.T.);
#8733 = VERTEX_POINT('',#8734);
#8734 = CARTESIAN_POINT('',(7.4,15.5,-7.7));
#8735 = LINE('',#8736,#8737);
#8736 = CARTESIAN_POINT('',(-7.525139984965E-30,15.5,-7.7));
#8737 = VECTOR('',#8738,1.);
#8738 = DIRECTION('',(-1.,-4.426552932332E-31,-1.592649393351E-45));
#8739 = ORIENTED_EDGE('',*,*,#8740,.F.);
#8740 = EDGE_CURVE('',#8717,#8733,#8741,.T.);
#8741 = LINE('',#8742,#8743);
#8742 = CARTESIAN_POINT('',(7.4,15.5,6.116506478259E-14));
#8743 = VECTOR('',#8744,1.);
#8744 = DIRECTION('',(0.,-3.597944987211E-15,1.));
#8745 = FACE_BOUND('',#8746,.T.);
#8746 = EDGE_LOOP('',(#8747,#8757,#8765,#8773));
#8747 = ORIENTED_EDGE('',*,*,#8748,.F.);
#8748 = EDGE_CURVE('',#8749,#8751,#8753,.T.);
#8749 = VERTEX_POINT('',#8750);
#8750 = CARTESIAN_POINT('',(17.6,15.5,-12.3));
#8751 = VERTEX_POINT('',#8752);
#8752 = CARTESIAN_POINT('',(32.4,15.5,-12.3));
#8753 = LINE('',#8754,#8755);
#8754 = CARTESIAN_POINT('',(-1.546166576414E-15,15.5,-12.3));
#8755 = VECTOR('',#8756,1.);
#8756 = DIRECTION('',(1.,8.949335276237E-31,-1.257045997085E-16));
#8757 = ORIENTED_EDGE('',*,*,#8758,.F.);
#8758 = EDGE_CURVE('',#8759,#8749,#8761,.T.);
#8759 = VERTEX_POINT('',#8760);
#8760 = CARTESIAN_POINT('',(17.6,15.5,-7.7));
#8761 = LINE('',#8762,#8763);
#8762 = CARTESIAN_POINT('',(17.6,15.5,6.116506478259E-14));
#8763 = VECTOR('',#8764,1.);
#8764 = DIRECTION('',(0.,3.597944987211E-15,-1.));
#8765 = ORIENTED_EDGE('',*,*,#8766,.F.);
#8766 = EDGE_CURVE('',#8767,#8759,#8769,.T.);
#8767 = VERTEX_POINT('',#8768);
#8768 = CARTESIAN_POINT('',(32.4,15.5,-7.7));
#8769 = LINE('',#8770,#8771);
#8770 = CARTESIAN_POINT('',(-7.525139984965E-30,15.5,-7.7));
#8771 = VECTOR('',#8772,1.);
#8772 = DIRECTION('',(-1.,-4.426552932332E-31,-1.592649393351E-45));
#8773 = ORIENTED_EDGE('',*,*,#8774,.F.);
#8774 = EDGE_CURVE('',#8751,#8767,#8775,.T.);
#8775 = LINE('',#8776,#8777);
#8776 = CARTESIAN_POINT('',(32.4,15.5,6.116506478259E-14));
#8777 = VECTOR('',#8778,1.);
#8778 = DIRECTION('',(0.,-3.597944987211E-15,1.));
#8779 = FACE_BOUND('',#8780,.T.);
#8780 = EDGE_LOOP('',(#8781,#8791,#8799,#8807));
#8781 = ORIENTED_EDGE('',*,*,#8782,.F.);
#8782 = EDGE_CURVE('',#8783,#8785,#8787,.T.);
#8783 = VERTEX_POINT('',#8784);
#8784 = CARTESIAN_POINT('',(42.6,15.5,-12.3));
#8785 = VERTEX_POINT('',#8786);
#8786 = CARTESIAN_POINT('',(57.4,15.5,-12.3));
#8787 = LINE('',#8788,#8789);
#8788 = CARTESIAN_POINT('',(-1.546166576414E-15,15.5,-12.3));
#8789 = VECTOR('',#8790,1.);
#8790 = DIRECTION('',(1.,8.949335276237E-31,-1.257045997085E-16));
#8791 = ORIENTED_EDGE('',*,*,#8792,.F.);
#8792 = EDGE_CURVE('',#8793,#8783,#8795,.T.);
#8793 = VERTEX_POINT('',#8794);
#8794 = CARTESIAN_POINT('',(42.6,15.5,-7.7));
#8795 = LINE('',#8796,#8797);
#8796 = CARTESIAN_POINT('',(42.6,15.5,6.116506478259E-14));
#8797 = VECTOR('',#8798,1.);
#8798 = DIRECTION('',(0.,3.597944987211E-15,-1.));
#8799 = ORIENTED_EDGE('',*,*,#8800,.F.);
#8800 = EDGE_CURVE('',#8801,#8793,#8803,.T.);
#8801 = VERTEX_POINT('',#8802);
#8802 = CARTESIAN_POINT('',(57.4,15.5,-7.7));
#8803 = LINE('',#8804,#8805);
#8804 = CARTESIAN_POINT('',(-7.525139984965E-30,15.5,-7.7));
#8805 = VECTOR('',#8806,1.);
#8806 = DIRECTION('',(-1.,-4.426552932332E-31,-1.592649393351E-45));
#8807 = ORIENTED_EDGE('',*,*,#8808,.F.);
#8808 = EDGE_CURVE('',#8785,#8801,#8809,.T.);
#8809 = LINE('',#8810,#8811);
#8810 = CARTESIAN_POINT('',(57.4,15.5,6.116506478259E-14));
#8811 = VECTOR('',#8812,1.);
#8812 = DIRECTION('',(0.,-3.597944987211E-15,1.));
#8813 = FACE_BOUND('',#8814,.T.);
#8814 = EDGE_LOOP('',(#8815,#8825,#8833,#8841));
#8815 = ORIENTED_EDGE('',*,*,#8816,.F.);
#8816 = EDGE_CURVE('',#8817,#8819,#8821,.T.);
#8817 = VERTEX_POINT('',#8818);
#8818 = CARTESIAN_POINT('',(67.6,15.5,-12.3));
#8819 = VERTEX_POINT('',#8820);
#8820 = CARTESIAN_POINT('',(82.4,15.5,-12.3));
#8821 = LINE('',#8822,#8823);
#8822 = CARTESIAN_POINT('',(-1.546166576414E-15,15.5,-12.3));
#8823 = VECTOR('',#8824,1.);
#8824 = DIRECTION('',(1.,8.949335276237E-31,-1.257045997085E-16));
#8825 = ORIENTED_EDGE('',*,*,#8826,.F.);
#8826 = EDGE_CURVE('',#8827,#8817,#8829,.T.);
#8827 = VERTEX_POINT('',#8828);
#8828 = CARTESIAN_POINT('',(67.6,15.5,-7.7));
#8829 = LINE('',#8830,#8831);
#8830 = CARTESIAN_POINT('',(67.6,15.5,6.116506478259E-14));
#8831 = VECTOR('',#8832,1.);
#8832 = DIRECTION('',(0.,3.597944987211E-15,-1.));
#8833 = ORIENTED_EDGE('',*,*,#8834,.F.);
#8834 = EDGE_CURVE('',#8835,#8827,#8837,.T.);
#8835 = VERTEX_POINT('',#8836);
#8836 = CARTESIAN_POINT('',(82.4,15.5,-7.7));
#8837 = LINE('',#8838,#8839);
#8838 = CARTESIAN_POINT('',(-7.525139984965E-30,15.5,-7.7));
#8839 = VECTOR('',#8840,1.);
#8840 = DIRECTION('',(-1.,-4.426552932332E-31,-1.592649393351E-45));
#8841 = ORIENTED_EDGE('',*,*,#8842,.F.);
#8842 = EDGE_CURVE('',#8819,#8835,#8843,.T.);
#8843 = LINE('',#8844,#8845);
#8844 = CARTESIAN_POINT('',(82.4,15.5,6.116506478259E-14));
#8845 = VECTOR('',#8846,1.);
#8846 = DIRECTION('',(0.,-3.597944987211E-15,1.));
#8847 = FACE_BOUND('',#8848,.T.);
#8848 = EDGE_LOOP('',(#8849,#8859,#8867,#8875));
#8849 = ORIENTED_EDGE('',*,*,#8850,.F.);
#8850 = EDGE_CURVE('',#8851,#8853,#8855,.T.);
#8851 = VERTEX_POINT('',#8852);
#8852 = CARTESIAN_POINT('',(92.6,15.5,-12.3));
#8853 = VERTEX_POINT('',#8854);
#8854 = CARTESIAN_POINT('',(107.4,15.5,-12.3));
#8855 = LINE('',#8856,#8857);
#8856 = CARTESIAN_POINT('',(-1.546166576414E-15,15.5,-12.3));
#8857 = VECTOR('',#8858,1.);
#8858 = DIRECTION('',(1.,8.949335276237E-31,-1.257045997085E-16));
#8859 = ORIENTED_EDGE('',*,*,#8860,.F.);
#8860 = EDGE_CURVE('',#8861,#8851,#8863,.T.);
#8861 = VERTEX_POINT('',#8862);
#8862 = CARTESIAN_POINT('',(92.6,15.5,-7.7));
#8863 = LINE('',#8864,#8865);
#8864 = CARTESIAN_POINT('',(92.6,15.5,6.116506478259E-14));
#8865 = VECTOR('',#8866,1.);
#8866 = DIRECTION('',(0.,3.597944987211E-15,-1.));
#8867 = ORIENTED_EDGE('',*,*,#8868,.F.);
#8868 = EDGE_CURVE('',#8869,#8861,#8871,.T.);
#8869 = VERTEX_POINT('',#8870);
#8870 = CARTESIAN_POINT('',(107.4,15.5,-7.7));
#8871 = LINE('',#8872,#8873);
#8872 = CARTESIAN_POINT('',(-7.525139984965E-30,15.5,-7.7));
#8873 = VECTOR('',#8874,1.);
#8874 = DIRECTION('',(-1.,-4.426552932332E-31,-1.592649393351E-45));
#8875 = ORIENTED_EDGE('',*,*,#8876,.F.);
#8876 = EDGE_CURVE('',#8853,#8869,#8877,.T.);
#8877 = LINE('',#8878,#8879);
#8878 = CARTESIAN_POINT('',(107.4,15.5,6.116506478259E-14));
#8879 = VECTOR('',#8880,1.);
#8880 = DIRECTION('',(0.,-3.597944987211E-15,1.));
#8881 = FACE_BOUND('',#8882,.T.);
#8882 = EDGE_LOOP('',(#8883,#8893,#8901,#8909));
#8883 = ORIENTED_EDGE('',*,*,#8884,.F.);
#8884 = EDGE_CURVE('',#8885,#8887,#8889,.T.);
#8885 = VERTEX_POINT('',#8886);
#8886 = CARTESIAN_POINT('',(117.6,15.5,-12.3));
#8887 = VERTEX_POINT('',#8888);
#8888 = CARTESIAN_POINT('',(132.4,15.5,-12.3));
#8889 = LINE('',#8890,#8891);
#8890 = CARTESIAN_POINT('',(-1.546166576414E-15,15.5,-12.3));
#8891 = VECTOR('',#8892,1.);
#8892 = DIRECTION('',(1.,8.949335276237E-31,-1.257045997085E-16));
#8893 = ORIENTED_EDGE('',*,*,#8894,.F.);
#8894 = EDGE_CURVE('',#8895,#8885,#8897,.T.);
#8895 = VERTEX_POINT('',#8896);
#8896 = CARTESIAN_POINT('',(117.6,15.5,-7.7));
#8897 = LINE('',#8898,#8899);
#8898 = CARTESIAN_POINT('',(117.6,15.5,6.116506478259E-14));
#8899 = VECTOR('',#8900,1.);
#8900 = DIRECTION('',(0.,3.597944987211E-15,-1.));
#8901 = ORIENTED_EDGE('',*,*,#8902,.F.);
#8902 = EDGE_CURVE('',#8903,#8895,#8905,.T.);
#8903 = VERTEX_POINT('',#8904);
#8904 = CARTESIAN_POINT('',(132.4,15.5,-7.7));
#8905 = LINE('',#8906,#8907);
#8906 = CARTESIAN_POINT('',(-7.525139984965E-30,15.5,-7.7));
#8907 = VECTOR('',#8908,1.);
#8908 = DIRECTION('',(-1.,-4.426552932332E-31,-1.592649393351E-45));
#8909 = ORIENTED_EDGE('',*,*,#8910,.F.);
#8910 = EDGE_CURVE('',#8887,#8903,#8911,.T.);
#8911 = LINE('',#8912,#8913);
#8912 = CARTESIAN_POINT('',(132.4,15.5,6.116506478259E-14));
#8913 = VECTOR('',#8914,1.);
#8914 = DIRECTION('',(0.,-3.597944987211E-15,1.));
#8915 = FACE_BOUND('',#8916,.T.);
#8916 = EDGE_LOOP('',(#8917,#8927,#8935,#8943));
#8917 = ORIENTED_EDGE('',*,*,#8918,.F.);
#8918 = EDGE_CURVE('',#8919,#8921,#8923,.T.);
#8919 = VERTEX_POINT('',#8920);
#8920 = CARTESIAN_POINT('',(-107.4,15.5,-12.3));
#8921 = VERTEX_POINT('',#8922);
#8922 = CARTESIAN_POINT('',(-92.6,15.5,-12.3));
#8923 = LINE('',#8924,#8925);
#8924 = CARTESIAN_POINT('',(-1.546166576414E-15,15.5,-12.3));
#8925 = VECTOR('',#8926,1.);
#8926 = DIRECTION('',(1.,8.949335276237E-31,-1.257045997085E-16));
#8927 = ORIENTED_EDGE('',*,*,#8928,.F.);
#8928 = EDGE_CURVE('',#8929,#8919,#8931,.T.);
#8929 = VERTEX_POINT('',#8930);
#8930 = CARTESIAN_POINT('',(-107.4,15.5,-7.7));
#8931 = LINE('',#8932,#8933);
#8932 = CARTESIAN_POINT('',(-107.4,15.5,6.116506478259E-14));
#8933 = VECTOR('',#8934,1.);
#8934 = DIRECTION('',(0.,3.597944987211E-15,-1.));
#8935 = ORIENTED_EDGE('',*,*,#8936,.F.);
#8936 = EDGE_CURVE('',#8937,#8929,#8939,.T.);
#8937 = VERTEX_POINT('',#8938);
#8938 = CARTESIAN_POINT('',(-92.6,15.5,-7.7));
#8939 = LINE('',#8940,#8941);
#8940 = CARTESIAN_POINT('',(-7.525139984965E-30,15.5,-7.7));
#8941 = VECTOR('',#8942,1.);
#8942 = DIRECTION('',(-1.,-4.426552932332E-31,-1.592649393351E-45));
#8943 = ORIENTED_EDGE('',*,*,#8944,.F.);
#8944 = EDGE_CURVE('',#8921,#8937,#8945,.T.);
#8945 = LINE('',#8946,#8947);
#8946 = CARTESIAN_POINT('',(-92.6,15.5,6.116506478259E-14));
#8947 = VECTOR('',#8948,1.);
#8948 = DIRECTION('',(0.,-3.597944987211E-15,1.));
#8949 = FACE_BOUND('',#8950,.T.);
#8950 = EDGE_LOOP('',(#8951,#8961,#8969,#8977));
#8951 = ORIENTED_EDGE('',*,*,#8952,.F.);
#8952 = EDGE_CURVE('',#8953,#8955,#8957,.T.);
#8953 = VERTEX_POINT('',#8954);
#8954 = CARTESIAN_POINT('',(-132.4,15.5,-12.3));
#8955 = VERTEX_POINT('',#8956);
#8956 = CARTESIAN_POINT('',(-117.6,15.5,-12.3));
#8957 = LINE('',#8958,#8959);
#8958 = CARTESIAN_POINT('',(-1.546166576414E-15,15.5,-12.3));
#8959 = VECTOR('',#8960,1.);
#8960 = DIRECTION('',(1.,8.949335276237E-31,-1.257045997085E-16));
#8961 = ORIENTED_EDGE('',*,*,#8962,.F.);
#8962 = EDGE_CURVE('',#8963,#8953,#8965,.T.);
#8963 = VERTEX_POINT('',#8964);
#8964 = CARTESIAN_POINT('',(-132.4,15.5,-7.7));
#8965 = LINE('',#8966,#8967);
#8966 = CARTESIAN_POINT('',(-132.4,15.5,6.116506478259E-14));
#8967 = VECTOR('',#8968,1.);
#8968 = DIRECTION('',(0.,3.597944987211E-15,-1.));
#8969 = ORIENTED_EDGE('',*,*,#8970,.F.);
#8970 = EDGE_CURVE('',#8971,#8963,#8973,.T.);
#8971 = VERTEX_POINT('',#8972);
#8972 = CARTESIAN_POINT('',(-117.6,15.5,-7.7));
#8973 = LINE('',#8974,#8975);
#8974 = CARTESIAN_POINT('',(-7.525139984965E-30,15.5,-7.7));
#8975 = VECTOR('',#8976,1.);
#8976 = DIRECTION('',(-1.,-4.426552932332E-31,-1.592649393351E-45));
#8977 = ORIENTED_EDGE('',*,*,#8978,.F.);
#8978 = EDGE_CURVE('',#8955,#8971,#8979,.T.);
#8979 = LINE('',#8980,#8981);
#8980 = CARTESIAN_POINT('',(-117.6,15.5,6.116506478259E-14));
#8981 = VECTOR('',#8982,1.);
#8982 = DIRECTION('',(0.,-3.597944987211E-15,1.));
#8983 = FACE_BOUND('',#8984,.T.);
#8984 = EDGE_LOOP('',(#8985,#8986,#8987,#8988,#8989,#8990));
#8985 = ORIENTED_EDGE('',*,*,#7887,.T.);
#8986 = ORIENTED_EDGE('',*,*,#7815,.T.);
#8987 = ORIENTED_EDGE('',*,*,#1715,.F.);
#8988 = ORIENTED_EDGE('',*,*,#7791,.F.);
#8989 = ORIENTED_EDGE('',*,*,#7847,.T.);
#8990 = ORIENTED_EDGE('',*,*,#8991,.T.);
#8991 = EDGE_CURVE('',#7848,#7888,#8992,.T.);
#8992 = LINE('',#8993,#8994);
#8993 = CARTESIAN_POINT('',(1.845450506358E-15,15.5,-15.));
#8994 = VECTOR('',#8995,1.);
#8995 = DIRECTION('',(1.,0.,1.230300337572E-16));
#8996 = PLANE('',#8997);
#8997 = AXIS2_PLACEMENT_3D('',#8998,#8999,#9000);
#8998 = CARTESIAN_POINT('',(-7.525139984965E-30,15.5,6.116506478259E-14)
  );
#8999 = DIRECTION('',(4.426552932332E-31,-1.,-3.597944987211E-15));
#9000 = DIRECTION('',(0.,3.597944987211E-15,-1.));
#9001 = ADVANCED_FACE('',(#9002),#9008,.T.);
#9002 = FACE_BOUND('',#9003,.T.);
#9003 = EDGE_LOOP('',(#9004,#9005,#9006,#9007));
#9004 = ORIENTED_EDGE('',*,*,#8991,.F.);
#9005 = ORIENTED_EDGE('',*,*,#7864,.F.);
#9006 = ORIENTED_EDGE('',*,*,#8398,.T.);
#9007 = ORIENTED_EDGE('',*,*,#7895,.T.);
#9008 = PLANE('',#9009);
#9009 = AXIS2_PLACEMENT_3D('',#9010,#9011,#9012);
#9010 = CARTESIAN_POINT('',(-141.,17.,-15.));
#9011 = DIRECTION('',(1.230300337572E-16,3.491481338843E-15,-1.));
#9012 = DIRECTION('',(0.,1.,3.491481338843E-15));
#9013 = ADVANCED_FACE('',(#9014),#9030,.T.);
#9014 = FACE_BOUND('',#9015,.T.);
#9015 = EDGE_LOOP('',(#9016,#9017,#9023,#9024));
#9016 = ORIENTED_EDGE('',*,*,#3354,.T.);
#9017 = ORIENTED_EDGE('',*,*,#9018,.F.);
#9018 = EDGE_CURVE('',#1560,#3344,#9019,.T.);
#9019 = LINE('',#9020,#9021);
#9020 = CARTESIAN_POINT('',(-120.4145123926,2.55652173913,-1.5));
#9021 = VECTOR('',#9022,1.);
#9022 = DIRECTION('',(-0.,-0.,1.));
#9023 = ORIENTED_EDGE('',*,*,#1557,.F.);
#9024 = ORIENTED_EDGE('',*,*,#9025,.T.);
#9025 = EDGE_CURVE('',#1558,#3355,#9026,.T.);
#9026 = LINE('',#9027,#9028);
#9027 = CARTESIAN_POINT('',(-119.9777992871,2.3,-1.5));
#9028 = VECTOR('',#9029,1.);
#9029 = DIRECTION('',(-0.,-0.,1.));
#9030 = CYLINDRICAL_SURFACE('',#9031,0.5);
#9031 = AXIS2_PLACEMENT_3D('',#9032,#9033,#9034);
#9032 = CARTESIAN_POINT('',(-119.9777992871,2.8,-1.5));
#9033 = DIRECTION('',(-0.,-0.,1.));
#9034 = DIRECTION('',(1.,0.,0.));
#9035 = ADVANCED_FACE('',(#9036),#9047,.F.);
#9036 = FACE_BOUND('',#9037,.T.);
#9037 = EDGE_LOOP('',(#9038,#9039,#9040,#9041));
#9038 = ORIENTED_EDGE('',*,*,#3363,.T.);
#9039 = ORIENTED_EDGE('',*,*,#9025,.F.);
#9040 = ORIENTED_EDGE('',*,*,#1689,.F.);
#9041 = ORIENTED_EDGE('',*,*,#9042,.T.);
#9042 = EDGE_CURVE('',#1681,#3364,#9043,.T.);
#9043 = LINE('',#9044,#9045);
#9044 = CARTESIAN_POINT('',(-118.1,2.3,-1.5));
#9045 = VECTOR('',#9046,1.);
#9046 = DIRECTION('',(-0.,-0.,1.));
#9047 = PLANE('',#9048);
#9048 = AXIS2_PLACEMENT_3D('',#9049,#9050,#9051);
#9049 = CARTESIAN_POINT('',(-119.9777992871,2.3,-1.5));
#9050 = DIRECTION('',(-6.466646576573E-15,1.,0.));
#9051 = DIRECTION('',(-1.,-6.466646576573E-15,0.));
#9052 = ADVANCED_FACE('',(#9053),#9064,.F.);
#9053 = FACE_BOUND('',#9054,.F.);
#9054 = EDGE_LOOP('',(#9055,#9061,#9062,#9063));
#9055 = ORIENTED_EDGE('',*,*,#9056,.F.);
#9056 = EDGE_CURVE('',#1673,#3372,#9057,.T.);
#9057 = LINE('',#9058,#9059);
#9058 = CARTESIAN_POINT('',(-117.6,1.8,-1.5));
#9059 = VECTOR('',#9060,1.);
#9060 = DIRECTION('',(-0.,-0.,1.));
#9061 = ORIENTED_EDGE('',*,*,#1680,.T.);
#9062 = ORIENTED_EDGE('',*,*,#9042,.T.);
#9063 = ORIENTED_EDGE('',*,*,#3371,.F.);
#9064 = CYLINDRICAL_SURFACE('',#9065,0.5);
#9065 = AXIS2_PLACEMENT_3D('',#9066,#9067,#9068);
#9066 = CARTESIAN_POINT('',(-118.1,1.8,-1.5));
#9067 = DIRECTION('',(-0.,-0.,1.));
#9068 = DIRECTION('',(1.,0.,0.));
#9069 = ADVANCED_FACE('',(#9070),#9081,.F.);
#9070 = FACE_BOUND('',#9071,.T.);
#9071 = EDGE_LOOP('',(#9072,#9073,#9074,#9075));
#9072 = ORIENTED_EDGE('',*,*,#3380,.T.);
#9073 = ORIENTED_EDGE('',*,*,#9056,.F.);
#9074 = ORIENTED_EDGE('',*,*,#1672,.F.);
#9075 = ORIENTED_EDGE('',*,*,#9076,.T.);
#9076 = EDGE_CURVE('',#1664,#3381,#9077,.T.);
#9077 = LINE('',#9078,#9079);
#9078 = CARTESIAN_POINT('',(-117.6,-1.8,-1.5));
#9079 = VECTOR('',#9080,1.);
#9080 = DIRECTION('',(-0.,-0.,1.));
#9081 = PLANE('',#9082);
#9082 = AXIS2_PLACEMENT_3D('',#9083,#9084,#9085);
#9083 = CARTESIAN_POINT('',(-117.6,-1.8,-1.5));
#9084 = DIRECTION('',(1.,-0.,0.));
#9085 = DIRECTION('',(0.,0.,-1.));
#9086 = ADVANCED_FACE('',(#9087),#9098,.F.);
#9087 = FACE_BOUND('',#9088,.F.);
#9088 = EDGE_LOOP('',(#9089,#9095,#9096,#9097));
#9089 = ORIENTED_EDGE('',*,*,#9090,.F.);
#9090 = EDGE_CURVE('',#1656,#3389,#9091,.T.);
#9091 = LINE('',#9092,#9093);
#9092 = CARTESIAN_POINT('',(-118.1,-2.3,-1.5));
#9093 = VECTOR('',#9094,1.);
#9094 = DIRECTION('',(-0.,-0.,1.));
#9095 = ORIENTED_EDGE('',*,*,#1663,.T.);
#9096 = ORIENTED_EDGE('',*,*,#9076,.T.);
#9097 = ORIENTED_EDGE('',*,*,#3388,.F.);
#9098 = CYLINDRICAL_SURFACE('',#9099,0.5);
#9099 = AXIS2_PLACEMENT_3D('',#9100,#9101,#9102);
#9100 = CARTESIAN_POINT('',(-118.1,-1.8,-1.5));
#9101 = DIRECTION('',(-0.,-0.,1.));
#9102 = DIRECTION('',(1.,0.,0.));
#9103 = ADVANCED_FACE('',(#9104),#9115,.F.);
#9104 = FACE_BOUND('',#9105,.T.);
#9105 = EDGE_LOOP('',(#9106,#9107,#9108,#9109));
#9106 = ORIENTED_EDGE('',*,*,#3397,.T.);
#9107 = ORIENTED_EDGE('',*,*,#9090,.F.);
#9108 = ORIENTED_EDGE('',*,*,#1655,.F.);
#9109 = ORIENTED_EDGE('',*,*,#9110,.T.);
#9110 = EDGE_CURVE('',#1647,#3398,#9111,.T.);
#9111 = LINE('',#9112,#9113);
#9112 = CARTESIAN_POINT('',(-119.9777992871,-2.3,-1.5));
#9113 = VECTOR('',#9114,1.);
#9114 = DIRECTION('',(-0.,-0.,1.));
#9115 = PLANE('',#9116);
#9116 = AXIS2_PLACEMENT_3D('',#9117,#9118,#9119);
#9117 = CARTESIAN_POINT('',(-119.9777992871,-2.3,-1.5));
#9118 = DIRECTION('',(0.,-1.,0.));
#9119 = DIRECTION('',(0.,-0.,-1.));
#9120 = ADVANCED_FACE('',(#9121),#9132,.T.);
#9121 = FACE_BOUND('',#9122,.T.);
#9122 = EDGE_LOOP('',(#9123,#9124,#9125,#9126));
#9123 = ORIENTED_EDGE('',*,*,#3405,.T.);
#9124 = ORIENTED_EDGE('',*,*,#9110,.F.);
#9125 = ORIENTED_EDGE('',*,*,#1646,.F.);
#9126 = ORIENTED_EDGE('',*,*,#9127,.T.);
#9127 = EDGE_CURVE('',#1638,#3406,#9128,.T.);
#9128 = LINE('',#9129,#9130);
#9129 = CARTESIAN_POINT('',(-120.4145123926,-2.55652173913,-1.5));
#9130 = VECTOR('',#9131,1.);
#9131 = DIRECTION('',(-0.,-0.,1.));
#9132 = CYLINDRICAL_SURFACE('',#9133,0.5);
#9133 = AXIS2_PLACEMENT_3D('',#9134,#9135,#9136);
#9134 = CARTESIAN_POINT('',(-119.9777992871,-2.8,-1.5));
#9135 = DIRECTION('',(-0.,-0.,1.));
#9136 = DIRECTION('',(1.,0.,0.));
#9137 = ADVANCED_FACE('',(#9138),#9149,.F.);
#9138 = FACE_BOUND('',#9139,.F.);
#9139 = EDGE_LOOP('',(#9140,#9146,#9147,#9148));
#9140 = ORIENTED_EDGE('',*,*,#9141,.F.);
#9141 = EDGE_CURVE('',#1629,#3415,#9142,.T.);
#9142 = LINE('',#9143,#9144);
#9143 = CARTESIAN_POINT('',(-129.5854876073,-2.55652173913,-1.5));
#9144 = VECTOR('',#9145,1.);
#9145 = DIRECTION('',(-0.,-0.,1.));
#9146 = ORIENTED_EDGE('',*,*,#1637,.T.);
#9147 = ORIENTED_EDGE('',*,*,#9127,.T.);
#9148 = ORIENTED_EDGE('',*,*,#3414,.F.);
#9149 = CYLINDRICAL_SURFACE('',#9150,5.25);
#9150 = AXIS2_PLACEMENT_3D('',#9151,#9152,#9153);
#9151 = CARTESIAN_POINT('',(-125.,-1.561251128379E-14,-1.5));
#9152 = DIRECTION('',(-0.,-0.,1.));
#9153 = DIRECTION('',(1.,0.,0.));
#9154 = ADVANCED_FACE('',(#9155),#9166,.T.);
#9155 = FACE_BOUND('',#9156,.T.);
#9156 = EDGE_LOOP('',(#9157,#9158,#9159,#9160));
#9157 = ORIENTED_EDGE('',*,*,#3423,.T.);
#9158 = ORIENTED_EDGE('',*,*,#9141,.F.);
#9159 = ORIENTED_EDGE('',*,*,#1628,.F.);
#9160 = ORIENTED_EDGE('',*,*,#9161,.T.);
#9161 = EDGE_CURVE('',#1621,#3424,#9162,.T.);
#9162 = LINE('',#9163,#9164);
#9163 = CARTESIAN_POINT('',(-130.0222007128,-2.3,-1.5));
#9164 = VECTOR('',#9165,1.);
#9165 = DIRECTION('',(-0.,-0.,1.));
#9166 = CYLINDRICAL_SURFACE('',#9167,0.5);
#9167 = AXIS2_PLACEMENT_3D('',#9168,#9169,#9170);
#9168 = CARTESIAN_POINT('',(-130.0222007128,-2.8,-1.5));
#9169 = DIRECTION('',(-0.,-0.,1.));
#9170 = DIRECTION('',(1.,0.,0.));
#9171 = ADVANCED_FACE('',(#9172),#9183,.F.);
#9172 = FACE_BOUND('',#9173,.T.);
#9173 = EDGE_LOOP('',(#9174,#9175,#9176,#9177));
#9174 = ORIENTED_EDGE('',*,*,#3432,.T.);
#9175 = ORIENTED_EDGE('',*,*,#9161,.F.);
#9176 = ORIENTED_EDGE('',*,*,#1620,.F.);
#9177 = ORIENTED_EDGE('',*,*,#9178,.T.);
#9178 = EDGE_CURVE('',#1612,#3433,#9179,.T.);
#9179 = LINE('',#9180,#9181);
#9180 = CARTESIAN_POINT('',(-131.9,-2.3,-1.5));
#9181 = VECTOR('',#9182,1.);
#9182 = DIRECTION('',(-0.,-0.,1.));
#9183 = PLANE('',#9184);
#9184 = AXIS2_PLACEMENT_3D('',#9185,#9186,#9187);
#9185 = CARTESIAN_POINT('',(-130.0222007128,-2.3,-1.5));
#9186 = DIRECTION('',(7.39045323037E-15,-1.,0.));
#9187 = DIRECTION('',(1.,7.39045323037E-15,0.));
#9188 = ADVANCED_FACE('',(#9189),#9200,.F.);
#9189 = FACE_BOUND('',#9190,.F.);
#9190 = EDGE_LOOP('',(#9191,#9197,#9198,#9199));
#9191 = ORIENTED_EDGE('',*,*,#9192,.F.);
#9192 = EDGE_CURVE('',#1604,#3441,#9193,.T.);
#9193 = LINE('',#9194,#9195);
#9194 = CARTESIAN_POINT('',(-132.4,-1.8,-1.5));
#9195 = VECTOR('',#9196,1.);
#9196 = DIRECTION('',(-0.,-0.,1.));
#9197 = ORIENTED_EDGE('',*,*,#1611,.T.);
#9198 = ORIENTED_EDGE('',*,*,#9178,.T.);
#9199 = ORIENTED_EDGE('',*,*,#3440,.F.);
#9200 = CYLINDRICAL_SURFACE('',#9201,0.5);
#9201 = AXIS2_PLACEMENT_3D('',#9202,#9203,#9204);
#9202 = CARTESIAN_POINT('',(-131.9,-1.8,-1.5));
#9203 = DIRECTION('',(-0.,-0.,1.));
#9204 = DIRECTION('',(1.,0.,0.));
#9205 = ADVANCED_FACE('',(#9206),#9217,.F.);
#9206 = FACE_BOUND('',#9207,.T.);
#9207 = EDGE_LOOP('',(#9208,#9209,#9210,#9211));
#9208 = ORIENTED_EDGE('',*,*,#3449,.T.);
#9209 = ORIENTED_EDGE('',*,*,#9192,.F.);
#9210 = ORIENTED_EDGE('',*,*,#1603,.F.);
#9211 = ORIENTED_EDGE('',*,*,#9212,.T.);
#9212 = EDGE_CURVE('',#1595,#3450,#9213,.T.);
#9213 = LINE('',#9214,#9215);
#9214 = CARTESIAN_POINT('',(-132.4,1.8,-1.5));
#9215 = VECTOR('',#9216,1.);
#9216 = DIRECTION('',(-0.,-0.,1.));
#9217 = PLANE('',#9218);
#9218 = AXIS2_PLACEMENT_3D('',#9219,#9220,#9221);
#9219 = CARTESIAN_POINT('',(-132.4,-1.8,-1.5));
#9220 = DIRECTION('',(-1.,0.,0.));
#9221 = DIRECTION('',(0.,0.,1.));
#9222 = ADVANCED_FACE('',(#9223),#9234,.F.);
#9223 = FACE_BOUND('',#9224,.F.);
#9224 = EDGE_LOOP('',(#9225,#9231,#9232,#9233));
#9225 = ORIENTED_EDGE('',*,*,#9226,.F.);
#9226 = EDGE_CURVE('',#1587,#3458,#9227,.T.);
#9227 = LINE('',#9228,#9229);
#9228 = CARTESIAN_POINT('',(-131.9,2.3,-1.5));
#9229 = VECTOR('',#9230,1.);
#9230 = DIRECTION('',(-0.,-0.,1.));
#9231 = ORIENTED_EDGE('',*,*,#1594,.T.);
#9232 = ORIENTED_EDGE('',*,*,#9212,.T.);
#9233 = ORIENTED_EDGE('',*,*,#3457,.F.);
#9234 = CYLINDRICAL_SURFACE('',#9235,0.5);
#9235 = AXIS2_PLACEMENT_3D('',#9236,#9237,#9238);
#9236 = CARTESIAN_POINT('',(-131.9,1.8,-1.5));
#9237 = DIRECTION('',(-0.,-0.,1.));
#9238 = DIRECTION('',(1.,0.,0.));
#9239 = ADVANCED_FACE('',(#9240),#9251,.F.);
#9240 = FACE_BOUND('',#9241,.T.);
#9241 = EDGE_LOOP('',(#9242,#9243,#9244,#9245));
#9242 = ORIENTED_EDGE('',*,*,#3466,.T.);
#9243 = ORIENTED_EDGE('',*,*,#9226,.F.);
#9244 = ORIENTED_EDGE('',*,*,#1586,.F.);
#9245 = ORIENTED_EDGE('',*,*,#9246,.T.);
#9246 = EDGE_CURVE('',#1578,#3467,#9247,.T.);
#9247 = LINE('',#9248,#9249);
#9248 = CARTESIAN_POINT('',(-130.0222007128,2.3,-1.5));
#9249 = VECTOR('',#9250,1.);
#9250 = DIRECTION('',(-0.,-0.,1.));
#9251 = PLANE('',#9252);
#9252 = AXIS2_PLACEMENT_3D('',#9253,#9254,#9255);
#9253 = CARTESIAN_POINT('',(-131.9,2.3,-1.5));
#9254 = DIRECTION('',(-9.238066537962E-16,1.,0.));
#9255 = DIRECTION('',(-1.,-9.238066537962E-16,0.));
#9256 = ADVANCED_FACE('',(#9257),#9268,.T.);
#9257 = FACE_BOUND('',#9258,.T.);
#9258 = EDGE_LOOP('',(#9259,#9260,#9261,#9262));
#9259 = ORIENTED_EDGE('',*,*,#3474,.T.);
#9260 = ORIENTED_EDGE('',*,*,#9246,.F.);
#9261 = ORIENTED_EDGE('',*,*,#1577,.F.);
#9262 = ORIENTED_EDGE('',*,*,#9263,.T.);
#9263 = EDGE_CURVE('',#1569,#3346,#9264,.T.);
#9264 = LINE('',#9265,#9266);
#9265 = CARTESIAN_POINT('',(-129.5854876073,2.55652173913,-1.5));
#9266 = VECTOR('',#9267,1.);
#9267 = DIRECTION('',(-0.,-0.,1.));
#9268 = CYLINDRICAL_SURFACE('',#9269,0.5);
#9269 = AXIS2_PLACEMENT_3D('',#9270,#9271,#9272);
#9270 = CARTESIAN_POINT('',(-130.0222007128,2.8,-1.5));
#9271 = DIRECTION('',(-0.,-0.,1.));
#9272 = DIRECTION('',(1.,0.,0.));
#9273 = ADVANCED_FACE('',(#9274),#9280,.F.);
#9274 = FACE_BOUND('',#9275,.F.);
#9275 = EDGE_LOOP('',(#9276,#9277,#9278,#9279));
#9276 = ORIENTED_EDGE('',*,*,#9018,.F.);
#9277 = ORIENTED_EDGE('',*,*,#1568,.T.);
#9278 = ORIENTED_EDGE('',*,*,#9263,.T.);
#9279 = ORIENTED_EDGE('',*,*,#3343,.F.);
#9280 = CYLINDRICAL_SURFACE('',#9281,5.25);
#9281 = AXIS2_PLACEMENT_3D('',#9282,#9283,#9284);
#9282 = CARTESIAN_POINT('',(-125.,-1.561251128379E-14,-1.5));
#9283 = DIRECTION('',(-0.,-0.,1.));
#9284 = DIRECTION('',(1.,0.,0.));
#9285 = ADVANCED_FACE('',(#9286),#9302,.F.);
#9286 = FACE_BOUND('',#9287,.T.);
#9287 = EDGE_LOOP('',(#9288,#9289,#9295,#9296));
#9288 = ORIENTED_EDGE('',*,*,#8962,.T.);
#9289 = ORIENTED_EDGE('',*,*,#9290,.T.);
#9290 = EDGE_CURVE('',#8953,#8360,#9291,.T.);
#9291 = LINE('',#9292,#9293);
#9292 = CARTESIAN_POINT('',(-132.4,-20.,-12.3));
#9293 = VECTOR('',#9294,1.);
#9294 = DIRECTION('',(-0.,1.,3.597944987211E-15));
#9295 = ORIENTED_EDGE('',*,*,#8359,.T.);
#9296 = ORIENTED_EDGE('',*,*,#9297,.F.);
#9297 = EDGE_CURVE('',#8963,#8362,#9298,.T.);
#9298 = LINE('',#9299,#9300);
#9299 = CARTESIAN_POINT('',(-132.4,-20.,-7.7));
#9300 = VECTOR('',#9301,1.);
#9301 = DIRECTION('',(-0.,1.,3.597944987211E-15));
#9302 = PLANE('',#9303);
#9303 = AXIS2_PLACEMENT_3D('',#9304,#9305,#9306);
#9304 = CARTESIAN_POINT('',(-132.4,-20.,-7.7));
#9305 = DIRECTION('',(-1.,0.,-0.));
#9306 = DIRECTION('',(0.,0.,1.));
#9307 = ADVANCED_FACE('',(#9308),#9319,.F.);
#9308 = FACE_BOUND('',#9309,.T.);
#9309 = EDGE_LOOP('',(#9310,#9311,#9312,#9313));
#9310 = ORIENTED_EDGE('',*,*,#8970,.T.);
#9311 = ORIENTED_EDGE('',*,*,#9297,.T.);
#9312 = ORIENTED_EDGE('',*,*,#8385,.T.);
#9313 = ORIENTED_EDGE('',*,*,#9314,.F.);
#9314 = EDGE_CURVE('',#8971,#8378,#9315,.T.);
#9315 = LINE('',#9316,#9317);
#9316 = CARTESIAN_POINT('',(-117.6,-20.,-7.7));
#9317 = VECTOR('',#9318,1.);
#9318 = DIRECTION('',(-0.,1.,3.597944987211E-15));
#9319 = PLANE('',#9320);
#9320 = AXIS2_PLACEMENT_3D('',#9321,#9322,#9323);
#9321 = CARTESIAN_POINT('',(-118.1,-20.,-7.7));
#9322 = DIRECTION('',(0.,-3.597944987211E-15,1.));
#9323 = DIRECTION('',(0.,-1.,-3.597944987211E-15));
#9324 = ADVANCED_FACE('',(#9325),#9336,.F.);
#9325 = FACE_BOUND('',#9326,.T.);
#9326 = EDGE_LOOP('',(#9327,#9328,#9329,#9330));
#9327 = ORIENTED_EDGE('',*,*,#8978,.T.);
#9328 = ORIENTED_EDGE('',*,*,#9314,.T.);
#9329 = ORIENTED_EDGE('',*,*,#8377,.T.);
#9330 = ORIENTED_EDGE('',*,*,#9331,.F.);
#9331 = EDGE_CURVE('',#8955,#8370,#9332,.T.);
#9332 = LINE('',#9333,#9334);
#9333 = CARTESIAN_POINT('',(-117.6,-20.,-12.3));
#9334 = VECTOR('',#9335,1.);
#9335 = DIRECTION('',(-0.,1.,3.597944987211E-15));
#9336 = PLANE('',#9337);
#9337 = AXIS2_PLACEMENT_3D('',#9338,#9339,#9340);
#9338 = CARTESIAN_POINT('',(-117.6,-20.,-12.3));
#9339 = DIRECTION('',(1.,0.,0.));
#9340 = DIRECTION('',(0.,0.,-1.));
#9341 = ADVANCED_FACE('',(#9342),#9348,.F.);
#9342 = FACE_BOUND('',#9343,.T.);
#9343 = EDGE_LOOP('',(#9344,#9345,#9346,#9347));
#9344 = ORIENTED_EDGE('',*,*,#8952,.T.);
#9345 = ORIENTED_EDGE('',*,*,#9331,.T.);
#9346 = ORIENTED_EDGE('',*,*,#8369,.T.);
#9347 = ORIENTED_EDGE('',*,*,#9290,.F.);
#9348 = PLANE('',#9349);
#9349 = AXIS2_PLACEMENT_3D('',#9350,#9351,#9352);
#9350 = CARTESIAN_POINT('',(-131.9,-20.,-12.3));
#9351 = DIRECTION('',(-1.257045997085E-16,3.597944987211E-15,-1.));
#9352 = DIRECTION('',(0.,1.,3.597944987211E-15));
#9353 = ADVANCED_FACE('',(#9354),#9370,.F.);
#9354 = FACE_BOUND('',#9355,.T.);
#9355 = EDGE_LOOP('',(#9356,#9357,#9363,#9364));
#9356 = ORIENTED_EDGE('',*,*,#7213,.T.);
#9357 = ORIENTED_EDGE('',*,*,#9358,.T.);
#9358 = EDGE_CURVE('',#7216,#7727,#9359,.T.);
#9359 = LINE('',#9360,#9361);
#9360 = CARTESIAN_POINT('',(-117.6,-20.,-12.3));
#9361 = VECTOR('',#9362,1.);
#9362 = DIRECTION('',(-0.,1.,3.597944987211E-15));
#9363 = ORIENTED_EDGE('',*,*,#7726,.F.);
#9364 = ORIENTED_EDGE('',*,*,#9365,.F.);
#9365 = EDGE_CURVE('',#7214,#7719,#9366,.T.);
#9366 = LINE('',#9367,#9368);
#9367 = CARTESIAN_POINT('',(-132.4,-20.,-12.3));
#9368 = VECTOR('',#9369,1.);
#9369 = DIRECTION('',(-0.,1.,3.597944987211E-15));
#9370 = PLANE('',#9371);
#9371 = AXIS2_PLACEMENT_3D('',#9372,#9373,#9374);
#9372 = CARTESIAN_POINT('',(-131.9,-20.,-12.3));
#9373 = DIRECTION('',(-1.257045997085E-16,3.597944987211E-15,-1.));
#9374 = DIRECTION('',(0.,1.,3.597944987211E-15));
#9375 = ADVANCED_FACE('',(#9376),#9387,.F.);
#9376 = FACE_BOUND('',#9377,.T.);
#9377 = EDGE_LOOP('',(#9378,#9379,#9385,#9386));
#9378 = ORIENTED_EDGE('',*,*,#7239,.T.);
#9379 = ORIENTED_EDGE('',*,*,#9380,.T.);
#9380 = EDGE_CURVE('',#7232,#7735,#9381,.T.);
#9381 = LINE('',#9382,#9383);
#9382 = CARTESIAN_POINT('',(-117.6,-20.,-7.7));
#9383 = VECTOR('',#9384,1.);
#9384 = DIRECTION('',(-0.,1.,3.597944987211E-15));
#9385 = ORIENTED_EDGE('',*,*,#7734,.F.);
#9386 = ORIENTED_EDGE('',*,*,#9358,.F.);
#9387 = PLANE('',#9388);
#9388 = AXIS2_PLACEMENT_3D('',#9389,#9390,#9391);
#9389 = CARTESIAN_POINT('',(-117.6,-20.,-12.3));
#9390 = DIRECTION('',(1.,0.,0.));
#9391 = DIRECTION('',(0.,0.,-1.));
#9392 = ADVANCED_FACE('',(#9393),#9404,.F.);
#9393 = FACE_BOUND('',#9394,.T.);
#9394 = EDGE_LOOP('',(#9395,#9396,#9402,#9403));
#9395 = ORIENTED_EDGE('',*,*,#7231,.T.);
#9396 = ORIENTED_EDGE('',*,*,#9397,.T.);
#9397 = EDGE_CURVE('',#7224,#7717,#9398,.T.);
#9398 = LINE('',#9399,#9400);
#9399 = CARTESIAN_POINT('',(-132.4,-20.,-7.7));
#9400 = VECTOR('',#9401,1.);
#9401 = DIRECTION('',(-0.,1.,3.597944987211E-15));
#9402 = ORIENTED_EDGE('',*,*,#7742,.F.);
#9403 = ORIENTED_EDGE('',*,*,#9380,.F.);
#9404 = PLANE('',#9405);
#9405 = AXIS2_PLACEMENT_3D('',#9406,#9407,#9408);
#9406 = CARTESIAN_POINT('',(-118.1,-20.,-7.7));
#9407 = DIRECTION('',(0.,-3.597944987211E-15,1.));
#9408 = DIRECTION('',(0.,-1.,-3.597944987211E-15));
#9409 = ADVANCED_FACE('',(#9410),#9416,.F.);
#9410 = FACE_BOUND('',#9411,.T.);
#9411 = EDGE_LOOP('',(#9412,#9413,#9414,#9415));
#9412 = ORIENTED_EDGE('',*,*,#7223,.T.);
#9413 = ORIENTED_EDGE('',*,*,#9365,.T.);
#9414 = ORIENTED_EDGE('',*,*,#7716,.F.);
#9415 = ORIENTED_EDGE('',*,*,#9397,.F.);
#9416 = PLANE('',#9417);
#9417 = AXIS2_PLACEMENT_3D('',#9418,#9419,#9420);
#9418 = CARTESIAN_POINT('',(-132.4,-20.,-7.7));
#9419 = DIRECTION('',(-1.,0.,-0.));
#9420 = DIRECTION('',(0.,0.,1.));
#9421 = ADVANCED_FACE('',(#9422),#9438,.T.);
#9422 = FACE_BOUND('',#9423,.T.);
#9423 = EDGE_LOOP('',(#9424,#9425,#9431,#9432));
#9424 = ORIENTED_EDGE('',*,*,#3214,.T.);
#9425 = ORIENTED_EDGE('',*,*,#9426,.F.);
#9426 = EDGE_CURVE('',#1420,#3204,#9427,.T.);
#9427 = LINE('',#9428,#9429);
#9428 = CARTESIAN_POINT('',(-95.41451239262,2.55652173913,-1.5));
#9429 = VECTOR('',#9430,1.);
#9430 = DIRECTION('',(-0.,-0.,1.));
#9431 = ORIENTED_EDGE('',*,*,#1417,.F.);
#9432 = ORIENTED_EDGE('',*,*,#9433,.T.);
#9433 = EDGE_CURVE('',#1418,#3215,#9434,.T.);
#9434 = LINE('',#9435,#9436);
#9435 = CARTESIAN_POINT('',(-94.97779928716,2.3,-1.5));
#9436 = VECTOR('',#9437,1.);
#9437 = DIRECTION('',(-0.,-0.,1.));
#9438 = CYLINDRICAL_SURFACE('',#9439,0.5);
#9439 = AXIS2_PLACEMENT_3D('',#9440,#9441,#9442);
#9440 = CARTESIAN_POINT('',(-94.97779928716,2.8,-1.5));
#9441 = DIRECTION('',(-0.,-0.,1.));
#9442 = DIRECTION('',(1.,0.,0.));
#9443 = ADVANCED_FACE('',(#9444),#9455,.F.);
#9444 = FACE_BOUND('',#9445,.T.);
#9445 = EDGE_LOOP('',(#9446,#9447,#9448,#9449));
#9446 = ORIENTED_EDGE('',*,*,#3223,.T.);
#9447 = ORIENTED_EDGE('',*,*,#9433,.F.);
#9448 = ORIENTED_EDGE('',*,*,#1549,.F.);
#9449 = ORIENTED_EDGE('',*,*,#9450,.T.);
#9450 = EDGE_CURVE('',#1541,#3224,#9451,.T.);
#9451 = LINE('',#9452,#9453);
#9452 = CARTESIAN_POINT('',(-93.1,2.3,-1.5));
#9453 = VECTOR('',#9454,1.);
#9454 = DIRECTION('',(-0.,-0.,1.));
#9455 = PLANE('',#9456);
#9456 = AXIS2_PLACEMENT_3D('',#9457,#9458,#9459);
#9457 = CARTESIAN_POINT('',(-94.97779928716,2.3,-1.5));
#9458 = DIRECTION('',(-6.466646576573E-15,1.,0.));
#9459 = DIRECTION('',(-1.,-6.466646576573E-15,0.));
#9460 = ADVANCED_FACE('',(#9461),#9472,.F.);
#9461 = FACE_BOUND('',#9462,.F.);
#9462 = EDGE_LOOP('',(#9463,#9469,#9470,#9471));
#9463 = ORIENTED_EDGE('',*,*,#9464,.F.);
#9464 = EDGE_CURVE('',#1533,#3232,#9465,.T.);
#9465 = LINE('',#9466,#9467);
#9466 = CARTESIAN_POINT('',(-92.6,1.8,-1.5));
#9467 = VECTOR('',#9468,1.);
#9468 = DIRECTION('',(-0.,-0.,1.));
#9469 = ORIENTED_EDGE('',*,*,#1540,.T.);
#9470 = ORIENTED_EDGE('',*,*,#9450,.T.);
#9471 = ORIENTED_EDGE('',*,*,#3231,.F.);
#9472 = CYLINDRICAL_SURFACE('',#9473,0.5);
#9473 = AXIS2_PLACEMENT_3D('',#9474,#9475,#9476);
#9474 = CARTESIAN_POINT('',(-93.1,1.8,-1.5));
#9475 = DIRECTION('',(-0.,-0.,1.));
#9476 = DIRECTION('',(1.,0.,0.));
#9477 = ADVANCED_FACE('',(#9478),#9489,.F.);
#9478 = FACE_BOUND('',#9479,.T.);
#9479 = EDGE_LOOP('',(#9480,#9481,#9482,#9483));
#9480 = ORIENTED_EDGE('',*,*,#3240,.T.);
#9481 = ORIENTED_EDGE('',*,*,#9464,.F.);
#9482 = ORIENTED_EDGE('',*,*,#1532,.F.);
#9483 = ORIENTED_EDGE('',*,*,#9484,.T.);
#9484 = EDGE_CURVE('',#1524,#3241,#9485,.T.);
#9485 = LINE('',#9486,#9487);
#9486 = CARTESIAN_POINT('',(-92.6,-1.8,-1.5));
#9487 = VECTOR('',#9488,1.);
#9488 = DIRECTION('',(-0.,-0.,1.));
#9489 = PLANE('',#9490);
#9490 = AXIS2_PLACEMENT_3D('',#9491,#9492,#9493);
#9491 = CARTESIAN_POINT('',(-92.6,-1.8,-1.5));
#9492 = DIRECTION('',(1.,-0.,0.));
#9493 = DIRECTION('',(0.,0.,-1.));
#9494 = ADVANCED_FACE('',(#9495),#9506,.F.);
#9495 = FACE_BOUND('',#9496,.F.);
#9496 = EDGE_LOOP('',(#9497,#9503,#9504,#9505));
#9497 = ORIENTED_EDGE('',*,*,#9498,.F.);
#9498 = EDGE_CURVE('',#1516,#3249,#9499,.T.);
#9499 = LINE('',#9500,#9501);
#9500 = CARTESIAN_POINT('',(-93.1,-2.3,-1.5));
#9501 = VECTOR('',#9502,1.);
#9502 = DIRECTION('',(-0.,-0.,1.));
#9503 = ORIENTED_EDGE('',*,*,#1523,.T.);
#9504 = ORIENTED_EDGE('',*,*,#9484,.T.);
#9505 = ORIENTED_EDGE('',*,*,#3248,.F.);
#9506 = CYLINDRICAL_SURFACE('',#9507,0.5);
#9507 = AXIS2_PLACEMENT_3D('',#9508,#9509,#9510);
#9508 = CARTESIAN_POINT('',(-93.1,-1.8,-1.5));
#9509 = DIRECTION('',(-0.,-0.,1.));
#9510 = DIRECTION('',(1.,0.,0.));
#9511 = ADVANCED_FACE('',(#9512),#9523,.F.);
#9512 = FACE_BOUND('',#9513,.T.);
#9513 = EDGE_LOOP('',(#9514,#9515,#9516,#9517));
#9514 = ORIENTED_EDGE('',*,*,#3257,.T.);
#9515 = ORIENTED_EDGE('',*,*,#9498,.F.);
#9516 = ORIENTED_EDGE('',*,*,#1515,.F.);
#9517 = ORIENTED_EDGE('',*,*,#9518,.T.);
#9518 = EDGE_CURVE('',#1507,#3258,#9519,.T.);
#9519 = LINE('',#9520,#9521);
#9520 = CARTESIAN_POINT('',(-94.97779928716,-2.3,-1.5));
#9521 = VECTOR('',#9522,1.);
#9522 = DIRECTION('',(-0.,-0.,1.));
#9523 = PLANE('',#9524);
#9524 = AXIS2_PLACEMENT_3D('',#9525,#9526,#9527);
#9525 = CARTESIAN_POINT('',(-94.97779928716,-2.3,-1.5));
#9526 = DIRECTION('',(0.,-1.,0.));
#9527 = DIRECTION('',(0.,-0.,-1.));
#9528 = ADVANCED_FACE('',(#9529),#9540,.T.);
#9529 = FACE_BOUND('',#9530,.T.);
#9530 = EDGE_LOOP('',(#9531,#9532,#9533,#9534));
#9531 = ORIENTED_EDGE('',*,*,#3265,.T.);
#9532 = ORIENTED_EDGE('',*,*,#9518,.F.);
#9533 = ORIENTED_EDGE('',*,*,#1506,.F.);
#9534 = ORIENTED_EDGE('',*,*,#9535,.T.);
#9535 = EDGE_CURVE('',#1498,#3266,#9536,.T.);
#9536 = LINE('',#9537,#9538);
#9537 = CARTESIAN_POINT('',(-95.41451239262,-2.55652173913,-1.5));
#9538 = VECTOR('',#9539,1.);
#9539 = DIRECTION('',(-0.,-0.,1.));
#9540 = CYLINDRICAL_SURFACE('',#9541,0.5);
#9541 = AXIS2_PLACEMENT_3D('',#9542,#9543,#9544);
#9542 = CARTESIAN_POINT('',(-94.97779928716,-2.8,-1.5));
#9543 = DIRECTION('',(-0.,-0.,1.));
#9544 = DIRECTION('',(1.,0.,0.));
#9545 = ADVANCED_FACE('',(#9546),#9557,.F.);
#9546 = FACE_BOUND('',#9547,.F.);
#9547 = EDGE_LOOP('',(#9548,#9554,#9555,#9556));
#9548 = ORIENTED_EDGE('',*,*,#9549,.F.);
#9549 = EDGE_CURVE('',#1489,#3275,#9550,.T.);
#9550 = LINE('',#9551,#9552);
#9551 = CARTESIAN_POINT('',(-104.5854876073,-2.55652173913,-1.5));
#9552 = VECTOR('',#9553,1.);
#9553 = DIRECTION('',(-0.,-0.,1.));
#9554 = ORIENTED_EDGE('',*,*,#1497,.T.);
#9555 = ORIENTED_EDGE('',*,*,#9535,.T.);
#9556 = ORIENTED_EDGE('',*,*,#3274,.F.);
#9557 = CYLINDRICAL_SURFACE('',#9558,5.25);
#9558 = AXIS2_PLACEMENT_3D('',#9559,#9560,#9561);
#9559 = CARTESIAN_POINT('',(-100.,-1.561251128379E-14,-1.5));
#9560 = DIRECTION('',(-0.,-0.,1.));
#9561 = DIRECTION('',(1.,0.,0.));
#9562 = ADVANCED_FACE('',(#9563),#9574,.T.);
#9563 = FACE_BOUND('',#9564,.T.);
#9564 = EDGE_LOOP('',(#9565,#9566,#9567,#9568));
#9565 = ORIENTED_EDGE('',*,*,#3283,.T.);
#9566 = ORIENTED_EDGE('',*,*,#9549,.F.);
#9567 = ORIENTED_EDGE('',*,*,#1488,.F.);
#9568 = ORIENTED_EDGE('',*,*,#9569,.T.);
#9569 = EDGE_CURVE('',#1481,#3284,#9570,.T.);
#9570 = LINE('',#9571,#9572);
#9571 = CARTESIAN_POINT('',(-105.0222007128,-2.3,-1.5));
#9572 = VECTOR('',#9573,1.);
#9573 = DIRECTION('',(-0.,-0.,1.));
#9574 = CYLINDRICAL_SURFACE('',#9575,0.5);
#9575 = AXIS2_PLACEMENT_3D('',#9576,#9577,#9578);
#9576 = CARTESIAN_POINT('',(-105.0222007128,-2.8,-1.5));
#9577 = DIRECTION('',(-0.,-0.,1.));
#9578 = DIRECTION('',(1.,0.,0.));
#9579 = ADVANCED_FACE('',(#9580),#9591,.F.);
#9580 = FACE_BOUND('',#9581,.T.);
#9581 = EDGE_LOOP('',(#9582,#9583,#9584,#9585));
#9582 = ORIENTED_EDGE('',*,*,#3292,.T.);
#9583 = ORIENTED_EDGE('',*,*,#9569,.F.);
#9584 = ORIENTED_EDGE('',*,*,#1480,.F.);
#9585 = ORIENTED_EDGE('',*,*,#9586,.T.);
#9586 = EDGE_CURVE('',#1472,#3293,#9587,.T.);
#9587 = LINE('',#9588,#9589);
#9588 = CARTESIAN_POINT('',(-106.9,-2.3,-1.5));
#9589 = VECTOR('',#9590,1.);
#9590 = DIRECTION('',(-0.,-0.,1.));
#9591 = PLANE('',#9592);
#9592 = AXIS2_PLACEMENT_3D('',#9593,#9594,#9595);
#9593 = CARTESIAN_POINT('',(-105.0222007128,-2.3,-1.5));
#9594 = DIRECTION('',(7.39045323037E-15,-1.,0.));
#9595 = DIRECTION('',(1.,7.39045323037E-15,0.));
#9596 = ADVANCED_FACE('',(#9597),#9608,.F.);
#9597 = FACE_BOUND('',#9598,.F.);
#9598 = EDGE_LOOP('',(#9599,#9605,#9606,#9607));
#9599 = ORIENTED_EDGE('',*,*,#9600,.F.);
#9600 = EDGE_CURVE('',#1464,#3301,#9601,.T.);
#9601 = LINE('',#9602,#9603);
#9602 = CARTESIAN_POINT('',(-107.4,-1.8,-1.5));
#9603 = VECTOR('',#9604,1.);
#9604 = DIRECTION('',(-0.,-0.,1.));
#9605 = ORIENTED_EDGE('',*,*,#1471,.T.);
#9606 = ORIENTED_EDGE('',*,*,#9586,.T.);
#9607 = ORIENTED_EDGE('',*,*,#3300,.F.);
#9608 = CYLINDRICAL_SURFACE('',#9609,0.5);
#9609 = AXIS2_PLACEMENT_3D('',#9610,#9611,#9612);
#9610 = CARTESIAN_POINT('',(-106.9,-1.8,-1.5));
#9611 = DIRECTION('',(-0.,-0.,1.));
#9612 = DIRECTION('',(1.,0.,0.));
#9613 = ADVANCED_FACE('',(#9614),#9625,.F.);
#9614 = FACE_BOUND('',#9615,.T.);
#9615 = EDGE_LOOP('',(#9616,#9617,#9618,#9619));
#9616 = ORIENTED_EDGE('',*,*,#3309,.T.);
#9617 = ORIENTED_EDGE('',*,*,#9600,.F.);
#9618 = ORIENTED_EDGE('',*,*,#1463,.F.);
#9619 = ORIENTED_EDGE('',*,*,#9620,.T.);
#9620 = EDGE_CURVE('',#1455,#3310,#9621,.T.);
#9621 = LINE('',#9622,#9623);
#9622 = CARTESIAN_POINT('',(-107.4,1.8,-1.5));
#9623 = VECTOR('',#9624,1.);
#9624 = DIRECTION('',(-0.,-0.,1.));
#9625 = PLANE('',#9626);
#9626 = AXIS2_PLACEMENT_3D('',#9627,#9628,#9629);
#9627 = CARTESIAN_POINT('',(-107.4,-1.8,-1.5));
#9628 = DIRECTION('',(-1.,0.,0.));
#9629 = DIRECTION('',(0.,0.,1.));
#9630 = ADVANCED_FACE('',(#9631),#9642,.F.);
#9631 = FACE_BOUND('',#9632,.F.);
#9632 = EDGE_LOOP('',(#9633,#9639,#9640,#9641));
#9633 = ORIENTED_EDGE('',*,*,#9634,.F.);
#9634 = EDGE_CURVE('',#1447,#3318,#9635,.T.);
#9635 = LINE('',#9636,#9637);
#9636 = CARTESIAN_POINT('',(-106.9,2.3,-1.5));
#9637 = VECTOR('',#9638,1.);
#9638 = DIRECTION('',(-0.,-0.,1.));
#9639 = ORIENTED_EDGE('',*,*,#1454,.T.);
#9640 = ORIENTED_EDGE('',*,*,#9620,.T.);
#9641 = ORIENTED_EDGE('',*,*,#3317,.F.);
#9642 = CYLINDRICAL_SURFACE('',#9643,0.5);
#9643 = AXIS2_PLACEMENT_3D('',#9644,#9645,#9646);
#9644 = CARTESIAN_POINT('',(-106.9,1.8,-1.5));
#9645 = DIRECTION('',(-0.,-0.,1.));
#9646 = DIRECTION('',(1.,0.,0.));
#9647 = ADVANCED_FACE('',(#9648),#9659,.F.);
#9648 = FACE_BOUND('',#9649,.T.);
#9649 = EDGE_LOOP('',(#9650,#9651,#9652,#9653));
#9650 = ORIENTED_EDGE('',*,*,#3326,.T.);
#9651 = ORIENTED_EDGE('',*,*,#9634,.F.);
#9652 = ORIENTED_EDGE('',*,*,#1446,.F.);
#9653 = ORIENTED_EDGE('',*,*,#9654,.T.);
#9654 = EDGE_CURVE('',#1438,#3327,#9655,.T.);
#9655 = LINE('',#9656,#9657);
#9656 = CARTESIAN_POINT('',(-105.0222007128,2.3,-1.5));
#9657 = VECTOR('',#9658,1.);
#9658 = DIRECTION('',(-0.,-0.,1.));
#9659 = PLANE('',#9660);
#9660 = AXIS2_PLACEMENT_3D('',#9661,#9662,#9663);
#9661 = CARTESIAN_POINT('',(-106.9,2.3,-1.5));
#9662 = DIRECTION('',(-9.238066537962E-16,1.,0.));
#9663 = DIRECTION('',(-1.,-9.238066537962E-16,0.));
#9664 = ADVANCED_FACE('',(#9665),#9676,.T.);
#9665 = FACE_BOUND('',#9666,.T.);
#9666 = EDGE_LOOP('',(#9667,#9668,#9669,#9670));
#9667 = ORIENTED_EDGE('',*,*,#3334,.T.);
#9668 = ORIENTED_EDGE('',*,*,#9654,.F.);
#9669 = ORIENTED_EDGE('',*,*,#1437,.F.);
#9670 = ORIENTED_EDGE('',*,*,#9671,.T.);
#9671 = EDGE_CURVE('',#1429,#3206,#9672,.T.);
#9672 = LINE('',#9673,#9674);
#9673 = CARTESIAN_POINT('',(-104.5854876073,2.55652173913,-1.5));
#9674 = VECTOR('',#9675,1.);
#9675 = DIRECTION('',(-0.,-0.,1.));
#9676 = CYLINDRICAL_SURFACE('',#9677,0.5);
#9677 = AXIS2_PLACEMENT_3D('',#9678,#9679,#9680);
#9678 = CARTESIAN_POINT('',(-105.0222007128,2.8,-1.5));
#9679 = DIRECTION('',(-0.,-0.,1.));
#9680 = DIRECTION('',(1.,0.,0.));
#9681 = ADVANCED_FACE('',(#9682),#9688,.F.);
#9682 = FACE_BOUND('',#9683,.F.);
#9683 = EDGE_LOOP('',(#9684,#9685,#9686,#9687));
#9684 = ORIENTED_EDGE('',*,*,#9426,.F.);
#9685 = ORIENTED_EDGE('',*,*,#1428,.T.);
#9686 = ORIENTED_EDGE('',*,*,#9671,.T.);
#9687 = ORIENTED_EDGE('',*,*,#3203,.F.);
#9688 = CYLINDRICAL_SURFACE('',#9689,5.25);
#9689 = AXIS2_PLACEMENT_3D('',#9690,#9691,#9692);
#9690 = CARTESIAN_POINT('',(-100.,-1.561251128379E-14,-1.5));
#9691 = DIRECTION('',(-0.,-0.,1.));
#9692 = DIRECTION('',(1.,0.,0.));
#9693 = ADVANCED_FACE('',(#9694),#9710,.T.);
#9694 = FACE_BOUND('',#9695,.T.);
#9695 = EDGE_LOOP('',(#9696,#9697,#9703,#9704));
#9696 = ORIENTED_EDGE('',*,*,#3074,.T.);
#9697 = ORIENTED_EDGE('',*,*,#9698,.F.);
#9698 = EDGE_CURVE('',#1280,#3064,#9699,.T.);
#9699 = LINE('',#9700,#9701);
#9700 = CARTESIAN_POINT('',(129.58548760737,2.55652173913,-1.5));
#9701 = VECTOR('',#9702,1.);
#9702 = DIRECTION('',(-0.,-0.,1.));
#9703 = ORIENTED_EDGE('',*,*,#1277,.F.);
#9704 = ORIENTED_EDGE('',*,*,#9705,.T.);
#9705 = EDGE_CURVE('',#1278,#3075,#9706,.T.);
#9706 = LINE('',#9707,#9708);
#9707 = CARTESIAN_POINT('',(130.02220071283,2.3,-1.5));
#9708 = VECTOR('',#9709,1.);
#9709 = DIRECTION('',(-0.,-0.,1.));
#9710 = CYLINDRICAL_SURFACE('',#9711,0.5);
#9711 = AXIS2_PLACEMENT_3D('',#9712,#9713,#9714);
#9712 = CARTESIAN_POINT('',(130.02220071283,2.8,-1.5));
#9713 = DIRECTION('',(-0.,-0.,1.));
#9714 = DIRECTION('',(1.,0.,0.));
#9715 = ADVANCED_FACE('',(#9716),#9727,.F.);
#9716 = FACE_BOUND('',#9717,.T.);
#9717 = EDGE_LOOP('',(#9718,#9719,#9720,#9721));
#9718 = ORIENTED_EDGE('',*,*,#3083,.T.);
#9719 = ORIENTED_EDGE('',*,*,#9705,.F.);
#9720 = ORIENTED_EDGE('',*,*,#1409,.F.);
#9721 = ORIENTED_EDGE('',*,*,#9722,.T.);
#9722 = EDGE_CURVE('',#1401,#3084,#9723,.T.);
#9723 = LINE('',#9724,#9725);
#9724 = CARTESIAN_POINT('',(131.9,2.3,-1.5));
#9725 = VECTOR('',#9726,1.);
#9726 = DIRECTION('',(-0.,-0.,1.));
#9727 = PLANE('',#9728);
#9728 = AXIS2_PLACEMENT_3D('',#9729,#9730,#9731);
#9729 = CARTESIAN_POINT('',(130.02220071283,2.3,-1.5));
#9730 = DIRECTION('',(-6.466646576573E-15,1.,0.));
#9731 = DIRECTION('',(-1.,-6.466646576573E-15,0.));
#9732 = ADVANCED_FACE('',(#9733),#9744,.F.);
#9733 = FACE_BOUND('',#9734,.F.);
#9734 = EDGE_LOOP('',(#9735,#9741,#9742,#9743));
#9735 = ORIENTED_EDGE('',*,*,#9736,.F.);
#9736 = EDGE_CURVE('',#1393,#3092,#9737,.T.);
#9737 = LINE('',#9738,#9739);
#9738 = CARTESIAN_POINT('',(132.4,1.8,-1.5));
#9739 = VECTOR('',#9740,1.);
#9740 = DIRECTION('',(-0.,-0.,1.));
#9741 = ORIENTED_EDGE('',*,*,#1400,.T.);
#9742 = ORIENTED_EDGE('',*,*,#9722,.T.);
#9743 = ORIENTED_EDGE('',*,*,#3091,.F.);
#9744 = CYLINDRICAL_SURFACE('',#9745,0.5);
#9745 = AXIS2_PLACEMENT_3D('',#9746,#9747,#9748);
#9746 = CARTESIAN_POINT('',(131.9,1.8,-1.5));
#9747 = DIRECTION('',(-0.,-0.,1.));
#9748 = DIRECTION('',(1.,0.,0.));
#9749 = ADVANCED_FACE('',(#9750),#9761,.F.);
#9750 = FACE_BOUND('',#9751,.T.);
#9751 = EDGE_LOOP('',(#9752,#9753,#9754,#9755));
#9752 = ORIENTED_EDGE('',*,*,#3100,.T.);
#9753 = ORIENTED_EDGE('',*,*,#9736,.F.);
#9754 = ORIENTED_EDGE('',*,*,#1392,.F.);
#9755 = ORIENTED_EDGE('',*,*,#9756,.T.);
#9756 = EDGE_CURVE('',#1384,#3101,#9757,.T.);
#9757 = LINE('',#9758,#9759);
#9758 = CARTESIAN_POINT('',(132.4,-1.8,-1.5));
#9759 = VECTOR('',#9760,1.);
#9760 = DIRECTION('',(-0.,-0.,1.));
#9761 = PLANE('',#9762);
#9762 = AXIS2_PLACEMENT_3D('',#9763,#9764,#9765);
#9763 = CARTESIAN_POINT('',(132.4,-1.8,-1.5));
#9764 = DIRECTION('',(1.,-0.,0.));
#9765 = DIRECTION('',(0.,0.,-1.));
#9766 = ADVANCED_FACE('',(#9767),#9778,.F.);
#9767 = FACE_BOUND('',#9768,.F.);
#9768 = EDGE_LOOP('',(#9769,#9775,#9776,#9777));
#9769 = ORIENTED_EDGE('',*,*,#9770,.F.);
#9770 = EDGE_CURVE('',#1376,#3109,#9771,.T.);
#9771 = LINE('',#9772,#9773);
#9772 = CARTESIAN_POINT('',(131.9,-2.3,-1.5));
#9773 = VECTOR('',#9774,1.);
#9774 = DIRECTION('',(-0.,-0.,1.));
#9775 = ORIENTED_EDGE('',*,*,#1383,.T.);
#9776 = ORIENTED_EDGE('',*,*,#9756,.T.);
#9777 = ORIENTED_EDGE('',*,*,#3108,.F.);
#9778 = CYLINDRICAL_SURFACE('',#9779,0.5);
#9779 = AXIS2_PLACEMENT_3D('',#9780,#9781,#9782);
#9780 = CARTESIAN_POINT('',(131.9,-1.8,-1.5));
#9781 = DIRECTION('',(-0.,-0.,1.));
#9782 = DIRECTION('',(1.,0.,0.));
#9783 = ADVANCED_FACE('',(#9784),#9795,.F.);
#9784 = FACE_BOUND('',#9785,.T.);
#9785 = EDGE_LOOP('',(#9786,#9787,#9788,#9789));
#9786 = ORIENTED_EDGE('',*,*,#3117,.T.);
#9787 = ORIENTED_EDGE('',*,*,#9770,.F.);
#9788 = ORIENTED_EDGE('',*,*,#1375,.F.);
#9789 = ORIENTED_EDGE('',*,*,#9790,.T.);
#9790 = EDGE_CURVE('',#1367,#3118,#9791,.T.);
#9791 = LINE('',#9792,#9793);
#9792 = CARTESIAN_POINT('',(130.02220071283,-2.3,-1.5));
#9793 = VECTOR('',#9794,1.);
#9794 = DIRECTION('',(-0.,-0.,1.));
#9795 = PLANE('',#9796);
#9796 = AXIS2_PLACEMENT_3D('',#9797,#9798,#9799);
#9797 = CARTESIAN_POINT('',(130.02220071283,-2.3,-1.5));
#9798 = DIRECTION('',(0.,-1.,0.));
#9799 = DIRECTION('',(0.,-0.,-1.));
#9800 = ADVANCED_FACE('',(#9801),#9812,.T.);
#9801 = FACE_BOUND('',#9802,.T.);
#9802 = EDGE_LOOP('',(#9803,#9804,#9805,#9806));
#9803 = ORIENTED_EDGE('',*,*,#3125,.T.);
#9804 = ORIENTED_EDGE('',*,*,#9790,.F.);
#9805 = ORIENTED_EDGE('',*,*,#1366,.F.);
#9806 = ORIENTED_EDGE('',*,*,#9807,.T.);
#9807 = EDGE_CURVE('',#1358,#3126,#9808,.T.);
#9808 = LINE('',#9809,#9810);
#9809 = CARTESIAN_POINT('',(129.58548760737,-2.55652173913,-1.5));
#9810 = VECTOR('',#9811,1.);
#9811 = DIRECTION('',(-0.,-0.,1.));
#9812 = CYLINDRICAL_SURFACE('',#9813,0.5);
#9813 = AXIS2_PLACEMENT_3D('',#9814,#9815,#9816);
#9814 = CARTESIAN_POINT('',(130.02220071283,-2.8,-1.5));
#9815 = DIRECTION('',(-0.,-0.,1.));
#9816 = DIRECTION('',(1.,0.,0.));
#9817 = ADVANCED_FACE('',(#9818),#9829,.F.);
#9818 = FACE_BOUND('',#9819,.F.);
#9819 = EDGE_LOOP('',(#9820,#9826,#9827,#9828));
#9820 = ORIENTED_EDGE('',*,*,#9821,.F.);
#9821 = EDGE_CURVE('',#1349,#3135,#9822,.T.);
#9822 = LINE('',#9823,#9824);
#9823 = CARTESIAN_POINT('',(120.41451239262,-2.55652173913,-1.5));
#9824 = VECTOR('',#9825,1.);
#9825 = DIRECTION('',(-0.,-0.,1.));
#9826 = ORIENTED_EDGE('',*,*,#1357,.T.);
#9827 = ORIENTED_EDGE('',*,*,#9807,.T.);
#9828 = ORIENTED_EDGE('',*,*,#3134,.F.);
#9829 = CYLINDRICAL_SURFACE('',#9830,5.25);
#9830 = AXIS2_PLACEMENT_3D('',#9831,#9832,#9833);
#9831 = CARTESIAN_POINT('',(125.,-1.561251128379E-14,-1.5));
#9832 = DIRECTION('',(-0.,-0.,1.));
#9833 = DIRECTION('',(1.,0.,0.));
#9834 = ADVANCED_FACE('',(#9835),#9846,.T.);
#9835 = FACE_BOUND('',#9836,.T.);
#9836 = EDGE_LOOP('',(#9837,#9838,#9839,#9840));
#9837 = ORIENTED_EDGE('',*,*,#3143,.T.);
#9838 = ORIENTED_EDGE('',*,*,#9821,.F.);
#9839 = ORIENTED_EDGE('',*,*,#1348,.F.);
#9840 = ORIENTED_EDGE('',*,*,#9841,.T.);
#9841 = EDGE_CURVE('',#1341,#3144,#9842,.T.);
#9842 = LINE('',#9843,#9844);
#9843 = CARTESIAN_POINT('',(119.97779928716,-2.3,-1.5));
#9844 = VECTOR('',#9845,1.);
#9845 = DIRECTION('',(-0.,-0.,1.));
#9846 = CYLINDRICAL_SURFACE('',#9847,0.5);
#9847 = AXIS2_PLACEMENT_3D('',#9848,#9849,#9850);
#9848 = CARTESIAN_POINT('',(119.97779928716,-2.8,-1.5));
#9849 = DIRECTION('',(-0.,-0.,1.));
#9850 = DIRECTION('',(1.,0.,0.));
#9851 = ADVANCED_FACE('',(#9852),#9863,.F.);
#9852 = FACE_BOUND('',#9853,.T.);
#9853 = EDGE_LOOP('',(#9854,#9855,#9856,#9857));
#9854 = ORIENTED_EDGE('',*,*,#3152,.T.);
#9855 = ORIENTED_EDGE('',*,*,#9841,.F.);
#9856 = ORIENTED_EDGE('',*,*,#1340,.F.);
#9857 = ORIENTED_EDGE('',*,*,#9858,.T.);
#9858 = EDGE_CURVE('',#1332,#3153,#9859,.T.);
#9859 = LINE('',#9860,#9861);
#9860 = CARTESIAN_POINT('',(118.1,-2.3,-1.5));
#9861 = VECTOR('',#9862,1.);
#9862 = DIRECTION('',(-0.,-0.,1.));
#9863 = PLANE('',#9864);
#9864 = AXIS2_PLACEMENT_3D('',#9865,#9866,#9867);
#9865 = CARTESIAN_POINT('',(119.97779928716,-2.3,-1.5));
#9866 = DIRECTION('',(7.39045323037E-15,-1.,0.));
#9867 = DIRECTION('',(1.,7.39045323037E-15,0.));
#9868 = ADVANCED_FACE('',(#9869),#9880,.F.);
#9869 = FACE_BOUND('',#9870,.F.);
#9870 = EDGE_LOOP('',(#9871,#9877,#9878,#9879));
#9871 = ORIENTED_EDGE('',*,*,#9872,.F.);
#9872 = EDGE_CURVE('',#1324,#3161,#9873,.T.);
#9873 = LINE('',#9874,#9875);
#9874 = CARTESIAN_POINT('',(117.6,-1.8,-1.5));
#9875 = VECTOR('',#9876,1.);
#9876 = DIRECTION('',(-0.,-0.,1.));
#9877 = ORIENTED_EDGE('',*,*,#1331,.T.);
#9878 = ORIENTED_EDGE('',*,*,#9858,.T.);
#9879 = ORIENTED_EDGE('',*,*,#3160,.F.);
#9880 = CYLINDRICAL_SURFACE('',#9881,0.5);
#9881 = AXIS2_PLACEMENT_3D('',#9882,#9883,#9884);
#9882 = CARTESIAN_POINT('',(118.1,-1.8,-1.5));
#9883 = DIRECTION('',(-0.,-0.,1.));
#9884 = DIRECTION('',(1.,0.,0.));
#9885 = ADVANCED_FACE('',(#9886),#9897,.F.);
#9886 = FACE_BOUND('',#9887,.T.);
#9887 = EDGE_LOOP('',(#9888,#9889,#9890,#9891));
#9888 = ORIENTED_EDGE('',*,*,#3169,.T.);
#9889 = ORIENTED_EDGE('',*,*,#9872,.F.);
#9890 = ORIENTED_EDGE('',*,*,#1323,.F.);
#9891 = ORIENTED_EDGE('',*,*,#9892,.T.);
#9892 = EDGE_CURVE('',#1315,#3170,#9893,.T.);
#9893 = LINE('',#9894,#9895);
#9894 = CARTESIAN_POINT('',(117.6,1.8,-1.5));
#9895 = VECTOR('',#9896,1.);
#9896 = DIRECTION('',(-0.,-0.,1.));
#9897 = PLANE('',#9898);
#9898 = AXIS2_PLACEMENT_3D('',#9899,#9900,#9901);
#9899 = CARTESIAN_POINT('',(117.6,-1.8,-1.5));
#9900 = DIRECTION('',(-1.,0.,0.));
#9901 = DIRECTION('',(0.,0.,1.));
#9902 = ADVANCED_FACE('',(#9903),#9914,.F.);
#9903 = FACE_BOUND('',#9904,.F.);
#9904 = EDGE_LOOP('',(#9905,#9911,#9912,#9913));
#9905 = ORIENTED_EDGE('',*,*,#9906,.F.);
#9906 = EDGE_CURVE('',#1307,#3178,#9907,.T.);
#9907 = LINE('',#9908,#9909);
#9908 = CARTESIAN_POINT('',(118.1,2.3,-1.5));
#9909 = VECTOR('',#9910,1.);
#9910 = DIRECTION('',(-0.,-0.,1.));
#9911 = ORIENTED_EDGE('',*,*,#1314,.T.);
#9912 = ORIENTED_EDGE('',*,*,#9892,.T.);
#9913 = ORIENTED_EDGE('',*,*,#3177,.F.);
#9914 = CYLINDRICAL_SURFACE('',#9915,0.5);
#9915 = AXIS2_PLACEMENT_3D('',#9916,#9917,#9918);
#9916 = CARTESIAN_POINT('',(118.1,1.8,-1.5));
#9917 = DIRECTION('',(-0.,-0.,1.));
#9918 = DIRECTION('',(1.,0.,0.));
#9919 = ADVANCED_FACE('',(#9920),#9931,.F.);
#9920 = FACE_BOUND('',#9921,.T.);
#9921 = EDGE_LOOP('',(#9922,#9923,#9924,#9925));
#9922 = ORIENTED_EDGE('',*,*,#3186,.T.);
#9923 = ORIENTED_EDGE('',*,*,#9906,.F.);
#9924 = ORIENTED_EDGE('',*,*,#1306,.F.);
#9925 = ORIENTED_EDGE('',*,*,#9926,.T.);
#9926 = EDGE_CURVE('',#1298,#3187,#9927,.T.);
#9927 = LINE('',#9928,#9929);
#9928 = CARTESIAN_POINT('',(119.97779928716,2.3,-1.5));
#9929 = VECTOR('',#9930,1.);
#9930 = DIRECTION('',(-0.,-0.,1.));
#9931 = PLANE('',#9932);
#9932 = AXIS2_PLACEMENT_3D('',#9933,#9934,#9935);
#9933 = CARTESIAN_POINT('',(118.1,2.3,-1.5));
#9934 = DIRECTION('',(-9.238066537962E-16,1.,0.));
#9935 = DIRECTION('',(-1.,-9.238066537962E-16,0.));
#9936 = ADVANCED_FACE('',(#9937),#9948,.T.);
#9937 = FACE_BOUND('',#9938,.T.);
#9938 = EDGE_LOOP('',(#9939,#9940,#9941,#9942));
#9939 = ORIENTED_EDGE('',*,*,#3194,.T.);
#9940 = ORIENTED_EDGE('',*,*,#9926,.F.);
#9941 = ORIENTED_EDGE('',*,*,#1297,.F.);
#9942 = ORIENTED_EDGE('',*,*,#9943,.T.);
#9943 = EDGE_CURVE('',#1289,#3066,#9944,.T.);
#9944 = LINE('',#9945,#9946);
#9945 = CARTESIAN_POINT('',(120.41451239262,2.55652173913,-1.5));
#9946 = VECTOR('',#9947,1.);
#9947 = DIRECTION('',(-0.,-0.,1.));
#9948 = CYLINDRICAL_SURFACE('',#9949,0.5);
#9949 = AXIS2_PLACEMENT_3D('',#9950,#9951,#9952);
#9950 = CARTESIAN_POINT('',(119.97779928716,2.8,-1.5));
#9951 = DIRECTION('',(-0.,-0.,1.));
#9952 = DIRECTION('',(1.,0.,0.));
#9953 = ADVANCED_FACE('',(#9954),#9960,.F.);
#9954 = FACE_BOUND('',#9955,.F.);
#9955 = EDGE_LOOP('',(#9956,#9957,#9958,#9959));
#9956 = ORIENTED_EDGE('',*,*,#9698,.F.);
#9957 = ORIENTED_EDGE('',*,*,#1288,.T.);
#9958 = ORIENTED_EDGE('',*,*,#9943,.T.);
#9959 = ORIENTED_EDGE('',*,*,#3063,.F.);
#9960 = CYLINDRICAL_SURFACE('',#9961,5.25);
#9961 = AXIS2_PLACEMENT_3D('',#9962,#9963,#9964);
#9962 = CARTESIAN_POINT('',(125.,-1.561251128379E-14,-1.5));
#9963 = DIRECTION('',(-0.,-0.,1.));
#9964 = DIRECTION('',(1.,0.,0.));
#9965 = ADVANCED_FACE('',(#9966),#9982,.T.);
#9966 = FACE_BOUND('',#9967,.T.);
#9967 = EDGE_LOOP('',(#9968,#9969,#9975,#9976));
#9968 = ORIENTED_EDGE('',*,*,#2934,.T.);
#9969 = ORIENTED_EDGE('',*,*,#9970,.F.);
#9970 = EDGE_CURVE('',#1140,#2924,#9971,.T.);
#9971 = LINE('',#9972,#9973);
#9972 = CARTESIAN_POINT('',(104.58548760737,2.55652173913,-1.5));
#9973 = VECTOR('',#9974,1.);
#9974 = DIRECTION('',(-0.,-0.,1.));
#9975 = ORIENTED_EDGE('',*,*,#1137,.F.);
#9976 = ORIENTED_EDGE('',*,*,#9977,.T.);
#9977 = EDGE_CURVE('',#1138,#2935,#9978,.T.);
#9978 = LINE('',#9979,#9980);
#9979 = CARTESIAN_POINT('',(105.02220071283,2.3,-1.5));
#9980 = VECTOR('',#9981,1.);
#9981 = DIRECTION('',(-0.,-0.,1.));
#9982 = CYLINDRICAL_SURFACE('',#9983,0.5);
#9983 = AXIS2_PLACEMENT_3D('',#9984,#9985,#9986);
#9984 = CARTESIAN_POINT('',(105.02220071283,2.8,-1.5));
#9985 = DIRECTION('',(-0.,-0.,1.));
#9986 = DIRECTION('',(1.,0.,0.));
#9987 = ADVANCED_FACE('',(#9988),#9999,.F.);
#9988 = FACE_BOUND('',#9989,.T.);
#9989 = EDGE_LOOP('',(#9990,#9991,#9992,#9993));
#9990 = ORIENTED_EDGE('',*,*,#2943,.T.);
#9991 = ORIENTED_EDGE('',*,*,#9977,.F.);
#9992 = ORIENTED_EDGE('',*,*,#1269,.F.);
#9993 = ORIENTED_EDGE('',*,*,#9994,.T.);
#9994 = EDGE_CURVE('',#1261,#2944,#9995,.T.);
#9995 = LINE('',#9996,#9997);
#9996 = CARTESIAN_POINT('',(106.9,2.3,-1.5));
#9997 = VECTOR('',#9998,1.);
#9998 = DIRECTION('',(-0.,-0.,1.));
#9999 = PLANE('',#10000);
#10000 = AXIS2_PLACEMENT_3D('',#10001,#10002,#10003);
#10001 = CARTESIAN_POINT('',(105.02220071283,2.3,-1.5));
#10002 = DIRECTION('',(-6.466646576573E-15,1.,0.));
#10003 = DIRECTION('',(-1.,-6.466646576573E-15,0.));
#10004 = ADVANCED_FACE('',(#10005),#10016,.F.);
#10005 = FACE_BOUND('',#10006,.F.);
#10006 = EDGE_LOOP('',(#10007,#10013,#10014,#10015));
#10007 = ORIENTED_EDGE('',*,*,#10008,.F.);
#10008 = EDGE_CURVE('',#1253,#2952,#10009,.T.);
#10009 = LINE('',#10010,#10011);
#10010 = CARTESIAN_POINT('',(107.4,1.8,-1.5));
#10011 = VECTOR('',#10012,1.);
#10012 = DIRECTION('',(-0.,-0.,1.));
#10013 = ORIENTED_EDGE('',*,*,#1260,.T.);
#10014 = ORIENTED_EDGE('',*,*,#9994,.T.);
#10015 = ORIENTED_EDGE('',*,*,#2951,.F.);
#10016 = CYLINDRICAL_SURFACE('',#10017,0.5);
#10017 = AXIS2_PLACEMENT_3D('',#10018,#10019,#10020);
#10018 = CARTESIAN_POINT('',(106.9,1.8,-1.5));
#10019 = DIRECTION('',(-0.,-0.,1.));
#10020 = DIRECTION('',(1.,0.,0.));
#10021 = ADVANCED_FACE('',(#10022),#10033,.F.);
#10022 = FACE_BOUND('',#10023,.T.);
#10023 = EDGE_LOOP('',(#10024,#10025,#10026,#10027));
#10024 = ORIENTED_EDGE('',*,*,#2960,.T.);
#10025 = ORIENTED_EDGE('',*,*,#10008,.F.);
#10026 = ORIENTED_EDGE('',*,*,#1252,.F.);
#10027 = ORIENTED_EDGE('',*,*,#10028,.T.);
#10028 = EDGE_CURVE('',#1244,#2961,#10029,.T.);
#10029 = LINE('',#10030,#10031);
#10030 = CARTESIAN_POINT('',(107.4,-1.8,-1.5));
#10031 = VECTOR('',#10032,1.);
#10032 = DIRECTION('',(-0.,-0.,1.));
#10033 = PLANE('',#10034);
#10034 = AXIS2_PLACEMENT_3D('',#10035,#10036,#10037);
#10035 = CARTESIAN_POINT('',(107.4,-1.8,-1.5));
#10036 = DIRECTION('',(1.,-0.,0.));
#10037 = DIRECTION('',(0.,0.,-1.));
#10038 = ADVANCED_FACE('',(#10039),#10050,.F.);
#10039 = FACE_BOUND('',#10040,.F.);
#10040 = EDGE_LOOP('',(#10041,#10047,#10048,#10049));
#10041 = ORIENTED_EDGE('',*,*,#10042,.F.);
#10042 = EDGE_CURVE('',#1236,#2969,#10043,.T.);
#10043 = LINE('',#10044,#10045);
#10044 = CARTESIAN_POINT('',(106.9,-2.3,-1.5));
#10045 = VECTOR('',#10046,1.);
#10046 = DIRECTION('',(-0.,-0.,1.));
#10047 = ORIENTED_EDGE('',*,*,#1243,.T.);
#10048 = ORIENTED_EDGE('',*,*,#10028,.T.);
#10049 = ORIENTED_EDGE('',*,*,#2968,.F.);
#10050 = CYLINDRICAL_SURFACE('',#10051,0.5);
#10051 = AXIS2_PLACEMENT_3D('',#10052,#10053,#10054);
#10052 = CARTESIAN_POINT('',(106.9,-1.8,-1.5));
#10053 = DIRECTION('',(-0.,-0.,1.));
#10054 = DIRECTION('',(1.,0.,0.));
#10055 = ADVANCED_FACE('',(#10056),#10067,.F.);
#10056 = FACE_BOUND('',#10057,.T.);
#10057 = EDGE_LOOP('',(#10058,#10059,#10060,#10061));
#10058 = ORIENTED_EDGE('',*,*,#2977,.T.);
#10059 = ORIENTED_EDGE('',*,*,#10042,.F.);
#10060 = ORIENTED_EDGE('',*,*,#1235,.F.);
#10061 = ORIENTED_EDGE('',*,*,#10062,.T.);
#10062 = EDGE_CURVE('',#1227,#2978,#10063,.T.);
#10063 = LINE('',#10064,#10065);
#10064 = CARTESIAN_POINT('',(105.02220071283,-2.3,-1.5));
#10065 = VECTOR('',#10066,1.);
#10066 = DIRECTION('',(-0.,-0.,1.));
#10067 = PLANE('',#10068);
#10068 = AXIS2_PLACEMENT_3D('',#10069,#10070,#10071);
#10069 = CARTESIAN_POINT('',(105.02220071283,-2.3,-1.5));
#10070 = DIRECTION('',(0.,-1.,0.));
#10071 = DIRECTION('',(0.,-0.,-1.));
#10072 = ADVANCED_FACE('',(#10073),#10084,.T.);
#10073 = FACE_BOUND('',#10074,.T.);
#10074 = EDGE_LOOP('',(#10075,#10076,#10077,#10078));
#10075 = ORIENTED_EDGE('',*,*,#2985,.T.);
#10076 = ORIENTED_EDGE('',*,*,#10062,.F.);
#10077 = ORIENTED_EDGE('',*,*,#1226,.F.);
#10078 = ORIENTED_EDGE('',*,*,#10079,.T.);
#10079 = EDGE_CURVE('',#1218,#2986,#10080,.T.);
#10080 = LINE('',#10081,#10082);
#10081 = CARTESIAN_POINT('',(104.58548760737,-2.55652173913,-1.5));
#10082 = VECTOR('',#10083,1.);
#10083 = DIRECTION('',(-0.,-0.,1.));
#10084 = CYLINDRICAL_SURFACE('',#10085,0.5);
#10085 = AXIS2_PLACEMENT_3D('',#10086,#10087,#10088);
#10086 = CARTESIAN_POINT('',(105.02220071283,-2.8,-1.5));
#10087 = DIRECTION('',(-0.,-0.,1.));
#10088 = DIRECTION('',(1.,0.,0.));
#10089 = ADVANCED_FACE('',(#10090),#10101,.F.);
#10090 = FACE_BOUND('',#10091,.F.);
#10091 = EDGE_LOOP('',(#10092,#10098,#10099,#10100));
#10092 = ORIENTED_EDGE('',*,*,#10093,.F.);
#10093 = EDGE_CURVE('',#1209,#2995,#10094,.T.);
#10094 = LINE('',#10095,#10096);
#10095 = CARTESIAN_POINT('',(95.414512392629,-2.55652173913,-1.5));
#10096 = VECTOR('',#10097,1.);
#10097 = DIRECTION('',(-0.,-0.,1.));
#10098 = ORIENTED_EDGE('',*,*,#1217,.T.);
#10099 = ORIENTED_EDGE('',*,*,#10079,.T.);
#10100 = ORIENTED_EDGE('',*,*,#2994,.F.);
#10101 = CYLINDRICAL_SURFACE('',#10102,5.25);
#10102 = AXIS2_PLACEMENT_3D('',#10103,#10104,#10105);
#10103 = CARTESIAN_POINT('',(100.,-1.561251128379E-14,-1.5));
#10104 = DIRECTION('',(-0.,-0.,1.));
#10105 = DIRECTION('',(1.,0.,0.));
#10106 = ADVANCED_FACE('',(#10107),#10118,.T.);
#10107 = FACE_BOUND('',#10108,.T.);
#10108 = EDGE_LOOP('',(#10109,#10110,#10111,#10112));
#10109 = ORIENTED_EDGE('',*,*,#3003,.T.);
#10110 = ORIENTED_EDGE('',*,*,#10093,.F.);
#10111 = ORIENTED_EDGE('',*,*,#1208,.F.);
#10112 = ORIENTED_EDGE('',*,*,#10113,.T.);
#10113 = EDGE_CURVE('',#1201,#3004,#10114,.T.);
#10114 = LINE('',#10115,#10116);
#10115 = CARTESIAN_POINT('',(94.977799287165,-2.3,-1.5));
#10116 = VECTOR('',#10117,1.);
#10117 = DIRECTION('',(-0.,-0.,1.));
#10118 = CYLINDRICAL_SURFACE('',#10119,0.5);
#10119 = AXIS2_PLACEMENT_3D('',#10120,#10121,#10122);
#10120 = CARTESIAN_POINT('',(94.977799287165,-2.8,-1.5));
#10121 = DIRECTION('',(-0.,-0.,1.));
#10122 = DIRECTION('',(1.,0.,0.));
#10123 = ADVANCED_FACE('',(#10124),#10135,.F.);
#10124 = FACE_BOUND('',#10125,.T.);
#10125 = EDGE_LOOP('',(#10126,#10127,#10128,#10129));
#10126 = ORIENTED_EDGE('',*,*,#3012,.T.);
#10127 = ORIENTED_EDGE('',*,*,#10113,.F.);
#10128 = ORIENTED_EDGE('',*,*,#1200,.F.);
#10129 = ORIENTED_EDGE('',*,*,#10130,.T.);
#10130 = EDGE_CURVE('',#1192,#3013,#10131,.T.);
#10131 = LINE('',#10132,#10133);
#10132 = CARTESIAN_POINT('',(93.1,-2.3,-1.5));
#10133 = VECTOR('',#10134,1.);
#10134 = DIRECTION('',(-0.,-0.,1.));
#10135 = PLANE('',#10136);
#10136 = AXIS2_PLACEMENT_3D('',#10137,#10138,#10139);
#10137 = CARTESIAN_POINT('',(94.977799287165,-2.3,-1.5));
#10138 = DIRECTION('',(7.39045323037E-15,-1.,0.));
#10139 = DIRECTION('',(1.,7.39045323037E-15,0.));
#10140 = ADVANCED_FACE('',(#10141),#10152,.F.);
#10141 = FACE_BOUND('',#10142,.F.);
#10142 = EDGE_LOOP('',(#10143,#10149,#10150,#10151));
#10143 = ORIENTED_EDGE('',*,*,#10144,.F.);
#10144 = EDGE_CURVE('',#1184,#3021,#10145,.T.);
#10145 = LINE('',#10146,#10147);
#10146 = CARTESIAN_POINT('',(92.6,-1.8,-1.5));
#10147 = VECTOR('',#10148,1.);
#10148 = DIRECTION('',(-0.,-0.,1.));
#10149 = ORIENTED_EDGE('',*,*,#1191,.T.);
#10150 = ORIENTED_EDGE('',*,*,#10130,.T.);
#10151 = ORIENTED_EDGE('',*,*,#3020,.F.);
#10152 = CYLINDRICAL_SURFACE('',#10153,0.5);
#10153 = AXIS2_PLACEMENT_3D('',#10154,#10155,#10156);
#10154 = CARTESIAN_POINT('',(93.1,-1.8,-1.5));
#10155 = DIRECTION('',(-0.,-0.,1.));
#10156 = DIRECTION('',(1.,0.,0.));
#10157 = ADVANCED_FACE('',(#10158),#10169,.F.);
#10158 = FACE_BOUND('',#10159,.T.);
#10159 = EDGE_LOOP('',(#10160,#10161,#10162,#10163));
#10160 = ORIENTED_EDGE('',*,*,#3029,.T.);
#10161 = ORIENTED_EDGE('',*,*,#10144,.F.);
#10162 = ORIENTED_EDGE('',*,*,#1183,.F.);
#10163 = ORIENTED_EDGE('',*,*,#10164,.T.);
#10164 = EDGE_CURVE('',#1175,#3030,#10165,.T.);
#10165 = LINE('',#10166,#10167);
#10166 = CARTESIAN_POINT('',(92.6,1.8,-1.5));
#10167 = VECTOR('',#10168,1.);
#10168 = DIRECTION('',(-0.,-0.,1.));
#10169 = PLANE('',#10170);
#10170 = AXIS2_PLACEMENT_3D('',#10171,#10172,#10173);
#10171 = CARTESIAN_POINT('',(92.6,-1.8,-1.5));
#10172 = DIRECTION('',(-1.,0.,0.));
#10173 = DIRECTION('',(0.,0.,1.));
#10174 = ADVANCED_FACE('',(#10175),#10186,.F.);
#10175 = FACE_BOUND('',#10176,.F.);
#10176 = EDGE_LOOP('',(#10177,#10183,#10184,#10185));
#10177 = ORIENTED_EDGE('',*,*,#10178,.F.);
#10178 = EDGE_CURVE('',#1167,#3038,#10179,.T.);
#10179 = LINE('',#10180,#10181);
#10180 = CARTESIAN_POINT('',(93.1,2.3,-1.5));
#10181 = VECTOR('',#10182,1.);
#10182 = DIRECTION('',(-0.,-0.,1.));
#10183 = ORIENTED_EDGE('',*,*,#1174,.T.);
#10184 = ORIENTED_EDGE('',*,*,#10164,.T.);
#10185 = ORIENTED_EDGE('',*,*,#3037,.F.);
#10186 = CYLINDRICAL_SURFACE('',#10187,0.5);
#10187 = AXIS2_PLACEMENT_3D('',#10188,#10189,#10190);
#10188 = CARTESIAN_POINT('',(93.1,1.8,-1.5));
#10189 = DIRECTION('',(-0.,-0.,1.));
#10190 = DIRECTION('',(1.,0.,0.));
#10191 = ADVANCED_FACE('',(#10192),#10203,.F.);
#10192 = FACE_BOUND('',#10193,.T.);
#10193 = EDGE_LOOP('',(#10194,#10195,#10196,#10197));
#10194 = ORIENTED_EDGE('',*,*,#3046,.T.);
#10195 = ORIENTED_EDGE('',*,*,#10178,.F.);
#10196 = ORIENTED_EDGE('',*,*,#1166,.F.);
#10197 = ORIENTED_EDGE('',*,*,#10198,.T.);
#10198 = EDGE_CURVE('',#1158,#3047,#10199,.T.);
#10199 = LINE('',#10200,#10201);
#10200 = CARTESIAN_POINT('',(94.977799287165,2.3,-1.5));
#10201 = VECTOR('',#10202,1.);
#10202 = DIRECTION('',(-0.,-0.,1.));
#10203 = PLANE('',#10204);
#10204 = AXIS2_PLACEMENT_3D('',#10205,#10206,#10207);
#10205 = CARTESIAN_POINT('',(93.1,2.3,-1.5));
#10206 = DIRECTION('',(-9.238066537962E-16,1.,0.));
#10207 = DIRECTION('',(-1.,-9.238066537962E-16,0.));
#10208 = ADVANCED_FACE('',(#10209),#10220,.T.);
#10209 = FACE_BOUND('',#10210,.T.);
#10210 = EDGE_LOOP('',(#10211,#10212,#10213,#10214));
#10211 = ORIENTED_EDGE('',*,*,#3054,.T.);
#10212 = ORIENTED_EDGE('',*,*,#10198,.F.);
#10213 = ORIENTED_EDGE('',*,*,#1157,.F.);
#10214 = ORIENTED_EDGE('',*,*,#10215,.T.);
#10215 = EDGE_CURVE('',#1149,#2926,#10216,.T.);
#10216 = LINE('',#10217,#10218);
#10217 = CARTESIAN_POINT('',(95.414512392629,2.55652173913,-1.5));
#10218 = VECTOR('',#10219,1.);
#10219 = DIRECTION('',(-0.,-0.,1.));
#10220 = CYLINDRICAL_SURFACE('',#10221,0.5);
#10221 = AXIS2_PLACEMENT_3D('',#10222,#10223,#10224);
#10222 = CARTESIAN_POINT('',(94.977799287165,2.8,-1.5));
#10223 = DIRECTION('',(-0.,-0.,1.));
#10224 = DIRECTION('',(1.,0.,0.));
#10225 = ADVANCED_FACE('',(#10226),#10232,.F.);
#10226 = FACE_BOUND('',#10227,.F.);
#10227 = EDGE_LOOP('',(#10228,#10229,#10230,#10231));
#10228 = ORIENTED_EDGE('',*,*,#9970,.F.);
#10229 = ORIENTED_EDGE('',*,*,#1148,.T.);
#10230 = ORIENTED_EDGE('',*,*,#10215,.T.);
#10231 = ORIENTED_EDGE('',*,*,#2923,.F.);
#10232 = CYLINDRICAL_SURFACE('',#10233,5.25);
#10233 = AXIS2_PLACEMENT_3D('',#10234,#10235,#10236);
#10234 = CARTESIAN_POINT('',(100.,-1.561251128379E-14,-1.5));
#10235 = DIRECTION('',(-0.,-0.,1.));
#10236 = DIRECTION('',(1.,0.,0.));
#10237 = ADVANCED_FACE('',(#10238),#10254,.T.);
#10238 = FACE_BOUND('',#10239,.T.);
#10239 = EDGE_LOOP('',(#10240,#10241,#10247,#10248));
#10240 = ORIENTED_EDGE('',*,*,#2794,.T.);
#10241 = ORIENTED_EDGE('',*,*,#10242,.F.);
#10242 = EDGE_CURVE('',#1000,#2784,#10243,.T.);
#10243 = LINE('',#10244,#10245);
#10244 = CARTESIAN_POINT('',(79.585487607371,2.55652173913,-1.5));
#10245 = VECTOR('',#10246,1.);
#10246 = DIRECTION('',(-0.,-0.,1.));
#10247 = ORIENTED_EDGE('',*,*,#997,.F.);
#10248 = ORIENTED_EDGE('',*,*,#10249,.T.);
#10249 = EDGE_CURVE('',#998,#2795,#10250,.T.);
#10250 = LINE('',#10251,#10252);
#10251 = CARTESIAN_POINT('',(80.022200712835,2.3,-1.5));
#10252 = VECTOR('',#10253,1.);
#10253 = DIRECTION('',(-0.,-0.,1.));
#10254 = CYLINDRICAL_SURFACE('',#10255,0.5);
#10255 = AXIS2_PLACEMENT_3D('',#10256,#10257,#10258);
#10256 = CARTESIAN_POINT('',(80.022200712835,2.8,-1.5));
#10257 = DIRECTION('',(-0.,-0.,1.));
#10258 = DIRECTION('',(1.,0.,0.));
#10259 = ADVANCED_FACE('',(#10260),#10271,.F.);
#10260 = FACE_BOUND('',#10261,.T.);
#10261 = EDGE_LOOP('',(#10262,#10263,#10264,#10265));
#10262 = ORIENTED_EDGE('',*,*,#2803,.T.);
#10263 = ORIENTED_EDGE('',*,*,#10249,.F.);
#10264 = ORIENTED_EDGE('',*,*,#1129,.F.);
#10265 = ORIENTED_EDGE('',*,*,#10266,.T.);
#10266 = EDGE_CURVE('',#1121,#2804,#10267,.T.);
#10267 = LINE('',#10268,#10269);
#10268 = CARTESIAN_POINT('',(81.9,2.3,-1.5));
#10269 = VECTOR('',#10270,1.);
#10270 = DIRECTION('',(-0.,-0.,1.));
#10271 = PLANE('',#10272);
#10272 = AXIS2_PLACEMENT_3D('',#10273,#10274,#10275);
#10273 = CARTESIAN_POINT('',(80.022200712835,2.3,-1.5));
#10274 = DIRECTION('',(-6.466646576573E-15,1.,0.));
#10275 = DIRECTION('',(-1.,-6.466646576573E-15,0.));
#10276 = ADVANCED_FACE('',(#10277),#10288,.F.);
#10277 = FACE_BOUND('',#10278,.F.);
#10278 = EDGE_LOOP('',(#10279,#10285,#10286,#10287));
#10279 = ORIENTED_EDGE('',*,*,#10280,.F.);
#10280 = EDGE_CURVE('',#1113,#2812,#10281,.T.);
#10281 = LINE('',#10282,#10283);
#10282 = CARTESIAN_POINT('',(82.4,1.8,-1.5));
#10283 = VECTOR('',#10284,1.);
#10284 = DIRECTION('',(-0.,-0.,1.));
#10285 = ORIENTED_EDGE('',*,*,#1120,.T.);
#10286 = ORIENTED_EDGE('',*,*,#10266,.T.);
#10287 = ORIENTED_EDGE('',*,*,#2811,.F.);
#10288 = CYLINDRICAL_SURFACE('',#10289,0.5);
#10289 = AXIS2_PLACEMENT_3D('',#10290,#10291,#10292);
#10290 = CARTESIAN_POINT('',(81.9,1.8,-1.5));
#10291 = DIRECTION('',(-0.,-0.,1.));
#10292 = DIRECTION('',(1.,0.,0.));
#10293 = ADVANCED_FACE('',(#10294),#10305,.F.);
#10294 = FACE_BOUND('',#10295,.T.);
#10295 = EDGE_LOOP('',(#10296,#10297,#10298,#10299));
#10296 = ORIENTED_EDGE('',*,*,#2820,.T.);
#10297 = ORIENTED_EDGE('',*,*,#10280,.F.);
#10298 = ORIENTED_EDGE('',*,*,#1112,.F.);
#10299 = ORIENTED_EDGE('',*,*,#10300,.T.);
#10300 = EDGE_CURVE('',#1104,#2821,#10301,.T.);
#10301 = LINE('',#10302,#10303);
#10302 = CARTESIAN_POINT('',(82.4,-1.8,-1.5));
#10303 = VECTOR('',#10304,1.);
#10304 = DIRECTION('',(-0.,-0.,1.));
#10305 = PLANE('',#10306);
#10306 = AXIS2_PLACEMENT_3D('',#10307,#10308,#10309);
#10307 = CARTESIAN_POINT('',(82.4,-1.8,-1.5));
#10308 = DIRECTION('',(1.,-0.,0.));
#10309 = DIRECTION('',(0.,0.,-1.));
#10310 = ADVANCED_FACE('',(#10311),#10322,.F.);
#10311 = FACE_BOUND('',#10312,.F.);
#10312 = EDGE_LOOP('',(#10313,#10319,#10320,#10321));
#10313 = ORIENTED_EDGE('',*,*,#10314,.F.);
#10314 = EDGE_CURVE('',#1096,#2829,#10315,.T.);
#10315 = LINE('',#10316,#10317);
#10316 = CARTESIAN_POINT('',(81.9,-2.3,-1.5));
#10317 = VECTOR('',#10318,1.);
#10318 = DIRECTION('',(-0.,-0.,1.));
#10319 = ORIENTED_EDGE('',*,*,#1103,.T.);
#10320 = ORIENTED_EDGE('',*,*,#10300,.T.);
#10321 = ORIENTED_EDGE('',*,*,#2828,.F.);
#10322 = CYLINDRICAL_SURFACE('',#10323,0.5);
#10323 = AXIS2_PLACEMENT_3D('',#10324,#10325,#10326);
#10324 = CARTESIAN_POINT('',(81.9,-1.8,-1.5));
#10325 = DIRECTION('',(-0.,-0.,1.));
#10326 = DIRECTION('',(1.,0.,0.));
#10327 = ADVANCED_FACE('',(#10328),#10339,.F.);
#10328 = FACE_BOUND('',#10329,.T.);
#10329 = EDGE_LOOP('',(#10330,#10331,#10332,#10333));
#10330 = ORIENTED_EDGE('',*,*,#2837,.T.);
#10331 = ORIENTED_EDGE('',*,*,#10314,.F.);
#10332 = ORIENTED_EDGE('',*,*,#1095,.F.);
#10333 = ORIENTED_EDGE('',*,*,#10334,.T.);
#10334 = EDGE_CURVE('',#1087,#2838,#10335,.T.);
#10335 = LINE('',#10336,#10337);
#10336 = CARTESIAN_POINT('',(80.022200712835,-2.3,-1.5));
#10337 = VECTOR('',#10338,1.);
#10338 = DIRECTION('',(-0.,-0.,1.));
#10339 = PLANE('',#10340);
#10340 = AXIS2_PLACEMENT_3D('',#10341,#10342,#10343);
#10341 = CARTESIAN_POINT('',(80.022200712835,-2.3,-1.5));
#10342 = DIRECTION('',(0.,-1.,0.));
#10343 = DIRECTION('',(0.,-0.,-1.));
#10344 = ADVANCED_FACE('',(#10345),#10356,.T.);
#10345 = FACE_BOUND('',#10346,.T.);
#10346 = EDGE_LOOP('',(#10347,#10348,#10349,#10350));
#10347 = ORIENTED_EDGE('',*,*,#2845,.T.);
#10348 = ORIENTED_EDGE('',*,*,#10334,.F.);
#10349 = ORIENTED_EDGE('',*,*,#1086,.F.);
#10350 = ORIENTED_EDGE('',*,*,#10351,.T.);
#10351 = EDGE_CURVE('',#1078,#2846,#10352,.T.);
#10352 = LINE('',#10353,#10354);
#10353 = CARTESIAN_POINT('',(79.585487607371,-2.55652173913,-1.5));
#10354 = VECTOR('',#10355,1.);
#10355 = DIRECTION('',(-0.,-0.,1.));
#10356 = CYLINDRICAL_SURFACE('',#10357,0.5);
#10357 = AXIS2_PLACEMENT_3D('',#10358,#10359,#10360);
#10358 = CARTESIAN_POINT('',(80.022200712835,-2.8,-1.5));
#10359 = DIRECTION('',(-0.,-0.,1.));
#10360 = DIRECTION('',(1.,0.,0.));
#10361 = ADVANCED_FACE('',(#10362),#10373,.F.);
#10362 = FACE_BOUND('',#10363,.F.);
#10363 = EDGE_LOOP('',(#10364,#10370,#10371,#10372));
#10364 = ORIENTED_EDGE('',*,*,#10365,.F.);
#10365 = EDGE_CURVE('',#1069,#2855,#10366,.T.);
#10366 = LINE('',#10367,#10368);
#10367 = CARTESIAN_POINT('',(70.414512392629,-2.55652173913,-1.5));
#10368 = VECTOR('',#10369,1.);
#10369 = DIRECTION('',(-0.,-0.,1.));
#10370 = ORIENTED_EDGE('',*,*,#1077,.T.);
#10371 = ORIENTED_EDGE('',*,*,#10351,.T.);
#10372 = ORIENTED_EDGE('',*,*,#2854,.F.);
#10373 = CYLINDRICAL_SURFACE('',#10374,5.25);
#10374 = AXIS2_PLACEMENT_3D('',#10375,#10376,#10377);
#10375 = CARTESIAN_POINT('',(75.,-1.561251128379E-14,-1.5));
#10376 = DIRECTION('',(-0.,-0.,1.));
#10377 = DIRECTION('',(1.,0.,0.));
#10378 = ADVANCED_FACE('',(#10379),#10390,.T.);
#10379 = FACE_BOUND('',#10380,.T.);
#10380 = EDGE_LOOP('',(#10381,#10382,#10383,#10384));
#10381 = ORIENTED_EDGE('',*,*,#2863,.T.);
#10382 = ORIENTED_EDGE('',*,*,#10365,.F.);
#10383 = ORIENTED_EDGE('',*,*,#1068,.F.);
#10384 = ORIENTED_EDGE('',*,*,#10385,.T.);
#10385 = EDGE_CURVE('',#1061,#2864,#10386,.T.);
#10386 = LINE('',#10387,#10388);
#10387 = CARTESIAN_POINT('',(69.977799287165,-2.3,-1.5));
#10388 = VECTOR('',#10389,1.);
#10389 = DIRECTION('',(-0.,-0.,1.));
#10390 = CYLINDRICAL_SURFACE('',#10391,0.5);
#10391 = AXIS2_PLACEMENT_3D('',#10392,#10393,#10394);
#10392 = CARTESIAN_POINT('',(69.977799287165,-2.8,-1.5));
#10393 = DIRECTION('',(-0.,-0.,1.));
#10394 = DIRECTION('',(1.,0.,0.));
#10395 = ADVANCED_FACE('',(#10396),#10407,.F.);
#10396 = FACE_BOUND('',#10397,.T.);
#10397 = EDGE_LOOP('',(#10398,#10399,#10400,#10401));
#10398 = ORIENTED_EDGE('',*,*,#2872,.T.);
#10399 = ORIENTED_EDGE('',*,*,#10385,.F.);
#10400 = ORIENTED_EDGE('',*,*,#1060,.F.);
#10401 = ORIENTED_EDGE('',*,*,#10402,.T.);
#10402 = EDGE_CURVE('',#1052,#2873,#10403,.T.);
#10403 = LINE('',#10404,#10405);
#10404 = CARTESIAN_POINT('',(68.1,-2.3,-1.5));
#10405 = VECTOR('',#10406,1.);
#10406 = DIRECTION('',(-0.,-0.,1.));
#10407 = PLANE('',#10408);
#10408 = AXIS2_PLACEMENT_3D('',#10409,#10410,#10411);
#10409 = CARTESIAN_POINT('',(69.977799287165,-2.3,-1.5));
#10410 = DIRECTION('',(7.39045323037E-15,-1.,0.));
#10411 = DIRECTION('',(1.,7.39045323037E-15,0.));
#10412 = ADVANCED_FACE('',(#10413),#10424,.F.);
#10413 = FACE_BOUND('',#10414,.F.);
#10414 = EDGE_LOOP('',(#10415,#10421,#10422,#10423));
#10415 = ORIENTED_EDGE('',*,*,#10416,.F.);
#10416 = EDGE_CURVE('',#1044,#2881,#10417,.T.);
#10417 = LINE('',#10418,#10419);
#10418 = CARTESIAN_POINT('',(67.6,-1.8,-1.5));
#10419 = VECTOR('',#10420,1.);
#10420 = DIRECTION('',(-0.,-0.,1.));
#10421 = ORIENTED_EDGE('',*,*,#1051,.T.);
#10422 = ORIENTED_EDGE('',*,*,#10402,.T.);
#10423 = ORIENTED_EDGE('',*,*,#2880,.F.);
#10424 = CYLINDRICAL_SURFACE('',#10425,0.5);
#10425 = AXIS2_PLACEMENT_3D('',#10426,#10427,#10428);
#10426 = CARTESIAN_POINT('',(68.1,-1.8,-1.5));
#10427 = DIRECTION('',(-0.,-0.,1.));
#10428 = DIRECTION('',(1.,0.,0.));
#10429 = ADVANCED_FACE('',(#10430),#10441,.F.);
#10430 = FACE_BOUND('',#10431,.T.);
#10431 = EDGE_LOOP('',(#10432,#10433,#10434,#10435));
#10432 = ORIENTED_EDGE('',*,*,#2889,.T.);
#10433 = ORIENTED_EDGE('',*,*,#10416,.F.);
#10434 = ORIENTED_EDGE('',*,*,#1043,.F.);
#10435 = ORIENTED_EDGE('',*,*,#10436,.T.);
#10436 = EDGE_CURVE('',#1035,#2890,#10437,.T.);
#10437 = LINE('',#10438,#10439);
#10438 = CARTESIAN_POINT('',(67.6,1.8,-1.5));
#10439 = VECTOR('',#10440,1.);
#10440 = DIRECTION('',(-0.,-0.,1.));
#10441 = PLANE('',#10442);
#10442 = AXIS2_PLACEMENT_3D('',#10443,#10444,#10445);
#10443 = CARTESIAN_POINT('',(67.6,-1.8,-1.5));
#10444 = DIRECTION('',(-1.,0.,0.));
#10445 = DIRECTION('',(0.,0.,1.));
#10446 = ADVANCED_FACE('',(#10447),#10458,.F.);
#10447 = FACE_BOUND('',#10448,.F.);
#10448 = EDGE_LOOP('',(#10449,#10455,#10456,#10457));
#10449 = ORIENTED_EDGE('',*,*,#10450,.F.);
#10450 = EDGE_CURVE('',#1027,#2898,#10451,.T.);
#10451 = LINE('',#10452,#10453);
#10452 = CARTESIAN_POINT('',(68.1,2.3,-1.5));
#10453 = VECTOR('',#10454,1.);
#10454 = DIRECTION('',(-0.,-0.,1.));
#10455 = ORIENTED_EDGE('',*,*,#1034,.T.);
#10456 = ORIENTED_EDGE('',*,*,#10436,.T.);
#10457 = ORIENTED_EDGE('',*,*,#2897,.F.);
#10458 = CYLINDRICAL_SURFACE('',#10459,0.5);
#10459 = AXIS2_PLACEMENT_3D('',#10460,#10461,#10462);
#10460 = CARTESIAN_POINT('',(68.1,1.8,-1.5));
#10461 = DIRECTION('',(-0.,-0.,1.));
#10462 = DIRECTION('',(1.,0.,0.));
#10463 = ADVANCED_FACE('',(#10464),#10475,.F.);
#10464 = FACE_BOUND('',#10465,.T.);
#10465 = EDGE_LOOP('',(#10466,#10467,#10468,#10469));
#10466 = ORIENTED_EDGE('',*,*,#2906,.T.);
#10467 = ORIENTED_EDGE('',*,*,#10450,.F.);
#10468 = ORIENTED_EDGE('',*,*,#1026,.F.);
#10469 = ORIENTED_EDGE('',*,*,#10470,.T.);
#10470 = EDGE_CURVE('',#1018,#2907,#10471,.T.);
#10471 = LINE('',#10472,#10473);
#10472 = CARTESIAN_POINT('',(69.977799287165,2.3,-1.5));
#10473 = VECTOR('',#10474,1.);
#10474 = DIRECTION('',(-0.,-0.,1.));
#10475 = PLANE('',#10476);
#10476 = AXIS2_PLACEMENT_3D('',#10477,#10478,#10479);
#10477 = CARTESIAN_POINT('',(68.1,2.3,-1.5));
#10478 = DIRECTION('',(-9.238066537962E-16,1.,0.));
#10479 = DIRECTION('',(-1.,-9.238066537962E-16,0.));
#10480 = ADVANCED_FACE('',(#10481),#10492,.T.);
#10481 = FACE_BOUND('',#10482,.T.);
#10482 = EDGE_LOOP('',(#10483,#10484,#10485,#10486));
#10483 = ORIENTED_EDGE('',*,*,#2914,.T.);
#10484 = ORIENTED_EDGE('',*,*,#10470,.F.);
#10485 = ORIENTED_EDGE('',*,*,#1017,.F.);
#10486 = ORIENTED_EDGE('',*,*,#10487,.T.);
#10487 = EDGE_CURVE('',#1009,#2786,#10488,.T.);
#10488 = LINE('',#10489,#10490);
#10489 = CARTESIAN_POINT('',(70.414512392629,2.55652173913,-1.5));
#10490 = VECTOR('',#10491,1.);
#10491 = DIRECTION('',(-0.,-0.,1.));
#10492 = CYLINDRICAL_SURFACE('',#10493,0.5);
#10493 = AXIS2_PLACEMENT_3D('',#10494,#10495,#10496);
#10494 = CARTESIAN_POINT('',(69.977799287165,2.8,-1.5));
#10495 = DIRECTION('',(-0.,-0.,1.));
#10496 = DIRECTION('',(1.,0.,0.));
#10497 = ADVANCED_FACE('',(#10498),#10504,.F.);
#10498 = FACE_BOUND('',#10499,.F.);
#10499 = EDGE_LOOP('',(#10500,#10501,#10502,#10503));
#10500 = ORIENTED_EDGE('',*,*,#10242,.F.);
#10501 = ORIENTED_EDGE('',*,*,#1008,.T.);
#10502 = ORIENTED_EDGE('',*,*,#10487,.T.);
#10503 = ORIENTED_EDGE('',*,*,#2783,.F.);
#10504 = CYLINDRICAL_SURFACE('',#10505,5.25);
#10505 = AXIS2_PLACEMENT_3D('',#10506,#10507,#10508);
#10506 = CARTESIAN_POINT('',(75.,-1.561251128379E-14,-1.5));
#10507 = DIRECTION('',(-0.,-0.,1.));
#10508 = DIRECTION('',(1.,0.,0.));
#10509 = ADVANCED_FACE('',(#10510),#10526,.T.);
#10510 = FACE_BOUND('',#10511,.T.);
#10511 = EDGE_LOOP('',(#10512,#10513,#10519,#10520));
#10512 = ORIENTED_EDGE('',*,*,#2654,.T.);
#10513 = ORIENTED_EDGE('',*,*,#10514,.F.);
#10514 = EDGE_CURVE('',#860,#2644,#10515,.T.);
#10515 = LINE('',#10516,#10517);
#10516 = CARTESIAN_POINT('',(54.585487607371,2.55652173913,-1.5));
#10517 = VECTOR('',#10518,1.);
#10518 = DIRECTION('',(-0.,-0.,1.));
#10519 = ORIENTED_EDGE('',*,*,#857,.F.);
#10520 = ORIENTED_EDGE('',*,*,#10521,.T.);
#10521 = EDGE_CURVE('',#858,#2655,#10522,.T.);
#10522 = LINE('',#10523,#10524);
#10523 = CARTESIAN_POINT('',(55.022200712835,2.3,-1.5));
#10524 = VECTOR('',#10525,1.);
#10525 = DIRECTION('',(-0.,-0.,1.));
#10526 = CYLINDRICAL_SURFACE('',#10527,0.5);
#10527 = AXIS2_PLACEMENT_3D('',#10528,#10529,#10530);
#10528 = CARTESIAN_POINT('',(55.022200712835,2.8,-1.5));
#10529 = DIRECTION('',(-0.,-0.,1.));
#10530 = DIRECTION('',(1.,0.,0.));
#10531 = ADVANCED_FACE('',(#10532),#10543,.F.);
#10532 = FACE_BOUND('',#10533,.T.);
#10533 = EDGE_LOOP('',(#10534,#10535,#10536,#10537));
#10534 = ORIENTED_EDGE('',*,*,#2663,.T.);
#10535 = ORIENTED_EDGE('',*,*,#10521,.F.);
#10536 = ORIENTED_EDGE('',*,*,#989,.F.);
#10537 = ORIENTED_EDGE('',*,*,#10538,.T.);
#10538 = EDGE_CURVE('',#981,#2664,#10539,.T.);
#10539 = LINE('',#10540,#10541);
#10540 = CARTESIAN_POINT('',(56.9,2.3,-1.5));
#10541 = VECTOR('',#10542,1.);
#10542 = DIRECTION('',(-0.,-0.,1.));
#10543 = PLANE('',#10544);
#10544 = AXIS2_PLACEMENT_3D('',#10545,#10546,#10547);
#10545 = CARTESIAN_POINT('',(55.022200712835,2.3,-1.5));
#10546 = DIRECTION('',(-6.466646576573E-15,1.,0.));
#10547 = DIRECTION('',(-1.,-6.466646576573E-15,0.));
#10548 = ADVANCED_FACE('',(#10549),#10560,.F.);
#10549 = FACE_BOUND('',#10550,.F.);
#10550 = EDGE_LOOP('',(#10551,#10557,#10558,#10559));
#10551 = ORIENTED_EDGE('',*,*,#10552,.F.);
#10552 = EDGE_CURVE('',#973,#2672,#10553,.T.);
#10553 = LINE('',#10554,#10555);
#10554 = CARTESIAN_POINT('',(57.4,1.8,-1.5));
#10555 = VECTOR('',#10556,1.);
#10556 = DIRECTION('',(-0.,-0.,1.));
#10557 = ORIENTED_EDGE('',*,*,#980,.T.);
#10558 = ORIENTED_EDGE('',*,*,#10538,.T.);
#10559 = ORIENTED_EDGE('',*,*,#2671,.F.);
#10560 = CYLINDRICAL_SURFACE('',#10561,0.5);
#10561 = AXIS2_PLACEMENT_3D('',#10562,#10563,#10564);
#10562 = CARTESIAN_POINT('',(56.9,1.8,-1.5));
#10563 = DIRECTION('',(-0.,-0.,1.));
#10564 = DIRECTION('',(1.,0.,0.));
#10565 = ADVANCED_FACE('',(#10566),#10577,.F.);
#10566 = FACE_BOUND('',#10567,.T.);
#10567 = EDGE_LOOP('',(#10568,#10569,#10570,#10571));
#10568 = ORIENTED_EDGE('',*,*,#2680,.T.);
#10569 = ORIENTED_EDGE('',*,*,#10552,.F.);
#10570 = ORIENTED_EDGE('',*,*,#972,.F.);
#10571 = ORIENTED_EDGE('',*,*,#10572,.T.);
#10572 = EDGE_CURVE('',#964,#2681,#10573,.T.);
#10573 = LINE('',#10574,#10575);
#10574 = CARTESIAN_POINT('',(57.4,-1.8,-1.5));
#10575 = VECTOR('',#10576,1.);
#10576 = DIRECTION('',(-0.,-0.,1.));
#10577 = PLANE('',#10578);
#10578 = AXIS2_PLACEMENT_3D('',#10579,#10580,#10581);
#10579 = CARTESIAN_POINT('',(57.4,-1.8,-1.5));
#10580 = DIRECTION('',(1.,-0.,0.));
#10581 = DIRECTION('',(0.,0.,-1.));
#10582 = ADVANCED_FACE('',(#10583),#10594,.F.);
#10583 = FACE_BOUND('',#10584,.F.);
#10584 = EDGE_LOOP('',(#10585,#10591,#10592,#10593));
#10585 = ORIENTED_EDGE('',*,*,#10586,.F.);
#10586 = EDGE_CURVE('',#956,#2689,#10587,.T.);
#10587 = LINE('',#10588,#10589);
#10588 = CARTESIAN_POINT('',(56.9,-2.3,-1.5));
#10589 = VECTOR('',#10590,1.);
#10590 = DIRECTION('',(-0.,-0.,1.));
#10591 = ORIENTED_EDGE('',*,*,#963,.T.);
#10592 = ORIENTED_EDGE('',*,*,#10572,.T.);
#10593 = ORIENTED_EDGE('',*,*,#2688,.F.);
#10594 = CYLINDRICAL_SURFACE('',#10595,0.5);
#10595 = AXIS2_PLACEMENT_3D('',#10596,#10597,#10598);
#10596 = CARTESIAN_POINT('',(56.9,-1.8,-1.5));
#10597 = DIRECTION('',(-0.,-0.,1.));
#10598 = DIRECTION('',(1.,0.,0.));
#10599 = ADVANCED_FACE('',(#10600),#10611,.F.);
#10600 = FACE_BOUND('',#10601,.T.);
#10601 = EDGE_LOOP('',(#10602,#10603,#10604,#10605));
#10602 = ORIENTED_EDGE('',*,*,#2697,.T.);
#10603 = ORIENTED_EDGE('',*,*,#10586,.F.);
#10604 = ORIENTED_EDGE('',*,*,#955,.F.);
#10605 = ORIENTED_EDGE('',*,*,#10606,.T.);
#10606 = EDGE_CURVE('',#947,#2698,#10607,.T.);
#10607 = LINE('',#10608,#10609);
#10608 = CARTESIAN_POINT('',(55.022200712835,-2.3,-1.5));
#10609 = VECTOR('',#10610,1.);
#10610 = DIRECTION('',(-0.,-0.,1.));
#10611 = PLANE('',#10612);
#10612 = AXIS2_PLACEMENT_3D('',#10613,#10614,#10615);
#10613 = CARTESIAN_POINT('',(55.022200712835,-2.3,-1.5));
#10614 = DIRECTION('',(0.,-1.,0.));
#10615 = DIRECTION('',(0.,-0.,-1.));
#10616 = ADVANCED_FACE('',(#10617),#10628,.T.);
#10617 = FACE_BOUND('',#10618,.T.);
#10618 = EDGE_LOOP('',(#10619,#10620,#10621,#10622));
#10619 = ORIENTED_EDGE('',*,*,#2705,.T.);
#10620 = ORIENTED_EDGE('',*,*,#10606,.F.);
#10621 = ORIENTED_EDGE('',*,*,#946,.F.);
#10622 = ORIENTED_EDGE('',*,*,#10623,.T.);
#10623 = EDGE_CURVE('',#938,#2706,#10624,.T.);
#10624 = LINE('',#10625,#10626);
#10625 = CARTESIAN_POINT('',(54.585487607371,-2.55652173913,-1.5));
#10626 = VECTOR('',#10627,1.);
#10627 = DIRECTION('',(-0.,-0.,1.));
#10628 = CYLINDRICAL_SURFACE('',#10629,0.5);
#10629 = AXIS2_PLACEMENT_3D('',#10630,#10631,#10632);
#10630 = CARTESIAN_POINT('',(55.022200712835,-2.8,-1.5));
#10631 = DIRECTION('',(-0.,-0.,1.));
#10632 = DIRECTION('',(1.,0.,0.));
#10633 = ADVANCED_FACE('',(#10634),#10645,.F.);
#10634 = FACE_BOUND('',#10635,.F.);
#10635 = EDGE_LOOP('',(#10636,#10642,#10643,#10644));
#10636 = ORIENTED_EDGE('',*,*,#10637,.F.);
#10637 = EDGE_CURVE('',#929,#2715,#10638,.T.);
#10638 = LINE('',#10639,#10640);
#10639 = CARTESIAN_POINT('',(45.414512392629,-2.55652173913,-1.5));
#10640 = VECTOR('',#10641,1.);
#10641 = DIRECTION('',(-0.,-0.,1.));
#10642 = ORIENTED_EDGE('',*,*,#937,.T.);
#10643 = ORIENTED_EDGE('',*,*,#10623,.T.);
#10644 = ORIENTED_EDGE('',*,*,#2714,.F.);
#10645 = CYLINDRICAL_SURFACE('',#10646,5.25);
#10646 = AXIS2_PLACEMENT_3D('',#10647,#10648,#10649);
#10647 = CARTESIAN_POINT('',(50.,-1.561251128379E-14,-1.5));
#10648 = DIRECTION('',(-0.,-0.,1.));
#10649 = DIRECTION('',(1.,0.,0.));
#10650 = ADVANCED_FACE('',(#10651),#10662,.T.);
#10651 = FACE_BOUND('',#10652,.T.);
#10652 = EDGE_LOOP('',(#10653,#10654,#10655,#10656));
#10653 = ORIENTED_EDGE('',*,*,#2723,.T.);
#10654 = ORIENTED_EDGE('',*,*,#10637,.F.);
#10655 = ORIENTED_EDGE('',*,*,#928,.F.);
#10656 = ORIENTED_EDGE('',*,*,#10657,.T.);
#10657 = EDGE_CURVE('',#921,#2724,#10658,.T.);
#10658 = LINE('',#10659,#10660);
#10659 = CARTESIAN_POINT('',(44.977799287165,-2.3,-1.5));
#10660 = VECTOR('',#10661,1.);
#10661 = DIRECTION('',(-0.,-0.,1.));
#10662 = CYLINDRICAL_SURFACE('',#10663,0.5);
#10663 = AXIS2_PLACEMENT_3D('',#10664,#10665,#10666);
#10664 = CARTESIAN_POINT('',(44.977799287165,-2.8,-1.5));
#10665 = DIRECTION('',(-0.,-0.,1.));
#10666 = DIRECTION('',(1.,0.,0.));
#10667 = ADVANCED_FACE('',(#10668),#10679,.F.);
#10668 = FACE_BOUND('',#10669,.T.);
#10669 = EDGE_LOOP('',(#10670,#10671,#10672,#10673));
#10670 = ORIENTED_EDGE('',*,*,#2732,.T.);
#10671 = ORIENTED_EDGE('',*,*,#10657,.F.);
#10672 = ORIENTED_EDGE('',*,*,#920,.F.);
#10673 = ORIENTED_EDGE('',*,*,#10674,.T.);
#10674 = EDGE_CURVE('',#912,#2733,#10675,.T.);
#10675 = LINE('',#10676,#10677);
#10676 = CARTESIAN_POINT('',(43.1,-2.3,-1.5));
#10677 = VECTOR('',#10678,1.);
#10678 = DIRECTION('',(-0.,-0.,1.));
#10679 = PLANE('',#10680);
#10680 = AXIS2_PLACEMENT_3D('',#10681,#10682,#10683);
#10681 = CARTESIAN_POINT('',(44.977799287165,-2.3,-1.5));
#10682 = DIRECTION('',(7.39045323037E-15,-1.,0.));
#10683 = DIRECTION('',(1.,7.39045323037E-15,0.));
#10684 = ADVANCED_FACE('',(#10685),#10696,.F.);
#10685 = FACE_BOUND('',#10686,.F.);
#10686 = EDGE_LOOP('',(#10687,#10693,#10694,#10695));
#10687 = ORIENTED_EDGE('',*,*,#10688,.F.);
#10688 = EDGE_CURVE('',#904,#2741,#10689,.T.);
#10689 = LINE('',#10690,#10691);
#10690 = CARTESIAN_POINT('',(42.6,-1.8,-1.5));
#10691 = VECTOR('',#10692,1.);
#10692 = DIRECTION('',(-0.,-0.,1.));
#10693 = ORIENTED_EDGE('',*,*,#911,.T.);
#10694 = ORIENTED_EDGE('',*,*,#10674,.T.);
#10695 = ORIENTED_EDGE('',*,*,#2740,.F.);
#10696 = CYLINDRICAL_SURFACE('',#10697,0.5);
#10697 = AXIS2_PLACEMENT_3D('',#10698,#10699,#10700);
#10698 = CARTESIAN_POINT('',(43.1,-1.8,-1.5));
#10699 = DIRECTION('',(-0.,-0.,1.));
#10700 = DIRECTION('',(1.,0.,0.));
#10701 = ADVANCED_FACE('',(#10702),#10713,.F.);
#10702 = FACE_BOUND('',#10703,.T.);
#10703 = EDGE_LOOP('',(#10704,#10705,#10706,#10707));
#10704 = ORIENTED_EDGE('',*,*,#2749,.T.);
#10705 = ORIENTED_EDGE('',*,*,#10688,.F.);
#10706 = ORIENTED_EDGE('',*,*,#903,.F.);
#10707 = ORIENTED_EDGE('',*,*,#10708,.T.);
#10708 = EDGE_CURVE('',#895,#2750,#10709,.T.);
#10709 = LINE('',#10710,#10711);
#10710 = CARTESIAN_POINT('',(42.6,1.8,-1.5));
#10711 = VECTOR('',#10712,1.);
#10712 = DIRECTION('',(-0.,-0.,1.));
#10713 = PLANE('',#10714);
#10714 = AXIS2_PLACEMENT_3D('',#10715,#10716,#10717);
#10715 = CARTESIAN_POINT('',(42.6,-1.8,-1.5));
#10716 = DIRECTION('',(-1.,0.,0.));
#10717 = DIRECTION('',(0.,0.,1.));
#10718 = ADVANCED_FACE('',(#10719),#10730,.F.);
#10719 = FACE_BOUND('',#10720,.F.);
#10720 = EDGE_LOOP('',(#10721,#10727,#10728,#10729));
#10721 = ORIENTED_EDGE('',*,*,#10722,.F.);
#10722 = EDGE_CURVE('',#887,#2758,#10723,.T.);
#10723 = LINE('',#10724,#10725);
#10724 = CARTESIAN_POINT('',(43.1,2.3,-1.5));
#10725 = VECTOR('',#10726,1.);
#10726 = DIRECTION('',(-0.,-0.,1.));
#10727 = ORIENTED_EDGE('',*,*,#894,.T.);
#10728 = ORIENTED_EDGE('',*,*,#10708,.T.);
#10729 = ORIENTED_EDGE('',*,*,#2757,.F.);
#10730 = CYLINDRICAL_SURFACE('',#10731,0.5);
#10731 = AXIS2_PLACEMENT_3D('',#10732,#10733,#10734);
#10732 = CARTESIAN_POINT('',(43.1,1.8,-1.5));
#10733 = DIRECTION('',(-0.,-0.,1.));
#10734 = DIRECTION('',(1.,0.,0.));
#10735 = ADVANCED_FACE('',(#10736),#10747,.F.);
#10736 = FACE_BOUND('',#10737,.T.);
#10737 = EDGE_LOOP('',(#10738,#10739,#10740,#10741));
#10738 = ORIENTED_EDGE('',*,*,#2766,.T.);
#10739 = ORIENTED_EDGE('',*,*,#10722,.F.);
#10740 = ORIENTED_EDGE('',*,*,#886,.F.);
#10741 = ORIENTED_EDGE('',*,*,#10742,.T.);
#10742 = EDGE_CURVE('',#878,#2767,#10743,.T.);
#10743 = LINE('',#10744,#10745);
#10744 = CARTESIAN_POINT('',(44.977799287165,2.3,-1.5));
#10745 = VECTOR('',#10746,1.);
#10746 = DIRECTION('',(-0.,-0.,1.));
#10747 = PLANE('',#10748);
#10748 = AXIS2_PLACEMENT_3D('',#10749,#10750,#10751);
#10749 = CARTESIAN_POINT('',(43.1,2.3,-1.5));
#10750 = DIRECTION('',(-9.238066537962E-16,1.,0.));
#10751 = DIRECTION('',(-1.,-9.238066537962E-16,0.));
#10752 = ADVANCED_FACE('',(#10753),#10764,.T.);
#10753 = FACE_BOUND('',#10754,.T.);
#10754 = EDGE_LOOP('',(#10755,#10756,#10757,#10758));
#10755 = ORIENTED_EDGE('',*,*,#2774,.T.);
#10756 = ORIENTED_EDGE('',*,*,#10742,.F.);
#10757 = ORIENTED_EDGE('',*,*,#877,.F.);
#10758 = ORIENTED_EDGE('',*,*,#10759,.T.);
#10759 = EDGE_CURVE('',#869,#2646,#10760,.T.);
#10760 = LINE('',#10761,#10762);
#10761 = CARTESIAN_POINT('',(45.414512392629,2.55652173913,-1.5));
#10762 = VECTOR('',#10763,1.);
#10763 = DIRECTION('',(-0.,-0.,1.));
#10764 = CYLINDRICAL_SURFACE('',#10765,0.5);
#10765 = AXIS2_PLACEMENT_3D('',#10766,#10767,#10768);
#10766 = CARTESIAN_POINT('',(44.977799287165,2.8,-1.5));
#10767 = DIRECTION('',(-0.,-0.,1.));
#10768 = DIRECTION('',(1.,0.,0.));
#10769 = ADVANCED_FACE('',(#10770),#10776,.F.);
#10770 = FACE_BOUND('',#10771,.F.);
#10771 = EDGE_LOOP('',(#10772,#10773,#10774,#10775));
#10772 = ORIENTED_EDGE('',*,*,#10514,.F.);
#10773 = ORIENTED_EDGE('',*,*,#868,.T.);
#10774 = ORIENTED_EDGE('',*,*,#10759,.T.);
#10775 = ORIENTED_EDGE('',*,*,#2643,.F.);
#10776 = CYLINDRICAL_SURFACE('',#10777,5.25);
#10777 = AXIS2_PLACEMENT_3D('',#10778,#10779,#10780);
#10778 = CARTESIAN_POINT('',(50.,-1.561251128379E-14,-1.5));
#10779 = DIRECTION('',(-0.,-0.,1.));
#10780 = DIRECTION('',(1.,0.,0.));
#10781 = ADVANCED_FACE('',(#10782),#10798,.T.);
#10782 = FACE_BOUND('',#10783,.T.);
#10783 = EDGE_LOOP('',(#10784,#10785,#10791,#10792));
#10784 = ORIENTED_EDGE('',*,*,#2514,.T.);
#10785 = ORIENTED_EDGE('',*,*,#10786,.F.);
#10786 = EDGE_CURVE('',#720,#2504,#10787,.T.);
#10787 = LINE('',#10788,#10789);
#10788 = CARTESIAN_POINT('',(29.585487607371,2.55652173913,-1.5));
#10789 = VECTOR('',#10790,1.);
#10790 = DIRECTION('',(-0.,-0.,1.));
#10791 = ORIENTED_EDGE('',*,*,#717,.F.);
#10792 = ORIENTED_EDGE('',*,*,#10793,.T.);
#10793 = EDGE_CURVE('',#718,#2515,#10794,.T.);
#10794 = LINE('',#10795,#10796);
#10795 = CARTESIAN_POINT('',(30.022200712835,2.3,-1.5));
#10796 = VECTOR('',#10797,1.);
#10797 = DIRECTION('',(-0.,-0.,1.));
#10798 = CYLINDRICAL_SURFACE('',#10799,0.5);
#10799 = AXIS2_PLACEMENT_3D('',#10800,#10801,#10802);
#10800 = CARTESIAN_POINT('',(30.022200712835,2.8,-1.5));
#10801 = DIRECTION('',(-0.,-0.,1.));
#10802 = DIRECTION('',(1.,0.,0.));
#10803 = ADVANCED_FACE('',(#10804),#10815,.F.);
#10804 = FACE_BOUND('',#10805,.T.);
#10805 = EDGE_LOOP('',(#10806,#10807,#10808,#10809));
#10806 = ORIENTED_EDGE('',*,*,#2523,.T.);
#10807 = ORIENTED_EDGE('',*,*,#10793,.F.);
#10808 = ORIENTED_EDGE('',*,*,#849,.F.);
#10809 = ORIENTED_EDGE('',*,*,#10810,.T.);
#10810 = EDGE_CURVE('',#841,#2524,#10811,.T.);
#10811 = LINE('',#10812,#10813);
#10812 = CARTESIAN_POINT('',(31.9,2.3,-1.5));
#10813 = VECTOR('',#10814,1.);
#10814 = DIRECTION('',(-0.,-0.,1.));
#10815 = PLANE('',#10816);
#10816 = AXIS2_PLACEMENT_3D('',#10817,#10818,#10819);
#10817 = CARTESIAN_POINT('',(30.022200712835,2.3,-1.5));
#10818 = DIRECTION('',(-6.466646576573E-15,1.,0.));
#10819 = DIRECTION('',(-1.,-6.466646576573E-15,0.));
#10820 = ADVANCED_FACE('',(#10821),#10832,.F.);
#10821 = FACE_BOUND('',#10822,.F.);
#10822 = EDGE_LOOP('',(#10823,#10829,#10830,#10831));
#10823 = ORIENTED_EDGE('',*,*,#10824,.F.);
#10824 = EDGE_CURVE('',#833,#2532,#10825,.T.);
#10825 = LINE('',#10826,#10827);
#10826 = CARTESIAN_POINT('',(32.4,1.8,-1.5));
#10827 = VECTOR('',#10828,1.);
#10828 = DIRECTION('',(-0.,-0.,1.));
#10829 = ORIENTED_EDGE('',*,*,#840,.T.);
#10830 = ORIENTED_EDGE('',*,*,#10810,.T.);
#10831 = ORIENTED_EDGE('',*,*,#2531,.F.);
#10832 = CYLINDRICAL_SURFACE('',#10833,0.5);
#10833 = AXIS2_PLACEMENT_3D('',#10834,#10835,#10836);
#10834 = CARTESIAN_POINT('',(31.9,1.8,-1.5));
#10835 = DIRECTION('',(-0.,-0.,1.));
#10836 = DIRECTION('',(1.,0.,0.));
#10837 = ADVANCED_FACE('',(#10838),#10849,.F.);
#10838 = FACE_BOUND('',#10839,.T.);
#10839 = EDGE_LOOP('',(#10840,#10841,#10842,#10843));
#10840 = ORIENTED_EDGE('',*,*,#2540,.T.);
#10841 = ORIENTED_EDGE('',*,*,#10824,.F.);
#10842 = ORIENTED_EDGE('',*,*,#832,.F.);
#10843 = ORIENTED_EDGE('',*,*,#10844,.T.);
#10844 = EDGE_CURVE('',#824,#2541,#10845,.T.);
#10845 = LINE('',#10846,#10847);
#10846 = CARTESIAN_POINT('',(32.4,-1.8,-1.5));
#10847 = VECTOR('',#10848,1.);
#10848 = DIRECTION('',(-0.,-0.,1.));
#10849 = PLANE('',#10850);
#10850 = AXIS2_PLACEMENT_3D('',#10851,#10852,#10853);
#10851 = CARTESIAN_POINT('',(32.4,-1.8,-1.5));
#10852 = DIRECTION('',(1.,-0.,0.));
#10853 = DIRECTION('',(0.,0.,-1.));
#10854 = ADVANCED_FACE('',(#10855),#10866,.F.);
#10855 = FACE_BOUND('',#10856,.F.);
#10856 = EDGE_LOOP('',(#10857,#10863,#10864,#10865));
#10857 = ORIENTED_EDGE('',*,*,#10858,.F.);
#10858 = EDGE_CURVE('',#816,#2549,#10859,.T.);
#10859 = LINE('',#10860,#10861);
#10860 = CARTESIAN_POINT('',(31.9,-2.3,-1.5));
#10861 = VECTOR('',#10862,1.);
#10862 = DIRECTION('',(-0.,-0.,1.));
#10863 = ORIENTED_EDGE('',*,*,#823,.T.);
#10864 = ORIENTED_EDGE('',*,*,#10844,.T.);
#10865 = ORIENTED_EDGE('',*,*,#2548,.F.);
#10866 = CYLINDRICAL_SURFACE('',#10867,0.5);
#10867 = AXIS2_PLACEMENT_3D('',#10868,#10869,#10870);
#10868 = CARTESIAN_POINT('',(31.9,-1.8,-1.5));
#10869 = DIRECTION('',(-0.,-0.,1.));
#10870 = DIRECTION('',(1.,0.,0.));
#10871 = ADVANCED_FACE('',(#10872),#10883,.F.);
#10872 = FACE_BOUND('',#10873,.T.);
#10873 = EDGE_LOOP('',(#10874,#10875,#10876,#10877));
#10874 = ORIENTED_EDGE('',*,*,#2557,.T.);
#10875 = ORIENTED_EDGE('',*,*,#10858,.F.);
#10876 = ORIENTED_EDGE('',*,*,#815,.F.);
#10877 = ORIENTED_EDGE('',*,*,#10878,.T.);
#10878 = EDGE_CURVE('',#807,#2558,#10879,.T.);
#10879 = LINE('',#10880,#10881);
#10880 = CARTESIAN_POINT('',(30.022200712835,-2.3,-1.5));
#10881 = VECTOR('',#10882,1.);
#10882 = DIRECTION('',(-0.,-0.,1.));
#10883 = PLANE('',#10884);
#10884 = AXIS2_PLACEMENT_3D('',#10885,#10886,#10887);
#10885 = CARTESIAN_POINT('',(30.022200712835,-2.3,-1.5));
#10886 = DIRECTION('',(0.,-1.,0.));
#10887 = DIRECTION('',(0.,-0.,-1.));
#10888 = ADVANCED_FACE('',(#10889),#10900,.T.);
#10889 = FACE_BOUND('',#10890,.T.);
#10890 = EDGE_LOOP('',(#10891,#10892,#10893,#10894));
#10891 = ORIENTED_EDGE('',*,*,#2565,.T.);
#10892 = ORIENTED_EDGE('',*,*,#10878,.F.);
#10893 = ORIENTED_EDGE('',*,*,#806,.F.);
#10894 = ORIENTED_EDGE('',*,*,#10895,.T.);
#10895 = EDGE_CURVE('',#798,#2566,#10896,.T.);
#10896 = LINE('',#10897,#10898);
#10897 = CARTESIAN_POINT('',(29.585487607371,-2.55652173913,-1.5));
#10898 = VECTOR('',#10899,1.);
#10899 = DIRECTION('',(-0.,-0.,1.));
#10900 = CYLINDRICAL_SURFACE('',#10901,0.5);
#10901 = AXIS2_PLACEMENT_3D('',#10902,#10903,#10904);
#10902 = CARTESIAN_POINT('',(30.022200712835,-2.8,-1.5));
#10903 = DIRECTION('',(-0.,-0.,1.));
#10904 = DIRECTION('',(1.,0.,0.));
#10905 = ADVANCED_FACE('',(#10906),#10917,.F.);
#10906 = FACE_BOUND('',#10907,.F.);
#10907 = EDGE_LOOP('',(#10908,#10914,#10915,#10916));
#10908 = ORIENTED_EDGE('',*,*,#10909,.F.);
#10909 = EDGE_CURVE('',#789,#2575,#10910,.T.);
#10910 = LINE('',#10911,#10912);
#10911 = CARTESIAN_POINT('',(20.414512392629,-2.55652173913,-1.5));
#10912 = VECTOR('',#10913,1.);
#10913 = DIRECTION('',(-0.,-0.,1.));
#10914 = ORIENTED_EDGE('',*,*,#797,.T.);
#10915 = ORIENTED_EDGE('',*,*,#10895,.T.);
#10916 = ORIENTED_EDGE('',*,*,#2574,.F.);
#10917 = CYLINDRICAL_SURFACE('',#10918,5.25);
#10918 = AXIS2_PLACEMENT_3D('',#10919,#10920,#10921);
#10919 = CARTESIAN_POINT('',(25.,-1.561251128379E-14,-1.5));
#10920 = DIRECTION('',(-0.,-0.,1.));
#10921 = DIRECTION('',(1.,0.,0.));
#10922 = ADVANCED_FACE('',(#10923),#10934,.T.);
#10923 = FACE_BOUND('',#10924,.T.);
#10924 = EDGE_LOOP('',(#10925,#10926,#10927,#10928));
#10925 = ORIENTED_EDGE('',*,*,#2583,.T.);
#10926 = ORIENTED_EDGE('',*,*,#10909,.F.);
#10927 = ORIENTED_EDGE('',*,*,#788,.F.);
#10928 = ORIENTED_EDGE('',*,*,#10929,.T.);
#10929 = EDGE_CURVE('',#781,#2584,#10930,.T.);
#10930 = LINE('',#10931,#10932);
#10931 = CARTESIAN_POINT('',(19.977799287165,-2.3,-1.5));
#10932 = VECTOR('',#10933,1.);
#10933 = DIRECTION('',(-0.,-0.,1.));
#10934 = CYLINDRICAL_SURFACE('',#10935,0.5);
#10935 = AXIS2_PLACEMENT_3D('',#10936,#10937,#10938);
#10936 = CARTESIAN_POINT('',(19.977799287165,-2.8,-1.5));
#10937 = DIRECTION('',(-0.,-0.,1.));
#10938 = DIRECTION('',(1.,0.,0.));
#10939 = ADVANCED_FACE('',(#10940),#10951,.F.);
#10940 = FACE_BOUND('',#10941,.T.);
#10941 = EDGE_LOOP('',(#10942,#10943,#10944,#10945));
#10942 = ORIENTED_EDGE('',*,*,#2592,.T.);
#10943 = ORIENTED_EDGE('',*,*,#10929,.F.);
#10944 = ORIENTED_EDGE('',*,*,#780,.F.);
#10945 = ORIENTED_EDGE('',*,*,#10946,.T.);
#10946 = EDGE_CURVE('',#772,#2593,#10947,.T.);
#10947 = LINE('',#10948,#10949);
#10948 = CARTESIAN_POINT('',(18.1,-2.3,-1.5));
#10949 = VECTOR('',#10950,1.);
#10950 = DIRECTION('',(-0.,-0.,1.));
#10951 = PLANE('',#10952);
#10952 = AXIS2_PLACEMENT_3D('',#10953,#10954,#10955);
#10953 = CARTESIAN_POINT('',(19.977799287165,-2.3,-1.5));
#10954 = DIRECTION('',(7.39045323037E-15,-1.,0.));
#10955 = DIRECTION('',(1.,7.39045323037E-15,0.));
#10956 = ADVANCED_FACE('',(#10957),#10968,.F.);
#10957 = FACE_BOUND('',#10958,.F.);
#10958 = EDGE_LOOP('',(#10959,#10965,#10966,#10967));
#10959 = ORIENTED_EDGE('',*,*,#10960,.F.);
#10960 = EDGE_CURVE('',#764,#2601,#10961,.T.);
#10961 = LINE('',#10962,#10963);
#10962 = CARTESIAN_POINT('',(17.6,-1.8,-1.5));
#10963 = VECTOR('',#10964,1.);
#10964 = DIRECTION('',(-0.,-0.,1.));
#10965 = ORIENTED_EDGE('',*,*,#771,.T.);
#10966 = ORIENTED_EDGE('',*,*,#10946,.T.);
#10967 = ORIENTED_EDGE('',*,*,#2600,.F.);
#10968 = CYLINDRICAL_SURFACE('',#10969,0.5);
#10969 = AXIS2_PLACEMENT_3D('',#10970,#10971,#10972);
#10970 = CARTESIAN_POINT('',(18.1,-1.8,-1.5));
#10971 = DIRECTION('',(-0.,-0.,1.));
#10972 = DIRECTION('',(1.,0.,0.));
#10973 = ADVANCED_FACE('',(#10974),#10985,.F.);
#10974 = FACE_BOUND('',#10975,.T.);
#10975 = EDGE_LOOP('',(#10976,#10977,#10978,#10979));
#10976 = ORIENTED_EDGE('',*,*,#2609,.T.);
#10977 = ORIENTED_EDGE('',*,*,#10960,.F.);
#10978 = ORIENTED_EDGE('',*,*,#763,.F.);
#10979 = ORIENTED_EDGE('',*,*,#10980,.T.);
#10980 = EDGE_CURVE('',#755,#2610,#10981,.T.);
#10981 = LINE('',#10982,#10983);
#10982 = CARTESIAN_POINT('',(17.6,1.8,-1.5));
#10983 = VECTOR('',#10984,1.);
#10984 = DIRECTION('',(-0.,-0.,1.));
#10985 = PLANE('',#10986);
#10986 = AXIS2_PLACEMENT_3D('',#10987,#10988,#10989);
#10987 = CARTESIAN_POINT('',(17.6,-1.8,-1.5));
#10988 = DIRECTION('',(-1.,0.,0.));
#10989 = DIRECTION('',(0.,0.,1.));
#10990 = ADVANCED_FACE('',(#10991),#11002,.F.);
#10991 = FACE_BOUND('',#10992,.F.);
#10992 = EDGE_LOOP('',(#10993,#10999,#11000,#11001));
#10993 = ORIENTED_EDGE('',*,*,#10994,.F.);
#10994 = EDGE_CURVE('',#747,#2618,#10995,.T.);
#10995 = LINE('',#10996,#10997);
#10996 = CARTESIAN_POINT('',(18.1,2.3,-1.5));
#10997 = VECTOR('',#10998,1.);
#10998 = DIRECTION('',(-0.,-0.,1.));
#10999 = ORIENTED_EDGE('',*,*,#754,.T.);
#11000 = ORIENTED_EDGE('',*,*,#10980,.T.);
#11001 = ORIENTED_EDGE('',*,*,#2617,.F.);
#11002 = CYLINDRICAL_SURFACE('',#11003,0.5);
#11003 = AXIS2_PLACEMENT_3D('',#11004,#11005,#11006);
#11004 = CARTESIAN_POINT('',(18.1,1.8,-1.5));
#11005 = DIRECTION('',(-0.,-0.,1.));
#11006 = DIRECTION('',(1.,0.,0.));
#11007 = ADVANCED_FACE('',(#11008),#11019,.F.);
#11008 = FACE_BOUND('',#11009,.T.);
#11009 = EDGE_LOOP('',(#11010,#11011,#11012,#11013));
#11010 = ORIENTED_EDGE('',*,*,#2626,.T.);
#11011 = ORIENTED_EDGE('',*,*,#10994,.F.);
#11012 = ORIENTED_EDGE('',*,*,#746,.F.);
#11013 = ORIENTED_EDGE('',*,*,#11014,.T.);
#11014 = EDGE_CURVE('',#738,#2627,#11015,.T.);
#11015 = LINE('',#11016,#11017);
#11016 = CARTESIAN_POINT('',(19.977799287165,2.3,-1.5));
#11017 = VECTOR('',#11018,1.);
#11018 = DIRECTION('',(-0.,-0.,1.));
#11019 = PLANE('',#11020);
#11020 = AXIS2_PLACEMENT_3D('',#11021,#11022,#11023);
#11021 = CARTESIAN_POINT('',(18.1,2.3,-1.5));
#11022 = DIRECTION('',(-9.238066537962E-16,1.,0.));
#11023 = DIRECTION('',(-1.,-9.238066537962E-16,0.));
#11024 = ADVANCED_FACE('',(#11025),#11036,.T.);
#11025 = FACE_BOUND('',#11026,.T.);
#11026 = EDGE_LOOP('',(#11027,#11028,#11029,#11030));
#11027 = ORIENTED_EDGE('',*,*,#2634,.T.);
#11028 = ORIENTED_EDGE('',*,*,#11014,.F.);
#11029 = ORIENTED_EDGE('',*,*,#737,.F.);
#11030 = ORIENTED_EDGE('',*,*,#11031,.T.);
#11031 = EDGE_CURVE('',#729,#2506,#11032,.T.);
#11032 = LINE('',#11033,#11034);
#11033 = CARTESIAN_POINT('',(20.414512392629,2.55652173913,-1.5));
#11034 = VECTOR('',#11035,1.);
#11035 = DIRECTION('',(-0.,-0.,1.));
#11036 = CYLINDRICAL_SURFACE('',#11037,0.5);
#11037 = AXIS2_PLACEMENT_3D('',#11038,#11039,#11040);
#11038 = CARTESIAN_POINT('',(19.977799287165,2.8,-1.5));
#11039 = DIRECTION('',(-0.,-0.,1.));
#11040 = DIRECTION('',(1.,0.,0.));
#11041 = ADVANCED_FACE('',(#11042),#11048,.F.);
#11042 = FACE_BOUND('',#11043,.F.);
#11043 = EDGE_LOOP('',(#11044,#11045,#11046,#11047));
#11044 = ORIENTED_EDGE('',*,*,#10786,.F.);
#11045 = ORIENTED_EDGE('',*,*,#728,.T.);
#11046 = ORIENTED_EDGE('',*,*,#11031,.T.);
#11047 = ORIENTED_EDGE('',*,*,#2503,.F.);
#11048 = CYLINDRICAL_SURFACE('',#11049,5.25);
#11049 = AXIS2_PLACEMENT_3D('',#11050,#11051,#11052);
#11050 = CARTESIAN_POINT('',(25.,-1.561251128379E-14,-1.5));
#11051 = DIRECTION('',(-0.,-0.,1.));
#11052 = DIRECTION('',(1.,0.,0.));
#11053 = ADVANCED_FACE('',(#11054),#11070,.T.);
#11054 = FACE_BOUND('',#11055,.T.);
#11055 = EDGE_LOOP('',(#11056,#11057,#11063,#11064));
#11056 = ORIENTED_EDGE('',*,*,#2374,.T.);
#11057 = ORIENTED_EDGE('',*,*,#11058,.F.);
#11058 = EDGE_CURVE('',#580,#2364,#11059,.T.);
#11059 = LINE('',#11060,#11061);
#11060 = CARTESIAN_POINT('',(4.585487607371,2.55652173913,-1.5));
#11061 = VECTOR('',#11062,1.);
#11062 = DIRECTION('',(-0.,-0.,1.));
#11063 = ORIENTED_EDGE('',*,*,#577,.F.);
#11064 = ORIENTED_EDGE('',*,*,#11065,.T.);
#11065 = EDGE_CURVE('',#578,#2375,#11066,.T.);
#11066 = LINE('',#11067,#11068);
#11067 = CARTESIAN_POINT('',(5.022200712835,2.3,-1.5));
#11068 = VECTOR('',#11069,1.);
#11069 = DIRECTION('',(-0.,-0.,1.));
#11070 = CYLINDRICAL_SURFACE('',#11071,0.5);
#11071 = AXIS2_PLACEMENT_3D('',#11072,#11073,#11074);
#11072 = CARTESIAN_POINT('',(5.022200712835,2.8,-1.5));
#11073 = DIRECTION('',(-0.,-0.,1.));
#11074 = DIRECTION('',(1.,0.,0.));
#11075 = ADVANCED_FACE('',(#11076),#11087,.F.);
#11076 = FACE_BOUND('',#11077,.T.);
#11077 = EDGE_LOOP('',(#11078,#11079,#11080,#11081));
#11078 = ORIENTED_EDGE('',*,*,#2383,.T.);
#11079 = ORIENTED_EDGE('',*,*,#11065,.F.);
#11080 = ORIENTED_EDGE('',*,*,#709,.F.);
#11081 = ORIENTED_EDGE('',*,*,#11082,.T.);
#11082 = EDGE_CURVE('',#701,#2384,#11083,.T.);
#11083 = LINE('',#11084,#11085);
#11084 = CARTESIAN_POINT('',(6.9,2.3,-1.5));
#11085 = VECTOR('',#11086,1.);
#11086 = DIRECTION('',(-0.,-0.,1.));
#11087 = PLANE('',#11088);
#11088 = AXIS2_PLACEMENT_3D('',#11089,#11090,#11091);
#11089 = CARTESIAN_POINT('',(5.022200712835,2.3,-1.5));
#11090 = DIRECTION('',(-6.466646576573E-15,1.,0.));
#11091 = DIRECTION('',(-1.,-6.466646576573E-15,0.));
#11092 = ADVANCED_FACE('',(#11093),#11104,.F.);
#11093 = FACE_BOUND('',#11094,.F.);
#11094 = EDGE_LOOP('',(#11095,#11101,#11102,#11103));
#11095 = ORIENTED_EDGE('',*,*,#11096,.F.);
#11096 = EDGE_CURVE('',#693,#2392,#11097,.T.);
#11097 = LINE('',#11098,#11099);
#11098 = CARTESIAN_POINT('',(7.4,1.8,-1.5));
#11099 = VECTOR('',#11100,1.);
#11100 = DIRECTION('',(-0.,-0.,1.));
#11101 = ORIENTED_EDGE('',*,*,#700,.T.);
#11102 = ORIENTED_EDGE('',*,*,#11082,.T.);
#11103 = ORIENTED_EDGE('',*,*,#2391,.F.);
#11104 = CYLINDRICAL_SURFACE('',#11105,0.5);
#11105 = AXIS2_PLACEMENT_3D('',#11106,#11107,#11108);
#11106 = CARTESIAN_POINT('',(6.9,1.8,-1.5));
#11107 = DIRECTION('',(-0.,-0.,1.));
#11108 = DIRECTION('',(1.,0.,0.));
#11109 = ADVANCED_FACE('',(#11110),#11121,.F.);
#11110 = FACE_BOUND('',#11111,.T.);
#11111 = EDGE_LOOP('',(#11112,#11113,#11114,#11115));
#11112 = ORIENTED_EDGE('',*,*,#2400,.T.);
#11113 = ORIENTED_EDGE('',*,*,#11096,.F.);
#11114 = ORIENTED_EDGE('',*,*,#692,.F.);
#11115 = ORIENTED_EDGE('',*,*,#11116,.T.);
#11116 = EDGE_CURVE('',#684,#2401,#11117,.T.);
#11117 = LINE('',#11118,#11119);
#11118 = CARTESIAN_POINT('',(7.4,-1.8,-1.5));
#11119 = VECTOR('',#11120,1.);
#11120 = DIRECTION('',(-0.,-0.,1.));
#11121 = PLANE('',#11122);
#11122 = AXIS2_PLACEMENT_3D('',#11123,#11124,#11125);
#11123 = CARTESIAN_POINT('',(7.4,-1.8,-1.5));
#11124 = DIRECTION('',(1.,-0.,0.));
#11125 = DIRECTION('',(0.,0.,-1.));
#11126 = ADVANCED_FACE('',(#11127),#11138,.F.);
#11127 = FACE_BOUND('',#11128,.F.);
#11128 = EDGE_LOOP('',(#11129,#11135,#11136,#11137));
#11129 = ORIENTED_EDGE('',*,*,#11130,.F.);
#11130 = EDGE_CURVE('',#676,#2409,#11131,.T.);
#11131 = LINE('',#11132,#11133);
#11132 = CARTESIAN_POINT('',(6.9,-2.3,-1.5));
#11133 = VECTOR('',#11134,1.);
#11134 = DIRECTION('',(-0.,-0.,1.));
#11135 = ORIENTED_EDGE('',*,*,#683,.T.);
#11136 = ORIENTED_EDGE('',*,*,#11116,.T.);
#11137 = ORIENTED_EDGE('',*,*,#2408,.F.);
#11138 = CYLINDRICAL_SURFACE('',#11139,0.5);
#11139 = AXIS2_PLACEMENT_3D('',#11140,#11141,#11142);
#11140 = CARTESIAN_POINT('',(6.9,-1.8,-1.5));
#11141 = DIRECTION('',(-0.,-0.,1.));
#11142 = DIRECTION('',(1.,0.,0.));
#11143 = ADVANCED_FACE('',(#11144),#11155,.F.);
#11144 = FACE_BOUND('',#11145,.T.);
#11145 = EDGE_LOOP('',(#11146,#11147,#11148,#11149));
#11146 = ORIENTED_EDGE('',*,*,#2417,.T.);
#11147 = ORIENTED_EDGE('',*,*,#11130,.F.);
#11148 = ORIENTED_EDGE('',*,*,#675,.F.);
#11149 = ORIENTED_EDGE('',*,*,#11150,.T.);
#11150 = EDGE_CURVE('',#667,#2418,#11151,.T.);
#11151 = LINE('',#11152,#11153);
#11152 = CARTESIAN_POINT('',(5.022200712835,-2.3,-1.5));
#11153 = VECTOR('',#11154,1.);
#11154 = DIRECTION('',(-0.,-0.,1.));
#11155 = PLANE('',#11156);
#11156 = AXIS2_PLACEMENT_3D('',#11157,#11158,#11159);
#11157 = CARTESIAN_POINT('',(5.022200712835,-2.3,-1.5));
#11158 = DIRECTION('',(0.,-1.,0.));
#11159 = DIRECTION('',(0.,-0.,-1.));
#11160 = ADVANCED_FACE('',(#11161),#11172,.T.);
#11161 = FACE_BOUND('',#11162,.T.);
#11162 = EDGE_LOOP('',(#11163,#11164,#11165,#11166));
#11163 = ORIENTED_EDGE('',*,*,#2425,.T.);
#11164 = ORIENTED_EDGE('',*,*,#11150,.F.);
#11165 = ORIENTED_EDGE('',*,*,#666,.F.);
#11166 = ORIENTED_EDGE('',*,*,#11167,.T.);
#11167 = EDGE_CURVE('',#658,#2426,#11168,.T.);
#11168 = LINE('',#11169,#11170);
#11169 = CARTESIAN_POINT('',(4.585487607371,-2.55652173913,-1.5));
#11170 = VECTOR('',#11171,1.);
#11171 = DIRECTION('',(-0.,-0.,1.));
#11172 = CYLINDRICAL_SURFACE('',#11173,0.5);
#11173 = AXIS2_PLACEMENT_3D('',#11174,#11175,#11176);
#11174 = CARTESIAN_POINT('',(5.022200712835,-2.8,-1.5));
#11175 = DIRECTION('',(-0.,-0.,1.));
#11176 = DIRECTION('',(1.,0.,0.));
#11177 = ADVANCED_FACE('',(#11178),#11189,.F.);
#11178 = FACE_BOUND('',#11179,.F.);
#11179 = EDGE_LOOP('',(#11180,#11186,#11187,#11188));
#11180 = ORIENTED_EDGE('',*,*,#11181,.F.);
#11181 = EDGE_CURVE('',#649,#2435,#11182,.T.);
#11182 = LINE('',#11183,#11184);
#11183 = CARTESIAN_POINT('',(-4.585487607371,-2.55652173913,-1.5));
#11184 = VECTOR('',#11185,1.);
#11185 = DIRECTION('',(-0.,-0.,1.));
#11186 = ORIENTED_EDGE('',*,*,#657,.T.);
#11187 = ORIENTED_EDGE('',*,*,#11167,.T.);
#11188 = ORIENTED_EDGE('',*,*,#2434,.F.);
#11189 = CYLINDRICAL_SURFACE('',#11190,5.25);
#11190 = AXIS2_PLACEMENT_3D('',#11191,#11192,#11193);
#11191 = CARTESIAN_POINT('',(0.,-1.561251128379E-14,-1.5));
#11192 = DIRECTION('',(-0.,-0.,1.));
#11193 = DIRECTION('',(1.,0.,0.));
#11194 = ADVANCED_FACE('',(#11195),#11206,.T.);
#11195 = FACE_BOUND('',#11196,.T.);
#11196 = EDGE_LOOP('',(#11197,#11198,#11199,#11200));
#11197 = ORIENTED_EDGE('',*,*,#2443,.T.);
#11198 = ORIENTED_EDGE('',*,*,#11181,.F.);
#11199 = ORIENTED_EDGE('',*,*,#648,.F.);
#11200 = ORIENTED_EDGE('',*,*,#11201,.T.);
#11201 = EDGE_CURVE('',#641,#2444,#11202,.T.);
#11202 = LINE('',#11203,#11204);
#11203 = CARTESIAN_POINT('',(-5.022200712835,-2.3,-1.5));
#11204 = VECTOR('',#11205,1.);
#11205 = DIRECTION('',(-0.,-0.,1.));
#11206 = CYLINDRICAL_SURFACE('',#11207,0.5);
#11207 = AXIS2_PLACEMENT_3D('',#11208,#11209,#11210);
#11208 = CARTESIAN_POINT('',(-5.022200712835,-2.8,-1.5));
#11209 = DIRECTION('',(-0.,-0.,1.));
#11210 = DIRECTION('',(1.,0.,0.));
#11211 = ADVANCED_FACE('',(#11212),#11223,.F.);
#11212 = FACE_BOUND('',#11213,.T.);
#11213 = EDGE_LOOP('',(#11214,#11215,#11216,#11217));
#11214 = ORIENTED_EDGE('',*,*,#2452,.T.);
#11215 = ORIENTED_EDGE('',*,*,#11201,.F.);
#11216 = ORIENTED_EDGE('',*,*,#640,.F.);
#11217 = ORIENTED_EDGE('',*,*,#11218,.T.);
#11218 = EDGE_CURVE('',#632,#2453,#11219,.T.);
#11219 = LINE('',#11220,#11221);
#11220 = CARTESIAN_POINT('',(-6.9,-2.3,-1.5));
#11221 = VECTOR('',#11222,1.);
#11222 = DIRECTION('',(-0.,-0.,1.));
#11223 = PLANE('',#11224);
#11224 = AXIS2_PLACEMENT_3D('',#11225,#11226,#11227);
#11225 = CARTESIAN_POINT('',(-5.022200712835,-2.3,-1.5));
#11226 = DIRECTION('',(7.39045323037E-15,-1.,0.));
#11227 = DIRECTION('',(1.,7.39045323037E-15,0.));
#11228 = ADVANCED_FACE('',(#11229),#11240,.F.);
#11229 = FACE_BOUND('',#11230,.F.);
#11230 = EDGE_LOOP('',(#11231,#11237,#11238,#11239));
#11231 = ORIENTED_EDGE('',*,*,#11232,.F.);
#11232 = EDGE_CURVE('',#624,#2461,#11233,.T.);
#11233 = LINE('',#11234,#11235);
#11234 = CARTESIAN_POINT('',(-7.4,-1.8,-1.5));
#11235 = VECTOR('',#11236,1.);
#11236 = DIRECTION('',(-0.,-0.,1.));
#11237 = ORIENTED_EDGE('',*,*,#631,.T.);
#11238 = ORIENTED_EDGE('',*,*,#11218,.T.);
#11239 = ORIENTED_EDGE('',*,*,#2460,.F.);
#11240 = CYLINDRICAL_SURFACE('',#11241,0.5);
#11241 = AXIS2_PLACEMENT_3D('',#11242,#11243,#11244);
#11242 = CARTESIAN_POINT('',(-6.9,-1.8,-1.5));
#11243 = DIRECTION('',(-0.,-0.,1.));
#11244 = DIRECTION('',(1.,0.,0.));
#11245 = ADVANCED_FACE('',(#11246),#11257,.F.);
#11246 = FACE_BOUND('',#11247,.T.);
#11247 = EDGE_LOOP('',(#11248,#11249,#11250,#11251));
#11248 = ORIENTED_EDGE('',*,*,#2469,.T.);
#11249 = ORIENTED_EDGE('',*,*,#11232,.F.);
#11250 = ORIENTED_EDGE('',*,*,#623,.F.);
#11251 = ORIENTED_EDGE('',*,*,#11252,.T.);
#11252 = EDGE_CURVE('',#615,#2470,#11253,.T.);
#11253 = LINE('',#11254,#11255);
#11254 = CARTESIAN_POINT('',(-7.4,1.8,-1.5));
#11255 = VECTOR('',#11256,1.);
#11256 = DIRECTION('',(-0.,-0.,1.));
#11257 = PLANE('',#11258);
#11258 = AXIS2_PLACEMENT_3D('',#11259,#11260,#11261);
#11259 = CARTESIAN_POINT('',(-7.4,-1.8,-1.5));
#11260 = DIRECTION('',(-1.,0.,0.));
#11261 = DIRECTION('',(0.,0.,1.));
#11262 = ADVANCED_FACE('',(#11263),#11274,.F.);
#11263 = FACE_BOUND('',#11264,.F.);
#11264 = EDGE_LOOP('',(#11265,#11271,#11272,#11273));
#11265 = ORIENTED_EDGE('',*,*,#11266,.F.);
#11266 = EDGE_CURVE('',#607,#2478,#11267,.T.);
#11267 = LINE('',#11268,#11269);
#11268 = CARTESIAN_POINT('',(-6.9,2.3,-1.5));
#11269 = VECTOR('',#11270,1.);
#11270 = DIRECTION('',(-0.,-0.,1.));
#11271 = ORIENTED_EDGE('',*,*,#614,.T.);
#11272 = ORIENTED_EDGE('',*,*,#11252,.T.);
#11273 = ORIENTED_EDGE('',*,*,#2477,.F.);
#11274 = CYLINDRICAL_SURFACE('',#11275,0.5);
#11275 = AXIS2_PLACEMENT_3D('',#11276,#11277,#11278);
#11276 = CARTESIAN_POINT('',(-6.9,1.8,-1.5));
#11277 = DIRECTION('',(-0.,-0.,1.));
#11278 = DIRECTION('',(1.,0.,0.));
#11279 = ADVANCED_FACE('',(#11280),#11291,.F.);
#11280 = FACE_BOUND('',#11281,.T.);
#11281 = EDGE_LOOP('',(#11282,#11283,#11284,#11285));
#11282 = ORIENTED_EDGE('',*,*,#2486,.T.);
#11283 = ORIENTED_EDGE('',*,*,#11266,.F.);
#11284 = ORIENTED_EDGE('',*,*,#606,.F.);
#11285 = ORIENTED_EDGE('',*,*,#11286,.T.);
#11286 = EDGE_CURVE('',#598,#2487,#11287,.T.);
#11287 = LINE('',#11288,#11289);
#11288 = CARTESIAN_POINT('',(-5.022200712835,2.3,-1.5));
#11289 = VECTOR('',#11290,1.);
#11290 = DIRECTION('',(-0.,-0.,1.));
#11291 = PLANE('',#11292);
#11292 = AXIS2_PLACEMENT_3D('',#11293,#11294,#11295);
#11293 = CARTESIAN_POINT('',(-6.9,2.3,-1.5));
#11294 = DIRECTION('',(-9.238066537962E-16,1.,0.));
#11295 = DIRECTION('',(-1.,-9.238066537962E-16,0.));
#11296 = ADVANCED_FACE('',(#11297),#11308,.T.);
#11297 = FACE_BOUND('',#11298,.T.);
#11298 = EDGE_LOOP('',(#11299,#11300,#11301,#11302));
#11299 = ORIENTED_EDGE('',*,*,#2494,.T.);
#11300 = ORIENTED_EDGE('',*,*,#11286,.F.);
#11301 = ORIENTED_EDGE('',*,*,#597,.F.);
#11302 = ORIENTED_EDGE('',*,*,#11303,.T.);
#11303 = EDGE_CURVE('',#589,#2366,#11304,.T.);
#11304 = LINE('',#11305,#11306);
#11305 = CARTESIAN_POINT('',(-4.585487607371,2.55652173913,-1.5));
#11306 = VECTOR('',#11307,1.);
#11307 = DIRECTION('',(-0.,-0.,1.));
#11308 = CYLINDRICAL_SURFACE('',#11309,0.5);
#11309 = AXIS2_PLACEMENT_3D('',#11310,#11311,#11312);
#11310 = CARTESIAN_POINT('',(-5.022200712835,2.8,-1.5));
#11311 = DIRECTION('',(-0.,-0.,1.));
#11312 = DIRECTION('',(1.,0.,0.));
#11313 = ADVANCED_FACE('',(#11314),#11320,.F.);
#11314 = FACE_BOUND('',#11315,.F.);
#11315 = EDGE_LOOP('',(#11316,#11317,#11318,#11319));
#11316 = ORIENTED_EDGE('',*,*,#11058,.F.);
#11317 = ORIENTED_EDGE('',*,*,#588,.T.);
#11318 = ORIENTED_EDGE('',*,*,#11303,.T.);
#11319 = ORIENTED_EDGE('',*,*,#2363,.F.);
#11320 = CYLINDRICAL_SURFACE('',#11321,5.25);
#11321 = AXIS2_PLACEMENT_3D('',#11322,#11323,#11324);
#11322 = CARTESIAN_POINT('',(0.,-1.561251128379E-14,-1.5));
#11323 = DIRECTION('',(-0.,-0.,1.));
#11324 = DIRECTION('',(1.,0.,0.));
#11325 = ADVANCED_FACE('',(#11326),#11342,.T.);
#11326 = FACE_BOUND('',#11327,.T.);
#11327 = EDGE_LOOP('',(#11328,#11329,#11335,#11336));
#11328 = ORIENTED_EDGE('',*,*,#2234,.T.);
#11329 = ORIENTED_EDGE('',*,*,#11330,.F.);
#11330 = EDGE_CURVE('',#440,#2224,#11331,.T.);
#11331 = LINE('',#11332,#11333);
#11332 = CARTESIAN_POINT('',(-20.41451239262,2.55652173913,-1.5));
#11333 = VECTOR('',#11334,1.);
#11334 = DIRECTION('',(-0.,-0.,1.));
#11335 = ORIENTED_EDGE('',*,*,#437,.F.);
#11336 = ORIENTED_EDGE('',*,*,#11337,.T.);
#11337 = EDGE_CURVE('',#438,#2235,#11338,.T.);
#11338 = LINE('',#11339,#11340);
#11339 = CARTESIAN_POINT('',(-19.97779928716,2.3,-1.5));
#11340 = VECTOR('',#11341,1.);
#11341 = DIRECTION('',(-0.,-0.,1.));
#11342 = CYLINDRICAL_SURFACE('',#11343,0.5);
#11343 = AXIS2_PLACEMENT_3D('',#11344,#11345,#11346);
#11344 = CARTESIAN_POINT('',(-19.97779928716,2.8,-1.5));
#11345 = DIRECTION('',(-0.,-0.,1.));
#11346 = DIRECTION('',(1.,0.,0.));
#11347 = ADVANCED_FACE('',(#11348),#11359,.F.);
#11348 = FACE_BOUND('',#11349,.T.);
#11349 = EDGE_LOOP('',(#11350,#11351,#11352,#11353));
#11350 = ORIENTED_EDGE('',*,*,#2243,.T.);
#11351 = ORIENTED_EDGE('',*,*,#11337,.F.);
#11352 = ORIENTED_EDGE('',*,*,#569,.F.);
#11353 = ORIENTED_EDGE('',*,*,#11354,.T.);
#11354 = EDGE_CURVE('',#561,#2244,#11355,.T.);
#11355 = LINE('',#11356,#11357);
#11356 = CARTESIAN_POINT('',(-18.1,2.3,-1.5));
#11357 = VECTOR('',#11358,1.);
#11358 = DIRECTION('',(-0.,-0.,1.));
#11359 = PLANE('',#11360);
#11360 = AXIS2_PLACEMENT_3D('',#11361,#11362,#11363);
#11361 = CARTESIAN_POINT('',(-19.97779928716,2.3,-1.5));
#11362 = DIRECTION('',(-6.466646576573E-15,1.,0.));
#11363 = DIRECTION('',(-1.,-6.466646576573E-15,0.));
#11364 = ADVANCED_FACE('',(#11365),#11376,.F.);
#11365 = FACE_BOUND('',#11366,.F.);
#11366 = EDGE_LOOP('',(#11367,#11373,#11374,#11375));
#11367 = ORIENTED_EDGE('',*,*,#11368,.F.);
#11368 = EDGE_CURVE('',#553,#2252,#11369,.T.);
#11369 = LINE('',#11370,#11371);
#11370 = CARTESIAN_POINT('',(-17.6,1.8,-1.5));
#11371 = VECTOR('',#11372,1.);
#11372 = DIRECTION('',(-0.,-0.,1.));
#11373 = ORIENTED_EDGE('',*,*,#560,.T.);
#11374 = ORIENTED_EDGE('',*,*,#11354,.T.);
#11375 = ORIENTED_EDGE('',*,*,#2251,.F.);
#11376 = CYLINDRICAL_SURFACE('',#11377,0.5);
#11377 = AXIS2_PLACEMENT_3D('',#11378,#11379,#11380);
#11378 = CARTESIAN_POINT('',(-18.1,1.8,-1.5));
#11379 = DIRECTION('',(-0.,-0.,1.));
#11380 = DIRECTION('',(1.,0.,0.));
#11381 = ADVANCED_FACE('',(#11382),#11393,.F.);
#11382 = FACE_BOUND('',#11383,.T.);
#11383 = EDGE_LOOP('',(#11384,#11385,#11386,#11387));
#11384 = ORIENTED_EDGE('',*,*,#2260,.T.);
#11385 = ORIENTED_EDGE('',*,*,#11368,.F.);
#11386 = ORIENTED_EDGE('',*,*,#552,.F.);
#11387 = ORIENTED_EDGE('',*,*,#11388,.T.);
#11388 = EDGE_CURVE('',#544,#2261,#11389,.T.);
#11389 = LINE('',#11390,#11391);
#11390 = CARTESIAN_POINT('',(-17.6,-1.8,-1.5));
#11391 = VECTOR('',#11392,1.);
#11392 = DIRECTION('',(-0.,-0.,1.));
#11393 = PLANE('',#11394);
#11394 = AXIS2_PLACEMENT_3D('',#11395,#11396,#11397);
#11395 = CARTESIAN_POINT('',(-17.6,-1.8,-1.5));
#11396 = DIRECTION('',(1.,-0.,0.));
#11397 = DIRECTION('',(0.,0.,-1.));
#11398 = ADVANCED_FACE('',(#11399),#11410,.F.);
#11399 = FACE_BOUND('',#11400,.F.);
#11400 = EDGE_LOOP('',(#11401,#11407,#11408,#11409));
#11401 = ORIENTED_EDGE('',*,*,#11402,.F.);
#11402 = EDGE_CURVE('',#536,#2269,#11403,.T.);
#11403 = LINE('',#11404,#11405);
#11404 = CARTESIAN_POINT('',(-18.1,-2.3,-1.5));
#11405 = VECTOR('',#11406,1.);
#11406 = DIRECTION('',(-0.,-0.,1.));
#11407 = ORIENTED_EDGE('',*,*,#543,.T.);
#11408 = ORIENTED_EDGE('',*,*,#11388,.T.);
#11409 = ORIENTED_EDGE('',*,*,#2268,.F.);
#11410 = CYLINDRICAL_SURFACE('',#11411,0.5);
#11411 = AXIS2_PLACEMENT_3D('',#11412,#11413,#11414);
#11412 = CARTESIAN_POINT('',(-18.1,-1.8,-1.5));
#11413 = DIRECTION('',(-0.,-0.,1.));
#11414 = DIRECTION('',(1.,0.,0.));
#11415 = ADVANCED_FACE('',(#11416),#11427,.F.);
#11416 = FACE_BOUND('',#11417,.T.);
#11417 = EDGE_LOOP('',(#11418,#11419,#11420,#11421));
#11418 = ORIENTED_EDGE('',*,*,#2277,.T.);
#11419 = ORIENTED_EDGE('',*,*,#11402,.F.);
#11420 = ORIENTED_EDGE('',*,*,#535,.F.);
#11421 = ORIENTED_EDGE('',*,*,#11422,.T.);
#11422 = EDGE_CURVE('',#527,#2278,#11423,.T.);
#11423 = LINE('',#11424,#11425);
#11424 = CARTESIAN_POINT('',(-19.97779928716,-2.3,-1.5));
#11425 = VECTOR('',#11426,1.);
#11426 = DIRECTION('',(-0.,-0.,1.));
#11427 = PLANE('',#11428);
#11428 = AXIS2_PLACEMENT_3D('',#11429,#11430,#11431);
#11429 = CARTESIAN_POINT('',(-19.97779928716,-2.3,-1.5));
#11430 = DIRECTION('',(0.,-1.,0.));
#11431 = DIRECTION('',(0.,-0.,-1.));
#11432 = ADVANCED_FACE('',(#11433),#11444,.T.);
#11433 = FACE_BOUND('',#11434,.T.);
#11434 = EDGE_LOOP('',(#11435,#11436,#11437,#11438));
#11435 = ORIENTED_EDGE('',*,*,#2285,.T.);
#11436 = ORIENTED_EDGE('',*,*,#11422,.F.);
#11437 = ORIENTED_EDGE('',*,*,#526,.F.);
#11438 = ORIENTED_EDGE('',*,*,#11439,.T.);
#11439 = EDGE_CURVE('',#518,#2286,#11440,.T.);
#11440 = LINE('',#11441,#11442);
#11441 = CARTESIAN_POINT('',(-20.41451239262,-2.55652173913,-1.5));
#11442 = VECTOR('',#11443,1.);
#11443 = DIRECTION('',(-0.,-0.,1.));
#11444 = CYLINDRICAL_SURFACE('',#11445,0.5);
#11445 = AXIS2_PLACEMENT_3D('',#11446,#11447,#11448);
#11446 = CARTESIAN_POINT('',(-19.97779928716,-2.8,-1.5));
#11447 = DIRECTION('',(-0.,-0.,1.));
#11448 = DIRECTION('',(1.,0.,0.));
#11449 = ADVANCED_FACE('',(#11450),#11461,.F.);
#11450 = FACE_BOUND('',#11451,.F.);
#11451 = EDGE_LOOP('',(#11452,#11458,#11459,#11460));
#11452 = ORIENTED_EDGE('',*,*,#11453,.F.);
#11453 = EDGE_CURVE('',#509,#2295,#11454,.T.);
#11454 = LINE('',#11455,#11456);
#11455 = CARTESIAN_POINT('',(-29.58548760737,-2.55652173913,-1.5));
#11456 = VECTOR('',#11457,1.);
#11457 = DIRECTION('',(-0.,-0.,1.));
#11458 = ORIENTED_EDGE('',*,*,#517,.T.);
#11459 = ORIENTED_EDGE('',*,*,#11439,.T.);
#11460 = ORIENTED_EDGE('',*,*,#2294,.F.);
#11461 = CYLINDRICAL_SURFACE('',#11462,5.25);
#11462 = AXIS2_PLACEMENT_3D('',#11463,#11464,#11465);
#11463 = CARTESIAN_POINT('',(-25.,-1.561251128379E-14,-1.5));
#11464 = DIRECTION('',(-0.,-0.,1.));
#11465 = DIRECTION('',(1.,0.,0.));
#11466 = ADVANCED_FACE('',(#11467),#11478,.T.);
#11467 = FACE_BOUND('',#11468,.T.);
#11468 = EDGE_LOOP('',(#11469,#11470,#11471,#11472));
#11469 = ORIENTED_EDGE('',*,*,#2303,.T.);
#11470 = ORIENTED_EDGE('',*,*,#11453,.F.);
#11471 = ORIENTED_EDGE('',*,*,#508,.F.);
#11472 = ORIENTED_EDGE('',*,*,#11473,.T.);
#11473 = EDGE_CURVE('',#501,#2304,#11474,.T.);
#11474 = LINE('',#11475,#11476);
#11475 = CARTESIAN_POINT('',(-30.02220071283,-2.3,-1.5));
#11476 = VECTOR('',#11477,1.);
#11477 = DIRECTION('',(-0.,-0.,1.));
#11478 = CYLINDRICAL_SURFACE('',#11479,0.5);
#11479 = AXIS2_PLACEMENT_3D('',#11480,#11481,#11482);
#11480 = CARTESIAN_POINT('',(-30.02220071283,-2.8,-1.5));
#11481 = DIRECTION('',(-0.,-0.,1.));
#11482 = DIRECTION('',(1.,0.,0.));
#11483 = ADVANCED_FACE('',(#11484),#11495,.F.);
#11484 = FACE_BOUND('',#11485,.T.);
#11485 = EDGE_LOOP('',(#11486,#11487,#11488,#11489));
#11486 = ORIENTED_EDGE('',*,*,#2312,.T.);
#11487 = ORIENTED_EDGE('',*,*,#11473,.F.);
#11488 = ORIENTED_EDGE('',*,*,#500,.F.);
#11489 = ORIENTED_EDGE('',*,*,#11490,.T.);
#11490 = EDGE_CURVE('',#492,#2313,#11491,.T.);
#11491 = LINE('',#11492,#11493);
#11492 = CARTESIAN_POINT('',(-31.9,-2.3,-1.5));
#11493 = VECTOR('',#11494,1.);
#11494 = DIRECTION('',(-0.,-0.,1.));
#11495 = PLANE('',#11496);
#11496 = AXIS2_PLACEMENT_3D('',#11497,#11498,#11499);
#11497 = CARTESIAN_POINT('',(-30.02220071283,-2.3,-1.5));
#11498 = DIRECTION('',(7.39045323037E-15,-1.,0.));
#11499 = DIRECTION('',(1.,7.39045323037E-15,0.));
#11500 = ADVANCED_FACE('',(#11501),#11512,.F.);
#11501 = FACE_BOUND('',#11502,.F.);
#11502 = EDGE_LOOP('',(#11503,#11509,#11510,#11511));
#11503 = ORIENTED_EDGE('',*,*,#11504,.F.);
#11504 = EDGE_CURVE('',#484,#2321,#11505,.T.);
#11505 = LINE('',#11506,#11507);
#11506 = CARTESIAN_POINT('',(-32.4,-1.8,-1.5));
#11507 = VECTOR('',#11508,1.);
#11508 = DIRECTION('',(-0.,-0.,1.));
#11509 = ORIENTED_EDGE('',*,*,#491,.T.);
#11510 = ORIENTED_EDGE('',*,*,#11490,.T.);
#11511 = ORIENTED_EDGE('',*,*,#2320,.F.);
#11512 = CYLINDRICAL_SURFACE('',#11513,0.5);
#11513 = AXIS2_PLACEMENT_3D('',#11514,#11515,#11516);
#11514 = CARTESIAN_POINT('',(-31.9,-1.8,-1.5));
#11515 = DIRECTION('',(-0.,-0.,1.));
#11516 = DIRECTION('',(1.,0.,0.));
#11517 = ADVANCED_FACE('',(#11518),#11529,.F.);
#11518 = FACE_BOUND('',#11519,.T.);
#11519 = EDGE_LOOP('',(#11520,#11521,#11522,#11523));
#11520 = ORIENTED_EDGE('',*,*,#2329,.T.);
#11521 = ORIENTED_EDGE('',*,*,#11504,.F.);
#11522 = ORIENTED_EDGE('',*,*,#483,.F.);
#11523 = ORIENTED_EDGE('',*,*,#11524,.T.);
#11524 = EDGE_CURVE('',#475,#2330,#11525,.T.);
#11525 = LINE('',#11526,#11527);
#11526 = CARTESIAN_POINT('',(-32.4,1.8,-1.5));
#11527 = VECTOR('',#11528,1.);
#11528 = DIRECTION('',(-0.,-0.,1.));
#11529 = PLANE('',#11530);
#11530 = AXIS2_PLACEMENT_3D('',#11531,#11532,#11533);
#11531 = CARTESIAN_POINT('',(-32.4,-1.8,-1.5));
#11532 = DIRECTION('',(-1.,0.,0.));
#11533 = DIRECTION('',(0.,0.,1.));
#11534 = ADVANCED_FACE('',(#11535),#11546,.F.);
#11535 = FACE_BOUND('',#11536,.F.);
#11536 = EDGE_LOOP('',(#11537,#11543,#11544,#11545));
#11537 = ORIENTED_EDGE('',*,*,#11538,.F.);
#11538 = EDGE_CURVE('',#467,#2338,#11539,.T.);
#11539 = LINE('',#11540,#11541);
#11540 = CARTESIAN_POINT('',(-31.9,2.3,-1.5));
#11541 = VECTOR('',#11542,1.);
#11542 = DIRECTION('',(-0.,-0.,1.));
#11543 = ORIENTED_EDGE('',*,*,#474,.T.);
#11544 = ORIENTED_EDGE('',*,*,#11524,.T.);
#11545 = ORIENTED_EDGE('',*,*,#2337,.F.);
#11546 = CYLINDRICAL_SURFACE('',#11547,0.5);
#11547 = AXIS2_PLACEMENT_3D('',#11548,#11549,#11550);
#11548 = CARTESIAN_POINT('',(-31.9,1.8,-1.5));
#11549 = DIRECTION('',(-0.,-0.,1.));
#11550 = DIRECTION('',(1.,0.,0.));
#11551 = ADVANCED_FACE('',(#11552),#11563,.F.);
#11552 = FACE_BOUND('',#11553,.T.);
#11553 = EDGE_LOOP('',(#11554,#11555,#11556,#11557));
#11554 = ORIENTED_EDGE('',*,*,#2346,.T.);
#11555 = ORIENTED_EDGE('',*,*,#11538,.F.);
#11556 = ORIENTED_EDGE('',*,*,#466,.F.);
#11557 = ORIENTED_EDGE('',*,*,#11558,.T.);
#11558 = EDGE_CURVE('',#458,#2347,#11559,.T.);
#11559 = LINE('',#11560,#11561);
#11560 = CARTESIAN_POINT('',(-30.02220071283,2.3,-1.5));
#11561 = VECTOR('',#11562,1.);
#11562 = DIRECTION('',(-0.,-0.,1.));
#11563 = PLANE('',#11564);
#11564 = AXIS2_PLACEMENT_3D('',#11565,#11566,#11567);
#11565 = CARTESIAN_POINT('',(-31.9,2.3,-1.5));
#11566 = DIRECTION('',(-9.238066537962E-16,1.,0.));
#11567 = DIRECTION('',(-1.,-9.238066537962E-16,0.));
#11568 = ADVANCED_FACE('',(#11569),#11580,.T.);
#11569 = FACE_BOUND('',#11570,.T.);
#11570 = EDGE_LOOP('',(#11571,#11572,#11573,#11574));
#11571 = ORIENTED_EDGE('',*,*,#2354,.T.);
#11572 = ORIENTED_EDGE('',*,*,#11558,.F.);
#11573 = ORIENTED_EDGE('',*,*,#457,.F.);
#11574 = ORIENTED_EDGE('',*,*,#11575,.T.);
#11575 = EDGE_CURVE('',#449,#2226,#11576,.T.);
#11576 = LINE('',#11577,#11578);
#11577 = CARTESIAN_POINT('',(-29.58548760737,2.55652173913,-1.5));
#11578 = VECTOR('',#11579,1.);
#11579 = DIRECTION('',(-0.,-0.,1.));
#11580 = CYLINDRICAL_SURFACE('',#11581,0.5);
#11581 = AXIS2_PLACEMENT_3D('',#11582,#11583,#11584);
#11582 = CARTESIAN_POINT('',(-30.02220071283,2.8,-1.5));
#11583 = DIRECTION('',(-0.,-0.,1.));
#11584 = DIRECTION('',(1.,0.,0.));
#11585 = ADVANCED_FACE('',(#11586),#11592,.F.);
#11586 = FACE_BOUND('',#11587,.F.);
#11587 = EDGE_LOOP('',(#11588,#11589,#11590,#11591));
#11588 = ORIENTED_EDGE('',*,*,#11330,.F.);
#11589 = ORIENTED_EDGE('',*,*,#448,.T.);
#11590 = ORIENTED_EDGE('',*,*,#11575,.T.);
#11591 = ORIENTED_EDGE('',*,*,#2223,.F.);
#11592 = CYLINDRICAL_SURFACE('',#11593,5.25);
#11593 = AXIS2_PLACEMENT_3D('',#11594,#11595,#11596);
#11594 = CARTESIAN_POINT('',(-25.,-1.561251128379E-14,-1.5));
#11595 = DIRECTION('',(-0.,-0.,1.));
#11596 = DIRECTION('',(1.,0.,0.));
#11597 = ADVANCED_FACE('',(#11598),#11614,.T.);
#11598 = FACE_BOUND('',#11599,.T.);
#11599 = EDGE_LOOP('',(#11600,#11601,#11607,#11608));
#11600 = ORIENTED_EDGE('',*,*,#2094,.T.);
#11601 = ORIENTED_EDGE('',*,*,#11602,.F.);
#11602 = EDGE_CURVE('',#300,#2084,#11603,.T.);
#11603 = LINE('',#11604,#11605);
#11604 = CARTESIAN_POINT('',(-45.41451239262,2.55652173913,-1.5));
#11605 = VECTOR('',#11606,1.);
#11606 = DIRECTION('',(-0.,-0.,1.));
#11607 = ORIENTED_EDGE('',*,*,#297,.F.);
#11608 = ORIENTED_EDGE('',*,*,#11609,.T.);
#11609 = EDGE_CURVE('',#298,#2095,#11610,.T.);
#11610 = LINE('',#11611,#11612);
#11611 = CARTESIAN_POINT('',(-44.97779928716,2.3,-1.5));
#11612 = VECTOR('',#11613,1.);
#11613 = DIRECTION('',(-0.,-0.,1.));
#11614 = CYLINDRICAL_SURFACE('',#11615,0.5);
#11615 = AXIS2_PLACEMENT_3D('',#11616,#11617,#11618);
#11616 = CARTESIAN_POINT('',(-44.97779928716,2.8,-1.5));
#11617 = DIRECTION('',(-0.,-0.,1.));
#11618 = DIRECTION('',(1.,0.,0.));
#11619 = ADVANCED_FACE('',(#11620),#11631,.F.);
#11620 = FACE_BOUND('',#11621,.T.);
#11621 = EDGE_LOOP('',(#11622,#11623,#11624,#11625));
#11622 = ORIENTED_EDGE('',*,*,#2103,.T.);
#11623 = ORIENTED_EDGE('',*,*,#11609,.F.);
#11624 = ORIENTED_EDGE('',*,*,#429,.F.);
#11625 = ORIENTED_EDGE('',*,*,#11626,.T.);
#11626 = EDGE_CURVE('',#421,#2104,#11627,.T.);
#11627 = LINE('',#11628,#11629);
#11628 = CARTESIAN_POINT('',(-43.1,2.3,-1.5));
#11629 = VECTOR('',#11630,1.);
#11630 = DIRECTION('',(-0.,-0.,1.));
#11631 = PLANE('',#11632);
#11632 = AXIS2_PLACEMENT_3D('',#11633,#11634,#11635);
#11633 = CARTESIAN_POINT('',(-44.97779928716,2.3,-1.5));
#11634 = DIRECTION('',(-6.466646576573E-15,1.,0.));
#11635 = DIRECTION('',(-1.,-6.466646576573E-15,0.));
#11636 = ADVANCED_FACE('',(#11637),#11648,.F.);
#11637 = FACE_BOUND('',#11638,.F.);
#11638 = EDGE_LOOP('',(#11639,#11645,#11646,#11647));
#11639 = ORIENTED_EDGE('',*,*,#11640,.F.);
#11640 = EDGE_CURVE('',#413,#2112,#11641,.T.);
#11641 = LINE('',#11642,#11643);
#11642 = CARTESIAN_POINT('',(-42.6,1.8,-1.5));
#11643 = VECTOR('',#11644,1.);
#11644 = DIRECTION('',(-0.,-0.,1.));
#11645 = ORIENTED_EDGE('',*,*,#420,.T.);
#11646 = ORIENTED_EDGE('',*,*,#11626,.T.);
#11647 = ORIENTED_EDGE('',*,*,#2111,.F.);
#11648 = CYLINDRICAL_SURFACE('',#11649,0.5);
#11649 = AXIS2_PLACEMENT_3D('',#11650,#11651,#11652);
#11650 = CARTESIAN_POINT('',(-43.1,1.8,-1.5));
#11651 = DIRECTION('',(-0.,-0.,1.));
#11652 = DIRECTION('',(1.,0.,0.));
#11653 = ADVANCED_FACE('',(#11654),#11665,.F.);
#11654 = FACE_BOUND('',#11655,.T.);
#11655 = EDGE_LOOP('',(#11656,#11657,#11658,#11659));
#11656 = ORIENTED_EDGE('',*,*,#2120,.T.);
#11657 = ORIENTED_EDGE('',*,*,#11640,.F.);
#11658 = ORIENTED_EDGE('',*,*,#412,.F.);
#11659 = ORIENTED_EDGE('',*,*,#11660,.T.);
#11660 = EDGE_CURVE('',#404,#2121,#11661,.T.);
#11661 = LINE('',#11662,#11663);
#11662 = CARTESIAN_POINT('',(-42.6,-1.8,-1.5));
#11663 = VECTOR('',#11664,1.);
#11664 = DIRECTION('',(-0.,-0.,1.));
#11665 = PLANE('',#11666);
#11666 = AXIS2_PLACEMENT_3D('',#11667,#11668,#11669);
#11667 = CARTESIAN_POINT('',(-42.6,-1.8,-1.5));
#11668 = DIRECTION('',(1.,-0.,0.));
#11669 = DIRECTION('',(0.,0.,-1.));
#11670 = ADVANCED_FACE('',(#11671),#11682,.F.);
#11671 = FACE_BOUND('',#11672,.F.);
#11672 = EDGE_LOOP('',(#11673,#11679,#11680,#11681));
#11673 = ORIENTED_EDGE('',*,*,#11674,.F.);
#11674 = EDGE_CURVE('',#396,#2129,#11675,.T.);
#11675 = LINE('',#11676,#11677);
#11676 = CARTESIAN_POINT('',(-43.1,-2.3,-1.5));
#11677 = VECTOR('',#11678,1.);
#11678 = DIRECTION('',(-0.,-0.,1.));
#11679 = ORIENTED_EDGE('',*,*,#403,.T.);
#11680 = ORIENTED_EDGE('',*,*,#11660,.T.);
#11681 = ORIENTED_EDGE('',*,*,#2128,.F.);
#11682 = CYLINDRICAL_SURFACE('',#11683,0.5);
#11683 = AXIS2_PLACEMENT_3D('',#11684,#11685,#11686);
#11684 = CARTESIAN_POINT('',(-43.1,-1.8,-1.5));
#11685 = DIRECTION('',(-0.,-0.,1.));
#11686 = DIRECTION('',(1.,0.,0.));
#11687 = ADVANCED_FACE('',(#11688),#11699,.F.);
#11688 = FACE_BOUND('',#11689,.T.);
#11689 = EDGE_LOOP('',(#11690,#11691,#11692,#11693));
#11690 = ORIENTED_EDGE('',*,*,#2137,.T.);
#11691 = ORIENTED_EDGE('',*,*,#11674,.F.);
#11692 = ORIENTED_EDGE('',*,*,#395,.F.);
#11693 = ORIENTED_EDGE('',*,*,#11694,.T.);
#11694 = EDGE_CURVE('',#387,#2138,#11695,.T.);
#11695 = LINE('',#11696,#11697);
#11696 = CARTESIAN_POINT('',(-44.97779928716,-2.3,-1.5));
#11697 = VECTOR('',#11698,1.);
#11698 = DIRECTION('',(-0.,-0.,1.));
#11699 = PLANE('',#11700);
#11700 = AXIS2_PLACEMENT_3D('',#11701,#11702,#11703);
#11701 = CARTESIAN_POINT('',(-44.97779928716,-2.3,-1.5));
#11702 = DIRECTION('',(0.,-1.,0.));
#11703 = DIRECTION('',(0.,-0.,-1.));
#11704 = ADVANCED_FACE('',(#11705),#11716,.T.);
#11705 = FACE_BOUND('',#11706,.T.);
#11706 = EDGE_LOOP('',(#11707,#11708,#11709,#11710));
#11707 = ORIENTED_EDGE('',*,*,#2145,.T.);
#11708 = ORIENTED_EDGE('',*,*,#11694,.F.);
#11709 = ORIENTED_EDGE('',*,*,#386,.F.);
#11710 = ORIENTED_EDGE('',*,*,#11711,.T.);
#11711 = EDGE_CURVE('',#378,#2146,#11712,.T.);
#11712 = LINE('',#11713,#11714);
#11713 = CARTESIAN_POINT('',(-45.41451239262,-2.55652173913,-1.5));
#11714 = VECTOR('',#11715,1.);
#11715 = DIRECTION('',(-0.,-0.,1.));
#11716 = CYLINDRICAL_SURFACE('',#11717,0.5);
#11717 = AXIS2_PLACEMENT_3D('',#11718,#11719,#11720);
#11718 = CARTESIAN_POINT('',(-44.97779928716,-2.8,-1.5));
#11719 = DIRECTION('',(-0.,-0.,1.));
#11720 = DIRECTION('',(1.,0.,0.));
#11721 = ADVANCED_FACE('',(#11722),#11733,.F.);
#11722 = FACE_BOUND('',#11723,.F.);
#11723 = EDGE_LOOP('',(#11724,#11730,#11731,#11732));
#11724 = ORIENTED_EDGE('',*,*,#11725,.F.);
#11725 = EDGE_CURVE('',#369,#2155,#11726,.T.);
#11726 = LINE('',#11727,#11728);
#11727 = CARTESIAN_POINT('',(-54.58548760737,-2.55652173913,-1.5));
#11728 = VECTOR('',#11729,1.);
#11729 = DIRECTION('',(-0.,-0.,1.));
#11730 = ORIENTED_EDGE('',*,*,#377,.T.);
#11731 = ORIENTED_EDGE('',*,*,#11711,.T.);
#11732 = ORIENTED_EDGE('',*,*,#2154,.F.);
#11733 = CYLINDRICAL_SURFACE('',#11734,5.25);
#11734 = AXIS2_PLACEMENT_3D('',#11735,#11736,#11737);
#11735 = CARTESIAN_POINT('',(-50.,-1.561251128379E-14,-1.5));
#11736 = DIRECTION('',(-0.,-0.,1.));
#11737 = DIRECTION('',(1.,0.,0.));
#11738 = ADVANCED_FACE('',(#11739),#11750,.T.);
#11739 = FACE_BOUND('',#11740,.T.);
#11740 = EDGE_LOOP('',(#11741,#11742,#11743,#11744));
#11741 = ORIENTED_EDGE('',*,*,#2163,.T.);
#11742 = ORIENTED_EDGE('',*,*,#11725,.F.);
#11743 = ORIENTED_EDGE('',*,*,#368,.F.);
#11744 = ORIENTED_EDGE('',*,*,#11745,.T.);
#11745 = EDGE_CURVE('',#361,#2164,#11746,.T.);
#11746 = LINE('',#11747,#11748);
#11747 = CARTESIAN_POINT('',(-55.02220071283,-2.3,-1.5));
#11748 = VECTOR('',#11749,1.);
#11749 = DIRECTION('',(-0.,-0.,1.));
#11750 = CYLINDRICAL_SURFACE('',#11751,0.5);
#11751 = AXIS2_PLACEMENT_3D('',#11752,#11753,#11754);
#11752 = CARTESIAN_POINT('',(-55.02220071283,-2.8,-1.5));
#11753 = DIRECTION('',(-0.,-0.,1.));
#11754 = DIRECTION('',(1.,0.,0.));
#11755 = ADVANCED_FACE('',(#11756),#11767,.F.);
#11756 = FACE_BOUND('',#11757,.T.);
#11757 = EDGE_LOOP('',(#11758,#11759,#11760,#11761));
#11758 = ORIENTED_EDGE('',*,*,#2172,.T.);
#11759 = ORIENTED_EDGE('',*,*,#11745,.F.);
#11760 = ORIENTED_EDGE('',*,*,#360,.F.);
#11761 = ORIENTED_EDGE('',*,*,#11762,.T.);
#11762 = EDGE_CURVE('',#352,#2173,#11763,.T.);
#11763 = LINE('',#11764,#11765);
#11764 = CARTESIAN_POINT('',(-56.9,-2.3,-1.5));
#11765 = VECTOR('',#11766,1.);
#11766 = DIRECTION('',(-0.,-0.,1.));
#11767 = PLANE('',#11768);
#11768 = AXIS2_PLACEMENT_3D('',#11769,#11770,#11771);
#11769 = CARTESIAN_POINT('',(-55.02220071283,-2.3,-1.5));
#11770 = DIRECTION('',(7.39045323037E-15,-1.,0.));
#11771 = DIRECTION('',(1.,7.39045323037E-15,0.));
#11772 = ADVANCED_FACE('',(#11773),#11784,.F.);
#11773 = FACE_BOUND('',#11774,.F.);
#11774 = EDGE_LOOP('',(#11775,#11781,#11782,#11783));
#11775 = ORIENTED_EDGE('',*,*,#11776,.F.);
#11776 = EDGE_CURVE('',#344,#2181,#11777,.T.);
#11777 = LINE('',#11778,#11779);
#11778 = CARTESIAN_POINT('',(-57.4,-1.8,-1.5));
#11779 = VECTOR('',#11780,1.);
#11780 = DIRECTION('',(-0.,-0.,1.));
#11781 = ORIENTED_EDGE('',*,*,#351,.T.);
#11782 = ORIENTED_EDGE('',*,*,#11762,.T.);
#11783 = ORIENTED_EDGE('',*,*,#2180,.F.);
#11784 = CYLINDRICAL_SURFACE('',#11785,0.5);
#11785 = AXIS2_PLACEMENT_3D('',#11786,#11787,#11788);
#11786 = CARTESIAN_POINT('',(-56.9,-1.8,-1.5));
#11787 = DIRECTION('',(-0.,-0.,1.));
#11788 = DIRECTION('',(1.,0.,0.));
#11789 = ADVANCED_FACE('',(#11790),#11801,.F.);
#11790 = FACE_BOUND('',#11791,.T.);
#11791 = EDGE_LOOP('',(#11792,#11793,#11794,#11795));
#11792 = ORIENTED_EDGE('',*,*,#2189,.T.);
#11793 = ORIENTED_EDGE('',*,*,#11776,.F.);
#11794 = ORIENTED_EDGE('',*,*,#343,.F.);
#11795 = ORIENTED_EDGE('',*,*,#11796,.T.);
#11796 = EDGE_CURVE('',#335,#2190,#11797,.T.);
#11797 = LINE('',#11798,#11799);
#11798 = CARTESIAN_POINT('',(-57.4,1.8,-1.5));
#11799 = VECTOR('',#11800,1.);
#11800 = DIRECTION('',(-0.,-0.,1.));
#11801 = PLANE('',#11802);
#11802 = AXIS2_PLACEMENT_3D('',#11803,#11804,#11805);
#11803 = CARTESIAN_POINT('',(-57.4,-1.8,-1.5));
#11804 = DIRECTION('',(-1.,0.,0.));
#11805 = DIRECTION('',(0.,0.,1.));
#11806 = ADVANCED_FACE('',(#11807),#11818,.F.);
#11807 = FACE_BOUND('',#11808,.F.);
#11808 = EDGE_LOOP('',(#11809,#11815,#11816,#11817));
#11809 = ORIENTED_EDGE('',*,*,#11810,.F.);
#11810 = EDGE_CURVE('',#327,#2198,#11811,.T.);
#11811 = LINE('',#11812,#11813);
#11812 = CARTESIAN_POINT('',(-56.9,2.3,-1.5));
#11813 = VECTOR('',#11814,1.);
#11814 = DIRECTION('',(-0.,-0.,1.));
#11815 = ORIENTED_EDGE('',*,*,#334,.T.);
#11816 = ORIENTED_EDGE('',*,*,#11796,.T.);
#11817 = ORIENTED_EDGE('',*,*,#2197,.F.);
#11818 = CYLINDRICAL_SURFACE('',#11819,0.5);
#11819 = AXIS2_PLACEMENT_3D('',#11820,#11821,#11822);
#11820 = CARTESIAN_POINT('',(-56.9,1.8,-1.5));
#11821 = DIRECTION('',(-0.,-0.,1.));
#11822 = DIRECTION('',(1.,0.,0.));
#11823 = ADVANCED_FACE('',(#11824),#11835,.F.);
#11824 = FACE_BOUND('',#11825,.T.);
#11825 = EDGE_LOOP('',(#11826,#11827,#11828,#11829));
#11826 = ORIENTED_EDGE('',*,*,#2206,.T.);
#11827 = ORIENTED_EDGE('',*,*,#11810,.F.);
#11828 = ORIENTED_EDGE('',*,*,#326,.F.);
#11829 = ORIENTED_EDGE('',*,*,#11830,.T.);
#11830 = EDGE_CURVE('',#318,#2207,#11831,.T.);
#11831 = LINE('',#11832,#11833);
#11832 = CARTESIAN_POINT('',(-55.02220071283,2.3,-1.5));
#11833 = VECTOR('',#11834,1.);
#11834 = DIRECTION('',(-0.,-0.,1.));
#11835 = PLANE('',#11836);
#11836 = AXIS2_PLACEMENT_3D('',#11837,#11838,#11839);
#11837 = CARTESIAN_POINT('',(-56.9,2.3,-1.5));
#11838 = DIRECTION('',(-9.238066537962E-16,1.,0.));
#11839 = DIRECTION('',(-1.,-9.238066537962E-16,0.));
#11840 = ADVANCED_FACE('',(#11841),#11852,.T.);
#11841 = FACE_BOUND('',#11842,.T.);
#11842 = EDGE_LOOP('',(#11843,#11844,#11845,#11846));
#11843 = ORIENTED_EDGE('',*,*,#2214,.T.);
#11844 = ORIENTED_EDGE('',*,*,#11830,.F.);
#11845 = ORIENTED_EDGE('',*,*,#317,.F.);
#11846 = ORIENTED_EDGE('',*,*,#11847,.T.);
#11847 = EDGE_CURVE('',#309,#2086,#11848,.T.);
#11848 = LINE('',#11849,#11850);
#11849 = CARTESIAN_POINT('',(-54.58548760737,2.55652173913,-1.5));
#11850 = VECTOR('',#11851,1.);
#11851 = DIRECTION('',(-0.,-0.,1.));
#11852 = CYLINDRICAL_SURFACE('',#11853,0.5);
#11853 = AXIS2_PLACEMENT_3D('',#11854,#11855,#11856);
#11854 = CARTESIAN_POINT('',(-55.02220071283,2.8,-1.5));
#11855 = DIRECTION('',(-0.,-0.,1.));
#11856 = DIRECTION('',(1.,0.,0.));
#11857 = ADVANCED_FACE('',(#11858),#11864,.F.);
#11858 = FACE_BOUND('',#11859,.F.);
#11859 = EDGE_LOOP('',(#11860,#11861,#11862,#11863));
#11860 = ORIENTED_EDGE('',*,*,#11602,.F.);
#11861 = ORIENTED_EDGE('',*,*,#308,.T.);
#11862 = ORIENTED_EDGE('',*,*,#11847,.T.);
#11863 = ORIENTED_EDGE('',*,*,#2083,.F.);
#11864 = CYLINDRICAL_SURFACE('',#11865,5.25);
#11865 = AXIS2_PLACEMENT_3D('',#11866,#11867,#11868);
#11866 = CARTESIAN_POINT('',(-50.,-1.561251128379E-14,-1.5));
#11867 = DIRECTION('',(-0.,-0.,1.));
#11868 = DIRECTION('',(1.,0.,0.));
#11869 = ADVANCED_FACE('',(#11870),#11886,.T.);
#11870 = FACE_BOUND('',#11871,.T.);
#11871 = EDGE_LOOP('',(#11872,#11873,#11879,#11880));
#11872 = ORIENTED_EDGE('',*,*,#1954,.T.);
#11873 = ORIENTED_EDGE('',*,*,#11874,.F.);
#11874 = EDGE_CURVE('',#160,#1944,#11875,.T.);
#11875 = LINE('',#11876,#11877);
#11876 = CARTESIAN_POINT('',(-70.41451239262,2.55652173913,-1.5));
#11877 = VECTOR('',#11878,1.);
#11878 = DIRECTION('',(-0.,-0.,1.));
#11879 = ORIENTED_EDGE('',*,*,#157,.F.);
#11880 = ORIENTED_EDGE('',*,*,#11881,.T.);
#11881 = EDGE_CURVE('',#158,#1955,#11882,.T.);
#11882 = LINE('',#11883,#11884);
#11883 = CARTESIAN_POINT('',(-69.97779928716,2.3,-1.5));
#11884 = VECTOR('',#11885,1.);
#11885 = DIRECTION('',(-0.,-0.,1.));
#11886 = CYLINDRICAL_SURFACE('',#11887,0.5);
#11887 = AXIS2_PLACEMENT_3D('',#11888,#11889,#11890);
#11888 = CARTESIAN_POINT('',(-69.97779928716,2.8,-1.5));
#11889 = DIRECTION('',(-0.,-0.,1.));
#11890 = DIRECTION('',(1.,0.,0.));
#11891 = ADVANCED_FACE('',(#11892),#11903,.F.);
#11892 = FACE_BOUND('',#11893,.T.);
#11893 = EDGE_LOOP('',(#11894,#11895,#11896,#11897));
#11894 = ORIENTED_EDGE('',*,*,#1963,.T.);
#11895 = ORIENTED_EDGE('',*,*,#11881,.F.);
#11896 = ORIENTED_EDGE('',*,*,#289,.F.);
#11897 = ORIENTED_EDGE('',*,*,#11898,.T.);
#11898 = EDGE_CURVE('',#281,#1964,#11899,.T.);
#11899 = LINE('',#11900,#11901);
#11900 = CARTESIAN_POINT('',(-68.1,2.3,-1.5));
#11901 = VECTOR('',#11902,1.);
#11902 = DIRECTION('',(-0.,-0.,1.));
#11903 = PLANE('',#11904);
#11904 = AXIS2_PLACEMENT_3D('',#11905,#11906,#11907);
#11905 = CARTESIAN_POINT('',(-69.97779928716,2.3,-1.5));
#11906 = DIRECTION('',(-6.466646576573E-15,1.,0.));
#11907 = DIRECTION('',(-1.,-6.466646576573E-15,0.));
#11908 = ADVANCED_FACE('',(#11909),#11920,.F.);
#11909 = FACE_BOUND('',#11910,.F.);
#11910 = EDGE_LOOP('',(#11911,#11917,#11918,#11919));
#11911 = ORIENTED_EDGE('',*,*,#11912,.F.);
#11912 = EDGE_CURVE('',#273,#1972,#11913,.T.);
#11913 = LINE('',#11914,#11915);
#11914 = CARTESIAN_POINT('',(-67.6,1.8,-1.5));
#11915 = VECTOR('',#11916,1.);
#11916 = DIRECTION('',(-0.,-0.,1.));
#11917 = ORIENTED_EDGE('',*,*,#280,.T.);
#11918 = ORIENTED_EDGE('',*,*,#11898,.T.);
#11919 = ORIENTED_EDGE('',*,*,#1971,.F.);
#11920 = CYLINDRICAL_SURFACE('',#11921,0.5);
#11921 = AXIS2_PLACEMENT_3D('',#11922,#11923,#11924);
#11922 = CARTESIAN_POINT('',(-68.1,1.8,-1.5));
#11923 = DIRECTION('',(-0.,-0.,1.));
#11924 = DIRECTION('',(1.,0.,0.));
#11925 = ADVANCED_FACE('',(#11926),#11937,.F.);
#11926 = FACE_BOUND('',#11927,.T.);
#11927 = EDGE_LOOP('',(#11928,#11929,#11930,#11931));
#11928 = ORIENTED_EDGE('',*,*,#1980,.T.);
#11929 = ORIENTED_EDGE('',*,*,#11912,.F.);
#11930 = ORIENTED_EDGE('',*,*,#272,.F.);
#11931 = ORIENTED_EDGE('',*,*,#11932,.T.);
#11932 = EDGE_CURVE('',#264,#1981,#11933,.T.);
#11933 = LINE('',#11934,#11935);
#11934 = CARTESIAN_POINT('',(-67.6,-1.8,-1.5));
#11935 = VECTOR('',#11936,1.);
#11936 = DIRECTION('',(-0.,-0.,1.));
#11937 = PLANE('',#11938);
#11938 = AXIS2_PLACEMENT_3D('',#11939,#11940,#11941);
#11939 = CARTESIAN_POINT('',(-67.6,-1.8,-1.5));
#11940 = DIRECTION('',(1.,-0.,0.));
#11941 = DIRECTION('',(0.,0.,-1.));
#11942 = ADVANCED_FACE('',(#11943),#11954,.F.);
#11943 = FACE_BOUND('',#11944,.F.);
#11944 = EDGE_LOOP('',(#11945,#11951,#11952,#11953));
#11945 = ORIENTED_EDGE('',*,*,#11946,.F.);
#11946 = EDGE_CURVE('',#256,#1989,#11947,.T.);
#11947 = LINE('',#11948,#11949);
#11948 = CARTESIAN_POINT('',(-68.1,-2.3,-1.5));
#11949 = VECTOR('',#11950,1.);
#11950 = DIRECTION('',(-0.,-0.,1.));
#11951 = ORIENTED_EDGE('',*,*,#263,.T.);
#11952 = ORIENTED_EDGE('',*,*,#11932,.T.);
#11953 = ORIENTED_EDGE('',*,*,#1988,.F.);
#11954 = CYLINDRICAL_SURFACE('',#11955,0.5);
#11955 = AXIS2_PLACEMENT_3D('',#11956,#11957,#11958);
#11956 = CARTESIAN_POINT('',(-68.1,-1.8,-1.5));
#11957 = DIRECTION('',(-0.,-0.,1.));
#11958 = DIRECTION('',(1.,0.,0.));
#11959 = ADVANCED_FACE('',(#11960),#11971,.F.);
#11960 = FACE_BOUND('',#11961,.T.);
#11961 = EDGE_LOOP('',(#11962,#11963,#11964,#11965));
#11962 = ORIENTED_EDGE('',*,*,#1997,.T.);
#11963 = ORIENTED_EDGE('',*,*,#11946,.F.);
#11964 = ORIENTED_EDGE('',*,*,#255,.F.);
#11965 = ORIENTED_EDGE('',*,*,#11966,.T.);
#11966 = EDGE_CURVE('',#247,#1998,#11967,.T.);
#11967 = LINE('',#11968,#11969);
#11968 = CARTESIAN_POINT('',(-69.97779928716,-2.3,-1.5));
#11969 = VECTOR('',#11970,1.);
#11970 = DIRECTION('',(-0.,-0.,1.));
#11971 = PLANE('',#11972);
#11972 = AXIS2_PLACEMENT_3D('',#11973,#11974,#11975);
#11973 = CARTESIAN_POINT('',(-69.97779928716,-2.3,-1.5));
#11974 = DIRECTION('',(0.,-1.,0.));
#11975 = DIRECTION('',(0.,-0.,-1.));
#11976 = ADVANCED_FACE('',(#11977),#11988,.T.);
#11977 = FACE_BOUND('',#11978,.T.);
#11978 = EDGE_LOOP('',(#11979,#11980,#11981,#11982));
#11979 = ORIENTED_EDGE('',*,*,#2005,.T.);
#11980 = ORIENTED_EDGE('',*,*,#11966,.F.);
#11981 = ORIENTED_EDGE('',*,*,#246,.F.);
#11982 = ORIENTED_EDGE('',*,*,#11983,.T.);
#11983 = EDGE_CURVE('',#238,#2006,#11984,.T.);
#11984 = LINE('',#11985,#11986);
#11985 = CARTESIAN_POINT('',(-70.41451239262,-2.55652173913,-1.5));
#11986 = VECTOR('',#11987,1.);
#11987 = DIRECTION('',(-0.,-0.,1.));
#11988 = CYLINDRICAL_SURFACE('',#11989,0.5);
#11989 = AXIS2_PLACEMENT_3D('',#11990,#11991,#11992);
#11990 = CARTESIAN_POINT('',(-69.97779928716,-2.8,-1.5));
#11991 = DIRECTION('',(-0.,-0.,1.));
#11992 = DIRECTION('',(1.,0.,0.));
#11993 = ADVANCED_FACE('',(#11994),#12005,.F.);
#11994 = FACE_BOUND('',#11995,.F.);
#11995 = EDGE_LOOP('',(#11996,#12002,#12003,#12004));
#11996 = ORIENTED_EDGE('',*,*,#11997,.F.);
#11997 = EDGE_CURVE('',#229,#2015,#11998,.T.);
#11998 = LINE('',#11999,#12000);
#11999 = CARTESIAN_POINT('',(-79.58548760737,-2.55652173913,-1.5));
#12000 = VECTOR('',#12001,1.);
#12001 = DIRECTION('',(-0.,-0.,1.));
#12002 = ORIENTED_EDGE('',*,*,#237,.T.);
#12003 = ORIENTED_EDGE('',*,*,#11983,.T.);
#12004 = ORIENTED_EDGE('',*,*,#2014,.F.);
#12005 = CYLINDRICAL_SURFACE('',#12006,5.25);
#12006 = AXIS2_PLACEMENT_3D('',#12007,#12008,#12009);
#12007 = CARTESIAN_POINT('',(-75.,-1.561251128379E-14,-1.5));
#12008 = DIRECTION('',(-0.,-0.,1.));
#12009 = DIRECTION('',(1.,0.,0.));
#12010 = ADVANCED_FACE('',(#12011),#12022,.T.);
#12011 = FACE_BOUND('',#12012,.T.);
#12012 = EDGE_LOOP('',(#12013,#12014,#12015,#12016));
#12013 = ORIENTED_EDGE('',*,*,#2023,.T.);
#12014 = ORIENTED_EDGE('',*,*,#11997,.F.);
#12015 = ORIENTED_EDGE('',*,*,#228,.F.);
#12016 = ORIENTED_EDGE('',*,*,#12017,.T.);
#12017 = EDGE_CURVE('',#221,#2024,#12018,.T.);
#12018 = LINE('',#12019,#12020);
#12019 = CARTESIAN_POINT('',(-80.02220071283,-2.3,-1.5));
#12020 = VECTOR('',#12021,1.);
#12021 = DIRECTION('',(-0.,-0.,1.));
#12022 = CYLINDRICAL_SURFACE('',#12023,0.5);
#12023 = AXIS2_PLACEMENT_3D('',#12024,#12025,#12026);
#12024 = CARTESIAN_POINT('',(-80.02220071283,-2.8,-1.5));
#12025 = DIRECTION('',(-0.,-0.,1.));
#12026 = DIRECTION('',(1.,0.,0.));
#12027 = ADVANCED_FACE('',(#12028),#12039,.F.);
#12028 = FACE_BOUND('',#12029,.T.);
#12029 = EDGE_LOOP('',(#12030,#12031,#12032,#12033));
#12030 = ORIENTED_EDGE('',*,*,#2032,.T.);
#12031 = ORIENTED_EDGE('',*,*,#12017,.F.);
#12032 = ORIENTED_EDGE('',*,*,#220,.F.);
#12033 = ORIENTED_EDGE('',*,*,#12034,.T.);
#12034 = EDGE_CURVE('',#212,#2033,#12035,.T.);
#12035 = LINE('',#12036,#12037);
#12036 = CARTESIAN_POINT('',(-81.9,-2.3,-1.5));
#12037 = VECTOR('',#12038,1.);
#12038 = DIRECTION('',(-0.,-0.,1.));
#12039 = PLANE('',#12040);
#12040 = AXIS2_PLACEMENT_3D('',#12041,#12042,#12043);
#12041 = CARTESIAN_POINT('',(-80.02220071283,-2.3,-1.5));
#12042 = DIRECTION('',(7.39045323037E-15,-1.,0.));
#12043 = DIRECTION('',(1.,7.39045323037E-15,0.));
#12044 = ADVANCED_FACE('',(#12045),#12056,.F.);
#12045 = FACE_BOUND('',#12046,.F.);
#12046 = EDGE_LOOP('',(#12047,#12053,#12054,#12055));
#12047 = ORIENTED_EDGE('',*,*,#12048,.F.);
#12048 = EDGE_CURVE('',#204,#2041,#12049,.T.);
#12049 = LINE('',#12050,#12051);
#12050 = CARTESIAN_POINT('',(-82.4,-1.8,-1.5));
#12051 = VECTOR('',#12052,1.);
#12052 = DIRECTION('',(-0.,-0.,1.));
#12053 = ORIENTED_EDGE('',*,*,#211,.T.);
#12054 = ORIENTED_EDGE('',*,*,#12034,.T.);
#12055 = ORIENTED_EDGE('',*,*,#2040,.F.);
#12056 = CYLINDRICAL_SURFACE('',#12057,0.5);
#12057 = AXIS2_PLACEMENT_3D('',#12058,#12059,#12060);
#12058 = CARTESIAN_POINT('',(-81.9,-1.8,-1.5));
#12059 = DIRECTION('',(-0.,-0.,1.));
#12060 = DIRECTION('',(1.,0.,0.));
#12061 = ADVANCED_FACE('',(#12062),#12073,.F.);
#12062 = FACE_BOUND('',#12063,.T.);
#12063 = EDGE_LOOP('',(#12064,#12065,#12066,#12067));
#12064 = ORIENTED_EDGE('',*,*,#2049,.T.);
#12065 = ORIENTED_EDGE('',*,*,#12048,.F.);
#12066 = ORIENTED_EDGE('',*,*,#203,.F.);
#12067 = ORIENTED_EDGE('',*,*,#12068,.T.);
#12068 = EDGE_CURVE('',#195,#2050,#12069,.T.);
#12069 = LINE('',#12070,#12071);
#12070 = CARTESIAN_POINT('',(-82.4,1.8,-1.5));
#12071 = VECTOR('',#12072,1.);
#12072 = DIRECTION('',(-0.,-0.,1.));
#12073 = PLANE('',#12074);
#12074 = AXIS2_PLACEMENT_3D('',#12075,#12076,#12077);
#12075 = CARTESIAN_POINT('',(-82.4,-1.8,-1.5));
#12076 = DIRECTION('',(-1.,0.,0.));
#12077 = DIRECTION('',(0.,0.,1.));
#12078 = ADVANCED_FACE('',(#12079),#12090,.F.);
#12079 = FACE_BOUND('',#12080,.F.);
#12080 = EDGE_LOOP('',(#12081,#12087,#12088,#12089));
#12081 = ORIENTED_EDGE('',*,*,#12082,.F.);
#12082 = EDGE_CURVE('',#187,#2058,#12083,.T.);
#12083 = LINE('',#12084,#12085);
#12084 = CARTESIAN_POINT('',(-81.9,2.3,-1.5));
#12085 = VECTOR('',#12086,1.);
#12086 = DIRECTION('',(-0.,-0.,1.));
#12087 = ORIENTED_EDGE('',*,*,#194,.T.);
#12088 = ORIENTED_EDGE('',*,*,#12068,.T.);
#12089 = ORIENTED_EDGE('',*,*,#2057,.F.);
#12090 = CYLINDRICAL_SURFACE('',#12091,0.5);
#12091 = AXIS2_PLACEMENT_3D('',#12092,#12093,#12094);
#12092 = CARTESIAN_POINT('',(-81.9,1.8,-1.5));
#12093 = DIRECTION('',(-0.,-0.,1.));
#12094 = DIRECTION('',(1.,0.,0.));
#12095 = ADVANCED_FACE('',(#12096),#12107,.F.);
#12096 = FACE_BOUND('',#12097,.T.);
#12097 = EDGE_LOOP('',(#12098,#12099,#12100,#12101));
#12098 = ORIENTED_EDGE('',*,*,#2066,.T.);
#12099 = ORIENTED_EDGE('',*,*,#12082,.F.);
#12100 = ORIENTED_EDGE('',*,*,#186,.F.);
#12101 = ORIENTED_EDGE('',*,*,#12102,.T.);
#12102 = EDGE_CURVE('',#178,#2067,#12103,.T.);
#12103 = LINE('',#12104,#12105);
#12104 = CARTESIAN_POINT('',(-80.02220071283,2.3,-1.5));
#12105 = VECTOR('',#12106,1.);
#12106 = DIRECTION('',(-0.,-0.,1.));
#12107 = PLANE('',#12108);
#12108 = AXIS2_PLACEMENT_3D('',#12109,#12110,#12111);
#12109 = CARTESIAN_POINT('',(-81.9,2.3,-1.5));
#12110 = DIRECTION('',(-9.238066537962E-16,1.,0.));
#12111 = DIRECTION('',(-1.,-9.238066537962E-16,0.));
#12112 = ADVANCED_FACE('',(#12113),#12124,.T.);
#12113 = FACE_BOUND('',#12114,.T.);
#12114 = EDGE_LOOP('',(#12115,#12116,#12117,#12118));
#12115 = ORIENTED_EDGE('',*,*,#2074,.T.);
#12116 = ORIENTED_EDGE('',*,*,#12102,.F.);
#12117 = ORIENTED_EDGE('',*,*,#177,.F.);
#12118 = ORIENTED_EDGE('',*,*,#12119,.T.);
#12119 = EDGE_CURVE('',#169,#1946,#12120,.T.);
#12120 = LINE('',#12121,#12122);
#12121 = CARTESIAN_POINT('',(-79.58548760737,2.55652173913,-1.5));
#12122 = VECTOR('',#12123,1.);
#12123 = DIRECTION('',(-0.,-0.,1.));
#12124 = CYLINDRICAL_SURFACE('',#12125,0.5);
#12125 = AXIS2_PLACEMENT_3D('',#12126,#12127,#12128);
#12126 = CARTESIAN_POINT('',(-80.02220071283,2.8,-1.5));
#12127 = DIRECTION('',(-0.,-0.,1.));
#12128 = DIRECTION('',(1.,0.,0.));
#12129 = ADVANCED_FACE('',(#12130),#12136,.F.);
#12130 = FACE_BOUND('',#12131,.F.);
#12131 = EDGE_LOOP('',(#12132,#12133,#12134,#12135));
#12132 = ORIENTED_EDGE('',*,*,#11874,.F.);
#12133 = ORIENTED_EDGE('',*,*,#168,.T.);
#12134 = ORIENTED_EDGE('',*,*,#12119,.T.);
#12135 = ORIENTED_EDGE('',*,*,#1943,.F.);
#12136 = CYLINDRICAL_SURFACE('',#12137,5.25);
#12137 = AXIS2_PLACEMENT_3D('',#12138,#12139,#12140);
#12138 = CARTESIAN_POINT('',(-75.,-1.561251128379E-14,-1.5));
#12139 = DIRECTION('',(-0.,-0.,1.));
#12140 = DIRECTION('',(1.,0.,0.));
#12141 = ADVANCED_FACE('',(#12142),#12158,.F.);
#12142 = FACE_BOUND('',#12143,.T.);
#12143 = EDGE_LOOP('',(#12144,#12145,#12151,#12152));
#12144 = ORIENTED_EDGE('',*,*,#8928,.T.);
#12145 = ORIENTED_EDGE('',*,*,#12146,.T.);
#12146 = EDGE_CURVE('',#8919,#8326,#12147,.T.);
#12147 = LINE('',#12148,#12149);
#12148 = CARTESIAN_POINT('',(-107.4,-20.,-12.3));
#12149 = VECTOR('',#12150,1.);
#12150 = DIRECTION('',(-0.,1.,3.597944987211E-15));
#12151 = ORIENTED_EDGE('',*,*,#8325,.T.);
#12152 = ORIENTED_EDGE('',*,*,#12153,.F.);
#12153 = EDGE_CURVE('',#8929,#8328,#12154,.T.);
#12154 = LINE('',#12155,#12156);
#12155 = CARTESIAN_POINT('',(-107.4,-20.,-7.7));
#12156 = VECTOR('',#12157,1.);
#12157 = DIRECTION('',(-0.,1.,3.597944987211E-15));
#12158 = PLANE('',#12159);
#12159 = AXIS2_PLACEMENT_3D('',#12160,#12161,#12162);
#12160 = CARTESIAN_POINT('',(-107.4,-20.,-7.7));
#12161 = DIRECTION('',(-1.,0.,-0.));
#12162 = DIRECTION('',(0.,0.,1.));
#12163 = ADVANCED_FACE('',(#12164),#12175,.F.);
#12164 = FACE_BOUND('',#12165,.T.);
#12165 = EDGE_LOOP('',(#12166,#12167,#12168,#12169));
#12166 = ORIENTED_EDGE('',*,*,#8936,.T.);
#12167 = ORIENTED_EDGE('',*,*,#12153,.T.);
#12168 = ORIENTED_EDGE('',*,*,#8351,.T.);
#12169 = ORIENTED_EDGE('',*,*,#12170,.F.);
#12170 = EDGE_CURVE('',#8937,#8344,#12171,.T.);
#12171 = LINE('',#12172,#12173);
#12172 = CARTESIAN_POINT('',(-92.6,-20.,-7.7));
#12173 = VECTOR('',#12174,1.);
#12174 = DIRECTION('',(-0.,1.,3.597944987211E-15));
#12175 = PLANE('',#12176);
#12176 = AXIS2_PLACEMENT_3D('',#12177,#12178,#12179);
#12177 = CARTESIAN_POINT('',(-93.1,-20.,-7.7));
#12178 = DIRECTION('',(0.,-3.597944987211E-15,1.));
#12179 = DIRECTION('',(0.,-1.,-3.597944987211E-15));
#12180 = ADVANCED_FACE('',(#12181),#12192,.F.);
#12181 = FACE_BOUND('',#12182,.T.);
#12182 = EDGE_LOOP('',(#12183,#12184,#12185,#12186));
#12183 = ORIENTED_EDGE('',*,*,#8944,.T.);
#12184 = ORIENTED_EDGE('',*,*,#12170,.T.);
#12185 = ORIENTED_EDGE('',*,*,#8343,.T.);
#12186 = ORIENTED_EDGE('',*,*,#12187,.F.);
#12187 = EDGE_CURVE('',#8921,#8336,#12188,.T.);
#12188 = LINE('',#12189,#12190);
#12189 = CARTESIAN_POINT('',(-92.6,-20.,-12.3));
#12190 = VECTOR('',#12191,1.);
#12191 = DIRECTION('',(-0.,1.,3.597944987211E-15));
#12192 = PLANE('',#12193);
#12193 = AXIS2_PLACEMENT_3D('',#12194,#12195,#12196);
#12194 = CARTESIAN_POINT('',(-92.6,-20.,-12.3));
#12195 = DIRECTION('',(1.,0.,0.));
#12196 = DIRECTION('',(0.,0.,-1.));
#12197 = ADVANCED_FACE('',(#12198),#12204,.F.);
#12198 = FACE_BOUND('',#12199,.T.);
#12199 = EDGE_LOOP('',(#12200,#12201,#12202,#12203));
#12200 = ORIENTED_EDGE('',*,*,#8918,.T.);
#12201 = ORIENTED_EDGE('',*,*,#12187,.T.);
#12202 = ORIENTED_EDGE('',*,*,#8335,.T.);
#12203 = ORIENTED_EDGE('',*,*,#12146,.F.);
#12204 = PLANE('',#12205);
#12205 = AXIS2_PLACEMENT_3D('',#12206,#12207,#12208);
#12206 = CARTESIAN_POINT('',(-106.9,-20.,-12.3));
#12207 = DIRECTION('',(-1.257045997085E-16,3.597944987211E-15,-1.));
#12208 = DIRECTION('',(0.,1.,3.597944987211E-15));
#12209 = ADVANCED_FACE('',(#12210),#12226,.F.);
#12210 = FACE_BOUND('',#12211,.T.);
#12211 = EDGE_LOOP('',(#12212,#12213,#12219,#12220));
#12212 = ORIENTED_EDGE('',*,*,#7179,.T.);
#12213 = ORIENTED_EDGE('',*,*,#12214,.T.);
#12214 = EDGE_CURVE('',#7182,#7693,#12215,.T.);
#12215 = LINE('',#12216,#12217);
#12216 = CARTESIAN_POINT('',(-92.6,-20.,-12.3));
#12217 = VECTOR('',#12218,1.);
#12218 = DIRECTION('',(-0.,1.,3.597944987211E-15));
#12219 = ORIENTED_EDGE('',*,*,#7692,.F.);
#12220 = ORIENTED_EDGE('',*,*,#12221,.F.);
#12221 = EDGE_CURVE('',#7180,#7685,#12222,.T.);
#12222 = LINE('',#12223,#12224);
#12223 = CARTESIAN_POINT('',(-107.4,-20.,-12.3));
#12224 = VECTOR('',#12225,1.);
#12225 = DIRECTION('',(-0.,1.,3.597944987211E-15));
#12226 = PLANE('',#12227);
#12227 = AXIS2_PLACEMENT_3D('',#12228,#12229,#12230);
#12228 = CARTESIAN_POINT('',(-106.9,-20.,-12.3));
#12229 = DIRECTION('',(-1.257045997085E-16,3.597944987211E-15,-1.));
#12230 = DIRECTION('',(0.,1.,3.597944987211E-15));
#12231 = ADVANCED_FACE('',(#12232),#12243,.F.);
#12232 = FACE_BOUND('',#12233,.T.);
#12233 = EDGE_LOOP('',(#12234,#12235,#12241,#12242));
#12234 = ORIENTED_EDGE('',*,*,#7205,.T.);
#12235 = ORIENTED_EDGE('',*,*,#12236,.T.);
#12236 = EDGE_CURVE('',#7198,#7701,#12237,.T.);
#12237 = LINE('',#12238,#12239);
#12238 = CARTESIAN_POINT('',(-92.6,-20.,-7.7));
#12239 = VECTOR('',#12240,1.);
#12240 = DIRECTION('',(-0.,1.,3.597944987211E-15));
#12241 = ORIENTED_EDGE('',*,*,#7700,.F.);
#12242 = ORIENTED_EDGE('',*,*,#12214,.F.);
#12243 = PLANE('',#12244);
#12244 = AXIS2_PLACEMENT_3D('',#12245,#12246,#12247);
#12245 = CARTESIAN_POINT('',(-92.6,-20.,-12.3));
#12246 = DIRECTION('',(1.,0.,0.));
#12247 = DIRECTION('',(0.,0.,-1.));
#12248 = ADVANCED_FACE('',(#12249),#12260,.F.);
#12249 = FACE_BOUND('',#12250,.T.);
#12250 = EDGE_LOOP('',(#12251,#12252,#12258,#12259));
#12251 = ORIENTED_EDGE('',*,*,#7197,.T.);
#12252 = ORIENTED_EDGE('',*,*,#12253,.T.);
#12253 = EDGE_CURVE('',#7190,#7683,#12254,.T.);
#12254 = LINE('',#12255,#12256);
#12255 = CARTESIAN_POINT('',(-107.4,-20.,-7.7));
#12256 = VECTOR('',#12257,1.);
#12257 = DIRECTION('',(-0.,1.,3.597944987211E-15));
#12258 = ORIENTED_EDGE('',*,*,#7708,.F.);
#12259 = ORIENTED_EDGE('',*,*,#12236,.F.);
#12260 = PLANE('',#12261);
#12261 = AXIS2_PLACEMENT_3D('',#12262,#12263,#12264);
#12262 = CARTESIAN_POINT('',(-93.1,-20.,-7.7));
#12263 = DIRECTION('',(0.,-3.597944987211E-15,1.));
#12264 = DIRECTION('',(0.,-1.,-3.597944987211E-15));
#12265 = ADVANCED_FACE('',(#12266),#12272,.F.);
#12266 = FACE_BOUND('',#12267,.T.);
#12267 = EDGE_LOOP('',(#12268,#12269,#12270,#12271));
#12268 = ORIENTED_EDGE('',*,*,#7189,.T.);
#12269 = ORIENTED_EDGE('',*,*,#12221,.T.);
#12270 = ORIENTED_EDGE('',*,*,#7682,.F.);
#12271 = ORIENTED_EDGE('',*,*,#12253,.F.);
#12272 = PLANE('',#12273);
#12273 = AXIS2_PLACEMENT_3D('',#12274,#12275,#12276);
#12274 = CARTESIAN_POINT('',(-107.4,-20.,-7.7));
#12275 = DIRECTION('',(-1.,0.,-0.));
#12276 = DIRECTION('',(0.,0.,1.));
#12277 = ADVANCED_FACE('',(#12278),#12294,.F.);
#12278 = FACE_BOUND('',#12279,.T.);
#12279 = EDGE_LOOP('',(#12280,#12281,#12287,#12288));
#12280 = ORIENTED_EDGE('',*,*,#8894,.T.);
#12281 = ORIENTED_EDGE('',*,*,#12282,.T.);
#12282 = EDGE_CURVE('',#8885,#8292,#12283,.T.);
#12283 = LINE('',#12284,#12285);
#12284 = CARTESIAN_POINT('',(117.6,-20.,-12.3));
#12285 = VECTOR('',#12286,1.);
#12286 = DIRECTION('',(-0.,1.,3.597944987211E-15));
#12287 = ORIENTED_EDGE('',*,*,#8291,.T.);
#12288 = ORIENTED_EDGE('',*,*,#12289,.F.);
#12289 = EDGE_CURVE('',#8895,#8294,#12290,.T.);
#12290 = LINE('',#12291,#12292);
#12291 = CARTESIAN_POINT('',(117.6,-20.,-7.7));
#12292 = VECTOR('',#12293,1.);
#12293 = DIRECTION('',(-0.,1.,3.597944987211E-15));
#12294 = PLANE('',#12295);
#12295 = AXIS2_PLACEMENT_3D('',#12296,#12297,#12298);
#12296 = CARTESIAN_POINT('',(117.6,-20.,-7.7));
#12297 = DIRECTION('',(-1.,0.,-0.));
#12298 = DIRECTION('',(0.,0.,1.));
#12299 = ADVANCED_FACE('',(#12300),#12311,.F.);
#12300 = FACE_BOUND('',#12301,.T.);
#12301 = EDGE_LOOP('',(#12302,#12303,#12304,#12305));
#12302 = ORIENTED_EDGE('',*,*,#8902,.T.);
#12303 = ORIENTED_EDGE('',*,*,#12289,.T.);
#12304 = ORIENTED_EDGE('',*,*,#8317,.T.);
#12305 = ORIENTED_EDGE('',*,*,#12306,.F.);
#12306 = EDGE_CURVE('',#8903,#8310,#12307,.T.);
#12307 = LINE('',#12308,#12309);
#12308 = CARTESIAN_POINT('',(132.4,-20.,-7.7));
#12309 = VECTOR('',#12310,1.);
#12310 = DIRECTION('',(-0.,1.,3.597944987211E-15));
#12311 = PLANE('',#12312);
#12312 = AXIS2_PLACEMENT_3D('',#12313,#12314,#12315);
#12313 = CARTESIAN_POINT('',(131.9,-20.,-7.7));
#12314 = DIRECTION('',(0.,-3.597944987211E-15,1.));
#12315 = DIRECTION('',(0.,-1.,-3.597944987211E-15));
#12316 = ADVANCED_FACE('',(#12317),#12328,.F.);
#12317 = FACE_BOUND('',#12318,.T.);
#12318 = EDGE_LOOP('',(#12319,#12320,#12321,#12322));
#12319 = ORIENTED_EDGE('',*,*,#8910,.T.);
#12320 = ORIENTED_EDGE('',*,*,#12306,.T.);
#12321 = ORIENTED_EDGE('',*,*,#8309,.T.);
#12322 = ORIENTED_EDGE('',*,*,#12323,.F.);
#12323 = EDGE_CURVE('',#8887,#8302,#12324,.T.);
#12324 = LINE('',#12325,#12326);
#12325 = CARTESIAN_POINT('',(132.4,-20.,-12.3));
#12326 = VECTOR('',#12327,1.);
#12327 = DIRECTION('',(-0.,1.,3.597944987211E-15));
#12328 = PLANE('',#12329);
#12329 = AXIS2_PLACEMENT_3D('',#12330,#12331,#12332);
#12330 = CARTESIAN_POINT('',(132.4,-20.,-12.3));
#12331 = DIRECTION('',(1.,0.,0.));
#12332 = DIRECTION('',(0.,0.,-1.));
#12333 = ADVANCED_FACE('',(#12334),#12340,.F.);
#12334 = FACE_BOUND('',#12335,.T.);
#12335 = EDGE_LOOP('',(#12336,#12337,#12338,#12339));
#12336 = ORIENTED_EDGE('',*,*,#8884,.T.);
#12337 = ORIENTED_EDGE('',*,*,#12323,.T.);
#12338 = ORIENTED_EDGE('',*,*,#8301,.T.);
#12339 = ORIENTED_EDGE('',*,*,#12282,.F.);
#12340 = PLANE('',#12341);
#12341 = AXIS2_PLACEMENT_3D('',#12342,#12343,#12344);
#12342 = CARTESIAN_POINT('',(118.1,-20.,-12.3));
#12343 = DIRECTION('',(-1.257045997085E-16,3.597944987211E-15,-1.));
#12344 = DIRECTION('',(0.,1.,3.597944987211E-15));
#12345 = ADVANCED_FACE('',(#12346),#12362,.F.);
#12346 = FACE_BOUND('',#12347,.T.);
#12347 = EDGE_LOOP('',(#12348,#12349,#12355,#12356));
#12348 = ORIENTED_EDGE('',*,*,#8860,.T.);
#12349 = ORIENTED_EDGE('',*,*,#12350,.T.);
#12350 = EDGE_CURVE('',#8851,#8258,#12351,.T.);
#12351 = LINE('',#12352,#12353);
#12352 = CARTESIAN_POINT('',(92.6,-20.,-12.3));
#12353 = VECTOR('',#12354,1.);
#12354 = DIRECTION('',(-0.,1.,3.597944987211E-15));
#12355 = ORIENTED_EDGE('',*,*,#8257,.T.);
#12356 = ORIENTED_EDGE('',*,*,#12357,.F.);
#12357 = EDGE_CURVE('',#8861,#8260,#12358,.T.);
#12358 = LINE('',#12359,#12360);
#12359 = CARTESIAN_POINT('',(92.6,-20.,-7.7));
#12360 = VECTOR('',#12361,1.);
#12361 = DIRECTION('',(-0.,1.,3.597944987211E-15));
#12362 = PLANE('',#12363);
#12363 = AXIS2_PLACEMENT_3D('',#12364,#12365,#12366);
#12364 = CARTESIAN_POINT('',(92.6,-20.,-7.7));
#12365 = DIRECTION('',(-1.,0.,-0.));
#12366 = DIRECTION('',(0.,0.,1.));
#12367 = ADVANCED_FACE('',(#12368),#12379,.F.);
#12368 = FACE_BOUND('',#12369,.T.);
#12369 = EDGE_LOOP('',(#12370,#12371,#12372,#12373));
#12370 = ORIENTED_EDGE('',*,*,#8868,.T.);
#12371 = ORIENTED_EDGE('',*,*,#12357,.T.);
#12372 = ORIENTED_EDGE('',*,*,#8283,.T.);
#12373 = ORIENTED_EDGE('',*,*,#12374,.F.);
#12374 = EDGE_CURVE('',#8869,#8276,#12375,.T.);
#12375 = LINE('',#12376,#12377);
#12376 = CARTESIAN_POINT('',(107.4,-20.,-7.7));
#12377 = VECTOR('',#12378,1.);
#12378 = DIRECTION('',(-0.,1.,3.597944987211E-15));
#12379 = PLANE('',#12380);
#12380 = AXIS2_PLACEMENT_3D('',#12381,#12382,#12383);
#12381 = CARTESIAN_POINT('',(106.9,-20.,-7.7));
#12382 = DIRECTION('',(0.,-3.597944987211E-15,1.));
#12383 = DIRECTION('',(0.,-1.,-3.597944987211E-15));
#12384 = ADVANCED_FACE('',(#12385),#12396,.F.);
#12385 = FACE_BOUND('',#12386,.T.);
#12386 = EDGE_LOOP('',(#12387,#12388,#12389,#12390));
#12387 = ORIENTED_EDGE('',*,*,#8876,.T.);
#12388 = ORIENTED_EDGE('',*,*,#12374,.T.);
#12389 = ORIENTED_EDGE('',*,*,#8275,.T.);
#12390 = ORIENTED_EDGE('',*,*,#12391,.F.);
#12391 = EDGE_CURVE('',#8853,#8268,#12392,.T.);
#12392 = LINE('',#12393,#12394);
#12393 = CARTESIAN_POINT('',(107.4,-20.,-12.3));
#12394 = VECTOR('',#12395,1.);
#12395 = DIRECTION('',(-0.,1.,3.597944987211E-15));
#12396 = PLANE('',#12397);
#12397 = AXIS2_PLACEMENT_3D('',#12398,#12399,#12400);
#12398 = CARTESIAN_POINT('',(107.4,-20.,-12.3));
#12399 = DIRECTION('',(1.,0.,0.));
#12400 = DIRECTION('',(0.,0.,-1.));
#12401 = ADVANCED_FACE('',(#12402),#12408,.F.);
#12402 = FACE_BOUND('',#12403,.T.);
#12403 = EDGE_LOOP('',(#12404,#12405,#12406,#12407));
#12404 = ORIENTED_EDGE('',*,*,#8850,.T.);
#12405 = ORIENTED_EDGE('',*,*,#12391,.T.);
#12406 = ORIENTED_EDGE('',*,*,#8267,.T.);
#12407 = ORIENTED_EDGE('',*,*,#12350,.F.);
#12408 = PLANE('',#12409);
#12409 = AXIS2_PLACEMENT_3D('',#12410,#12411,#12412);
#12410 = CARTESIAN_POINT('',(93.1,-20.,-12.3));
#12411 = DIRECTION('',(-1.257045997085E-16,3.597944987211E-15,-1.));
#12412 = DIRECTION('',(0.,1.,3.597944987211E-15));
#12413 = ADVANCED_FACE('',(#12414),#12430,.F.);
#12414 = FACE_BOUND('',#12415,.T.);
#12415 = EDGE_LOOP('',(#12416,#12417,#12423,#12424));
#12416 = ORIENTED_EDGE('',*,*,#8826,.T.);
#12417 = ORIENTED_EDGE('',*,*,#12418,.T.);
#12418 = EDGE_CURVE('',#8817,#8224,#12419,.T.);
#12419 = LINE('',#12420,#12421);
#12420 = CARTESIAN_POINT('',(67.6,-20.,-12.3));
#12421 = VECTOR('',#12422,1.);
#12422 = DIRECTION('',(-0.,1.,3.597944987211E-15));
#12423 = ORIENTED_EDGE('',*,*,#8223,.T.);
#12424 = ORIENTED_EDGE('',*,*,#12425,.F.);
#12425 = EDGE_CURVE('',#8827,#8226,#12426,.T.);
#12426 = LINE('',#12427,#12428);
#12427 = CARTESIAN_POINT('',(67.6,-20.,-7.7));
#12428 = VECTOR('',#12429,1.);
#12429 = DIRECTION('',(-0.,1.,3.597944987211E-15));
#12430 = PLANE('',#12431);
#12431 = AXIS2_PLACEMENT_3D('',#12432,#12433,#12434);
#12432 = CARTESIAN_POINT('',(67.6,-20.,-7.7));
#12433 = DIRECTION('',(-1.,0.,-0.));
#12434 = DIRECTION('',(0.,0.,1.));
#12435 = ADVANCED_FACE('',(#12436),#12447,.F.);
#12436 = FACE_BOUND('',#12437,.T.);
#12437 = EDGE_LOOP('',(#12438,#12439,#12440,#12441));
#12438 = ORIENTED_EDGE('',*,*,#8834,.T.);
#12439 = ORIENTED_EDGE('',*,*,#12425,.T.);
#12440 = ORIENTED_EDGE('',*,*,#8249,.T.);
#12441 = ORIENTED_EDGE('',*,*,#12442,.F.);
#12442 = EDGE_CURVE('',#8835,#8242,#12443,.T.);
#12443 = LINE('',#12444,#12445);
#12444 = CARTESIAN_POINT('',(82.4,-20.,-7.7));
#12445 = VECTOR('',#12446,1.);
#12446 = DIRECTION('',(-0.,1.,3.597944987211E-15));
#12447 = PLANE('',#12448);
#12448 = AXIS2_PLACEMENT_3D('',#12449,#12450,#12451);
#12449 = CARTESIAN_POINT('',(81.9,-20.,-7.7));
#12450 = DIRECTION('',(0.,-3.597944987211E-15,1.));
#12451 = DIRECTION('',(0.,-1.,-3.597944987211E-15));
#12452 = ADVANCED_FACE('',(#12453),#12464,.F.);
#12453 = FACE_BOUND('',#12454,.T.);
#12454 = EDGE_LOOP('',(#12455,#12456,#12457,#12458));
#12455 = ORIENTED_EDGE('',*,*,#8842,.T.);
#12456 = ORIENTED_EDGE('',*,*,#12442,.T.);
#12457 = ORIENTED_EDGE('',*,*,#8241,.T.);
#12458 = ORIENTED_EDGE('',*,*,#12459,.F.);
#12459 = EDGE_CURVE('',#8819,#8234,#12460,.T.);
#12460 = LINE('',#12461,#12462);
#12461 = CARTESIAN_POINT('',(82.4,-20.,-12.3));
#12462 = VECTOR('',#12463,1.);
#12463 = DIRECTION('',(-0.,1.,3.597944987211E-15));
#12464 = PLANE('',#12465);
#12465 = AXIS2_PLACEMENT_3D('',#12466,#12467,#12468);
#12466 = CARTESIAN_POINT('',(82.4,-20.,-12.3));
#12467 = DIRECTION('',(1.,0.,0.));
#12468 = DIRECTION('',(0.,0.,-1.));
#12469 = ADVANCED_FACE('',(#12470),#12476,.F.);
#12470 = FACE_BOUND('',#12471,.T.);
#12471 = EDGE_LOOP('',(#12472,#12473,#12474,#12475));
#12472 = ORIENTED_EDGE('',*,*,#8816,.T.);
#12473 = ORIENTED_EDGE('',*,*,#12459,.T.);
#12474 = ORIENTED_EDGE('',*,*,#8233,.T.);
#12475 = ORIENTED_EDGE('',*,*,#12418,.F.);
#12476 = PLANE('',#12477);
#12477 = AXIS2_PLACEMENT_3D('',#12478,#12479,#12480);
#12478 = CARTESIAN_POINT('',(68.1,-20.,-12.3));
#12479 = DIRECTION('',(-1.257045997085E-16,3.597944987211E-15,-1.));
#12480 = DIRECTION('',(0.,1.,3.597944987211E-15));
#12481 = ADVANCED_FACE('',(#12482),#12498,.F.);
#12482 = FACE_BOUND('',#12483,.T.);
#12483 = EDGE_LOOP('',(#12484,#12485,#12491,#12492));
#12484 = ORIENTED_EDGE('',*,*,#8792,.T.);
#12485 = ORIENTED_EDGE('',*,*,#12486,.T.);
#12486 = EDGE_CURVE('',#8783,#8190,#12487,.T.);
#12487 = LINE('',#12488,#12489);
#12488 = CARTESIAN_POINT('',(42.6,-20.,-12.3));
#12489 = VECTOR('',#12490,1.);
#12490 = DIRECTION('',(-0.,1.,3.597944987211E-15));
#12491 = ORIENTED_EDGE('',*,*,#8189,.T.);
#12492 = ORIENTED_EDGE('',*,*,#12493,.F.);
#12493 = EDGE_CURVE('',#8793,#8192,#12494,.T.);
#12494 = LINE('',#12495,#12496);
#12495 = CARTESIAN_POINT('',(42.6,-20.,-7.7));
#12496 = VECTOR('',#12497,1.);
#12497 = DIRECTION('',(-0.,1.,3.597944987211E-15));
#12498 = PLANE('',#12499);
#12499 = AXIS2_PLACEMENT_3D('',#12500,#12501,#12502);
#12500 = CARTESIAN_POINT('',(42.6,-20.,-7.7));
#12501 = DIRECTION('',(-1.,0.,-0.));
#12502 = DIRECTION('',(0.,0.,1.));
#12503 = ADVANCED_FACE('',(#12504),#12515,.F.);
#12504 = FACE_BOUND('',#12505,.T.);
#12505 = EDGE_LOOP('',(#12506,#12507,#12508,#12509));
#12506 = ORIENTED_EDGE('',*,*,#8800,.T.);
#12507 = ORIENTED_EDGE('',*,*,#12493,.T.);
#12508 = ORIENTED_EDGE('',*,*,#8215,.T.);
#12509 = ORIENTED_EDGE('',*,*,#12510,.F.);
#12510 = EDGE_CURVE('',#8801,#8208,#12511,.T.);
#12511 = LINE('',#12512,#12513);
#12512 = CARTESIAN_POINT('',(57.4,-20.,-7.7));
#12513 = VECTOR('',#12514,1.);
#12514 = DIRECTION('',(-0.,1.,3.597944987211E-15));
#12515 = PLANE('',#12516);
#12516 = AXIS2_PLACEMENT_3D('',#12517,#12518,#12519);
#12517 = CARTESIAN_POINT('',(56.9,-20.,-7.7));
#12518 = DIRECTION('',(0.,-3.597944987211E-15,1.));
#12519 = DIRECTION('',(0.,-1.,-3.597944987211E-15));
#12520 = ADVANCED_FACE('',(#12521),#12532,.F.);
#12521 = FACE_BOUND('',#12522,.T.);
#12522 = EDGE_LOOP('',(#12523,#12524,#12525,#12526));
#12523 = ORIENTED_EDGE('',*,*,#8808,.T.);
#12524 = ORIENTED_EDGE('',*,*,#12510,.T.);
#12525 = ORIENTED_EDGE('',*,*,#8207,.T.);
#12526 = ORIENTED_EDGE('',*,*,#12527,.F.);
#12527 = EDGE_CURVE('',#8785,#8200,#12528,.T.);
#12528 = LINE('',#12529,#12530);
#12529 = CARTESIAN_POINT('',(57.4,-20.,-12.3));
#12530 = VECTOR('',#12531,1.);
#12531 = DIRECTION('',(-0.,1.,3.597944987211E-15));
#12532 = PLANE('',#12533);
#12533 = AXIS2_PLACEMENT_3D('',#12534,#12535,#12536);
#12534 = CARTESIAN_POINT('',(57.4,-20.,-12.3));
#12535 = DIRECTION('',(1.,0.,0.));
#12536 = DIRECTION('',(0.,0.,-1.));
#12537 = ADVANCED_FACE('',(#12538),#12544,.F.);
#12538 = FACE_BOUND('',#12539,.T.);
#12539 = EDGE_LOOP('',(#12540,#12541,#12542,#12543));
#12540 = ORIENTED_EDGE('',*,*,#8782,.T.);
#12541 = ORIENTED_EDGE('',*,*,#12527,.T.);
#12542 = ORIENTED_EDGE('',*,*,#8199,.T.);
#12543 = ORIENTED_EDGE('',*,*,#12486,.F.);
#12544 = PLANE('',#12545);
#12545 = AXIS2_PLACEMENT_3D('',#12546,#12547,#12548);
#12546 = CARTESIAN_POINT('',(43.1,-20.,-12.3));
#12547 = DIRECTION('',(-1.257045997085E-16,3.597944987211E-15,-1.));
#12548 = DIRECTION('',(0.,1.,3.597944987211E-15));
#12549 = ADVANCED_FACE('',(#12550),#12566,.F.);
#12550 = FACE_BOUND('',#12551,.T.);
#12551 = EDGE_LOOP('',(#12552,#12553,#12559,#12560));
#12552 = ORIENTED_EDGE('',*,*,#8758,.T.);
#12553 = ORIENTED_EDGE('',*,*,#12554,.T.);
#12554 = EDGE_CURVE('',#8749,#8156,#12555,.T.);
#12555 = LINE('',#12556,#12557);
#12556 = CARTESIAN_POINT('',(17.6,-20.,-12.3));
#12557 = VECTOR('',#12558,1.);
#12558 = DIRECTION('',(-0.,1.,3.597944987211E-15));
#12559 = ORIENTED_EDGE('',*,*,#8155,.T.);
#12560 = ORIENTED_EDGE('',*,*,#12561,.F.);
#12561 = EDGE_CURVE('',#8759,#8158,#12562,.T.);
#12562 = LINE('',#12563,#12564);
#12563 = CARTESIAN_POINT('',(17.6,-20.,-7.7));
#12564 = VECTOR('',#12565,1.);
#12565 = DIRECTION('',(-0.,1.,3.597944987211E-15));
#12566 = PLANE('',#12567);
#12567 = AXIS2_PLACEMENT_3D('',#12568,#12569,#12570);
#12568 = CARTESIAN_POINT('',(17.6,-20.,-7.7));
#12569 = DIRECTION('',(-1.,0.,-0.));
#12570 = DIRECTION('',(0.,0.,1.));
#12571 = ADVANCED_FACE('',(#12572),#12583,.F.);
#12572 = FACE_BOUND('',#12573,.T.);
#12573 = EDGE_LOOP('',(#12574,#12575,#12576,#12577));
#12574 = ORIENTED_EDGE('',*,*,#8766,.T.);
#12575 = ORIENTED_EDGE('',*,*,#12561,.T.);
#12576 = ORIENTED_EDGE('',*,*,#8181,.T.);
#12577 = ORIENTED_EDGE('',*,*,#12578,.F.);
#12578 = EDGE_CURVE('',#8767,#8174,#12579,.T.);
#12579 = LINE('',#12580,#12581);
#12580 = CARTESIAN_POINT('',(32.4,-20.,-7.7));
#12581 = VECTOR('',#12582,1.);
#12582 = DIRECTION('',(-0.,1.,3.597944987211E-15));
#12583 = PLANE('',#12584);
#12584 = AXIS2_PLACEMENT_3D('',#12585,#12586,#12587);
#12585 = CARTESIAN_POINT('',(31.9,-20.,-7.7));
#12586 = DIRECTION('',(0.,-3.597944987211E-15,1.));
#12587 = DIRECTION('',(0.,-1.,-3.597944987211E-15));
#12588 = ADVANCED_FACE('',(#12589),#12600,.F.);
#12589 = FACE_BOUND('',#12590,.T.);
#12590 = EDGE_LOOP('',(#12591,#12592,#12593,#12594));
#12591 = ORIENTED_EDGE('',*,*,#8774,.T.);
#12592 = ORIENTED_EDGE('',*,*,#12578,.T.);
#12593 = ORIENTED_EDGE('',*,*,#8173,.T.);
#12594 = ORIENTED_EDGE('',*,*,#12595,.F.);
#12595 = EDGE_CURVE('',#8751,#8166,#12596,.T.);
#12596 = LINE('',#12597,#12598);
#12597 = CARTESIAN_POINT('',(32.4,-20.,-12.3));
#12598 = VECTOR('',#12599,1.);
#12599 = DIRECTION('',(-0.,1.,3.597944987211E-15));
#12600 = PLANE('',#12601);
#12601 = AXIS2_PLACEMENT_3D('',#12602,#12603,#12604);
#12602 = CARTESIAN_POINT('',(32.4,-20.,-12.3));
#12603 = DIRECTION('',(1.,0.,0.));
#12604 = DIRECTION('',(0.,0.,-1.));
#12605 = ADVANCED_FACE('',(#12606),#12612,.F.);
#12606 = FACE_BOUND('',#12607,.T.);
#12607 = EDGE_LOOP('',(#12608,#12609,#12610,#12611));
#12608 = ORIENTED_EDGE('',*,*,#8748,.T.);
#12609 = ORIENTED_EDGE('',*,*,#12595,.T.);
#12610 = ORIENTED_EDGE('',*,*,#8165,.T.);
#12611 = ORIENTED_EDGE('',*,*,#12554,.F.);
#12612 = PLANE('',#12613);
#12613 = AXIS2_PLACEMENT_3D('',#12614,#12615,#12616);
#12614 = CARTESIAN_POINT('',(18.1,-20.,-12.3));
#12615 = DIRECTION('',(-1.257045997085E-16,3.597944987211E-15,-1.));
#12616 = DIRECTION('',(0.,1.,3.597944987211E-15));
#12617 = ADVANCED_FACE('',(#12618),#12634,.F.);
#12618 = FACE_BOUND('',#12619,.T.);
#12619 = EDGE_LOOP('',(#12620,#12621,#12627,#12628));
#12620 = ORIENTED_EDGE('',*,*,#8724,.T.);
#12621 = ORIENTED_EDGE('',*,*,#12622,.T.);
#12622 = EDGE_CURVE('',#8715,#8122,#12623,.T.);
#12623 = LINE('',#12624,#12625);
#12624 = CARTESIAN_POINT('',(-7.4,-20.,-12.3));
#12625 = VECTOR('',#12626,1.);
#12626 = DIRECTION('',(-0.,1.,3.597944987211E-15));
#12627 = ORIENTED_EDGE('',*,*,#8121,.T.);
#12628 = ORIENTED_EDGE('',*,*,#12629,.F.);
#12629 = EDGE_CURVE('',#8725,#8124,#12630,.T.);
#12630 = LINE('',#12631,#12632);
#12631 = CARTESIAN_POINT('',(-7.4,-20.,-7.7));
#12632 = VECTOR('',#12633,1.);
#12633 = DIRECTION('',(-0.,1.,3.597944987211E-15));
#12634 = PLANE('',#12635);
#12635 = AXIS2_PLACEMENT_3D('',#12636,#12637,#12638);
#12636 = CARTESIAN_POINT('',(-7.4,-20.,-7.7));
#12637 = DIRECTION('',(-1.,0.,-0.));
#12638 = DIRECTION('',(0.,0.,1.));
#12639 = ADVANCED_FACE('',(#12640),#12651,.F.);
#12640 = FACE_BOUND('',#12641,.T.);
#12641 = EDGE_LOOP('',(#12642,#12643,#12644,#12645));
#12642 = ORIENTED_EDGE('',*,*,#8732,.T.);
#12643 = ORIENTED_EDGE('',*,*,#12629,.T.);
#12644 = ORIENTED_EDGE('',*,*,#8147,.T.);
#12645 = ORIENTED_EDGE('',*,*,#12646,.F.);
#12646 = EDGE_CURVE('',#8733,#8140,#12647,.T.);
#12647 = LINE('',#12648,#12649);
#12648 = CARTESIAN_POINT('',(7.4,-20.,-7.7));
#12649 = VECTOR('',#12650,1.);
#12650 = DIRECTION('',(-0.,1.,3.597944987211E-15));
#12651 = PLANE('',#12652);
#12652 = AXIS2_PLACEMENT_3D('',#12653,#12654,#12655);
#12653 = CARTESIAN_POINT('',(6.9,-20.,-7.7));
#12654 = DIRECTION('',(0.,-3.597944987211E-15,1.));
#12655 = DIRECTION('',(0.,-1.,-3.597944987211E-15));
#12656 = ADVANCED_FACE('',(#12657),#12668,.F.);
#12657 = FACE_BOUND('',#12658,.T.);
#12658 = EDGE_LOOP('',(#12659,#12660,#12661,#12662));
#12659 = ORIENTED_EDGE('',*,*,#8740,.T.);
#12660 = ORIENTED_EDGE('',*,*,#12646,.T.);
#12661 = ORIENTED_EDGE('',*,*,#8139,.T.);
#12662 = ORIENTED_EDGE('',*,*,#12663,.F.);
#12663 = EDGE_CURVE('',#8717,#8132,#12664,.T.);
#12664 = LINE('',#12665,#12666);
#12665 = CARTESIAN_POINT('',(7.4,-20.,-12.3));
#12666 = VECTOR('',#12667,1.);
#12667 = DIRECTION('',(-0.,1.,3.597944987211E-15));
#12668 = PLANE('',#12669);
#12669 = AXIS2_PLACEMENT_3D('',#12670,#12671,#12672);
#12670 = CARTESIAN_POINT('',(7.4,-20.,-12.3));
#12671 = DIRECTION('',(1.,0.,0.));
#12672 = DIRECTION('',(0.,0.,-1.));
#12673 = ADVANCED_FACE('',(#12674),#12680,.F.);
#12674 = FACE_BOUND('',#12675,.T.);
#12675 = EDGE_LOOP('',(#12676,#12677,#12678,#12679));
#12676 = ORIENTED_EDGE('',*,*,#8714,.T.);
#12677 = ORIENTED_EDGE('',*,*,#12663,.T.);
#12678 = ORIENTED_EDGE('',*,*,#8131,.T.);
#12679 = ORIENTED_EDGE('',*,*,#12622,.F.);
#12680 = PLANE('',#12681);
#12681 = AXIS2_PLACEMENT_3D('',#12682,#12683,#12684);
#12682 = CARTESIAN_POINT('',(-6.9,-20.,-12.3));
#12683 = DIRECTION('',(-1.257045997085E-16,3.597944987211E-15,-1.));
#12684 = DIRECTION('',(0.,1.,3.597944987211E-15));
#12685 = ADVANCED_FACE('',(#12686),#12702,.F.);
#12686 = FACE_BOUND('',#12687,.T.);
#12687 = EDGE_LOOP('',(#12688,#12689,#12695,#12696));
#12688 = ORIENTED_EDGE('',*,*,#8690,.T.);
#12689 = ORIENTED_EDGE('',*,*,#12690,.T.);
#12690 = EDGE_CURVE('',#8681,#8088,#12691,.T.);
#12691 = LINE('',#12692,#12693);
#12692 = CARTESIAN_POINT('',(-32.4,-20.,-12.3));
#12693 = VECTOR('',#12694,1.);
#12694 = DIRECTION('',(-0.,1.,3.597944987211E-15));
#12695 = ORIENTED_EDGE('',*,*,#8087,.T.);
#12696 = ORIENTED_EDGE('',*,*,#12697,.F.);
#12697 = EDGE_CURVE('',#8691,#8090,#12698,.T.);
#12698 = LINE('',#12699,#12700);
#12699 = CARTESIAN_POINT('',(-32.4,-20.,-7.7));
#12700 = VECTOR('',#12701,1.);
#12701 = DIRECTION('',(-0.,1.,3.597944987211E-15));
#12702 = PLANE('',#12703);
#12703 = AXIS2_PLACEMENT_3D('',#12704,#12705,#12706);
#12704 = CARTESIAN_POINT('',(-32.4,-20.,-7.7));
#12705 = DIRECTION('',(-1.,0.,-0.));
#12706 = DIRECTION('',(0.,0.,1.));
#12707 = ADVANCED_FACE('',(#12708),#12719,.F.);
#12708 = FACE_BOUND('',#12709,.T.);
#12709 = EDGE_LOOP('',(#12710,#12711,#12712,#12713));
#12710 = ORIENTED_EDGE('',*,*,#8698,.T.);
#12711 = ORIENTED_EDGE('',*,*,#12697,.T.);
#12712 = ORIENTED_EDGE('',*,*,#8113,.T.);
#12713 = ORIENTED_EDGE('',*,*,#12714,.F.);
#12714 = EDGE_CURVE('',#8699,#8106,#12715,.T.);
#12715 = LINE('',#12716,#12717);
#12716 = CARTESIAN_POINT('',(-17.6,-20.,-7.7));
#12717 = VECTOR('',#12718,1.);
#12718 = DIRECTION('',(-0.,1.,3.597944987211E-15));
#12719 = PLANE('',#12720);
#12720 = AXIS2_PLACEMENT_3D('',#12721,#12722,#12723);
#12721 = CARTESIAN_POINT('',(-18.1,-20.,-7.7));
#12722 = DIRECTION('',(0.,-3.597944987211E-15,1.));
#12723 = DIRECTION('',(0.,-1.,-3.597944987211E-15));
#12724 = ADVANCED_FACE('',(#12725),#12736,.F.);
#12725 = FACE_BOUND('',#12726,.T.);
#12726 = EDGE_LOOP('',(#12727,#12728,#12729,#12730));
#12727 = ORIENTED_EDGE('',*,*,#8706,.T.);
#12728 = ORIENTED_EDGE('',*,*,#12714,.T.);
#12729 = ORIENTED_EDGE('',*,*,#8105,.T.);
#12730 = ORIENTED_EDGE('',*,*,#12731,.F.);
#12731 = EDGE_CURVE('',#8683,#8098,#12732,.T.);
#12732 = LINE('',#12733,#12734);
#12733 = CARTESIAN_POINT('',(-17.6,-20.,-12.3));
#12734 = VECTOR('',#12735,1.);
#12735 = DIRECTION('',(-0.,1.,3.597944987211E-15));
#12736 = PLANE('',#12737);
#12737 = AXIS2_PLACEMENT_3D('',#12738,#12739,#12740);
#12738 = CARTESIAN_POINT('',(-17.6,-20.,-12.3));
#12739 = DIRECTION('',(1.,0.,0.));
#12740 = DIRECTION('',(0.,0.,-1.));
#12741 = ADVANCED_FACE('',(#12742),#12748,.F.);
#12742 = FACE_BOUND('',#12743,.T.);
#12743 = EDGE_LOOP('',(#12744,#12745,#12746,#12747));
#12744 = ORIENTED_EDGE('',*,*,#8680,.T.);
#12745 = ORIENTED_EDGE('',*,*,#12731,.T.);
#12746 = ORIENTED_EDGE('',*,*,#8097,.T.);
#12747 = ORIENTED_EDGE('',*,*,#12690,.F.);
#12748 = PLANE('',#12749);
#12749 = AXIS2_PLACEMENT_3D('',#12750,#12751,#12752);
#12750 = CARTESIAN_POINT('',(-31.9,-20.,-12.3));
#12751 = DIRECTION('',(-1.257045997085E-16,3.597944987211E-15,-1.));
#12752 = DIRECTION('',(0.,1.,3.597944987211E-15));
#12753 = ADVANCED_FACE('',(#12754),#12770,.F.);
#12754 = FACE_BOUND('',#12755,.T.);
#12755 = EDGE_LOOP('',(#12756,#12757,#12763,#12764));
#12756 = ORIENTED_EDGE('',*,*,#8656,.T.);
#12757 = ORIENTED_EDGE('',*,*,#12758,.T.);
#12758 = EDGE_CURVE('',#8647,#8054,#12759,.T.);
#12759 = LINE('',#12760,#12761);
#12760 = CARTESIAN_POINT('',(-57.4,-20.,-12.3));
#12761 = VECTOR('',#12762,1.);
#12762 = DIRECTION('',(-0.,1.,3.597944987211E-15));
#12763 = ORIENTED_EDGE('',*,*,#8053,.T.);
#12764 = ORIENTED_EDGE('',*,*,#12765,.F.);
#12765 = EDGE_CURVE('',#8657,#8056,#12766,.T.);
#12766 = LINE('',#12767,#12768);
#12767 = CARTESIAN_POINT('',(-57.4,-20.,-7.7));
#12768 = VECTOR('',#12769,1.);
#12769 = DIRECTION('',(-0.,1.,3.597944987211E-15));
#12770 = PLANE('',#12771);
#12771 = AXIS2_PLACEMENT_3D('',#12772,#12773,#12774);
#12772 = CARTESIAN_POINT('',(-57.4,-20.,-7.7));
#12773 = DIRECTION('',(-1.,0.,-0.));
#12774 = DIRECTION('',(0.,0.,1.));
#12775 = ADVANCED_FACE('',(#12776),#12787,.F.);
#12776 = FACE_BOUND('',#12777,.T.);
#12777 = EDGE_LOOP('',(#12778,#12779,#12780,#12781));
#12778 = ORIENTED_EDGE('',*,*,#8664,.T.);
#12779 = ORIENTED_EDGE('',*,*,#12765,.T.);
#12780 = ORIENTED_EDGE('',*,*,#8079,.T.);
#12781 = ORIENTED_EDGE('',*,*,#12782,.F.);
#12782 = EDGE_CURVE('',#8665,#8072,#12783,.T.);
#12783 = LINE('',#12784,#12785);
#12784 = CARTESIAN_POINT('',(-42.6,-20.,-7.7));
#12785 = VECTOR('',#12786,1.);
#12786 = DIRECTION('',(-0.,1.,3.597944987211E-15));
#12787 = PLANE('',#12788);
#12788 = AXIS2_PLACEMENT_3D('',#12789,#12790,#12791);
#12789 = CARTESIAN_POINT('',(-43.1,-20.,-7.7));
#12790 = DIRECTION('',(0.,-3.597944987211E-15,1.));
#12791 = DIRECTION('',(0.,-1.,-3.597944987211E-15));
#12792 = ADVANCED_FACE('',(#12793),#12804,.F.);
#12793 = FACE_BOUND('',#12794,.T.);
#12794 = EDGE_LOOP('',(#12795,#12796,#12797,#12798));
#12795 = ORIENTED_EDGE('',*,*,#8672,.T.);
#12796 = ORIENTED_EDGE('',*,*,#12782,.T.);
#12797 = ORIENTED_EDGE('',*,*,#8071,.T.);
#12798 = ORIENTED_EDGE('',*,*,#12799,.F.);
#12799 = EDGE_CURVE('',#8649,#8064,#12800,.T.);
#12800 = LINE('',#12801,#12802);
#12801 = CARTESIAN_POINT('',(-42.6,-20.,-12.3));
#12802 = VECTOR('',#12803,1.);
#12803 = DIRECTION('',(-0.,1.,3.597944987211E-15));
#12804 = PLANE('',#12805);
#12805 = AXIS2_PLACEMENT_3D('',#12806,#12807,#12808);
#12806 = CARTESIAN_POINT('',(-42.6,-20.,-12.3));
#12807 = DIRECTION('',(1.,0.,0.));
#12808 = DIRECTION('',(0.,0.,-1.));
#12809 = ADVANCED_FACE('',(#12810),#12816,.F.);
#12810 = FACE_BOUND('',#12811,.T.);
#12811 = EDGE_LOOP('',(#12812,#12813,#12814,#12815));
#12812 = ORIENTED_EDGE('',*,*,#8646,.T.);
#12813 = ORIENTED_EDGE('',*,*,#12799,.T.);
#12814 = ORIENTED_EDGE('',*,*,#8063,.T.);
#12815 = ORIENTED_EDGE('',*,*,#12758,.F.);
#12816 = PLANE('',#12817);
#12817 = AXIS2_PLACEMENT_3D('',#12818,#12819,#12820);
#12818 = CARTESIAN_POINT('',(-56.9,-20.,-12.3));
#12819 = DIRECTION('',(-1.257045997085E-16,3.597944987211E-15,-1.));
#12820 = DIRECTION('',(0.,1.,3.597944987211E-15));
#12821 = ADVANCED_FACE('',(#12822),#12838,.F.);
#12822 = FACE_BOUND('',#12823,.T.);
#12823 = EDGE_LOOP('',(#12824,#12825,#12831,#12832));
#12824 = ORIENTED_EDGE('',*,*,#8622,.T.);
#12825 = ORIENTED_EDGE('',*,*,#12826,.T.);
#12826 = EDGE_CURVE('',#8613,#8020,#12827,.T.);
#12827 = LINE('',#12828,#12829);
#12828 = CARTESIAN_POINT('',(-82.4,-20.,-12.3));
#12829 = VECTOR('',#12830,1.);
#12830 = DIRECTION('',(-0.,1.,3.597944987211E-15));
#12831 = ORIENTED_EDGE('',*,*,#8019,.T.);
#12832 = ORIENTED_EDGE('',*,*,#12833,.F.);
#12833 = EDGE_CURVE('',#8623,#8022,#12834,.T.);
#12834 = LINE('',#12835,#12836);
#12835 = CARTESIAN_POINT('',(-82.4,-20.,-7.7));
#12836 = VECTOR('',#12837,1.);
#12837 = DIRECTION('',(-0.,1.,3.597944987211E-15));
#12838 = PLANE('',#12839);
#12839 = AXIS2_PLACEMENT_3D('',#12840,#12841,#12842);
#12840 = CARTESIAN_POINT('',(-82.4,-20.,-7.7));
#12841 = DIRECTION('',(-1.,0.,-0.));
#12842 = DIRECTION('',(0.,0.,1.));
#12843 = ADVANCED_FACE('',(#12844),#12855,.F.);
#12844 = FACE_BOUND('',#12845,.T.);
#12845 = EDGE_LOOP('',(#12846,#12847,#12848,#12849));
#12846 = ORIENTED_EDGE('',*,*,#8630,.T.);
#12847 = ORIENTED_EDGE('',*,*,#12833,.T.);
#12848 = ORIENTED_EDGE('',*,*,#8045,.T.);
#12849 = ORIENTED_EDGE('',*,*,#12850,.F.);
#12850 = EDGE_CURVE('',#8631,#8038,#12851,.T.);
#12851 = LINE('',#12852,#12853);
#12852 = CARTESIAN_POINT('',(-67.6,-20.,-7.7));
#12853 = VECTOR('',#12854,1.);
#12854 = DIRECTION('',(-0.,1.,3.597944987211E-15));
#12855 = PLANE('',#12856);
#12856 = AXIS2_PLACEMENT_3D('',#12857,#12858,#12859);
#12857 = CARTESIAN_POINT('',(-68.1,-20.,-7.7));
#12858 = DIRECTION('',(0.,-3.597944987211E-15,1.));
#12859 = DIRECTION('',(0.,-1.,-3.597944987211E-15));
#12860 = ADVANCED_FACE('',(#12861),#12872,.F.);
#12861 = FACE_BOUND('',#12862,.T.);
#12862 = EDGE_LOOP('',(#12863,#12864,#12865,#12866));
#12863 = ORIENTED_EDGE('',*,*,#8638,.T.);
#12864 = ORIENTED_EDGE('',*,*,#12850,.T.);
#12865 = ORIENTED_EDGE('',*,*,#8037,.T.);
#12866 = ORIENTED_EDGE('',*,*,#12867,.F.);
#12867 = EDGE_CURVE('',#8615,#8030,#12868,.T.);
#12868 = LINE('',#12869,#12870);
#12869 = CARTESIAN_POINT('',(-67.6,-20.,-12.3));
#12870 = VECTOR('',#12871,1.);
#12871 = DIRECTION('',(-0.,1.,3.597944987211E-15));
#12872 = PLANE('',#12873);
#12873 = AXIS2_PLACEMENT_3D('',#12874,#12875,#12876);
#12874 = CARTESIAN_POINT('',(-67.6,-20.,-12.3));
#12875 = DIRECTION('',(1.,0.,0.));
#12876 = DIRECTION('',(0.,0.,-1.));
#12877 = ADVANCED_FACE('',(#12878),#12884,.F.);
#12878 = FACE_BOUND('',#12879,.T.);
#12879 = EDGE_LOOP('',(#12880,#12881,#12882,#12883));
#12880 = ORIENTED_EDGE('',*,*,#8612,.T.);
#12881 = ORIENTED_EDGE('',*,*,#12867,.T.);
#12882 = ORIENTED_EDGE('',*,*,#8029,.T.);
#12883 = ORIENTED_EDGE('',*,*,#12826,.F.);
#12884 = PLANE('',#12885);
#12885 = AXIS2_PLACEMENT_3D('',#12886,#12887,#12888);
#12886 = CARTESIAN_POINT('',(-81.9,-20.,-12.3));
#12887 = DIRECTION('',(-1.257045997085E-16,3.597944987211E-15,-1.));
#12888 = DIRECTION('',(0.,1.,3.597944987211E-15));
#12889 = ADVANCED_FACE('',(#12890),#12906,.F.);
#12890 = FACE_BOUND('',#12891,.T.);
#12891 = EDGE_LOOP('',(#12892,#12893,#12899,#12900));
#12892 = ORIENTED_EDGE('',*,*,#7145,.T.);
#12893 = ORIENTED_EDGE('',*,*,#12894,.T.);
#12894 = EDGE_CURVE('',#7148,#7659,#12895,.T.);
#12895 = LINE('',#12896,#12897);
#12896 = CARTESIAN_POINT('',(132.4,-20.,-12.3));
#12897 = VECTOR('',#12898,1.);
#12898 = DIRECTION('',(-0.,1.,3.597944987211E-15));
#12899 = ORIENTED_EDGE('',*,*,#7658,.F.);
#12900 = ORIENTED_EDGE('',*,*,#12901,.F.);
#12901 = EDGE_CURVE('',#7146,#7651,#12902,.T.);
#12902 = LINE('',#12903,#12904);
#12903 = CARTESIAN_POINT('',(117.6,-20.,-12.3));
#12904 = VECTOR('',#12905,1.);
#12905 = DIRECTION('',(-0.,1.,3.597944987211E-15));
#12906 = PLANE('',#12907);
#12907 = AXIS2_PLACEMENT_3D('',#12908,#12909,#12910);
#12908 = CARTESIAN_POINT('',(118.1,-20.,-12.3));
#12909 = DIRECTION('',(-1.257045997085E-16,3.597944987211E-15,-1.));
#12910 = DIRECTION('',(0.,1.,3.597944987211E-15));
#12911 = ADVANCED_FACE('',(#12912),#12923,.F.);
#12912 = FACE_BOUND('',#12913,.T.);
#12913 = EDGE_LOOP('',(#12914,#12915,#12921,#12922));
#12914 = ORIENTED_EDGE('',*,*,#7171,.T.);
#12915 = ORIENTED_EDGE('',*,*,#12916,.T.);
#12916 = EDGE_CURVE('',#7164,#7667,#12917,.T.);
#12917 = LINE('',#12918,#12919);
#12918 = CARTESIAN_POINT('',(132.4,-20.,-7.7));
#12919 = VECTOR('',#12920,1.);
#12920 = DIRECTION('',(-0.,1.,3.597944987211E-15));
#12921 = ORIENTED_EDGE('',*,*,#7666,.F.);
#12922 = ORIENTED_EDGE('',*,*,#12894,.F.);
#12923 = PLANE('',#12924);
#12924 = AXIS2_PLACEMENT_3D('',#12925,#12926,#12927);
#12925 = CARTESIAN_POINT('',(132.4,-20.,-12.3));
#12926 = DIRECTION('',(1.,0.,0.));
#12927 = DIRECTION('',(0.,0.,-1.));
#12928 = ADVANCED_FACE('',(#12929),#12940,.F.);
#12929 = FACE_BOUND('',#12930,.T.);
#12930 = EDGE_LOOP('',(#12931,#12932,#12938,#12939));
#12931 = ORIENTED_EDGE('',*,*,#7163,.T.);
#12932 = ORIENTED_EDGE('',*,*,#12933,.T.);
#12933 = EDGE_CURVE('',#7156,#7649,#12934,.T.);
#12934 = LINE('',#12935,#12936);
#12935 = CARTESIAN_POINT('',(117.6,-20.,-7.7));
#12936 = VECTOR('',#12937,1.);
#12937 = DIRECTION('',(-0.,1.,3.597944987211E-15));
#12938 = ORIENTED_EDGE('',*,*,#7674,.F.);
#12939 = ORIENTED_EDGE('',*,*,#12916,.F.);
#12940 = PLANE('',#12941);
#12941 = AXIS2_PLACEMENT_3D('',#12942,#12943,#12944);
#12942 = CARTESIAN_POINT('',(131.9,-20.,-7.7));
#12943 = DIRECTION('',(0.,-3.597944987211E-15,1.));
#12944 = DIRECTION('',(0.,-1.,-3.597944987211E-15));
#12945 = ADVANCED_FACE('',(#12946),#12952,.F.);
#12946 = FACE_BOUND('',#12947,.T.);
#12947 = EDGE_LOOP('',(#12948,#12949,#12950,#12951));
#12948 = ORIENTED_EDGE('',*,*,#7155,.T.);
#12949 = ORIENTED_EDGE('',*,*,#12901,.T.);
#12950 = ORIENTED_EDGE('',*,*,#7648,.F.);
#12951 = ORIENTED_EDGE('',*,*,#12933,.F.);
#12952 = PLANE('',#12953);
#12953 = AXIS2_PLACEMENT_3D('',#12954,#12955,#12956);
#12954 = CARTESIAN_POINT('',(117.6,-20.,-7.7));
#12955 = DIRECTION('',(-1.,0.,-0.));
#12956 = DIRECTION('',(0.,0.,1.));
#12957 = ADVANCED_FACE('',(#12958),#12974,.F.);
#12958 = FACE_BOUND('',#12959,.T.);
#12959 = EDGE_LOOP('',(#12960,#12961,#12967,#12968));
#12960 = ORIENTED_EDGE('',*,*,#7111,.T.);
#12961 = ORIENTED_EDGE('',*,*,#12962,.T.);
#12962 = EDGE_CURVE('',#7114,#7625,#12963,.T.);
#12963 = LINE('',#12964,#12965);
#12964 = CARTESIAN_POINT('',(107.4,-20.,-12.3));
#12965 = VECTOR('',#12966,1.);
#12966 = DIRECTION('',(-0.,1.,3.597944987211E-15));
#12967 = ORIENTED_EDGE('',*,*,#7624,.F.);
#12968 = ORIENTED_EDGE('',*,*,#12969,.F.);
#12969 = EDGE_CURVE('',#7112,#7617,#12970,.T.);
#12970 = LINE('',#12971,#12972);
#12971 = CARTESIAN_POINT('',(92.6,-20.,-12.3));
#12972 = VECTOR('',#12973,1.);
#12973 = DIRECTION('',(-0.,1.,3.597944987211E-15));
#12974 = PLANE('',#12975);
#12975 = AXIS2_PLACEMENT_3D('',#12976,#12977,#12978);
#12976 = CARTESIAN_POINT('',(93.1,-20.,-12.3));
#12977 = DIRECTION('',(-1.257045997085E-16,3.597944987211E-15,-1.));
#12978 = DIRECTION('',(0.,1.,3.597944987211E-15));
#12979 = ADVANCED_FACE('',(#12980),#12991,.F.);
#12980 = FACE_BOUND('',#12981,.T.);
#12981 = EDGE_LOOP('',(#12982,#12983,#12989,#12990));
#12982 = ORIENTED_EDGE('',*,*,#7137,.T.);
#12983 = ORIENTED_EDGE('',*,*,#12984,.T.);
#12984 = EDGE_CURVE('',#7130,#7633,#12985,.T.);
#12985 = LINE('',#12986,#12987);
#12986 = CARTESIAN_POINT('',(107.4,-20.,-7.7));
#12987 = VECTOR('',#12988,1.);
#12988 = DIRECTION('',(-0.,1.,3.597944987211E-15));
#12989 = ORIENTED_EDGE('',*,*,#7632,.F.);
#12990 = ORIENTED_EDGE('',*,*,#12962,.F.);
#12991 = PLANE('',#12992);
#12992 = AXIS2_PLACEMENT_3D('',#12993,#12994,#12995);
#12993 = CARTESIAN_POINT('',(107.4,-20.,-12.3));
#12994 = DIRECTION('',(1.,0.,0.));
#12995 = DIRECTION('',(0.,0.,-1.));
#12996 = ADVANCED_FACE('',(#12997),#13008,.F.);
#12997 = FACE_BOUND('',#12998,.T.);
#12998 = EDGE_LOOP('',(#12999,#13000,#13006,#13007));
#12999 = ORIENTED_EDGE('',*,*,#7129,.T.);
#13000 = ORIENTED_EDGE('',*,*,#13001,.T.);
#13001 = EDGE_CURVE('',#7122,#7615,#13002,.T.);
#13002 = LINE('',#13003,#13004);
#13003 = CARTESIAN_POINT('',(92.6,-20.,-7.7));
#13004 = VECTOR('',#13005,1.);
#13005 = DIRECTION('',(-0.,1.,3.597944987211E-15));
#13006 = ORIENTED_EDGE('',*,*,#7640,.F.);
#13007 = ORIENTED_EDGE('',*,*,#12984,.F.);
#13008 = PLANE('',#13009);
#13009 = AXIS2_PLACEMENT_3D('',#13010,#13011,#13012);
#13010 = CARTESIAN_POINT('',(106.9,-20.,-7.7));
#13011 = DIRECTION('',(0.,-3.597944987211E-15,1.));
#13012 = DIRECTION('',(0.,-1.,-3.597944987211E-15));
#13013 = ADVANCED_FACE('',(#13014),#13020,.F.);
#13014 = FACE_BOUND('',#13015,.T.);
#13015 = EDGE_LOOP('',(#13016,#13017,#13018,#13019));
#13016 = ORIENTED_EDGE('',*,*,#7121,.T.);
#13017 = ORIENTED_EDGE('',*,*,#12969,.T.);
#13018 = ORIENTED_EDGE('',*,*,#7614,.F.);
#13019 = ORIENTED_EDGE('',*,*,#13001,.F.);
#13020 = PLANE('',#13021);
#13021 = AXIS2_PLACEMENT_3D('',#13022,#13023,#13024);
#13022 = CARTESIAN_POINT('',(92.6,-20.,-7.7));
#13023 = DIRECTION('',(-1.,0.,-0.));
#13024 = DIRECTION('',(0.,0.,1.));
#13025 = ADVANCED_FACE('',(#13026),#13042,.F.);
#13026 = FACE_BOUND('',#13027,.T.);
#13027 = EDGE_LOOP('',(#13028,#13029,#13035,#13036));
#13028 = ORIENTED_EDGE('',*,*,#7077,.T.);
#13029 = ORIENTED_EDGE('',*,*,#13030,.T.);
#13030 = EDGE_CURVE('',#7080,#7591,#13031,.T.);
#13031 = LINE('',#13032,#13033);
#13032 = CARTESIAN_POINT('',(82.4,-20.,-12.3));
#13033 = VECTOR('',#13034,1.);
#13034 = DIRECTION('',(-0.,1.,3.597944987211E-15));
#13035 = ORIENTED_EDGE('',*,*,#7590,.F.);
#13036 = ORIENTED_EDGE('',*,*,#13037,.F.);
#13037 = EDGE_CURVE('',#7078,#7583,#13038,.T.);
#13038 = LINE('',#13039,#13040);
#13039 = CARTESIAN_POINT('',(67.6,-20.,-12.3));
#13040 = VECTOR('',#13041,1.);
#13041 = DIRECTION('',(-0.,1.,3.597944987211E-15));
#13042 = PLANE('',#13043);
#13043 = AXIS2_PLACEMENT_3D('',#13044,#13045,#13046);
#13044 = CARTESIAN_POINT('',(68.1,-20.,-12.3));
#13045 = DIRECTION('',(-1.257045997085E-16,3.597944987211E-15,-1.));
#13046 = DIRECTION('',(0.,1.,3.597944987211E-15));
#13047 = ADVANCED_FACE('',(#13048),#13059,.F.);
#13048 = FACE_BOUND('',#13049,.T.);
#13049 = EDGE_LOOP('',(#13050,#13051,#13057,#13058));
#13050 = ORIENTED_EDGE('',*,*,#7103,.T.);
#13051 = ORIENTED_EDGE('',*,*,#13052,.T.);
#13052 = EDGE_CURVE('',#7096,#7599,#13053,.T.);
#13053 = LINE('',#13054,#13055);
#13054 = CARTESIAN_POINT('',(82.4,-20.,-7.7));
#13055 = VECTOR('',#13056,1.);
#13056 = DIRECTION('',(-0.,1.,3.597944987211E-15));
#13057 = ORIENTED_EDGE('',*,*,#7598,.F.);
#13058 = ORIENTED_EDGE('',*,*,#13030,.F.);
#13059 = PLANE('',#13060);
#13060 = AXIS2_PLACEMENT_3D('',#13061,#13062,#13063);
#13061 = CARTESIAN_POINT('',(82.4,-20.,-12.3));
#13062 = DIRECTION('',(1.,0.,0.));
#13063 = DIRECTION('',(0.,0.,-1.));
#13064 = ADVANCED_FACE('',(#13065),#13076,.F.);
#13065 = FACE_BOUND('',#13066,.T.);
#13066 = EDGE_LOOP('',(#13067,#13068,#13074,#13075));
#13067 = ORIENTED_EDGE('',*,*,#7095,.T.);
#13068 = ORIENTED_EDGE('',*,*,#13069,.T.);
#13069 = EDGE_CURVE('',#7088,#7581,#13070,.T.);
#13070 = LINE('',#13071,#13072);
#13071 = CARTESIAN_POINT('',(67.6,-20.,-7.7));
#13072 = VECTOR('',#13073,1.);
#13073 = DIRECTION('',(-0.,1.,3.597944987211E-15));
#13074 = ORIENTED_EDGE('',*,*,#7606,.F.);
#13075 = ORIENTED_EDGE('',*,*,#13052,.F.);
#13076 = PLANE('',#13077);
#13077 = AXIS2_PLACEMENT_3D('',#13078,#13079,#13080);
#13078 = CARTESIAN_POINT('',(81.9,-20.,-7.7));
#13079 = DIRECTION('',(0.,-3.597944987211E-15,1.));
#13080 = DIRECTION('',(0.,-1.,-3.597944987211E-15));
#13081 = ADVANCED_FACE('',(#13082),#13088,.F.);
#13082 = FACE_BOUND('',#13083,.T.);
#13083 = EDGE_LOOP('',(#13084,#13085,#13086,#13087));
#13084 = ORIENTED_EDGE('',*,*,#7087,.T.);
#13085 = ORIENTED_EDGE('',*,*,#13037,.T.);
#13086 = ORIENTED_EDGE('',*,*,#7580,.F.);
#13087 = ORIENTED_EDGE('',*,*,#13069,.F.);
#13088 = PLANE('',#13089);
#13089 = AXIS2_PLACEMENT_3D('',#13090,#13091,#13092);
#13090 = CARTESIAN_POINT('',(67.6,-20.,-7.7));
#13091 = DIRECTION('',(-1.,0.,-0.));
#13092 = DIRECTION('',(0.,0.,1.));
#13093 = ADVANCED_FACE('',(#13094),#13110,.F.);
#13094 = FACE_BOUND('',#13095,.T.);
#13095 = EDGE_LOOP('',(#13096,#13097,#13103,#13104));
#13096 = ORIENTED_EDGE('',*,*,#7043,.T.);
#13097 = ORIENTED_EDGE('',*,*,#13098,.T.);
#13098 = EDGE_CURVE('',#7046,#7557,#13099,.T.);
#13099 = LINE('',#13100,#13101);
#13100 = CARTESIAN_POINT('',(57.4,-20.,-12.3));
#13101 = VECTOR('',#13102,1.);
#13102 = DIRECTION('',(-0.,1.,3.597944987211E-15));
#13103 = ORIENTED_EDGE('',*,*,#7556,.F.);
#13104 = ORIENTED_EDGE('',*,*,#13105,.F.);
#13105 = EDGE_CURVE('',#7044,#7549,#13106,.T.);
#13106 = LINE('',#13107,#13108);
#13107 = CARTESIAN_POINT('',(42.6,-20.,-12.3));
#13108 = VECTOR('',#13109,1.);
#13109 = DIRECTION('',(-0.,1.,3.597944987211E-15));
#13110 = PLANE('',#13111);
#13111 = AXIS2_PLACEMENT_3D('',#13112,#13113,#13114);
#13112 = CARTESIAN_POINT('',(43.1,-20.,-12.3));
#13113 = DIRECTION('',(-1.257045997085E-16,3.597944987211E-15,-1.));
#13114 = DIRECTION('',(0.,1.,3.597944987211E-15));
#13115 = ADVANCED_FACE('',(#13116),#13127,.F.);
#13116 = FACE_BOUND('',#13117,.T.);
#13117 = EDGE_LOOP('',(#13118,#13119,#13125,#13126));
#13118 = ORIENTED_EDGE('',*,*,#7069,.T.);
#13119 = ORIENTED_EDGE('',*,*,#13120,.T.);
#13120 = EDGE_CURVE('',#7062,#7565,#13121,.T.);
#13121 = LINE('',#13122,#13123);
#13122 = CARTESIAN_POINT('',(57.4,-20.,-7.7));
#13123 = VECTOR('',#13124,1.);
#13124 = DIRECTION('',(-0.,1.,3.597944987211E-15));
#13125 = ORIENTED_EDGE('',*,*,#7564,.F.);
#13126 = ORIENTED_EDGE('',*,*,#13098,.F.);
#13127 = PLANE('',#13128);
#13128 = AXIS2_PLACEMENT_3D('',#13129,#13130,#13131);
#13129 = CARTESIAN_POINT('',(57.4,-20.,-12.3));
#13130 = DIRECTION('',(1.,0.,0.));
#13131 = DIRECTION('',(0.,0.,-1.));
#13132 = ADVANCED_FACE('',(#13133),#13144,.F.);
#13133 = FACE_BOUND('',#13134,.T.);
#13134 = EDGE_LOOP('',(#13135,#13136,#13142,#13143));
#13135 = ORIENTED_EDGE('',*,*,#7061,.T.);
#13136 = ORIENTED_EDGE('',*,*,#13137,.T.);
#13137 = EDGE_CURVE('',#7054,#7547,#13138,.T.);
#13138 = LINE('',#13139,#13140);
#13139 = CARTESIAN_POINT('',(42.6,-20.,-7.7));
#13140 = VECTOR('',#13141,1.);
#13141 = DIRECTION('',(-0.,1.,3.597944987211E-15));
#13142 = ORIENTED_EDGE('',*,*,#7572,.F.);
#13143 = ORIENTED_EDGE('',*,*,#13120,.F.);
#13144 = PLANE('',#13145);
#13145 = AXIS2_PLACEMENT_3D('',#13146,#13147,#13148);
#13146 = CARTESIAN_POINT('',(56.9,-20.,-7.7));
#13147 = DIRECTION('',(0.,-3.597944987211E-15,1.));
#13148 = DIRECTION('',(0.,-1.,-3.597944987211E-15));
#13149 = ADVANCED_FACE('',(#13150),#13156,.F.);
#13150 = FACE_BOUND('',#13151,.T.);
#13151 = EDGE_LOOP('',(#13152,#13153,#13154,#13155));
#13152 = ORIENTED_EDGE('',*,*,#7053,.T.);
#13153 = ORIENTED_EDGE('',*,*,#13105,.T.);
#13154 = ORIENTED_EDGE('',*,*,#7546,.F.);
#13155 = ORIENTED_EDGE('',*,*,#13137,.F.);
#13156 = PLANE('',#13157);
#13157 = AXIS2_PLACEMENT_3D('',#13158,#13159,#13160);
#13158 = CARTESIAN_POINT('',(42.6,-20.,-7.7));
#13159 = DIRECTION('',(-1.,0.,-0.));
#13160 = DIRECTION('',(0.,0.,1.));
#13161 = ADVANCED_FACE('',(#13162),#13178,.F.);
#13162 = FACE_BOUND('',#13163,.T.);
#13163 = EDGE_LOOP('',(#13164,#13165,#13171,#13172));
#13164 = ORIENTED_EDGE('',*,*,#7009,.T.);
#13165 = ORIENTED_EDGE('',*,*,#13166,.T.);
#13166 = EDGE_CURVE('',#7012,#7523,#13167,.T.);
#13167 = LINE('',#13168,#13169);
#13168 = CARTESIAN_POINT('',(32.4,-20.,-12.3));
#13169 = VECTOR('',#13170,1.);
#13170 = DIRECTION('',(-0.,1.,3.597944987211E-15));
#13171 = ORIENTED_EDGE('',*,*,#7522,.F.);
#13172 = ORIENTED_EDGE('',*,*,#13173,.F.);
#13173 = EDGE_CURVE('',#7010,#7515,#13174,.T.);
#13174 = LINE('',#13175,#13176);
#13175 = CARTESIAN_POINT('',(17.6,-20.,-12.3));
#13176 = VECTOR('',#13177,1.);
#13177 = DIRECTION('',(-0.,1.,3.597944987211E-15));
#13178 = PLANE('',#13179);
#13179 = AXIS2_PLACEMENT_3D('',#13180,#13181,#13182);
#13180 = CARTESIAN_POINT('',(18.1,-20.,-12.3));
#13181 = DIRECTION('',(-1.257045997085E-16,3.597944987211E-15,-1.));
#13182 = DIRECTION('',(0.,1.,3.597944987211E-15));
#13183 = ADVANCED_FACE('',(#13184),#13195,.F.);
#13184 = FACE_BOUND('',#13185,.T.);
#13185 = EDGE_LOOP('',(#13186,#13187,#13193,#13194));
#13186 = ORIENTED_EDGE('',*,*,#7035,.T.);
#13187 = ORIENTED_EDGE('',*,*,#13188,.T.);
#13188 = EDGE_CURVE('',#7028,#7531,#13189,.T.);
#13189 = LINE('',#13190,#13191);
#13190 = CARTESIAN_POINT('',(32.4,-20.,-7.7));
#13191 = VECTOR('',#13192,1.);
#13192 = DIRECTION('',(-0.,1.,3.597944987211E-15));
#13193 = ORIENTED_EDGE('',*,*,#7530,.F.);
#13194 = ORIENTED_EDGE('',*,*,#13166,.F.);
#13195 = PLANE('',#13196);
#13196 = AXIS2_PLACEMENT_3D('',#13197,#13198,#13199);
#13197 = CARTESIAN_POINT('',(32.4,-20.,-12.3));
#13198 = DIRECTION('',(1.,0.,0.));
#13199 = DIRECTION('',(0.,0.,-1.));
#13200 = ADVANCED_FACE('',(#13201),#13212,.F.);
#13201 = FACE_BOUND('',#13202,.T.);
#13202 = EDGE_LOOP('',(#13203,#13204,#13210,#13211));
#13203 = ORIENTED_EDGE('',*,*,#7027,.T.);
#13204 = ORIENTED_EDGE('',*,*,#13205,.T.);
#13205 = EDGE_CURVE('',#7020,#7513,#13206,.T.);
#13206 = LINE('',#13207,#13208);
#13207 = CARTESIAN_POINT('',(17.6,-20.,-7.7));
#13208 = VECTOR('',#13209,1.);
#13209 = DIRECTION('',(-0.,1.,3.597944987211E-15));
#13210 = ORIENTED_EDGE('',*,*,#7538,.F.);
#13211 = ORIENTED_EDGE('',*,*,#13188,.F.);
#13212 = PLANE('',#13213);
#13213 = AXIS2_PLACEMENT_3D('',#13214,#13215,#13216);
#13214 = CARTESIAN_POINT('',(31.9,-20.,-7.7));
#13215 = DIRECTION('',(0.,-3.597944987211E-15,1.));
#13216 = DIRECTION('',(0.,-1.,-3.597944987211E-15));
#13217 = ADVANCED_FACE('',(#13218),#13224,.F.);
#13218 = FACE_BOUND('',#13219,.T.);
#13219 = EDGE_LOOP('',(#13220,#13221,#13222,#13223));
#13220 = ORIENTED_EDGE('',*,*,#7019,.T.);
#13221 = ORIENTED_EDGE('',*,*,#13173,.T.);
#13222 = ORIENTED_EDGE('',*,*,#7512,.F.);
#13223 = ORIENTED_EDGE('',*,*,#13205,.F.);
#13224 = PLANE('',#13225);
#13225 = AXIS2_PLACEMENT_3D('',#13226,#13227,#13228);
#13226 = CARTESIAN_POINT('',(17.6,-20.,-7.7));
#13227 = DIRECTION('',(-1.,0.,-0.));
#13228 = DIRECTION('',(0.,0.,1.));
#13229 = ADVANCED_FACE('',(#13230),#13246,.F.);
#13230 = FACE_BOUND('',#13231,.T.);
#13231 = EDGE_LOOP('',(#13232,#13233,#13239,#13240));
#13232 = ORIENTED_EDGE('',*,*,#6975,.T.);
#13233 = ORIENTED_EDGE('',*,*,#13234,.T.);
#13234 = EDGE_CURVE('',#6978,#7489,#13235,.T.);
#13235 = LINE('',#13236,#13237);
#13236 = CARTESIAN_POINT('',(7.4,-20.,-12.3));
#13237 = VECTOR('',#13238,1.);
#13238 = DIRECTION('',(-0.,1.,3.597944987211E-15));
#13239 = ORIENTED_EDGE('',*,*,#7488,.F.);
#13240 = ORIENTED_EDGE('',*,*,#13241,.F.);
#13241 = EDGE_CURVE('',#6976,#7481,#13242,.T.);
#13242 = LINE('',#13243,#13244);
#13243 = CARTESIAN_POINT('',(-7.4,-20.,-12.3));
#13244 = VECTOR('',#13245,1.);
#13245 = DIRECTION('',(-0.,1.,3.597944987211E-15));
#13246 = PLANE('',#13247);
#13247 = AXIS2_PLACEMENT_3D('',#13248,#13249,#13250);
#13248 = CARTESIAN_POINT('',(-6.9,-20.,-12.3));
#13249 = DIRECTION('',(-1.257045997085E-16,3.597944987211E-15,-1.));
#13250 = DIRECTION('',(0.,1.,3.597944987211E-15));
#13251 = ADVANCED_FACE('',(#13252),#13263,.F.);
#13252 = FACE_BOUND('',#13253,.T.);
#13253 = EDGE_LOOP('',(#13254,#13255,#13261,#13262));
#13254 = ORIENTED_EDGE('',*,*,#7001,.T.);
#13255 = ORIENTED_EDGE('',*,*,#13256,.T.);
#13256 = EDGE_CURVE('',#6994,#7497,#13257,.T.);
#13257 = LINE('',#13258,#13259);
#13258 = CARTESIAN_POINT('',(7.4,-20.,-7.7));
#13259 = VECTOR('',#13260,1.);
#13260 = DIRECTION('',(-0.,1.,3.597944987211E-15));
#13261 = ORIENTED_EDGE('',*,*,#7496,.F.);
#13262 = ORIENTED_EDGE('',*,*,#13234,.F.);
#13263 = PLANE('',#13264);
#13264 = AXIS2_PLACEMENT_3D('',#13265,#13266,#13267);
#13265 = CARTESIAN_POINT('',(7.4,-20.,-12.3));
#13266 = DIRECTION('',(1.,0.,0.));
#13267 = DIRECTION('',(0.,0.,-1.));
#13268 = ADVANCED_FACE('',(#13269),#13280,.F.);
#13269 = FACE_BOUND('',#13270,.T.);
#13270 = EDGE_LOOP('',(#13271,#13272,#13278,#13279));
#13271 = ORIENTED_EDGE('',*,*,#6993,.T.);
#13272 = ORIENTED_EDGE('',*,*,#13273,.T.);
#13273 = EDGE_CURVE('',#6986,#7479,#13274,.T.);
#13274 = LINE('',#13275,#13276);
#13275 = CARTESIAN_POINT('',(-7.4,-20.,-7.7));
#13276 = VECTOR('',#13277,1.);
#13277 = DIRECTION('',(-0.,1.,3.597944987211E-15));
#13278 = ORIENTED_EDGE('',*,*,#7504,.F.);
#13279 = ORIENTED_EDGE('',*,*,#13256,.F.);
#13280 = PLANE('',#13281);
#13281 = AXIS2_PLACEMENT_3D('',#13282,#13283,#13284);
#13282 = CARTESIAN_POINT('',(6.9,-20.,-7.7));
#13283 = DIRECTION('',(0.,-3.597944987211E-15,1.));
#13284 = DIRECTION('',(0.,-1.,-3.597944987211E-15));
#13285 = ADVANCED_FACE('',(#13286),#13292,.F.);
#13286 = FACE_BOUND('',#13287,.T.);
#13287 = EDGE_LOOP('',(#13288,#13289,#13290,#13291));
#13288 = ORIENTED_EDGE('',*,*,#6985,.T.);
#13289 = ORIENTED_EDGE('',*,*,#13241,.T.);
#13290 = ORIENTED_EDGE('',*,*,#7478,.F.);
#13291 = ORIENTED_EDGE('',*,*,#13273,.F.);
#13292 = PLANE('',#13293);
#13293 = AXIS2_PLACEMENT_3D('',#13294,#13295,#13296);
#13294 = CARTESIAN_POINT('',(-7.4,-20.,-7.7));
#13295 = DIRECTION('',(-1.,0.,-0.));
#13296 = DIRECTION('',(0.,0.,1.));
#13297 = ADVANCED_FACE('',(#13298),#13314,.F.);
#13298 = FACE_BOUND('',#13299,.T.);
#13299 = EDGE_LOOP('',(#13300,#13301,#13307,#13308));
#13300 = ORIENTED_EDGE('',*,*,#6941,.T.);
#13301 = ORIENTED_EDGE('',*,*,#13302,.T.);
#13302 = EDGE_CURVE('',#6944,#7455,#13303,.T.);
#13303 = LINE('',#13304,#13305);
#13304 = CARTESIAN_POINT('',(-17.6,-20.,-12.3));
#13305 = VECTOR('',#13306,1.);
#13306 = DIRECTION('',(-0.,1.,3.597944987211E-15));
#13307 = ORIENTED_EDGE('',*,*,#7454,.F.);
#13308 = ORIENTED_EDGE('',*,*,#13309,.F.);
#13309 = EDGE_CURVE('',#6942,#7447,#13310,.T.);
#13310 = LINE('',#13311,#13312);
#13311 = CARTESIAN_POINT('',(-32.4,-20.,-12.3));
#13312 = VECTOR('',#13313,1.);
#13313 = DIRECTION('',(-0.,1.,3.597944987211E-15));
#13314 = PLANE('',#13315);
#13315 = AXIS2_PLACEMENT_3D('',#13316,#13317,#13318);
#13316 = CARTESIAN_POINT('',(-31.9,-20.,-12.3));
#13317 = DIRECTION('',(-1.257045997085E-16,3.597944987211E-15,-1.));
#13318 = DIRECTION('',(0.,1.,3.597944987211E-15));
#13319 = ADVANCED_FACE('',(#13320),#13331,.F.);
#13320 = FACE_BOUND('',#13321,.T.);
#13321 = EDGE_LOOP('',(#13322,#13323,#13329,#13330));
#13322 = ORIENTED_EDGE('',*,*,#6967,.T.);
#13323 = ORIENTED_EDGE('',*,*,#13324,.T.);
#13324 = EDGE_CURVE('',#6960,#7463,#13325,.T.);
#13325 = LINE('',#13326,#13327);
#13326 = CARTESIAN_POINT('',(-17.6,-20.,-7.7));
#13327 = VECTOR('',#13328,1.);
#13328 = DIRECTION('',(-0.,1.,3.597944987211E-15));
#13329 = ORIENTED_EDGE('',*,*,#7462,.F.);
#13330 = ORIENTED_EDGE('',*,*,#13302,.F.);
#13331 = PLANE('',#13332);
#13332 = AXIS2_PLACEMENT_3D('',#13333,#13334,#13335);
#13333 = CARTESIAN_POINT('',(-17.6,-20.,-12.3));
#13334 = DIRECTION('',(1.,0.,0.));
#13335 = DIRECTION('',(0.,0.,-1.));
#13336 = ADVANCED_FACE('',(#13337),#13348,.F.);
#13337 = FACE_BOUND('',#13338,.T.);
#13338 = EDGE_LOOP('',(#13339,#13340,#13346,#13347));
#13339 = ORIENTED_EDGE('',*,*,#6959,.T.);
#13340 = ORIENTED_EDGE('',*,*,#13341,.T.);
#13341 = EDGE_CURVE('',#6952,#7445,#13342,.T.);
#13342 = LINE('',#13343,#13344);
#13343 = CARTESIAN_POINT('',(-32.4,-20.,-7.7));
#13344 = VECTOR('',#13345,1.);
#13345 = DIRECTION('',(-0.,1.,3.597944987211E-15));
#13346 = ORIENTED_EDGE('',*,*,#7470,.F.);
#13347 = ORIENTED_EDGE('',*,*,#13324,.F.);
#13348 = PLANE('',#13349);
#13349 = AXIS2_PLACEMENT_3D('',#13350,#13351,#13352);
#13350 = CARTESIAN_POINT('',(-18.1,-20.,-7.7));
#13351 = DIRECTION('',(0.,-3.597944987211E-15,1.));
#13352 = DIRECTION('',(0.,-1.,-3.597944987211E-15));
#13353 = ADVANCED_FACE('',(#13354),#13360,.F.);
#13354 = FACE_BOUND('',#13355,.T.);
#13355 = EDGE_LOOP('',(#13356,#13357,#13358,#13359));
#13356 = ORIENTED_EDGE('',*,*,#6951,.T.);
#13357 = ORIENTED_EDGE('',*,*,#13309,.T.);
#13358 = ORIENTED_EDGE('',*,*,#7444,.F.);
#13359 = ORIENTED_EDGE('',*,*,#13341,.F.);
#13360 = PLANE('',#13361);
#13361 = AXIS2_PLACEMENT_3D('',#13362,#13363,#13364);
#13362 = CARTESIAN_POINT('',(-32.4,-20.,-7.7));
#13363 = DIRECTION('',(-1.,0.,-0.));
#13364 = DIRECTION('',(0.,0.,1.));
#13365 = ADVANCED_FACE('',(#13366),#13382,.F.);
#13366 = FACE_BOUND('',#13367,.T.);
#13367 = EDGE_LOOP('',(#13368,#13369,#13375,#13376));
#13368 = ORIENTED_EDGE('',*,*,#6907,.T.);
#13369 = ORIENTED_EDGE('',*,*,#13370,.T.);
#13370 = EDGE_CURVE('',#6910,#7421,#13371,.T.);
#13371 = LINE('',#13372,#13373);
#13372 = CARTESIAN_POINT('',(-42.6,-20.,-12.3));
#13373 = VECTOR('',#13374,1.);
#13374 = DIRECTION('',(-0.,1.,3.597944987211E-15));
#13375 = ORIENTED_EDGE('',*,*,#7420,.F.);
#13376 = ORIENTED_EDGE('',*,*,#13377,.F.);
#13377 = EDGE_CURVE('',#6908,#7413,#13378,.T.);
#13378 = LINE('',#13379,#13380);
#13379 = CARTESIAN_POINT('',(-57.4,-20.,-12.3));
#13380 = VECTOR('',#13381,1.);
#13381 = DIRECTION('',(-0.,1.,3.597944987211E-15));
#13382 = PLANE('',#13383);
#13383 = AXIS2_PLACEMENT_3D('',#13384,#13385,#13386);
#13384 = CARTESIAN_POINT('',(-56.9,-20.,-12.3));
#13385 = DIRECTION('',(-1.257045997085E-16,3.597944987211E-15,-1.));
#13386 = DIRECTION('',(0.,1.,3.597944987211E-15));
#13387 = ADVANCED_FACE('',(#13388),#13399,.F.);
#13388 = FACE_BOUND('',#13389,.T.);
#13389 = EDGE_LOOP('',(#13390,#13391,#13397,#13398));
#13390 = ORIENTED_EDGE('',*,*,#6933,.T.);
#13391 = ORIENTED_EDGE('',*,*,#13392,.T.);
#13392 = EDGE_CURVE('',#6926,#7429,#13393,.T.);
#13393 = LINE('',#13394,#13395);
#13394 = CARTESIAN_POINT('',(-42.6,-20.,-7.7));
#13395 = VECTOR('',#13396,1.);
#13396 = DIRECTION('',(-0.,1.,3.597944987211E-15));
#13397 = ORIENTED_EDGE('',*,*,#7428,.F.);
#13398 = ORIENTED_EDGE('',*,*,#13370,.F.);
#13399 = PLANE('',#13400);
#13400 = AXIS2_PLACEMENT_3D('',#13401,#13402,#13403);
#13401 = CARTESIAN_POINT('',(-42.6,-20.,-12.3));
#13402 = DIRECTION('',(1.,0.,0.));
#13403 = DIRECTION('',(0.,0.,-1.));
#13404 = ADVANCED_FACE('',(#13405),#13416,.F.);
#13405 = FACE_BOUND('',#13406,.T.);
#13406 = EDGE_LOOP('',(#13407,#13408,#13414,#13415));
#13407 = ORIENTED_EDGE('',*,*,#6925,.T.);
#13408 = ORIENTED_EDGE('',*,*,#13409,.T.);
#13409 = EDGE_CURVE('',#6918,#7411,#13410,.T.);
#13410 = LINE('',#13411,#13412);
#13411 = CARTESIAN_POINT('',(-57.4,-20.,-7.7));
#13412 = VECTOR('',#13413,1.);
#13413 = DIRECTION('',(-0.,1.,3.597944987211E-15));
#13414 = ORIENTED_EDGE('',*,*,#7436,.F.);
#13415 = ORIENTED_EDGE('',*,*,#13392,.F.);
#13416 = PLANE('',#13417);
#13417 = AXIS2_PLACEMENT_3D('',#13418,#13419,#13420);
#13418 = CARTESIAN_POINT('',(-43.1,-20.,-7.7));
#13419 = DIRECTION('',(0.,-3.597944987211E-15,1.));
#13420 = DIRECTION('',(0.,-1.,-3.597944987211E-15));
#13421 = ADVANCED_FACE('',(#13422),#13428,.F.);
#13422 = FACE_BOUND('',#13423,.T.);
#13423 = EDGE_LOOP('',(#13424,#13425,#13426,#13427));
#13424 = ORIENTED_EDGE('',*,*,#6917,.T.);
#13425 = ORIENTED_EDGE('',*,*,#13377,.T.);
#13426 = ORIENTED_EDGE('',*,*,#7410,.F.);
#13427 = ORIENTED_EDGE('',*,*,#13409,.F.);
#13428 = PLANE('',#13429);
#13429 = AXIS2_PLACEMENT_3D('',#13430,#13431,#13432);
#13430 = CARTESIAN_POINT('',(-57.4,-20.,-7.7));
#13431 = DIRECTION('',(-1.,0.,-0.));
#13432 = DIRECTION('',(0.,0.,1.));
#13433 = ADVANCED_FACE('',(#13434),#13450,.F.);
#13434 = FACE_BOUND('',#13435,.T.);
#13435 = EDGE_LOOP('',(#13436,#13437,#13443,#13444));
#13436 = ORIENTED_EDGE('',*,*,#6873,.T.);
#13437 = ORIENTED_EDGE('',*,*,#13438,.T.);
#13438 = EDGE_CURVE('',#6876,#7387,#13439,.T.);
#13439 = LINE('',#13440,#13441);
#13440 = CARTESIAN_POINT('',(-67.6,-20.,-12.3));
#13441 = VECTOR('',#13442,1.);
#13442 = DIRECTION('',(-0.,1.,3.597944987211E-15));
#13443 = ORIENTED_EDGE('',*,*,#7386,.F.);
#13444 = ORIENTED_EDGE('',*,*,#13445,.F.);
#13445 = EDGE_CURVE('',#6874,#7379,#13446,.T.);
#13446 = LINE('',#13447,#13448);
#13447 = CARTESIAN_POINT('',(-82.4,-20.,-12.3));
#13448 = VECTOR('',#13449,1.);
#13449 = DIRECTION('',(-0.,1.,3.597944987211E-15));
#13450 = PLANE('',#13451);
#13451 = AXIS2_PLACEMENT_3D('',#13452,#13453,#13454);
#13452 = CARTESIAN_POINT('',(-81.9,-20.,-12.3));
#13453 = DIRECTION('',(-1.257045997085E-16,3.597944987211E-15,-1.));
#13454 = DIRECTION('',(0.,1.,3.597944987211E-15));
#13455 = ADVANCED_FACE('',(#13456),#13467,.F.);
#13456 = FACE_BOUND('',#13457,.T.);
#13457 = EDGE_LOOP('',(#13458,#13459,#13465,#13466));
#13458 = ORIENTED_EDGE('',*,*,#6899,.T.);
#13459 = ORIENTED_EDGE('',*,*,#13460,.T.);
#13460 = EDGE_CURVE('',#6892,#7395,#13461,.T.);
#13461 = LINE('',#13462,#13463);
#13462 = CARTESIAN_POINT('',(-67.6,-20.,-7.7));
#13463 = VECTOR('',#13464,1.);
#13464 = DIRECTION('',(-0.,1.,3.597944987211E-15));
#13465 = ORIENTED_EDGE('',*,*,#7394,.F.);
#13466 = ORIENTED_EDGE('',*,*,#13438,.F.);
#13467 = PLANE('',#13468);
#13468 = AXIS2_PLACEMENT_3D('',#13469,#13470,#13471);
#13469 = CARTESIAN_POINT('',(-67.6,-20.,-12.3));
#13470 = DIRECTION('',(1.,0.,0.));
#13471 = DIRECTION('',(0.,0.,-1.));
#13472 = ADVANCED_FACE('',(#13473),#13484,.F.);
#13473 = FACE_BOUND('',#13474,.T.);
#13474 = EDGE_LOOP('',(#13475,#13476,#13482,#13483));
#13475 = ORIENTED_EDGE('',*,*,#6891,.T.);
#13476 = ORIENTED_EDGE('',*,*,#13477,.T.);
#13477 = EDGE_CURVE('',#6884,#7377,#13478,.T.);
#13478 = LINE('',#13479,#13480);
#13479 = CARTESIAN_POINT('',(-82.4,-20.,-7.7));
#13480 = VECTOR('',#13481,1.);
#13481 = DIRECTION('',(-0.,1.,3.597944987211E-15));
#13482 = ORIENTED_EDGE('',*,*,#7402,.F.);
#13483 = ORIENTED_EDGE('',*,*,#13460,.F.);
#13484 = PLANE('',#13485);
#13485 = AXIS2_PLACEMENT_3D('',#13486,#13487,#13488);
#13486 = CARTESIAN_POINT('',(-68.1,-20.,-7.7));
#13487 = DIRECTION('',(0.,-3.597944987211E-15,1.));
#13488 = DIRECTION('',(0.,-1.,-3.597944987211E-15));
#13489 = ADVANCED_FACE('',(#13490),#13496,.F.);
#13490 = FACE_BOUND('',#13491,.T.);
#13491 = EDGE_LOOP('',(#13492,#13493,#13494,#13495));
#13492 = ORIENTED_EDGE('',*,*,#6883,.T.);
#13493 = ORIENTED_EDGE('',*,*,#13445,.T.);
#13494 = ORIENTED_EDGE('',*,*,#7376,.F.);
#13495 = ORIENTED_EDGE('',*,*,#13477,.F.);
#13496 = PLANE('',#13497);
#13497 = AXIS2_PLACEMENT_3D('',#13498,#13499,#13500);
#13498 = CARTESIAN_POINT('',(-82.4,-20.,-7.7));
#13499 = DIRECTION('',(-1.,0.,-0.));
#13500 = DIRECTION('',(0.,0.,1.));
#13501 = ADVANCED_FACE('',(#13502),#13512,.F.);
#13502 = FACE_BOUND('',#13503,.F.);
#13503 = EDGE_LOOP('',(#13504,#13505,#13510,#13511));
#13504 = ORIENTED_EDGE('',*,*,#146,.T.);
#13505 = ORIENTED_EDGE('',*,*,#13506,.T.);
#13506 = EDGE_CURVE('',#147,#1933,#13507,.T.);
#13507 = B_SPLINE_CURVE_WITH_KNOTS('',1,(#13508,#13509),.UNSPECIFIED.,
  .F.,.F.,(2,2),(0.,1.5),.PIECEWISE_BEZIER_KNOTS.);
#13508 = CARTESIAN_POINT('',(-110.4,2.386836611538E-14,-1.5));
#13509 = CARTESIAN_POINT('',(-110.4,2.386836611538E-14,0.));
#13510 = ORIENTED_EDGE('',*,*,#1932,.F.);
#13511 = ORIENTED_EDGE('',*,*,#13506,.F.);
#13512 = CYLINDRICAL_SURFACE('',#13513,2.1);
#13513 = AXIS2_PLACEMENT_3D('',#13514,#13515,#13516);
#13514 = CARTESIAN_POINT('',(-112.5,2.386836611538E-14,-1.5));
#13515 = DIRECTION('',(-0.,-0.,1.));
#13516 = DIRECTION('',(1.,0.,0.));
#13517 = ADVANCED_FACE('',(#13518),#13529,.F.);
#13518 = FACE_BOUND('',#13519,.F.);
#13519 = EDGE_LOOP('',(#13520,#13521,#13526,#13527,#13528));
#13520 = ORIENTED_EDGE('',*,*,#8603,.F.);
#13521 = ORIENTED_EDGE('',*,*,#13522,.T.);
#13522 = EDGE_CURVE('',#8595,#8009,#13523,.T.);
#13523 = B_SPLINE_CURVE_WITH_KNOTS('',1,(#13524,#13525),.UNSPECIFIED.,
  .F.,.F.,(2,2),(35.5,37.),.PIECEWISE_BEZIER_KNOTS.);
#13524 = CARTESIAN_POINT('',(-112.5,15.5,-7.9));
#13525 = CARTESIAN_POINT('',(-112.5,17.,-7.9));
#13526 = ORIENTED_EDGE('',*,*,#8008,.F.);
#13527 = ORIENTED_EDGE('',*,*,#13522,.F.);
#13528 = ORIENTED_EDGE('',*,*,#8592,.F.);
#13529 = CYLINDRICAL_SURFACE('',#13530,2.1);
#13530 = AXIS2_PLACEMENT_3D('',#13531,#13532,#13533);
#13531 = CARTESIAN_POINT('',(-112.5,-20.,-10.));
#13532 = DIRECTION('',(-0.,1.,3.597944987211E-15));
#13533 = DIRECTION('',(0.,-3.597944987211E-15,1.));
#13534 = ADVANCED_FACE('',(#13535),#13545,.F.);
#13535 = FACE_BOUND('',#13536,.F.);
#13536 = EDGE_LOOP('',(#13537,#13538,#13543,#13544));
#13537 = ORIENTED_EDGE('',*,*,#6862,.F.);
#13538 = ORIENTED_EDGE('',*,*,#13539,.T.);
#13539 = EDGE_CURVE('',#6863,#7366,#13540,.T.);
#13540 = B_SPLINE_CURVE_WITH_KNOTS('',1,(#13541,#13542),.UNSPECIFIED.,
  .F.,.F.,(2,2),(3.,4.5),.PIECEWISE_BEZIER_KNOTS.);
#13541 = CARTESIAN_POINT('',(-112.5,-17.,-12.1));
#13542 = CARTESIAN_POINT('',(-112.5,-15.5,-12.1));
#13543 = ORIENTED_EDGE('',*,*,#7365,.T.);
#13544 = ORIENTED_EDGE('',*,*,#13539,.F.);
#13545 = CYLINDRICAL_SURFACE('',#13546,2.1);
#13546 = AXIS2_PLACEMENT_3D('',#13547,#13548,#13549);
#13547 = CARTESIAN_POINT('',(-112.5,-20.,-10.));
#13548 = DIRECTION('',(-0.,1.,3.597944987211E-15));
#13549 = DIRECTION('',(0.,-3.597944987211E-15,1.));
#13550 = ADVANCED_FACE('',(#13551),#13561,.F.);
#13551 = FACE_BOUND('',#13552,.F.);
#13552 = EDGE_LOOP('',(#13553,#13554,#13559,#13560));
#13553 = ORIENTED_EDGE('',*,*,#135,.T.);
#13554 = ORIENTED_EDGE('',*,*,#13555,.T.);
#13555 = EDGE_CURVE('',#136,#1922,#13556,.T.);
#13556 = B_SPLINE_CURVE_WITH_KNOTS('',1,(#13557,#13558),.UNSPECIFIED.,
  .F.,.F.,(2,2),(0.,1.5),.PIECEWISE_BEZIER_KNOTS.);
#13557 = CARTESIAN_POINT('',(-85.4,2.386836611538E-14,-1.5));
#13558 = CARTESIAN_POINT('',(-85.4,2.386836611538E-14,2.22044604925E-16)
  );
#13559 = ORIENTED_EDGE('',*,*,#1921,.F.);
#13560 = ORIENTED_EDGE('',*,*,#13555,.F.);
#13561 = CYLINDRICAL_SURFACE('',#13562,2.1);
#13562 = AXIS2_PLACEMENT_3D('',#13563,#13564,#13565);
#13563 = CARTESIAN_POINT('',(-87.5,2.386836611538E-14,-1.5));
#13564 = DIRECTION('',(-0.,-0.,1.));
#13565 = DIRECTION('',(1.,0.,0.));
#13566 = ADVANCED_FACE('',(#13567),#13577,.F.);
#13567 = FACE_BOUND('',#13568,.F.);
#13568 = EDGE_LOOP('',(#13569,#13570,#13575,#13576));
#13569 = ORIENTED_EDGE('',*,*,#124,.T.);
#13570 = ORIENTED_EDGE('',*,*,#13571,.T.);
#13571 = EDGE_CURVE('',#125,#1911,#13572,.T.);
#13572 = B_SPLINE_CURVE_WITH_KNOTS('',1,(#13573,#13574),.UNSPECIFIED.,
  .F.,.F.,(2,2),(0.,1.5),.PIECEWISE_BEZIER_KNOTS.);
#13573 = CARTESIAN_POINT('',(114.6,2.386836611538E-14,-1.5));
#13574 = CARTESIAN_POINT('',(114.6,2.386836611538E-14,1.33226762955E-15)
  );
#13575 = ORIENTED_EDGE('',*,*,#1910,.F.);
#13576 = ORIENTED_EDGE('',*,*,#13571,.F.);
#13577 = CYLINDRICAL_SURFACE('',#13578,2.1);
#13578 = AXIS2_PLACEMENT_3D('',#13579,#13580,#13581);
#13579 = CARTESIAN_POINT('',(112.5,2.386836611538E-14,-1.5));
#13580 = DIRECTION('',(-0.,-0.,1.));
#13581 = DIRECTION('',(1.,0.,0.));
#13582 = ADVANCED_FACE('',(#13583),#13593,.F.);
#13583 = FACE_BOUND('',#13584,.F.);
#13584 = EDGE_LOOP('',(#13585,#13586,#13591,#13592));
#13585 = ORIENTED_EDGE('',*,*,#113,.T.);
#13586 = ORIENTED_EDGE('',*,*,#13587,.T.);
#13587 = EDGE_CURVE('',#114,#1900,#13588,.T.);
#13588 = B_SPLINE_CURVE_WITH_KNOTS('',1,(#13589,#13590),.UNSPECIFIED.,
  .F.,.F.,(2,2),(0.,1.5),.PIECEWISE_BEZIER_KNOTS.);
#13589 = CARTESIAN_POINT('',(89.6,2.386836611538E-14,-1.5));
#13590 = CARTESIAN_POINT('',(89.6,2.386836611538E-14,1.33226762955E-15)
  );
#13591 = ORIENTED_EDGE('',*,*,#1899,.F.);
#13592 = ORIENTED_EDGE('',*,*,#13587,.F.);
#13593 = CYLINDRICAL_SURFACE('',#13594,2.1);
#13594 = AXIS2_PLACEMENT_3D('',#13595,#13596,#13597);
#13595 = CARTESIAN_POINT('',(87.5,2.386836611538E-14,-1.5));
#13596 = DIRECTION('',(-0.,-0.,1.));
#13597 = DIRECTION('',(1.,0.,0.));
#13598 = ADVANCED_FACE('',(#13599),#13609,.F.);
#13599 = FACE_BOUND('',#13600,.F.);
#13600 = EDGE_LOOP('',(#13601,#13602,#13607,#13608));
#13601 = ORIENTED_EDGE('',*,*,#102,.T.);
#13602 = ORIENTED_EDGE('',*,*,#13603,.T.);
#13603 = EDGE_CURVE('',#103,#1889,#13604,.T.);
#13604 = B_SPLINE_CURVE_WITH_KNOTS('',1,(#13605,#13606),.UNSPECIFIED.,
  .F.,.F.,(2,2),(0.,1.5),.PIECEWISE_BEZIER_KNOTS.);
#13605 = CARTESIAN_POINT('',(64.6,2.386836611538E-14,-1.5));
#13606 = CARTESIAN_POINT('',(64.6,2.386836611538E-14,1.110223024625E-15)
  );
#13607 = ORIENTED_EDGE('',*,*,#1888,.F.);
#13608 = ORIENTED_EDGE('',*,*,#13603,.F.);
#13609 = CYLINDRICAL_SURFACE('',#13610,2.1);
#13610 = AXIS2_PLACEMENT_3D('',#13611,#13612,#13613);
#13611 = CARTESIAN_POINT('',(62.5,2.386836611538E-14,-1.5));
#13612 = DIRECTION('',(-0.,-0.,1.));
#13613 = DIRECTION('',(1.,0.,0.));
#13614 = ADVANCED_FACE('',(#13615),#13625,.F.);
#13615 = FACE_BOUND('',#13616,.F.);
#13616 = EDGE_LOOP('',(#13617,#13618,#13623,#13624));
#13617 = ORIENTED_EDGE('',*,*,#91,.T.);
#13618 = ORIENTED_EDGE('',*,*,#13619,.T.);
#13619 = EDGE_CURVE('',#92,#1878,#13620,.T.);
#13620 = B_SPLINE_CURVE_WITH_KNOTS('',1,(#13621,#13622),.UNSPECIFIED.,
  .F.,.F.,(2,2),(0.,1.5),.PIECEWISE_BEZIER_KNOTS.);
#13621 = CARTESIAN_POINT('',(39.6,2.386836611538E-14,-1.5));
#13622 = CARTESIAN_POINT('',(39.6,2.386836611538E-14,8.881784197001E-16)
  );
#13623 = ORIENTED_EDGE('',*,*,#1877,.F.);
#13624 = ORIENTED_EDGE('',*,*,#13619,.F.);
#13625 = CYLINDRICAL_SURFACE('',#13626,2.1);
#13626 = AXIS2_PLACEMENT_3D('',#13627,#13628,#13629);
#13627 = CARTESIAN_POINT('',(37.5,2.386836611538E-14,-1.5));
#13628 = DIRECTION('',(-0.,-0.,1.));
#13629 = DIRECTION('',(1.,0.,0.));
#13630 = ADVANCED_FACE('',(#13631),#13641,.F.);
#13631 = FACE_BOUND('',#13632,.F.);
#13632 = EDGE_LOOP('',(#13633,#13634,#13639,#13640));
#13633 = ORIENTED_EDGE('',*,*,#80,.T.);
#13634 = ORIENTED_EDGE('',*,*,#13635,.T.);
#13635 = EDGE_CURVE('',#81,#1867,#13636,.T.);
#13636 = B_SPLINE_CURVE_WITH_KNOTS('',1,(#13637,#13638),.UNSPECIFIED.,
  .F.,.F.,(2,2),(0.,1.5),.PIECEWISE_BEZIER_KNOTS.);
#13637 = CARTESIAN_POINT('',(14.6,2.386836611538E-14,-1.5));
#13638 = CARTESIAN_POINT('',(14.6,2.386836611538E-14,6.661338147751E-16)
  );
#13639 = ORIENTED_EDGE('',*,*,#1866,.F.);
#13640 = ORIENTED_EDGE('',*,*,#13635,.F.);
#13641 = CYLINDRICAL_SURFACE('',#13642,2.1);
#13642 = AXIS2_PLACEMENT_3D('',#13643,#13644,#13645);
#13643 = CARTESIAN_POINT('',(12.5,2.386836611538E-14,-1.5));
#13644 = DIRECTION('',(-0.,-0.,1.));
#13645 = DIRECTION('',(1.,0.,0.));
#13646 = ADVANCED_FACE('',(#13647),#13657,.F.);
#13647 = FACE_BOUND('',#13648,.F.);
#13648 = EDGE_LOOP('',(#13649,#13650,#13655,#13656));
#13649 = ORIENTED_EDGE('',*,*,#69,.T.);
#13650 = ORIENTED_EDGE('',*,*,#13651,.T.);
#13651 = EDGE_CURVE('',#70,#1856,#13652,.T.);
#13652 = B_SPLINE_CURVE_WITH_KNOTS('',1,(#13653,#13654),.UNSPECIFIED.,
  .F.,.F.,(2,2),(0.,1.5),.PIECEWISE_BEZIER_KNOTS.);
#13653 = CARTESIAN_POINT('',(-10.4,2.386836611538E-14,-1.5));
#13654 = CARTESIAN_POINT('',(-10.4,2.386836611538E-14,6.661338147751E-16
    ));
#13655 = ORIENTED_EDGE('',*,*,#1855,.F.);
#13656 = ORIENTED_EDGE('',*,*,#13651,.F.);
#13657 = CYLINDRICAL_SURFACE('',#13658,2.1);
#13658 = AXIS2_PLACEMENT_3D('',#13659,#13660,#13661);
#13659 = CARTESIAN_POINT('',(-12.5,2.386836611538E-14,-1.5));
#13660 = DIRECTION('',(-0.,-0.,1.));
#13661 = DIRECTION('',(1.,0.,0.));
#13662 = ADVANCED_FACE('',(#13663),#13673,.F.);
#13663 = FACE_BOUND('',#13664,.F.);
#13664 = EDGE_LOOP('',(#13665,#13666,#13671,#13672));
#13665 = ORIENTED_EDGE('',*,*,#58,.T.);
#13666 = ORIENTED_EDGE('',*,*,#13667,.T.);
#13667 = EDGE_CURVE('',#59,#1845,#13668,.T.);
#13668 = B_SPLINE_CURVE_WITH_KNOTS('',1,(#13669,#13670),.UNSPECIFIED.,
  .F.,.F.,(2,2),(0.,1.5),.PIECEWISE_BEZIER_KNOTS.);
#13669 = CARTESIAN_POINT('',(-35.4,2.386836611538E-14,-1.5));
#13670 = CARTESIAN_POINT('',(-35.4,2.386836611538E-14,4.440892098501E-16
    ));
#13671 = ORIENTED_EDGE('',*,*,#1844,.F.);
#13672 = ORIENTED_EDGE('',*,*,#13667,.F.);
#13673 = CYLINDRICAL_SURFACE('',#13674,2.1);
#13674 = AXIS2_PLACEMENT_3D('',#13675,#13676,#13677);
#13675 = CARTESIAN_POINT('',(-37.5,2.386836611538E-14,-1.5));
#13676 = DIRECTION('',(-0.,-0.,1.));
#13677 = DIRECTION('',(1.,0.,0.));
#13678 = ADVANCED_FACE('',(#13679),#13689,.F.);
#13679 = FACE_BOUND('',#13680,.F.);
#13680 = EDGE_LOOP('',(#13681,#13682,#13687,#13688));
#13681 = ORIENTED_EDGE('',*,*,#47,.T.);
#13682 = ORIENTED_EDGE('',*,*,#13683,.T.);
#13683 = EDGE_CURVE('',#48,#1834,#13684,.T.);
#13684 = B_SPLINE_CURVE_WITH_KNOTS('',1,(#13685,#13686),.UNSPECIFIED.,
  .F.,.F.,(2,2),(0.,1.5),.PIECEWISE_BEZIER_KNOTS.);
#13685 = CARTESIAN_POINT('',(-60.4,2.386836611538E-14,-1.5));
#13686 = CARTESIAN_POINT('',(-60.4,2.386836611538E-14,2.22044604925E-16)
  );
#13687 = ORIENTED_EDGE('',*,*,#1833,.F.);
#13688 = ORIENTED_EDGE('',*,*,#13683,.F.);
#13689 = CYLINDRICAL_SURFACE('',#13690,2.1);
#13690 = AXIS2_PLACEMENT_3D('',#13691,#13692,#13693);
#13691 = CARTESIAN_POINT('',(-62.5,2.386836611538E-14,-1.5));
#13692 = DIRECTION('',(-0.,-0.,1.));
#13693 = DIRECTION('',(1.,0.,0.));
#13694 = ADVANCED_FACE('',(#13695),#13706,.F.);
#13695 = FACE_BOUND('',#13696,.F.);
#13696 = EDGE_LOOP('',(#13697,#13698,#13703,#13704,#13705));
#13697 = ORIENTED_EDGE('',*,*,#8583,.F.);
#13698 = ORIENTED_EDGE('',*,*,#13699,.T.);
#13699 = EDGE_CURVE('',#8575,#7998,#13700,.T.);
#13700 = B_SPLINE_CURVE_WITH_KNOTS('',1,(#13701,#13702),.UNSPECIFIED.,
  .F.,.F.,(2,2),(35.5,37.),.PIECEWISE_BEZIER_KNOTS.);
#13701 = CARTESIAN_POINT('',(-87.5,15.5,-7.9));
#13702 = CARTESIAN_POINT('',(-87.5,17.,-7.9));
#13703 = ORIENTED_EDGE('',*,*,#7997,.F.);
#13704 = ORIENTED_EDGE('',*,*,#13699,.F.);
#13705 = ORIENTED_EDGE('',*,*,#8572,.F.);
#13706 = CYLINDRICAL_SURFACE('',#13707,2.1);
#13707 = AXIS2_PLACEMENT_3D('',#13708,#13709,#13710);
#13708 = CARTESIAN_POINT('',(-87.5,-20.,-10.));
#13709 = DIRECTION('',(-0.,1.,3.597944987211E-15));
#13710 = DIRECTION('',(0.,-3.597944987211E-15,1.));
#13711 = ADVANCED_FACE('',(#13712),#13722,.F.);
#13712 = FACE_BOUND('',#13713,.F.);
#13713 = EDGE_LOOP('',(#13714,#13715,#13720,#13721));
#13714 = ORIENTED_EDGE('',*,*,#6851,.F.);
#13715 = ORIENTED_EDGE('',*,*,#13716,.T.);
#13716 = EDGE_CURVE('',#6852,#7355,#13717,.T.);
#13717 = B_SPLINE_CURVE_WITH_KNOTS('',1,(#13718,#13719),.UNSPECIFIED.,
  .F.,.F.,(2,2),(3.,4.5),.PIECEWISE_BEZIER_KNOTS.);
#13718 = CARTESIAN_POINT('',(-87.5,-17.,-12.1));
#13719 = CARTESIAN_POINT('',(-87.5,-15.5,-12.1));
#13720 = ORIENTED_EDGE('',*,*,#7354,.T.);
#13721 = ORIENTED_EDGE('',*,*,#13716,.F.);
#13722 = CYLINDRICAL_SURFACE('',#13723,2.1);
#13723 = AXIS2_PLACEMENT_3D('',#13724,#13725,#13726);
#13724 = CARTESIAN_POINT('',(-87.5,-20.,-10.));
#13725 = DIRECTION('',(-0.,1.,3.597944987211E-15));
#13726 = DIRECTION('',(0.,-3.597944987211E-15,1.));
#13727 = ADVANCED_FACE('',(#13728),#13739,.F.);
#13728 = FACE_BOUND('',#13729,.F.);
#13729 = EDGE_LOOP('',(#13730,#13731,#13736,#13737,#13738));
#13730 = ORIENTED_EDGE('',*,*,#8563,.F.);
#13731 = ORIENTED_EDGE('',*,*,#13732,.T.);
#13732 = EDGE_CURVE('',#8555,#7987,#13733,.T.);
#13733 = B_SPLINE_CURVE_WITH_KNOTS('',1,(#13734,#13735),.UNSPECIFIED.,
  .F.,.F.,(2,2),(35.5,37.),.PIECEWISE_BEZIER_KNOTS.);
#13734 = CARTESIAN_POINT('',(112.5,15.5,-7.9));
#13735 = CARTESIAN_POINT('',(112.5,17.,-7.9));
#13736 = ORIENTED_EDGE('',*,*,#7986,.F.);
#13737 = ORIENTED_EDGE('',*,*,#13732,.F.);
#13738 = ORIENTED_EDGE('',*,*,#8552,.F.);
#13739 = CYLINDRICAL_SURFACE('',#13740,2.1);
#13740 = AXIS2_PLACEMENT_3D('',#13741,#13742,#13743);
#13741 = CARTESIAN_POINT('',(112.5,-20.,-10.));
#13742 = DIRECTION('',(-0.,1.,3.597944987211E-15));
#13743 = DIRECTION('',(0.,-3.597944987211E-15,1.));
#13744 = ADVANCED_FACE('',(#13745),#13756,.F.);
#13745 = FACE_BOUND('',#13746,.F.);
#13746 = EDGE_LOOP('',(#13747,#13748,#13753,#13754,#13755));
#13747 = ORIENTED_EDGE('',*,*,#8543,.F.);
#13748 = ORIENTED_EDGE('',*,*,#13749,.T.);
#13749 = EDGE_CURVE('',#8535,#7976,#13750,.T.);
#13750 = B_SPLINE_CURVE_WITH_KNOTS('',1,(#13751,#13752),.UNSPECIFIED.,
  .F.,.F.,(2,2),(35.5,37.),.PIECEWISE_BEZIER_KNOTS.);
#13751 = CARTESIAN_POINT('',(87.5,15.5,-7.9));
#13752 = CARTESIAN_POINT('',(87.5,17.,-7.9));
#13753 = ORIENTED_EDGE('',*,*,#7975,.F.);
#13754 = ORIENTED_EDGE('',*,*,#13749,.F.);
#13755 = ORIENTED_EDGE('',*,*,#8532,.F.);
#13756 = CYLINDRICAL_SURFACE('',#13757,2.1);
#13757 = AXIS2_PLACEMENT_3D('',#13758,#13759,#13760);
#13758 = CARTESIAN_POINT('',(87.5,-20.,-10.));
#13759 = DIRECTION('',(-0.,1.,3.597944987211E-15));
#13760 = DIRECTION('',(0.,-3.597944987211E-15,1.));
#13761 = ADVANCED_FACE('',(#13762),#13773,.F.);
#13762 = FACE_BOUND('',#13763,.F.);
#13763 = EDGE_LOOP('',(#13764,#13765,#13770,#13771,#13772));
#13764 = ORIENTED_EDGE('',*,*,#8523,.F.);
#13765 = ORIENTED_EDGE('',*,*,#13766,.T.);
#13766 = EDGE_CURVE('',#8515,#7965,#13767,.T.);
#13767 = B_SPLINE_CURVE_WITH_KNOTS('',1,(#13768,#13769),.UNSPECIFIED.,
  .F.,.F.,(2,2),(35.5,37.),.PIECEWISE_BEZIER_KNOTS.);
#13768 = CARTESIAN_POINT('',(62.5,15.5,-7.9));
#13769 = CARTESIAN_POINT('',(62.5,17.,-7.9));
#13770 = ORIENTED_EDGE('',*,*,#7964,.F.);
#13771 = ORIENTED_EDGE('',*,*,#13766,.F.);
#13772 = ORIENTED_EDGE('',*,*,#8512,.F.);
#13773 = CYLINDRICAL_SURFACE('',#13774,2.1);
#13774 = AXIS2_PLACEMENT_3D('',#13775,#13776,#13777);
#13775 = CARTESIAN_POINT('',(62.5,-20.,-10.));
#13776 = DIRECTION('',(-0.,1.,3.597944987211E-15));
#13777 = DIRECTION('',(0.,-3.597944987211E-15,1.));
#13778 = ADVANCED_FACE('',(#13779),#13790,.F.);
#13779 = FACE_BOUND('',#13780,.F.);
#13780 = EDGE_LOOP('',(#13781,#13782,#13787,#13788,#13789));
#13781 = ORIENTED_EDGE('',*,*,#8503,.F.);
#13782 = ORIENTED_EDGE('',*,*,#13783,.T.);
#13783 = EDGE_CURVE('',#8495,#7954,#13784,.T.);
#13784 = B_SPLINE_CURVE_WITH_KNOTS('',1,(#13785,#13786),.UNSPECIFIED.,
  .F.,.F.,(2,2),(35.5,37.),.PIECEWISE_BEZIER_KNOTS.);
#13785 = CARTESIAN_POINT('',(37.5,15.5,-7.9));
#13786 = CARTESIAN_POINT('',(37.5,17.,-7.9));
#13787 = ORIENTED_EDGE('',*,*,#7953,.F.);
#13788 = ORIENTED_EDGE('',*,*,#13783,.F.);
#13789 = ORIENTED_EDGE('',*,*,#8492,.F.);
#13790 = CYLINDRICAL_SURFACE('',#13791,2.1);
#13791 = AXIS2_PLACEMENT_3D('',#13792,#13793,#13794);
#13792 = CARTESIAN_POINT('',(37.5,-20.,-10.));
#13793 = DIRECTION('',(-0.,1.,3.597944987211E-15));
#13794 = DIRECTION('',(0.,-3.597944987211E-15,1.));
#13795 = ADVANCED_FACE('',(#13796),#13807,.F.);
#13796 = FACE_BOUND('',#13797,.F.);
#13797 = EDGE_LOOP('',(#13798,#13799,#13804,#13805,#13806));
#13798 = ORIENTED_EDGE('',*,*,#8483,.F.);
#13799 = ORIENTED_EDGE('',*,*,#13800,.T.);
#13800 = EDGE_CURVE('',#8475,#7943,#13801,.T.);
#13801 = B_SPLINE_CURVE_WITH_KNOTS('',1,(#13802,#13803),.UNSPECIFIED.,
  .F.,.F.,(2,2),(35.5,37.),.PIECEWISE_BEZIER_KNOTS.);
#13802 = CARTESIAN_POINT('',(12.5,15.5,-7.9));
#13803 = CARTESIAN_POINT('',(12.5,17.,-7.9));
#13804 = ORIENTED_EDGE('',*,*,#7942,.F.);
#13805 = ORIENTED_EDGE('',*,*,#13800,.F.);
#13806 = ORIENTED_EDGE('',*,*,#8472,.F.);
#13807 = CYLINDRICAL_SURFACE('',#13808,2.1);
#13808 = AXIS2_PLACEMENT_3D('',#13809,#13810,#13811);
#13809 = CARTESIAN_POINT('',(12.5,-20.,-10.));
#13810 = DIRECTION('',(-0.,1.,3.597944987211E-15));
#13811 = DIRECTION('',(0.,-3.597944987211E-15,1.));
#13812 = ADVANCED_FACE('',(#13813),#13824,.F.);
#13813 = FACE_BOUND('',#13814,.F.);
#13814 = EDGE_LOOP('',(#13815,#13816,#13821,#13822,#13823));
#13815 = ORIENTED_EDGE('',*,*,#8463,.F.);
#13816 = ORIENTED_EDGE('',*,*,#13817,.T.);
#13817 = EDGE_CURVE('',#8455,#7932,#13818,.T.);
#13818 = B_SPLINE_CURVE_WITH_KNOTS('',1,(#13819,#13820),.UNSPECIFIED.,
  .F.,.F.,(2,2),(35.5,37.),.PIECEWISE_BEZIER_KNOTS.);
#13819 = CARTESIAN_POINT('',(-12.5,15.5,-7.9));
#13820 = CARTESIAN_POINT('',(-12.5,17.,-7.9));
#13821 = ORIENTED_EDGE('',*,*,#7931,.F.);
#13822 = ORIENTED_EDGE('',*,*,#13817,.F.);
#13823 = ORIENTED_EDGE('',*,*,#8452,.F.);
#13824 = CYLINDRICAL_SURFACE('',#13825,2.1);
#13825 = AXIS2_PLACEMENT_3D('',#13826,#13827,#13828);
#13826 = CARTESIAN_POINT('',(-12.5,-20.,-10.));
#13827 = DIRECTION('',(-0.,1.,3.597944987211E-15));
#13828 = DIRECTION('',(0.,-3.597944987211E-15,1.));
#13829 = ADVANCED_FACE('',(#13830),#13841,.F.);
#13830 = FACE_BOUND('',#13831,.F.);
#13831 = EDGE_LOOP('',(#13832,#13833,#13838,#13839,#13840));
#13832 = ORIENTED_EDGE('',*,*,#8443,.F.);
#13833 = ORIENTED_EDGE('',*,*,#13834,.T.);
#13834 = EDGE_CURVE('',#8435,#7921,#13835,.T.);
#13835 = B_SPLINE_CURVE_WITH_KNOTS('',1,(#13836,#13837),.UNSPECIFIED.,
  .F.,.F.,(2,2),(35.5,37.),.PIECEWISE_BEZIER_KNOTS.);
#13836 = CARTESIAN_POINT('',(-37.5,15.5,-7.9));
#13837 = CARTESIAN_POINT('',(-37.5,17.,-7.9));
#13838 = ORIENTED_EDGE('',*,*,#7920,.F.);
#13839 = ORIENTED_EDGE('',*,*,#13834,.F.);
#13840 = ORIENTED_EDGE('',*,*,#8432,.F.);
#13841 = CYLINDRICAL_SURFACE('',#13842,2.1);
#13842 = AXIS2_PLACEMENT_3D('',#13843,#13844,#13845);
#13843 = CARTESIAN_POINT('',(-37.5,-20.,-10.));
#13844 = DIRECTION('',(-0.,1.,3.597944987211E-15));
#13845 = DIRECTION('',(0.,-3.597944987211E-15,1.));
#13846 = ADVANCED_FACE('',(#13847),#13858,.F.);
#13847 = FACE_BOUND('',#13848,.F.);
#13848 = EDGE_LOOP('',(#13849,#13850,#13855,#13856,#13857));
#13849 = ORIENTED_EDGE('',*,*,#8423,.F.);
#13850 = ORIENTED_EDGE('',*,*,#13851,.T.);
#13851 = EDGE_CURVE('',#8415,#7910,#13852,.T.);
#13852 = B_SPLINE_CURVE_WITH_KNOTS('',1,(#13853,#13854),.UNSPECIFIED.,
  .F.,.F.,(2,2),(35.5,37.),.PIECEWISE_BEZIER_KNOTS.);
#13853 = CARTESIAN_POINT('',(-62.5,15.5,-7.9));
#13854 = CARTESIAN_POINT('',(-62.5,17.,-7.9));
#13855 = ORIENTED_EDGE('',*,*,#7909,.F.);
#13856 = ORIENTED_EDGE('',*,*,#13851,.F.);
#13857 = ORIENTED_EDGE('',*,*,#8412,.F.);
#13858 = CYLINDRICAL_SURFACE('',#13859,2.1);
#13859 = AXIS2_PLACEMENT_3D('',#13860,#13861,#13862);
#13860 = CARTESIAN_POINT('',(-62.5,-20.,-10.));
#13861 = DIRECTION('',(-0.,1.,3.597944987211E-15));
#13862 = DIRECTION('',(0.,-3.597944987211E-15,1.));
#13863 = ADVANCED_FACE('',(#13864),#13874,.F.);
#13864 = FACE_BOUND('',#13865,.F.);
#13865 = EDGE_LOOP('',(#13866,#13867,#13872,#13873));
#13866 = ORIENTED_EDGE('',*,*,#6840,.F.);
#13867 = ORIENTED_EDGE('',*,*,#13868,.T.);
#13868 = EDGE_CURVE('',#6841,#7344,#13869,.T.);
#13869 = B_SPLINE_CURVE_WITH_KNOTS('',1,(#13870,#13871),.UNSPECIFIED.,
  .F.,.F.,(2,2),(3.,4.5),.PIECEWISE_BEZIER_KNOTS.);
#13870 = CARTESIAN_POINT('',(112.5,-17.,-12.1));
#13871 = CARTESIAN_POINT('',(112.5,-15.5,-12.1));
#13872 = ORIENTED_EDGE('',*,*,#7343,.T.);
#13873 = ORIENTED_EDGE('',*,*,#13868,.F.);
#13874 = CYLINDRICAL_SURFACE('',#13875,2.1);
#13875 = AXIS2_PLACEMENT_3D('',#13876,#13877,#13878);
#13876 = CARTESIAN_POINT('',(112.5,-20.,-10.));
#13877 = DIRECTION('',(-0.,1.,3.597944987211E-15));
#13878 = DIRECTION('',(0.,-3.597944987211E-15,1.));
#13879 = ADVANCED_FACE('',(#13880),#13890,.F.);
#13880 = FACE_BOUND('',#13881,.F.);
#13881 = EDGE_LOOP('',(#13882,#13883,#13888,#13889));
#13882 = ORIENTED_EDGE('',*,*,#6829,.F.);
#13883 = ORIENTED_EDGE('',*,*,#13884,.T.);
#13884 = EDGE_CURVE('',#6830,#7333,#13885,.T.);
#13885 = B_SPLINE_CURVE_WITH_KNOTS('',1,(#13886,#13887),.UNSPECIFIED.,
  .F.,.F.,(2,2),(3.,4.5),.PIECEWISE_BEZIER_KNOTS.);
#13886 = CARTESIAN_POINT('',(87.5,-17.,-12.1));
#13887 = CARTESIAN_POINT('',(87.5,-15.5,-12.1));
#13888 = ORIENTED_EDGE('',*,*,#7332,.T.);
#13889 = ORIENTED_EDGE('',*,*,#13884,.F.);
#13890 = CYLINDRICAL_SURFACE('',#13891,2.1);
#13891 = AXIS2_PLACEMENT_3D('',#13892,#13893,#13894);
#13892 = CARTESIAN_POINT('',(87.5,-20.,-10.));
#13893 = DIRECTION('',(-0.,1.,3.597944987211E-15));
#13894 = DIRECTION('',(0.,-3.597944987211E-15,1.));
#13895 = ADVANCED_FACE('',(#13896),#13906,.F.);
#13896 = FACE_BOUND('',#13897,.F.);
#13897 = EDGE_LOOP('',(#13898,#13899,#13904,#13905));
#13898 = ORIENTED_EDGE('',*,*,#6818,.F.);
#13899 = ORIENTED_EDGE('',*,*,#13900,.T.);
#13900 = EDGE_CURVE('',#6819,#7322,#13901,.T.);
#13901 = B_SPLINE_CURVE_WITH_KNOTS('',1,(#13902,#13903),.UNSPECIFIED.,
  .F.,.F.,(2,2),(3.,4.5),.PIECEWISE_BEZIER_KNOTS.);
#13902 = CARTESIAN_POINT('',(62.5,-17.,-12.1));
#13903 = CARTESIAN_POINT('',(62.5,-15.5,-12.1));
#13904 = ORIENTED_EDGE('',*,*,#7321,.T.);
#13905 = ORIENTED_EDGE('',*,*,#13900,.F.);
#13906 = CYLINDRICAL_SURFACE('',#13907,2.1);
#13907 = AXIS2_PLACEMENT_3D('',#13908,#13909,#13910);
#13908 = CARTESIAN_POINT('',(62.5,-20.,-10.));
#13909 = DIRECTION('',(-0.,1.,3.597944987211E-15));
#13910 = DIRECTION('',(0.,-3.597944987211E-15,1.));
#13911 = ADVANCED_FACE('',(#13912),#13922,.F.);
#13912 = FACE_BOUND('',#13913,.F.);
#13913 = EDGE_LOOP('',(#13914,#13915,#13920,#13921));
#13914 = ORIENTED_EDGE('',*,*,#6807,.F.);
#13915 = ORIENTED_EDGE('',*,*,#13916,.T.);
#13916 = EDGE_CURVE('',#6808,#7311,#13917,.T.);
#13917 = B_SPLINE_CURVE_WITH_KNOTS('',1,(#13918,#13919),.UNSPECIFIED.,
  .F.,.F.,(2,2),(3.,4.5),.PIECEWISE_BEZIER_KNOTS.);
#13918 = CARTESIAN_POINT('',(37.5,-17.,-12.1));
#13919 = CARTESIAN_POINT('',(37.5,-15.5,-12.1));
#13920 = ORIENTED_EDGE('',*,*,#7310,.T.);
#13921 = ORIENTED_EDGE('',*,*,#13916,.F.);
#13922 = CYLINDRICAL_SURFACE('',#13923,2.1);
#13923 = AXIS2_PLACEMENT_3D('',#13924,#13925,#13926);
#13924 = CARTESIAN_POINT('',(37.5,-20.,-10.));
#13925 = DIRECTION('',(-0.,1.,3.597944987211E-15));
#13926 = DIRECTION('',(0.,-3.597944987211E-15,1.));
#13927 = ADVANCED_FACE('',(#13928),#13938,.F.);
#13928 = FACE_BOUND('',#13929,.F.);
#13929 = EDGE_LOOP('',(#13930,#13931,#13936,#13937));
#13930 = ORIENTED_EDGE('',*,*,#6796,.F.);
#13931 = ORIENTED_EDGE('',*,*,#13932,.T.);
#13932 = EDGE_CURVE('',#6797,#7300,#13933,.T.);
#13933 = B_SPLINE_CURVE_WITH_KNOTS('',1,(#13934,#13935),.UNSPECIFIED.,
  .F.,.F.,(2,2),(3.,4.5),.PIECEWISE_BEZIER_KNOTS.);
#13934 = CARTESIAN_POINT('',(12.5,-17.,-12.1));
#13935 = CARTESIAN_POINT('',(12.5,-15.5,-12.1));
#13936 = ORIENTED_EDGE('',*,*,#7299,.T.);
#13937 = ORIENTED_EDGE('',*,*,#13932,.F.);
#13938 = CYLINDRICAL_SURFACE('',#13939,2.1);
#13939 = AXIS2_PLACEMENT_3D('',#13940,#13941,#13942);
#13940 = CARTESIAN_POINT('',(12.5,-20.,-10.));
#13941 = DIRECTION('',(-0.,1.,3.597944987211E-15));
#13942 = DIRECTION('',(0.,-3.597944987211E-15,1.));
#13943 = ADVANCED_FACE('',(#13944),#13954,.F.);
#13944 = FACE_BOUND('',#13945,.F.);
#13945 = EDGE_LOOP('',(#13946,#13947,#13952,#13953));
#13946 = ORIENTED_EDGE('',*,*,#6785,.F.);
#13947 = ORIENTED_EDGE('',*,*,#13948,.T.);
#13948 = EDGE_CURVE('',#6786,#7289,#13949,.T.);
#13949 = B_SPLINE_CURVE_WITH_KNOTS('',1,(#13950,#13951),.UNSPECIFIED.,
  .F.,.F.,(2,2),(3.,4.5),.PIECEWISE_BEZIER_KNOTS.);
#13950 = CARTESIAN_POINT('',(-12.5,-17.,-12.1));
#13951 = CARTESIAN_POINT('',(-12.5,-15.5,-12.1));
#13952 = ORIENTED_EDGE('',*,*,#7288,.T.);
#13953 = ORIENTED_EDGE('',*,*,#13948,.F.);
#13954 = CYLINDRICAL_SURFACE('',#13955,2.1);
#13955 = AXIS2_PLACEMENT_3D('',#13956,#13957,#13958);
#13956 = CARTESIAN_POINT('',(-12.5,-20.,-10.));
#13957 = DIRECTION('',(-0.,1.,3.597944987211E-15));
#13958 = DIRECTION('',(0.,-3.597944987211E-15,1.));
#13959 = ADVANCED_FACE('',(#13960),#13970,.F.);
#13960 = FACE_BOUND('',#13961,.F.);
#13961 = EDGE_LOOP('',(#13962,#13963,#13968,#13969));
#13962 = ORIENTED_EDGE('',*,*,#6774,.F.);
#13963 = ORIENTED_EDGE('',*,*,#13964,.T.);
#13964 = EDGE_CURVE('',#6775,#7278,#13965,.T.);
#13965 = B_SPLINE_CURVE_WITH_KNOTS('',1,(#13966,#13967),.UNSPECIFIED.,
  .F.,.F.,(2,2),(3.,4.5),.PIECEWISE_BEZIER_KNOTS.);
#13966 = CARTESIAN_POINT('',(-37.5,-17.,-12.1));
#13967 = CARTESIAN_POINT('',(-37.5,-15.5,-12.1));
#13968 = ORIENTED_EDGE('',*,*,#7277,.T.);
#13969 = ORIENTED_EDGE('',*,*,#13964,.F.);
#13970 = CYLINDRICAL_SURFACE('',#13971,2.1);
#13971 = AXIS2_PLACEMENT_3D('',#13972,#13973,#13974);
#13972 = CARTESIAN_POINT('',(-37.5,-20.,-10.));
#13973 = DIRECTION('',(-0.,1.,3.597944987211E-15));
#13974 = DIRECTION('',(0.,-3.597944987211E-15,1.));
#13975 = ADVANCED_FACE('',(#13976),#13986,.F.);
#13976 = FACE_BOUND('',#13977,.F.);
#13977 = EDGE_LOOP('',(#13978,#13979,#13984,#13985));
#13978 = ORIENTED_EDGE('',*,*,#6763,.F.);
#13979 = ORIENTED_EDGE('',*,*,#13980,.T.);
#13980 = EDGE_CURVE('',#6764,#7267,#13981,.T.);
#13981 = B_SPLINE_CURVE_WITH_KNOTS('',1,(#13982,#13983),.UNSPECIFIED.,
  .F.,.F.,(2,2),(3.,4.5),.PIECEWISE_BEZIER_KNOTS.);
#13982 = CARTESIAN_POINT('',(-62.5,-17.,-12.1));
#13983 = CARTESIAN_POINT('',(-62.5,-15.5,-12.1));
#13984 = ORIENTED_EDGE('',*,*,#7266,.T.);
#13985 = ORIENTED_EDGE('',*,*,#13980,.F.);
#13986 = CYLINDRICAL_SURFACE('',#13987,2.1);
#13987 = AXIS2_PLACEMENT_3D('',#13988,#13989,#13990);
#13988 = CARTESIAN_POINT('',(-62.5,-20.,-10.));
#13989 = DIRECTION('',(-0.,1.,3.597944987211E-15));
#13990 = DIRECTION('',(0.,-3.597944987211E-15,1.));
#13991 = ( GEOMETRIC_REPRESENTATION_CONTEXT(3) 
GLOBAL_UNCERTAINTY_ASSIGNED_CONTEXT((#13995)) 
GLOBAL_UNIT_ASSIGNED_CONTEXT((#13992,#13993,#13994)) 
REPRESENTATION_CONTEXT('Context #1',
  '3D Context with UNIT and UNCERTAINTY') );
#13992 = ( LENGTH_UNIT() NAMED_UNIT(*) SI_UNIT(.MILLI.,.METRE.) );
#13993 = ( NAMED_UNIT(*) PLANE_ANGLE_UNIT() SI_UNIT($,.RADIAN.) );
#13994 = ( NAMED_UNIT(*) SI_UNIT($,.STERADIAN.) SOLID_ANGLE_UNIT() );
#13995 = UNCERTAINTY_MEASURE_WITH_UNIT(LENGTH_MEASURE(1.E-06),#13992,
  'distance_accuracy_value','confusion accuracy');
#13996 = CONTEXT_DEPENDENT_SHAPE_REPRESENTATION(#13997,#13999);
#13997 = ( REPRESENTATION_RELATIONSHIP('','',#40,#10) 
REPRESENTATION_RELATIONSHIP_WITH_TRANSFORMATION(#13998) 
SHAPE_REPRESENTATION_RELATIONSHIP() );
#13998 = ITEM_DEFINED_TRANSFORMATION('','',#11,#15);
#13999 = PRODUCT_DEFINITION_SHAPE('Placement','Placement of an item',
  #14000);
#14000 = NEXT_ASSEMBLY_USAGE_OCCURRENCE('170','Solid1','',#5,#35,$);
#14001 = PRODUCT_RELATED_PRODUCT_CATEGORY('part',$,(#37));
#14002 = SHAPE_DEFINITION_REPRESENTATION(#14003,#14009);
#14003 = PRODUCT_DEFINITION_SHAPE('','',#14004);
#14004 = PRODUCT_DEFINITION('design','',#14005,#14008);
#14005 = PRODUCT_DEFINITION_FORMATION('','',#14006);
#14006 = PRODUCT('Solid2','Solid2','',(#14007));
#14007 = PRODUCT_CONTEXT('',#2,'mechanical');
#14008 = PRODUCT_DEFINITION_CONTEXT('part definition',#2,'design');
#14009 = ADVANCED_BREP_SHAPE_REPRESENTATION('',(#11,#14010),#15670);
#14010 = MANIFOLD_SOLID_BREP('',#14011);
#14011 = CLOSED_SHELL('',(#14012,#14345,#14386,#14414,#14438,#14459,
    #14480,#14512,#14529,#14553,#14585,#14601,#14625,#14657,#14673,
    #14697,#14729,#14745,#14769,#14801,#14817,#14841,#14873,#14889,
    #14913,#14945,#14961,#14985,#15017,#15033,#15057,#15089,#15105,
    #15129,#15161,#15177,#15201,#15233,#15249,#15273,#15305,#15321,
    #15345,#15377,#15393,#15417,#15441,#15450,#15552,#15568,#15584,
    #15600,#15616,#15632,#15648));
#14012 = ADVANCED_FACE('',(#14013,#14024),#14340,.T.);
#14013 = FACE_BOUND('',#14014,.T.);
#14014 = EDGE_LOOP('',(#14015));
#14015 = ORIENTED_EDGE('',*,*,#14016,.T.);
#14016 = EDGE_CURVE('',#14017,#14017,#14019,.T.);
#14017 = VERTEX_POINT('',#14018);
#14018 = CARTESIAN_POINT('',(1.424271237135,0.,4.556291390728));
#14019 = CIRCLE('',#14020,4.556291390728);
#14020 = AXIS2_PLACEMENT_3D('',#14021,#14022,#14023);
#14021 = CARTESIAN_POINT('',(1.424271237135,0.,0.));
#14022 = DIRECTION('',(-1.,0.,-0.));
#14023 = DIRECTION('',(-0.,0.,1.));
#14024 = FACE_BOUND('',#14025,.T.);
#14025 = EDGE_LOOP('',(#14026,#14185));
#14026 = ORIENTED_EDGE('',*,*,#14027,.T.);
#14027 = EDGE_CURVE('',#14028,#14030,#14032,.T.);
#14028 = VERTEX_POINT('',#14029);
#14029 = CARTESIAN_POINT('',(0.322923733608,2.25,-3.893784704046E-18));
#14030 = VERTEX_POINT('',#14031);
#14031 = CARTESIAN_POINT('',(0.141896246393,-1.299038105677,0.75));
#14032 = B_SPLINE_CURVE_WITH_KNOTS('',3,(#14033,#14034,#14035,#14036,
    #14037,#14038,#14039,#14040,#14041,#14042,#14043,#14044,#14045,
    #14046,#14047,#14048,#14049,#14050,#14051,#14052,#14053,#14054,
    #14055,#14056,#14057,#14058,#14059,#14060,#14061,#14062,#14063,
    #14064,#14065,#14066,#14067,#14068,#14069,#14070,#14071,#14072,
    #14073,#14074,#14075,#14076,#14077,#14078,#14079,#14080,#14081,
    #14082,#14083,#14084,#14085,#14086,#14087,#14088,#14089,#14090,
    #14091,#14092,#14093,#14094,#14095,#14096,#14097,#14098,#14099,
    #14100,#14101,#14102,#14103,#14104,#14105,#14106,#14107,#14108,
    #14109,#14110,#14111,#14112,#14113,#14114,#14115,#14116,#14117,
    #14118,#14119,#14120,#14121,#14122,#14123,#14124,#14125,#14126,
    #14127,#14128,#14129,#14130,#14131,#14132,#14133,#14134,#14135,
    #14136,#14137,#14138,#14139,#14140,#14141,#14142,#14143,#14144,
    #14145,#14146,#14147,#14148,#14149,#14150,#14151,#14152,#14153,
    #14154,#14155,#14156,#14157,#14158,#14159,#14160,#14161,#14162,
    #14163,#14164,#14165,#14166,#14167,#14168,#14169,#14170,#14171,
    #14172,#14173,#14174,#14175,#14176,#14177,#14178,#14179,#14180,
    #14181,#14182,#14183,#14184),.UNSPECIFIED.,.T.,.F.,(1,3,2,2,2,2,2,2,
    2,2,2,2,2,2,2,2,2,2,2,2,2,2,2,2,2,2,2,2,2,2,2,2,2,2,2,2,2,2,2,2,2,2,
    2,2,2,2,2,2,2,2,2,2,2,2,2,2,2,2,2,2,2,2,2,2,2,2,2,2,2,2,2,2,2,2,2,2,
    3,1),(-5.831818251349E-05,0.,5.831818251349E-05,1.16636365027E-04,
    2.33272730054E-04,4.665454601079E-04,9.330909202158E-04,
    1.16636365027E-03,1.399636380324E-03,1.632909110378E-03,
    1.866181840432E-03,2.099454570486E-03,2.33272730054E-03,
    2.449363665567E-03,2.50768184808E-03,2.566000030594E-03,
    2.682636395621E-03,2.799272760648E-03,3.265818220755E-03,
    3.499090950809E-03,3.732363680863E-03,3.965636410917E-03,
    4.198909140971E-03,4.665454601079E-03,4.898727331133E-03,
    5.01536369616E-03,5.073681878674E-03,5.132000061187E-03,
    5.248636426214E-03,5.365272791241E-03,5.598545521295E-03,
    6.065090981403E-03,6.298363711457E-03,6.531636441511E-03,
    6.998181901619E-03,7.231454631673E-03,7.464727361727E-03,
    7.52304554424E-03,7.581363726754E-03,7.639681909267E-03,
    7.698000091781E-03,7.814636456808E-03,7.931272821835E-03,
    8.397818281943E-03,8.631091011996E-03,8.86436374205E-03,
    9.097636472104E-03,9.330909202158E-03,9.797454662266E-03,
    9.914091027293E-03,1.003072739232E-02,1.008904557483E-02,
    1.014736375735E-02,1.026400012237E-02,1.049727285243E-02,
    1.073054558248E-02,1.119709104259E-02,1.143036377264E-02,
    1.16636365027E-02,1.213018196281E-02,1.236345469286E-02,
    1.242177287537E-02,1.248009105789E-02,1.25384092404E-02,
    1.259672742291E-02,1.271336378794E-02,1.283000015297E-02,
    1.306327288302E-02,1.329654561308E-02,1.352981834313E-02,
    1.376309107318E-02,1.399636380324E-02,1.446290926335E-02,
    1.46961819934E-02,1.481281835843E-02,1.487113654094E-02,
    1.492945472345E-02,1.498777290597E-02),.UNSPECIFIED.);
#14033 = CARTESIAN_POINT('',(0.322923733608,2.25,1.185846126156E-16));
#14034 = CARTESIAN_POINT('',(0.322923733608,2.25,1.978205098495E-02));
#14035 = CARTESIAN_POINT('',(0.319923294749,2.239507323068,
    3.751573113132E-02));
#14036 = CARTESIAN_POINT('',(0.313012337354,2.214976246481,
    6.692966862344E-02));
#14037 = CARTESIAN_POINT('',(0.309028240994,2.20069158408,
    7.927410941072E-02));
#14038 = CARTESIAN_POINT('',(0.296712259612,2.155885921704,
    0.114068415354));
#14039 = CARTESIAN_POINT('',(0.288059213478,2.123571270082,
    0.133810350736));
#14040 = CARTESIAN_POINT('',(0.262740978543,2.025931303943,
    0.190757862726));
#14041 = CARTESIAN_POINT('',(0.246422095047,1.958862248856,
    0.225509748902));
#14042 = CARTESIAN_POINT('',(0.201469050268,1.759266266136,
    0.334308795852));
#14043 = CARTESIAN_POINT('',(0.176558463212,1.627606349364,
    0.410712778546));
#14044 = CARTESIAN_POINT('',(0.152020050483,1.45012614047,0.558883809324
    ));
#14045 = CARTESIAN_POINT('',(0.146174508481,1.395522266368,
    0.613100788895));
#14046 = CARTESIAN_POINT('',(0.140803057242,1.302686325791,
    0.736193979902));
#14047 = CARTESIAN_POINT('',(0.141666296814,1.266310845125,
    0.805557201359));
#14048 = CARTESIAN_POINT('',(0.149688114842,1.215056487538,
    0.949797446628));
#14049 = CARTESIAN_POINT('',(0.156754003045,1.198625021782,
    1.025985376782));
#14050 = CARTESIAN_POINT('',(0.174782691439,1.177945818676,
    1.176551497819));
#14051 = CARTESIAN_POINT('',(0.185795988065,1.173401570121,
    1.251865505114));
#14052 = CARTESIAN_POINT('',(0.210934691543,1.170324238384,
    1.402364298401));
#14053 = CARTESIAN_POINT('',(0.225085022222,1.171923429847,
    1.477553005712));
#14054 = CARTESIAN_POINT('',(0.255761738478,1.176213662706,
    1.627625721789));
#14055 = CARTESIAN_POINT('',(0.272378679062,1.17963846309,1.702410964919
    ));
#14056 = CARTESIAN_POINT('',(0.297638317841,1.175766797859,
    1.814570823496));
#14057 = CARTESIAN_POINT('',(0.306218069827,1.173584748853,
    1.851999511074));
#14058 = CARTESIAN_POINT('',(0.317332265646,1.158360045165,
    1.906617272683));
#14059 = CARTESIAN_POINT('',(0.320807101003,1.151208692407,1.92486068751
    ));
#14060 = CARTESIAN_POINT('',(0.323756933971,1.124216668626,1.9523839205)
  );
#14061 = CARTESIAN_POINT('',(0.3221702267,1.103880561528,1.957739910827)
  );
#14062 = CARTESIAN_POINT('',(0.313458040888,1.047067277809,
    1.955043311005));
#14063 = CARTESIAN_POINT('',(0.304669485815,1.012242354681,
    1.938739596291));
#14064 = CARTESIAN_POINT('',(0.288001113371,0.945291278859,
    1.906031243222));
#14065 = CARTESIAN_POINT('',(0.279528080829,0.912894220956,
    1.887431357248));
#14066 = CARTESIAN_POINT('',(0.238238311147,0.752499785248,
    1.792248260034));
#14067 = CARTESIAN_POINT('',(0.208446098224,0.627237775596,
    1.709290832018));
#14068 = CARTESIAN_POINT('',(0.174120010226,0.424892254729,
    1.606525008362));
#14069 = CARTESIAN_POINT('',(0.16444366358,0.355862507574,1.575821901719
    ));
#14070 = CARTESIAN_POINT('',(0.149615025007,0.212357347288,
    1.527139807914));
#14071 = CARTESIAN_POINT('',(0.144458336964,0.136976124154,
    1.509125584504));
#14072 = CARTESIAN_POINT('',(0.140805553125,-1.418225827238E-02,
    1.496201462984));
#14073 = CARTESIAN_POINT('',(0.142547909907,-9.184517285761E-02,
    1.502598779805));
#14074 = CARTESIAN_POINT('',(0.151865575422,-0.240375183036,
    1.534535044269));
#14075 = CARTESIAN_POINT('',(0.159244149303,-0.311936736042,
    1.559201838621));
#14076 = CARTESIAN_POINT('',(0.187617227048,-0.521706207301,
    1.648625756955));
#14077 = CARTESIAN_POINT('',(0.214183616299,-0.650100003049,
    1.726752092608));
#14078 = CARTESIAN_POINT('',(0.260648260233,-0.840636330908,
    1.844335950506));
#14079 = CARTESIAN_POINT('',(0.277443352221,-0.903554983784,
    1.88453630426));
#14080 = CARTESIAN_POINT('',(0.302392387653,-1.002826911633,
    1.934584632131));
#14081 = CARTESIAN_POINT('',(0.311039551882,-1.036899752656,
    1.95095025041));
#14082 = CARTESIAN_POINT('',(0.320815326991,-1.093301668399,
    1.958362685267));
#14083 = CARTESIAN_POINT('',(0.323379307114,-1.113737662862,
    1.956900657757));
#14084 = CARTESIAN_POINT('',(0.322319698769,-1.145348713653,
    1.934367737703));
#14085 = CARTESIAN_POINT('',(0.319146867799,-1.154323780028,
    1.916351324596));
#14086 = CARTESIAN_POINT('',(0.30859127658,-1.172455610739,
    1.862541864655));
#14087 = CARTESIAN_POINT('',(0.3000404566,-1.174955847297,1.825256666179
    ));
#14088 = CARTESIAN_POINT('',(0.283273515188,-1.178301118648,
    1.750770956727));
#14089 = CARTESIAN_POINT('',(0.274881696849,-1.178032142619,
    1.713547028117));
#14090 = CARTESIAN_POINT('',(0.250340090336,-1.175997624573,
    1.601756738306));
#14091 = CARTESIAN_POINT('',(0.234807664067,-1.172880793605,
    1.527076335874));
#14092 = CARTESIAN_POINT('',(0.192306620685,-1.169458423704,
    1.302146348274));
#14093 = CARTESIAN_POINT('',(0.16923246388,-1.173597292275,
    1.150953946579));
#14094 = CARTESIAN_POINT('',(0.148258890413,-1.221233573432,
    0.929777691831));
#14095 = CARTESIAN_POINT('',(0.143524538099,-1.244903395989,
    0.85544629788));
#14096 = CARTESIAN_POINT('',(0.140963904281,-1.312893817295,
    0.719472715286));
#14097 = CARTESIAN_POINT('',(0.143256221844,-1.358413626338,
    0.657404477301));
#14098 = CARTESIAN_POINT('',(0.158730572007,-1.515866859517,
    0.490107653695));
#14099 = CARTESIAN_POINT('',(0.179387847742,-1.642305102751,
    0.405340997425));
#14100 = CARTESIAN_POINT('',(0.218963311436,-1.837553275234,
    0.291078107361));
#14101 = CARTESIAN_POINT('',(0.233638389383,-1.903733433621,
    0.255514471417));
#14102 = CARTESIAN_POINT('',(0.265138459089,-2.035626362793,
    0.184400521424));
#14103 = CARTESIAN_POINT('',(0.282215858683,-2.102174931833,
    0.149894900024));
#14104 = CARTESIAN_POINT('',(0.302895888595,-2.178435378002,
    9.679928008648E-02));
#14105 = CARTESIAN_POINT('',(0.30698366497,-2.193294077609,
    8.560708041232E-02));
#14106 = CARTESIAN_POINT('',(0.31471014411,-2.221047849679,
    6.028345143426E-02));
#14107 = CARTESIAN_POINT('',(0.318540332153,-2.234604496933,
    4.596311575378E-02));
#14108 = CARTESIAN_POINT('',(0.323372993044,-2.251595019796,
    1.049558880906E-02));
#14109 = CARTESIAN_POINT('',(0.323333504095,-2.25145658849,
    -1.087699411742E-02));
#14110 = CARTESIAN_POINT('',(0.318536074623,-2.234589121999,
    -4.590193018765E-02));
#14111 = CARTESIAN_POINT('',(0.314732925213,-2.221131865879,
    -6.023918075738E-02));
#14112 = CARTESIAN_POINT('',(0.302856030082,-2.178463042334,
    -9.907381518335E-02));
#14113 = CARTESIAN_POINT('',(0.294190276594,-2.146566834823,
    -0.11938992097));
#14114 = CARTESIAN_POINT('',(0.277150880224,-2.081809988528,
    -0.158667160342));
#14115 = CARTESIAN_POINT('',(0.268677623746,-2.048612153949,
    -0.177077580633));
#14116 = CARTESIAN_POINT('',(0.227512476823,-1.881692159906,
    -0.268132274091));
#14117 = CARTESIAN_POINT('',(0.198608182019,-1.745745317942,
    -0.338518317455));
#14118 = CARTESIAN_POINT('',(0.166612953825,-1.55681440945,
    -0.469425388481));
#14119 = CARTESIAN_POINT('',(0.157778609533,-1.496157131913,
    -0.517000752709));
#14120 = CARTESIAN_POINT('',(0.145187718829,-1.383872905865,
    -0.626922711945));
#14121 = CARTESIAN_POINT('',(0.141597383651,-1.332856772558,
    -0.689375312414));
#14122 = CARTESIAN_POINT('',(0.142205843309,-1.255778165026,
    -0.827242025941));
#14123 = CARTESIAN_POINT('',(0.146353502259,-1.228823631019,
    -0.90358134211));
#14124 = CARTESIAN_POINT('',(0.159859761287,-1.192481104109,
    -1.056607743251));
#14125 = CARTESIAN_POINT('',(0.16928860344,-1.182328790017,
    -1.135068485093));
#14126 = CARTESIAN_POINT('',(0.203362503076,-1.1658493235,
    -1.370594883817));
#14127 = CARTESIAN_POINT('',(0.233790432418,-1.174869672346,
    -1.526748137046));
#14128 = CARTESIAN_POINT('',(0.276509972345,-1.178100438503,
    -1.72086075956));
#14129 = CARTESIAN_POINT('',(0.285302913202,-1.178280836403,
    -1.759738699525));
#14130 = CARTESIAN_POINT('',(0.302696247471,-1.173924788642,
    -1.837115318371));
#14131 = CARTESIAN_POINT('',(0.311801990981,-1.171198593595,
    -1.876571246172));
#14132 = CARTESIAN_POINT('',(0.321582033835,-1.146586172653,
    -1.93071004786));
#14133 = CARTESIAN_POINT('',(0.323770029923,-1.132830980844,
    -1.947460084681));
#14134 = CARTESIAN_POINT('',(0.321289007362,-1.094151296212,
    -1.959756055898));
#14135 = CARTESIAN_POINT('',(0.317672074881,-1.073787688463,
    -1.956839439478));
#14136 = CARTESIAN_POINT('',(0.306137481734,-1.016476776785,
    -1.942386747207));
#14137 = CARTESIAN_POINT('',(0.297170304052,-0.981690081629,
    -1.924650767742));
#14138 = CARTESIAN_POINT('',(0.270972841006,-0.879116837507,
    -1.869657197775));
#14139 = CARTESIAN_POINT('',(0.253699508276,-0.813434700083,
    -1.827432252745));
#14140 = CARTESIAN_POINT('',(0.222048908462,-0.680318446863,
    -1.745565692338));
#14141 = CARTESIAN_POINT('',(0.207527794434,-0.613196605537,
    -1.705197925129));
#14142 = CARTESIAN_POINT('',(0.169159086221,-0.405827124632,
    -1.593288231834));
#14143 = CARTESIAN_POINT('',(0.14983852311,-0.256732186375,
    -1.527914213759));
#14144 = CARTESIAN_POINT('',(0.140774668302,-1.963528702098E-02,
    -1.496181392561));
#14145 = CARTESIAN_POINT('',(0.141535540739,6.235495616268E-02,
    -1.498986805474));
#14146 = CARTESIAN_POINT('',(0.149886007636,0.218400348935,
    -1.527849742447));
#14147 = CARTESIAN_POINT('',(0.157310588533,0.295086658335,
    -1.552912652355));
#14148 = CARTESIAN_POINT('',(0.186104738488,0.514989058727,
    -1.644199287657));
#14149 = CARTESIAN_POINT('',(0.213801372227,0.649027777767,
    -1.726085941882));
#14150 = CARTESIAN_POINT('',(0.262648416655,0.848576606158,
    -1.84923847049));
#14151 = CARTESIAN_POINT('',(0.280353992418,0.914117487691,
    -1.891511019325));
#14152 = CARTESIAN_POINT('',(0.302058672682,1.001893299456,
    -1.933470089674));
#14153 = CARTESIAN_POINT('',(0.30636463718,1.019785004887,
    -1.941242345126));
#14154 = CARTESIAN_POINT('',(0.314546729883,1.057428204,-1.953474346125)
  );
#14155 = CARTESIAN_POINT('',(0.318542848993,1.077389969872,
    -1.958278577902));
#14156 = CARTESIAN_POINT('',(0.323438234411,1.117366658608,
    -1.955070154223));
#14157 = CARTESIAN_POINT('',(0.32325091407,1.136460793162,
    -1.943292971609));
#14158 = CARTESIAN_POINT('',(0.318059993053,1.158174050169,
    -1.909669561835));
#14159 = CARTESIAN_POINT('',(0.314071067852,1.16368086398,
    -1.890170519479));
#14160 = CARTESIAN_POINT('',(0.301837993813,1.175479715882,
    -1.832526765905));
#14161 = CARTESIAN_POINT('',(0.292774775779,1.17700150528,
    -1.793028567459));
#14162 = CARTESIAN_POINT('',(0.275203347953,1.178274127868,
    -1.714873583723));
#14163 = CARTESIAN_POINT('',(0.266506120952,1.177475832889,
    -1.675776907579));
#14164 = CARTESIAN_POINT('',(0.241213494423,1.174440080947,
    -1.558314182154));
#14165 = CARTESIAN_POINT('',(0.225396011222,1.171496945175,
    -1.479703089262));
#14166 = CARTESIAN_POINT('',(0.197016047422,1.171023442166,
    -1.322323349621));
#14167 = CARTESIAN_POINT('',(0.184415395491,1.173270275818,
    -1.243559271193));
#14168 = CARTESIAN_POINT('',(0.163280932934,1.188494365102,
    -1.08613117041));
#14169 = CARTESIAN_POINT('',(0.15464991716,1.201611091082,
    -1.006491219378));
#14170 = CARTESIAN_POINT('',(0.143431820997,1.246192017064,
    -0.853084765125));
#14171 = CARTESIAN_POINT('',(0.140851365965,1.278177524704,
    -0.778809406864));
#14172 = CARTESIAN_POINT('',(0.143725726504,1.367465667926,
    -0.644586158237));
#14173 = CARTESIAN_POINT('',(0.148799526491,1.421817790519,
    -0.586167432334));
#14174 = CARTESIAN_POINT('',(0.172044355923,1.602240045592,
    -0.426573703199));
#14175 = CARTESIAN_POINT('',(0.197264283051,1.738809981114,
    -0.345918262879));
#14176 = CARTESIAN_POINT('',(0.243397632254,1.946186646345,
    -0.23222470185));
#14177 = CARTESIAN_POINT('',(0.260247904268,2.015989286788,
    -0.196146538698));
#14178 = CARTESIAN_POINT('',(0.286523658717,2.117788484464,
    -0.137356691346));
#14179 = CARTESIAN_POINT('',(0.295499581337,2.151412566816,
    -0.117086450591));
#14180 = CARTESIAN_POINT('',(0.308335811387,2.198198880929,
    -8.140443584281E-02));
#14181 = CARTESIAN_POINT('',(0.31249710358,2.21313748332,
    -6.875733512705E-02));
#14182 = CARTESIAN_POINT('',(0.319742797669,2.238875619411,
    -3.861528881243E-02));
#14183 = CARTESIAN_POINT('',(0.322923733608,2.25,-1.978205098495E-02));
#14184 = CARTESIAN_POINT('',(0.322923733608,2.25,1.185846126156E-16));
#14185 = ORIENTED_EDGE('',*,*,#14186,.T.);
#14186 = EDGE_CURVE('',#14030,#14028,#14187,.T.);
#14187 = B_SPLINE_CURVE_WITH_KNOTS('',3,(#14188,#14189,#14190,#14191,
    #14192,#14193,#14194,#14195,#14196,#14197,#14198,#14199,#14200,
    #14201,#14202,#14203,#14204,#14205,#14206,#14207,#14208,#14209,
    #14210,#14211,#14212,#14213,#14214,#14215,#14216,#14217,#14218,
    #14219,#14220,#14221,#14222,#14223,#14224,#14225,#14226,#14227,
    #14228,#14229,#14230,#14231,#14232,#14233,#14234,#14235,#14236,
    #14237,#14238,#14239,#14240,#14241,#14242,#14243,#14244,#14245,
    #14246,#14247,#14248,#14249,#14250,#14251,#14252,#14253,#14254,
    #14255,#14256,#14257,#14258,#14259,#14260,#14261,#14262,#14263,
    #14264,#14265,#14266,#14267,#14268,#14269,#14270,#14271,#14272,
    #14273,#14274,#14275,#14276,#14277,#14278,#14279,#14280,#14281,
    #14282,#14283,#14284,#14285,#14286,#14287,#14288,#14289,#14290,
    #14291,#14292,#14293,#14294,#14295,#14296,#14297,#14298,#14299,
    #14300,#14301,#14302,#14303,#14304,#14305,#14306,#14307,#14308,
    #14309,#14310,#14311,#14312,#14313,#14314,#14315,#14316,#14317,
    #14318,#14319,#14320,#14321,#14322,#14323,#14324,#14325,#14326,
    #14327,#14328,#14329,#14330,#14331,#14332,#14333,#14334,#14335,
    #14336,#14337,#14338,#14339),.UNSPECIFIED.,.T.,.F.,(1,3,2,2,2,2,2,2,
    2,2,2,2,2,2,2,2,2,2,2,2,2,2,2,2,2,2,2,2,2,2,2,2,2,2,2,2,2,2,2,2,2,2,
    2,2,2,2,2,2,2,2,2,2,2,2,2,2,2,2,2,2,2,2,2,2,2,2,2,2,2,2,2,2,2,2,2,2,
    3,1),(-5.831818251349E-05,0.,5.831818251349E-05,1.16636365027E-04,
    2.33272730054E-04,4.665454601079E-04,9.330909202158E-04,
    1.16636365027E-03,1.399636380324E-03,1.632909110378E-03,
    1.866181840432E-03,2.099454570486E-03,2.33272730054E-03,
    2.449363665567E-03,2.50768184808E-03,2.566000030594E-03,
    2.682636395621E-03,2.799272760648E-03,3.265818220755E-03,
    3.499090950809E-03,3.732363680863E-03,3.965636410917E-03,
    4.198909140971E-03,4.665454601079E-03,4.898727331133E-03,
    5.01536369616E-03,5.073681878674E-03,5.132000061187E-03,
    5.248636426214E-03,5.365272791241E-03,5.598545521295E-03,
    6.065090981403E-03,6.298363711457E-03,6.531636441511E-03,
    6.998181901619E-03,7.231454631673E-03,7.464727361727E-03,
    7.52304554424E-03,7.581363726754E-03,7.639681909267E-03,
    7.698000091781E-03,7.814636456808E-03,7.931272821835E-03,
    8.397818281943E-03,8.631091011996E-03,8.86436374205E-03,
    9.097636472104E-03,9.330909202158E-03,9.797454662266E-03,
    9.914091027293E-03,1.003072739232E-02,1.008904557483E-02,
    1.014736375735E-02,1.026400012237E-02,1.049727285243E-02,
    1.073054558248E-02,1.119709104259E-02,1.143036377264E-02,
    1.16636365027E-02,1.213018196281E-02,1.236345469286E-02,
    1.242177287537E-02,1.248009105789E-02,1.25384092404E-02,
    1.259672742291E-02,1.271336378794E-02,1.283000015297E-02,
    1.306327288302E-02,1.329654561308E-02,1.352981834313E-02,
    1.376309107318E-02,1.399636380324E-02,1.446290926335E-02,
    1.46961819934E-02,1.481281835843E-02,1.487113654094E-02,
    1.492945472345E-02,1.498777290597E-02),.UNSPECIFIED.);
#14188 = CARTESIAN_POINT('',(0.322923733608,2.25,1.185846126156E-16));
#14189 = CARTESIAN_POINT('',(0.322923733608,2.25,1.978205098495E-02));
#14190 = CARTESIAN_POINT('',(0.319923294749,2.239507323068,
    3.751573113132E-02));
#14191 = CARTESIAN_POINT('',(0.313012337354,2.214976246481,
    6.692966862344E-02));
#14192 = CARTESIAN_POINT('',(0.309028240994,2.20069158408,
    7.927410941072E-02));
#14193 = CARTESIAN_POINT('',(0.296712259612,2.155885921704,
    0.114068415354));
#14194 = CARTESIAN_POINT('',(0.288059213478,2.123571270082,
    0.133810350736));
#14195 = CARTESIAN_POINT('',(0.262740978543,2.025931303943,
    0.190757862726));
#14196 = CARTESIAN_POINT('',(0.246422095047,1.958862248856,
    0.225509748902));
#14197 = CARTESIAN_POINT('',(0.201469050268,1.759266266136,
    0.334308795852));
#14198 = CARTESIAN_POINT('',(0.176558463212,1.627606349364,
    0.410712778546));
#14199 = CARTESIAN_POINT('',(0.152020050483,1.45012614047,0.558883809324
    ));
#14200 = CARTESIAN_POINT('',(0.146174508481,1.395522266368,
    0.613100788895));
#14201 = CARTESIAN_POINT('',(0.140803057242,1.302686325791,
    0.736193979902));
#14202 = CARTESIAN_POINT('',(0.141666296814,1.266310845125,
    0.805557201359));
#14203 = CARTESIAN_POINT('',(0.149688114842,1.215056487538,
    0.949797446628));
#14204 = CARTESIAN_POINT('',(0.156754003045,1.198625021782,
    1.025985376782));
#14205 = CARTESIAN_POINT('',(0.174782691439,1.177945818676,
    1.176551497819));
#14206 = CARTESIAN_POINT('',(0.185795988065,1.173401570121,
    1.251865505114));
#14207 = CARTESIAN_POINT('',(0.210934691543,1.170324238384,
    1.402364298401));
#14208 = CARTESIAN_POINT('',(0.225085022222,1.171923429847,
    1.477553005712));
#14209 = CARTESIAN_POINT('',(0.255761738478,1.176213662706,
    1.627625721789));
#14210 = CARTESIAN_POINT('',(0.272378679062,1.17963846309,1.702410964919
    ));
#14211 = CARTESIAN_POINT('',(0.297638317841,1.175766797859,
    1.814570823496));
#14212 = CARTESIAN_POINT('',(0.306218069827,1.173584748853,
    1.851999511074));
#14213 = CARTESIAN_POINT('',(0.317332265646,1.158360045165,
    1.906617272683));
#14214 = CARTESIAN_POINT('',(0.320807101003,1.151208692407,1.92486068751
    ));
#14215 = CARTESIAN_POINT('',(0.323756933971,1.124216668626,1.9523839205)
  );
#14216 = CARTESIAN_POINT('',(0.3221702267,1.103880561528,1.957739910827)
  );
#14217 = CARTESIAN_POINT('',(0.313458040888,1.047067277809,
    1.955043311005));
#14218 = CARTESIAN_POINT('',(0.304669485815,1.012242354681,
    1.938739596291));
#14219 = CARTESIAN_POINT('',(0.288001113371,0.945291278859,
    1.906031243222));
#14220 = CARTESIAN_POINT('',(0.279528080829,0.912894220956,
    1.887431357248));
#14221 = CARTESIAN_POINT('',(0.238238311147,0.752499785248,
    1.792248260034));
#14222 = CARTESIAN_POINT('',(0.208446098224,0.627237775596,
    1.709290832018));
#14223 = CARTESIAN_POINT('',(0.174120010226,0.424892254729,
    1.606525008362));
#14224 = CARTESIAN_POINT('',(0.16444366358,0.355862507574,1.575821901719
    ));
#14225 = CARTESIAN_POINT('',(0.149615025007,0.212357347288,
    1.527139807914));
#14226 = CARTESIAN_POINT('',(0.144458336964,0.136976124154,
    1.509125584504));
#14227 = CARTESIAN_POINT('',(0.140805553125,-1.418225827238E-02,
    1.496201462984));
#14228 = CARTESIAN_POINT('',(0.142547909907,-9.184517285761E-02,
    1.502598779805));
#14229 = CARTESIAN_POINT('',(0.151865575422,-0.240375183036,
    1.534535044269));
#14230 = CARTESIAN_POINT('',(0.159244149303,-0.311936736042,
    1.559201838621));
#14231 = CARTESIAN_POINT('',(0.187617227048,-0.521706207301,
    1.648625756955));
#14232 = CARTESIAN_POINT('',(0.214183616299,-0.650100003049,
    1.726752092608));
#14233 = CARTESIAN_POINT('',(0.260648260233,-0.840636330908,
    1.844335950506));
#14234 = CARTESIAN_POINT('',(0.277443352221,-0.903554983784,
    1.88453630426));
#14235 = CARTESIAN_POINT('',(0.302392387653,-1.002826911633,
    1.934584632131));
#14236 = CARTESIAN_POINT('',(0.311039551882,-1.036899752656,
    1.95095025041));
#14237 = CARTESIAN_POINT('',(0.320815326991,-1.093301668399,
    1.958362685267));
#14238 = CARTESIAN_POINT('',(0.323379307114,-1.113737662862,
    1.956900657757));
#14239 = CARTESIAN_POINT('',(0.322319698769,-1.145348713653,
    1.934367737703));
#14240 = CARTESIAN_POINT('',(0.319146867799,-1.154323780028,
    1.916351324596));
#14241 = CARTESIAN_POINT('',(0.30859127658,-1.172455610739,
    1.862541864655));
#14242 = CARTESIAN_POINT('',(0.3000404566,-1.174955847297,1.825256666179
    ));
#14243 = CARTESIAN_POINT('',(0.283273515188,-1.178301118648,
    1.750770956727));
#14244 = CARTESIAN_POINT('',(0.274881696849,-1.178032142619,
    1.713547028117));
#14245 = CARTESIAN_POINT('',(0.250340090336,-1.175997624573,
    1.601756738306));
#14246 = CARTESIAN_POINT('',(0.234807664067,-1.172880793605,
    1.527076335874));
#14247 = CARTESIAN_POINT('',(0.192306620685,-1.169458423704,
    1.302146348274));
#14248 = CARTESIAN_POINT('',(0.16923246388,-1.173597292275,
    1.150953946579));
#14249 = CARTESIAN_POINT('',(0.148258890413,-1.221233573432,
    0.929777691831));
#14250 = CARTESIAN_POINT('',(0.143524538099,-1.244903395989,
    0.85544629788));
#14251 = CARTESIAN_POINT('',(0.140963904281,-1.312893817295,
    0.719472715286));
#14252 = CARTESIAN_POINT('',(0.143256221844,-1.358413626338,
    0.657404477301));
#14253 = CARTESIAN_POINT('',(0.158730572007,-1.515866859517,
    0.490107653695));
#14254 = CARTESIAN_POINT('',(0.179387847742,-1.642305102751,
    0.405340997425));
#14255 = CARTESIAN_POINT('',(0.218963311436,-1.837553275234,
    0.291078107361));
#14256 = CARTESIAN_POINT('',(0.233638389383,-1.903733433621,
    0.255514471417));
#14257 = CARTESIAN_POINT('',(0.265138459089,-2.035626362793,
    0.184400521424));
#14258 = CARTESIAN_POINT('',(0.282215858683,-2.102174931833,
    0.149894900024));
#14259 = CARTESIAN_POINT('',(0.302895888595,-2.178435378002,
    9.679928008648E-02));
#14260 = CARTESIAN_POINT('',(0.30698366497,-2.193294077609,
    8.560708041232E-02));
#14261 = CARTESIAN_POINT('',(0.31471014411,-2.221047849679,
    6.028345143426E-02));
#14262 = CARTESIAN_POINT('',(0.318540332153,-2.234604496933,
    4.596311575378E-02));
#14263 = CARTESIAN_POINT('',(0.323372993044,-2.251595019796,
    1.049558880906E-02));
#14264 = CARTESIAN_POINT('',(0.323333504095,-2.25145658849,
    -1.087699411742E-02));
#14265 = CARTESIAN_POINT('',(0.318536074623,-2.234589121999,
    -4.590193018765E-02));
#14266 = CARTESIAN_POINT('',(0.314732925213,-2.221131865879,
    -6.023918075738E-02));
#14267 = CARTESIAN_POINT('',(0.302856030082,-2.178463042334,
    -9.907381518335E-02));
#14268 = CARTESIAN_POINT('',(0.294190276594,-2.146566834823,
    -0.11938992097));
#14269 = CARTESIAN_POINT('',(0.277150880224,-2.081809988528,
    -0.158667160342));
#14270 = CARTESIAN_POINT('',(0.268677623746,-2.048612153949,
    -0.177077580633));
#14271 = CARTESIAN_POINT('',(0.227512476823,-1.881692159906,
    -0.268132274091));
#14272 = CARTESIAN_POINT('',(0.198608182019,-1.745745317942,
    -0.338518317455));
#14273 = CARTESIAN_POINT('',(0.166612953825,-1.55681440945,
    -0.469425388481));
#14274 = CARTESIAN_POINT('',(0.157778609533,-1.496157131913,
    -0.517000752709));
#14275 = CARTESIAN_POINT('',(0.145187718829,-1.383872905865,
    -0.626922711945));
#14276 = CARTESIAN_POINT('',(0.141597383651,-1.332856772558,
    -0.689375312414));
#14277 = CARTESIAN_POINT('',(0.142205843309,-1.255778165026,
    -0.827242025941));
#14278 = CARTESIAN_POINT('',(0.146353502259,-1.228823631019,
    -0.90358134211));
#14279 = CARTESIAN_POINT('',(0.159859761287,-1.192481104109,
    -1.056607743251));
#14280 = CARTESIAN_POINT('',(0.16928860344,-1.182328790017,
    -1.135068485093));
#14281 = CARTESIAN_POINT('',(0.203362503076,-1.1658493235,
    -1.370594883817));
#14282 = CARTESIAN_POINT('',(0.233790432418,-1.174869672346,
    -1.526748137046));
#14283 = CARTESIAN_POINT('',(0.276509972345,-1.178100438503,
    -1.72086075956));
#14284 = CARTESIAN_POINT('',(0.285302913202,-1.178280836403,
    -1.759738699525));
#14285 = CARTESIAN_POINT('',(0.302696247471,-1.173924788642,
    -1.837115318371));
#14286 = CARTESIAN_POINT('',(0.311801990981,-1.171198593595,
    -1.876571246172));
#14287 = CARTESIAN_POINT('',(0.321582033835,-1.146586172653,
    -1.93071004786));
#14288 = CARTESIAN_POINT('',(0.323770029923,-1.132830980844,
    -1.947460084681));
#14289 = CARTESIAN_POINT('',(0.321289007362,-1.094151296212,
    -1.959756055898));
#14290 = CARTESIAN_POINT('',(0.317672074881,-1.073787688463,
    -1.956839439478));
#14291 = CARTESIAN_POINT('',(0.306137481734,-1.016476776785,
    -1.942386747207));
#14292 = CARTESIAN_POINT('',(0.297170304052,-0.981690081629,
    -1.924650767742));
#14293 = CARTESIAN_POINT('',(0.270972841006,-0.879116837507,
    -1.869657197775));
#14294 = CARTESIAN_POINT('',(0.253699508276,-0.813434700083,
    -1.827432252745));
#14295 = CARTESIAN_POINT('',(0.222048908462,-0.680318446863,
    -1.745565692338));
#14296 = CARTESIAN_POINT('',(0.207527794434,-0.613196605537,
    -1.705197925129));
#14297 = CARTESIAN_POINT('',(0.169159086221,-0.405827124632,
    -1.593288231834));
#14298 = CARTESIAN_POINT('',(0.14983852311,-0.256732186375,
    -1.527914213759));
#14299 = CARTESIAN_POINT('',(0.140774668302,-1.963528702098E-02,
    -1.496181392561));
#14300 = CARTESIAN_POINT('',(0.141535540739,6.235495616268E-02,
    -1.498986805474));
#14301 = CARTESIAN_POINT('',(0.149886007636,0.218400348935,
    -1.527849742447));
#14302 = CARTESIAN_POINT('',(0.157310588533,0.295086658335,
    -1.552912652355));
#14303 = CARTESIAN_POINT('',(0.186104738488,0.514989058727,
    -1.644199287657));
#14304 = CARTESIAN_POINT('',(0.213801372227,0.649027777767,
    -1.726085941882));
#14305 = CARTESIAN_POINT('',(0.262648416655,0.848576606158,
    -1.84923847049));
#14306 = CARTESIAN_POINT('',(0.280353992418,0.914117487691,
    -1.891511019325));
#14307 = CARTESIAN_POINT('',(0.302058672682,1.001893299456,
    -1.933470089674));
#14308 = CARTESIAN_POINT('',(0.30636463718,1.019785004887,
    -1.941242345126));
#14309 = CARTESIAN_POINT('',(0.314546729883,1.057428204,-1.953474346125)
  );
#14310 = CARTESIAN_POINT('',(0.318542848993,1.077389969872,
    -1.958278577902));
#14311 = CARTESIAN_POINT('',(0.323438234411,1.117366658608,
    -1.955070154223));
#14312 = CARTESIAN_POINT('',(0.32325091407,1.136460793162,
    -1.943292971609));
#14313 = CARTESIAN_POINT('',(0.318059993053,1.158174050169,
    -1.909669561835));
#14314 = CARTESIAN_POINT('',(0.314071067852,1.16368086398,
    -1.890170519479));
#14315 = CARTESIAN_POINT('',(0.301837993813,1.175479715882,
    -1.832526765905));
#14316 = CARTESIAN_POINT('',(0.292774775779,1.17700150528,
    -1.793028567459));
#14317 = CARTESIAN_POINT('',(0.275203347953,1.178274127868,
    -1.714873583723));
#14318 = CARTESIAN_POINT('',(0.266506120952,1.177475832889,
    -1.675776907579));
#14319 = CARTESIAN_POINT('',(0.241213494423,1.174440080947,
    -1.558314182154));
#14320 = CARTESIAN_POINT('',(0.225396011222,1.171496945175,
    -1.479703089262));
#14321 = CARTESIAN_POINT('',(0.197016047422,1.171023442166,
    -1.322323349621));
#14322 = CARTESIAN_POINT('',(0.184415395491,1.173270275818,
    -1.243559271193));
#14323 = CARTESIAN_POINT('',(0.163280932934,1.188494365102,
    -1.08613117041));
#14324 = CARTESIAN_POINT('',(0.15464991716,1.201611091082,
    -1.006491219378));
#14325 = CARTESIAN_POINT('',(0.143431820997,1.246192017064,
    -0.853084765125));
#14326 = CARTESIAN_POINT('',(0.140851365965,1.278177524704,
    -0.778809406864));
#14327 = CARTESIAN_POINT('',(0.143725726504,1.367465667926,
    -0.644586158237));
#14328 = CARTESIAN_POINT('',(0.148799526491,1.421817790519,
    -0.586167432334));
#14329 = CARTESIAN_POINT('',(0.172044355923,1.602240045592,
    -0.426573703199));
#14330 = CARTESIAN_POINT('',(0.197264283051,1.738809981114,
    -0.345918262879));
#14331 = CARTESIAN_POINT('',(0.243397632254,1.946186646345,
    -0.23222470185));
#14332 = CARTESIAN_POINT('',(0.260247904268,2.015989286788,
    -0.196146538698));
#14333 = CARTESIAN_POINT('',(0.286523658717,2.117788484464,
    -0.137356691346));
#14334 = CARTESIAN_POINT('',(0.295499581337,2.151412566816,
    -0.117086450591));
#14335 = CARTESIAN_POINT('',(0.308335811387,2.198198880929,
    -8.140443584281E-02));
#14336 = CARTESIAN_POINT('',(0.31249710358,2.21313748332,
    -6.875733512705E-02));
#14337 = CARTESIAN_POINT('',(0.319742797669,2.238875619411,
    -3.861528881243E-02));
#14338 = CARTESIAN_POINT('',(0.322923733608,2.25,-1.978205098495E-02));
#14339 = CARTESIAN_POINT('',(0.322923733608,2.25,1.185846126156E-16));
#14340 = SPHERICAL_SURFACE('',#14341,8.);
#14341 = AXIS2_PLACEMENT_3D('',#14342,#14343,#14344);
#14342 = CARTESIAN_POINT('',(8.,-5.633375276078E-16,0.));
#14343 = DIRECTION('',(-0.,0.,-1.));
#14344 = DIRECTION('',(0.,1.,0.));
#14345 = ADVANCED_FACE('',(#14346),#14381,.T.);
#14346 = FACE_BOUND('',#14347,.T.);
#14347 = EDGE_LOOP('',(#14348,#14359,#14366,#14373,#14374));
#14348 = ORIENTED_EDGE('',*,*,#14349,.T.);
#14349 = EDGE_CURVE('',#14350,#14352,#14354,.T.);
#14350 = VERTEX_POINT('',#14351);
#14351 = CARTESIAN_POINT('',(4.988407645497,-2.5,0.));
#14352 = VERTEX_POINT('',#14353);
#14353 = CARTESIAN_POINT('',(4.988407645497,-6.123233995737E-16,2.5));
#14354 = CIRCLE('',#14355,2.5);
#14355 = AXIS2_PLACEMENT_3D('',#14356,#14357,#14358);
#14356 = CARTESIAN_POINT('',(4.988407645497,9.996960871517E-16,0.));
#14357 = DIRECTION('',(-1.,-1.224606353822E-16,0.));
#14358 = DIRECTION('',(1.224606353822E-16,-1.,0.));
#14359 = ORIENTED_EDGE('',*,*,#14360,.T.);
#14360 = EDGE_CURVE('',#14352,#14361,#14363,.T.);
#14361 = VERTEX_POINT('',#14362);
#14362 = CARTESIAN_POINT('',(3.9,0.,2.5));
#14363 = B_SPLINE_CURVE_WITH_KNOTS('',1,(#14364,#14365),.UNSPECIFIED.,
  .F.,.F.,(2,2),(-30.38840764549,-29.3),.PIECEWISE_BEZIER_KNOTS.);
#14364 = CARTESIAN_POINT('',(4.988407645497,0.,2.5));
#14365 = CARTESIAN_POINT('',(3.9,0.,2.5));
#14366 = ORIENTED_EDGE('',*,*,#14367,.T.);
#14367 = EDGE_CURVE('',#14361,#14361,#14368,.T.);
#14368 = CIRCLE('',#14369,2.5);
#14369 = AXIS2_PLACEMENT_3D('',#14370,#14371,#14372);
#14370 = CARTESIAN_POINT('',(3.9,0.,0.));
#14371 = DIRECTION('',(1.,0.,-0.));
#14372 = DIRECTION('',(0.,0.,1.));
#14373 = ORIENTED_EDGE('',*,*,#14360,.F.);
#14374 = ORIENTED_EDGE('',*,*,#14375,.T.);
#14375 = EDGE_CURVE('',#14352,#14350,#14376,.T.);
#14376 = CIRCLE('',#14377,2.5);
#14377 = AXIS2_PLACEMENT_3D('',#14378,#14379,#14380);
#14378 = CARTESIAN_POINT('',(4.988407645497,9.996960871517E-16,0.));
#14379 = DIRECTION('',(-1.,-1.224606353822E-16,0.));
#14380 = DIRECTION('',(1.224606353822E-16,-1.,0.));
#14381 = CYLINDRICAL_SURFACE('',#14382,2.5);
#14382 = AXIS2_PLACEMENT_3D('',#14383,#14384,#14385);
#14383 = CARTESIAN_POINT('',(-25.4,0.,0.));
#14384 = DIRECTION('',(-1.,-0.,-0.));
#14385 = DIRECTION('',(-0.,0.,1.));
#14386 = ADVANCED_FACE('',(#14387,#14398),#14409,.F.);
#14387 = FACE_BOUND('',#14388,.T.);
#14388 = EDGE_LOOP('',(#14389));
#14389 = ORIENTED_EDGE('',*,*,#14390,.T.);
#14390 = EDGE_CURVE('',#14391,#14391,#14393,.T.);
#14391 = VERTEX_POINT('',#14392);
#14392 = CARTESIAN_POINT('',(3.7,0.,2.7));
#14393 = CIRCLE('',#14394,2.7);
#14394 = AXIS2_PLACEMENT_3D('',#14395,#14396,#14397);
#14395 = CARTESIAN_POINT('',(3.7,0.,0.));
#14396 = DIRECTION('',(-1.,0.,-0.));
#14397 = DIRECTION('',(-0.,0.,1.));
#14398 = FACE_BOUND('',#14399,.T.);
#14399 = EDGE_LOOP('',(#14400));
#14400 = ORIENTED_EDGE('',*,*,#14401,.F.);
#14401 = EDGE_CURVE('',#14402,#14402,#14404,.T.);
#14402 = VERTEX_POINT('',#14403);
#14403 = CARTESIAN_POINT('',(3.7,0.,4.75));
#14404 = CIRCLE('',#14405,4.75);
#14405 = AXIS2_PLACEMENT_3D('',#14406,#14407,#14408);
#14406 = CARTESIAN_POINT('',(3.7,0.,0.));
#14407 = DIRECTION('',(-1.,0.,-0.));
#14408 = DIRECTION('',(-0.,0.,1.));
#14409 = PLANE('',#14410);
#14410 = AXIS2_PLACEMENT_3D('',#14411,#14412,#14413);
#14411 = CARTESIAN_POINT('',(3.7,2.5,0.));
#14412 = DIRECTION('',(-1.,0.,-0.));
#14413 = DIRECTION('',(0.,0.,1.));
#14414 = ADVANCED_FACE('',(#14415),#14433,.T.);
#14415 = FACE_BOUND('',#14416,.T.);
#14416 = EDGE_LOOP('',(#14417,#14418,#14425,#14432));
#14417 = ORIENTED_EDGE('',*,*,#14401,.T.);
#14418 = ORIENTED_EDGE('',*,*,#14419,.T.);
#14419 = EDGE_CURVE('',#14402,#14420,#14422,.T.);
#14420 = VERTEX_POINT('',#14421);
#14421 = CARTESIAN_POINT('',(1.794155980046,0.,4.75));
#14422 = B_SPLINE_CURVE_WITH_KNOTS('',1,(#14423,#14424),.UNSPECIFIED.,
  .F.,.F.,(2,2),(-29.1,-27.19415598004),.PIECEWISE_BEZIER_KNOTS.);
#14423 = CARTESIAN_POINT('',(3.7,0.,4.75));
#14424 = CARTESIAN_POINT('',(1.794155980046,0.,4.75));
#14425 = ORIENTED_EDGE('',*,*,#14426,.F.);
#14426 = EDGE_CURVE('',#14420,#14420,#14427,.T.);
#14427 = CIRCLE('',#14428,4.75);
#14428 = AXIS2_PLACEMENT_3D('',#14429,#14430,#14431);
#14429 = CARTESIAN_POINT('',(1.794155980046,0.,0.));
#14430 = DIRECTION('',(-1.,0.,-0.));
#14431 = DIRECTION('',(-0.,0.,1.));
#14432 = ORIENTED_EDGE('',*,*,#14419,.F.);
#14433 = CYLINDRICAL_SURFACE('',#14434,4.75);
#14434 = AXIS2_PLACEMENT_3D('',#14435,#14436,#14437);
#14435 = CARTESIAN_POINT('',(-25.4,0.,0.));
#14436 = DIRECTION('',(-1.,-0.,-0.));
#14437 = DIRECTION('',(-0.,0.,1.));
#14438 = ADVANCED_FACE('',(#14439),#14454,.T.);
#14439 = FACE_BOUND('',#14440,.T.);
#14440 = EDGE_LOOP('',(#14441,#14442,#14452,#14453));
#14441 = ORIENTED_EDGE('',*,*,#14426,.T.);
#14442 = ORIENTED_EDGE('',*,*,#14443,.T.);
#14443 = EDGE_CURVE('',#14420,#14017,#14444,.T.);
#14444 = ( BOUNDED_CURVE() B_SPLINE_CURVE(6,(#14445,#14446,#14447,#14448
    ,#14449,#14450,#14451),.UNSPECIFIED.,.F.,.F.) 
B_SPLINE_CURVE_WITH_KNOTS((7,7),(0.,0.964854566379),
.PIECEWISE_BEZIER_KNOTS.) CURVE() GEOMETRIC_REPRESENTATION_ITEM() 
RATIONAL_B_SPLINE_CURVE((1.011714577866,1.0038438045,0.999219965065,
    0.997692311916,0.999219965065,1.0038438045,1.011714577866)) 
REPRESENTATION_ITEM('') );
#14445 = CARTESIAN_POINT('',(1.794155980046,0.,4.75));
#14446 = CARTESIAN_POINT('',(1.72122452522,0.,4.75));
#14447 = CARTESIAN_POINT('',(1.648986031416,0.,4.735861228974));
#14448 = CARTESIAN_POINT('',(1.58047886465,0.,4.70801441501));
#14449 = CARTESIAN_POINT('',(1.51857240094,0.,4.66756362148));
#14450 = CARTESIAN_POINT('',(1.465808357102,0.,4.616238573881));
#14451 = CARTESIAN_POINT('',(1.424271237135,0.,4.556291390728));
#14452 = ORIENTED_EDGE('',*,*,#14016,.F.);
#14453 = ORIENTED_EDGE('',*,*,#14443,.F.);
#14454 = TOROIDAL_SURFACE('',#14455,4.3,0.45);
#14455 = AXIS2_PLACEMENT_3D('',#14456,#14457,#14458);
#14456 = CARTESIAN_POINT('',(1.794155980046,0.,0.));
#14457 = DIRECTION('',(-1.,-0.,-0.));
#14458 = DIRECTION('',(-0.,0.,1.));
#14459 = ADVANCED_FACE('',(#14460),#14475,.F.);
#14460 = FACE_BOUND('',#14461,.F.);
#14461 = EDGE_LOOP('',(#14462,#14463,#14473,#14474));
#14462 = ORIENTED_EDGE('',*,*,#14367,.T.);
#14463 = ORIENTED_EDGE('',*,*,#14464,.F.);
#14464 = EDGE_CURVE('',#14391,#14361,#14465,.T.);
#14465 = ( BOUNDED_CURVE() B_SPLINE_CURVE(6,(#14466,#14467,#14468,#14469
    ,#14470,#14471,#14472),.UNSPECIFIED.,.F.,.F.) 
B_SPLINE_CURVE_WITH_KNOTS((7,7),(1.570796326795,3.14159265359),
.PIECEWISE_BEZIER_KNOTS.) CURVE() GEOMETRIC_REPRESENTATION_ITEM() 
RATIONAL_B_SPLINE_CURVE((1.031393471788,1.010025407661,0.997924642725,
    0.993958444137,0.997924642725,1.010025407661,1.031393471788)) 
REPRESENTATION_ITEM('') );
#14466 = CARTESIAN_POINT('',(3.7,-6.613092715396E-16,2.7));
#14467 = CARTESIAN_POINT('',(3.7,-6.482135461083E-16,2.646532643369));
#14468 = CARTESIAN_POINT('',(3.717000870127,-6.354590069678E-16,
    2.594458285484));
#14469 = CARTESIAN_POINT('',(3.74961609736,-6.244758385372E-16,
    2.54961609736));
#14470 = CARTESIAN_POINT('',(3.794458285484,-6.164874118104E-16,
    2.517000870127));
#14471 = CARTESIAN_POINT('',(3.846532643369,-6.123233995737E-16,2.5));
#14472 = CARTESIAN_POINT('',(3.9,-6.123233995737E-16,2.5));
#14473 = ORIENTED_EDGE('',*,*,#14390,.T.);
#14474 = ORIENTED_EDGE('',*,*,#14464,.T.);
#14475 = TOROIDAL_SURFACE('',#14476,2.7,0.2);
#14476 = AXIS2_PLACEMENT_3D('',#14477,#14478,#14479);
#14477 = CARTESIAN_POINT('',(3.9,0.,0.));
#14478 = DIRECTION('',(-1.,-0.,-0.));
#14479 = DIRECTION('',(-0.,0.,1.));
#14480 = ADVANCED_FACE('',(#14481),#14507,.T.);
#14481 = FACE_BOUND('',#14482,.T.);
#14482 = EDGE_LOOP('',(#14483,#14492,#14499,#14506));
#14483 = ORIENTED_EDGE('',*,*,#14484,.F.);
#14484 = EDGE_CURVE('',#14485,#14485,#14487,.T.);
#14485 = VERTEX_POINT('',#14486);
#14486 = CARTESIAN_POINT('',(5.3,-2.055,0.));
#14487 = CIRCLE('',#14488,2.055);
#14488 = AXIS2_PLACEMENT_3D('',#14489,#14490,#14491);
#14489 = CARTESIAN_POINT('',(5.3,1.037853884864E-15,0.));
#14490 = DIRECTION('',(-1.,-1.224606353822E-16,0.));
#14491 = DIRECTION('',(1.224606353822E-16,-1.,0.));
#14492 = ORIENTED_EDGE('',*,*,#14493,.T.);
#14493 = EDGE_CURVE('',#14485,#14494,#14496,.T.);
#14494 = VERTEX_POINT('',#14495);
#14495 = CARTESIAN_POINT('',(5.611592354503,-2.5,0.));
#14496 = B_SPLINE_CURVE_WITH_KNOTS('',1,(#14497,#14498),.UNSPECIFIED.,
  .F.,.F.,(2,2),(-0.543244691999,3.330669073875E-16),
  .PIECEWISE_BEZIER_KNOTS.);
#14497 = CARTESIAN_POINT('',(5.3,-2.055,2.516649172248E-16));
#14498 = CARTESIAN_POINT('',(5.611592354503,-2.5,3.061616997868E-16));
#14499 = ORIENTED_EDGE('',*,*,#14500,.T.);
#14500 = EDGE_CURVE('',#14494,#14494,#14501,.T.);
#14501 = CIRCLE('',#14502,2.5);
#14502 = AXIS2_PLACEMENT_3D('',#14503,#14504,#14505);
#14503 = CARTESIAN_POINT('',(5.611592354503,1.076011682577E-15,0.));
#14504 = DIRECTION('',(-1.,-1.224606353822E-16,0.));
#14505 = DIRECTION('',(1.224606353822E-16,-1.,0.));
#14506 = ORIENTED_EDGE('',*,*,#14493,.F.);
#14507 = CONICAL_SURFACE('',#14508,2.5,0.959931088597);
#14508 = AXIS2_PLACEMENT_3D('',#14509,#14510,#14511);
#14509 = CARTESIAN_POINT('',(5.611592354503,1.076011682577E-15,0.));
#14510 = DIRECTION('',(1.,1.224606353822E-16,0.));
#14511 = DIRECTION('',(-1.224606353822E-16,1.,0.));
#14512 = ADVANCED_FACE('',(#14513),#14524,.T.);
#14513 = FACE_BOUND('',#14514,.T.);
#14514 = EDGE_LOOP('',(#14515,#14516,#14521,#14522,#14523));
#14515 = ORIENTED_EDGE('',*,*,#14349,.F.);
#14516 = ORIENTED_EDGE('',*,*,#14517,.F.);
#14517 = EDGE_CURVE('',#14485,#14350,#14518,.T.);
#14518 = B_SPLINE_CURVE_WITH_KNOTS('',1,(#14519,#14520),.UNSPECIFIED.,
  .F.,.F.,(2,2),(0.,0.543244691999),.PIECEWISE_BEZIER_KNOTS.);
#14519 = CARTESIAN_POINT('',(5.3,-2.055,-5.033298344496E-16));
#14520 = CARTESIAN_POINT('',(4.988407645497,-2.5,-6.123233995737E-16));
#14521 = ORIENTED_EDGE('',*,*,#14484,.T.);
#14522 = ORIENTED_EDGE('',*,*,#14517,.T.);
#14523 = ORIENTED_EDGE('',*,*,#14375,.F.);
#14524 = CONICAL_SURFACE('',#14525,2.055,0.959931088597);
#14525 = AXIS2_PLACEMENT_3D('',#14526,#14527,#14528);
#14526 = CARTESIAN_POINT('',(5.3,1.037853884864E-15,0.));
#14527 = DIRECTION('',(-1.,-1.224606353822E-16,-0.));
#14528 = DIRECTION('',(1.224606353822E-16,-1.,0.));
#14529 = ADVANCED_FACE('',(#14530),#14548,.T.);
#14530 = FACE_BOUND('',#14531,.T.);
#14531 = EDGE_LOOP('',(#14532,#14541,#14546,#14547));
#14532 = ORIENTED_EDGE('',*,*,#14533,.T.);
#14533 = EDGE_CURVE('',#14534,#14534,#14536,.T.);
#14534 = VERTEX_POINT('',#14535);
#14535 = CARTESIAN_POINT('',(5.788407645497,-2.5,0.));
#14536 = CIRCLE('',#14537,2.5);
#14537 = AXIS2_PLACEMENT_3D('',#14538,#14539,#14540);
#14538 = CARTESIAN_POINT('',(5.788407645497,9.996960871517E-16,0.));
#14539 = DIRECTION('',(-1.,-1.224606353822E-16,0.));
#14540 = DIRECTION('',(1.224606353822E-16,-1.,0.));
#14541 = ORIENTED_EDGE('',*,*,#14542,.T.);
#14542 = EDGE_CURVE('',#14534,#14494,#14543,.T.);
#14543 = B_SPLINE_CURVE_WITH_KNOTS('',1,(#14544,#14545),.UNSPECIFIED.,
  .F.,.F.,(2,2),(-31.18840764549,-31.0115923545),
  .PIECEWISE_BEZIER_KNOTS.);
#14544 = CARTESIAN_POINT('',(5.788407645497,-2.5,1.530808498934E-16));
#14545 = CARTESIAN_POINT('',(5.611592354503,-2.5,1.530808498934E-16));
#14546 = ORIENTED_EDGE('',*,*,#14500,.F.);
#14547 = ORIENTED_EDGE('',*,*,#14542,.F.);
#14548 = CYLINDRICAL_SURFACE('',#14549,2.5);
#14549 = AXIS2_PLACEMENT_3D('',#14550,#14551,#14552);
#14550 = CARTESIAN_POINT('',(-25.4,0.,0.));
#14551 = DIRECTION('',(-1.,-0.,-0.));
#14552 = DIRECTION('',(-0.,0.,1.));
#14553 = ADVANCED_FACE('',(#14554),#14580,.T.);
#14554 = FACE_BOUND('',#14555,.T.);
#14555 = EDGE_LOOP('',(#14556,#14565,#14572,#14579));
#14556 = ORIENTED_EDGE('',*,*,#14557,.F.);
#14557 = EDGE_CURVE('',#14558,#14558,#14560,.T.);
#14558 = VERTEX_POINT('',#14559);
#14559 = CARTESIAN_POINT('',(6.1,-2.055,0.));
#14560 = CIRCLE('',#14561,2.055);
#14561 = AXIS2_PLACEMENT_3D('',#14562,#14563,#14564);
#14562 = CARTESIAN_POINT('',(6.1,1.037853884864E-15,0.));
#14563 = DIRECTION('',(-1.,-1.224606353822E-16,0.));
#14564 = DIRECTION('',(1.224606353822E-16,-1.,0.));
#14565 = ORIENTED_EDGE('',*,*,#14566,.T.);
#14566 = EDGE_CURVE('',#14558,#14567,#14569,.T.);
#14567 = VERTEX_POINT('',#14568);
#14568 = CARTESIAN_POINT('',(6.411592354503,-2.5,0.));
#14569 = B_SPLINE_CURVE_WITH_KNOTS('',1,(#14570,#14571),.UNSPECIFIED.,
  .F.,.F.,(2,2),(-0.543244691999,3.330669073875E-16),
  .PIECEWISE_BEZIER_KNOTS.);
#14570 = CARTESIAN_POINT('',(6.1,-2.055,2.516649172248E-16));
#14571 = CARTESIAN_POINT('',(6.411592354503,-2.5,3.061616997868E-16));
#14572 = ORIENTED_EDGE('',*,*,#14573,.T.);
#14573 = EDGE_CURVE('',#14567,#14567,#14574,.T.);
#14574 = CIRCLE('',#14575,2.5);
#14575 = AXIS2_PLACEMENT_3D('',#14576,#14577,#14578);
#14576 = CARTESIAN_POINT('',(6.411592354503,1.076011682577E-15,0.));
#14577 = DIRECTION('',(-1.,-1.224606353822E-16,0.));
#14578 = DIRECTION('',(1.224606353822E-16,-1.,0.));
#14579 = ORIENTED_EDGE('',*,*,#14566,.F.);
#14580 = CONICAL_SURFACE('',#14581,2.5,0.959931088597);
#14581 = AXIS2_PLACEMENT_3D('',#14582,#14583,#14584);
#14582 = CARTESIAN_POINT('',(6.411592354503,1.076011682577E-15,0.));
#14583 = DIRECTION('',(1.,1.224606353822E-16,0.));
#14584 = DIRECTION('',(-1.224606353822E-16,1.,0.));
#14585 = ADVANCED_FACE('',(#14586),#14596,.T.);
#14586 = FACE_BOUND('',#14587,.T.);
#14587 = EDGE_LOOP('',(#14588,#14589,#14594,#14595));
#14588 = ORIENTED_EDGE('',*,*,#14533,.F.);
#14589 = ORIENTED_EDGE('',*,*,#14590,.F.);
#14590 = EDGE_CURVE('',#14558,#14534,#14591,.T.);
#14591 = B_SPLINE_CURVE_WITH_KNOTS('',1,(#14592,#14593),.UNSPECIFIED.,
  .F.,.F.,(2,2),(3.637765840954E-16,0.543244691999),
  .PIECEWISE_BEZIER_KNOTS.);
#14592 = CARTESIAN_POINT('',(6.1,-2.055,-5.033298344496E-16));
#14593 = CARTESIAN_POINT('',(5.788407645497,-2.5,-6.123233995737E-16));
#14594 = ORIENTED_EDGE('',*,*,#14557,.T.);
#14595 = ORIENTED_EDGE('',*,*,#14590,.T.);
#14596 = CONICAL_SURFACE('',#14597,2.055,0.959931088597);
#14597 = AXIS2_PLACEMENT_3D('',#14598,#14599,#14600);
#14598 = CARTESIAN_POINT('',(6.1,1.037853884864E-15,0.));
#14599 = DIRECTION('',(-1.,-1.224606353822E-16,-0.));
#14600 = DIRECTION('',(1.224606353822E-16,-1.,0.));
#14601 = ADVANCED_FACE('',(#14602),#14620,.T.);
#14602 = FACE_BOUND('',#14603,.T.);
#14603 = EDGE_LOOP('',(#14604,#14613,#14618,#14619));
#14604 = ORIENTED_EDGE('',*,*,#14605,.T.);
#14605 = EDGE_CURVE('',#14606,#14606,#14608,.T.);
#14606 = VERTEX_POINT('',#14607);
#14607 = CARTESIAN_POINT('',(6.588407645497,-2.5,0.));
#14608 = CIRCLE('',#14609,2.5);
#14609 = AXIS2_PLACEMENT_3D('',#14610,#14611,#14612);
#14610 = CARTESIAN_POINT('',(6.588407645497,9.996960871517E-16,0.));
#14611 = DIRECTION('',(-1.,-1.224606353822E-16,0.));
#14612 = DIRECTION('',(1.224606353822E-16,-1.,0.));
#14613 = ORIENTED_EDGE('',*,*,#14614,.T.);
#14614 = EDGE_CURVE('',#14606,#14567,#14615,.T.);
#14615 = B_SPLINE_CURVE_WITH_KNOTS('',1,(#14616,#14617),.UNSPECIFIED.,
  .F.,.F.,(2,2),(-31.98840764549,-31.8115923545),
  .PIECEWISE_BEZIER_KNOTS.);
#14616 = CARTESIAN_POINT('',(6.588407645497,-2.5,1.530808498934E-16));
#14617 = CARTESIAN_POINT('',(6.411592354503,-2.5,1.530808498934E-16));
#14618 = ORIENTED_EDGE('',*,*,#14573,.F.);
#14619 = ORIENTED_EDGE('',*,*,#14614,.F.);
#14620 = CYLINDRICAL_SURFACE('',#14621,2.5);
#14621 = AXIS2_PLACEMENT_3D('',#14622,#14623,#14624);
#14622 = CARTESIAN_POINT('',(-25.4,0.,0.));
#14623 = DIRECTION('',(-1.,-0.,-0.));
#14624 = DIRECTION('',(-0.,0.,1.));
#14625 = ADVANCED_FACE('',(#14626),#14652,.T.);
#14626 = FACE_BOUND('',#14627,.T.);
#14627 = EDGE_LOOP('',(#14628,#14637,#14644,#14651));
#14628 = ORIENTED_EDGE('',*,*,#14629,.F.);
#14629 = EDGE_CURVE('',#14630,#14630,#14632,.T.);
#14630 = VERTEX_POINT('',#14631);
#14631 = CARTESIAN_POINT('',(6.9,-2.055,0.));
#14632 = CIRCLE('',#14633,2.055);
#14633 = AXIS2_PLACEMENT_3D('',#14634,#14635,#14636);
#14634 = CARTESIAN_POINT('',(6.9,1.037853884864E-15,0.));
#14635 = DIRECTION('',(-1.,-1.224606353822E-16,0.));
#14636 = DIRECTION('',(1.224606353822E-16,-1.,0.));
#14637 = ORIENTED_EDGE('',*,*,#14638,.T.);
#14638 = EDGE_CURVE('',#14630,#14639,#14641,.T.);
#14639 = VERTEX_POINT('',#14640);
#14640 = CARTESIAN_POINT('',(7.211592354503,-2.5,0.));
#14641 = B_SPLINE_CURVE_WITH_KNOTS('',1,(#14642,#14643),.UNSPECIFIED.,
  .F.,.F.,(2,2),(-0.543244691999,0.),.PIECEWISE_BEZIER_KNOTS.);
#14642 = CARTESIAN_POINT('',(6.9,-2.055,2.516649172248E-16));
#14643 = CARTESIAN_POINT('',(7.211592354503,-2.5,3.061616997868E-16));
#14644 = ORIENTED_EDGE('',*,*,#14645,.T.);
#14645 = EDGE_CURVE('',#14639,#14639,#14646,.T.);
#14646 = CIRCLE('',#14647,2.5);
#14647 = AXIS2_PLACEMENT_3D('',#14648,#14649,#14650);
#14648 = CARTESIAN_POINT('',(7.211592354503,1.076011682577E-15,0.));
#14649 = DIRECTION('',(-1.,-1.224606353822E-16,0.));
#14650 = DIRECTION('',(1.224606353822E-16,-1.,0.));
#14651 = ORIENTED_EDGE('',*,*,#14638,.F.);
#14652 = CONICAL_SURFACE('',#14653,2.5,0.959931088597);
#14653 = AXIS2_PLACEMENT_3D('',#14654,#14655,#14656);
#14654 = CARTESIAN_POINT('',(7.211592354503,1.076011682577E-15,0.));
#14655 = DIRECTION('',(1.,1.224606353822E-16,0.));
#14656 = DIRECTION('',(-1.224606353822E-16,1.,0.));
#14657 = ADVANCED_FACE('',(#14658),#14668,.T.);
#14658 = FACE_BOUND('',#14659,.T.);
#14659 = EDGE_LOOP('',(#14660,#14661,#14666,#14667));
#14660 = ORIENTED_EDGE('',*,*,#14605,.F.);
#14661 = ORIENTED_EDGE('',*,*,#14662,.F.);
#14662 = EDGE_CURVE('',#14630,#14606,#14663,.T.);
#14663 = B_SPLINE_CURVE_WITH_KNOTS('',1,(#14664,#14665),.UNSPECIFIED.,
  .F.,.F.,(2,2),(0.,0.543244691999),.PIECEWISE_BEZIER_KNOTS.);
#14664 = CARTESIAN_POINT('',(6.9,-2.055,-5.033298344496E-16));
#14665 = CARTESIAN_POINT('',(6.588407645497,-2.5,-6.123233995737E-16));
#14666 = ORIENTED_EDGE('',*,*,#14629,.T.);
#14667 = ORIENTED_EDGE('',*,*,#14662,.T.);
#14668 = CONICAL_SURFACE('',#14669,2.055,0.959931088597);
#14669 = AXIS2_PLACEMENT_3D('',#14670,#14671,#14672);
#14670 = CARTESIAN_POINT('',(6.9,1.037853884864E-15,0.));
#14671 = DIRECTION('',(-1.,-1.224606353822E-16,-0.));
#14672 = DIRECTION('',(1.224606353822E-16,-1.,0.));
#14673 = ADVANCED_FACE('',(#14674),#14692,.T.);
#14674 = FACE_BOUND('',#14675,.T.);
#14675 = EDGE_LOOP('',(#14676,#14685,#14690,#14691));
#14676 = ORIENTED_EDGE('',*,*,#14677,.T.);
#14677 = EDGE_CURVE('',#14678,#14678,#14680,.T.);
#14678 = VERTEX_POINT('',#14679);
#14679 = CARTESIAN_POINT('',(7.388407645497,-2.5,0.));
#14680 = CIRCLE('',#14681,2.5);
#14681 = AXIS2_PLACEMENT_3D('',#14682,#14683,#14684);
#14682 = CARTESIAN_POINT('',(7.388407645497,9.996960871517E-16,0.));
#14683 = DIRECTION('',(-1.,-1.224606353822E-16,0.));
#14684 = DIRECTION('',(1.224606353822E-16,-1.,0.));
#14685 = ORIENTED_EDGE('',*,*,#14686,.T.);
#14686 = EDGE_CURVE('',#14678,#14639,#14687,.T.);
#14687 = B_SPLINE_CURVE_WITH_KNOTS('',1,(#14688,#14689),.UNSPECIFIED.,
  .F.,.F.,(2,2),(-32.78840764549,-32.6115923545),
  .PIECEWISE_BEZIER_KNOTS.);
#14688 = CARTESIAN_POINT('',(7.388407645497,-2.5,1.530808498934E-16));
#14689 = CARTESIAN_POINT('',(7.211592354503,-2.5,1.530808498934E-16));
#14690 = ORIENTED_EDGE('',*,*,#14645,.F.);
#14691 = ORIENTED_EDGE('',*,*,#14686,.F.);
#14692 = CYLINDRICAL_SURFACE('',#14693,2.5);
#14693 = AXIS2_PLACEMENT_3D('',#14694,#14695,#14696);
#14694 = CARTESIAN_POINT('',(-25.4,0.,0.));
#14695 = DIRECTION('',(-1.,-0.,-0.));
#14696 = DIRECTION('',(-0.,0.,1.));
#14697 = ADVANCED_FACE('',(#14698),#14724,.T.);
#14698 = FACE_BOUND('',#14699,.T.);
#14699 = EDGE_LOOP('',(#14700,#14709,#14716,#14723));
#14700 = ORIENTED_EDGE('',*,*,#14701,.F.);
#14701 = EDGE_CURVE('',#14702,#14702,#14704,.T.);
#14702 = VERTEX_POINT('',#14703);
#14703 = CARTESIAN_POINT('',(7.7,-2.055,0.));
#14704 = CIRCLE('',#14705,2.055);
#14705 = AXIS2_PLACEMENT_3D('',#14706,#14707,#14708);
#14706 = CARTESIAN_POINT('',(7.7,1.037853884864E-15,0.));
#14707 = DIRECTION('',(-1.,-1.224606353822E-16,0.));
#14708 = DIRECTION('',(1.224606353822E-16,-1.,0.));
#14709 = ORIENTED_EDGE('',*,*,#14710,.T.);
#14710 = EDGE_CURVE('',#14702,#14711,#14713,.T.);
#14711 = VERTEX_POINT('',#14712);
#14712 = CARTESIAN_POINT('',(8.011592354503,-2.5,0.));
#14713 = B_SPLINE_CURVE_WITH_KNOTS('',1,(#14714,#14715),.UNSPECIFIED.,
  .F.,.F.,(2,2),(-0.543244691999,0.),.PIECEWISE_BEZIER_KNOTS.);
#14714 = CARTESIAN_POINT('',(7.7,-2.055,2.516649172248E-16));
#14715 = CARTESIAN_POINT('',(8.011592354503,-2.5,3.061616997868E-16));
#14716 = ORIENTED_EDGE('',*,*,#14717,.T.);
#14717 = EDGE_CURVE('',#14711,#14711,#14718,.T.);
#14718 = CIRCLE('',#14719,2.5);
#14719 = AXIS2_PLACEMENT_3D('',#14720,#14721,#14722);
#14720 = CARTESIAN_POINT('',(8.011592354503,1.076011682577E-15,0.));
#14721 = DIRECTION('',(-1.,-1.224606353822E-16,0.));
#14722 = DIRECTION('',(1.224606353822E-16,-1.,0.));
#14723 = ORIENTED_EDGE('',*,*,#14710,.F.);
#14724 = CONICAL_SURFACE('',#14725,2.5,0.959931088597);
#14725 = AXIS2_PLACEMENT_3D('',#14726,#14727,#14728);
#14726 = CARTESIAN_POINT('',(8.011592354503,1.076011682577E-15,0.));
#14727 = DIRECTION('',(1.,1.224606353822E-16,0.));
#14728 = DIRECTION('',(-1.224606353822E-16,1.,0.));
#14729 = ADVANCED_FACE('',(#14730),#14740,.T.);
#14730 = FACE_BOUND('',#14731,.T.);
#14731 = EDGE_LOOP('',(#14732,#14733,#14738,#14739));
#14732 = ORIENTED_EDGE('',*,*,#14677,.F.);
#14733 = ORIENTED_EDGE('',*,*,#14734,.F.);
#14734 = EDGE_CURVE('',#14702,#14678,#14735,.T.);
#14735 = B_SPLINE_CURVE_WITH_KNOTS('',1,(#14736,#14737),.UNSPECIFIED.,
  .F.,.F.,(2,2),(0.,0.543244691999),.PIECEWISE_BEZIER_KNOTS.);
#14736 = CARTESIAN_POINT('',(7.7,-2.055,-5.033298344496E-16));
#14737 = CARTESIAN_POINT('',(7.388407645497,-2.5,-6.123233995737E-16));
#14738 = ORIENTED_EDGE('',*,*,#14701,.T.);
#14739 = ORIENTED_EDGE('',*,*,#14734,.T.);
#14740 = CONICAL_SURFACE('',#14741,2.055,0.959931088597);
#14741 = AXIS2_PLACEMENT_3D('',#14742,#14743,#14744);
#14742 = CARTESIAN_POINT('',(7.7,1.037853884864E-15,0.));
#14743 = DIRECTION('',(-1.,-1.224606353822E-16,-0.));
#14744 = DIRECTION('',(1.224606353822E-16,-1.,0.));
#14745 = ADVANCED_FACE('',(#14746),#14764,.T.);
#14746 = FACE_BOUND('',#14747,.T.);
#14747 = EDGE_LOOP('',(#14748,#14757,#14762,#14763));
#14748 = ORIENTED_EDGE('',*,*,#14749,.T.);
#14749 = EDGE_CURVE('',#14750,#14750,#14752,.T.);
#14750 = VERTEX_POINT('',#14751);
#14751 = CARTESIAN_POINT('',(8.188407645497,-2.5,0.));
#14752 = CIRCLE('',#14753,2.5);
#14753 = AXIS2_PLACEMENT_3D('',#14754,#14755,#14756);
#14754 = CARTESIAN_POINT('',(8.188407645497,9.996960871517E-16,0.));
#14755 = DIRECTION('',(-1.,-1.224606353822E-16,0.));
#14756 = DIRECTION('',(1.224606353822E-16,-1.,0.));
#14757 = ORIENTED_EDGE('',*,*,#14758,.T.);
#14758 = EDGE_CURVE('',#14750,#14711,#14759,.T.);
#14759 = B_SPLINE_CURVE_WITH_KNOTS('',1,(#14760,#14761),.UNSPECIFIED.,
  .F.,.F.,(2,2),(-33.58840764549,-33.4115923545),
  .PIECEWISE_BEZIER_KNOTS.);
#14760 = CARTESIAN_POINT('',(8.188407645497,-2.5,1.530808498934E-16));
#14761 = CARTESIAN_POINT('',(8.011592354503,-2.5,1.530808498934E-16));
#14762 = ORIENTED_EDGE('',*,*,#14717,.F.);
#14763 = ORIENTED_EDGE('',*,*,#14758,.F.);
#14764 = CYLINDRICAL_SURFACE('',#14765,2.5);
#14765 = AXIS2_PLACEMENT_3D('',#14766,#14767,#14768);
#14766 = CARTESIAN_POINT('',(-25.4,0.,0.));
#14767 = DIRECTION('',(-1.,-0.,-0.));
#14768 = DIRECTION('',(-0.,0.,1.));
#14769 = ADVANCED_FACE('',(#14770),#14796,.T.);
#14770 = FACE_BOUND('',#14771,.T.);
#14771 = EDGE_LOOP('',(#14772,#14781,#14788,#14795));
#14772 = ORIENTED_EDGE('',*,*,#14773,.F.);
#14773 = EDGE_CURVE('',#14774,#14774,#14776,.T.);
#14774 = VERTEX_POINT('',#14775);
#14775 = CARTESIAN_POINT('',(8.5,-2.055,0.));
#14776 = CIRCLE('',#14777,2.055);
#14777 = AXIS2_PLACEMENT_3D('',#14778,#14779,#14780);
#14778 = CARTESIAN_POINT('',(8.5,1.037853884864E-15,0.));
#14779 = DIRECTION('',(-1.,-1.224606353822E-16,0.));
#14780 = DIRECTION('',(1.224606353822E-16,-1.,0.));
#14781 = ORIENTED_EDGE('',*,*,#14782,.T.);
#14782 = EDGE_CURVE('',#14774,#14783,#14785,.T.);
#14783 = VERTEX_POINT('',#14784);
#14784 = CARTESIAN_POINT('',(8.811592354503,-2.5,0.));
#14785 = B_SPLINE_CURVE_WITH_KNOTS('',1,(#14786,#14787),.UNSPECIFIED.,
  .F.,.F.,(2,2),(-0.543244691999,0.),.PIECEWISE_BEZIER_KNOTS.);
#14786 = CARTESIAN_POINT('',(8.5,-2.055,2.516649172248E-16));
#14787 = CARTESIAN_POINT('',(8.811592354503,-2.5,3.061616997868E-16));
#14788 = ORIENTED_EDGE('',*,*,#14789,.T.);
#14789 = EDGE_CURVE('',#14783,#14783,#14790,.T.);
#14790 = CIRCLE('',#14791,2.5);
#14791 = AXIS2_PLACEMENT_3D('',#14792,#14793,#14794);
#14792 = CARTESIAN_POINT('',(8.811592354503,1.076011682577E-15,0.));
#14793 = DIRECTION('',(-1.,-1.224606353822E-16,0.));
#14794 = DIRECTION('',(1.224606353822E-16,-1.,0.));
#14795 = ORIENTED_EDGE('',*,*,#14782,.F.);
#14796 = CONICAL_SURFACE('',#14797,2.5,0.959931088597);
#14797 = AXIS2_PLACEMENT_3D('',#14798,#14799,#14800);
#14798 = CARTESIAN_POINT('',(8.811592354503,1.076011682577E-15,0.));
#14799 = DIRECTION('',(1.,1.224606353822E-16,0.));
#14800 = DIRECTION('',(-1.224606353822E-16,1.,0.));
#14801 = ADVANCED_FACE('',(#14802),#14812,.T.);
#14802 = FACE_BOUND('',#14803,.T.);
#14803 = EDGE_LOOP('',(#14804,#14805,#14810,#14811));
#14804 = ORIENTED_EDGE('',*,*,#14749,.F.);
#14805 = ORIENTED_EDGE('',*,*,#14806,.F.);
#14806 = EDGE_CURVE('',#14774,#14750,#14807,.T.);
#14807 = B_SPLINE_CURVE_WITH_KNOTS('',1,(#14808,#14809),.UNSPECIFIED.,
  .F.,.F.,(2,2),(0.,0.543244691999),.PIECEWISE_BEZIER_KNOTS.);
#14808 = CARTESIAN_POINT('',(8.5,-2.055,-5.033298344496E-16));
#14809 = CARTESIAN_POINT('',(8.188407645497,-2.5,-6.123233995737E-16));
#14810 = ORIENTED_EDGE('',*,*,#14773,.T.);
#14811 = ORIENTED_EDGE('',*,*,#14806,.T.);
#14812 = CONICAL_SURFACE('',#14813,2.055,0.959931088597);
#14813 = AXIS2_PLACEMENT_3D('',#14814,#14815,#14816);
#14814 = CARTESIAN_POINT('',(8.5,1.037853884864E-15,0.));
#14815 = DIRECTION('',(-1.,-1.224606353822E-16,-0.));
#14816 = DIRECTION('',(1.224606353822E-16,-1.,0.));
#14817 = ADVANCED_FACE('',(#14818),#14836,.T.);
#14818 = FACE_BOUND('',#14819,.T.);
#14819 = EDGE_LOOP('',(#14820,#14829,#14834,#14835));
#14820 = ORIENTED_EDGE('',*,*,#14821,.T.);
#14821 = EDGE_CURVE('',#14822,#14822,#14824,.T.);
#14822 = VERTEX_POINT('',#14823);
#14823 = CARTESIAN_POINT('',(8.988407645497,-2.5,0.));
#14824 = CIRCLE('',#14825,2.5);
#14825 = AXIS2_PLACEMENT_3D('',#14826,#14827,#14828);
#14826 = CARTESIAN_POINT('',(8.988407645497,9.996960871517E-16,0.));
#14827 = DIRECTION('',(-1.,-1.224606353822E-16,0.));
#14828 = DIRECTION('',(1.224606353822E-16,-1.,0.));
#14829 = ORIENTED_EDGE('',*,*,#14830,.T.);
#14830 = EDGE_CURVE('',#14822,#14783,#14831,.T.);
#14831 = B_SPLINE_CURVE_WITH_KNOTS('',1,(#14832,#14833),.UNSPECIFIED.,
  .F.,.F.,(2,2),(-34.38840764549,-34.2115923545),
  .PIECEWISE_BEZIER_KNOTS.);
#14832 = CARTESIAN_POINT('',(8.988407645497,-2.5,1.530808498934E-16));
#14833 = CARTESIAN_POINT('',(8.811592354503,-2.5,1.530808498934E-16));
#14834 = ORIENTED_EDGE('',*,*,#14789,.F.);
#14835 = ORIENTED_EDGE('',*,*,#14830,.F.);
#14836 = CYLINDRICAL_SURFACE('',#14837,2.5);
#14837 = AXIS2_PLACEMENT_3D('',#14838,#14839,#14840);
#14838 = CARTESIAN_POINT('',(-25.4,0.,0.));
#14839 = DIRECTION('',(-1.,-0.,-0.));
#14840 = DIRECTION('',(-0.,0.,1.));
#14841 = ADVANCED_FACE('',(#14842),#14868,.T.);
#14842 = FACE_BOUND('',#14843,.T.);
#14843 = EDGE_LOOP('',(#14844,#14853,#14860,#14867));
#14844 = ORIENTED_EDGE('',*,*,#14845,.F.);
#14845 = EDGE_CURVE('',#14846,#14846,#14848,.T.);
#14846 = VERTEX_POINT('',#14847);
#14847 = CARTESIAN_POINT('',(9.3,-2.055,0.));
#14848 = CIRCLE('',#14849,2.055);
#14849 = AXIS2_PLACEMENT_3D('',#14850,#14851,#14852);
#14850 = CARTESIAN_POINT('',(9.3,1.037853884864E-15,0.));
#14851 = DIRECTION('',(-1.,-1.224606353822E-16,0.));
#14852 = DIRECTION('',(1.224606353822E-16,-1.,0.));
#14853 = ORIENTED_EDGE('',*,*,#14854,.T.);
#14854 = EDGE_CURVE('',#14846,#14855,#14857,.T.);
#14855 = VERTEX_POINT('',#14856);
#14856 = CARTESIAN_POINT('',(9.611592354503,-2.5,0.));
#14857 = B_SPLINE_CURVE_WITH_KNOTS('',1,(#14858,#14859),.UNSPECIFIED.,
  .F.,.F.,(2,2),(-0.543244691999,3.330669073875E-16),
  .PIECEWISE_BEZIER_KNOTS.);
#14858 = CARTESIAN_POINT('',(9.3,-2.055,2.516649172248E-16));
#14859 = CARTESIAN_POINT('',(9.611592354503,-2.5,3.061616997868E-16));
#14860 = ORIENTED_EDGE('',*,*,#14861,.T.);
#14861 = EDGE_CURVE('',#14855,#14855,#14862,.T.);
#14862 = CIRCLE('',#14863,2.5);
#14863 = AXIS2_PLACEMENT_3D('',#14864,#14865,#14866);
#14864 = CARTESIAN_POINT('',(9.611592354503,1.076011682577E-15,0.));
#14865 = DIRECTION('',(-1.,-1.224606353822E-16,0.));
#14866 = DIRECTION('',(1.224606353822E-16,-1.,0.));
#14867 = ORIENTED_EDGE('',*,*,#14854,.F.);
#14868 = CONICAL_SURFACE('',#14869,2.5,0.959931088597);
#14869 = AXIS2_PLACEMENT_3D('',#14870,#14871,#14872);
#14870 = CARTESIAN_POINT('',(9.611592354503,1.076011682577E-15,0.));
#14871 = DIRECTION('',(1.,1.224606353822E-16,0.));
#14872 = DIRECTION('',(-1.224606353822E-16,1.,0.));
#14873 = ADVANCED_FACE('',(#14874),#14884,.T.);
#14874 = FACE_BOUND('',#14875,.T.);
#14875 = EDGE_LOOP('',(#14876,#14877,#14882,#14883));
#14876 = ORIENTED_EDGE('',*,*,#14821,.F.);
#14877 = ORIENTED_EDGE('',*,*,#14878,.F.);
#14878 = EDGE_CURVE('',#14846,#14822,#14879,.T.);
#14879 = B_SPLINE_CURVE_WITH_KNOTS('',1,(#14880,#14881),.UNSPECIFIED.,
  .F.,.F.,(2,2),(3.637765840954E-16,0.543244691999),
  .PIECEWISE_BEZIER_KNOTS.);
#14880 = CARTESIAN_POINT('',(9.3,-2.055,-5.033298344496E-16));
#14881 = CARTESIAN_POINT('',(8.988407645497,-2.5,-6.123233995737E-16));
#14882 = ORIENTED_EDGE('',*,*,#14845,.T.);
#14883 = ORIENTED_EDGE('',*,*,#14878,.T.);
#14884 = CONICAL_SURFACE('',#14885,2.055,0.959931088597);
#14885 = AXIS2_PLACEMENT_3D('',#14886,#14887,#14888);
#14886 = CARTESIAN_POINT('',(9.3,1.037853884864E-15,0.));
#14887 = DIRECTION('',(-1.,-1.224606353822E-16,-0.));
#14888 = DIRECTION('',(1.224606353822E-16,-1.,0.));
#14889 = ADVANCED_FACE('',(#14890),#14908,.T.);
#14890 = FACE_BOUND('',#14891,.T.);
#14891 = EDGE_LOOP('',(#14892,#14901,#14906,#14907));
#14892 = ORIENTED_EDGE('',*,*,#14893,.T.);
#14893 = EDGE_CURVE('',#14894,#14894,#14896,.T.);
#14894 = VERTEX_POINT('',#14895);
#14895 = CARTESIAN_POINT('',(9.788407645497,-2.5,0.));
#14896 = CIRCLE('',#14897,2.5);
#14897 = AXIS2_PLACEMENT_3D('',#14898,#14899,#14900);
#14898 = CARTESIAN_POINT('',(9.788407645497,9.996960871517E-16,0.));
#14899 = DIRECTION('',(-1.,-1.224606353822E-16,0.));
#14900 = DIRECTION('',(1.224606353822E-16,-1.,0.));
#14901 = ORIENTED_EDGE('',*,*,#14902,.T.);
#14902 = EDGE_CURVE('',#14894,#14855,#14903,.T.);
#14903 = B_SPLINE_CURVE_WITH_KNOTS('',1,(#14904,#14905),.UNSPECIFIED.,
  .F.,.F.,(2,2),(-35.18840764549,-35.0115923545),
  .PIECEWISE_BEZIER_KNOTS.);
#14904 = CARTESIAN_POINT('',(9.788407645497,-2.5,1.530808498934E-16));
#14905 = CARTESIAN_POINT('',(9.611592354503,-2.5,1.530808498934E-16));
#14906 = ORIENTED_EDGE('',*,*,#14861,.F.);
#14907 = ORIENTED_EDGE('',*,*,#14902,.F.);
#14908 = CYLINDRICAL_SURFACE('',#14909,2.5);
#14909 = AXIS2_PLACEMENT_3D('',#14910,#14911,#14912);
#14910 = CARTESIAN_POINT('',(-25.4,0.,0.));
#14911 = DIRECTION('',(-1.,-0.,-0.));
#14912 = DIRECTION('',(-0.,0.,1.));
#14913 = ADVANCED_FACE('',(#14914),#14940,.T.);
#14914 = FACE_BOUND('',#14915,.T.);
#14915 = EDGE_LOOP('',(#14916,#14925,#14932,#14939));
#14916 = ORIENTED_EDGE('',*,*,#14917,.F.);
#14917 = EDGE_CURVE('',#14918,#14918,#14920,.T.);
#14918 = VERTEX_POINT('',#14919);
#14919 = CARTESIAN_POINT('',(10.1,-2.055,0.));
#14920 = CIRCLE('',#14921,2.055);
#14921 = AXIS2_PLACEMENT_3D('',#14922,#14923,#14924);
#14922 = CARTESIAN_POINT('',(10.1,1.037853884864E-15,0.));
#14923 = DIRECTION('',(-1.,-1.224606353822E-16,0.));
#14924 = DIRECTION('',(1.224606353822E-16,-1.,0.));
#14925 = ORIENTED_EDGE('',*,*,#14926,.T.);
#14926 = EDGE_CURVE('',#14918,#14927,#14929,.T.);
#14927 = VERTEX_POINT('',#14928);
#14928 = CARTESIAN_POINT('',(10.411592354503,-2.5,0.));
#14929 = B_SPLINE_CURVE_WITH_KNOTS('',1,(#14930,#14931),.UNSPECIFIED.,
  .F.,.F.,(2,2),(-0.543244691999,3.330669073875E-16),
  .PIECEWISE_BEZIER_KNOTS.);
#14930 = CARTESIAN_POINT('',(10.1,-2.055,2.516649172248E-16));
#14931 = CARTESIAN_POINT('',(10.411592354503,-2.5,3.061616997868E-16));
#14932 = ORIENTED_EDGE('',*,*,#14933,.T.);
#14933 = EDGE_CURVE('',#14927,#14927,#14934,.T.);
#14934 = CIRCLE('',#14935,2.5);
#14935 = AXIS2_PLACEMENT_3D('',#14936,#14937,#14938);
#14936 = CARTESIAN_POINT('',(10.411592354503,1.076011682577E-15,0.));
#14937 = DIRECTION('',(-1.,-1.224606353822E-16,0.));
#14938 = DIRECTION('',(1.224606353822E-16,-1.,0.));
#14939 = ORIENTED_EDGE('',*,*,#14926,.F.);
#14940 = CONICAL_SURFACE('',#14941,2.5,0.959931088597);
#14941 = AXIS2_PLACEMENT_3D('',#14942,#14943,#14944);
#14942 = CARTESIAN_POINT('',(10.411592354503,1.076011682577E-15,0.));
#14943 = DIRECTION('',(1.,1.224606353822E-16,0.));
#14944 = DIRECTION('',(-1.224606353822E-16,1.,0.));
#14945 = ADVANCED_FACE('',(#14946),#14956,.T.);
#14946 = FACE_BOUND('',#14947,.T.);
#14947 = EDGE_LOOP('',(#14948,#14949,#14954,#14955));
#14948 = ORIENTED_EDGE('',*,*,#14893,.F.);
#14949 = ORIENTED_EDGE('',*,*,#14950,.F.);
#14950 = EDGE_CURVE('',#14918,#14894,#14951,.T.);
#14951 = B_SPLINE_CURVE_WITH_KNOTS('',1,(#14952,#14953),.UNSPECIFIED.,
  .F.,.F.,(2,2),(3.637765840954E-16,0.543244691999),
  .PIECEWISE_BEZIER_KNOTS.);
#14952 = CARTESIAN_POINT('',(10.1,-2.055,-5.033298344496E-16));
#14953 = CARTESIAN_POINT('',(9.788407645497,-2.5,-6.123233995737E-16));
#14954 = ORIENTED_EDGE('',*,*,#14917,.T.);
#14955 = ORIENTED_EDGE('',*,*,#14950,.T.);
#14956 = CONICAL_SURFACE('',#14957,2.055,0.959931088597);
#14957 = AXIS2_PLACEMENT_3D('',#14958,#14959,#14960);
#14958 = CARTESIAN_POINT('',(10.1,1.037853884864E-15,0.));
#14959 = DIRECTION('',(-1.,-1.224606353822E-16,-0.));
#14960 = DIRECTION('',(1.224606353822E-16,-1.,0.));
#14961 = ADVANCED_FACE('',(#14962),#14980,.T.);
#14962 = FACE_BOUND('',#14963,.T.);
#14963 = EDGE_LOOP('',(#14964,#14973,#14978,#14979));
#14964 = ORIENTED_EDGE('',*,*,#14965,.T.);
#14965 = EDGE_CURVE('',#14966,#14966,#14968,.T.);
#14966 = VERTEX_POINT('',#14967);
#14967 = CARTESIAN_POINT('',(10.588407645497,-2.5,0.));
#14968 = CIRCLE('',#14969,2.5);
#14969 = AXIS2_PLACEMENT_3D('',#14970,#14971,#14972);
#14970 = CARTESIAN_POINT('',(10.588407645497,9.996960871517E-16,0.));
#14971 = DIRECTION('',(-1.,-1.224606353822E-16,0.));
#14972 = DIRECTION('',(1.224606353822E-16,-1.,0.));
#14973 = ORIENTED_EDGE('',*,*,#14974,.T.);
#14974 = EDGE_CURVE('',#14966,#14927,#14975,.T.);
#14975 = B_SPLINE_CURVE_WITH_KNOTS('',1,(#14976,#14977),.UNSPECIFIED.,
  .F.,.F.,(2,2),(-35.98840764549,-35.8115923545),
  .PIECEWISE_BEZIER_KNOTS.);
#14976 = CARTESIAN_POINT('',(10.588407645497,-2.5,1.530808498934E-16));
#14977 = CARTESIAN_POINT('',(10.411592354503,-2.5,1.530808498934E-16));
#14978 = ORIENTED_EDGE('',*,*,#14933,.F.);
#14979 = ORIENTED_EDGE('',*,*,#14974,.F.);
#14980 = CYLINDRICAL_SURFACE('',#14981,2.5);
#14981 = AXIS2_PLACEMENT_3D('',#14982,#14983,#14984);
#14982 = CARTESIAN_POINT('',(-25.4,0.,0.));
#14983 = DIRECTION('',(-1.,-0.,-0.));
#14984 = DIRECTION('',(-0.,0.,1.));
#14985 = ADVANCED_FACE('',(#14986),#15012,.T.);
#14986 = FACE_BOUND('',#14987,.T.);
#14987 = EDGE_LOOP('',(#14988,#14997,#15004,#15011));
#14988 = ORIENTED_EDGE('',*,*,#14989,.F.);
#14989 = EDGE_CURVE('',#14990,#14990,#14992,.T.);
#14990 = VERTEX_POINT('',#14991);
#14991 = CARTESIAN_POINT('',(10.9,-2.055,0.));
#14992 = CIRCLE('',#14993,2.055);
#14993 = AXIS2_PLACEMENT_3D('',#14994,#14995,#14996);
#14994 = CARTESIAN_POINT('',(10.9,1.037853884864E-15,0.));
#14995 = DIRECTION('',(-1.,-1.224606353822E-16,0.));
#14996 = DIRECTION('',(1.224606353822E-16,-1.,0.));
#14997 = ORIENTED_EDGE('',*,*,#14998,.T.);
#14998 = EDGE_CURVE('',#14990,#14999,#15001,.T.);
#14999 = VERTEX_POINT('',#15000);
#15000 = CARTESIAN_POINT('',(11.211592354503,-2.5,0.));
#15001 = B_SPLINE_CURVE_WITH_KNOTS('',1,(#15002,#15003),.UNSPECIFIED.,
  .F.,.F.,(2,2),(-0.543244691999,0.),.PIECEWISE_BEZIER_KNOTS.);
#15002 = CARTESIAN_POINT('',(10.9,-2.055,2.516649172248E-16));
#15003 = CARTESIAN_POINT('',(11.211592354503,-2.5,3.061616997868E-16));
#15004 = ORIENTED_EDGE('',*,*,#15005,.T.);
#15005 = EDGE_CURVE('',#14999,#14999,#15006,.T.);
#15006 = CIRCLE('',#15007,2.5);
#15007 = AXIS2_PLACEMENT_3D('',#15008,#15009,#15010);
#15008 = CARTESIAN_POINT('',(11.211592354503,1.076011682577E-15,0.));
#15009 = DIRECTION('',(-1.,-1.224606353822E-16,0.));
#15010 = DIRECTION('',(1.224606353822E-16,-1.,0.));
#15011 = ORIENTED_EDGE('',*,*,#14998,.F.);
#15012 = CONICAL_SURFACE('',#15013,2.5,0.959931088597);
#15013 = AXIS2_PLACEMENT_3D('',#15014,#15015,#15016);
#15014 = CARTESIAN_POINT('',(11.211592354503,1.076011682577E-15,0.));
#15015 = DIRECTION('',(1.,1.224606353822E-16,0.));
#15016 = DIRECTION('',(-1.224606353822E-16,1.,0.));
#15017 = ADVANCED_FACE('',(#15018),#15028,.T.);
#15018 = FACE_BOUND('',#15019,.T.);
#15019 = EDGE_LOOP('',(#15020,#15021,#15026,#15027));
#15020 = ORIENTED_EDGE('',*,*,#14965,.F.);
#15021 = ORIENTED_EDGE('',*,*,#15022,.F.);
#15022 = EDGE_CURVE('',#14990,#14966,#15023,.T.);
#15023 = B_SPLINE_CURVE_WITH_KNOTS('',1,(#15024,#15025),.UNSPECIFIED.,
  .F.,.F.,(2,2),(0.,0.543244691999),.PIECEWISE_BEZIER_KNOTS.);
#15024 = CARTESIAN_POINT('',(10.9,-2.055,-5.033298344496E-16));
#15025 = CARTESIAN_POINT('',(10.588407645497,-2.5,-6.123233995737E-16));
#15026 = ORIENTED_EDGE('',*,*,#14989,.T.);
#15027 = ORIENTED_EDGE('',*,*,#15022,.T.);
#15028 = CONICAL_SURFACE('',#15029,2.055,0.959931088597);
#15029 = AXIS2_PLACEMENT_3D('',#15030,#15031,#15032);
#15030 = CARTESIAN_POINT('',(10.9,1.037853884864E-15,0.));
#15031 = DIRECTION('',(-1.,-1.224606353822E-16,-0.));
#15032 = DIRECTION('',(1.224606353822E-16,-1.,0.));
#15033 = ADVANCED_FACE('',(#15034),#15052,.T.);
#15034 = FACE_BOUND('',#15035,.T.);
#15035 = EDGE_LOOP('',(#15036,#15045,#15050,#15051));
#15036 = ORIENTED_EDGE('',*,*,#15037,.T.);
#15037 = EDGE_CURVE('',#15038,#15038,#15040,.T.);
#15038 = VERTEX_POINT('',#15039);
#15039 = CARTESIAN_POINT('',(11.388407645497,-2.5,0.));
#15040 = CIRCLE('',#15041,2.5);
#15041 = AXIS2_PLACEMENT_3D('',#15042,#15043,#15044);
#15042 = CARTESIAN_POINT('',(11.388407645497,9.996960871517E-16,0.));
#15043 = DIRECTION('',(-1.,-1.224606353822E-16,0.));
#15044 = DIRECTION('',(1.224606353822E-16,-1.,0.));
#15045 = ORIENTED_EDGE('',*,*,#15046,.T.);
#15046 = EDGE_CURVE('',#15038,#14999,#15047,.T.);
#15047 = B_SPLINE_CURVE_WITH_KNOTS('',1,(#15048,#15049),.UNSPECIFIED.,
  .F.,.F.,(2,2),(-36.78840764549,-36.6115923545),
  .PIECEWISE_BEZIER_KNOTS.);
#15048 = CARTESIAN_POINT('',(11.388407645497,-2.5,1.530808498934E-16));
#15049 = CARTESIAN_POINT('',(11.211592354503,-2.5,1.530808498934E-16));
#15050 = ORIENTED_EDGE('',*,*,#15005,.F.);
#15051 = ORIENTED_EDGE('',*,*,#15046,.F.);
#15052 = CYLINDRICAL_SURFACE('',#15053,2.5);
#15053 = AXIS2_PLACEMENT_3D('',#15054,#15055,#15056);
#15054 = CARTESIAN_POINT('',(-25.4,0.,0.));
#15055 = DIRECTION('',(-1.,-0.,-0.));
#15056 = DIRECTION('',(-0.,0.,1.));
#15057 = ADVANCED_FACE('',(#15058),#15084,.T.);
#15058 = FACE_BOUND('',#15059,.T.);
#15059 = EDGE_LOOP('',(#15060,#15069,#15076,#15083));
#15060 = ORIENTED_EDGE('',*,*,#15061,.F.);
#15061 = EDGE_CURVE('',#15062,#15062,#15064,.T.);
#15062 = VERTEX_POINT('',#15063);
#15063 = CARTESIAN_POINT('',(11.7,-2.055,0.));
#15064 = CIRCLE('',#15065,2.055);
#15065 = AXIS2_PLACEMENT_3D('',#15066,#15067,#15068);
#15066 = CARTESIAN_POINT('',(11.7,1.037853884864E-15,0.));
#15067 = DIRECTION('',(-1.,-1.224606353822E-16,0.));
#15068 = DIRECTION('',(1.224606353822E-16,-1.,0.));
#15069 = ORIENTED_EDGE('',*,*,#15070,.T.);
#15070 = EDGE_CURVE('',#15062,#15071,#15073,.T.);
#15071 = VERTEX_POINT('',#15072);
#15072 = CARTESIAN_POINT('',(12.011592354503,-2.5,0.));
#15073 = B_SPLINE_CURVE_WITH_KNOTS('',1,(#15074,#15075),.UNSPECIFIED.,
  .F.,.F.,(2,2),(-0.543244691999,0.),.PIECEWISE_BEZIER_KNOTS.);
#15074 = CARTESIAN_POINT('',(11.7,-2.055,2.516649172248E-16));
#15075 = CARTESIAN_POINT('',(12.011592354503,-2.5,3.061616997868E-16));
#15076 = ORIENTED_EDGE('',*,*,#15077,.T.);
#15077 = EDGE_CURVE('',#15071,#15071,#15078,.T.);
#15078 = CIRCLE('',#15079,2.5);
#15079 = AXIS2_PLACEMENT_3D('',#15080,#15081,#15082);
#15080 = CARTESIAN_POINT('',(12.011592354503,1.076011682577E-15,0.));
#15081 = DIRECTION('',(-1.,-1.224606353822E-16,0.));
#15082 = DIRECTION('',(1.224606353822E-16,-1.,0.));
#15083 = ORIENTED_EDGE('',*,*,#15070,.F.);
#15084 = CONICAL_SURFACE('',#15085,2.5,0.959931088597);
#15085 = AXIS2_PLACEMENT_3D('',#15086,#15087,#15088);
#15086 = CARTESIAN_POINT('',(12.011592354503,1.076011682577E-15,0.));
#15087 = DIRECTION('',(1.,1.224606353822E-16,0.));
#15088 = DIRECTION('',(-1.224606353822E-16,1.,0.));
#15089 = ADVANCED_FACE('',(#15090),#15100,.T.);
#15090 = FACE_BOUND('',#15091,.T.);
#15091 = EDGE_LOOP('',(#15092,#15093,#15098,#15099));
#15092 = ORIENTED_EDGE('',*,*,#15037,.F.);
#15093 = ORIENTED_EDGE('',*,*,#15094,.F.);
#15094 = EDGE_CURVE('',#15062,#15038,#15095,.T.);
#15095 = B_SPLINE_CURVE_WITH_KNOTS('',1,(#15096,#15097),.UNSPECIFIED.,
  .F.,.F.,(2,2),(0.,0.543244691999),.PIECEWISE_BEZIER_KNOTS.);
#15096 = CARTESIAN_POINT('',(11.7,-2.055,-5.033298344496E-16));
#15097 = CARTESIAN_POINT('',(11.388407645497,-2.5,-6.123233995737E-16));
#15098 = ORIENTED_EDGE('',*,*,#15061,.T.);
#15099 = ORIENTED_EDGE('',*,*,#15094,.T.);
#15100 = CONICAL_SURFACE('',#15101,2.055,0.959931088597);
#15101 = AXIS2_PLACEMENT_3D('',#15102,#15103,#15104);
#15102 = CARTESIAN_POINT('',(11.7,1.037853884864E-15,0.));
#15103 = DIRECTION('',(-1.,-1.224606353822E-16,-0.));
#15104 = DIRECTION('',(1.224606353822E-16,-1.,0.));
#15105 = ADVANCED_FACE('',(#15106),#15124,.T.);
#15106 = FACE_BOUND('',#15107,.T.);
#15107 = EDGE_LOOP('',(#15108,#15117,#15122,#15123));
#15108 = ORIENTED_EDGE('',*,*,#15109,.T.);
#15109 = EDGE_CURVE('',#15110,#15110,#15112,.T.);
#15110 = VERTEX_POINT('',#15111);
#15111 = CARTESIAN_POINT('',(12.188407645497,-2.5,0.));
#15112 = CIRCLE('',#15113,2.5);
#15113 = AXIS2_PLACEMENT_3D('',#15114,#15115,#15116);
#15114 = CARTESIAN_POINT('',(12.188407645497,9.996960871517E-16,0.));
#15115 = DIRECTION('',(-1.,-1.224606353822E-16,0.));
#15116 = DIRECTION('',(1.224606353822E-16,-1.,0.));
#15117 = ORIENTED_EDGE('',*,*,#15118,.T.);
#15118 = EDGE_CURVE('',#15110,#15071,#15119,.T.);
#15119 = B_SPLINE_CURVE_WITH_KNOTS('',1,(#15120,#15121),.UNSPECIFIED.,
  .F.,.F.,(2,2),(-37.58840764549,-37.4115923545),
  .PIECEWISE_BEZIER_KNOTS.);
#15120 = CARTESIAN_POINT('',(12.188407645497,-2.5,1.530808498934E-16));
#15121 = CARTESIAN_POINT('',(12.011592354503,-2.5,1.530808498934E-16));
#15122 = ORIENTED_EDGE('',*,*,#15077,.F.);
#15123 = ORIENTED_EDGE('',*,*,#15118,.F.);
#15124 = CYLINDRICAL_SURFACE('',#15125,2.5);
#15125 = AXIS2_PLACEMENT_3D('',#15126,#15127,#15128);
#15126 = CARTESIAN_POINT('',(-25.4,0.,0.));
#15127 = DIRECTION('',(-1.,-0.,-0.));
#15128 = DIRECTION('',(-0.,0.,1.));
#15129 = ADVANCED_FACE('',(#15130),#15156,.T.);
#15130 = FACE_BOUND('',#15131,.T.);
#15131 = EDGE_LOOP('',(#15132,#15141,#15148,#15155));
#15132 = ORIENTED_EDGE('',*,*,#15133,.F.);
#15133 = EDGE_CURVE('',#15134,#15134,#15136,.T.);
#15134 = VERTEX_POINT('',#15135);
#15135 = CARTESIAN_POINT('',(12.5,-2.055,0.));
#15136 = CIRCLE('',#15137,2.055);
#15137 = AXIS2_PLACEMENT_3D('',#15138,#15139,#15140);
#15138 = CARTESIAN_POINT('',(12.5,1.037853884864E-15,0.));
#15139 = DIRECTION('',(-1.,-1.224606353822E-16,0.));
#15140 = DIRECTION('',(1.224606353822E-16,-1.,0.));
#15141 = ORIENTED_EDGE('',*,*,#15142,.T.);
#15142 = EDGE_CURVE('',#15134,#15143,#15145,.T.);
#15143 = VERTEX_POINT('',#15144);
#15144 = CARTESIAN_POINT('',(12.811592354503,-2.5,0.));
#15145 = B_SPLINE_CURVE_WITH_KNOTS('',1,(#15146,#15147),.UNSPECIFIED.,
  .F.,.F.,(2,2),(-0.543244691999,3.330669073875E-16),
  .PIECEWISE_BEZIER_KNOTS.);
#15146 = CARTESIAN_POINT('',(12.5,-2.055,2.516649172248E-16));
#15147 = CARTESIAN_POINT('',(12.811592354503,-2.5,3.061616997868E-16));
#15148 = ORIENTED_EDGE('',*,*,#15149,.T.);
#15149 = EDGE_CURVE('',#15143,#15143,#15150,.T.);
#15150 = CIRCLE('',#15151,2.5);
#15151 = AXIS2_PLACEMENT_3D('',#15152,#15153,#15154);
#15152 = CARTESIAN_POINT('',(12.811592354503,1.076011682577E-15,0.));
#15153 = DIRECTION('',(-1.,-1.224606353822E-16,0.));
#15154 = DIRECTION('',(1.224606353822E-16,-1.,0.));
#15155 = ORIENTED_EDGE('',*,*,#15142,.F.);
#15156 = CONICAL_SURFACE('',#15157,2.5,0.959931088597);
#15157 = AXIS2_PLACEMENT_3D('',#15158,#15159,#15160);
#15158 = CARTESIAN_POINT('',(12.811592354503,1.076011682577E-15,0.));
#15159 = DIRECTION('',(1.,1.224606353822E-16,0.));
#15160 = DIRECTION('',(-1.224606353822E-16,1.,0.));
#15161 = ADVANCED_FACE('',(#15162),#15172,.T.);
#15162 = FACE_BOUND('',#15163,.T.);
#15163 = EDGE_LOOP('',(#15164,#15165,#15170,#15171));
#15164 = ORIENTED_EDGE('',*,*,#15109,.F.);
#15165 = ORIENTED_EDGE('',*,*,#15166,.F.);
#15166 = EDGE_CURVE('',#15134,#15110,#15167,.T.);
#15167 = B_SPLINE_CURVE_WITH_KNOTS('',1,(#15168,#15169),.UNSPECIFIED.,
  .F.,.F.,(2,2),(0.,0.543244691999),.PIECEWISE_BEZIER_KNOTS.);
#15168 = CARTESIAN_POINT('',(12.5,-2.055,-5.033298344496E-16));
#15169 = CARTESIAN_POINT('',(12.188407645497,-2.5,-6.123233995737E-16));
#15170 = ORIENTED_EDGE('',*,*,#15133,.T.);
#15171 = ORIENTED_EDGE('',*,*,#15166,.T.);
#15172 = CONICAL_SURFACE('',#15173,2.055,0.959931088597);
#15173 = AXIS2_PLACEMENT_3D('',#15174,#15175,#15176);
#15174 = CARTESIAN_POINT('',(12.5,1.037853884864E-15,0.));
#15175 = DIRECTION('',(-1.,-1.224606353822E-16,-0.));
#15176 = DIRECTION('',(1.224606353822E-16,-1.,0.));
#15177 = ADVANCED_FACE('',(#15178),#15196,.T.);
#15178 = FACE_BOUND('',#15179,.T.);
#15179 = EDGE_LOOP('',(#15180,#15189,#15194,#15195));
#15180 = ORIENTED_EDGE('',*,*,#15181,.T.);
#15181 = EDGE_CURVE('',#15182,#15182,#15184,.T.);
#15182 = VERTEX_POINT('',#15183);
#15183 = CARTESIAN_POINT('',(12.988407645497,-2.5,0.));
#15184 = CIRCLE('',#15185,2.5);
#15185 = AXIS2_PLACEMENT_3D('',#15186,#15187,#15188);
#15186 = CARTESIAN_POINT('',(12.988407645497,9.996960871517E-16,0.));
#15187 = DIRECTION('',(-1.,-1.224606353822E-16,0.));
#15188 = DIRECTION('',(1.224606353822E-16,-1.,0.));
#15189 = ORIENTED_EDGE('',*,*,#15190,.T.);
#15190 = EDGE_CURVE('',#15182,#15143,#15191,.T.);
#15191 = B_SPLINE_CURVE_WITH_KNOTS('',1,(#15192,#15193),.UNSPECIFIED.,
  .F.,.F.,(2,2),(-38.38840764549,-38.2115923545),
  .PIECEWISE_BEZIER_KNOTS.);
#15192 = CARTESIAN_POINT('',(12.988407645497,-2.5,1.530808498934E-16));
#15193 = CARTESIAN_POINT('',(12.811592354503,-2.5,1.530808498934E-16));
#15194 = ORIENTED_EDGE('',*,*,#15149,.F.);
#15195 = ORIENTED_EDGE('',*,*,#15190,.F.);
#15196 = CYLINDRICAL_SURFACE('',#15197,2.5);
#15197 = AXIS2_PLACEMENT_3D('',#15198,#15199,#15200);
#15198 = CARTESIAN_POINT('',(-25.4,0.,0.));
#15199 = DIRECTION('',(-1.,-0.,-0.));
#15200 = DIRECTION('',(-0.,0.,1.));
#15201 = ADVANCED_FACE('',(#15202),#15228,.T.);
#15202 = FACE_BOUND('',#15203,.T.);
#15203 = EDGE_LOOP('',(#15204,#15213,#15220,#15227));
#15204 = ORIENTED_EDGE('',*,*,#15205,.F.);
#15205 = EDGE_CURVE('',#15206,#15206,#15208,.T.);
#15206 = VERTEX_POINT('',#15207);
#15207 = CARTESIAN_POINT('',(13.3,-2.055,0.));
#15208 = CIRCLE('',#15209,2.055);
#15209 = AXIS2_PLACEMENT_3D('',#15210,#15211,#15212);
#15210 = CARTESIAN_POINT('',(13.3,1.037853884864E-15,0.));
#15211 = DIRECTION('',(-1.,-1.224606353822E-16,0.));
#15212 = DIRECTION('',(1.224606353822E-16,-1.,0.));
#15213 = ORIENTED_EDGE('',*,*,#15214,.T.);
#15214 = EDGE_CURVE('',#15206,#15215,#15217,.T.);
#15215 = VERTEX_POINT('',#15216);
#15216 = CARTESIAN_POINT('',(13.611592354503,-2.5,0.));
#15217 = B_SPLINE_CURVE_WITH_KNOTS('',1,(#15218,#15219),.UNSPECIFIED.,
  .F.,.F.,(2,2),(-0.543244691999,3.330669073875E-16),
  .PIECEWISE_BEZIER_KNOTS.);
#15218 = CARTESIAN_POINT('',(13.3,-2.055,2.516649172248E-16));
#15219 = CARTESIAN_POINT('',(13.611592354503,-2.5,3.061616997868E-16));
#15220 = ORIENTED_EDGE('',*,*,#15221,.T.);
#15221 = EDGE_CURVE('',#15215,#15215,#15222,.T.);
#15222 = CIRCLE('',#15223,2.5);
#15223 = AXIS2_PLACEMENT_3D('',#15224,#15225,#15226);
#15224 = CARTESIAN_POINT('',(13.611592354503,1.076011682577E-15,0.));
#15225 = DIRECTION('',(-1.,-1.224606353822E-16,0.));
#15226 = DIRECTION('',(1.224606353822E-16,-1.,0.));
#15227 = ORIENTED_EDGE('',*,*,#15214,.F.);
#15228 = CONICAL_SURFACE('',#15229,2.5,0.959931088597);
#15229 = AXIS2_PLACEMENT_3D('',#15230,#15231,#15232);
#15230 = CARTESIAN_POINT('',(13.611592354503,1.076011682577E-15,0.));
#15231 = DIRECTION('',(1.,1.224606353822E-16,0.));
#15232 = DIRECTION('',(-1.224606353822E-16,1.,0.));
#15233 = ADVANCED_FACE('',(#15234),#15244,.T.);
#15234 = FACE_BOUND('',#15235,.T.);
#15235 = EDGE_LOOP('',(#15236,#15237,#15242,#15243));
#15236 = ORIENTED_EDGE('',*,*,#15181,.F.);
#15237 = ORIENTED_EDGE('',*,*,#15238,.F.);
#15238 = EDGE_CURVE('',#15206,#15182,#15239,.T.);
#15239 = B_SPLINE_CURVE_WITH_KNOTS('',1,(#15240,#15241),.UNSPECIFIED.,
  .F.,.F.,(2,2),(3.637765840954E-16,0.543244691999),
  .PIECEWISE_BEZIER_KNOTS.);
#15240 = CARTESIAN_POINT('',(13.3,-2.055,-5.033298344496E-16));
#15241 = CARTESIAN_POINT('',(12.988407645497,-2.5,-6.123233995737E-16));
#15242 = ORIENTED_EDGE('',*,*,#15205,.T.);
#15243 = ORIENTED_EDGE('',*,*,#15238,.T.);
#15244 = CONICAL_SURFACE('',#15245,2.055,0.959931088597);
#15245 = AXIS2_PLACEMENT_3D('',#15246,#15247,#15248);
#15246 = CARTESIAN_POINT('',(13.3,1.037853884864E-15,0.));
#15247 = DIRECTION('',(-1.,-1.224606353822E-16,-0.));
#15248 = DIRECTION('',(1.224606353822E-16,-1.,0.));
#15249 = ADVANCED_FACE('',(#15250),#15268,.T.);
#15250 = FACE_BOUND('',#15251,.T.);
#15251 = EDGE_LOOP('',(#15252,#15261,#15266,#15267));
#15252 = ORIENTED_EDGE('',*,*,#15253,.T.);
#15253 = EDGE_CURVE('',#15254,#15254,#15256,.T.);
#15254 = VERTEX_POINT('',#15255);
#15255 = CARTESIAN_POINT('',(13.788407645497,-2.5,0.));
#15256 = CIRCLE('',#15257,2.5);
#15257 = AXIS2_PLACEMENT_3D('',#15258,#15259,#15260);
#15258 = CARTESIAN_POINT('',(13.788407645497,9.996960871517E-16,0.));
#15259 = DIRECTION('',(-1.,-1.224606353822E-16,0.));
#15260 = DIRECTION('',(1.224606353822E-16,-1.,0.));
#15261 = ORIENTED_EDGE('',*,*,#15262,.T.);
#15262 = EDGE_CURVE('',#15254,#15215,#15263,.T.);
#15263 = B_SPLINE_CURVE_WITH_KNOTS('',1,(#15264,#15265),.UNSPECIFIED.,
  .F.,.F.,(2,2),(-39.18840764549,-39.0115923545),
  .PIECEWISE_BEZIER_KNOTS.);
#15264 = CARTESIAN_POINT('',(13.788407645497,-2.5,1.530808498934E-16));
#15265 = CARTESIAN_POINT('',(13.611592354503,-2.5,1.530808498934E-16));
#15266 = ORIENTED_EDGE('',*,*,#15221,.F.);
#15267 = ORIENTED_EDGE('',*,*,#15262,.F.);
#15268 = CYLINDRICAL_SURFACE('',#15269,2.5);
#15269 = AXIS2_PLACEMENT_3D('',#15270,#15271,#15272);
#15270 = CARTESIAN_POINT('',(-25.4,0.,0.));
#15271 = DIRECTION('',(-1.,-0.,-0.));
#15272 = DIRECTION('',(-0.,0.,1.));
#15273 = ADVANCED_FACE('',(#15274),#15300,.T.);
#15274 = FACE_BOUND('',#15275,.T.);
#15275 = EDGE_LOOP('',(#15276,#15285,#15292,#15299));
#15276 = ORIENTED_EDGE('',*,*,#15277,.F.);
#15277 = EDGE_CURVE('',#15278,#15278,#15280,.T.);
#15278 = VERTEX_POINT('',#15279);
#15279 = CARTESIAN_POINT('',(14.1,-2.055,0.));
#15280 = CIRCLE('',#15281,2.055);
#15281 = AXIS2_PLACEMENT_3D('',#15282,#15283,#15284);
#15282 = CARTESIAN_POINT('',(14.1,1.037853884864E-15,0.));
#15283 = DIRECTION('',(-1.,-1.224606353822E-16,0.));
#15284 = DIRECTION('',(1.224606353822E-16,-1.,0.));
#15285 = ORIENTED_EDGE('',*,*,#15286,.T.);
#15286 = EDGE_CURVE('',#15278,#15287,#15289,.T.);
#15287 = VERTEX_POINT('',#15288);
#15288 = CARTESIAN_POINT('',(14.411592354503,-2.5,0.));
#15289 = B_SPLINE_CURVE_WITH_KNOTS('',1,(#15290,#15291),.UNSPECIFIED.,
  .F.,.F.,(2,2),(-0.543244691999,0.),.PIECEWISE_BEZIER_KNOTS.);
#15290 = CARTESIAN_POINT('',(14.1,-2.055,2.516649172248E-16));
#15291 = CARTESIAN_POINT('',(14.411592354503,-2.5,3.061616997868E-16));
#15292 = ORIENTED_EDGE('',*,*,#15293,.T.);
#15293 = EDGE_CURVE('',#15287,#15287,#15294,.T.);
#15294 = CIRCLE('',#15295,2.5);
#15295 = AXIS2_PLACEMENT_3D('',#15296,#15297,#15298);
#15296 = CARTESIAN_POINT('',(14.411592354503,1.076011682577E-15,0.));
#15297 = DIRECTION('',(-1.,-1.224606353822E-16,0.));
#15298 = DIRECTION('',(1.224606353822E-16,-1.,0.));
#15299 = ORIENTED_EDGE('',*,*,#15286,.F.);
#15300 = CONICAL_SURFACE('',#15301,2.5,0.959931088597);
#15301 = AXIS2_PLACEMENT_3D('',#15302,#15303,#15304);
#15302 = CARTESIAN_POINT('',(14.411592354503,1.076011682577E-15,0.));
#15303 = DIRECTION('',(1.,1.224606353822E-16,0.));
#15304 = DIRECTION('',(-1.224606353822E-16,1.,0.));
#15305 = ADVANCED_FACE('',(#15306),#15316,.T.);
#15306 = FACE_BOUND('',#15307,.T.);
#15307 = EDGE_LOOP('',(#15308,#15309,#15314,#15315));
#15308 = ORIENTED_EDGE('',*,*,#15253,.F.);
#15309 = ORIENTED_EDGE('',*,*,#15310,.F.);
#15310 = EDGE_CURVE('',#15278,#15254,#15311,.T.);
#15311 = B_SPLINE_CURVE_WITH_KNOTS('',1,(#15312,#15313),.UNSPECIFIED.,
  .F.,.F.,(2,2),(0.,0.543244691999),.PIECEWISE_BEZIER_KNOTS.);
#15312 = CARTESIAN_POINT('',(14.1,-2.055,-5.033298344496E-16));
#15313 = CARTESIAN_POINT('',(13.788407645497,-2.5,-6.123233995737E-16));
#15314 = ORIENTED_EDGE('',*,*,#15277,.T.);
#15315 = ORIENTED_EDGE('',*,*,#15310,.T.);
#15316 = CONICAL_SURFACE('',#15317,2.055,0.959931088597);
#15317 = AXIS2_PLACEMENT_3D('',#15318,#15319,#15320);
#15318 = CARTESIAN_POINT('',(14.1,1.037853884864E-15,0.));
#15319 = DIRECTION('',(-1.,-1.224606353822E-16,-0.));
#15320 = DIRECTION('',(1.224606353822E-16,-1.,0.));
#15321 = ADVANCED_FACE('',(#15322),#15340,.T.);
#15322 = FACE_BOUND('',#15323,.T.);
#15323 = EDGE_LOOP('',(#15324,#15333,#15338,#15339));
#15324 = ORIENTED_EDGE('',*,*,#15325,.T.);
#15325 = EDGE_CURVE('',#15326,#15326,#15328,.T.);
#15326 = VERTEX_POINT('',#15327);
#15327 = CARTESIAN_POINT('',(14.588407645497,-2.5,0.));
#15328 = CIRCLE('',#15329,2.5);
#15329 = AXIS2_PLACEMENT_3D('',#15330,#15331,#15332);
#15330 = CARTESIAN_POINT('',(14.588407645497,9.996960871517E-16,0.));
#15331 = DIRECTION('',(-1.,-1.224606353822E-16,0.));
#15332 = DIRECTION('',(1.224606353822E-16,-1.,0.));
#15333 = ORIENTED_EDGE('',*,*,#15334,.T.);
#15334 = EDGE_CURVE('',#15326,#15287,#15335,.T.);
#15335 = B_SPLINE_CURVE_WITH_KNOTS('',1,(#15336,#15337),.UNSPECIFIED.,
  .F.,.F.,(2,2),(-39.98840764549,-39.8115923545),
  .PIECEWISE_BEZIER_KNOTS.);
#15336 = CARTESIAN_POINT('',(14.588407645497,-2.5,1.530808498934E-16));
#15337 = CARTESIAN_POINT('',(14.411592354503,-2.5,1.530808498934E-16));
#15338 = ORIENTED_EDGE('',*,*,#15293,.F.);
#15339 = ORIENTED_EDGE('',*,*,#15334,.F.);
#15340 = CYLINDRICAL_SURFACE('',#15341,2.5);
#15341 = AXIS2_PLACEMENT_3D('',#15342,#15343,#15344);
#15342 = CARTESIAN_POINT('',(-25.4,0.,0.));
#15343 = DIRECTION('',(-1.,-0.,-0.));
#15344 = DIRECTION('',(-0.,0.,1.));
#15345 = ADVANCED_FACE('',(#15346),#15372,.T.);
#15346 = FACE_BOUND('',#15347,.T.);
#15347 = EDGE_LOOP('',(#15348,#15357,#15364,#15371));
#15348 = ORIENTED_EDGE('',*,*,#15349,.F.);
#15349 = EDGE_CURVE('',#15350,#15350,#15352,.T.);
#15350 = VERTEX_POINT('',#15351);
#15351 = CARTESIAN_POINT('',(14.9,-2.055,0.));
#15352 = CIRCLE('',#15353,2.055);
#15353 = AXIS2_PLACEMENT_3D('',#15354,#15355,#15356);
#15354 = CARTESIAN_POINT('',(14.9,1.037853884864E-15,0.));
#15355 = DIRECTION('',(-1.,-1.224606353822E-16,0.));
#15356 = DIRECTION('',(1.224606353822E-16,-1.,0.));
#15357 = ORIENTED_EDGE('',*,*,#15358,.T.);
#15358 = EDGE_CURVE('',#15350,#15359,#15361,.T.);
#15359 = VERTEX_POINT('',#15360);
#15360 = CARTESIAN_POINT('',(15.211592354503,-2.5,0.));
#15361 = B_SPLINE_CURVE_WITH_KNOTS('',1,(#15362,#15363),.UNSPECIFIED.,
  .F.,.F.,(2,2),(-0.543244691999,0.),.PIECEWISE_BEZIER_KNOTS.);
#15362 = CARTESIAN_POINT('',(14.9,-2.055,2.516649172248E-16));
#15363 = CARTESIAN_POINT('',(15.211592354503,-2.5,3.061616997868E-16));
#15364 = ORIENTED_EDGE('',*,*,#15365,.T.);
#15365 = EDGE_CURVE('',#15359,#15359,#15366,.T.);
#15366 = CIRCLE('',#15367,2.5);
#15367 = AXIS2_PLACEMENT_3D('',#15368,#15369,#15370);
#15368 = CARTESIAN_POINT('',(15.211592354503,1.076011682577E-15,0.));
#15369 = DIRECTION('',(-1.,-1.224606353822E-16,0.));
#15370 = DIRECTION('',(1.224606353822E-16,-1.,0.));
#15371 = ORIENTED_EDGE('',*,*,#15358,.F.);
#15372 = CONICAL_SURFACE('',#15373,2.5,0.959931088597);
#15373 = AXIS2_PLACEMENT_3D('',#15374,#15375,#15376);
#15374 = CARTESIAN_POINT('',(15.211592354503,1.076011682577E-15,0.));
#15375 = DIRECTION('',(1.,1.224606353822E-16,0.));
#15376 = DIRECTION('',(-1.224606353822E-16,1.,0.));
#15377 = ADVANCED_FACE('',(#15378),#15388,.T.);
#15378 = FACE_BOUND('',#15379,.T.);
#15379 = EDGE_LOOP('',(#15380,#15381,#15386,#15387));
#15380 = ORIENTED_EDGE('',*,*,#15325,.F.);
#15381 = ORIENTED_EDGE('',*,*,#15382,.F.);
#15382 = EDGE_CURVE('',#15350,#15326,#15383,.T.);
#15383 = B_SPLINE_CURVE_WITH_KNOTS('',1,(#15384,#15385),.UNSPECIFIED.,
  .F.,.F.,(2,2),(0.,0.543244691999),.PIECEWISE_BEZIER_KNOTS.);
#15384 = CARTESIAN_POINT('',(14.9,-2.055,-5.033298344496E-16));
#15385 = CARTESIAN_POINT('',(14.588407645497,-2.5,-6.123233995737E-16));
#15386 = ORIENTED_EDGE('',*,*,#15349,.T.);
#15387 = ORIENTED_EDGE('',*,*,#15382,.T.);
#15388 = CONICAL_SURFACE('',#15389,2.055,0.959931088597);
#15389 = AXIS2_PLACEMENT_3D('',#15390,#15391,#15392);
#15390 = CARTESIAN_POINT('',(14.9,1.037853884864E-15,0.));
#15391 = DIRECTION('',(-1.,-1.224606353822E-16,-0.));
#15392 = DIRECTION('',(1.224606353822E-16,-1.,0.));
#15393 = ADVANCED_FACE('',(#15394),#15412,.T.);
#15394 = FACE_BOUND('',#15395,.T.);
#15395 = EDGE_LOOP('',(#15396,#15405,#15410,#15411));
#15396 = ORIENTED_EDGE('',*,*,#15397,.T.);
#15397 = EDGE_CURVE('',#15398,#15398,#15400,.T.);
#15398 = VERTEX_POINT('',#15399);
#15399 = CARTESIAN_POINT('',(15.388407645497,-2.5,0.));
#15400 = CIRCLE('',#15401,2.5);
#15401 = AXIS2_PLACEMENT_3D('',#15402,#15403,#15404);
#15402 = CARTESIAN_POINT('',(15.388407645497,9.996960871517E-16,0.));
#15403 = DIRECTION('',(-1.,-1.224606353822E-16,0.));
#15404 = DIRECTION('',(1.224606353822E-16,-1.,0.));
#15405 = ORIENTED_EDGE('',*,*,#15406,.T.);
#15406 = EDGE_CURVE('',#15398,#15359,#15407,.T.);
#15407 = B_SPLINE_CURVE_WITH_KNOTS('',1,(#15408,#15409),.UNSPECIFIED.,
  .F.,.F.,(2,2),(-40.78840764549,-40.6115923545),
  .PIECEWISE_BEZIER_KNOTS.);
#15408 = CARTESIAN_POINT('',(15.388407645497,-2.5,1.530808498934E-16));
#15409 = CARTESIAN_POINT('',(15.211592354503,-2.5,1.530808498934E-16));
#15410 = ORIENTED_EDGE('',*,*,#15365,.F.);
#15411 = ORIENTED_EDGE('',*,*,#15406,.F.);
#15412 = CYLINDRICAL_SURFACE('',#15413,2.5);
#15413 = AXIS2_PLACEMENT_3D('',#15414,#15415,#15416);
#15414 = CARTESIAN_POINT('',(-25.4,0.,0.));
#15415 = DIRECTION('',(-1.,-0.,-0.));
#15416 = DIRECTION('',(-0.,0.,1.));
#15417 = ADVANCED_FACE('',(#15418),#15436,.T.);
#15418 = FACE_BOUND('',#15419,.T.);
#15419 = EDGE_LOOP('',(#15420,#15421,#15428,#15435));
#15420 = ORIENTED_EDGE('',*,*,#15397,.F.);
#15421 = ORIENTED_EDGE('',*,*,#15422,.F.);
#15422 = EDGE_CURVE('',#15423,#15398,#15425,.T.);
#15423 = VERTEX_POINT('',#15424);
#15424 = CARTESIAN_POINT('',(15.7,-2.055,0.));
#15425 = B_SPLINE_CURVE_WITH_KNOTS('',1,(#15426,#15427),.UNSPECIFIED.,
  .F.,.F.,(2,2),(0.,0.543244691999),.PIECEWISE_BEZIER_KNOTS.);
#15426 = CARTESIAN_POINT('',(15.7,-2.055,-5.033298344496E-16));
#15427 = CARTESIAN_POINT('',(15.388407645497,-2.5,-6.123233995737E-16));
#15428 = ORIENTED_EDGE('',*,*,#15429,.T.);
#15429 = EDGE_CURVE('',#15423,#15423,#15430,.T.);
#15430 = CIRCLE('',#15431,2.055);
#15431 = AXIS2_PLACEMENT_3D('',#15432,#15433,#15434);
#15432 = CARTESIAN_POINT('',(15.7,1.037853884864E-15,0.));
#15433 = DIRECTION('',(-1.,-1.224606353822E-16,0.));
#15434 = DIRECTION('',(1.224606353822E-16,-1.,0.));
#15435 = ORIENTED_EDGE('',*,*,#15422,.T.);
#15436 = CONICAL_SURFACE('',#15437,2.055,0.959931088597);
#15437 = AXIS2_PLACEMENT_3D('',#15438,#15439,#15440);
#15438 = CARTESIAN_POINT('',(15.7,1.037853884864E-15,0.));
#15439 = DIRECTION('',(-1.,-1.224606353822E-16,-0.));
#15440 = DIRECTION('',(1.224606353822E-16,-1.,0.));
#15441 = ADVANCED_FACE('',(#15442),#15445,.T.);
#15442 = FACE_BOUND('',#15443,.T.);
#15443 = EDGE_LOOP('',(#15444));
#15444 = ORIENTED_EDGE('',*,*,#15429,.F.);
#15445 = PLANE('',#15446);
#15446 = AXIS2_PLACEMENT_3D('',#15447,#15448,#15449);
#15447 = CARTESIAN_POINT('',(15.7,2.5,0.));
#15448 = DIRECTION('',(1.,0.,0.));
#15449 = DIRECTION('',(0.,0.,-1.));
#15450 = ADVANCED_FACE('',(#15451),#15521,.F.);
#15451 = FACE_BOUND('',#15452,.F.);
#15452 = EDGE_LOOP('',(#15453,#15465,#15475,#15485,#15495,#15505,#15513,
    #15518,#15519,#15520));
#15453 = ORIENTED_EDGE('',*,*,#15454,.F.);
#15454 = EDGE_CURVE('',#15455,#15457,#15459,.T.);
#15455 = VERTEX_POINT('',#15456);
#15456 = CARTESIAN_POINT('',(2.3,-1.029992063861E-15,1.5));
#15457 = VERTEX_POINT('',#15458);
#15458 = CARTESIAN_POINT('',(2.3,-1.299038105677,0.75));
#15459 = B_SPLINE_CURVE_WITH_KNOTS('',3,(#15460,#15461,#15462,#15463,
    #15464),.UNSPECIFIED.,.F.,.F.,(4,1,4),(0.75,0.833333333333,
    0.916666666667),.UNSPECIFIED.);
#15460 = CARTESIAN_POINT('',(2.3,-1.029992063861E-15,1.5));
#15461 = CARTESIAN_POINT('',(2.3,-0.49245567605,1.5));
#15462 = CARTESIAN_POINT('',(2.3,-1.477367028149,2.558874754182));
#15463 = CARTESIAN_POINT('',(2.3,-1.052810267652,1.176479125697));
#15464 = CARTESIAN_POINT('',(2.3,-1.299038105677,0.75));
#15465 = ORIENTED_EDGE('',*,*,#15466,.F.);
#15466 = EDGE_CURVE('',#15467,#15455,#15469,.T.);
#15467 = VERTEX_POINT('',#15468);
#15468 = CARTESIAN_POINT('',(2.3,1.299038105677,0.75));
#15469 = B_SPLINE_CURVE_WITH_KNOTS('',3,(#15470,#15471,#15472,#15473,
    #15474),.UNSPECIFIED.,.F.,.F.,(4,1,4),(0.583333333333,0.666666666667
    ,0.75),.UNSPECIFIED.);
#15470 = CARTESIAN_POINT('',(2.3,1.299038105677,0.75));
#15471 = CARTESIAN_POINT('',(2.3,1.052810267652,1.176479125697));
#15472 = CARTESIAN_POINT('',(2.3,1.477367028149,2.558874754182));
#15473 = CARTESIAN_POINT('',(2.3,0.49245567605,1.5));
#15474 = CARTESIAN_POINT('',(2.3,-1.029992063861E-15,1.5));
#15475 = ORIENTED_EDGE('',*,*,#15476,.F.);
#15476 = EDGE_CURVE('',#15477,#15467,#15479,.T.);
#15477 = VERTEX_POINT('',#15478);
#15478 = CARTESIAN_POINT('',(2.3,1.299038105677,-0.75));
#15479 = B_SPLINE_CURVE_WITH_KNOTS('',3,(#15480,#15481,#15482,#15483,
    #15484),.UNSPECIFIED.,.F.,.F.,(4,1,4),(0.416666666667,0.5,
    0.583333333333),.QUASI_UNIFORM_KNOTS.);
#15480 = CARTESIAN_POINT('',(2.3,1.299038105677,-0.75));
#15481 = CARTESIAN_POINT('',(2.3,1.545265943702,-0.323520874303));
#15482 = CARTESIAN_POINT('',(2.3,2.954734056298,1.327792059966E-14));
#15483 = CARTESIAN_POINT('',(2.3,1.545265943702,0.323520874303));
#15484 = CARTESIAN_POINT('',(2.3,1.299038105677,0.75));
#15485 = ORIENTED_EDGE('',*,*,#15486,.F.);
#15486 = EDGE_CURVE('',#15487,#15477,#15489,.T.);
#15487 = VERTEX_POINT('',#15488);
#15488 = CARTESIAN_POINT('',(2.3,1.252393951056E-15,-1.5));
#15489 = B_SPLINE_CURVE_WITH_KNOTS('',3,(#15490,#15491,#15492,#15493,
    #15494),.UNSPECIFIED.,.F.,.F.,(4,1,4),(0.25,0.333333333333,
    0.416666666667),.UNSPECIFIED.);
#15490 = CARTESIAN_POINT('',(2.3,1.252393951056E-15,-1.5));
#15491 = CARTESIAN_POINT('',(2.3,0.49245567605,-1.5));
#15492 = CARTESIAN_POINT('',(2.3,1.477367028149,-2.558874754181));
#15493 = CARTESIAN_POINT('',(2.3,1.052810267652,-1.176479125697));
#15494 = CARTESIAN_POINT('',(2.3,1.299038105677,-0.75));
#15495 = ORIENTED_EDGE('',*,*,#15496,.F.);
#15496 = EDGE_CURVE('',#15497,#15487,#15499,.T.);
#15497 = VERTEX_POINT('',#15498);
#15498 = CARTESIAN_POINT('',(2.3,-1.299038105677,-0.75));
#15499 = B_SPLINE_CURVE_WITH_KNOTS('',3,(#15500,#15501,#15502,#15503,
    #15504),.UNSPECIFIED.,.F.,.F.,(4,1,4),(8.333333333333E-02,
    0.166666666667,0.25),.UNSPECIFIED.);
#15500 = CARTESIAN_POINT('',(2.3,-1.299038105677,-0.75));
#15501 = CARTESIAN_POINT('',(2.3,-1.052810267652,-1.176479125697));
#15502 = CARTESIAN_POINT('',(2.3,-1.477367028149,-2.558874754182));
#15503 = CARTESIAN_POINT('',(2.3,-0.49245567605,-1.5));
#15504 = CARTESIAN_POINT('',(2.3,1.252393951056E-15,-1.5));
#15505 = ORIENTED_EDGE('',*,*,#15506,.F.);
#15506 = EDGE_CURVE('',#15457,#15497,#15507,.T.);
#15507 = B_SPLINE_CURVE_WITH_KNOTS('',3,(#15508,#15509,#15510,#15511,
    #15512),.UNSPECIFIED.,.F.,.F.,(4,1,4),(0.916666666667,1.,
    1.083333333333),.UNSPECIFIED.);
#15508 = CARTESIAN_POINT('',(2.3,-1.299038105677,0.75));
#15509 = CARTESIAN_POINT('',(2.3,-1.545265943702,0.323520874303));
#15510 = CARTESIAN_POINT('',(2.3,-2.954734056298,1.287490079827E-14));
#15511 = CARTESIAN_POINT('',(2.3,-1.545265943702,-0.323520874303));
#15512 = CARTESIAN_POINT('',(2.3,-1.299038105677,-0.75));
#15513 = ORIENTED_EDGE('',*,*,#15514,.F.);
#15514 = EDGE_CURVE('',#14030,#15457,#15515,.T.);
#15515 = B_SPLINE_CURVE_WITH_KNOTS('',1,(#15516,#15517),.UNSPECIFIED.,
  .F.,.F.,(2,2),(6.616664156723E-03,1.),.PIECEWISE_BEZIER_KNOTS.);
#15516 = CARTESIAN_POINT('',(0.141896246393,-1.299038105677,0.75));
#15517 = CARTESIAN_POINT('',(2.3,-1.299038105677,0.75));
#15518 = ORIENTED_EDGE('',*,*,#14186,.T.);
#15519 = ORIENTED_EDGE('',*,*,#14027,.T.);
#15520 = ORIENTED_EDGE('',*,*,#15514,.T.);
#15521 = B_SPLINE_SURFACE_WITH_KNOTS('',3,1,(
    (#15522,#15523)
    ,(#15524,#15525)
    ,(#15526,#15527)
    ,(#15528,#15529)
    ,(#15530,#15531)
    ,(#15532,#15533)
    ,(#15534,#15535)
    ,(#15536,#15537)
    ,(#15538,#15539)
    ,(#15540,#15541)
    ,(#15542,#15543)
    ,(#15544,#15545)
    ,(#15546,#15547)
    ,(#15548,#15549)
    ,(#15550,#15551
    )),.UNSPECIFIED.,.T.,.F.,.F.,(1,3,1,1,1,1,1,1,1,1,1,1,1,3,1),(2,2),(
    -8.333333333333E-02,0.,8.333333333333E-02,0.166666666667,0.25,
    0.333333333333,0.416666666667,0.5,0.583333333333,0.666666666667,0.75
    ,0.833333333333,0.916666666667,1.,1.083333333333),(0.,1.),
  .UNSPECIFIED.);
#15522 = CARTESIAN_POINT('',(0.127521687008,-2.25,9.364796264844E-15));
#15523 = CARTESIAN_POINT('',(2.3,-2.25,9.364796264844E-15));
#15524 = CARTESIAN_POINT('',(0.127521687008,-2.25,-0.161760437152));
#15525 = CARTESIAN_POINT('',(2.3,-2.25,-0.161760437152));
#15526 = CARTESIAN_POINT('',(0.127521687008,-0.840531887403,
    -0.485281311455));
#15527 = CARTESIAN_POINT('',(2.3,-0.840531887403,-0.485281311455));
#15528 = CARTESIAN_POINT('',(0.127521687008,-1.477367028149,
    -2.558874754181));
#15529 = CARTESIAN_POINT('',(2.3,-1.477367028149,-2.558874754181));
#15530 = CARTESIAN_POINT('',(0.127521687008,4.434386885466E-15,
    -0.970562622909));
#15531 = CARTESIAN_POINT('',(2.3,4.434386885466E-15,-0.970562622909));
#15532 = CARTESIAN_POINT('',(0.127521687008,1.477367028149,
    -2.558874754182));
#15533 = CARTESIAN_POINT('',(2.3,1.477367028149,-2.558874754182));
#15534 = CARTESIAN_POINT('',(0.127521687008,0.840531887403,
    -0.485281311455));
#15535 = CARTESIAN_POINT('',(2.3,0.840531887403,-0.485281311455));
#15536 = CARTESIAN_POINT('',(0.127521687008,2.954734056298,
    1.338567469674E-14));
#15537 = CARTESIAN_POINT('',(2.3,2.954734056298,1.338567469674E-14));
#15538 = CARTESIAN_POINT('',(0.127521687008,0.840531887403,
    0.485281311455));
#15539 = CARTESIAN_POINT('',(2.3,0.840531887403,0.485281311455));
#15540 = CARTESIAN_POINT('',(0.127521687008,1.477367028149,
    2.558874754182));
#15541 = CARTESIAN_POINT('',(2.3,1.477367028149,2.558874754182));
#15542 = CARTESIAN_POINT('',(0.127521687008,2.604795719396E-15,
    0.970562622909));
#15543 = CARTESIAN_POINT('',(2.3,2.604795719396E-15,0.970562622909));
#15544 = CARTESIAN_POINT('',(0.127521687008,-1.477367028149,
    2.558874754182));
#15545 = CARTESIAN_POINT('',(2.3,-1.477367028149,2.558874754182));
#15546 = CARTESIAN_POINT('',(0.127521687008,-0.840531887403,
    0.485281311455));
#15547 = CARTESIAN_POINT('',(2.3,-0.840531887403,0.485281311455));
#15548 = CARTESIAN_POINT('',(0.127521687008,-2.25,0.161760437152));
#15549 = CARTESIAN_POINT('',(2.3,-2.25,0.161760437152));
#15550 = CARTESIAN_POINT('',(0.127521687008,-2.25,9.364796264844E-15));
#15551 = CARTESIAN_POINT('',(2.3,-2.25,9.364796264844E-15));
#15552 = ADVANCED_FACE('',(#15553),#15563,.F.);
#15553 = FACE_BOUND('',#15554,.T.);
#15554 = EDGE_LOOP('',(#15555,#15562));
#15555 = ORIENTED_EDGE('',*,*,#15556,.F.);
#15556 = EDGE_CURVE('',#15477,#15487,#15557,.T.);
#15557 = CIRCLE('',#15558,1.5);
#15558 = AXIS2_PLACEMENT_3D('',#15559,#15560,#15561);
#15559 = CARTESIAN_POINT('',(2.3,0.,0.));
#15560 = DIRECTION('',(-1.,0.,-0.));
#15561 = DIRECTION('',(-0.,0.,1.));
#15562 = ORIENTED_EDGE('',*,*,#15486,.F.);
#15563 = PLANE('',#15564);
#15564 = AXIS2_PLACEMENT_3D('',#15565,#15566,#15567);
#15565 = CARTESIAN_POINT('',(2.3,2.25,1.394977728838E-14));
#15566 = DIRECTION('',(1.,0.,-0.));
#15567 = DIRECTION('',(-0.,0.,-1.));
#15568 = ADVANCED_FACE('',(#15569),#15579,.F.);
#15569 = FACE_BOUND('',#15570,.T.);
#15570 = EDGE_LOOP('',(#15571,#15578));
#15571 = ORIENTED_EDGE('',*,*,#15572,.F.);
#15572 = EDGE_CURVE('',#15467,#15477,#15573,.T.);
#15573 = CIRCLE('',#15574,1.5);
#15574 = AXIS2_PLACEMENT_3D('',#15575,#15576,#15577);
#15575 = CARTESIAN_POINT('',(2.3,0.,0.));
#15576 = DIRECTION('',(-1.,0.,-0.));
#15577 = DIRECTION('',(-0.,0.,1.));
#15578 = ORIENTED_EDGE('',*,*,#15476,.F.);
#15579 = PLANE('',#15580);
#15580 = AXIS2_PLACEMENT_3D('',#15581,#15582,#15583);
#15581 = CARTESIAN_POINT('',(2.3,2.25,1.394977728838E-14));
#15582 = DIRECTION('',(1.,0.,-0.));
#15583 = DIRECTION('',(-0.,0.,-1.));
#15584 = ADVANCED_FACE('',(#15585),#15595,.F.);
#15585 = FACE_BOUND('',#15586,.T.);
#15586 = EDGE_LOOP('',(#15587,#15594));
#15587 = ORIENTED_EDGE('',*,*,#15588,.F.);
#15588 = EDGE_CURVE('',#15455,#15467,#15589,.T.);
#15589 = CIRCLE('',#15590,1.5);
#15590 = AXIS2_PLACEMENT_3D('',#15591,#15592,#15593);
#15591 = CARTESIAN_POINT('',(2.3,0.,0.));
#15592 = DIRECTION('',(-1.,0.,-0.));
#15593 = DIRECTION('',(-0.,0.,1.));
#15594 = ORIENTED_EDGE('',*,*,#15466,.F.);
#15595 = PLANE('',#15596);
#15596 = AXIS2_PLACEMENT_3D('',#15597,#15598,#15599);
#15597 = CARTESIAN_POINT('',(2.3,2.25,1.394977728838E-14));
#15598 = DIRECTION('',(1.,0.,-0.));
#15599 = DIRECTION('',(-0.,0.,-1.));
#15600 = ADVANCED_FACE('',(#15601),#15611,.F.);
#15601 = FACE_BOUND('',#15602,.T.);
#15602 = EDGE_LOOP('',(#15603,#15610));
#15603 = ORIENTED_EDGE('',*,*,#15604,.F.);
#15604 = EDGE_CURVE('',#15457,#15455,#15605,.T.);
#15605 = CIRCLE('',#15606,1.5);
#15606 = AXIS2_PLACEMENT_3D('',#15607,#15608,#15609);
#15607 = CARTESIAN_POINT('',(2.3,0.,0.));
#15608 = DIRECTION('',(-1.,0.,-0.));
#15609 = DIRECTION('',(-0.,0.,1.));
#15610 = ORIENTED_EDGE('',*,*,#15454,.F.);
#15611 = PLANE('',#15612);
#15612 = AXIS2_PLACEMENT_3D('',#15613,#15614,#15615);
#15613 = CARTESIAN_POINT('',(2.3,2.25,1.394977728838E-14));
#15614 = DIRECTION('',(1.,0.,-0.));
#15615 = DIRECTION('',(-0.,0.,-1.));
#15616 = ADVANCED_FACE('',(#15617),#15627,.F.);
#15617 = FACE_BOUND('',#15618,.T.);
#15618 = EDGE_LOOP('',(#15619,#15626));
#15619 = ORIENTED_EDGE('',*,*,#15620,.F.);
#15620 = EDGE_CURVE('',#15497,#15457,#15621,.T.);
#15621 = CIRCLE('',#15622,1.5);
#15622 = AXIS2_PLACEMENT_3D('',#15623,#15624,#15625);
#15623 = CARTESIAN_POINT('',(2.3,0.,0.));
#15624 = DIRECTION('',(-1.,0.,-0.));
#15625 = DIRECTION('',(-0.,0.,1.));
#15626 = ORIENTED_EDGE('',*,*,#15506,.F.);
#15627 = PLANE('',#15628);
#15628 = AXIS2_PLACEMENT_3D('',#15629,#15630,#15631);
#15629 = CARTESIAN_POINT('',(2.3,2.25,1.394977728838E-14));
#15630 = DIRECTION('',(1.,0.,-0.));
#15631 = DIRECTION('',(-0.,0.,-1.));
#15632 = ADVANCED_FACE('',(#15633),#15643,.F.);
#15633 = FACE_BOUND('',#15634,.T.);
#15634 = EDGE_LOOP('',(#15635,#15642));
#15635 = ORIENTED_EDGE('',*,*,#15636,.F.);
#15636 = EDGE_CURVE('',#15487,#15497,#15637,.T.);
#15637 = CIRCLE('',#15638,1.5);
#15638 = AXIS2_PLACEMENT_3D('',#15639,#15640,#15641);
#15639 = CARTESIAN_POINT('',(2.3,0.,0.));
#15640 = DIRECTION('',(-1.,0.,-0.));
#15641 = DIRECTION('',(-0.,0.,1.));
#15642 = ORIENTED_EDGE('',*,*,#15496,.F.);
#15643 = PLANE('',#15644);
#15644 = AXIS2_PLACEMENT_3D('',#15645,#15646,#15647);
#15645 = CARTESIAN_POINT('',(2.3,2.25,1.394977728838E-14));
#15646 = DIRECTION('',(1.,0.,-0.));
#15647 = DIRECTION('',(-0.,0.,-1.));
#15648 = ADVANCED_FACE('',(#15649),#15665,.F.);
#15649 = FACE_BOUND('',#15650,.F.);
#15650 = EDGE_LOOP('',(#15651,#15652,#15653,#15654,#15655,#15656,#15657,
    #15664));
#15651 = ORIENTED_EDGE('',*,*,#15604,.F.);
#15652 = ORIENTED_EDGE('',*,*,#15620,.F.);
#15653 = ORIENTED_EDGE('',*,*,#15636,.F.);
#15654 = ORIENTED_EDGE('',*,*,#15556,.F.);
#15655 = ORIENTED_EDGE('',*,*,#15572,.F.);
#15656 = ORIENTED_EDGE('',*,*,#15588,.F.);
#15657 = ORIENTED_EDGE('',*,*,#15658,.F.);
#15658 = EDGE_CURVE('',#15659,#15455,#15661,.T.);
#15659 = VERTEX_POINT('',#15660);
#15660 = CARTESIAN_POINT('',(2.787379544349,0.,0.));
#15661 = B_SPLINE_CURVE_WITH_KNOTS('',1,(#15662,#15663),.UNSPECIFIED.,
  .F.,.F.,(2,2),(-3.2360679775E+03,-3.234490784163E+03),
  .PIECEWISE_BEZIER_KNOTS.);
#15662 = CARTESIAN_POINT('',(2.787379544349,0.,0.));
#15663 = CARTESIAN_POINT('',(2.3,-3.673940397442E-16,1.5));
#15664 = ORIENTED_EDGE('',*,*,#15658,.T.);
#15665 = CONICAL_SURFACE('',#15666,3.077683537175E+03,1.256637061436);
#15666 = AXIS2_PLACEMENT_3D('',#15667,#15668,#15669);
#15667 = CARTESIAN_POINT('',(-997.2126204556,0.,0.));
#15668 = DIRECTION('',(-1.,-0.,-0.));
#15669 = DIRECTION('',(-0.,0.,1.));
#15670 = ( GEOMETRIC_REPRESENTATION_CONTEXT(3) 
GLOBAL_UNCERTAINTY_ASSIGNED_CONTEXT((#15674)) 
GLOBAL_UNIT_ASSIGNED_CONTEXT((#15671,#15672,#15673)) 
REPRESENTATION_CONTEXT('Context #1',
  '3D Context with UNIT and UNCERTAINTY') );
#15671 = ( LENGTH_UNIT() NAMED_UNIT(*) SI_UNIT(.MILLI.,.METRE.) );
#15672 = ( NAMED_UNIT(*) PLANE_ANGLE_UNIT() SI_UNIT($,.RADIAN.) );
#15673 = ( NAMED_UNIT(*) SI_UNIT($,.STERADIAN.) SOLID_ANGLE_UNIT() );
#15674 = UNCERTAINTY_MEASURE_WITH_UNIT(LENGTH_MEASURE(2.E-05),#15671,
  'distance_accuracy_value','confusion accuracy');
#15675 = CONTEXT_DEPENDENT_SHAPE_REPRESENTATION(#15676,#15678);
#15676 = ( REPRESENTATION_RELATIONSHIP('','',#14009,#10) 
REPRESENTATION_RELATIONSHIP_WITH_TRANSFORMATION(#15677) 
SHAPE_REPRESENTATION_RELATIONSHIP() );
#15677 = ITEM_DEFINED_TRANSFORMATION('','',#11,#19);
#15678 = PRODUCT_DEFINITION_SHAPE('Placement','Placement of an item',
  #15679);
#15679 = NEXT_ASSEMBLY_USAGE_OCCURRENCE('171','Solid2','',#5,#14004,$);
#15680 = PRODUCT_RELATED_PRODUCT_CATEGORY('part',$,(#14006));
#15681 = CONTEXT_DEPENDENT_SHAPE_REPRESENTATION(#15682,#15684);
#15682 = ( REPRESENTATION_RELATIONSHIP('','',#14009,#10) 
REPRESENTATION_RELATIONSHIP_WITH_TRANSFORMATION(#15683) 
SHAPE_REPRESENTATION_RELATIONSHIP() );
#15683 = ITEM_DEFINED_TRANSFORMATION('','',#11,#23);
#15684 = PRODUCT_DEFINITION_SHAPE('Placement','Placement of an item',
  #15685);
#15685 = NEXT_ASSEMBLY_USAGE_OCCURRENCE('172','Solid2','',#5,#14004,$);
ENDSEC;
END-ISO-10303-21;
