ISO-10303-21;
HEADER;
FILE_DESCRIPTION(('Open CASCADE Model'),'2;1');
FILE_NAME('Open CASCADE Shape Model','2025-02-20T14:06:08',('Author'),(
    'Open CASCADE'),'Open CASCADE STEP processor 7.8','Open CASCADE 7.8'
  ,'Unknown');
FILE_SCHEMA(('AUTOMOTIVE_DESIGN { 1 0 10303 214 1 1 1 1 }'));
ENDSEC;
DATA;
#1 = APPLICATION_PROTOCOL_DEFINITION('international standard',
  'automotive_design',2000,#2);
#2 = APPLICATION_CONTEXT(
  'core data for automotive mechanical design processes');
#3 = SHAPE_DEFINITION_REPRESENTATION(#4,#10);
#4 = PRODUCT_DEFINITION_SHAPE('','',#5);
#5 = PRODUCT_DEFINITION('design','',#6,#9);
#6 = PRODUCT_DEFINITION_FORMATION('','',#7);
#7 = PRODUCT('Compound1','Compound1','',(#8));
#8 = PRODUCT_CONTEXT('',#2,'mechanical');
#9 = PRODUCT_DEFINITION_CONTEXT('part definition',#2,'design');
#10 = SHAPE_REPRESENTATION('',(#11,#15,#19,#23,#27,#31,#35,#39,#43,#47),
  #51);
#11 = AXIS2_PLACEMENT_3D('',#12,#13,#14);
#12 = CARTESIAN_POINT('',(0.,0.,0.));
#13 = DIRECTION('',(0.,0.,1.));
#14 = DIRECTION('',(1.,0.,-0.));
#15 = AXIS2_PLACEMENT_3D('',#16,#17,#18);
#16 = CARTESIAN_POINT('',(2.499736888831E-16,1.144917494141E-16,-16.5));
#17 = DIRECTION('',(1.558565148805E-17,1.,6.938893903907E-18));
#18 = DIRECTION('',(-1.,1.558565148805E-17,-1.514992053837E-17));
#19 = AXIS2_PLACEMENT_3D('',#20,#21,#22);
#20 = CARTESIAN_POINT('',(262.5,-50.,-23.5));
#21 = DIRECTION('',(-0.838670567945,9.292034705387E-18,0.544639035015));
#22 = DIRECTION('',(0.544639035015,-1.430800027783E-17,0.838670567945));
#23 = AXIS2_PLACEMENT_3D('',#24,#25,#26);
#24 = CARTESIAN_POINT('',(262.5,-28.4,-23.5));
#25 = DIRECTION('',(-0.43235428202,-6.123508174817E-15,-0.90170381768));
#26 = DIRECTION('',(-1.558565148805E-17,-1.,6.79851474262E-15));
#27 = AXIS2_PLACEMENT_3D('',#28,#29,#30);
#28 = CARTESIAN_POINT('',(262.5,-28.4,-48.5));
#29 = DIRECTION('',(-0.43235428202,-6.123508174817E-15,-0.90170381768));
#30 = DIRECTION('',(-1.558565148805E-17,-1.,6.79851474262E-15));
#31 = AXIS2_PLACEMENT_3D('',#32,#33,#34);
#32 = CARTESIAN_POINT('',(262.5,-50.,-48.5));
#33 = DIRECTION('',(-0.838670567945,9.292034705387E-18,0.544639035015));
#34 = DIRECTION('',(0.544639035015,-1.430800027783E-17,0.838670567945));
#35 = AXIS2_PLACEMENT_3D('',#36,#37,#38);
#36 = CARTESIAN_POINT('',(-262.5,-49.99999999999,-48.5));
#37 = DIRECTION('',(0.838670567945,9.292034705386E-18,0.544639035015));
#38 = DIRECTION('',(0.544639035015,1.430800027783E-17,-0.838670567945));
#39 = AXIS2_PLACEMENT_3D('',#40,#41,#42);
#40 = CARTESIAN_POINT('',(-262.5,-28.4,-48.5));
#41 = DIRECTION('',(-0.43235428202,6.123508174817E-15,0.90170381768));
#42 = DIRECTION('',(1.558565148805E-17,-1.,6.79851474262E-15));
#43 = AXIS2_PLACEMENT_3D('',#44,#45,#46);
#44 = CARTESIAN_POINT('',(-262.5,-50.,-23.5));
#45 = DIRECTION('',(0.838670567945,9.292034705386E-18,0.544639035015));
#46 = DIRECTION('',(0.544639035015,1.430800027783E-17,-0.838670567945));
#47 = AXIS2_PLACEMENT_3D('',#48,#49,#50);
#48 = CARTESIAN_POINT('',(-262.5,-28.4,-23.5));
#49 = DIRECTION('',(-0.43235428202,6.123508174817E-15,0.90170381768));
#50 = DIRECTION('',(1.558565148805E-17,-1.,6.79851474262E-15));
#51 = ( GEOMETRIC_REPRESENTATION_CONTEXT(3) 
GLOBAL_UNCERTAINTY_ASSIGNED_CONTEXT((#55)) GLOBAL_UNIT_ASSIGNED_CONTEXT(
(#52,#53,#54)) REPRESENTATION_CONTEXT('Context #1',
  '3D Context with UNIT and UNCERTAINTY') );
#52 = ( LENGTH_UNIT() NAMED_UNIT(*) SI_UNIT(.MILLI.,.METRE.) );
#53 = ( NAMED_UNIT(*) PLANE_ANGLE_UNIT() SI_UNIT($,.RADIAN.) );
#54 = ( NAMED_UNIT(*) SI_UNIT($,.STERADIAN.) SOLID_ANGLE_UNIT() );
#55 = UNCERTAINTY_MEASURE_WITH_UNIT(LENGTH_MEASURE(5.E-05),#52,
  'distance_accuracy_value','confusion accuracy');
#56 = PRODUCT_RELATED_PRODUCT_CATEGORY('part',$,(#7));
#57 = SHAPE_DEFINITION_REPRESENTATION(#58,#64);
#58 = PRODUCT_DEFINITION_SHAPE('','',#59);
#59 = PRODUCT_DEFINITION('design','',#60,#63);
#60 = PRODUCT_DEFINITION_FORMATION('','',#61);
#61 = PRODUCT('Solid1','Solid1','',(#62));
#62 = PRODUCT_CONTEXT('',#2,'mechanical');
#63 = PRODUCT_DEFINITION_CONTEXT('part definition',#2,'design');
#64 = ADVANCED_BREP_SHAPE_REPRESENTATION('',(#11,#65),#3963);
#65 = MANIFOLD_SOLID_BREP('',#66);
#66 = CLOSED_SHELL('',(#67,#109,#140,#173,#195,#237,#268,#301,#323,#365,
    #396,#429,#451,#493,#524,#557,#579,#621,#652,#685,#707,#749,#780,
    #813,#835,#877,#908,#941,#963,#1005,#1036,#1069,#1091,#1133,#1164,
    #1197,#1219,#1261,#1292,#1325,#1347,#1389,#1420,#1453,#1475,#1517,
    #1548,#1581,#1603,#1645,#1676,#1709,#1731,#1773,#1804,#1837,#1859,
    #1901,#1932,#1965,#1987,#2029,#2060,#2093,#2115,#2157,#2188,#2221,
    #2243,#2347,#2451,#2473,#2513,#2725,#2937,#2954,#2971,#2990,#3009,
    #3026,#3043,#3055,#3077,#3089,#3122,#3155,#3186,#3217,#3380,#3543,
    #3555,#3577,#3594,#3611,#3623,#3645,#3662,#3679,#3691,#3713,#3730,
    #3747,#3759,#3781,#3798,#3815,#3827,#3849,#3866,#3883,#3895,#3917,
    #3934,#3951));
#67 = ADVANCED_FACE('',(#68),#104,.F.);
#68 = FACE_BOUND('',#69,.F.);
#69 = EDGE_LOOP('',(#70,#81,#89,#98));
#70 = ORIENTED_EDGE('',*,*,#71,.T.);
#71 = EDGE_CURVE('',#72,#74,#76,.T.);
#72 = VERTEX_POINT('',#73);
#73 = CARTESIAN_POINT('',(220.5,3.,-3.));
#74 = VERTEX_POINT('',#75);
#75 = CARTESIAN_POINT('',(220.5,-6.,-3.));
#76 = CIRCLE('',#77,4.5);
#77 = AXIS2_PLACEMENT_3D('',#78,#79,#80);
#78 = CARTESIAN_POINT('',(220.5,-1.5,-3.));
#79 = DIRECTION('',(0.,-0.,1.));
#80 = DIRECTION('',(-1.,0.,0.));
#81 = ORIENTED_EDGE('',*,*,#82,.T.);
#82 = EDGE_CURVE('',#74,#83,#85,.T.);
#83 = VERTEX_POINT('',#84);
#84 = CARTESIAN_POINT('',(220.5,-6.,0.));
#85 = LINE('',#86,#87);
#86 = CARTESIAN_POINT('',(220.5,-6.,-23.12461179749));
#87 = VECTOR('',#88,1.);
#88 = DIRECTION('',(-0.,-0.,1.));
#89 = ORIENTED_EDGE('',*,*,#90,.F.);
#90 = EDGE_CURVE('',#91,#83,#93,.T.);
#91 = VERTEX_POINT('',#92);
#92 = CARTESIAN_POINT('',(220.5,3.,0.));
#93 = CIRCLE('',#94,4.5);
#94 = AXIS2_PLACEMENT_3D('',#95,#96,#97);
#95 = CARTESIAN_POINT('',(220.5,-1.5,0.));
#96 = DIRECTION('',(0.,0.,1.));
#97 = DIRECTION('',(1.,0.,-0.));
#98 = ORIENTED_EDGE('',*,*,#99,.F.);
#99 = EDGE_CURVE('',#72,#91,#100,.T.);
#100 = LINE('',#101,#102);
#101 = CARTESIAN_POINT('',(220.5,3.,-23.12461179749));
#102 = VECTOR('',#103,1.);
#103 = DIRECTION('',(-0.,-0.,1.));
#104 = CYLINDRICAL_SURFACE('',#105,4.5);
#105 = AXIS2_PLACEMENT_3D('',#106,#107,#108);
#106 = CARTESIAN_POINT('',(220.5,-1.5,-23.12461179749));
#107 = DIRECTION('',(-0.,-0.,1.));
#108 = DIRECTION('',(1.,0.,0.));
#109 = ADVANCED_FACE('',(#110),#135,.F.);
#110 = FACE_BOUND('',#111,.T.);
#111 = EDGE_LOOP('',(#112,#122,#128,#129));
#112 = ORIENTED_EDGE('',*,*,#113,.T.);
#113 = EDGE_CURVE('',#114,#116,#118,.T.);
#114 = VERTEX_POINT('',#115);
#115 = CARTESIAN_POINT('',(229.5,3.,-3.));
#116 = VERTEX_POINT('',#117);
#117 = CARTESIAN_POINT('',(229.5,3.,0.));
#118 = LINE('',#119,#120);
#119 = CARTESIAN_POINT('',(229.5,3.,-23.12461179749));
#120 = VECTOR('',#121,1.);
#121 = DIRECTION('',(-0.,-0.,1.));
#122 = ORIENTED_EDGE('',*,*,#123,.T.);
#123 = EDGE_CURVE('',#116,#91,#124,.T.);
#124 = LINE('',#125,#126);
#125 = CARTESIAN_POINT('',(220.5,3.,0.));
#126 = VECTOR('',#127,1.);
#127 = DIRECTION('',(-1.,-2.891205793295E-16,-0.));
#128 = ORIENTED_EDGE('',*,*,#99,.F.);
#129 = ORIENTED_EDGE('',*,*,#130,.F.);
#130 = EDGE_CURVE('',#114,#72,#131,.T.);
#131 = LINE('',#132,#133);
#132 = CARTESIAN_POINT('',(220.5,3.,-3.));
#133 = VECTOR('',#134,1.);
#134 = DIRECTION('',(-1.,-2.891205793295E-16,0.));
#135 = PLANE('',#136);
#136 = AXIS2_PLACEMENT_3D('',#137,#138,#139);
#137 = CARTESIAN_POINT('',(220.5,3.,-23.12461179749));
#138 = DIRECTION('',(-2.891205793295E-16,1.,0.));
#139 = DIRECTION('',(-1.,-2.891205793295E-16,0.));
#140 = ADVANCED_FACE('',(#141),#168,.F.);
#141 = FACE_BOUND('',#142,.F.);
#142 = EDGE_LOOP('',(#143,#152,#153,#162));
#143 = ORIENTED_EDGE('',*,*,#144,.T.);
#144 = EDGE_CURVE('',#145,#114,#147,.T.);
#145 = VERTEX_POINT('',#146);
#146 = CARTESIAN_POINT('',(229.5,-6.,-3.));
#147 = CIRCLE('',#148,4.5);
#148 = AXIS2_PLACEMENT_3D('',#149,#150,#151);
#149 = CARTESIAN_POINT('',(229.5,-1.5,-3.));
#150 = DIRECTION('',(0.,-0.,1.));
#151 = DIRECTION('',(-1.,0.,0.));
#152 = ORIENTED_EDGE('',*,*,#113,.T.);
#153 = ORIENTED_EDGE('',*,*,#154,.F.);
#154 = EDGE_CURVE('',#155,#116,#157,.T.);
#155 = VERTEX_POINT('',#156);
#156 = CARTESIAN_POINT('',(229.5,-6.,0.));
#157 = CIRCLE('',#158,4.5);
#158 = AXIS2_PLACEMENT_3D('',#159,#160,#161);
#159 = CARTESIAN_POINT('',(229.5,-1.5,0.));
#160 = DIRECTION('',(0.,0.,1.));
#161 = DIRECTION('',(1.,0.,-0.));
#162 = ORIENTED_EDGE('',*,*,#163,.F.);
#163 = EDGE_CURVE('',#145,#155,#164,.T.);
#164 = LINE('',#165,#166);
#165 = CARTESIAN_POINT('',(229.5,-6.,-23.12461179749));
#166 = VECTOR('',#167,1.);
#167 = DIRECTION('',(-0.,-0.,1.));
#168 = CYLINDRICAL_SURFACE('',#169,4.5);
#169 = AXIS2_PLACEMENT_3D('',#170,#171,#172);
#170 = CARTESIAN_POINT('',(229.5,-1.5,-23.12461179749));
#171 = DIRECTION('',(-0.,-0.,1.));
#172 = DIRECTION('',(1.,0.,0.));
#173 = ADVANCED_FACE('',(#174),#190,.F.);
#174 = FACE_BOUND('',#175,.T.);
#175 = EDGE_LOOP('',(#176,#177,#183,#184));
#176 = ORIENTED_EDGE('',*,*,#82,.T.);
#177 = ORIENTED_EDGE('',*,*,#178,.T.);
#178 = EDGE_CURVE('',#83,#155,#179,.T.);
#179 = LINE('',#180,#181);
#180 = CARTESIAN_POINT('',(220.5,-6.,0.));
#181 = VECTOR('',#182,1.);
#182 = DIRECTION('',(1.,2.891205793295E-16,0.));
#183 = ORIENTED_EDGE('',*,*,#163,.F.);
#184 = ORIENTED_EDGE('',*,*,#185,.F.);
#185 = EDGE_CURVE('',#74,#145,#186,.T.);
#186 = LINE('',#187,#188);
#187 = CARTESIAN_POINT('',(220.5,-6.,-3.));
#188 = VECTOR('',#189,1.);
#189 = DIRECTION('',(1.,2.891205793295E-16,0.));
#190 = PLANE('',#191);
#191 = AXIS2_PLACEMENT_3D('',#192,#193,#194);
#192 = CARTESIAN_POINT('',(220.5,-6.,-23.12461179749));
#193 = DIRECTION('',(2.891205793295E-16,-1.,0.));
#194 = DIRECTION('',(1.,2.891205793295E-16,0.));
#195 = ADVANCED_FACE('',(#196),#232,.F.);
#196 = FACE_BOUND('',#197,.F.);
#197 = EDGE_LOOP('',(#198,#209,#217,#226));
#198 = ORIENTED_EDGE('',*,*,#199,.T.);
#199 = EDGE_CURVE('',#200,#202,#204,.T.);
#200 = VERTEX_POINT('',#201);
#201 = CARTESIAN_POINT('',(195.5,3.,-3.));
#202 = VERTEX_POINT('',#203);
#203 = CARTESIAN_POINT('',(195.5,-6.,-3.));
#204 = CIRCLE('',#205,4.5);
#205 = AXIS2_PLACEMENT_3D('',#206,#207,#208);
#206 = CARTESIAN_POINT('',(195.5,-1.5,-3.));
#207 = DIRECTION('',(0.,-0.,1.));
#208 = DIRECTION('',(-1.,0.,0.));
#209 = ORIENTED_EDGE('',*,*,#210,.T.);
#210 = EDGE_CURVE('',#202,#211,#213,.T.);
#211 = VERTEX_POINT('',#212);
#212 = CARTESIAN_POINT('',(195.5,-6.,0.));
#213 = LINE('',#214,#215);
#214 = CARTESIAN_POINT('',(195.5,-6.,-23.12461179749));
#215 = VECTOR('',#216,1.);
#216 = DIRECTION('',(-0.,-0.,1.));
#217 = ORIENTED_EDGE('',*,*,#218,.F.);
#218 = EDGE_CURVE('',#219,#211,#221,.T.);
#219 = VERTEX_POINT('',#220);
#220 = CARTESIAN_POINT('',(195.5,3.,0.));
#221 = CIRCLE('',#222,4.5);
#222 = AXIS2_PLACEMENT_3D('',#223,#224,#225);
#223 = CARTESIAN_POINT('',(195.5,-1.5,0.));
#224 = DIRECTION('',(0.,0.,1.));
#225 = DIRECTION('',(1.,0.,-0.));
#226 = ORIENTED_EDGE('',*,*,#227,.F.);
#227 = EDGE_CURVE('',#200,#219,#228,.T.);
#228 = LINE('',#229,#230);
#229 = CARTESIAN_POINT('',(195.5,3.,-23.12461179749));
#230 = VECTOR('',#231,1.);
#231 = DIRECTION('',(-0.,-0.,1.));
#232 = CYLINDRICAL_SURFACE('',#233,4.5);
#233 = AXIS2_PLACEMENT_3D('',#234,#235,#236);
#234 = CARTESIAN_POINT('',(195.5,-1.5,-23.12461179749));
#235 = DIRECTION('',(-0.,-0.,1.));
#236 = DIRECTION('',(1.,0.,0.));
#237 = ADVANCED_FACE('',(#238),#263,.F.);
#238 = FACE_BOUND('',#239,.T.);
#239 = EDGE_LOOP('',(#240,#250,#256,#257));
#240 = ORIENTED_EDGE('',*,*,#241,.T.);
#241 = EDGE_CURVE('',#242,#244,#246,.T.);
#242 = VERTEX_POINT('',#243);
#243 = CARTESIAN_POINT('',(204.5,3.,-3.));
#244 = VERTEX_POINT('',#245);
#245 = CARTESIAN_POINT('',(204.5,3.,0.));
#246 = LINE('',#247,#248);
#247 = CARTESIAN_POINT('',(204.5,3.,-23.12461179749));
#248 = VECTOR('',#249,1.);
#249 = DIRECTION('',(-0.,-0.,1.));
#250 = ORIENTED_EDGE('',*,*,#251,.T.);
#251 = EDGE_CURVE('',#244,#219,#252,.T.);
#252 = LINE('',#253,#254);
#253 = CARTESIAN_POINT('',(195.5,3.,0.));
#254 = VECTOR('',#255,1.);
#255 = DIRECTION('',(-1.,-2.891205793295E-16,-0.));
#256 = ORIENTED_EDGE('',*,*,#227,.F.);
#257 = ORIENTED_EDGE('',*,*,#258,.F.);
#258 = EDGE_CURVE('',#242,#200,#259,.T.);
#259 = LINE('',#260,#261);
#260 = CARTESIAN_POINT('',(195.5,3.,-3.));
#261 = VECTOR('',#262,1.);
#262 = DIRECTION('',(-1.,-2.891205793295E-16,0.));
#263 = PLANE('',#264);
#264 = AXIS2_PLACEMENT_3D('',#265,#266,#267);
#265 = CARTESIAN_POINT('',(195.5,3.,-23.12461179749));
#266 = DIRECTION('',(-2.891205793295E-16,1.,0.));
#267 = DIRECTION('',(-1.,-2.891205793295E-16,0.));
#268 = ADVANCED_FACE('',(#269),#296,.F.);
#269 = FACE_BOUND('',#270,.F.);
#270 = EDGE_LOOP('',(#271,#280,#281,#290));
#271 = ORIENTED_EDGE('',*,*,#272,.T.);
#272 = EDGE_CURVE('',#273,#242,#275,.T.);
#273 = VERTEX_POINT('',#274);
#274 = CARTESIAN_POINT('',(204.5,-6.,-3.));
#275 = CIRCLE('',#276,4.5);
#276 = AXIS2_PLACEMENT_3D('',#277,#278,#279);
#277 = CARTESIAN_POINT('',(204.5,-1.5,-3.));
#278 = DIRECTION('',(0.,-0.,1.));
#279 = DIRECTION('',(-1.,0.,0.));
#280 = ORIENTED_EDGE('',*,*,#241,.T.);
#281 = ORIENTED_EDGE('',*,*,#282,.F.);
#282 = EDGE_CURVE('',#283,#244,#285,.T.);
#283 = VERTEX_POINT('',#284);
#284 = CARTESIAN_POINT('',(204.5,-6.,0.));
#285 = CIRCLE('',#286,4.5);
#286 = AXIS2_PLACEMENT_3D('',#287,#288,#289);
#287 = CARTESIAN_POINT('',(204.5,-1.5,0.));
#288 = DIRECTION('',(0.,0.,1.));
#289 = DIRECTION('',(1.,0.,-0.));
#290 = ORIENTED_EDGE('',*,*,#291,.F.);
#291 = EDGE_CURVE('',#273,#283,#292,.T.);
#292 = LINE('',#293,#294);
#293 = CARTESIAN_POINT('',(204.5,-6.,-23.12461179749));
#294 = VECTOR('',#295,1.);
#295 = DIRECTION('',(-0.,-0.,1.));
#296 = CYLINDRICAL_SURFACE('',#297,4.5);
#297 = AXIS2_PLACEMENT_3D('',#298,#299,#300);
#298 = CARTESIAN_POINT('',(204.5,-1.5,-23.12461179749));
#299 = DIRECTION('',(-0.,-0.,1.));
#300 = DIRECTION('',(1.,0.,0.));
#301 = ADVANCED_FACE('',(#302),#318,.F.);
#302 = FACE_BOUND('',#303,.T.);
#303 = EDGE_LOOP('',(#304,#305,#311,#312));
#304 = ORIENTED_EDGE('',*,*,#210,.T.);
#305 = ORIENTED_EDGE('',*,*,#306,.T.);
#306 = EDGE_CURVE('',#211,#283,#307,.T.);
#307 = LINE('',#308,#309);
#308 = CARTESIAN_POINT('',(195.5,-6.,0.));
#309 = VECTOR('',#310,1.);
#310 = DIRECTION('',(1.,2.891205793295E-16,0.));
#311 = ORIENTED_EDGE('',*,*,#291,.F.);
#312 = ORIENTED_EDGE('',*,*,#313,.F.);
#313 = EDGE_CURVE('',#202,#273,#314,.T.);
#314 = LINE('',#315,#316);
#315 = CARTESIAN_POINT('',(195.5,-6.,-3.));
#316 = VECTOR('',#317,1.);
#317 = DIRECTION('',(1.,2.891205793295E-16,0.));
#318 = PLANE('',#319);
#319 = AXIS2_PLACEMENT_3D('',#320,#321,#322);
#320 = CARTESIAN_POINT('',(195.5,-6.,-23.12461179749));
#321 = DIRECTION('',(2.891205793295E-16,-1.,0.));
#322 = DIRECTION('',(1.,2.891205793295E-16,0.));
#323 = ADVANCED_FACE('',(#324),#360,.F.);
#324 = FACE_BOUND('',#325,.F.);
#325 = EDGE_LOOP('',(#326,#337,#345,#354));
#326 = ORIENTED_EDGE('',*,*,#327,.T.);
#327 = EDGE_CURVE('',#328,#330,#332,.T.);
#328 = VERTEX_POINT('',#329);
#329 = CARTESIAN_POINT('',(170.5,3.,-3.));
#330 = VERTEX_POINT('',#331);
#331 = CARTESIAN_POINT('',(170.5,-6.,-3.));
#332 = CIRCLE('',#333,4.5);
#333 = AXIS2_PLACEMENT_3D('',#334,#335,#336);
#334 = CARTESIAN_POINT('',(170.5,-1.5,-3.));
#335 = DIRECTION('',(0.,-0.,1.));
#336 = DIRECTION('',(-1.,0.,0.));
#337 = ORIENTED_EDGE('',*,*,#338,.T.);
#338 = EDGE_CURVE('',#330,#339,#341,.T.);
#339 = VERTEX_POINT('',#340);
#340 = CARTESIAN_POINT('',(170.5,-6.,0.));
#341 = LINE('',#342,#343);
#342 = CARTESIAN_POINT('',(170.5,-6.,-23.12461179749));
#343 = VECTOR('',#344,1.);
#344 = DIRECTION('',(-0.,-0.,1.));
#345 = ORIENTED_EDGE('',*,*,#346,.F.);
#346 = EDGE_CURVE('',#347,#339,#349,.T.);
#347 = VERTEX_POINT('',#348);
#348 = CARTESIAN_POINT('',(170.5,3.,0.));
#349 = CIRCLE('',#350,4.5);
#350 = AXIS2_PLACEMENT_3D('',#351,#352,#353);
#351 = CARTESIAN_POINT('',(170.5,-1.5,0.));
#352 = DIRECTION('',(0.,0.,1.));
#353 = DIRECTION('',(1.,0.,-0.));
#354 = ORIENTED_EDGE('',*,*,#355,.F.);
#355 = EDGE_CURVE('',#328,#347,#356,.T.);
#356 = LINE('',#357,#358);
#357 = CARTESIAN_POINT('',(170.5,3.,-23.12461179749));
#358 = VECTOR('',#359,1.);
#359 = DIRECTION('',(-0.,-0.,1.));
#360 = CYLINDRICAL_SURFACE('',#361,4.5);
#361 = AXIS2_PLACEMENT_3D('',#362,#363,#364);
#362 = CARTESIAN_POINT('',(170.5,-1.5,-23.12461179749));
#363 = DIRECTION('',(-0.,-0.,1.));
#364 = DIRECTION('',(1.,0.,0.));
#365 = ADVANCED_FACE('',(#366),#391,.F.);
#366 = FACE_BOUND('',#367,.T.);
#367 = EDGE_LOOP('',(#368,#378,#384,#385));
#368 = ORIENTED_EDGE('',*,*,#369,.T.);
#369 = EDGE_CURVE('',#370,#372,#374,.T.);
#370 = VERTEX_POINT('',#371);
#371 = CARTESIAN_POINT('',(179.5,3.,-3.));
#372 = VERTEX_POINT('',#373);
#373 = CARTESIAN_POINT('',(179.5,3.,0.));
#374 = LINE('',#375,#376);
#375 = CARTESIAN_POINT('',(179.5,3.,-23.12461179749));
#376 = VECTOR('',#377,1.);
#377 = DIRECTION('',(-0.,-0.,1.));
#378 = ORIENTED_EDGE('',*,*,#379,.T.);
#379 = EDGE_CURVE('',#372,#347,#380,.T.);
#380 = LINE('',#381,#382);
#381 = CARTESIAN_POINT('',(170.5,3.,0.));
#382 = VECTOR('',#383,1.);
#383 = DIRECTION('',(-1.,-2.891205793295E-16,-0.));
#384 = ORIENTED_EDGE('',*,*,#355,.F.);
#385 = ORIENTED_EDGE('',*,*,#386,.F.);
#386 = EDGE_CURVE('',#370,#328,#387,.T.);
#387 = LINE('',#388,#389);
#388 = CARTESIAN_POINT('',(170.5,3.,-3.));
#389 = VECTOR('',#390,1.);
#390 = DIRECTION('',(-1.,-2.891205793295E-16,0.));
#391 = PLANE('',#392);
#392 = AXIS2_PLACEMENT_3D('',#393,#394,#395);
#393 = CARTESIAN_POINT('',(170.5,3.,-23.12461179749));
#394 = DIRECTION('',(-2.891205793295E-16,1.,0.));
#395 = DIRECTION('',(-1.,-2.891205793295E-16,0.));
#396 = ADVANCED_FACE('',(#397),#424,.F.);
#397 = FACE_BOUND('',#398,.F.);
#398 = EDGE_LOOP('',(#399,#408,#409,#418));
#399 = ORIENTED_EDGE('',*,*,#400,.T.);
#400 = EDGE_CURVE('',#401,#370,#403,.T.);
#401 = VERTEX_POINT('',#402);
#402 = CARTESIAN_POINT('',(179.5,-6.,-3.));
#403 = CIRCLE('',#404,4.5);
#404 = AXIS2_PLACEMENT_3D('',#405,#406,#407);
#405 = CARTESIAN_POINT('',(179.5,-1.5,-3.));
#406 = DIRECTION('',(0.,-0.,1.));
#407 = DIRECTION('',(-1.,0.,0.));
#408 = ORIENTED_EDGE('',*,*,#369,.T.);
#409 = ORIENTED_EDGE('',*,*,#410,.F.);
#410 = EDGE_CURVE('',#411,#372,#413,.T.);
#411 = VERTEX_POINT('',#412);
#412 = CARTESIAN_POINT('',(179.5,-6.,0.));
#413 = CIRCLE('',#414,4.5);
#414 = AXIS2_PLACEMENT_3D('',#415,#416,#417);
#415 = CARTESIAN_POINT('',(179.5,-1.5,0.));
#416 = DIRECTION('',(0.,0.,1.));
#417 = DIRECTION('',(1.,0.,-0.));
#418 = ORIENTED_EDGE('',*,*,#419,.F.);
#419 = EDGE_CURVE('',#401,#411,#420,.T.);
#420 = LINE('',#421,#422);
#421 = CARTESIAN_POINT('',(179.5,-6.,-23.12461179749));
#422 = VECTOR('',#423,1.);
#423 = DIRECTION('',(-0.,-0.,1.));
#424 = CYLINDRICAL_SURFACE('',#425,4.5);
#425 = AXIS2_PLACEMENT_3D('',#426,#427,#428);
#426 = CARTESIAN_POINT('',(179.5,-1.5,-23.12461179749));
#427 = DIRECTION('',(-0.,-0.,1.));
#428 = DIRECTION('',(1.,0.,0.));
#429 = ADVANCED_FACE('',(#430),#446,.F.);
#430 = FACE_BOUND('',#431,.T.);
#431 = EDGE_LOOP('',(#432,#433,#439,#440));
#432 = ORIENTED_EDGE('',*,*,#338,.T.);
#433 = ORIENTED_EDGE('',*,*,#434,.T.);
#434 = EDGE_CURVE('',#339,#411,#435,.T.);
#435 = LINE('',#436,#437);
#436 = CARTESIAN_POINT('',(170.5,-6.,0.));
#437 = VECTOR('',#438,1.);
#438 = DIRECTION('',(1.,2.891205793295E-16,0.));
#439 = ORIENTED_EDGE('',*,*,#419,.F.);
#440 = ORIENTED_EDGE('',*,*,#441,.F.);
#441 = EDGE_CURVE('',#330,#401,#442,.T.);
#442 = LINE('',#443,#444);
#443 = CARTESIAN_POINT('',(170.5,-6.,-3.));
#444 = VECTOR('',#445,1.);
#445 = DIRECTION('',(1.,2.891205793295E-16,0.));
#446 = PLANE('',#447);
#447 = AXIS2_PLACEMENT_3D('',#448,#449,#450);
#448 = CARTESIAN_POINT('',(170.5,-6.,-23.12461179749));
#449 = DIRECTION('',(2.891205793295E-16,-1.,0.));
#450 = DIRECTION('',(1.,2.891205793295E-16,0.));
#451 = ADVANCED_FACE('',(#452),#488,.F.);
#452 = FACE_BOUND('',#453,.F.);
#453 = EDGE_LOOP('',(#454,#465,#473,#482));
#454 = ORIENTED_EDGE('',*,*,#455,.T.);
#455 = EDGE_CURVE('',#456,#458,#460,.T.);
#456 = VERTEX_POINT('',#457);
#457 = CARTESIAN_POINT('',(145.5,3.,-3.));
#458 = VERTEX_POINT('',#459);
#459 = CARTESIAN_POINT('',(145.5,-6.,-3.));
#460 = CIRCLE('',#461,4.5);
#461 = AXIS2_PLACEMENT_3D('',#462,#463,#464);
#462 = CARTESIAN_POINT('',(145.5,-1.5,-3.));
#463 = DIRECTION('',(0.,-0.,1.));
#464 = DIRECTION('',(-1.,0.,0.));
#465 = ORIENTED_EDGE('',*,*,#466,.T.);
#466 = EDGE_CURVE('',#458,#467,#469,.T.);
#467 = VERTEX_POINT('',#468);
#468 = CARTESIAN_POINT('',(145.5,-6.,0.));
#469 = LINE('',#470,#471);
#470 = CARTESIAN_POINT('',(145.5,-6.,-23.12461179749));
#471 = VECTOR('',#472,1.);
#472 = DIRECTION('',(-0.,-0.,1.));
#473 = ORIENTED_EDGE('',*,*,#474,.F.);
#474 = EDGE_CURVE('',#475,#467,#477,.T.);
#475 = VERTEX_POINT('',#476);
#476 = CARTESIAN_POINT('',(145.5,3.,0.));
#477 = CIRCLE('',#478,4.5);
#478 = AXIS2_PLACEMENT_3D('',#479,#480,#481);
#479 = CARTESIAN_POINT('',(145.5,-1.5,0.));
#480 = DIRECTION('',(0.,0.,1.));
#481 = DIRECTION('',(1.,0.,-0.));
#482 = ORIENTED_EDGE('',*,*,#483,.F.);
#483 = EDGE_CURVE('',#456,#475,#484,.T.);
#484 = LINE('',#485,#486);
#485 = CARTESIAN_POINT('',(145.5,3.,-23.12461179749));
#486 = VECTOR('',#487,1.);
#487 = DIRECTION('',(-0.,-0.,1.));
#488 = CYLINDRICAL_SURFACE('',#489,4.5);
#489 = AXIS2_PLACEMENT_3D('',#490,#491,#492);
#490 = CARTESIAN_POINT('',(145.5,-1.5,-23.12461179749));
#491 = DIRECTION('',(-0.,-0.,1.));
#492 = DIRECTION('',(1.,0.,0.));
#493 = ADVANCED_FACE('',(#494),#519,.F.);
#494 = FACE_BOUND('',#495,.T.);
#495 = EDGE_LOOP('',(#496,#506,#512,#513));
#496 = ORIENTED_EDGE('',*,*,#497,.T.);
#497 = EDGE_CURVE('',#498,#500,#502,.T.);
#498 = VERTEX_POINT('',#499);
#499 = CARTESIAN_POINT('',(154.5,3.,-3.));
#500 = VERTEX_POINT('',#501);
#501 = CARTESIAN_POINT('',(154.5,3.,0.));
#502 = LINE('',#503,#504);
#503 = CARTESIAN_POINT('',(154.5,3.,-23.12461179749));
#504 = VECTOR('',#505,1.);
#505 = DIRECTION('',(-0.,-0.,1.));
#506 = ORIENTED_EDGE('',*,*,#507,.T.);
#507 = EDGE_CURVE('',#500,#475,#508,.T.);
#508 = LINE('',#509,#510);
#509 = CARTESIAN_POINT('',(145.5,3.,0.));
#510 = VECTOR('',#511,1.);
#511 = DIRECTION('',(-1.,-2.891205793295E-16,-0.));
#512 = ORIENTED_EDGE('',*,*,#483,.F.);
#513 = ORIENTED_EDGE('',*,*,#514,.F.);
#514 = EDGE_CURVE('',#498,#456,#515,.T.);
#515 = LINE('',#516,#517);
#516 = CARTESIAN_POINT('',(145.5,3.,-3.));
#517 = VECTOR('',#518,1.);
#518 = DIRECTION('',(-1.,-2.891205793295E-16,0.));
#519 = PLANE('',#520);
#520 = AXIS2_PLACEMENT_3D('',#521,#522,#523);
#521 = CARTESIAN_POINT('',(145.5,3.,-23.12461179749));
#522 = DIRECTION('',(-2.891205793295E-16,1.,0.));
#523 = DIRECTION('',(-1.,-2.891205793295E-16,0.));
#524 = ADVANCED_FACE('',(#525),#552,.F.);
#525 = FACE_BOUND('',#526,.F.);
#526 = EDGE_LOOP('',(#527,#536,#537,#546));
#527 = ORIENTED_EDGE('',*,*,#528,.T.);
#528 = EDGE_CURVE('',#529,#498,#531,.T.);
#529 = VERTEX_POINT('',#530);
#530 = CARTESIAN_POINT('',(154.5,-6.,-3.));
#531 = CIRCLE('',#532,4.5);
#532 = AXIS2_PLACEMENT_3D('',#533,#534,#535);
#533 = CARTESIAN_POINT('',(154.5,-1.5,-3.));
#534 = DIRECTION('',(0.,-0.,1.));
#535 = DIRECTION('',(-1.,0.,0.));
#536 = ORIENTED_EDGE('',*,*,#497,.T.);
#537 = ORIENTED_EDGE('',*,*,#538,.F.);
#538 = EDGE_CURVE('',#539,#500,#541,.T.);
#539 = VERTEX_POINT('',#540);
#540 = CARTESIAN_POINT('',(154.5,-6.,0.));
#541 = CIRCLE('',#542,4.5);
#542 = AXIS2_PLACEMENT_3D('',#543,#544,#545);
#543 = CARTESIAN_POINT('',(154.5,-1.5,0.));
#544 = DIRECTION('',(0.,0.,1.));
#545 = DIRECTION('',(1.,0.,-0.));
#546 = ORIENTED_EDGE('',*,*,#547,.F.);
#547 = EDGE_CURVE('',#529,#539,#548,.T.);
#548 = LINE('',#549,#550);
#549 = CARTESIAN_POINT('',(154.5,-6.,-23.12461179749));
#550 = VECTOR('',#551,1.);
#551 = DIRECTION('',(-0.,-0.,1.));
#552 = CYLINDRICAL_SURFACE('',#553,4.5);
#553 = AXIS2_PLACEMENT_3D('',#554,#555,#556);
#554 = CARTESIAN_POINT('',(154.5,-1.5,-23.12461179749));
#555 = DIRECTION('',(-0.,-0.,1.));
#556 = DIRECTION('',(1.,0.,0.));
#557 = ADVANCED_FACE('',(#558),#574,.F.);
#558 = FACE_BOUND('',#559,.T.);
#559 = EDGE_LOOP('',(#560,#561,#567,#568));
#560 = ORIENTED_EDGE('',*,*,#466,.T.);
#561 = ORIENTED_EDGE('',*,*,#562,.T.);
#562 = EDGE_CURVE('',#467,#539,#563,.T.);
#563 = LINE('',#564,#565);
#564 = CARTESIAN_POINT('',(145.5,-6.,0.));
#565 = VECTOR('',#566,1.);
#566 = DIRECTION('',(1.,2.891205793295E-16,0.));
#567 = ORIENTED_EDGE('',*,*,#547,.F.);
#568 = ORIENTED_EDGE('',*,*,#569,.F.);
#569 = EDGE_CURVE('',#458,#529,#570,.T.);
#570 = LINE('',#571,#572);
#571 = CARTESIAN_POINT('',(145.5,-6.,-3.));
#572 = VECTOR('',#573,1.);
#573 = DIRECTION('',(1.,2.891205793295E-16,0.));
#574 = PLANE('',#575);
#575 = AXIS2_PLACEMENT_3D('',#576,#577,#578);
#576 = CARTESIAN_POINT('',(145.5,-6.,-23.12461179749));
#577 = DIRECTION('',(2.891205793295E-16,-1.,0.));
#578 = DIRECTION('',(1.,2.891205793295E-16,0.));
#579 = ADVANCED_FACE('',(#580),#616,.F.);
#580 = FACE_BOUND('',#581,.F.);
#581 = EDGE_LOOP('',(#582,#593,#601,#610));
#582 = ORIENTED_EDGE('',*,*,#583,.T.);
#583 = EDGE_CURVE('',#584,#586,#588,.T.);
#584 = VERTEX_POINT('',#585);
#585 = CARTESIAN_POINT('',(120.5,3.,-3.));
#586 = VERTEX_POINT('',#587);
#587 = CARTESIAN_POINT('',(120.5,-6.,-3.));
#588 = CIRCLE('',#589,4.5);
#589 = AXIS2_PLACEMENT_3D('',#590,#591,#592);
#590 = CARTESIAN_POINT('',(120.5,-1.5,-3.));
#591 = DIRECTION('',(0.,-0.,1.));
#592 = DIRECTION('',(-1.,0.,0.));
#593 = ORIENTED_EDGE('',*,*,#594,.T.);
#594 = EDGE_CURVE('',#586,#595,#597,.T.);
#595 = VERTEX_POINT('',#596);
#596 = CARTESIAN_POINT('',(120.5,-6.,0.));
#597 = LINE('',#598,#599);
#598 = CARTESIAN_POINT('',(120.5,-6.,-23.12461179749));
#599 = VECTOR('',#600,1.);
#600 = DIRECTION('',(-0.,-0.,1.));
#601 = ORIENTED_EDGE('',*,*,#602,.F.);
#602 = EDGE_CURVE('',#603,#595,#605,.T.);
#603 = VERTEX_POINT('',#604);
#604 = CARTESIAN_POINT('',(120.5,3.,0.));
#605 = CIRCLE('',#606,4.5);
#606 = AXIS2_PLACEMENT_3D('',#607,#608,#609);
#607 = CARTESIAN_POINT('',(120.5,-1.5,0.));
#608 = DIRECTION('',(0.,0.,1.));
#609 = DIRECTION('',(1.,0.,-0.));
#610 = ORIENTED_EDGE('',*,*,#611,.F.);
#611 = EDGE_CURVE('',#584,#603,#612,.T.);
#612 = LINE('',#613,#614);
#613 = CARTESIAN_POINT('',(120.5,3.,-23.12461179749));
#614 = VECTOR('',#615,1.);
#615 = DIRECTION('',(-0.,-0.,1.));
#616 = CYLINDRICAL_SURFACE('',#617,4.5);
#617 = AXIS2_PLACEMENT_3D('',#618,#619,#620);
#618 = CARTESIAN_POINT('',(120.5,-1.5,-23.12461179749));
#619 = DIRECTION('',(-0.,-0.,1.));
#620 = DIRECTION('',(1.,0.,0.));
#621 = ADVANCED_FACE('',(#622),#647,.F.);
#622 = FACE_BOUND('',#623,.T.);
#623 = EDGE_LOOP('',(#624,#634,#640,#641));
#624 = ORIENTED_EDGE('',*,*,#625,.T.);
#625 = EDGE_CURVE('',#626,#628,#630,.T.);
#626 = VERTEX_POINT('',#627);
#627 = CARTESIAN_POINT('',(129.5,3.,-3.));
#628 = VERTEX_POINT('',#629);
#629 = CARTESIAN_POINT('',(129.5,3.,0.));
#630 = LINE('',#631,#632);
#631 = CARTESIAN_POINT('',(129.5,3.,-23.12461179749));
#632 = VECTOR('',#633,1.);
#633 = DIRECTION('',(-0.,-0.,1.));
#634 = ORIENTED_EDGE('',*,*,#635,.T.);
#635 = EDGE_CURVE('',#628,#603,#636,.T.);
#636 = LINE('',#637,#638);
#637 = CARTESIAN_POINT('',(120.5,3.,0.));
#638 = VECTOR('',#639,1.);
#639 = DIRECTION('',(-1.,-2.891205793295E-16,-0.));
#640 = ORIENTED_EDGE('',*,*,#611,.F.);
#641 = ORIENTED_EDGE('',*,*,#642,.F.);
#642 = EDGE_CURVE('',#626,#584,#643,.T.);
#643 = LINE('',#644,#645);
#644 = CARTESIAN_POINT('',(120.5,3.,-3.));
#645 = VECTOR('',#646,1.);
#646 = DIRECTION('',(-1.,-2.891205793295E-16,0.));
#647 = PLANE('',#648);
#648 = AXIS2_PLACEMENT_3D('',#649,#650,#651);
#649 = CARTESIAN_POINT('',(120.5,3.,-23.12461179749));
#650 = DIRECTION('',(-2.891205793295E-16,1.,0.));
#651 = DIRECTION('',(-1.,-2.891205793295E-16,0.));
#652 = ADVANCED_FACE('',(#653),#680,.F.);
#653 = FACE_BOUND('',#654,.F.);
#654 = EDGE_LOOP('',(#655,#664,#665,#674));
#655 = ORIENTED_EDGE('',*,*,#656,.T.);
#656 = EDGE_CURVE('',#657,#626,#659,.T.);
#657 = VERTEX_POINT('',#658);
#658 = CARTESIAN_POINT('',(129.5,-6.,-3.));
#659 = CIRCLE('',#660,4.5);
#660 = AXIS2_PLACEMENT_3D('',#661,#662,#663);
#661 = CARTESIAN_POINT('',(129.5,-1.5,-3.));
#662 = DIRECTION('',(0.,-0.,1.));
#663 = DIRECTION('',(-1.,0.,0.));
#664 = ORIENTED_EDGE('',*,*,#625,.T.);
#665 = ORIENTED_EDGE('',*,*,#666,.F.);
#666 = EDGE_CURVE('',#667,#628,#669,.T.);
#667 = VERTEX_POINT('',#668);
#668 = CARTESIAN_POINT('',(129.5,-6.,0.));
#669 = CIRCLE('',#670,4.5);
#670 = AXIS2_PLACEMENT_3D('',#671,#672,#673);
#671 = CARTESIAN_POINT('',(129.5,-1.5,0.));
#672 = DIRECTION('',(0.,0.,1.));
#673 = DIRECTION('',(1.,0.,-0.));
#674 = ORIENTED_EDGE('',*,*,#675,.F.);
#675 = EDGE_CURVE('',#657,#667,#676,.T.);
#676 = LINE('',#677,#678);
#677 = CARTESIAN_POINT('',(129.5,-6.,-23.12461179749));
#678 = VECTOR('',#679,1.);
#679 = DIRECTION('',(-0.,-0.,1.));
#680 = CYLINDRICAL_SURFACE('',#681,4.5);
#681 = AXIS2_PLACEMENT_3D('',#682,#683,#684);
#682 = CARTESIAN_POINT('',(129.5,-1.5,-23.12461179749));
#683 = DIRECTION('',(-0.,-0.,1.));
#684 = DIRECTION('',(1.,0.,0.));
#685 = ADVANCED_FACE('',(#686),#702,.F.);
#686 = FACE_BOUND('',#687,.T.);
#687 = EDGE_LOOP('',(#688,#689,#695,#696));
#688 = ORIENTED_EDGE('',*,*,#594,.T.);
#689 = ORIENTED_EDGE('',*,*,#690,.T.);
#690 = EDGE_CURVE('',#595,#667,#691,.T.);
#691 = LINE('',#692,#693);
#692 = CARTESIAN_POINT('',(120.5,-6.,0.));
#693 = VECTOR('',#694,1.);
#694 = DIRECTION('',(1.,2.891205793295E-16,0.));
#695 = ORIENTED_EDGE('',*,*,#675,.F.);
#696 = ORIENTED_EDGE('',*,*,#697,.F.);
#697 = EDGE_CURVE('',#586,#657,#698,.T.);
#698 = LINE('',#699,#700);
#699 = CARTESIAN_POINT('',(120.5,-6.,-3.));
#700 = VECTOR('',#701,1.);
#701 = DIRECTION('',(1.,2.891205793295E-16,0.));
#702 = PLANE('',#703);
#703 = AXIS2_PLACEMENT_3D('',#704,#705,#706);
#704 = CARTESIAN_POINT('',(120.5,-6.,-23.12461179749));
#705 = DIRECTION('',(2.891205793295E-16,-1.,0.));
#706 = DIRECTION('',(1.,2.891205793295E-16,0.));
#707 = ADVANCED_FACE('',(#708),#744,.F.);
#708 = FACE_BOUND('',#709,.F.);
#709 = EDGE_LOOP('',(#710,#721,#729,#738));
#710 = ORIENTED_EDGE('',*,*,#711,.T.);
#711 = EDGE_CURVE('',#712,#714,#716,.T.);
#712 = VERTEX_POINT('',#713);
#713 = CARTESIAN_POINT('',(95.5,3.,-3.));
#714 = VERTEX_POINT('',#715);
#715 = CARTESIAN_POINT('',(95.5,-6.,-3.));
#716 = CIRCLE('',#717,4.5);
#717 = AXIS2_PLACEMENT_3D('',#718,#719,#720);
#718 = CARTESIAN_POINT('',(95.5,-1.5,-3.));
#719 = DIRECTION('',(0.,-0.,1.));
#720 = DIRECTION('',(-1.,0.,0.));
#721 = ORIENTED_EDGE('',*,*,#722,.T.);
#722 = EDGE_CURVE('',#714,#723,#725,.T.);
#723 = VERTEX_POINT('',#724);
#724 = CARTESIAN_POINT('',(95.5,-6.,0.));
#725 = LINE('',#726,#727);
#726 = CARTESIAN_POINT('',(95.5,-6.,-23.12461179749));
#727 = VECTOR('',#728,1.);
#728 = DIRECTION('',(-0.,-0.,1.));
#729 = ORIENTED_EDGE('',*,*,#730,.F.);
#730 = EDGE_CURVE('',#731,#723,#733,.T.);
#731 = VERTEX_POINT('',#732);
#732 = CARTESIAN_POINT('',(95.5,3.,0.));
#733 = CIRCLE('',#734,4.5);
#734 = AXIS2_PLACEMENT_3D('',#735,#736,#737);
#735 = CARTESIAN_POINT('',(95.5,-1.5,0.));
#736 = DIRECTION('',(0.,0.,1.));
#737 = DIRECTION('',(1.,0.,-0.));
#738 = ORIENTED_EDGE('',*,*,#739,.F.);
#739 = EDGE_CURVE('',#712,#731,#740,.T.);
#740 = LINE('',#741,#742);
#741 = CARTESIAN_POINT('',(95.5,3.,-23.12461179749));
#742 = VECTOR('',#743,1.);
#743 = DIRECTION('',(-0.,-0.,1.));
#744 = CYLINDRICAL_SURFACE('',#745,4.5);
#745 = AXIS2_PLACEMENT_3D('',#746,#747,#748);
#746 = CARTESIAN_POINT('',(95.5,-1.5,-23.12461179749));
#747 = DIRECTION('',(-0.,-0.,1.));
#748 = DIRECTION('',(1.,0.,0.));
#749 = ADVANCED_FACE('',(#750),#775,.F.);
#750 = FACE_BOUND('',#751,.T.);
#751 = EDGE_LOOP('',(#752,#762,#768,#769));
#752 = ORIENTED_EDGE('',*,*,#753,.T.);
#753 = EDGE_CURVE('',#754,#756,#758,.T.);
#754 = VERTEX_POINT('',#755);
#755 = CARTESIAN_POINT('',(104.5,3.,-3.));
#756 = VERTEX_POINT('',#757);
#757 = CARTESIAN_POINT('',(104.5,3.,0.));
#758 = LINE('',#759,#760);
#759 = CARTESIAN_POINT('',(104.5,3.,-23.12461179749));
#760 = VECTOR('',#761,1.);
#761 = DIRECTION('',(-0.,-0.,1.));
#762 = ORIENTED_EDGE('',*,*,#763,.T.);
#763 = EDGE_CURVE('',#756,#731,#764,.T.);
#764 = LINE('',#765,#766);
#765 = CARTESIAN_POINT('',(95.5,3.,0.));
#766 = VECTOR('',#767,1.);
#767 = DIRECTION('',(-1.,-2.891205793295E-16,-0.));
#768 = ORIENTED_EDGE('',*,*,#739,.F.);
#769 = ORIENTED_EDGE('',*,*,#770,.F.);
#770 = EDGE_CURVE('',#754,#712,#771,.T.);
#771 = LINE('',#772,#773);
#772 = CARTESIAN_POINT('',(95.5,3.,-3.));
#773 = VECTOR('',#774,1.);
#774 = DIRECTION('',(-1.,-2.891205793295E-16,0.));
#775 = PLANE('',#776);
#776 = AXIS2_PLACEMENT_3D('',#777,#778,#779);
#777 = CARTESIAN_POINT('',(95.5,3.,-23.12461179749));
#778 = DIRECTION('',(-2.891205793295E-16,1.,0.));
#779 = DIRECTION('',(-1.,-2.891205793295E-16,0.));
#780 = ADVANCED_FACE('',(#781),#808,.F.);
#781 = FACE_BOUND('',#782,.F.);
#782 = EDGE_LOOP('',(#783,#792,#793,#802));
#783 = ORIENTED_EDGE('',*,*,#784,.T.);
#784 = EDGE_CURVE('',#785,#754,#787,.T.);
#785 = VERTEX_POINT('',#786);
#786 = CARTESIAN_POINT('',(104.5,-6.,-3.));
#787 = CIRCLE('',#788,4.5);
#788 = AXIS2_PLACEMENT_3D('',#789,#790,#791);
#789 = CARTESIAN_POINT('',(104.5,-1.5,-3.));
#790 = DIRECTION('',(0.,-0.,1.));
#791 = DIRECTION('',(-1.,0.,0.));
#792 = ORIENTED_EDGE('',*,*,#753,.T.);
#793 = ORIENTED_EDGE('',*,*,#794,.F.);
#794 = EDGE_CURVE('',#795,#756,#797,.T.);
#795 = VERTEX_POINT('',#796);
#796 = CARTESIAN_POINT('',(104.5,-6.,0.));
#797 = CIRCLE('',#798,4.5);
#798 = AXIS2_PLACEMENT_3D('',#799,#800,#801);
#799 = CARTESIAN_POINT('',(104.5,-1.5,0.));
#800 = DIRECTION('',(0.,0.,1.));
#801 = DIRECTION('',(1.,0.,-0.));
#802 = ORIENTED_EDGE('',*,*,#803,.F.);
#803 = EDGE_CURVE('',#785,#795,#804,.T.);
#804 = LINE('',#805,#806);
#805 = CARTESIAN_POINT('',(104.5,-6.,-23.12461179749));
#806 = VECTOR('',#807,1.);
#807 = DIRECTION('',(-0.,-0.,1.));
#808 = CYLINDRICAL_SURFACE('',#809,4.5);
#809 = AXIS2_PLACEMENT_3D('',#810,#811,#812);
#810 = CARTESIAN_POINT('',(104.5,-1.5,-23.12461179749));
#811 = DIRECTION('',(-0.,-0.,1.));
#812 = DIRECTION('',(1.,0.,0.));
#813 = ADVANCED_FACE('',(#814),#830,.F.);
#814 = FACE_BOUND('',#815,.T.);
#815 = EDGE_LOOP('',(#816,#817,#823,#824));
#816 = ORIENTED_EDGE('',*,*,#722,.T.);
#817 = ORIENTED_EDGE('',*,*,#818,.T.);
#818 = EDGE_CURVE('',#723,#795,#819,.T.);
#819 = LINE('',#820,#821);
#820 = CARTESIAN_POINT('',(95.5,-6.,0.));
#821 = VECTOR('',#822,1.);
#822 = DIRECTION('',(1.,2.891205793295E-16,0.));
#823 = ORIENTED_EDGE('',*,*,#803,.F.);
#824 = ORIENTED_EDGE('',*,*,#825,.F.);
#825 = EDGE_CURVE('',#714,#785,#826,.T.);
#826 = LINE('',#827,#828);
#827 = CARTESIAN_POINT('',(95.5,-6.,-3.));
#828 = VECTOR('',#829,1.);
#829 = DIRECTION('',(1.,2.891205793295E-16,0.));
#830 = PLANE('',#831);
#831 = AXIS2_PLACEMENT_3D('',#832,#833,#834);
#832 = CARTESIAN_POINT('',(95.5,-6.,-23.12461179749));
#833 = DIRECTION('',(2.891205793295E-16,-1.,0.));
#834 = DIRECTION('',(1.,2.891205793295E-16,0.));
#835 = ADVANCED_FACE('',(#836),#872,.F.);
#836 = FACE_BOUND('',#837,.F.);
#837 = EDGE_LOOP('',(#838,#849,#857,#866));
#838 = ORIENTED_EDGE('',*,*,#839,.T.);
#839 = EDGE_CURVE('',#840,#842,#844,.T.);
#840 = VERTEX_POINT('',#841);
#841 = CARTESIAN_POINT('',(70.5,3.,-3.));
#842 = VERTEX_POINT('',#843);
#843 = CARTESIAN_POINT('',(70.5,-6.,-3.));
#844 = CIRCLE('',#845,4.5);
#845 = AXIS2_PLACEMENT_3D('',#846,#847,#848);
#846 = CARTESIAN_POINT('',(70.5,-1.5,-3.));
#847 = DIRECTION('',(0.,-0.,1.));
#848 = DIRECTION('',(-1.,0.,0.));
#849 = ORIENTED_EDGE('',*,*,#850,.T.);
#850 = EDGE_CURVE('',#842,#851,#853,.T.);
#851 = VERTEX_POINT('',#852);
#852 = CARTESIAN_POINT('',(70.5,-6.,0.));
#853 = LINE('',#854,#855);
#854 = CARTESIAN_POINT('',(70.5,-6.,-23.12461179749));
#855 = VECTOR('',#856,1.);
#856 = DIRECTION('',(-0.,-0.,1.));
#857 = ORIENTED_EDGE('',*,*,#858,.F.);
#858 = EDGE_CURVE('',#859,#851,#861,.T.);
#859 = VERTEX_POINT('',#860);
#860 = CARTESIAN_POINT('',(70.5,3.,0.));
#861 = CIRCLE('',#862,4.5);
#862 = AXIS2_PLACEMENT_3D('',#863,#864,#865);
#863 = CARTESIAN_POINT('',(70.5,-1.5,0.));
#864 = DIRECTION('',(0.,0.,1.));
#865 = DIRECTION('',(1.,0.,-0.));
#866 = ORIENTED_EDGE('',*,*,#867,.F.);
#867 = EDGE_CURVE('',#840,#859,#868,.T.);
#868 = LINE('',#869,#870);
#869 = CARTESIAN_POINT('',(70.5,3.,-23.12461179749));
#870 = VECTOR('',#871,1.);
#871 = DIRECTION('',(-0.,-0.,1.));
#872 = CYLINDRICAL_SURFACE('',#873,4.5);
#873 = AXIS2_PLACEMENT_3D('',#874,#875,#876);
#874 = CARTESIAN_POINT('',(70.5,-1.5,-23.12461179749));
#875 = DIRECTION('',(-0.,-0.,1.));
#876 = DIRECTION('',(1.,0.,0.));
#877 = ADVANCED_FACE('',(#878),#903,.F.);
#878 = FACE_BOUND('',#879,.T.);
#879 = EDGE_LOOP('',(#880,#890,#896,#897));
#880 = ORIENTED_EDGE('',*,*,#881,.T.);
#881 = EDGE_CURVE('',#882,#884,#886,.T.);
#882 = VERTEX_POINT('',#883);
#883 = CARTESIAN_POINT('',(79.5,3.,-3.));
#884 = VERTEX_POINT('',#885);
#885 = CARTESIAN_POINT('',(79.5,3.,0.));
#886 = LINE('',#887,#888);
#887 = CARTESIAN_POINT('',(79.5,3.,-23.12461179749));
#888 = VECTOR('',#889,1.);
#889 = DIRECTION('',(-0.,-0.,1.));
#890 = ORIENTED_EDGE('',*,*,#891,.T.);
#891 = EDGE_CURVE('',#884,#859,#892,.T.);
#892 = LINE('',#893,#894);
#893 = CARTESIAN_POINT('',(70.5,3.,0.));
#894 = VECTOR('',#895,1.);
#895 = DIRECTION('',(-1.,-2.891205793295E-16,-0.));
#896 = ORIENTED_EDGE('',*,*,#867,.F.);
#897 = ORIENTED_EDGE('',*,*,#898,.F.);
#898 = EDGE_CURVE('',#882,#840,#899,.T.);
#899 = LINE('',#900,#901);
#900 = CARTESIAN_POINT('',(70.5,3.,-3.));
#901 = VECTOR('',#902,1.);
#902 = DIRECTION('',(-1.,-2.891205793295E-16,0.));
#903 = PLANE('',#904);
#904 = AXIS2_PLACEMENT_3D('',#905,#906,#907);
#905 = CARTESIAN_POINT('',(70.5,3.,-23.12461179749));
#906 = DIRECTION('',(-2.891205793295E-16,1.,0.));
#907 = DIRECTION('',(-1.,-2.891205793295E-16,0.));
#908 = ADVANCED_FACE('',(#909),#936,.F.);
#909 = FACE_BOUND('',#910,.F.);
#910 = EDGE_LOOP('',(#911,#920,#921,#930));
#911 = ORIENTED_EDGE('',*,*,#912,.T.);
#912 = EDGE_CURVE('',#913,#882,#915,.T.);
#913 = VERTEX_POINT('',#914);
#914 = CARTESIAN_POINT('',(79.5,-6.,-3.));
#915 = CIRCLE('',#916,4.5);
#916 = AXIS2_PLACEMENT_3D('',#917,#918,#919);
#917 = CARTESIAN_POINT('',(79.5,-1.5,-3.));
#918 = DIRECTION('',(0.,-0.,1.));
#919 = DIRECTION('',(-1.,0.,0.));
#920 = ORIENTED_EDGE('',*,*,#881,.T.);
#921 = ORIENTED_EDGE('',*,*,#922,.F.);
#922 = EDGE_CURVE('',#923,#884,#925,.T.);
#923 = VERTEX_POINT('',#924);
#924 = CARTESIAN_POINT('',(79.5,-6.,0.));
#925 = CIRCLE('',#926,4.5);
#926 = AXIS2_PLACEMENT_3D('',#927,#928,#929);
#927 = CARTESIAN_POINT('',(79.5,-1.5,0.));
#928 = DIRECTION('',(0.,0.,1.));
#929 = DIRECTION('',(1.,0.,-0.));
#930 = ORIENTED_EDGE('',*,*,#931,.F.);
#931 = EDGE_CURVE('',#913,#923,#932,.T.);
#932 = LINE('',#933,#934);
#933 = CARTESIAN_POINT('',(79.5,-6.,-23.12461179749));
#934 = VECTOR('',#935,1.);
#935 = DIRECTION('',(-0.,-0.,1.));
#936 = CYLINDRICAL_SURFACE('',#937,4.5);
#937 = AXIS2_PLACEMENT_3D('',#938,#939,#940);
#938 = CARTESIAN_POINT('',(79.5,-1.5,-23.12461179749));
#939 = DIRECTION('',(-0.,-0.,1.));
#940 = DIRECTION('',(1.,0.,0.));
#941 = ADVANCED_FACE('',(#942),#958,.F.);
#942 = FACE_BOUND('',#943,.T.);
#943 = EDGE_LOOP('',(#944,#945,#951,#952));
#944 = ORIENTED_EDGE('',*,*,#850,.T.);
#945 = ORIENTED_EDGE('',*,*,#946,.T.);
#946 = EDGE_CURVE('',#851,#923,#947,.T.);
#947 = LINE('',#948,#949);
#948 = CARTESIAN_POINT('',(70.5,-6.,0.));
#949 = VECTOR('',#950,1.);
#950 = DIRECTION('',(1.,2.891205793295E-16,0.));
#951 = ORIENTED_EDGE('',*,*,#931,.F.);
#952 = ORIENTED_EDGE('',*,*,#953,.F.);
#953 = EDGE_CURVE('',#842,#913,#954,.T.);
#954 = LINE('',#955,#956);
#955 = CARTESIAN_POINT('',(70.5,-6.,-3.));
#956 = VECTOR('',#957,1.);
#957 = DIRECTION('',(1.,2.891205793295E-16,0.));
#958 = PLANE('',#959);
#959 = AXIS2_PLACEMENT_3D('',#960,#961,#962);
#960 = CARTESIAN_POINT('',(70.5,-6.,-23.12461179749));
#961 = DIRECTION('',(2.891205793295E-16,-1.,0.));
#962 = DIRECTION('',(1.,2.891205793295E-16,0.));
#963 = ADVANCED_FACE('',(#964),#1000,.F.);
#964 = FACE_BOUND('',#965,.F.);
#965 = EDGE_LOOP('',(#966,#977,#985,#994));
#966 = ORIENTED_EDGE('',*,*,#967,.T.);
#967 = EDGE_CURVE('',#968,#970,#972,.T.);
#968 = VERTEX_POINT('',#969);
#969 = CARTESIAN_POINT('',(45.5,3.,-3.));
#970 = VERTEX_POINT('',#971);
#971 = CARTESIAN_POINT('',(45.5,-6.,-3.));
#972 = CIRCLE('',#973,4.5);
#973 = AXIS2_PLACEMENT_3D('',#974,#975,#976);
#974 = CARTESIAN_POINT('',(45.5,-1.5,-3.));
#975 = DIRECTION('',(0.,-0.,1.));
#976 = DIRECTION('',(-1.,0.,0.));
#977 = ORIENTED_EDGE('',*,*,#978,.T.);
#978 = EDGE_CURVE('',#970,#979,#981,.T.);
#979 = VERTEX_POINT('',#980);
#980 = CARTESIAN_POINT('',(45.5,-6.,0.));
#981 = LINE('',#982,#983);
#982 = CARTESIAN_POINT('',(45.5,-6.,-23.12461179749));
#983 = VECTOR('',#984,1.);
#984 = DIRECTION('',(-0.,-0.,1.));
#985 = ORIENTED_EDGE('',*,*,#986,.F.);
#986 = EDGE_CURVE('',#987,#979,#989,.T.);
#987 = VERTEX_POINT('',#988);
#988 = CARTESIAN_POINT('',(45.5,3.,0.));
#989 = CIRCLE('',#990,4.5);
#990 = AXIS2_PLACEMENT_3D('',#991,#992,#993);
#991 = CARTESIAN_POINT('',(45.5,-1.5,0.));
#992 = DIRECTION('',(0.,0.,1.));
#993 = DIRECTION('',(1.,0.,-0.));
#994 = ORIENTED_EDGE('',*,*,#995,.F.);
#995 = EDGE_CURVE('',#968,#987,#996,.T.);
#996 = LINE('',#997,#998);
#997 = CARTESIAN_POINT('',(45.5,3.,-23.12461179749));
#998 = VECTOR('',#999,1.);
#999 = DIRECTION('',(-0.,-0.,1.));
#1000 = CYLINDRICAL_SURFACE('',#1001,4.5);
#1001 = AXIS2_PLACEMENT_3D('',#1002,#1003,#1004);
#1002 = CARTESIAN_POINT('',(45.5,-1.5,-23.12461179749));
#1003 = DIRECTION('',(-0.,-0.,1.));
#1004 = DIRECTION('',(1.,0.,0.));
#1005 = ADVANCED_FACE('',(#1006),#1031,.F.);
#1006 = FACE_BOUND('',#1007,.T.);
#1007 = EDGE_LOOP('',(#1008,#1018,#1024,#1025));
#1008 = ORIENTED_EDGE('',*,*,#1009,.T.);
#1009 = EDGE_CURVE('',#1010,#1012,#1014,.T.);
#1010 = VERTEX_POINT('',#1011);
#1011 = CARTESIAN_POINT('',(54.5,3.,-3.));
#1012 = VERTEX_POINT('',#1013);
#1013 = CARTESIAN_POINT('',(54.5,3.,0.));
#1014 = LINE('',#1015,#1016);
#1015 = CARTESIAN_POINT('',(54.5,3.,-23.12461179749));
#1016 = VECTOR('',#1017,1.);
#1017 = DIRECTION('',(-0.,-0.,1.));
#1018 = ORIENTED_EDGE('',*,*,#1019,.T.);
#1019 = EDGE_CURVE('',#1012,#987,#1020,.T.);
#1020 = LINE('',#1021,#1022);
#1021 = CARTESIAN_POINT('',(45.5,3.,0.));
#1022 = VECTOR('',#1023,1.);
#1023 = DIRECTION('',(-1.,-2.891205793295E-16,-0.));
#1024 = ORIENTED_EDGE('',*,*,#995,.F.);
#1025 = ORIENTED_EDGE('',*,*,#1026,.F.);
#1026 = EDGE_CURVE('',#1010,#968,#1027,.T.);
#1027 = LINE('',#1028,#1029);
#1028 = CARTESIAN_POINT('',(45.5,3.,-3.));
#1029 = VECTOR('',#1030,1.);
#1030 = DIRECTION('',(-1.,-2.891205793295E-16,0.));
#1031 = PLANE('',#1032);
#1032 = AXIS2_PLACEMENT_3D('',#1033,#1034,#1035);
#1033 = CARTESIAN_POINT('',(45.5,3.,-23.12461179749));
#1034 = DIRECTION('',(-2.891205793295E-16,1.,0.));
#1035 = DIRECTION('',(-1.,-2.891205793295E-16,0.));
#1036 = ADVANCED_FACE('',(#1037),#1064,.F.);
#1037 = FACE_BOUND('',#1038,.F.);
#1038 = EDGE_LOOP('',(#1039,#1048,#1049,#1058));
#1039 = ORIENTED_EDGE('',*,*,#1040,.T.);
#1040 = EDGE_CURVE('',#1041,#1010,#1043,.T.);
#1041 = VERTEX_POINT('',#1042);
#1042 = CARTESIAN_POINT('',(54.5,-6.,-3.));
#1043 = CIRCLE('',#1044,4.5);
#1044 = AXIS2_PLACEMENT_3D('',#1045,#1046,#1047);
#1045 = CARTESIAN_POINT('',(54.5,-1.5,-3.));
#1046 = DIRECTION('',(0.,-0.,1.));
#1047 = DIRECTION('',(-1.,0.,0.));
#1048 = ORIENTED_EDGE('',*,*,#1009,.T.);
#1049 = ORIENTED_EDGE('',*,*,#1050,.F.);
#1050 = EDGE_CURVE('',#1051,#1012,#1053,.T.);
#1051 = VERTEX_POINT('',#1052);
#1052 = CARTESIAN_POINT('',(54.5,-6.,0.));
#1053 = CIRCLE('',#1054,4.5);
#1054 = AXIS2_PLACEMENT_3D('',#1055,#1056,#1057);
#1055 = CARTESIAN_POINT('',(54.5,-1.5,0.));
#1056 = DIRECTION('',(0.,0.,1.));
#1057 = DIRECTION('',(1.,0.,-0.));
#1058 = ORIENTED_EDGE('',*,*,#1059,.F.);
#1059 = EDGE_CURVE('',#1041,#1051,#1060,.T.);
#1060 = LINE('',#1061,#1062);
#1061 = CARTESIAN_POINT('',(54.5,-6.,-23.12461179749));
#1062 = VECTOR('',#1063,1.);
#1063 = DIRECTION('',(-0.,-0.,1.));
#1064 = CYLINDRICAL_SURFACE('',#1065,4.5);
#1065 = AXIS2_PLACEMENT_3D('',#1066,#1067,#1068);
#1066 = CARTESIAN_POINT('',(54.5,-1.5,-23.12461179749));
#1067 = DIRECTION('',(-0.,-0.,1.));
#1068 = DIRECTION('',(1.,0.,0.));
#1069 = ADVANCED_FACE('',(#1070),#1086,.F.);
#1070 = FACE_BOUND('',#1071,.T.);
#1071 = EDGE_LOOP('',(#1072,#1073,#1079,#1080));
#1072 = ORIENTED_EDGE('',*,*,#978,.T.);
#1073 = ORIENTED_EDGE('',*,*,#1074,.T.);
#1074 = EDGE_CURVE('',#979,#1051,#1075,.T.);
#1075 = LINE('',#1076,#1077);
#1076 = CARTESIAN_POINT('',(45.5,-6.,0.));
#1077 = VECTOR('',#1078,1.);
#1078 = DIRECTION('',(1.,2.891205793295E-16,0.));
#1079 = ORIENTED_EDGE('',*,*,#1059,.F.);
#1080 = ORIENTED_EDGE('',*,*,#1081,.F.);
#1081 = EDGE_CURVE('',#970,#1041,#1082,.T.);
#1082 = LINE('',#1083,#1084);
#1083 = CARTESIAN_POINT('',(45.5,-6.,-3.));
#1084 = VECTOR('',#1085,1.);
#1085 = DIRECTION('',(1.,2.891205793295E-16,0.));
#1086 = PLANE('',#1087);
#1087 = AXIS2_PLACEMENT_3D('',#1088,#1089,#1090);
#1088 = CARTESIAN_POINT('',(45.5,-6.,-23.12461179749));
#1089 = DIRECTION('',(2.891205793295E-16,-1.,0.));
#1090 = DIRECTION('',(1.,2.891205793295E-16,0.));
#1091 = ADVANCED_FACE('',(#1092),#1128,.F.);
#1092 = FACE_BOUND('',#1093,.F.);
#1093 = EDGE_LOOP('',(#1094,#1105,#1113,#1122));
#1094 = ORIENTED_EDGE('',*,*,#1095,.T.);
#1095 = EDGE_CURVE('',#1096,#1098,#1100,.T.);
#1096 = VERTEX_POINT('',#1097);
#1097 = CARTESIAN_POINT('',(20.5,3.,-3.));
#1098 = VERTEX_POINT('',#1099);
#1099 = CARTESIAN_POINT('',(20.5,-6.,-3.));
#1100 = CIRCLE('',#1101,4.5);
#1101 = AXIS2_PLACEMENT_3D('',#1102,#1103,#1104);
#1102 = CARTESIAN_POINT('',(20.5,-1.5,-3.));
#1103 = DIRECTION('',(0.,-0.,1.));
#1104 = DIRECTION('',(-1.,0.,0.));
#1105 = ORIENTED_EDGE('',*,*,#1106,.T.);
#1106 = EDGE_CURVE('',#1098,#1107,#1109,.T.);
#1107 = VERTEX_POINT('',#1108);
#1108 = CARTESIAN_POINT('',(20.5,-6.,0.));
#1109 = LINE('',#1110,#1111);
#1110 = CARTESIAN_POINT('',(20.5,-6.,-23.12461179749));
#1111 = VECTOR('',#1112,1.);
#1112 = DIRECTION('',(-0.,-0.,1.));
#1113 = ORIENTED_EDGE('',*,*,#1114,.F.);
#1114 = EDGE_CURVE('',#1115,#1107,#1117,.T.);
#1115 = VERTEX_POINT('',#1116);
#1116 = CARTESIAN_POINT('',(20.5,3.,0.));
#1117 = CIRCLE('',#1118,4.5);
#1118 = AXIS2_PLACEMENT_3D('',#1119,#1120,#1121);
#1119 = CARTESIAN_POINT('',(20.5,-1.5,0.));
#1120 = DIRECTION('',(0.,0.,1.));
#1121 = DIRECTION('',(1.,0.,-0.));
#1122 = ORIENTED_EDGE('',*,*,#1123,.F.);
#1123 = EDGE_CURVE('',#1096,#1115,#1124,.T.);
#1124 = LINE('',#1125,#1126);
#1125 = CARTESIAN_POINT('',(20.5,3.,-23.12461179749));
#1126 = VECTOR('',#1127,1.);
#1127 = DIRECTION('',(-0.,-0.,1.));
#1128 = CYLINDRICAL_SURFACE('',#1129,4.5);
#1129 = AXIS2_PLACEMENT_3D('',#1130,#1131,#1132);
#1130 = CARTESIAN_POINT('',(20.5,-1.5,-23.12461179749));
#1131 = DIRECTION('',(-0.,-0.,1.));
#1132 = DIRECTION('',(1.,0.,0.));
#1133 = ADVANCED_FACE('',(#1134),#1159,.F.);
#1134 = FACE_BOUND('',#1135,.T.);
#1135 = EDGE_LOOP('',(#1136,#1146,#1152,#1153));
#1136 = ORIENTED_EDGE('',*,*,#1137,.T.);
#1137 = EDGE_CURVE('',#1138,#1140,#1142,.T.);
#1138 = VERTEX_POINT('',#1139);
#1139 = CARTESIAN_POINT('',(29.5,3.,-3.));
#1140 = VERTEX_POINT('',#1141);
#1141 = CARTESIAN_POINT('',(29.5,3.,0.));
#1142 = LINE('',#1143,#1144);
#1143 = CARTESIAN_POINT('',(29.5,3.,-23.12461179749));
#1144 = VECTOR('',#1145,1.);
#1145 = DIRECTION('',(-0.,-0.,1.));
#1146 = ORIENTED_EDGE('',*,*,#1147,.T.);
#1147 = EDGE_CURVE('',#1140,#1115,#1148,.T.);
#1148 = LINE('',#1149,#1150);
#1149 = CARTESIAN_POINT('',(20.5,3.,0.));
#1150 = VECTOR('',#1151,1.);
#1151 = DIRECTION('',(-1.,-2.891205793295E-16,-0.));
#1152 = ORIENTED_EDGE('',*,*,#1123,.F.);
#1153 = ORIENTED_EDGE('',*,*,#1154,.F.);
#1154 = EDGE_CURVE('',#1138,#1096,#1155,.T.);
#1155 = LINE('',#1156,#1157);
#1156 = CARTESIAN_POINT('',(20.5,3.,-3.));
#1157 = VECTOR('',#1158,1.);
#1158 = DIRECTION('',(-1.,-2.891205793295E-16,0.));
#1159 = PLANE('',#1160);
#1160 = AXIS2_PLACEMENT_3D('',#1161,#1162,#1163);
#1161 = CARTESIAN_POINT('',(20.5,3.,-23.12461179749));
#1162 = DIRECTION('',(-2.891205793295E-16,1.,0.));
#1163 = DIRECTION('',(-1.,-2.891205793295E-16,0.));
#1164 = ADVANCED_FACE('',(#1165),#1192,.F.);
#1165 = FACE_BOUND('',#1166,.F.);
#1166 = EDGE_LOOP('',(#1167,#1176,#1177,#1186));
#1167 = ORIENTED_EDGE('',*,*,#1168,.T.);
#1168 = EDGE_CURVE('',#1169,#1138,#1171,.T.);
#1169 = VERTEX_POINT('',#1170);
#1170 = CARTESIAN_POINT('',(29.5,-6.,-3.));
#1171 = CIRCLE('',#1172,4.5);
#1172 = AXIS2_PLACEMENT_3D('',#1173,#1174,#1175);
#1173 = CARTESIAN_POINT('',(29.5,-1.5,-3.));
#1174 = DIRECTION('',(0.,-0.,1.));
#1175 = DIRECTION('',(-1.,0.,0.));
#1176 = ORIENTED_EDGE('',*,*,#1137,.T.);
#1177 = ORIENTED_EDGE('',*,*,#1178,.F.);
#1178 = EDGE_CURVE('',#1179,#1140,#1181,.T.);
#1179 = VERTEX_POINT('',#1180);
#1180 = CARTESIAN_POINT('',(29.5,-6.,0.));
#1181 = CIRCLE('',#1182,4.5);
#1182 = AXIS2_PLACEMENT_3D('',#1183,#1184,#1185);
#1183 = CARTESIAN_POINT('',(29.5,-1.5,0.));
#1184 = DIRECTION('',(0.,0.,1.));
#1185 = DIRECTION('',(1.,0.,-0.));
#1186 = ORIENTED_EDGE('',*,*,#1187,.F.);
#1187 = EDGE_CURVE('',#1169,#1179,#1188,.T.);
#1188 = LINE('',#1189,#1190);
#1189 = CARTESIAN_POINT('',(29.5,-6.,-23.12461179749));
#1190 = VECTOR('',#1191,1.);
#1191 = DIRECTION('',(-0.,-0.,1.));
#1192 = CYLINDRICAL_SURFACE('',#1193,4.5);
#1193 = AXIS2_PLACEMENT_3D('',#1194,#1195,#1196);
#1194 = CARTESIAN_POINT('',(29.5,-1.5,-23.12461179749));
#1195 = DIRECTION('',(-0.,-0.,1.));
#1196 = DIRECTION('',(1.,0.,0.));
#1197 = ADVANCED_FACE('',(#1198),#1214,.F.);
#1198 = FACE_BOUND('',#1199,.T.);
#1199 = EDGE_LOOP('',(#1200,#1201,#1207,#1208));
#1200 = ORIENTED_EDGE('',*,*,#1106,.T.);
#1201 = ORIENTED_EDGE('',*,*,#1202,.T.);
#1202 = EDGE_CURVE('',#1107,#1179,#1203,.T.);
#1203 = LINE('',#1204,#1205);
#1204 = CARTESIAN_POINT('',(20.5,-6.,0.));
#1205 = VECTOR('',#1206,1.);
#1206 = DIRECTION('',(1.,2.891205793295E-16,0.));
#1207 = ORIENTED_EDGE('',*,*,#1187,.F.);
#1208 = ORIENTED_EDGE('',*,*,#1209,.F.);
#1209 = EDGE_CURVE('',#1098,#1169,#1210,.T.);
#1210 = LINE('',#1211,#1212);
#1211 = CARTESIAN_POINT('',(20.5,-6.,-3.));
#1212 = VECTOR('',#1213,1.);
#1213 = DIRECTION('',(1.,2.891205793295E-16,0.));
#1214 = PLANE('',#1215);
#1215 = AXIS2_PLACEMENT_3D('',#1216,#1217,#1218);
#1216 = CARTESIAN_POINT('',(20.5,-6.,-23.12461179749));
#1217 = DIRECTION('',(2.891205793295E-16,-1.,0.));
#1218 = DIRECTION('',(1.,2.891205793295E-16,0.));
#1219 = ADVANCED_FACE('',(#1220),#1256,.F.);
#1220 = FACE_BOUND('',#1221,.F.);
#1221 = EDGE_LOOP('',(#1222,#1233,#1241,#1250));
#1222 = ORIENTED_EDGE('',*,*,#1223,.T.);
#1223 = EDGE_CURVE('',#1224,#1226,#1228,.T.);
#1224 = VERTEX_POINT('',#1225);
#1225 = CARTESIAN_POINT('',(-4.5,3.,-3.));
#1226 = VERTEX_POINT('',#1227);
#1227 = CARTESIAN_POINT('',(-4.5,-6.,-3.));
#1228 = CIRCLE('',#1229,4.5);
#1229 = AXIS2_PLACEMENT_3D('',#1230,#1231,#1232);
#1230 = CARTESIAN_POINT('',(-4.5,-1.5,-3.));
#1231 = DIRECTION('',(0.,-0.,1.));
#1232 = DIRECTION('',(-1.,0.,0.));
#1233 = ORIENTED_EDGE('',*,*,#1234,.T.);
#1234 = EDGE_CURVE('',#1226,#1235,#1237,.T.);
#1235 = VERTEX_POINT('',#1236);
#1236 = CARTESIAN_POINT('',(-4.5,-6.,0.));
#1237 = LINE('',#1238,#1239);
#1238 = CARTESIAN_POINT('',(-4.5,-6.,-23.12461179749));
#1239 = VECTOR('',#1240,1.);
#1240 = DIRECTION('',(-0.,-0.,1.));
#1241 = ORIENTED_EDGE('',*,*,#1242,.F.);
#1242 = EDGE_CURVE('',#1243,#1235,#1245,.T.);
#1243 = VERTEX_POINT('',#1244);
#1244 = CARTESIAN_POINT('',(-4.5,3.,0.));
#1245 = CIRCLE('',#1246,4.5);
#1246 = AXIS2_PLACEMENT_3D('',#1247,#1248,#1249);
#1247 = CARTESIAN_POINT('',(-4.5,-1.5,0.));
#1248 = DIRECTION('',(0.,0.,1.));
#1249 = DIRECTION('',(1.,0.,-0.));
#1250 = ORIENTED_EDGE('',*,*,#1251,.F.);
#1251 = EDGE_CURVE('',#1224,#1243,#1252,.T.);
#1252 = LINE('',#1253,#1254);
#1253 = CARTESIAN_POINT('',(-4.5,3.,-23.12461179749));
#1254 = VECTOR('',#1255,1.);
#1255 = DIRECTION('',(-0.,-0.,1.));
#1256 = CYLINDRICAL_SURFACE('',#1257,4.5);
#1257 = AXIS2_PLACEMENT_3D('',#1258,#1259,#1260);
#1258 = CARTESIAN_POINT('',(-4.5,-1.5,-23.12461179749));
#1259 = DIRECTION('',(-0.,-0.,1.));
#1260 = DIRECTION('',(1.,0.,0.));
#1261 = ADVANCED_FACE('',(#1262),#1287,.F.);
#1262 = FACE_BOUND('',#1263,.T.);
#1263 = EDGE_LOOP('',(#1264,#1274,#1280,#1281));
#1264 = ORIENTED_EDGE('',*,*,#1265,.T.);
#1265 = EDGE_CURVE('',#1266,#1268,#1270,.T.);
#1266 = VERTEX_POINT('',#1267);
#1267 = CARTESIAN_POINT('',(4.5,3.,-3.));
#1268 = VERTEX_POINT('',#1269);
#1269 = CARTESIAN_POINT('',(4.5,3.,0.));
#1270 = LINE('',#1271,#1272);
#1271 = CARTESIAN_POINT('',(4.5,3.,-23.12461179749));
#1272 = VECTOR('',#1273,1.);
#1273 = DIRECTION('',(-0.,-0.,1.));
#1274 = ORIENTED_EDGE('',*,*,#1275,.T.);
#1275 = EDGE_CURVE('',#1268,#1243,#1276,.T.);
#1276 = LINE('',#1277,#1278);
#1277 = CARTESIAN_POINT('',(-4.5,3.,0.));
#1278 = VECTOR('',#1279,1.);
#1279 = DIRECTION('',(-1.,-2.891205793295E-16,-0.));
#1280 = ORIENTED_EDGE('',*,*,#1251,.F.);
#1281 = ORIENTED_EDGE('',*,*,#1282,.F.);
#1282 = EDGE_CURVE('',#1266,#1224,#1283,.T.);
#1283 = LINE('',#1284,#1285);
#1284 = CARTESIAN_POINT('',(-4.5,3.,-3.));
#1285 = VECTOR('',#1286,1.);
#1286 = DIRECTION('',(-1.,-2.891205793295E-16,0.));
#1287 = PLANE('',#1288);
#1288 = AXIS2_PLACEMENT_3D('',#1289,#1290,#1291);
#1289 = CARTESIAN_POINT('',(-4.5,3.,-23.12461179749));
#1290 = DIRECTION('',(-2.891205793295E-16,1.,0.));
#1291 = DIRECTION('',(-1.,-2.891205793295E-16,0.));
#1292 = ADVANCED_FACE('',(#1293),#1320,.F.);
#1293 = FACE_BOUND('',#1294,.F.);
#1294 = EDGE_LOOP('',(#1295,#1304,#1305,#1314));
#1295 = ORIENTED_EDGE('',*,*,#1296,.T.);
#1296 = EDGE_CURVE('',#1297,#1266,#1299,.T.);
#1297 = VERTEX_POINT('',#1298);
#1298 = CARTESIAN_POINT('',(4.5,-6.,-3.));
#1299 = CIRCLE('',#1300,4.5);
#1300 = AXIS2_PLACEMENT_3D('',#1301,#1302,#1303);
#1301 = CARTESIAN_POINT('',(4.5,-1.5,-3.));
#1302 = DIRECTION('',(0.,-0.,1.));
#1303 = DIRECTION('',(-1.,0.,0.));
#1304 = ORIENTED_EDGE('',*,*,#1265,.T.);
#1305 = ORIENTED_EDGE('',*,*,#1306,.F.);
#1306 = EDGE_CURVE('',#1307,#1268,#1309,.T.);
#1307 = VERTEX_POINT('',#1308);
#1308 = CARTESIAN_POINT('',(4.5,-6.,0.));
#1309 = CIRCLE('',#1310,4.5);
#1310 = AXIS2_PLACEMENT_3D('',#1311,#1312,#1313);
#1311 = CARTESIAN_POINT('',(4.5,-1.5,0.));
#1312 = DIRECTION('',(0.,0.,1.));
#1313 = DIRECTION('',(1.,0.,-0.));
#1314 = ORIENTED_EDGE('',*,*,#1315,.F.);
#1315 = EDGE_CURVE('',#1297,#1307,#1316,.T.);
#1316 = LINE('',#1317,#1318);
#1317 = CARTESIAN_POINT('',(4.5,-6.,-23.12461179749));
#1318 = VECTOR('',#1319,1.);
#1319 = DIRECTION('',(-0.,-0.,1.));
#1320 = CYLINDRICAL_SURFACE('',#1321,4.5);
#1321 = AXIS2_PLACEMENT_3D('',#1322,#1323,#1324);
#1322 = CARTESIAN_POINT('',(4.5,-1.5,-23.12461179749));
#1323 = DIRECTION('',(-0.,-0.,1.));
#1324 = DIRECTION('',(1.,0.,0.));
#1325 = ADVANCED_FACE('',(#1326),#1342,.F.);
#1326 = FACE_BOUND('',#1327,.T.);
#1327 = EDGE_LOOP('',(#1328,#1329,#1335,#1336));
#1328 = ORIENTED_EDGE('',*,*,#1234,.T.);
#1329 = ORIENTED_EDGE('',*,*,#1330,.T.);
#1330 = EDGE_CURVE('',#1235,#1307,#1331,.T.);
#1331 = LINE('',#1332,#1333);
#1332 = CARTESIAN_POINT('',(-4.5,-6.,0.));
#1333 = VECTOR('',#1334,1.);
#1334 = DIRECTION('',(1.,2.891205793295E-16,0.));
#1335 = ORIENTED_EDGE('',*,*,#1315,.F.);
#1336 = ORIENTED_EDGE('',*,*,#1337,.F.);
#1337 = EDGE_CURVE('',#1226,#1297,#1338,.T.);
#1338 = LINE('',#1339,#1340);
#1339 = CARTESIAN_POINT('',(-4.5,-6.,-3.));
#1340 = VECTOR('',#1341,1.);
#1341 = DIRECTION('',(1.,2.891205793295E-16,0.));
#1342 = PLANE('',#1343);
#1343 = AXIS2_PLACEMENT_3D('',#1344,#1345,#1346);
#1344 = CARTESIAN_POINT('',(-4.5,-6.,-23.12461179749));
#1345 = DIRECTION('',(2.891205793295E-16,-1.,0.));
#1346 = DIRECTION('',(1.,2.891205793295E-16,0.));
#1347 = ADVANCED_FACE('',(#1348),#1384,.F.);
#1348 = FACE_BOUND('',#1349,.F.);
#1349 = EDGE_LOOP('',(#1350,#1361,#1369,#1378));
#1350 = ORIENTED_EDGE('',*,*,#1351,.T.);
#1351 = EDGE_CURVE('',#1352,#1354,#1356,.T.);
#1352 = VERTEX_POINT('',#1353);
#1353 = CARTESIAN_POINT('',(-29.5,3.,-3.));
#1354 = VERTEX_POINT('',#1355);
#1355 = CARTESIAN_POINT('',(-29.5,-6.,-3.));
#1356 = CIRCLE('',#1357,4.5);
#1357 = AXIS2_PLACEMENT_3D('',#1358,#1359,#1360);
#1358 = CARTESIAN_POINT('',(-29.5,-1.5,-3.));
#1359 = DIRECTION('',(0.,-0.,1.));
#1360 = DIRECTION('',(-1.,0.,0.));
#1361 = ORIENTED_EDGE('',*,*,#1362,.T.);
#1362 = EDGE_CURVE('',#1354,#1363,#1365,.T.);
#1363 = VERTEX_POINT('',#1364);
#1364 = CARTESIAN_POINT('',(-29.5,-6.,0.));
#1365 = LINE('',#1366,#1367);
#1366 = CARTESIAN_POINT('',(-29.5,-6.,-23.12461179749));
#1367 = VECTOR('',#1368,1.);
#1368 = DIRECTION('',(-0.,-0.,1.));
#1369 = ORIENTED_EDGE('',*,*,#1370,.F.);
#1370 = EDGE_CURVE('',#1371,#1363,#1373,.T.);
#1371 = VERTEX_POINT('',#1372);
#1372 = CARTESIAN_POINT('',(-29.5,3.,0.));
#1373 = CIRCLE('',#1374,4.5);
#1374 = AXIS2_PLACEMENT_3D('',#1375,#1376,#1377);
#1375 = CARTESIAN_POINT('',(-29.5,-1.5,0.));
#1376 = DIRECTION('',(0.,0.,1.));
#1377 = DIRECTION('',(1.,0.,-0.));
#1378 = ORIENTED_EDGE('',*,*,#1379,.F.);
#1379 = EDGE_CURVE('',#1352,#1371,#1380,.T.);
#1380 = LINE('',#1381,#1382);
#1381 = CARTESIAN_POINT('',(-29.5,3.,-23.12461179749));
#1382 = VECTOR('',#1383,1.);
#1383 = DIRECTION('',(-0.,-0.,1.));
#1384 = CYLINDRICAL_SURFACE('',#1385,4.5);
#1385 = AXIS2_PLACEMENT_3D('',#1386,#1387,#1388);
#1386 = CARTESIAN_POINT('',(-29.5,-1.5,-23.12461179749));
#1387 = DIRECTION('',(-0.,-0.,1.));
#1388 = DIRECTION('',(1.,0.,0.));
#1389 = ADVANCED_FACE('',(#1390),#1415,.F.);
#1390 = FACE_BOUND('',#1391,.T.);
#1391 = EDGE_LOOP('',(#1392,#1402,#1408,#1409));
#1392 = ORIENTED_EDGE('',*,*,#1393,.T.);
#1393 = EDGE_CURVE('',#1394,#1396,#1398,.T.);
#1394 = VERTEX_POINT('',#1395);
#1395 = CARTESIAN_POINT('',(-20.5,3.,-3.));
#1396 = VERTEX_POINT('',#1397);
#1397 = CARTESIAN_POINT('',(-20.5,3.,0.));
#1398 = LINE('',#1399,#1400);
#1399 = CARTESIAN_POINT('',(-20.5,3.,-23.12461179749));
#1400 = VECTOR('',#1401,1.);
#1401 = DIRECTION('',(-0.,-0.,1.));
#1402 = ORIENTED_EDGE('',*,*,#1403,.T.);
#1403 = EDGE_CURVE('',#1396,#1371,#1404,.T.);
#1404 = LINE('',#1405,#1406);
#1405 = CARTESIAN_POINT('',(-29.5,3.,0.));
#1406 = VECTOR('',#1407,1.);
#1407 = DIRECTION('',(-1.,-2.891205793295E-16,-0.));
#1408 = ORIENTED_EDGE('',*,*,#1379,.F.);
#1409 = ORIENTED_EDGE('',*,*,#1410,.F.);
#1410 = EDGE_CURVE('',#1394,#1352,#1411,.T.);
#1411 = LINE('',#1412,#1413);
#1412 = CARTESIAN_POINT('',(-29.5,3.,-3.));
#1413 = VECTOR('',#1414,1.);
#1414 = DIRECTION('',(-1.,-2.891205793295E-16,0.));
#1415 = PLANE('',#1416);
#1416 = AXIS2_PLACEMENT_3D('',#1417,#1418,#1419);
#1417 = CARTESIAN_POINT('',(-29.5,3.,-23.12461179749));
#1418 = DIRECTION('',(-2.891205793295E-16,1.,0.));
#1419 = DIRECTION('',(-1.,-2.891205793295E-16,0.));
#1420 = ADVANCED_FACE('',(#1421),#1448,.F.);
#1421 = FACE_BOUND('',#1422,.F.);
#1422 = EDGE_LOOP('',(#1423,#1432,#1433,#1442));
#1423 = ORIENTED_EDGE('',*,*,#1424,.T.);
#1424 = EDGE_CURVE('',#1425,#1394,#1427,.T.);
#1425 = VERTEX_POINT('',#1426);
#1426 = CARTESIAN_POINT('',(-20.5,-6.,-3.));
#1427 = CIRCLE('',#1428,4.5);
#1428 = AXIS2_PLACEMENT_3D('',#1429,#1430,#1431);
#1429 = CARTESIAN_POINT('',(-20.5,-1.5,-3.));
#1430 = DIRECTION('',(0.,-0.,1.));
#1431 = DIRECTION('',(-1.,0.,0.));
#1432 = ORIENTED_EDGE('',*,*,#1393,.T.);
#1433 = ORIENTED_EDGE('',*,*,#1434,.F.);
#1434 = EDGE_CURVE('',#1435,#1396,#1437,.T.);
#1435 = VERTEX_POINT('',#1436);
#1436 = CARTESIAN_POINT('',(-20.5,-6.,0.));
#1437 = CIRCLE('',#1438,4.5);
#1438 = AXIS2_PLACEMENT_3D('',#1439,#1440,#1441);
#1439 = CARTESIAN_POINT('',(-20.5,-1.5,0.));
#1440 = DIRECTION('',(0.,0.,1.));
#1441 = DIRECTION('',(1.,0.,-0.));
#1442 = ORIENTED_EDGE('',*,*,#1443,.F.);
#1443 = EDGE_CURVE('',#1425,#1435,#1444,.T.);
#1444 = LINE('',#1445,#1446);
#1445 = CARTESIAN_POINT('',(-20.5,-6.,-23.12461179749));
#1446 = VECTOR('',#1447,1.);
#1447 = DIRECTION('',(-0.,-0.,1.));
#1448 = CYLINDRICAL_SURFACE('',#1449,4.5);
#1449 = AXIS2_PLACEMENT_3D('',#1450,#1451,#1452);
#1450 = CARTESIAN_POINT('',(-20.5,-1.5,-23.12461179749));
#1451 = DIRECTION('',(-0.,-0.,1.));
#1452 = DIRECTION('',(1.,0.,0.));
#1453 = ADVANCED_FACE('',(#1454),#1470,.F.);
#1454 = FACE_BOUND('',#1455,.T.);
#1455 = EDGE_LOOP('',(#1456,#1457,#1463,#1464));
#1456 = ORIENTED_EDGE('',*,*,#1362,.T.);
#1457 = ORIENTED_EDGE('',*,*,#1458,.T.);
#1458 = EDGE_CURVE('',#1363,#1435,#1459,.T.);
#1459 = LINE('',#1460,#1461);
#1460 = CARTESIAN_POINT('',(-29.5,-6.,0.));
#1461 = VECTOR('',#1462,1.);
#1462 = DIRECTION('',(1.,2.891205793295E-16,0.));
#1463 = ORIENTED_EDGE('',*,*,#1443,.F.);
#1464 = ORIENTED_EDGE('',*,*,#1465,.F.);
#1465 = EDGE_CURVE('',#1354,#1425,#1466,.T.);
#1466 = LINE('',#1467,#1468);
#1467 = CARTESIAN_POINT('',(-29.5,-6.,-3.));
#1468 = VECTOR('',#1469,1.);
#1469 = DIRECTION('',(1.,2.891205793295E-16,0.));
#1470 = PLANE('',#1471);
#1471 = AXIS2_PLACEMENT_3D('',#1472,#1473,#1474);
#1472 = CARTESIAN_POINT('',(-29.5,-6.,-23.12461179749));
#1473 = DIRECTION('',(2.891205793295E-16,-1.,0.));
#1474 = DIRECTION('',(1.,2.891205793295E-16,0.));
#1475 = ADVANCED_FACE('',(#1476),#1512,.F.);
#1476 = FACE_BOUND('',#1477,.F.);
#1477 = EDGE_LOOP('',(#1478,#1489,#1497,#1506));
#1478 = ORIENTED_EDGE('',*,*,#1479,.T.);
#1479 = EDGE_CURVE('',#1480,#1482,#1484,.T.);
#1480 = VERTEX_POINT('',#1481);
#1481 = CARTESIAN_POINT('',(-54.5,3.,-3.));
#1482 = VERTEX_POINT('',#1483);
#1483 = CARTESIAN_POINT('',(-54.5,-6.,-3.));
#1484 = CIRCLE('',#1485,4.5);
#1485 = AXIS2_PLACEMENT_3D('',#1486,#1487,#1488);
#1486 = CARTESIAN_POINT('',(-54.5,-1.5,-3.));
#1487 = DIRECTION('',(0.,-0.,1.));
#1488 = DIRECTION('',(-1.,0.,0.));
#1489 = ORIENTED_EDGE('',*,*,#1490,.T.);
#1490 = EDGE_CURVE('',#1482,#1491,#1493,.T.);
#1491 = VERTEX_POINT('',#1492);
#1492 = CARTESIAN_POINT('',(-54.5,-6.,0.));
#1493 = LINE('',#1494,#1495);
#1494 = CARTESIAN_POINT('',(-54.5,-6.,-23.12461179749));
#1495 = VECTOR('',#1496,1.);
#1496 = DIRECTION('',(-0.,-0.,1.));
#1497 = ORIENTED_EDGE('',*,*,#1498,.F.);
#1498 = EDGE_CURVE('',#1499,#1491,#1501,.T.);
#1499 = VERTEX_POINT('',#1500);
#1500 = CARTESIAN_POINT('',(-54.5,3.,0.));
#1501 = CIRCLE('',#1502,4.5);
#1502 = AXIS2_PLACEMENT_3D('',#1503,#1504,#1505);
#1503 = CARTESIAN_POINT('',(-54.5,-1.5,0.));
#1504 = DIRECTION('',(0.,0.,1.));
#1505 = DIRECTION('',(1.,0.,-0.));
#1506 = ORIENTED_EDGE('',*,*,#1507,.F.);
#1507 = EDGE_CURVE('',#1480,#1499,#1508,.T.);
#1508 = LINE('',#1509,#1510);
#1509 = CARTESIAN_POINT('',(-54.5,3.,-23.12461179749));
#1510 = VECTOR('',#1511,1.);
#1511 = DIRECTION('',(-0.,-0.,1.));
#1512 = CYLINDRICAL_SURFACE('',#1513,4.5);
#1513 = AXIS2_PLACEMENT_3D('',#1514,#1515,#1516);
#1514 = CARTESIAN_POINT('',(-54.5,-1.5,-23.12461179749));
#1515 = DIRECTION('',(-0.,-0.,1.));
#1516 = DIRECTION('',(1.,0.,0.));
#1517 = ADVANCED_FACE('',(#1518),#1543,.F.);
#1518 = FACE_BOUND('',#1519,.T.);
#1519 = EDGE_LOOP('',(#1520,#1530,#1536,#1537));
#1520 = ORIENTED_EDGE('',*,*,#1521,.T.);
#1521 = EDGE_CURVE('',#1522,#1524,#1526,.T.);
#1522 = VERTEX_POINT('',#1523);
#1523 = CARTESIAN_POINT('',(-45.5,3.,-3.));
#1524 = VERTEX_POINT('',#1525);
#1525 = CARTESIAN_POINT('',(-45.5,3.,0.));
#1526 = LINE('',#1527,#1528);
#1527 = CARTESIAN_POINT('',(-45.5,3.,-23.12461179749));
#1528 = VECTOR('',#1529,1.);
#1529 = DIRECTION('',(-0.,-0.,1.));
#1530 = ORIENTED_EDGE('',*,*,#1531,.T.);
#1531 = EDGE_CURVE('',#1524,#1499,#1532,.T.);
#1532 = LINE('',#1533,#1534);
#1533 = CARTESIAN_POINT('',(-54.5,3.,0.));
#1534 = VECTOR('',#1535,1.);
#1535 = DIRECTION('',(-1.,-2.891205793295E-16,-0.));
#1536 = ORIENTED_EDGE('',*,*,#1507,.F.);
#1537 = ORIENTED_EDGE('',*,*,#1538,.F.);
#1538 = EDGE_CURVE('',#1522,#1480,#1539,.T.);
#1539 = LINE('',#1540,#1541);
#1540 = CARTESIAN_POINT('',(-54.5,3.,-3.));
#1541 = VECTOR('',#1542,1.);
#1542 = DIRECTION('',(-1.,-2.891205793295E-16,0.));
#1543 = PLANE('',#1544);
#1544 = AXIS2_PLACEMENT_3D('',#1545,#1546,#1547);
#1545 = CARTESIAN_POINT('',(-54.5,3.,-23.12461179749));
#1546 = DIRECTION('',(-2.891205793295E-16,1.,0.));
#1547 = DIRECTION('',(-1.,-2.891205793295E-16,0.));
#1548 = ADVANCED_FACE('',(#1549),#1576,.F.);
#1549 = FACE_BOUND('',#1550,.F.);
#1550 = EDGE_LOOP('',(#1551,#1560,#1561,#1570));
#1551 = ORIENTED_EDGE('',*,*,#1552,.T.);
#1552 = EDGE_CURVE('',#1553,#1522,#1555,.T.);
#1553 = VERTEX_POINT('',#1554);
#1554 = CARTESIAN_POINT('',(-45.5,-6.,-3.));
#1555 = CIRCLE('',#1556,4.5);
#1556 = AXIS2_PLACEMENT_3D('',#1557,#1558,#1559);
#1557 = CARTESIAN_POINT('',(-45.5,-1.5,-3.));
#1558 = DIRECTION('',(0.,-0.,1.));
#1559 = DIRECTION('',(-1.,0.,0.));
#1560 = ORIENTED_EDGE('',*,*,#1521,.T.);
#1561 = ORIENTED_EDGE('',*,*,#1562,.F.);
#1562 = EDGE_CURVE('',#1563,#1524,#1565,.T.);
#1563 = VERTEX_POINT('',#1564);
#1564 = CARTESIAN_POINT('',(-45.5,-6.,0.));
#1565 = CIRCLE('',#1566,4.5);
#1566 = AXIS2_PLACEMENT_3D('',#1567,#1568,#1569);
#1567 = CARTESIAN_POINT('',(-45.5,-1.5,0.));
#1568 = DIRECTION('',(0.,0.,1.));
#1569 = DIRECTION('',(1.,0.,-0.));
#1570 = ORIENTED_EDGE('',*,*,#1571,.F.);
#1571 = EDGE_CURVE('',#1553,#1563,#1572,.T.);
#1572 = LINE('',#1573,#1574);
#1573 = CARTESIAN_POINT('',(-45.5,-6.,-23.12461179749));
#1574 = VECTOR('',#1575,1.);
#1575 = DIRECTION('',(-0.,-0.,1.));
#1576 = CYLINDRICAL_SURFACE('',#1577,4.5);
#1577 = AXIS2_PLACEMENT_3D('',#1578,#1579,#1580);
#1578 = CARTESIAN_POINT('',(-45.5,-1.5,-23.12461179749));
#1579 = DIRECTION('',(-0.,-0.,1.));
#1580 = DIRECTION('',(1.,0.,0.));
#1581 = ADVANCED_FACE('',(#1582),#1598,.F.);
#1582 = FACE_BOUND('',#1583,.T.);
#1583 = EDGE_LOOP('',(#1584,#1585,#1591,#1592));
#1584 = ORIENTED_EDGE('',*,*,#1490,.T.);
#1585 = ORIENTED_EDGE('',*,*,#1586,.T.);
#1586 = EDGE_CURVE('',#1491,#1563,#1587,.T.);
#1587 = LINE('',#1588,#1589);
#1588 = CARTESIAN_POINT('',(-54.5,-6.,0.));
#1589 = VECTOR('',#1590,1.);
#1590 = DIRECTION('',(1.,2.891205793295E-16,0.));
#1591 = ORIENTED_EDGE('',*,*,#1571,.F.);
#1592 = ORIENTED_EDGE('',*,*,#1593,.F.);
#1593 = EDGE_CURVE('',#1482,#1553,#1594,.T.);
#1594 = LINE('',#1595,#1596);
#1595 = CARTESIAN_POINT('',(-54.5,-6.,-3.));
#1596 = VECTOR('',#1597,1.);
#1597 = DIRECTION('',(1.,2.891205793295E-16,0.));
#1598 = PLANE('',#1599);
#1599 = AXIS2_PLACEMENT_3D('',#1600,#1601,#1602);
#1600 = CARTESIAN_POINT('',(-54.5,-6.,-23.12461179749));
#1601 = DIRECTION('',(2.891205793295E-16,-1.,0.));
#1602 = DIRECTION('',(1.,2.891205793295E-16,0.));
#1603 = ADVANCED_FACE('',(#1604),#1640,.F.);
#1604 = FACE_BOUND('',#1605,.F.);
#1605 = EDGE_LOOP('',(#1606,#1617,#1625,#1634));
#1606 = ORIENTED_EDGE('',*,*,#1607,.T.);
#1607 = EDGE_CURVE('',#1608,#1610,#1612,.T.);
#1608 = VERTEX_POINT('',#1609);
#1609 = CARTESIAN_POINT('',(-79.5,3.,-3.));
#1610 = VERTEX_POINT('',#1611);
#1611 = CARTESIAN_POINT('',(-79.5,-6.,-3.));
#1612 = CIRCLE('',#1613,4.5);
#1613 = AXIS2_PLACEMENT_3D('',#1614,#1615,#1616);
#1614 = CARTESIAN_POINT('',(-79.5,-1.5,-3.));
#1615 = DIRECTION('',(0.,-0.,1.));
#1616 = DIRECTION('',(-1.,0.,0.));
#1617 = ORIENTED_EDGE('',*,*,#1618,.T.);
#1618 = EDGE_CURVE('',#1610,#1619,#1621,.T.);
#1619 = VERTEX_POINT('',#1620);
#1620 = CARTESIAN_POINT('',(-79.5,-6.,0.));
#1621 = LINE('',#1622,#1623);
#1622 = CARTESIAN_POINT('',(-79.5,-6.,-23.12461179749));
#1623 = VECTOR('',#1624,1.);
#1624 = DIRECTION('',(-0.,-0.,1.));
#1625 = ORIENTED_EDGE('',*,*,#1626,.F.);
#1626 = EDGE_CURVE('',#1627,#1619,#1629,.T.);
#1627 = VERTEX_POINT('',#1628);
#1628 = CARTESIAN_POINT('',(-79.5,3.,0.));
#1629 = CIRCLE('',#1630,4.5);
#1630 = AXIS2_PLACEMENT_3D('',#1631,#1632,#1633);
#1631 = CARTESIAN_POINT('',(-79.5,-1.5,0.));
#1632 = DIRECTION('',(0.,0.,1.));
#1633 = DIRECTION('',(1.,0.,-0.));
#1634 = ORIENTED_EDGE('',*,*,#1635,.F.);
#1635 = EDGE_CURVE('',#1608,#1627,#1636,.T.);
#1636 = LINE('',#1637,#1638);
#1637 = CARTESIAN_POINT('',(-79.5,3.,-23.12461179749));
#1638 = VECTOR('',#1639,1.);
#1639 = DIRECTION('',(-0.,-0.,1.));
#1640 = CYLINDRICAL_SURFACE('',#1641,4.5);
#1641 = AXIS2_PLACEMENT_3D('',#1642,#1643,#1644);
#1642 = CARTESIAN_POINT('',(-79.5,-1.5,-23.12461179749));
#1643 = DIRECTION('',(-0.,-0.,1.));
#1644 = DIRECTION('',(1.,0.,0.));
#1645 = ADVANCED_FACE('',(#1646),#1671,.F.);
#1646 = FACE_BOUND('',#1647,.T.);
#1647 = EDGE_LOOP('',(#1648,#1658,#1664,#1665));
#1648 = ORIENTED_EDGE('',*,*,#1649,.T.);
#1649 = EDGE_CURVE('',#1650,#1652,#1654,.T.);
#1650 = VERTEX_POINT('',#1651);
#1651 = CARTESIAN_POINT('',(-70.5,3.,-3.));
#1652 = VERTEX_POINT('',#1653);
#1653 = CARTESIAN_POINT('',(-70.5,3.,0.));
#1654 = LINE('',#1655,#1656);
#1655 = CARTESIAN_POINT('',(-70.5,3.,-23.12461179749));
#1656 = VECTOR('',#1657,1.);
#1657 = DIRECTION('',(-0.,-0.,1.));
#1658 = ORIENTED_EDGE('',*,*,#1659,.T.);
#1659 = EDGE_CURVE('',#1652,#1627,#1660,.T.);
#1660 = LINE('',#1661,#1662);
#1661 = CARTESIAN_POINT('',(-79.5,3.,0.));
#1662 = VECTOR('',#1663,1.);
#1663 = DIRECTION('',(-1.,-2.891205793295E-16,-0.));
#1664 = ORIENTED_EDGE('',*,*,#1635,.F.);
#1665 = ORIENTED_EDGE('',*,*,#1666,.F.);
#1666 = EDGE_CURVE('',#1650,#1608,#1667,.T.);
#1667 = LINE('',#1668,#1669);
#1668 = CARTESIAN_POINT('',(-79.5,3.,-3.));
#1669 = VECTOR('',#1670,1.);
#1670 = DIRECTION('',(-1.,-2.891205793295E-16,0.));
#1671 = PLANE('',#1672);
#1672 = AXIS2_PLACEMENT_3D('',#1673,#1674,#1675);
#1673 = CARTESIAN_POINT('',(-79.5,3.,-23.12461179749));
#1674 = DIRECTION('',(-2.891205793295E-16,1.,0.));
#1675 = DIRECTION('',(-1.,-2.891205793295E-16,0.));
#1676 = ADVANCED_FACE('',(#1677),#1704,.F.);
#1677 = FACE_BOUND('',#1678,.F.);
#1678 = EDGE_LOOP('',(#1679,#1688,#1689,#1698));
#1679 = ORIENTED_EDGE('',*,*,#1680,.T.);
#1680 = EDGE_CURVE('',#1681,#1650,#1683,.T.);
#1681 = VERTEX_POINT('',#1682);
#1682 = CARTESIAN_POINT('',(-70.5,-6.,-3.));
#1683 = CIRCLE('',#1684,4.5);
#1684 = AXIS2_PLACEMENT_3D('',#1685,#1686,#1687);
#1685 = CARTESIAN_POINT('',(-70.5,-1.5,-3.));
#1686 = DIRECTION('',(0.,-0.,1.));
#1687 = DIRECTION('',(-1.,0.,0.));
#1688 = ORIENTED_EDGE('',*,*,#1649,.T.);
#1689 = ORIENTED_EDGE('',*,*,#1690,.F.);
#1690 = EDGE_CURVE('',#1691,#1652,#1693,.T.);
#1691 = VERTEX_POINT('',#1692);
#1692 = CARTESIAN_POINT('',(-70.5,-6.,0.));
#1693 = CIRCLE('',#1694,4.5);
#1694 = AXIS2_PLACEMENT_3D('',#1695,#1696,#1697);
#1695 = CARTESIAN_POINT('',(-70.5,-1.5,0.));
#1696 = DIRECTION('',(0.,0.,1.));
#1697 = DIRECTION('',(1.,0.,-0.));
#1698 = ORIENTED_EDGE('',*,*,#1699,.F.);
#1699 = EDGE_CURVE('',#1681,#1691,#1700,.T.);
#1700 = LINE('',#1701,#1702);
#1701 = CARTESIAN_POINT('',(-70.5,-6.,-23.12461179749));
#1702 = VECTOR('',#1703,1.);
#1703 = DIRECTION('',(-0.,-0.,1.));
#1704 = CYLINDRICAL_SURFACE('',#1705,4.5);
#1705 = AXIS2_PLACEMENT_3D('',#1706,#1707,#1708);
#1706 = CARTESIAN_POINT('',(-70.5,-1.5,-23.12461179749));
#1707 = DIRECTION('',(-0.,-0.,1.));
#1708 = DIRECTION('',(1.,0.,0.));
#1709 = ADVANCED_FACE('',(#1710),#1726,.F.);
#1710 = FACE_BOUND('',#1711,.T.);
#1711 = EDGE_LOOP('',(#1712,#1713,#1719,#1720));
#1712 = ORIENTED_EDGE('',*,*,#1618,.T.);
#1713 = ORIENTED_EDGE('',*,*,#1714,.T.);
#1714 = EDGE_CURVE('',#1619,#1691,#1715,.T.);
#1715 = LINE('',#1716,#1717);
#1716 = CARTESIAN_POINT('',(-79.5,-6.,0.));
#1717 = VECTOR('',#1718,1.);
#1718 = DIRECTION('',(1.,2.891205793295E-16,0.));
#1719 = ORIENTED_EDGE('',*,*,#1699,.F.);
#1720 = ORIENTED_EDGE('',*,*,#1721,.F.);
#1721 = EDGE_CURVE('',#1610,#1681,#1722,.T.);
#1722 = LINE('',#1723,#1724);
#1723 = CARTESIAN_POINT('',(-79.5,-6.,-3.));
#1724 = VECTOR('',#1725,1.);
#1725 = DIRECTION('',(1.,2.891205793295E-16,0.));
#1726 = PLANE('',#1727);
#1727 = AXIS2_PLACEMENT_3D('',#1728,#1729,#1730);
#1728 = CARTESIAN_POINT('',(-79.5,-6.,-23.12461179749));
#1729 = DIRECTION('',(2.891205793295E-16,-1.,0.));
#1730 = DIRECTION('',(1.,2.891205793295E-16,0.));
#1731 = ADVANCED_FACE('',(#1732),#1768,.F.);
#1732 = FACE_BOUND('',#1733,.F.);
#1733 = EDGE_LOOP('',(#1734,#1745,#1753,#1762));
#1734 = ORIENTED_EDGE('',*,*,#1735,.T.);
#1735 = EDGE_CURVE('',#1736,#1738,#1740,.T.);
#1736 = VERTEX_POINT('',#1737);
#1737 = CARTESIAN_POINT('',(-104.5,3.,-3.));
#1738 = VERTEX_POINT('',#1739);
#1739 = CARTESIAN_POINT('',(-104.5,-6.,-3.));
#1740 = CIRCLE('',#1741,4.5);
#1741 = AXIS2_PLACEMENT_3D('',#1742,#1743,#1744);
#1742 = CARTESIAN_POINT('',(-104.5,-1.5,-3.));
#1743 = DIRECTION('',(0.,-0.,1.));
#1744 = DIRECTION('',(-1.,0.,0.));
#1745 = ORIENTED_EDGE('',*,*,#1746,.T.);
#1746 = EDGE_CURVE('',#1738,#1747,#1749,.T.);
#1747 = VERTEX_POINT('',#1748);
#1748 = CARTESIAN_POINT('',(-104.5,-6.,0.));
#1749 = LINE('',#1750,#1751);
#1750 = CARTESIAN_POINT('',(-104.5,-6.,-23.12461179749));
#1751 = VECTOR('',#1752,1.);
#1752 = DIRECTION('',(-0.,-0.,1.));
#1753 = ORIENTED_EDGE('',*,*,#1754,.F.);
#1754 = EDGE_CURVE('',#1755,#1747,#1757,.T.);
#1755 = VERTEX_POINT('',#1756);
#1756 = CARTESIAN_POINT('',(-104.5,3.,0.));
#1757 = CIRCLE('',#1758,4.5);
#1758 = AXIS2_PLACEMENT_3D('',#1759,#1760,#1761);
#1759 = CARTESIAN_POINT('',(-104.5,-1.5,0.));
#1760 = DIRECTION('',(0.,0.,1.));
#1761 = DIRECTION('',(1.,0.,-0.));
#1762 = ORIENTED_EDGE('',*,*,#1763,.F.);
#1763 = EDGE_CURVE('',#1736,#1755,#1764,.T.);
#1764 = LINE('',#1765,#1766);
#1765 = CARTESIAN_POINT('',(-104.5,3.,-23.12461179749));
#1766 = VECTOR('',#1767,1.);
#1767 = DIRECTION('',(-0.,-0.,1.));
#1768 = CYLINDRICAL_SURFACE('',#1769,4.5);
#1769 = AXIS2_PLACEMENT_3D('',#1770,#1771,#1772);
#1770 = CARTESIAN_POINT('',(-104.5,-1.5,-23.12461179749));
#1771 = DIRECTION('',(-0.,-0.,1.));
#1772 = DIRECTION('',(1.,0.,0.));
#1773 = ADVANCED_FACE('',(#1774),#1799,.F.);
#1774 = FACE_BOUND('',#1775,.T.);
#1775 = EDGE_LOOP('',(#1776,#1786,#1792,#1793));
#1776 = ORIENTED_EDGE('',*,*,#1777,.T.);
#1777 = EDGE_CURVE('',#1778,#1780,#1782,.T.);
#1778 = VERTEX_POINT('',#1779);
#1779 = CARTESIAN_POINT('',(-95.5,3.,-3.));
#1780 = VERTEX_POINT('',#1781);
#1781 = CARTESIAN_POINT('',(-95.5,3.,0.));
#1782 = LINE('',#1783,#1784);
#1783 = CARTESIAN_POINT('',(-95.5,3.,-23.12461179749));
#1784 = VECTOR('',#1785,1.);
#1785 = DIRECTION('',(-0.,-0.,1.));
#1786 = ORIENTED_EDGE('',*,*,#1787,.T.);
#1787 = EDGE_CURVE('',#1780,#1755,#1788,.T.);
#1788 = LINE('',#1789,#1790);
#1789 = CARTESIAN_POINT('',(-104.5,3.,0.));
#1790 = VECTOR('',#1791,1.);
#1791 = DIRECTION('',(-1.,-2.891205793295E-16,-0.));
#1792 = ORIENTED_EDGE('',*,*,#1763,.F.);
#1793 = ORIENTED_EDGE('',*,*,#1794,.F.);
#1794 = EDGE_CURVE('',#1778,#1736,#1795,.T.);
#1795 = LINE('',#1796,#1797);
#1796 = CARTESIAN_POINT('',(-104.5,3.,-3.));
#1797 = VECTOR('',#1798,1.);
#1798 = DIRECTION('',(-1.,-2.891205793295E-16,0.));
#1799 = PLANE('',#1800);
#1800 = AXIS2_PLACEMENT_3D('',#1801,#1802,#1803);
#1801 = CARTESIAN_POINT('',(-104.5,3.,-23.12461179749));
#1802 = DIRECTION('',(-2.891205793295E-16,1.,0.));
#1803 = DIRECTION('',(-1.,-2.891205793295E-16,0.));
#1804 = ADVANCED_FACE('',(#1805),#1832,.F.);
#1805 = FACE_BOUND('',#1806,.F.);
#1806 = EDGE_LOOP('',(#1807,#1816,#1817,#1826));
#1807 = ORIENTED_EDGE('',*,*,#1808,.T.);
#1808 = EDGE_CURVE('',#1809,#1778,#1811,.T.);
#1809 = VERTEX_POINT('',#1810);
#1810 = CARTESIAN_POINT('',(-95.5,-6.,-3.));
#1811 = CIRCLE('',#1812,4.5);
#1812 = AXIS2_PLACEMENT_3D('',#1813,#1814,#1815);
#1813 = CARTESIAN_POINT('',(-95.5,-1.5,-3.));
#1814 = DIRECTION('',(0.,-0.,1.));
#1815 = DIRECTION('',(-1.,0.,0.));
#1816 = ORIENTED_EDGE('',*,*,#1777,.T.);
#1817 = ORIENTED_EDGE('',*,*,#1818,.F.);
#1818 = EDGE_CURVE('',#1819,#1780,#1821,.T.);
#1819 = VERTEX_POINT('',#1820);
#1820 = CARTESIAN_POINT('',(-95.5,-6.,0.));
#1821 = CIRCLE('',#1822,4.5);
#1822 = AXIS2_PLACEMENT_3D('',#1823,#1824,#1825);
#1823 = CARTESIAN_POINT('',(-95.5,-1.5,0.));
#1824 = DIRECTION('',(0.,0.,1.));
#1825 = DIRECTION('',(1.,0.,-0.));
#1826 = ORIENTED_EDGE('',*,*,#1827,.F.);
#1827 = EDGE_CURVE('',#1809,#1819,#1828,.T.);
#1828 = LINE('',#1829,#1830);
#1829 = CARTESIAN_POINT('',(-95.5,-6.,-23.12461179749));
#1830 = VECTOR('',#1831,1.);
#1831 = DIRECTION('',(-0.,-0.,1.));
#1832 = CYLINDRICAL_SURFACE('',#1833,4.5);
#1833 = AXIS2_PLACEMENT_3D('',#1834,#1835,#1836);
#1834 = CARTESIAN_POINT('',(-95.5,-1.5,-23.12461179749));
#1835 = DIRECTION('',(-0.,-0.,1.));
#1836 = DIRECTION('',(1.,0.,0.));
#1837 = ADVANCED_FACE('',(#1838),#1854,.F.);
#1838 = FACE_BOUND('',#1839,.T.);
#1839 = EDGE_LOOP('',(#1840,#1841,#1847,#1848));
#1840 = ORIENTED_EDGE('',*,*,#1746,.T.);
#1841 = ORIENTED_EDGE('',*,*,#1842,.T.);
#1842 = EDGE_CURVE('',#1747,#1819,#1843,.T.);
#1843 = LINE('',#1844,#1845);
#1844 = CARTESIAN_POINT('',(-104.5,-6.,0.));
#1845 = VECTOR('',#1846,1.);
#1846 = DIRECTION('',(1.,2.891205793295E-16,0.));
#1847 = ORIENTED_EDGE('',*,*,#1827,.F.);
#1848 = ORIENTED_EDGE('',*,*,#1849,.F.);
#1849 = EDGE_CURVE('',#1738,#1809,#1850,.T.);
#1850 = LINE('',#1851,#1852);
#1851 = CARTESIAN_POINT('',(-104.5,-6.,-3.));
#1852 = VECTOR('',#1853,1.);
#1853 = DIRECTION('',(1.,2.891205793295E-16,0.));
#1854 = PLANE('',#1855);
#1855 = AXIS2_PLACEMENT_3D('',#1856,#1857,#1858);
#1856 = CARTESIAN_POINT('',(-104.5,-6.,-23.12461179749));
#1857 = DIRECTION('',(2.891205793295E-16,-1.,0.));
#1858 = DIRECTION('',(1.,2.891205793295E-16,0.));
#1859 = ADVANCED_FACE('',(#1860),#1896,.F.);
#1860 = FACE_BOUND('',#1861,.F.);
#1861 = EDGE_LOOP('',(#1862,#1873,#1881,#1890));
#1862 = ORIENTED_EDGE('',*,*,#1863,.T.);
#1863 = EDGE_CURVE('',#1864,#1866,#1868,.T.);
#1864 = VERTEX_POINT('',#1865);
#1865 = CARTESIAN_POINT('',(-129.5,3.,-3.));
#1866 = VERTEX_POINT('',#1867);
#1867 = CARTESIAN_POINT('',(-129.5,-6.,-3.));
#1868 = CIRCLE('',#1869,4.5);
#1869 = AXIS2_PLACEMENT_3D('',#1870,#1871,#1872);
#1870 = CARTESIAN_POINT('',(-129.5,-1.5,-3.));
#1871 = DIRECTION('',(0.,-0.,1.));
#1872 = DIRECTION('',(-1.,0.,0.));
#1873 = ORIENTED_EDGE('',*,*,#1874,.T.);
#1874 = EDGE_CURVE('',#1866,#1875,#1877,.T.);
#1875 = VERTEX_POINT('',#1876);
#1876 = CARTESIAN_POINT('',(-129.5,-6.,0.));
#1877 = LINE('',#1878,#1879);
#1878 = CARTESIAN_POINT('',(-129.5,-6.,-23.12461179749));
#1879 = VECTOR('',#1880,1.);
#1880 = DIRECTION('',(-0.,-0.,1.));
#1881 = ORIENTED_EDGE('',*,*,#1882,.F.);
#1882 = EDGE_CURVE('',#1883,#1875,#1885,.T.);
#1883 = VERTEX_POINT('',#1884);
#1884 = CARTESIAN_POINT('',(-129.5,3.,0.));
#1885 = CIRCLE('',#1886,4.5);
#1886 = AXIS2_PLACEMENT_3D('',#1887,#1888,#1889);
#1887 = CARTESIAN_POINT('',(-129.5,-1.5,0.));
#1888 = DIRECTION('',(0.,0.,1.));
#1889 = DIRECTION('',(1.,0.,-0.));
#1890 = ORIENTED_EDGE('',*,*,#1891,.F.);
#1891 = EDGE_CURVE('',#1864,#1883,#1892,.T.);
#1892 = LINE('',#1893,#1894);
#1893 = CARTESIAN_POINT('',(-129.5,3.,-23.12461179749));
#1894 = VECTOR('',#1895,1.);
#1895 = DIRECTION('',(-0.,-0.,1.));
#1896 = CYLINDRICAL_SURFACE('',#1897,4.5);
#1897 = AXIS2_PLACEMENT_3D('',#1898,#1899,#1900);
#1898 = CARTESIAN_POINT('',(-129.5,-1.5,-23.12461179749));
#1899 = DIRECTION('',(-0.,-0.,1.));
#1900 = DIRECTION('',(1.,0.,0.));
#1901 = ADVANCED_FACE('',(#1902),#1927,.F.);
#1902 = FACE_BOUND('',#1903,.T.);
#1903 = EDGE_LOOP('',(#1904,#1914,#1920,#1921));
#1904 = ORIENTED_EDGE('',*,*,#1905,.T.);
#1905 = EDGE_CURVE('',#1906,#1908,#1910,.T.);
#1906 = VERTEX_POINT('',#1907);
#1907 = CARTESIAN_POINT('',(-120.5,3.,-3.));
#1908 = VERTEX_POINT('',#1909);
#1909 = CARTESIAN_POINT('',(-120.5,3.,0.));
#1910 = LINE('',#1911,#1912);
#1911 = CARTESIAN_POINT('',(-120.5,3.,-23.12461179749));
#1912 = VECTOR('',#1913,1.);
#1913 = DIRECTION('',(-0.,-0.,1.));
#1914 = ORIENTED_EDGE('',*,*,#1915,.T.);
#1915 = EDGE_CURVE('',#1908,#1883,#1916,.T.);
#1916 = LINE('',#1917,#1918);
#1917 = CARTESIAN_POINT('',(-129.5,3.,0.));
#1918 = VECTOR('',#1919,1.);
#1919 = DIRECTION('',(-1.,-2.891205793295E-16,-0.));
#1920 = ORIENTED_EDGE('',*,*,#1891,.F.);
#1921 = ORIENTED_EDGE('',*,*,#1922,.F.);
#1922 = EDGE_CURVE('',#1906,#1864,#1923,.T.);
#1923 = LINE('',#1924,#1925);
#1924 = CARTESIAN_POINT('',(-129.5,3.,-3.));
#1925 = VECTOR('',#1926,1.);
#1926 = DIRECTION('',(-1.,-2.891205793295E-16,0.));
#1927 = PLANE('',#1928);
#1928 = AXIS2_PLACEMENT_3D('',#1929,#1930,#1931);
#1929 = CARTESIAN_POINT('',(-129.5,3.,-23.12461179749));
#1930 = DIRECTION('',(-2.891205793295E-16,1.,0.));
#1931 = DIRECTION('',(-1.,-2.891205793295E-16,0.));
#1932 = ADVANCED_FACE('',(#1933),#1960,.F.);
#1933 = FACE_BOUND('',#1934,.F.);
#1934 = EDGE_LOOP('',(#1935,#1944,#1945,#1954));
#1935 = ORIENTED_EDGE('',*,*,#1936,.T.);
#1936 = EDGE_CURVE('',#1937,#1906,#1939,.T.);
#1937 = VERTEX_POINT('',#1938);
#1938 = CARTESIAN_POINT('',(-120.5,-6.,-3.));
#1939 = CIRCLE('',#1940,4.5);
#1940 = AXIS2_PLACEMENT_3D('',#1941,#1942,#1943);
#1941 = CARTESIAN_POINT('',(-120.5,-1.5,-3.));
#1942 = DIRECTION('',(0.,-0.,1.));
#1943 = DIRECTION('',(-1.,0.,0.));
#1944 = ORIENTED_EDGE('',*,*,#1905,.T.);
#1945 = ORIENTED_EDGE('',*,*,#1946,.F.);
#1946 = EDGE_CURVE('',#1947,#1908,#1949,.T.);
#1947 = VERTEX_POINT('',#1948);
#1948 = CARTESIAN_POINT('',(-120.5,-6.,0.));
#1949 = CIRCLE('',#1950,4.5);
#1950 = AXIS2_PLACEMENT_3D('',#1951,#1952,#1953);
#1951 = CARTESIAN_POINT('',(-120.5,-1.5,0.));
#1952 = DIRECTION('',(0.,0.,1.));
#1953 = DIRECTION('',(1.,0.,-0.));
#1954 = ORIENTED_EDGE('',*,*,#1955,.F.);
#1955 = EDGE_CURVE('',#1937,#1947,#1956,.T.);
#1956 = LINE('',#1957,#1958);
#1957 = CARTESIAN_POINT('',(-120.5,-6.,-23.12461179749));
#1958 = VECTOR('',#1959,1.);
#1959 = DIRECTION('',(-0.,-0.,1.));
#1960 = CYLINDRICAL_SURFACE('',#1961,4.5);
#1961 = AXIS2_PLACEMENT_3D('',#1962,#1963,#1964);
#1962 = CARTESIAN_POINT('',(-120.5,-1.5,-23.12461179749));
#1963 = DIRECTION('',(-0.,-0.,1.));
#1964 = DIRECTION('',(1.,0.,0.));
#1965 = ADVANCED_FACE('',(#1966),#1982,.F.);
#1966 = FACE_BOUND('',#1967,.T.);
#1967 = EDGE_LOOP('',(#1968,#1969,#1975,#1976));
#1968 = ORIENTED_EDGE('',*,*,#1874,.T.);
#1969 = ORIENTED_EDGE('',*,*,#1970,.T.);
#1970 = EDGE_CURVE('',#1875,#1947,#1971,.T.);
#1971 = LINE('',#1972,#1973);
#1972 = CARTESIAN_POINT('',(-129.5,-6.,0.));
#1973 = VECTOR('',#1974,1.);
#1974 = DIRECTION('',(1.,2.891205793295E-16,0.));
#1975 = ORIENTED_EDGE('',*,*,#1955,.F.);
#1976 = ORIENTED_EDGE('',*,*,#1977,.F.);
#1977 = EDGE_CURVE('',#1866,#1937,#1978,.T.);
#1978 = LINE('',#1979,#1980);
#1979 = CARTESIAN_POINT('',(-129.5,-6.,-3.));
#1980 = VECTOR('',#1981,1.);
#1981 = DIRECTION('',(1.,2.891205793295E-16,0.));
#1982 = PLANE('',#1983);
#1983 = AXIS2_PLACEMENT_3D('',#1984,#1985,#1986);
#1984 = CARTESIAN_POINT('',(-129.5,-6.,-23.12461179749));
#1985 = DIRECTION('',(2.891205793295E-16,-1.,0.));
#1986 = DIRECTION('',(1.,2.891205793295E-16,0.));
#1987 = ADVANCED_FACE('',(#1988),#2024,.F.);
#1988 = FACE_BOUND('',#1989,.F.);
#1989 = EDGE_LOOP('',(#1990,#2001,#2009,#2018));
#1990 = ORIENTED_EDGE('',*,*,#1991,.T.);
#1991 = EDGE_CURVE('',#1992,#1994,#1996,.T.);
#1992 = VERTEX_POINT('',#1993);
#1993 = CARTESIAN_POINT('',(-154.5,3.,-3.));
#1994 = VERTEX_POINT('',#1995);
#1995 = CARTESIAN_POINT('',(-154.5,-6.,-3.));
#1996 = CIRCLE('',#1997,4.5);
#1997 = AXIS2_PLACEMENT_3D('',#1998,#1999,#2000);
#1998 = CARTESIAN_POINT('',(-154.5,-1.5,-3.));
#1999 = DIRECTION('',(0.,-0.,1.));
#2000 = DIRECTION('',(-1.,0.,0.));
#2001 = ORIENTED_EDGE('',*,*,#2002,.T.);
#2002 = EDGE_CURVE('',#1994,#2003,#2005,.T.);
#2003 = VERTEX_POINT('',#2004);
#2004 = CARTESIAN_POINT('',(-154.5,-6.,0.));
#2005 = LINE('',#2006,#2007);
#2006 = CARTESIAN_POINT('',(-154.5,-6.,-23.12461179749));
#2007 = VECTOR('',#2008,1.);
#2008 = DIRECTION('',(-0.,-0.,1.));
#2009 = ORIENTED_EDGE('',*,*,#2010,.F.);
#2010 = EDGE_CURVE('',#2011,#2003,#2013,.T.);
#2011 = VERTEX_POINT('',#2012);
#2012 = CARTESIAN_POINT('',(-154.5,3.,0.));
#2013 = CIRCLE('',#2014,4.5);
#2014 = AXIS2_PLACEMENT_3D('',#2015,#2016,#2017);
#2015 = CARTESIAN_POINT('',(-154.5,-1.5,0.));
#2016 = DIRECTION('',(0.,0.,1.));
#2017 = DIRECTION('',(1.,0.,-0.));
#2018 = ORIENTED_EDGE('',*,*,#2019,.F.);
#2019 = EDGE_CURVE('',#1992,#2011,#2020,.T.);
#2020 = LINE('',#2021,#2022);
#2021 = CARTESIAN_POINT('',(-154.5,3.,-23.12461179749));
#2022 = VECTOR('',#2023,1.);
#2023 = DIRECTION('',(-0.,-0.,1.));
#2024 = CYLINDRICAL_SURFACE('',#2025,4.5);
#2025 = AXIS2_PLACEMENT_3D('',#2026,#2027,#2028);
#2026 = CARTESIAN_POINT('',(-154.5,-1.5,-23.12461179749));
#2027 = DIRECTION('',(-0.,-0.,1.));
#2028 = DIRECTION('',(1.,0.,0.));
#2029 = ADVANCED_FACE('',(#2030),#2055,.F.);
#2030 = FACE_BOUND('',#2031,.T.);
#2031 = EDGE_LOOP('',(#2032,#2042,#2048,#2049));
#2032 = ORIENTED_EDGE('',*,*,#2033,.T.);
#2033 = EDGE_CURVE('',#2034,#2036,#2038,.T.);
#2034 = VERTEX_POINT('',#2035);
#2035 = CARTESIAN_POINT('',(-145.5,3.,-3.));
#2036 = VERTEX_POINT('',#2037);
#2037 = CARTESIAN_POINT('',(-145.5,3.,0.));
#2038 = LINE('',#2039,#2040);
#2039 = CARTESIAN_POINT('',(-145.5,3.,-23.12461179749));
#2040 = VECTOR('',#2041,1.);
#2041 = DIRECTION('',(-0.,-0.,1.));
#2042 = ORIENTED_EDGE('',*,*,#2043,.T.);
#2043 = EDGE_CURVE('',#2036,#2011,#2044,.T.);
#2044 = LINE('',#2045,#2046);
#2045 = CARTESIAN_POINT('',(-154.5,3.,0.));
#2046 = VECTOR('',#2047,1.);
#2047 = DIRECTION('',(-1.,-2.891205793295E-16,-0.));
#2048 = ORIENTED_EDGE('',*,*,#2019,.F.);
#2049 = ORIENTED_EDGE('',*,*,#2050,.F.);
#2050 = EDGE_CURVE('',#2034,#1992,#2051,.T.);
#2051 = LINE('',#2052,#2053);
#2052 = CARTESIAN_POINT('',(-154.5,3.,-3.));
#2053 = VECTOR('',#2054,1.);
#2054 = DIRECTION('',(-1.,-2.891205793295E-16,0.));
#2055 = PLANE('',#2056);
#2056 = AXIS2_PLACEMENT_3D('',#2057,#2058,#2059);
#2057 = CARTESIAN_POINT('',(-154.5,3.,-23.12461179749));
#2058 = DIRECTION('',(-2.891205793295E-16,1.,0.));
#2059 = DIRECTION('',(-1.,-2.891205793295E-16,0.));
#2060 = ADVANCED_FACE('',(#2061),#2088,.F.);
#2061 = FACE_BOUND('',#2062,.F.);
#2062 = EDGE_LOOP('',(#2063,#2072,#2073,#2082));
#2063 = ORIENTED_EDGE('',*,*,#2064,.T.);
#2064 = EDGE_CURVE('',#2065,#2034,#2067,.T.);
#2065 = VERTEX_POINT('',#2066);
#2066 = CARTESIAN_POINT('',(-145.5,-6.,-3.));
#2067 = CIRCLE('',#2068,4.5);
#2068 = AXIS2_PLACEMENT_3D('',#2069,#2070,#2071);
#2069 = CARTESIAN_POINT('',(-145.5,-1.5,-3.));
#2070 = DIRECTION('',(0.,-0.,1.));
#2071 = DIRECTION('',(-1.,0.,0.));
#2072 = ORIENTED_EDGE('',*,*,#2033,.T.);
#2073 = ORIENTED_EDGE('',*,*,#2074,.F.);
#2074 = EDGE_CURVE('',#2075,#2036,#2077,.T.);
#2075 = VERTEX_POINT('',#2076);
#2076 = CARTESIAN_POINT('',(-145.5,-6.,0.));
#2077 = CIRCLE('',#2078,4.5);
#2078 = AXIS2_PLACEMENT_3D('',#2079,#2080,#2081);
#2079 = CARTESIAN_POINT('',(-145.5,-1.5,0.));
#2080 = DIRECTION('',(0.,0.,1.));
#2081 = DIRECTION('',(1.,0.,-0.));
#2082 = ORIENTED_EDGE('',*,*,#2083,.F.);
#2083 = EDGE_CURVE('',#2065,#2075,#2084,.T.);
#2084 = LINE('',#2085,#2086);
#2085 = CARTESIAN_POINT('',(-145.5,-6.,-23.12461179749));
#2086 = VECTOR('',#2087,1.);
#2087 = DIRECTION('',(-0.,-0.,1.));
#2088 = CYLINDRICAL_SURFACE('',#2089,4.5);
#2089 = AXIS2_PLACEMENT_3D('',#2090,#2091,#2092);
#2090 = CARTESIAN_POINT('',(-145.5,-1.5,-23.12461179749));
#2091 = DIRECTION('',(-0.,-0.,1.));
#2092 = DIRECTION('',(1.,0.,0.));
#2093 = ADVANCED_FACE('',(#2094),#2110,.F.);
#2094 = FACE_BOUND('',#2095,.T.);
#2095 = EDGE_LOOP('',(#2096,#2097,#2103,#2104));
#2096 = ORIENTED_EDGE('',*,*,#2002,.T.);
#2097 = ORIENTED_EDGE('',*,*,#2098,.T.);
#2098 = EDGE_CURVE('',#2003,#2075,#2099,.T.);
#2099 = LINE('',#2100,#2101);
#2100 = CARTESIAN_POINT('',(-154.5,-6.,0.));
#2101 = VECTOR('',#2102,1.);
#2102 = DIRECTION('',(1.,2.891205793295E-16,0.));
#2103 = ORIENTED_EDGE('',*,*,#2083,.F.);
#2104 = ORIENTED_EDGE('',*,*,#2105,.F.);
#2105 = EDGE_CURVE('',#1994,#2065,#2106,.T.);
#2106 = LINE('',#2107,#2108);
#2107 = CARTESIAN_POINT('',(-154.5,-6.,-3.));
#2108 = VECTOR('',#2109,1.);
#2109 = DIRECTION('',(1.,2.891205793295E-16,0.));
#2110 = PLANE('',#2111);
#2111 = AXIS2_PLACEMENT_3D('',#2112,#2113,#2114);
#2112 = CARTESIAN_POINT('',(-154.5,-6.,-23.12461179749));
#2113 = DIRECTION('',(2.891205793295E-16,-1.,0.));
#2114 = DIRECTION('',(1.,2.891205793295E-16,0.));
#2115 = ADVANCED_FACE('',(#2116),#2152,.F.);
#2116 = FACE_BOUND('',#2117,.F.);
#2117 = EDGE_LOOP('',(#2118,#2129,#2137,#2146));
#2118 = ORIENTED_EDGE('',*,*,#2119,.T.);
#2119 = EDGE_CURVE('',#2120,#2122,#2124,.T.);
#2120 = VERTEX_POINT('',#2121);
#2121 = CARTESIAN_POINT('',(-179.5,3.,-3.));
#2122 = VERTEX_POINT('',#2123);
#2123 = CARTESIAN_POINT('',(-179.5,-6.,-3.));
#2124 = CIRCLE('',#2125,4.5);
#2125 = AXIS2_PLACEMENT_3D('',#2126,#2127,#2128);
#2126 = CARTESIAN_POINT('',(-179.5,-1.5,-3.));
#2127 = DIRECTION('',(0.,-0.,1.));
#2128 = DIRECTION('',(-1.,0.,0.));
#2129 = ORIENTED_EDGE('',*,*,#2130,.T.);
#2130 = EDGE_CURVE('',#2122,#2131,#2133,.T.);
#2131 = VERTEX_POINT('',#2132);
#2132 = CARTESIAN_POINT('',(-179.5,-6.,0.));
#2133 = LINE('',#2134,#2135);
#2134 = CARTESIAN_POINT('',(-179.5,-6.,-23.12461179749));
#2135 = VECTOR('',#2136,1.);
#2136 = DIRECTION('',(-0.,-0.,1.));
#2137 = ORIENTED_EDGE('',*,*,#2138,.F.);
#2138 = EDGE_CURVE('',#2139,#2131,#2141,.T.);
#2139 = VERTEX_POINT('',#2140);
#2140 = CARTESIAN_POINT('',(-179.5,3.,0.));
#2141 = CIRCLE('',#2142,4.5);
#2142 = AXIS2_PLACEMENT_3D('',#2143,#2144,#2145);
#2143 = CARTESIAN_POINT('',(-179.5,-1.5,0.));
#2144 = DIRECTION('',(0.,0.,1.));
#2145 = DIRECTION('',(1.,0.,-0.));
#2146 = ORIENTED_EDGE('',*,*,#2147,.F.);
#2147 = EDGE_CURVE('',#2120,#2139,#2148,.T.);
#2148 = LINE('',#2149,#2150);
#2149 = CARTESIAN_POINT('',(-179.5,3.,-23.12461179749));
#2150 = VECTOR('',#2151,1.);
#2151 = DIRECTION('',(-0.,-0.,1.));
#2152 = CYLINDRICAL_SURFACE('',#2153,4.5);
#2153 = AXIS2_PLACEMENT_3D('',#2154,#2155,#2156);
#2154 = CARTESIAN_POINT('',(-179.5,-1.5,-23.12461179749));
#2155 = DIRECTION('',(-0.,-0.,1.));
#2156 = DIRECTION('',(1.,0.,0.));
#2157 = ADVANCED_FACE('',(#2158),#2183,.F.);
#2158 = FACE_BOUND('',#2159,.T.);
#2159 = EDGE_LOOP('',(#2160,#2170,#2176,#2177));
#2160 = ORIENTED_EDGE('',*,*,#2161,.T.);
#2161 = EDGE_CURVE('',#2162,#2164,#2166,.T.);
#2162 = VERTEX_POINT('',#2163);
#2163 = CARTESIAN_POINT('',(-170.5,3.,-3.));
#2164 = VERTEX_POINT('',#2165);
#2165 = CARTESIAN_POINT('',(-170.5,3.,0.));
#2166 = LINE('',#2167,#2168);
#2167 = CARTESIAN_POINT('',(-170.5,3.,-23.12461179749));
#2168 = VECTOR('',#2169,1.);
#2169 = DIRECTION('',(-0.,-0.,1.));
#2170 = ORIENTED_EDGE('',*,*,#2171,.T.);
#2171 = EDGE_CURVE('',#2164,#2139,#2172,.T.);
#2172 = LINE('',#2173,#2174);
#2173 = CARTESIAN_POINT('',(-179.5,3.,0.));
#2174 = VECTOR('',#2175,1.);
#2175 = DIRECTION('',(-1.,-2.891205793295E-16,-0.));
#2176 = ORIENTED_EDGE('',*,*,#2147,.F.);
#2177 = ORIENTED_EDGE('',*,*,#2178,.F.);
#2178 = EDGE_CURVE('',#2162,#2120,#2179,.T.);
#2179 = LINE('',#2180,#2181);
#2180 = CARTESIAN_POINT('',(-179.5,3.,-3.));
#2181 = VECTOR('',#2182,1.);
#2182 = DIRECTION('',(-1.,-2.891205793295E-16,0.));
#2183 = PLANE('',#2184);
#2184 = AXIS2_PLACEMENT_3D('',#2185,#2186,#2187);
#2185 = CARTESIAN_POINT('',(-179.5,3.,-23.12461179749));
#2186 = DIRECTION('',(-2.891205793295E-16,1.,0.));
#2187 = DIRECTION('',(-1.,-2.891205793295E-16,0.));
#2188 = ADVANCED_FACE('',(#2189),#2216,.F.);
#2189 = FACE_BOUND('',#2190,.F.);
#2190 = EDGE_LOOP('',(#2191,#2200,#2201,#2210));
#2191 = ORIENTED_EDGE('',*,*,#2192,.T.);
#2192 = EDGE_CURVE('',#2193,#2162,#2195,.T.);
#2193 = VERTEX_POINT('',#2194);
#2194 = CARTESIAN_POINT('',(-170.5,-6.,-3.));
#2195 = CIRCLE('',#2196,4.5);
#2196 = AXIS2_PLACEMENT_3D('',#2197,#2198,#2199);
#2197 = CARTESIAN_POINT('',(-170.5,-1.5,-3.));
#2198 = DIRECTION('',(0.,-0.,1.));
#2199 = DIRECTION('',(-1.,0.,0.));
#2200 = ORIENTED_EDGE('',*,*,#2161,.T.);
#2201 = ORIENTED_EDGE('',*,*,#2202,.F.);
#2202 = EDGE_CURVE('',#2203,#2164,#2205,.T.);
#2203 = VERTEX_POINT('',#2204);
#2204 = CARTESIAN_POINT('',(-170.5,-6.,0.));
#2205 = CIRCLE('',#2206,4.5);
#2206 = AXIS2_PLACEMENT_3D('',#2207,#2208,#2209);
#2207 = CARTESIAN_POINT('',(-170.5,-1.5,0.));
#2208 = DIRECTION('',(0.,0.,1.));
#2209 = DIRECTION('',(1.,0.,-0.));
#2210 = ORIENTED_EDGE('',*,*,#2211,.F.);
#2211 = EDGE_CURVE('',#2193,#2203,#2212,.T.);
#2212 = LINE('',#2213,#2214);
#2213 = CARTESIAN_POINT('',(-170.5,-6.,-23.12461179749));
#2214 = VECTOR('',#2215,1.);
#2215 = DIRECTION('',(-0.,-0.,1.));
#2216 = CYLINDRICAL_SURFACE('',#2217,4.5);
#2217 = AXIS2_PLACEMENT_3D('',#2218,#2219,#2220);
#2218 = CARTESIAN_POINT('',(-170.5,-1.5,-23.12461179749));
#2219 = DIRECTION('',(-0.,-0.,1.));
#2220 = DIRECTION('',(1.,0.,0.));
#2221 = ADVANCED_FACE('',(#2222),#2238,.F.);
#2222 = FACE_BOUND('',#2223,.T.);
#2223 = EDGE_LOOP('',(#2224,#2225,#2231,#2232));
#2224 = ORIENTED_EDGE('',*,*,#2130,.T.);
#2225 = ORIENTED_EDGE('',*,*,#2226,.T.);
#2226 = EDGE_CURVE('',#2131,#2203,#2227,.T.);
#2227 = LINE('',#2228,#2229);
#2228 = CARTESIAN_POINT('',(-179.5,-6.,0.));
#2229 = VECTOR('',#2230,1.);
#2230 = DIRECTION('',(1.,2.891205793295E-16,0.));
#2231 = ORIENTED_EDGE('',*,*,#2211,.F.);
#2232 = ORIENTED_EDGE('',*,*,#2233,.F.);
#2233 = EDGE_CURVE('',#2122,#2193,#2234,.T.);
#2234 = LINE('',#2235,#2236);
#2235 = CARTESIAN_POINT('',(-179.5,-6.,-3.));
#2236 = VECTOR('',#2237,1.);
#2237 = DIRECTION('',(1.,2.891205793295E-16,0.));
#2238 = PLANE('',#2239);
#2239 = AXIS2_PLACEMENT_3D('',#2240,#2241,#2242);
#2240 = CARTESIAN_POINT('',(-179.5,-6.,-23.12461179749));
#2241 = DIRECTION('',(2.891205793295E-16,-1.,0.));
#2242 = DIRECTION('',(1.,2.891205793295E-16,0.));
#2243 = ADVANCED_FACE('',(#2244),#2342,.T.);
#2244 = FACE_BOUND('',#2245,.T.);
#2245 = EDGE_LOOP('',(#2246,#2256,#2264,#2272,#2280,#2288,#2296,#2304,
    #2312,#2320,#2328,#2336));
#2246 = ORIENTED_EDGE('',*,*,#2247,.F.);
#2247 = EDGE_CURVE('',#2248,#2250,#2252,.T.);
#2248 = VERTEX_POINT('',#2249);
#2249 = CARTESIAN_POINT('',(270.,16.5,-32.4));
#2250 = VERTEX_POINT('',#2251);
#2251 = CARTESIAN_POINT('',(270.,16.5,-24.));
#2252 = LINE('',#2253,#2254);
#2253 = CARTESIAN_POINT('',(270.,16.5,-24.));
#2254 = VECTOR('',#2255,1.);
#2255 = DIRECTION('',(0.,-3.290128861624E-15,1.));
#2256 = ORIENTED_EDGE('',*,*,#2257,.T.);
#2257 = EDGE_CURVE('',#2248,#2258,#2260,.T.);
#2258 = VERTEX_POINT('',#2259);
#2259 = CARTESIAN_POINT('',(270.,16.5,-36.));
#2260 = LINE('',#2261,#2262);
#2261 = CARTESIAN_POINT('',(270.,16.5,-32.4));
#2262 = VECTOR('',#2263,1.);
#2263 = DIRECTION('',(0.,3.290128861624E-15,-1.));
#2264 = ORIENTED_EDGE('',*,*,#2265,.F.);
#2265 = EDGE_CURVE('',#2266,#2258,#2268,.T.);
#2266 = VERTEX_POINT('',#2267);
#2267 = CARTESIAN_POINT('',(-270.,16.5,-36.));
#2268 = LINE('',#2269,#2270);
#2269 = CARTESIAN_POINT('',(0.,16.5,-36.));
#2270 = VECTOR('',#2271,1.);
#2271 = DIRECTION('',(1.,-0.,-0.));
#2272 = ORIENTED_EDGE('',*,*,#2273,.F.);
#2273 = EDGE_CURVE('',#2274,#2266,#2276,.T.);
#2274 = VERTEX_POINT('',#2275);
#2275 = CARTESIAN_POINT('',(-270.,16.5,-32.4));
#2276 = LINE('',#2277,#2278);
#2277 = CARTESIAN_POINT('',(-270.,16.5,6.476157023332E-14));
#2278 = VECTOR('',#2279,1.);
#2279 = DIRECTION('',(-0.,3.290128861624E-15,-1.));
#2280 = ORIENTED_EDGE('',*,*,#2281,.F.);
#2281 = EDGE_CURVE('',#2282,#2274,#2284,.T.);
#2282 = VERTEX_POINT('',#2283);
#2283 = CARTESIAN_POINT('',(-270.,16.5,-24.));
#2284 = LINE('',#2285,#2286);
#2285 = CARTESIAN_POINT('',(-270.,16.5,-24.));
#2286 = VECTOR('',#2287,1.);
#2287 = DIRECTION('',(0.,3.290128861624E-15,-1.));
#2288 = ORIENTED_EDGE('',*,*,#2289,.F.);
#2289 = EDGE_CURVE('',#2290,#2282,#2292,.T.);
#2290 = VERTEX_POINT('',#2291);
#2291 = CARTESIAN_POINT('',(-250.,16.5,-7.218007376454));
#2292 = LINE('',#2293,#2294);
#2293 = CARTESIAN_POINT('',(-250.,16.5,-7.218007376454));
#2294 = VECTOR('',#2295,1.);
#2295 = DIRECTION('',(-0.766044443119,2.114854066524E-15,-0.642787609687
    ));
#2296 = ORIENTED_EDGE('',*,*,#2297,.F.);
#2297 = EDGE_CURVE('',#2298,#2290,#2300,.T.);
#2298 = VERTEX_POINT('',#2299);
#2299 = CARTESIAN_POINT('',(-250.,16.5,-3.6));
#2300 = LINE('',#2301,#2302);
#2301 = CARTESIAN_POINT('',(-250.,16.5,-3.));
#2302 = VECTOR('',#2303,1.);
#2303 = DIRECTION('',(0.,3.290128861624E-15,-1.));
#2304 = ORIENTED_EDGE('',*,*,#2305,.T.);
#2305 = EDGE_CURVE('',#2298,#2306,#2308,.T.);
#2306 = VERTEX_POINT('',#2307);
#2307 = CARTESIAN_POINT('',(-250.,16.5,0.));
#2308 = LINE('',#2309,#2310);
#2309 = CARTESIAN_POINT('',(-250.,16.5,-3.6));
#2310 = VECTOR('',#2311,1.);
#2311 = DIRECTION('',(-0.,-3.290128861624E-15,1.));
#2312 = ORIENTED_EDGE('',*,*,#2313,.T.);
#2313 = EDGE_CURVE('',#2306,#2314,#2316,.T.);
#2314 = VERTEX_POINT('',#2315);
#2315 = CARTESIAN_POINT('',(250.,16.5,0.));
#2316 = LINE('',#2317,#2318);
#2317 = CARTESIAN_POINT('',(0.,16.5,0.));
#2318 = VECTOR('',#2319,1.);
#2319 = DIRECTION('',(1.,-0.,0.));
#2320 = ORIENTED_EDGE('',*,*,#2321,.F.);
#2321 = EDGE_CURVE('',#2322,#2314,#2324,.T.);
#2322 = VERTEX_POINT('',#2323);
#2323 = CARTESIAN_POINT('',(250.,16.5,-3.6));
#2324 = LINE('',#2325,#2326);
#2325 = CARTESIAN_POINT('',(250.,16.5,6.476157023332E-14));
#2326 = VECTOR('',#2327,1.);
#2327 = DIRECTION('',(0.,-3.290128861624E-15,1.));
#2328 = ORIENTED_EDGE('',*,*,#2329,.F.);
#2329 = EDGE_CURVE('',#2330,#2322,#2332,.T.);
#2330 = VERTEX_POINT('',#2331);
#2331 = CARTESIAN_POINT('',(250.,16.5,-7.218007376454));
#2332 = LINE('',#2333,#2334);
#2333 = CARTESIAN_POINT('',(250.,16.5,-3.));
#2334 = VECTOR('',#2335,1.);
#2335 = DIRECTION('',(6.580257723247E-15,-3.290128861624E-15,1.));
#2336 = ORIENTED_EDGE('',*,*,#2337,.F.);
#2337 = EDGE_CURVE('',#2250,#2330,#2338,.T.);
#2338 = LINE('',#2339,#2340);
#2339 = CARTESIAN_POINT('',(250.,16.5,-7.218007376454));
#2340 = VECTOR('',#2341,1.);
#2341 = DIRECTION('',(-0.766044443119,-2.114854066524E-15,0.642787609687
    ));
#2342 = PLANE('',#2343);
#2343 = AXIS2_PLACEMENT_3D('',#2344,#2345,#2346);
#2344 = CARTESIAN_POINT('',(0.,16.5,6.476157023332E-14));
#2345 = DIRECTION('',(0.,1.,3.290128861624E-15));
#2346 = DIRECTION('',(0.,-3.290128861624E-15,1.));
#2347 = ADVANCED_FACE('',(#2348),#2446,.F.);
#2348 = FACE_BOUND('',#2349,.T.);
#2349 = EDGE_LOOP('',(#2350,#2360,#2368,#2376,#2384,#2392,#2400,#2408,
    #2416,#2424,#2432,#2440));
#2350 = ORIENTED_EDGE('',*,*,#2351,.T.);
#2351 = EDGE_CURVE('',#2352,#2354,#2356,.T.);
#2352 = VERTEX_POINT('',#2353);
#2353 = CARTESIAN_POINT('',(-270.,13.5,-24.));
#2354 = VERTEX_POINT('',#2355);
#2355 = CARTESIAN_POINT('',(-270.,13.5,-32.4));
#2356 = LINE('',#2357,#2358);
#2357 = CARTESIAN_POINT('',(-270.,13.5,5.428712621679E-14));
#2358 = VECTOR('',#2359,1.);
#2359 = DIRECTION('',(-0.,3.290128861624E-15,-1.));
#2360 = ORIENTED_EDGE('',*,*,#2361,.T.);
#2361 = EDGE_CURVE('',#2354,#2362,#2364,.T.);
#2362 = VERTEX_POINT('',#2363);
#2363 = CARTESIAN_POINT('',(-270.,13.5,-33.));
#2364 = LINE('',#2365,#2366);
#2365 = CARTESIAN_POINT('',(-270.,13.5,-32.4));
#2366 = VECTOR('',#2367,1.);
#2367 = DIRECTION('',(0.,3.290128861624E-15,-1.));
#2368 = ORIENTED_EDGE('',*,*,#2369,.T.);
#2369 = EDGE_CURVE('',#2362,#2370,#2372,.T.);
#2370 = VERTEX_POINT('',#2371);
#2371 = CARTESIAN_POINT('',(270.,13.5,-33.));
#2372 = LINE('',#2373,#2374);
#2373 = CARTESIAN_POINT('',(0.,13.5,-33.));
#2374 = VECTOR('',#2375,1.);
#2375 = DIRECTION('',(1.,-0.,0.));
#2376 = ORIENTED_EDGE('',*,*,#2377,.F.);
#2377 = EDGE_CURVE('',#2378,#2370,#2380,.T.);
#2378 = VERTEX_POINT('',#2379);
#2379 = CARTESIAN_POINT('',(270.,13.5,-32.4));
#2380 = LINE('',#2381,#2382);
#2381 = CARTESIAN_POINT('',(270.,13.5,5.428712621679E-14));
#2382 = VECTOR('',#2383,1.);
#2383 = DIRECTION('',(-0.,3.290128861624E-15,-1.));
#2384 = ORIENTED_EDGE('',*,*,#2385,.T.);
#2385 = EDGE_CURVE('',#2378,#2386,#2388,.T.);
#2386 = VERTEX_POINT('',#2387);
#2387 = CARTESIAN_POINT('',(270.,13.5,-24.));
#2388 = LINE('',#2389,#2390);
#2389 = CARTESIAN_POINT('',(270.,13.5,5.428712621679E-14));
#2390 = VECTOR('',#2391,1.);
#2391 = DIRECTION('',(-0.,-3.290128861624E-15,1.));
#2392 = ORIENTED_EDGE('',*,*,#2393,.T.);
#2393 = EDGE_CURVE('',#2386,#2394,#2396,.T.);
#2394 = VERTEX_POINT('',#2395);
#2395 = CARTESIAN_POINT('',(250.,13.5,-7.218007376454));
#2396 = LINE('',#2397,#2398);
#2397 = CARTESIAN_POINT('',(99.739802978817,13.5,118.86526852464));
#2398 = VECTOR('',#2399,1.);
#2399 = DIRECTION('',(-0.766044443119,-2.114854066524E-15,0.642787609687
    ));
#2400 = ORIENTED_EDGE('',*,*,#2401,.T.);
#2401 = EDGE_CURVE('',#2394,#2402,#2404,.T.);
#2402 = VERTEX_POINT('',#2403);
#2403 = CARTESIAN_POINT('',(250.,13.5,-3.6));
#2404 = LINE('',#2405,#2406);
#2405 = CARTESIAN_POINT('',(250.,13.5,-1.590777304595E-12));
#2406 = VECTOR('',#2407,1.);
#2407 = DIRECTION('',(6.580257723247E-15,-3.290128861624E-15,1.));
#2408 = ORIENTED_EDGE('',*,*,#2409,.T.);
#2409 = EDGE_CURVE('',#2402,#2410,#2412,.T.);
#2410 = VERTEX_POINT('',#2411);
#2411 = CARTESIAN_POINT('',(250.,13.5,-3.));
#2412 = LINE('',#2413,#2414);
#2413 = CARTESIAN_POINT('',(250.,13.5,-3.6));
#2414 = VECTOR('',#2415,1.);
#2415 = DIRECTION('',(-0.,-3.290128861624E-15,1.));
#2416 = ORIENTED_EDGE('',*,*,#2417,.F.);
#2417 = EDGE_CURVE('',#2418,#2410,#2420,.T.);
#2418 = VERTEX_POINT('',#2419);
#2419 = CARTESIAN_POINT('',(-250.,13.5,-3.));
#2420 = LINE('',#2421,#2422);
#2421 = CARTESIAN_POINT('',(0.,13.5,-3.));
#2422 = VECTOR('',#2423,1.);
#2423 = DIRECTION('',(1.,-0.,-0.));
#2424 = ORIENTED_EDGE('',*,*,#2425,.F.);
#2425 = EDGE_CURVE('',#2426,#2418,#2428,.T.);
#2426 = VERTEX_POINT('',#2427);
#2427 = CARTESIAN_POINT('',(-250.,13.5,-3.6));
#2428 = LINE('',#2429,#2430);
#2429 = CARTESIAN_POINT('',(-250.,13.5,5.428712621679E-14));
#2430 = VECTOR('',#2431,1.);
#2431 = DIRECTION('',(0.,-3.290128861624E-15,1.));
#2432 = ORIENTED_EDGE('',*,*,#2433,.T.);
#2433 = EDGE_CURVE('',#2426,#2434,#2436,.T.);
#2434 = VERTEX_POINT('',#2435);
#2435 = CARTESIAN_POINT('',(-250.,13.5,-7.218007376454));
#2436 = LINE('',#2437,#2438);
#2437 = CARTESIAN_POINT('',(-250.,13.5,5.428712621679E-14));
#2438 = VECTOR('',#2439,1.);
#2439 = DIRECTION('',(-0.,3.290128861624E-15,-1.));
#2440 = ORIENTED_EDGE('',*,*,#2441,.T.);
#2441 = EDGE_CURVE('',#2434,#2352,#2442,.T.);
#2442 = LINE('',#2443,#2444);
#2443 = CARTESIAN_POINT('',(-99.73980297881,13.5,118.86526852464));
#2444 = VECTOR('',#2445,1.);
#2445 = DIRECTION('',(-0.766044443119,2.114854066524E-15,-0.642787609687
    ));
#2446 = PLANE('',#2447);
#2447 = AXIS2_PLACEMENT_3D('',#2448,#2449,#2450);
#2448 = CARTESIAN_POINT('',(0.,13.5,5.428712621679E-14));
#2449 = DIRECTION('',(0.,1.,3.290128861624E-15));
#2450 = DIRECTION('',(0.,-3.290128861624E-15,1.));
#2451 = ADVANCED_FACE('',(#2452),#2468,.T.);
#2452 = FACE_BOUND('',#2453,.T.);
#2453 = EDGE_LOOP('',(#2454,#2455,#2461,#2462));
#2454 = ORIENTED_EDGE('',*,*,#2385,.F.);
#2455 = ORIENTED_EDGE('',*,*,#2456,.T.);
#2456 = EDGE_CURVE('',#2378,#2248,#2457,.T.);
#2457 = LINE('',#2458,#2459);
#2458 = CARTESIAN_POINT('',(270.,13.5,-32.4));
#2459 = VECTOR('',#2460,1.);
#2460 = DIRECTION('',(4.108650548026E-29,1.,0.));
#2461 = ORIENTED_EDGE('',*,*,#2247,.T.);
#2462 = ORIENTED_EDGE('',*,*,#2463,.T.);
#2463 = EDGE_CURVE('',#2250,#2386,#2464,.T.);
#2464 = LINE('',#2465,#2466);
#2465 = CARTESIAN_POINT('',(270.,16.5,-24.));
#2466 = VECTOR('',#2467,1.);
#2467 = DIRECTION('',(0.,-1.,-3.491481338843E-15));
#2468 = PLANE('',#2469);
#2469 = AXIS2_PLACEMENT_3D('',#2470,#2471,#2472);
#2470 = CARTESIAN_POINT('',(270.,16.5,-24.));
#2471 = DIRECTION('',(1.,0.,0.));
#2472 = DIRECTION('',(0.,0.,-1.));
#2473 = ADVANCED_FACE('',(#2474),#2508,.T.);
#2474 = FACE_BOUND('',#2475,.T.);
#2475 = EDGE_LOOP('',(#2476,#2486,#2494,#2502));
#2476 = ORIENTED_EDGE('',*,*,#2477,.T.);
#2477 = EDGE_CURVE('',#2478,#2480,#2482,.T.);
#2478 = VERTEX_POINT('',#2479);
#2479 = CARTESIAN_POINT('',(250.,-16.5,-3.));
#2480 = VERTEX_POINT('',#2481);
#2481 = CARTESIAN_POINT('',(250.,12.9,-3.));
#2482 = LINE('',#2483,#2484);
#2483 = CARTESIAN_POINT('',(250.,-16.5,-3.));
#2484 = VECTOR('',#2485,1.);
#2485 = DIRECTION('',(0.,1.,0.));
#2486 = ORIENTED_EDGE('',*,*,#2487,.T.);
#2487 = EDGE_CURVE('',#2480,#2488,#2490,.T.);
#2488 = VERTEX_POINT('',#2489);
#2489 = CARTESIAN_POINT('',(250.,12.9,-4.770489558936E-15));
#2490 = LINE('',#2491,#2492);
#2491 = CARTESIAN_POINT('',(250.,12.9,-3.));
#2492 = VECTOR('',#2493,1.);
#2493 = DIRECTION('',(0.,0.,1.));
#2494 = ORIENTED_EDGE('',*,*,#2495,.F.);
#2495 = EDGE_CURVE('',#2496,#2488,#2498,.T.);
#2496 = VERTEX_POINT('',#2497);
#2497 = CARTESIAN_POINT('',(250.,-16.5,0.));
#2498 = LINE('',#2499,#2500);
#2499 = CARTESIAN_POINT('',(250.,-16.5,0.));
#2500 = VECTOR('',#2501,1.);
#2501 = DIRECTION('',(0.,1.,0.));
#2502 = ORIENTED_EDGE('',*,*,#2503,.F.);
#2503 = EDGE_CURVE('',#2478,#2496,#2504,.T.);
#2504 = LINE('',#2505,#2506);
#2505 = CARTESIAN_POINT('',(250.,-16.5,-3.));
#2506 = VECTOR('',#2507,1.);
#2507 = DIRECTION('',(0.,0.,1.));
#2508 = PLANE('',#2509);
#2509 = AXIS2_PLACEMENT_3D('',#2510,#2511,#2512);
#2510 = CARTESIAN_POINT('',(250.,-16.5,-3.));
#2511 = DIRECTION('',(1.,0.,0.));
#2512 = DIRECTION('',(0.,0.,-1.));
#2513 = ADVANCED_FACE('',(#2514,#2550,#2586,#2618,#2624,#2630,#2636,
    #2642,#2648,#2654,#2660,#2666,#2672,#2678,#2684,#2690,#2696,#2702,
    #2708,#2714),#2720,.T.);
#2514 = FACE_BOUND('',#2515,.T.);
#2515 = EDGE_LOOP('',(#2516,#2526,#2535,#2543));
#2516 = ORIENTED_EDGE('',*,*,#2517,.T.);
#2517 = EDGE_CURVE('',#2518,#2520,#2522,.T.);
#2518 = VERTEX_POINT('',#2519);
#2519 = CARTESIAN_POINT('',(-204.5,-6.,-3.));
#2520 = VERTEX_POINT('',#2521);
#2521 = CARTESIAN_POINT('',(-195.5,-6.,-3.));
#2522 = LINE('',#2523,#2524);
#2523 = CARTESIAN_POINT('',(-204.5,-6.,-3.));
#2524 = VECTOR('',#2525,1.);
#2525 = DIRECTION('',(1.,2.891205793295E-16,0.));
#2526 = ORIENTED_EDGE('',*,*,#2527,.T.);
#2527 = EDGE_CURVE('',#2520,#2528,#2530,.T.);
#2528 = VERTEX_POINT('',#2529);
#2529 = CARTESIAN_POINT('',(-195.5,3.,-3.));
#2530 = CIRCLE('',#2531,4.5);
#2531 = AXIS2_PLACEMENT_3D('',#2532,#2533,#2534);
#2532 = CARTESIAN_POINT('',(-195.5,-1.5,-3.));
#2533 = DIRECTION('',(0.,-0.,1.));
#2534 = DIRECTION('',(-1.,0.,0.));
#2535 = ORIENTED_EDGE('',*,*,#2536,.T.);
#2536 = EDGE_CURVE('',#2528,#2537,#2539,.T.);
#2537 = VERTEX_POINT('',#2538);
#2538 = CARTESIAN_POINT('',(-204.5,3.,-3.));
#2539 = LINE('',#2540,#2541);
#2540 = CARTESIAN_POINT('',(-204.5,3.,-3.));
#2541 = VECTOR('',#2542,1.);
#2542 = DIRECTION('',(-1.,-2.891205793295E-16,0.));
#2543 = ORIENTED_EDGE('',*,*,#2544,.T.);
#2544 = EDGE_CURVE('',#2537,#2518,#2545,.T.);
#2545 = CIRCLE('',#2546,4.5);
#2546 = AXIS2_PLACEMENT_3D('',#2547,#2548,#2549);
#2547 = CARTESIAN_POINT('',(-204.5,-1.5,-3.));
#2548 = DIRECTION('',(0.,-0.,1.));
#2549 = DIRECTION('',(-1.,0.,0.));
#2550 = FACE_BOUND('',#2551,.T.);
#2551 = EDGE_LOOP('',(#2552,#2562,#2571,#2579));
#2552 = ORIENTED_EDGE('',*,*,#2553,.T.);
#2553 = EDGE_CURVE('',#2554,#2556,#2558,.T.);
#2554 = VERTEX_POINT('',#2555);
#2555 = CARTESIAN_POINT('',(-229.5,-6.,-3.));
#2556 = VERTEX_POINT('',#2557);
#2557 = CARTESIAN_POINT('',(-220.5,-6.,-3.));
#2558 = LINE('',#2559,#2560);
#2559 = CARTESIAN_POINT('',(-229.5,-6.,-3.));
#2560 = VECTOR('',#2561,1.);
#2561 = DIRECTION('',(1.,2.891205793295E-16,0.));
#2562 = ORIENTED_EDGE('',*,*,#2563,.T.);
#2563 = EDGE_CURVE('',#2556,#2564,#2566,.T.);
#2564 = VERTEX_POINT('',#2565);
#2565 = CARTESIAN_POINT('',(-220.5,3.,-3.));
#2566 = CIRCLE('',#2567,4.5);
#2567 = AXIS2_PLACEMENT_3D('',#2568,#2569,#2570);
#2568 = CARTESIAN_POINT('',(-220.5,-1.5,-3.));
#2569 = DIRECTION('',(0.,-0.,1.));
#2570 = DIRECTION('',(-1.,0.,0.));
#2571 = ORIENTED_EDGE('',*,*,#2572,.T.);
#2572 = EDGE_CURVE('',#2564,#2573,#2575,.T.);
#2573 = VERTEX_POINT('',#2574);
#2574 = CARTESIAN_POINT('',(-229.5,3.,-3.));
#2575 = LINE('',#2576,#2577);
#2576 = CARTESIAN_POINT('',(-229.5,3.,-3.));
#2577 = VECTOR('',#2578,1.);
#2578 = DIRECTION('',(-1.,-2.891205793295E-16,0.));
#2579 = ORIENTED_EDGE('',*,*,#2580,.T.);
#2580 = EDGE_CURVE('',#2573,#2554,#2581,.T.);
#2581 = CIRCLE('',#2582,4.5);
#2582 = AXIS2_PLACEMENT_3D('',#2583,#2584,#2585);
#2583 = CARTESIAN_POINT('',(-229.5,-1.5,-3.));
#2584 = DIRECTION('',(0.,-0.,1.));
#2585 = DIRECTION('',(-1.,0.,0.));
#2586 = FACE_BOUND('',#2587,.T.);
#2587 = EDGE_LOOP('',(#2588,#2598,#2604,#2605,#2611,#2612));
#2588 = ORIENTED_EDGE('',*,*,#2589,.F.);
#2589 = EDGE_CURVE('',#2590,#2592,#2594,.T.);
#2590 = VERTEX_POINT('',#2591);
#2591 = CARTESIAN_POINT('',(-250.,12.9,-3.));
#2592 = VERTEX_POINT('',#2593);
#2593 = CARTESIAN_POINT('',(-250.,-16.5,-3.));
#2594 = LINE('',#2595,#2596);
#2595 = CARTESIAN_POINT('',(-250.,-16.5,-3.));
#2596 = VECTOR('',#2597,1.);
#2597 = DIRECTION('',(-0.,-1.,-0.));
#2598 = ORIENTED_EDGE('',*,*,#2599,.T.);
#2599 = EDGE_CURVE('',#2590,#2418,#2600,.T.);
#2600 = LINE('',#2601,#2602);
#2601 = CARTESIAN_POINT('',(-250.,12.9,-3.));
#2602 = VECTOR('',#2603,1.);
#2603 = DIRECTION('',(-0.,1.,-0.));
#2604 = ORIENTED_EDGE('',*,*,#2417,.T.);
#2605 = ORIENTED_EDGE('',*,*,#2606,.F.);
#2606 = EDGE_CURVE('',#2480,#2410,#2607,.T.);
#2607 = LINE('',#2608,#2609);
#2608 = CARTESIAN_POINT('',(250.,0.,-3.));
#2609 = VECTOR('',#2610,1.);
#2610 = DIRECTION('',(0.,1.,0.));
#2611 = ORIENTED_EDGE('',*,*,#2477,.F.);
#2612 = ORIENTED_EDGE('',*,*,#2613,.F.);
#2613 = EDGE_CURVE('',#2592,#2478,#2614,.T.);
#2614 = LINE('',#2615,#2616);
#2615 = CARTESIAN_POINT('',(-250.,-16.5,-3.));
#2616 = VECTOR('',#2617,1.);
#2617 = DIRECTION('',(1.,0.,0.));
#2618 = FACE_BOUND('',#2619,.T.);
#2619 = EDGE_LOOP('',(#2620,#2621,#2622,#2623));
#2620 = ORIENTED_EDGE('',*,*,#2233,.T.);
#2621 = ORIENTED_EDGE('',*,*,#2192,.T.);
#2622 = ORIENTED_EDGE('',*,*,#2178,.T.);
#2623 = ORIENTED_EDGE('',*,*,#2119,.T.);
#2624 = FACE_BOUND('',#2625,.T.);
#2625 = EDGE_LOOP('',(#2626,#2627,#2628,#2629));
#2626 = ORIENTED_EDGE('',*,*,#2105,.T.);
#2627 = ORIENTED_EDGE('',*,*,#2064,.T.);
#2628 = ORIENTED_EDGE('',*,*,#2050,.T.);
#2629 = ORIENTED_EDGE('',*,*,#1991,.T.);
#2630 = FACE_BOUND('',#2631,.T.);
#2631 = EDGE_LOOP('',(#2632,#2633,#2634,#2635));
#2632 = ORIENTED_EDGE('',*,*,#1977,.T.);
#2633 = ORIENTED_EDGE('',*,*,#1936,.T.);
#2634 = ORIENTED_EDGE('',*,*,#1922,.T.);
#2635 = ORIENTED_EDGE('',*,*,#1863,.T.);
#2636 = FACE_BOUND('',#2637,.T.);
#2637 = EDGE_LOOP('',(#2638,#2639,#2640,#2641));
#2638 = ORIENTED_EDGE('',*,*,#1849,.T.);
#2639 = ORIENTED_EDGE('',*,*,#1808,.T.);
#2640 = ORIENTED_EDGE('',*,*,#1794,.T.);
#2641 = ORIENTED_EDGE('',*,*,#1735,.T.);
#2642 = FACE_BOUND('',#2643,.T.);
#2643 = EDGE_LOOP('',(#2644,#2645,#2646,#2647));
#2644 = ORIENTED_EDGE('',*,*,#1721,.T.);
#2645 = ORIENTED_EDGE('',*,*,#1680,.T.);
#2646 = ORIENTED_EDGE('',*,*,#1666,.T.);
#2647 = ORIENTED_EDGE('',*,*,#1607,.T.);
#2648 = FACE_BOUND('',#2649,.T.);
#2649 = EDGE_LOOP('',(#2650,#2651,#2652,#2653));
#2650 = ORIENTED_EDGE('',*,*,#1593,.T.);
#2651 = ORIENTED_EDGE('',*,*,#1552,.T.);
#2652 = ORIENTED_EDGE('',*,*,#1538,.T.);
#2653 = ORIENTED_EDGE('',*,*,#1479,.T.);
#2654 = FACE_BOUND('',#2655,.T.);
#2655 = EDGE_LOOP('',(#2656,#2657,#2658,#2659));
#2656 = ORIENTED_EDGE('',*,*,#1465,.T.);
#2657 = ORIENTED_EDGE('',*,*,#1424,.T.);
#2658 = ORIENTED_EDGE('',*,*,#1410,.T.);
#2659 = ORIENTED_EDGE('',*,*,#1351,.T.);
#2660 = FACE_BOUND('',#2661,.T.);
#2661 = EDGE_LOOP('',(#2662,#2663,#2664,#2665));
#2662 = ORIENTED_EDGE('',*,*,#1337,.T.);
#2663 = ORIENTED_EDGE('',*,*,#1296,.T.);
#2664 = ORIENTED_EDGE('',*,*,#1282,.T.);
#2665 = ORIENTED_EDGE('',*,*,#1223,.T.);
#2666 = FACE_BOUND('',#2667,.T.);
#2667 = EDGE_LOOP('',(#2668,#2669,#2670,#2671));
#2668 = ORIENTED_EDGE('',*,*,#1209,.T.);
#2669 = ORIENTED_EDGE('',*,*,#1168,.T.);
#2670 = ORIENTED_EDGE('',*,*,#1154,.T.);
#2671 = ORIENTED_EDGE('',*,*,#1095,.T.);
#2672 = FACE_BOUND('',#2673,.T.);
#2673 = EDGE_LOOP('',(#2674,#2675,#2676,#2677));
#2674 = ORIENTED_EDGE('',*,*,#1081,.T.);
#2675 = ORIENTED_EDGE('',*,*,#1040,.T.);
#2676 = ORIENTED_EDGE('',*,*,#1026,.T.);
#2677 = ORIENTED_EDGE('',*,*,#967,.T.);
#2678 = FACE_BOUND('',#2679,.T.);
#2679 = EDGE_LOOP('',(#2680,#2681,#2682,#2683));
#2680 = ORIENTED_EDGE('',*,*,#953,.T.);
#2681 = ORIENTED_EDGE('',*,*,#912,.T.);
#2682 = ORIENTED_EDGE('',*,*,#898,.T.);
#2683 = ORIENTED_EDGE('',*,*,#839,.T.);
#2684 = FACE_BOUND('',#2685,.T.);
#2685 = EDGE_LOOP('',(#2686,#2687,#2688,#2689));
#2686 = ORIENTED_EDGE('',*,*,#825,.T.);
#2687 = ORIENTED_EDGE('',*,*,#784,.T.);
#2688 = ORIENTED_EDGE('',*,*,#770,.T.);
#2689 = ORIENTED_EDGE('',*,*,#711,.T.);
#2690 = FACE_BOUND('',#2691,.T.);
#2691 = EDGE_LOOP('',(#2692,#2693,#2694,#2695));
#2692 = ORIENTED_EDGE('',*,*,#697,.T.);
#2693 = ORIENTED_EDGE('',*,*,#656,.T.);
#2694 = ORIENTED_EDGE('',*,*,#642,.T.);
#2695 = ORIENTED_EDGE('',*,*,#583,.T.);
#2696 = FACE_BOUND('',#2697,.T.);
#2697 = EDGE_LOOP('',(#2698,#2699,#2700,#2701));
#2698 = ORIENTED_EDGE('',*,*,#569,.T.);
#2699 = ORIENTED_EDGE('',*,*,#528,.T.);
#2700 = ORIENTED_EDGE('',*,*,#514,.T.);
#2701 = ORIENTED_EDGE('',*,*,#455,.T.);
#2702 = FACE_BOUND('',#2703,.T.);
#2703 = EDGE_LOOP('',(#2704,#2705,#2706,#2707));
#2704 = ORIENTED_EDGE('',*,*,#441,.T.);
#2705 = ORIENTED_EDGE('',*,*,#400,.T.);
#2706 = ORIENTED_EDGE('',*,*,#386,.T.);
#2707 = ORIENTED_EDGE('',*,*,#327,.T.);
#2708 = FACE_BOUND('',#2709,.T.);
#2709 = EDGE_LOOP('',(#2710,#2711,#2712,#2713));
#2710 = ORIENTED_EDGE('',*,*,#313,.T.);
#2711 = ORIENTED_EDGE('',*,*,#272,.T.);
#2712 = ORIENTED_EDGE('',*,*,#258,.T.);
#2713 = ORIENTED_EDGE('',*,*,#199,.T.);
#2714 = FACE_BOUND('',#2715,.T.);
#2715 = EDGE_LOOP('',(#2716,#2717,#2718,#2719));
#2716 = ORIENTED_EDGE('',*,*,#185,.T.);
#2717 = ORIENTED_EDGE('',*,*,#144,.T.);
#2718 = ORIENTED_EDGE('',*,*,#130,.T.);
#2719 = ORIENTED_EDGE('',*,*,#71,.T.);
#2720 = PLANE('',#2721);
#2721 = AXIS2_PLACEMENT_3D('',#2722,#2723,#2724);
#2722 = CARTESIAN_POINT('',(0.,0.,-3.));
#2723 = DIRECTION('',(0.,0.,-1.));
#2724 = DIRECTION('',(-1.,0.,-0.));
#2725 = ADVANCED_FACE('',(#2726,#2762,#2798,#2830,#2836,#2842,#2848,
    #2854,#2860,#2866,#2872,#2878,#2884,#2890,#2896,#2902,#2908,#2914,
    #2920,#2926),#2932,.F.);
#2726 = FACE_BOUND('',#2727,.T.);
#2727 = EDGE_LOOP('',(#2728,#2739,#2747,#2756));
#2728 = ORIENTED_EDGE('',*,*,#2729,.F.);
#2729 = EDGE_CURVE('',#2730,#2732,#2734,.T.);
#2730 = VERTEX_POINT('',#2731);
#2731 = CARTESIAN_POINT('',(-195.5,-6.,0.));
#2732 = VERTEX_POINT('',#2733);
#2733 = CARTESIAN_POINT('',(-195.5,3.,0.));
#2734 = CIRCLE('',#2735,4.5);
#2735 = AXIS2_PLACEMENT_3D('',#2736,#2737,#2738);
#2736 = CARTESIAN_POINT('',(-195.5,-1.5,0.));
#2737 = DIRECTION('',(0.,0.,1.));
#2738 = DIRECTION('',(1.,0.,-0.));
#2739 = ORIENTED_EDGE('',*,*,#2740,.F.);
#2740 = EDGE_CURVE('',#2741,#2730,#2743,.T.);
#2741 = VERTEX_POINT('',#2742);
#2742 = CARTESIAN_POINT('',(-204.5,-6.,0.));
#2743 = LINE('',#2744,#2745);
#2744 = CARTESIAN_POINT('',(-204.5,-6.,0.));
#2745 = VECTOR('',#2746,1.);
#2746 = DIRECTION('',(1.,2.891205793295E-16,0.));
#2747 = ORIENTED_EDGE('',*,*,#2748,.F.);
#2748 = EDGE_CURVE('',#2749,#2741,#2751,.T.);
#2749 = VERTEX_POINT('',#2750);
#2750 = CARTESIAN_POINT('',(-204.5,3.,0.));
#2751 = CIRCLE('',#2752,4.5);
#2752 = AXIS2_PLACEMENT_3D('',#2753,#2754,#2755);
#2753 = CARTESIAN_POINT('',(-204.5,-1.5,0.));
#2754 = DIRECTION('',(0.,0.,1.));
#2755 = DIRECTION('',(1.,0.,-0.));
#2756 = ORIENTED_EDGE('',*,*,#2757,.F.);
#2757 = EDGE_CURVE('',#2732,#2749,#2758,.T.);
#2758 = LINE('',#2759,#2760);
#2759 = CARTESIAN_POINT('',(-204.5,3.,0.));
#2760 = VECTOR('',#2761,1.);
#2761 = DIRECTION('',(-1.,-2.891205793295E-16,-0.));
#2762 = FACE_BOUND('',#2763,.T.);
#2763 = EDGE_LOOP('',(#2764,#2775,#2783,#2792));
#2764 = ORIENTED_EDGE('',*,*,#2765,.F.);
#2765 = EDGE_CURVE('',#2766,#2768,#2770,.T.);
#2766 = VERTEX_POINT('',#2767);
#2767 = CARTESIAN_POINT('',(-220.5,-6.,0.));
#2768 = VERTEX_POINT('',#2769);
#2769 = CARTESIAN_POINT('',(-220.5,3.,0.));
#2770 = CIRCLE('',#2771,4.5);
#2771 = AXIS2_PLACEMENT_3D('',#2772,#2773,#2774);
#2772 = CARTESIAN_POINT('',(-220.5,-1.5,0.));
#2773 = DIRECTION('',(0.,0.,1.));
#2774 = DIRECTION('',(1.,0.,-0.));
#2775 = ORIENTED_EDGE('',*,*,#2776,.F.);
#2776 = EDGE_CURVE('',#2777,#2766,#2779,.T.);
#2777 = VERTEX_POINT('',#2778);
#2778 = CARTESIAN_POINT('',(-229.5,-6.,0.));
#2779 = LINE('',#2780,#2781);
#2780 = CARTESIAN_POINT('',(-229.5,-6.,0.));
#2781 = VECTOR('',#2782,1.);
#2782 = DIRECTION('',(1.,2.891205793295E-16,0.));
#2783 = ORIENTED_EDGE('',*,*,#2784,.F.);
#2784 = EDGE_CURVE('',#2785,#2777,#2787,.T.);
#2785 = VERTEX_POINT('',#2786);
#2786 = CARTESIAN_POINT('',(-229.5,3.,0.));
#2787 = CIRCLE('',#2788,4.5);
#2788 = AXIS2_PLACEMENT_3D('',#2789,#2790,#2791);
#2789 = CARTESIAN_POINT('',(-229.5,-1.5,0.));
#2790 = DIRECTION('',(0.,0.,1.));
#2791 = DIRECTION('',(1.,0.,-0.));
#2792 = ORIENTED_EDGE('',*,*,#2793,.F.);
#2793 = EDGE_CURVE('',#2768,#2785,#2794,.T.);
#2794 = LINE('',#2795,#2796);
#2795 = CARTESIAN_POINT('',(-229.5,3.,0.));
#2796 = VECTOR('',#2797,1.);
#2797 = DIRECTION('',(-1.,-2.891205793295E-16,-0.));
#2798 = FACE_BOUND('',#2799,.T.);
#2799 = EDGE_LOOP('',(#2800,#2801,#2807,#2808,#2816,#2824));
#2800 = ORIENTED_EDGE('',*,*,#2495,.T.);
#2801 = ORIENTED_EDGE('',*,*,#2802,.T.);
#2802 = EDGE_CURVE('',#2488,#2314,#2803,.T.);
#2803 = LINE('',#2804,#2805);
#2804 = CARTESIAN_POINT('',(250.,12.9,0.));
#2805 = VECTOR('',#2806,1.);
#2806 = DIRECTION('',(-0.,1.,-0.));
#2807 = ORIENTED_EDGE('',*,*,#2313,.F.);
#2808 = ORIENTED_EDGE('',*,*,#2809,.F.);
#2809 = EDGE_CURVE('',#2810,#2306,#2812,.T.);
#2810 = VERTEX_POINT('',#2811);
#2811 = CARTESIAN_POINT('',(-250.,12.9,0.));
#2812 = LINE('',#2813,#2814);
#2813 = CARTESIAN_POINT('',(-250.,0.,0.));
#2814 = VECTOR('',#2815,1.);
#2815 = DIRECTION('',(0.,1.,0.));
#2816 = ORIENTED_EDGE('',*,*,#2817,.T.);
#2817 = EDGE_CURVE('',#2810,#2818,#2820,.T.);
#2818 = VERTEX_POINT('',#2819);
#2819 = CARTESIAN_POINT('',(-250.,-16.5,0.));
#2820 = LINE('',#2821,#2822);
#2821 = CARTESIAN_POINT('',(-250.,-16.5,0.));
#2822 = VECTOR('',#2823,1.);
#2823 = DIRECTION('',(-0.,-1.,-0.));
#2824 = ORIENTED_EDGE('',*,*,#2825,.T.);
#2825 = EDGE_CURVE('',#2818,#2496,#2826,.T.);
#2826 = LINE('',#2827,#2828);
#2827 = CARTESIAN_POINT('',(-250.,-16.5,0.));
#2828 = VECTOR('',#2829,1.);
#2829 = DIRECTION('',(1.,0.,0.));
#2830 = FACE_BOUND('',#2831,.T.);
#2831 = EDGE_LOOP('',(#2832,#2833,#2834,#2835));
#2832 = ORIENTED_EDGE('',*,*,#2226,.F.);
#2833 = ORIENTED_EDGE('',*,*,#2138,.F.);
#2834 = ORIENTED_EDGE('',*,*,#2171,.F.);
#2835 = ORIENTED_EDGE('',*,*,#2202,.F.);
#2836 = FACE_BOUND('',#2837,.T.);
#2837 = EDGE_LOOP('',(#2838,#2839,#2840,#2841));
#2838 = ORIENTED_EDGE('',*,*,#2098,.F.);
#2839 = ORIENTED_EDGE('',*,*,#2010,.F.);
#2840 = ORIENTED_EDGE('',*,*,#2043,.F.);
#2841 = ORIENTED_EDGE('',*,*,#2074,.F.);
#2842 = FACE_BOUND('',#2843,.T.);
#2843 = EDGE_LOOP('',(#2844,#2845,#2846,#2847));
#2844 = ORIENTED_EDGE('',*,*,#1970,.F.);
#2845 = ORIENTED_EDGE('',*,*,#1882,.F.);
#2846 = ORIENTED_EDGE('',*,*,#1915,.F.);
#2847 = ORIENTED_EDGE('',*,*,#1946,.F.);
#2848 = FACE_BOUND('',#2849,.T.);
#2849 = EDGE_LOOP('',(#2850,#2851,#2852,#2853));
#2850 = ORIENTED_EDGE('',*,*,#1842,.F.);
#2851 = ORIENTED_EDGE('',*,*,#1754,.F.);
#2852 = ORIENTED_EDGE('',*,*,#1787,.F.);
#2853 = ORIENTED_EDGE('',*,*,#1818,.F.);
#2854 = FACE_BOUND('',#2855,.T.);
#2855 = EDGE_LOOP('',(#2856,#2857,#2858,#2859));
#2856 = ORIENTED_EDGE('',*,*,#1714,.F.);
#2857 = ORIENTED_EDGE('',*,*,#1626,.F.);
#2858 = ORIENTED_EDGE('',*,*,#1659,.F.);
#2859 = ORIENTED_EDGE('',*,*,#1690,.F.);
#2860 = FACE_BOUND('',#2861,.T.);
#2861 = EDGE_LOOP('',(#2862,#2863,#2864,#2865));
#2862 = ORIENTED_EDGE('',*,*,#1586,.F.);
#2863 = ORIENTED_EDGE('',*,*,#1498,.F.);
#2864 = ORIENTED_EDGE('',*,*,#1531,.F.);
#2865 = ORIENTED_EDGE('',*,*,#1562,.F.);
#2866 = FACE_BOUND('',#2867,.T.);
#2867 = EDGE_LOOP('',(#2868,#2869,#2870,#2871));
#2868 = ORIENTED_EDGE('',*,*,#1458,.F.);
#2869 = ORIENTED_EDGE('',*,*,#1370,.F.);
#2870 = ORIENTED_EDGE('',*,*,#1403,.F.);
#2871 = ORIENTED_EDGE('',*,*,#1434,.F.);
#2872 = FACE_BOUND('',#2873,.T.);
#2873 = EDGE_LOOP('',(#2874,#2875,#2876,#2877));
#2874 = ORIENTED_EDGE('',*,*,#1330,.F.);
#2875 = ORIENTED_EDGE('',*,*,#1242,.F.);
#2876 = ORIENTED_EDGE('',*,*,#1275,.F.);
#2877 = ORIENTED_EDGE('',*,*,#1306,.F.);
#2878 = FACE_BOUND('',#2879,.T.);
#2879 = EDGE_LOOP('',(#2880,#2881,#2882,#2883));
#2880 = ORIENTED_EDGE('',*,*,#1202,.F.);
#2881 = ORIENTED_EDGE('',*,*,#1114,.F.);
#2882 = ORIENTED_EDGE('',*,*,#1147,.F.);
#2883 = ORIENTED_EDGE('',*,*,#1178,.F.);
#2884 = FACE_BOUND('',#2885,.T.);
#2885 = EDGE_LOOP('',(#2886,#2887,#2888,#2889));
#2886 = ORIENTED_EDGE('',*,*,#1074,.F.);
#2887 = ORIENTED_EDGE('',*,*,#986,.F.);
#2888 = ORIENTED_EDGE('',*,*,#1019,.F.);
#2889 = ORIENTED_EDGE('',*,*,#1050,.F.);
#2890 = FACE_BOUND('',#2891,.T.);
#2891 = EDGE_LOOP('',(#2892,#2893,#2894,#2895));
#2892 = ORIENTED_EDGE('',*,*,#946,.F.);
#2893 = ORIENTED_EDGE('',*,*,#858,.F.);
#2894 = ORIENTED_EDGE('',*,*,#891,.F.);
#2895 = ORIENTED_EDGE('',*,*,#922,.F.);
#2896 = FACE_BOUND('',#2897,.T.);
#2897 = EDGE_LOOP('',(#2898,#2899,#2900,#2901));
#2898 = ORIENTED_EDGE('',*,*,#818,.F.);
#2899 = ORIENTED_EDGE('',*,*,#730,.F.);
#2900 = ORIENTED_EDGE('',*,*,#763,.F.);
#2901 = ORIENTED_EDGE('',*,*,#794,.F.);
#2902 = FACE_BOUND('',#2903,.T.);
#2903 = EDGE_LOOP('',(#2904,#2905,#2906,#2907));
#2904 = ORIENTED_EDGE('',*,*,#690,.F.);
#2905 = ORIENTED_EDGE('',*,*,#602,.F.);
#2906 = ORIENTED_EDGE('',*,*,#635,.F.);
#2907 = ORIENTED_EDGE('',*,*,#666,.F.);
#2908 = FACE_BOUND('',#2909,.T.);
#2909 = EDGE_LOOP('',(#2910,#2911,#2912,#2913));
#2910 = ORIENTED_EDGE('',*,*,#562,.F.);
#2911 = ORIENTED_EDGE('',*,*,#474,.F.);
#2912 = ORIENTED_EDGE('',*,*,#507,.F.);
#2913 = ORIENTED_EDGE('',*,*,#538,.F.);
#2914 = FACE_BOUND('',#2915,.T.);
#2915 = EDGE_LOOP('',(#2916,#2917,#2918,#2919));
#2916 = ORIENTED_EDGE('',*,*,#434,.F.);
#2917 = ORIENTED_EDGE('',*,*,#346,.F.);
#2918 = ORIENTED_EDGE('',*,*,#379,.F.);
#2919 = ORIENTED_EDGE('',*,*,#410,.F.);
#2920 = FACE_BOUND('',#2921,.T.);
#2921 = EDGE_LOOP('',(#2922,#2923,#2924,#2925));
#2922 = ORIENTED_EDGE('',*,*,#306,.F.);
#2923 = ORIENTED_EDGE('',*,*,#218,.F.);
#2924 = ORIENTED_EDGE('',*,*,#251,.F.);
#2925 = ORIENTED_EDGE('',*,*,#282,.F.);
#2926 = FACE_BOUND('',#2927,.T.);
#2927 = EDGE_LOOP('',(#2928,#2929,#2930,#2931));
#2928 = ORIENTED_EDGE('',*,*,#178,.F.);
#2929 = ORIENTED_EDGE('',*,*,#90,.F.);
#2930 = ORIENTED_EDGE('',*,*,#123,.F.);
#2931 = ORIENTED_EDGE('',*,*,#154,.F.);
#2932 = PLANE('',#2933);
#2933 = AXIS2_PLACEMENT_3D('',#2934,#2935,#2936);
#2934 = CARTESIAN_POINT('',(0.,0.,0.));
#2935 = DIRECTION('',(0.,0.,-1.));
#2936 = DIRECTION('',(-1.,0.,-0.));
#2937 = ADVANCED_FACE('',(#2938),#2949,.T.);
#2938 = FACE_BOUND('',#2939,.T.);
#2939 = EDGE_LOOP('',(#2940,#2941,#2947,#2948));
#2940 = ORIENTED_EDGE('',*,*,#2825,.F.);
#2941 = ORIENTED_EDGE('',*,*,#2942,.F.);
#2942 = EDGE_CURVE('',#2592,#2818,#2943,.T.);
#2943 = LINE('',#2944,#2945);
#2944 = CARTESIAN_POINT('',(-250.,-16.5,-3.));
#2945 = VECTOR('',#2946,1.);
#2946 = DIRECTION('',(0.,0.,1.));
#2947 = ORIENTED_EDGE('',*,*,#2613,.T.);
#2948 = ORIENTED_EDGE('',*,*,#2503,.T.);
#2949 = PLANE('',#2950);
#2950 = AXIS2_PLACEMENT_3D('',#2951,#2952,#2953);
#2951 = CARTESIAN_POINT('',(-250.,-16.5,-3.));
#2952 = DIRECTION('',(0.,-1.,0.));
#2953 = DIRECTION('',(0.,-0.,-1.));
#2954 = ADVANCED_FACE('',(#2955),#2966,.T.);
#2955 = FACE_BOUND('',#2956,.T.);
#2956 = EDGE_LOOP('',(#2957,#2963,#2964,#2965));
#2957 = ORIENTED_EDGE('',*,*,#2958,.F.);
#2958 = EDGE_CURVE('',#2590,#2810,#2959,.T.);
#2959 = LINE('',#2960,#2961);
#2960 = CARTESIAN_POINT('',(-250.,12.9,-3.));
#2961 = VECTOR('',#2962,1.);
#2962 = DIRECTION('',(0.,0.,1.));
#2963 = ORIENTED_EDGE('',*,*,#2589,.T.);
#2964 = ORIENTED_EDGE('',*,*,#2942,.T.);
#2965 = ORIENTED_EDGE('',*,*,#2817,.F.);
#2966 = PLANE('',#2967);
#2967 = AXIS2_PLACEMENT_3D('',#2968,#2969,#2970);
#2968 = CARTESIAN_POINT('',(-250.,-16.5,-3.));
#2969 = DIRECTION('',(-1.,0.,0.));
#2970 = DIRECTION('',(0.,0.,1.));
#2971 = ADVANCED_FACE('',(#2972),#2985,.T.);
#2972 = FACE_BOUND('',#2973,.T.);
#2973 = EDGE_LOOP('',(#2974,#2980,#2981,#2982,#2983,#2984));
#2974 = ORIENTED_EDGE('',*,*,#2975,.F.);
#2975 = EDGE_CURVE('',#2426,#2298,#2976,.T.);
#2976 = LINE('',#2977,#2978);
#2977 = CARTESIAN_POINT('',(-250.,16.5,-3.6));
#2978 = VECTOR('',#2979,1.);
#2979 = DIRECTION('',(0.,1.,3.391901413833E-15));
#2980 = ORIENTED_EDGE('',*,*,#2425,.T.);
#2981 = ORIENTED_EDGE('',*,*,#2599,.F.);
#2982 = ORIENTED_EDGE('',*,*,#2958,.T.);
#2983 = ORIENTED_EDGE('',*,*,#2809,.T.);
#2984 = ORIENTED_EDGE('',*,*,#2305,.F.);
#2985 = PLANE('',#2986);
#2986 = AXIS2_PLACEMENT_3D('',#2987,#2988,#2989);
#2987 = CARTESIAN_POINT('',(-250.,12.9,-3.6));
#2988 = DIRECTION('',(-1.,0.,-0.));
#2989 = DIRECTION('',(0.,0.,1.));
#2990 = ADVANCED_FACE('',(#2991),#3004,.F.);
#2991 = FACE_BOUND('',#2992,.T.);
#2992 = EDGE_LOOP('',(#2993,#2994,#2995,#3001,#3002,#3003));
#2993 = ORIENTED_EDGE('',*,*,#2606,.T.);
#2994 = ORIENTED_EDGE('',*,*,#2409,.F.);
#2995 = ORIENTED_EDGE('',*,*,#2996,.T.);
#2996 = EDGE_CURVE('',#2402,#2322,#2997,.T.);
#2997 = LINE('',#2998,#2999);
#2998 = CARTESIAN_POINT('',(250.,13.5,-3.6));
#2999 = VECTOR('',#3000,1.);
#3000 = DIRECTION('',(-6.552615706294E-31,1.,3.391901413833E-15));
#3001 = ORIENTED_EDGE('',*,*,#2321,.T.);
#3002 = ORIENTED_EDGE('',*,*,#2802,.F.);
#3003 = ORIENTED_EDGE('',*,*,#2487,.F.);
#3004 = PLANE('',#3005);
#3005 = AXIS2_PLACEMENT_3D('',#3006,#3007,#3008);
#3006 = CARTESIAN_POINT('',(250.,12.9,-3.6));
#3007 = DIRECTION('',(-1.,0.,-0.));
#3008 = DIRECTION('',(0.,0.,1.));
#3009 = ADVANCED_FACE('',(#3010),#3021,.T.);
#3010 = FACE_BOUND('',#3011,.T.);
#3011 = EDGE_LOOP('',(#3012,#3013,#3014,#3015));
#3012 = ORIENTED_EDGE('',*,*,#2329,.T.);
#3013 = ORIENTED_EDGE('',*,*,#2996,.F.);
#3014 = ORIENTED_EDGE('',*,*,#2401,.F.);
#3015 = ORIENTED_EDGE('',*,*,#3016,.F.);
#3016 = EDGE_CURVE('',#2330,#2394,#3017,.T.);
#3017 = LINE('',#3018,#3019);
#3018 = CARTESIAN_POINT('',(250.,16.5,-7.218007376454));
#3019 = VECTOR('',#3020,1.);
#3020 = DIRECTION('',(6.631086458242E-45,-1.,-3.491481338843E-15));
#3021 = PLANE('',#3022);
#3022 = AXIS2_PLACEMENT_3D('',#3023,#3024,#3025);
#3023 = CARTESIAN_POINT('',(250.,16.5,-3.));
#3024 = DIRECTION('',(1.,2.29748470455E-29,-6.580257723247E-15));
#3025 = DIRECTION('',(-6.580257723247E-15,0.,-1.));
#3026 = ADVANCED_FACE('',(#3027),#3038,.T.);
#3027 = FACE_BOUND('',#3028,.T.);
#3028 = EDGE_LOOP('',(#3029,#3030,#3031,#3032));
#3029 = ORIENTED_EDGE('',*,*,#2433,.F.);
#3030 = ORIENTED_EDGE('',*,*,#2975,.T.);
#3031 = ORIENTED_EDGE('',*,*,#2297,.T.);
#3032 = ORIENTED_EDGE('',*,*,#3033,.T.);
#3033 = EDGE_CURVE('',#2290,#2434,#3034,.T.);
#3034 = LINE('',#3035,#3036);
#3035 = CARTESIAN_POINT('',(-250.,16.5,-7.218007376454));
#3036 = VECTOR('',#3037,1.);
#3037 = DIRECTION('',(-0.,-1.,-3.491481338843E-15));
#3038 = PLANE('',#3039);
#3039 = AXIS2_PLACEMENT_3D('',#3040,#3041,#3042);
#3040 = CARTESIAN_POINT('',(-250.,16.5,-3.));
#3041 = DIRECTION('',(-1.,0.,-0.));
#3042 = DIRECTION('',(0.,0.,1.));
#3043 = ADVANCED_FACE('',(#3044),#3050,.T.);
#3044 = FACE_BOUND('',#3045,.T.);
#3045 = EDGE_LOOP('',(#3046,#3047,#3048,#3049));
#3046 = ORIENTED_EDGE('',*,*,#2393,.F.);
#3047 = ORIENTED_EDGE('',*,*,#2463,.F.);
#3048 = ORIENTED_EDGE('',*,*,#2337,.T.);
#3049 = ORIENTED_EDGE('',*,*,#3016,.T.);
#3050 = PLANE('',#3051);
#3051 = AXIS2_PLACEMENT_3D('',#3052,#3053,#3054);
#3052 = CARTESIAN_POINT('',(250.,16.5,-7.218007376454));
#3053 = DIRECTION('',(0.642787609687,-2.674629877874E-15,0.766044443119)
  );
#3054 = DIRECTION('',(0.766044443119,0.,-0.642787609687));
#3055 = ADVANCED_FACE('',(#3056),#3072,.T.);
#3056 = FACE_BOUND('',#3057,.T.);
#3057 = EDGE_LOOP('',(#3058,#3064,#3065,#3071));
#3058 = ORIENTED_EDGE('',*,*,#3059,.F.);
#3059 = EDGE_CURVE('',#2354,#2274,#3060,.T.);
#3060 = LINE('',#3061,#3062);
#3061 = CARTESIAN_POINT('',(-270.,13.5,-32.4));
#3062 = VECTOR('',#3063,1.);
#3063 = DIRECTION('',(-3.700743415417E-13,1.,0.));
#3064 = ORIENTED_EDGE('',*,*,#2351,.F.);
#3065 = ORIENTED_EDGE('',*,*,#3066,.F.);
#3066 = EDGE_CURVE('',#2282,#2352,#3067,.T.);
#3067 = LINE('',#3068,#3069);
#3068 = CARTESIAN_POINT('',(-270.,16.5,-24.));
#3069 = VECTOR('',#3070,1.);
#3070 = DIRECTION('',(0.,-1.,-3.491481338843E-15));
#3071 = ORIENTED_EDGE('',*,*,#2281,.T.);
#3072 = PLANE('',#3073);
#3073 = AXIS2_PLACEMENT_3D('',#3074,#3075,#3076);
#3074 = CARTESIAN_POINT('',(-270.,16.5,-24.));
#3075 = DIRECTION('',(-1.,0.,-0.));
#3076 = DIRECTION('',(0.,0.,1.));
#3077 = ADVANCED_FACE('',(#3078),#3084,.T.);
#3078 = FACE_BOUND('',#3079,.T.);
#3079 = EDGE_LOOP('',(#3080,#3081,#3082,#3083));
#3080 = ORIENTED_EDGE('',*,*,#2441,.F.);
#3081 = ORIENTED_EDGE('',*,*,#3033,.F.);
#3082 = ORIENTED_EDGE('',*,*,#2289,.T.);
#3083 = ORIENTED_EDGE('',*,*,#3066,.T.);
#3084 = PLANE('',#3085);
#3085 = AXIS2_PLACEMENT_3D('',#3086,#3087,#3088);
#3086 = CARTESIAN_POINT('',(-250.,16.5,-7.218007376454));
#3087 = DIRECTION('',(-0.642787609687,-2.674629877874E-15,0.766044443119
    ));
#3088 = DIRECTION('',(0.766044443119,0.,0.642787609687));
#3089 = ADVANCED_FACE('',(#3090),#3117,.T.);
#3090 = FACE_BOUND('',#3091,.T.);
#3091 = EDGE_LOOP('',(#3092,#3102,#3108,#3109,#3110,#3111));
#3092 = ORIENTED_EDGE('',*,*,#3093,.F.);
#3093 = EDGE_CURVE('',#3094,#3096,#3098,.T.);
#3094 = VERTEX_POINT('',#3095);
#3095 = CARTESIAN_POINT('',(-270.,12.9,-33.));
#3096 = VERTEX_POINT('',#3097);
#3097 = CARTESIAN_POINT('',(-269.9999999999,12.9,-36.));
#3098 = LINE('',#3099,#3100);
#3099 = CARTESIAN_POINT('',(-270.,12.9,-36.));
#3100 = VECTOR('',#3101,1.);
#3101 = DIRECTION('',(0.,6.982962677686E-15,-1.));
#3102 = ORIENTED_EDGE('',*,*,#3103,.T.);
#3103 = EDGE_CURVE('',#3094,#2362,#3104,.T.);
#3104 = LINE('',#3105,#3106);
#3105 = CARTESIAN_POINT('',(-270.,2.3512594433E-13,-33.));
#3106 = VECTOR('',#3107,1.);
#3107 = DIRECTION('',(0.,1.,6.805453636524E-15));
#3108 = ORIENTED_EDGE('',*,*,#2361,.F.);
#3109 = ORIENTED_EDGE('',*,*,#3059,.T.);
#3110 = ORIENTED_EDGE('',*,*,#2273,.T.);
#3111 = ORIENTED_EDGE('',*,*,#3112,.F.);
#3112 = EDGE_CURVE('',#3096,#2266,#3113,.T.);
#3113 = LINE('',#3114,#3115);
#3114 = CARTESIAN_POINT('',(-270.,12.9,-36.));
#3115 = VECTOR('',#3116,1.);
#3116 = DIRECTION('',(-0.,1.,6.805453636524E-15));
#3117 = PLANE('',#3118);
#3118 = AXIS2_PLACEMENT_3D('',#3119,#3120,#3121);
#3119 = CARTESIAN_POINT('',(-270.,12.9,-32.4));
#3120 = DIRECTION('',(-1.,0.,0.));
#3121 = DIRECTION('',(0.,0.,1.));
#3122 = ADVANCED_FACE('',(#3123),#3150,.F.);
#3123 = FACE_BOUND('',#3124,.T.);
#3124 = EDGE_LOOP('',(#3125,#3126,#3134,#3142,#3148,#3149));
#3125 = ORIENTED_EDGE('',*,*,#2377,.T.);
#3126 = ORIENTED_EDGE('',*,*,#3127,.F.);
#3127 = EDGE_CURVE('',#3128,#2370,#3130,.T.);
#3128 = VERTEX_POINT('',#3129);
#3129 = CARTESIAN_POINT('',(270.,12.9,-33.));
#3130 = LINE('',#3131,#3132);
#3131 = CARTESIAN_POINT('',(270.,12.9,-33.));
#3132 = VECTOR('',#3133,1.);
#3133 = DIRECTION('',(-0.,1.,6.805453636524E-15));
#3134 = ORIENTED_EDGE('',*,*,#3135,.T.);
#3135 = EDGE_CURVE('',#3128,#3136,#3138,.T.);
#3136 = VERTEX_POINT('',#3137);
#3137 = CARTESIAN_POINT('',(270.,12.9,-36.));
#3138 = LINE('',#3139,#3140);
#3139 = CARTESIAN_POINT('',(270.,12.9,-33.));
#3140 = VECTOR('',#3141,1.);
#3141 = DIRECTION('',(0.,6.982962677686E-15,-1.));
#3142 = ORIENTED_EDGE('',*,*,#3143,.T.);
#3143 = EDGE_CURVE('',#3136,#2258,#3144,.T.);
#3144 = LINE('',#3145,#3146);
#3145 = CARTESIAN_POINT('',(270.,2.554707749314E-13,-36.));
#3146 = VECTOR('',#3147,1.);
#3147 = DIRECTION('',(0.,1.,6.805453636524E-15));
#3148 = ORIENTED_EDGE('',*,*,#2257,.F.);
#3149 = ORIENTED_EDGE('',*,*,#2456,.F.);
#3150 = PLANE('',#3151);
#3151 = AXIS2_PLACEMENT_3D('',#3152,#3153,#3154);
#3152 = CARTESIAN_POINT('',(270.,12.9,-32.4));
#3153 = DIRECTION('',(-1.,0.,0.));
#3154 = DIRECTION('',(0.,0.,1.));
#3155 = ADVANCED_FACE('',(#3156),#3181,.T.);
#3156 = FACE_BOUND('',#3157,.T.);
#3157 = EDGE_LOOP('',(#3158,#3166,#3167,#3175));
#3158 = ORIENTED_EDGE('',*,*,#3159,.T.);
#3159 = EDGE_CURVE('',#3160,#3136,#3162,.T.);
#3160 = VERTEX_POINT('',#3161);
#3161 = CARTESIAN_POINT('',(270.,-38.5,-36.));
#3162 = LINE('',#3163,#3164);
#3163 = CARTESIAN_POINT('',(270.,13.5,-36.));
#3164 = VECTOR('',#3165,1.);
#3165 = DIRECTION('',(-0.,1.,6.805453636524E-15));
#3166 = ORIENTED_EDGE('',*,*,#3135,.F.);
#3167 = ORIENTED_EDGE('',*,*,#3168,.F.);
#3168 = EDGE_CURVE('',#3169,#3128,#3171,.T.);
#3169 = VERTEX_POINT('',#3170);
#3170 = CARTESIAN_POINT('',(270.,-38.5,-33.));
#3171 = LINE('',#3172,#3173);
#3172 = CARTESIAN_POINT('',(270.,2.3512594433E-13,-33.));
#3173 = VECTOR('',#3174,1.);
#3174 = DIRECTION('',(-0.,1.,6.805453636524E-15));
#3175 = ORIENTED_EDGE('',*,*,#3176,.F.);
#3176 = EDGE_CURVE('',#3160,#3169,#3177,.T.);
#3177 = LINE('',#3178,#3179);
#3178 = CARTESIAN_POINT('',(270.,-38.5,-36.));
#3179 = VECTOR('',#3180,1.);
#3180 = DIRECTION('',(0.,-6.781610200467E-15,1.));
#3181 = PLANE('',#3182);
#3182 = AXIS2_PLACEMENT_3D('',#3183,#3184,#3185);
#3183 = CARTESIAN_POINT('',(270.,13.5,-36.));
#3184 = DIRECTION('',(1.,0.,0.));
#3185 = DIRECTION('',(0.,0.,-1.));
#3186 = ADVANCED_FACE('',(#3187),#3212,.T.);
#3187 = FACE_BOUND('',#3188,.T.);
#3188 = EDGE_LOOP('',(#3189,#3197,#3198,#3206));
#3189 = ORIENTED_EDGE('',*,*,#3190,.F.);
#3190 = EDGE_CURVE('',#3094,#3191,#3193,.T.);
#3191 = VERTEX_POINT('',#3192);
#3192 = CARTESIAN_POINT('',(-270.,-38.5,-33.));
#3193 = LINE('',#3194,#3195);
#3194 = CARTESIAN_POINT('',(-270.,2.3512594433E-13,-33.));
#3195 = VECTOR('',#3196,1.);
#3196 = DIRECTION('',(-0.,-1.,-6.805453636524E-15));
#3197 = ORIENTED_EDGE('',*,*,#3093,.T.);
#3198 = ORIENTED_EDGE('',*,*,#3199,.T.);
#3199 = EDGE_CURVE('',#3096,#3200,#3202,.T.);
#3200 = VERTEX_POINT('',#3201);
#3201 = CARTESIAN_POINT('',(-270.,-38.5,-36.));
#3202 = LINE('',#3203,#3204);
#3203 = CARTESIAN_POINT('',(-270.,-38.5,-36.));
#3204 = VECTOR('',#3205,1.);
#3205 = DIRECTION('',(0.,-1.,-6.805453636524E-15));
#3206 = ORIENTED_EDGE('',*,*,#3207,.T.);
#3207 = EDGE_CURVE('',#3200,#3191,#3208,.T.);
#3208 = LINE('',#3209,#3210);
#3209 = CARTESIAN_POINT('',(-270.,-38.5,-36.));
#3210 = VECTOR('',#3211,1.);
#3211 = DIRECTION('',(0.,-6.781610200467E-15,1.));
#3212 = PLANE('',#3213);
#3213 = AXIS2_PLACEMENT_3D('',#3214,#3215,#3216);
#3214 = CARTESIAN_POINT('',(-270.,-38.5,-36.));
#3215 = DIRECTION('',(-1.,0.,0.));
#3216 = DIRECTION('',(0.,0.,1.));
#3217 = ADVANCED_FACE('',(#3218,#3254,#3290,#3326,#3362),#3375,.T.);
#3218 = FACE_BOUND('',#3219,.T.);
#3219 = EDGE_LOOP('',(#3220,#3231,#3239,#3248));
#3220 = ORIENTED_EDGE('',*,*,#3221,.F.);
#3221 = EDGE_CURVE('',#3222,#3224,#3226,.T.);
#3222 = VERTEX_POINT('',#3223);
#3223 = CARTESIAN_POINT('',(259.,-23.,-36.));
#3224 = VERTEX_POINT('',#3225);
#3225 = CARTESIAN_POINT('',(266.,-23.,-36.));
#3226 = CIRCLE('',#3227,3.5);
#3227 = AXIS2_PLACEMENT_3D('',#3228,#3229,#3230);
#3228 = CARTESIAN_POINT('',(262.5,-23.,-36.));
#3229 = DIRECTION('',(0.,6.805453636524E-15,-1.));
#3230 = DIRECTION('',(0.,1.,6.805453636524E-15));
#3231 = ORIENTED_EDGE('',*,*,#3232,.F.);
#3232 = EDGE_CURVE('',#3233,#3222,#3235,.T.);
#3233 = VERTEX_POINT('',#3234);
#3234 = CARTESIAN_POINT('',(259.,-32.,-36.));
#3235 = LINE('',#3236,#3237);
#3236 = CARTESIAN_POINT('',(259.,2.554707749314E-13,-36.));
#3237 = VECTOR('',#3238,1.);
#3238 = DIRECTION('',(0.,1.,6.805453636524E-15));
#3239 = ORIENTED_EDGE('',*,*,#3240,.F.);
#3240 = EDGE_CURVE('',#3241,#3233,#3243,.T.);
#3241 = VERTEX_POINT('',#3242);
#3242 = CARTESIAN_POINT('',(266.,-32.,-36.));
#3243 = CIRCLE('',#3244,3.5);
#3244 = AXIS2_PLACEMENT_3D('',#3245,#3246,#3247);
#3245 = CARTESIAN_POINT('',(262.5,-32.,-36.));
#3246 = DIRECTION('',(0.,6.805453636524E-15,-1.));
#3247 = DIRECTION('',(0.,1.,6.805453636524E-15));
#3248 = ORIENTED_EDGE('',*,*,#3249,.F.);
#3249 = EDGE_CURVE('',#3224,#3241,#3250,.T.);
#3250 = LINE('',#3251,#3252);
#3251 = CARTESIAN_POINT('',(266.,2.554707749314E-13,-36.));
#3252 = VECTOR('',#3253,1.);
#3253 = DIRECTION('',(0.,-1.,-6.805453636524E-15));
#3254 = FACE_BOUND('',#3255,.T.);
#3255 = EDGE_LOOP('',(#3256,#3267,#3275,#3284));
#3256 = ORIENTED_EDGE('',*,*,#3257,.F.);
#3257 = EDGE_CURVE('',#3258,#3260,#3262,.T.);
#3258 = VERTEX_POINT('',#3259);
#3259 = CARTESIAN_POINT('',(-266.,-23.,-36.));
#3260 = VERTEX_POINT('',#3261);
#3261 = CARTESIAN_POINT('',(-259.,-23.,-36.));
#3262 = CIRCLE('',#3263,3.5);
#3263 = AXIS2_PLACEMENT_3D('',#3264,#3265,#3266);
#3264 = CARTESIAN_POINT('',(-262.5,-23.,-36.));
#3265 = DIRECTION('',(0.,6.805453636524E-15,-1.));
#3266 = DIRECTION('',(0.,1.,6.805453636524E-15));
#3267 = ORIENTED_EDGE('',*,*,#3268,.F.);
#3268 = EDGE_CURVE('',#3269,#3258,#3271,.T.);
#3269 = VERTEX_POINT('',#3270);
#3270 = CARTESIAN_POINT('',(-266.,-32.,-36.));
#3271 = LINE('',#3272,#3273);
#3272 = CARTESIAN_POINT('',(-266.,2.554707749314E-13,-36.));
#3273 = VECTOR('',#3274,1.);
#3274 = DIRECTION('',(0.,1.,6.805453636524E-15));
#3275 = ORIENTED_EDGE('',*,*,#3276,.F.);
#3276 = EDGE_CURVE('',#3277,#3269,#3279,.T.);
#3277 = VERTEX_POINT('',#3278);
#3278 = CARTESIAN_POINT('',(-259.,-32.,-36.));
#3279 = CIRCLE('',#3280,3.5);
#3280 = AXIS2_PLACEMENT_3D('',#3281,#3282,#3283);
#3281 = CARTESIAN_POINT('',(-262.5,-32.,-36.));
#3282 = DIRECTION('',(0.,6.805453636524E-15,-1.));
#3283 = DIRECTION('',(0.,1.,6.805453636524E-15));
#3284 = ORIENTED_EDGE('',*,*,#3285,.F.);
#3285 = EDGE_CURVE('',#3260,#3277,#3286,.T.);
#3286 = LINE('',#3287,#3288);
#3287 = CARTESIAN_POINT('',(-259.,2.554707749314E-13,-36.));
#3288 = VECTOR('',#3289,1.);
#3289 = DIRECTION('',(0.,-1.,-6.805453636524E-15));
#3290 = FACE_BOUND('',#3291,.T.);
#3291 = EDGE_LOOP('',(#3292,#3303,#3311,#3320));
#3292 = ORIENTED_EDGE('',*,*,#3293,.F.);
#3293 = EDGE_CURVE('',#3294,#3296,#3298,.T.);
#3294 = VERTEX_POINT('',#3295);
#3295 = CARTESIAN_POINT('',(259.,2.,-36.));
#3296 = VERTEX_POINT('',#3297);
#3297 = CARTESIAN_POINT('',(266.,2.,-36.));
#3298 = CIRCLE('',#3299,3.5);
#3299 = AXIS2_PLACEMENT_3D('',#3300,#3301,#3302);
#3300 = CARTESIAN_POINT('',(262.5,2.,-36.));
#3301 = DIRECTION('',(0.,6.805453636524E-15,-1.));
#3302 = DIRECTION('',(0.,1.,6.805453636524E-15));
#3303 = ORIENTED_EDGE('',*,*,#3304,.F.);
#3304 = EDGE_CURVE('',#3305,#3294,#3307,.T.);
#3305 = VERTEX_POINT('',#3306);
#3306 = CARTESIAN_POINT('',(259.,-7.,-36.));
#3307 = LINE('',#3308,#3309);
#3308 = CARTESIAN_POINT('',(259.,2.554707749314E-13,-36.));
#3309 = VECTOR('',#3310,1.);
#3310 = DIRECTION('',(0.,1.,6.805453636524E-15));
#3311 = ORIENTED_EDGE('',*,*,#3312,.F.);
#3312 = EDGE_CURVE('',#3313,#3305,#3315,.T.);
#3313 = VERTEX_POINT('',#3314);
#3314 = CARTESIAN_POINT('',(266.,-7.,-36.));
#3315 = CIRCLE('',#3316,3.5);
#3316 = AXIS2_PLACEMENT_3D('',#3317,#3318,#3319);
#3317 = CARTESIAN_POINT('',(262.5,-7.,-36.));
#3318 = DIRECTION('',(0.,6.805453636524E-15,-1.));
#3319 = DIRECTION('',(0.,1.,6.805453636524E-15));
#3320 = ORIENTED_EDGE('',*,*,#3321,.F.);
#3321 = EDGE_CURVE('',#3296,#3313,#3322,.T.);
#3322 = LINE('',#3323,#3324);
#3323 = CARTESIAN_POINT('',(266.,2.554707749314E-13,-36.));
#3324 = VECTOR('',#3325,1.);
#3325 = DIRECTION('',(0.,-1.,-6.805453636524E-15));
#3326 = FACE_BOUND('',#3327,.T.);
#3327 = EDGE_LOOP('',(#3328,#3339,#3347,#3356));
#3328 = ORIENTED_EDGE('',*,*,#3329,.F.);
#3329 = EDGE_CURVE('',#3330,#3332,#3334,.T.);
#3330 = VERTEX_POINT('',#3331);
#3331 = CARTESIAN_POINT('',(-266.,2.,-36.));
#3332 = VERTEX_POINT('',#3333);
#3333 = CARTESIAN_POINT('',(-259.,2.,-36.));
#3334 = CIRCLE('',#3335,3.5);
#3335 = AXIS2_PLACEMENT_3D('',#3336,#3337,#3338);
#3336 = CARTESIAN_POINT('',(-262.5,2.,-36.));
#3337 = DIRECTION('',(0.,6.805453636524E-15,-1.));
#3338 = DIRECTION('',(0.,1.,6.805453636524E-15));
#3339 = ORIENTED_EDGE('',*,*,#3340,.F.);
#3340 = EDGE_CURVE('',#3341,#3330,#3343,.T.);
#3341 = VERTEX_POINT('',#3342);
#3342 = CARTESIAN_POINT('',(-266.,-7.,-36.));
#3343 = LINE('',#3344,#3345);
#3344 = CARTESIAN_POINT('',(-266.,2.554707749314E-13,-36.));
#3345 = VECTOR('',#3346,1.);
#3346 = DIRECTION('',(0.,1.,6.805453636524E-15));
#3347 = ORIENTED_EDGE('',*,*,#3348,.F.);
#3348 = EDGE_CURVE('',#3349,#3341,#3351,.T.);
#3349 = VERTEX_POINT('',#3350);
#3350 = CARTESIAN_POINT('',(-259.,-7.,-36.));
#3351 = CIRCLE('',#3352,3.5);
#3352 = AXIS2_PLACEMENT_3D('',#3353,#3354,#3355);
#3353 = CARTESIAN_POINT('',(-262.5,-7.,-36.));
#3354 = DIRECTION('',(0.,6.805453636524E-15,-1.));
#3355 = DIRECTION('',(0.,1.,6.805453636524E-15));
#3356 = ORIENTED_EDGE('',*,*,#3357,.F.);
#3357 = EDGE_CURVE('',#3332,#3349,#3358,.T.);
#3358 = LINE('',#3359,#3360);
#3359 = CARTESIAN_POINT('',(-259.,2.554707749314E-13,-36.));
#3360 = VECTOR('',#3361,1.);
#3361 = DIRECTION('',(0.,-1.,-6.805453636524E-15));
#3362 = FACE_BOUND('',#3363,.T.);
#3363 = EDGE_LOOP('',(#3364,#3365,#3366,#3367,#3368,#3369));
#3364 = ORIENTED_EDGE('',*,*,#3199,.F.);
#3365 = ORIENTED_EDGE('',*,*,#3112,.T.);
#3366 = ORIENTED_EDGE('',*,*,#2265,.T.);
#3367 = ORIENTED_EDGE('',*,*,#3143,.F.);
#3368 = ORIENTED_EDGE('',*,*,#3159,.F.);
#3369 = ORIENTED_EDGE('',*,*,#3370,.F.);
#3370 = EDGE_CURVE('',#3200,#3160,#3371,.T.);
#3371 = LINE('',#3372,#3373);
#3372 = CARTESIAN_POINT('',(270.,-38.5,-36.));
#3373 = VECTOR('',#3374,1.);
#3374 = DIRECTION('',(1.,0.,0.));
#3375 = PLANE('',#3376);
#3376 = AXIS2_PLACEMENT_3D('',#3377,#3378,#3379);
#3377 = CARTESIAN_POINT('',(0.,2.554707749314E-13,-36.));
#3378 = DIRECTION('',(0.,6.805453636524E-15,-1.));
#3379 = DIRECTION('',(0.,1.,6.805453636524E-15));
#3380 = ADVANCED_FACE('',(#3381,#3417,#3453,#3489,#3525),#3538,.F.);
#3381 = FACE_BOUND('',#3382,.T.);
#3382 = EDGE_LOOP('',(#3383,#3393,#3402,#3410));
#3383 = ORIENTED_EDGE('',*,*,#3384,.F.);
#3384 = EDGE_CURVE('',#3385,#3387,#3389,.T.);
#3385 = VERTEX_POINT('',#3386);
#3386 = CARTESIAN_POINT('',(259.,-23.,-33.));
#3387 = VERTEX_POINT('',#3388);
#3388 = CARTESIAN_POINT('',(259.,-32.,-33.));
#3389 = LINE('',#3390,#3391);
#3390 = CARTESIAN_POINT('',(259.,-23.,-33.));
#3391 = VECTOR('',#3392,1.);
#3392 = DIRECTION('',(0.,-1.,0.));
#3393 = ORIENTED_EDGE('',*,*,#3394,.F.);
#3394 = EDGE_CURVE('',#3395,#3385,#3397,.T.);
#3395 = VERTEX_POINT('',#3396);
#3396 = CARTESIAN_POINT('',(266.,-23.,-33.));
#3397 = CIRCLE('',#3398,3.5);
#3398 = AXIS2_PLACEMENT_3D('',#3399,#3400,#3401);
#3399 = CARTESIAN_POINT('',(262.5,-23.,-33.));
#3400 = DIRECTION('',(0.,0.,1.));
#3401 = DIRECTION('',(1.,0.,-0.));
#3402 = ORIENTED_EDGE('',*,*,#3403,.F.);
#3403 = EDGE_CURVE('',#3404,#3395,#3406,.T.);
#3404 = VERTEX_POINT('',#3405);
#3405 = CARTESIAN_POINT('',(266.,-32.,-33.));
#3406 = LINE('',#3407,#3408);
#3407 = CARTESIAN_POINT('',(266.,-23.,-33.));
#3408 = VECTOR('',#3409,1.);
#3409 = DIRECTION('',(-0.,1.,-0.));
#3410 = ORIENTED_EDGE('',*,*,#3411,.F.);
#3411 = EDGE_CURVE('',#3387,#3404,#3412,.T.);
#3412 = CIRCLE('',#3413,3.5);
#3413 = AXIS2_PLACEMENT_3D('',#3414,#3415,#3416);
#3414 = CARTESIAN_POINT('',(262.5,-32.,-33.));
#3415 = DIRECTION('',(0.,0.,1.));
#3416 = DIRECTION('',(1.,0.,-0.));
#3417 = FACE_BOUND('',#3418,.T.);
#3418 = EDGE_LOOP('',(#3419,#3429,#3438,#3446));
#3419 = ORIENTED_EDGE('',*,*,#3420,.F.);
#3420 = EDGE_CURVE('',#3421,#3423,#3425,.T.);
#3421 = VERTEX_POINT('',#3422);
#3422 = CARTESIAN_POINT('',(-266.,-23.,-33.));
#3423 = VERTEX_POINT('',#3424);
#3424 = CARTESIAN_POINT('',(-266.,-32.,-33.));
#3425 = LINE('',#3426,#3427);
#3426 = CARTESIAN_POINT('',(-266.,-23.,-33.));
#3427 = VECTOR('',#3428,1.);
#3428 = DIRECTION('',(0.,-1.,0.));
#3429 = ORIENTED_EDGE('',*,*,#3430,.F.);
#3430 = EDGE_CURVE('',#3431,#3421,#3433,.T.);
#3431 = VERTEX_POINT('',#3432);
#3432 = CARTESIAN_POINT('',(-259.,-23.,-33.));
#3433 = CIRCLE('',#3434,3.5);
#3434 = AXIS2_PLACEMENT_3D('',#3435,#3436,#3437);
#3435 = CARTESIAN_POINT('',(-262.5,-23.,-33.));
#3436 = DIRECTION('',(0.,0.,1.));
#3437 = DIRECTION('',(-1.,0.,0.));
#3438 = ORIENTED_EDGE('',*,*,#3439,.F.);
#3439 = EDGE_CURVE('',#3440,#3431,#3442,.T.);
#3440 = VERTEX_POINT('',#3441);
#3441 = CARTESIAN_POINT('',(-259.,-32.,-33.));
#3442 = LINE('',#3443,#3444);
#3443 = CARTESIAN_POINT('',(-259.,-23.,-33.));
#3444 = VECTOR('',#3445,1.);
#3445 = DIRECTION('',(-0.,1.,-0.));
#3446 = ORIENTED_EDGE('',*,*,#3447,.F.);
#3447 = EDGE_CURVE('',#3423,#3440,#3448,.T.);
#3448 = CIRCLE('',#3449,3.5);
#3449 = AXIS2_PLACEMENT_3D('',#3450,#3451,#3452);
#3450 = CARTESIAN_POINT('',(-262.5,-32.,-33.));
#3451 = DIRECTION('',(0.,0.,1.));
#3452 = DIRECTION('',(-1.,0.,0.));
#3453 = FACE_BOUND('',#3454,.T.);
#3454 = EDGE_LOOP('',(#3455,#3465,#3474,#3482));
#3455 = ORIENTED_EDGE('',*,*,#3456,.F.);
#3456 = EDGE_CURVE('',#3457,#3459,#3461,.T.);
#3457 = VERTEX_POINT('',#3458);
#3458 = CARTESIAN_POINT('',(259.,2.,-33.));
#3459 = VERTEX_POINT('',#3460);
#3460 = CARTESIAN_POINT('',(259.,-7.,-33.));
#3461 = LINE('',#3462,#3463);
#3462 = CARTESIAN_POINT('',(259.,2.,-33.));
#3463 = VECTOR('',#3464,1.);
#3464 = DIRECTION('',(0.,-1.,0.));
#3465 = ORIENTED_EDGE('',*,*,#3466,.F.);
#3466 = EDGE_CURVE('',#3467,#3457,#3469,.T.);
#3467 = VERTEX_POINT('',#3468);
#3468 = CARTESIAN_POINT('',(266.,2.,-33.));
#3469 = CIRCLE('',#3470,3.5);
#3470 = AXIS2_PLACEMENT_3D('',#3471,#3472,#3473);
#3471 = CARTESIAN_POINT('',(262.5,2.,-33.));
#3472 = DIRECTION('',(0.,0.,1.));
#3473 = DIRECTION('',(1.,0.,-0.));
#3474 = ORIENTED_EDGE('',*,*,#3475,.F.);
#3475 = EDGE_CURVE('',#3476,#3467,#3478,.T.);
#3476 = VERTEX_POINT('',#3477);
#3477 = CARTESIAN_POINT('',(266.,-7.,-33.));
#3478 = LINE('',#3479,#3480);
#3479 = CARTESIAN_POINT('',(266.,2.,-33.));
#3480 = VECTOR('',#3481,1.);
#3481 = DIRECTION('',(-0.,1.,-0.));
#3482 = ORIENTED_EDGE('',*,*,#3483,.F.);
#3483 = EDGE_CURVE('',#3459,#3476,#3484,.T.);
#3484 = CIRCLE('',#3485,3.5);
#3485 = AXIS2_PLACEMENT_3D('',#3486,#3487,#3488);
#3486 = CARTESIAN_POINT('',(262.5,-7.,-33.));
#3487 = DIRECTION('',(0.,0.,1.));
#3488 = DIRECTION('',(1.,0.,-0.));
#3489 = FACE_BOUND('',#3490,.T.);
#3490 = EDGE_LOOP('',(#3491,#3501,#3510,#3518));
#3491 = ORIENTED_EDGE('',*,*,#3492,.F.);
#3492 = EDGE_CURVE('',#3493,#3495,#3497,.T.);
#3493 = VERTEX_POINT('',#3494);
#3494 = CARTESIAN_POINT('',(-266.,2.,-33.));
#3495 = VERTEX_POINT('',#3496);
#3496 = CARTESIAN_POINT('',(-266.,-7.,-33.));
#3497 = LINE('',#3498,#3499);
#3498 = CARTESIAN_POINT('',(-266.,2.,-33.));
#3499 = VECTOR('',#3500,1.);
#3500 = DIRECTION('',(0.,-1.,0.));
#3501 = ORIENTED_EDGE('',*,*,#3502,.F.);
#3502 = EDGE_CURVE('',#3503,#3493,#3505,.T.);
#3503 = VERTEX_POINT('',#3504);
#3504 = CARTESIAN_POINT('',(-259.,2.,-33.));
#3505 = CIRCLE('',#3506,3.5);
#3506 = AXIS2_PLACEMENT_3D('',#3507,#3508,#3509);
#3507 = CARTESIAN_POINT('',(-262.5,2.,-33.));
#3508 = DIRECTION('',(0.,0.,1.));
#3509 = DIRECTION('',(-1.,0.,0.));
#3510 = ORIENTED_EDGE('',*,*,#3511,.F.);
#3511 = EDGE_CURVE('',#3512,#3503,#3514,.T.);
#3512 = VERTEX_POINT('',#3513);
#3513 = CARTESIAN_POINT('',(-259.,-7.,-33.));
#3514 = LINE('',#3515,#3516);
#3515 = CARTESIAN_POINT('',(-259.,2.,-33.));
#3516 = VECTOR('',#3517,1.);
#3517 = DIRECTION('',(-0.,1.,-0.));
#3518 = ORIENTED_EDGE('',*,*,#3519,.F.);
#3519 = EDGE_CURVE('',#3495,#3512,#3520,.T.);
#3520 = CIRCLE('',#3521,3.5);
#3521 = AXIS2_PLACEMENT_3D('',#3522,#3523,#3524);
#3522 = CARTESIAN_POINT('',(-262.5,-7.,-33.));
#3523 = DIRECTION('',(0.,0.,1.));
#3524 = DIRECTION('',(-1.,0.,0.));
#3525 = FACE_BOUND('',#3526,.T.);
#3526 = EDGE_LOOP('',(#3527,#3528,#3529,#3530,#3531,#3532));
#3527 = ORIENTED_EDGE('',*,*,#3168,.T.);
#3528 = ORIENTED_EDGE('',*,*,#3127,.T.);
#3529 = ORIENTED_EDGE('',*,*,#2369,.F.);
#3530 = ORIENTED_EDGE('',*,*,#3103,.F.);
#3531 = ORIENTED_EDGE('',*,*,#3190,.T.);
#3532 = ORIENTED_EDGE('',*,*,#3533,.T.);
#3533 = EDGE_CURVE('',#3191,#3169,#3534,.T.);
#3534 = LINE('',#3535,#3536);
#3535 = CARTESIAN_POINT('',(0.,-38.5,-33.));
#3536 = VECTOR('',#3537,1.);
#3537 = DIRECTION('',(1.,-0.,-0.));
#3538 = PLANE('',#3539);
#3539 = AXIS2_PLACEMENT_3D('',#3540,#3541,#3542);
#3540 = CARTESIAN_POINT('',(0.,2.3512594433E-13,-33.));
#3541 = DIRECTION('',(0.,6.805453636524E-15,-1.));
#3542 = DIRECTION('',(0.,1.,6.805453636524E-15));
#3543 = ADVANCED_FACE('',(#3544),#3550,.T.);
#3544 = FACE_BOUND('',#3545,.T.);
#3545 = EDGE_LOOP('',(#3546,#3547,#3548,#3549));
#3546 = ORIENTED_EDGE('',*,*,#3533,.F.);
#3547 = ORIENTED_EDGE('',*,*,#3207,.F.);
#3548 = ORIENTED_EDGE('',*,*,#3370,.T.);
#3549 = ORIENTED_EDGE('',*,*,#3176,.T.);
#3550 = PLANE('',#3551);
#3551 = AXIS2_PLACEMENT_3D('',#3552,#3553,#3554);
#3552 = CARTESIAN_POINT('',(270.,-38.5,-36.));
#3553 = DIRECTION('',(0.,-1.,-6.781610200467E-15));
#3554 = DIRECTION('',(0.,6.781610200467E-15,-1.));
#3555 = ADVANCED_FACE('',(#3556),#3572,.F.);
#3556 = FACE_BOUND('',#3557,.T.);
#3557 = EDGE_LOOP('',(#3558,#3564,#3565,#3571));
#3558 = ORIENTED_EDGE('',*,*,#3559,.T.);
#3559 = EDGE_CURVE('',#2554,#2777,#3560,.T.);
#3560 = LINE('',#3561,#3562);
#3561 = CARTESIAN_POINT('',(-229.5,-6.,-23.12461179749));
#3562 = VECTOR('',#3563,1.);
#3563 = DIRECTION('',(-0.,-0.,1.));
#3564 = ORIENTED_EDGE('',*,*,#2776,.T.);
#3565 = ORIENTED_EDGE('',*,*,#3566,.F.);
#3566 = EDGE_CURVE('',#2556,#2766,#3567,.T.);
#3567 = LINE('',#3568,#3569);
#3568 = CARTESIAN_POINT('',(-220.5,-6.,-23.12461179749));
#3569 = VECTOR('',#3570,1.);
#3570 = DIRECTION('',(-0.,-0.,1.));
#3571 = ORIENTED_EDGE('',*,*,#2553,.F.);
#3572 = PLANE('',#3573);
#3573 = AXIS2_PLACEMENT_3D('',#3574,#3575,#3576);
#3574 = CARTESIAN_POINT('',(-229.5,-6.,-23.12461179749));
#3575 = DIRECTION('',(2.891205793295E-16,-1.,0.));
#3576 = DIRECTION('',(1.,2.891205793295E-16,0.));
#3577 = ADVANCED_FACE('',(#3578),#3589,.F.);
#3578 = FACE_BOUND('',#3579,.F.);
#3579 = EDGE_LOOP('',(#3580,#3581,#3587,#3588));
#3580 = ORIENTED_EDGE('',*,*,#2563,.T.);
#3581 = ORIENTED_EDGE('',*,*,#3582,.T.);
#3582 = EDGE_CURVE('',#2564,#2768,#3583,.T.);
#3583 = LINE('',#3584,#3585);
#3584 = CARTESIAN_POINT('',(-220.5,3.,-23.12461179749));
#3585 = VECTOR('',#3586,1.);
#3586 = DIRECTION('',(-0.,-0.,1.));
#3587 = ORIENTED_EDGE('',*,*,#2765,.F.);
#3588 = ORIENTED_EDGE('',*,*,#3566,.F.);
#3589 = CYLINDRICAL_SURFACE('',#3590,4.5);
#3590 = AXIS2_PLACEMENT_3D('',#3591,#3592,#3593);
#3591 = CARTESIAN_POINT('',(-220.5,-1.5,-23.12461179749));
#3592 = DIRECTION('',(-0.,-0.,1.));
#3593 = DIRECTION('',(1.,0.,0.));
#3594 = ADVANCED_FACE('',(#3595),#3606,.F.);
#3595 = FACE_BOUND('',#3596,.T.);
#3596 = EDGE_LOOP('',(#3597,#3598,#3599,#3605));
#3597 = ORIENTED_EDGE('',*,*,#3582,.T.);
#3598 = ORIENTED_EDGE('',*,*,#2793,.T.);
#3599 = ORIENTED_EDGE('',*,*,#3600,.F.);
#3600 = EDGE_CURVE('',#2573,#2785,#3601,.T.);
#3601 = LINE('',#3602,#3603);
#3602 = CARTESIAN_POINT('',(-229.5,3.,-23.12461179749));
#3603 = VECTOR('',#3604,1.);
#3604 = DIRECTION('',(-0.,-0.,1.));
#3605 = ORIENTED_EDGE('',*,*,#2572,.F.);
#3606 = PLANE('',#3607);
#3607 = AXIS2_PLACEMENT_3D('',#3608,#3609,#3610);
#3608 = CARTESIAN_POINT('',(-229.5,3.,-23.12461179749));
#3609 = DIRECTION('',(-2.891205793295E-16,1.,0.));
#3610 = DIRECTION('',(-1.,-2.891205793295E-16,0.));
#3611 = ADVANCED_FACE('',(#3612),#3618,.F.);
#3612 = FACE_BOUND('',#3613,.F.);
#3613 = EDGE_LOOP('',(#3614,#3615,#3616,#3617));
#3614 = ORIENTED_EDGE('',*,*,#2580,.T.);
#3615 = ORIENTED_EDGE('',*,*,#3559,.T.);
#3616 = ORIENTED_EDGE('',*,*,#2784,.F.);
#3617 = ORIENTED_EDGE('',*,*,#3600,.F.);
#3618 = CYLINDRICAL_SURFACE('',#3619,4.5);
#3619 = AXIS2_PLACEMENT_3D('',#3620,#3621,#3622);
#3620 = CARTESIAN_POINT('',(-229.5,-1.5,-23.12461179749));
#3621 = DIRECTION('',(-0.,-0.,1.));
#3622 = DIRECTION('',(1.,0.,0.));
#3623 = ADVANCED_FACE('',(#3624),#3640,.F.);
#3624 = FACE_BOUND('',#3625,.T.);
#3625 = EDGE_LOOP('',(#3626,#3632,#3633,#3639));
#3626 = ORIENTED_EDGE('',*,*,#3627,.T.);
#3627 = EDGE_CURVE('',#2518,#2741,#3628,.T.);
#3628 = LINE('',#3629,#3630);
#3629 = CARTESIAN_POINT('',(-204.5,-6.,-23.12461179749));
#3630 = VECTOR('',#3631,1.);
#3631 = DIRECTION('',(-0.,-0.,1.));
#3632 = ORIENTED_EDGE('',*,*,#2740,.T.);
#3633 = ORIENTED_EDGE('',*,*,#3634,.F.);
#3634 = EDGE_CURVE('',#2520,#2730,#3635,.T.);
#3635 = LINE('',#3636,#3637);
#3636 = CARTESIAN_POINT('',(-195.5,-6.,-23.12461179749));
#3637 = VECTOR('',#3638,1.);
#3638 = DIRECTION('',(-0.,-0.,1.));
#3639 = ORIENTED_EDGE('',*,*,#2517,.F.);
#3640 = PLANE('',#3641);
#3641 = AXIS2_PLACEMENT_3D('',#3642,#3643,#3644);
#3642 = CARTESIAN_POINT('',(-204.5,-6.,-23.12461179749));
#3643 = DIRECTION('',(2.891205793295E-16,-1.,0.));
#3644 = DIRECTION('',(1.,2.891205793295E-16,0.));
#3645 = ADVANCED_FACE('',(#3646),#3657,.F.);
#3646 = FACE_BOUND('',#3647,.F.);
#3647 = EDGE_LOOP('',(#3648,#3649,#3655,#3656));
#3648 = ORIENTED_EDGE('',*,*,#2527,.T.);
#3649 = ORIENTED_EDGE('',*,*,#3650,.T.);
#3650 = EDGE_CURVE('',#2528,#2732,#3651,.T.);
#3651 = LINE('',#3652,#3653);
#3652 = CARTESIAN_POINT('',(-195.5,3.,-23.12461179749));
#3653 = VECTOR('',#3654,1.);
#3654 = DIRECTION('',(-0.,-0.,1.));
#3655 = ORIENTED_EDGE('',*,*,#2729,.F.);
#3656 = ORIENTED_EDGE('',*,*,#3634,.F.);
#3657 = CYLINDRICAL_SURFACE('',#3658,4.5);
#3658 = AXIS2_PLACEMENT_3D('',#3659,#3660,#3661);
#3659 = CARTESIAN_POINT('',(-195.5,-1.5,-23.12461179749));
#3660 = DIRECTION('',(-0.,-0.,1.));
#3661 = DIRECTION('',(1.,0.,0.));
#3662 = ADVANCED_FACE('',(#3663),#3674,.F.);
#3663 = FACE_BOUND('',#3664,.T.);
#3664 = EDGE_LOOP('',(#3665,#3666,#3667,#3673));
#3665 = ORIENTED_EDGE('',*,*,#3650,.T.);
#3666 = ORIENTED_EDGE('',*,*,#2757,.T.);
#3667 = ORIENTED_EDGE('',*,*,#3668,.F.);
#3668 = EDGE_CURVE('',#2537,#2749,#3669,.T.);
#3669 = LINE('',#3670,#3671);
#3670 = CARTESIAN_POINT('',(-204.5,3.,-23.12461179749));
#3671 = VECTOR('',#3672,1.);
#3672 = DIRECTION('',(-0.,-0.,1.));
#3673 = ORIENTED_EDGE('',*,*,#2536,.F.);
#3674 = PLANE('',#3675);
#3675 = AXIS2_PLACEMENT_3D('',#3676,#3677,#3678);
#3676 = CARTESIAN_POINT('',(-204.5,3.,-23.12461179749));
#3677 = DIRECTION('',(-2.891205793295E-16,1.,0.));
#3678 = DIRECTION('',(-1.,-2.891205793295E-16,0.));
#3679 = ADVANCED_FACE('',(#3680),#3686,.F.);
#3680 = FACE_BOUND('',#3681,.F.);
#3681 = EDGE_LOOP('',(#3682,#3683,#3684,#3685));
#3682 = ORIENTED_EDGE('',*,*,#2544,.T.);
#3683 = ORIENTED_EDGE('',*,*,#3627,.T.);
#3684 = ORIENTED_EDGE('',*,*,#2748,.F.);
#3685 = ORIENTED_EDGE('',*,*,#3668,.F.);
#3686 = CYLINDRICAL_SURFACE('',#3687,4.5);
#3687 = AXIS2_PLACEMENT_3D('',#3688,#3689,#3690);
#3688 = CARTESIAN_POINT('',(-204.5,-1.5,-23.12461179749));
#3689 = DIRECTION('',(-0.,-0.,1.));
#3690 = DIRECTION('',(1.,0.,0.));
#3691 = ADVANCED_FACE('',(#3692),#3708,.F.);
#3692 = FACE_BOUND('',#3693,.F.);
#3693 = EDGE_LOOP('',(#3694,#3700,#3701,#3707));
#3694 = ORIENTED_EDGE('',*,*,#3695,.T.);
#3695 = EDGE_CURVE('',#3330,#3493,#3696,.T.);
#3696 = LINE('',#3697,#3698);
#3697 = CARTESIAN_POINT('',(-266.,2.,-43.));
#3698 = VECTOR('',#3699,1.);
#3699 = DIRECTION('',(-0.,-0.,1.));
#3700 = ORIENTED_EDGE('',*,*,#3502,.F.);
#3701 = ORIENTED_EDGE('',*,*,#3702,.F.);
#3702 = EDGE_CURVE('',#3332,#3503,#3703,.T.);
#3703 = LINE('',#3704,#3705);
#3704 = CARTESIAN_POINT('',(-259.,2.,-43.));
#3705 = VECTOR('',#3706,1.);
#3706 = DIRECTION('',(-0.,-0.,1.));
#3707 = ORIENTED_EDGE('',*,*,#3329,.F.);
#3708 = CYLINDRICAL_SURFACE('',#3709,3.5);
#3709 = AXIS2_PLACEMENT_3D('',#3710,#3711,#3712);
#3710 = CARTESIAN_POINT('',(-262.5,2.,-43.));
#3711 = DIRECTION('',(-0.,-0.,1.));
#3712 = DIRECTION('',(1.,0.,0.));
#3713 = ADVANCED_FACE('',(#3714),#3725,.F.);
#3714 = FACE_BOUND('',#3715,.T.);
#3715 = EDGE_LOOP('',(#3716,#3717,#3723,#3724));
#3716 = ORIENTED_EDGE('',*,*,#3357,.T.);
#3717 = ORIENTED_EDGE('',*,*,#3718,.T.);
#3718 = EDGE_CURVE('',#3349,#3512,#3719,.T.);
#3719 = LINE('',#3720,#3721);
#3720 = CARTESIAN_POINT('',(-259.,-7.,-43.));
#3721 = VECTOR('',#3722,1.);
#3722 = DIRECTION('',(-0.,-0.,1.));
#3723 = ORIENTED_EDGE('',*,*,#3511,.T.);
#3724 = ORIENTED_EDGE('',*,*,#3702,.F.);
#3725 = PLANE('',#3726);
#3726 = AXIS2_PLACEMENT_3D('',#3727,#3728,#3729);
#3727 = CARTESIAN_POINT('',(-259.,2.,-43.));
#3728 = DIRECTION('',(1.,0.,0.));
#3729 = DIRECTION('',(0.,0.,-1.));
#3730 = ADVANCED_FACE('',(#3731),#3742,.F.);
#3731 = FACE_BOUND('',#3732,.F.);
#3732 = EDGE_LOOP('',(#3733,#3734,#3735,#3741));
#3733 = ORIENTED_EDGE('',*,*,#3718,.T.);
#3734 = ORIENTED_EDGE('',*,*,#3519,.F.);
#3735 = ORIENTED_EDGE('',*,*,#3736,.F.);
#3736 = EDGE_CURVE('',#3341,#3495,#3737,.T.);
#3737 = LINE('',#3738,#3739);
#3738 = CARTESIAN_POINT('',(-266.,-7.,-43.));
#3739 = VECTOR('',#3740,1.);
#3740 = DIRECTION('',(-0.,-0.,1.));
#3741 = ORIENTED_EDGE('',*,*,#3348,.F.);
#3742 = CYLINDRICAL_SURFACE('',#3743,3.5);
#3743 = AXIS2_PLACEMENT_3D('',#3744,#3745,#3746);
#3744 = CARTESIAN_POINT('',(-262.5,-7.,-43.));
#3745 = DIRECTION('',(-0.,-0.,1.));
#3746 = DIRECTION('',(1.,0.,0.));
#3747 = ADVANCED_FACE('',(#3748),#3754,.F.);
#3748 = FACE_BOUND('',#3749,.T.);
#3749 = EDGE_LOOP('',(#3750,#3751,#3752,#3753));
#3750 = ORIENTED_EDGE('',*,*,#3340,.T.);
#3751 = ORIENTED_EDGE('',*,*,#3695,.T.);
#3752 = ORIENTED_EDGE('',*,*,#3492,.T.);
#3753 = ORIENTED_EDGE('',*,*,#3736,.F.);
#3754 = PLANE('',#3755);
#3755 = AXIS2_PLACEMENT_3D('',#3756,#3757,#3758);
#3756 = CARTESIAN_POINT('',(-266.,2.,-43.));
#3757 = DIRECTION('',(-1.,0.,-0.));
#3758 = DIRECTION('',(0.,0.,1.));
#3759 = ADVANCED_FACE('',(#3760),#3776,.F.);
#3760 = FACE_BOUND('',#3761,.F.);
#3761 = EDGE_LOOP('',(#3762,#3768,#3769,#3775));
#3762 = ORIENTED_EDGE('',*,*,#3763,.T.);
#3763 = EDGE_CURVE('',#3294,#3457,#3764,.T.);
#3764 = LINE('',#3765,#3766);
#3765 = CARTESIAN_POINT('',(259.,2.,-43.));
#3766 = VECTOR('',#3767,1.);
#3767 = DIRECTION('',(-0.,-0.,1.));
#3768 = ORIENTED_EDGE('',*,*,#3466,.F.);
#3769 = ORIENTED_EDGE('',*,*,#3770,.F.);
#3770 = EDGE_CURVE('',#3296,#3467,#3771,.T.);
#3771 = LINE('',#3772,#3773);
#3772 = CARTESIAN_POINT('',(266.,2.,-43.));
#3773 = VECTOR('',#3774,1.);
#3774 = DIRECTION('',(-0.,-0.,1.));
#3775 = ORIENTED_EDGE('',*,*,#3293,.F.);
#3776 = CYLINDRICAL_SURFACE('',#3777,3.5);
#3777 = AXIS2_PLACEMENT_3D('',#3778,#3779,#3780);
#3778 = CARTESIAN_POINT('',(262.5,2.,-43.));
#3779 = DIRECTION('',(-0.,-0.,1.));
#3780 = DIRECTION('',(1.,0.,0.));
#3781 = ADVANCED_FACE('',(#3782),#3793,.F.);
#3782 = FACE_BOUND('',#3783,.T.);
#3783 = EDGE_LOOP('',(#3784,#3785,#3791,#3792));
#3784 = ORIENTED_EDGE('',*,*,#3321,.T.);
#3785 = ORIENTED_EDGE('',*,*,#3786,.T.);
#3786 = EDGE_CURVE('',#3313,#3476,#3787,.T.);
#3787 = LINE('',#3788,#3789);
#3788 = CARTESIAN_POINT('',(266.,-7.,-43.));
#3789 = VECTOR('',#3790,1.);
#3790 = DIRECTION('',(-0.,-0.,1.));
#3791 = ORIENTED_EDGE('',*,*,#3475,.T.);
#3792 = ORIENTED_EDGE('',*,*,#3770,.F.);
#3793 = PLANE('',#3794);
#3794 = AXIS2_PLACEMENT_3D('',#3795,#3796,#3797);
#3795 = CARTESIAN_POINT('',(266.,2.,-43.));
#3796 = DIRECTION('',(1.,0.,0.));
#3797 = DIRECTION('',(0.,0.,-1.));
#3798 = ADVANCED_FACE('',(#3799),#3810,.F.);
#3799 = FACE_BOUND('',#3800,.F.);
#3800 = EDGE_LOOP('',(#3801,#3802,#3803,#3809));
#3801 = ORIENTED_EDGE('',*,*,#3786,.T.);
#3802 = ORIENTED_EDGE('',*,*,#3483,.F.);
#3803 = ORIENTED_EDGE('',*,*,#3804,.F.);
#3804 = EDGE_CURVE('',#3305,#3459,#3805,.T.);
#3805 = LINE('',#3806,#3807);
#3806 = CARTESIAN_POINT('',(259.,-7.,-43.));
#3807 = VECTOR('',#3808,1.);
#3808 = DIRECTION('',(-0.,-0.,1.));
#3809 = ORIENTED_EDGE('',*,*,#3312,.F.);
#3810 = CYLINDRICAL_SURFACE('',#3811,3.5);
#3811 = AXIS2_PLACEMENT_3D('',#3812,#3813,#3814);
#3812 = CARTESIAN_POINT('',(262.5,-7.,-43.));
#3813 = DIRECTION('',(-0.,-0.,1.));
#3814 = DIRECTION('',(1.,0.,0.));
#3815 = ADVANCED_FACE('',(#3816),#3822,.F.);
#3816 = FACE_BOUND('',#3817,.T.);
#3817 = EDGE_LOOP('',(#3818,#3819,#3820,#3821));
#3818 = ORIENTED_EDGE('',*,*,#3304,.T.);
#3819 = ORIENTED_EDGE('',*,*,#3763,.T.);
#3820 = ORIENTED_EDGE('',*,*,#3456,.T.);
#3821 = ORIENTED_EDGE('',*,*,#3804,.F.);
#3822 = PLANE('',#3823);
#3823 = AXIS2_PLACEMENT_3D('',#3824,#3825,#3826);
#3824 = CARTESIAN_POINT('',(259.,2.,-43.));
#3825 = DIRECTION('',(-1.,0.,-0.));
#3826 = DIRECTION('',(0.,0.,1.));
#3827 = ADVANCED_FACE('',(#3828),#3844,.F.);
#3828 = FACE_BOUND('',#3829,.F.);
#3829 = EDGE_LOOP('',(#3830,#3836,#3837,#3843));
#3830 = ORIENTED_EDGE('',*,*,#3831,.T.);
#3831 = EDGE_CURVE('',#3258,#3421,#3832,.T.);
#3832 = LINE('',#3833,#3834);
#3833 = CARTESIAN_POINT('',(-266.,-23.,-43.));
#3834 = VECTOR('',#3835,1.);
#3835 = DIRECTION('',(-0.,-0.,1.));
#3836 = ORIENTED_EDGE('',*,*,#3430,.F.);
#3837 = ORIENTED_EDGE('',*,*,#3838,.F.);
#3838 = EDGE_CURVE('',#3260,#3431,#3839,.T.);
#3839 = LINE('',#3840,#3841);
#3840 = CARTESIAN_POINT('',(-259.,-23.,-43.));
#3841 = VECTOR('',#3842,1.);
#3842 = DIRECTION('',(-0.,-0.,1.));
#3843 = ORIENTED_EDGE('',*,*,#3257,.F.);
#3844 = CYLINDRICAL_SURFACE('',#3845,3.5);
#3845 = AXIS2_PLACEMENT_3D('',#3846,#3847,#3848);
#3846 = CARTESIAN_POINT('',(-262.5,-23.,-43.));
#3847 = DIRECTION('',(-0.,-0.,1.));
#3848 = DIRECTION('',(1.,0.,0.));
#3849 = ADVANCED_FACE('',(#3850),#3861,.F.);
#3850 = FACE_BOUND('',#3851,.T.);
#3851 = EDGE_LOOP('',(#3852,#3853,#3859,#3860));
#3852 = ORIENTED_EDGE('',*,*,#3285,.T.);
#3853 = ORIENTED_EDGE('',*,*,#3854,.T.);
#3854 = EDGE_CURVE('',#3277,#3440,#3855,.T.);
#3855 = LINE('',#3856,#3857);
#3856 = CARTESIAN_POINT('',(-259.,-32.,-43.));
#3857 = VECTOR('',#3858,1.);
#3858 = DIRECTION('',(-0.,-0.,1.));
#3859 = ORIENTED_EDGE('',*,*,#3439,.T.);
#3860 = ORIENTED_EDGE('',*,*,#3838,.F.);
#3861 = PLANE('',#3862);
#3862 = AXIS2_PLACEMENT_3D('',#3863,#3864,#3865);
#3863 = CARTESIAN_POINT('',(-259.,-23.,-43.));
#3864 = DIRECTION('',(1.,0.,0.));
#3865 = DIRECTION('',(0.,0.,-1.));
#3866 = ADVANCED_FACE('',(#3867),#3878,.F.);
#3867 = FACE_BOUND('',#3868,.F.);
#3868 = EDGE_LOOP('',(#3869,#3870,#3871,#3877));
#3869 = ORIENTED_EDGE('',*,*,#3854,.T.);
#3870 = ORIENTED_EDGE('',*,*,#3447,.F.);
#3871 = ORIENTED_EDGE('',*,*,#3872,.F.);
#3872 = EDGE_CURVE('',#3269,#3423,#3873,.T.);
#3873 = LINE('',#3874,#3875);
#3874 = CARTESIAN_POINT('',(-266.,-32.,-43.));
#3875 = VECTOR('',#3876,1.);
#3876 = DIRECTION('',(-0.,-0.,1.));
#3877 = ORIENTED_EDGE('',*,*,#3276,.F.);
#3878 = CYLINDRICAL_SURFACE('',#3879,3.5);
#3879 = AXIS2_PLACEMENT_3D('',#3880,#3881,#3882);
#3880 = CARTESIAN_POINT('',(-262.5,-32.,-43.));
#3881 = DIRECTION('',(-0.,-0.,1.));
#3882 = DIRECTION('',(1.,0.,0.));
#3883 = ADVANCED_FACE('',(#3884),#3890,.F.);
#3884 = FACE_BOUND('',#3885,.T.);
#3885 = EDGE_LOOP('',(#3886,#3887,#3888,#3889));
#3886 = ORIENTED_EDGE('',*,*,#3268,.T.);
#3887 = ORIENTED_EDGE('',*,*,#3831,.T.);
#3888 = ORIENTED_EDGE('',*,*,#3420,.T.);
#3889 = ORIENTED_EDGE('',*,*,#3872,.F.);
#3890 = PLANE('',#3891);
#3891 = AXIS2_PLACEMENT_3D('',#3892,#3893,#3894);
#3892 = CARTESIAN_POINT('',(-266.,-23.,-43.));
#3893 = DIRECTION('',(-1.,0.,-0.));
#3894 = DIRECTION('',(0.,0.,1.));
#3895 = ADVANCED_FACE('',(#3896),#3912,.F.);
#3896 = FACE_BOUND('',#3897,.F.);
#3897 = EDGE_LOOP('',(#3898,#3904,#3905,#3911));
#3898 = ORIENTED_EDGE('',*,*,#3899,.T.);
#3899 = EDGE_CURVE('',#3222,#3385,#3900,.T.);
#3900 = LINE('',#3901,#3902);
#3901 = CARTESIAN_POINT('',(259.,-23.,-43.));
#3902 = VECTOR('',#3903,1.);
#3903 = DIRECTION('',(-0.,-0.,1.));
#3904 = ORIENTED_EDGE('',*,*,#3394,.F.);
#3905 = ORIENTED_EDGE('',*,*,#3906,.F.);
#3906 = EDGE_CURVE('',#3224,#3395,#3907,.T.);
#3907 = LINE('',#3908,#3909);
#3908 = CARTESIAN_POINT('',(266.,-23.,-43.));
#3909 = VECTOR('',#3910,1.);
#3910 = DIRECTION('',(-0.,-0.,1.));
#3911 = ORIENTED_EDGE('',*,*,#3221,.F.);
#3912 = CYLINDRICAL_SURFACE('',#3913,3.5);
#3913 = AXIS2_PLACEMENT_3D('',#3914,#3915,#3916);
#3914 = CARTESIAN_POINT('',(262.5,-23.,-43.));
#3915 = DIRECTION('',(-0.,-0.,1.));
#3916 = DIRECTION('',(1.,0.,0.));
#3917 = ADVANCED_FACE('',(#3918),#3929,.F.);
#3918 = FACE_BOUND('',#3919,.T.);
#3919 = EDGE_LOOP('',(#3920,#3921,#3927,#3928));
#3920 = ORIENTED_EDGE('',*,*,#3249,.T.);
#3921 = ORIENTED_EDGE('',*,*,#3922,.T.);
#3922 = EDGE_CURVE('',#3241,#3404,#3923,.T.);
#3923 = LINE('',#3924,#3925);
#3924 = CARTESIAN_POINT('',(266.,-32.,-43.));
#3925 = VECTOR('',#3926,1.);
#3926 = DIRECTION('',(-0.,-0.,1.));
#3927 = ORIENTED_EDGE('',*,*,#3403,.T.);
#3928 = ORIENTED_EDGE('',*,*,#3906,.F.);
#3929 = PLANE('',#3930);
#3930 = AXIS2_PLACEMENT_3D('',#3931,#3932,#3933);
#3931 = CARTESIAN_POINT('',(266.,-23.,-43.));
#3932 = DIRECTION('',(1.,0.,0.));
#3933 = DIRECTION('',(0.,0.,-1.));
#3934 = ADVANCED_FACE('',(#3935),#3946,.F.);
#3935 = FACE_BOUND('',#3936,.F.);
#3936 = EDGE_LOOP('',(#3937,#3938,#3939,#3945));
#3937 = ORIENTED_EDGE('',*,*,#3922,.T.);
#3938 = ORIENTED_EDGE('',*,*,#3411,.F.);
#3939 = ORIENTED_EDGE('',*,*,#3940,.F.);
#3940 = EDGE_CURVE('',#3233,#3387,#3941,.T.);
#3941 = LINE('',#3942,#3943);
#3942 = CARTESIAN_POINT('',(259.,-32.,-43.));
#3943 = VECTOR('',#3944,1.);
#3944 = DIRECTION('',(-0.,-0.,1.));
#3945 = ORIENTED_EDGE('',*,*,#3240,.F.);
#3946 = CYLINDRICAL_SURFACE('',#3947,3.5);
#3947 = AXIS2_PLACEMENT_3D('',#3948,#3949,#3950);
#3948 = CARTESIAN_POINT('',(262.5,-32.,-43.));
#3949 = DIRECTION('',(-0.,-0.,1.));
#3950 = DIRECTION('',(1.,0.,0.));
#3951 = ADVANCED_FACE('',(#3952),#3958,.F.);
#3952 = FACE_BOUND('',#3953,.T.);
#3953 = EDGE_LOOP('',(#3954,#3955,#3956,#3957));
#3954 = ORIENTED_EDGE('',*,*,#3232,.T.);
#3955 = ORIENTED_EDGE('',*,*,#3899,.T.);
#3956 = ORIENTED_EDGE('',*,*,#3384,.T.);
#3957 = ORIENTED_EDGE('',*,*,#3940,.F.);
#3958 = PLANE('',#3959);
#3959 = AXIS2_PLACEMENT_3D('',#3960,#3961,#3962);
#3960 = CARTESIAN_POINT('',(259.,-23.,-43.));
#3961 = DIRECTION('',(-1.,0.,-0.));
#3962 = DIRECTION('',(0.,0.,1.));
#3963 = ( GEOMETRIC_REPRESENTATION_CONTEXT(3) 
GLOBAL_UNCERTAINTY_ASSIGNED_CONTEXT((#3967)) 
GLOBAL_UNIT_ASSIGNED_CONTEXT((#3964,#3965,#3966)) REPRESENTATION_CONTEXT
('Context #1','3D Context with UNIT and UNCERTAINTY') );
#3964 = ( LENGTH_UNIT() NAMED_UNIT(*) SI_UNIT(.MILLI.,.METRE.) );
#3965 = ( NAMED_UNIT(*) PLANE_ANGLE_UNIT() SI_UNIT($,.RADIAN.) );
#3966 = ( NAMED_UNIT(*) SI_UNIT($,.STERADIAN.) SOLID_ANGLE_UNIT() );
#3967 = UNCERTAINTY_MEASURE_WITH_UNIT(LENGTH_MEASURE(1.E-07),#3964,
  'distance_accuracy_value','confusion accuracy');
#3968 = CONTEXT_DEPENDENT_SHAPE_REPRESENTATION(#3969,#3971);
#3969 = ( REPRESENTATION_RELATIONSHIP('','',#64,#10) 
REPRESENTATION_RELATIONSHIP_WITH_TRANSFORMATION(#3970) 
SHAPE_REPRESENTATION_RELATIONSHIP() );
#3970 = ITEM_DEFINED_TRANSFORMATION('','',#11,#15);
#3971 = PRODUCT_DEFINITION_SHAPE('Placement','Placement of an item',
  #3972);
#3972 = NEXT_ASSEMBLY_USAGE_OCCURRENCE('10','Solid1','',#5,#59,$);
#3973 = PRODUCT_RELATED_PRODUCT_CATEGORY('part',$,(#61));
#3974 = SHAPE_DEFINITION_REPRESENTATION(#3975,#3981);
#3975 = PRODUCT_DEFINITION_SHAPE('','',#3976);
#3976 = PRODUCT_DEFINITION('design','',#3977,#3980);
#3977 = PRODUCT_DEFINITION_FORMATION('','',#3978);
#3978 = PRODUCT('Solid2','Solid2','',(#3979));
#3979 = PRODUCT_CONTEXT('',#2,'mechanical');
#3980 = PRODUCT_DEFINITION_CONTEXT('part definition',#2,'design');
#3981 = SHAPE_REPRESENTATION('',(#11,#3982,#10126),#12456);
#3982 = MANIFOLD_SOLID_BREP('',#3983);
#3983 = CLOSED_SHELL('',(#3984,#4042,#4205,#4310,#4352,#4385,#4410,#4435
    ,#4461,#4487,#4529,#4729,#4941,#4979,#5012,#5084,#5116,#5171,#5284,
    #5308,#5413,#5431,#5455,#5479,#5497,#5519,#5543,#5560,#5584,#5601,
    #5618,#5630,#5670,#5694,#5736,#5778,#5814,#5836,#5858,#5880,#5902,
    #5914,#5926,#5986,#6133,#6224,#6318,#6394,#6414,#6434,#6446,#6458,
    #6480,#6501,#6522,#6534,#6546,#6558,#6570,#6587,#6638,#6716,#6787,
    #6807,#6827,#6867,#6924,#6958,#6980,#7030,#7084,#7138,#7187,#7199,
    #7219,#7268,#7431,#7536,#7578,#7611,#7636,#7661,#7687,#7713,#7755,
    #7948,#8153,#8187,#8204,#8276,#8308,#8363,#8381,#8405,#8429,#8447,
    #8464,#8488,#8505,#8519,#8536,#8553,#8565,#8605,#8629,#8671,#8713,
    #8749,#8771,#8793,#8815,#8837,#8849,#8861,#8921,#9068,#9159,#9253,
    #9329,#9349,#9369,#9381,#9393,#9415,#9436,#9457,#9469,#9481,#9493,
    #9505,#9522,#9573,#9651,#9722,#9742,#9762,#9793,#9843,#9870,#9887,
    #9937,#9991,#10045,#10094,#10106));
#3984 = ADVANCED_FACE('',(#3985),#4037,.F.);
#3985 = FACE_BOUND('',#3986,.T.);
#3986 = EDGE_LOOP('',(#3987,#3997,#4006,#4014,#4022,#4030));
#3987 = ORIENTED_EDGE('',*,*,#3988,.F.);
#3988 = EDGE_CURVE('',#3989,#3991,#3993,.T.);
#3989 = VERTEX_POINT('',#3990);
#3990 = CARTESIAN_POINT('',(1.691355389077E-14,13.3,4.85));
#3991 = VERTEX_POINT('',#3992);
#3992 = CARTESIAN_POINT('',(1.51788304148E-14,13.3,4.35));
#3993 = LINE('',#3994,#3995);
#3994 = CARTESIAN_POINT('',(1.682681771698E-14,13.3,4.85));
#3995 = VECTOR('',#3996,1.);
#3996 = DIRECTION('',(-3.469446951954E-15,0.,-1.));
#3997 = ORIENTED_EDGE('',*,*,#3998,.F.);
#3998 = EDGE_CURVE('',#3999,#3989,#4001,.T.);
#3999 = VERTEX_POINT('',#4000);
#4000 = CARTESIAN_POINT('',(1.765456600772E-14,13.5,5.05));
#4001 = CIRCLE('',#4002,0.2);
#4002 = AXIS2_PLACEMENT_3D('',#4003,#4004,#4005);
#4003 = CARTESIAN_POINT('',(1.763198076116E-14,13.3,5.05));
#4004 = DIRECTION('',(-1.,0.,3.491481338843E-15));
#4005 = DIRECTION('',(-3.491481338843E-15,0.,-1.));
#4006 = ORIENTED_EDGE('',*,*,#4007,.T.);
#4007 = EDGE_CURVE('',#3999,#4008,#4010,.T.);
#4008 = VERTEX_POINT('',#4009);
#4009 = CARTESIAN_POINT('',(2.478951750579E-14,13.5,7.1));
#4010 = LINE('',#4011,#4012);
#4011 = CARTESIAN_POINT('',(0.,13.5,1.688025110518E-14));
#4012 = VECTOR('',#4013,1.);
#4013 = DIRECTION('',(3.480464145398E-15,0.,1.));
#4014 = ORIENTED_EDGE('',*,*,#4015,.T.);
#4015 = EDGE_CURVE('',#4008,#4016,#4018,.T.);
#4016 = VERTEX_POINT('',#4017);
#4017 = CARTESIAN_POINT('',(2.478951750579E-14,14.,7.1));
#4018 = LINE('',#4019,#4020);
#4019 = CARTESIAN_POINT('',(2.478951750579E-14,-3.75,7.1));
#4020 = VECTOR('',#4021,1.);
#4021 = DIRECTION('',(0.,1.,0.));
#4022 = ORIENTED_EDGE('',*,*,#4023,.T.);
#4023 = EDGE_CURVE('',#4016,#4024,#4026,.T.);
#4024 = VERTEX_POINT('',#4025);
#4025 = CARTESIAN_POINT('',(1.763198076116E-14,14.,5.05));
#4026 = LINE('',#4027,#4028);
#4027 = CARTESIAN_POINT('',(-2.463307335887E-14,14.,-7.1));
#4028 = VECTOR('',#4029,1.);
#4029 = DIRECTION('',(-3.480464145398E-15,0.,-1.));
#4030 = ORIENTED_EDGE('',*,*,#4031,.T.);
#4031 = EDGE_CURVE('',#4024,#3991,#4032,.T.);
#4032 = CIRCLE('',#4033,0.7);
#4033 = AXIS2_PLACEMENT_3D('',#4034,#4035,#4036);
#4034 = CARTESIAN_POINT('',(1.763198076116E-14,13.3,5.05));
#4035 = DIRECTION('',(-1.,-0.,3.491481338843E-15));
#4036 = DIRECTION('',(-3.491481338843E-15,0.,-1.));
#4037 = PLANE('',#4038);
#4038 = AXIS2_PLACEMENT_3D('',#4039,#4040,#4041);
#4039 = CARTESIAN_POINT('',(1.44896475562E-14,0.7,4.15));
#4040 = DIRECTION('',(1.,0.,-3.491481338843E-15));
#4041 = DIRECTION('',(-3.491481338843E-15,0.,-1.));
#4042 = ADVANCED_FACE('',(#4043),#4132,.T.);
#4043 = FACE_BOUND('',#4044,.T.);
#4044 = EDGE_LOOP('',(#4045,#4056,#4065,#4076,#4084,#4095,#4106,#4114,
    #4125));
#4045 = ORIENTED_EDGE('',*,*,#4046,.T.);
#4046 = EDGE_CURVE('',#4047,#4049,#4051,.T.);
#4047 = VERTEX_POINT('',#4048);
#4048 = CARTESIAN_POINT('',(1.668922976377,13.1926440846,-4.350000009328
    ));
#4049 = VERTEX_POINT('',#4050);
#4050 = CARTESIAN_POINT('',(1.684141773969,13.3,-4.35));
#4051 = B_SPLINE_CURVE_WITH_KNOTS('',3,(#4052,#4053,#4054,#4055),
  .UNSPECIFIED.,.F.,.F.,(4,4),(2.01505230798E-14,1.084292597775E-04),
  .PIECEWISE_BEZIER_KNOTS.);
#4052 = CARTESIAN_POINT('',(1.668922976377,13.1926440846,-4.350000009328
    ));
#4053 = CARTESIAN_POINT('',(1.673396610721,13.228509239036,
    -4.350000004663));
#4054 = CARTESIAN_POINT('',(1.678498598683,13.264300178136,-4.35));
#4055 = CARTESIAN_POINT('',(1.684141773969,13.3,-4.35));
#4056 = ORIENTED_EDGE('',*,*,#4057,.T.);
#4057 = EDGE_CURVE('',#4049,#4058,#4060,.T.);
#4058 = VERTEX_POINT('',#4059);
#4059 = CARTESIAN_POINT('',(1.652745600663,13.3,-4.363596945955));
#4060 = B_SPLINE_CURVE_WITH_KNOTS('',3,(#4061,#4062,#4063,#4064),
  .UNSPECIFIED.,.F.,.F.,(4,4),(3.878959614449E-18,3.421398307116E-05),
  .PIECEWISE_BEZIER_KNOTS.);
#4061 = CARTESIAN_POINT('',(1.684141773969,13.3,-4.35));
#4062 = CARTESIAN_POINT('',(1.673464634517,13.3,-4.354632763759));
#4063 = CARTESIAN_POINT('',(1.663006354761,13.3,-4.359166901265));
#4064 = CARTESIAN_POINT('',(1.652745600663,13.3,-4.363596945955));
#4065 = ORIENTED_EDGE('',*,*,#4066,.F.);
#4066 = EDGE_CURVE('',#4067,#4058,#4069,.T.);
#4067 = VERTEX_POINT('',#4068);
#4068 = CARTESIAN_POINT('',(1.712940192072,13.5,-4.537437150902));
#4069 = B_SPLINE_CURVE_WITH_KNOTS('',3,(#4070,#4071,#4072,#4073,#4074,
    #4075),.UNSPECIFIED.,.F.,.F.,(4,2,4),(0.,0.163863393893,
    0.23987581263),.UNSPECIFIED.);
#4070 = CARTESIAN_POINT('',(1.712940192072,13.5,-4.537437150902));
#4071 = CARTESIAN_POINT('',(1.674384057564,13.5,-4.464273351109));
#4072 = CARTESIAN_POINT('',(1.638298017066,13.471858167659,
    -4.385717694621));
#4073 = CARTESIAN_POINT('',(1.64541127854,13.366666666667,
    -4.372124408578));
#4074 = CARTESIAN_POINT('',(1.648636847781,13.333333333333,
    -4.367847008035));
#4075 = CARTESIAN_POINT('',(1.652745600663,13.3,-4.363596945955));
#4076 = ORIENTED_EDGE('',*,*,#4077,.T.);
#4077 = EDGE_CURVE('',#4067,#4078,#4080,.T.);
#4078 = VERTEX_POINT('',#4079);
#4079 = CARTESIAN_POINT('',(2.774549648938,13.5,-3.9779862048));
#4080 = LINE('',#4081,#4082);
#4081 = CARTESIAN_POINT('',(2.774549648938,13.5,-3.9779862048));
#4082 = VECTOR('',#4083,1.);
#4083 = DIRECTION('',(0.884674547388,-0.,0.466209121751));
#4084 = ORIENTED_EDGE('',*,*,#4085,.T.);
#4085 = EDGE_CURVE('',#4078,#4086,#4088,.T.);
#4086 = VERTEX_POINT('',#4087);
#4087 = CARTESIAN_POINT('',(2.444925395824,12.457707599847,-3.9688822908
    ));
#4088 = B_SPLINE_CURVE_WITH_KNOTS('',3,(#4089,#4090,#4091,#4092,#4093,
    #4094),.UNSPECIFIED.,.F.,.F.,(4,2,4),(0.,0.163863393893,
    0.880122638825),.UNSPECIFIED.);
#4089 = CARTESIAN_POINT('',(2.774549648938,13.5,-3.9779862048));
#4090 = CARTESIAN_POINT('',(2.735993514429,13.5,-3.904822405008));
#4091 = CARTESIAN_POINT('',(2.691593369637,13.471858167659,
    -3.830648146484));
#4092 = CARTESIAN_POINT('',(2.635698537959,13.085902533282,
    -3.823982813808));
#4093 = CARTESIAN_POINT('',(2.543649680685,12.771805066564,
    -3.891223535757));
#4094 = CARTESIAN_POINT('',(2.444925395824,12.457707599847,-3.9688822908
    ));
#4095 = ORIENTED_EDGE('',*,*,#4096,.T.);
#4096 = EDGE_CURVE('',#4086,#4097,#4099,.T.);
#4097 = VERTEX_POINT('',#4098);
#4098 = CARTESIAN_POINT('',(2.245085545814,12.3,-4.087451312395));
#4099 = B_SPLINE_CURVE_WITH_KNOTS('',3,(#4100,#4101,#4102,#4103,#4104,
    #4105),.UNSPECIFIED.,.F.,.F.,(4,2,4),(0.,1.485245066783E-04,
    2.970490133567E-04),.UNSPECIFIED.);
#4100 = CARTESIAN_POINT('',(2.444925395824,12.457707599847,-3.9688822908
    ));
#4101 = CARTESIAN_POINT('',(2.430292251497,12.411151338944,
    -3.980393053046));
#4102 = CARTESIAN_POINT('',(2.403581845751,12.371174231989,
    -3.998437934776));
#4103 = CARTESIAN_POINT('',(2.33292571321,12.315278020052,
    -4.040563737376));
#4104 = CARTESIAN_POINT('',(2.289443810843,12.3,-4.064075226983));
#4105 = CARTESIAN_POINT('',(2.245085545814,12.3,-4.087451312395));
#4106 = ORIENTED_EDGE('',*,*,#4107,.F.);
#4107 = EDGE_CURVE('',#4108,#4097,#4110,.T.);
#4108 = VERTEX_POINT('',#4109);
#4109 = CARTESIAN_POINT('',(2.10254155867,12.3,-4.162569679091));
#4110 = LINE('',#4111,#4112);
#4111 = CARTESIAN_POINT('',(1.952644915395,12.3,-4.241562776181));
#4112 = VECTOR('',#4113,1.);
#4113 = DIRECTION('',(0.884674547388,0.,0.466209121751));
#4114 = ORIENTED_EDGE('',*,*,#4115,.T.);
#4115 = EDGE_CURVE('',#4108,#4116,#4118,.T.);
#4116 = VERTEX_POINT('',#4117);
#4117 = CARTESIAN_POINT('',(1.89176646177,12.457707599847,
    -4.260388067242));
#4118 = B_SPLINE_CURVE_WITH_KNOTS('',3,(#4119,#4120,#4121,#4122,#4123,
    #4124),.UNSPECIFIED.,.F.,.F.,(4,2,4),(0.,1.485325888256E-04,
    2.970651776512E-04),.UNSPECIFIED.);
#4119 = CARTESIAN_POINT('',(2.10254155867,12.3,-4.162569679091));
#4120 = CARTESIAN_POINT('',(2.058184237387,12.3,-4.185945267164));
#4121 = CARTESIAN_POINT('',(2.014530282227,12.315127930815,
    -4.208364334547));
#4122 = CARTESIAN_POINT('',(1.939776766639,12.370890700691,
    -4.242882235737));
#4123 = CARTESIAN_POINT('',(1.909534016469,12.41115031351,
    -4.254824270883));
#4124 = CARTESIAN_POINT('',(1.89176646177,12.457707599847,
    -4.260388067242));
#4125 = ORIENTED_EDGE('',*,*,#4126,.F.);
#4126 = EDGE_CURVE('',#4047,#4116,#4127,.T.);
#4127 = B_SPLINE_CURVE_WITH_KNOTS('',3,(#4128,#4129,#4130,#4131),
  .UNSPECIFIED.,.F.,.F.,(4,4),(0.321479640583,0.880122638825),
  .PIECEWISE_BEZIER_KNOTS.);
#4128 = CARTESIAN_POINT('',(1.668922976377,13.1926440846,-4.350000009328
    ));
#4129 = CARTESIAN_POINT('',(1.712308211051,12.947665256349,
    -4.319172995563));
#4130 = CARTESIAN_POINT('',(1.798275730809,12.702686428098,
    -4.289664092974));
#4131 = CARTESIAN_POINT('',(1.89176646177,12.457707599847,
    -4.260388067242));
#4132 = B_SPLINE_SURFACE_WITH_KNOTS('',3,3,(
    (#4133,#4134,#4135,#4136,#4137,#4138)
    ,(#4139,#4140,#4141,#4142,#4143,#4144)
    ,(#4145,#4146,#4147,#4148,#4149,#4150)
    ,(#4151,#4152,#4153,#4154,#4155,#4156)
    ,(#4157,#4158,#4159,#4160,#4161,#4162)
    ,(#4163,#4164,#4165,#4166,#4167,#4168)
    ,(#4169,#4170,#4171,#4172,#4173,#4174)
    ,(#4175,#4176,#4177,#4178,#4179,#4180)
    ,(#4181,#4182,#4183,#4184,#4185,#4186)
    ,(#4187,#4188,#4189,#4190,#4191,#4192)
    ,(#4193,#4194,#4195,#4196,#4197,#4198)
    ,(#4199,#4200,#4201,#4202,#4203,#4204
    )),.UNSPECIFIED.,.F.,.F.,.F.,(4,1,1,1,2,1,1,1,4),(4,2,4),(
    0.698529411765,0.736213235294,0.773897058824,0.811580882353,
    0.849264705882,0.886948529412,0.924632352941,0.962316176471,1.),(0.,
    0.163863393893,1.),.UNSPECIFIED.);
#4133 = CARTESIAN_POINT('',(1.712940192072,13.5,-4.537437150902));
#4134 = CARTESIAN_POINT('',(1.674384057564,13.5,-4.464273351109));
#4135 = CARTESIAN_POINT('',(1.638298017066,13.471858167659,
    -4.385717694621));
#4136 = CARTESIAN_POINT('',(1.667951950892,13.033333333333,
    -4.329049680057));
#4137 = CARTESIAN_POINT('',(1.810298433144,12.666666666667,
    -4.285306228119));
#4138 = CARTESIAN_POINT('',(1.952644915395,12.3,-4.241562776181));
#4139 = CARTESIAN_POINT('',(1.747939158815,13.5,-4.518993263717));
#4140 = CARTESIAN_POINT('',(1.709857803615,13.5,-4.446730401186));
#4141 = CARTESIAN_POINT('',(1.673980335986,13.471858167659,-4.3689330243
    ));
#4142 = CARTESIAN_POINT('',(1.703548759077,13.033333333333,
    -4.316164589111));
#4143 = CARTESIAN_POINT('',(1.840028303171,12.666666666667,
    -4.272575993833));
#4144 = CARTESIAN_POINT('',(1.976507847266,12.3,-4.228987398554));
#4145 = CARTESIAN_POINT('',(1.823760647139,13.5,-4.479036570506));
#4146 = CARTESIAN_POINT('',(1.786628850555,13.5,-4.408575582498));
#4147 = CARTESIAN_POINT('',(1.7509838683,13.471858167659,-4.33239207783)
  );
#4148 = CARTESIAN_POINT('',(1.778312097267,13.033333333333,
    -4.288513221782));
#4149 = CARTESIAN_POINT('',(1.897307510995,12.666666666667,
    -4.24826463034));
#4150 = CARTESIAN_POINT('',(2.016302924723,12.3,-4.208016038899));
#4151 = CARTESIAN_POINT('',(1.957365973783,13.5,-4.408628732754));
#4152 = CARTESIAN_POINT('',(1.922241884692,13.5,-4.341977553769));
#4153 = CARTESIAN_POINT('',(1.887032677871,13.471858167659,
    -4.269235750045));
#4154 = CARTESIAN_POINT('',(1.908999279179,13.033333333333,
    -4.244482045934));
#4155 = CARTESIAN_POINT('',(1.989289938755,12.666666666667,
    -4.212210807964));
#4156 = CARTESIAN_POINT('',(2.06958059833,12.3,-4.179939569993));
#4157 = CARTESIAN_POINT('',(2.104780598841,13.5,-4.330943618963));
#4158 = CARTESIAN_POINT('',(2.071078964888,13.5,-4.266991679001));
#4159 = CARTESIAN_POINT('',(2.035646694541,13.471858167659,
    -4.196968565572));
#4160 = CARTESIAN_POINT('',(2.047855522148,13.033333333333,
    -4.188905314089));
#4161 = CARTESIAN_POINT('',(2.084163633974,12.666666666667,
    -4.17101303785));
#4162 = CARTESIAN_POINT('',(2.1204717458,12.3,-4.153120761611));
#4163 = CARTESIAN_POINT('',(2.199511193135,13.5,-4.281022133939));
#4164 = CARTESIAN_POINT('',(2.166010077731,13.5,-4.217451137989));
#4165 = CARTESIAN_POINT('',(2.129925680883,13.471858167659,
    -4.148138691329));
#4166 = CARTESIAN_POINT('',(2.133802749156,13.033333333333,
    -4.146095539302));
#4167 = CARTESIAN_POINT('',(2.144593617762,12.666666666667,
    -4.140408926761));
#4168 = CARTESIAN_POINT('',(2.155382832505,12.3,-4.134723185779));
#4169 = CARTESIAN_POINT('',(2.287978647874,13.5,-4.234401221763));
#4170 = CARTESIAN_POINT('',(2.254477896809,13.5,-4.170830033813));
#4171 = CARTESIAN_POINT('',(2.217701423601,13.471858167659,
    -4.101882300157));
#4172 = CARTESIAN_POINT('',(2.213824355329,13.033333333333,
    -4.103925452183));
#4173 = CARTESIAN_POINT('',(2.203033486722,12.666666666667,
    -4.109612064724));
#4174 = CARTESIAN_POINT('',(2.192244271979,12.3,-4.115297805706));
#4175 = CARTESIAN_POINT('',(2.382709242169,13.5,-4.184479736739));
#4176 = CARTESIAN_POINT('',(2.349007608216,13.5,-4.120527796777));
#4177 = CARTESIAN_POINT('',(2.311276269573,13.471858167659,
    -4.051716255009));
#4178 = CARTESIAN_POINT('',(2.2977233736,13.033333333333,-4.057229013552
    ));
#4179 = CARTESIAN_POINT('',(2.262439366142,12.666666666667,
    -4.077064621713));
#4180 = CARTESIAN_POINT('',(2.227155358685,12.3,-4.096900229874));
#4181 = CARTESIAN_POINT('',(2.530123867227,13.5,-4.106794622948));
#4182 = CARTESIAN_POINT('',(2.494999778137,13.5,-4.040143443963));
#4183 = CARTESIAN_POINT('',(2.454899730673,13.471858167659,
    -3.969979033844));
#4184 = CARTESIAN_POINT('',(2.422063051491,13.033333333333,
    -3.974105768694));
#4185 = CARTESIAN_POINT('',(2.350054778823,12.666666666667,
    -4.022093595093));
#4186 = CARTESIAN_POINT('',(2.278046506154,12.3,-4.070081421493));
#4187 = CARTESIAN_POINT('',(2.663729193871,13.5,-4.036386785196));
#4188 = CARTESIAN_POINT('',(2.626597397286,13.5,-3.965925797188));
#4189 = CARTESIAN_POINT('',(2.58390467956,13.471858167659,
    -3.893456334678));
#4190 = CARTESIAN_POINT('',(2.532260999167,13.033333333333,
    -3.891194392571));
#4191 = CARTESIAN_POINT('',(2.431792589464,12.666666666667,
    -3.966599672579));
#4192 = CARTESIAN_POINT('',(2.331324179761,12.3,-4.042004952587));
#4193 = CARTESIAN_POINT('',(2.739550682194,13.5,-3.996430091985));
#4194 = CARTESIAN_POINT('',(2.701469326994,13.5,-3.924167229454));
#4195 = CARTESIAN_POINT('',(2.657576771103,13.471858167659,
    -3.85059367394));
#4196 = CARTESIAN_POINT('',(2.597333817716,13.033333333333,
    -3.845154375861));
#4197 = CARTESIAN_POINT('',(2.484226537467,12.666666666667,
    -3.933093984396));
#4198 = CARTESIAN_POINT('',(2.371119257219,12.3,-4.021033592931));
#4199 = CARTESIAN_POINT('',(2.774549648938,13.5,-3.9779862048));
#4200 = CARTESIAN_POINT('',(2.735993514429,13.5,-3.904822405008));
#4201 = CARTESIAN_POINT('',(2.691593369637,13.471858167659,
    -3.830648146484));
#4202 = CARTESIAN_POINT('',(2.628085366079,13.033333333333,
    -3.823074960223));
#4203 = CARTESIAN_POINT('',(2.511533777584,12.666666666667,
    -3.915766587764));
#4204 = CARTESIAN_POINT('',(2.394982189089,12.3,-4.008458215305));
#4205 = ADVANCED_FACE('',(#4206),#4267,.T.);
#4206 = FACE_BOUND('',#4207,.T.);
#4207 = EDGE_LOOP('',(#4208,#4209,#4218,#4225,#4226,#4250,#4261));
#4208 = ORIENTED_EDGE('',*,*,#4066,.T.);
#4209 = ORIENTED_EDGE('',*,*,#4210,.T.);
#4210 = EDGE_CURVE('',#4058,#4211,#4213,.T.);
#4211 = VERTEX_POINT('',#4212);
#4212 = CARTESIAN_POINT('',(1.648482729828,13.3,-4.35));
#4213 = B_SPLINE_CURVE_WITH_KNOTS('',3,(#4214,#4215,#4216,#4217),
  .UNSPECIFIED.,.F.,.F.,(4,4),(0.,1.4249526556E-05),
  .PIECEWISE_BEZIER_KNOTS.);
#4214 = CARTESIAN_POINT('',(1.652745600663,13.3,-4.363596945955));
#4215 = CARTESIAN_POINT('',(1.651336772973,13.3,-4.359060845722));
#4216 = CARTESIAN_POINT('',(1.649915140149,13.3,-4.354528708586));
#4217 = CARTESIAN_POINT('',(1.648482729828,13.3,-4.35));
#4218 = ORIENTED_EDGE('',*,*,#4219,.T.);
#4219 = EDGE_CURVE('',#4211,#4047,#4220,.T.);
#4220 = B_SPLINE_CURVE_WITH_KNOTS('',3,(#4221,#4222,#4223,#4224),
  .UNSPECIFIED.,.F.,.F.,(4,4),(1.748223473169E-18,1.092844739676E-04),
  .PIECEWISE_BEZIER_KNOTS.);
#4221 = CARTESIAN_POINT('',(1.648482729828,13.3,-4.35));
#4222 = CARTESIAN_POINT('',(1.65441405568,13.264057962403,-4.35));
#4223 = CARTESIAN_POINT('',(1.661253294398,13.228255693391,-4.35));
#4224 = CARTESIAN_POINT('',(1.668922976377,13.1926440846,-4.350000009328
    ));
#4225 = ORIENTED_EDGE('',*,*,#4126,.T.);
#4226 = ORIENTED_EDGE('',*,*,#4227,.T.);
#4227 = EDGE_CURVE('',#4116,#4228,#4230,.T.);
#4228 = VERTEX_POINT('',#4229);
#4229 = CARTESIAN_POINT('',(1.65522070212,12.486918977439,
    -3.778899337176));
#4230 = B_SPLINE_CURVE_WITH_KNOTS('',3,(#4231,#4232,#4233,#4234,#4235,
    #4236,#4237,#4238,#4239,#4240,#4241,#4242,#4243,#4244,#4245,#4246,
    #4247,#4248,#4249),.UNSPECIFIED.,.F.,.F.,(4,3,3,3,3,3,4),(
    -5.999999999763E-08,0.,1.024968859586E-04,2.486490632112E-04,
    3.947423284807E-04,5.371677781161E-04,5.372277781161E-04),
  .UNSPECIFIED.);
#4231 = CARTESIAN_POINT('',(1.89176646177,12.457707599847,
    -4.260388067242));
#4232 = CARTESIAN_POINT('',(1.891757791719,12.457709138999,
    -4.260370110037));
#4233 = CARTESIAN_POINT('',(1.89174912168,12.457710678089,-4.26035215282
    ));
#4234 = CARTESIAN_POINT('',(1.891740451611,12.457712217116,
    -4.260334195613));
#4235 = CARTESIAN_POINT('',(1.876929532941,12.460341308905,
    -4.229658231964));
#4236 = CARTESIAN_POINT('',(1.862070195499,12.462787281563,
    -4.198989426804));
#4237 = CARTESIAN_POINT('',(1.84716296629,12.465060577198,
    -4.168331690007));
#4238 = CARTESIAN_POINT('',(1.825906683059,12.468302079371,
    -4.124616689226));
#4239 = CARTESIAN_POINT('',(1.804551148754,12.471184642968,
    -4.080922556799));
#4240 = CARTESIAN_POINT('',(1.783111909721,12.473814265062,
    -4.03725583808));
#4241 = CARTESIAN_POINT('',(1.761681166604,12.476442845092,
    -3.993606423554));
#4242 = CARTESIAN_POINT('',(1.740166198497,12.478824592851,
    -3.949983021872));
#4243 = CARTESIAN_POINT('',(1.718578600262,12.481015167511,
    -3.906386754175));
#4244 = CARTESIAN_POINT('',(1.697532910311,12.483150752703,
    -3.863884873095));
#4245 = CARTESIAN_POINT('',(1.676418377206,12.485101406496,
    -3.821407540055));
#4246 = CARTESIAN_POINT('',(1.655247458351,12.486916683331,
    -3.77895299201));
#4247 = CARTESIAN_POINT('',(1.655238539617,12.486917448058,
    -3.778935107061));
#4248 = CARTESIAN_POINT('',(1.655229620864,12.48691821276,
    -3.778917222121));
#4249 = CARTESIAN_POINT('',(1.65522070212,12.486918977439,
    -3.778899337176));
#4250 = ORIENTED_EDGE('',*,*,#4251,.F.);
#4251 = EDGE_CURVE('',#4252,#4228,#4254,.T.);
#4252 = VERTEX_POINT('',#4253);
#4253 = CARTESIAN_POINT('',(1.712940192072,14.,-4.537437150902));
#4254 = B_SPLINE_CURVE_WITH_KNOTS('',3,(#4255,#4256,#4257,#4258,#4259,
    #4260),.UNSPECIFIED.,.F.,.F.,(4,2,4),(0.,0.163863393893,
    0.909417555034),.UNSPECIFIED.);
#4255 = CARTESIAN_POINT('',(1.712940192072,14.,-4.537437150902));
#4256 = CARTESIAN_POINT('',(1.613838022786,14.,-4.349381699671));
#4257 = CARTESIAN_POINT('',(1.528958295653,13.965145364694,
    -4.178235549723));
#4258 = CARTESIAN_POINT('',(1.339664372051,13.497937799383,
    -3.716324201363));
#4259 = CARTESIAN_POINT('',(1.481361209546,12.998722181319,
    -3.726545930639));
#4260 = CARTESIAN_POINT('',(1.65522070212,12.486918977439,
    -3.778899337176));
#4261 = ORIENTED_EDGE('',*,*,#4262,.F.);
#4262 = EDGE_CURVE('',#4067,#4252,#4263,.T.);
#4263 = LINE('',#4264,#4265);
#4264 = CARTESIAN_POINT('',(1.712940192072,12.107022393701,
    -4.537437150902));
#4265 = VECTOR('',#4266,1.);
#4266 = DIRECTION('',(0.,1.,0.));
#4267 = B_SPLINE_SURFACE_WITH_KNOTS('',3,3,(
    (#4268,#4269,#4270,#4271,#4272,#4273)
    ,(#4274,#4275,#4276,#4277,#4278,#4279)
    ,(#4280,#4281,#4282,#4283,#4284,#4285)
    ,(#4286,#4287,#4288,#4289,#4290,#4291)
    ,(#4292,#4293,#4294,#4295,#4296,#4297)
    ,(#4298,#4299,#4300,#4301,#4302,#4303)
    ,(#4304,#4305,#4306,#4307,#4308,#4309
    )),.UNSPECIFIED.,.F.,.F.,.F.,(4,1,1,1,4),(4,2,4),(0.5,0.549632352941
    ,0.599264705882,0.648897058824,0.698529411765),(0.,0.163863393893,1.
    ),.UNSPECIFIED.);
#4268 = CARTESIAN_POINT('',(1.712940192072,14.,-4.537437150902));
#4269 = CARTESIAN_POINT('',(1.613838022786,14.,-4.349381699671));
#4270 = CARTESIAN_POINT('',(1.528958295653,13.965145364694,
    -4.178235549723));
#4271 = CARTESIAN_POINT('',(1.32080976965,13.451401636387,
    -3.670315567528));
#4272 = CARTESIAN_POINT('',(1.520175062085,12.875700818193,
    -3.734770535007));
#4273 = CARTESIAN_POINT('',(1.71954035452,12.3,-3.799225502487));
#4274 = CARTESIAN_POINT('',(1.712940192072,13.958333333333,
    -4.537437150902));
#4275 = CARTESIAN_POINT('',(1.619188295354,13.958333333333,
    -4.359534332345));
#4276 = CARTESIAN_POINT('',(1.538604567555,13.924038098275,
    -4.196540234961));
#4277 = CARTESIAN_POINT('',(1.351293415959,13.416562611132,
    -3.728161080933));
#4278 = CARTESIAN_POINT('',(1.545129575276,12.858281305566,
    -3.782124011447));
#4279 = CARTESIAN_POINT('',(1.738965734593,12.3,-3.836086941961));
#4280 = CARTESIAN_POINT('',(1.712940192072,13.875,-4.537437150902));
#4281 = CARTESIAN_POINT('',(1.629888840489,13.875,-4.379839597694));
#4282 = CARTESIAN_POINT('',(1.557897111359,13.841823565436,
    -4.233149605438));
#4283 = CARTESIAN_POINT('',(1.412260708578,13.346884560624,
    -3.843852107742));
#4284 = CARTESIAN_POINT('',(1.595038601658,12.823442280312,
    -3.876830964326));
#4285 = CARTESIAN_POINT('',(1.777816494738,12.3,-3.90980982091));
#4286 = CARTESIAN_POINT('',(1.712940192072,13.75,-4.537437150902));
#4287 = CARTESIAN_POINT('',(1.645395302125,13.75,-4.409264530173));
#4288 = CARTESIAN_POINT('',(1.585881014977,13.718501766177,
    -4.286251627925));
#4289 = CARTESIAN_POINT('',(1.500933992137,13.24236748486,
    -4.012117792255));
#4290 = CARTESIAN_POINT('',(1.668513313547,12.77118374243,
    -4.016255965795));
#4291 = CARTESIAN_POINT('',(1.836092634957,12.3,-4.020394139334));
#4292 = CARTESIAN_POINT('',(1.712940192072,13.625,-4.537437150902));
#4293 = CARTESIAN_POINT('',(1.660424371329,13.625,-4.437783566751));
#4294 = CARTESIAN_POINT('',(1.61302747445,13.595179966918,
    -4.337764523377));
#4295 = CARTESIAN_POINT('',(1.587171311952,13.137850409097,
    -4.175761012252));
#4296 = CARTESIAN_POINT('',(1.740770043564,12.718925204548,
    -4.153369735005));
#4297 = CARTESIAN_POINT('',(1.894368775176,12.3,-4.130978457757));
#4298 = CARTESIAN_POINT('',(1.712940192072,13.541666666667,
    -4.537437150902));
#4299 = CARTESIAN_POINT('',(1.669730828819,13.541666666667,
    -4.45544342299));
#4300 = CARTESIAN_POINT('',(1.62987450286,13.512965434079,
    -4.369733304206));
#4301 = CARTESIAN_POINT('',(1.641025071245,13.068172358588,
    -4.277953457456));
#4302 = CARTESIAN_POINT('',(1.787122303284,12.684086179294,
    -4.241327397081));
#4303 = CARTESIAN_POINT('',(1.933219535322,12.3,-4.204701336706));
#4304 = CARTESIAN_POINT('',(1.712940192072,13.5,-4.537437150902));
#4305 = CARTESIAN_POINT('',(1.674384057564,13.5,-4.464273351109));
#4306 = CARTESIAN_POINT('',(1.638298017066,13.471858167659,
    -4.385717694621));
#4307 = CARTESIAN_POINT('',(1.667951950892,13.033333333333,
    -4.329049680057));
#4308 = CARTESIAN_POINT('',(1.810298433144,12.666666666667,
    -4.285306228119));
#4309 = CARTESIAN_POINT('',(1.952644915395,12.3,-4.241562776181));
#4310 = ADVANCED_FACE('',(#4311),#4347,.F.);
#4311 = FACE_BOUND('',#4312,.F.);
#4312 = EDGE_LOOP('',(#4313,#4324,#4332,#4341));
#4313 = ORIENTED_EDGE('',*,*,#4314,.T.);
#4314 = EDGE_CURVE('',#4315,#4317,#4319,.T.);
#4315 = VERTEX_POINT('',#4316);
#4316 = CARTESIAN_POINT('',(1.783576901024,13.5,-4.724547961248));
#4317 = VERTEX_POINT('',#4318);
#4318 = CARTESIAN_POINT('',(1.307036177768,13.5,-4.87792542276));
#4319 = CIRCLE('',#4320,5.05);
#4320 = AXIS2_PLACEMENT_3D('',#4321,#4322,#4323);
#4321 = CARTESIAN_POINT('',(0.,13.5,0.));
#4322 = DIRECTION('',(-0.,1.,0.));
#4323 = DIRECTION('',(0.,0.,1.));
#4324 = ORIENTED_EDGE('',*,*,#4325,.F.);
#4325 = EDGE_CURVE('',#4326,#4317,#4328,.T.);
#4326 = VERTEX_POINT('',#4327);
#4327 = CARTESIAN_POINT('',(1.307036177768,14.,-4.87792542276));
#4328 = LINE('',#4329,#4330);
#4329 = CARTESIAN_POINT('',(1.307036177768,14.,-4.87792542276));
#4330 = VECTOR('',#4331,1.);
#4331 = DIRECTION('',(1.346938420708E-15,-1.,-5.026842620748E-15));
#4332 = ORIENTED_EDGE('',*,*,#4333,.T.);
#4333 = EDGE_CURVE('',#4326,#4334,#4336,.T.);
#4334 = VERTEX_POINT('',#4335);
#4335 = CARTESIAN_POINT('',(1.783576901024,14.,-4.724547961248));
#4336 = CIRCLE('',#4337,5.05);
#4337 = AXIS2_PLACEMENT_3D('',#4338,#4339,#4340);
#4338 = CARTESIAN_POINT('',(0.,14.,0.));
#4339 = DIRECTION('',(0.,-1.,0.));
#4340 = DIRECTION('',(0.,0.,1.));
#4341 = ORIENTED_EDGE('',*,*,#4342,.F.);
#4342 = EDGE_CURVE('',#4315,#4334,#4343,.T.);
#4343 = LINE('',#4344,#4345);
#4344 = CARTESIAN_POINT('',(1.783576901024,12.107022393701,
    -4.724547961248));
#4345 = VECTOR('',#4346,1.);
#4346 = DIRECTION('',(0.,1.,0.));
#4347 = CYLINDRICAL_SURFACE('',#4348,5.05);
#4348 = AXIS2_PLACEMENT_3D('',#4349,#4350,#4351);
#4349 = CARTESIAN_POINT('',(0.,0.,0.));
#4350 = DIRECTION('',(0.,-1.,0.));
#4351 = DIRECTION('',(0.,0.,1.));
#4352 = ADVANCED_FACE('',(#4353),#4380,.F.);
#4353 = FACE_BOUND('',#4354,.T.);
#4354 = EDGE_LOOP('',(#4355,#4364,#4365,#4374));
#4355 = ORIENTED_EDGE('',*,*,#4356,.T.);
#4356 = EDGE_CURVE('',#4357,#4024,#4359,.T.);
#4357 = VERTEX_POINT('',#4358);
#4358 = CARTESIAN_POINT('',(3.074245216494,14.,4.006434368471));
#4359 = CIRCLE('',#4360,5.05);
#4360 = AXIS2_PLACEMENT_3D('',#4361,#4362,#4363);
#4361 = CARTESIAN_POINT('',(0.,14.,0.));
#4362 = DIRECTION('',(0.,-1.,0.));
#4363 = DIRECTION('',(0.,0.,1.));
#4364 = ORIENTED_EDGE('',*,*,#4023,.F.);
#4365 = ORIENTED_EDGE('',*,*,#4366,.F.);
#4366 = EDGE_CURVE('',#4367,#4016,#4369,.T.);
#4367 = VERTEX_POINT('',#4368);
#4368 = CARTESIAN_POINT('',(4.322206145962,14.,5.632808716068));
#4369 = CIRCLE('',#4370,7.1);
#4370 = AXIS2_PLACEMENT_3D('',#4371,#4372,#4373);
#4371 = CARTESIAN_POINT('',(0.,14.,0.));
#4372 = DIRECTION('',(0.,-1.,0.));
#4373 = DIRECTION('',(0.,0.,1.));
#4374 = ORIENTED_EDGE('',*,*,#4375,.F.);
#4375 = EDGE_CURVE('',#4357,#4367,#4376,.T.);
#4376 = LINE('',#4377,#4378);
#4377 = CARTESIAN_POINT('',(4.322206145962,14.,5.632808716068));
#4378 = VECTOR('',#4379,1.);
#4379 = DIRECTION('',(0.608761429009,6.308085367188E-16,0.793353340291)
  );
#4380 = PLANE('',#4381);
#4381 = AXIS2_PLACEMENT_3D('',#4382,#4383,#4384);
#4382 = CARTESIAN_POINT('',(4.85,14.,0.));
#4383 = DIRECTION('',(0.,-1.,0.));
#4384 = DIRECTION('',(0.,0.,1.));
#4385 = ADVANCED_FACE('',(#4386),#4405,.T.);
#4386 = FACE_BOUND('',#4387,.T.);
#4387 = EDGE_LOOP('',(#4388,#4389,#4398,#4404));
#4388 = ORIENTED_EDGE('',*,*,#4015,.F.);
#4389 = ORIENTED_EDGE('',*,*,#4390,.F.);
#4390 = EDGE_CURVE('',#4391,#4008,#4393,.T.);
#4391 = VERTEX_POINT('',#4392);
#4392 = CARTESIAN_POINT('',(4.322206145962,13.5,5.632808716068));
#4393 = CIRCLE('',#4394,7.1);
#4394 = AXIS2_PLACEMENT_3D('',#4395,#4396,#4397);
#4395 = CARTESIAN_POINT('',(0.,13.5,0.));
#4396 = DIRECTION('',(0.,-1.,0.));
#4397 = DIRECTION('',(0.,0.,1.));
#4398 = ORIENTED_EDGE('',*,*,#4399,.F.);
#4399 = EDGE_CURVE('',#4367,#4391,#4400,.T.);
#4400 = LINE('',#4401,#4402);
#4401 = CARTESIAN_POINT('',(4.322206145962,14.,5.632808716068));
#4402 = VECTOR('',#4403,1.);
#4403 = DIRECTION('',(-1.07111283415E-15,-1.,-7.242454586366E-16));
#4404 = ORIENTED_EDGE('',*,*,#4366,.T.);
#4405 = CYLINDRICAL_SURFACE('',#4406,7.1);
#4406 = AXIS2_PLACEMENT_3D('',#4407,#4408,#4409);
#4407 = CARTESIAN_POINT('',(0.,0.,0.));
#4408 = DIRECTION('',(0.,-1.,0.));
#4409 = DIRECTION('',(0.,0.,1.));
#4410 = ADVANCED_FACE('',(#4411),#4430,.T.);
#4411 = FACE_BOUND('',#4412,.T.);
#4412 = EDGE_LOOP('',(#4413,#4414,#4423,#4429));
#4413 = ORIENTED_EDGE('',*,*,#4007,.F.);
#4414 = ORIENTED_EDGE('',*,*,#4415,.T.);
#4415 = EDGE_CURVE('',#3999,#4416,#4418,.T.);
#4416 = VERTEX_POINT('',#4417);
#4417 = CARTESIAN_POINT('',(3.074245216494,13.5,4.006434368471));
#4418 = CIRCLE('',#4419,5.05);
#4419 = AXIS2_PLACEMENT_3D('',#4420,#4421,#4422);
#4420 = CARTESIAN_POINT('',(0.,13.5,0.));
#4421 = DIRECTION('',(-0.,1.,0.));
#4422 = DIRECTION('',(3.552713678801E-15,0.,1.));
#4423 = ORIENTED_EDGE('',*,*,#4424,.T.);
#4424 = EDGE_CURVE('',#4416,#4391,#4425,.T.);
#4425 = LINE('',#4426,#4427);
#4426 = CARTESIAN_POINT('',(1.797363815626,13.5,2.342370128751));
#4427 = VECTOR('',#4428,1.);
#4428 = DIRECTION('',(0.608761429009,0.,0.793353340291));
#4429 = ORIENTED_EDGE('',*,*,#4390,.T.);
#4430 = PLANE('',#4431);
#4431 = AXIS2_PLACEMENT_3D('',#4432,#4433,#4434);
#4432 = CARTESIAN_POINT('',(4.85,13.5,0.));
#4433 = DIRECTION('',(0.,-1.,0.));
#4434 = DIRECTION('',(0.,0.,1.));
#4435 = ADVANCED_FACE('',(#4436),#4456,.F.);
#4436 = FACE_BOUND('',#4437,.F.);
#4437 = EDGE_LOOP('',(#4438,#4447,#4448,#4449));
#4438 = ORIENTED_EDGE('',*,*,#4439,.T.);
#4439 = EDGE_CURVE('',#4440,#3989,#4442,.T.);
#4440 = VERTEX_POINT('',#4441);
#4441 = CARTESIAN_POINT('',(2.952492930692,13.3,3.847763700412));
#4442 = CIRCLE('',#4443,4.85);
#4443 = AXIS2_PLACEMENT_3D('',#4444,#4445,#4446);
#4444 = CARTESIAN_POINT('',(0.,13.3,0.));
#4445 = DIRECTION('',(0.,-1.,0.));
#4446 = DIRECTION('',(0.,0.,1.));
#4447 = ORIENTED_EDGE('',*,*,#3998,.F.);
#4448 = ORIENTED_EDGE('',*,*,#4415,.T.);
#4449 = ORIENTED_EDGE('',*,*,#4450,.T.);
#4450 = EDGE_CURVE('',#4416,#4440,#4451,.T.);
#4451 = CIRCLE('',#4452,0.2);
#4452 = AXIS2_PLACEMENT_3D('',#4453,#4454,#4455);
#4453 = CARTESIAN_POINT('',(3.074245216494,13.3,4.006434368471));
#4454 = DIRECTION('',(-0.793353340291,4.088782444489E-16,0.608761429009)
  );
#4455 = DIRECTION('',(-0.608761429009,-9.860761315263E-32,
    -0.793353340291));
#4456 = TOROIDAL_SURFACE('',#4457,5.05,0.2);
#4457 = AXIS2_PLACEMENT_3D('',#4458,#4459,#4460);
#4458 = CARTESIAN_POINT('',(0.,13.3,0.));
#4459 = DIRECTION('',(0.,-1.,0.));
#4460 = DIRECTION('',(0.,0.,1.));
#4461 = ADVANCED_FACE('',(#4462),#4482,.T.);
#4462 = FACE_BOUND('',#4463,.T.);
#4463 = EDGE_LOOP('',(#4464,#4465,#4474,#4481));
#4464 = ORIENTED_EDGE('',*,*,#4356,.F.);
#4465 = ORIENTED_EDGE('',*,*,#4466,.T.);
#4466 = EDGE_CURVE('',#4357,#4467,#4469,.T.);
#4467 = VERTEX_POINT('',#4468);
#4468 = CARTESIAN_POINT('',(2.648112216188,13.3,3.451087030267));
#4469 = CIRCLE('',#4470,0.7);
#4470 = AXIS2_PLACEMENT_3D('',#4471,#4472,#4473);
#4471 = CARTESIAN_POINT('',(3.074245216494,13.3,4.006434368471));
#4472 = DIRECTION('',(-0.793353340291,4.088782444489E-16,0.608761429009)
  );
#4473 = DIRECTION('',(-0.608761429009,-4.930380657631E-32,
    -0.793353340291));
#4474 = ORIENTED_EDGE('',*,*,#4475,.F.);
#4475 = EDGE_CURVE('',#3991,#4467,#4476,.T.);
#4476 = CIRCLE('',#4477,4.35);
#4477 = AXIS2_PLACEMENT_3D('',#4478,#4479,#4480);
#4478 = CARTESIAN_POINT('',(0.,13.3,0.));
#4479 = DIRECTION('',(-0.,1.,0.));
#4480 = DIRECTION('',(3.552713678801E-15,0.,1.));
#4481 = ORIENTED_EDGE('',*,*,#4031,.F.);
#4482 = TOROIDAL_SURFACE('',#4483,5.05,0.7);
#4483 = AXIS2_PLACEMENT_3D('',#4484,#4485,#4486);
#4484 = CARTESIAN_POINT('',(0.,13.3,0.));
#4485 = DIRECTION('',(0.,-1.,0.));
#4486 = DIRECTION('',(0.,0.,1.));
#4487 = ADVANCED_FACE('',(#4488),#4524,.T.);
#4488 = FACE_BOUND('',#4489,.T.);
#4489 = EDGE_LOOP('',(#4490,#4501,#4509,#4518));
#4490 = ORIENTED_EDGE('',*,*,#4491,.F.);
#4491 = EDGE_CURVE('',#4492,#4494,#4496,.T.);
#4492 = VERTEX_POINT('',#4493);
#4493 = CARTESIAN_POINT('',(4.160862792009,5.4,2.491931143927));
#4494 = VERTEX_POINT('',#4495);
#4495 = CARTESIAN_POINT('',(3.948177110083,5.4,2.816806260185));
#4496 = CIRCLE('',#4497,4.85);
#4497 = AXIS2_PLACEMENT_3D('',#4498,#4499,#4500);
#4498 = CARTESIAN_POINT('',(0.,5.4,0.));
#4499 = DIRECTION('',(0.,-1.,0.));
#4500 = DIRECTION('',(0.,0.,1.));
#4501 = ORIENTED_EDGE('',*,*,#4502,.T.);
#4502 = EDGE_CURVE('',#4492,#4503,#4505,.T.);
#4503 = VERTEX_POINT('',#4504);
#4504 = CARTESIAN_POINT('',(3.704999822843,5.4,2.279358750336));
#4505 = LINE('',#4506,#4507);
#4506 = CARTESIAN_POINT('',(3.731129742739,5.4,2.29154333209));
#4507 = VECTOR('',#4508,1.);
#4508 = DIRECTION('',(-0.906307787037,0.,-0.422618261741));
#4509 = ORIENTED_EDGE('',*,*,#4510,.T.);
#4510 = EDGE_CURVE('',#4503,#4511,#4513,.T.);
#4511 = VERTEX_POINT('',#4512);
#4512 = CARTESIAN_POINT('',(3.541148542033,5.4,2.526413862227));
#4513 = CIRCLE('',#4514,4.35);
#4514 = AXIS2_PLACEMENT_3D('',#4515,#4516,#4517);
#4515 = CARTESIAN_POINT('',(0.,5.4,0.));
#4516 = DIRECTION('',(0.,-1.,0.));
#4517 = DIRECTION('',(0.,0.,1.));
#4518 = ORIENTED_EDGE('',*,*,#4519,.F.);
#4519 = EDGE_CURVE('',#4494,#4511,#4520,.T.);
#4520 = LINE('',#4521,#4522);
#4521 = CARTESIAN_POINT('',(3.541148542033,5.4,2.526413862227));
#4522 = VECTOR('',#4523,1.);
#4523 = DIRECTION('',(-0.8140571361,0.,-0.580784795914));
#4524 = PLANE('',#4525);
#4525 = AXIS2_PLACEMENT_3D('',#4526,#4527,#4528);
#4526 = CARTESIAN_POINT('',(4.395592767128,5.4,2.049698569442));
#4527 = DIRECTION('',(0.,1.,0.));
#4528 = DIRECTION('',(0.,0.,-1.));
#4529 = ADVANCED_FACE('',(#4530,#4628),#4724,.T.);
#4530 = FACE_BOUND('',#4531,.T.);
#4531 = EDGE_LOOP('',(#4532,#4542,#4553,#4562,#4573,#4579,#4580,#4588,
    #4596,#4605,#4613,#4621));
#4532 = ORIENTED_EDGE('',*,*,#4533,.F.);
#4533 = EDGE_CURVE('',#4534,#4536,#4538,.T.);
#4534 = VERTEX_POINT('',#4535);
#4535 = CARTESIAN_POINT('',(3.847763700412,13.05,2.952492930692));
#4536 = VERTEX_POINT('',#4537);
#4537 = CARTESIAN_POINT('',(3.847763700412,13.3,2.952492930692));
#4538 = LINE('',#4539,#4540);
#4539 = CARTESIAN_POINT('',(3.847763700412,1.595904051289E-30,
    2.952492930692));
#4540 = VECTOR('',#4541,1.);
#4541 = DIRECTION('',(-0.,1.,-0.));
#4542 = ORIENTED_EDGE('',*,*,#4543,.T.);
#4543 = EDGE_CURVE('',#4534,#4544,#4546,.T.);
#4544 = VERTEX_POINT('',#4545);
#4545 = CARTESIAN_POINT('',(3.488123682046,12.5,3.369791266348));
#4546 = B_SPLINE_CURVE_WITH_KNOTS('',3,(#4547,#4548,#4549,#4550,#4551,
    #4552),.UNSPECIFIED.,.F.,.F.,(4,2,4),(1.734723475977E-18,
    4.301542696715E-04,8.60308539343E-04),.UNSPECIFIED.);
#4547 = CARTESIAN_POINT('',(3.847763700412,13.05,2.952492930692));
#4548 = CARTESIAN_POINT('',(3.847763700412,12.904551269603,
    2.952492930692));
#4549 = CARTESIAN_POINT('',(3.811944444822,12.762307821781,
    3.000318452523));
#4550 = CARTESIAN_POINT('',(3.68289558456,12.559388549942,3.157389963274
    ));
#4551 = CARTESIAN_POINT('',(3.589179622439,12.5,3.265186680771));
#4552 = CARTESIAN_POINT('',(3.488123682046,12.5,3.369791266348));
#4553 = ORIENTED_EDGE('',*,*,#4554,.T.);
#4554 = EDGE_CURVE('',#4544,#4555,#4557,.T.);
#4555 = VERTEX_POINT('',#4556);
#4556 = CARTESIAN_POINT('',(3.369791266348,12.5,3.488123682046));
#4557 = CIRCLE('',#4558,4.85);
#4558 = AXIS2_PLACEMENT_3D('',#4559,#4560,#4561);
#4559 = CARTESIAN_POINT('',(0.,12.5,0.));
#4560 = DIRECTION('',(0.,-1.,-0.));
#4561 = DIRECTION('',(0.,0.,-1.));
#4562 = ORIENTED_EDGE('',*,*,#4563,.T.);
#4563 = EDGE_CURVE('',#4555,#4564,#4566,.T.);
#4564 = VERTEX_POINT('',#4565);
#4565 = CARTESIAN_POINT('',(2.952492930692,13.05,3.847763700412));
#4566 = B_SPLINE_CURVE_WITH_KNOTS('',3,(#4567,#4568,#4569,#4570,#4571,
    #4572),.UNSPECIFIED.,.F.,.F.,(4,2,4),(0.,4.301612488575E-04,
    8.60322497715E-04),.UNSPECIFIED.);
#4567 = CARTESIAN_POINT('',(3.369791266348,12.5,3.488123682046));
#4568 = CARTESIAN_POINT('',(3.265191872283,12.5,3.589174607045));
#4569 = CARTESIAN_POINT('',(3.157667024495,12.559174354493,
    3.682660218946));
#4570 = CARTESIAN_POINT('',(3.000481062542,12.761954411543,
    3.811818558001));
#4571 = CARTESIAN_POINT('',(2.952492930692,12.904552842529,
    3.847763700412));
#4572 = CARTESIAN_POINT('',(2.952492930692,13.05,3.847763700412));
#4573 = ORIENTED_EDGE('',*,*,#4574,.T.);
#4574 = EDGE_CURVE('',#4564,#4440,#4575,.T.);
#4575 = LINE('',#4576,#4577);
#4576 = CARTESIAN_POINT('',(2.952492930692,1.595904051289E-30,
    3.847763700412));
#4577 = VECTOR('',#4578,1.);
#4578 = DIRECTION('',(-0.,1.,-0.));
#4579 = ORIENTED_EDGE('',*,*,#4439,.T.);
#4580 = ORIENTED_EDGE('',*,*,#4581,.T.);
#4581 = EDGE_CURVE('',#3989,#4582,#4584,.T.);
#4582 = VERTEX_POINT('',#4583);
#4583 = CARTESIAN_POINT('',(1.682681771698E-14,6.3,4.85));
#4584 = LINE('',#4585,#4586);
#4585 = CARTESIAN_POINT('',(1.693368449339E-14,13.3,4.85));
#4586 = VECTOR('',#4587,1.);
#4587 = DIRECTION('',(0.,-1.,-0.));
#4588 = ORIENTED_EDGE('',*,*,#4589,.T.);
#4589 = EDGE_CURVE('',#4582,#4590,#4592,.T.);
#4590 = VERTEX_POINT('',#4591);
#4591 = CARTESIAN_POINT('',(1.693368449339E-14,0.7,4.85));
#4592 = LINE('',#4593,#4594);
#4593 = CARTESIAN_POINT('',(1.693368449339E-14,13.3,4.85));
#4594 = VECTOR('',#4595,1.);
#4595 = DIRECTION('',(0.,-1.,-0.));
#4596 = ORIENTED_EDGE('',*,*,#4597,.T.);
#4597 = EDGE_CURVE('',#4590,#4598,#4600,.T.);
#4598 = VERTEX_POINT('',#4599);
#4599 = CARTESIAN_POINT('',(4.85,0.7,0.));
#4600 = CIRCLE('',#4601,4.85);
#4601 = AXIS2_PLACEMENT_3D('',#4602,#4603,#4604);
#4602 = CARTESIAN_POINT('',(0.,0.7,0.));
#4603 = DIRECTION('',(-0.,1.,0.));
#4604 = DIRECTION('',(0.,0.,1.));
#4605 = ORIENTED_EDGE('',*,*,#4606,.F.);
#4606 = EDGE_CURVE('',#4607,#4598,#4609,.T.);
#4607 = VERTEX_POINT('',#4608);
#4608 = CARTESIAN_POINT('',(4.85,2.7,0.));
#4609 = LINE('',#4610,#4611);
#4610 = CARTESIAN_POINT('',(4.85,0.7,0.));
#4611 = VECTOR('',#4612,1.);
#4612 = DIRECTION('',(0.,-1.,0.));
#4613 = ORIENTED_EDGE('',*,*,#4614,.F.);
#4614 = EDGE_CURVE('',#4615,#4607,#4617,.T.);
#4615 = VERTEX_POINT('',#4616);
#4616 = CARTESIAN_POINT('',(4.85,13.3,0.));
#4617 = LINE('',#4618,#4619);
#4618 = CARTESIAN_POINT('',(4.85,13.3,0.));
#4619 = VECTOR('',#4620,1.);
#4620 = DIRECTION('',(0.,-1.,0.));
#4621 = ORIENTED_EDGE('',*,*,#4622,.T.);
#4622 = EDGE_CURVE('',#4615,#4536,#4623,.T.);
#4623 = CIRCLE('',#4624,4.85);
#4624 = AXIS2_PLACEMENT_3D('',#4625,#4626,#4627);
#4625 = CARTESIAN_POINT('',(0.,13.3,0.));
#4626 = DIRECTION('',(0.,-1.,0.));
#4627 = DIRECTION('',(0.,0.,1.));
#4628 = FACE_BOUND('',#4629,.T.);
#4629 = EDGE_LOOP('',(#4630,#4641,#4656,#4664,#4673,#4674,#4683,#4692,
    #4703,#4711));
#4630 = ORIENTED_EDGE('',*,*,#4631,.F.);
#4631 = EDGE_CURVE('',#4632,#4634,#4636,.T.);
#4632 = VERTEX_POINT('',#4633);
#4633 = CARTESIAN_POINT('',(3.75178150568,10.4,3.073537950578));
#4634 = VERTEX_POINT('',#4635);
#4635 = CARTESIAN_POINT('',(3.073537950578,10.4,3.75178150568));
#4636 = CIRCLE('',#4637,4.85);
#4637 = AXIS2_PLACEMENT_3D('',#4638,#4639,#4640);
#4638 = CARTESIAN_POINT('',(0.,10.4,0.));
#4639 = DIRECTION('',(0.,-1.,0.));
#4640 = DIRECTION('',(0.,0.,1.));
#4641 = ORIENTED_EDGE('',*,*,#4642,.T.);
#4642 = EDGE_CURVE('',#4632,#4643,#4645,.T.);
#4643 = VERTEX_POINT('',#4644);
#4644 = CARTESIAN_POINT('',(4.395592767128,9.2,2.049698569442));
#4645 = B_SPLINE_CURVE_WITH_KNOTS('',3,(#4646,#4647,#4648,#4649,#4650,
    #4651,#4652,#4653,#4654,#4655),.UNSPECIFIED.,.F.,.F.,(4,2,2,2,4),(0.
    ,4.716699588412E-04,9.433399176824E-04,1.415009876524E-03,
    1.886679835365E-03),.UNSPECIFIED.);
#4646 = CARTESIAN_POINT('',(3.75178150568,10.4,3.073537950578));
#4647 = CARTESIAN_POINT('',(3.852809288559,10.4,2.950216171748));
#4648 = CARTESIAN_POINT('',(3.945884795352,10.370222506103,
    2.823828182676));
#4649 = CARTESIAN_POINT('',(4.109311386095,10.251982100046,
    2.580227190689));
#4650 = CARTESIAN_POINT('',(4.17864894595,10.163532083945,2.464538403049
    ));
#4651 = CARTESIAN_POINT('',(4.288012400504,9.942340578943,2.268921815909
    ));
#4652 = CARTESIAN_POINT('',(4.328829022177,9.808049670759,2.188017713993
    ));
#4653 = CARTESIAN_POINT('',(4.382216631787,9.517889748162,2.079028526036
    ));
#4654 = CARTESIAN_POINT('',(4.395592767128,9.359464572465,2.049698569442
    ));
#4655 = CARTESIAN_POINT('',(4.395592767128,9.2,2.049698569442));
#4656 = ORIENTED_EDGE('',*,*,#4657,.T.);
#4657 = EDGE_CURVE('',#4643,#4658,#4660,.T.);
#4658 = VERTEX_POINT('',#4659);
#4659 = CARTESIAN_POINT('',(4.395592767128,5.9,2.049698569442));
#4660 = LINE('',#4661,#4662);
#4661 = CARTESIAN_POINT('',(4.395592767128,5.4,2.049698569442));
#4662 = VECTOR('',#4663,1.);
#4663 = DIRECTION('',(-0.,-1.,0.));
#4664 = ORIENTED_EDGE('',*,*,#4665,.T.);
#4665 = EDGE_CURVE('',#4658,#4492,#4666,.T.);
#4666 = B_SPLINE_CURVE_WITH_KNOTS('',3,(#4667,#4668,#4669,#4670,#4671,
    #4672),.UNSPECIFIED.,.F.,.F.,(4,2,4),(0.,3.909604450465E-04,
    7.819208900931E-04),.UNSPECIFIED.);
#4667 = CARTESIAN_POINT('',(4.395592767128,5.9,2.049698569442));
#4668 = CARTESIAN_POINT('',(4.395592767128,5.767803865183,2.049698569442
    ));
#4669 = CARTESIAN_POINT('',(4.373172041931,5.638523151084,2.099142014922
    ));
#4670 = CARTESIAN_POINT('',(4.290078443227,5.454049252789,2.264124081869
    ));
#4671 = CARTESIAN_POINT('',(4.228783990071,5.4,2.378520792885));
#4672 = CARTESIAN_POINT('',(4.160862792009,5.4,2.491931143927));
#4673 = ORIENTED_EDGE('',*,*,#4491,.T.);
#4674 = ORIENTED_EDGE('',*,*,#4675,.F.);
#4675 = EDGE_CURVE('',#4676,#4494,#4678,.T.);
#4676 = VERTEX_POINT('',#4677);
#4677 = CARTESIAN_POINT('',(2.816806260185,5.4,3.948177110083));
#4678 = CIRCLE('',#4679,4.85);
#4679 = AXIS2_PLACEMENT_3D('',#4680,#4681,#4682);
#4680 = CARTESIAN_POINT('',(0.,5.4,0.));
#4681 = DIRECTION('',(0.,1.,0.));
#4682 = DIRECTION('',(0.,0.,-1.));
#4683 = ORIENTED_EDGE('',*,*,#4684,.T.);
#4684 = EDGE_CURVE('',#4676,#4685,#4687,.T.);
#4685 = VERTEX_POINT('',#4686);
#4686 = CARTESIAN_POINT('',(2.491931143927,5.4,4.160862792009));
#4687 = CIRCLE('',#4688,4.85);
#4688 = AXIS2_PLACEMENT_3D('',#4689,#4690,#4691);
#4689 = CARTESIAN_POINT('',(0.,5.4,0.));
#4690 = DIRECTION('',(0.,-1.,0.));
#4691 = DIRECTION('',(0.,0.,1.));
#4692 = ORIENTED_EDGE('',*,*,#4693,.T.);
#4693 = EDGE_CURVE('',#4685,#4694,#4696,.T.);
#4694 = VERTEX_POINT('',#4695);
#4695 = CARTESIAN_POINT('',(2.049698569442,5.9,4.395592767128));
#4696 = B_SPLINE_CURVE_WITH_KNOTS('',3,(#4697,#4698,#4699,#4700,#4701,
    #4702),.UNSPECIFIED.,.F.,.F.,(4,2,4),(0.,3.909656641979E-04,
    7.819313283957E-04),.UNSPECIFIED.);
#4697 = CARTESIAN_POINT('',(2.491931143927,5.4,4.160862792009));
#4698 = CARTESIAN_POINT('',(2.37852546549,5.4,4.228781191659));
#4699 = CARTESIAN_POINT('',(2.264415204518,5.453855878494,4.289926312389
    ));
#4700 = CARTESIAN_POINT('',(2.099311153615,5.638202254386,4.373092345754
    ));
#4701 = CARTESIAN_POINT('',(2.049698569442,5.767805057778,4.395592767128
    ));
#4702 = CARTESIAN_POINT('',(2.049698569442,5.9,4.395592767128));
#4703 = ORIENTED_EDGE('',*,*,#4704,.F.);
#4704 = EDGE_CURVE('',#4705,#4694,#4707,.T.);
#4705 = VERTEX_POINT('',#4706);
#4706 = CARTESIAN_POINT('',(2.049698569442,9.2,4.395592767128));
#4707 = LINE('',#4708,#4709);
#4708 = CARTESIAN_POINT('',(2.049698569442,5.4,4.395592767128));
#4709 = VECTOR('',#4710,1.);
#4710 = DIRECTION('',(-0.,-1.,0.));
#4711 = ORIENTED_EDGE('',*,*,#4712,.T.);
#4712 = EDGE_CURVE('',#4705,#4634,#4713,.T.);
#4713 = B_SPLINE_CURVE_WITH_KNOTS('',3,(#4714,#4715,#4716,#4717,#4718,
    #4719,#4720,#4721,#4722,#4723),.UNSPECIFIED.,.F.,.F.,(4,2,2,2,4),(0.
    ,4.716300698379E-04,9.432601396758E-04,1.414890209514E-03,
    1.886520279352E-03),.UNSPECIFIED.);
#4714 = CARTESIAN_POINT('',(2.049698569442,9.2,4.395592767128));
#4715 = CARTESIAN_POINT('',(2.049698569442,9.359471096002,4.395592767128
    ));
#4716 = CARTESIAN_POINT('',(2.078455838038,9.516003639331,4.382491364094
    ));
#4717 = CARTESIAN_POINT('',(2.187848546244,9.807958310258,4.328917643676
    ));
#4718 = CARTESIAN_POINT('',(2.268434954218,9.941625499318,4.288267016952
    ));
#4719 = CARTESIAN_POINT('',(2.463868487909,10.162938178866,
    4.179040945538));
#4720 = CARTESIAN_POINT('',(2.580117863828,10.251784011791,
    4.109348090229));
#4721 = CARTESIAN_POINT('',(2.822261803814,10.369606230983,
    3.946972032919));
#4722 = CARTESIAN_POINT('',(2.950189995506,10.4,3.852830732684));
#4723 = CARTESIAN_POINT('',(3.073537950578,10.4,3.75178150568));
#4724 = CYLINDRICAL_SURFACE('',#4725,4.85);
#4725 = AXIS2_PLACEMENT_3D('',#4726,#4727,#4728);
#4726 = CARTESIAN_POINT('',(0.,0.,0.));
#4727 = DIRECTION('',(0.,-1.,0.));
#4728 = DIRECTION('',(0.,0.,1.));
#4729 = ADVANCED_FACE('',(#4730,#4828),#4936,.F.);
#4730 = FACE_BOUND('',#4731,.F.);
#4731 = EDGE_LOOP('',(#4732,#4745,#4751,#4752,#4760,#4768,#4777,#4785,
    #4793,#4802,#4810,#4821));
#4732 = ORIENTED_EDGE('',*,*,#4733,.F.);
#4733 = EDGE_CURVE('',#4734,#4736,#4738,.T.);
#4734 = VERTEX_POINT('',#4735);
#4735 = CARTESIAN_POINT('',(2.648112216188,13.05,3.451087030267));
#4736 = VERTEX_POINT('',#4737);
#4737 = CARTESIAN_POINT('',(3.063204571374,12.5,3.088572122181));
#4738 = B_SPLINE_CURVE_WITH_KNOTS('',3,(#4739,#4740,#4741,#4742,#4743,
    #4744),.UNSPECIFIED.,.F.,.F.,(4,2,4),(0.,4.30291594234E-04,
    8.60583188468E-04),.UNSPECIFIED.);
#4739 = CARTESIAN_POINT('',(2.648112216188,13.05,3.451087030267));
#4740 = CARTESIAN_POINT('',(2.648112216188,12.904504948575,
    3.451087030267));
#4741 = CARTESIAN_POINT('',(2.696023645578,12.762212829986,
    3.415303827454));
#4742 = CARTESIAN_POINT('',(2.852691905731,12.559296419505,
    3.285573408451));
#4743 = CARTESIAN_POINT('',(2.959903440711,12.5,3.191024803601));
#4744 = CARTESIAN_POINT('',(3.063204571374,12.5,3.088572122181));
#4745 = ORIENTED_EDGE('',*,*,#4746,.T.);
#4746 = EDGE_CURVE('',#4734,#4467,#4747,.T.);
#4747 = LINE('',#4748,#4749);
#4748 = CARTESIAN_POINT('',(2.648112216188,14.,3.451087030267));
#4749 = VECTOR('',#4750,1.);
#4750 = DIRECTION('',(0.,1.,0.));
#4751 = ORIENTED_EDGE('',*,*,#4475,.F.);
#4752 = ORIENTED_EDGE('',*,*,#4753,.T.);
#4753 = EDGE_CURVE('',#3991,#4754,#4756,.T.);
#4754 = VERTEX_POINT('',#4755);
#4755 = CARTESIAN_POINT('',(1.518794382397E-14,6.3,4.35));
#4756 = LINE('',#4757,#4758);
#4757 = CARTESIAN_POINT('',(1.5092094241E-14,6.3,4.35));
#4758 = VECTOR('',#4759,1.);
#4759 = DIRECTION('',(-0.,-1.,-0.));
#4760 = ORIENTED_EDGE('',*,*,#4761,.F.);
#4761 = EDGE_CURVE('',#4762,#4754,#4764,.T.);
#4762 = VERTEX_POINT('',#4763);
#4763 = CARTESIAN_POINT('',(1.518794382397E-14,0.7,4.35));
#4764 = LINE('',#4765,#4766);
#4765 = CARTESIAN_POINT('',(1.518794382397E-14,0.,4.35));
#4766 = VECTOR('',#4767,1.);
#4767 = DIRECTION('',(-0.,1.,-0.));
#4768 = ORIENTED_EDGE('',*,*,#4769,.F.);
#4769 = EDGE_CURVE('',#4770,#4762,#4772,.T.);
#4770 = VERTEX_POINT('',#4771);
#4771 = CARTESIAN_POINT('',(4.35,0.7,-3.995410182218E-16));
#4772 = CIRCLE('',#4773,4.35);
#4773 = AXIS2_PLACEMENT_3D('',#4774,#4775,#4776);
#4774 = CARTESIAN_POINT('',(0.,0.7,0.));
#4775 = DIRECTION('',(0.,-1.,0.));
#4776 = DIRECTION('',(0.,0.,1.));
#4777 = ORIENTED_EDGE('',*,*,#4778,.T.);
#4778 = EDGE_CURVE('',#4770,#4779,#4781,.T.);
#4779 = VERTEX_POINT('',#4780);
#4780 = CARTESIAN_POINT('',(4.35,2.7,-3.995410182218E-16));
#4781 = LINE('',#4782,#4783);
#4782 = CARTESIAN_POINT('',(4.35,0.,-7.990820364436E-16));
#4783 = VECTOR('',#4784,1.);
#4784 = DIRECTION('',(-0.,1.,-0.));
#4785 = ORIENTED_EDGE('',*,*,#4786,.T.);
#4786 = EDGE_CURVE('',#4779,#4787,#4789,.T.);
#4787 = VERTEX_POINT('',#4788);
#4788 = CARTESIAN_POINT('',(4.35,13.3,0.));
#4789 = LINE('',#4790,#4791);
#4790 = CARTESIAN_POINT('',(4.35,0.,0.));
#4791 = VECTOR('',#4792,1.);
#4792 = DIRECTION('',(-0.,1.,-0.));
#4793 = ORIENTED_EDGE('',*,*,#4794,.F.);
#4794 = EDGE_CURVE('',#4795,#4787,#4797,.T.);
#4795 = VERTEX_POINT('',#4796);
#4796 = CARTESIAN_POINT('',(3.451087030267,13.3,2.648112216188));
#4797 = CIRCLE('',#4798,4.35);
#4798 = AXIS2_PLACEMENT_3D('',#4799,#4800,#4801);
#4799 = CARTESIAN_POINT('',(0.,13.3,0.));
#4800 = DIRECTION('',(-0.,1.,0.));
#4801 = DIRECTION('',(0.,0.,1.));
#4802 = ORIENTED_EDGE('',*,*,#4803,.F.);
#4803 = EDGE_CURVE('',#4804,#4795,#4806,.T.);
#4804 = VERTEX_POINT('',#4805);
#4805 = CARTESIAN_POINT('',(3.451087030267,13.05,2.648112216188));
#4806 = LINE('',#4807,#4808);
#4807 = CARTESIAN_POINT('',(3.451087030267,14.,2.648112216188));
#4808 = VECTOR('',#4809,1.);
#4809 = DIRECTION('',(0.,1.,0.));
#4810 = ORIENTED_EDGE('',*,*,#4811,.F.);
#4811 = EDGE_CURVE('',#4812,#4804,#4814,.T.);
#4812 = VERTEX_POINT('',#4813);
#4813 = CARTESIAN_POINT('',(3.088572122181,12.5,3.063204571374));
#4814 = B_SPLINE_CURVE_WITH_KNOTS('',3,(#4815,#4816,#4817,#4818,#4819,
    #4820),.UNSPECIFIED.,.F.,.F.,(4,2,4),(0.,4.303003266055E-04,
    8.60600653211E-04),.UNSPECIFIED.);
#4815 = CARTESIAN_POINT('',(3.088572122181,12.5,3.063204571374));
#4816 = CARTESIAN_POINT('',(3.191018522813,12.5,2.959909773512));
#4817 = CARTESIAN_POINT('',(3.285334463318,12.559080158089,
    2.852969958765));
#4818 = CARTESIAN_POINT('',(3.415177932424,12.761858872718,
    2.696186160368));
#4819 = CARTESIAN_POINT('',(3.451087030267,12.904506878733,
    2.648112216188));
#4820 = CARTESIAN_POINT('',(3.451087030267,13.05,2.648112216188));
#4821 = ORIENTED_EDGE('',*,*,#4822,.T.);
#4822 = EDGE_CURVE('',#4812,#4736,#4823,.T.);
#4823 = CIRCLE('',#4824,4.35);
#4824 = AXIS2_PLACEMENT_3D('',#4825,#4826,#4827);
#4825 = CARTESIAN_POINT('',(0.,12.5,0.));
#4826 = DIRECTION('',(0.,-1.,0.));
#4827 = DIRECTION('',(0.,0.,1.));
#4828 = FACE_BOUND('',#4829,.F.);
#4829 = EDGE_LOOP('',(#4830,#4839,#4851,#4860,#4871,#4879,#4894,#4903,
    #4918,#4926,#4935));
#4830 = ORIENTED_EDGE('',*,*,#4831,.T.);
#4831 = EDGE_CURVE('',#4511,#4832,#4834,.T.);
#4832 = VERTEX_POINT('',#4833);
#4833 = CARTESIAN_POINT('',(3.075914498161,5.4,3.075914498162));
#4834 = CIRCLE('',#4835,4.35);
#4835 = AXIS2_PLACEMENT_3D('',#4836,#4837,#4838);
#4836 = CARTESIAN_POINT('',(0.,5.4,0.));
#4837 = DIRECTION('',(0.,-1.,0.));
#4838 = DIRECTION('',(0.,0.,-1.));
#4839 = ORIENTED_EDGE('',*,*,#4840,.T.);
#4840 = EDGE_CURVE('',#4832,#4841,#4843,.T.);
#4841 = VERTEX_POINT('',#4842);
#4842 = CARTESIAN_POINT('',(2.526413862227,5.4,3.541148542033));
#4843 = B_SPLINE_CURVE_WITH_KNOTS('',3,(#4844,#4845,#4846,#4847,#4848,
    #4849,#4850),.UNSPECIFIED.,.F.,.F.,(4,1,1,1,4),(0.5,0.625,0.75,0.875
    ,1.),.QUASI_UNIFORM_KNOTS.);
#4844 = CARTESIAN_POINT('',(3.075914498161,5.4,3.075914498162));
#4845 = CARTESIAN_POINT('',(3.033439771912,5.4,3.118389224411));
#4846 = CARTESIAN_POINT('',(2.944815012523,5.4,3.203461725437));
#4847 = CARTESIAN_POINT('',(2.804912140922,5.4,3.326620862194));
#4848 = CARTESIAN_POINT('',(2.663464034156,5.4,3.440778887191));
#4849 = CARTESIAN_POINT('',(2.57138020282,5.4,3.509067542082));
#4850 = CARTESIAN_POINT('',(2.526413862227,5.4,3.541148542033));
#4851 = ORIENTED_EDGE('',*,*,#4852,.T.);
#4852 = EDGE_CURVE('',#4841,#4853,#4855,.T.);
#4853 = VERTEX_POINT('',#4854);
#4854 = CARTESIAN_POINT('',(2.279358750336,5.4,3.704999822843));
#4855 = CIRCLE('',#4856,4.35);
#4856 = AXIS2_PLACEMENT_3D('',#4857,#4858,#4859);
#4857 = CARTESIAN_POINT('',(0.,5.4,0.));
#4858 = DIRECTION('',(0.,-1.,0.));
#4859 = DIRECTION('',(0.,0.,1.));
#4860 = ORIENTED_EDGE('',*,*,#4861,.F.);
#4861 = EDGE_CURVE('',#4862,#4853,#4864,.T.);
#4862 = VERTEX_POINT('',#4863);
#4863 = CARTESIAN_POINT('',(1.838389438572,5.9,3.942438873609));
#4864 = B_SPLINE_CURVE_WITH_KNOTS('',3,(#4865,#4866,#4867,#4868,#4869,
    #4870),.UNSPECIFIED.,.F.,.F.,(4,2,4),(0.,3.910633635614E-04,
    7.821267271228E-04),.UNSPECIFIED.);
#4865 = CARTESIAN_POINT('',(1.838389438572,5.9,3.942438873609));
#4866 = CARTESIAN_POINT('',(1.838389438572,5.767769149847,3.942438873609
    ));
#4867 = CARTESIAN_POINT('',(1.887892449521,5.638451952392,3.920063965457
    ));
#4868 = CARTESIAN_POINT('',(2.052665213482,5.453980177798,3.836353074939
    ));
#4869 = CARTESIAN_POINT('',(2.166737039888,5.4,3.774286001915));
#4870 = CARTESIAN_POINT('',(2.279358750336,5.4,3.704999822843));
#4871 = ORIENTED_EDGE('',*,*,#4872,.T.);
#4872 = EDGE_CURVE('',#4862,#4873,#4875,.T.);
#4873 = VERTEX_POINT('',#4874);
#4874 = CARTESIAN_POINT('',(1.838389438572,9.2,3.942438873609));
#4875 = LINE('',#4876,#4877);
#4876 = CARTESIAN_POINT('',(1.838389438572,5.4,3.942438873609));
#4877 = VECTOR('',#4878,1.);
#4878 = DIRECTION('',(0.,1.,0.));
#4879 = ORIENTED_EDGE('',*,*,#4880,.F.);
#4880 = EDGE_CURVE('',#4881,#4873,#4883,.T.);
#4881 = VERTEX_POINT('',#4882);
#4882 = CARTESIAN_POINT('',(2.854624184235,10.4,3.282319418762));
#4883 = B_SPLINE_CURVE_WITH_KNOTS('',3,(#4884,#4885,#4886,#4887,#4888,
    #4889,#4890,#4891,#4892,#4893),.UNSPECIFIED.,.F.,.F.,(4,2,2,2,4),(0.
    ,4.724346367453E-04,9.448692734907E-04,1.417303910236E-03,
    1.889738546981E-03),.UNSPECIFIED.);
#4884 = CARTESIAN_POINT('',(2.854624184235,10.4,3.282319418762));
#4885 = CARTESIAN_POINT('',(2.734149081565,10.4,3.387096284692));
#4886 = CARTESIAN_POINT('',(2.609689822129,10.370567948499,
    3.483336847938));
#4887 = CARTESIAN_POINT('',(2.368536103416,10.252853069896,
    3.651595992267));
#4888 = CARTESIAN_POINT('',(2.253319718321,10.164556571883,3.72259109488
    ));
#4889 = CARTESIAN_POINT('',(2.058060979084,9.943372400899,3.833995203313
    ));
#4890 = CARTESIAN_POINT('',(1.977040680578,9.808950036013,3.875244037528
    ));
#4891 = CARTESIAN_POINT('',(1.867818926533,9.518368971627,3.929053150663
    ));
#4892 = CARTESIAN_POINT('',(1.838389438572,9.359717848165,3.942438873609
    ));
#4893 = CARTESIAN_POINT('',(1.838389438572,9.2,3.942438873609));
#4894 = ORIENTED_EDGE('',*,*,#4895,.F.);
#4895 = EDGE_CURVE('',#4896,#4881,#4898,.T.);
#4896 = VERTEX_POINT('',#4897);
#4897 = CARTESIAN_POINT('',(3.282319418762,10.4,2.854624184235));
#4898 = CIRCLE('',#4899,4.35);
#4899 = AXIS2_PLACEMENT_3D('',#4900,#4901,#4902);
#4900 = CARTESIAN_POINT('',(0.,10.4,0.));
#4901 = DIRECTION('',(0.,-1.,0.));
#4902 = DIRECTION('',(0.,0.,1.));
#4903 = ORIENTED_EDGE('',*,*,#4904,.F.);
#4904 = EDGE_CURVE('',#4905,#4896,#4907,.T.);
#4905 = VERTEX_POINT('',#4906);
#4906 = CARTESIAN_POINT('',(3.942438873609,9.2,1.838389438572));
#4907 = B_SPLINE_CURVE_WITH_KNOTS('',3,(#4908,#4909,#4910,#4911,#4912,
    #4913,#4914,#4915,#4916,#4917),.UNSPECIFIED.,.F.,.F.,(4,2,2,2,4),(0.
    ,4.723836629975E-04,9.447673259949E-04,1.417150988992E-03,
    1.88953465199E-03),.UNSPECIFIED.);
#4908 = CARTESIAN_POINT('',(3.942438873609,9.2,1.838389438572));
#4909 = CARTESIAN_POINT('',(3.942438873609,9.359725317694,1.838389438572
    ));
#4910 = CARTESIAN_POINT('',(3.929322760829,9.516520579576,1.867258595469
    ));
#4911 = CARTESIAN_POINT('',(3.875336884471,9.808838456668,1.976865208601
    ));
#4912 = CARTESIAN_POINT('',(3.834252456688,9.942656329412,2.057575002385
    ));
#4913 = CARTESIAN_POINT('',(3.722999422859,10.16394995941,2.252638916794
    ));
#4914 = CARTESIAN_POINT('',(3.65164562009,10.252645994965,2.368405571322
    ));
#4915 = CARTESIAN_POINT('',(3.484440862784,10.369966744979,2.60816651285
    ));
#4916 = CARTESIAN_POINT('',(3.387122918946,10.4,2.734118456823));
#4917 = CARTESIAN_POINT('',(3.282319418762,10.4,2.854624184235));
#4918 = ORIENTED_EDGE('',*,*,#4919,.F.);
#4919 = EDGE_CURVE('',#4920,#4905,#4922,.T.);
#4920 = VERTEX_POINT('',#4921);
#4921 = CARTESIAN_POINT('',(3.942438873609,5.9,1.838389438572));
#4922 = LINE('',#4923,#4924);
#4923 = CARTESIAN_POINT('',(3.942438873609,5.4,1.838389438572));
#4924 = VECTOR('',#4925,1.);
#4925 = DIRECTION('',(0.,1.,0.));
#4926 = ORIENTED_EDGE('',*,*,#4927,.F.);
#4927 = EDGE_CURVE('',#4503,#4920,#4928,.T.);
#4928 = B_SPLINE_CURVE_WITH_KNOTS('',3,(#4929,#4930,#4931,#4932,#4933,
    #4934),.UNSPECIFIED.,.F.,.F.,(4,2,4),(4.336808689942E-19,
    3.91069886604E-04,7.821397732081E-04),.UNSPECIFIED.);
#4929 = CARTESIAN_POINT('',(3.704999822843,5.4,2.279358750336));
#4930 = CARTESIAN_POINT('',(3.774282471703,5.4,2.166742778096));
#4931 = CARTESIAN_POINT('',(3.836198349129,5.453785242684,2.052957603773
    ));
#4932 = CARTESIAN_POINT('',(3.919984226874,5.638130611925,1.888061534434
    ));
#4933 = CARTESIAN_POINT('',(3.942438873609,5.767770616769,1.838389438572
    ));
#4934 = CARTESIAN_POINT('',(3.942438873609,5.9,1.838389438572));
#4935 = ORIENTED_EDGE('',*,*,#4510,.T.);
#4936 = CYLINDRICAL_SURFACE('',#4937,4.35);
#4937 = AXIS2_PLACEMENT_3D('',#4938,#4939,#4940);
#4938 = CARTESIAN_POINT('',(0.,0.,0.));
#4939 = DIRECTION('',(0.,-1.,0.));
#4940 = DIRECTION('',(0.,0.,1.));
#4941 = ADVANCED_FACE('',(#4942),#4974,.T.);
#4942 = FACE_BOUND('',#4943,.T.);
#4943 = EDGE_LOOP('',(#4944,#4950,#4959,#4967));
#4944 = ORIENTED_EDGE('',*,*,#4945,.F.);
#4945 = EDGE_CURVE('',#4598,#4770,#4946,.T.);
#4946 = LINE('',#4947,#4948);
#4947 = CARTESIAN_POINT('',(4.85,0.7,0.));
#4948 = VECTOR('',#4949,1.);
#4949 = DIRECTION('',(-1.,0.,0.));
#4950 = ORIENTED_EDGE('',*,*,#4951,.T.);
#4951 = EDGE_CURVE('',#4598,#4952,#4954,.T.);
#4952 = VERTEX_POINT('',#4953);
#4953 = CARTESIAN_POINT('',(4.15,-4.336808689942E-16,-0.));
#4954 = CIRCLE('',#4955,0.7);
#4955 = AXIS2_PLACEMENT_3D('',#4956,#4957,#4958);
#4956 = CARTESIAN_POINT('',(4.15,0.7,0.));
#4957 = DIRECTION('',(0.,0.,-1.));
#4958 = DIRECTION('',(-1.,0.,0.));
#4959 = ORIENTED_EDGE('',*,*,#4960,.T.);
#4960 = EDGE_CURVE('',#4952,#4961,#4963,.T.);
#4961 = VERTEX_POINT('',#4962);
#4962 = CARTESIAN_POINT('',(4.15,0.5,0.));
#4963 = LINE('',#4964,#4965);
#4964 = CARTESIAN_POINT('',(4.15,-4.336808689942E-16,-0.));
#4965 = VECTOR('',#4966,1.);
#4966 = DIRECTION('',(0.,1.,0.));
#4967 = ORIENTED_EDGE('',*,*,#4968,.T.);
#4968 = EDGE_CURVE('',#4961,#4770,#4969,.T.);
#4969 = CIRCLE('',#4970,0.2);
#4970 = AXIS2_PLACEMENT_3D('',#4971,#4972,#4973);
#4971 = CARTESIAN_POINT('',(4.15,0.7,0.));
#4972 = DIRECTION('',(0.,-0.,1.));
#4973 = DIRECTION('',(-1.,0.,0.));
#4974 = PLANE('',#4975);
#4975 = AXIS2_PLACEMENT_3D('',#4976,#4977,#4978);
#4976 = CARTESIAN_POINT('',(4.15,0.7,0.));
#4977 = DIRECTION('',(0.,0.,-1.));
#4978 = DIRECTION('',(-1.,0.,0.));
#4979 = ADVANCED_FACE('',(#4980),#5007,.T.);
#4980 = FACE_BOUND('',#4981,.T.);
#4981 = EDGE_LOOP('',(#4982,#4992,#4999,#5000));
#4982 = ORIENTED_EDGE('',*,*,#4983,.F.);
#4983 = EDGE_CURVE('',#4984,#4986,#4988,.T.);
#4984 = VERTEX_POINT('',#4985);
#4985 = CARTESIAN_POINT('',(3.736418511566,0.5,-1.806011269739));
#4986 = VERTEX_POINT('',#4987);
#4987 = CARTESIAN_POINT('',(3.736418511566,0.,-1.806011269739));
#4988 = LINE('',#4989,#4990);
#4989 = CARTESIAN_POINT('',(3.736418511566,7.754232452524,
    -1.806011269739));
#4990 = VECTOR('',#4991,1.);
#4991 = DIRECTION('',(0.,-1.,0.));
#4992 = ORIENTED_EDGE('',*,*,#4993,.F.);
#4993 = EDGE_CURVE('',#4961,#4984,#4994,.T.);
#4994 = CIRCLE('',#4995,4.15);
#4995 = AXIS2_PLACEMENT_3D('',#4996,#4997,#4998);
#4996 = CARTESIAN_POINT('',(0.,0.5,0.));
#4997 = DIRECTION('',(0.,1.,-0.));
#4998 = DIRECTION('',(-8.881784197001E-16,0.,1.));
#4999 = ORIENTED_EDGE('',*,*,#4960,.F.);
#5000 = ORIENTED_EDGE('',*,*,#5001,.F.);
#5001 = EDGE_CURVE('',#4986,#4952,#5002,.T.);
#5002 = CIRCLE('',#5003,4.15);
#5003 = AXIS2_PLACEMENT_3D('',#5004,#5005,#5006);
#5004 = CARTESIAN_POINT('',(0.,-3.252606517457E-16,0.));
#5005 = DIRECTION('',(0.,-1.,0.));
#5006 = DIRECTION('',(0.,0.,1.));
#5007 = CYLINDRICAL_SURFACE('',#5008,4.15);
#5008 = AXIS2_PLACEMENT_3D('',#5009,#5010,#5011);
#5009 = CARTESIAN_POINT('',(0.,0.,0.));
#5010 = DIRECTION('',(0.,-1.,0.));
#5011 = DIRECTION('',(0.,0.,1.));
#5012 = ADVANCED_FACE('',(#5013),#5079,.F.);
#5013 = FACE_BOUND('',#5014,.T.);
#5014 = EDGE_LOOP('',(#5015,#5026,#5032,#5033,#5039,#5047,#5055,#5064,
    #5073));
#5015 = ORIENTED_EDGE('',*,*,#5016,.F.);
#5016 = EDGE_CURVE('',#5017,#5019,#5021,.T.);
#5017 = VERTEX_POINT('',#5018);
#5018 = CARTESIAN_POINT('',(1.837615220228,14.,-6.858073366652));
#5019 = VERTEX_POINT('',#5020);
#5020 = CARTESIAN_POINT('',(5.632808716068,14.,4.322206145962));
#5021 = CIRCLE('',#5022,7.1);
#5022 = AXIS2_PLACEMENT_3D('',#5023,#5024,#5025);
#5023 = CARTESIAN_POINT('',(0.,14.,0.));
#5024 = DIRECTION('',(0.,-1.,0.));
#5025 = DIRECTION('',(0.,0.,1.));
#5026 = ORIENTED_EDGE('',*,*,#5027,.T.);
#5027 = EDGE_CURVE('',#5017,#4326,#5028,.T.);
#5028 = LINE('',#5029,#5030);
#5029 = CARTESIAN_POINT('',(1.307036177768,14.,-4.87792542276));
#5030 = VECTOR('',#5031,1.);
#5031 = DIRECTION('',(-0.258819045103,0.,0.965925826289));
#5032 = ORIENTED_EDGE('',*,*,#4333,.T.);
#5033 = ORIENTED_EDGE('',*,*,#5034,.T.);
#5034 = EDGE_CURVE('',#4334,#4252,#5035,.T.);
#5035 = LINE('',#5036,#5037);
#5036 = CARTESIAN_POINT('',(1.783576901024,14.,-4.724547961248));
#5037 = VECTOR('',#5038,1.);
#5038 = DIRECTION('',(-0.353183544757,0.,0.935554051732));
#5039 = ORIENTED_EDGE('',*,*,#5040,.T.);
#5040 = EDGE_CURVE('',#4252,#5041,#5043,.T.);
#5041 = VERTEX_POINT('',#5042);
#5042 = CARTESIAN_POINT('',(2.774549648938,14.,-3.9779862048));
#5043 = LINE('',#5044,#5045);
#5044 = CARTESIAN_POINT('',(1.712940192072,14.,-4.537437150902));
#5045 = VECTOR('',#5046,1.);
#5046 = DIRECTION('',(0.884674547388,0.,0.466209121751));
#5047 = ORIENTED_EDGE('',*,*,#5048,.T.);
#5048 = EDGE_CURVE('',#5041,#5049,#5051,.T.);
#5049 = VERTEX_POINT('',#5050);
#5050 = CARTESIAN_POINT('',(2.88896406745,14.,-4.142026873039));
#5051 = LINE('',#5052,#5053);
#5052 = CARTESIAN_POINT('',(2.774549648938,14.,-3.9779862048));
#5053 = VECTOR('',#5054,1.);
#5054 = DIRECTION('',(0.572072092564,0.,-0.820203341196));
#5055 = ORIENTED_EDGE('',*,*,#5056,.T.);
#5056 = EDGE_CURVE('',#5049,#5057,#5059,.T.);
#5057 = VERTEX_POINT('',#5058);
#5058 = CARTESIAN_POINT('',(5.05,14.,0.));
#5059 = CIRCLE('',#5060,5.05);
#5060 = AXIS2_PLACEMENT_3D('',#5061,#5062,#5063);
#5061 = CARTESIAN_POINT('',(0.,14.,0.));
#5062 = DIRECTION('',(0.,-1.,0.));
#5063 = DIRECTION('',(0.,0.,1.));
#5064 = ORIENTED_EDGE('',*,*,#5065,.T.);
#5065 = EDGE_CURVE('',#5057,#5066,#5068,.T.);
#5066 = VERTEX_POINT('',#5067);
#5067 = CARTESIAN_POINT('',(4.006434368471,14.,3.074245216494));
#5068 = CIRCLE('',#5069,5.05);
#5069 = AXIS2_PLACEMENT_3D('',#5070,#5071,#5072);
#5070 = CARTESIAN_POINT('',(0.,14.,0.));
#5071 = DIRECTION('',(0.,-1.,0.));
#5072 = DIRECTION('',(0.,0.,1.));
#5073 = ORIENTED_EDGE('',*,*,#5074,.T.);
#5074 = EDGE_CURVE('',#5066,#5019,#5075,.T.);
#5075 = LINE('',#5076,#5077);
#5076 = CARTESIAN_POINT('',(5.632808716068,14.,4.322206145962));
#5077 = VECTOR('',#5078,1.);
#5078 = DIRECTION('',(0.793353340291,6.308085367188E-16,0.608761429009)
  );
#5079 = PLANE('',#5080);
#5080 = AXIS2_PLACEMENT_3D('',#5081,#5082,#5083);
#5081 = CARTESIAN_POINT('',(4.85,14.,0.));
#5082 = DIRECTION('',(0.,-1.,0.));
#5083 = DIRECTION('',(0.,0.,1.));
#5084 = ADVANCED_FACE('',(#5085),#5111,.T.);
#5085 = FACE_BOUND('',#5086,.T.);
#5086 = EDGE_LOOP('',(#5087,#5095,#5096,#5104));
#5087 = ORIENTED_EDGE('',*,*,#5088,.T.);
#5088 = EDGE_CURVE('',#5089,#5017,#5091,.T.);
#5089 = VERTEX_POINT('',#5090);
#5090 = CARTESIAN_POINT('',(1.837615220228,13.5,-6.858073366652));
#5091 = LINE('',#5092,#5093);
#5092 = CARTESIAN_POINT('',(1.837615220228,14.,-6.858073366652));
#5093 = VECTOR('',#5094,1.);
#5094 = DIRECTION('',(0.,1.,0.));
#5095 = ORIENTED_EDGE('',*,*,#5016,.T.);
#5096 = ORIENTED_EDGE('',*,*,#5097,.T.);
#5097 = EDGE_CURVE('',#5019,#5098,#5100,.T.);
#5098 = VERTEX_POINT('',#5099);
#5099 = CARTESIAN_POINT('',(5.632808716068,13.5,4.322206145962));
#5100 = LINE('',#5101,#5102);
#5101 = CARTESIAN_POINT('',(5.632808716068,14.,4.322206145962));
#5102 = VECTOR('',#5103,1.);
#5103 = DIRECTION('',(-1.222064067399E-15,-1.,-4.223429921379E-16));
#5104 = ORIENTED_EDGE('',*,*,#5105,.F.);
#5105 = EDGE_CURVE('',#5089,#5098,#5106,.T.);
#5106 = CIRCLE('',#5107,7.1);
#5107 = AXIS2_PLACEMENT_3D('',#5108,#5109,#5110);
#5108 = CARTESIAN_POINT('',(0.,13.5,0.));
#5109 = DIRECTION('',(0.,-1.,0.));
#5110 = DIRECTION('',(0.,0.,1.));
#5111 = CYLINDRICAL_SURFACE('',#5112,7.1);
#5112 = AXIS2_PLACEMENT_3D('',#5113,#5114,#5115);
#5113 = CARTESIAN_POINT('',(0.,0.,0.));
#5114 = DIRECTION('',(0.,-1.,0.));
#5115 = DIRECTION('',(0.,0.,1.));
#5116 = ADVANCED_FACE('',(#5117),#5166,.T.);
#5117 = FACE_BOUND('',#5118,.T.);
#5118 = EDGE_LOOP('',(#5119,#5125,#5126,#5134,#5143,#5152,#5158,#5159,
    #5165));
#5119 = ORIENTED_EDGE('',*,*,#5120,.T.);
#5120 = EDGE_CURVE('',#4317,#5089,#5121,.T.);
#5121 = LINE('',#5122,#5123);
#5122 = CARTESIAN_POINT('',(1.307036177768,13.5,-4.87792542276));
#5123 = VECTOR('',#5124,1.);
#5124 = DIRECTION('',(0.258819045103,0.,-0.965925826289));
#5125 = ORIENTED_EDGE('',*,*,#5105,.T.);
#5126 = ORIENTED_EDGE('',*,*,#5127,.F.);
#5127 = EDGE_CURVE('',#5128,#5098,#5130,.T.);
#5128 = VERTEX_POINT('',#5129);
#5129 = CARTESIAN_POINT('',(4.006434368471,13.5,3.074245216494));
#5130 = LINE('',#5131,#5132);
#5131 = CARTESIAN_POINT('',(3.052636184374,13.5,2.342370128751));
#5132 = VECTOR('',#5133,1.);
#5133 = DIRECTION('',(0.793353340291,0.,0.608761429009));
#5134 = ORIENTED_EDGE('',*,*,#5135,.T.);
#5135 = EDGE_CURVE('',#5128,#5136,#5138,.T.);
#5136 = VERTEX_POINT('',#5137);
#5137 = CARTESIAN_POINT('',(5.05,13.5,0.));
#5138 = CIRCLE('',#5139,5.05);
#5139 = AXIS2_PLACEMENT_3D('',#5140,#5141,#5142);
#5140 = CARTESIAN_POINT('',(0.,13.5,0.));
#5141 = DIRECTION('',(-0.,1.,0.));
#5142 = DIRECTION('',(0.,0.,1.));
#5143 = ORIENTED_EDGE('',*,*,#5144,.T.);
#5144 = EDGE_CURVE('',#5136,#5145,#5147,.T.);
#5145 = VERTEX_POINT('',#5146);
#5146 = CARTESIAN_POINT('',(2.88896406745,13.5,-4.142026873039));
#5147 = CIRCLE('',#5148,5.05);
#5148 = AXIS2_PLACEMENT_3D('',#5149,#5150,#5151);
#5149 = CARTESIAN_POINT('',(0.,13.5,0.));
#5150 = DIRECTION('',(-0.,1.,0.));
#5151 = DIRECTION('',(0.,0.,1.));
#5152 = ORIENTED_EDGE('',*,*,#5153,.F.);
#5153 = EDGE_CURVE('',#4078,#5145,#5154,.T.);
#5154 = LINE('',#5155,#5156);
#5155 = CARTESIAN_POINT('',(2.774549648938,13.5,-3.9779862048));
#5156 = VECTOR('',#5157,1.);
#5157 = DIRECTION('',(0.572072092564,0.,-0.820203341196));
#5158 = ORIENTED_EDGE('',*,*,#4077,.F.);
#5159 = ORIENTED_EDGE('',*,*,#5160,.F.);
#5160 = EDGE_CURVE('',#4315,#4067,#5161,.T.);
#5161 = LINE('',#5162,#5163);
#5162 = CARTESIAN_POINT('',(1.783576901024,13.5,-4.724547961248));
#5163 = VECTOR('',#5164,1.);
#5164 = DIRECTION('',(-0.353183544757,0.,0.935554051732));
#5165 = ORIENTED_EDGE('',*,*,#4314,.T.);
#5166 = PLANE('',#5167);
#5167 = AXIS2_PLACEMENT_3D('',#5168,#5169,#5170);
#5168 = CARTESIAN_POINT('',(4.85,13.5,0.));
#5169 = DIRECTION('',(0.,-1.,0.));
#5170 = DIRECTION('',(0.,0.,1.));
#5171 = ADVANCED_FACE('',(#5172,#5268),#5279,.T.);
#5172 = FACE_BOUND('',#5173,.T.);
#5173 = EDGE_LOOP('',(#5174,#5183,#5192,#5200,#5209,#5217,#5226,#5235,
    #5244,#5252,#5261,#5267));
#5174 = ORIENTED_EDGE('',*,*,#5175,.T.);
#5175 = EDGE_CURVE('',#4952,#5176,#5178,.T.);
#5176 = VERTEX_POINT('',#5177);
#5177 = CARTESIAN_POINT('',(1.44896475562E-14,-4.336808689942E-16,4.15)
  );
#5178 = CIRCLE('',#5179,4.15);
#5179 = AXIS2_PLACEMENT_3D('',#5180,#5181,#5182);
#5180 = CARTESIAN_POINT('',(0.,-3.252606517457E-16,0.));
#5181 = DIRECTION('',(0.,-1.,0.));
#5182 = DIRECTION('',(0.,0.,1.));
#5183 = ORIENTED_EDGE('',*,*,#5184,.T.);
#5184 = EDGE_CURVE('',#5176,#5185,#5187,.T.);
#5185 = VERTEX_POINT('',#5186);
#5186 = CARTESIAN_POINT('',(-0.130135069401,0.,4.147959120304));
#5187 = CIRCLE('',#5188,4.15);
#5188 = AXIS2_PLACEMENT_3D('',#5189,#5190,#5191);
#5189 = CARTESIAN_POINT('',(0.,-3.252606517457E-16,0.));
#5190 = DIRECTION('',(0.,-1.,-0.));
#5191 = DIRECTION('',(0.,0.,-1.));
#5192 = ORIENTED_EDGE('',*,*,#5193,.T.);
#5193 = EDGE_CURVE('',#5185,#5194,#5196,.T.);
#5194 = VERTEX_POINT('',#5195);
#5195 = CARTESIAN_POINT('',(-1.825049606694,0.,6.757898632941));
#5196 = LINE('',#5197,#5198);
#5197 = CARTESIAN_POINT('',(-0.130135069401,0.,4.147959120304));
#5198 = VECTOR('',#5199,1.);
#5199 = DIRECTION('',(-0.544639035015,0.,0.838670567945));
#5200 = ORIENTED_EDGE('',*,*,#5201,.T.);
#5201 = EDGE_CURVE('',#5194,#5202,#5204,.T.);
#5202 = VERTEX_POINT('',#5203);
#5203 = CARTESIAN_POINT('',(-5.431333048859,0.,4.415950782376));
#5204 = CIRCLE('',#5205,7.);
#5205 = AXIS2_PLACEMENT_3D('',#5206,#5207,#5208);
#5206 = CARTESIAN_POINT('',(0.,0.,0.));
#5207 = DIRECTION('',(0.,-1.,0.));
#5208 = DIRECTION('',(0.,0.,-1.));
#5209 = ORIENTED_EDGE('',*,*,#5210,.T.);
#5210 = EDGE_CURVE('',#5202,#5211,#5213,.T.);
#5211 = VERTEX_POINT('',#5212);
#5212 = CARTESIAN_POINT('',(-3.736418511566,0.,1.806011269739));
#5213 = LINE('',#5214,#5215);
#5214 = CARTESIAN_POINT('',(-3.736418511566,0.,1.806011269739));
#5215 = VECTOR('',#5216,1.);
#5216 = DIRECTION('',(0.544639035015,-0.,-0.838670567945));
#5217 = ORIENTED_EDGE('',*,*,#5218,.T.);
#5218 = EDGE_CURVE('',#5211,#5219,#5221,.T.);
#5219 = VERTEX_POINT('',#5220);
#5220 = CARTESIAN_POINT('',(-4.15,-4.336808689942E-16,0.));
#5221 = CIRCLE('',#5222,4.15);
#5222 = AXIS2_PLACEMENT_3D('',#5223,#5224,#5225);
#5223 = CARTESIAN_POINT('',(0.,-3.252606517457E-16,0.));
#5224 = DIRECTION('',(0.,-1.,-0.));
#5225 = DIRECTION('',(0.,0.,-1.));
#5226 = ORIENTED_EDGE('',*,*,#5227,.T.);
#5227 = EDGE_CURVE('',#5219,#5228,#5230,.T.);
#5228 = VERTEX_POINT('',#5229);
#5229 = CARTESIAN_POINT('',(-1.44896475562E-14,-4.336808689942E-16,-4.15
    ));
#5230 = CIRCLE('',#5231,4.15);
#5231 = AXIS2_PLACEMENT_3D('',#5232,#5233,#5234);
#5232 = CARTESIAN_POINT('',(0.,-3.252606517457E-16,0.));
#5233 = DIRECTION('',(0.,-1.,-0.));
#5234 = DIRECTION('',(0.,0.,-1.));
#5235 = ORIENTED_EDGE('',*,*,#5236,.T.);
#5236 = EDGE_CURVE('',#5228,#5237,#5239,.T.);
#5237 = VERTEX_POINT('',#5238);
#5238 = CARTESIAN_POINT('',(0.130135069401,0.,-4.147959120304));
#5239 = CIRCLE('',#5240,4.15);
#5240 = AXIS2_PLACEMENT_3D('',#5241,#5242,#5243);
#5241 = CARTESIAN_POINT('',(0.,-3.252606517457E-16,0.));
#5242 = DIRECTION('',(0.,-1.,0.));
#5243 = DIRECTION('',(0.,0.,1.));
#5244 = ORIENTED_EDGE('',*,*,#5245,.T.);
#5245 = EDGE_CURVE('',#5237,#5246,#5248,.T.);
#5246 = VERTEX_POINT('',#5247);
#5247 = CARTESIAN_POINT('',(1.825049606694,0.,-6.757898632941));
#5248 = LINE('',#5249,#5250);
#5249 = CARTESIAN_POINT('',(0.130135069401,0.,-4.147959120304));
#5250 = VECTOR('',#5251,1.);
#5251 = DIRECTION('',(0.544639035015,0.,-0.838670567945));
#5252 = ORIENTED_EDGE('',*,*,#5253,.T.);
#5253 = EDGE_CURVE('',#5246,#5254,#5256,.T.);
#5254 = VERTEX_POINT('',#5255);
#5255 = CARTESIAN_POINT('',(5.431333048859,0.,-4.415950782376));
#5256 = CIRCLE('',#5257,7.);
#5257 = AXIS2_PLACEMENT_3D('',#5258,#5259,#5260);
#5258 = CARTESIAN_POINT('',(0.,0.,0.));
#5259 = DIRECTION('',(0.,-1.,0.));
#5260 = DIRECTION('',(0.,0.,1.));
#5261 = ORIENTED_EDGE('',*,*,#5262,.T.);
#5262 = EDGE_CURVE('',#5254,#4986,#5263,.T.);
#5263 = LINE('',#5264,#5265);
#5264 = CARTESIAN_POINT('',(3.736418511566,0.,-1.806011269739));
#5265 = VECTOR('',#5266,1.);
#5266 = DIRECTION('',(-0.544639035015,0.,0.838670567945));
#5267 = ORIENTED_EDGE('',*,*,#5001,.T.);
#5268 = FACE_BOUND('',#5269,.T.);
#5269 = EDGE_LOOP('',(#5270));
#5270 = ORIENTED_EDGE('',*,*,#5271,.F.);
#5271 = EDGE_CURVE('',#5272,#5272,#5274,.T.);
#5272 = VERTEX_POINT('',#5273);
#5273 = CARTESIAN_POINT('',(0.,3.061616997868E-17,3.25));
#5274 = CIRCLE('',#5275,3.25);
#5275 = AXIS2_PLACEMENT_3D('',#5276,#5277,#5278);
#5276 = CARTESIAN_POINT('',(0.,3.061616997868E-17,0.));
#5277 = DIRECTION('',(0.,-1.,0.));
#5278 = DIRECTION('',(0.,0.,1.));
#5279 = PLANE('',#5280);
#5280 = AXIS2_PLACEMENT_3D('',#5281,#5282,#5283);
#5281 = CARTESIAN_POINT('',(3.25,-3.099525667563E-16,0.));
#5282 = DIRECTION('',(0.,-1.,0.));
#5283 = DIRECTION('',(0.,0.,1.));
#5284 = ADVANCED_FACE('',(#5285),#5303,.F.);
#5285 = FACE_BOUND('',#5286,.F.);
#5286 = EDGE_LOOP('',(#5287,#5288,#5295,#5302));
#5287 = ORIENTED_EDGE('',*,*,#5271,.F.);
#5288 = ORIENTED_EDGE('',*,*,#5289,.F.);
#5289 = EDGE_CURVE('',#5290,#5272,#5292,.T.);
#5290 = VERTEX_POINT('',#5291);
#5291 = CARTESIAN_POINT('',(0.,0.5,3.25));
#5292 = B_SPLINE_CURVE_WITH_KNOTS('',1,(#5293,#5294),.UNSPECIFIED.,.F.,
  .F.,(2,2),(-0.5,-5.551115123126E-17),.PIECEWISE_BEZIER_KNOTS.);
#5293 = CARTESIAN_POINT('',(7.960204194458E-16,0.5,3.25));
#5294 = CARTESIAN_POINT('',(7.960204194458E-16,5.551115123126E-17,3.25)
  );
#5295 = ORIENTED_EDGE('',*,*,#5296,.T.);
#5296 = EDGE_CURVE('',#5290,#5290,#5297,.T.);
#5297 = CIRCLE('',#5298,3.25);
#5298 = AXIS2_PLACEMENT_3D('',#5299,#5300,#5301);
#5299 = CARTESIAN_POINT('',(0.,0.5,0.));
#5300 = DIRECTION('',(0.,-1.,0.));
#5301 = DIRECTION('',(0.,0.,1.));
#5302 = ORIENTED_EDGE('',*,*,#5289,.T.);
#5303 = CYLINDRICAL_SURFACE('',#5304,3.25);
#5304 = AXIS2_PLACEMENT_3D('',#5305,#5306,#5307);
#5305 = CARTESIAN_POINT('',(0.,0.,0.));
#5306 = DIRECTION('',(0.,-1.,0.));
#5307 = DIRECTION('',(0.,0.,1.));
#5308 = ADVANCED_FACE('',(#5309,#5405),#5408,.F.);
#5309 = FACE_BOUND('',#5310,.T.);
#5310 = EDGE_LOOP('',(#5311,#5322,#5329,#5330,#5338,#5347,#5355,#5364,
    #5373,#5382,#5390,#5399));
#5311 = ORIENTED_EDGE('',*,*,#5312,.T.);
#5312 = EDGE_CURVE('',#5313,#5315,#5317,.T.);
#5313 = VERTEX_POINT('',#5314);
#5314 = CARTESIAN_POINT('',(-0.130135069401,0.5,4.147959120304));
#5315 = VERTEX_POINT('',#5316);
#5316 = CARTESIAN_POINT('',(1.44896475562E-14,0.5,4.15));
#5317 = CIRCLE('',#5318,4.15);
#5318 = AXIS2_PLACEMENT_3D('',#5319,#5320,#5321);
#5319 = CARTESIAN_POINT('',(0.,0.5,0.));
#5320 = DIRECTION('',(0.,1.,0.));
#5321 = DIRECTION('',(4.440892098501E-14,0.,-1.));
#5322 = ORIENTED_EDGE('',*,*,#5323,.T.);
#5323 = EDGE_CURVE('',#5315,#4961,#5324,.T.);
#5324 = CIRCLE('',#5325,4.15);
#5325 = AXIS2_PLACEMENT_3D('',#5326,#5327,#5328);
#5326 = CARTESIAN_POINT('',(0.,0.5,0.));
#5327 = DIRECTION('',(-0.,1.,0.));
#5328 = DIRECTION('',(3.552713678801E-15,0.,1.));
#5329 = ORIENTED_EDGE('',*,*,#4993,.T.);
#5330 = ORIENTED_EDGE('',*,*,#5331,.T.);
#5331 = EDGE_CURVE('',#4984,#5332,#5334,.T.);
#5332 = VERTEX_POINT('',#5333);
#5333 = CARTESIAN_POINT('',(5.431333048859,0.5,-4.415950782376));
#5334 = LINE('',#5335,#5336);
#5335 = CARTESIAN_POINT('',(3.736418511566,0.5,-1.806011269739));
#5336 = VECTOR('',#5337,1.);
#5337 = DIRECTION('',(0.544639035015,0.,-0.838670567945));
#5338 = ORIENTED_EDGE('',*,*,#5339,.T.);
#5339 = EDGE_CURVE('',#5332,#5340,#5342,.T.);
#5340 = VERTEX_POINT('',#5341);
#5341 = CARTESIAN_POINT('',(1.825049606694,0.5,-6.757898632941));
#5342 = CIRCLE('',#5343,7.);
#5343 = AXIS2_PLACEMENT_3D('',#5344,#5345,#5346);
#5344 = CARTESIAN_POINT('',(0.,0.5,0.));
#5345 = DIRECTION('',(0.,1.,-0.));
#5346 = DIRECTION('',(-1.7763568394E-15,0.,1.));
#5347 = ORIENTED_EDGE('',*,*,#5348,.T.);
#5348 = EDGE_CURVE('',#5340,#5349,#5351,.T.);
#5349 = VERTEX_POINT('',#5350);
#5350 = CARTESIAN_POINT('',(0.130135069401,0.5,-4.147959120304));
#5351 = LINE('',#5352,#5353);
#5352 = CARTESIAN_POINT('',(0.130135069401,0.5,-4.147959120304));
#5353 = VECTOR('',#5354,1.);
#5354 = DIRECTION('',(-0.544639035015,0.,0.838670567945));
#5355 = ORIENTED_EDGE('',*,*,#5356,.T.);
#5356 = EDGE_CURVE('',#5349,#5357,#5359,.T.);
#5357 = VERTEX_POINT('',#5358);
#5358 = CARTESIAN_POINT('',(-1.44439262034E-14,0.5,-4.15));
#5359 = CIRCLE('',#5360,4.15);
#5360 = AXIS2_PLACEMENT_3D('',#5361,#5362,#5363);
#5361 = CARTESIAN_POINT('',(0.,0.5,0.));
#5362 = DIRECTION('',(0.,1.,-0.));
#5363 = DIRECTION('',(-4.440892098501E-14,0.,1.));
#5364 = ORIENTED_EDGE('',*,*,#5365,.T.);
#5365 = EDGE_CURVE('',#5357,#5366,#5368,.T.);
#5366 = VERTEX_POINT('',#5367);
#5367 = CARTESIAN_POINT('',(-4.15,0.5,0.));
#5368 = CIRCLE('',#5369,4.15);
#5369 = AXIS2_PLACEMENT_3D('',#5370,#5371,#5372);
#5370 = CARTESIAN_POINT('',(0.,0.5,0.));
#5371 = DIRECTION('',(0.,1.,0.));
#5372 = DIRECTION('',(-3.552713678801E-15,0.,-1.));
#5373 = ORIENTED_EDGE('',*,*,#5374,.T.);
#5374 = EDGE_CURVE('',#5366,#5375,#5377,.T.);
#5375 = VERTEX_POINT('',#5376);
#5376 = CARTESIAN_POINT('',(-3.736418511566,0.5,1.806011269739));
#5377 = CIRCLE('',#5378,4.15);
#5378 = AXIS2_PLACEMENT_3D('',#5379,#5380,#5381);
#5379 = CARTESIAN_POINT('',(0.,0.5,0.));
#5380 = DIRECTION('',(0.,1.,0.));
#5381 = DIRECTION('',(8.881784197001E-16,0.,-1.));
#5382 = ORIENTED_EDGE('',*,*,#5383,.T.);
#5383 = EDGE_CURVE('',#5375,#5384,#5386,.T.);
#5384 = VERTEX_POINT('',#5385);
#5385 = CARTESIAN_POINT('',(-5.431333048859,0.5,4.415950782376));
#5386 = LINE('',#5387,#5388);
#5387 = CARTESIAN_POINT('',(-3.736418511566,0.5,1.806011269739));
#5388 = VECTOR('',#5389,1.);
#5389 = DIRECTION('',(-0.544639035015,0.,0.838670567945));
#5390 = ORIENTED_EDGE('',*,*,#5391,.T.);
#5391 = EDGE_CURVE('',#5384,#5392,#5394,.T.);
#5392 = VERTEX_POINT('',#5393);
#5393 = CARTESIAN_POINT('',(-1.825049606694,0.5,6.757898632941));
#5394 = CIRCLE('',#5395,7.);
#5395 = AXIS2_PLACEMENT_3D('',#5396,#5397,#5398);
#5396 = CARTESIAN_POINT('',(0.,0.5,0.));
#5397 = DIRECTION('',(0.,1.,0.));
#5398 = DIRECTION('',(1.7763568394E-15,0.,-1.));
#5399 = ORIENTED_EDGE('',*,*,#5400,.T.);
#5400 = EDGE_CURVE('',#5392,#5313,#5401,.T.);
#5401 = LINE('',#5402,#5403);
#5402 = CARTESIAN_POINT('',(-0.130135069401,0.5,4.147959120304));
#5403 = VECTOR('',#5404,1.);
#5404 = DIRECTION('',(0.544639035015,0.,-0.838670567945));
#5405 = FACE_BOUND('',#5406,.T.);
#5406 = EDGE_LOOP('',(#5407));
#5407 = ORIENTED_EDGE('',*,*,#5296,.T.);
#5408 = PLANE('',#5409);
#5409 = AXIS2_PLACEMENT_3D('',#5410,#5411,#5412);
#5410 = CARTESIAN_POINT('',(3.25,0.5,0.));
#5411 = DIRECTION('',(0.,-1.,0.));
#5412 = DIRECTION('',(0.,0.,1.));
#5413 = ADVANCED_FACE('',(#5414),#5426,.F.);
#5414 = FACE_BOUND('',#5415,.F.);
#5415 = EDGE_LOOP('',(#5416,#5417,#5418,#5425));
#5416 = ORIENTED_EDGE('',*,*,#4968,.T.);
#5417 = ORIENTED_EDGE('',*,*,#4769,.T.);
#5418 = ORIENTED_EDGE('',*,*,#5419,.F.);
#5419 = EDGE_CURVE('',#5315,#4762,#5420,.T.);
#5420 = CIRCLE('',#5421,0.2);
#5421 = AXIS2_PLACEMENT_3D('',#5422,#5423,#5424);
#5422 = CARTESIAN_POINT('',(1.44896475562E-14,0.7,4.15));
#5423 = DIRECTION('',(-1.,-0.,3.491481338843E-15));
#5424 = DIRECTION('',(-3.491481338843E-15,0.,-1.));
#5425 = ORIENTED_EDGE('',*,*,#5323,.T.);
#5426 = TOROIDAL_SURFACE('',#5427,4.15,0.2);
#5427 = AXIS2_PLACEMENT_3D('',#5428,#5429,#5430);
#5428 = CARTESIAN_POINT('',(0.,0.7,0.));
#5429 = DIRECTION('',(0.,-1.,0.));
#5430 = DIRECTION('',(0.,0.,1.));
#5431 = ADVANCED_FACE('',(#5432),#5450,.F.);
#5432 = FACE_BOUND('',#5433,.F.);
#5433 = EDGE_LOOP('',(#5434,#5441,#5442,#5449));
#5434 = ORIENTED_EDGE('',*,*,#5435,.T.);
#5435 = EDGE_CURVE('',#5136,#4615,#5436,.T.);
#5436 = CIRCLE('',#5437,0.2);
#5437 = AXIS2_PLACEMENT_3D('',#5438,#5439,#5440);
#5438 = CARTESIAN_POINT('',(5.05,13.3,0.));
#5439 = DIRECTION('',(0.,0.,1.));
#5440 = DIRECTION('',(-1.,0.,0.));
#5441 = ORIENTED_EDGE('',*,*,#4622,.T.);
#5442 = ORIENTED_EDGE('',*,*,#5443,.F.);
#5443 = EDGE_CURVE('',#5128,#4536,#5444,.T.);
#5444 = CIRCLE('',#5445,0.2);
#5445 = AXIS2_PLACEMENT_3D('',#5446,#5447,#5448);
#5446 = CARTESIAN_POINT('',(4.006434368471,13.3,3.074245216494));
#5447 = DIRECTION('',(-0.608761429009,4.088782444489E-16,0.793353340291)
  );
#5448 = DIRECTION('',(-0.793353340291,3.20474742746E-31,-0.608761429009)
  );
#5449 = ORIENTED_EDGE('',*,*,#5135,.T.);
#5450 = TOROIDAL_SURFACE('',#5451,5.05,0.2);
#5451 = AXIS2_PLACEMENT_3D('',#5452,#5453,#5454);
#5452 = CARTESIAN_POINT('',(0.,13.3,0.));
#5453 = DIRECTION('',(0.,-1.,0.));
#5454 = DIRECTION('',(0.,0.,1.));
#5455 = ADVANCED_FACE('',(#5456),#5474,.T.);
#5456 = FACE_BOUND('',#5457,.T.);
#5457 = EDGE_LOOP('',(#5458,#5465,#5466,#5473));
#5458 = ORIENTED_EDGE('',*,*,#5459,.F.);
#5459 = EDGE_CURVE('',#5066,#4795,#5460,.T.);
#5460 = CIRCLE('',#5461,0.7);
#5461 = AXIS2_PLACEMENT_3D('',#5462,#5463,#5464);
#5462 = CARTESIAN_POINT('',(4.006434368471,13.3,3.074245216494));
#5463 = DIRECTION('',(-0.608761429009,4.088782444489E-16,0.793353340291)
  );
#5464 = DIRECTION('',(-0.793353340291,0.,-0.608761429009));
#5465 = ORIENTED_EDGE('',*,*,#5065,.F.);
#5466 = ORIENTED_EDGE('',*,*,#5467,.T.);
#5467 = EDGE_CURVE('',#5057,#4787,#5468,.T.);
#5468 = CIRCLE('',#5469,0.7);
#5469 = AXIS2_PLACEMENT_3D('',#5470,#5471,#5472);
#5470 = CARTESIAN_POINT('',(5.05,13.3,0.));
#5471 = DIRECTION('',(0.,-0.,1.));
#5472 = DIRECTION('',(-1.,0.,0.));
#5473 = ORIENTED_EDGE('',*,*,#4794,.F.);
#5474 = TOROIDAL_SURFACE('',#5475,5.05,0.7);
#5475 = AXIS2_PLACEMENT_3D('',#5476,#5477,#5478);
#5476 = CARTESIAN_POINT('',(0.,13.3,0.));
#5477 = DIRECTION('',(0.,-1.,0.));
#5478 = DIRECTION('',(0.,0.,1.));
#5479 = ADVANCED_FACE('',(#5480),#5492,.T.);
#5480 = FACE_BOUND('',#5481,.T.);
#5481 = EDGE_LOOP('',(#5482,#5489,#5490,#5491));
#5482 = ORIENTED_EDGE('',*,*,#5483,.T.);
#5483 = EDGE_CURVE('',#4590,#5176,#5484,.T.);
#5484 = CIRCLE('',#5485,0.7);
#5485 = AXIS2_PLACEMENT_3D('',#5486,#5487,#5488);
#5486 = CARTESIAN_POINT('',(1.44896475562E-14,0.7,4.15));
#5487 = DIRECTION('',(1.,0.,-3.491481338843E-15));
#5488 = DIRECTION('',(-3.491481338843E-15,0.,-1.));
#5489 = ORIENTED_EDGE('',*,*,#5175,.F.);
#5490 = ORIENTED_EDGE('',*,*,#4951,.F.);
#5491 = ORIENTED_EDGE('',*,*,#4597,.F.);
#5492 = TOROIDAL_SURFACE('',#5493,4.15,0.7);
#5493 = AXIS2_PLACEMENT_3D('',#5494,#5495,#5496);
#5494 = CARTESIAN_POINT('',(0.,0.7,0.));
#5495 = DIRECTION('',(0.,-1.,0.));
#5496 = DIRECTION('',(0.,0.,1.));
#5497 = ADVANCED_FACE('',(#5498),#5514,.T.);
#5498 = FACE_BOUND('',#5499,.T.);
#5499 = EDGE_LOOP('',(#5500,#5506,#5507,#5513));
#5500 = ORIENTED_EDGE('',*,*,#5501,.T.);
#5501 = EDGE_CURVE('',#5349,#5237,#5502,.T.);
#5502 = LINE('',#5503,#5504);
#5503 = CARTESIAN_POINT('',(0.130135069401,7.754232452524,
    -4.147959120304));
#5504 = VECTOR('',#5505,1.);
#5505 = DIRECTION('',(0.,-1.,0.));
#5506 = ORIENTED_EDGE('',*,*,#5236,.F.);
#5507 = ORIENTED_EDGE('',*,*,#5508,.T.);
#5508 = EDGE_CURVE('',#5228,#5357,#5509,.T.);
#5509 = LINE('',#5510,#5511);
#5510 = CARTESIAN_POINT('',(-1.44896475562E-14,-4.336808689942E-16,-4.15
    ));
#5511 = VECTOR('',#5512,1.);
#5512 = DIRECTION('',(0.,1.,0.));
#5513 = ORIENTED_EDGE('',*,*,#5356,.F.);
#5514 = CYLINDRICAL_SURFACE('',#5515,4.15);
#5515 = AXIS2_PLACEMENT_3D('',#5516,#5517,#5518);
#5516 = CARTESIAN_POINT('',(0.,0.,0.));
#5517 = DIRECTION('',(0.,-1.,0.));
#5518 = DIRECTION('',(0.,0.,1.));
#5519 = ADVANCED_FACE('',(#5520),#5538,.T.);
#5520 = FACE_BOUND('',#5521,.T.);
#5521 = EDGE_LOOP('',(#5522,#5528,#5529,#5530,#5536,#5537));
#5522 = ORIENTED_EDGE('',*,*,#5523,.F.);
#5523 = EDGE_CURVE('',#4779,#4607,#5524,.T.);
#5524 = LINE('',#5525,#5526);
#5525 = CARTESIAN_POINT('',(4.85,2.7,0.));
#5526 = VECTOR('',#5527,1.);
#5527 = DIRECTION('',(1.,-0.,0.));
#5528 = ORIENTED_EDGE('',*,*,#4786,.T.);
#5529 = ORIENTED_EDGE('',*,*,#5467,.F.);
#5530 = ORIENTED_EDGE('',*,*,#5531,.T.);
#5531 = EDGE_CURVE('',#5057,#5136,#5532,.T.);
#5532 = LINE('',#5533,#5534);
#5533 = CARTESIAN_POINT('',(5.05,14.,0.));
#5534 = VECTOR('',#5535,1.);
#5535 = DIRECTION('',(0.,-1.,0.));
#5536 = ORIENTED_EDGE('',*,*,#5435,.T.);
#5537 = ORIENTED_EDGE('',*,*,#4614,.T.);
#5538 = PLANE('',#5539);
#5539 = AXIS2_PLACEMENT_3D('',#5540,#5541,#5542);
#5540 = CARTESIAN_POINT('',(4.15,0.7,0.));
#5541 = DIRECTION('',(0.,0.,-1.));
#5542 = DIRECTION('',(-1.,0.,0.));
#5543 = ADVANCED_FACE('',(#5544),#5555,.F.);
#5544 = FACE_BOUND('',#5545,.F.);
#5545 = EDGE_LOOP('',(#5546,#5547,#5548,#5549));
#5546 = ORIENTED_EDGE('',*,*,#5056,.T.);
#5547 = ORIENTED_EDGE('',*,*,#5531,.T.);
#5548 = ORIENTED_EDGE('',*,*,#5144,.T.);
#5549 = ORIENTED_EDGE('',*,*,#5550,.T.);
#5550 = EDGE_CURVE('',#5145,#5049,#5551,.T.);
#5551 = LINE('',#5552,#5553);
#5552 = CARTESIAN_POINT('',(2.88896406745,12.107022393701,
    -4.142026873039));
#5553 = VECTOR('',#5554,1.);
#5554 = DIRECTION('',(0.,1.,0.));
#5555 = CYLINDRICAL_SURFACE('',#5556,5.05);
#5556 = AXIS2_PLACEMENT_3D('',#5557,#5558,#5559);
#5557 = CARTESIAN_POINT('',(0.,0.,0.));
#5558 = DIRECTION('',(0.,-1.,0.));
#5559 = DIRECTION('',(0.,0.,1.));
#5560 = ADVANCED_FACE('',(#5561),#5579,.F.);
#5561 = FACE_BOUND('',#5562,.T.);
#5562 = EDGE_LOOP('',(#5563,#5564,#5570,#5571,#5572,#5578));
#5563 = ORIENTED_EDGE('',*,*,#5419,.F.);
#5564 = ORIENTED_EDGE('',*,*,#5565,.F.);
#5565 = EDGE_CURVE('',#5176,#5315,#5566,.T.);
#5566 = LINE('',#5567,#5568);
#5567 = CARTESIAN_POINT('',(1.44896475562E-14,-4.336808689942E-16,4.15)
  );
#5568 = VECTOR('',#5569,1.);
#5569 = DIRECTION('',(0.,1.,0.));
#5570 = ORIENTED_EDGE('',*,*,#5483,.F.);
#5571 = ORIENTED_EDGE('',*,*,#4589,.F.);
#5572 = ORIENTED_EDGE('',*,*,#5573,.F.);
#5573 = EDGE_CURVE('',#4754,#4582,#5574,.T.);
#5574 = LINE('',#5575,#5576);
#5575 = CARTESIAN_POINT('',(1.682681771698E-14,6.3,4.85));
#5576 = VECTOR('',#5577,1.);
#5577 = DIRECTION('',(3.469446951954E-15,-1.734723475977E-15,1.));
#5578 = ORIENTED_EDGE('',*,*,#4761,.F.);
#5579 = PLANE('',#5580);
#5580 = AXIS2_PLACEMENT_3D('',#5581,#5582,#5583);
#5581 = CARTESIAN_POINT('',(1.44896475562E-14,0.7,4.15));
#5582 = DIRECTION('',(1.,0.,-3.491481338843E-15));
#5583 = DIRECTION('',(-3.491481338843E-15,0.,-1.));
#5584 = ADVANCED_FACE('',(#5585),#5596,.T.);
#5585 = FACE_BOUND('',#5586,.T.);
#5586 = EDGE_LOOP('',(#5587,#5588,#5589,#5590));
#5587 = ORIENTED_EDGE('',*,*,#5331,.F.);
#5588 = ORIENTED_EDGE('',*,*,#4983,.T.);
#5589 = ORIENTED_EDGE('',*,*,#5262,.F.);
#5590 = ORIENTED_EDGE('',*,*,#5591,.F.);
#5591 = EDGE_CURVE('',#5332,#5254,#5592,.T.);
#5592 = LINE('',#5593,#5594);
#5593 = CARTESIAN_POINT('',(5.431333048859,7.754232452524,
    -4.415950782376));
#5594 = VECTOR('',#5595,1.);
#5595 = DIRECTION('',(0.,-1.,0.));
#5596 = PLANE('',#5597);
#5597 = AXIS2_PLACEMENT_3D('',#5598,#5599,#5600);
#5598 = CARTESIAN_POINT('',(3.736418511566,7.754232452524,
    -1.806011269739));
#5599 = DIRECTION('',(0.838670567945,-0.,0.544639035015));
#5600 = DIRECTION('',(0.544639035015,0.,-0.838670567945));
#5601 = ADVANCED_FACE('',(#5602),#5613,.T.);
#5602 = FACE_BOUND('',#5603,.T.);
#5603 = EDGE_LOOP('',(#5604,#5605,#5606,#5607));
#5604 = ORIENTED_EDGE('',*,*,#5339,.F.);
#5605 = ORIENTED_EDGE('',*,*,#5591,.T.);
#5606 = ORIENTED_EDGE('',*,*,#5253,.F.);
#5607 = ORIENTED_EDGE('',*,*,#5608,.F.);
#5608 = EDGE_CURVE('',#5340,#5246,#5609,.T.);
#5609 = LINE('',#5610,#5611);
#5610 = CARTESIAN_POINT('',(1.825049606694,7.754232452524,
    -6.757898632941));
#5611 = VECTOR('',#5612,1.);
#5612 = DIRECTION('',(0.,-1.,0.));
#5613 = CYLINDRICAL_SURFACE('',#5614,7.);
#5614 = AXIS2_PLACEMENT_3D('',#5615,#5616,#5617);
#5615 = CARTESIAN_POINT('',(0.,7.754232452524,0.));
#5616 = DIRECTION('',(0.,-1.,0.));
#5617 = DIRECTION('',(0.,0.,1.));
#5618 = ADVANCED_FACE('',(#5619),#5625,.T.);
#5619 = FACE_BOUND('',#5620,.T.);
#5620 = EDGE_LOOP('',(#5621,#5622,#5623,#5624));
#5621 = ORIENTED_EDGE('',*,*,#5348,.F.);
#5622 = ORIENTED_EDGE('',*,*,#5608,.T.);
#5623 = ORIENTED_EDGE('',*,*,#5245,.F.);
#5624 = ORIENTED_EDGE('',*,*,#5501,.F.);
#5625 = PLANE('',#5626);
#5626 = AXIS2_PLACEMENT_3D('',#5627,#5628,#5629);
#5627 = CARTESIAN_POINT('',(0.130135069401,7.754232452524,
    -4.147959120304));
#5628 = DIRECTION('',(-0.838670567945,0.,-0.544639035015));
#5629 = DIRECTION('',(-0.544639035015,0.,0.838670567945));
#5630 = ADVANCED_FACE('',(#5631),#5665,.F.);
#5631 = FACE_BOUND('',#5632,.T.);
#5632 = EDGE_LOOP('',(#5633,#5643,#5651,#5659));
#5633 = ORIENTED_EDGE('',*,*,#5634,.T.);
#5634 = EDGE_CURVE('',#5635,#5637,#5639,.T.);
#5635 = VERTEX_POINT('',#5636);
#5636 = CARTESIAN_POINT('',(4.395592767128,0.7,-2.049698569442));
#5637 = VERTEX_POINT('',#5638);
#5638 = CARTESIAN_POINT('',(3.942438873609,0.7,-1.838389438572));
#5639 = LINE('',#5640,#5641);
#5640 = CARTESIAN_POINT('',(3.942438873609,0.7,-1.838389438572));
#5641 = VECTOR('',#5642,1.);
#5642 = DIRECTION('',(-0.906307787037,0.,0.422618261741));
#5643 = ORIENTED_EDGE('',*,*,#5644,.T.);
#5644 = EDGE_CURVE('',#5637,#5645,#5647,.T.);
#5645 = VERTEX_POINT('',#5646);
#5646 = CARTESIAN_POINT('',(3.942438873609,1.2,-1.838389438572));
#5647 = LINE('',#5648,#5649);
#5648 = CARTESIAN_POINT('',(3.942438873609,0.7,-1.838389438572));
#5649 = VECTOR('',#5650,1.);
#5650 = DIRECTION('',(0.,1.,0.));
#5651 = ORIENTED_EDGE('',*,*,#5652,.T.);
#5652 = EDGE_CURVE('',#5645,#5653,#5655,.T.);
#5653 = VERTEX_POINT('',#5654);
#5654 = CARTESIAN_POINT('',(4.395592767128,1.2,-2.049698569442));
#5655 = LINE('',#5656,#5657);
#5656 = CARTESIAN_POINT('',(3.942438873609,1.2,-1.838389438572));
#5657 = VECTOR('',#5658,1.);
#5658 = DIRECTION('',(0.906307787037,0.,-0.422618261741));
#5659 = ORIENTED_EDGE('',*,*,#5660,.T.);
#5660 = EDGE_CURVE('',#5653,#5635,#5661,.T.);
#5661 = LINE('',#5662,#5663);
#5662 = CARTESIAN_POINT('',(4.395592767128,0.7,-2.049698569442));
#5663 = VECTOR('',#5664,1.);
#5664 = DIRECTION('',(0.,-1.,0.));
#5665 = PLANE('',#5666);
#5666 = AXIS2_PLACEMENT_3D('',#5667,#5668,#5669);
#5667 = CARTESIAN_POINT('',(7.331258200181E-16,0.,1.572193394633E-15));
#5668 = DIRECTION('',(0.422618261741,0.,0.906307787037));
#5669 = DIRECTION('',(0.906307787037,0.,-0.422618261741));
#5670 = ADVANCED_FACE('',(#5671),#5689,.T.);
#5671 = FACE_BOUND('',#5672,.T.);
#5672 = EDGE_LOOP('',(#5673,#5674,#5681,#5682));
#5673 = ORIENTED_EDGE('',*,*,#4945,.T.);
#5674 = ORIENTED_EDGE('',*,*,#5675,.T.);
#5675 = EDGE_CURVE('',#4770,#5637,#5676,.T.);
#5676 = B_SPLINE_CURVE_WITH_KNOTS('',3,(#5677,#5678,#5679,#5680),
  .UNSPECIFIED.,.F.,.F.,(4,4),(0.,1.),.PIECEWISE_BEZIER_KNOTS.);
#5677 = CARTESIAN_POINT('',(4.35,0.7,-3.995410182218E-16));
#5678 = CARTESIAN_POINT('',(4.343753849236,0.7,-0.634386142548));
#5679 = CARTESIAN_POINT('',(4.204685386298,0.7,-1.261220683179));
#5680 = CARTESIAN_POINT('',(3.942438873609,0.7,-1.838389438572));
#5681 = ORIENTED_EDGE('',*,*,#5634,.F.);
#5682 = ORIENTED_EDGE('',*,*,#5683,.F.);
#5683 = EDGE_CURVE('',#4598,#5635,#5684,.T.);
#5684 = B_SPLINE_CURVE_WITH_KNOTS('',3,(#5685,#5686,#5687,#5688),
  .UNSPECIFIED.,.F.,.F.,(4,4),(0.,1.),.PIECEWISE_BEZIER_KNOTS.);
#5685 = CARTESIAN_POINT('',(4.85,0.7,0.));
#5686 = CARTESIAN_POINT('',(4.828138480408,0.7,-0.704822519505));
#5687 = CARTESIAN_POINT('',(4.673454648644,0.7,-1.402093437093));
#5688 = CARTESIAN_POINT('',(4.395592767128,0.7,-2.049698569442));
#5689 = PLANE('',#5690);
#5690 = AXIS2_PLACEMENT_3D('',#5691,#5692,#5693);
#5691 = CARTESIAN_POINT('',(4.85,0.7,0.));
#5692 = DIRECTION('',(-0.,-1.,-2.433201675498E-15));
#5693 = DIRECTION('',(-1.,0.,0.));
#5694 = ADVANCED_FACE('',(#5695),#5707,.T.);
#5695 = FACE_BOUND('',#5696,.T.);
#5696 = EDGE_LOOP('',(#5697,#5698,#5699,#5700));
#5697 = ORIENTED_EDGE('',*,*,#4606,.T.);
#5698 = ORIENTED_EDGE('',*,*,#5683,.T.);
#5699 = ORIENTED_EDGE('',*,*,#5660,.F.);
#5700 = ORIENTED_EDGE('',*,*,#5701,.F.);
#5701 = EDGE_CURVE('',#4607,#5653,#5702,.T.);
#5702 = B_SPLINE_CURVE_WITH_KNOTS('',3,(#5703,#5704,#5705,#5706),
  .UNSPECIFIED.,.F.,.F.,(4,4),(0.,1.),.PIECEWISE_BEZIER_KNOTS.);
#5703 = CARTESIAN_POINT('',(4.85,2.7,0.));
#5704 = CARTESIAN_POINT('',(4.828138480408,2.2,-0.704822519505));
#5705 = CARTESIAN_POINT('',(4.673454648644,1.7,-1.402093437093));
#5706 = CARTESIAN_POINT('',(4.395592767128,1.2,-2.049698569442));
#5707 = B_SPLINE_SURFACE_WITH_KNOTS('',3,3,(
    (#5708,#5709,#5710,#5711)
    ,(#5712,#5713,#5714,#5715)
    ,(#5716,#5717,#5718,#5719)
    ,(#5720,#5721,#5722,#5723)
    ,(#5724,#5725,#5726,#5727)
    ,(#5728,#5729,#5730,#5731)
    ,(#5732,#5733,#5734,#5735
    )),.UNSPECIFIED.,.F.,.F.,.F.,(4,1,1,1,4),(4,4),(0.5,0.58125,0.6625,
    0.74375,0.825),(0.,1.),.UNSPECIFIED.);
#5708 = CARTESIAN_POINT('',(4.85,2.7,0.));
#5709 = CARTESIAN_POINT('',(4.828138480408,2.2,-0.704822519505));
#5710 = CARTESIAN_POINT('',(4.673454648644,1.7,-1.402093437093));
#5711 = CARTESIAN_POINT('',(4.395592767128,1.2,-2.049698569442));
#5712 = CARTESIAN_POINT('',(4.85,2.533333333333,0.));
#5713 = CARTESIAN_POINT('',(4.828138480408,2.075,-0.704822519505));
#5714 = CARTESIAN_POINT('',(4.673454648644,1.616666666667,
    -1.402093437093));
#5715 = CARTESIAN_POINT('',(4.395592767128,1.158333333333,
    -2.049698569442));
#5716 = CARTESIAN_POINT('',(4.85,2.2,0.));
#5717 = CARTESIAN_POINT('',(4.828138480408,1.825,-0.704822519505));
#5718 = CARTESIAN_POINT('',(4.673454648644,1.45,-1.402093437093));
#5719 = CARTESIAN_POINT('',(4.395592767128,1.075,-2.049698569442));
#5720 = CARTESIAN_POINT('',(4.85,1.7,0.));
#5721 = CARTESIAN_POINT('',(4.828138480408,1.45,-0.704822519505));
#5722 = CARTESIAN_POINT('',(4.673454648644,1.2,-1.402093437093));
#5723 = CARTESIAN_POINT('',(4.395592767128,0.95,-2.049698569442));
#5724 = CARTESIAN_POINT('',(4.85,1.2,0.));
#5725 = CARTESIAN_POINT('',(4.828138480408,1.075,-0.704822519505));
#5726 = CARTESIAN_POINT('',(4.673454648644,0.95,-1.402093437093));
#5727 = CARTESIAN_POINT('',(4.395592767128,0.825,-2.049698569442));
#5728 = CARTESIAN_POINT('',(4.85,0.866666666667,0.));
#5729 = CARTESIAN_POINT('',(4.828138480408,0.825,-0.704822519505));
#5730 = CARTESIAN_POINT('',(4.673454648644,0.783333333333,
    -1.402093437093));
#5731 = CARTESIAN_POINT('',(4.395592767128,0.741666666667,
    -2.049698569442));
#5732 = CARTESIAN_POINT('',(4.85,0.7,0.));
#5733 = CARTESIAN_POINT('',(4.828138480408,0.7,-0.704822519505));
#5734 = CARTESIAN_POINT('',(4.673454648644,0.7,-1.402093437093));
#5735 = CARTESIAN_POINT('',(4.395592767128,0.7,-2.049698569442));
#5736 = ADVANCED_FACE('',(#5737),#5749,.T.);
#5737 = FACE_BOUND('',#5738,.T.);
#5738 = EDGE_LOOP('',(#5739,#5740,#5741,#5742));
#5739 = ORIENTED_EDGE('',*,*,#5523,.T.);
#5740 = ORIENTED_EDGE('',*,*,#5701,.T.);
#5741 = ORIENTED_EDGE('',*,*,#5652,.F.);
#5742 = ORIENTED_EDGE('',*,*,#5743,.F.);
#5743 = EDGE_CURVE('',#4779,#5645,#5744,.T.);
#5744 = B_SPLINE_CURVE_WITH_KNOTS('',3,(#5745,#5746,#5747,#5748),
  .UNSPECIFIED.,.F.,.F.,(4,4),(0.,1.),.PIECEWISE_BEZIER_KNOTS.);
#5745 = CARTESIAN_POINT('',(4.35,2.7,-3.995410182218E-16));
#5746 = CARTESIAN_POINT('',(4.343753849236,2.2,-0.634386142548));
#5747 = CARTESIAN_POINT('',(4.204685386298,1.7,-1.261220683179));
#5748 = CARTESIAN_POINT('',(3.942438873609,1.2,-1.838389438572));
#5749 = B_SPLINE_SURFACE_WITH_KNOTS('',3,3,(
    (#5750,#5751,#5752,#5753)
    ,(#5754,#5755,#5756,#5757)
    ,(#5758,#5759,#5760,#5761)
    ,(#5762,#5763,#5764,#5765)
    ,(#5766,#5767,#5768,#5769)
    ,(#5770,#5771,#5772,#5773)
    ,(#5774,#5775,#5776,#5777
    )),.UNSPECIFIED.,.F.,.F.,.F.,(4,1,1,1,4),(4,4),(0.325,0.36875,0.4125
    ,0.45625,0.5),(0.,1.),.UNSPECIFIED.);
#5750 = CARTESIAN_POINT('',(4.35,2.7,0.));
#5751 = CARTESIAN_POINT('',(4.343753849236,2.2,-0.634386142548));
#5752 = CARTESIAN_POINT('',(4.204685386298,1.7,-1.261220683179));
#5753 = CARTESIAN_POINT('',(3.942438873609,1.2,-1.838389438572));
#5754 = CARTESIAN_POINT('',(4.391666666667,2.7,0.));
#5755 = CARTESIAN_POINT('',(4.384119235167,2.2,-0.640255840628));
#5756 = CARTESIAN_POINT('',(4.243749491494,1.7,-1.272960079339));
#5757 = CARTESIAN_POINT('',(3.980201698069,1.2,-1.855998532811));
#5758 = CARTESIAN_POINT('',(4.475,2.7,0.));
#5759 = CARTESIAN_POINT('',(4.464850007029,2.2,-0.651995236788));
#5760 = CARTESIAN_POINT('',(4.321877701885,1.7,-1.296438871658));
#5761 = CARTESIAN_POINT('',(4.055727346989,1.2,-1.89121672129));
#5762 = CARTESIAN_POINT('',(4.6,2.7,0.));
#5763 = CARTESIAN_POINT('',(4.585946164822,2.2,-0.669604331027));
#5764 = CARTESIAN_POINT('',(4.439070017471,1.7,-1.331657060136));
#5765 = CARTESIAN_POINT('',(4.169015820369,1.2,-1.944044004007));
#5766 = CARTESIAN_POINT('',(4.725,2.7,0.));
#5767 = CARTESIAN_POINT('',(4.707042322615,2.2,-0.687213425266));
#5768 = CARTESIAN_POINT('',(4.556262333057,1.7,-1.366875248614));
#5769 = CARTESIAN_POINT('',(4.282304293748,1.2,-1.996871286725));
#5770 = CARTESIAN_POINT('',(4.808333333333,2.7,0.));
#5771 = CARTESIAN_POINT('',(4.787773094477,2.2,-0.698952821426));
#5772 = CARTESIAN_POINT('',(4.634390543448,1.7,-1.390354040933));
#5773 = CARTESIAN_POINT('',(4.357829942668,1.2,-2.032089475203));
#5774 = CARTESIAN_POINT('',(4.85,2.7,0.));
#5775 = CARTESIAN_POINT('',(4.828138480408,2.2,-0.704822519505));
#5776 = CARTESIAN_POINT('',(4.673454648644,1.7,-1.402093437093));
#5777 = CARTESIAN_POINT('',(4.395592767128,1.2,-2.049698569442));
#5778 = ADVANCED_FACE('',(#5779),#5785,.T.);
#5779 = FACE_BOUND('',#5780,.T.);
#5780 = EDGE_LOOP('',(#5781,#5782,#5783,#5784));
#5781 = ORIENTED_EDGE('',*,*,#4778,.T.);
#5782 = ORIENTED_EDGE('',*,*,#5743,.T.);
#5783 = ORIENTED_EDGE('',*,*,#5644,.F.);
#5784 = ORIENTED_EDGE('',*,*,#5675,.F.);
#5785 = B_SPLINE_SURFACE_WITH_KNOTS('',3,3,(
    (#5786,#5787,#5788,#5789)
    ,(#5790,#5791,#5792,#5793)
    ,(#5794,#5795,#5796,#5797)
    ,(#5798,#5799,#5800,#5801)
    ,(#5802,#5803,#5804,#5805)
    ,(#5806,#5807,#5808,#5809)
    ,(#5810,#5811,#5812,#5813
    )),.UNSPECIFIED.,.F.,.F.,.F.,(4,1,1,1,4),(4,4),(0.,8.125E-02,0.1625,
    0.24375,0.325),(0.,1.),.UNSPECIFIED.);
#5786 = CARTESIAN_POINT('',(4.35,0.7,0.));
#5787 = CARTESIAN_POINT('',(4.343753849236,0.7,-0.634386142548));
#5788 = CARTESIAN_POINT('',(4.204685386298,0.7,-1.261220683179));
#5789 = CARTESIAN_POINT('',(3.942438873609,0.7,-1.838389438572));
#5790 = CARTESIAN_POINT('',(4.35,0.866666666667,0.));
#5791 = CARTESIAN_POINT('',(4.343753849236,0.825,-0.634386142548));
#5792 = CARTESIAN_POINT('',(4.204685386298,0.783333333333,
    -1.261220683179));
#5793 = CARTESIAN_POINT('',(3.942438873609,0.741666666667,
    -1.838389438572));
#5794 = CARTESIAN_POINT('',(4.35,1.2,0.));
#5795 = CARTESIAN_POINT('',(4.343753849236,1.075,-0.634386142548));
#5796 = CARTESIAN_POINT('',(4.204685386298,0.95,-1.261220683179));
#5797 = CARTESIAN_POINT('',(3.942438873609,0.825,-1.838389438572));
#5798 = CARTESIAN_POINT('',(4.35,1.7,0.));
#5799 = CARTESIAN_POINT('',(4.343753849236,1.45,-0.634386142548));
#5800 = CARTESIAN_POINT('',(4.204685386298,1.2,-1.261220683179));
#5801 = CARTESIAN_POINT('',(3.942438873609,0.95,-1.838389438572));
#5802 = CARTESIAN_POINT('',(4.35,2.2,0.));
#5803 = CARTESIAN_POINT('',(4.343753849236,1.825,-0.634386142548));
#5804 = CARTESIAN_POINT('',(4.204685386298,1.45,-1.261220683179));
#5805 = CARTESIAN_POINT('',(3.942438873609,1.075,-1.838389438572));
#5806 = CARTESIAN_POINT('',(4.35,2.533333333333,0.));
#5807 = CARTESIAN_POINT('',(4.343753849236,2.075,-0.634386142548));
#5808 = CARTESIAN_POINT('',(4.204685386298,1.616666666667,
    -1.261220683179));
#5809 = CARTESIAN_POINT('',(3.942438873609,1.158333333333,
    -1.838389438572));
#5810 = CARTESIAN_POINT('',(4.35,2.7,0.));
#5811 = CARTESIAN_POINT('',(4.343753849236,2.2,-0.634386142548));
#5812 = CARTESIAN_POINT('',(4.204685386298,1.7,-1.261220683179));
#5813 = CARTESIAN_POINT('',(3.942438873609,1.2,-1.838389438572));
#5814 = ADVANCED_FACE('',(#5815),#5831,.T.);
#5815 = FACE_BOUND('',#5816,.T.);
#5816 = EDGE_LOOP('',(#5817,#5818,#5824,#5825));
#5817 = ORIENTED_EDGE('',*,*,#4895,.F.);
#5818 = ORIENTED_EDGE('',*,*,#5819,.T.);
#5819 = EDGE_CURVE('',#4896,#4632,#5820,.T.);
#5820 = LINE('',#5821,#5822);
#5821 = CARTESIAN_POINT('',(3.888450853039,10.4,3.137267913886));
#5822 = VECTOR('',#5823,1.);
#5823 = DIRECTION('',(0.906307787037,0.,0.422618261741));
#5824 = ORIENTED_EDGE('',*,*,#4631,.T.);
#5825 = ORIENTED_EDGE('',*,*,#5826,.T.);
#5826 = EDGE_CURVE('',#4634,#4881,#5827,.T.);
#5827 = LINE('',#5828,#5829);
#5828 = CARTESIAN_POINT('',(2.657729543634,10.4,2.860077499383));
#5829 = VECTOR('',#5830,1.);
#5830 = DIRECTION('',(-0.422618261741,-0.,-0.906307787037));
#5831 = PLANE('',#5832);
#5832 = AXIS2_PLACEMENT_3D('',#5833,#5834,#5835);
#5833 = CARTESIAN_POINT('',(4.395592767128,10.4,2.049698569442));
#5834 = DIRECTION('',(0.,-1.,0.));
#5835 = DIRECTION('',(0.,0.,1.));
#5836 = ADVANCED_FACE('',(#5837),#5853,.T.);
#5837 = FACE_BOUND('',#5838,.T.);
#5838 = EDGE_LOOP('',(#5839,#5840,#5846,#5847));
#5839 = ORIENTED_EDGE('',*,*,#4852,.T.);
#5840 = ORIENTED_EDGE('',*,*,#5841,.T.);
#5841 = EDGE_CURVE('',#4853,#4685,#5842,.T.);
#5842 = LINE('',#5843,#5844);
#5843 = CARTESIAN_POINT('',(2.023314092709,5.4,3.155910282602));
#5844 = VECTOR('',#5845,1.);
#5845 = DIRECTION('',(0.422618261741,-0.,0.906307787037));
#5846 = ORIENTED_EDGE('',*,*,#4684,.F.);
#5847 = ORIENTED_EDGE('',*,*,#5848,.F.);
#5848 = EDGE_CURVE('',#4841,#4676,#5849,.T.);
#5849 = LINE('',#5850,#5851);
#5850 = CARTESIAN_POINT('',(2.526413862227,5.4,3.541148542033));
#5851 = VECTOR('',#5852,1.);
#5852 = DIRECTION('',(0.580784795914,0.,0.8140571361));
#5853 = PLANE('',#5854);
#5854 = AXIS2_PLACEMENT_3D('',#5855,#5856,#5857);
#5855 = CARTESIAN_POINT('',(4.395592767128,5.4,2.049698569442));
#5856 = DIRECTION('',(0.,1.,0.));
#5857 = DIRECTION('',(0.,0.,-1.));
#5858 = ADVANCED_FACE('',(#5859),#5875,.T.);
#5859 = FACE_BOUND('',#5860,.T.);
#5860 = EDGE_LOOP('',(#5861,#5862,#5868,#5869));
#5861 = ORIENTED_EDGE('',*,*,#4919,.F.);
#5862 = ORIENTED_EDGE('',*,*,#5863,.T.);
#5863 = EDGE_CURVE('',#4920,#4658,#5864,.T.);
#5864 = LINE('',#5865,#5866);
#5865 = CARTESIAN_POINT('',(4.395592767128,5.9,2.049698569442));
#5866 = VECTOR('',#5867,1.);
#5867 = DIRECTION('',(0.906307787037,-0.,0.422618261741));
#5868 = ORIENTED_EDGE('',*,*,#4657,.F.);
#5869 = ORIENTED_EDGE('',*,*,#5870,.T.);
#5870 = EDGE_CURVE('',#4643,#4905,#5871,.T.);
#5871 = LINE('',#5872,#5873);
#5872 = CARTESIAN_POINT('',(3.942438873609,9.2,1.838389438572));
#5873 = VECTOR('',#5874,1.);
#5874 = DIRECTION('',(-0.906307787037,-0.,-0.422618261741));
#5875 = PLANE('',#5876);
#5876 = AXIS2_PLACEMENT_3D('',#5877,#5878,#5879);
#5877 = CARTESIAN_POINT('',(0.,0.,0.));
#5878 = DIRECTION('',(-0.422618261741,0.,0.906307787037));
#5879 = DIRECTION('',(0.906307787037,0.,0.422618261741));
#5880 = ADVANCED_FACE('',(#5881),#5897,.F.);
#5881 = FACE_BOUND('',#5882,.T.);
#5882 = EDGE_LOOP('',(#5883,#5884,#5890,#5891));
#5883 = ORIENTED_EDGE('',*,*,#4704,.T.);
#5884 = ORIENTED_EDGE('',*,*,#5885,.T.);
#5885 = EDGE_CURVE('',#4694,#4862,#5886,.T.);
#5886 = LINE('',#5887,#5888);
#5887 = CARTESIAN_POINT('',(0.,5.9,0.));
#5888 = VECTOR('',#5889,1.);
#5889 = DIRECTION('',(-0.422618261741,0.,-0.906307787037));
#5890 = ORIENTED_EDGE('',*,*,#4872,.T.);
#5891 = ORIENTED_EDGE('',*,*,#5892,.T.);
#5892 = EDGE_CURVE('',#4873,#4705,#5893,.T.);
#5893 = LINE('',#5894,#5895);
#5894 = CARTESIAN_POINT('',(0.,9.2,0.));
#5895 = VECTOR('',#5896,1.);
#5896 = DIRECTION('',(0.422618261741,0.,0.906307787037));
#5897 = PLANE('',#5898);
#5898 = AXIS2_PLACEMENT_3D('',#5899,#5900,#5901);
#5899 = CARTESIAN_POINT('',(0.,0.,0.));
#5900 = DIRECTION('',(-0.906307787037,0.,0.422618261741));
#5901 = DIRECTION('',(0.422618261741,0.,0.906307787037));
#5902 = ADVANCED_FACE('',(#5903),#5909,.F.);
#5903 = FACE_BOUND('',#5904,.F.);
#5904 = EDGE_LOOP('',(#5905,#5906,#5907,#5908));
#5905 = ORIENTED_EDGE('',*,*,#5819,.T.);
#5906 = ORIENTED_EDGE('',*,*,#4642,.T.);
#5907 = ORIENTED_EDGE('',*,*,#5870,.T.);
#5908 = ORIENTED_EDGE('',*,*,#4904,.T.);
#5909 = CYLINDRICAL_SURFACE('',#5910,1.2);
#5910 = AXIS2_PLACEMENT_3D('',#5911,#5912,#5913);
#5911 = CARTESIAN_POINT('',(3.888450853039,9.2,3.137267913886));
#5912 = DIRECTION('',(-0.906307787037,0.,-0.422618261741));
#5913 = DIRECTION('',(-0.422618261741,0.,0.906307787037));
#5914 = ADVANCED_FACE('',(#5915),#5921,.F.);
#5915 = FACE_BOUND('',#5916,.F.);
#5916 = EDGE_LOOP('',(#5917,#5918,#5919,#5920));
#5917 = ORIENTED_EDGE('',*,*,#5892,.T.);
#5918 = ORIENTED_EDGE('',*,*,#4712,.T.);
#5919 = ORIENTED_EDGE('',*,*,#5826,.T.);
#5920 = ORIENTED_EDGE('',*,*,#4880,.T.);
#5921 = CYLINDRICAL_SURFACE('',#5922,1.2);
#5922 = AXIS2_PLACEMENT_3D('',#5923,#5924,#5925);
#5923 = CARTESIAN_POINT('',(1.087569344444,9.2,-0.507141914089));
#5924 = DIRECTION('',(0.422618261741,0.,0.906307787037));
#5925 = DIRECTION('',(0.906307787037,0.,-0.422618261741));
#5926 = ADVANCED_FACE('',(#5927),#5981,.F.);
#5927 = FACE_BOUND('',#5928,.T.);
#5928 = EDGE_LOOP('',(#5929,#5939,#5957,#5965));
#5929 = ORIENTED_EDGE('',*,*,#5930,.T.);
#5930 = EDGE_CURVE('',#5931,#5933,#5935,.T.);
#5931 = VERTEX_POINT('',#5932);
#5932 = CARTESIAN_POINT('',(2.070462842628,7.983350440839,2.088684153135
    ));
#5933 = VERTEX_POINT('',#5934);
#5934 = CARTESIAN_POINT('',(2.088684153135,7.983350440839,2.070462842628
    ));
#5935 = LINE('',#5936,#5937);
#5936 = CARTESIAN_POINT('',(2.433126888475,7.983350440839,1.726020107288
    ));
#5937 = VECTOR('',#5938,1.);
#5938 = DIRECTION('',(0.707106781187,0.,-0.707106781187));
#5939 = ORIENTED_EDGE('',*,*,#5940,.T.);
#5940 = EDGE_CURVE('',#5933,#5941,#5943,.T.);
#5941 = VERTEX_POINT('',#5942);
#5942 = CARTESIAN_POINT('',(2.058165502879,7.485253091794,2.039353076169
    ));
#5943 = B_SPLINE_CURVE_WITH_KNOTS('',3,(#5944,#5945,#5946,#5947,#5948,
    #5949,#5950,#5951,#5952,#5953,#5954,#5955,#5956),.UNSPECIFIED.,.F.,
  .F.,(4,3,3,3,4),(0.,7.494146710069E-05,2.500327947681E-04,
    4.454541783278E-04,5.00000199694E-04),.UNSPECIFIED.);
#5944 = CARTESIAN_POINT('',(2.088684153135,7.983350440839,2.070462842628
    ));
#5945 = CARTESIAN_POINT('',(2.087166855077,7.958465029778,2.068901127144
    ));
#5946 = CARTESIAN_POINT('',(2.085648872871,7.933579617476,2.067340095655
    ));
#5947 = CARTESIAN_POINT('',(2.084130038647,7.908694203788,2.065779916011
    ));
#5948 = CARTESIAN_POINT('',(2.080581473227,7.850552559953,2.06213475221)
  );
#5949 = CARTESIAN_POINT('',(2.077028272868,7.792410907652,2.058494222301
    ));
#5950 = CARTESIAN_POINT('',(2.073467973075,7.734269246822,2.054860790769
    ));
#5951 = CARTESIAN_POINT('',(2.069494282827,7.669376691672,2.050805477373
    ));
#5952 = CARTESIAN_POINT('',(2.065511765938,7.604484122677,2.046758988905
    ));
#5953 = CARTESIAN_POINT('',(2.061515339811,7.539591547052,2.042726408855
    ));
#5954 = CARTESIAN_POINT('',(2.060399857218,7.521478729187,2.041600834977
    ));
#5955 = CARTESIAN_POINT('',(2.059283288113,7.503365910641,2.040476347527
    ));
#5956 = CARTESIAN_POINT('',(2.058165502879,7.485253091794,2.039353076169
    ));
#5957 = ORIENTED_EDGE('',*,*,#5958,.T.);
#5958 = EDGE_CURVE('',#5941,#5959,#5961,.T.);
#5959 = VERTEX_POINT('',#5960);
#5960 = CARTESIAN_POINT('',(2.039353076169,7.485253091794,2.058165502879
    ));
#5961 = LINE('',#5962,#5963);
#5962 = CARTESIAN_POINT('',(2.402312680117,7.485253091794,1.69520589893)
  );
#5963 = VECTOR('',#5964,1.);
#5964 = DIRECTION('',(-0.707106781187,0.,0.707106781187));
#5965 = ORIENTED_EDGE('',*,*,#5966,.T.);
#5966 = EDGE_CURVE('',#5959,#5931,#5967,.T.);
#5967 = B_SPLINE_CURVE_WITH_KNOTS('',3,(#5968,#5969,#5970,#5971,#5972,
    #5973,#5974,#5975,#5976,#5977,#5978,#5979,#5980),.UNSPECIFIED.,.F.,
  .F.,(4,3,3,3,4),(0.,5.369415047064E-05,2.499674072905E-04,
    4.23354993777E-04,5.000002043495E-04),.UNSPECIFIED.);
#5968 = CARTESIAN_POINT('',(2.039353076169,7.485253091794,2.058165502879
    ));
#5969 = CARTESIAN_POINT('',(2.040458804859,7.50308303406,2.059265831125)
  );
#5970 = CARTESIAN_POINT('',(2.041565711994,7.520912976034,2.06036498089)
  );
#5971 = CARTESIAN_POINT('',(2.04267367377,7.538742917352,2.061463075934)
  );
#5972 = CARTESIAN_POINT('',(2.046723710083,7.603918369601,2.06547704546)
  );
#5973 = CARTESIAN_POINT('',(2.050787799648,7.669093815204,2.06947696091)
  );
#5974 = CARTESIAN_POINT('',(2.054860790769,7.734269246822,2.073467973075
    ));
#5975 = CARTESIAN_POINT('',(2.058458866851,7.791845154711,2.076993629033
    ));
#5976 = CARTESIAN_POINT('',(2.062063904358,7.849421054235,2.080512322531
    ));
#5977 = CARTESIAN_POINT('',(2.065673508501,7.906996945441,2.084026448363
    ));
#5978 = CARTESIAN_POINT('',(2.067269117952,7.932448111976,2.085579852052
    ));
#5979 = CARTESIAN_POINT('',(2.068865622615,7.957899277057,2.087132360349
    ));
#5980 = CARTESIAN_POINT('',(2.070462842628,7.983350440839,2.088684153135
    ));
#5981 = PLANE('',#5982);
#5982 = AXIS2_PLACEMENT_3D('',#5983,#5984,#5985);
#5983 = CARTESIAN_POINT('',(1.573647766304,-0.194703747153,
    1.573647766304));
#5984 = DIRECTION('',(0.704416026403,-8.715574274765E-02,0.704416026403)
  );
#5985 = DIRECTION('',(0.707106781187,6.938893903907E-18,-0.707106781187)
  );
#5986 = ADVANCED_FACE('',(#5987),#6036,.T.);
#5987 = FACE_BOUND('',#5988,.T.);
#5988 = EDGE_LOOP('',(#5989,#5990,#6001,#6012,#6013,#6014,#6027));
#5989 = ORIENTED_EDGE('',*,*,#5958,.F.);
#5990 = ORIENTED_EDGE('',*,*,#5991,.T.);
#5991 = EDGE_CURVE('',#5941,#5992,#5994,.T.);
#5992 = VERTEX_POINT('',#5993);
#5993 = CARTESIAN_POINT('',(2.745546654709,7.442259446622,2.020533289768
    ));
#5994 = B_SPLINE_CURVE_WITH_KNOTS('',3,(#5995,#5996,#5997,#5998,#5999,
    #6000),.UNSPECIFIED.,.F.,.F.,(4,2,4),(0.,3.779409382967E-04,
    7.558818765934E-04),.UNSPECIFIED.);
#5995 = CARTESIAN_POINT('',(2.058165502879,7.485253091794,2.039353076169
    ));
#5996 = CARTESIAN_POINT('',(2.148529622041,7.485253091794,1.948988957006
    ));
#5997 = CARTESIAN_POINT('',(2.272397659229,7.480916134023,1.896177015668
    ));
#5998 = CARTESIAN_POINT('',(2.524673670548,7.465466163835,1.889214469155
    ));
#5999 = CARTESIAN_POINT('',(2.651119647686,7.454188631955,1.935253899628
    ));
#6000 = CARTESIAN_POINT('',(2.745546654709,7.442259446622,2.020533289768
    ));
#6001 = ORIENTED_EDGE('',*,*,#6002,.F.);
#6002 = EDGE_CURVE('',#4511,#5992,#6003,.T.);
#6003 = B_SPLINE_CURVE_WITH_KNOTS('',3,(#6004,#6005,#6006,#6007,#6008,
    #6009,#6010,#6011),.UNSPECIFIED.,.F.,.F.,(4,2,2,4),(0.,
    0.457687736299,0.694874842468,0.85335307711),.UNSPECIFIED.);
#6004 = CARTESIAN_POINT('',(3.541148542033,5.4,2.526413862227));
#6005 = CARTESIAN_POINT('',(3.541148542033,5.888939689982,2.526413862227
    ));
#6006 = CARTESIAN_POINT('',(3.516565270854,6.388150782152,2.56627188767)
  );
#6007 = CARTESIAN_POINT('',(3.476909733624,7.15080263699,2.632732383016)
  );
#6008 = CARTESIAN_POINT('',(3.322746459292,7.369247115097,2.516255080112
    ));
#6009 = CARTESIAN_POINT('',(2.999661158515,7.410067649488,2.244783875745
    ));
#6010 = CARTESIAN_POINT('',(2.871501624997,7.426347259722,2.13428637154)
  );
#6011 = CARTESIAN_POINT('',(2.745546654709,7.442259446622,2.020533289768
    ));
#6012 = ORIENTED_EDGE('',*,*,#4831,.T.);
#6013 = ORIENTED_EDGE('',*,*,#4840,.T.);
#6014 = ORIENTED_EDGE('',*,*,#6015,.T.);
#6015 = EDGE_CURVE('',#4841,#6016,#6018,.T.);
#6016 = VERTEX_POINT('',#6017);
#6017 = CARTESIAN_POINT('',(2.020533289768,7.442259446622,2.745546654709
    ));
#6018 = B_SPLINE_CURVE_WITH_KNOTS('',3,(#6019,#6020,#6021,#6022,#6023,
    #6024,#6025,#6026),.UNSPECIFIED.,.F.,.F.,(4,2,2,4),(0.,
    0.457687736299,0.694874842468,0.85335307711),.UNSPECIFIED.);
#6019 = CARTESIAN_POINT('',(2.526413862227,5.4,3.541148542033));
#6020 = CARTESIAN_POINT('',(2.526413862227,5.888939689982,3.541148542033
    ));
#6021 = CARTESIAN_POINT('',(2.56627188767,6.388150782152,3.516565270854)
  );
#6022 = CARTESIAN_POINT('',(2.632732383016,7.15080263699,3.476909733624)
  );
#6023 = CARTESIAN_POINT('',(2.516255080112,7.369247115097,3.322746459292
    ));
#6024 = CARTESIAN_POINT('',(2.244783875745,7.410067649488,2.999661158515
    ));
#6025 = CARTESIAN_POINT('',(2.13428637154,7.426347259722,2.871501624997)
  );
#6026 = CARTESIAN_POINT('',(2.020533289768,7.442259446622,2.745546654709
    ));
#6027 = ORIENTED_EDGE('',*,*,#6028,.T.);
#6028 = EDGE_CURVE('',#6016,#5959,#6029,.T.);
#6029 = B_SPLINE_CURVE_WITH_KNOTS('',3,(#6030,#6031,#6032,#6033,#6034,
    #6035),.UNSPECIFIED.,.F.,.F.,(4,2,4),(0.,3.779410109847E-04,
    7.558820219693E-04),.UNSPECIFIED.);
#6030 = CARTESIAN_POINT('',(2.020533289768,7.442259446622,2.745546654709
    ));
#6031 = CARTESIAN_POINT('',(1.935253921429,7.454188628905,2.651119671826
    ));
#6032 = CARTESIAN_POINT('',(1.889283127763,7.465442181946,2.52498010831)
  );
#6033 = CARTESIAN_POINT('',(1.896091732544,7.48090280069,2.272700320561)
  );
#6034 = CARTESIAN_POINT('',(1.94898896252,7.485253091794,2.148529616527)
  );
#6035 = CARTESIAN_POINT('',(2.039353076169,7.485253091794,2.058165502879
    ));
#6036 = B_SPLINE_SURFACE_WITH_KNOTS('',3,3,(
    (#6037,#6038,#6039,#6040,#6041,#6042,#6043,#6044)
    ,(#6045,#6046,#6047,#6048,#6049,#6050,#6051,#6052)
    ,(#6053,#6054,#6055,#6056,#6057,#6058,#6059,#6060)
    ,(#6061,#6062,#6063,#6064,#6065,#6066,#6067,#6068)
    ,(#6069,#6070,#6071,#6072,#6073,#6074,#6075,#6076)
    ,(#6077,#6078,#6079,#6080,#6081,#6082,#6083,#6084)
    ,(#6085,#6086,#6087,#6088,#6089,#6090,#6091,#6092)
    ,(#6093,#6094,#6095,#6096,#6097,#6098,#6099,#6100)
    ,(#6101,#6102,#6103,#6104,#6105,#6106,#6107,#6108)
    ,(#6109,#6110,#6111,#6112,#6113,#6114,#6115,#6116)
    ,(#6117,#6118,#6119,#6120,#6121,#6122,#6123,#6124)
    ,(#6125,#6126,#6127,#6128,#6129,#6130,#6131,#6132
  )),.UNSPECIFIED.,.F.,.F.,.F.,(4,1,1,1,2,1,1,1,4),(4,2,2,4),(
    0.655308502715,0.698394939875,0.741481377036,0.784567814197,
    0.827654251357,0.870740688518,0.913827125679,0.956913562839,1.),(0.,
    0.457687736299,0.694874842468,1.),.UNSPECIFIED.);
#6037 = CARTESIAN_POINT('',(3.541148542033,5.4,2.526413862227));
#6038 = CARTESIAN_POINT('',(3.541148542033,5.888939689982,2.526413862227
    ));
#6039 = CARTESIAN_POINT('',(3.516565270854,6.388150782152,2.56627188767)
  );
#6040 = CARTESIAN_POINT('',(3.476909733624,7.15080263699,2.632732383016)
  );
#6041 = CARTESIAN_POINT('',(3.322746459292,7.369247115097,2.516255080112
    ));
#6042 = CARTESIAN_POINT('',(2.879914846916,7.425197116594,2.144167489453
    ));
#6043 = CARTESIAN_POINT('',(2.635386675666,7.456415392996,1.928279894479
    ));
#6044 = CARTESIAN_POINT('',(2.402312680117,7.485253091794,1.69520589893)
  );
#6045 = CARTESIAN_POINT('',(3.509067542082,5.4,2.57138020282));
#6046 = CARTESIAN_POINT('',(3.509067542082,5.890707355606,2.57138020282)
  );
#6047 = CARTESIAN_POINT('',(3.484692500996,6.390044531516,2.608710735259
    ));
#6048 = CARTESIAN_POINT('',(3.44524785499,7.152131052533,2.67087718328)
  );
#6049 = CARTESIAN_POINT('',(3.291137948062,7.370248696973,2.552853367146
    ));
#6050 = CARTESIAN_POINT('',(2.848297465878,7.425509109894,2.177753614313
    ));
#6051 = CARTESIAN_POINT('',(2.60366956607,7.45638115695,1.96055041385));
#6052 = CARTESIAN_POINT('',(2.370318865634,7.485253091794,1.727199713413
    ));
#6053 = CARTESIAN_POINT('',(3.440778887191,5.4,2.663464034156));
#6054 = CARTESIAN_POINT('',(3.440778887191,5.894242686854,2.663464034156
    ));
#6055 = CARTESIAN_POINT('',(3.418291907289,6.393832030244,2.69468180452)
  );
#6056 = CARTESIAN_POINT('',(3.381692341639,7.154787883619,2.746518309022
    ));
#6057 = CARTESIAN_POINT('',(3.228549777793,7.372251860725,2.624782867474
    ));
#6058 = CARTESIAN_POINT('',(2.787307087931,7.426133096493,2.242497557713
    ));
#6059 = CARTESIAN_POINT('',(2.543133775897,7.456312684856,2.022193023575
    ));
#6060 = CARTESIAN_POINT('',(2.309229665685,7.485253091794,1.788288913362
    ));
#6061 = CARTESIAN_POINT('',(3.326620862194,5.4,2.804912140922));
#6062 = CARTESIAN_POINT('',(3.326620862194,5.897486567778,2.804912140922
    ));
#6063 = CARTESIAN_POINT('',(3.310092796685,6.39730729013,2.825151547111)
  );
#6064 = CARTESIAN_POINT('',(3.283063584564,7.157225687341,2.858667644115
    ));
#6065 = CARTESIAN_POINT('',(3.133280322039,7.374089885008,2.730386399094
    ));
#6066 = CARTESIAN_POINT('',(2.698143583362,7.426705642057,2.335613199833
    ));
#6067 = CARTESIAN_POINT('',(2.456265829281,7.456249857556,2.110076544285
    ));
#6068 = CARTESIAN_POINT('',(2.221853932022,7.485253091794,1.875664647026
    ));
#6069 = CARTESIAN_POINT('',(3.203461725437,5.4,2.944815012523));
#6070 = CARTESIAN_POINT('',(3.203461725437,5.899602665862,2.944815012523
    ));
#6071 = CARTESIAN_POINT('',(3.194976977707,6.399574324883,2.953958479424
    ));
#6072 = CARTESIAN_POINT('',(3.181034742794,7.1588159528,2.969044775843)
  );
#6073 = CARTESIAN_POINT('',(3.035873408032,7.375288893158,2.834192612804
    ));
#6074 = CARTESIAN_POINT('',(2.609282395361,7.427079133748,2.426953954353
    ));
#6075 = CARTESIAN_POINT('',(2.37074927368,7.456208873089,2.196255594731)
  );
#6076 = CARTESIAN_POINT('',(2.136006128998,7.485253091794,1.961512450049
    ));
#6077 = CARTESIAN_POINT('',(3.118389224411,5.4,3.033439771911));
#6078 = CARTESIAN_POINT('',(3.118389327659,5.9,3.033439668664));
#6079 = CARTESIAN_POINT('',(3.115663636812,6.4,3.036165359511));
#6080 = CARTESIAN_POINT('',(3.111175127769,7.159114552738,3.040653868554
    ));
#6081 = CARTESIAN_POINT('',(2.969366335218,7.375514027745,2.90203318388)
  );
#6082 = CARTESIAN_POINT('',(2.549044204005,7.427149263295,2.487695743579
    ));
#6083 = CARTESIAN_POINT('',(2.313027421558,7.456201177544,2.254101841758
    ));
#6084 = CARTESIAN_POINT('',(2.078222072073,7.485253091794,2.019296506974
    ));
#6085 = CARTESIAN_POINT('',(3.033439771912,5.4,3.118389224411));
#6086 = CARTESIAN_POINT('',(3.033439668664,5.9,3.118389327659));
#6087 = CARTESIAN_POINT('',(3.036165359511,6.4,3.115663636812));
#6088 = CARTESIAN_POINT('',(3.040653868554,7.159114552738,3.111175127769
    ));
#6089 = CARTESIAN_POINT('',(2.90203318388,7.375514027745,2.969366335218)
  );
#6090 = CARTESIAN_POINT('',(2.487695743579,7.427149263295,2.549044204005
    ));
#6091 = CARTESIAN_POINT('',(2.254101841758,7.456201177544,2.313027421558
    ));
#6092 = CARTESIAN_POINT('',(2.019296506974,7.485253091794,2.078222072073
    ));
#6093 = CARTESIAN_POINT('',(2.944815012523,5.4,3.203461725437));
#6094 = CARTESIAN_POINT('',(2.944815012523,5.899602665862,3.203461725437
    ));
#6095 = CARTESIAN_POINT('',(2.953958479424,6.399574324883,3.194976977707
    ));
#6096 = CARTESIAN_POINT('',(2.969044775843,7.1588159528,3.181034742794)
  );
#6097 = CARTESIAN_POINT('',(2.834192612804,7.375288893158,3.035873408032
    ));
#6098 = CARTESIAN_POINT('',(2.426953954353,7.427079133748,2.609282395361
    ));
#6099 = CARTESIAN_POINT('',(2.196255594731,7.456208873089,2.37074927368)
  );
#6100 = CARTESIAN_POINT('',(1.961512450049,7.485253091794,2.136006128998
    ));
#6101 = CARTESIAN_POINT('',(2.804912140922,5.4,3.326620862194));
#6102 = CARTESIAN_POINT('',(2.804912140922,5.897486567778,3.326620862194
    ));
#6103 = CARTESIAN_POINT('',(2.825151547111,6.39730729013,3.310092796685)
  );
#6104 = CARTESIAN_POINT('',(2.858667644115,7.157225687341,3.283063584564
    ));
#6105 = CARTESIAN_POINT('',(2.730386399094,7.374089885008,3.133280322039
    ));
#6106 = CARTESIAN_POINT('',(2.335613199833,7.426705642057,2.698143583362
    ));
#6107 = CARTESIAN_POINT('',(2.110076544285,7.456249857556,2.456265829281
    ));
#6108 = CARTESIAN_POINT('',(1.875664647026,7.485253091794,2.221853932022
    ));
#6109 = CARTESIAN_POINT('',(2.663464034156,5.4,3.440778887191));
#6110 = CARTESIAN_POINT('',(2.663464034156,5.894242686854,3.440778887191
    ));
#6111 = CARTESIAN_POINT('',(2.69468180452,6.393832030244,3.418291907289)
  );
#6112 = CARTESIAN_POINT('',(2.746518309022,7.154787883619,3.381692341639
    ));
#6113 = CARTESIAN_POINT('',(2.624782867474,7.372251860725,3.228549777793
    ));
#6114 = CARTESIAN_POINT('',(2.242497557713,7.426133096493,2.787307087931
    ));
#6115 = CARTESIAN_POINT('',(2.022193023575,7.456312684856,2.543133775897
    ));
#6116 = CARTESIAN_POINT('',(1.788288913362,7.485253091794,2.309229665685
    ));
#6117 = CARTESIAN_POINT('',(2.57138020282,5.4,3.509067542082));
#6118 = CARTESIAN_POINT('',(2.57138020282,5.890707355606,3.509067542082)
  );
#6119 = CARTESIAN_POINT('',(2.608710735259,6.390044531516,3.484692500996
    ));
#6120 = CARTESIAN_POINT('',(2.67087718328,7.152131052533,3.44524785499)
  );
#6121 = CARTESIAN_POINT('',(2.552853367146,7.370248696973,3.291137948062
    ));
#6122 = CARTESIAN_POINT('',(2.177753614313,7.425509109894,2.848297465878
    ));
#6123 = CARTESIAN_POINT('',(1.96055041385,7.45638115695,2.60366956607));
#6124 = CARTESIAN_POINT('',(1.727199713413,7.485253091794,2.370318865634
    ));
#6125 = CARTESIAN_POINT('',(2.526413862227,5.4,3.541148542033));
#6126 = CARTESIAN_POINT('',(2.526413862227,5.888939689982,3.541148542033
    ));
#6127 = CARTESIAN_POINT('',(2.56627188767,6.388150782152,3.516565270854)
  );
#6128 = CARTESIAN_POINT('',(2.632732383016,7.15080263699,3.476909733624)
  );
#6129 = CARTESIAN_POINT('',(2.516255080112,7.369247115097,3.322746459292
    ));
#6130 = CARTESIAN_POINT('',(2.144167489453,7.425197116594,2.879914846916
    ));
#6131 = CARTESIAN_POINT('',(1.928279894479,7.456415392996,2.635386675666
    ));
#6132 = CARTESIAN_POINT('',(1.69520589893,7.485253091794,2.402312680117)
  );
#6133 = ADVANCED_FACE('',(#6134),#6167,.T.);
#6134 = FACE_BOUND('',#6135,.T.);
#6135 = EDGE_LOOP('',(#6136,#6137,#6155,#6166));
#6136 = ORIENTED_EDGE('',*,*,#6002,.T.);
#6137 = ORIENTED_EDGE('',*,*,#6138,.T.);
#6138 = EDGE_CURVE('',#5992,#6139,#6141,.T.);
#6139 = VERTEX_POINT('',#6140);
#6140 = CARTESIAN_POINT('',(2.776932176584,7.948157316176,2.05248390058)
  );
#6141 = B_SPLINE_CURVE_WITH_KNOTS('',3,(#6142,#6143,#6144,#6145,#6146,
    #6147,#6148,#6149,#6150,#6151,#6152,#6153,#6154),.UNSPECIFIED.,.F.,
  .F.,(4,3,3,3,4),(2.602085213965E-18,5.63696610682E-05,
    2.52037583053E-04,4.272710881447E-04,5.078766722351E-04),
  .UNSPECIFIED.);
#6142 = CARTESIAN_POINT('',(2.745546654709,7.442259446622,2.020533289768
    ));
#6143 = CARTESIAN_POINT('',(2.746697538266,7.460978343533,2.021690104272
    ));
#6144 = CARTESIAN_POINT('',(2.747849937251,7.479696910018,2.022850763832
    ));
#6145 = CARTESIAN_POINT('',(2.749003709304,7.49841517718,2.024014868142)
  );
#6146 = CARTESIAN_POINT('',(2.753008632144,7.563389203459,2.028055655862
    ));
#6147 = CARTESIAN_POINT('',(2.757030030395,7.628359647273,2.032137817558
    ));
#6148 = CARTESIAN_POINT('',(2.761062846884,7.69332764935,2.036247143612)
  );
#6149 = CARTESIAN_POINT('',(2.764674499803,7.751510776444,2.039927315887
    ));
#6150 = CARTESIAN_POINT('',(2.768295315606,7.809691956742,2.043629307564
    ));
#6151 = CARTESIAN_POINT('',(2.771922644368,7.867871782764,2.04734606871)
  );
#6152 = CARTESIAN_POINT('',(2.773591177827,7.89463389691,2.049055740134)
  );
#6153 = CARTESIAN_POINT('',(2.775261096026,7.921395724478,2.050768548318
    ));
#6154 = CARTESIAN_POINT('',(2.776932176584,7.948157316176,2.05248390058)
  );
#6155 = ORIENTED_EDGE('',*,*,#6156,.F.);
#6156 = EDGE_CURVE('',#4494,#6139,#6157,.T.);
#6157 = B_SPLINE_CURVE_WITH_KNOTS('',3,(#6158,#6159,#6160,#6161,#6162,
    #6163,#6164,#6165),.UNSPECIFIED.,.F.,.F.,(4,2,2,4),(0.,
    0.457687736299,0.694874842468,0.878227364095),.UNSPECIFIED.);
#6158 = CARTESIAN_POINT('',(3.948177110083,5.4,2.816806260185));
#6159 = CARTESIAN_POINT('',(3.948177110083,6.195651636896,2.816806260185
    ));
#6160 = CARTESIAN_POINT('',(3.877746757182,6.821080292725,2.835249923004
    ));
#6161 = CARTESIAN_POINT('',(3.739690271061,7.657458044823,2.843543036312
    ));
#6162 = CARTESIAN_POINT('',(3.546845517725,7.880212262388,2.702672774377
    ));
#6163 = CARTESIAN_POINT('',(3.132467796145,7.919639093729,2.363953561976
    ));
#6164 = CARTESIAN_POINT('',(2.952663949693,7.932824547714,2.211577340875
    ));
#6165 = CARTESIAN_POINT('',(2.776932176584,7.948157316176,2.05248390058)
  );
#6166 = ORIENTED_EDGE('',*,*,#4519,.T.);
#6167 = B_SPLINE_SURFACE_WITH_KNOTS('',3,3,(
    (#6168,#6169,#6170,#6171,#6172,#6173,#6174,#6175)
    ,(#6176,#6177,#6178,#6179,#6180,#6181,#6182,#6183)
    ,(#6184,#6185,#6186,#6187,#6188,#6189,#6190,#6191)
    ,(#6192,#6193,#6194,#6195,#6196,#6197,#6198,#6199)
    ,(#6200,#6201,#6202,#6203,#6204,#6205,#6206,#6207)
    ,(#6208,#6209,#6210,#6211,#6212,#6213,#6214,#6215)
    ,(#6216,#6217,#6218,#6219,#6220,#6221,#6222,#6223
  )),.UNSPECIFIED.,.F.,.F.,.F.,(4,1,1,1,4),(4,2,2,4),(0.510231312105,
    0.546500609757,0.58276990741,0.619039205062,0.655308502715),(0.,
    0.457687736299,0.694874842468,1.),.UNSPECIFIED.);
#6168 = CARTESIAN_POINT('',(3.948177110083,5.4,2.816806260185));
#6169 = CARTESIAN_POINT('',(3.948177110083,6.195651636896,2.816806260185
    ));
#6170 = CARTESIAN_POINT('',(3.877746757182,6.821080292725,2.835249923004
    ));
#6171 = CARTESIAN_POINT('',(3.739690271061,7.657458044823,2.843543036312
    ));
#6172 = CARTESIAN_POINT('',(3.546845517725,7.880212262388,2.702672774377
    ));
#6173 = CARTESIAN_POINT('',(3.012479419113,7.93105563776,2.265873075384)
  );
#6174 = CARTESIAN_POINT('',(2.714212619778,7.948572362588,2.007105838592
    ));
#6175 = CARTESIAN_POINT('',(2.433126888475,7.983350440839,1.726020107288
    ));
#6176 = CARTESIAN_POINT('',(3.914258062746,5.4,2.792606893688));
#6177 = CARTESIAN_POINT('',(3.914258062746,6.17005008707,2.792606893688)
  );
#6178 = CARTESIAN_POINT('',(3.847643762611,6.784957601069,2.812830549349
    ));
#6179 = CARTESIAN_POINT('',(3.717783036736,7.615205031464,2.825966625665
    ));
#6180 = CARTESIAN_POINT('',(3.528160720405,7.837607910538,2.687128090737
    ));
#6181 = CARTESIAN_POINT('',(3.001423186392,7.888893308997,2.255721758185
    ));
#6182 = CARTESIAN_POINT('',(2.707637181971,7.907560099521,2.000530400785
    ));
#6183 = CARTESIAN_POINT('',(2.430559037778,7.941842328419,1.723452256592
    ));
#6184 = CARTESIAN_POINT('',(3.846419968071,5.4,2.744208160695));
#6185 = CARTESIAN_POINT('',(3.846419968071,6.11884698742,2.744208160695)
  );
#6186 = CARTESIAN_POINT('',(3.787437773468,6.712712217757,2.767991802039
    ));
#6187 = CARTESIAN_POINT('',(3.673968568084,7.530699004748,2.79081380437)
  );
#6188 = CARTESIAN_POINT('',(3.490791125764,7.752399206838,2.656038723458
    ));
#6189 = CARTESIAN_POINT('',(2.979310720951,7.804568651471,2.235419123788
    ));
#6190 = CARTESIAN_POINT('',(2.694486306357,7.825535573387,1.987379525171
    ));
#6191 = CARTESIAN_POINT('',(2.425423336385,7.858826103578,1.718316555199
    ));
#6192 = CARTESIAN_POINT('',(3.744662826058,5.4,2.671610061206));
#6193 = CARTESIAN_POINT('',(3.744662826058,6.042125368096,2.671610061206
    ));
#6194 = CARTESIAN_POINT('',(3.697137712799,6.604433095299,2.700742604118
    ));
#6195 = CARTESIAN_POINT('',(3.608264281407,7.404002362528,2.738101988728
    ));
#6196 = CARTESIAN_POINT('',(3.434756155169,7.62463319723,2.609424093905)
  );
#6197 = CARTESIAN_POINT('',(2.946160085757,7.678096320019,2.20498323516)
  );
#6198 = CARTESIAN_POINT('',(2.674772990218,7.702497176063,1.967666209031
    ));
#6199 = CARTESIAN_POINT('',(2.417719784296,7.734301766316,1.710613003109
    ));
#6200 = CARTESIAN_POINT('',(3.642905684046,5.4,2.599011961717));
#6201 = CARTESIAN_POINT('',(3.642905684046,5.965469890163,2.599011961717
    ));
#6202 = CARTESIAN_POINT('',(3.606844760181,6.496224831955,2.633500514249
    ));
#6203 = CARTESIAN_POINT('',(3.542573868464,7.277355426118,2.68540404682)
  );
#6204 = CARTESIAN_POINT('',(3.378736655534,7.496904664178,2.562824935312
    ));
#6205 = CARTESIAN_POINT('',(2.913023839431,7.551635662534,2.174561735401
    ));
#6206 = CARTESIAN_POINT('',(2.655070027647,7.579457497716,1.94796324646)
  );
#6207 = CARTESIAN_POINT('',(2.410016232206,7.609777429055,1.70290945102)
  );
#6208 = CARTESIAN_POINT('',(3.575067589371,5.4,2.550613228724));
#6209 = CARTESIAN_POINT('',(3.575067589371,5.914449756709,2.550613228724
    ));
#6210 = CARTESIAN_POINT('',(3.546658433963,6.42417546542,2.588681429863)
  );
#6211 = CARTESIAN_POINT('',(3.49879777857,7.192986900033,2.650289604284)
  );
#6212 = CARTESIAN_POINT('',(3.341409858039,7.411799631458,2.531778365178
    ));
#6213 = CARTESIAN_POINT('',(2.890951177754,7.467343298574,2.154298904769
    ));
#6214 = CARTESIAN_POINT('',(2.641947792993,7.497429427903,1.934841011806
    ));
#6215 = CARTESIAN_POINT('',(2.404880530813,7.526761204214,1.697773749627
    ));
#6216 = CARTESIAN_POINT('',(3.541148542033,5.4,2.526413862227));
#6217 = CARTESIAN_POINT('',(3.541148542033,5.888939689982,2.526413862227
    ));
#6218 = CARTESIAN_POINT('',(3.516565270854,6.388150782152,2.56627188767)
  );
#6219 = CARTESIAN_POINT('',(3.476909733624,7.15080263699,2.632732383016)
  );
#6220 = CARTESIAN_POINT('',(3.322746459292,7.369247115097,2.516255080112
    ));
#6221 = CARTESIAN_POINT('',(2.879914846916,7.425197116594,2.144167489453
    ));
#6222 = CARTESIAN_POINT('',(2.635386675666,7.456415392996,1.928279894479
    ));
#6223 = CARTESIAN_POINT('',(2.402312680117,7.485253091794,1.69520589893)
  );
#6224 = ADVANCED_FACE('',(#6225),#6261,.T.);
#6225 = FACE_BOUND('',#6226,.T.);
#6226 = EDGE_LOOP('',(#6227,#6228,#6237,#6238,#6249,#6260));
#6227 = ORIENTED_EDGE('',*,*,#6156,.T.);
#6228 = ORIENTED_EDGE('',*,*,#6229,.T.);
#6229 = EDGE_CURVE('',#6139,#5933,#6230,.T.);
#6230 = B_SPLINE_CURVE_WITH_KNOTS('',3,(#6231,#6232,#6233,#6234,#6235,
    #6236),.UNSPECIFIED.,.F.,.F.,(4,2,4),(0.,3.782210544668E-04,
    7.564421089336E-04),.UNSPECIFIED.);
#6231 = CARTESIAN_POINT('',(2.776932176584,7.948157316176,2.05248390058)
  );
#6232 = CARTESIAN_POINT('',(2.682322439661,7.956412107924,1.966831839679
    ));
#6233 = CARTESIAN_POINT('',(2.555971556413,7.965201411077,1.920559943267
    ));
#6234 = CARTESIAN_POINT('',(2.30340209951,7.97880968662,1.927113416907)
  );
#6235 = CARTESIAN_POINT('',(2.179115137377,7.983350440839,1.980031858387
    ));
#6236 = CARTESIAN_POINT('',(2.088684153135,7.983350440839,2.070462842628
    ));
#6237 = ORIENTED_EDGE('',*,*,#5930,.F.);
#6238 = ORIENTED_EDGE('',*,*,#6239,.T.);
#6239 = EDGE_CURVE('',#5931,#6240,#6242,.T.);
#6240 = VERTEX_POINT('',#6241);
#6241 = CARTESIAN_POINT('',(2.05248390058,7.948157316176,2.776932176584)
  );
#6242 = B_SPLINE_CURVE_WITH_KNOTS('',3,(#6243,#6244,#6245,#6246,#6247,
    #6248),.UNSPECIFIED.,.F.,.F.,(4,2,4),(0.,3.782207058986E-04,
    7.564414117972E-04),.UNSPECIFIED.);
#6243 = CARTESIAN_POINT('',(2.070462842628,7.983350440839,2.088684153135
    ));
#6244 = CARTESIAN_POINT('',(1.980031870571,7.983350440839,2.179115125193
    ));
#6245 = CARTESIAN_POINT('',(1.927199290757,7.978822808245,2.303097301244
    ));
#6246 = CARTESIAN_POINT('',(1.920490208602,7.965221401036,2.555661658924
    ));
#6247 = CARTESIAN_POINT('',(1.966831719342,7.956412119522,2.682322306739
    ));
#6248 = CARTESIAN_POINT('',(2.05248390058,7.948157316176,2.776932176584)
  );
#6249 = ORIENTED_EDGE('',*,*,#6250,.F.);
#6250 = EDGE_CURVE('',#4676,#6240,#6251,.T.);
#6251 = B_SPLINE_CURVE_WITH_KNOTS('',3,(#6252,#6253,#6254,#6255,#6256,
    #6257,#6258,#6259),.UNSPECIFIED.,.F.,.F.,(4,2,2,4),(0.,
    0.457687736299,0.694874842468,0.878227364095),.UNSPECIFIED.);
#6252 = CARTESIAN_POINT('',(2.816806260185,5.4,3.948177110083));
#6253 = CARTESIAN_POINT('',(2.816806260185,6.195651636896,3.948177110083
    ));
#6254 = CARTESIAN_POINT('',(2.835249923004,6.821080292725,3.877746757182
    ));
#6255 = CARTESIAN_POINT('',(2.843543036312,7.657458044823,3.739690271061
    ));
#6256 = CARTESIAN_POINT('',(2.702672774377,7.880212262388,3.546845517725
    ));
#6257 = CARTESIAN_POINT('',(2.363953561976,7.919639093729,3.132467796145
    ));
#6258 = CARTESIAN_POINT('',(2.211577340875,7.932824547714,2.952663949693
    ));
#6259 = CARTESIAN_POINT('',(2.05248390058,7.948157316176,2.776932176584)
  );
#6260 = ORIENTED_EDGE('',*,*,#4675,.T.);
#6261 = B_SPLINE_SURFACE_WITH_KNOTS('',3,3,(
    (#6262,#6263,#6264,#6265,#6266,#6267,#6268,#6269)
    ,(#6270,#6271,#6272,#6273,#6274,#6275,#6276,#6277)
    ,(#6278,#6279,#6280,#6281,#6282,#6283,#6284,#6285)
    ,(#6286,#6287,#6288,#6289,#6290,#6291,#6292,#6293)
    ,(#6294,#6295,#6296,#6297,#6298,#6299,#6300,#6301)
    ,(#6302,#6303,#6304,#6305,#6306,#6307,#6308,#6309)
    ,(#6310,#6311,#6312,#6313,#6314,#6315,#6316,#6317
  )),.UNSPECIFIED.,.F.,.F.,.F.,(4,1,1,1,4),(4,2,2,4),(0.14507719061,
    0.236365720984,0.327654251357,0.418942781731,0.510231312105),(0.,
    0.457687736299,0.694874842468,1.),.UNSPECIFIED.);
#6262 = CARTESIAN_POINT('',(2.816806260185,5.4,3.948177110083));
#6263 = CARTESIAN_POINT('',(2.816806260185,6.195651636896,3.948177110083
    ));
#6264 = CARTESIAN_POINT('',(2.835249923004,6.821080292725,3.877746757182
    ));
#6265 = CARTESIAN_POINT('',(2.843543036312,7.657458044823,3.739690271061
    ));
#6266 = CARTESIAN_POINT('',(2.702672774377,7.880212262388,3.546845517725
    ));
#6267 = CARTESIAN_POINT('',(2.265873075384,7.93105563776,3.012479419113)
  );
#6268 = CARTESIAN_POINT('',(2.007105838592,7.948572362588,2.714212619778
    ));
#6269 = CARTESIAN_POINT('',(1.726020107288,7.983350440839,2.433126888475
    ));
#6270 = CARTESIAN_POINT('',(2.925845533593,5.4,3.870383612127));
#6271 = CARTESIAN_POINT('',(2.925845533593,6.198889083657,3.870383612127
    ));
#6272 = CARTESIAN_POINT('',(2.934139394211,6.824548659515,3.804253597665
    ));
#6273 = CARTESIAN_POINT('',(2.925476980567,7.659891013218,3.673036754387
    ));
#6274 = CARTESIAN_POINT('',(2.778545716214,7.882046640993,3.482581598106
    ));
#6275 = CARTESIAN_POINT('',(2.330168592124,7.931627047694,2.952501520927
    ));
#6276 = CARTESIAN_POINT('',(2.066538183554,7.948509659905,2.655793834543
    ));
#6277 = CARTESIAN_POINT('',(1.784945672387,7.983350440839,2.374201323376
    ));
#6278 = CARTESIAN_POINT('',(3.137476135271,5.4,3.705757289258));
#6279 = CARTESIAN_POINT('',(3.137476135271,6.205363977181,3.705757289258
    ));
#6280 = CARTESIAN_POINT('',(3.126821094549,6.831485393095,3.650121492382
    ));
#6281 = CARTESIAN_POINT('',(3.086471841255,7.66475695001,3.535702044423)
  );
#6282 = CARTESIAN_POINT('',(2.928208477916,7.885715398202,3.351133445465
    ));
#6283 = CARTESIAN_POINT('',(2.458159313132,7.932769867562,2.831704150905
    ));
#6284 = CARTESIAN_POINT('',(2.185402873478,7.948384254537,2.538956264071
    ));
#6285 = CARTESIAN_POINT('',(1.902796802585,7.983350440839,2.256350193178
    ));
#6286 = CARTESIAN_POINT('',(3.433396671999,5.4,3.433390846508));
#6287 = CARTESIAN_POINT('',(3.433396671999,6.207878507864,3.433390846508
    ));
#6288 = CARTESIAN_POINT('',(3.398053840432,6.834179279776,3.398049235253
    ));
#6289 = CARTESIAN_POINT('',(3.316863215165,7.666646640909,3.316860619485
    ));
#6290 = CARTESIAN_POINT('',(3.144064851976,7.887140163341,3.144062969949
    ));
#6291 = CARTESIAN_POINT('',(2.646575491169,7.933213682678,2.646574948808
    ));
#6292 = CARTESIAN_POINT('',(2.362573185599,7.94833555325,2.362573185599)
  );
#6293 = CARTESIAN_POINT('',(2.079573497882,7.983350440839,2.079573497882
    ));
#6294 = CARTESIAN_POINT('',(3.705755793475,5.4,3.137477438465));
#6295 = CARTESIAN_POINT('',(3.705755793475,6.205363952073,3.137477438465
    ));
#6296 = CARTESIAN_POINT('',(3.650120307235,6.831485366196,3.126822122054
    ));
#6297 = CARTESIAN_POINT('',(3.535701372677,7.664756931141,3.086472416656
    ));
#6298 = CARTESIAN_POINT('',(3.351132956354,7.885715383976,2.928208893063
    ));
#6299 = CARTESIAN_POINT('',(2.831704006183,7.93276986313,2.458159428999)
  );
#6300 = CARTESIAN_POINT('',(2.538956260141,7.948384255023,2.185402869547
    ));
#6301 = CARTESIAN_POINT('',(2.256350193178,7.983350440839,1.902796802585
    ));
#6302 = CARTESIAN_POINT('',(3.870383612127,5.4,2.925845533593));
#6303 = CARTESIAN_POINT('',(3.870383612127,6.198889075288,2.925845533593
    ));
#6304 = CARTESIAN_POINT('',(3.804253596765,6.824548650549,2.934139393311
    ));
#6305 = CARTESIAN_POINT('',(3.673036752631,7.659891006929,2.925476978812
    ));
#6306 = CARTESIAN_POINT('',(3.482581596149,7.882046636251,2.778545714257
    ));
#6307 = CARTESIAN_POINT('',(2.952501519106,7.931627046217,2.330168590304
    ));
#6308 = CARTESIAN_POINT('',(2.655793833232,7.948509660067,2.066538182244
    ));
#6309 = CARTESIAN_POINT('',(2.374201323376,7.983350440839,1.784945672387
    ));
#6310 = CARTESIAN_POINT('',(3.948177110083,5.4,2.816806260185));
#6311 = CARTESIAN_POINT('',(3.948177110083,6.195651636896,2.816806260185
    ));
#6312 = CARTESIAN_POINT('',(3.877746757182,6.821080292725,2.835249923004
    ));
#6313 = CARTESIAN_POINT('',(3.739690271061,7.657458044823,2.843543036312
    ));
#6314 = CARTESIAN_POINT('',(3.546845517725,7.880212262388,2.702672774377
    ));
#6315 = CARTESIAN_POINT('',(3.012479419113,7.93105563776,2.265873075384)
  );
#6316 = CARTESIAN_POINT('',(2.714212619778,7.948572362588,2.007105838592
    ));
#6317 = CARTESIAN_POINT('',(2.433126888475,7.983350440839,1.726020107288
    ));
#6318 = ADVANCED_FACE('',(#6319),#6337,.T.);
#6319 = FACE_BOUND('',#6320,.T.);
#6320 = EDGE_LOOP('',(#6321,#6322,#6335,#6336));
#6321 = ORIENTED_EDGE('',*,*,#6250,.T.);
#6322 = ORIENTED_EDGE('',*,*,#6323,.T.);
#6323 = EDGE_CURVE('',#6240,#6016,#6324,.T.);
#6324 = B_SPLINE_CURVE_WITH_KNOTS('',3,(#6325,#6326,#6327,#6328,#6329,
    #6330,#6331,#6332,#6333,#6334),.UNSPECIFIED.,.F.,.F.,(4,3,3,4),(
    1.39318924489E-17,2.558390646418E-04,4.52360149868E-04,
    5.078766103619E-04),.UNSPECIFIED.);
#6325 = CARTESIAN_POINT('',(2.05248390058,7.948157316176,2.776932176584)
  );
#6326 = CARTESIAN_POINT('',(2.047039437359,7.863217036017,2.771628230078
    ));
#6327 = CARTESIAN_POINT('',(2.041620156699,7.77827440727,2.766335822427)
  );
#6328 = CARTESIAN_POINT('',(2.036247143612,7.69332764935,2.761062846884)
  );
#6329 = CARTESIAN_POINT('',(2.032119899215,7.628076360189,2.757012445665
    ));
#6330 = CARTESIAN_POINT('',(2.028020054984,7.562822607991,2.752973561735
    ));
#6331 = CARTESIAN_POINT('',(2.023962012038,7.497565236761,2.74895132093)
  );
#6332 = CARTESIAN_POINT('',(2.022815630122,7.479130274072,2.747815052984
    ));
#6333 = CARTESIAN_POINT('',(2.021672595116,7.460695020603,2.746680118879
    ));
#6334 = CARTESIAN_POINT('',(2.020533289768,7.442259446622,2.745546654709
    ));
#6335 = ORIENTED_EDGE('',*,*,#6015,.F.);
#6336 = ORIENTED_EDGE('',*,*,#5848,.T.);
#6337 = B_SPLINE_SURFACE_WITH_KNOTS('',3,3,(
    (#6338,#6339,#6340,#6341,#6342,#6343,#6344,#6345)
    ,(#6346,#6347,#6348,#6349,#6350,#6351,#6352,#6353)
    ,(#6354,#6355,#6356,#6357,#6358,#6359,#6360,#6361)
    ,(#6362,#6363,#6364,#6365,#6366,#6367,#6368,#6369)
    ,(#6370,#6371,#6372,#6373,#6374,#6375,#6376,#6377)
    ,(#6378,#6379,#6380,#6381,#6382,#6383,#6384,#6385)
    ,(#6386,#6387,#6388,#6389,#6390,#6391,#6392,#6393
  )),.UNSPECIFIED.,.F.,.F.,.F.,(4,1,1,1,4),(4,2,2,4),(0.,
    3.626929765255E-02,7.25385953051E-02,0.108807892958,0.14507719061),(
    0.,0.457687736299,0.694874842468,1.),.UNSPECIFIED.);
#6338 = CARTESIAN_POINT('',(2.526413862227,5.4,3.541148542033));
#6339 = CARTESIAN_POINT('',(2.526413862227,5.888939689982,3.541148542033
    ));
#6340 = CARTESIAN_POINT('',(2.56627188767,6.388150782152,3.516565270854)
  );
#6341 = CARTESIAN_POINT('',(2.632732383016,7.15080263699,3.476909733624)
  );
#6342 = CARTESIAN_POINT('',(2.516255080112,7.369247115097,3.322746459292
    ));
#6343 = CARTESIAN_POINT('',(2.144167489453,7.425197116594,2.879914846916
    ));
#6344 = CARTESIAN_POINT('',(1.928279894479,7.456415392996,2.635386675666
    ));
#6345 = CARTESIAN_POINT('',(1.69520589893,7.485253091794,2.402312680117)
  );
#6346 = CARTESIAN_POINT('',(2.550613228724,5.4,3.575067589371));
#6347 = CARTESIAN_POINT('',(2.550613228724,5.914449756709,3.575067589371
    ));
#6348 = CARTESIAN_POINT('',(2.588681429863,6.42417546542,3.546658433963)
  );
#6349 = CARTESIAN_POINT('',(2.650289604284,7.192986900033,3.49879777857)
  );
#6350 = CARTESIAN_POINT('',(2.531778365178,7.411799631458,3.341409858039
    ));
#6351 = CARTESIAN_POINT('',(2.154298904769,7.467343298574,2.890951177754
    ));
#6352 = CARTESIAN_POINT('',(1.934841011806,7.497429427903,2.641947792993
    ));
#6353 = CARTESIAN_POINT('',(1.697773749627,7.526761204214,2.404880530813
    ));
#6354 = CARTESIAN_POINT('',(2.599011961717,5.4,3.642905684046));
#6355 = CARTESIAN_POINT('',(2.599011961717,5.965469890163,3.642905684046
    ));
#6356 = CARTESIAN_POINT('',(2.633500514249,6.496224831955,3.606844760181
    ));
#6357 = CARTESIAN_POINT('',(2.68540404682,7.277355426118,3.542573868464)
  );
#6358 = CARTESIAN_POINT('',(2.562824935312,7.496904664178,3.378736655534
    ));
#6359 = CARTESIAN_POINT('',(2.174561735401,7.551635662534,2.913023839431
    ));
#6360 = CARTESIAN_POINT('',(1.94796324646,7.579457497716,2.655070027647)
  );
#6361 = CARTESIAN_POINT('',(1.70290945102,7.609777429055,2.410016232206)
  );
#6362 = CARTESIAN_POINT('',(2.671610061206,5.4,3.744662826058));
#6363 = CARTESIAN_POINT('',(2.671610061206,6.042125368096,3.744662826058
    ));
#6364 = CARTESIAN_POINT('',(2.700742604118,6.604433095299,3.697137712799
    ));
#6365 = CARTESIAN_POINT('',(2.738101988728,7.404002362528,3.608264281407
    ));
#6366 = CARTESIAN_POINT('',(2.609424093905,7.62463319723,3.434756155169)
  );
#6367 = CARTESIAN_POINT('',(2.204983235161,7.678096320019,2.946160085757
    ));
#6368 = CARTESIAN_POINT('',(1.967666209031,7.702497176063,2.674772990218
    ));
#6369 = CARTESIAN_POINT('',(1.710613003109,7.734301766316,2.417719784296
    ));
#6370 = CARTESIAN_POINT('',(2.744208160695,5.4,3.846419968071));
#6371 = CARTESIAN_POINT('',(2.744208160695,6.11884698742,3.846419968071)
  );
#6372 = CARTESIAN_POINT('',(2.767991802039,6.712712217757,3.787437773468
    ));
#6373 = CARTESIAN_POINT('',(2.79081380437,7.530699004748,3.673968568084)
  );
#6374 = CARTESIAN_POINT('',(2.656038723458,7.752399206838,3.490791125764
    ));
#6375 = CARTESIAN_POINT('',(2.235419123788,7.804568651471,2.979310720951
    ));
#6376 = CARTESIAN_POINT('',(1.987379525171,7.825535573387,2.694486306357
    ));
#6377 = CARTESIAN_POINT('',(1.718316555199,7.858826103578,2.425423336385
    ));
#6378 = CARTESIAN_POINT('',(2.792606893688,5.4,3.914258062746));
#6379 = CARTESIAN_POINT('',(2.792606893688,6.17005008707,3.914258062746)
  );
#6380 = CARTESIAN_POINT('',(2.812830549349,6.784957601069,3.847643762611
    ));
#6381 = CARTESIAN_POINT('',(2.825966625665,7.615205031464,3.717783036736
    ));
#6382 = CARTESIAN_POINT('',(2.687128090737,7.837607910538,3.528160720405
    ));
#6383 = CARTESIAN_POINT('',(2.255721758185,7.888893308997,3.001423186392
    ));
#6384 = CARTESIAN_POINT('',(2.000530400785,7.907560099521,2.707637181971
    ));
#6385 = CARTESIAN_POINT('',(1.723452256592,7.941842328419,2.430559037778
    ));
#6386 = CARTESIAN_POINT('',(2.816806260185,5.4,3.948177110083));
#6387 = CARTESIAN_POINT('',(2.816806260185,6.195651636896,3.948177110083
    ));
#6388 = CARTESIAN_POINT('',(2.835249923004,6.821080292725,3.877746757182
    ));
#6389 = CARTESIAN_POINT('',(2.843543036312,7.657458044823,3.739690271061
    ));
#6390 = CARTESIAN_POINT('',(2.702672774377,7.880212262388,3.546845517725
    ));
#6391 = CARTESIAN_POINT('',(2.265873075384,7.93105563776,3.012479419113)
  );
#6392 = CARTESIAN_POINT('',(2.007105838592,7.948572362588,2.714212619778
    ));
#6393 = CARTESIAN_POINT('',(1.726020107288,7.983350440839,2.433126888475
    ));
#6394 = ADVANCED_FACE('',(#6395),#6401,.T.);
#6395 = FACE_BOUND('',#6396,.T.);
#6396 = EDGE_LOOP('',(#6397,#6398,#6399,#6400));
#6397 = ORIENTED_EDGE('',*,*,#6229,.F.);
#6398 = ORIENTED_EDGE('',*,*,#6138,.F.);
#6399 = ORIENTED_EDGE('',*,*,#5991,.F.);
#6400 = ORIENTED_EDGE('',*,*,#5940,.F.);
#6401 = ( BOUNDED_SURFACE() B_SPLINE_SURFACE(3,2,(
    (#6402,#6403,#6404)
    ,(#6405,#6406,#6407)
    ,(#6408,#6409,#6410)
    ,(#6411,#6412,#6413
)),.UNSPECIFIED.,.F.,.F.,.F.) B_SPLINE_SURFACE_WITH_KNOTS((4,4),(3,3),(
    2.005041727192E-03,2.518478977111E-03),(0.,1.),
.PIECEWISE_BEZIER_KNOTS.) GEOMETRIC_REPRESENTATION_ITEM() 
RATIONAL_B_SPLINE_SURFACE((
    (1.,0.724415910659,1.)
    ,(1.,0.724647937581,1.)
    ,(1.,0.72481766134,1.)
,(1.,0.72478033137,1.))) REPRESENTATION_ITEM('') SURFACE() );
#6402 = CARTESIAN_POINT('',(2.777121604478,7.951190836842,2.052678352752
    ));
#6403 = CARTESIAN_POINT('',(2.425692890081,7.992579385633,1.734595981375
    ));
#6404 = CARTESIAN_POINT('',(2.089210235245,7.991979231866,2.071004380593
    ));
#6405 = CARTESIAN_POINT('',(2.766471169514,7.780638031811,2.041745106875
    ));
#6406 = CARTESIAN_POINT('',(2.415068119078,7.822055350295,1.724122213448
    ));
#6407 = CARTESIAN_POINT('',(2.078816031275,7.821484890372,2.060303719582
    ));
#6408 = CARTESIAN_POINT('',(2.755859451122,7.610019575201,2.030896949308
    ));
#6409 = CARTESIAN_POINT('',(2.404469321401,7.651358915655,1.713601141634
    ));
#6410 = CARTESIAN_POINT('',(2.068395539254,7.650990455348,2.049629335051
    ));
#6411 = CARTESIAN_POINT('',(2.745359891203,7.43922155481,2.020345584256)
  );
#6412 = CARTESIAN_POINT('',(2.39396738252,7.480589103167,1.702974132154)
  );
#6413 = CARTESIAN_POINT('',(2.057871901519,7.480495970919,2.03905809012)
  );
#6414 = ADVANCED_FACE('',(#6415),#6421,.T.);
#6415 = FACE_BOUND('',#6416,.T.);
#6416 = EDGE_LOOP('',(#6417,#6418,#6419,#6420));
#6417 = ORIENTED_EDGE('',*,*,#6028,.F.);
#6418 = ORIENTED_EDGE('',*,*,#6323,.F.);
#6419 = ORIENTED_EDGE('',*,*,#6239,.F.);
#6420 = ORIENTED_EDGE('',*,*,#5966,.F.);
#6421 = ( BOUNDED_SURFACE() B_SPLINE_SURFACE(3,2,(
    (#6422,#6423,#6424)
    ,(#6425,#6426,#6427)
    ,(#6428,#6429,#6430)
    ,(#6431,#6432,#6433
)),.UNSPECIFIED.,.F.,.F.,.F.) B_SPLINE_SURFACE_WITH_KNOTS((4,4),(3,3),(
    2.005041727241E-03,2.518478977248E-03),(0.,1.),
.PIECEWISE_BEZIER_KNOTS.) GEOMETRIC_REPRESENTATION_ITEM() 
RATIONAL_B_SPLINE_SURFACE((
    (1.,0.724415910659,1.)
    ,(1.,0.724647937581,1.)
    ,(1.,0.72481766134,1.)
,(1.,0.72478033137,1.))) REPRESENTATION_ITEM('') SURFACE() );
#6422 = CARTESIAN_POINT('',(2.071004380593,7.991979231866,2.089210235245
    ));
#6423 = CARTESIAN_POINT('',(1.734595981375,7.992579385633,2.425692890081
    ));
#6424 = CARTESIAN_POINT('',(2.052678352752,7.951190836842,2.777121604478
    ));
#6425 = CARTESIAN_POINT('',(2.06030371958,7.821484890325,2.078816031272)
  );
#6426 = CARTESIAN_POINT('',(1.724122213445,7.822055350248,2.415068119075
    ));
#6427 = CARTESIAN_POINT('',(2.041745106872,7.780638031763,2.766471169511
    ));
#6428 = CARTESIAN_POINT('',(2.049629335052,7.650990455358,2.068395539254
    ));
#6429 = CARTESIAN_POINT('',(1.713601141635,7.651358915666,2.404469321402
    ));
#6430 = CARTESIAN_POINT('',(2.030896949309,7.610019575212,2.755859451123
    ));
#6431 = CARTESIAN_POINT('',(2.03905809012,7.480495970918,2.057871901519)
  );
#6432 = CARTESIAN_POINT('',(1.702974132154,7.480589103167,2.39396738252)
  );
#6433 = CARTESIAN_POINT('',(2.020345584256,7.43922155481,2.745359891203)
  );
#6434 = ADVANCED_FACE('',(#6435),#6441,.F.);
#6435 = FACE_BOUND('',#6436,.F.);
#6436 = EDGE_LOOP('',(#6437,#6438,#6439,#6440));
#6437 = ORIENTED_EDGE('',*,*,#4502,.T.);
#6438 = ORIENTED_EDGE('',*,*,#4927,.T.);
#6439 = ORIENTED_EDGE('',*,*,#5863,.T.);
#6440 = ORIENTED_EDGE('',*,*,#4665,.T.);
#6441 = CYLINDRICAL_SURFACE('',#6442,0.5);
#6442 = AXIS2_PLACEMENT_3D('',#6443,#6444,#6445);
#6443 = CARTESIAN_POINT('',(4.184283636257,5.9,2.502852462961));
#6444 = DIRECTION('',(0.906307787037,0.,0.422618261741));
#6445 = DIRECTION('',(0.422618261741,0.,-0.906307787037));
#6446 = ADVANCED_FACE('',(#6447),#6453,.F.);
#6447 = FACE_BOUND('',#6448,.F.);
#6448 = EDGE_LOOP('',(#6449,#6450,#6451,#6452));
#6449 = ORIENTED_EDGE('',*,*,#5885,.T.);
#6450 = ORIENTED_EDGE('',*,*,#4861,.T.);
#6451 = ORIENTED_EDGE('',*,*,#5841,.T.);
#6452 = ORIENTED_EDGE('',*,*,#4693,.T.);
#6453 = CYLINDRICAL_SURFACE('',#6454,0.5);
#6454 = AXIS2_PLACEMENT_3D('',#6455,#6456,#6457);
#6455 = CARTESIAN_POINT('',(0.453153893518,5.9,-0.21130913087));
#6456 = DIRECTION('',(-0.422618261741,0.,-0.906307787037));
#6457 = DIRECTION('',(-0.906307787037,0.,0.422618261741));
#6458 = ADVANCED_FACE('',(#6459),#6475,.T.);
#6459 = FACE_BOUND('',#6460,.T.);
#6460 = EDGE_LOOP('',(#6461,#6462,#6468,#6469));
#6461 = ORIENTED_EDGE('',*,*,#4554,.F.);
#6462 = ORIENTED_EDGE('',*,*,#6463,.T.);
#6463 = EDGE_CURVE('',#4544,#4812,#6464,.T.);
#6464 = LINE('',#6465,#6466);
#6465 = CARTESIAN_POINT('',(5.297989930113,12.5,4.758550483122));
#6466 = VECTOR('',#6467,1.);
#6467 = DIRECTION('',(-0.793353340291,0.,-0.608761429009));
#6468 = ORIENTED_EDGE('',*,*,#4822,.T.);
#6469 = ORIENTED_EDGE('',*,*,#6470,.T.);
#6470 = EDGE_CURVE('',#4736,#4555,#6471,.T.);
#6471 = LINE('',#6472,#6473);
#6472 = CARTESIAN_POINT('',(3.388837267852,12.5,3.512944914458));
#6473 = VECTOR('',#6474,1.);
#6474 = DIRECTION('',(0.608761429009,-0.,0.793353340291));
#6475 = PLANE('',#6476);
#6476 = AXIS2_PLACEMENT_3D('',#6477,#6478,#6479);
#6477 = CARTESIAN_POINT('',(5.632808716068,12.5,4.322206145962));
#6478 = DIRECTION('',(0.,1.,0.));
#6479 = DIRECTION('',(0.,0.,-1.));
#6480 = ADVANCED_FACE('',(#6481),#6496,.F.);
#6481 = FACE_BOUND('',#6482,.T.);
#6482 = EDGE_LOOP('',(#6483,#6484,#6490,#6491,#6492,#6493,#6494,#6495));
#6483 = ORIENTED_EDGE('',*,*,#4803,.F.);
#6484 = ORIENTED_EDGE('',*,*,#6485,.T.);
#6485 = EDGE_CURVE('',#4804,#4534,#6486,.T.);
#6486 = LINE('',#6487,#6488);
#6487 = CARTESIAN_POINT('',(8.721927522919E-16,13.05,-1.136663724795E-15
    ));
#6488 = VECTOR('',#6489,1.);
#6489 = DIRECTION('',(0.793353340291,2.465190328816E-32,0.608761429009)
  );
#6490 = ORIENTED_EDGE('',*,*,#4533,.T.);
#6491 = ORIENTED_EDGE('',*,*,#5443,.F.);
#6492 = ORIENTED_EDGE('',*,*,#5127,.T.);
#6493 = ORIENTED_EDGE('',*,*,#5097,.F.);
#6494 = ORIENTED_EDGE('',*,*,#5074,.F.);
#6495 = ORIENTED_EDGE('',*,*,#5459,.T.);
#6496 = PLANE('',#6497);
#6497 = AXIS2_PLACEMENT_3D('',#6498,#6499,#6500);
#6498 = CARTESIAN_POINT('',(-2.376073669884E-15,1.595904051289E-30,
    3.096559494333E-15));
#6499 = DIRECTION('',(0.608761429009,-4.088782444489E-16,-0.793353340291
    ));
#6500 = DIRECTION('',(-0.793353340291,0.,-0.608761429009));
#6501 = ADVANCED_FACE('',(#6502),#6517,.T.);
#6502 = FACE_BOUND('',#6503,.T.);
#6503 = EDGE_LOOP('',(#6504,#6505,#6511,#6512,#6513,#6514,#6515,#6516));
#6504 = ORIENTED_EDGE('',*,*,#4574,.F.);
#6505 = ORIENTED_EDGE('',*,*,#6506,.T.);
#6506 = EDGE_CURVE('',#4564,#4734,#6507,.T.);
#6507 = LINE('',#6508,#6509);
#6508 = CARTESIAN_POINT('',(2.648112216188,13.05,3.451087030267));
#6509 = VECTOR('',#6510,1.);
#6510 = DIRECTION('',(-0.608761429009,0.,-0.793353340291));
#6511 = ORIENTED_EDGE('',*,*,#4746,.T.);
#6512 = ORIENTED_EDGE('',*,*,#4466,.F.);
#6513 = ORIENTED_EDGE('',*,*,#4375,.T.);
#6514 = ORIENTED_EDGE('',*,*,#4399,.T.);
#6515 = ORIENTED_EDGE('',*,*,#4424,.F.);
#6516 = ORIENTED_EDGE('',*,*,#4450,.T.);
#6517 = PLANE('',#6518);
#6518 = AXIS2_PLACEMENT_3D('',#6519,#6520,#6521);
#6519 = CARTESIAN_POINT('',(-3.096559494333E-15,1.595904051289E-30,
    2.376073669884E-15));
#6520 = DIRECTION('',(0.793353340291,-4.088782444489E-16,-0.608761429009
    ));
#6521 = DIRECTION('',(-0.608761429009,-2.465190328816E-32,
    -0.793353340291));
#6522 = ADVANCED_FACE('',(#6523),#6529,.F.);
#6523 = FACE_BOUND('',#6524,.F.);
#6524 = EDGE_LOOP('',(#6525,#6526,#6527,#6528));
#6525 = ORIENTED_EDGE('',*,*,#6463,.T.);
#6526 = ORIENTED_EDGE('',*,*,#4811,.T.);
#6527 = ORIENTED_EDGE('',*,*,#6485,.T.);
#6528 = ORIENTED_EDGE('',*,*,#4543,.T.);
#6529 = CYLINDRICAL_SURFACE('',#6530,0.55);
#6530 = AXIS2_PLACEMENT_3D('',#6531,#6532,#6533);
#6531 = CARTESIAN_POINT('',(5.297989930113,13.05,4.758550483122));
#6532 = DIRECTION('',(-0.793353340291,0.,-0.608761429009));
#6533 = DIRECTION('',(-0.608761429009,0.,0.793353340291));
#6534 = ADVANCED_FACE('',(#6535),#6541,.F.);
#6535 = FACE_BOUND('',#6536,.F.);
#6536 = EDGE_LOOP('',(#6537,#6538,#6539,#6540));
#6537 = ORIENTED_EDGE('',*,*,#6506,.T.);
#6538 = ORIENTED_EDGE('',*,*,#4733,.T.);
#6539 = ORIENTED_EDGE('',*,*,#6470,.T.);
#6540 = ORIENTED_EDGE('',*,*,#4563,.T.);
#6541 = CYLINDRICAL_SURFACE('',#6542,0.55);
#6542 = AXIS2_PLACEMENT_3D('',#6543,#6544,#6545);
#6543 = CARTESIAN_POINT('',(0.43634433716,13.05,-0.334818785955));
#6544 = DIRECTION('',(0.608761429009,0.,0.793353340291));
#6545 = DIRECTION('',(0.793353340291,0.,-0.608761429009));
#6546 = ADVANCED_FACE('',(#6547),#6553,.F.);
#6547 = FACE_BOUND('',#6548,.T.);
#6548 = EDGE_LOOP('',(#6549,#6550,#6551,#6552));
#6549 = ORIENTED_EDGE('',*,*,#4325,.F.);
#6550 = ORIENTED_EDGE('',*,*,#5027,.F.);
#6551 = ORIENTED_EDGE('',*,*,#5088,.F.);
#6552 = ORIENTED_EDGE('',*,*,#5120,.F.);
#6553 = PLANE('',#6554);
#6554 = AXIS2_PLACEMENT_3D('',#6555,#6556,#6557);
#6555 = CARTESIAN_POINT('',(-5.952977513303E-30,2.670628428495E-60,
    -1.59509551725E-30));
#6556 = DIRECTION('',(0.965925826289,-4.333342374871E-31,0.258819045103)
  );
#6557 = DIRECTION('',(0.258819045103,0.,-0.965925826289));
#6558 = ADVANCED_FACE('',(#6559),#6565,.T.);
#6559 = FACE_BOUND('',#6560,.T.);
#6560 = EDGE_LOOP('',(#6561,#6562,#6563,#6564));
#6561 = ORIENTED_EDGE('',*,*,#4342,.F.);
#6562 = ORIENTED_EDGE('',*,*,#5160,.T.);
#6563 = ORIENTED_EDGE('',*,*,#4262,.T.);
#6564 = ORIENTED_EDGE('',*,*,#5034,.F.);
#6565 = PLANE('',#6566);
#6566 = AXIS2_PLACEMENT_3D('',#6567,#6568,#6569);
#6567 = CARTESIAN_POINT('',(1.783576901024,12.107022393701,
    -4.724547961248));
#6568 = DIRECTION('',(-0.935554051732,0.,-0.353183544757));
#6569 = DIRECTION('',(-0.353183544757,0.,0.935554051732));
#6570 = ADVANCED_FACE('',(#6571),#6582,.T.);
#6571 = FACE_BOUND('',#6572,.T.);
#6572 = EDGE_LOOP('',(#6573,#6579,#6580,#6581));
#6573 = ORIENTED_EDGE('',*,*,#6574,.F.);
#6574 = EDGE_CURVE('',#4078,#5041,#6575,.T.);
#6575 = LINE('',#6576,#6577);
#6576 = CARTESIAN_POINT('',(2.774549648938,12.107022393701,-3.9779862048
    ));
#6577 = VECTOR('',#6578,1.);
#6578 = DIRECTION('',(0.,1.,0.));
#6579 = ORIENTED_EDGE('',*,*,#5153,.T.);
#6580 = ORIENTED_EDGE('',*,*,#5550,.T.);
#6581 = ORIENTED_EDGE('',*,*,#5048,.F.);
#6582 = PLANE('',#6583);
#6583 = AXIS2_PLACEMENT_3D('',#6584,#6585,#6586);
#6584 = CARTESIAN_POINT('',(2.774549648938,12.107022393701,-3.9779862048
    ));
#6585 = DIRECTION('',(0.820203341196,0.,0.572072092564));
#6586 = DIRECTION('',(0.572072092564,0.,-0.820203341196));
#6587 = ADVANCED_FACE('',(#6588),#6633,.F.);
#6588 = FACE_BOUND('',#6589,.T.);
#6589 = EDGE_LOOP('',(#6590,#6591,#6609,#6617));
#6590 = ORIENTED_EDGE('',*,*,#4107,.T.);
#6591 = ORIENTED_EDGE('',*,*,#6592,.T.);
#6592 = EDGE_CURVE('',#4097,#6593,#6595,.T.);
#6593 = VERTEX_POINT('',#6594);
#6594 = CARTESIAN_POINT('',(1.991109924059,12.3,-3.656112748895));
#6595 = B_SPLINE_CURVE_WITH_KNOTS('',3,(#6596,#6597,#6598,#6599,#6600,
    #6601,#6602,#6603,#6604,#6605,#6606,#6607,#6608),.UNSPECIFIED.,.F.,
  .F.,(4,3,3,3,4),(0.,9.511696956949E-05,2.492389139996E-04,
    3.969905280925E-04,5.005770250392E-04),.UNSPECIFIED.);
#6596 = CARTESIAN_POINT('',(2.245085545814,12.3,-4.087451312395));
#6597 = CARTESIAN_POINT('',(2.228499401103,12.3,-4.060430053002));
#6598 = CARTESIAN_POINT('',(2.212036125481,12.3,-4.033333082041));
#6599 = CARTESIAN_POINT('',(2.195681063083,12.3,-4.006171333395));
#6600 = CARTESIAN_POINT('',(2.16918050711,12.3,-3.96216040743));
#6601 = CARTESIAN_POINT('',(2.142965900128,12.3,-3.917976706891));
#6602 = CARTESIAN_POINT('',(2.116955087778,12.3,-3.873674577009));
#6603 = CARTESIAN_POINT('',(2.092019244761,12.3,-3.831203356152));
#6604 = CARTESIAN_POINT('',(2.067269237205,12.3,-3.788622713121));
#6605 = CARTESIAN_POINT('',(2.042663083383,12.3,-3.745959637023));
#6606 = CARTESIAN_POINT('',(2.025411993122,12.3,-3.7160490471));
#6607 = CARTESIAN_POINT('',(2.00823195969,12.3,-3.686097401646));
#6608 = CARTESIAN_POINT('',(1.991109924059,12.3,-3.656112748895));
#6609 = ORIENTED_EDGE('',*,*,#6610,.T.);
#6610 = EDGE_CURVE('',#6593,#6611,#6613,.T.);
#6611 = VERTEX_POINT('',#6612);
#6612 = CARTESIAN_POINT('',(1.890308058674,12.3,-3.709233695203));
#6613 = LINE('',#6614,#6615);
#6614 = CARTESIAN_POINT('',(1.71954035452,12.3,-3.799225502487));
#6615 = VECTOR('',#6616,1.);
#6616 = DIRECTION('',(-0.884674547388,0.,-0.466209121751));
#6617 = ORIENTED_EDGE('',*,*,#6618,.T.);
#6618 = EDGE_CURVE('',#6611,#4108,#6619,.T.);
#6619 = B_SPLINE_CURVE_WITH_KNOTS('',3,(#6620,#6621,#6622,#6623,#6624,
    #6625,#6626,#6627,#6628,#6629,#6630,#6631,#6632),.UNSPECIFIED.,.F.,
  .F.,(4,3,3,3,4),(0.,1.03586637857E-04,2.513384529387E-04,
    3.997076832827E-04,5.005776701857E-04),.UNSPECIFIED.);
#6620 = CARTESIAN_POINT('',(1.890308058674,12.3,-3.709233695203));
#6621 = CARTESIAN_POINT('',(1.905362945185,12.3,-3.740307701975));
#6622 = CARTESIAN_POINT('',(1.920357818368,12.3,-3.771410891399));
#6623 = CARTESIAN_POINT('',(1.935278657099,12.3,-3.802549486041));
#6624 = CARTESIAN_POINT('',(1.956561048382,12.3,-3.846964131029));
#6625 = CARTESIAN_POINT('',(1.977694121482,12.3,-3.891450839789));
#6626 = CARTESIAN_POINT('',(1.998631881253,12.3,-3.936028985599));
#6627 = CARTESIAN_POINT('',(2.019657042327,12.3,-3.980793215695));
#6628 = CARTESIAN_POINT('',(2.04048504973,12.3,-4.025651066927));
#6629 = CARTESIAN_POINT('',(2.061034011838,12.3,-4.070635884927));
#6630 = CARTESIAN_POINT('',(2.075004469452,12.3,-4.101219351375));
#6631 = CARTESIAN_POINT('',(2.088847188349,12.3,-4.131861596646));
#6632 = CARTESIAN_POINT('',(2.10254155867,12.3,-4.162569679091));
#6633 = PLANE('',#6634);
#6634 = AXIS2_PLACEMENT_3D('',#6635,#6636,#6637);
#6635 = CARTESIAN_POINT('',(0.,12.3,0.));
#6636 = DIRECTION('',(0.,1.,0.));
#6637 = DIRECTION('',(0.,0.,-1.));
#6638 = ADVANCED_FACE('',(#6639),#6673,.T.);
#6639 = FACE_BOUND('',#6640,.T.);
#6640 = EDGE_LOOP('',(#6641,#6642,#6653,#6662,#6663,#6664));
#6641 = ORIENTED_EDGE('',*,*,#6610,.F.);
#6642 = ORIENTED_EDGE('',*,*,#6643,.T.);
#6643 = EDGE_CURVE('',#6593,#6644,#6646,.T.);
#6644 = VERTEX_POINT('',#6645);
#6645 = CARTESIAN_POINT('',(2.18147062295,12.486918977439,
    -3.501574173773));
#6646 = B_SPLINE_CURVE_WITH_KNOTS('',3,(#6647,#6648,#6649,#6650,#6651,
    #6652),.UNSPECIFIED.,.F.,.F.,(4,2,4),(0.,1.654442699549E-04,
    3.308885399099E-04),.UNSPECIFIED.);
#6647 = CARTESIAN_POINT('',(1.991109924059,12.3,-3.656112748895));
#6648 = CARTESIAN_POINT('',(2.040599461577,12.3,-3.630032566199));
#6649 = CARTESIAN_POINT('',(2.086618587296,12.318939685003,
    -3.600849253469));
#6650 = CARTESIAN_POINT('',(2.155047089772,12.387124638315,
    -3.544759357405));
#6651 = CARTESIAN_POINT('',(2.17579908363,12.434235133056,
    -3.519383390433));
#6652 = CARTESIAN_POINT('',(2.18147062295,12.486918977439,
    -3.501574173773));
#6653 = ORIENTED_EDGE('',*,*,#6654,.F.);
#6654 = EDGE_CURVE('',#5041,#6644,#6655,.T.);
#6655 = B_SPLINE_CURVE_WITH_KNOTS('',3,(#6656,#6657,#6658,#6659,#6660,
    #6661),.UNSPECIFIED.,.F.,.F.,(4,2,4),(0.,0.163863393893,
    0.909417555034),.UNSPECIFIED.);
#6656 = CARTESIAN_POINT('',(2.774549648938,14.,-3.9779862048));
#6657 = CARTESIAN_POINT('',(2.675447479651,14.,-3.789930753569));
#6658 = CARTESIAN_POINT('',(2.582253648224,13.965145364694,
    -3.623166001586));
#6659 = CARTESIAN_POINT('',(2.308236623304,13.497937799383,
    -3.205902351946));
#6660 = CARTESIAN_POINT('',(2.236567437338,12.998722181319,-3.3285645111
    ));
#6661 = CARTESIAN_POINT('',(2.18147062295,12.486918977439,
    -3.501574173773));
#6662 = ORIENTED_EDGE('',*,*,#5040,.F.);
#6663 = ORIENTED_EDGE('',*,*,#4251,.T.);
#6664 = ORIENTED_EDGE('',*,*,#6665,.T.);
#6665 = EDGE_CURVE('',#4228,#6611,#6666,.T.);
#6666 = B_SPLINE_CURVE_WITH_KNOTS('',3,(#6667,#6668,#6669,#6670,#6671,
    #6672),.UNSPECIFIED.,.F.,.F.,(4,2,4),(0.,1.653942834046E-04,
    3.307885668091E-04),.UNSPECIFIED.);
#6667 = CARTESIAN_POINT('',(1.65522070212,12.486918977439,
    -3.778899337176));
#6668 = CARTESIAN_POINT('',(1.673118534881,12.434231787261,
    -3.784288818652));
#6669 = CARTESIAN_POINT('',(1.705850713209,12.387104737044,
    -3.781483675971));
#6670 = CARTESIAN_POINT('',(1.790441479078,12.319135970406,
    -3.756872844189));
#6671 = CARTESIAN_POINT('',(1.840811362491,12.3,-3.735317650399));
#6672 = CARTESIAN_POINT('',(1.890308058674,12.3,-3.709233695203));
#6673 = B_SPLINE_SURFACE_WITH_KNOTS('',3,3,(
    (#6674,#6675,#6676,#6677,#6678,#6679)
    ,(#6680,#6681,#6682,#6683,#6684,#6685)
    ,(#6686,#6687,#6688,#6689,#6690,#6691)
    ,(#6692,#6693,#6694,#6695,#6696,#6697)
    ,(#6698,#6699,#6700,#6701,#6702,#6703)
    ,(#6704,#6705,#6706,#6707,#6708,#6709)
    ,(#6710,#6711,#6712,#6713,#6714,#6715
    )),.UNSPECIFIED.,.F.,.F.,.F.,(4,1,1,1,4),(4,2,4),(0.198529411765,
    0.273897058824,0.349264705882,0.424632352941,0.5),(0.,0.163863393893
    ,1.),.UNSPECIFIED.);
#6674 = CARTESIAN_POINT('',(2.774549648938,14.,-3.9779862048));
#6675 = CARTESIAN_POINT('',(2.675447479651,14.,-3.789930753569));
#6676 = CARTESIAN_POINT('',(2.582253648224,13.965145364694,
    -3.623166001586));
#6677 = CARTESIAN_POINT('',(2.280943184837,13.451401636387,
    -3.164340847694));
#6678 = CARTESIAN_POINT('',(2.221410406525,12.875700818193,
    -3.365230894653));
#6679 = CARTESIAN_POINT('',(2.161877628213,12.3,-3.566120941611));
#6680 = CARTESIAN_POINT('',(2.686082194199,14.,-4.024607116975));
#6681 = CARTESIAN_POINT('',(2.587947218042,14.,-3.838387003375));
#6682 = CARTESIAN_POINT('',(2.496175690447,13.965145364694,
    -3.672641355544));
#6683 = CARTESIAN_POINT('',(2.205867309377,13.451401636387,
    -3.215870482702));
#6684 = CARTESIAN_POINT('',(2.165441749058,12.875700818193,
    -3.400708402193));
#6685 = CARTESIAN_POINT('',(2.125016188739,12.3,-3.585546321684));
#6686 = CARTESIAN_POINT('',(2.509147284721,14.,-4.117848941326));
#6687 = CARTESIAN_POINT('',(2.412946694825,14.,-3.935299502985));
#6688 = CARTESIAN_POINT('',(2.324019774892,13.965145364694,
    -3.771592063462));
#6689 = CARTESIAN_POINT('',(2.055715558458,13.451401636387,
    -3.318929752716));
#6690 = CARTESIAN_POINT('',(2.053504434124,12.875700818193,
    -3.471663417273));
#6691 = CARTESIAN_POINT('',(2.05129330979,12.3,-3.62439708183));
#6692 = CARTESIAN_POINT('',(2.243744920505,14.,-4.257711677851));
#6693 = CARTESIAN_POINT('',(2.148287149924,14.,-4.076571807258));
#6694 = CARTESIAN_POINT('',(2.061998994039,13.965145364694,
    -3.912832121159));
#6695 = CARTESIAN_POINT('',(1.819472547377,13.451401636387,
    -3.45261595545));
#6696 = CARTESIAN_POINT('',(1.880090769372,12.875700818193,
    -3.567644588749));
#6697 = CARTESIAN_POINT('',(1.940708991366,12.3,-3.682673222049));
#6698 = CARTESIAN_POINT('',(1.978342556289,14.,-4.397574414376));
#6699 = CARTESIAN_POINT('',(1.882141966392,14.,-4.215024976036));
#6700 = CARTESIAN_POINT('',(1.797372098607,13.965145364694,
    -4.04912683753));
#6701 = CARTESIAN_POINT('',(1.575648850864,13.451401636387,
    -3.571917112633));
#6702 = CARTESIAN_POINT('',(1.702886761904,12.875700818193,
    -3.656433237451));
#6703 = CARTESIAN_POINT('',(1.830124672943,12.3,-3.740949362268));
#6704 = CARTESIAN_POINT('',(1.801407646811,14.,-4.490816238727));
#6705 = CARTESIAN_POINT('',(1.703272670654,14.,-4.304596125126));
#6706 = CARTESIAN_POINT('',(1.618429563304,13.965145364694,
    -4.135199312325));
#6707 = CARTESIAN_POINT('',(1.405756130054,13.451401636387,
    -3.637516082563));
#6708 = CARTESIAN_POINT('',(1.581078962024,12.875700818193,
    -3.708658102488));
#6709 = CARTESIAN_POINT('',(1.756401793994,12.3,-3.779800122414));
#6710 = CARTESIAN_POINT('',(1.712940192072,14.,-4.537437150902));
#6711 = CARTESIAN_POINT('',(1.613838022786,14.,-4.349381699671));
#6712 = CARTESIAN_POINT('',(1.528958295653,13.965145364694,
    -4.178235549723));
#6713 = CARTESIAN_POINT('',(1.32080976965,13.451401636387,
    -3.670315567528));
#6714 = CARTESIAN_POINT('',(1.520175062085,12.875700818193,
    -3.734770535007));
#6715 = CARTESIAN_POINT('',(1.71954035452,12.3,-3.799225502487));
#6716 = ADVANCED_FACE('',(#6717),#6744,.T.);
#6717 = FACE_BOUND('',#6718,.T.);
#6718 = EDGE_LOOP('',(#6719,#6720,#6742,#6743));
#6719 = ORIENTED_EDGE('',*,*,#6654,.T.);
#6720 = ORIENTED_EDGE('',*,*,#6721,.T.);
#6721 = EDGE_CURVE('',#6644,#4086,#6722,.T.);
#6722 = B_SPLINE_CURVE_WITH_KNOTS('',3,(#6723,#6724,#6725,#6726,#6727,
    #6728,#6729,#6730,#6731,#6732,#6733,#6734,#6735,#6736,#6737,#6738,
    #6739,#6740,#6741),.UNSPECIFIED.,.F.,.F.,(4,3,3,3,3,3,4),(
    -5.999999999915E-08,0.,1.424255074221E-04,2.885188319664E-04,
    4.403256748698E-04,5.371680554376E-04,5.372280554376E-04),
  .UNSPECIFIED.);
#6723 = CARTESIAN_POINT('',(2.18147062295,12.486918977439,
    -3.501574173773));
#6724 = CARTESIAN_POINT('',(2.181480334255,12.48691821276,
    -3.501591641052));
#6725 = CARTESIAN_POINT('',(2.181490045549,12.486917448058,
    -3.501609108336));
#6726 = CARTESIAN_POINT('',(2.181499756862,12.486916683331,
    -3.501626575608));
#6727 = CARTESIAN_POINT('',(2.204552067964,12.485101406496,
    -3.543089660489));
#6728 = CARTESIAN_POINT('',(2.227655048861,12.483150752703,
    -3.584519113829));
#6729 = CARTESIAN_POINT('',(2.250817196015,12.481015167511,
    -3.625905656328));
#6730 = CARTESIAN_POINT('',(2.274575748392,12.478824592851,
    -3.668357866443));
#6731 = CARTESIAN_POINT('',(2.298397740907,12.476442845092,
    -3.710765503722));
#6732 = CARTESIAN_POINT('',(2.322288803297,12.473814265062,
    -3.75311836994));
#6733 = CARTESIAN_POINT('',(2.347114002347,12.471082907979,
    -3.797127226349));
#6734 = CARTESIAN_POINT('',(2.372014758143,12.468077820026,
    -3.841078284853));
#6735 = CARTESIAN_POINT('',(2.396994607469,12.464682774697,
    -3.884953232793));
#6736 = CARTESIAN_POINT('',(2.412930255667,12.462516939056,
    -3.91294282256));
#6737 = CARTESIAN_POINT('',(2.428898102772,12.46019627212,
    -3.940902609748));
#6738 = CARTESIAN_POINT('',(2.444895661328,12.457712217116,
    -3.968830381836));
#6739 = CARTESIAN_POINT('',(2.444905572815,12.457710678089,
    -3.968847684837));
#6740 = CARTESIAN_POINT('',(2.444915484328,12.457709138999,
    -3.968864987817));
#6741 = CARTESIAN_POINT('',(2.444925395824,12.457707599847,-3.9688822908
    ));
#6742 = ORIENTED_EDGE('',*,*,#4085,.F.);
#6743 = ORIENTED_EDGE('',*,*,#6574,.T.);
#6744 = B_SPLINE_SURFACE_WITH_KNOTS('',3,3,(
    (#6745,#6746,#6747,#6748,#6749,#6750)
    ,(#6751,#6752,#6753,#6754,#6755,#6756)
    ,(#6757,#6758,#6759,#6760,#6761,#6762)
    ,(#6763,#6764,#6765,#6766,#6767,#6768)
    ,(#6769,#6770,#6771,#6772,#6773,#6774)
    ,(#6775,#6776,#6777,#6778,#6779,#6780)
    ,(#6781,#6782,#6783,#6784,#6785,#6786
    )),.UNSPECIFIED.,.F.,.F.,.F.,(4,1,1,1,4),(4,2,4),(0.,
    4.963235294118E-02,9.926470588235E-02,0.148897058824,0.198529411765)
  ,(0.,0.163863393893,1.),.UNSPECIFIED.);
#6745 = CARTESIAN_POINT('',(2.774549648938,13.5,-3.9779862048));
#6746 = CARTESIAN_POINT('',(2.735993514429,13.5,-3.904822405008));
#6747 = CARTESIAN_POINT('',(2.691593369637,13.471858167659,
    -3.830648146484));
#6748 = CARTESIAN_POINT('',(2.628085366079,13.033333333333,
    -3.823074960223));
#6749 = CARTESIAN_POINT('',(2.511533777584,12.666666666667,
    -3.915766587764));
#6750 = CARTESIAN_POINT('',(2.394982189089,12.3,-4.008458215305));
#6751 = CARTESIAN_POINT('',(2.774549648938,13.541666666667,-3.9779862048
    ));
#6752 = CARTESIAN_POINT('',(2.731340285684,13.541666666667,
    -3.895992476888));
#6753 = CARTESIAN_POINT('',(2.683169855432,13.512965434079,
    -3.814663756069));
#6754 = CARTESIAN_POINT('',(2.601158486433,13.068172358588,
    -3.771978737622));
#6755 = CARTESIAN_POINT('',(2.488357647724,12.684086179294,
    -3.871787756726));
#6756 = CARTESIAN_POINT('',(2.375556809016,12.3,-3.97159677583));
#6757 = CARTESIAN_POINT('',(2.774549648938,13.625,-3.9779862048));
#6758 = CARTESIAN_POINT('',(2.722033828195,13.625,-3.878332620649));
#6759 = CARTESIAN_POINT('',(2.666322827021,13.595179966918,
    -3.78269497524));
#6760 = CARTESIAN_POINT('',(2.54730472714,13.137850409097,
    -3.669786292419));
#6761 = CARTESIAN_POINT('',(2.442005388005,12.718925204548,
    -3.78383009465));
#6762 = CARTESIAN_POINT('',(2.33670604887,12.3,-3.897873896881));
#6763 = CARTESIAN_POINT('',(2.774549648938,13.75,-3.9779862048));
#6764 = CARTESIAN_POINT('',(2.70700475899,13.75,-3.849813584071));
#6765 = CARTESIAN_POINT('',(2.639176367548,13.718501766177,
    -3.731182079788));
#6766 = CARTESIAN_POINT('',(2.461067407325,13.24236748486,
    -3.506143072422));
#6767 = CARTESIAN_POINT('',(2.369748657988,12.77118374243,-3.64671632544
    ));
#6768 = CARTESIAN_POINT('',(2.278429908651,12.3,-3.787289578458));
#6769 = CARTESIAN_POINT('',(2.774549648938,13.875,-3.9779862048));
#6770 = CARTESIAN_POINT('',(2.691498297355,13.875,-3.820388651592));
#6771 = CARTESIAN_POINT('',(2.61119246393,13.841823565436,-3.6780800573)
  );
#6772 = CARTESIAN_POINT('',(2.372394123765,13.346884560624,
    -3.337877387908));
#6773 = CARTESIAN_POINT('',(2.296273946099,12.823442280312,
    -3.507291323971));
#6774 = CARTESIAN_POINT('',(2.220153768432,12.3,-3.676705260035));
#6775 = CARTESIAN_POINT('',(2.774549648938,13.958333333333,-3.9779862048
    ));
#6776 = CARTESIAN_POINT('',(2.680797752219,13.958333333333,
    -3.800083386244));
#6777 = CARTESIAN_POINT('',(2.591899920126,13.924038098275,
    -3.641470686824));
#6778 = CARTESIAN_POINT('',(2.311426831146,13.416562611132,
    -3.222186361099));
#6779 = CARTESIAN_POINT('',(2.246364919716,12.858281305566,
    -3.412584371092));
#6780 = CARTESIAN_POINT('',(2.181303008286,12.3,-3.602982381086));
#6781 = CARTESIAN_POINT('',(2.774549648938,14.,-3.9779862048));
#6782 = CARTESIAN_POINT('',(2.675447479651,14.,-3.789930753569));
#6783 = CARTESIAN_POINT('',(2.582253648224,13.965145364694,
    -3.623166001586));
#6784 = CARTESIAN_POINT('',(2.280943184837,13.451401636387,
    -3.164340847694));
#6785 = CARTESIAN_POINT('',(2.221410406525,12.875700818193,
    -3.365230894653));
#6786 = CARTESIAN_POINT('',(2.161877628213,12.3,-3.566120941611));
#6787 = ADVANCED_FACE('',(#6788),#6794,.T.);
#6788 = FACE_BOUND('',#6789,.T.);
#6789 = EDGE_LOOP('',(#6790,#6791,#6792,#6793));
#6790 = ORIENTED_EDGE('',*,*,#4096,.F.);
#6791 = ORIENTED_EDGE('',*,*,#6721,.F.);
#6792 = ORIENTED_EDGE('',*,*,#6643,.F.);
#6793 = ORIENTED_EDGE('',*,*,#6592,.F.);
#6794 = ( BOUNDED_SURFACE() B_SPLINE_SURFACE(3,2,(
    (#6795,#6796,#6797)
    ,(#6798,#6799,#6800)
    ,(#6801,#6802,#6803)
    ,(#6804,#6805,#6806
)),.UNSPECIFIED.,.F.,.F.,.F.) B_SPLINE_SURFACE_WITH_KNOTS((4,4),(3,3),(
    2.068596470913E-03,2.622804590537E-03),(0.,1.),
.PIECEWISE_BEZIER_KNOTS.) GEOMETRIC_REPRESENTATION_ITEM() 
RATIONAL_B_SPLINE_SURFACE((
    (1.,0.791146710558,1.)
    ,(1.,0.800045459976,1.)
    ,(1.,0.810982438158,1.)
,(1.,0.828003354785,1.))) REPRESENTATION_ITEM('') SURFACE() );
#6795 = CARTESIAN_POINT('',(1.969598139835,12.3,-3.618371184939));
#6796 = CARTESIAN_POINT('',(2.137584084768,12.3,-3.522794845702));
#6797 = CARTESIAN_POINT('',(2.179887352856,12.487043441187,
    -3.498726216012));
#6798 = CARTESIAN_POINT('',(2.060948690496,12.3,-3.778929847358));
#6799 = CARTESIAN_POINT('',(2.22236832449,12.299999999996,-3.68334401417
    ));
#6800 = CARTESIAN_POINT('',(2.268899665304,12.480057517723,
    -3.658851117271));
#6801 = CARTESIAN_POINT('',(2.153627833314,12.3,-3.938791273499));
#6802 = CARTESIAN_POINT('',(2.30708224877,12.299999999967,
    -3.843610528124));
#6803 = CARTESIAN_POINT('',(2.358391729375,12.471263569662,
    -3.817877878168));
#6804 = CARTESIAN_POINT('',(2.250423810176,12.3,-4.096138564937));
#6805 = CARTESIAN_POINT('',(2.394622918818,12.3,-4.007430996616));
#6806 = CARTESIAN_POINT('',(2.448146615781,12.457205222232,
    -3.974504600262));
#6807 = ADVANCED_FACE('',(#6808),#6814,.T.);
#6808 = FACE_BOUND('',#6809,.T.);
#6809 = EDGE_LOOP('',(#6810,#6811,#6812,#6813));
#6810 = ORIENTED_EDGE('',*,*,#6665,.F.);
#6811 = ORIENTED_EDGE('',*,*,#4227,.F.);
#6812 = ORIENTED_EDGE('',*,*,#4115,.F.);
#6813 = ORIENTED_EDGE('',*,*,#6618,.F.);
#6814 = ( BOUNDED_SURFACE() B_SPLINE_SURFACE(3,2,(
    (#6815,#6816,#6817)
    ,(#6818,#6819,#6820)
    ,(#6821,#6822,#6823)
    ,(#6824,#6825,#6826
)),.UNSPECIFIED.,.F.,.F.,.F.) B_SPLINE_SURFACE_WITH_KNOTS((4,4),(3,3),(
    2.06859687949E-03,2.622736085766E-03),(0.,1.),
.PIECEWISE_BEZIER_KNOTS.) GEOMETRIC_REPRESENTATION_ITEM() 
RATIONAL_B_SPLINE_SURFACE((
    (1.,0.791146730087,1.)
    ,(1.,0.800044381532,1.)
    ,(1.,0.810979730131,1.)
,(1.,0.827997072614,1.))) REPRESENTATION_ITEM('') SURFACE() );
#6815 = CARTESIAN_POINT('',(1.653766660108,12.487043425736,
    -3.775983736203));
#6816 = CARTESIAN_POINT('',(1.69753451796,12.3,-3.75469428118));
#6817 = CARTESIAN_POINT('',(1.871336294676,12.3,-3.670154043437));
#6818 = CARTESIAN_POINT('',(1.73552287685,12.480058369892,
    -3.939906682211));
#6819 = CARTESIAN_POINT('',(1.782030610727,12.3,-3.915370021361));
#6820 = CARTESIAN_POINT('',(1.952128657931,12.3,-3.836250757142));
#6821 = CARTESIAN_POINT('',(1.816102433126,12.471265777743,
    -4.103604762669));
#6822 = CARTESIAN_POINT('',(1.866333455259,12.29999999996,
    -4.075828426513));
#6823 = CARTESIAN_POINT('',(2.031595096448,12.3,-4.003049043833));
#6824 = CARTESIAN_POINT('',(1.894554248213,12.457210423871,
    -4.266163332321));
#6825 = CARTESIAN_POINT('',(1.95196963586,12.3,-4.240626009899));
#6826 = CARTESIAN_POINT('',(2.106662086356,12.3,-4.171821615355));
#6827 = ADVANCED_FACE('',(#6828),#6862,.F.);
#6828 = FACE_BOUND('',#6829,.T.);
#6829 = EDGE_LOOP('',(#6830,#6840,#6848,#6856));
#6830 = ORIENTED_EDGE('',*,*,#6831,.F.);
#6831 = EDGE_CURVE('',#6832,#6834,#6836,.T.);
#6832 = VERTEX_POINT('',#6833);
#6833 = CARTESIAN_POINT('',(2.,7.454700538379,-4.85));
#6834 = VERTEX_POINT('',#6835);
#6835 = CARTESIAN_POINT('',(2.,13.3,-4.85));
#6836 = LINE('',#6837,#6838);
#6837 = CARTESIAN_POINT('',(2.,6.3,-4.85));
#6838 = VECTOR('',#6839,1.);
#6839 = DIRECTION('',(0.,1.,0.));
#6840 = ORIENTED_EDGE('',*,*,#6841,.T.);
#6841 = EDGE_CURVE('',#6832,#6842,#6844,.T.);
#6842 = VERTEX_POINT('',#6843);
#6843 = CARTESIAN_POINT('',(-1.693368449339E-14,6.3,-4.85));
#6844 = LINE('',#6845,#6846);
#6845 = CARTESIAN_POINT('',(2.,7.454700538379,-4.85));
#6846 = VECTOR('',#6847,1.);
#6847 = DIRECTION('',(-0.866025403784,-0.5,3.004629197474E-15));
#6848 = ORIENTED_EDGE('',*,*,#6849,.F.);
#6849 = EDGE_CURVE('',#6850,#6842,#6852,.T.);
#6850 = VERTEX_POINT('',#6851);
#6851 = CARTESIAN_POINT('',(-1.693368449339E-14,13.3,-4.85));
#6852 = LINE('',#6853,#6854);
#6853 = CARTESIAN_POINT('',(-1.693368449339E-14,13.3,-4.85));
#6854 = VECTOR('',#6855,1.);
#6855 = DIRECTION('',(-0.,-1.,0.));
#6856 = ORIENTED_EDGE('',*,*,#6857,.F.);
#6857 = EDGE_CURVE('',#6834,#6850,#6858,.T.);
#6858 = LINE('',#6859,#6860);
#6859 = CARTESIAN_POINT('',(2.,13.3,-4.85));
#6860 = VECTOR('',#6861,1.);
#6861 = DIRECTION('',(-1.,0.,3.469446951954E-15));
#6862 = PLANE('',#6863);
#6863 = AXIS2_PLACEMENT_3D('',#6864,#6865,#6866);
#6864 = CARTESIAN_POINT('',(2.,6.3,-4.85));
#6865 = DIRECTION('',(3.469446951954E-15,0.,1.));
#6866 = DIRECTION('',(1.,0.,-3.469446951954E-15));
#6867 = ADVANCED_FACE('',(#6868),#6919,.F.);
#6868 = FACE_BOUND('',#6869,.T.);
#6869 = EDGE_LOOP('',(#6870,#6881,#6889,#6896,#6897,#6905,#6911,#6912,
    #6913));
#6870 = ORIENTED_EDGE('',*,*,#6871,.T.);
#6871 = EDGE_CURVE('',#6872,#6874,#6876,.T.);
#6872 = VERTEX_POINT('',#6873);
#6873 = CARTESIAN_POINT('',(2.,13.3,-4.35));
#6874 = VERTEX_POINT('',#6875);
#6875 = CARTESIAN_POINT('',(2.714319976251,13.3,-4.087238491607));
#6876 = B_SPLINE_CURVE_WITH_KNOTS('',3,(#6877,#6878,#6879,#6880),
  .UNSPECIFIED.,.F.,.F.,(4,4),(0.,0.532935963287),
  .PIECEWISE_BEZIER_KNOTS.);
#6877 = CARTESIAN_POINT('',(2.,13.3,-4.35));
#6878 = CARTESIAN_POINT('',(2.252188005546,13.3,-4.35));
#6879 = CARTESIAN_POINT('',(2.487252807252,13.3,-4.243492222138));
#6880 = CARTESIAN_POINT('',(2.714319976251,13.3,-4.087238491607));
#6881 = ORIENTED_EDGE('',*,*,#6882,.T.);
#6882 = EDGE_CURVE('',#6874,#6883,#6885,.T.);
#6883 = VERTEX_POINT('',#6884);
#6884 = CARTESIAN_POINT('',(2.950615458119,13.3,-4.496514271819));
#6885 = LINE('',#6886,#6887);
#6886 = CARTESIAN_POINT('',(2.899519052838,13.3,-4.408012701892));
#6887 = VECTOR('',#6888,1.);
#6888 = DIRECTION('',(0.5,-0.,-0.866025403784));
#6889 = ORIENTED_EDGE('',*,*,#6890,.T.);
#6890 = EDGE_CURVE('',#6883,#6834,#6891,.T.);
#6891 = B_SPLINE_CURVE_WITH_KNOTS('',3,(#6892,#6893,#6894,#6895),
  .UNSPECIFIED.,.F.,.F.,(4,4),(0.39946854975,1.),
  .PIECEWISE_BEZIER_KNOTS.);
#6892 = CARTESIAN_POINT('',(2.950615458119,13.3,-4.496514271819));
#6893 = CARTESIAN_POINT('',(2.646864492234,13.3,-4.702681658104));
#6894 = CARTESIAN_POINT('',(2.334372751061,13.3,-4.85));
#6895 = CARTESIAN_POINT('',(2.,13.3,-4.85));
#6896 = ORIENTED_EDGE('',*,*,#6857,.T.);
#6897 = ORIENTED_EDGE('',*,*,#6898,.T.);
#6898 = EDGE_CURVE('',#6850,#6899,#6901,.T.);
#6899 = VERTEX_POINT('',#6900);
#6900 = CARTESIAN_POINT('',(-1.518794382397E-14,13.3,-4.35));
#6901 = LINE('',#6902,#6903);
#6902 = CARTESIAN_POINT('',(-1.682681771698E-14,13.3,-4.85));
#6903 = VECTOR('',#6904,1.);
#6904 = DIRECTION('',(3.469446951954E-15,0.,1.));
#6905 = ORIENTED_EDGE('',*,*,#6906,.F.);
#6906 = EDGE_CURVE('',#4211,#6899,#6907,.T.);
#6907 = LINE('',#6908,#6909);
#6908 = CARTESIAN_POINT('',(2.,13.3,-4.35));
#6909 = VECTOR('',#6910,1.);
#6910 = DIRECTION('',(-1.,0.,3.469446951954E-15));
#6911 = ORIENTED_EDGE('',*,*,#4210,.F.);
#6912 = ORIENTED_EDGE('',*,*,#4057,.F.);
#6913 = ORIENTED_EDGE('',*,*,#6914,.F.);
#6914 = EDGE_CURVE('',#6872,#4049,#6915,.T.);
#6915 = LINE('',#6916,#6917);
#6916 = CARTESIAN_POINT('',(2.,13.3,-4.35));
#6917 = VECTOR('',#6918,1.);
#6918 = DIRECTION('',(-1.,0.,3.469446951954E-15));
#6919 = PLANE('',#6920);
#6920 = AXIS2_PLACEMENT_3D('',#6921,#6922,#6923);
#6921 = CARTESIAN_POINT('',(2.,13.3,-4.85));
#6922 = DIRECTION('',(0.,-1.,0.));
#6923 = DIRECTION('',(-0.,0.,1.));
#6924 = ADVANCED_FACE('',(#6925),#6953,.F.);
#6925 = FACE_BOUND('',#6926,.T.);
#6926 = EDGE_LOOP('',(#6927,#6935,#6943,#6949,#6950,#6951,#6952));
#6927 = ORIENTED_EDGE('',*,*,#6928,.T.);
#6928 = EDGE_CURVE('',#6899,#6929,#6931,.T.);
#6929 = VERTEX_POINT('',#6930);
#6930 = CARTESIAN_POINT('',(-1.514001903248E-14,6.3,-4.35));
#6931 = LINE('',#6932,#6933);
#6932 = CARTESIAN_POINT('',(-1.5092094241E-14,6.3,-4.35));
#6933 = VECTOR('',#6934,1.);
#6934 = DIRECTION('',(0.,-1.,0.));
#6935 = ORIENTED_EDGE('',*,*,#6936,.T.);
#6936 = EDGE_CURVE('',#6929,#6937,#6939,.T.);
#6937 = VERTEX_POINT('',#6938);
#6938 = CARTESIAN_POINT('',(2.,7.454700538379,-4.35));
#6939 = LINE('',#6940,#6941);
#6940 = CARTESIAN_POINT('',(2.,7.454700538379,-4.35));
#6941 = VECTOR('',#6942,1.);
#6942 = DIRECTION('',(0.866025403784,0.5,-3.004629197474E-15));
#6943 = ORIENTED_EDGE('',*,*,#6944,.F.);
#6944 = EDGE_CURVE('',#6872,#6937,#6945,.T.);
#6945 = LINE('',#6946,#6947);
#6946 = CARTESIAN_POINT('',(2.,6.3,-4.35));
#6947 = VECTOR('',#6948,1.);
#6948 = DIRECTION('',(-0.,-1.,-0.));
#6949 = ORIENTED_EDGE('',*,*,#6914,.T.);
#6950 = ORIENTED_EDGE('',*,*,#4046,.F.);
#6951 = ORIENTED_EDGE('',*,*,#4219,.F.);
#6952 = ORIENTED_EDGE('',*,*,#6906,.T.);
#6953 = PLANE('',#6954);
#6954 = AXIS2_PLACEMENT_3D('',#6955,#6956,#6957);
#6955 = CARTESIAN_POINT('',(2.,6.3,-4.35));
#6956 = DIRECTION('',(-3.469446951954E-15,0.,-1.));
#6957 = DIRECTION('',(-1.,0.,3.469446951954E-15));
#6958 = ADVANCED_FACE('',(#6959),#6975,.T.);
#6959 = FACE_BOUND('',#6960,.T.);
#6960 = EDGE_LOOP('',(#6961,#6962,#6968,#6969));
#6961 = ORIENTED_EDGE('',*,*,#6936,.F.);
#6962 = ORIENTED_EDGE('',*,*,#6963,.T.);
#6963 = EDGE_CURVE('',#6929,#6842,#6964,.T.);
#6964 = LINE('',#6965,#6966);
#6965 = CARTESIAN_POINT('',(-1.682681771698E-14,6.3,-4.85));
#6966 = VECTOR('',#6967,1.);
#6967 = DIRECTION('',(-3.469446951954E-15,-1.734723475977E-15,-1.));
#6968 = ORIENTED_EDGE('',*,*,#6841,.F.);
#6969 = ORIENTED_EDGE('',*,*,#6970,.F.);
#6970 = EDGE_CURVE('',#6937,#6832,#6971,.T.);
#6971 = LINE('',#6972,#6973);
#6972 = CARTESIAN_POINT('',(2.,7.454700538379,-1.987073793421E-14));
#6973 = VECTOR('',#6974,1.);
#6974 = DIRECTION('',(-3.469446951954E-15,-1.734723475977E-15,-1.));
#6975 = PLANE('',#6976);
#6976 = AXIS2_PLACEMENT_3D('',#6977,#6978,#6979);
#6977 = CARTESIAN_POINT('',(2.,7.454700538379,-1.987073793421E-14));
#6978 = DIRECTION('',(0.5,-0.866025403784,-2.324088772396E-16));
#6979 = DIRECTION('',(3.469446951954E-15,1.734723475977E-15,1.));
#6980 = ADVANCED_FACE('',(#6981),#7025,.T.);
#6981 = FACE_BOUND('',#6982,.T.);
#6982 = EDGE_LOOP('',(#6983,#6993,#7001,#7009));
#6983 = ORIENTED_EDGE('',*,*,#6984,.T.);
#6984 = EDGE_CURVE('',#6985,#6987,#6989,.T.);
#6985 = VERTEX_POINT('',#6986);
#6986 = CARTESIAN_POINT('',(3.549038105677,10.449641559883,
    -4.033012701892));
#6987 = VERTEX_POINT('',#6988);
#6988 = CARTESIAN_POINT('',(3.549038105677,12.55,-4.033012701892));
#6989 = LINE('',#6990,#6991);
#6990 = CARTESIAN_POINT('',(3.549038105677,13.3,-4.033012701892));
#6991 = VECTOR('',#6992,1.);
#6992 = DIRECTION('',(0.,1.,0.));
#6993 = ORIENTED_EDGE('',*,*,#6994,.T.);
#6994 = EDGE_CURVE('',#6987,#6995,#6997,.T.);
#6995 = VERTEX_POINT('',#6996);
#6996 = CARTESIAN_POINT('',(3.299038105677,12.55,-3.6));
#6997 = LINE('',#6998,#6999);
#6998 = CARTESIAN_POINT('',(3.299038105677,12.55,-3.6));
#6999 = VECTOR('',#7000,1.);
#7000 = DIRECTION('',(-0.5,0.,0.866025403784));
#7001 = ORIENTED_EDGE('',*,*,#7002,.T.);
#7002 = EDGE_CURVE('',#6995,#7003,#7005,.T.);
#7003 = VERTEX_POINT('',#7004);
#7004 = CARTESIAN_POINT('',(3.299038105677,10.417718961017,-3.6));
#7005 = LINE('',#7006,#7007);
#7006 = CARTESIAN_POINT('',(3.299038105677,13.3,-3.6));
#7007 = VECTOR('',#7008,1.);
#7008 = DIRECTION('',(0.,-1.,0.));
#7009 = ORIENTED_EDGE('',*,*,#7010,.T.);
#7010 = EDGE_CURVE('',#7003,#6985,#7011,.T.);
#7011 = B_SPLINE_CURVE_WITH_KNOTS('',3,(#7012,#7013,#7014,#7015,#7016,
    #7017,#7018,#7019,#7020,#7021,#7022,#7023,#7024),.UNSPECIFIED.,.F.,
  .F.,(4,3,3,3,4),(0.,7.216827857082E-05,2.446702361552E-04,
    4.29462844694E-04,5.010180929782E-04),.UNSPECIFIED.);
#7012 = CARTESIAN_POINT('',(3.299038105677,10.417718961017,-3.6));
#7013 = CARTESIAN_POINT('',(3.311041088986,10.419271111229,
    -3.620789776933));
#7014 = CARTESIAN_POINT('',(3.32304412949,10.420821493971,
    -3.641579652932));
#7015 = CARTESIAN_POINT('',(3.335047245071,10.422369547241,
    -3.662369658968));
#7016 = CARTESIAN_POINT('',(3.363737978812,10.426069818547,
    -3.712063467513));
#7017 = CARTESIAN_POINT('',(3.39242914585,10.429756706022,
    -3.761758026552));
#7018 = CARTESIAN_POINT('',(3.421120967327,10.433423085641,
    -3.811453719112));
#7019 = CARTESIAN_POINT('',(3.451857061668,10.437350692325,
    -3.864690196136));
#7020 = CARTESIAN_POINT('',(3.482593926048,10.441254242748,
    -3.917928006907));
#7021 = CARTESIAN_POINT('',(3.513331405596,10.445138245802,
    -3.971166883181));
#7022 = CARTESIAN_POINT('',(3.525233548821,10.446642206482,
    -3.991781999967));
#7023 = CARTESIAN_POINT('',(3.537135784803,10.448143233326,
    -4.012397277412));
#7024 = CARTESIAN_POINT('',(3.549038105677,10.449641559883,
    -4.033012701892));
#7025 = PLANE('',#7026);
#7026 = AXIS2_PLACEMENT_3D('',#7027,#7028,#7029);
#7027 = CARTESIAN_POINT('',(0.915432852445,0.,0.528525403784));
#7028 = DIRECTION('',(0.866025403784,-0.,0.5));
#7029 = DIRECTION('',(0.5,0.,-0.866025403784));
#7030 = ADVANCED_FACE('',(#7031),#7063,.T.);
#7031 = FACE_BOUND('',#7032,.T.);
#7032 = EDGE_LOOP('',(#7033,#7034,#7045,#7046,#7047,#7056));
#7033 = ORIENTED_EDGE('',*,*,#7002,.F.);
#7034 = ORIENTED_EDGE('',*,*,#7035,.T.);
#7035 = EDGE_CURVE('',#6995,#6874,#7036,.T.);
#7036 = B_SPLINE_CURVE_WITH_KNOTS('',3,(#7037,#7038,#7039,#7040,#7041,
    #7042,#7043,#7044),.UNSPECIFIED.,.F.,.F.,(4,2,2,4),(0.,
    2.949391448083E-04,5.898782896167E-04,1.179756579233E-03),
  .UNSPECIFIED.);
#7037 = CARTESIAN_POINT('',(3.299038105677,12.55,-3.6));
#7038 = CARTESIAN_POINT('',(3.299038105677,12.649754463272,-3.6));
#7039 = CARTESIAN_POINT('',(3.284376248253,12.747633739359,
    -3.614275767479));
#7040 = CARTESIAN_POINT('',(3.22744396676,12.929444698964,
    -3.667223183463));
#7041 = CARTESIAN_POINT('',(3.185161741475,13.012501833827,
    -3.705961463382));
#7042 = CARTESIAN_POINT('',(3.027008831393,13.218787532918,
    -3.846060501884));
#7043 = CARTESIAN_POINT('',(2.878647705686,13.299999999973,
    -3.974158204096));
#7044 = CARTESIAN_POINT('',(2.714319976251,13.3,-4.087238491607));
#7045 = ORIENTED_EDGE('',*,*,#6871,.F.);
#7046 = ORIENTED_EDGE('',*,*,#6944,.T.);
#7047 = ORIENTED_EDGE('',*,*,#7048,.T.);
#7048 = EDGE_CURVE('',#6937,#7049,#7051,.T.);
#7049 = VERTEX_POINT('',#7050);
#7050 = CARTESIAN_POINT('',(3.277900301608,10.189003182193,
    -3.63536233224));
#7051 = B_SPLINE_CURVE_WITH_KNOTS('',3,(#7052,#7053,#7054,#7055),
  .UNSPECIFIED.,.F.,.F.,(4,4),(0.,0.968556453079),
  .PIECEWISE_BEZIER_KNOTS.);
#7052 = CARTESIAN_POINT('',(2.,7.454700538379,-4.35));
#7053 = CARTESIAN_POINT('',(2.824520037965,7.93073740425,-4.35));
#7054 = CARTESIAN_POINT('',(3.060463635251,9.049761395304,-3.99821189895
    ));
#7055 = CARTESIAN_POINT('',(3.277900301608,10.189003182193,
    -3.63536233224));
#7056 = ORIENTED_EDGE('',*,*,#7057,.T.);
#7057 = EDGE_CURVE('',#7049,#7003,#7058,.T.);
#7058 = B_SPLINE_CURVE_WITH_KNOTS('',3,(#7059,#7060,#7061,#7062),
  .UNSPECIFIED.,.F.,.F.,(4,4),(0.,2.323966626003E-04),
  .PIECEWISE_BEZIER_KNOTS.);
#7059 = CARTESIAN_POINT('',(3.277900301608,10.189003182193,
    -3.63536233224));
#7060 = CARTESIAN_POINT('',(3.291981585758,10.262780929002,
    -3.611864051391));
#7061 = CARTESIAN_POINT('',(3.299038105677,10.33900669921,-3.6));
#7062 = CARTESIAN_POINT('',(3.299038105677,10.417718961017,-3.6));
#7063 = B_SPLINE_SURFACE_WITH_KNOTS('',3,3,(
    (#7064,#7065,#7066,#7067)
    ,(#7068,#7069,#7070,#7071)
    ,(#7072,#7073,#7074,#7075)
    ,(#7076,#7077,#7078,#7079)
    ,(#7080,#7081,#7082,#7083
  )),.UNSPECIFIED.,.F.,.F.,.F.,(4,1,4),(4,4),(0.,0.5,1.),(0.,1.),
  .UNSPECIFIED.);
#7064 = CARTESIAN_POINT('',(2.,13.3,-4.35));
#7065 = CARTESIAN_POINT('',(2.473205080757,13.3,-4.35));
#7066 = CARTESIAN_POINT('',(2.886121593217,13.3,-3.975));
#7067 = CARTESIAN_POINT('',(3.299038105677,13.3,-3.6));
#7068 = CARTESIAN_POINT('',(2.,12.325783423063,-4.35));
#7069 = CARTESIAN_POINT('',(2.509298355732,12.366336696566,-4.35));
#7070 = CARTESIAN_POINT('',(2.904168230704,12.583168348283,-3.975));
#7071 = CARTESIAN_POINT('',(3.299038105677,12.8,-3.6));
#7072 = CARTESIAN_POINT('',(2.,10.37735026919,-4.35));
#7073 = CARTESIAN_POINT('',(2.581484905681,10.499010089698,-4.35));
#7074 = CARTESIAN_POINT('',(2.940261505679,11.149505044849,-3.975));
#7075 = CARTESIAN_POINT('',(3.299038105677,11.8,-3.6));
#7076 = CARTESIAN_POINT('',(2.,8.428917115316,-4.35));
#7077 = CARTESIAN_POINT('',(2.761353326958,8.797131114811,-4.35));
#7078 = CARTESIAN_POINT('',(3.030195716317,9.798565557406,-3.975));
#7079 = CARTESIAN_POINT('',(3.299038105677,10.8,-3.6));
#7080 = CARTESIAN_POINT('',(2.,7.454700538379,-4.35));
#7081 = CARTESIAN_POINT('',(2.851287537597,7.946191627368,-4.35));
#7082 = CARTESIAN_POINT('',(3.075162821637,9.123095813684,-3.975));
#7083 = CARTESIAN_POINT('',(3.299038105677,10.3,-3.6));
#7084 = ADVANCED_FACE('',(#7085),#7117,.T.);
#7085 = FACE_BOUND('',#7086,.T.);
#7086 = EDGE_LOOP('',(#7087,#7088,#7099,#7100,#7109,#7116));
#7087 = ORIENTED_EDGE('',*,*,#6890,.F.);
#7088 = ORIENTED_EDGE('',*,*,#7089,.T.);
#7089 = EDGE_CURVE('',#6883,#6987,#7090,.T.);
#7090 = B_SPLINE_CURVE_WITH_KNOTS('',3,(#7091,#7092,#7093,#7094,#7095,
    #7096,#7097,#7098),.UNSPECIFIED.,.F.,.F.,(4,2,2,4),(0.,
    2.94162930622E-04,5.883258612441E-04,1.176651722488E-03),
  .UNSPECIFIED.);
#7091 = CARTESIAN_POINT('',(2.950615458119,13.3,-4.496514271819));
#7092 = CARTESIAN_POINT('',(3.032935478737,13.3,-4.44064052768));
#7093 = CARTESIAN_POINT('',(3.11156722872,13.280481760045,
    -4.382844189162));
#7094 = CARTESIAN_POINT('',(3.256765408405,13.205521267457,
    -4.272065493141));
#7095 = CARTESIAN_POINT('',(3.322363432076,13.150140014208,
    -4.219834462718));
#7096 = CARTESIAN_POINT('',(3.485620957362,12.943422269477,
    -4.087756181286));
#7097 = CARTESIAN_POINT('',(3.549038105677,12.748988646143,
    -4.033012701892));
#7098 = CARTESIAN_POINT('',(3.549038105677,12.55,-4.033012701892));
#7099 = ORIENTED_EDGE('',*,*,#6984,.F.);
#7100 = ORIENTED_EDGE('',*,*,#7101,.T.);
#7101 = EDGE_CURVE('',#6985,#7102,#7104,.T.);
#7102 = VERTEX_POINT('',#7103);
#7103 = CARTESIAN_POINT('',(3.510622547059,10.162887873137,
    -4.081142147477));
#7104 = B_SPLINE_CURVE_WITH_KNOTS('',3,(#7105,#7106,#7107,#7108),
  .UNSPECIFIED.,.F.,.F.,(4,4),(0.,2.935573297938E-04),
  .PIECEWISE_BEZIER_KNOTS.);
#7105 = CARTESIAN_POINT('',(3.549038105677,10.449641559883,
    -4.033012701892));
#7106 = CARTESIAN_POINT('',(3.549038105677,10.350382278604,
    -4.033012701892));
#7107 = CARTESIAN_POINT('',(3.536050251108,10.253428503562,
    -4.049374942547));
#7108 = CARTESIAN_POINT('',(3.510622547059,10.162887873137,
    -4.081142147477));
#7109 = ORIENTED_EDGE('',*,*,#7110,.F.);
#7110 = EDGE_CURVE('',#6832,#7102,#7111,.T.);
#7111 = B_SPLINE_CURVE_WITH_KNOTS('',3,(#7112,#7113,#7114,#7115),
  .UNSPECIFIED.,.F.,.F.,(4,4),(0.,0.960705852216),
  .PIECEWISE_BEZIER_KNOTS.);
#7112 = CARTESIAN_POINT('',(2.,7.454700538379,-4.85));
#7113 = CARTESIAN_POINT('',(2.862585803174,7.952714684041,-4.85));
#7114 = CARTESIAN_POINT('',(3.196981563909,9.046103900578,
    -4.472978444106));
#7115 = CARTESIAN_POINT('',(3.510622547059,10.162887873137,
    -4.081142147477));
#7116 = ORIENTED_EDGE('',*,*,#6831,.T.);
#7117 = B_SPLINE_SURFACE_WITH_KNOTS('',3,3,(
    (#7118,#7119,#7120,#7121)
    ,(#7122,#7123,#7124,#7125)
    ,(#7126,#7127,#7128,#7129)
    ,(#7130,#7131,#7132,#7133)
    ,(#7134,#7135,#7136,#7137
  )),.UNSPECIFIED.,.F.,.F.,.F.,(4,1,4),(4,4),(0.,0.5,1.),(0.,1.),
  .UNSPECIFIED.);
#7118 = CARTESIAN_POINT('',(2.,7.454700538379,-4.85));
#7119 = CARTESIAN_POINT('',(2.897866710382,7.973084125315,-4.85));
#7120 = CARTESIAN_POINT('',(3.223452408029,9.136542062657,
    -4.441506350946));
#7121 = CARTESIAN_POINT('',(3.549038105677,10.3,-4.033012701892));
#7122 = CARTESIAN_POINT('',(2.,8.428917115316,-4.85));
#7123 = CARTESIAN_POINT('',(2.815360813792,8.821875652665,-4.85));
#7124 = CARTESIAN_POINT('',(3.182199459734,9.810937826333,
    -4.441506350946));
#7125 = CARTESIAN_POINT('',(3.549038105677,10.8,-4.033012701892));
#7126 = CARTESIAN_POINT('',(2.,10.37735026919,-4.85));
#7127 = CARTESIAN_POINT('',(2.650349020613,10.519458707367,-4.85));
#7128 = CARTESIAN_POINT('',(3.099693563145,11.159729353683,
    -4.441506350946));
#7129 = CARTESIAN_POINT('',(3.549038105677,11.8,-4.033012701892));
#7130 = CARTESIAN_POINT('',(2.,12.325783423063,-4.85));
#7131 = CARTESIAN_POINT('',(2.587979498381,12.373152902456,-4.85));
#7132 = CARTESIAN_POINT('',(3.068508802029,12.586576451228,
    -4.441506350946));
#7133 = CARTESIAN_POINT('',(3.549038105677,12.8,-4.033012701892));
#7134 = CARTESIAN_POINT('',(2.,13.3,-4.85));
#7135 = CARTESIAN_POINT('',(2.556794737266,13.3,-4.85));
#7136 = CARTESIAN_POINT('',(3.052916421471,13.3,-4.441506350946));
#7137 = CARTESIAN_POINT('',(3.549038105677,13.3,-4.033012701892));
#7138 = ADVANCED_FACE('',(#7139),#7166,.T.);
#7139 = FACE_BOUND('',#7140,.T.);
#7140 = EDGE_LOOP('',(#7141,#7142,#7164,#7165));
#7141 = ORIENTED_EDGE('',*,*,#7110,.T.);
#7142 = ORIENTED_EDGE('',*,*,#7143,.T.);
#7143 = EDGE_CURVE('',#7102,#7049,#7144,.T.);
#7144 = B_SPLINE_CURVE_WITH_KNOTS('',3,(#7145,#7146,#7147,#7148,#7149,
    #7150,#7151,#7152,#7153,#7154,#7155,#7156,#7157,#7158,#7159,#7160,
    #7161,#7162,#7163),.UNSPECIFIED.,.F.,.F.,(4,3,3,3,3,3,4),(
    -6.00000000017E-08,0.,7.640372085377E-05,2.623977078693E-04,
    4.360916538939E-04,5.034310863103E-04,5.034910863103E-04),
  .UNSPECIFIED.);
#7145 = CARTESIAN_POINT('',(3.510622547059,10.162887873137,
    -4.081142147477));
#7146 = CARTESIAN_POINT('',(3.510613369312,10.162888845901,
    -4.081124404234));
#7147 = CARTESIAN_POINT('',(3.510604191555,10.162889818665,
    -4.081106660995));
#7148 = CARTESIAN_POINT('',(3.510595013792,10.162890791441,
    -4.081088917761));
#7149 = CARTESIAN_POINT('',(3.498908093187,10.164129519523,
    -4.058494765332));
#7150 = CARTESIAN_POINT('',(3.487209116305,10.165380809551,
    -4.035907529825));
#7151 = CARTESIAN_POINT('',(3.475497902379,10.166644731568,
    -4.013327355911));
#7152 = CARTESIAN_POINT('',(3.446988658361,10.169721565568,
    -3.958359212373));
#7153 = CARTESIAN_POINT('',(3.418406942966,10.172873439274,
    -3.903432734695));
#7154 = CARTESIAN_POINT('',(3.389749695171,10.176101144696,
    -3.848550271444));
#7155 = CARTESIAN_POINT('',(3.362987586335,10.179115397999,
    -3.797297252828));
#7156 = CARTESIAN_POINT('',(3.336158659804,10.182194315567,
    -3.746082822896));
#7157 = CARTESIAN_POINT('',(3.309254348605,10.185329194707,
    -3.694911554774));
#7158 = CARTESIAN_POINT('',(3.298823798327,10.186544558083,
    -3.67507293185));
#7159 = CARTESIAN_POINT('',(3.288381917396,10.187768315206,
    -3.65524077429));
#7160 = CARTESIAN_POINT('',(3.277928244563,10.188999890139,
    -3.635415326143));
#7161 = CARTESIAN_POINT('',(3.277918930254,10.189000987483,
    -3.635397661503));
#7162 = CARTESIAN_POINT('',(3.277909615936,10.189002084835,
    -3.635379996869));
#7163 = CARTESIAN_POINT('',(3.277900301608,10.189003182193,
    -3.63536233224));
#7164 = ORIENTED_EDGE('',*,*,#7048,.F.);
#7165 = ORIENTED_EDGE('',*,*,#6970,.T.);
#7166 = B_SPLINE_SURFACE_WITH_KNOTS('',3,3,(
    (#7167,#7168,#7169,#7170)
    ,(#7171,#7172,#7173,#7174)
    ,(#7175,#7176,#7177,#7178)
    ,(#7179,#7180,#7181,#7182)
    ,(#7183,#7184,#7185,#7186
  )),.UNSPECIFIED.,.F.,.F.,.F.,(4,1,4),(4,4),(0.,0.5,1.),(0.,1.),
  .UNSPECIFIED.);
#7167 = CARTESIAN_POINT('',(2.,7.454700538379,-4.35));
#7168 = CARTESIAN_POINT('',(2.851287537597,7.946191627368,-4.35));
#7169 = CARTESIAN_POINT('',(3.075162821637,9.123095813684,-3.975));
#7170 = CARTESIAN_POINT('',(3.299038105677,10.3,-3.6));
#7171 = CARTESIAN_POINT('',(2.,7.454700538379,-4.433333333333));
#7172 = CARTESIAN_POINT('',(2.858880762464,7.95057557779,-4.433333333333
    ));
#7173 = CARTESIAN_POINT('',(3.099792767404,9.125287788895,
    -4.052751058491));
#7174 = CARTESIAN_POINT('',(3.340704772343,10.3,-3.672168783649));
#7175 = CARTESIAN_POINT('',(2.,7.454700538379,-4.6));
#7176 = CARTESIAN_POINT('',(2.874067212198,7.959343478632,-4.6));
#7177 = CARTESIAN_POINT('',(3.149052658938,9.129671739316,
    -4.208253175473));
#7178 = CARTESIAN_POINT('',(3.424038105677,10.3,-3.816506350946));
#7179 = CARTESIAN_POINT('',(2.,7.454700538379,-4.766666666667));
#7180 = CARTESIAN_POINT('',(2.889933544321,7.968503909754,
    -4.766666666667));
#7181 = CARTESIAN_POINT('',(3.198652491665,9.134251954877,
    -4.363755292455));
#7182 = CARTESIAN_POINT('',(3.50737143901,10.3,-3.960843918244));
#7183 = CARTESIAN_POINT('',(2.,7.454700538379,-4.85));
#7184 = CARTESIAN_POINT('',(2.897866710382,7.973084125315,-4.85));
#7185 = CARTESIAN_POINT('',(3.223452408029,9.136542062657,
    -4.441506350946));
#7186 = CARTESIAN_POINT('',(3.549038105677,10.3,-4.033012701892));
#7187 = ADVANCED_FACE('',(#7188),#7194,.T.);
#7188 = FACE_BOUND('',#7189,.T.);
#7189 = EDGE_LOOP('',(#7190,#7191,#7192,#7193));
#7190 = ORIENTED_EDGE('',*,*,#7089,.F.);
#7191 = ORIENTED_EDGE('',*,*,#6882,.F.);
#7192 = ORIENTED_EDGE('',*,*,#7035,.F.);
#7193 = ORIENTED_EDGE('',*,*,#6994,.F.);
#7194 = CYLINDRICAL_SURFACE('',#7195,0.75);
#7195 = AXIS2_PLACEMENT_3D('',#7196,#7197,#7198);
#7196 = CARTESIAN_POINT('',(0.265913799607,12.55,0.153525403784));
#7197 = DIRECTION('',(0.5,0.,-0.866025403784));
#7198 = DIRECTION('',(-0.866025403784,0.,-0.5));
#7199 = ADVANCED_FACE('',(#7200),#7206,.T.);
#7200 = FACE_BOUND('',#7201,.T.);
#7201 = EDGE_LOOP('',(#7202,#7203,#7204,#7205));
#7202 = ORIENTED_EDGE('',*,*,#7057,.F.);
#7203 = ORIENTED_EDGE('',*,*,#7143,.F.);
#7204 = ORIENTED_EDGE('',*,*,#7101,.F.);
#7205 = ORIENTED_EDGE('',*,*,#7010,.F.);
#7206 = ( BOUNDED_SURFACE() B_SPLINE_SURFACE(3,2,(
    (#7207,#7208,#7209)
    ,(#7210,#7211,#7212)
    ,(#7213,#7214,#7215)
    ,(#7216,#7217,#7218
)),.UNSPECIFIED.,.F.,.F.,.F.) B_SPLINE_SURFACE_WITH_KNOTS((4,4),(3,3),(
    1.792504834725E-03,2.307444655899E-03),(0.,1.),
.PIECEWISE_BEZIER_KNOTS.) GEOMETRIC_REPRESENTATION_ITEM() 
RATIONAL_B_SPLINE_SURFACE((
    (1.,0.988083464759,1.)
    ,(1.,0.98585989366,1.)
    ,(1.,0.983365926492,1.)
,(1.,0.980654369962,1.))) REPRESENTATION_ITEM('') SURFACE() );
#7207 = CARTESIAN_POINT('',(3.272405888605,10.189651100133,
    -3.624944846922));
#7208 = CARTESIAN_POINT('',(3.2995902298,10.300714866045,-3.600956307034
    ));
#7209 = CARTESIAN_POINT('',(3.295820347565,10.417302817836,
    -3.594426679464));
#7210 = CARTESIAN_POINT('',(3.352980852483,10.180140677322,
    -3.777676904623));
#7211 = CARTESIAN_POINT('',(3.385770095459,10.300724752414,
    -3.750224212945));
#7212 = CARTESIAN_POINT('',(3.381464775868,10.428380100123,
    -3.74276718067));
#7213 = CARTESIAN_POINT('',(3.432763779986,10.171134186291,
    -3.930602218837));
#7214 = CARTESIAN_POINT('',(3.471749135018,10.300716950933,
    -3.899144277847));
#7215 = CARTESIAN_POINT('',(3.467113167759,10.439332395094,
    -3.891114547012));
#7216 = CARTESIAN_POINT('',(3.512032455121,10.162738489419,
    -4.083868054984));
#7217 = CARTESIAN_POINT('',(3.557467523283,10.300699705164,
    -4.047612881464));
#7218 = CARTESIAN_POINT('',(3.552767129651,10.450110900443,
    -4.039471560879));
#7219 = ADVANCED_FACE('',(#7220),#7263,.F.);
#7220 = FACE_BOUND('',#7221,.T.);
#7221 = EDGE_LOOP('',(#7222,#7231,#7232,#7241,#7249,#7257));
#7222 = ORIENTED_EDGE('',*,*,#7223,.T.);
#7223 = EDGE_CURVE('',#7224,#6899,#7226,.T.);
#7224 = VERTEX_POINT('',#7225);
#7225 = CARTESIAN_POINT('',(-1.763198076116E-14,14.,-5.05));
#7226 = CIRCLE('',#7227,0.7);
#7227 = AXIS2_PLACEMENT_3D('',#7228,#7229,#7230);
#7228 = CARTESIAN_POINT('',(-1.763198076116E-14,13.3,-5.05));
#7229 = DIRECTION('',(1.,0.,-3.491481338843E-15));
#7230 = DIRECTION('',(3.491481338843E-15,0.,1.));
#7231 = ORIENTED_EDGE('',*,*,#6898,.F.);
#7232 = ORIENTED_EDGE('',*,*,#7233,.F.);
#7233 = EDGE_CURVE('',#7234,#6850,#7236,.T.);
#7234 = VERTEX_POINT('',#7235);
#7235 = CARTESIAN_POINT('',(-1.765456600772E-14,13.5,-5.05));
#7236 = CIRCLE('',#7237,0.2);
#7237 = AXIS2_PLACEMENT_3D('',#7238,#7239,#7240);
#7238 = CARTESIAN_POINT('',(-1.763198076116E-14,13.3,-5.05));
#7239 = DIRECTION('',(1.,0.,-3.491481338843E-15));
#7240 = DIRECTION('',(3.491481338843E-15,0.,1.));
#7241 = ORIENTED_EDGE('',*,*,#7242,.T.);
#7242 = EDGE_CURVE('',#7234,#7243,#7245,.T.);
#7243 = VERTEX_POINT('',#7244);
#7244 = CARTESIAN_POINT('',(-2.478951750579E-14,13.5,-7.1));
#7245 = LINE('',#7246,#7247);
#7246 = CARTESIAN_POINT('',(0.,13.5,-1.688025110518E-14));
#7247 = VECTOR('',#7248,1.);
#7248 = DIRECTION('',(-3.480464145398E-15,0.,-1.));
#7249 = ORIENTED_EDGE('',*,*,#7250,.T.);
#7250 = EDGE_CURVE('',#7243,#7251,#7253,.T.);
#7251 = VERTEX_POINT('',#7252);
#7252 = CARTESIAN_POINT('',(-2.478951750579E-14,14.,-7.1));
#7253 = LINE('',#7254,#7255);
#7254 = CARTESIAN_POINT('',(-2.478951750579E-14,-3.75,-7.1));
#7255 = VECTOR('',#7256,1.);
#7256 = DIRECTION('',(-0.,1.,-0.));
#7257 = ORIENTED_EDGE('',*,*,#7258,.T.);
#7258 = EDGE_CURVE('',#7251,#7224,#7259,.T.);
#7259 = LINE('',#7260,#7261);
#7260 = CARTESIAN_POINT('',(2.463307335887E-14,14.,7.1));
#7261 = VECTOR('',#7262,1.);
#7262 = DIRECTION('',(3.480464145398E-15,-0.,1.));
#7263 = PLANE('',#7264);
#7264 = AXIS2_PLACEMENT_3D('',#7265,#7266,#7267);
#7265 = CARTESIAN_POINT('',(-1.44896475562E-14,0.7,-4.15));
#7266 = DIRECTION('',(-1.,0.,3.491481338843E-15));
#7267 = DIRECTION('',(3.491481338843E-15,0.,1.));
#7268 = ADVANCED_FACE('',(#7269),#7358,.T.);
#7269 = FACE_BOUND('',#7270,.T.);
#7270 = EDGE_LOOP('',(#7271,#7282,#7291,#7302,#7310,#7321,#7332,#7340,
    #7351));
#7271 = ORIENTED_EDGE('',*,*,#7272,.T.);
#7272 = EDGE_CURVE('',#7273,#7275,#7277,.T.);
#7273 = VERTEX_POINT('',#7274);
#7274 = CARTESIAN_POINT('',(-1.668922976377,13.1926440846,4.350000009328
    ));
#7275 = VERTEX_POINT('',#7276);
#7276 = CARTESIAN_POINT('',(-1.684141773969,13.3,4.35));
#7277 = B_SPLINE_CURVE_WITH_KNOTS('',3,(#7278,#7279,#7280,#7281),
  .UNSPECIFIED.,.F.,.F.,(4,4),(2.01505230798E-14,1.084292597775E-04),
  .PIECEWISE_BEZIER_KNOTS.);
#7278 = CARTESIAN_POINT('',(-1.668922976377,13.1926440846,4.350000009328
    ));
#7279 = CARTESIAN_POINT('',(-1.673396610721,13.228509239036,
    4.350000004663));
#7280 = CARTESIAN_POINT('',(-1.678498598683,13.264300178136,4.35));
#7281 = CARTESIAN_POINT('',(-1.684141773969,13.3,4.35));
#7282 = ORIENTED_EDGE('',*,*,#7283,.T.);
#7283 = EDGE_CURVE('',#7275,#7284,#7286,.T.);
#7284 = VERTEX_POINT('',#7285);
#7285 = CARTESIAN_POINT('',(-1.652745600663,13.3,4.363596945955));
#7286 = B_SPLINE_CURVE_WITH_KNOTS('',3,(#7287,#7288,#7289,#7290),
  .UNSPECIFIED.,.F.,.F.,(4,4),(3.878959614449E-18,3.421398307116E-05),
  .PIECEWISE_BEZIER_KNOTS.);
#7287 = CARTESIAN_POINT('',(-1.684141773969,13.3,4.35));
#7288 = CARTESIAN_POINT('',(-1.673464634517,13.3,4.354632763759));
#7289 = CARTESIAN_POINT('',(-1.663006354761,13.3,4.359166901265));
#7290 = CARTESIAN_POINT('',(-1.652745600663,13.3,4.363596945955));
#7291 = ORIENTED_EDGE('',*,*,#7292,.F.);
#7292 = EDGE_CURVE('',#7293,#7284,#7295,.T.);
#7293 = VERTEX_POINT('',#7294);
#7294 = CARTESIAN_POINT('',(-1.712940192072,13.5,4.537437150902));
#7295 = B_SPLINE_CURVE_WITH_KNOTS('',3,(#7296,#7297,#7298,#7299,#7300,
    #7301),.UNSPECIFIED.,.F.,.F.,(4,2,4),(0.,0.163863393893,
    0.23987581263),.UNSPECIFIED.);
#7296 = CARTESIAN_POINT('',(-1.712940192072,13.5,4.537437150902));
#7297 = CARTESIAN_POINT('',(-1.674384057564,13.5,4.464273351109));
#7298 = CARTESIAN_POINT('',(-1.638298017066,13.471858167659,
    4.385717694621));
#7299 = CARTESIAN_POINT('',(-1.64541127854,13.366666666667,
    4.372124408578));
#7300 = CARTESIAN_POINT('',(-1.648636847781,13.333333333333,
    4.367847008035));
#7301 = CARTESIAN_POINT('',(-1.652745600663,13.3,4.363596945955));
#7302 = ORIENTED_EDGE('',*,*,#7303,.T.);
#7303 = EDGE_CURVE('',#7293,#7304,#7306,.T.);
#7304 = VERTEX_POINT('',#7305);
#7305 = CARTESIAN_POINT('',(-2.774549648938,13.5,3.9779862048));
#7306 = LINE('',#7307,#7308);
#7307 = CARTESIAN_POINT('',(-2.774549648938,13.5,3.9779862048));
#7308 = VECTOR('',#7309,1.);
#7309 = DIRECTION('',(-0.884674547388,-0.,-0.466209121751));
#7310 = ORIENTED_EDGE('',*,*,#7311,.T.);
#7311 = EDGE_CURVE('',#7304,#7312,#7314,.T.);
#7312 = VERTEX_POINT('',#7313);
#7313 = CARTESIAN_POINT('',(-2.444925395824,12.457707599847,3.9688822908
    ));
#7314 = B_SPLINE_CURVE_WITH_KNOTS('',3,(#7315,#7316,#7317,#7318,#7319,
    #7320),.UNSPECIFIED.,.F.,.F.,(4,2,4),(0.,0.163863393893,
    0.880122638825),.UNSPECIFIED.);
#7315 = CARTESIAN_POINT('',(-2.774549648938,13.5,3.9779862048));
#7316 = CARTESIAN_POINT('',(-2.735993514429,13.5,3.904822405008));
#7317 = CARTESIAN_POINT('',(-2.691593369637,13.471858167659,
    3.830648146484));
#7318 = CARTESIAN_POINT('',(-2.635698537959,13.085902533282,
    3.823982813808));
#7319 = CARTESIAN_POINT('',(-2.543649680685,12.771805066564,
    3.891223535757));
#7320 = CARTESIAN_POINT('',(-2.444925395824,12.457707599847,3.9688822908
    ));
#7321 = ORIENTED_EDGE('',*,*,#7322,.T.);
#7322 = EDGE_CURVE('',#7312,#7323,#7325,.T.);
#7323 = VERTEX_POINT('',#7324);
#7324 = CARTESIAN_POINT('',(-2.245085545814,12.3,4.087451312395));
#7325 = B_SPLINE_CURVE_WITH_KNOTS('',3,(#7326,#7327,#7328,#7329,#7330,
    #7331),.UNSPECIFIED.,.F.,.F.,(4,2,4),(0.,1.485245066783E-04,
    2.970490133567E-04),.UNSPECIFIED.);
#7326 = CARTESIAN_POINT('',(-2.444925395824,12.457707599847,3.9688822908
    ));
#7327 = CARTESIAN_POINT('',(-2.430292251497,12.411151338944,
    3.980393053046));
#7328 = CARTESIAN_POINT('',(-2.403581845751,12.371174231989,
    3.998437934776));
#7329 = CARTESIAN_POINT('',(-2.33292571321,12.315278020052,
    4.040563737376));
#7330 = CARTESIAN_POINT('',(-2.289443810843,12.3,4.064075226983));
#7331 = CARTESIAN_POINT('',(-2.245085545814,12.3,4.087451312395));
#7332 = ORIENTED_EDGE('',*,*,#7333,.F.);
#7333 = EDGE_CURVE('',#7334,#7323,#7336,.T.);
#7334 = VERTEX_POINT('',#7335);
#7335 = CARTESIAN_POINT('',(-2.10254155867,12.3,4.162569679091));
#7336 = LINE('',#7337,#7338);
#7337 = CARTESIAN_POINT('',(-1.952644915395,12.3,4.241562776181));
#7338 = VECTOR('',#7339,1.);
#7339 = DIRECTION('',(-0.884674547388,0.,-0.466209121751));
#7340 = ORIENTED_EDGE('',*,*,#7341,.T.);
#7341 = EDGE_CURVE('',#7334,#7342,#7344,.T.);
#7342 = VERTEX_POINT('',#7343);
#7343 = CARTESIAN_POINT('',(-1.89176646177,12.457707599847,
    4.260388067242));
#7344 = B_SPLINE_CURVE_WITH_KNOTS('',3,(#7345,#7346,#7347,#7348,#7349,
    #7350),.UNSPECIFIED.,.F.,.F.,(4,2,4),(0.,1.485325888256E-04,
    2.970651776512E-04),.UNSPECIFIED.);
#7345 = CARTESIAN_POINT('',(-2.10254155867,12.3,4.162569679091));
#7346 = CARTESIAN_POINT('',(-2.058184237387,12.3,4.185945267164));
#7347 = CARTESIAN_POINT('',(-2.014530282227,12.315127930815,
    4.208364334547));
#7348 = CARTESIAN_POINT('',(-1.939776766639,12.370890700691,
    4.242882235737));
#7349 = CARTESIAN_POINT('',(-1.909534016469,12.41115031351,
    4.254824270883));
#7350 = CARTESIAN_POINT('',(-1.89176646177,12.457707599847,
    4.260388067242));
#7351 = ORIENTED_EDGE('',*,*,#7352,.F.);
#7352 = EDGE_CURVE('',#7273,#7342,#7353,.T.);
#7353 = B_SPLINE_CURVE_WITH_KNOTS('',3,(#7354,#7355,#7356,#7357),
  .UNSPECIFIED.,.F.,.F.,(4,4),(0.321479640583,0.880122638825),
  .PIECEWISE_BEZIER_KNOTS.);
#7354 = CARTESIAN_POINT('',(-1.668922976377,13.1926440846,4.350000009328
    ));
#7355 = CARTESIAN_POINT('',(-1.712308211051,12.947665256349,
    4.319172995563));
#7356 = CARTESIAN_POINT('',(-1.798275730809,12.702686428098,
    4.289664092974));
#7357 = CARTESIAN_POINT('',(-1.89176646177,12.457707599847,
    4.260388067242));
#7358 = B_SPLINE_SURFACE_WITH_KNOTS('',3,3,(
    (#7359,#7360,#7361,#7362,#7363,#7364)
    ,(#7365,#7366,#7367,#7368,#7369,#7370)
    ,(#7371,#7372,#7373,#7374,#7375,#7376)
    ,(#7377,#7378,#7379,#7380,#7381,#7382)
    ,(#7383,#7384,#7385,#7386,#7387,#7388)
    ,(#7389,#7390,#7391,#7392,#7393,#7394)
    ,(#7395,#7396,#7397,#7398,#7399,#7400)
    ,(#7401,#7402,#7403,#7404,#7405,#7406)
    ,(#7407,#7408,#7409,#7410,#7411,#7412)
    ,(#7413,#7414,#7415,#7416,#7417,#7418)
    ,(#7419,#7420,#7421,#7422,#7423,#7424)
    ,(#7425,#7426,#7427,#7428,#7429,#7430
    )),.UNSPECIFIED.,.F.,.F.,.F.,(4,1,1,1,2,1,1,1,4),(4,2,4),(
    0.698529411765,0.736213235294,0.773897058824,0.811580882353,
    0.849264705882,0.886948529412,0.924632352941,0.962316176471,1.),(0.,
    0.163863393893,1.),.UNSPECIFIED.);
#7359 = CARTESIAN_POINT('',(-1.712940192072,13.5,4.537437150902));
#7360 = CARTESIAN_POINT('',(-1.674384057564,13.5,4.464273351109));
#7361 = CARTESIAN_POINT('',(-1.638298017066,13.471858167659,
    4.385717694621));
#7362 = CARTESIAN_POINT('',(-1.667951950892,13.033333333333,
    4.329049680057));
#7363 = CARTESIAN_POINT('',(-1.810298433144,12.666666666667,
    4.285306228119));
#7364 = CARTESIAN_POINT('',(-1.952644915395,12.3,4.241562776181));
#7365 = CARTESIAN_POINT('',(-1.747939158815,13.5,4.518993263717));
#7366 = CARTESIAN_POINT('',(-1.709857803615,13.5,4.446730401186));
#7367 = CARTESIAN_POINT('',(-1.673980335986,13.471858167659,4.3689330243
    ));
#7368 = CARTESIAN_POINT('',(-1.703548759077,13.033333333333,
    4.316164589111));
#7369 = CARTESIAN_POINT('',(-1.840028303171,12.666666666667,
    4.272575993833));
#7370 = CARTESIAN_POINT('',(-1.976507847266,12.3,4.228987398554));
#7371 = CARTESIAN_POINT('',(-1.823760647139,13.5,4.479036570506));
#7372 = CARTESIAN_POINT('',(-1.786628850555,13.5,4.408575582498));
#7373 = CARTESIAN_POINT('',(-1.7509838683,13.471858167659,4.33239207783)
  );
#7374 = CARTESIAN_POINT('',(-1.778312097267,13.033333333333,
    4.288513221782));
#7375 = CARTESIAN_POINT('',(-1.897307510995,12.666666666667,
    4.24826463034));
#7376 = CARTESIAN_POINT('',(-2.016302924723,12.3,4.208016038899));
#7377 = CARTESIAN_POINT('',(-1.957365973783,13.5,4.408628732754));
#7378 = CARTESIAN_POINT('',(-1.922241884692,13.5,4.341977553769));
#7379 = CARTESIAN_POINT('',(-1.887032677871,13.471858167659,
    4.269235750045));
#7380 = CARTESIAN_POINT('',(-1.908999279179,13.033333333333,
    4.244482045934));
#7381 = CARTESIAN_POINT('',(-1.989289938755,12.666666666667,
    4.212210807964));
#7382 = CARTESIAN_POINT('',(-2.06958059833,12.3,4.179939569993));
#7383 = CARTESIAN_POINT('',(-2.104780598841,13.5,4.330943618963));
#7384 = CARTESIAN_POINT('',(-2.071078964888,13.5,4.266991679001));
#7385 = CARTESIAN_POINT('',(-2.035646694541,13.471858167659,
    4.196968565572));
#7386 = CARTESIAN_POINT('',(-2.047855522148,13.033333333333,
    4.188905314089));
#7387 = CARTESIAN_POINT('',(-2.084163633974,12.666666666667,
    4.17101303785));
#7388 = CARTESIAN_POINT('',(-2.1204717458,12.3,4.153120761611));
#7389 = CARTESIAN_POINT('',(-2.199511193135,13.5,4.281022133939));
#7390 = CARTESIAN_POINT('',(-2.166010077731,13.5,4.217451137989));
#7391 = CARTESIAN_POINT('',(-2.129925680883,13.471858167659,
    4.148138691329));
#7392 = CARTESIAN_POINT('',(-2.133802749156,13.033333333333,
    4.146095539302));
#7393 = CARTESIAN_POINT('',(-2.144593617762,12.666666666667,
    4.140408926761));
#7394 = CARTESIAN_POINT('',(-2.155382832505,12.3,4.134723185779));
#7395 = CARTESIAN_POINT('',(-2.287978647874,13.5,4.234401221763));
#7396 = CARTESIAN_POINT('',(-2.254477896809,13.5,4.170830033813));
#7397 = CARTESIAN_POINT('',(-2.217701423601,13.471858167659,
    4.101882300157));
#7398 = CARTESIAN_POINT('',(-2.213824355329,13.033333333333,
    4.103925452183));
#7399 = CARTESIAN_POINT('',(-2.203033486722,12.666666666667,
    4.109612064724));
#7400 = CARTESIAN_POINT('',(-2.192244271979,12.3,4.115297805706));
#7401 = CARTESIAN_POINT('',(-2.382709242169,13.5,4.184479736739));
#7402 = CARTESIAN_POINT('',(-2.349007608216,13.5,4.120527796777));
#7403 = CARTESIAN_POINT('',(-2.311276269573,13.471858167659,
    4.051716255009));
#7404 = CARTESIAN_POINT('',(-2.2977233736,13.033333333333,4.057229013552
    ));
#7405 = CARTESIAN_POINT('',(-2.262439366142,12.666666666667,
    4.077064621713));
#7406 = CARTESIAN_POINT('',(-2.227155358685,12.3,4.096900229874));
#7407 = CARTESIAN_POINT('',(-2.530123867227,13.5,4.106794622948));
#7408 = CARTESIAN_POINT('',(-2.494999778137,13.5,4.040143443963));
#7409 = CARTESIAN_POINT('',(-2.454899730673,13.471858167659,
    3.969979033844));
#7410 = CARTESIAN_POINT('',(-2.422063051491,13.033333333333,
    3.974105768694));
#7411 = CARTESIAN_POINT('',(-2.350054778823,12.666666666667,
    4.022093595093));
#7412 = CARTESIAN_POINT('',(-2.278046506154,12.3,4.070081421493));
#7413 = CARTESIAN_POINT('',(-2.663729193871,13.5,4.036386785196));
#7414 = CARTESIAN_POINT('',(-2.626597397286,13.5,3.965925797188));
#7415 = CARTESIAN_POINT('',(-2.58390467956,13.471858167659,
    3.893456334678));
#7416 = CARTESIAN_POINT('',(-2.532260999167,13.033333333333,
    3.891194392571));
#7417 = CARTESIAN_POINT('',(-2.431792589464,12.666666666667,
    3.966599672579));
#7418 = CARTESIAN_POINT('',(-2.331324179761,12.3,4.042004952587));
#7419 = CARTESIAN_POINT('',(-2.739550682194,13.5,3.996430091985));
#7420 = CARTESIAN_POINT('',(-2.701469326994,13.5,3.924167229454));
#7421 = CARTESIAN_POINT('',(-2.657576771103,13.471858167659,
    3.85059367394));
#7422 = CARTESIAN_POINT('',(-2.597333817716,13.033333333333,
    3.845154375861));
#7423 = CARTESIAN_POINT('',(-2.484226537467,12.666666666667,
    3.933093984396));
#7424 = CARTESIAN_POINT('',(-2.371119257219,12.3,4.021033592931));
#7425 = CARTESIAN_POINT('',(-2.774549648938,13.5,3.9779862048));
#7426 = CARTESIAN_POINT('',(-2.735993514429,13.5,3.904822405008));
#7427 = CARTESIAN_POINT('',(-2.691593369637,13.471858167659,
    3.830648146484));
#7428 = CARTESIAN_POINT('',(-2.628085366079,13.033333333333,
    3.823074960223));
#7429 = CARTESIAN_POINT('',(-2.511533777584,12.666666666667,
    3.915766587764));
#7430 = CARTESIAN_POINT('',(-2.394982189089,12.3,4.008458215305));
#7431 = ADVANCED_FACE('',(#7432),#7493,.T.);
#7432 = FACE_BOUND('',#7433,.T.);
#7433 = EDGE_LOOP('',(#7434,#7435,#7444,#7451,#7452,#7476,#7487));
#7434 = ORIENTED_EDGE('',*,*,#7292,.T.);
#7435 = ORIENTED_EDGE('',*,*,#7436,.T.);
#7436 = EDGE_CURVE('',#7284,#7437,#7439,.T.);
#7437 = VERTEX_POINT('',#7438);
#7438 = CARTESIAN_POINT('',(-1.648482729828,13.3,4.35));
#7439 = B_SPLINE_CURVE_WITH_KNOTS('',3,(#7440,#7441,#7442,#7443),
  .UNSPECIFIED.,.F.,.F.,(4,4),(0.,1.4249526556E-05),
  .PIECEWISE_BEZIER_KNOTS.);
#7440 = CARTESIAN_POINT('',(-1.652745600663,13.3,4.363596945955));
#7441 = CARTESIAN_POINT('',(-1.651336772973,13.3,4.359060845722));
#7442 = CARTESIAN_POINT('',(-1.649915140149,13.3,4.354528708586));
#7443 = CARTESIAN_POINT('',(-1.648482729828,13.3,4.35));
#7444 = ORIENTED_EDGE('',*,*,#7445,.T.);
#7445 = EDGE_CURVE('',#7437,#7273,#7446,.T.);
#7446 = B_SPLINE_CURVE_WITH_KNOTS('',3,(#7447,#7448,#7449,#7450),
  .UNSPECIFIED.,.F.,.F.,(4,4),(1.748223473169E-18,1.092844739676E-04),
  .PIECEWISE_BEZIER_KNOTS.);
#7447 = CARTESIAN_POINT('',(-1.648482729828,13.3,4.35));
#7448 = CARTESIAN_POINT('',(-1.65441405568,13.264057962403,4.35));
#7449 = CARTESIAN_POINT('',(-1.661253294398,13.228255693391,4.35));
#7450 = CARTESIAN_POINT('',(-1.668922976377,13.1926440846,4.350000009328
    ));
#7451 = ORIENTED_EDGE('',*,*,#7352,.T.);
#7452 = ORIENTED_EDGE('',*,*,#7453,.T.);
#7453 = EDGE_CURVE('',#7342,#7454,#7456,.T.);
#7454 = VERTEX_POINT('',#7455);
#7455 = CARTESIAN_POINT('',(-1.65522070212,12.486918977439,
    3.778899337176));
#7456 = B_SPLINE_CURVE_WITH_KNOTS('',3,(#7457,#7458,#7459,#7460,#7461,
    #7462,#7463,#7464,#7465,#7466,#7467,#7468,#7469,#7470,#7471,#7472,
    #7473,#7474,#7475),.UNSPECIFIED.,.F.,.F.,(4,3,3,3,3,3,4),(
    -5.999999999763E-08,0.,1.024968859586E-04,2.486490632112E-04,
    3.947423284807E-04,5.371677781161E-04,5.372277781161E-04),
  .UNSPECIFIED.);
#7457 = CARTESIAN_POINT('',(-1.89176646177,12.457707599847,
    4.260388067242));
#7458 = CARTESIAN_POINT('',(-1.891757791719,12.457709138999,
    4.260370110037));
#7459 = CARTESIAN_POINT('',(-1.89174912168,12.457710678089,4.26035215282
    ));
#7460 = CARTESIAN_POINT('',(-1.891740451611,12.457712217116,
    4.260334195613));
#7461 = CARTESIAN_POINT('',(-1.876929532941,12.460341308905,
    4.229658231964));
#7462 = CARTESIAN_POINT('',(-1.862070195499,12.462787281563,
    4.198989426804));
#7463 = CARTESIAN_POINT('',(-1.84716296629,12.465060577198,
    4.168331690007));
#7464 = CARTESIAN_POINT('',(-1.825906683059,12.468302079371,
    4.124616689226));
#7465 = CARTESIAN_POINT('',(-1.804551148754,12.471184642968,
    4.080922556799));
#7466 = CARTESIAN_POINT('',(-1.783111909721,12.473814265062,
    4.03725583808));
#7467 = CARTESIAN_POINT('',(-1.761681166604,12.476442845092,
    3.993606423554));
#7468 = CARTESIAN_POINT('',(-1.740166198497,12.478824592851,
    3.949983021872));
#7469 = CARTESIAN_POINT('',(-1.718578600262,12.481015167511,
    3.906386754175));
#7470 = CARTESIAN_POINT('',(-1.697532910311,12.483150752703,
    3.863884873095));
#7471 = CARTESIAN_POINT('',(-1.676418377206,12.485101406496,
    3.821407540055));
#7472 = CARTESIAN_POINT('',(-1.655247458351,12.486916683331,
    3.77895299201));
#7473 = CARTESIAN_POINT('',(-1.655238539617,12.486917448058,
    3.778935107061));
#7474 = CARTESIAN_POINT('',(-1.655229620864,12.48691821276,
    3.778917222121));
#7475 = CARTESIAN_POINT('',(-1.65522070212,12.486918977439,
    3.778899337176));
#7476 = ORIENTED_EDGE('',*,*,#7477,.F.);
#7477 = EDGE_CURVE('',#7478,#7454,#7480,.T.);
#7478 = VERTEX_POINT('',#7479);
#7479 = CARTESIAN_POINT('',(-1.712940192072,14.,4.537437150902));
#7480 = B_SPLINE_CURVE_WITH_KNOTS('',3,(#7481,#7482,#7483,#7484,#7485,
    #7486),.UNSPECIFIED.,.F.,.F.,(4,2,4),(0.,0.163863393893,
    0.909417555034),.UNSPECIFIED.);
#7481 = CARTESIAN_POINT('',(-1.712940192072,14.,4.537437150902));
#7482 = CARTESIAN_POINT('',(-1.613838022786,14.,4.349381699671));
#7483 = CARTESIAN_POINT('',(-1.528958295653,13.965145364694,
    4.178235549723));
#7484 = CARTESIAN_POINT('',(-1.339664372051,13.497937799383,
    3.716324201363));
#7485 = CARTESIAN_POINT('',(-1.481361209546,12.998722181319,
    3.726545930639));
#7486 = CARTESIAN_POINT('',(-1.65522070212,12.486918977439,
    3.778899337176));
#7487 = ORIENTED_EDGE('',*,*,#7488,.F.);
#7488 = EDGE_CURVE('',#7293,#7478,#7489,.T.);
#7489 = LINE('',#7490,#7491);
#7490 = CARTESIAN_POINT('',(-1.712940192072,12.107022393701,
    4.537437150902));
#7491 = VECTOR('',#7492,1.);
#7492 = DIRECTION('',(0.,1.,0.));
#7493 = B_SPLINE_SURFACE_WITH_KNOTS('',3,3,(
    (#7494,#7495,#7496,#7497,#7498,#7499)
    ,(#7500,#7501,#7502,#7503,#7504,#7505)
    ,(#7506,#7507,#7508,#7509,#7510,#7511)
    ,(#7512,#7513,#7514,#7515,#7516,#7517)
    ,(#7518,#7519,#7520,#7521,#7522,#7523)
    ,(#7524,#7525,#7526,#7527,#7528,#7529)
    ,(#7530,#7531,#7532,#7533,#7534,#7535
    )),.UNSPECIFIED.,.F.,.F.,.F.,(4,1,1,1,4),(4,2,4),(0.5,0.549632352941
    ,0.599264705882,0.648897058824,0.698529411765),(0.,0.163863393893,1.
    ),.UNSPECIFIED.);
#7494 = CARTESIAN_POINT('',(-1.712940192072,14.,4.537437150902));
#7495 = CARTESIAN_POINT('',(-1.613838022786,14.,4.349381699671));
#7496 = CARTESIAN_POINT('',(-1.528958295653,13.965145364694,
    4.178235549723));
#7497 = CARTESIAN_POINT('',(-1.32080976965,13.451401636387,
    3.670315567528));
#7498 = CARTESIAN_POINT('',(-1.520175062085,12.875700818193,
    3.734770535007));
#7499 = CARTESIAN_POINT('',(-1.71954035452,12.3,3.799225502487));
#7500 = CARTESIAN_POINT('',(-1.712940192072,13.958333333333,
    4.537437150902));
#7501 = CARTESIAN_POINT('',(-1.619188295354,13.958333333333,
    4.359534332345));
#7502 = CARTESIAN_POINT('',(-1.538604567555,13.924038098275,
    4.196540234961));
#7503 = CARTESIAN_POINT('',(-1.351293415959,13.416562611132,
    3.728161080933));
#7504 = CARTESIAN_POINT('',(-1.545129575276,12.858281305566,
    3.782124011447));
#7505 = CARTESIAN_POINT('',(-1.738965734593,12.3,3.836086941961));
#7506 = CARTESIAN_POINT('',(-1.712940192072,13.875,4.537437150902));
#7507 = CARTESIAN_POINT('',(-1.629888840489,13.875,4.379839597694));
#7508 = CARTESIAN_POINT('',(-1.557897111359,13.841823565436,
    4.233149605438));
#7509 = CARTESIAN_POINT('',(-1.412260708578,13.346884560624,
    3.843852107742));
#7510 = CARTESIAN_POINT('',(-1.595038601658,12.823442280312,
    3.876830964326));
#7511 = CARTESIAN_POINT('',(-1.777816494738,12.3,3.90980982091));
#7512 = CARTESIAN_POINT('',(-1.712940192072,13.75,4.537437150902));
#7513 = CARTESIAN_POINT('',(-1.645395302125,13.75,4.409264530173));
#7514 = CARTESIAN_POINT('',(-1.585881014977,13.718501766177,
    4.286251627925));
#7515 = CARTESIAN_POINT('',(-1.500933992137,13.24236748486,
    4.012117792255));
#7516 = CARTESIAN_POINT('',(-1.668513313547,12.77118374243,
    4.016255965795));
#7517 = CARTESIAN_POINT('',(-1.836092634957,12.3,4.020394139334));
#7518 = CARTESIAN_POINT('',(-1.712940192072,13.625,4.537437150902));
#7519 = CARTESIAN_POINT('',(-1.660424371329,13.625,4.437783566751));
#7520 = CARTESIAN_POINT('',(-1.61302747445,13.595179966918,
    4.337764523377));
#7521 = CARTESIAN_POINT('',(-1.587171311952,13.137850409097,
    4.175761012252));
#7522 = CARTESIAN_POINT('',(-1.740770043564,12.718925204548,
    4.153369735005));
#7523 = CARTESIAN_POINT('',(-1.894368775176,12.3,4.130978457757));
#7524 = CARTESIAN_POINT('',(-1.712940192072,13.541666666667,
    4.537437150902));
#7525 = CARTESIAN_POINT('',(-1.669730828819,13.541666666667,
    4.45544342299));
#7526 = CARTESIAN_POINT('',(-1.62987450286,13.512965434079,
    4.369733304206));
#7527 = CARTESIAN_POINT('',(-1.641025071245,13.068172358588,
    4.277953457456));
#7528 = CARTESIAN_POINT('',(-1.787122303284,12.684086179294,
    4.241327397081));
#7529 = CARTESIAN_POINT('',(-1.933219535322,12.3,4.204701336706));
#7530 = CARTESIAN_POINT('',(-1.712940192072,13.5,4.537437150902));
#7531 = CARTESIAN_POINT('',(-1.674384057564,13.5,4.464273351109));
#7532 = CARTESIAN_POINT('',(-1.638298017066,13.471858167659,
    4.385717694621));
#7533 = CARTESIAN_POINT('',(-1.667951950892,13.033333333333,
    4.329049680057));
#7534 = CARTESIAN_POINT('',(-1.810298433144,12.666666666667,
    4.285306228119));
#7535 = CARTESIAN_POINT('',(-1.952644915395,12.3,4.241562776181));
#7536 = ADVANCED_FACE('',(#7537),#7573,.F.);
#7537 = FACE_BOUND('',#7538,.F.);
#7538 = EDGE_LOOP('',(#7539,#7550,#7558,#7567));
#7539 = ORIENTED_EDGE('',*,*,#7540,.T.);
#7540 = EDGE_CURVE('',#7541,#7543,#7545,.T.);
#7541 = VERTEX_POINT('',#7542);
#7542 = CARTESIAN_POINT('',(-1.783576901024,13.5,4.724547961248));
#7543 = VERTEX_POINT('',#7544);
#7544 = CARTESIAN_POINT('',(-1.307036177768,13.5,4.87792542276));
#7545 = CIRCLE('',#7546,5.05);
#7546 = AXIS2_PLACEMENT_3D('',#7547,#7548,#7549);
#7547 = CARTESIAN_POINT('',(0.,13.5,0.));
#7548 = DIRECTION('',(0.,1.,0.));
#7549 = DIRECTION('',(0.,0.,-1.));
#7550 = ORIENTED_EDGE('',*,*,#7551,.F.);
#7551 = EDGE_CURVE('',#7552,#7543,#7554,.T.);
#7552 = VERTEX_POINT('',#7553);
#7553 = CARTESIAN_POINT('',(-1.307036177768,14.,4.87792542276));
#7554 = LINE('',#7555,#7556);
#7555 = CARTESIAN_POINT('',(-1.307036177768,14.,4.87792542276));
#7556 = VECTOR('',#7557,1.);
#7557 = DIRECTION('',(-1.346938420708E-15,-1.,5.026842620748E-15));
#7558 = ORIENTED_EDGE('',*,*,#7559,.T.);
#7559 = EDGE_CURVE('',#7552,#7560,#7562,.T.);
#7560 = VERTEX_POINT('',#7561);
#7561 = CARTESIAN_POINT('',(-1.783576901024,14.,4.724547961248));
#7562 = CIRCLE('',#7563,5.05);
#7563 = AXIS2_PLACEMENT_3D('',#7564,#7565,#7566);
#7564 = CARTESIAN_POINT('',(0.,14.,0.));
#7565 = DIRECTION('',(0.,-1.,-0.));
#7566 = DIRECTION('',(0.,0.,-1.));
#7567 = ORIENTED_EDGE('',*,*,#7568,.F.);
#7568 = EDGE_CURVE('',#7541,#7560,#7569,.T.);
#7569 = LINE('',#7570,#7571);
#7570 = CARTESIAN_POINT('',(-1.783576901024,12.107022393701,
    4.724547961248));
#7571 = VECTOR('',#7572,1.);
#7572 = DIRECTION('',(0.,1.,0.));
#7573 = CYLINDRICAL_SURFACE('',#7574,5.05);
#7574 = AXIS2_PLACEMENT_3D('',#7575,#7576,#7577);
#7575 = CARTESIAN_POINT('',(0.,0.,0.));
#7576 = DIRECTION('',(-0.,-1.,-0.));
#7577 = DIRECTION('',(0.,0.,-1.));
#7578 = ADVANCED_FACE('',(#7579),#7606,.F.);
#7579 = FACE_BOUND('',#7580,.T.);
#7580 = EDGE_LOOP('',(#7581,#7590,#7591,#7600));
#7581 = ORIENTED_EDGE('',*,*,#7582,.T.);
#7582 = EDGE_CURVE('',#7583,#7224,#7585,.T.);
#7583 = VERTEX_POINT('',#7584);
#7584 = CARTESIAN_POINT('',(-3.074245216494,14.,-4.006434368471));
#7585 = CIRCLE('',#7586,5.05);
#7586 = AXIS2_PLACEMENT_3D('',#7587,#7588,#7589);
#7587 = CARTESIAN_POINT('',(0.,14.,0.));
#7588 = DIRECTION('',(0.,-1.,-0.));
#7589 = DIRECTION('',(0.,0.,-1.));
#7590 = ORIENTED_EDGE('',*,*,#7258,.F.);
#7591 = ORIENTED_EDGE('',*,*,#7592,.F.);
#7592 = EDGE_CURVE('',#7593,#7251,#7595,.T.);
#7593 = VERTEX_POINT('',#7594);
#7594 = CARTESIAN_POINT('',(-4.322206145962,14.,-5.632808716068));
#7595 = CIRCLE('',#7596,7.1);
#7596 = AXIS2_PLACEMENT_3D('',#7597,#7598,#7599);
#7597 = CARTESIAN_POINT('',(0.,14.,0.));
#7598 = DIRECTION('',(0.,-1.,-0.));
#7599 = DIRECTION('',(0.,0.,-1.));
#7600 = ORIENTED_EDGE('',*,*,#7601,.F.);
#7601 = EDGE_CURVE('',#7583,#7593,#7602,.T.);
#7602 = LINE('',#7603,#7604);
#7603 = CARTESIAN_POINT('',(-4.322206145962,14.,-5.632808716068));
#7604 = VECTOR('',#7605,1.);
#7605 = DIRECTION('',(-0.608761429009,6.308085367188E-16,-0.793353340291
    ));
#7606 = PLANE('',#7607);
#7607 = AXIS2_PLACEMENT_3D('',#7608,#7609,#7610);
#7608 = CARTESIAN_POINT('',(-4.85,14.,0.));
#7609 = DIRECTION('',(0.,-1.,-0.));
#7610 = DIRECTION('',(0.,0.,-1.));
#7611 = ADVANCED_FACE('',(#7612),#7631,.T.);
#7612 = FACE_BOUND('',#7613,.T.);
#7613 = EDGE_LOOP('',(#7614,#7615,#7624,#7630));
#7614 = ORIENTED_EDGE('',*,*,#7250,.F.);
#7615 = ORIENTED_EDGE('',*,*,#7616,.F.);
#7616 = EDGE_CURVE('',#7617,#7243,#7619,.T.);
#7617 = VERTEX_POINT('',#7618);
#7618 = CARTESIAN_POINT('',(-4.322206145962,13.5,-5.632808716068));
#7619 = CIRCLE('',#7620,7.1);
#7620 = AXIS2_PLACEMENT_3D('',#7621,#7622,#7623);
#7621 = CARTESIAN_POINT('',(0.,13.5,0.));
#7622 = DIRECTION('',(0.,-1.,-0.));
#7623 = DIRECTION('',(0.,0.,-1.));
#7624 = ORIENTED_EDGE('',*,*,#7625,.F.);
#7625 = EDGE_CURVE('',#7593,#7617,#7626,.T.);
#7626 = LINE('',#7627,#7628);
#7627 = CARTESIAN_POINT('',(-4.322206145962,14.,-5.632808716068));
#7628 = VECTOR('',#7629,1.);
#7629 = DIRECTION('',(1.07111283415E-15,-1.,7.242454586366E-16));
#7630 = ORIENTED_EDGE('',*,*,#7592,.T.);
#7631 = CYLINDRICAL_SURFACE('',#7632,7.1);
#7632 = AXIS2_PLACEMENT_3D('',#7633,#7634,#7635);
#7633 = CARTESIAN_POINT('',(0.,0.,0.));
#7634 = DIRECTION('',(-0.,-1.,-0.));
#7635 = DIRECTION('',(0.,0.,-1.));
#7636 = ADVANCED_FACE('',(#7637),#7656,.T.);
#7637 = FACE_BOUND('',#7638,.T.);
#7638 = EDGE_LOOP('',(#7639,#7640,#7649,#7655));
#7639 = ORIENTED_EDGE('',*,*,#7242,.F.);
#7640 = ORIENTED_EDGE('',*,*,#7641,.T.);
#7641 = EDGE_CURVE('',#7234,#7642,#7644,.T.);
#7642 = VERTEX_POINT('',#7643);
#7643 = CARTESIAN_POINT('',(-3.074245216494,13.5,-4.006434368471));
#7644 = CIRCLE('',#7645,5.05);
#7645 = AXIS2_PLACEMENT_3D('',#7646,#7647,#7648);
#7646 = CARTESIAN_POINT('',(0.,13.5,0.));
#7647 = DIRECTION('',(0.,1.,0.));
#7648 = DIRECTION('',(-3.552713678801E-15,0.,-1.));
#7649 = ORIENTED_EDGE('',*,*,#7650,.T.);
#7650 = EDGE_CURVE('',#7642,#7617,#7651,.T.);
#7651 = LINE('',#7652,#7653);
#7652 = CARTESIAN_POINT('',(-1.797363815626,13.5,-2.342370128751));
#7653 = VECTOR('',#7654,1.);
#7654 = DIRECTION('',(-0.608761429009,0.,-0.793353340291));
#7655 = ORIENTED_EDGE('',*,*,#7616,.T.);
#7656 = PLANE('',#7657);
#7657 = AXIS2_PLACEMENT_3D('',#7658,#7659,#7660);
#7658 = CARTESIAN_POINT('',(-4.85,13.5,0.));
#7659 = DIRECTION('',(0.,-1.,-0.));
#7660 = DIRECTION('',(0.,0.,-1.));
#7661 = ADVANCED_FACE('',(#7662),#7682,.F.);
#7662 = FACE_BOUND('',#7663,.F.);
#7663 = EDGE_LOOP('',(#7664,#7673,#7674,#7675));
#7664 = ORIENTED_EDGE('',*,*,#7665,.T.);
#7665 = EDGE_CURVE('',#7666,#6850,#7668,.T.);
#7666 = VERTEX_POINT('',#7667);
#7667 = CARTESIAN_POINT('',(-2.952492930692,13.3,-3.847763700412));
#7668 = CIRCLE('',#7669,4.85);
#7669 = AXIS2_PLACEMENT_3D('',#7670,#7671,#7672);
#7670 = CARTESIAN_POINT('',(0.,13.3,0.));
#7671 = DIRECTION('',(0.,-1.,-0.));
#7672 = DIRECTION('',(0.,0.,-1.));
#7673 = ORIENTED_EDGE('',*,*,#7233,.F.);
#7674 = ORIENTED_EDGE('',*,*,#7641,.T.);
#7675 = ORIENTED_EDGE('',*,*,#7676,.T.);
#7676 = EDGE_CURVE('',#7642,#7666,#7677,.T.);
#7677 = CIRCLE('',#7678,0.2);
#7678 = AXIS2_PLACEMENT_3D('',#7679,#7680,#7681);
#7679 = CARTESIAN_POINT('',(-3.074245216494,13.3,-4.006434368471));
#7680 = DIRECTION('',(0.793353340291,4.088782444489E-16,-0.608761429009)
  );
#7681 = DIRECTION('',(0.608761429009,-9.860761315263E-32,0.793353340291)
  );
#7682 = TOROIDAL_SURFACE('',#7683,5.05,0.2);
#7683 = AXIS2_PLACEMENT_3D('',#7684,#7685,#7686);
#7684 = CARTESIAN_POINT('',(0.,13.3,0.));
#7685 = DIRECTION('',(-0.,-1.,-0.));
#7686 = DIRECTION('',(0.,0.,-1.));
#7687 = ADVANCED_FACE('',(#7688),#7708,.T.);
#7688 = FACE_BOUND('',#7689,.T.);
#7689 = EDGE_LOOP('',(#7690,#7691,#7700,#7707));
#7690 = ORIENTED_EDGE('',*,*,#7582,.F.);
#7691 = ORIENTED_EDGE('',*,*,#7692,.T.);
#7692 = EDGE_CURVE('',#7583,#7693,#7695,.T.);
#7693 = VERTEX_POINT('',#7694);
#7694 = CARTESIAN_POINT('',(-2.648112216188,13.3,-3.451087030267));
#7695 = CIRCLE('',#7696,0.7);
#7696 = AXIS2_PLACEMENT_3D('',#7697,#7698,#7699);
#7697 = CARTESIAN_POINT('',(-3.074245216494,13.3,-4.006434368471));
#7698 = DIRECTION('',(0.793353340291,4.088782444489E-16,-0.608761429009)
  );
#7699 = DIRECTION('',(0.608761429009,-4.930380657631E-32,0.793353340291)
  );
#7700 = ORIENTED_EDGE('',*,*,#7701,.F.);
#7701 = EDGE_CURVE('',#6899,#7693,#7702,.T.);
#7702 = CIRCLE('',#7703,4.35);
#7703 = AXIS2_PLACEMENT_3D('',#7704,#7705,#7706);
#7704 = CARTESIAN_POINT('',(0.,13.3,0.));
#7705 = DIRECTION('',(0.,1.,0.));
#7706 = DIRECTION('',(-3.552713678801E-15,0.,-1.));
#7707 = ORIENTED_EDGE('',*,*,#7223,.F.);
#7708 = TOROIDAL_SURFACE('',#7709,5.05,0.7);
#7709 = AXIS2_PLACEMENT_3D('',#7710,#7711,#7712);
#7710 = CARTESIAN_POINT('',(0.,13.3,0.));
#7711 = DIRECTION('',(-0.,-1.,-0.));
#7712 = DIRECTION('',(0.,0.,-1.));
#7713 = ADVANCED_FACE('',(#7714),#7750,.T.);
#7714 = FACE_BOUND('',#7715,.T.);
#7715 = EDGE_LOOP('',(#7716,#7727,#7735,#7744));
#7716 = ORIENTED_EDGE('',*,*,#7717,.F.);
#7717 = EDGE_CURVE('',#7718,#7720,#7722,.T.);
#7718 = VERTEX_POINT('',#7719);
#7719 = CARTESIAN_POINT('',(-4.160862792009,5.4,-2.491931143927));
#7720 = VERTEX_POINT('',#7721);
#7721 = CARTESIAN_POINT('',(-3.948177110083,5.4,-2.816806260185));
#7722 = CIRCLE('',#7723,4.85);
#7723 = AXIS2_PLACEMENT_3D('',#7724,#7725,#7726);
#7724 = CARTESIAN_POINT('',(0.,5.4,0.));
#7725 = DIRECTION('',(0.,-1.,-0.));
#7726 = DIRECTION('',(0.,0.,-1.));
#7727 = ORIENTED_EDGE('',*,*,#7728,.T.);
#7728 = EDGE_CURVE('',#7718,#7729,#7731,.T.);
#7729 = VERTEX_POINT('',#7730);
#7730 = CARTESIAN_POINT('',(-3.704999822843,5.4,-2.279358750336));
#7731 = LINE('',#7732,#7733);
#7732 = CARTESIAN_POINT('',(-3.731129742739,5.4,-2.29154333209));
#7733 = VECTOR('',#7734,1.);
#7734 = DIRECTION('',(0.906307787037,-0.,0.422618261741));
#7735 = ORIENTED_EDGE('',*,*,#7736,.T.);
#7736 = EDGE_CURVE('',#7729,#7737,#7739,.T.);
#7737 = VERTEX_POINT('',#7738);
#7738 = CARTESIAN_POINT('',(-3.541148542033,5.4,-2.526413862227));
#7739 = CIRCLE('',#7740,4.35);
#7740 = AXIS2_PLACEMENT_3D('',#7741,#7742,#7743);
#7741 = CARTESIAN_POINT('',(0.,5.4,0.));
#7742 = DIRECTION('',(0.,-1.,-0.));
#7743 = DIRECTION('',(0.,0.,-1.));
#7744 = ORIENTED_EDGE('',*,*,#7745,.F.);
#7745 = EDGE_CURVE('',#7720,#7737,#7746,.T.);
#7746 = LINE('',#7747,#7748);
#7747 = CARTESIAN_POINT('',(-3.541148542033,5.4,-2.526413862227));
#7748 = VECTOR('',#7749,1.);
#7749 = DIRECTION('',(0.8140571361,-0.,0.580784795914));
#7750 = PLANE('',#7751);
#7751 = AXIS2_PLACEMENT_3D('',#7752,#7753,#7754);
#7752 = CARTESIAN_POINT('',(-4.395592767128,5.4,-2.049698569442));
#7753 = DIRECTION('',(0.,1.,0.));
#7754 = DIRECTION('',(0.,-0.,1.));
#7755 = ADVANCED_FACE('',(#7756,#7847),#7943,.T.);
#7756 = FACE_BOUND('',#7757,.T.);
#7757 = EDGE_LOOP('',(#7758,#7768,#7779,#7788,#7799,#7805,#7806,#7807,
    #7815,#7824,#7832,#7840));
#7758 = ORIENTED_EDGE('',*,*,#7759,.F.);
#7759 = EDGE_CURVE('',#7760,#7762,#7764,.T.);
#7760 = VERTEX_POINT('',#7761);
#7761 = CARTESIAN_POINT('',(-3.847763700412,13.05,-2.952492930692));
#7762 = VERTEX_POINT('',#7763);
#7763 = CARTESIAN_POINT('',(-3.847763700412,13.3,-2.952492930692));
#7764 = LINE('',#7765,#7766);
#7765 = CARTESIAN_POINT('',(-3.847763700412,1.595904051289E-30,
    -2.952492930692));
#7766 = VECTOR('',#7767,1.);
#7767 = DIRECTION('',(0.,1.,0.));
#7768 = ORIENTED_EDGE('',*,*,#7769,.T.);
#7769 = EDGE_CURVE('',#7760,#7770,#7772,.T.);
#7770 = VERTEX_POINT('',#7771);
#7771 = CARTESIAN_POINT('',(-3.488123682046,12.5,-3.369791266348));
#7772 = B_SPLINE_CURVE_WITH_KNOTS('',3,(#7773,#7774,#7775,#7776,#7777,
    #7778),.UNSPECIFIED.,.F.,.F.,(4,2,4),(1.734723475977E-18,
    4.301542696715E-04,8.60308539343E-04),.UNSPECIFIED.);
#7773 = CARTESIAN_POINT('',(-3.847763700412,13.05,-2.952492930692));
#7774 = CARTESIAN_POINT('',(-3.847763700412,12.904551269603,
    -2.952492930692));
#7775 = CARTESIAN_POINT('',(-3.811944444822,12.762307821781,
    -3.000318452523));
#7776 = CARTESIAN_POINT('',(-3.68289558456,12.559388549942,
    -3.157389963274));
#7777 = CARTESIAN_POINT('',(-3.589179622439,12.5,-3.265186680771));
#7778 = CARTESIAN_POINT('',(-3.488123682046,12.5,-3.369791266348));
#7779 = ORIENTED_EDGE('',*,*,#7780,.T.);
#7780 = EDGE_CURVE('',#7770,#7781,#7783,.T.);
#7781 = VERTEX_POINT('',#7782);
#7782 = CARTESIAN_POINT('',(-3.369791266348,12.5,-3.488123682046));
#7783 = CIRCLE('',#7784,4.85);
#7784 = AXIS2_PLACEMENT_3D('',#7785,#7786,#7787);
#7785 = CARTESIAN_POINT('',(0.,12.5,0.));
#7786 = DIRECTION('',(0.,-1.,0.));
#7787 = DIRECTION('',(0.,0.,1.));
#7788 = ORIENTED_EDGE('',*,*,#7789,.T.);
#7789 = EDGE_CURVE('',#7781,#7790,#7792,.T.);
#7790 = VERTEX_POINT('',#7791);
#7791 = CARTESIAN_POINT('',(-2.952492930692,13.05,-3.847763700412));
#7792 = B_SPLINE_CURVE_WITH_KNOTS('',3,(#7793,#7794,#7795,#7796,#7797,
    #7798),.UNSPECIFIED.,.F.,.F.,(4,2,4),(0.,4.301612488575E-04,
    8.60322497715E-04),.UNSPECIFIED.);
#7793 = CARTESIAN_POINT('',(-3.369791266348,12.5,-3.488123682046));
#7794 = CARTESIAN_POINT('',(-3.265191872283,12.5,-3.589174607045));
#7795 = CARTESIAN_POINT('',(-3.157667024495,12.559174354493,
    -3.682660218946));
#7796 = CARTESIAN_POINT('',(-3.000481062542,12.761954411543,
    -3.811818558001));
#7797 = CARTESIAN_POINT('',(-2.952492930692,12.904552842529,
    -3.847763700412));
#7798 = CARTESIAN_POINT('',(-2.952492930692,13.05,-3.847763700412));
#7799 = ORIENTED_EDGE('',*,*,#7800,.T.);
#7800 = EDGE_CURVE('',#7790,#7666,#7801,.T.);
#7801 = LINE('',#7802,#7803);
#7802 = CARTESIAN_POINT('',(-2.952492930692,1.595904051289E-30,
    -3.847763700412));
#7803 = VECTOR('',#7804,1.);
#7804 = DIRECTION('',(0.,1.,0.));
#7805 = ORIENTED_EDGE('',*,*,#7665,.T.);
#7806 = ORIENTED_EDGE('',*,*,#6849,.T.);
#7807 = ORIENTED_EDGE('',*,*,#7808,.T.);
#7808 = EDGE_CURVE('',#6842,#7809,#7811,.T.);
#7809 = VERTEX_POINT('',#7810);
#7810 = CARTESIAN_POINT('',(-1.693368449339E-14,0.7,-4.85));
#7811 = LINE('',#7812,#7813);
#7812 = CARTESIAN_POINT('',(-1.693368449339E-14,13.3,-4.85));
#7813 = VECTOR('',#7814,1.);
#7814 = DIRECTION('',(-0.,-1.,0.));
#7815 = ORIENTED_EDGE('',*,*,#7816,.T.);
#7816 = EDGE_CURVE('',#7809,#7817,#7819,.T.);
#7817 = VERTEX_POINT('',#7818);
#7818 = CARTESIAN_POINT('',(-4.85,0.7,0.));
#7819 = CIRCLE('',#7820,4.85);
#7820 = AXIS2_PLACEMENT_3D('',#7821,#7822,#7823);
#7821 = CARTESIAN_POINT('',(0.,0.7,0.));
#7822 = DIRECTION('',(0.,1.,0.));
#7823 = DIRECTION('',(0.,0.,-1.));
#7824 = ORIENTED_EDGE('',*,*,#7825,.F.);
#7825 = EDGE_CURVE('',#7826,#7817,#7828,.T.);
#7826 = VERTEX_POINT('',#7827);
#7827 = CARTESIAN_POINT('',(-4.85,2.7,0.));
#7828 = LINE('',#7829,#7830);
#7829 = CARTESIAN_POINT('',(-4.85,0.7,0.));
#7830 = VECTOR('',#7831,1.);
#7831 = DIRECTION('',(-0.,-1.,-0.));
#7832 = ORIENTED_EDGE('',*,*,#7833,.F.);
#7833 = EDGE_CURVE('',#7834,#7826,#7836,.T.);
#7834 = VERTEX_POINT('',#7835);
#7835 = CARTESIAN_POINT('',(-4.85,13.3,0.));
#7836 = LINE('',#7837,#7838);
#7837 = CARTESIAN_POINT('',(-4.85,13.3,0.));
#7838 = VECTOR('',#7839,1.);
#7839 = DIRECTION('',(0.,-1.,0.));
#7840 = ORIENTED_EDGE('',*,*,#7841,.T.);
#7841 = EDGE_CURVE('',#7834,#7762,#7842,.T.);
#7842 = CIRCLE('',#7843,4.85);
#7843 = AXIS2_PLACEMENT_3D('',#7844,#7845,#7846);
#7844 = CARTESIAN_POINT('',(0.,13.3,0.));
#7845 = DIRECTION('',(0.,-1.,-0.));
#7846 = DIRECTION('',(0.,0.,-1.));
#7847 = FACE_BOUND('',#7848,.T.);
#7848 = EDGE_LOOP('',(#7849,#7860,#7875,#7883,#7892,#7893,#7902,#7911,
    #7922,#7930));
#7849 = ORIENTED_EDGE('',*,*,#7850,.F.);
#7850 = EDGE_CURVE('',#7851,#7853,#7855,.T.);
#7851 = VERTEX_POINT('',#7852);
#7852 = CARTESIAN_POINT('',(-3.75178150568,10.4,-3.073537950578));
#7853 = VERTEX_POINT('',#7854);
#7854 = CARTESIAN_POINT('',(-3.073537950578,10.4,-3.75178150568));
#7855 = CIRCLE('',#7856,4.85);
#7856 = AXIS2_PLACEMENT_3D('',#7857,#7858,#7859);
#7857 = CARTESIAN_POINT('',(0.,10.4,0.));
#7858 = DIRECTION('',(0.,-1.,-0.));
#7859 = DIRECTION('',(0.,0.,-1.));
#7860 = ORIENTED_EDGE('',*,*,#7861,.T.);
#7861 = EDGE_CURVE('',#7851,#7862,#7864,.T.);
#7862 = VERTEX_POINT('',#7863);
#7863 = CARTESIAN_POINT('',(-4.395592767128,9.2,-2.049698569442));
#7864 = B_SPLINE_CURVE_WITH_KNOTS('',3,(#7865,#7866,#7867,#7868,#7869,
    #7870,#7871,#7872,#7873,#7874),.UNSPECIFIED.,.F.,.F.,(4,2,2,2,4),(0.
    ,4.716699588412E-04,9.433399176824E-04,1.415009876524E-03,
    1.886679835365E-03),.UNSPECIFIED.);
#7865 = CARTESIAN_POINT('',(-3.75178150568,10.4,-3.073537950578));
#7866 = CARTESIAN_POINT('',(-3.852809288559,10.4,-2.950216171748));
#7867 = CARTESIAN_POINT('',(-3.945884795352,10.370222506103,
    -2.823828182676));
#7868 = CARTESIAN_POINT('',(-4.109311386095,10.251982100046,
    -2.580227190689));
#7869 = CARTESIAN_POINT('',(-4.17864894595,10.163532083945,
    -2.464538403049));
#7870 = CARTESIAN_POINT('',(-4.288012400504,9.942340578943,
    -2.268921815909));
#7871 = CARTESIAN_POINT('',(-4.328829022177,9.808049670759,
    -2.188017713993));
#7872 = CARTESIAN_POINT('',(-4.382216631787,9.517889748162,
    -2.079028526036));
#7873 = CARTESIAN_POINT('',(-4.395592767128,9.359464572465,
    -2.049698569442));
#7874 = CARTESIAN_POINT('',(-4.395592767128,9.2,-2.049698569442));
#7875 = ORIENTED_EDGE('',*,*,#7876,.T.);
#7876 = EDGE_CURVE('',#7862,#7877,#7879,.T.);
#7877 = VERTEX_POINT('',#7878);
#7878 = CARTESIAN_POINT('',(-4.395592767128,5.9,-2.049698569442));
#7879 = LINE('',#7880,#7881);
#7880 = CARTESIAN_POINT('',(-4.395592767128,5.4,-2.049698569442));
#7881 = VECTOR('',#7882,1.);
#7882 = DIRECTION('',(0.,-1.,-0.));
#7883 = ORIENTED_EDGE('',*,*,#7884,.T.);
#7884 = EDGE_CURVE('',#7877,#7718,#7885,.T.);
#7885 = B_SPLINE_CURVE_WITH_KNOTS('',3,(#7886,#7887,#7888,#7889,#7890,
    #7891),.UNSPECIFIED.,.F.,.F.,(4,2,4),(0.,3.909604450465E-04,
    7.819208900931E-04),.UNSPECIFIED.);
#7886 = CARTESIAN_POINT('',(-4.395592767128,5.9,-2.049698569442));
#7887 = CARTESIAN_POINT('',(-4.395592767128,5.767803865183,
    -2.049698569442));
#7888 = CARTESIAN_POINT('',(-4.373172041931,5.638523151084,
    -2.099142014922));
#7889 = CARTESIAN_POINT('',(-4.290078443227,5.454049252789,
    -2.264124081869));
#7890 = CARTESIAN_POINT('',(-4.228783990071,5.4,-2.378520792885));
#7891 = CARTESIAN_POINT('',(-4.160862792009,5.4,-2.491931143927));
#7892 = ORIENTED_EDGE('',*,*,#7717,.T.);
#7893 = ORIENTED_EDGE('',*,*,#7894,.F.);
#7894 = EDGE_CURVE('',#7895,#7720,#7897,.T.);
#7895 = VERTEX_POINT('',#7896);
#7896 = CARTESIAN_POINT('',(-2.816806260185,5.4,-3.948177110083));
#7897 = CIRCLE('',#7898,4.85);
#7898 = AXIS2_PLACEMENT_3D('',#7899,#7900,#7901);
#7899 = CARTESIAN_POINT('',(0.,5.4,0.));
#7900 = DIRECTION('',(0.,1.,0.));
#7901 = DIRECTION('',(0.,-0.,1.));
#7902 = ORIENTED_EDGE('',*,*,#7903,.T.);
#7903 = EDGE_CURVE('',#7895,#7904,#7906,.T.);
#7904 = VERTEX_POINT('',#7905);
#7905 = CARTESIAN_POINT('',(-2.491931143927,5.4,-4.160862792009));
#7906 = CIRCLE('',#7907,4.85);
#7907 = AXIS2_PLACEMENT_3D('',#7908,#7909,#7910);
#7908 = CARTESIAN_POINT('',(0.,5.4,0.));
#7909 = DIRECTION('',(0.,-1.,-0.));
#7910 = DIRECTION('',(0.,0.,-1.));
#7911 = ORIENTED_EDGE('',*,*,#7912,.T.);
#7912 = EDGE_CURVE('',#7904,#7913,#7915,.T.);
#7913 = VERTEX_POINT('',#7914);
#7914 = CARTESIAN_POINT('',(-2.049698569442,5.9,-4.395592767128));
#7915 = B_SPLINE_CURVE_WITH_KNOTS('',3,(#7916,#7917,#7918,#7919,#7920,
    #7921),.UNSPECIFIED.,.F.,.F.,(4,2,4),(0.,3.909656641979E-04,
    7.819313283957E-04),.UNSPECIFIED.);
#7916 = CARTESIAN_POINT('',(-2.491931143927,5.4,-4.160862792009));
#7917 = CARTESIAN_POINT('',(-2.37852546549,5.4,-4.228781191659));
#7918 = CARTESIAN_POINT('',(-2.264415204518,5.453855878494,
    -4.289926312389));
#7919 = CARTESIAN_POINT('',(-2.099311153615,5.638202254386,
    -4.373092345754));
#7920 = CARTESIAN_POINT('',(-2.049698569442,5.767805057778,
    -4.395592767128));
#7921 = CARTESIAN_POINT('',(-2.049698569442,5.9,-4.395592767128));
#7922 = ORIENTED_EDGE('',*,*,#7923,.F.);
#7923 = EDGE_CURVE('',#7924,#7913,#7926,.T.);
#7924 = VERTEX_POINT('',#7925);
#7925 = CARTESIAN_POINT('',(-2.049698569442,9.2,-4.395592767128));
#7926 = LINE('',#7927,#7928);
#7927 = CARTESIAN_POINT('',(-2.049698569442,5.4,-4.395592767128));
#7928 = VECTOR('',#7929,1.);
#7929 = DIRECTION('',(0.,-1.,-0.));
#7930 = ORIENTED_EDGE('',*,*,#7931,.T.);
#7931 = EDGE_CURVE('',#7924,#7853,#7932,.T.);
#7932 = B_SPLINE_CURVE_WITH_KNOTS('',3,(#7933,#7934,#7935,#7936,#7937,
    #7938,#7939,#7940,#7941,#7942),.UNSPECIFIED.,.F.,.F.,(4,2,2,2,4),(0.
    ,4.716300698379E-04,9.432601396758E-04,1.414890209514E-03,
    1.886520279352E-03),.UNSPECIFIED.);
#7933 = CARTESIAN_POINT('',(-2.049698569442,9.2,-4.395592767128));
#7934 = CARTESIAN_POINT('',(-2.049698569442,9.359471096002,
    -4.395592767128));
#7935 = CARTESIAN_POINT('',(-2.078455838038,9.516003639331,
    -4.382491364094));
#7936 = CARTESIAN_POINT('',(-2.187848546244,9.807958310258,
    -4.328917643676));
#7937 = CARTESIAN_POINT('',(-2.268434954218,9.941625499318,
    -4.288267016952));
#7938 = CARTESIAN_POINT('',(-2.463868487909,10.162938178866,
    -4.179040945538));
#7939 = CARTESIAN_POINT('',(-2.580117863828,10.251784011791,
    -4.109348090229));
#7940 = CARTESIAN_POINT('',(-2.822261803814,10.369606230983,
    -3.946972032919));
#7941 = CARTESIAN_POINT('',(-2.950189995506,10.4,-3.852830732684));
#7942 = CARTESIAN_POINT('',(-3.073537950578,10.4,-3.75178150568));
#7943 = CYLINDRICAL_SURFACE('',#7944,4.85);
#7944 = AXIS2_PLACEMENT_3D('',#7945,#7946,#7947);
#7945 = CARTESIAN_POINT('',(0.,0.,0.));
#7946 = DIRECTION('',(-0.,-1.,-0.));
#7947 = DIRECTION('',(0.,0.,-1.));
#7948 = ADVANCED_FACE('',(#7949,#8040),#8148,.F.);
#7949 = FACE_BOUND('',#7950,.F.);
#7950 = EDGE_LOOP('',(#7951,#7964,#7970,#7971,#7972,#7980,#7989,#7997,
    #8005,#8014,#8022,#8033));
#7951 = ORIENTED_EDGE('',*,*,#7952,.F.);
#7952 = EDGE_CURVE('',#7953,#7955,#7957,.T.);
#7953 = VERTEX_POINT('',#7954);
#7954 = CARTESIAN_POINT('',(-2.648112216188,13.05,-3.451087030267));
#7955 = VERTEX_POINT('',#7956);
#7956 = CARTESIAN_POINT('',(-3.063204571374,12.5,-3.088572122181));
#7957 = B_SPLINE_CURVE_WITH_KNOTS('',3,(#7958,#7959,#7960,#7961,#7962,
    #7963),.UNSPECIFIED.,.F.,.F.,(4,2,4),(0.,4.30291594234E-04,
    8.60583188468E-04),.UNSPECIFIED.);
#7958 = CARTESIAN_POINT('',(-2.648112216188,13.05,-3.451087030267));
#7959 = CARTESIAN_POINT('',(-2.648112216188,12.904504948575,
    -3.451087030267));
#7960 = CARTESIAN_POINT('',(-2.696023645578,12.762212829986,
    -3.415303827454));
#7961 = CARTESIAN_POINT('',(-2.852691905731,12.559296419505,
    -3.285573408451));
#7962 = CARTESIAN_POINT('',(-2.959903440711,12.5,-3.191024803601));
#7963 = CARTESIAN_POINT('',(-3.063204571374,12.5,-3.088572122181));
#7964 = ORIENTED_EDGE('',*,*,#7965,.T.);
#7965 = EDGE_CURVE('',#7953,#7693,#7966,.T.);
#7966 = LINE('',#7967,#7968);
#7967 = CARTESIAN_POINT('',(-2.648112216188,14.,-3.451087030267));
#7968 = VECTOR('',#7969,1.);
#7969 = DIRECTION('',(0.,1.,0.));
#7970 = ORIENTED_EDGE('',*,*,#7701,.F.);
#7971 = ORIENTED_EDGE('',*,*,#6928,.T.);
#7972 = ORIENTED_EDGE('',*,*,#7973,.F.);
#7973 = EDGE_CURVE('',#7974,#6929,#7976,.T.);
#7974 = VERTEX_POINT('',#7975);
#7975 = CARTESIAN_POINT('',(-1.518794382397E-14,0.7,-4.35));
#7976 = LINE('',#7977,#7978);
#7977 = CARTESIAN_POINT('',(-1.518794382397E-14,0.,-4.35));
#7978 = VECTOR('',#7979,1.);
#7979 = DIRECTION('',(0.,1.,0.));
#7980 = ORIENTED_EDGE('',*,*,#7981,.F.);
#7981 = EDGE_CURVE('',#7982,#7974,#7984,.T.);
#7982 = VERTEX_POINT('',#7983);
#7983 = CARTESIAN_POINT('',(-4.35,0.7,3.995410182218E-16));
#7984 = CIRCLE('',#7985,4.35);
#7985 = AXIS2_PLACEMENT_3D('',#7986,#7987,#7988);
#7986 = CARTESIAN_POINT('',(0.,0.7,0.));
#7987 = DIRECTION('',(0.,-1.,-0.));
#7988 = DIRECTION('',(0.,0.,-1.));
#7989 = ORIENTED_EDGE('',*,*,#7990,.T.);
#7990 = EDGE_CURVE('',#7982,#7991,#7993,.T.);
#7991 = VERTEX_POINT('',#7992);
#7992 = CARTESIAN_POINT('',(-4.35,2.7,3.995410182218E-16));
#7993 = LINE('',#7994,#7995);
#7994 = CARTESIAN_POINT('',(-4.35,0.,7.990820364436E-16));
#7995 = VECTOR('',#7996,1.);
#7996 = DIRECTION('',(0.,1.,0.));
#7997 = ORIENTED_EDGE('',*,*,#7998,.T.);
#7998 = EDGE_CURVE('',#7991,#7999,#8001,.T.);
#7999 = VERTEX_POINT('',#8000);
#8000 = CARTESIAN_POINT('',(-4.35,13.3,0.));
#8001 = LINE('',#8002,#8003);
#8002 = CARTESIAN_POINT('',(-4.35,0.,0.));
#8003 = VECTOR('',#8004,1.);
#8004 = DIRECTION('',(0.,1.,0.));
#8005 = ORIENTED_EDGE('',*,*,#8006,.F.);
#8006 = EDGE_CURVE('',#8007,#7999,#8009,.T.);
#8007 = VERTEX_POINT('',#8008);
#8008 = CARTESIAN_POINT('',(-3.451087030267,13.3,-2.648112216188));
#8009 = CIRCLE('',#8010,4.35);
#8010 = AXIS2_PLACEMENT_3D('',#8011,#8012,#8013);
#8011 = CARTESIAN_POINT('',(0.,13.3,0.));
#8012 = DIRECTION('',(0.,1.,0.));
#8013 = DIRECTION('',(0.,0.,-1.));
#8014 = ORIENTED_EDGE('',*,*,#8015,.F.);
#8015 = EDGE_CURVE('',#8016,#8007,#8018,.T.);
#8016 = VERTEX_POINT('',#8017);
#8017 = CARTESIAN_POINT('',(-3.451087030267,13.05,-2.648112216188));
#8018 = LINE('',#8019,#8020);
#8019 = CARTESIAN_POINT('',(-3.451087030267,14.,-2.648112216188));
#8020 = VECTOR('',#8021,1.);
#8021 = DIRECTION('',(0.,1.,0.));
#8022 = ORIENTED_EDGE('',*,*,#8023,.F.);
#8023 = EDGE_CURVE('',#8024,#8016,#8026,.T.);
#8024 = VERTEX_POINT('',#8025);
#8025 = CARTESIAN_POINT('',(-3.088572122181,12.5,-3.063204571374));
#8026 = B_SPLINE_CURVE_WITH_KNOTS('',3,(#8027,#8028,#8029,#8030,#8031,
    #8032),.UNSPECIFIED.,.F.,.F.,(4,2,4),(0.,4.303003266055E-04,
    8.60600653211E-04),.UNSPECIFIED.);
#8027 = CARTESIAN_POINT('',(-3.088572122181,12.5,-3.063204571374));
#8028 = CARTESIAN_POINT('',(-3.191018522813,12.5,-2.959909773512));
#8029 = CARTESIAN_POINT('',(-3.285334463318,12.559080158089,
    -2.852969958765));
#8030 = CARTESIAN_POINT('',(-3.415177932424,12.761858872718,
    -2.696186160368));
#8031 = CARTESIAN_POINT('',(-3.451087030267,12.904506878733,
    -2.648112216188));
#8032 = CARTESIAN_POINT('',(-3.451087030267,13.05,-2.648112216188));
#8033 = ORIENTED_EDGE('',*,*,#8034,.T.);
#8034 = EDGE_CURVE('',#8024,#7955,#8035,.T.);
#8035 = CIRCLE('',#8036,4.35);
#8036 = AXIS2_PLACEMENT_3D('',#8037,#8038,#8039);
#8037 = CARTESIAN_POINT('',(0.,12.5,0.));
#8038 = DIRECTION('',(0.,-1.,-0.));
#8039 = DIRECTION('',(0.,0.,-1.));
#8040 = FACE_BOUND('',#8041,.F.);
#8041 = EDGE_LOOP('',(#8042,#8051,#8063,#8072,#8083,#8091,#8106,#8115,
    #8130,#8138,#8147));
#8042 = ORIENTED_EDGE('',*,*,#8043,.T.);
#8043 = EDGE_CURVE('',#7737,#8044,#8046,.T.);
#8044 = VERTEX_POINT('',#8045);
#8045 = CARTESIAN_POINT('',(-3.075914498161,5.4,-3.075914498162));
#8046 = CIRCLE('',#8047,4.35);
#8047 = AXIS2_PLACEMENT_3D('',#8048,#8049,#8050);
#8048 = CARTESIAN_POINT('',(0.,5.4,0.));
#8049 = DIRECTION('',(0.,-1.,0.));
#8050 = DIRECTION('',(0.,0.,1.));
#8051 = ORIENTED_EDGE('',*,*,#8052,.T.);
#8052 = EDGE_CURVE('',#8044,#8053,#8055,.T.);
#8053 = VERTEX_POINT('',#8054);
#8054 = CARTESIAN_POINT('',(-2.526413862227,5.4,-3.541148542033));
#8055 = B_SPLINE_CURVE_WITH_KNOTS('',3,(#8056,#8057,#8058,#8059,#8060,
    #8061,#8062),.UNSPECIFIED.,.F.,.F.,(4,1,1,1,4),(0.5,0.625,0.75,0.875
    ,1.),.QUASI_UNIFORM_KNOTS.);
#8056 = CARTESIAN_POINT('',(-3.075914498161,5.4,-3.075914498162));
#8057 = CARTESIAN_POINT('',(-3.033439771912,5.4,-3.118389224411));
#8058 = CARTESIAN_POINT('',(-2.944815012523,5.4,-3.203461725437));
#8059 = CARTESIAN_POINT('',(-2.804912140922,5.4,-3.326620862194));
#8060 = CARTESIAN_POINT('',(-2.663464034156,5.4,-3.440778887191));
#8061 = CARTESIAN_POINT('',(-2.57138020282,5.4,-3.509067542082));
#8062 = CARTESIAN_POINT('',(-2.526413862227,5.4,-3.541148542033));
#8063 = ORIENTED_EDGE('',*,*,#8064,.T.);
#8064 = EDGE_CURVE('',#8053,#8065,#8067,.T.);
#8065 = VERTEX_POINT('',#8066);
#8066 = CARTESIAN_POINT('',(-2.279358750336,5.4,-3.704999822843));
#8067 = CIRCLE('',#8068,4.35);
#8068 = AXIS2_PLACEMENT_3D('',#8069,#8070,#8071);
#8069 = CARTESIAN_POINT('',(0.,5.4,0.));
#8070 = DIRECTION('',(0.,-1.,-0.));
#8071 = DIRECTION('',(0.,0.,-1.));
#8072 = ORIENTED_EDGE('',*,*,#8073,.F.);
#8073 = EDGE_CURVE('',#8074,#8065,#8076,.T.);
#8074 = VERTEX_POINT('',#8075);
#8075 = CARTESIAN_POINT('',(-1.838389438572,5.9,-3.942438873609));
#8076 = B_SPLINE_CURVE_WITH_KNOTS('',3,(#8077,#8078,#8079,#8080,#8081,
    #8082),.UNSPECIFIED.,.F.,.F.,(4,2,4),(0.,3.910633635614E-04,
    7.821267271228E-04),.UNSPECIFIED.);
#8077 = CARTESIAN_POINT('',(-1.838389438572,5.9,-3.942438873609));
#8078 = CARTESIAN_POINT('',(-1.838389438572,5.767769149847,
    -3.942438873609));
#8079 = CARTESIAN_POINT('',(-1.887892449521,5.638451952392,
    -3.920063965457));
#8080 = CARTESIAN_POINT('',(-2.052665213482,5.453980177798,
    -3.836353074939));
#8081 = CARTESIAN_POINT('',(-2.166737039888,5.4,-3.774286001915));
#8082 = CARTESIAN_POINT('',(-2.279358750336,5.4,-3.704999822843));
#8083 = ORIENTED_EDGE('',*,*,#8084,.T.);
#8084 = EDGE_CURVE('',#8074,#8085,#8087,.T.);
#8085 = VERTEX_POINT('',#8086);
#8086 = CARTESIAN_POINT('',(-1.838389438572,9.2,-3.942438873609));
#8087 = LINE('',#8088,#8089);
#8088 = CARTESIAN_POINT('',(-1.838389438572,5.4,-3.942438873609));
#8089 = VECTOR('',#8090,1.);
#8090 = DIRECTION('',(0.,1.,0.));
#8091 = ORIENTED_EDGE('',*,*,#8092,.F.);
#8092 = EDGE_CURVE('',#8093,#8085,#8095,.T.);
#8093 = VERTEX_POINT('',#8094);
#8094 = CARTESIAN_POINT('',(-2.854624184235,10.4,-3.282319418762));
#8095 = B_SPLINE_CURVE_WITH_KNOTS('',3,(#8096,#8097,#8098,#8099,#8100,
    #8101,#8102,#8103,#8104,#8105),.UNSPECIFIED.,.F.,.F.,(4,2,2,2,4),(0.
    ,4.724346367453E-04,9.448692734907E-04,1.417303910236E-03,
    1.889738546981E-03),.UNSPECIFIED.);
#8096 = CARTESIAN_POINT('',(-2.854624184235,10.4,-3.282319418762));
#8097 = CARTESIAN_POINT('',(-2.734149081565,10.4,-3.387096284692));
#8098 = CARTESIAN_POINT('',(-2.609689822129,10.370567948499,
    -3.483336847938));
#8099 = CARTESIAN_POINT('',(-2.368536103416,10.252853069896,
    -3.651595992267));
#8100 = CARTESIAN_POINT('',(-2.253319718321,10.164556571883,
    -3.72259109488));
#8101 = CARTESIAN_POINT('',(-2.058060979084,9.943372400899,
    -3.833995203313));
#8102 = CARTESIAN_POINT('',(-1.977040680578,9.808950036013,
    -3.875244037528));
#8103 = CARTESIAN_POINT('',(-1.867818926533,9.518368971627,
    -3.929053150663));
#8104 = CARTESIAN_POINT('',(-1.838389438572,9.359717848165,
    -3.942438873609));
#8105 = CARTESIAN_POINT('',(-1.838389438572,9.2,-3.942438873609));
#8106 = ORIENTED_EDGE('',*,*,#8107,.F.);
#8107 = EDGE_CURVE('',#8108,#8093,#8110,.T.);
#8108 = VERTEX_POINT('',#8109);
#8109 = CARTESIAN_POINT('',(-3.282319418762,10.4,-2.854624184235));
#8110 = CIRCLE('',#8111,4.35);
#8111 = AXIS2_PLACEMENT_3D('',#8112,#8113,#8114);
#8112 = CARTESIAN_POINT('',(0.,10.4,0.));
#8113 = DIRECTION('',(0.,-1.,-0.));
#8114 = DIRECTION('',(0.,0.,-1.));
#8115 = ORIENTED_EDGE('',*,*,#8116,.F.);
#8116 = EDGE_CURVE('',#8117,#8108,#8119,.T.);
#8117 = VERTEX_POINT('',#8118);
#8118 = CARTESIAN_POINT('',(-3.942438873609,9.2,-1.838389438572));
#8119 = B_SPLINE_CURVE_WITH_KNOTS('',3,(#8120,#8121,#8122,#8123,#8124,
    #8125,#8126,#8127,#8128,#8129),.UNSPECIFIED.,.F.,.F.,(4,2,2,2,4),(0.
    ,4.723836629975E-04,9.447673259949E-04,1.417150988992E-03,
    1.88953465199E-03),.UNSPECIFIED.);
#8120 = CARTESIAN_POINT('',(-3.942438873609,9.2,-1.838389438572));
#8121 = CARTESIAN_POINT('',(-3.942438873609,9.359725317694,
    -1.838389438572));
#8122 = CARTESIAN_POINT('',(-3.929322760829,9.516520579576,
    -1.867258595469));
#8123 = CARTESIAN_POINT('',(-3.875336884471,9.808838456668,
    -1.976865208601));
#8124 = CARTESIAN_POINT('',(-3.834252456688,9.942656329412,
    -2.057575002385));
#8125 = CARTESIAN_POINT('',(-3.722999422859,10.16394995941,
    -2.252638916794));
#8126 = CARTESIAN_POINT('',(-3.65164562009,10.252645994965,
    -2.368405571322));
#8127 = CARTESIAN_POINT('',(-3.484440862784,10.369966744979,
    -2.60816651285));
#8128 = CARTESIAN_POINT('',(-3.387122918946,10.4,-2.734118456823));
#8129 = CARTESIAN_POINT('',(-3.282319418762,10.4,-2.854624184235));
#8130 = ORIENTED_EDGE('',*,*,#8131,.F.);
#8131 = EDGE_CURVE('',#8132,#8117,#8134,.T.);
#8132 = VERTEX_POINT('',#8133);
#8133 = CARTESIAN_POINT('',(-3.942438873609,5.9,-1.838389438572));
#8134 = LINE('',#8135,#8136);
#8135 = CARTESIAN_POINT('',(-3.942438873609,5.4,-1.838389438572));
#8136 = VECTOR('',#8137,1.);
#8137 = DIRECTION('',(0.,1.,0.));
#8138 = ORIENTED_EDGE('',*,*,#8139,.F.);
#8139 = EDGE_CURVE('',#7729,#8132,#8140,.T.);
#8140 = B_SPLINE_CURVE_WITH_KNOTS('',3,(#8141,#8142,#8143,#8144,#8145,
    #8146),.UNSPECIFIED.,.F.,.F.,(4,2,4),(4.336808689942E-19,
    3.91069886604E-04,7.821397732081E-04),.UNSPECIFIED.);
#8141 = CARTESIAN_POINT('',(-3.704999822843,5.4,-2.279358750336));
#8142 = CARTESIAN_POINT('',(-3.774282471703,5.4,-2.166742778096));
#8143 = CARTESIAN_POINT('',(-3.836198349129,5.453785242684,
    -2.052957603773));
#8144 = CARTESIAN_POINT('',(-3.919984226874,5.638130611925,
    -1.888061534434));
#8145 = CARTESIAN_POINT('',(-3.942438873609,5.767770616769,
    -1.838389438572));
#8146 = CARTESIAN_POINT('',(-3.942438873609,5.9,-1.838389438572));
#8147 = ORIENTED_EDGE('',*,*,#7736,.T.);
#8148 = CYLINDRICAL_SURFACE('',#8149,4.35);
#8149 = AXIS2_PLACEMENT_3D('',#8150,#8151,#8152);
#8150 = CARTESIAN_POINT('',(0.,0.,0.));
#8151 = DIRECTION('',(-0.,-1.,-0.));
#8152 = DIRECTION('',(0.,0.,-1.));
#8153 = ADVANCED_FACE('',(#8154),#8182,.T.);
#8154 = FACE_BOUND('',#8155,.T.);
#8155 = EDGE_LOOP('',(#8156,#8162,#8169,#8175));
#8156 = ORIENTED_EDGE('',*,*,#8157,.F.);
#8157 = EDGE_CURVE('',#7817,#7982,#8158,.T.);
#8158 = LINE('',#8159,#8160);
#8159 = CARTESIAN_POINT('',(-4.85,0.7,0.));
#8160 = VECTOR('',#8161,1.);
#8161 = DIRECTION('',(1.,0.,0.));
#8162 = ORIENTED_EDGE('',*,*,#8163,.T.);
#8163 = EDGE_CURVE('',#7817,#5219,#8164,.T.);
#8164 = CIRCLE('',#8165,0.7);
#8165 = AXIS2_PLACEMENT_3D('',#8166,#8167,#8168);
#8166 = CARTESIAN_POINT('',(-4.15,0.7,0.));
#8167 = DIRECTION('',(0.,0.,1.));
#8168 = DIRECTION('',(1.,0.,-0.));
#8169 = ORIENTED_EDGE('',*,*,#8170,.T.);
#8170 = EDGE_CURVE('',#5219,#5366,#8171,.T.);
#8171 = LINE('',#8172,#8173);
#8172 = CARTESIAN_POINT('',(-4.15,-4.336808689942E-16,0.));
#8173 = VECTOR('',#8174,1.);
#8174 = DIRECTION('',(0.,1.,0.));
#8175 = ORIENTED_EDGE('',*,*,#8176,.T.);
#8176 = EDGE_CURVE('',#5366,#7982,#8177,.T.);
#8177 = CIRCLE('',#8178,0.2);
#8178 = AXIS2_PLACEMENT_3D('',#8179,#8180,#8181);
#8179 = CARTESIAN_POINT('',(-4.15,0.7,0.));
#8180 = DIRECTION('',(0.,0.,-1.));
#8181 = DIRECTION('',(1.,0.,0.));
#8182 = PLANE('',#8183);
#8183 = AXIS2_PLACEMENT_3D('',#8184,#8185,#8186);
#8184 = CARTESIAN_POINT('',(-4.15,0.7,0.));
#8185 = DIRECTION('',(0.,0.,1.));
#8186 = DIRECTION('',(1.,0.,-0.));
#8187 = ADVANCED_FACE('',(#8188),#8199,.T.);
#8188 = FACE_BOUND('',#8189,.T.);
#8189 = EDGE_LOOP('',(#8190,#8196,#8197,#8198));
#8190 = ORIENTED_EDGE('',*,*,#8191,.F.);
#8191 = EDGE_CURVE('',#5375,#5211,#8192,.T.);
#8192 = LINE('',#8193,#8194);
#8193 = CARTESIAN_POINT('',(-3.736418511566,7.754232452524,
    1.806011269739));
#8194 = VECTOR('',#8195,1.);
#8195 = DIRECTION('',(0.,-1.,0.));
#8196 = ORIENTED_EDGE('',*,*,#5374,.F.);
#8197 = ORIENTED_EDGE('',*,*,#8170,.F.);
#8198 = ORIENTED_EDGE('',*,*,#5218,.F.);
#8199 = CYLINDRICAL_SURFACE('',#8200,4.15);
#8200 = AXIS2_PLACEMENT_3D('',#8201,#8202,#8203);
#8201 = CARTESIAN_POINT('',(0.,0.,0.));
#8202 = DIRECTION('',(-0.,-1.,-0.));
#8203 = DIRECTION('',(0.,0.,-1.));
#8204 = ADVANCED_FACE('',(#8205),#8271,.F.);
#8205 = FACE_BOUND('',#8206,.T.);
#8206 = EDGE_LOOP('',(#8207,#8218,#8224,#8225,#8231,#8239,#8247,#8256,
    #8265));
#8207 = ORIENTED_EDGE('',*,*,#8208,.F.);
#8208 = EDGE_CURVE('',#8209,#8211,#8213,.T.);
#8209 = VERTEX_POINT('',#8210);
#8210 = CARTESIAN_POINT('',(-1.837615220228,14.,6.858073366652));
#8211 = VERTEX_POINT('',#8212);
#8212 = CARTESIAN_POINT('',(-5.632808716068,14.,-4.322206145962));
#8213 = CIRCLE('',#8214,7.1);
#8214 = AXIS2_PLACEMENT_3D('',#8215,#8216,#8217);
#8215 = CARTESIAN_POINT('',(0.,14.,0.));
#8216 = DIRECTION('',(0.,-1.,-0.));
#8217 = DIRECTION('',(0.,0.,-1.));
#8218 = ORIENTED_EDGE('',*,*,#8219,.T.);
#8219 = EDGE_CURVE('',#8209,#7552,#8220,.T.);
#8220 = LINE('',#8221,#8222);
#8221 = CARTESIAN_POINT('',(-1.307036177768,14.,4.87792542276));
#8222 = VECTOR('',#8223,1.);
#8223 = DIRECTION('',(0.258819045103,-0.,-0.965925826289));
#8224 = ORIENTED_EDGE('',*,*,#7559,.T.);
#8225 = ORIENTED_EDGE('',*,*,#8226,.T.);
#8226 = EDGE_CURVE('',#7560,#7478,#8227,.T.);
#8227 = LINE('',#8228,#8229);
#8228 = CARTESIAN_POINT('',(-1.783576901024,14.,4.724547961248));
#8229 = VECTOR('',#8230,1.);
#8230 = DIRECTION('',(0.353183544757,0.,-0.935554051732));
#8231 = ORIENTED_EDGE('',*,*,#8232,.T.);
#8232 = EDGE_CURVE('',#7478,#8233,#8235,.T.);
#8233 = VERTEX_POINT('',#8234);
#8234 = CARTESIAN_POINT('',(-2.774549648938,14.,3.9779862048));
#8235 = LINE('',#8236,#8237);
#8236 = CARTESIAN_POINT('',(-1.712940192072,14.,4.537437150902));
#8237 = VECTOR('',#8238,1.);
#8238 = DIRECTION('',(-0.884674547388,0.,-0.466209121751));
#8239 = ORIENTED_EDGE('',*,*,#8240,.T.);
#8240 = EDGE_CURVE('',#8233,#8241,#8243,.T.);
#8241 = VERTEX_POINT('',#8242);
#8242 = CARTESIAN_POINT('',(-2.88896406745,14.,4.142026873039));
#8243 = LINE('',#8244,#8245);
#8244 = CARTESIAN_POINT('',(-2.774549648938,14.,3.9779862048));
#8245 = VECTOR('',#8246,1.);
#8246 = DIRECTION('',(-0.572072092564,0.,0.820203341196));
#8247 = ORIENTED_EDGE('',*,*,#8248,.T.);
#8248 = EDGE_CURVE('',#8241,#8249,#8251,.T.);
#8249 = VERTEX_POINT('',#8250);
#8250 = CARTESIAN_POINT('',(-5.05,14.,0.));
#8251 = CIRCLE('',#8252,5.05);
#8252 = AXIS2_PLACEMENT_3D('',#8253,#8254,#8255);
#8253 = CARTESIAN_POINT('',(0.,14.,0.));
#8254 = DIRECTION('',(0.,-1.,-0.));
#8255 = DIRECTION('',(0.,0.,-1.));
#8256 = ORIENTED_EDGE('',*,*,#8257,.T.);
#8257 = EDGE_CURVE('',#8249,#8258,#8260,.T.);
#8258 = VERTEX_POINT('',#8259);
#8259 = CARTESIAN_POINT('',(-4.006434368471,14.,-3.074245216494));
#8260 = CIRCLE('',#8261,5.05);
#8261 = AXIS2_PLACEMENT_3D('',#8262,#8263,#8264);
#8262 = CARTESIAN_POINT('',(0.,14.,0.));
#8263 = DIRECTION('',(0.,-1.,-0.));
#8264 = DIRECTION('',(0.,0.,-1.));
#8265 = ORIENTED_EDGE('',*,*,#8266,.T.);
#8266 = EDGE_CURVE('',#8258,#8211,#8267,.T.);
#8267 = LINE('',#8268,#8269);
#8268 = CARTESIAN_POINT('',(-5.632808716068,14.,-4.322206145962));
#8269 = VECTOR('',#8270,1.);
#8270 = DIRECTION('',(-0.793353340291,6.308085367188E-16,-0.608761429009
    ));
#8271 = PLANE('',#8272);
#8272 = AXIS2_PLACEMENT_3D('',#8273,#8274,#8275);
#8273 = CARTESIAN_POINT('',(-4.85,14.,0.));
#8274 = DIRECTION('',(0.,-1.,-0.));
#8275 = DIRECTION('',(0.,0.,-1.));
#8276 = ADVANCED_FACE('',(#8277),#8303,.T.);
#8277 = FACE_BOUND('',#8278,.T.);
#8278 = EDGE_LOOP('',(#8279,#8287,#8288,#8296));
#8279 = ORIENTED_EDGE('',*,*,#8280,.T.);
#8280 = EDGE_CURVE('',#8281,#8209,#8283,.T.);
#8281 = VERTEX_POINT('',#8282);
#8282 = CARTESIAN_POINT('',(-1.837615220228,13.5,6.858073366652));
#8283 = LINE('',#8284,#8285);
#8284 = CARTESIAN_POINT('',(-1.837615220228,14.,6.858073366652));
#8285 = VECTOR('',#8286,1.);
#8286 = DIRECTION('',(0.,1.,0.));
#8287 = ORIENTED_EDGE('',*,*,#8208,.T.);
#8288 = ORIENTED_EDGE('',*,*,#8289,.T.);
#8289 = EDGE_CURVE('',#8211,#8290,#8292,.T.);
#8290 = VERTEX_POINT('',#8291);
#8291 = CARTESIAN_POINT('',(-5.632808716068,13.5,-4.322206145962));
#8292 = LINE('',#8293,#8294);
#8293 = CARTESIAN_POINT('',(-5.632808716068,14.,-4.322206145962));
#8294 = VECTOR('',#8295,1.);
#8295 = DIRECTION('',(1.222064067399E-15,-1.,4.223429921379E-16));
#8296 = ORIENTED_EDGE('',*,*,#8297,.F.);
#8297 = EDGE_CURVE('',#8281,#8290,#8298,.T.);
#8298 = CIRCLE('',#8299,7.1);
#8299 = AXIS2_PLACEMENT_3D('',#8300,#8301,#8302);
#8300 = CARTESIAN_POINT('',(0.,13.5,0.));
#8301 = DIRECTION('',(0.,-1.,-0.));
#8302 = DIRECTION('',(0.,0.,-1.));
#8303 = CYLINDRICAL_SURFACE('',#8304,7.1);
#8304 = AXIS2_PLACEMENT_3D('',#8305,#8306,#8307);
#8305 = CARTESIAN_POINT('',(0.,0.,0.));
#8306 = DIRECTION('',(-0.,-1.,-0.));
#8307 = DIRECTION('',(0.,0.,-1.));
#8308 = ADVANCED_FACE('',(#8309),#8358,.T.);
#8309 = FACE_BOUND('',#8310,.T.);
#8310 = EDGE_LOOP('',(#8311,#8317,#8318,#8326,#8335,#8344,#8350,#8351,
    #8357));
#8311 = ORIENTED_EDGE('',*,*,#8312,.T.);
#8312 = EDGE_CURVE('',#7543,#8281,#8313,.T.);
#8313 = LINE('',#8314,#8315);
#8314 = CARTESIAN_POINT('',(-1.307036177768,13.5,4.87792542276));
#8315 = VECTOR('',#8316,1.);
#8316 = DIRECTION('',(-0.258819045103,0.,0.965925826289));
#8317 = ORIENTED_EDGE('',*,*,#8297,.T.);
#8318 = ORIENTED_EDGE('',*,*,#8319,.F.);
#8319 = EDGE_CURVE('',#8320,#8290,#8322,.T.);
#8320 = VERTEX_POINT('',#8321);
#8321 = CARTESIAN_POINT('',(-4.006434368471,13.5,-3.074245216494));
#8322 = LINE('',#8323,#8324);
#8323 = CARTESIAN_POINT('',(-3.052636184374,13.5,-2.342370128751));
#8324 = VECTOR('',#8325,1.);
#8325 = DIRECTION('',(-0.793353340291,0.,-0.608761429009));
#8326 = ORIENTED_EDGE('',*,*,#8327,.T.);
#8327 = EDGE_CURVE('',#8320,#8328,#8330,.T.);
#8328 = VERTEX_POINT('',#8329);
#8329 = CARTESIAN_POINT('',(-5.05,13.5,0.));
#8330 = CIRCLE('',#8331,5.05);
#8331 = AXIS2_PLACEMENT_3D('',#8332,#8333,#8334);
#8332 = CARTESIAN_POINT('',(0.,13.5,0.));
#8333 = DIRECTION('',(0.,1.,0.));
#8334 = DIRECTION('',(0.,0.,-1.));
#8335 = ORIENTED_EDGE('',*,*,#8336,.T.);
#8336 = EDGE_CURVE('',#8328,#8337,#8339,.T.);
#8337 = VERTEX_POINT('',#8338);
#8338 = CARTESIAN_POINT('',(-2.88896406745,13.5,4.142026873039));
#8339 = CIRCLE('',#8340,5.05);
#8340 = AXIS2_PLACEMENT_3D('',#8341,#8342,#8343);
#8341 = CARTESIAN_POINT('',(0.,13.5,0.));
#8342 = DIRECTION('',(0.,1.,0.));
#8343 = DIRECTION('',(0.,0.,-1.));
#8344 = ORIENTED_EDGE('',*,*,#8345,.F.);
#8345 = EDGE_CURVE('',#7304,#8337,#8346,.T.);
#8346 = LINE('',#8347,#8348);
#8347 = CARTESIAN_POINT('',(-2.774549648938,13.5,3.9779862048));
#8348 = VECTOR('',#8349,1.);
#8349 = DIRECTION('',(-0.572072092564,0.,0.820203341196));
#8350 = ORIENTED_EDGE('',*,*,#7303,.F.);
#8351 = ORIENTED_EDGE('',*,*,#8352,.F.);
#8352 = EDGE_CURVE('',#7541,#7293,#8353,.T.);
#8353 = LINE('',#8354,#8355);
#8354 = CARTESIAN_POINT('',(-1.783576901024,13.5,4.724547961248));
#8355 = VECTOR('',#8356,1.);
#8356 = DIRECTION('',(0.353183544757,0.,-0.935554051732));
#8357 = ORIENTED_EDGE('',*,*,#7540,.T.);
#8358 = PLANE('',#8359);
#8359 = AXIS2_PLACEMENT_3D('',#8360,#8361,#8362);
#8360 = CARTESIAN_POINT('',(-4.85,13.5,0.));
#8361 = DIRECTION('',(0.,-1.,-0.));
#8362 = DIRECTION('',(0.,0.,-1.));
#8363 = ADVANCED_FACE('',(#8364),#8376,.F.);
#8364 = FACE_BOUND('',#8365,.F.);
#8365 = EDGE_LOOP('',(#8366,#8367,#8368,#8375));
#8366 = ORIENTED_EDGE('',*,*,#8176,.T.);
#8367 = ORIENTED_EDGE('',*,*,#7981,.T.);
#8368 = ORIENTED_EDGE('',*,*,#8369,.F.);
#8369 = EDGE_CURVE('',#5357,#7974,#8370,.T.);
#8370 = CIRCLE('',#8371,0.2);
#8371 = AXIS2_PLACEMENT_3D('',#8372,#8373,#8374);
#8372 = CARTESIAN_POINT('',(-1.44896475562E-14,0.7,-4.15));
#8373 = DIRECTION('',(1.,0.,-3.491481338843E-15));
#8374 = DIRECTION('',(3.491481338843E-15,0.,1.));
#8375 = ORIENTED_EDGE('',*,*,#5365,.T.);
#8376 = TOROIDAL_SURFACE('',#8377,4.15,0.2);
#8377 = AXIS2_PLACEMENT_3D('',#8378,#8379,#8380);
#8378 = CARTESIAN_POINT('',(0.,0.7,0.));
#8379 = DIRECTION('',(-0.,-1.,-0.));
#8380 = DIRECTION('',(0.,0.,-1.));
#8381 = ADVANCED_FACE('',(#8382),#8400,.F.);
#8382 = FACE_BOUND('',#8383,.F.);
#8383 = EDGE_LOOP('',(#8384,#8391,#8392,#8399));
#8384 = ORIENTED_EDGE('',*,*,#8385,.T.);
#8385 = EDGE_CURVE('',#8328,#7834,#8386,.T.);
#8386 = CIRCLE('',#8387,0.2);
#8387 = AXIS2_PLACEMENT_3D('',#8388,#8389,#8390);
#8388 = CARTESIAN_POINT('',(-5.05,13.3,0.));
#8389 = DIRECTION('',(0.,0.,-1.));
#8390 = DIRECTION('',(1.,0.,0.));
#8391 = ORIENTED_EDGE('',*,*,#7841,.T.);
#8392 = ORIENTED_EDGE('',*,*,#8393,.F.);
#8393 = EDGE_CURVE('',#8320,#7762,#8394,.T.);
#8394 = CIRCLE('',#8395,0.2);
#8395 = AXIS2_PLACEMENT_3D('',#8396,#8397,#8398);
#8396 = CARTESIAN_POINT('',(-4.006434368471,13.3,-3.074245216494));
#8397 = DIRECTION('',(0.608761429009,4.088782444489E-16,-0.793353340291)
  );
#8398 = DIRECTION('',(0.793353340291,3.20474742746E-31,0.608761429009));
#8399 = ORIENTED_EDGE('',*,*,#8327,.T.);
#8400 = TOROIDAL_SURFACE('',#8401,5.05,0.2);
#8401 = AXIS2_PLACEMENT_3D('',#8402,#8403,#8404);
#8402 = CARTESIAN_POINT('',(0.,13.3,0.));
#8403 = DIRECTION('',(-0.,-1.,-0.));
#8404 = DIRECTION('',(0.,0.,-1.));
#8405 = ADVANCED_FACE('',(#8406),#8424,.T.);
#8406 = FACE_BOUND('',#8407,.T.);
#8407 = EDGE_LOOP('',(#8408,#8415,#8416,#8423));
#8408 = ORIENTED_EDGE('',*,*,#8409,.F.);
#8409 = EDGE_CURVE('',#8258,#8007,#8410,.T.);
#8410 = CIRCLE('',#8411,0.7);
#8411 = AXIS2_PLACEMENT_3D('',#8412,#8413,#8414);
#8412 = CARTESIAN_POINT('',(-4.006434368471,13.3,-3.074245216494));
#8413 = DIRECTION('',(0.608761429009,4.088782444489E-16,-0.793353340291)
  );
#8414 = DIRECTION('',(0.793353340291,0.,0.608761429009));
#8415 = ORIENTED_EDGE('',*,*,#8257,.F.);
#8416 = ORIENTED_EDGE('',*,*,#8417,.T.);
#8417 = EDGE_CURVE('',#8249,#7999,#8418,.T.);
#8418 = CIRCLE('',#8419,0.7);
#8419 = AXIS2_PLACEMENT_3D('',#8420,#8421,#8422);
#8420 = CARTESIAN_POINT('',(-5.05,13.3,0.));
#8421 = DIRECTION('',(0.,0.,-1.));
#8422 = DIRECTION('',(1.,0.,0.));
#8423 = ORIENTED_EDGE('',*,*,#8006,.F.);
#8424 = TOROIDAL_SURFACE('',#8425,5.05,0.7);
#8425 = AXIS2_PLACEMENT_3D('',#8426,#8427,#8428);
#8426 = CARTESIAN_POINT('',(0.,13.3,0.));
#8427 = DIRECTION('',(-0.,-1.,-0.));
#8428 = DIRECTION('',(0.,0.,-1.));
#8429 = ADVANCED_FACE('',(#8430),#8442,.T.);
#8430 = FACE_BOUND('',#8431,.T.);
#8431 = EDGE_LOOP('',(#8432,#8439,#8440,#8441));
#8432 = ORIENTED_EDGE('',*,*,#8433,.T.);
#8433 = EDGE_CURVE('',#7809,#5228,#8434,.T.);
#8434 = CIRCLE('',#8435,0.7);
#8435 = AXIS2_PLACEMENT_3D('',#8436,#8437,#8438);
#8436 = CARTESIAN_POINT('',(-1.44896475562E-14,0.7,-4.15));
#8437 = DIRECTION('',(-1.,0.,3.491481338843E-15));
#8438 = DIRECTION('',(3.491481338843E-15,0.,1.));
#8439 = ORIENTED_EDGE('',*,*,#5227,.F.);
#8440 = ORIENTED_EDGE('',*,*,#8163,.F.);
#8441 = ORIENTED_EDGE('',*,*,#7816,.F.);
#8442 = TOROIDAL_SURFACE('',#8443,4.15,0.7);
#8443 = AXIS2_PLACEMENT_3D('',#8444,#8445,#8446);
#8444 = CARTESIAN_POINT('',(0.,0.7,0.));
#8445 = DIRECTION('',(-0.,-1.,-0.));
#8446 = DIRECTION('',(0.,0.,-1.));
#8447 = ADVANCED_FACE('',(#8448),#8459,.T.);
#8448 = FACE_BOUND('',#8449,.T.);
#8449 = EDGE_LOOP('',(#8450,#8456,#8457,#8458));
#8450 = ORIENTED_EDGE('',*,*,#8451,.T.);
#8451 = EDGE_CURVE('',#5313,#5185,#8452,.T.);
#8452 = LINE('',#8453,#8454);
#8453 = CARTESIAN_POINT('',(-0.130135069401,7.754232452524,
    4.147959120304));
#8454 = VECTOR('',#8455,1.);
#8455 = DIRECTION('',(0.,-1.,0.));
#8456 = ORIENTED_EDGE('',*,*,#5184,.F.);
#8457 = ORIENTED_EDGE('',*,*,#5565,.T.);
#8458 = ORIENTED_EDGE('',*,*,#5312,.F.);
#8459 = CYLINDRICAL_SURFACE('',#8460,4.15);
#8460 = AXIS2_PLACEMENT_3D('',#8461,#8462,#8463);
#8461 = CARTESIAN_POINT('',(0.,0.,0.));
#8462 = DIRECTION('',(-0.,-1.,-0.));
#8463 = DIRECTION('',(0.,0.,-1.));
#8464 = ADVANCED_FACE('',(#8465),#8483,.T.);
#8465 = FACE_BOUND('',#8466,.T.);
#8466 = EDGE_LOOP('',(#8467,#8473,#8474,#8475,#8481,#8482));
#8467 = ORIENTED_EDGE('',*,*,#8468,.F.);
#8468 = EDGE_CURVE('',#7991,#7826,#8469,.T.);
#8469 = LINE('',#8470,#8471);
#8470 = CARTESIAN_POINT('',(-4.85,2.7,0.));
#8471 = VECTOR('',#8472,1.);
#8472 = DIRECTION('',(-1.,-0.,-0.));
#8473 = ORIENTED_EDGE('',*,*,#7998,.T.);
#8474 = ORIENTED_EDGE('',*,*,#8417,.F.);
#8475 = ORIENTED_EDGE('',*,*,#8476,.T.);
#8476 = EDGE_CURVE('',#8249,#8328,#8477,.T.);
#8477 = LINE('',#8478,#8479);
#8478 = CARTESIAN_POINT('',(-5.05,14.,0.));
#8479 = VECTOR('',#8480,1.);
#8480 = DIRECTION('',(0.,-1.,0.));
#8481 = ORIENTED_EDGE('',*,*,#8385,.T.);
#8482 = ORIENTED_EDGE('',*,*,#7833,.T.);
#8483 = PLANE('',#8484);
#8484 = AXIS2_PLACEMENT_3D('',#8485,#8486,#8487);
#8485 = CARTESIAN_POINT('',(-4.15,0.7,0.));
#8486 = DIRECTION('',(0.,0.,1.));
#8487 = DIRECTION('',(1.,0.,-0.));
#8488 = ADVANCED_FACE('',(#8489),#8500,.F.);
#8489 = FACE_BOUND('',#8490,.F.);
#8490 = EDGE_LOOP('',(#8491,#8492,#8493,#8494));
#8491 = ORIENTED_EDGE('',*,*,#8248,.T.);
#8492 = ORIENTED_EDGE('',*,*,#8476,.T.);
#8493 = ORIENTED_EDGE('',*,*,#8336,.T.);
#8494 = ORIENTED_EDGE('',*,*,#8495,.T.);
#8495 = EDGE_CURVE('',#8337,#8241,#8496,.T.);
#8496 = LINE('',#8497,#8498);
#8497 = CARTESIAN_POINT('',(-2.88896406745,12.107022393701,
    4.142026873039));
#8498 = VECTOR('',#8499,1.);
#8499 = DIRECTION('',(0.,1.,0.));
#8500 = CYLINDRICAL_SURFACE('',#8501,5.05);
#8501 = AXIS2_PLACEMENT_3D('',#8502,#8503,#8504);
#8502 = CARTESIAN_POINT('',(0.,0.,0.));
#8503 = DIRECTION('',(-0.,-1.,-0.));
#8504 = DIRECTION('',(0.,0.,-1.));
#8505 = ADVANCED_FACE('',(#8506),#8514,.F.);
#8506 = FACE_BOUND('',#8507,.T.);
#8507 = EDGE_LOOP('',(#8508,#8509,#8510,#8511,#8512,#8513));
#8508 = ORIENTED_EDGE('',*,*,#5508,.F.);
#8509 = ORIENTED_EDGE('',*,*,#8433,.F.);
#8510 = ORIENTED_EDGE('',*,*,#7808,.F.);
#8511 = ORIENTED_EDGE('',*,*,#6963,.F.);
#8512 = ORIENTED_EDGE('',*,*,#7973,.F.);
#8513 = ORIENTED_EDGE('',*,*,#8369,.F.);
#8514 = PLANE('',#8515);
#8515 = AXIS2_PLACEMENT_3D('',#8516,#8517,#8518);
#8516 = CARTESIAN_POINT('',(-1.44896475562E-14,0.7,-4.15));
#8517 = DIRECTION('',(-1.,0.,3.491481338843E-15));
#8518 = DIRECTION('',(3.491481338843E-15,0.,1.));
#8519 = ADVANCED_FACE('',(#8520),#8531,.T.);
#8520 = FACE_BOUND('',#8521,.T.);
#8521 = EDGE_LOOP('',(#8522,#8523,#8524,#8525));
#8522 = ORIENTED_EDGE('',*,*,#5383,.F.);
#8523 = ORIENTED_EDGE('',*,*,#8191,.T.);
#8524 = ORIENTED_EDGE('',*,*,#5210,.F.);
#8525 = ORIENTED_EDGE('',*,*,#8526,.F.);
#8526 = EDGE_CURVE('',#5384,#5202,#8527,.T.);
#8527 = LINE('',#8528,#8529);
#8528 = CARTESIAN_POINT('',(-5.431333048859,7.754232452524,
    4.415950782376));
#8529 = VECTOR('',#8530,1.);
#8530 = DIRECTION('',(0.,-1.,0.));
#8531 = PLANE('',#8532);
#8532 = AXIS2_PLACEMENT_3D('',#8533,#8534,#8535);
#8533 = CARTESIAN_POINT('',(-3.736418511566,7.754232452524,
    1.806011269739));
#8534 = DIRECTION('',(-0.838670567945,0.,-0.544639035015));
#8535 = DIRECTION('',(-0.544639035015,0.,0.838670567945));
#8536 = ADVANCED_FACE('',(#8537),#8548,.T.);
#8537 = FACE_BOUND('',#8538,.T.);
#8538 = EDGE_LOOP('',(#8539,#8540,#8541,#8542));
#8539 = ORIENTED_EDGE('',*,*,#5391,.F.);
#8540 = ORIENTED_EDGE('',*,*,#8526,.T.);
#8541 = ORIENTED_EDGE('',*,*,#5201,.F.);
#8542 = ORIENTED_EDGE('',*,*,#8543,.F.);
#8543 = EDGE_CURVE('',#5392,#5194,#8544,.T.);
#8544 = LINE('',#8545,#8546);
#8545 = CARTESIAN_POINT('',(-1.825049606694,7.754232452524,
    6.757898632941));
#8546 = VECTOR('',#8547,1.);
#8547 = DIRECTION('',(0.,-1.,0.));
#8548 = CYLINDRICAL_SURFACE('',#8549,7.);
#8549 = AXIS2_PLACEMENT_3D('',#8550,#8551,#8552);
#8550 = CARTESIAN_POINT('',(0.,7.754232452524,0.));
#8551 = DIRECTION('',(0.,-1.,0.));
#8552 = DIRECTION('',(0.,0.,-1.));
#8553 = ADVANCED_FACE('',(#8554),#8560,.T.);
#8554 = FACE_BOUND('',#8555,.T.);
#8555 = EDGE_LOOP('',(#8556,#8557,#8558,#8559));
#8556 = ORIENTED_EDGE('',*,*,#5400,.F.);
#8557 = ORIENTED_EDGE('',*,*,#8543,.T.);
#8558 = ORIENTED_EDGE('',*,*,#5193,.F.);
#8559 = ORIENTED_EDGE('',*,*,#8451,.F.);
#8560 = PLANE('',#8561);
#8561 = AXIS2_PLACEMENT_3D('',#8562,#8563,#8564);
#8562 = CARTESIAN_POINT('',(-0.130135069401,7.754232452524,
    4.147959120304));
#8563 = DIRECTION('',(0.838670567945,0.,0.544639035015));
#8564 = DIRECTION('',(0.544639035015,0.,-0.838670567945));
#8565 = ADVANCED_FACE('',(#8566),#8600,.F.);
#8566 = FACE_BOUND('',#8567,.T.);
#8567 = EDGE_LOOP('',(#8568,#8578,#8586,#8594));
#8568 = ORIENTED_EDGE('',*,*,#8569,.T.);
#8569 = EDGE_CURVE('',#8570,#8572,#8574,.T.);
#8570 = VERTEX_POINT('',#8571);
#8571 = CARTESIAN_POINT('',(-4.395592767128,0.7,2.049698569442));
#8572 = VERTEX_POINT('',#8573);
#8573 = CARTESIAN_POINT('',(-3.942438873609,0.7,1.838389438572));
#8574 = LINE('',#8575,#8576);
#8575 = CARTESIAN_POINT('',(-3.942438873609,0.7,1.838389438572));
#8576 = VECTOR('',#8577,1.);
#8577 = DIRECTION('',(0.906307787037,-0.,-0.422618261741));
#8578 = ORIENTED_EDGE('',*,*,#8579,.T.);
#8579 = EDGE_CURVE('',#8572,#8580,#8582,.T.);
#8580 = VERTEX_POINT('',#8581);
#8581 = CARTESIAN_POINT('',(-3.942438873609,1.2,1.838389438572));
#8582 = LINE('',#8583,#8584);
#8583 = CARTESIAN_POINT('',(-3.942438873609,0.7,1.838389438572));
#8584 = VECTOR('',#8585,1.);
#8585 = DIRECTION('',(0.,1.,0.));
#8586 = ORIENTED_EDGE('',*,*,#8587,.T.);
#8587 = EDGE_CURVE('',#8580,#8588,#8590,.T.);
#8588 = VERTEX_POINT('',#8589);
#8589 = CARTESIAN_POINT('',(-4.395592767128,1.2,2.049698569442));
#8590 = LINE('',#8591,#8592);
#8591 = CARTESIAN_POINT('',(-3.942438873609,1.2,1.838389438572));
#8592 = VECTOR('',#8593,1.);
#8593 = DIRECTION('',(-0.906307787037,0.,0.422618261741));
#8594 = ORIENTED_EDGE('',*,*,#8595,.T.);
#8595 = EDGE_CURVE('',#8588,#8570,#8596,.T.);
#8596 = LINE('',#8597,#8598);
#8597 = CARTESIAN_POINT('',(-4.395592767128,0.7,2.049698569442));
#8598 = VECTOR('',#8599,1.);
#8599 = DIRECTION('',(-0.,-1.,-0.));
#8600 = PLANE('',#8601);
#8601 = AXIS2_PLACEMENT_3D('',#8602,#8603,#8604);
#8602 = CARTESIAN_POINT('',(-7.331258200181E-16,0.,-1.572193394633E-15)
  );
#8603 = DIRECTION('',(-0.422618261741,0.,-0.906307787037));
#8604 = DIRECTION('',(-0.906307787037,0.,0.422618261741));
#8605 = ADVANCED_FACE('',(#8606),#8624,.T.);
#8606 = FACE_BOUND('',#8607,.T.);
#8607 = EDGE_LOOP('',(#8608,#8609,#8616,#8617));
#8608 = ORIENTED_EDGE('',*,*,#8157,.T.);
#8609 = ORIENTED_EDGE('',*,*,#8610,.T.);
#8610 = EDGE_CURVE('',#7982,#8572,#8611,.T.);
#8611 = B_SPLINE_CURVE_WITH_KNOTS('',3,(#8612,#8613,#8614,#8615),
  .UNSPECIFIED.,.F.,.F.,(4,4),(0.,1.),.PIECEWISE_BEZIER_KNOTS.);
#8612 = CARTESIAN_POINT('',(-4.35,0.7,3.995410182218E-16));
#8613 = CARTESIAN_POINT('',(-4.343753849236,0.7,0.634386142548));
#8614 = CARTESIAN_POINT('',(-4.204685386298,0.7,1.261220683179));
#8615 = CARTESIAN_POINT('',(-3.942438873609,0.7,1.838389438572));
#8616 = ORIENTED_EDGE('',*,*,#8569,.F.);
#8617 = ORIENTED_EDGE('',*,*,#8618,.F.);
#8618 = EDGE_CURVE('',#7817,#8570,#8619,.T.);
#8619 = B_SPLINE_CURVE_WITH_KNOTS('',3,(#8620,#8621,#8622,#8623),
  .UNSPECIFIED.,.F.,.F.,(4,4),(0.,1.),.PIECEWISE_BEZIER_KNOTS.);
#8620 = CARTESIAN_POINT('',(-4.85,0.7,0.));
#8621 = CARTESIAN_POINT('',(-4.828138480408,0.7,0.704822519505));
#8622 = CARTESIAN_POINT('',(-4.673454648644,0.7,1.402093437093));
#8623 = CARTESIAN_POINT('',(-4.395592767128,0.7,2.049698569442));
#8624 = PLANE('',#8625);
#8625 = AXIS2_PLACEMENT_3D('',#8626,#8627,#8628);
#8626 = CARTESIAN_POINT('',(-4.85,0.7,0.));
#8627 = DIRECTION('',(0.,-1.,2.433201675498E-15));
#8628 = DIRECTION('',(1.,0.,0.));
#8629 = ADVANCED_FACE('',(#8630),#8642,.T.);
#8630 = FACE_BOUND('',#8631,.T.);
#8631 = EDGE_LOOP('',(#8632,#8633,#8634,#8635));
#8632 = ORIENTED_EDGE('',*,*,#7825,.T.);
#8633 = ORIENTED_EDGE('',*,*,#8618,.T.);
#8634 = ORIENTED_EDGE('',*,*,#8595,.F.);
#8635 = ORIENTED_EDGE('',*,*,#8636,.F.);
#8636 = EDGE_CURVE('',#7826,#8588,#8637,.T.);
#8637 = B_SPLINE_CURVE_WITH_KNOTS('',3,(#8638,#8639,#8640,#8641),
  .UNSPECIFIED.,.F.,.F.,(4,4),(0.,1.),.PIECEWISE_BEZIER_KNOTS.);
#8638 = CARTESIAN_POINT('',(-4.85,2.7,0.));
#8639 = CARTESIAN_POINT('',(-4.828138480408,2.2,0.704822519505));
#8640 = CARTESIAN_POINT('',(-4.673454648644,1.7,1.402093437093));
#8641 = CARTESIAN_POINT('',(-4.395592767128,1.2,2.049698569442));
#8642 = B_SPLINE_SURFACE_WITH_KNOTS('',3,3,(
    (#8643,#8644,#8645,#8646)
    ,(#8647,#8648,#8649,#8650)
    ,(#8651,#8652,#8653,#8654)
    ,(#8655,#8656,#8657,#8658)
    ,(#8659,#8660,#8661,#8662)
    ,(#8663,#8664,#8665,#8666)
    ,(#8667,#8668,#8669,#8670
    )),.UNSPECIFIED.,.F.,.F.,.F.,(4,1,1,1,4),(4,4),(0.5,0.58125,0.6625,
    0.74375,0.825),(0.,1.),.UNSPECIFIED.);
#8643 = CARTESIAN_POINT('',(-4.85,2.7,0.));
#8644 = CARTESIAN_POINT('',(-4.828138480408,2.2,0.704822519505));
#8645 = CARTESIAN_POINT('',(-4.673454648644,1.7,1.402093437093));
#8646 = CARTESIAN_POINT('',(-4.395592767128,1.2,2.049698569442));
#8647 = CARTESIAN_POINT('',(-4.85,2.533333333333,0.));
#8648 = CARTESIAN_POINT('',(-4.828138480408,2.075,0.704822519505));
#8649 = CARTESIAN_POINT('',(-4.673454648644,1.616666666667,
    1.402093437093));
#8650 = CARTESIAN_POINT('',(-4.395592767128,1.158333333333,
    2.049698569442));
#8651 = CARTESIAN_POINT('',(-4.85,2.2,0.));
#8652 = CARTESIAN_POINT('',(-4.828138480408,1.825,0.704822519505));
#8653 = CARTESIAN_POINT('',(-4.673454648644,1.45,1.402093437093));
#8654 = CARTESIAN_POINT('',(-4.395592767128,1.075,2.049698569442));
#8655 = CARTESIAN_POINT('',(-4.85,1.7,0.));
#8656 = CARTESIAN_POINT('',(-4.828138480408,1.45,0.704822519505));
#8657 = CARTESIAN_POINT('',(-4.673454648644,1.2,1.402093437093));
#8658 = CARTESIAN_POINT('',(-4.395592767128,0.95,2.049698569442));
#8659 = CARTESIAN_POINT('',(-4.85,1.2,0.));
#8660 = CARTESIAN_POINT('',(-4.828138480408,1.075,0.704822519505));
#8661 = CARTESIAN_POINT('',(-4.673454648644,0.95,1.402093437093));
#8662 = CARTESIAN_POINT('',(-4.395592767128,0.825,2.049698569442));
#8663 = CARTESIAN_POINT('',(-4.85,0.866666666667,-0.));
#8664 = CARTESIAN_POINT('',(-4.828138480408,0.825,0.704822519505));
#8665 = CARTESIAN_POINT('',(-4.673454648644,0.783333333333,
    1.402093437093));
#8666 = CARTESIAN_POINT('',(-4.395592767128,0.741666666667,
    2.049698569442));
#8667 = CARTESIAN_POINT('',(-4.85,0.7,0.));
#8668 = CARTESIAN_POINT('',(-4.828138480408,0.7,0.704822519505));
#8669 = CARTESIAN_POINT('',(-4.673454648644,0.7,1.402093437093));
#8670 = CARTESIAN_POINT('',(-4.395592767128,0.7,2.049698569442));
#8671 = ADVANCED_FACE('',(#8672),#8684,.T.);
#8672 = FACE_BOUND('',#8673,.T.);
#8673 = EDGE_LOOP('',(#8674,#8675,#8676,#8677));
#8674 = ORIENTED_EDGE('',*,*,#8468,.T.);
#8675 = ORIENTED_EDGE('',*,*,#8636,.T.);
#8676 = ORIENTED_EDGE('',*,*,#8587,.F.);
#8677 = ORIENTED_EDGE('',*,*,#8678,.F.);
#8678 = EDGE_CURVE('',#7991,#8580,#8679,.T.);
#8679 = B_SPLINE_CURVE_WITH_KNOTS('',3,(#8680,#8681,#8682,#8683),
  .UNSPECIFIED.,.F.,.F.,(4,4),(0.,1.),.PIECEWISE_BEZIER_KNOTS.);
#8680 = CARTESIAN_POINT('',(-4.35,2.7,3.995410182218E-16));
#8681 = CARTESIAN_POINT('',(-4.343753849236,2.2,0.634386142548));
#8682 = CARTESIAN_POINT('',(-4.204685386298,1.7,1.261220683179));
#8683 = CARTESIAN_POINT('',(-3.942438873609,1.2,1.838389438572));
#8684 = B_SPLINE_SURFACE_WITH_KNOTS('',3,3,(
    (#8685,#8686,#8687,#8688)
    ,(#8689,#8690,#8691,#8692)
    ,(#8693,#8694,#8695,#8696)
    ,(#8697,#8698,#8699,#8700)
    ,(#8701,#8702,#8703,#8704)
    ,(#8705,#8706,#8707,#8708)
    ,(#8709,#8710,#8711,#8712
    )),.UNSPECIFIED.,.F.,.F.,.F.,(4,1,1,1,4),(4,4),(0.325,0.36875,0.4125
    ,0.45625,0.5),(0.,1.),.UNSPECIFIED.);
#8685 = CARTESIAN_POINT('',(-4.35,2.7,0.));
#8686 = CARTESIAN_POINT('',(-4.343753849236,2.2,0.634386142548));
#8687 = CARTESIAN_POINT('',(-4.204685386298,1.7,1.261220683179));
#8688 = CARTESIAN_POINT('',(-3.942438873609,1.2,1.838389438572));
#8689 = CARTESIAN_POINT('',(-4.391666666667,2.7,0.));
#8690 = CARTESIAN_POINT('',(-4.384119235167,2.2,0.640255840628));
#8691 = CARTESIAN_POINT('',(-4.243749491494,1.7,1.272960079339));
#8692 = CARTESIAN_POINT('',(-3.980201698069,1.2,1.855998532811));
#8693 = CARTESIAN_POINT('',(-4.475,2.7,0.));
#8694 = CARTESIAN_POINT('',(-4.464850007029,2.2,0.651995236788));
#8695 = CARTESIAN_POINT('',(-4.321877701885,1.7,1.296438871658));
#8696 = CARTESIAN_POINT('',(-4.055727346989,1.2,1.89121672129));
#8697 = CARTESIAN_POINT('',(-4.6,2.7,0.));
#8698 = CARTESIAN_POINT('',(-4.585946164822,2.2,0.669604331027));
#8699 = CARTESIAN_POINT('',(-4.439070017471,1.7,1.331657060136));
#8700 = CARTESIAN_POINT('',(-4.169015820369,1.2,1.944044004007));
#8701 = CARTESIAN_POINT('',(-4.725,2.7,0.));
#8702 = CARTESIAN_POINT('',(-4.707042322615,2.2,0.687213425266));
#8703 = CARTESIAN_POINT('',(-4.556262333057,1.7,1.366875248614));
#8704 = CARTESIAN_POINT('',(-4.282304293748,1.2,1.996871286725));
#8705 = CARTESIAN_POINT('',(-4.808333333333,2.7,-0.));
#8706 = CARTESIAN_POINT('',(-4.787773094477,2.2,0.698952821426));
#8707 = CARTESIAN_POINT('',(-4.634390543448,1.7,1.390354040933));
#8708 = CARTESIAN_POINT('',(-4.357829942668,1.2,2.032089475203));
#8709 = CARTESIAN_POINT('',(-4.85,2.7,0.));
#8710 = CARTESIAN_POINT('',(-4.828138480408,2.2,0.704822519505));
#8711 = CARTESIAN_POINT('',(-4.673454648644,1.7,1.402093437093));
#8712 = CARTESIAN_POINT('',(-4.395592767128,1.2,2.049698569442));
#8713 = ADVANCED_FACE('',(#8714),#8720,.T.);
#8714 = FACE_BOUND('',#8715,.T.);
#8715 = EDGE_LOOP('',(#8716,#8717,#8718,#8719));
#8716 = ORIENTED_EDGE('',*,*,#7990,.T.);
#8717 = ORIENTED_EDGE('',*,*,#8678,.T.);
#8718 = ORIENTED_EDGE('',*,*,#8579,.F.);
#8719 = ORIENTED_EDGE('',*,*,#8610,.F.);
#8720 = B_SPLINE_SURFACE_WITH_KNOTS('',3,3,(
    (#8721,#8722,#8723,#8724)
    ,(#8725,#8726,#8727,#8728)
    ,(#8729,#8730,#8731,#8732)
    ,(#8733,#8734,#8735,#8736)
    ,(#8737,#8738,#8739,#8740)
    ,(#8741,#8742,#8743,#8744)
    ,(#8745,#8746,#8747,#8748
    )),.UNSPECIFIED.,.F.,.F.,.F.,(4,1,1,1,4),(4,4),(0.,8.125E-02,0.1625,
    0.24375,0.325),(0.,1.),.UNSPECIFIED.);
#8721 = CARTESIAN_POINT('',(-4.35,0.7,0.));
#8722 = CARTESIAN_POINT('',(-4.343753849236,0.7,0.634386142548));
#8723 = CARTESIAN_POINT('',(-4.204685386298,0.7,1.261220683179));
#8724 = CARTESIAN_POINT('',(-3.942438873609,0.7,1.838389438572));
#8725 = CARTESIAN_POINT('',(-4.35,0.866666666667,0.));
#8726 = CARTESIAN_POINT('',(-4.343753849236,0.825,0.634386142548));
#8727 = CARTESIAN_POINT('',(-4.204685386298,0.783333333333,
    1.261220683179));
#8728 = CARTESIAN_POINT('',(-3.942438873609,0.741666666667,
    1.838389438572));
#8729 = CARTESIAN_POINT('',(-4.35,1.2,0.));
#8730 = CARTESIAN_POINT('',(-4.343753849236,1.075,0.634386142548));
#8731 = CARTESIAN_POINT('',(-4.204685386298,0.95,1.261220683179));
#8732 = CARTESIAN_POINT('',(-3.942438873609,0.825,1.838389438572));
#8733 = CARTESIAN_POINT('',(-4.35,1.7,0.));
#8734 = CARTESIAN_POINT('',(-4.343753849236,1.45,0.634386142548));
#8735 = CARTESIAN_POINT('',(-4.204685386298,1.2,1.261220683179));
#8736 = CARTESIAN_POINT('',(-3.942438873609,0.95,1.838389438572));
#8737 = CARTESIAN_POINT('',(-4.35,2.2,0.));
#8738 = CARTESIAN_POINT('',(-4.343753849236,1.825,0.634386142548));
#8739 = CARTESIAN_POINT('',(-4.204685386298,1.45,1.261220683179));
#8740 = CARTESIAN_POINT('',(-3.942438873609,1.075,1.838389438572));
#8741 = CARTESIAN_POINT('',(-4.35,2.533333333333,-0.));
#8742 = CARTESIAN_POINT('',(-4.343753849236,2.075,0.634386142548));
#8743 = CARTESIAN_POINT('',(-4.204685386298,1.616666666667,
    1.261220683179));
#8744 = CARTESIAN_POINT('',(-3.942438873609,1.158333333333,
    1.838389438572));
#8745 = CARTESIAN_POINT('',(-4.35,2.7,0.));
#8746 = CARTESIAN_POINT('',(-4.343753849236,2.2,0.634386142548));
#8747 = CARTESIAN_POINT('',(-4.204685386298,1.7,1.261220683179));
#8748 = CARTESIAN_POINT('',(-3.942438873609,1.2,1.838389438572));
#8749 = ADVANCED_FACE('',(#8750),#8766,.T.);
#8750 = FACE_BOUND('',#8751,.T.);
#8751 = EDGE_LOOP('',(#8752,#8753,#8759,#8760));
#8752 = ORIENTED_EDGE('',*,*,#8107,.F.);
#8753 = ORIENTED_EDGE('',*,*,#8754,.T.);
#8754 = EDGE_CURVE('',#8108,#7851,#8755,.T.);
#8755 = LINE('',#8756,#8757);
#8756 = CARTESIAN_POINT('',(-3.888450853039,10.4,-3.137267913886));
#8757 = VECTOR('',#8758,1.);
#8758 = DIRECTION('',(-0.906307787037,0.,-0.422618261741));
#8759 = ORIENTED_EDGE('',*,*,#7850,.T.);
#8760 = ORIENTED_EDGE('',*,*,#8761,.T.);
#8761 = EDGE_CURVE('',#7853,#8093,#8762,.T.);
#8762 = LINE('',#8763,#8764);
#8763 = CARTESIAN_POINT('',(-2.657729543634,10.4,-2.860077499383));
#8764 = VECTOR('',#8765,1.);
#8765 = DIRECTION('',(0.422618261741,-0.,0.906307787037));
#8766 = PLANE('',#8767);
#8767 = AXIS2_PLACEMENT_3D('',#8768,#8769,#8770);
#8768 = CARTESIAN_POINT('',(-4.395592767128,10.4,-2.049698569442));
#8769 = DIRECTION('',(0.,-1.,-0.));
#8770 = DIRECTION('',(0.,0.,-1.));
#8771 = ADVANCED_FACE('',(#8772),#8788,.T.);
#8772 = FACE_BOUND('',#8773,.T.);
#8773 = EDGE_LOOP('',(#8774,#8775,#8781,#8782));
#8774 = ORIENTED_EDGE('',*,*,#8064,.T.);
#8775 = ORIENTED_EDGE('',*,*,#8776,.T.);
#8776 = EDGE_CURVE('',#8065,#7904,#8777,.T.);
#8777 = LINE('',#8778,#8779);
#8778 = CARTESIAN_POINT('',(-2.023314092709,5.4,-3.155910282602));
#8779 = VECTOR('',#8780,1.);
#8780 = DIRECTION('',(-0.422618261741,0.,-0.906307787037));
#8781 = ORIENTED_EDGE('',*,*,#7903,.F.);
#8782 = ORIENTED_EDGE('',*,*,#8783,.F.);
#8783 = EDGE_CURVE('',#8053,#7895,#8784,.T.);
#8784 = LINE('',#8785,#8786);
#8785 = CARTESIAN_POINT('',(-2.526413862227,5.4,-3.541148542033));
#8786 = VECTOR('',#8787,1.);
#8787 = DIRECTION('',(-0.580784795914,0.,-0.8140571361));
#8788 = PLANE('',#8789);
#8789 = AXIS2_PLACEMENT_3D('',#8790,#8791,#8792);
#8790 = CARTESIAN_POINT('',(-4.395592767128,5.4,-2.049698569442));
#8791 = DIRECTION('',(0.,1.,0.));
#8792 = DIRECTION('',(0.,-0.,1.));
#8793 = ADVANCED_FACE('',(#8794),#8810,.T.);
#8794 = FACE_BOUND('',#8795,.T.);
#8795 = EDGE_LOOP('',(#8796,#8797,#8803,#8804));
#8796 = ORIENTED_EDGE('',*,*,#8131,.F.);
#8797 = ORIENTED_EDGE('',*,*,#8798,.T.);
#8798 = EDGE_CURVE('',#8132,#7877,#8799,.T.);
#8799 = LINE('',#8800,#8801);
#8800 = CARTESIAN_POINT('',(-4.395592767128,5.9,-2.049698569442));
#8801 = VECTOR('',#8802,1.);
#8802 = DIRECTION('',(-0.906307787037,-0.,-0.422618261741));
#8803 = ORIENTED_EDGE('',*,*,#7876,.F.);
#8804 = ORIENTED_EDGE('',*,*,#8805,.T.);
#8805 = EDGE_CURVE('',#7862,#8117,#8806,.T.);
#8806 = LINE('',#8807,#8808);
#8807 = CARTESIAN_POINT('',(-3.942438873609,9.2,-1.838389438572));
#8808 = VECTOR('',#8809,1.);
#8809 = DIRECTION('',(0.906307787037,-0.,0.422618261741));
#8810 = PLANE('',#8811);
#8811 = AXIS2_PLACEMENT_3D('',#8812,#8813,#8814);
#8812 = CARTESIAN_POINT('',(0.,0.,0.));
#8813 = DIRECTION('',(0.422618261741,0.,-0.906307787037));
#8814 = DIRECTION('',(-0.906307787037,0.,-0.422618261741));
#8815 = ADVANCED_FACE('',(#8816),#8832,.F.);
#8816 = FACE_BOUND('',#8817,.T.);
#8817 = EDGE_LOOP('',(#8818,#8819,#8825,#8826));
#8818 = ORIENTED_EDGE('',*,*,#7923,.T.);
#8819 = ORIENTED_EDGE('',*,*,#8820,.T.);
#8820 = EDGE_CURVE('',#7913,#8074,#8821,.T.);
#8821 = LINE('',#8822,#8823);
#8822 = CARTESIAN_POINT('',(0.,5.9,0.));
#8823 = VECTOR('',#8824,1.);
#8824 = DIRECTION('',(0.422618261741,-0.,0.906307787037));
#8825 = ORIENTED_EDGE('',*,*,#8084,.T.);
#8826 = ORIENTED_EDGE('',*,*,#8827,.T.);
#8827 = EDGE_CURVE('',#8085,#7924,#8828,.T.);
#8828 = LINE('',#8829,#8830);
#8829 = CARTESIAN_POINT('',(0.,9.2,0.));
#8830 = VECTOR('',#8831,1.);
#8831 = DIRECTION('',(-0.422618261741,0.,-0.906307787037));
#8832 = PLANE('',#8833);
#8833 = AXIS2_PLACEMENT_3D('',#8834,#8835,#8836);
#8834 = CARTESIAN_POINT('',(0.,0.,0.));
#8835 = DIRECTION('',(0.906307787037,0.,-0.422618261741));
#8836 = DIRECTION('',(-0.422618261741,0.,-0.906307787037));
#8837 = ADVANCED_FACE('',(#8838),#8844,.F.);
#8838 = FACE_BOUND('',#8839,.F.);
#8839 = EDGE_LOOP('',(#8840,#8841,#8842,#8843));
#8840 = ORIENTED_EDGE('',*,*,#8754,.T.);
#8841 = ORIENTED_EDGE('',*,*,#7861,.T.);
#8842 = ORIENTED_EDGE('',*,*,#8805,.T.);
#8843 = ORIENTED_EDGE('',*,*,#8116,.T.);
#8844 = CYLINDRICAL_SURFACE('',#8845,1.2);
#8845 = AXIS2_PLACEMENT_3D('',#8846,#8847,#8848);
#8846 = CARTESIAN_POINT('',(-3.888450853039,9.2,-3.137267913886));
#8847 = DIRECTION('',(0.906307787037,0.,0.422618261741));
#8848 = DIRECTION('',(0.422618261741,0.,-0.906307787037));
#8849 = ADVANCED_FACE('',(#8850),#8856,.F.);
#8850 = FACE_BOUND('',#8851,.F.);
#8851 = EDGE_LOOP('',(#8852,#8853,#8854,#8855));
#8852 = ORIENTED_EDGE('',*,*,#8827,.T.);
#8853 = ORIENTED_EDGE('',*,*,#7931,.T.);
#8854 = ORIENTED_EDGE('',*,*,#8761,.T.);
#8855 = ORIENTED_EDGE('',*,*,#8092,.T.);
#8856 = CYLINDRICAL_SURFACE('',#8857,1.2);
#8857 = AXIS2_PLACEMENT_3D('',#8858,#8859,#8860);
#8858 = CARTESIAN_POINT('',(-1.087569344444,9.2,0.507141914089));
#8859 = DIRECTION('',(-0.422618261741,0.,-0.906307787037));
#8860 = DIRECTION('',(-0.906307787037,0.,0.422618261741));
#8861 = ADVANCED_FACE('',(#8862),#8916,.F.);
#8862 = FACE_BOUND('',#8863,.T.);
#8863 = EDGE_LOOP('',(#8864,#8874,#8892,#8900));
#8864 = ORIENTED_EDGE('',*,*,#8865,.T.);
#8865 = EDGE_CURVE('',#8866,#8868,#8870,.T.);
#8866 = VERTEX_POINT('',#8867);
#8867 = CARTESIAN_POINT('',(-2.070462842628,7.983350440839,
    -2.088684153135));
#8868 = VERTEX_POINT('',#8869);
#8869 = CARTESIAN_POINT('',(-2.088684153135,7.983350440839,
    -2.070462842628));
#8870 = LINE('',#8871,#8872);
#8871 = CARTESIAN_POINT('',(-2.433126888475,7.983350440839,
    -1.726020107288));
#8872 = VECTOR('',#8873,1.);
#8873 = DIRECTION('',(-0.707106781187,-0.,0.707106781187));
#8874 = ORIENTED_EDGE('',*,*,#8875,.T.);
#8875 = EDGE_CURVE('',#8868,#8876,#8878,.T.);
#8876 = VERTEX_POINT('',#8877);
#8877 = CARTESIAN_POINT('',(-2.058165502879,7.485253091794,
    -2.039353076169));
#8878 = B_SPLINE_CURVE_WITH_KNOTS('',3,(#8879,#8880,#8881,#8882,#8883,
    #8884,#8885,#8886,#8887,#8888,#8889,#8890,#8891),.UNSPECIFIED.,.F.,
  .F.,(4,3,3,3,4),(0.,7.494146710069E-05,2.500327947681E-04,
    4.454541783278E-04,5.00000199694E-04),.UNSPECIFIED.);
#8879 = CARTESIAN_POINT('',(-2.088684153135,7.983350440839,
    -2.070462842628));
#8880 = CARTESIAN_POINT('',(-2.087166855077,7.958465029778,
    -2.068901127144));
#8881 = CARTESIAN_POINT('',(-2.085648872871,7.933579617476,
    -2.067340095655));
#8882 = CARTESIAN_POINT('',(-2.084130038647,7.908694203788,
    -2.065779916011));
#8883 = CARTESIAN_POINT('',(-2.080581473227,7.850552559953,
    -2.06213475221));
#8884 = CARTESIAN_POINT('',(-2.077028272868,7.792410907652,
    -2.058494222301));
#8885 = CARTESIAN_POINT('',(-2.073467973075,7.734269246822,
    -2.054860790769));
#8886 = CARTESIAN_POINT('',(-2.069494282827,7.669376691672,
    -2.050805477373));
#8887 = CARTESIAN_POINT('',(-2.065511765938,7.604484122677,
    -2.046758988905));
#8888 = CARTESIAN_POINT('',(-2.061515339811,7.539591547052,
    -2.042726408855));
#8889 = CARTESIAN_POINT('',(-2.060399857218,7.521478729187,
    -2.041600834977));
#8890 = CARTESIAN_POINT('',(-2.059283288113,7.503365910641,
    -2.040476347527));
#8891 = CARTESIAN_POINT('',(-2.058165502879,7.485253091794,
    -2.039353076169));
#8892 = ORIENTED_EDGE('',*,*,#8893,.T.);
#8893 = EDGE_CURVE('',#8876,#8894,#8896,.T.);
#8894 = VERTEX_POINT('',#8895);
#8895 = CARTESIAN_POINT('',(-2.039353076169,7.485253091794,
    -2.058165502879));
#8896 = LINE('',#8897,#8898);
#8897 = CARTESIAN_POINT('',(-2.402312680117,7.485253091794,
    -1.69520589893));
#8898 = VECTOR('',#8899,1.);
#8899 = DIRECTION('',(0.707106781187,0.,-0.707106781187));
#8900 = ORIENTED_EDGE('',*,*,#8901,.T.);
#8901 = EDGE_CURVE('',#8894,#8866,#8902,.T.);
#8902 = B_SPLINE_CURVE_WITH_KNOTS('',3,(#8903,#8904,#8905,#8906,#8907,
    #8908,#8909,#8910,#8911,#8912,#8913,#8914,#8915),.UNSPECIFIED.,.F.,
  .F.,(4,3,3,3,4),(0.,5.369415047064E-05,2.499674072905E-04,
    4.23354993777E-04,5.000002043495E-04),.UNSPECIFIED.);
#8903 = CARTESIAN_POINT('',(-2.039353076169,7.485253091794,
    -2.058165502879));
#8904 = CARTESIAN_POINT('',(-2.040458804859,7.50308303406,
    -2.059265831125));
#8905 = CARTESIAN_POINT('',(-2.041565711994,7.520912976034,
    -2.06036498089));
#8906 = CARTESIAN_POINT('',(-2.04267367377,7.538742917352,
    -2.061463075934));
#8907 = CARTESIAN_POINT('',(-2.046723710083,7.603918369601,
    -2.06547704546));
#8908 = CARTESIAN_POINT('',(-2.050787799648,7.669093815204,
    -2.06947696091));
#8909 = CARTESIAN_POINT('',(-2.054860790769,7.734269246822,
    -2.073467973075));
#8910 = CARTESIAN_POINT('',(-2.058458866851,7.791845154711,
    -2.076993629033));
#8911 = CARTESIAN_POINT('',(-2.062063904358,7.849421054235,
    -2.080512322531));
#8912 = CARTESIAN_POINT('',(-2.065673508501,7.906996945441,
    -2.084026448363));
#8913 = CARTESIAN_POINT('',(-2.067269117952,7.932448111976,
    -2.085579852052));
#8914 = CARTESIAN_POINT('',(-2.068865622615,7.957899277057,
    -2.087132360349));
#8915 = CARTESIAN_POINT('',(-2.070462842628,7.983350440839,
    -2.088684153135));
#8916 = PLANE('',#8917);
#8917 = AXIS2_PLACEMENT_3D('',#8918,#8919,#8920);
#8918 = CARTESIAN_POINT('',(-1.573647766304,-0.194703747153,
    -1.573647766304));
#8919 = DIRECTION('',(-0.704416026403,-8.715574274765E-02,
    -0.704416026403));
#8920 = DIRECTION('',(-0.707106781187,6.938893903907E-18,0.707106781187)
  );
#8921 = ADVANCED_FACE('',(#8922),#8971,.T.);
#8922 = FACE_BOUND('',#8923,.T.);
#8923 = EDGE_LOOP('',(#8924,#8925,#8936,#8947,#8948,#8949,#8962));
#8924 = ORIENTED_EDGE('',*,*,#8893,.F.);
#8925 = ORIENTED_EDGE('',*,*,#8926,.T.);
#8926 = EDGE_CURVE('',#8876,#8927,#8929,.T.);
#8927 = VERTEX_POINT('',#8928);
#8928 = CARTESIAN_POINT('',(-2.745546654709,7.442259446622,
    -2.020533289768));
#8929 = B_SPLINE_CURVE_WITH_KNOTS('',3,(#8930,#8931,#8932,#8933,#8934,
    #8935),.UNSPECIFIED.,.F.,.F.,(4,2,4),(0.,3.779409382967E-04,
    7.558818765934E-04),.UNSPECIFIED.);
#8930 = CARTESIAN_POINT('',(-2.058165502879,7.485253091794,
    -2.039353076169));
#8931 = CARTESIAN_POINT('',(-2.148529622041,7.485253091794,
    -1.948988957006));
#8932 = CARTESIAN_POINT('',(-2.272397659229,7.480916134023,
    -1.896177015668));
#8933 = CARTESIAN_POINT('',(-2.524673670548,7.465466163835,
    -1.889214469155));
#8934 = CARTESIAN_POINT('',(-2.651119647686,7.454188631955,
    -1.935253899628));
#8935 = CARTESIAN_POINT('',(-2.745546654709,7.442259446622,
    -2.020533289768));
#8936 = ORIENTED_EDGE('',*,*,#8937,.F.);
#8937 = EDGE_CURVE('',#7737,#8927,#8938,.T.);
#8938 = B_SPLINE_CURVE_WITH_KNOTS('',3,(#8939,#8940,#8941,#8942,#8943,
    #8944,#8945,#8946),.UNSPECIFIED.,.F.,.F.,(4,2,2,4),(0.,
    0.457687736299,0.694874842468,0.85335307711),.UNSPECIFIED.);
#8939 = CARTESIAN_POINT('',(-3.541148542033,5.4,-2.526413862227));
#8940 = CARTESIAN_POINT('',(-3.541148542033,5.888939689982,
    -2.526413862227));
#8941 = CARTESIAN_POINT('',(-3.516565270854,6.388150782152,
    -2.56627188767));
#8942 = CARTESIAN_POINT('',(-3.476909733624,7.15080263699,
    -2.632732383016));
#8943 = CARTESIAN_POINT('',(-3.322746459292,7.369247115097,
    -2.516255080112));
#8944 = CARTESIAN_POINT('',(-2.999661158515,7.410067649488,
    -2.244783875745));
#8945 = CARTESIAN_POINT('',(-2.871501624997,7.426347259722,
    -2.13428637154));
#8946 = CARTESIAN_POINT('',(-2.745546654709,7.442259446622,
    -2.020533289768));
#8947 = ORIENTED_EDGE('',*,*,#8043,.T.);
#8948 = ORIENTED_EDGE('',*,*,#8052,.T.);
#8949 = ORIENTED_EDGE('',*,*,#8950,.T.);
#8950 = EDGE_CURVE('',#8053,#8951,#8953,.T.);
#8951 = VERTEX_POINT('',#8952);
#8952 = CARTESIAN_POINT('',(-2.020533289768,7.442259446622,
    -2.745546654709));
#8953 = B_SPLINE_CURVE_WITH_KNOTS('',3,(#8954,#8955,#8956,#8957,#8958,
    #8959,#8960,#8961),.UNSPECIFIED.,.F.,.F.,(4,2,2,4),(0.,
    0.457687736299,0.694874842468,0.85335307711),.UNSPECIFIED.);
#8954 = CARTESIAN_POINT('',(-2.526413862227,5.4,-3.541148542033));
#8955 = CARTESIAN_POINT('',(-2.526413862227,5.888939689982,
    -3.541148542033));
#8956 = CARTESIAN_POINT('',(-2.56627188767,6.388150782152,
    -3.516565270854));
#8957 = CARTESIAN_POINT('',(-2.632732383016,7.15080263699,
    -3.476909733624));
#8958 = CARTESIAN_POINT('',(-2.516255080112,7.369247115097,
    -3.322746459292));
#8959 = CARTESIAN_POINT('',(-2.244783875745,7.410067649488,
    -2.999661158515));
#8960 = CARTESIAN_POINT('',(-2.13428637154,7.426347259722,
    -2.871501624997));
#8961 = CARTESIAN_POINT('',(-2.020533289768,7.442259446622,
    -2.745546654709));
#8962 = ORIENTED_EDGE('',*,*,#8963,.T.);
#8963 = EDGE_CURVE('',#8951,#8894,#8964,.T.);
#8964 = B_SPLINE_CURVE_WITH_KNOTS('',3,(#8965,#8966,#8967,#8968,#8969,
    #8970),.UNSPECIFIED.,.F.,.F.,(4,2,4),(0.,3.779410109847E-04,
    7.558820219693E-04),.UNSPECIFIED.);
#8965 = CARTESIAN_POINT('',(-2.020533289768,7.442259446622,
    -2.745546654709));
#8966 = CARTESIAN_POINT('',(-1.935253921429,7.454188628905,
    -2.651119671826));
#8967 = CARTESIAN_POINT('',(-1.889283127763,7.465442181946,
    -2.52498010831));
#8968 = CARTESIAN_POINT('',(-1.896091732544,7.48090280069,
    -2.272700320561));
#8969 = CARTESIAN_POINT('',(-1.94898896252,7.485253091794,
    -2.148529616527));
#8970 = CARTESIAN_POINT('',(-2.039353076169,7.485253091794,
    -2.058165502879));
#8971 = B_SPLINE_SURFACE_WITH_KNOTS('',3,3,(
    (#8972,#8973,#8974,#8975,#8976,#8977,#8978,#8979)
    ,(#8980,#8981,#8982,#8983,#8984,#8985,#8986,#8987)
    ,(#8988,#8989,#8990,#8991,#8992,#8993,#8994,#8995)
    ,(#8996,#8997,#8998,#8999,#9000,#9001,#9002,#9003)
    ,(#9004,#9005,#9006,#9007,#9008,#9009,#9010,#9011)
    ,(#9012,#9013,#9014,#9015,#9016,#9017,#9018,#9019)
    ,(#9020,#9021,#9022,#9023,#9024,#9025,#9026,#9027)
    ,(#9028,#9029,#9030,#9031,#9032,#9033,#9034,#9035)
    ,(#9036,#9037,#9038,#9039,#9040,#9041,#9042,#9043)
    ,(#9044,#9045,#9046,#9047,#9048,#9049,#9050,#9051)
    ,(#9052,#9053,#9054,#9055,#9056,#9057,#9058,#9059)
    ,(#9060,#9061,#9062,#9063,#9064,#9065,#9066,#9067
  )),.UNSPECIFIED.,.F.,.F.,.F.,(4,1,1,1,2,1,1,1,4),(4,2,2,4),(
    0.655308502715,0.698394939875,0.741481377036,0.784567814197,
    0.827654251357,0.870740688518,0.913827125679,0.956913562839,1.),(0.,
    0.457687736299,0.694874842468,1.),.UNSPECIFIED.);
#8972 = CARTESIAN_POINT('',(-3.541148542033,5.4,-2.526413862227));
#8973 = CARTESIAN_POINT('',(-3.541148542033,5.888939689982,
    -2.526413862227));
#8974 = CARTESIAN_POINT('',(-3.516565270854,6.388150782152,
    -2.56627188767));
#8975 = CARTESIAN_POINT('',(-3.476909733624,7.15080263699,
    -2.632732383016));
#8976 = CARTESIAN_POINT('',(-3.322746459292,7.369247115097,
    -2.516255080112));
#8977 = CARTESIAN_POINT('',(-2.879914846916,7.425197116594,
    -2.144167489453));
#8978 = CARTESIAN_POINT('',(-2.635386675666,7.456415392996,
    -1.928279894479));
#8979 = CARTESIAN_POINT('',(-2.402312680117,7.485253091794,
    -1.69520589893));
#8980 = CARTESIAN_POINT('',(-3.509067542082,5.4,-2.57138020282));
#8981 = CARTESIAN_POINT('',(-3.509067542082,5.890707355606,
    -2.57138020282));
#8982 = CARTESIAN_POINT('',(-3.484692500996,6.390044531516,
    -2.608710735259));
#8983 = CARTESIAN_POINT('',(-3.44524785499,7.152131052533,-2.67087718328
    ));
#8984 = CARTESIAN_POINT('',(-3.291137948062,7.370248696973,
    -2.552853367146));
#8985 = CARTESIAN_POINT('',(-2.848297465878,7.425509109894,
    -2.177753614313));
#8986 = CARTESIAN_POINT('',(-2.60366956607,7.45638115695,-1.96055041385)
  );
#8987 = CARTESIAN_POINT('',(-2.370318865634,7.485253091794,
    -1.727199713413));
#8988 = CARTESIAN_POINT('',(-3.440778887191,5.4,-2.663464034156));
#8989 = CARTESIAN_POINT('',(-3.440778887191,5.894242686854,
    -2.663464034156));
#8990 = CARTESIAN_POINT('',(-3.418291907289,6.393832030244,
    -2.69468180452));
#8991 = CARTESIAN_POINT('',(-3.381692341639,7.154787883619,
    -2.746518309022));
#8992 = CARTESIAN_POINT('',(-3.228549777793,7.372251860725,
    -2.624782867474));
#8993 = CARTESIAN_POINT('',(-2.787307087931,7.426133096493,
    -2.242497557713));
#8994 = CARTESIAN_POINT('',(-2.543133775897,7.456312684856,
    -2.022193023575));
#8995 = CARTESIAN_POINT('',(-2.309229665685,7.485253091794,
    -1.788288913362));
#8996 = CARTESIAN_POINT('',(-3.326620862194,5.4,-2.804912140922));
#8997 = CARTESIAN_POINT('',(-3.326620862194,5.897486567778,
    -2.804912140922));
#8998 = CARTESIAN_POINT('',(-3.310092796685,6.39730729013,
    -2.825151547111));
#8999 = CARTESIAN_POINT('',(-3.283063584564,7.157225687341,
    -2.858667644115));
#9000 = CARTESIAN_POINT('',(-3.133280322039,7.374089885008,
    -2.730386399094));
#9001 = CARTESIAN_POINT('',(-2.698143583362,7.426705642057,
    -2.335613199833));
#9002 = CARTESIAN_POINT('',(-2.456265829281,7.456249857556,
    -2.110076544285));
#9003 = CARTESIAN_POINT('',(-2.221853932022,7.485253091794,
    -1.875664647026));
#9004 = CARTESIAN_POINT('',(-3.203461725437,5.4,-2.944815012523));
#9005 = CARTESIAN_POINT('',(-3.203461725437,5.899602665862,
    -2.944815012523));
#9006 = CARTESIAN_POINT('',(-3.194976977707,6.399574324883,
    -2.953958479424));
#9007 = CARTESIAN_POINT('',(-3.181034742794,7.1588159528,-2.969044775843
    ));
#9008 = CARTESIAN_POINT('',(-3.035873408032,7.375288893158,
    -2.834192612804));
#9009 = CARTESIAN_POINT('',(-2.609282395361,7.427079133748,
    -2.426953954353));
#9010 = CARTESIAN_POINT('',(-2.37074927368,7.456208873089,
    -2.196255594731));
#9011 = CARTESIAN_POINT('',(-2.136006128998,7.485253091794,
    -1.961512450049));
#9012 = CARTESIAN_POINT('',(-3.118389224411,5.4,-3.033439771911));
#9013 = CARTESIAN_POINT('',(-3.118389327659,5.9,-3.033439668664));
#9014 = CARTESIAN_POINT('',(-3.115663636812,6.4,-3.036165359511));
#9015 = CARTESIAN_POINT('',(-3.111175127769,7.159114552738,
    -3.040653868554));
#9016 = CARTESIAN_POINT('',(-2.969366335218,7.375514027745,
    -2.90203318388));
#9017 = CARTESIAN_POINT('',(-2.549044204005,7.427149263295,
    -2.487695743579));
#9018 = CARTESIAN_POINT('',(-2.313027421558,7.456201177544,
    -2.254101841758));
#9019 = CARTESIAN_POINT('',(-2.078222072073,7.485253091794,
    -2.019296506974));
#9020 = CARTESIAN_POINT('',(-3.033439771912,5.4,-3.118389224411));
#9021 = CARTESIAN_POINT('',(-3.033439668664,5.9,-3.118389327659));
#9022 = CARTESIAN_POINT('',(-3.036165359511,6.4,-3.115663636812));
#9023 = CARTESIAN_POINT('',(-3.040653868554,7.159114552738,
    -3.111175127769));
#9024 = CARTESIAN_POINT('',(-2.90203318388,7.375514027745,
    -2.969366335218));
#9025 = CARTESIAN_POINT('',(-2.487695743579,7.427149263295,
    -2.549044204005));
#9026 = CARTESIAN_POINT('',(-2.254101841758,7.456201177544,
    -2.313027421558));
#9027 = CARTESIAN_POINT('',(-2.019296506974,7.485253091794,
    -2.078222072073));
#9028 = CARTESIAN_POINT('',(-2.944815012523,5.4,-3.203461725437));
#9029 = CARTESIAN_POINT('',(-2.944815012523,5.899602665862,
    -3.203461725437));
#9030 = CARTESIAN_POINT('',(-2.953958479424,6.399574324883,
    -3.194976977707));
#9031 = CARTESIAN_POINT('',(-2.969044775843,7.1588159528,-3.181034742794
    ));
#9032 = CARTESIAN_POINT('',(-2.834192612804,7.375288893158,
    -3.035873408032));
#9033 = CARTESIAN_POINT('',(-2.426953954353,7.427079133748,
    -2.609282395361));
#9034 = CARTESIAN_POINT('',(-2.196255594731,7.456208873089,
    -2.37074927368));
#9035 = CARTESIAN_POINT('',(-1.961512450049,7.485253091794,
    -2.136006128998));
#9036 = CARTESIAN_POINT('',(-2.804912140922,5.4,-3.326620862194));
#9037 = CARTESIAN_POINT('',(-2.804912140922,5.897486567778,
    -3.326620862194));
#9038 = CARTESIAN_POINT('',(-2.825151547111,6.39730729013,
    -3.310092796685));
#9039 = CARTESIAN_POINT('',(-2.858667644115,7.157225687341,
    -3.283063584564));
#9040 = CARTESIAN_POINT('',(-2.730386399094,7.374089885008,
    -3.133280322039));
#9041 = CARTESIAN_POINT('',(-2.335613199833,7.426705642057,
    -2.698143583362));
#9042 = CARTESIAN_POINT('',(-2.110076544285,7.456249857556,
    -2.456265829281));
#9043 = CARTESIAN_POINT('',(-1.875664647026,7.485253091794,
    -2.221853932022));
#9044 = CARTESIAN_POINT('',(-2.663464034156,5.4,-3.440778887191));
#9045 = CARTESIAN_POINT('',(-2.663464034156,5.894242686854,
    -3.440778887191));
#9046 = CARTESIAN_POINT('',(-2.69468180452,6.393832030244,
    -3.418291907289));
#9047 = CARTESIAN_POINT('',(-2.746518309022,7.154787883619,
    -3.381692341639));
#9048 = CARTESIAN_POINT('',(-2.624782867474,7.372251860725,
    -3.228549777793));
#9049 = CARTESIAN_POINT('',(-2.242497557713,7.426133096493,
    -2.787307087931));
#9050 = CARTESIAN_POINT('',(-2.022193023575,7.456312684856,
    -2.543133775897));
#9051 = CARTESIAN_POINT('',(-1.788288913362,7.485253091794,
    -2.309229665685));
#9052 = CARTESIAN_POINT('',(-2.57138020282,5.4,-3.509067542082));
#9053 = CARTESIAN_POINT('',(-2.57138020282,5.890707355606,
    -3.509067542082));
#9054 = CARTESIAN_POINT('',(-2.608710735259,6.390044531516,
    -3.484692500996));
#9055 = CARTESIAN_POINT('',(-2.67087718328,7.152131052533,-3.44524785499
    ));
#9056 = CARTESIAN_POINT('',(-2.552853367146,7.370248696973,
    -3.291137948062));
#9057 = CARTESIAN_POINT('',(-2.177753614313,7.425509109894,
    -2.848297465878));
#9058 = CARTESIAN_POINT('',(-1.96055041385,7.45638115695,-2.60366956607)
  );
#9059 = CARTESIAN_POINT('',(-1.727199713413,7.485253091794,
    -2.370318865634));
#9060 = CARTESIAN_POINT('',(-2.526413862227,5.4,-3.541148542033));
#9061 = CARTESIAN_POINT('',(-2.526413862227,5.888939689982,
    -3.541148542033));
#9062 = CARTESIAN_POINT('',(-2.56627188767,6.388150782152,
    -3.516565270854));
#9063 = CARTESIAN_POINT('',(-2.632732383016,7.15080263699,
    -3.476909733624));
#9064 = CARTESIAN_POINT('',(-2.516255080112,7.369247115097,
    -3.322746459292));
#9065 = CARTESIAN_POINT('',(-2.144167489453,7.425197116594,
    -2.879914846916));
#9066 = CARTESIAN_POINT('',(-1.928279894479,7.456415392996,
    -2.635386675666));
#9067 = CARTESIAN_POINT('',(-1.69520589893,7.485253091794,
    -2.402312680117));
#9068 = ADVANCED_FACE('',(#9069),#9102,.T.);
#9069 = FACE_BOUND('',#9070,.T.);
#9070 = EDGE_LOOP('',(#9071,#9072,#9090,#9101));
#9071 = ORIENTED_EDGE('',*,*,#8937,.T.);
#9072 = ORIENTED_EDGE('',*,*,#9073,.T.);
#9073 = EDGE_CURVE('',#8927,#9074,#9076,.T.);
#9074 = VERTEX_POINT('',#9075);
#9075 = CARTESIAN_POINT('',(-2.776932176584,7.948157316176,
    -2.05248390058));
#9076 = B_SPLINE_CURVE_WITH_KNOTS('',3,(#9077,#9078,#9079,#9080,#9081,
    #9082,#9083,#9084,#9085,#9086,#9087,#9088,#9089),.UNSPECIFIED.,.F.,
  .F.,(4,3,3,3,4),(2.602085213965E-18,5.63696610682E-05,
    2.52037583053E-04,4.272710881447E-04,5.078766722351E-04),
  .UNSPECIFIED.);
#9077 = CARTESIAN_POINT('',(-2.745546654709,7.442259446622,
    -2.020533289768));
#9078 = CARTESIAN_POINT('',(-2.746697538266,7.460978343533,
    -2.021690104272));
#9079 = CARTESIAN_POINT('',(-2.747849937251,7.479696910018,
    -2.022850763832));
#9080 = CARTESIAN_POINT('',(-2.749003709304,7.49841517718,
    -2.024014868142));
#9081 = CARTESIAN_POINT('',(-2.753008632144,7.563389203459,
    -2.028055655862));
#9082 = CARTESIAN_POINT('',(-2.757030030395,7.628359647273,
    -2.032137817558));
#9083 = CARTESIAN_POINT('',(-2.761062846884,7.69332764935,
    -2.036247143612));
#9084 = CARTESIAN_POINT('',(-2.764674499803,7.751510776444,
    -2.039927315887));
#9085 = CARTESIAN_POINT('',(-2.768295315606,7.809691956742,
    -2.043629307564));
#9086 = CARTESIAN_POINT('',(-2.771922644368,7.867871782764,
    -2.04734606871));
#9087 = CARTESIAN_POINT('',(-2.773591177827,7.89463389691,
    -2.049055740134));
#9088 = CARTESIAN_POINT('',(-2.775261096026,7.921395724478,
    -2.050768548318));
#9089 = CARTESIAN_POINT('',(-2.776932176584,7.948157316176,
    -2.05248390058));
#9090 = ORIENTED_EDGE('',*,*,#9091,.F.);
#9091 = EDGE_CURVE('',#7720,#9074,#9092,.T.);
#9092 = B_SPLINE_CURVE_WITH_KNOTS('',3,(#9093,#9094,#9095,#9096,#9097,
    #9098,#9099,#9100),.UNSPECIFIED.,.F.,.F.,(4,2,2,4),(0.,
    0.457687736299,0.694874842468,0.878227364095),.UNSPECIFIED.);
#9093 = CARTESIAN_POINT('',(-3.948177110083,5.4,-2.816806260185));
#9094 = CARTESIAN_POINT('',(-3.948177110083,6.195651636896,
    -2.816806260185));
#9095 = CARTESIAN_POINT('',(-3.877746757182,6.821080292725,
    -2.835249923004));
#9096 = CARTESIAN_POINT('',(-3.739690271061,7.657458044823,
    -2.843543036312));
#9097 = CARTESIAN_POINT('',(-3.546845517725,7.880212262388,
    -2.702672774377));
#9098 = CARTESIAN_POINT('',(-3.132467796145,7.919639093729,
    -2.363953561976));
#9099 = CARTESIAN_POINT('',(-2.952663949693,7.932824547714,
    -2.211577340875));
#9100 = CARTESIAN_POINT('',(-2.776932176584,7.948157316176,
    -2.05248390058));
#9101 = ORIENTED_EDGE('',*,*,#7745,.T.);
#9102 = B_SPLINE_SURFACE_WITH_KNOTS('',3,3,(
    (#9103,#9104,#9105,#9106,#9107,#9108,#9109,#9110)
    ,(#9111,#9112,#9113,#9114,#9115,#9116,#9117,#9118)
    ,(#9119,#9120,#9121,#9122,#9123,#9124,#9125,#9126)
    ,(#9127,#9128,#9129,#9130,#9131,#9132,#9133,#9134)
    ,(#9135,#9136,#9137,#9138,#9139,#9140,#9141,#9142)
    ,(#9143,#9144,#9145,#9146,#9147,#9148,#9149,#9150)
    ,(#9151,#9152,#9153,#9154,#9155,#9156,#9157,#9158
  )),.UNSPECIFIED.,.F.,.F.,.F.,(4,1,1,1,4),(4,2,2,4),(0.510231312105,
    0.546500609757,0.58276990741,0.619039205062,0.655308502715),(0.,
    0.457687736299,0.694874842468,1.),.UNSPECIFIED.);
#9103 = CARTESIAN_POINT('',(-3.948177110083,5.4,-2.816806260185));
#9104 = CARTESIAN_POINT('',(-3.948177110083,6.195651636896,
    -2.816806260185));
#9105 = CARTESIAN_POINT('',(-3.877746757182,6.821080292725,
    -2.835249923004));
#9106 = CARTESIAN_POINT('',(-3.739690271061,7.657458044823,
    -2.843543036312));
#9107 = CARTESIAN_POINT('',(-3.546845517725,7.880212262388,
    -2.702672774377));
#9108 = CARTESIAN_POINT('',(-3.012479419113,7.93105563776,
    -2.265873075384));
#9109 = CARTESIAN_POINT('',(-2.714212619778,7.948572362588,
    -2.007105838592));
#9110 = CARTESIAN_POINT('',(-2.433126888475,7.983350440839,
    -1.726020107288));
#9111 = CARTESIAN_POINT('',(-3.914258062746,5.4,-2.792606893688));
#9112 = CARTESIAN_POINT('',(-3.914258062746,6.17005008707,
    -2.792606893688));
#9113 = CARTESIAN_POINT('',(-3.847643762611,6.784957601069,
    -2.812830549349));
#9114 = CARTESIAN_POINT('',(-3.717783036736,7.615205031464,
    -2.825966625665));
#9115 = CARTESIAN_POINT('',(-3.528160720405,7.837607910538,
    -2.687128090737));
#9116 = CARTESIAN_POINT('',(-3.001423186392,7.888893308997,
    -2.255721758185));
#9117 = CARTESIAN_POINT('',(-2.707637181971,7.907560099521,
    -2.000530400785));
#9118 = CARTESIAN_POINT('',(-2.430559037778,7.941842328419,
    -1.723452256592));
#9119 = CARTESIAN_POINT('',(-3.846419968071,5.4,-2.744208160695));
#9120 = CARTESIAN_POINT('',(-3.846419968071,6.11884698742,
    -2.744208160695));
#9121 = CARTESIAN_POINT('',(-3.787437773468,6.712712217757,
    -2.767991802039));
#9122 = CARTESIAN_POINT('',(-3.673968568084,7.530699004748,
    -2.79081380437));
#9123 = CARTESIAN_POINT('',(-3.490791125764,7.752399206838,
    -2.656038723458));
#9124 = CARTESIAN_POINT('',(-2.979310720951,7.804568651471,
    -2.235419123788));
#9125 = CARTESIAN_POINT('',(-2.694486306357,7.825535573387,
    -1.987379525171));
#9126 = CARTESIAN_POINT('',(-2.425423336385,7.858826103578,
    -1.718316555199));
#9127 = CARTESIAN_POINT('',(-3.744662826058,5.4,-2.671610061206));
#9128 = CARTESIAN_POINT('',(-3.744662826058,6.042125368096,
    -2.671610061206));
#9129 = CARTESIAN_POINT('',(-3.697137712799,6.604433095299,
    -2.700742604118));
#9130 = CARTESIAN_POINT('',(-3.608264281407,7.404002362528,
    -2.738101988728));
#9131 = CARTESIAN_POINT('',(-3.434756155169,7.62463319723,
    -2.609424093905));
#9132 = CARTESIAN_POINT('',(-2.946160085757,7.678096320019,
    -2.20498323516));
#9133 = CARTESIAN_POINT('',(-2.674772990218,7.702497176063,
    -1.967666209031));
#9134 = CARTESIAN_POINT('',(-2.417719784296,7.734301766316,
    -1.710613003109));
#9135 = CARTESIAN_POINT('',(-3.642905684046,5.4,-2.599011961717));
#9136 = CARTESIAN_POINT('',(-3.642905684046,5.965469890163,
    -2.599011961717));
#9137 = CARTESIAN_POINT('',(-3.606844760181,6.496224831955,
    -2.633500514249));
#9138 = CARTESIAN_POINT('',(-3.542573868464,7.277355426118,
    -2.68540404682));
#9139 = CARTESIAN_POINT('',(-3.378736655534,7.496904664178,
    -2.562824935312));
#9140 = CARTESIAN_POINT('',(-2.913023839431,7.551635662534,
    -2.174561735401));
#9141 = CARTESIAN_POINT('',(-2.655070027647,7.579457497716,
    -1.94796324646));
#9142 = CARTESIAN_POINT('',(-2.410016232206,7.609777429055,
    -1.70290945102));
#9143 = CARTESIAN_POINT('',(-3.575067589371,5.4,-2.550613228724));
#9144 = CARTESIAN_POINT('',(-3.575067589371,5.914449756709,
    -2.550613228724));
#9145 = CARTESIAN_POINT('',(-3.546658433963,6.42417546542,
    -2.588681429863));
#9146 = CARTESIAN_POINT('',(-3.49879777857,7.192986900033,
    -2.650289604284));
#9147 = CARTESIAN_POINT('',(-3.341409858039,7.411799631458,
    -2.531778365178));
#9148 = CARTESIAN_POINT('',(-2.890951177754,7.467343298574,
    -2.154298904769));
#9149 = CARTESIAN_POINT('',(-2.641947792993,7.497429427903,
    -1.934841011806));
#9150 = CARTESIAN_POINT('',(-2.404880530813,7.526761204214,
    -1.697773749627));
#9151 = CARTESIAN_POINT('',(-3.541148542033,5.4,-2.526413862227));
#9152 = CARTESIAN_POINT('',(-3.541148542033,5.888939689982,
    -2.526413862227));
#9153 = CARTESIAN_POINT('',(-3.516565270854,6.388150782152,
    -2.56627188767));
#9154 = CARTESIAN_POINT('',(-3.476909733624,7.15080263699,
    -2.632732383016));
#9155 = CARTESIAN_POINT('',(-3.322746459292,7.369247115097,
    -2.516255080112));
#9156 = CARTESIAN_POINT('',(-2.879914846916,7.425197116594,
    -2.144167489453));
#9157 = CARTESIAN_POINT('',(-2.635386675666,7.456415392996,
    -1.928279894479));
#9158 = CARTESIAN_POINT('',(-2.402312680117,7.485253091794,
    -1.69520589893));
#9159 = ADVANCED_FACE('',(#9160),#9196,.T.);
#9160 = FACE_BOUND('',#9161,.T.);
#9161 = EDGE_LOOP('',(#9162,#9163,#9172,#9173,#9184,#9195));
#9162 = ORIENTED_EDGE('',*,*,#9091,.T.);
#9163 = ORIENTED_EDGE('',*,*,#9164,.T.);
#9164 = EDGE_CURVE('',#9074,#8868,#9165,.T.);
#9165 = B_SPLINE_CURVE_WITH_KNOTS('',3,(#9166,#9167,#9168,#9169,#9170,
    #9171),.UNSPECIFIED.,.F.,.F.,(4,2,4),(0.,3.782210544668E-04,
    7.564421089336E-04),.UNSPECIFIED.);
#9166 = CARTESIAN_POINT('',(-2.776932176584,7.948157316176,
    -2.05248390058));
#9167 = CARTESIAN_POINT('',(-2.682322439661,7.956412107924,
    -1.966831839679));
#9168 = CARTESIAN_POINT('',(-2.555971556413,7.965201411077,
    -1.920559943267));
#9169 = CARTESIAN_POINT('',(-2.30340209951,7.97880968662,-1.927113416907
    ));
#9170 = CARTESIAN_POINT('',(-2.179115137377,7.983350440839,
    -1.980031858387));
#9171 = CARTESIAN_POINT('',(-2.088684153135,7.983350440839,
    -2.070462842628));
#9172 = ORIENTED_EDGE('',*,*,#8865,.F.);
#9173 = ORIENTED_EDGE('',*,*,#9174,.T.);
#9174 = EDGE_CURVE('',#8866,#9175,#9177,.T.);
#9175 = VERTEX_POINT('',#9176);
#9176 = CARTESIAN_POINT('',(-2.05248390058,7.948157316176,
    -2.776932176584));
#9177 = B_SPLINE_CURVE_WITH_KNOTS('',3,(#9178,#9179,#9180,#9181,#9182,
    #9183),.UNSPECIFIED.,.F.,.F.,(4,2,4),(0.,3.782207058986E-04,
    7.564414117972E-04),.UNSPECIFIED.);
#9178 = CARTESIAN_POINT('',(-2.070462842628,7.983350440839,
    -2.088684153135));
#9179 = CARTESIAN_POINT('',(-1.980031870571,7.983350440839,
    -2.179115125193));
#9180 = CARTESIAN_POINT('',(-1.927199290757,7.978822808245,
    -2.303097301244));
#9181 = CARTESIAN_POINT('',(-1.920490208602,7.965221401036,
    -2.555661658924));
#9182 = CARTESIAN_POINT('',(-1.966831719342,7.956412119522,
    -2.682322306739));
#9183 = CARTESIAN_POINT('',(-2.05248390058,7.948157316176,
    -2.776932176584));
#9184 = ORIENTED_EDGE('',*,*,#9185,.F.);
#9185 = EDGE_CURVE('',#7895,#9175,#9186,.T.);
#9186 = B_SPLINE_CURVE_WITH_KNOTS('',3,(#9187,#9188,#9189,#9190,#9191,
    #9192,#9193,#9194),.UNSPECIFIED.,.F.,.F.,(4,2,2,4),(0.,
    0.457687736299,0.694874842468,0.878227364095),.UNSPECIFIED.);
#9187 = CARTESIAN_POINT('',(-2.816806260185,5.4,-3.948177110083));
#9188 = CARTESIAN_POINT('',(-2.816806260185,6.195651636896,
    -3.948177110083));
#9189 = CARTESIAN_POINT('',(-2.835249923004,6.821080292725,
    -3.877746757182));
#9190 = CARTESIAN_POINT('',(-2.843543036312,7.657458044823,
    -3.739690271061));
#9191 = CARTESIAN_POINT('',(-2.702672774377,7.880212262388,
    -3.546845517725));
#9192 = CARTESIAN_POINT('',(-2.363953561976,7.919639093729,
    -3.132467796145));
#9193 = CARTESIAN_POINT('',(-2.211577340875,7.932824547714,
    -2.952663949693));
#9194 = CARTESIAN_POINT('',(-2.05248390058,7.948157316176,
    -2.776932176584));
#9195 = ORIENTED_EDGE('',*,*,#7894,.T.);
#9196 = B_SPLINE_SURFACE_WITH_KNOTS('',3,3,(
    (#9197,#9198,#9199,#9200,#9201,#9202,#9203,#9204)
    ,(#9205,#9206,#9207,#9208,#9209,#9210,#9211,#9212)
    ,(#9213,#9214,#9215,#9216,#9217,#9218,#9219,#9220)
    ,(#9221,#9222,#9223,#9224,#9225,#9226,#9227,#9228)
    ,(#9229,#9230,#9231,#9232,#9233,#9234,#9235,#9236)
    ,(#9237,#9238,#9239,#9240,#9241,#9242,#9243,#9244)
    ,(#9245,#9246,#9247,#9248,#9249,#9250,#9251,#9252
  )),.UNSPECIFIED.,.F.,.F.,.F.,(4,1,1,1,4),(4,2,2,4),(0.14507719061,
    0.236365720984,0.327654251357,0.418942781731,0.510231312105),(0.,
    0.457687736299,0.694874842468,1.),.UNSPECIFIED.);
#9197 = CARTESIAN_POINT('',(-2.816806260185,5.4,-3.948177110083));
#9198 = CARTESIAN_POINT('',(-2.816806260185,6.195651636896,
    -3.948177110083));
#9199 = CARTESIAN_POINT('',(-2.835249923004,6.821080292725,
    -3.877746757182));
#9200 = CARTESIAN_POINT('',(-2.843543036312,7.657458044823,
    -3.739690271061));
#9201 = CARTESIAN_POINT('',(-2.702672774377,7.880212262388,
    -3.546845517725));
#9202 = CARTESIAN_POINT('',(-2.265873075384,7.93105563776,
    -3.012479419113));
#9203 = CARTESIAN_POINT('',(-2.007105838592,7.948572362588,
    -2.714212619778));
#9204 = CARTESIAN_POINT('',(-1.726020107288,7.983350440839,
    -2.433126888475));
#9205 = CARTESIAN_POINT('',(-2.925845533593,5.4,-3.870383612127));
#9206 = CARTESIAN_POINT('',(-2.925845533593,6.198889083657,
    -3.870383612127));
#9207 = CARTESIAN_POINT('',(-2.934139394211,6.824548659515,
    -3.804253597665));
#9208 = CARTESIAN_POINT('',(-2.925476980567,7.659891013218,
    -3.673036754387));
#9209 = CARTESIAN_POINT('',(-2.778545716214,7.882046640993,
    -3.482581598106));
#9210 = CARTESIAN_POINT('',(-2.330168592124,7.931627047694,
    -2.952501520927));
#9211 = CARTESIAN_POINT('',(-2.066538183554,7.948509659905,
    -2.655793834543));
#9212 = CARTESIAN_POINT('',(-1.784945672387,7.983350440839,
    -2.374201323376));
#9213 = CARTESIAN_POINT('',(-3.137476135271,5.4,-3.705757289258));
#9214 = CARTESIAN_POINT('',(-3.137476135271,6.205363977181,
    -3.705757289258));
#9215 = CARTESIAN_POINT('',(-3.126821094549,6.831485393095,
    -3.650121492382));
#9216 = CARTESIAN_POINT('',(-3.086471841255,7.66475695001,
    -3.535702044423));
#9217 = CARTESIAN_POINT('',(-2.928208477916,7.885715398202,
    -3.351133445465));
#9218 = CARTESIAN_POINT('',(-2.458159313132,7.932769867562,
    -2.831704150905));
#9219 = CARTESIAN_POINT('',(-2.185402873478,7.948384254537,
    -2.538956264071));
#9220 = CARTESIAN_POINT('',(-1.902796802585,7.983350440839,
    -2.256350193178));
#9221 = CARTESIAN_POINT('',(-3.433396671999,5.4,-3.433390846508));
#9222 = CARTESIAN_POINT('',(-3.433396671999,6.207878507864,
    -3.433390846508));
#9223 = CARTESIAN_POINT('',(-3.398053840432,6.834179279776,
    -3.398049235253));
#9224 = CARTESIAN_POINT('',(-3.316863215165,7.666646640909,
    -3.316860619485));
#9225 = CARTESIAN_POINT('',(-3.144064851976,7.887140163341,
    -3.144062969949));
#9226 = CARTESIAN_POINT('',(-2.646575491169,7.933213682678,
    -2.646574948808));
#9227 = CARTESIAN_POINT('',(-2.362573185599,7.94833555325,
    -2.362573185599));
#9228 = CARTESIAN_POINT('',(-2.079573497882,7.983350440839,
    -2.079573497882));
#9229 = CARTESIAN_POINT('',(-3.705755793475,5.4,-3.137477438465));
#9230 = CARTESIAN_POINT('',(-3.705755793475,6.205363952073,
    -3.137477438465));
#9231 = CARTESIAN_POINT('',(-3.650120307235,6.831485366196,
    -3.126822122054));
#9232 = CARTESIAN_POINT('',(-3.535701372677,7.664756931141,
    -3.086472416656));
#9233 = CARTESIAN_POINT('',(-3.351132956354,7.885715383976,
    -2.928208893063));
#9234 = CARTESIAN_POINT('',(-2.831704006183,7.93276986313,
    -2.458159428999));
#9235 = CARTESIAN_POINT('',(-2.538956260141,7.948384255023,
    -2.185402869547));
#9236 = CARTESIAN_POINT('',(-2.256350193178,7.983350440839,
    -1.902796802585));
#9237 = CARTESIAN_POINT('',(-3.870383612127,5.4,-2.925845533593));
#9238 = CARTESIAN_POINT('',(-3.870383612127,6.198889075288,
    -2.925845533593));
#9239 = CARTESIAN_POINT('',(-3.804253596765,6.824548650549,
    -2.934139393311));
#9240 = CARTESIAN_POINT('',(-3.673036752631,7.659891006929,
    -2.925476978812));
#9241 = CARTESIAN_POINT('',(-3.482581596149,7.882046636251,
    -2.778545714257));
#9242 = CARTESIAN_POINT('',(-2.952501519106,7.931627046217,
    -2.330168590304));
#9243 = CARTESIAN_POINT('',(-2.655793833232,7.948509660067,
    -2.066538182244));
#9244 = CARTESIAN_POINT('',(-2.374201323376,7.983350440839,
    -1.784945672387));
#9245 = CARTESIAN_POINT('',(-3.948177110083,5.4,-2.816806260185));
#9246 = CARTESIAN_POINT('',(-3.948177110083,6.195651636896,
    -2.816806260185));
#9247 = CARTESIAN_POINT('',(-3.877746757182,6.821080292725,
    -2.835249923004));
#9248 = CARTESIAN_POINT('',(-3.739690271061,7.657458044823,
    -2.843543036312));
#9249 = CARTESIAN_POINT('',(-3.546845517725,7.880212262388,
    -2.702672774377));
#9250 = CARTESIAN_POINT('',(-3.012479419113,7.93105563776,
    -2.265873075384));
#9251 = CARTESIAN_POINT('',(-2.714212619778,7.948572362588,
    -2.007105838592));
#9252 = CARTESIAN_POINT('',(-2.433126888475,7.983350440839,
    -1.726020107288));
#9253 = ADVANCED_FACE('',(#9254),#9272,.T.);
#9254 = FACE_BOUND('',#9255,.T.);
#9255 = EDGE_LOOP('',(#9256,#9257,#9270,#9271));
#9256 = ORIENTED_EDGE('',*,*,#9185,.T.);
#9257 = ORIENTED_EDGE('',*,*,#9258,.T.);
#9258 = EDGE_CURVE('',#9175,#8951,#9259,.T.);
#9259 = B_SPLINE_CURVE_WITH_KNOTS('',3,(#9260,#9261,#9262,#9263,#9264,
    #9265,#9266,#9267,#9268,#9269),.UNSPECIFIED.,.F.,.F.,(4,3,3,4),(
    1.39318924489E-17,2.558390646418E-04,4.52360149868E-04,
    5.078766103619E-04),.UNSPECIFIED.);
#9260 = CARTESIAN_POINT('',(-2.05248390058,7.948157316176,
    -2.776932176584));
#9261 = CARTESIAN_POINT('',(-2.047039437359,7.863217036017,
    -2.771628230078));
#9262 = CARTESIAN_POINT('',(-2.041620156699,7.77827440727,
    -2.766335822427));
#9263 = CARTESIAN_POINT('',(-2.036247143612,7.69332764935,
    -2.761062846884));
#9264 = CARTESIAN_POINT('',(-2.032119899215,7.628076360189,
    -2.757012445665));
#9265 = CARTESIAN_POINT('',(-2.028020054984,7.562822607991,
    -2.752973561735));
#9266 = CARTESIAN_POINT('',(-2.023962012038,7.497565236761,
    -2.74895132093));
#9267 = CARTESIAN_POINT('',(-2.022815630122,7.479130274072,
    -2.747815052984));
#9268 = CARTESIAN_POINT('',(-2.021672595116,7.460695020603,
    -2.746680118879));
#9269 = CARTESIAN_POINT('',(-2.020533289768,7.442259446622,
    -2.745546654709));
#9270 = ORIENTED_EDGE('',*,*,#8950,.F.);
#9271 = ORIENTED_EDGE('',*,*,#8783,.T.);
#9272 = B_SPLINE_SURFACE_WITH_KNOTS('',3,3,(
    (#9273,#9274,#9275,#9276,#9277,#9278,#9279,#9280)
    ,(#9281,#9282,#9283,#9284,#9285,#9286,#9287,#9288)
    ,(#9289,#9290,#9291,#9292,#9293,#9294,#9295,#9296)
    ,(#9297,#9298,#9299,#9300,#9301,#9302,#9303,#9304)
    ,(#9305,#9306,#9307,#9308,#9309,#9310,#9311,#9312)
    ,(#9313,#9314,#9315,#9316,#9317,#9318,#9319,#9320)
    ,(#9321,#9322,#9323,#9324,#9325,#9326,#9327,#9328
  )),.UNSPECIFIED.,.F.,.F.,.F.,(4,1,1,1,4),(4,2,2,4),(0.,
    3.626929765255E-02,7.25385953051E-02,0.108807892958,0.14507719061),(
    0.,0.457687736299,0.694874842468,1.),.UNSPECIFIED.);
#9273 = CARTESIAN_POINT('',(-2.526413862227,5.4,-3.541148542033));
#9274 = CARTESIAN_POINT('',(-2.526413862227,5.888939689982,
    -3.541148542033));
#9275 = CARTESIAN_POINT('',(-2.56627188767,6.388150782152,
    -3.516565270854));
#9276 = CARTESIAN_POINT('',(-2.632732383016,7.15080263699,
    -3.476909733624));
#9277 = CARTESIAN_POINT('',(-2.516255080112,7.369247115097,
    -3.322746459292));
#9278 = CARTESIAN_POINT('',(-2.144167489453,7.425197116594,
    -2.879914846916));
#9279 = CARTESIAN_POINT('',(-1.928279894479,7.456415392996,
    -2.635386675666));
#9280 = CARTESIAN_POINT('',(-1.69520589893,7.485253091794,
    -2.402312680117));
#9281 = CARTESIAN_POINT('',(-2.550613228724,5.4,-3.575067589371));
#9282 = CARTESIAN_POINT('',(-2.550613228724,5.914449756709,
    -3.575067589371));
#9283 = CARTESIAN_POINT('',(-2.588681429863,6.42417546542,
    -3.546658433963));
#9284 = CARTESIAN_POINT('',(-2.650289604284,7.192986900033,
    -3.49879777857));
#9285 = CARTESIAN_POINT('',(-2.531778365178,7.411799631458,
    -3.341409858039));
#9286 = CARTESIAN_POINT('',(-2.154298904769,7.467343298574,
    -2.890951177754));
#9287 = CARTESIAN_POINT('',(-1.934841011806,7.497429427903,
    -2.641947792993));
#9288 = CARTESIAN_POINT('',(-1.697773749627,7.526761204214,
    -2.404880530813));
#9289 = CARTESIAN_POINT('',(-2.599011961717,5.4,-3.642905684046));
#9290 = CARTESIAN_POINT('',(-2.599011961717,5.965469890163,
    -3.642905684046));
#9291 = CARTESIAN_POINT('',(-2.633500514249,6.496224831955,
    -3.606844760181));
#9292 = CARTESIAN_POINT('',(-2.68540404682,7.277355426118,
    -3.542573868464));
#9293 = CARTESIAN_POINT('',(-2.562824935312,7.496904664178,
    -3.378736655534));
#9294 = CARTESIAN_POINT('',(-2.174561735401,7.551635662534,
    -2.913023839431));
#9295 = CARTESIAN_POINT('',(-1.94796324646,7.579457497716,
    -2.655070027647));
#9296 = CARTESIAN_POINT('',(-1.70290945102,7.609777429055,
    -2.410016232206));
#9297 = CARTESIAN_POINT('',(-2.671610061206,5.4,-3.744662826058));
#9298 = CARTESIAN_POINT('',(-2.671610061206,6.042125368096,
    -3.744662826058));
#9299 = CARTESIAN_POINT('',(-2.700742604118,6.604433095299,
    -3.697137712799));
#9300 = CARTESIAN_POINT('',(-2.738101988728,7.404002362528,
    -3.608264281407));
#9301 = CARTESIAN_POINT('',(-2.609424093905,7.62463319723,
    -3.434756155169));
#9302 = CARTESIAN_POINT('',(-2.204983235161,7.678096320019,
    -2.946160085757));
#9303 = CARTESIAN_POINT('',(-1.967666209031,7.702497176063,
    -2.674772990218));
#9304 = CARTESIAN_POINT('',(-1.710613003109,7.734301766316,
    -2.417719784296));
#9305 = CARTESIAN_POINT('',(-2.744208160695,5.4,-3.846419968071));
#9306 = CARTESIAN_POINT('',(-2.744208160695,6.11884698742,
    -3.846419968071));
#9307 = CARTESIAN_POINT('',(-2.767991802039,6.712712217757,
    -3.787437773468));
#9308 = CARTESIAN_POINT('',(-2.79081380437,7.530699004748,
    -3.673968568084));
#9309 = CARTESIAN_POINT('',(-2.656038723458,7.752399206838,
    -3.490791125764));
#9310 = CARTESIAN_POINT('',(-2.235419123788,7.804568651471,
    -2.979310720951));
#9311 = CARTESIAN_POINT('',(-1.987379525171,7.825535573387,
    -2.694486306357));
#9312 = CARTESIAN_POINT('',(-1.718316555199,7.858826103578,
    -2.425423336385));
#9313 = CARTESIAN_POINT('',(-2.792606893688,5.4,-3.914258062746));
#9314 = CARTESIAN_POINT('',(-2.792606893688,6.17005008707,
    -3.914258062746));
#9315 = CARTESIAN_POINT('',(-2.812830549349,6.784957601069,
    -3.847643762611));
#9316 = CARTESIAN_POINT('',(-2.825966625665,7.615205031464,
    -3.717783036736));
#9317 = CARTESIAN_POINT('',(-2.687128090737,7.837607910538,
    -3.528160720405));
#9318 = CARTESIAN_POINT('',(-2.255721758185,7.888893308997,
    -3.001423186392));
#9319 = CARTESIAN_POINT('',(-2.000530400785,7.907560099521,
    -2.707637181971));
#9320 = CARTESIAN_POINT('',(-1.723452256592,7.941842328419,
    -2.430559037778));
#9321 = CARTESIAN_POINT('',(-2.816806260185,5.4,-3.948177110083));
#9322 = CARTESIAN_POINT('',(-2.816806260185,6.195651636896,
    -3.948177110083));
#9323 = CARTESIAN_POINT('',(-2.835249923004,6.821080292725,
    -3.877746757182));
#9324 = CARTESIAN_POINT('',(-2.843543036312,7.657458044823,
    -3.739690271061));
#9325 = CARTESIAN_POINT('',(-2.702672774377,7.880212262388,
    -3.546845517725));
#9326 = CARTESIAN_POINT('',(-2.265873075384,7.93105563776,
    -3.012479419113));
#9327 = CARTESIAN_POINT('',(-2.007105838592,7.948572362588,
    -2.714212619778));
#9328 = CARTESIAN_POINT('',(-1.726020107288,7.983350440839,
    -2.433126888475));
#9329 = ADVANCED_FACE('',(#9330),#9336,.T.);
#9330 = FACE_BOUND('',#9331,.T.);
#9331 = EDGE_LOOP('',(#9332,#9333,#9334,#9335));
#9332 = ORIENTED_EDGE('',*,*,#9164,.F.);
#9333 = ORIENTED_EDGE('',*,*,#9073,.F.);
#9334 = ORIENTED_EDGE('',*,*,#8926,.F.);
#9335 = ORIENTED_EDGE('',*,*,#8875,.F.);
#9336 = ( BOUNDED_SURFACE() B_SPLINE_SURFACE(3,2,(
    (#9337,#9338,#9339)
    ,(#9340,#9341,#9342)
    ,(#9343,#9344,#9345)
    ,(#9346,#9347,#9348
)),.UNSPECIFIED.,.F.,.F.,.F.) B_SPLINE_SURFACE_WITH_KNOTS((4,4),(3,3),(
    2.005041727192E-03,2.518478977111E-03),(0.,1.),
.PIECEWISE_BEZIER_KNOTS.) GEOMETRIC_REPRESENTATION_ITEM() 
RATIONAL_B_SPLINE_SURFACE((
    (1.,0.724415910659,1.)
    ,(1.,0.724647937581,1.)
    ,(1.,0.72481766134,1.)
,(1.,0.72478033137,1.))) REPRESENTATION_ITEM('') SURFACE() );
#9337 = CARTESIAN_POINT('',(-2.777121604478,7.951190836842,
    -2.052678352752));
#9338 = CARTESIAN_POINT('',(-2.425692890081,7.992579385633,
    -1.734595981375));
#9339 = CARTESIAN_POINT('',(-2.089210235245,7.991979231866,
    -2.071004380593));
#9340 = CARTESIAN_POINT('',(-2.766471169514,7.780638031811,
    -2.041745106875));
#9341 = CARTESIAN_POINT('',(-2.415068119078,7.822055350295,
    -1.724122213448));
#9342 = CARTESIAN_POINT('',(-2.078816031275,7.821484890372,
    -2.060303719582));
#9343 = CARTESIAN_POINT('',(-2.755859451122,7.610019575201,
    -2.030896949308));
#9344 = CARTESIAN_POINT('',(-2.404469321401,7.651358915655,
    -1.713601141634));
#9345 = CARTESIAN_POINT('',(-2.068395539254,7.650990455348,
    -2.049629335051));
#9346 = CARTESIAN_POINT('',(-2.745359891203,7.43922155481,
    -2.020345584256));
#9347 = CARTESIAN_POINT('',(-2.39396738252,7.480589103167,
    -1.702974132154));
#9348 = CARTESIAN_POINT('',(-2.057871901519,7.480495970919,
    -2.03905809012));
#9349 = ADVANCED_FACE('',(#9350),#9356,.T.);
#9350 = FACE_BOUND('',#9351,.T.);
#9351 = EDGE_LOOP('',(#9352,#9353,#9354,#9355));
#9352 = ORIENTED_EDGE('',*,*,#8963,.F.);
#9353 = ORIENTED_EDGE('',*,*,#9258,.F.);
#9354 = ORIENTED_EDGE('',*,*,#9174,.F.);
#9355 = ORIENTED_EDGE('',*,*,#8901,.F.);
#9356 = ( BOUNDED_SURFACE() B_SPLINE_SURFACE(3,2,(
    (#9357,#9358,#9359)
    ,(#9360,#9361,#9362)
    ,(#9363,#9364,#9365)
    ,(#9366,#9367,#9368
)),.UNSPECIFIED.,.F.,.F.,.F.) B_SPLINE_SURFACE_WITH_KNOTS((4,4),(3,3),(
    2.005041727241E-03,2.518478977248E-03),(0.,1.),
.PIECEWISE_BEZIER_KNOTS.) GEOMETRIC_REPRESENTATION_ITEM() 
RATIONAL_B_SPLINE_SURFACE((
    (1.,0.724415910659,1.)
    ,(1.,0.724647937581,1.)
    ,(1.,0.72481766134,1.)
,(1.,0.72478033137,1.))) REPRESENTATION_ITEM('') SURFACE() );
#9357 = CARTESIAN_POINT('',(-2.071004380593,7.991979231866,
    -2.089210235245));
#9358 = CARTESIAN_POINT('',(-1.734595981375,7.992579385633,
    -2.425692890081));
#9359 = CARTESIAN_POINT('',(-2.052678352752,7.951190836842,
    -2.777121604478));
#9360 = CARTESIAN_POINT('',(-2.06030371958,7.821484890325,
    -2.078816031272));
#9361 = CARTESIAN_POINT('',(-1.724122213445,7.822055350248,
    -2.415068119075));
#9362 = CARTESIAN_POINT('',(-2.041745106872,7.780638031763,
    -2.766471169511));
#9363 = CARTESIAN_POINT('',(-2.049629335052,7.650990455358,
    -2.068395539254));
#9364 = CARTESIAN_POINT('',(-1.713601141635,7.651358915666,
    -2.404469321402));
#9365 = CARTESIAN_POINT('',(-2.030896949309,7.610019575212,
    -2.755859451123));
#9366 = CARTESIAN_POINT('',(-2.03905809012,7.480495970918,
    -2.057871901519));
#9367 = CARTESIAN_POINT('',(-1.702974132154,7.480589103167,
    -2.39396738252));
#9368 = CARTESIAN_POINT('',(-2.020345584256,7.43922155481,
    -2.745359891203));
#9369 = ADVANCED_FACE('',(#9370),#9376,.F.);
#9370 = FACE_BOUND('',#9371,.F.);
#9371 = EDGE_LOOP('',(#9372,#9373,#9374,#9375));
#9372 = ORIENTED_EDGE('',*,*,#7728,.T.);
#9373 = ORIENTED_EDGE('',*,*,#8139,.T.);
#9374 = ORIENTED_EDGE('',*,*,#8798,.T.);
#9375 = ORIENTED_EDGE('',*,*,#7884,.T.);
#9376 = CYLINDRICAL_SURFACE('',#9377,0.5);
#9377 = AXIS2_PLACEMENT_3D('',#9378,#9379,#9380);
#9378 = CARTESIAN_POINT('',(-4.184283636257,5.9,-2.502852462961));
#9379 = DIRECTION('',(-0.906307787037,0.,-0.422618261741));
#9380 = DIRECTION('',(-0.422618261741,0.,0.906307787037));
#9381 = ADVANCED_FACE('',(#9382),#9388,.F.);
#9382 = FACE_BOUND('',#9383,.F.);
#9383 = EDGE_LOOP('',(#9384,#9385,#9386,#9387));
#9384 = ORIENTED_EDGE('',*,*,#8820,.T.);
#9385 = ORIENTED_EDGE('',*,*,#8073,.T.);
#9386 = ORIENTED_EDGE('',*,*,#8776,.T.);
#9387 = ORIENTED_EDGE('',*,*,#7912,.T.);
#9388 = CYLINDRICAL_SURFACE('',#9389,0.5);
#9389 = AXIS2_PLACEMENT_3D('',#9390,#9391,#9392);
#9390 = CARTESIAN_POINT('',(-0.453153893518,5.9,0.21130913087));
#9391 = DIRECTION('',(0.422618261741,-0.,0.906307787037));
#9392 = DIRECTION('',(0.906307787037,0.,-0.422618261741));
#9393 = ADVANCED_FACE('',(#9394),#9410,.T.);
#9394 = FACE_BOUND('',#9395,.T.);
#9395 = EDGE_LOOP('',(#9396,#9397,#9403,#9404));
#9396 = ORIENTED_EDGE('',*,*,#7780,.F.);
#9397 = ORIENTED_EDGE('',*,*,#9398,.T.);
#9398 = EDGE_CURVE('',#7770,#8024,#9399,.T.);
#9399 = LINE('',#9400,#9401);
#9400 = CARTESIAN_POINT('',(-5.297989930113,12.5,-4.758550483122));
#9401 = VECTOR('',#9402,1.);
#9402 = DIRECTION('',(0.793353340291,-0.,0.608761429009));
#9403 = ORIENTED_EDGE('',*,*,#8034,.T.);
#9404 = ORIENTED_EDGE('',*,*,#9405,.T.);
#9405 = EDGE_CURVE('',#7955,#7781,#9406,.T.);
#9406 = LINE('',#9407,#9408);
#9407 = CARTESIAN_POINT('',(-3.388837267852,12.5,-3.512944914458));
#9408 = VECTOR('',#9409,1.);
#9409 = DIRECTION('',(-0.608761429009,0.,-0.793353340291));
#9410 = PLANE('',#9411);
#9411 = AXIS2_PLACEMENT_3D('',#9412,#9413,#9414);
#9412 = CARTESIAN_POINT('',(-5.632808716068,12.5,-4.322206145962));
#9413 = DIRECTION('',(0.,1.,0.));
#9414 = DIRECTION('',(0.,-0.,1.));
#9415 = ADVANCED_FACE('',(#9416),#9431,.F.);
#9416 = FACE_BOUND('',#9417,.T.);
#9417 = EDGE_LOOP('',(#9418,#9419,#9425,#9426,#9427,#9428,#9429,#9430));
#9418 = ORIENTED_EDGE('',*,*,#8015,.F.);
#9419 = ORIENTED_EDGE('',*,*,#9420,.T.);
#9420 = EDGE_CURVE('',#8016,#7760,#9421,.T.);
#9421 = LINE('',#9422,#9423);
#9422 = CARTESIAN_POINT('',(-8.721927522919E-16,13.05,1.136663724795E-15
    ));
#9423 = VECTOR('',#9424,1.);
#9424 = DIRECTION('',(-0.793353340291,2.465190328816E-32,-0.608761429009
    ));
#9425 = ORIENTED_EDGE('',*,*,#7759,.T.);
#9426 = ORIENTED_EDGE('',*,*,#8393,.F.);
#9427 = ORIENTED_EDGE('',*,*,#8319,.T.);
#9428 = ORIENTED_EDGE('',*,*,#8289,.F.);
#9429 = ORIENTED_EDGE('',*,*,#8266,.F.);
#9430 = ORIENTED_EDGE('',*,*,#8409,.T.);
#9431 = PLANE('',#9432);
#9432 = AXIS2_PLACEMENT_3D('',#9433,#9434,#9435);
#9433 = CARTESIAN_POINT('',(2.376073669884E-15,1.595904051289E-30,
    -3.096559494333E-15));
#9434 = DIRECTION('',(-0.608761429009,-4.088782444489E-16,0.793353340291
    ));
#9435 = DIRECTION('',(0.793353340291,0.,0.608761429009));
#9436 = ADVANCED_FACE('',(#9437),#9452,.T.);
#9437 = FACE_BOUND('',#9438,.T.);
#9438 = EDGE_LOOP('',(#9439,#9440,#9446,#9447,#9448,#9449,#9450,#9451));
#9439 = ORIENTED_EDGE('',*,*,#7800,.F.);
#9440 = ORIENTED_EDGE('',*,*,#9441,.T.);
#9441 = EDGE_CURVE('',#7790,#7953,#9442,.T.);
#9442 = LINE('',#9443,#9444);
#9443 = CARTESIAN_POINT('',(-2.648112216188,13.05,-3.451087030267));
#9444 = VECTOR('',#9445,1.);
#9445 = DIRECTION('',(0.608761429009,0.,0.793353340291));
#9446 = ORIENTED_EDGE('',*,*,#7965,.T.);
#9447 = ORIENTED_EDGE('',*,*,#7692,.F.);
#9448 = ORIENTED_EDGE('',*,*,#7601,.T.);
#9449 = ORIENTED_EDGE('',*,*,#7625,.T.);
#9450 = ORIENTED_EDGE('',*,*,#7650,.F.);
#9451 = ORIENTED_EDGE('',*,*,#7676,.T.);
#9452 = PLANE('',#9453);
#9453 = AXIS2_PLACEMENT_3D('',#9454,#9455,#9456);
#9454 = CARTESIAN_POINT('',(3.096559494333E-15,1.595904051289E-30,
    -2.376073669884E-15));
#9455 = DIRECTION('',(-0.793353340291,-4.088782444489E-16,0.608761429009
    ));
#9456 = DIRECTION('',(0.608761429009,-2.465190328816E-32,0.793353340291)
  );
#9457 = ADVANCED_FACE('',(#9458),#9464,.F.);
#9458 = FACE_BOUND('',#9459,.F.);
#9459 = EDGE_LOOP('',(#9460,#9461,#9462,#9463));
#9460 = ORIENTED_EDGE('',*,*,#9398,.T.);
#9461 = ORIENTED_EDGE('',*,*,#8023,.T.);
#9462 = ORIENTED_EDGE('',*,*,#9420,.T.);
#9463 = ORIENTED_EDGE('',*,*,#7769,.T.);
#9464 = CYLINDRICAL_SURFACE('',#9465,0.55);
#9465 = AXIS2_PLACEMENT_3D('',#9466,#9467,#9468);
#9466 = CARTESIAN_POINT('',(-5.297989930113,13.05,-4.758550483122));
#9467 = DIRECTION('',(0.793353340291,0.,0.608761429009));
#9468 = DIRECTION('',(0.608761429009,0.,-0.793353340291));
#9469 = ADVANCED_FACE('',(#9470),#9476,.F.);
#9470 = FACE_BOUND('',#9471,.F.);
#9471 = EDGE_LOOP('',(#9472,#9473,#9474,#9475));
#9472 = ORIENTED_EDGE('',*,*,#9441,.T.);
#9473 = ORIENTED_EDGE('',*,*,#7952,.T.);
#9474 = ORIENTED_EDGE('',*,*,#9405,.T.);
#9475 = ORIENTED_EDGE('',*,*,#7789,.T.);
#9476 = CYLINDRICAL_SURFACE('',#9477,0.55);
#9477 = AXIS2_PLACEMENT_3D('',#9478,#9479,#9480);
#9478 = CARTESIAN_POINT('',(-0.43634433716,13.05,0.334818785955));
#9479 = DIRECTION('',(-0.608761429009,0.,-0.793353340291));
#9480 = DIRECTION('',(-0.793353340291,0.,0.608761429009));
#9481 = ADVANCED_FACE('',(#9482),#9488,.F.);
#9482 = FACE_BOUND('',#9483,.T.);
#9483 = EDGE_LOOP('',(#9484,#9485,#9486,#9487));
#9484 = ORIENTED_EDGE('',*,*,#7551,.F.);
#9485 = ORIENTED_EDGE('',*,*,#8219,.F.);
#9486 = ORIENTED_EDGE('',*,*,#8280,.F.);
#9487 = ORIENTED_EDGE('',*,*,#8312,.F.);
#9488 = PLANE('',#9489);
#9489 = AXIS2_PLACEMENT_3D('',#9490,#9491,#9492);
#9490 = CARTESIAN_POINT('',(5.952977513303E-30,2.670628428495E-60,
    1.59509551725E-30));
#9491 = DIRECTION('',(-0.965925826289,-4.333342374871E-31,
    -0.258819045103));
#9492 = DIRECTION('',(-0.258819045103,0.,0.965925826289));
#9493 = ADVANCED_FACE('',(#9494),#9500,.T.);
#9494 = FACE_BOUND('',#9495,.T.);
#9495 = EDGE_LOOP('',(#9496,#9497,#9498,#9499));
#9496 = ORIENTED_EDGE('',*,*,#7568,.F.);
#9497 = ORIENTED_EDGE('',*,*,#8352,.T.);
#9498 = ORIENTED_EDGE('',*,*,#7488,.T.);
#9499 = ORIENTED_EDGE('',*,*,#8226,.F.);
#9500 = PLANE('',#9501);
#9501 = AXIS2_PLACEMENT_3D('',#9502,#9503,#9504);
#9502 = CARTESIAN_POINT('',(-1.783576901024,12.107022393701,
    4.724547961248));
#9503 = DIRECTION('',(0.935554051732,-0.,0.353183544757));
#9504 = DIRECTION('',(0.353183544757,0.,-0.935554051732));
#9505 = ADVANCED_FACE('',(#9506),#9517,.T.);
#9506 = FACE_BOUND('',#9507,.T.);
#9507 = EDGE_LOOP('',(#9508,#9514,#9515,#9516));
#9508 = ORIENTED_EDGE('',*,*,#9509,.F.);
#9509 = EDGE_CURVE('',#7304,#8233,#9510,.T.);
#9510 = LINE('',#9511,#9512);
#9511 = CARTESIAN_POINT('',(-2.774549648938,12.107022393701,3.9779862048
    ));
#9512 = VECTOR('',#9513,1.);
#9513 = DIRECTION('',(0.,1.,0.));
#9514 = ORIENTED_EDGE('',*,*,#8345,.T.);
#9515 = ORIENTED_EDGE('',*,*,#8495,.T.);
#9516 = ORIENTED_EDGE('',*,*,#8240,.F.);
#9517 = PLANE('',#9518);
#9518 = AXIS2_PLACEMENT_3D('',#9519,#9520,#9521);
#9519 = CARTESIAN_POINT('',(-2.774549648938,12.107022393701,3.9779862048
    ));
#9520 = DIRECTION('',(-0.820203341196,0.,-0.572072092564));
#9521 = DIRECTION('',(-0.572072092564,0.,0.820203341196));
#9522 = ADVANCED_FACE('',(#9523),#9568,.F.);
#9523 = FACE_BOUND('',#9524,.T.);
#9524 = EDGE_LOOP('',(#9525,#9526,#9544,#9552));
#9525 = ORIENTED_EDGE('',*,*,#7333,.T.);
#9526 = ORIENTED_EDGE('',*,*,#9527,.T.);
#9527 = EDGE_CURVE('',#7323,#9528,#9530,.T.);
#9528 = VERTEX_POINT('',#9529);
#9529 = CARTESIAN_POINT('',(-1.991109924059,12.3,3.656112748895));
#9530 = B_SPLINE_CURVE_WITH_KNOTS('',3,(#9531,#9532,#9533,#9534,#9535,
    #9536,#9537,#9538,#9539,#9540,#9541,#9542,#9543),.UNSPECIFIED.,.F.,
  .F.,(4,3,3,3,4),(0.,9.511696956949E-05,2.492389139996E-04,
    3.969905280925E-04,5.005770250392E-04),.UNSPECIFIED.);
#9531 = CARTESIAN_POINT('',(-2.245085545814,12.3,4.087451312395));
#9532 = CARTESIAN_POINT('',(-2.228499401103,12.3,4.060430053002));
#9533 = CARTESIAN_POINT('',(-2.212036125481,12.3,4.033333082041));
#9534 = CARTESIAN_POINT('',(-2.195681063083,12.3,4.006171333395));
#9535 = CARTESIAN_POINT('',(-2.16918050711,12.3,3.96216040743));
#9536 = CARTESIAN_POINT('',(-2.142965900128,12.3,3.917976706891));
#9537 = CARTESIAN_POINT('',(-2.116955087778,12.3,3.873674577009));
#9538 = CARTESIAN_POINT('',(-2.092019244761,12.3,3.831203356152));
#9539 = CARTESIAN_POINT('',(-2.067269237205,12.3,3.788622713121));
#9540 = CARTESIAN_POINT('',(-2.042663083383,12.3,3.745959637023));
#9541 = CARTESIAN_POINT('',(-2.025411993122,12.3,3.7160490471));
#9542 = CARTESIAN_POINT('',(-2.00823195969,12.3,3.686097401646));
#9543 = CARTESIAN_POINT('',(-1.991109924059,12.3,3.656112748895));
#9544 = ORIENTED_EDGE('',*,*,#9545,.T.);
#9545 = EDGE_CURVE('',#9528,#9546,#9548,.T.);
#9546 = VERTEX_POINT('',#9547);
#9547 = CARTESIAN_POINT('',(-1.890308058674,12.3,3.709233695203));
#9548 = LINE('',#9549,#9550);
#9549 = CARTESIAN_POINT('',(-1.71954035452,12.3,3.799225502487));
#9550 = VECTOR('',#9551,1.);
#9551 = DIRECTION('',(0.884674547388,-0.,0.466209121751));
#9552 = ORIENTED_EDGE('',*,*,#9553,.T.);
#9553 = EDGE_CURVE('',#9546,#7334,#9554,.T.);
#9554 = B_SPLINE_CURVE_WITH_KNOTS('',3,(#9555,#9556,#9557,#9558,#9559,
    #9560,#9561,#9562,#9563,#9564,#9565,#9566,#9567),.UNSPECIFIED.,.F.,
  .F.,(4,3,3,3,4),(0.,1.03586637857E-04,2.513384529387E-04,
    3.997076832827E-04,5.005776701857E-04),.UNSPECIFIED.);
#9555 = CARTESIAN_POINT('',(-1.890308058674,12.3,3.709233695203));
#9556 = CARTESIAN_POINT('',(-1.905362945185,12.3,3.740307701975));
#9557 = CARTESIAN_POINT('',(-1.920357818368,12.3,3.771410891399));
#9558 = CARTESIAN_POINT('',(-1.935278657099,12.3,3.802549486041));
#9559 = CARTESIAN_POINT('',(-1.956561048382,12.3,3.846964131029));
#9560 = CARTESIAN_POINT('',(-1.977694121482,12.3,3.891450839789));
#9561 = CARTESIAN_POINT('',(-1.998631881253,12.3,3.936028985599));
#9562 = CARTESIAN_POINT('',(-2.019657042327,12.3,3.980793215695));
#9563 = CARTESIAN_POINT('',(-2.04048504973,12.3,4.025651066927));
#9564 = CARTESIAN_POINT('',(-2.061034011838,12.3,4.070635884927));
#9565 = CARTESIAN_POINT('',(-2.075004469452,12.3,4.101219351375));
#9566 = CARTESIAN_POINT('',(-2.088847188349,12.3,4.131861596646));
#9567 = CARTESIAN_POINT('',(-2.10254155867,12.3,4.162569679091));
#9568 = PLANE('',#9569);
#9569 = AXIS2_PLACEMENT_3D('',#9570,#9571,#9572);
#9570 = CARTESIAN_POINT('',(0.,12.3,0.));
#9571 = DIRECTION('',(0.,1.,0.));
#9572 = DIRECTION('',(0.,-0.,1.));
#9573 = ADVANCED_FACE('',(#9574),#9608,.T.);
#9574 = FACE_BOUND('',#9575,.T.);
#9575 = EDGE_LOOP('',(#9576,#9577,#9588,#9597,#9598,#9599));
#9576 = ORIENTED_EDGE('',*,*,#9545,.F.);
#9577 = ORIENTED_EDGE('',*,*,#9578,.T.);
#9578 = EDGE_CURVE('',#9528,#9579,#9581,.T.);
#9579 = VERTEX_POINT('',#9580);
#9580 = CARTESIAN_POINT('',(-2.18147062295,12.486918977439,
    3.501574173773));
#9581 = B_SPLINE_CURVE_WITH_KNOTS('',3,(#9582,#9583,#9584,#9585,#9586,
    #9587),.UNSPECIFIED.,.F.,.F.,(4,2,4),(0.,1.654442699549E-04,
    3.308885399099E-04),.UNSPECIFIED.);
#9582 = CARTESIAN_POINT('',(-1.991109924059,12.3,3.656112748895));
#9583 = CARTESIAN_POINT('',(-2.040599461577,12.3,3.630032566199));
#9584 = CARTESIAN_POINT('',(-2.086618587296,12.318939685003,
    3.600849253469));
#9585 = CARTESIAN_POINT('',(-2.155047089772,12.387124638315,
    3.544759357405));
#9586 = CARTESIAN_POINT('',(-2.17579908363,12.434235133056,
    3.519383390433));
#9587 = CARTESIAN_POINT('',(-2.18147062295,12.486918977439,
    3.501574173773));
#9588 = ORIENTED_EDGE('',*,*,#9589,.F.);
#9589 = EDGE_CURVE('',#8233,#9579,#9590,.T.);
#9590 = B_SPLINE_CURVE_WITH_KNOTS('',3,(#9591,#9592,#9593,#9594,#9595,
    #9596),.UNSPECIFIED.,.F.,.F.,(4,2,4),(0.,0.163863393893,
    0.909417555034),.UNSPECIFIED.);
#9591 = CARTESIAN_POINT('',(-2.774549648938,14.,3.9779862048));
#9592 = CARTESIAN_POINT('',(-2.675447479651,14.,3.789930753569));
#9593 = CARTESIAN_POINT('',(-2.582253648224,13.965145364694,
    3.623166001586));
#9594 = CARTESIAN_POINT('',(-2.308236623304,13.497937799383,
    3.205902351946));
#9595 = CARTESIAN_POINT('',(-2.236567437338,12.998722181319,3.3285645111
    ));
#9596 = CARTESIAN_POINT('',(-2.18147062295,12.486918977439,
    3.501574173773));
#9597 = ORIENTED_EDGE('',*,*,#8232,.F.);
#9598 = ORIENTED_EDGE('',*,*,#7477,.T.);
#9599 = ORIENTED_EDGE('',*,*,#9600,.T.);
#9600 = EDGE_CURVE('',#7454,#9546,#9601,.T.);
#9601 = B_SPLINE_CURVE_WITH_KNOTS('',3,(#9602,#9603,#9604,#9605,#9606,
    #9607),.UNSPECIFIED.,.F.,.F.,(4,2,4),(0.,1.653942834046E-04,
    3.307885668091E-04),.UNSPECIFIED.);
#9602 = CARTESIAN_POINT('',(-1.65522070212,12.486918977439,
    3.778899337176));
#9603 = CARTESIAN_POINT('',(-1.673118534881,12.434231787261,
    3.784288818652));
#9604 = CARTESIAN_POINT('',(-1.705850713209,12.387104737044,
    3.781483675971));
#9605 = CARTESIAN_POINT('',(-1.790441479078,12.319135970406,
    3.756872844189));
#9606 = CARTESIAN_POINT('',(-1.840811362491,12.3,3.735317650399));
#9607 = CARTESIAN_POINT('',(-1.890308058674,12.3,3.709233695203));
#9608 = B_SPLINE_SURFACE_WITH_KNOTS('',3,3,(
    (#9609,#9610,#9611,#9612,#9613,#9614)
    ,(#9615,#9616,#9617,#9618,#9619,#9620)
    ,(#9621,#9622,#9623,#9624,#9625,#9626)
    ,(#9627,#9628,#9629,#9630,#9631,#9632)
    ,(#9633,#9634,#9635,#9636,#9637,#9638)
    ,(#9639,#9640,#9641,#9642,#9643,#9644)
    ,(#9645,#9646,#9647,#9648,#9649,#9650
    )),.UNSPECIFIED.,.F.,.F.,.F.,(4,1,1,1,4),(4,2,4),(0.198529411765,
    0.273897058824,0.349264705882,0.424632352941,0.5),(0.,0.163863393893
    ,1.),.UNSPECIFIED.);
#9609 = CARTESIAN_POINT('',(-2.774549648938,14.,3.9779862048));
#9610 = CARTESIAN_POINT('',(-2.675447479651,14.,3.789930753569));
#9611 = CARTESIAN_POINT('',(-2.582253648224,13.965145364694,
    3.623166001586));
#9612 = CARTESIAN_POINT('',(-2.280943184837,13.451401636387,
    3.164340847694));
#9613 = CARTESIAN_POINT('',(-2.221410406525,12.875700818193,
    3.365230894653));
#9614 = CARTESIAN_POINT('',(-2.161877628213,12.3,3.566120941611));
#9615 = CARTESIAN_POINT('',(-2.686082194199,14.,4.024607116975));
#9616 = CARTESIAN_POINT('',(-2.587947218042,14.,3.838387003375));
#9617 = CARTESIAN_POINT('',(-2.496175690447,13.965145364694,
    3.672641355544));
#9618 = CARTESIAN_POINT('',(-2.205867309377,13.451401636387,
    3.215870482702));
#9619 = CARTESIAN_POINT('',(-2.165441749058,12.875700818193,
    3.400708402193));
#9620 = CARTESIAN_POINT('',(-2.125016188739,12.3,3.585546321684));
#9621 = CARTESIAN_POINT('',(-2.509147284721,14.,4.117848941326));
#9622 = CARTESIAN_POINT('',(-2.412946694825,14.,3.935299502985));
#9623 = CARTESIAN_POINT('',(-2.324019774892,13.965145364694,
    3.771592063462));
#9624 = CARTESIAN_POINT('',(-2.055715558458,13.451401636387,
    3.318929752716));
#9625 = CARTESIAN_POINT('',(-2.053504434124,12.875700818193,
    3.471663417273));
#9626 = CARTESIAN_POINT('',(-2.05129330979,12.3,3.62439708183));
#9627 = CARTESIAN_POINT('',(-2.243744920505,14.,4.257711677851));
#9628 = CARTESIAN_POINT('',(-2.148287149924,14.,4.076571807258));
#9629 = CARTESIAN_POINT('',(-2.061998994039,13.965145364694,
    3.912832121159));
#9630 = CARTESIAN_POINT('',(-1.819472547377,13.451401636387,
    3.45261595545));
#9631 = CARTESIAN_POINT('',(-1.880090769372,12.875700818193,
    3.567644588749));
#9632 = CARTESIAN_POINT('',(-1.940708991366,12.3,3.682673222049));
#9633 = CARTESIAN_POINT('',(-1.978342556289,14.,4.397574414376));
#9634 = CARTESIAN_POINT('',(-1.882141966392,14.,4.215024976036));
#9635 = CARTESIAN_POINT('',(-1.797372098607,13.965145364694,
    4.04912683753));
#9636 = CARTESIAN_POINT('',(-1.575648850864,13.451401636387,
    3.571917112633));
#9637 = CARTESIAN_POINT('',(-1.702886761904,12.875700818193,
    3.656433237451));
#9638 = CARTESIAN_POINT('',(-1.830124672943,12.3,3.740949362268));
#9639 = CARTESIAN_POINT('',(-1.801407646811,14.,4.490816238727));
#9640 = CARTESIAN_POINT('',(-1.703272670654,14.,4.304596125126));
#9641 = CARTESIAN_POINT('',(-1.618429563304,13.965145364694,
    4.135199312325));
#9642 = CARTESIAN_POINT('',(-1.405756130054,13.451401636387,
    3.637516082563));
#9643 = CARTESIAN_POINT('',(-1.581078962024,12.875700818193,
    3.708658102488));
#9644 = CARTESIAN_POINT('',(-1.756401793994,12.3,3.779800122414));
#9645 = CARTESIAN_POINT('',(-1.712940192072,14.,4.537437150902));
#9646 = CARTESIAN_POINT('',(-1.613838022786,14.,4.349381699671));
#9647 = CARTESIAN_POINT('',(-1.528958295653,13.965145364694,
    4.178235549723));
#9648 = CARTESIAN_POINT('',(-1.32080976965,13.451401636387,
    3.670315567528));
#9649 = CARTESIAN_POINT('',(-1.520175062085,12.875700818193,
    3.734770535007));
#9650 = CARTESIAN_POINT('',(-1.71954035452,12.3,3.799225502487));
#9651 = ADVANCED_FACE('',(#9652),#9679,.T.);
#9652 = FACE_BOUND('',#9653,.T.);
#9653 = EDGE_LOOP('',(#9654,#9655,#9677,#9678));
#9654 = ORIENTED_EDGE('',*,*,#9589,.T.);
#9655 = ORIENTED_EDGE('',*,*,#9656,.T.);
#9656 = EDGE_CURVE('',#9579,#7312,#9657,.T.);
#9657 = B_SPLINE_CURVE_WITH_KNOTS('',3,(#9658,#9659,#9660,#9661,#9662,
    #9663,#9664,#9665,#9666,#9667,#9668,#9669,#9670,#9671,#9672,#9673,
    #9674,#9675,#9676),.UNSPECIFIED.,.F.,.F.,(4,3,3,3,3,3,4),(
    -5.999999999915E-08,0.,1.424255074221E-04,2.885188319664E-04,
    4.403256748698E-04,5.371680554376E-04,5.372280554376E-04),
  .UNSPECIFIED.);
#9658 = CARTESIAN_POINT('',(-2.18147062295,12.486918977439,
    3.501574173773));
#9659 = CARTESIAN_POINT('',(-2.181480334255,12.48691821276,
    3.501591641052));
#9660 = CARTESIAN_POINT('',(-2.181490045549,12.486917448058,
    3.501609108336));
#9661 = CARTESIAN_POINT('',(-2.181499756862,12.486916683331,
    3.501626575608));
#9662 = CARTESIAN_POINT('',(-2.204552067964,12.485101406496,
    3.543089660489));
#9663 = CARTESIAN_POINT('',(-2.227655048861,12.483150752703,
    3.584519113829));
#9664 = CARTESIAN_POINT('',(-2.250817196015,12.481015167511,
    3.625905656328));
#9665 = CARTESIAN_POINT('',(-2.274575748392,12.478824592851,
    3.668357866443));
#9666 = CARTESIAN_POINT('',(-2.298397740907,12.476442845092,
    3.710765503722));
#9667 = CARTESIAN_POINT('',(-2.322288803297,12.473814265062,
    3.75311836994));
#9668 = CARTESIAN_POINT('',(-2.347114002347,12.471082907979,
    3.797127226349));
#9669 = CARTESIAN_POINT('',(-2.372014758143,12.468077820026,
    3.841078284853));
#9670 = CARTESIAN_POINT('',(-2.396994607469,12.464682774697,
    3.884953232793));
#9671 = CARTESIAN_POINT('',(-2.412930255667,12.462516939056,
    3.91294282256));
#9672 = CARTESIAN_POINT('',(-2.428898102772,12.46019627212,
    3.940902609748));
#9673 = CARTESIAN_POINT('',(-2.444895661328,12.457712217116,
    3.968830381836));
#9674 = CARTESIAN_POINT('',(-2.444905572815,12.457710678089,
    3.968847684837));
#9675 = CARTESIAN_POINT('',(-2.444915484328,12.457709138999,
    3.968864987817));
#9676 = CARTESIAN_POINT('',(-2.444925395824,12.457707599847,3.9688822908
    ));
#9677 = ORIENTED_EDGE('',*,*,#7311,.F.);
#9678 = ORIENTED_EDGE('',*,*,#9509,.T.);
#9679 = B_SPLINE_SURFACE_WITH_KNOTS('',3,3,(
    (#9680,#9681,#9682,#9683,#9684,#9685)
    ,(#9686,#9687,#9688,#9689,#9690,#9691)
    ,(#9692,#9693,#9694,#9695,#9696,#9697)
    ,(#9698,#9699,#9700,#9701,#9702,#9703)
    ,(#9704,#9705,#9706,#9707,#9708,#9709)
    ,(#9710,#9711,#9712,#9713,#9714,#9715)
    ,(#9716,#9717,#9718,#9719,#9720,#9721
    )),.UNSPECIFIED.,.F.,.F.,.F.,(4,1,1,1,4),(4,2,4),(0.,
    4.963235294118E-02,9.926470588235E-02,0.148897058824,0.198529411765)
  ,(0.,0.163863393893,1.),.UNSPECIFIED.);
#9680 = CARTESIAN_POINT('',(-2.774549648938,13.5,3.9779862048));
#9681 = CARTESIAN_POINT('',(-2.735993514429,13.5,3.904822405008));
#9682 = CARTESIAN_POINT('',(-2.691593369637,13.471858167659,
    3.830648146484));
#9683 = CARTESIAN_POINT('',(-2.628085366079,13.033333333333,
    3.823074960223));
#9684 = CARTESIAN_POINT('',(-2.511533777584,12.666666666667,
    3.915766587764));
#9685 = CARTESIAN_POINT('',(-2.394982189089,12.3,4.008458215305));
#9686 = CARTESIAN_POINT('',(-2.774549648938,13.541666666667,3.9779862048
    ));
#9687 = CARTESIAN_POINT('',(-2.731340285684,13.541666666667,
    3.895992476888));
#9688 = CARTESIAN_POINT('',(-2.683169855432,13.512965434079,
    3.814663756069));
#9689 = CARTESIAN_POINT('',(-2.601158486433,13.068172358588,
    3.771978737622));
#9690 = CARTESIAN_POINT('',(-2.488357647724,12.684086179294,
    3.871787756726));
#9691 = CARTESIAN_POINT('',(-2.375556809016,12.3,3.97159677583));
#9692 = CARTESIAN_POINT('',(-2.774549648938,13.625,3.9779862048));
#9693 = CARTESIAN_POINT('',(-2.722033828195,13.625,3.878332620649));
#9694 = CARTESIAN_POINT('',(-2.666322827021,13.595179966918,
    3.78269497524));
#9695 = CARTESIAN_POINT('',(-2.54730472714,13.137850409097,
    3.669786292419));
#9696 = CARTESIAN_POINT('',(-2.442005388005,12.718925204548,
    3.78383009465));
#9697 = CARTESIAN_POINT('',(-2.33670604887,12.3,3.897873896881));
#9698 = CARTESIAN_POINT('',(-2.774549648938,13.75,3.9779862048));
#9699 = CARTESIAN_POINT('',(-2.70700475899,13.75,3.849813584071));
#9700 = CARTESIAN_POINT('',(-2.639176367548,13.718501766177,
    3.731182079788));
#9701 = CARTESIAN_POINT('',(-2.461067407325,13.24236748486,
    3.506143072422));
#9702 = CARTESIAN_POINT('',(-2.369748657988,12.77118374243,3.64671632544
    ));
#9703 = CARTESIAN_POINT('',(-2.278429908651,12.3,3.787289578458));
#9704 = CARTESIAN_POINT('',(-2.774549648938,13.875,3.9779862048));
#9705 = CARTESIAN_POINT('',(-2.691498297355,13.875,3.820388651592));
#9706 = CARTESIAN_POINT('',(-2.61119246393,13.841823565436,3.6780800573)
  );
#9707 = CARTESIAN_POINT('',(-2.372394123765,13.346884560624,
    3.337877387908));
#9708 = CARTESIAN_POINT('',(-2.296273946099,12.823442280312,
    3.507291323971));
#9709 = CARTESIAN_POINT('',(-2.220153768432,12.3,3.676705260035));
#9710 = CARTESIAN_POINT('',(-2.774549648938,13.958333333333,3.9779862048
    ));
#9711 = CARTESIAN_POINT('',(-2.680797752219,13.958333333333,
    3.800083386244));
#9712 = CARTESIAN_POINT('',(-2.591899920126,13.924038098275,
    3.641470686824));
#9713 = CARTESIAN_POINT('',(-2.311426831146,13.416562611132,
    3.222186361099));
#9714 = CARTESIAN_POINT('',(-2.246364919716,12.858281305566,
    3.412584371092));
#9715 = CARTESIAN_POINT('',(-2.181303008286,12.3,3.602982381086));
#9716 = CARTESIAN_POINT('',(-2.774549648938,14.,3.9779862048));
#9717 = CARTESIAN_POINT('',(-2.675447479651,14.,3.789930753569));
#9718 = CARTESIAN_POINT('',(-2.582253648224,13.965145364694,
    3.623166001586));
#9719 = CARTESIAN_POINT('',(-2.280943184837,13.451401636387,
    3.164340847694));
#9720 = CARTESIAN_POINT('',(-2.221410406525,12.875700818193,
    3.365230894653));
#9721 = CARTESIAN_POINT('',(-2.161877628213,12.3,3.566120941611));
#9722 = ADVANCED_FACE('',(#9723),#9729,.T.);
#9723 = FACE_BOUND('',#9724,.T.);
#9724 = EDGE_LOOP('',(#9725,#9726,#9727,#9728));
#9725 = ORIENTED_EDGE('',*,*,#7322,.F.);
#9726 = ORIENTED_EDGE('',*,*,#9656,.F.);
#9727 = ORIENTED_EDGE('',*,*,#9578,.F.);
#9728 = ORIENTED_EDGE('',*,*,#9527,.F.);
#9729 = ( BOUNDED_SURFACE() B_SPLINE_SURFACE(3,2,(
    (#9730,#9731,#9732)
    ,(#9733,#9734,#9735)
    ,(#9736,#9737,#9738)
    ,(#9739,#9740,#9741
)),.UNSPECIFIED.,.F.,.F.,.F.) B_SPLINE_SURFACE_WITH_KNOTS((4,4),(3,3),(
    2.068596470913E-03,2.622804590537E-03),(0.,1.),
.PIECEWISE_BEZIER_KNOTS.) GEOMETRIC_REPRESENTATION_ITEM() 
RATIONAL_B_SPLINE_SURFACE((
    (1.,0.791146710558,1.)
    ,(1.,0.800045459976,1.)
    ,(1.,0.810982438158,1.)
,(1.,0.828003354785,1.))) REPRESENTATION_ITEM('') SURFACE() );
#9730 = CARTESIAN_POINT('',(-1.969598139835,12.3,3.618371184939));
#9731 = CARTESIAN_POINT('',(-2.137584084768,12.3,3.522794845702));
#9732 = CARTESIAN_POINT('',(-2.179887352856,12.487043441187,
    3.498726216012));
#9733 = CARTESIAN_POINT('',(-2.060948690496,12.3,3.778929847358));
#9734 = CARTESIAN_POINT('',(-2.22236832449,12.299999999996,3.68334401417
    ));
#9735 = CARTESIAN_POINT('',(-2.268899665304,12.480057517723,
    3.658851117271));
#9736 = CARTESIAN_POINT('',(-2.153627833314,12.3,3.938791273499));
#9737 = CARTESIAN_POINT('',(-2.30708224877,12.299999999967,
    3.843610528124));
#9738 = CARTESIAN_POINT('',(-2.358391729375,12.471263569662,
    3.817877878168));
#9739 = CARTESIAN_POINT('',(-2.250423810176,12.3,4.096138564937));
#9740 = CARTESIAN_POINT('',(-2.394622918818,12.3,4.007430996616));
#9741 = CARTESIAN_POINT('',(-2.448146615781,12.457205222232,
    3.974504600262));
#9742 = ADVANCED_FACE('',(#9743),#9749,.T.);
#9743 = FACE_BOUND('',#9744,.T.);
#9744 = EDGE_LOOP('',(#9745,#9746,#9747,#9748));
#9745 = ORIENTED_EDGE('',*,*,#9600,.F.);
#9746 = ORIENTED_EDGE('',*,*,#7453,.F.);
#9747 = ORIENTED_EDGE('',*,*,#7341,.F.);
#9748 = ORIENTED_EDGE('',*,*,#9553,.F.);
#9749 = ( BOUNDED_SURFACE() B_SPLINE_SURFACE(3,2,(
    (#9750,#9751,#9752)
    ,(#9753,#9754,#9755)
    ,(#9756,#9757,#9758)
    ,(#9759,#9760,#9761
)),.UNSPECIFIED.,.F.,.F.,.F.) B_SPLINE_SURFACE_WITH_KNOTS((4,4),(3,3),(
    2.06859687949E-03,2.622736085766E-03),(0.,1.),
.PIECEWISE_BEZIER_KNOTS.) GEOMETRIC_REPRESENTATION_ITEM() 
RATIONAL_B_SPLINE_SURFACE((
    (1.,0.791146730087,1.)
    ,(1.,0.800044381532,1.)
    ,(1.,0.810979730131,1.)
,(1.,0.827997072614,1.))) REPRESENTATION_ITEM('') SURFACE() );
#9750 = CARTESIAN_POINT('',(-1.653766660108,12.487043425736,
    3.775983736203));
#9751 = CARTESIAN_POINT('',(-1.69753451796,12.3,3.75469428118));
#9752 = CARTESIAN_POINT('',(-1.871336294676,12.3,3.670154043437));
#9753 = CARTESIAN_POINT('',(-1.73552287685,12.480058369892,
    3.939906682211));
#9754 = CARTESIAN_POINT('',(-1.782030610727,12.3,3.915370021361));
#9755 = CARTESIAN_POINT('',(-1.952128657931,12.3,3.836250757142));
#9756 = CARTESIAN_POINT('',(-1.816102433126,12.471265777743,
    4.103604762669));
#9757 = CARTESIAN_POINT('',(-1.866333455259,12.29999999996,
    4.075828426513));
#9758 = CARTESIAN_POINT('',(-2.031595096448,12.3,4.003049043833));
#9759 = CARTESIAN_POINT('',(-1.894554248213,12.457210423871,
    4.266163332321));
#9760 = CARTESIAN_POINT('',(-1.95196963586,12.3,4.240626009899));
#9761 = CARTESIAN_POINT('',(-2.106662086356,12.3,4.171821615355));
#9762 = ADVANCED_FACE('',(#9763),#9788,.F.);
#9763 = FACE_BOUND('',#9764,.T.);
#9764 = EDGE_LOOP('',(#9765,#9775,#9781,#9782));
#9765 = ORIENTED_EDGE('',*,*,#9766,.F.);
#9766 = EDGE_CURVE('',#9767,#9769,#9771,.T.);
#9767 = VERTEX_POINT('',#9768);
#9768 = CARTESIAN_POINT('',(-2.,7.454700538379,4.85));
#9769 = VERTEX_POINT('',#9770);
#9770 = CARTESIAN_POINT('',(-2.,13.3,4.85));
#9771 = LINE('',#9772,#9773);
#9772 = CARTESIAN_POINT('',(-2.,6.3,4.85));
#9773 = VECTOR('',#9774,1.);
#9774 = DIRECTION('',(0.,1.,0.));
#9775 = ORIENTED_EDGE('',*,*,#9776,.T.);
#9776 = EDGE_CURVE('',#9767,#4582,#9777,.T.);
#9777 = LINE('',#9778,#9779);
#9778 = CARTESIAN_POINT('',(-2.,7.454700538379,4.85));
#9779 = VECTOR('',#9780,1.);
#9780 = DIRECTION('',(0.866025403784,-0.5,-3.004629197474E-15));
#9781 = ORIENTED_EDGE('',*,*,#4581,.F.);
#9782 = ORIENTED_EDGE('',*,*,#9783,.F.);
#9783 = EDGE_CURVE('',#9769,#3989,#9784,.T.);
#9784 = LINE('',#9785,#9786);
#9785 = CARTESIAN_POINT('',(-2.,13.3,4.85));
#9786 = VECTOR('',#9787,1.);
#9787 = DIRECTION('',(1.,-0.,-3.469446951954E-15));
#9788 = PLANE('',#9789);
#9789 = AXIS2_PLACEMENT_3D('',#9790,#9791,#9792);
#9790 = CARTESIAN_POINT('',(-2.,6.3,4.85));
#9791 = DIRECTION('',(-3.469446951954E-15,0.,-1.));
#9792 = DIRECTION('',(-1.,0.,3.469446951954E-15));
#9793 = ADVANCED_FACE('',(#9794),#9838,.F.);
#9794 = FACE_BOUND('',#9795,.T.);
#9795 = EDGE_LOOP('',(#9796,#9807,#9815,#9822,#9823,#9824,#9830,#9831,
    #9832));
#9796 = ORIENTED_EDGE('',*,*,#9797,.T.);
#9797 = EDGE_CURVE('',#9798,#9800,#9802,.T.);
#9798 = VERTEX_POINT('',#9799);
#9799 = CARTESIAN_POINT('',(-2.,13.3,4.35));
#9800 = VERTEX_POINT('',#9801);
#9801 = CARTESIAN_POINT('',(-2.714319976251,13.3,4.087238491607));
#9802 = B_SPLINE_CURVE_WITH_KNOTS('',3,(#9803,#9804,#9805,#9806),
  .UNSPECIFIED.,.F.,.F.,(4,4),(0.,0.532935963287),
  .PIECEWISE_BEZIER_KNOTS.);
#9803 = CARTESIAN_POINT('',(-2.,13.3,4.35));
#9804 = CARTESIAN_POINT('',(-2.252188005546,13.3,4.35));
#9805 = CARTESIAN_POINT('',(-2.487252807252,13.3,4.243492222138));
#9806 = CARTESIAN_POINT('',(-2.714319976251,13.3,4.087238491607));
#9807 = ORIENTED_EDGE('',*,*,#9808,.T.);
#9808 = EDGE_CURVE('',#9800,#9809,#9811,.T.);
#9809 = VERTEX_POINT('',#9810);
#9810 = CARTESIAN_POINT('',(-2.950615458119,13.3,4.496514271819));
#9811 = LINE('',#9812,#9813);
#9812 = CARTESIAN_POINT('',(-2.899519052838,13.3,4.408012701892));
#9813 = VECTOR('',#9814,1.);
#9814 = DIRECTION('',(-0.5,-0.,0.866025403784));
#9815 = ORIENTED_EDGE('',*,*,#9816,.T.);
#9816 = EDGE_CURVE('',#9809,#9769,#9817,.T.);
#9817 = B_SPLINE_CURVE_WITH_KNOTS('',3,(#9818,#9819,#9820,#9821),
  .UNSPECIFIED.,.F.,.F.,(4,4),(0.39946854975,1.),
  .PIECEWISE_BEZIER_KNOTS.);
#9818 = CARTESIAN_POINT('',(-2.950615458119,13.3,4.496514271819));
#9819 = CARTESIAN_POINT('',(-2.646864492234,13.3,4.702681658104));
#9820 = CARTESIAN_POINT('',(-2.334372751061,13.3,4.85));
#9821 = CARTESIAN_POINT('',(-2.,13.3,4.85));
#9822 = ORIENTED_EDGE('',*,*,#9783,.T.);
#9823 = ORIENTED_EDGE('',*,*,#3988,.T.);
#9824 = ORIENTED_EDGE('',*,*,#9825,.F.);
#9825 = EDGE_CURVE('',#7437,#3991,#9826,.T.);
#9826 = LINE('',#9827,#9828);
#9827 = CARTESIAN_POINT('',(-2.,13.3,4.35));
#9828 = VECTOR('',#9829,1.);
#9829 = DIRECTION('',(1.,-0.,-3.469446951954E-15));
#9830 = ORIENTED_EDGE('',*,*,#7436,.F.);
#9831 = ORIENTED_EDGE('',*,*,#7283,.F.);
#9832 = ORIENTED_EDGE('',*,*,#9833,.F.);
#9833 = EDGE_CURVE('',#9798,#7275,#9834,.T.);
#9834 = LINE('',#9835,#9836);
#9835 = CARTESIAN_POINT('',(-2.,13.3,4.35));
#9836 = VECTOR('',#9837,1.);
#9837 = DIRECTION('',(1.,-0.,-3.469446951954E-15));
#9838 = PLANE('',#9839);
#9839 = AXIS2_PLACEMENT_3D('',#9840,#9841,#9842);
#9840 = CARTESIAN_POINT('',(-2.,13.3,4.85));
#9841 = DIRECTION('',(0.,-1.,0.));
#9842 = DIRECTION('',(0.,-0.,-1.));
#9843 = ADVANCED_FACE('',(#9844),#9865,.F.);
#9844 = FACE_BOUND('',#9845,.T.);
#9845 = EDGE_LOOP('',(#9846,#9847,#9855,#9861,#9862,#9863,#9864));
#9846 = ORIENTED_EDGE('',*,*,#4753,.T.);
#9847 = ORIENTED_EDGE('',*,*,#9848,.T.);
#9848 = EDGE_CURVE('',#4754,#9849,#9851,.T.);
#9849 = VERTEX_POINT('',#9850);
#9850 = CARTESIAN_POINT('',(-2.,7.454700538379,4.35));
#9851 = LINE('',#9852,#9853);
#9852 = CARTESIAN_POINT('',(-2.,7.454700538379,4.35));
#9853 = VECTOR('',#9854,1.);
#9854 = DIRECTION('',(-0.866025403784,0.5,3.004629197474E-15));
#9855 = ORIENTED_EDGE('',*,*,#9856,.F.);
#9856 = EDGE_CURVE('',#9798,#9849,#9857,.T.);
#9857 = LINE('',#9858,#9859);
#9858 = CARTESIAN_POINT('',(-2.,6.3,4.35));
#9859 = VECTOR('',#9860,1.);
#9860 = DIRECTION('',(-0.,-1.,-0.));
#9861 = ORIENTED_EDGE('',*,*,#9833,.T.);
#9862 = ORIENTED_EDGE('',*,*,#7272,.F.);
#9863 = ORIENTED_EDGE('',*,*,#7445,.F.);
#9864 = ORIENTED_EDGE('',*,*,#9825,.T.);
#9865 = PLANE('',#9866);
#9866 = AXIS2_PLACEMENT_3D('',#9867,#9868,#9869);
#9867 = CARTESIAN_POINT('',(-2.,6.3,4.35));
#9868 = DIRECTION('',(3.469446951954E-15,-0.,1.));
#9869 = DIRECTION('',(1.,0.,-3.469446951954E-15));
#9870 = ADVANCED_FACE('',(#9871),#9882,.T.);
#9871 = FACE_BOUND('',#9872,.T.);
#9872 = EDGE_LOOP('',(#9873,#9874,#9875,#9876));
#9873 = ORIENTED_EDGE('',*,*,#9848,.F.);
#9874 = ORIENTED_EDGE('',*,*,#5573,.T.);
#9875 = ORIENTED_EDGE('',*,*,#9776,.F.);
#9876 = ORIENTED_EDGE('',*,*,#9877,.F.);
#9877 = EDGE_CURVE('',#9849,#9767,#9878,.T.);
#9878 = LINE('',#9879,#9880);
#9879 = CARTESIAN_POINT('',(-2.,7.454700538379,1.987073793421E-14));
#9880 = VECTOR('',#9881,1.);
#9881 = DIRECTION('',(3.469446951954E-15,-1.734723475977E-15,1.));
#9882 = PLANE('',#9883);
#9883 = AXIS2_PLACEMENT_3D('',#9884,#9885,#9886);
#9884 = CARTESIAN_POINT('',(-2.,7.454700538379,1.987073793421E-14));
#9885 = DIRECTION('',(-0.5,-0.866025403784,2.324088772396E-16));
#9886 = DIRECTION('',(-3.469446951954E-15,1.734723475977E-15,-1.));
#9887 = ADVANCED_FACE('',(#9888),#9932,.T.);
#9888 = FACE_BOUND('',#9889,.T.);
#9889 = EDGE_LOOP('',(#9890,#9900,#9908,#9916));
#9890 = ORIENTED_EDGE('',*,*,#9891,.T.);
#9891 = EDGE_CURVE('',#9892,#9894,#9896,.T.);
#9892 = VERTEX_POINT('',#9893);
#9893 = CARTESIAN_POINT('',(-3.549038105677,10.449641559883,
    4.033012701892));
#9894 = VERTEX_POINT('',#9895);
#9895 = CARTESIAN_POINT('',(-3.549038105677,12.55,4.033012701892));
#9896 = LINE('',#9897,#9898);
#9897 = CARTESIAN_POINT('',(-3.549038105677,13.3,4.033012701892));
#9898 = VECTOR('',#9899,1.);
#9899 = DIRECTION('',(-0.,1.,-0.));
#9900 = ORIENTED_EDGE('',*,*,#9901,.T.);
#9901 = EDGE_CURVE('',#9894,#9902,#9904,.T.);
#9902 = VERTEX_POINT('',#9903);
#9903 = CARTESIAN_POINT('',(-3.299038105677,12.55,3.6));
#9904 = LINE('',#9905,#9906);
#9905 = CARTESIAN_POINT('',(-3.299038105677,12.55,3.6));
#9906 = VECTOR('',#9907,1.);
#9907 = DIRECTION('',(0.5,0.,-0.866025403784));
#9908 = ORIENTED_EDGE('',*,*,#9909,.T.);
#9909 = EDGE_CURVE('',#9902,#9910,#9912,.T.);
#9910 = VERTEX_POINT('',#9911);
#9911 = CARTESIAN_POINT('',(-3.299038105677,10.417718961017,3.6));
#9912 = LINE('',#9913,#9914);
#9913 = CARTESIAN_POINT('',(-3.299038105677,13.3,3.6));
#9914 = VECTOR('',#9915,1.);
#9915 = DIRECTION('',(0.,-1.,0.));
#9916 = ORIENTED_EDGE('',*,*,#9917,.T.);
#9917 = EDGE_CURVE('',#9910,#9892,#9918,.T.);
#9918 = B_SPLINE_CURVE_WITH_KNOTS('',3,(#9919,#9920,#9921,#9922,#9923,
    #9924,#9925,#9926,#9927,#9928,#9929,#9930,#9931),.UNSPECIFIED.,.F.,
  .F.,(4,3,3,3,4),(0.,7.216827857082E-05,2.446702361552E-04,
    4.29462844694E-04,5.010180929782E-04),.UNSPECIFIED.);
#9919 = CARTESIAN_POINT('',(-3.299038105677,10.417718961017,3.6));
#9920 = CARTESIAN_POINT('',(-3.311041088986,10.419271111229,
    3.620789776933));
#9921 = CARTESIAN_POINT('',(-3.32304412949,10.420821493971,
    3.641579652932));
#9922 = CARTESIAN_POINT('',(-3.335047245071,10.422369547241,
    3.662369658968));
#9923 = CARTESIAN_POINT('',(-3.363737978812,10.426069818547,
    3.712063467513));
#9924 = CARTESIAN_POINT('',(-3.39242914585,10.429756706022,
    3.761758026552));
#9925 = CARTESIAN_POINT('',(-3.421120967327,10.433423085641,
    3.811453719112));
#9926 = CARTESIAN_POINT('',(-3.451857061668,10.437350692325,
    3.864690196136));
#9927 = CARTESIAN_POINT('',(-3.482593926048,10.441254242748,
    3.917928006907));
#9928 = CARTESIAN_POINT('',(-3.513331405596,10.445138245802,
    3.971166883181));
#9929 = CARTESIAN_POINT('',(-3.525233548821,10.446642206482,
    3.991781999967));
#9930 = CARTESIAN_POINT('',(-3.537135784803,10.448143233326,
    4.012397277412));
#9931 = CARTESIAN_POINT('',(-3.549038105677,10.449641559883,
    4.033012701892));
#9932 = PLANE('',#9933);
#9933 = AXIS2_PLACEMENT_3D('',#9934,#9935,#9936);
#9934 = CARTESIAN_POINT('',(-0.915432852445,0.,-0.528525403784));
#9935 = DIRECTION('',(-0.866025403784,0.,-0.5));
#9936 = DIRECTION('',(-0.5,0.,0.866025403784));
#9937 = ADVANCED_FACE('',(#9938),#9970,.T.);
#9938 = FACE_BOUND('',#9939,.T.);
#9939 = EDGE_LOOP('',(#9940,#9941,#9952,#9953,#9954,#9963));
#9940 = ORIENTED_EDGE('',*,*,#9909,.F.);
#9941 = ORIENTED_EDGE('',*,*,#9942,.T.);
#9942 = EDGE_CURVE('',#9902,#9800,#9943,.T.);
#9943 = B_SPLINE_CURVE_WITH_KNOTS('',3,(#9944,#9945,#9946,#9947,#9948,
    #9949,#9950,#9951),.UNSPECIFIED.,.F.,.F.,(4,2,2,4),(0.,
    2.949391448083E-04,5.898782896167E-04,1.179756579233E-03),
  .UNSPECIFIED.);
#9944 = CARTESIAN_POINT('',(-3.299038105677,12.55,3.6));
#9945 = CARTESIAN_POINT('',(-3.299038105677,12.649754463272,3.6));
#9946 = CARTESIAN_POINT('',(-3.284376248253,12.747633739359,
    3.614275767479));
#9947 = CARTESIAN_POINT('',(-3.22744396676,12.929444698964,
    3.667223183463));
#9948 = CARTESIAN_POINT('',(-3.185161741475,13.012501833827,
    3.705961463382));
#9949 = CARTESIAN_POINT('',(-3.027008831393,13.218787532918,
    3.846060501884));
#9950 = CARTESIAN_POINT('',(-2.878647705686,13.299999999973,
    3.974158204096));
#9951 = CARTESIAN_POINT('',(-2.714319976251,13.3,4.087238491607));
#9952 = ORIENTED_EDGE('',*,*,#9797,.F.);
#9953 = ORIENTED_EDGE('',*,*,#9856,.T.);
#9954 = ORIENTED_EDGE('',*,*,#9955,.T.);
#9955 = EDGE_CURVE('',#9849,#9956,#9958,.T.);
#9956 = VERTEX_POINT('',#9957);
#9957 = CARTESIAN_POINT('',(-3.277900301608,10.189003182193,
    3.63536233224));
#9958 = B_SPLINE_CURVE_WITH_KNOTS('',3,(#9959,#9960,#9961,#9962),
  .UNSPECIFIED.,.F.,.F.,(4,4),(0.,0.968556453079),
  .PIECEWISE_BEZIER_KNOTS.);
#9959 = CARTESIAN_POINT('',(-2.,7.454700538379,4.35));
#9960 = CARTESIAN_POINT('',(-2.824520037965,7.93073740425,4.35));
#9961 = CARTESIAN_POINT('',(-3.060463635251,9.049761395304,3.99821189895
    ));
#9962 = CARTESIAN_POINT('',(-3.277900301608,10.189003182193,
    3.63536233224));
#9963 = ORIENTED_EDGE('',*,*,#9964,.T.);
#9964 = EDGE_CURVE('',#9956,#9910,#9965,.T.);
#9965 = B_SPLINE_CURVE_WITH_KNOTS('',3,(#9966,#9967,#9968,#9969),
  .UNSPECIFIED.,.F.,.F.,(4,4),(0.,2.323966626003E-04),
  .PIECEWISE_BEZIER_KNOTS.);
#9966 = CARTESIAN_POINT('',(-3.277900301608,10.189003182193,
    3.63536233224));
#9967 = CARTESIAN_POINT('',(-3.291981585758,10.262780929002,
    3.611864051391));
#9968 = CARTESIAN_POINT('',(-3.299038105677,10.33900669921,3.6));
#9969 = CARTESIAN_POINT('',(-3.299038105677,10.417718961017,3.6));
#9970 = B_SPLINE_SURFACE_WITH_KNOTS('',3,3,(
    (#9971,#9972,#9973,#9974)
    ,(#9975,#9976,#9977,#9978)
    ,(#9979,#9980,#9981,#9982)
    ,(#9983,#9984,#9985,#9986)
    ,(#9987,#9988,#9989,#9990
  )),.UNSPECIFIED.,.F.,.F.,.F.,(4,1,4),(4,4),(0.,0.5,1.),(0.,1.),
  .UNSPECIFIED.);
#9971 = CARTESIAN_POINT('',(-2.,13.3,4.35));
#9972 = CARTESIAN_POINT('',(-2.473205080757,13.3,4.35));
#9973 = CARTESIAN_POINT('',(-2.886121593217,13.3,3.975));
#9974 = CARTESIAN_POINT('',(-3.299038105677,13.3,3.6));
#9975 = CARTESIAN_POINT('',(-2.,12.325783423063,4.35));
#9976 = CARTESIAN_POINT('',(-2.509298355732,12.366336696566,4.35));
#9977 = CARTESIAN_POINT('',(-2.904168230704,12.583168348283,3.975));
#9978 = CARTESIAN_POINT('',(-3.299038105677,12.8,3.6));
#9979 = CARTESIAN_POINT('',(-2.,10.37735026919,4.35));
#9980 = CARTESIAN_POINT('',(-2.581484905681,10.499010089698,4.35));
#9981 = CARTESIAN_POINT('',(-2.940261505679,11.149505044849,3.975));
#9982 = CARTESIAN_POINT('',(-3.299038105677,11.8,3.6));
#9983 = CARTESIAN_POINT('',(-2.,8.428917115316,4.35));
#9984 = CARTESIAN_POINT('',(-2.761353326958,8.797131114811,4.35));
#9985 = CARTESIAN_POINT('',(-3.030195716317,9.798565557406,3.975));
#9986 = CARTESIAN_POINT('',(-3.299038105677,10.8,3.6));
#9987 = CARTESIAN_POINT('',(-2.,7.454700538379,4.35));
#9988 = CARTESIAN_POINT('',(-2.851287537597,7.946191627368,4.35));
#9989 = CARTESIAN_POINT('',(-3.075162821637,9.123095813684,3.975));
#9990 = CARTESIAN_POINT('',(-3.299038105677,10.3,3.6));
#9991 = ADVANCED_FACE('',(#9992),#10024,.T.);
#9992 = FACE_BOUND('',#9993,.T.);
#9993 = EDGE_LOOP('',(#9994,#9995,#10006,#10007,#10016,#10023));
#9994 = ORIENTED_EDGE('',*,*,#9816,.F.);
#9995 = ORIENTED_EDGE('',*,*,#9996,.T.);
#9996 = EDGE_CURVE('',#9809,#9894,#9997,.T.);
#9997 = B_SPLINE_CURVE_WITH_KNOTS('',3,(#9998,#9999,#10000,#10001,#10002
    ,#10003,#10004,#10005),.UNSPECIFIED.,.F.,.F.,(4,2,2,4),(0.,
    2.94162930622E-04,5.883258612441E-04,1.176651722488E-03),
  .UNSPECIFIED.);
#9998 = CARTESIAN_POINT('',(-2.950615458119,13.3,4.496514271819));
#9999 = CARTESIAN_POINT('',(-3.032935478737,13.3,4.44064052768));
#10000 = CARTESIAN_POINT('',(-3.11156722872,13.280481760045,
    4.382844189162));
#10001 = CARTESIAN_POINT('',(-3.256765408405,13.205521267457,
    4.272065493141));
#10002 = CARTESIAN_POINT('',(-3.322363432076,13.150140014208,
    4.219834462718));
#10003 = CARTESIAN_POINT('',(-3.485620957362,12.943422269477,
    4.087756181286));
#10004 = CARTESIAN_POINT('',(-3.549038105677,12.748988646143,
    4.033012701892));
#10005 = CARTESIAN_POINT('',(-3.549038105677,12.55,4.033012701892));
#10006 = ORIENTED_EDGE('',*,*,#9891,.F.);
#10007 = ORIENTED_EDGE('',*,*,#10008,.T.);
#10008 = EDGE_CURVE('',#9892,#10009,#10011,.T.);
#10009 = VERTEX_POINT('',#10010);
#10010 = CARTESIAN_POINT('',(-3.510622547059,10.162887873137,
    4.081142147477));
#10011 = B_SPLINE_CURVE_WITH_KNOTS('',3,(#10012,#10013,#10014,#10015),
  .UNSPECIFIED.,.F.,.F.,(4,4),(0.,2.935573297938E-04),
  .PIECEWISE_BEZIER_KNOTS.);
#10012 = CARTESIAN_POINT('',(-3.549038105677,10.449641559883,
    4.033012701892));
#10013 = CARTESIAN_POINT('',(-3.549038105677,10.350382278604,
    4.033012701892));
#10014 = CARTESIAN_POINT('',(-3.536050251108,10.253428503562,
    4.049374942547));
#10015 = CARTESIAN_POINT('',(-3.510622547059,10.162887873137,
    4.081142147477));
#10016 = ORIENTED_EDGE('',*,*,#10017,.F.);
#10017 = EDGE_CURVE('',#9767,#10009,#10018,.T.);
#10018 = B_SPLINE_CURVE_WITH_KNOTS('',3,(#10019,#10020,#10021,#10022),
  .UNSPECIFIED.,.F.,.F.,(4,4),(0.,0.960705852216),
  .PIECEWISE_BEZIER_KNOTS.);
#10019 = CARTESIAN_POINT('',(-2.,7.454700538379,4.85));
#10020 = CARTESIAN_POINT('',(-2.862585803174,7.952714684041,4.85));
#10021 = CARTESIAN_POINT('',(-3.196981563909,9.046103900578,
    4.472978444106));
#10022 = CARTESIAN_POINT('',(-3.510622547059,10.162887873137,
    4.081142147477));
#10023 = ORIENTED_EDGE('',*,*,#9766,.T.);
#10024 = B_SPLINE_SURFACE_WITH_KNOTS('',3,3,(
    (#10025,#10026,#10027,#10028)
    ,(#10029,#10030,#10031,#10032)
    ,(#10033,#10034,#10035,#10036)
    ,(#10037,#10038,#10039,#10040)
    ,(#10041,#10042,#10043,#10044
    )),.UNSPECIFIED.,.F.,.F.,.F.,(4,1,4),(4,4),(0.,0.5,1.),(0.,1.),
  .UNSPECIFIED.);
#10025 = CARTESIAN_POINT('',(-2.,7.454700538379,4.85));
#10026 = CARTESIAN_POINT('',(-2.897866710382,7.973084125315,4.85));
#10027 = CARTESIAN_POINT('',(-3.223452408029,9.136542062657,
    4.441506350946));
#10028 = CARTESIAN_POINT('',(-3.549038105677,10.3,4.033012701892));
#10029 = CARTESIAN_POINT('',(-2.,8.428917115316,4.85));
#10030 = CARTESIAN_POINT('',(-2.815360813792,8.821875652665,4.85));
#10031 = CARTESIAN_POINT('',(-3.182199459734,9.810937826333,
    4.441506350946));
#10032 = CARTESIAN_POINT('',(-3.549038105677,10.8,4.033012701892));
#10033 = CARTESIAN_POINT('',(-2.,10.37735026919,4.85));
#10034 = CARTESIAN_POINT('',(-2.650349020613,10.519458707367,4.85));
#10035 = CARTESIAN_POINT('',(-3.099693563145,11.159729353683,
    4.441506350946));
#10036 = CARTESIAN_POINT('',(-3.549038105677,11.8,4.033012701892));
#10037 = CARTESIAN_POINT('',(-2.,12.325783423063,4.85));
#10038 = CARTESIAN_POINT('',(-2.587979498381,12.373152902456,4.85));
#10039 = CARTESIAN_POINT('',(-3.068508802029,12.586576451228,
    4.441506350946));
#10040 = CARTESIAN_POINT('',(-3.549038105677,12.8,4.033012701892));
#10041 = CARTESIAN_POINT('',(-2.,13.3,4.85));
#10042 = CARTESIAN_POINT('',(-2.556794737266,13.3,4.85));
#10043 = CARTESIAN_POINT('',(-3.052916421471,13.3,4.441506350946));
#10044 = CARTESIAN_POINT('',(-3.549038105677,13.3,4.033012701892));
#10045 = ADVANCED_FACE('',(#10046),#10073,.T.);
#10046 = FACE_BOUND('',#10047,.T.);
#10047 = EDGE_LOOP('',(#10048,#10049,#10071,#10072));
#10048 = ORIENTED_EDGE('',*,*,#10017,.T.);
#10049 = ORIENTED_EDGE('',*,*,#10050,.T.);
#10050 = EDGE_CURVE('',#10009,#9956,#10051,.T.);
#10051 = B_SPLINE_CURVE_WITH_KNOTS('',3,(#10052,#10053,#10054,#10055,
    #10056,#10057,#10058,#10059,#10060,#10061,#10062,#10063,#10064,
    #10065,#10066,#10067,#10068,#10069,#10070),.UNSPECIFIED.,.F.,.F.,(4,
    3,3,3,3,3,4),(-6.00000000017E-08,0.,7.640372085377E-05,
    2.623977078693E-04,4.360916538939E-04,5.034310863103E-04,
    5.034910863103E-04),.UNSPECIFIED.);
#10052 = CARTESIAN_POINT('',(-3.510622547059,10.162887873137,
    4.081142147477));
#10053 = CARTESIAN_POINT('',(-3.510613369312,10.162888845901,
    4.081124404234));
#10054 = CARTESIAN_POINT('',(-3.510604191555,10.162889818665,
    4.081106660995));
#10055 = CARTESIAN_POINT('',(-3.510595013792,10.162890791441,
    4.081088917761));
#10056 = CARTESIAN_POINT('',(-3.498908093187,10.164129519523,
    4.058494765332));
#10057 = CARTESIAN_POINT('',(-3.487209116305,10.165380809551,
    4.035907529825));
#10058 = CARTESIAN_POINT('',(-3.475497902379,10.166644731568,
    4.013327355911));
#10059 = CARTESIAN_POINT('',(-3.446988658361,10.169721565568,
    3.958359212373));
#10060 = CARTESIAN_POINT('',(-3.418406942966,10.172873439274,
    3.903432734695));
#10061 = CARTESIAN_POINT('',(-3.389749695171,10.176101144696,
    3.848550271444));
#10062 = CARTESIAN_POINT('',(-3.362987586335,10.179115397999,
    3.797297252828));
#10063 = CARTESIAN_POINT('',(-3.336158659804,10.182194315567,
    3.746082822896));
#10064 = CARTESIAN_POINT('',(-3.309254348605,10.185329194707,
    3.694911554774));
#10065 = CARTESIAN_POINT('',(-3.298823798327,10.186544558083,
    3.67507293185));
#10066 = CARTESIAN_POINT('',(-3.288381917396,10.187768315206,
    3.65524077429));
#10067 = CARTESIAN_POINT('',(-3.277928244563,10.188999890139,
    3.635415326143));
#10068 = CARTESIAN_POINT('',(-3.277918930254,10.189000987483,
    3.635397661503));
#10069 = CARTESIAN_POINT('',(-3.277909615936,10.189002084835,
    3.635379996869));
#10070 = CARTESIAN_POINT('',(-3.277900301608,10.189003182193,
    3.63536233224));
#10071 = ORIENTED_EDGE('',*,*,#9955,.F.);
#10072 = ORIENTED_EDGE('',*,*,#9877,.T.);
#10073 = B_SPLINE_SURFACE_WITH_KNOTS('',3,3,(
    (#10074,#10075,#10076,#10077)
    ,(#10078,#10079,#10080,#10081)
    ,(#10082,#10083,#10084,#10085)
    ,(#10086,#10087,#10088,#10089)
    ,(#10090,#10091,#10092,#10093
    )),.UNSPECIFIED.,.F.,.F.,.F.,(4,1,4),(4,4),(0.,0.5,1.),(0.,1.),
  .UNSPECIFIED.);
#10074 = CARTESIAN_POINT('',(-2.,7.454700538379,4.35));
#10075 = CARTESIAN_POINT('',(-2.851287537597,7.946191627368,4.35));
#10076 = CARTESIAN_POINT('',(-3.075162821637,9.123095813684,3.975));
#10077 = CARTESIAN_POINT('',(-3.299038105677,10.3,3.6));
#10078 = CARTESIAN_POINT('',(-2.,7.454700538379,4.433333333333));
#10079 = CARTESIAN_POINT('',(-2.858880762464,7.95057557779,
    4.433333333333));
#10080 = CARTESIAN_POINT('',(-3.099792767404,9.125287788895,
    4.052751058491));
#10081 = CARTESIAN_POINT('',(-3.340704772343,10.3,3.672168783649));
#10082 = CARTESIAN_POINT('',(-2.,7.454700538379,4.6));
#10083 = CARTESIAN_POINT('',(-2.874067212198,7.959343478632,4.6));
#10084 = CARTESIAN_POINT('',(-3.149052658938,9.129671739316,
    4.208253175473));
#10085 = CARTESIAN_POINT('',(-3.424038105677,10.3,3.816506350946));
#10086 = CARTESIAN_POINT('',(-2.,7.454700538379,4.766666666667));
#10087 = CARTESIAN_POINT('',(-2.889933544321,7.968503909754,
    4.766666666667));
#10088 = CARTESIAN_POINT('',(-3.198652491665,9.134251954877,
    4.363755292455));
#10089 = CARTESIAN_POINT('',(-3.50737143901,10.3,3.960843918244));
#10090 = CARTESIAN_POINT('',(-2.,7.454700538379,4.85));
#10091 = CARTESIAN_POINT('',(-2.897866710382,7.973084125315,4.85));
#10092 = CARTESIAN_POINT('',(-3.223452408029,9.136542062657,
    4.441506350946));
#10093 = CARTESIAN_POINT('',(-3.549038105677,10.3,4.033012701892));
#10094 = ADVANCED_FACE('',(#10095),#10101,.T.);
#10095 = FACE_BOUND('',#10096,.T.);
#10096 = EDGE_LOOP('',(#10097,#10098,#10099,#10100));
#10097 = ORIENTED_EDGE('',*,*,#9996,.F.);
#10098 = ORIENTED_EDGE('',*,*,#9808,.F.);
#10099 = ORIENTED_EDGE('',*,*,#9942,.F.);
#10100 = ORIENTED_EDGE('',*,*,#9901,.F.);
#10101 = CYLINDRICAL_SURFACE('',#10102,0.75);
#10102 = AXIS2_PLACEMENT_3D('',#10103,#10104,#10105);
#10103 = CARTESIAN_POINT('',(-0.265913799607,12.55,-0.153525403784));
#10104 = DIRECTION('',(-0.5,0.,0.866025403784));
#10105 = DIRECTION('',(0.866025403784,0.,0.5));
#10106 = ADVANCED_FACE('',(#10107),#10113,.T.);
#10107 = FACE_BOUND('',#10108,.T.);
#10108 = EDGE_LOOP('',(#10109,#10110,#10111,#10112));
#10109 = ORIENTED_EDGE('',*,*,#9964,.F.);
#10110 = ORIENTED_EDGE('',*,*,#10050,.F.);
#10111 = ORIENTED_EDGE('',*,*,#10008,.F.);
#10112 = ORIENTED_EDGE('',*,*,#9917,.F.);
#10113 = ( BOUNDED_SURFACE() B_SPLINE_SURFACE(3,2,(
    (#10114,#10115,#10116)
    ,(#10117,#10118,#10119)
    ,(#10120,#10121,#10122)
    ,(#10123,#10124,#10125
)),.UNSPECIFIED.,.F.,.F.,.F.) B_SPLINE_SURFACE_WITH_KNOTS((4,4),(3,3),(
    1.792504834725E-03,2.307444655899E-03),(0.,1.),
.PIECEWISE_BEZIER_KNOTS.) GEOMETRIC_REPRESENTATION_ITEM() 
RATIONAL_B_SPLINE_SURFACE((
    (1.,0.988083464759,1.)
    ,(1.,0.98585989366,1.)
    ,(1.,0.983365926492,1.)
,(1.,0.980654369962,1.))) REPRESENTATION_ITEM('') SURFACE() );
#10114 = CARTESIAN_POINT('',(-3.272405888605,10.189651100133,
    3.624944846922));
#10115 = CARTESIAN_POINT('',(-3.2995902298,10.300714866045,
    3.600956307034));
#10116 = CARTESIAN_POINT('',(-3.295820347565,10.417302817836,
    3.594426679464));
#10117 = CARTESIAN_POINT('',(-3.352980852483,10.180140677322,
    3.777676904623));
#10118 = CARTESIAN_POINT('',(-3.385770095459,10.300724752414,
    3.750224212945));
#10119 = CARTESIAN_POINT('',(-3.381464775868,10.428380100123,
    3.74276718067));
#10120 = CARTESIAN_POINT('',(-3.432763779986,10.171134186291,
    3.930602218837));
#10121 = CARTESIAN_POINT('',(-3.471749135018,10.300716950933,
    3.899144277847));
#10122 = CARTESIAN_POINT('',(-3.467113167759,10.439332395094,
    3.891114547012));
#10123 = CARTESIAN_POINT('',(-3.512032455121,10.162738489419,
    4.083868054984));
#10124 = CARTESIAN_POINT('',(-3.557467523283,10.300699705164,
    4.047612881464));
#10125 = CARTESIAN_POINT('',(-3.552767129651,10.450110900443,
    4.039471560879));
#10126 = MANIFOLD_SOLID_BREP('',#10127);
#10127 = CLOSED_SHELL('',(#10128,#10260,#10382,#10522,#10564,#10606,
    #10648,#10679,#10719,#10752,#10783,#10872,#10894,#11088,#11101,
    #11125,#11143,#11161,#11179,#11197,#11215,#11233,#11245,#11263,
    #11281,#11293,#11311,#11329,#11341,#11750,#12157));
#10128 = ADVANCED_FACE('',(#10129,#10199),#10255,.F.);
#10129 = FACE_BOUND('',#10130,.T.);
#10130 = EDGE_LOOP('',(#10131,#10141,#10150,#10158,#10167,#10175,#10184,
    #10192));
#10131 = ORIENTED_EDGE('',*,*,#10132,.T.);
#10132 = EDGE_CURVE('',#10133,#10135,#10137,.T.);
#10133 = VERTEX_POINT('',#10134);
#10134 = CARTESIAN_POINT('',(5.183408009796,0.51,-4.401395392826));
#10135 = VERTEX_POINT('',#10136);
#10136 = CARTESIAN_POINT('',(3.506304132118,0.51,-1.818881890913));
#10137 = LINE('',#10138,#10139);
#10138 = CARTESIAN_POINT('',(1.635407607494,0.51,1.062046118279));
#10139 = VECTOR('',#10140,1.);
#10140 = DIRECTION('',(-0.544639035015,0.,0.838670567945));
#10141 = ORIENTED_EDGE('',*,*,#10142,.T.);
#10142 = EDGE_CURVE('',#10135,#10143,#10145,.T.);
#10143 = VERTEX_POINT('',#10144);
#10144 = CARTESIAN_POINT('',(-0.235488917131,0.51,3.942974127471));
#10145 = CIRCLE('',#10146,3.95);
#10146 = AXIS2_PLACEMENT_3D('',#10147,#10148,#10149);
#10147 = CARTESIAN_POINT('',(-4.336808689942E-15,0.51,
    -1.387778780781E-14));
#10148 = DIRECTION('',(0.,-1.,0.));
#10149 = DIRECTION('',(0.,0.,1.));
#10150 = ORIENTED_EDGE('',*,*,#10151,.T.);
#10151 = EDGE_CURVE('',#10143,#10152,#10154,.T.);
#10152 = VERTEX_POINT('',#10153);
#10153 = CARTESIAN_POINT('',(-1.912592794808,0.51,6.525487629384));
#10154 = LINE('',#10155,#10156);
#10155 = CARTESIAN_POINT('',(1.635407607494,0.51,1.062046118279));
#10156 = VECTOR('',#10157,1.);
#10157 = DIRECTION('',(-0.544639035015,0.,0.838670567945));
#10158 = ORIENTED_EDGE('',*,*,#10159,.T.);
#10159 = EDGE_CURVE('',#10152,#10160,#10162,.T.);
#10160 = VERTEX_POINT('',#10161);
#10161 = CARTESIAN_POINT('',(-5.183408009796,0.51,4.401395392826));
#10162 = CIRCLE('',#10163,6.8);
#10163 = AXIS2_PLACEMENT_3D('',#10164,#10165,#10166);
#10164 = CARTESIAN_POINT('',(-4.336808689942E-15,0.51,
    -1.387778780781E-14));
#10165 = DIRECTION('',(0.,-1.,0.));
#10166 = DIRECTION('',(0.,0.,1.));
#10167 = ORIENTED_EDGE('',*,*,#10168,.T.);
#10168 = EDGE_CURVE('',#10160,#10169,#10171,.T.);
#10169 = VERTEX_POINT('',#10170);
#10170 = CARTESIAN_POINT('',(-3.506304132118,0.51,1.818881890913));
#10171 = LINE('',#10172,#10173);
#10172 = CARTESIAN_POINT('',(-1.635407607494,0.51,-1.062046118279));
#10173 = VECTOR('',#10174,1.);
#10174 = DIRECTION('',(0.544639035015,0.,-0.838670567945));
#10175 = ORIENTED_EDGE('',*,*,#10176,.T.);
#10176 = EDGE_CURVE('',#10169,#10177,#10179,.T.);
#10177 = VERTEX_POINT('',#10178);
#10178 = CARTESIAN_POINT('',(0.235488917131,0.51,-3.942974127471));
#10179 = CIRCLE('',#10180,3.95);
#10180 = AXIS2_PLACEMENT_3D('',#10181,#10182,#10183);
#10181 = CARTESIAN_POINT('',(-4.336808689942E-15,0.51,
    -1.387778780781E-14));
#10182 = DIRECTION('',(0.,-1.,0.));
#10183 = DIRECTION('',(0.,0.,1.));
#10184 = ORIENTED_EDGE('',*,*,#10185,.T.);
#10185 = EDGE_CURVE('',#10177,#10186,#10188,.T.);
#10186 = VERTEX_POINT('',#10187);
#10187 = CARTESIAN_POINT('',(1.912592794808,0.51,-6.525487629384));
#10188 = LINE('',#10189,#10190);
#10189 = CARTESIAN_POINT('',(-1.635407607494,0.51,-1.062046118279));
#10190 = VECTOR('',#10191,1.);
#10191 = DIRECTION('',(0.544639035015,0.,-0.838670567945));
#10192 = ORIENTED_EDGE('',*,*,#10193,.T.);
#10193 = EDGE_CURVE('',#10186,#10133,#10194,.T.);
#10194 = CIRCLE('',#10195,6.8);
#10195 = AXIS2_PLACEMENT_3D('',#10196,#10197,#10198);
#10196 = CARTESIAN_POINT('',(-4.336808689942E-15,0.51,
    -1.387778780781E-14));
#10197 = DIRECTION('',(-0.,-1.,0.));
#10198 = DIRECTION('',(-2.6645352591E-15,0.,1.));
#10199 = FACE_BOUND('',#10200,.T.);
#10200 = EDGE_LOOP('',(#10201,#10214,#10237,#10248));
#10201 = ORIENTED_EDGE('',*,*,#10202,.F.);
#10202 = EDGE_CURVE('',#10203,#10205,#10207,.T.);
#10203 = VERTEX_POINT('',#10204);
#10204 = CARTESIAN_POINT('',(-2.809763304569,0.51,1.163842040287));
#10205 = VERTEX_POINT('',#10206);
#10206 = CARTESIAN_POINT('',(-2.933012701892,0.51,-8.372307674278E-14));
#10207 = B_SPLINE_CURVE_WITH_KNOTS('',3,(#10208,#10209,#10210,#10211,
    #10212,#10213),.UNSPECIFIED.,.F.,.F.,(4,2,4),(5.861801387087E-16,
    5.856748007624E-04,1.171349601524E-03),.UNSPECIFIED.);
#10208 = CARTESIAN_POINT('',(-2.809763304569,0.51,1.163842040287));
#10209 = CARTESIAN_POINT('',(-2.868277791311,0.51,0.974648644569));
#10210 = CARTESIAN_POINT('',(-2.907443847806,0.51,0.782900621892));
#10211 = CARTESIAN_POINT('',(-2.94866822289,0.51,0.394505138889));
#10212 = CARTESIAN_POINT('',(-2.950450376913,0.51,0.195697912619));
#10213 = CARTESIAN_POINT('',(-2.933012701892,0.51,-8.372307674278E-14));
#10214 = ORIENTED_EDGE('',*,*,#10215,.F.);
#10215 = EDGE_CURVE('',#10216,#10203,#10218,.T.);
#10216 = VERTEX_POINT('',#10217);
#10217 = CARTESIAN_POINT('',(1.163842040286,0.51,2.809763304569));
#10218 = B_SPLINE_CURVE_WITH_KNOTS('',3,(#10219,#10220,#10221,#10222,
    #10223,#10224,#10225,#10226,#10227,#10228,#10229,#10230,#10231,
    #10232,#10233,#10234,#10235,#10236),.UNSPECIFIED.,.F.,.F.,(4,2,2,2,2
    ,2,2,2,4),(0.,6.001449835418E-04,1.200289967084E-03,
    1.800434950625E-03,2.400579934167E-03,3.000724917709E-03,
    3.600869901251E-03,4.201014884793E-03,4.801159868334E-03),
  .UNSPECIFIED.);
#10219 = CARTESIAN_POINT('',(1.163842040286,0.51,2.809763304569));
#10220 = CARTESIAN_POINT('',(0.978389538917,0.51,2.886580243995));
#10221 = CARTESIAN_POINT('',(0.78569445434,0.51,2.94480553859));
#10222 = CARTESIAN_POINT('',(0.393791019545,0.51,3.022271342652));
#10223 = CARTESIAN_POINT('',(0.196659482204,0.51,3.041371468328));
#10224 = CARTESIAN_POINT('',(-0.199911957108,0.51,3.041159412084));
#10225 = CARTESIAN_POINT('',(-0.401252172432,0.51,3.021208003065));
#10226 = CARTESIAN_POINT('',(-0.790560276263,0.51,2.94341902441));
#10227 = CARTESIAN_POINT('',(-0.979949073934,0.51,2.885947456927));
#10228 = CARTESIAN_POINT('',(-1.348078964191,0.51,2.733436667998));
#10229 = CARTESIAN_POINT('',(-1.52569115141,0.51,2.638322472902));
#10230 = CARTESIAN_POINT('',(-1.854802754649,0.51,2.418302235424));
#10231 = CARTESIAN_POINT('',(-2.008484103898,0.51,2.2924967055));
#10232 = CARTESIAN_POINT('',(-2.292232948399,0.51,2.008785118078));
#10233 = CARTESIAN_POINT('',(-2.417884521162,0.51,1.855350769418));
#10234 = CARTESIAN_POINT('',(-2.638012323482,0.51,1.526231639172));
#10235 = CARTESIAN_POINT('',(-2.732946365143,0.51,1.349294541655));
#10236 = CARTESIAN_POINT('',(-2.809763304569,0.51,1.163842040287));
#10237 = ORIENTED_EDGE('',*,*,#10238,.F.);
#10238 = EDGE_CURVE('',#10239,#10216,#10241,.T.);
#10239 = VERTEX_POINT('',#10240);
#10240 = CARTESIAN_POINT('',(2.073953133274,0.51,2.073953208354));
#10241 = B_SPLINE_CURVE_WITH_KNOTS('',3,(#10242,#10243,#10244,#10245,
    #10246,#10247),.UNSPECIFIED.,.F.,.F.,(4,2,4),(4.270191480292E-03,
    4.856327449475E-03,5.442463418657E-03),.UNSPECIFIED.);
#10242 = CARTESIAN_POINT('',(2.073953133274,0.51,2.073953208354));
#10243 = CARTESIAN_POINT('',(1.948125376602,0.51,2.224398267055));
#10244 = CARTESIAN_POINT('',(1.806148138288,0.51,2.363917187986));
#10245 = CARTESIAN_POINT('',(1.50214085198,0.51,2.609576181243));
#10246 = CARTESIAN_POINT('',(1.338849468908,0.51,2.717437704426));
#10247 = CARTESIAN_POINT('',(1.163842040286,0.51,2.809763304569));
#10248 = ORIENTED_EDGE('',*,*,#10249,.T.);
#10249 = EDGE_CURVE('',#10239,#10205,#10250,.T.);
#10250 = CIRCLE('',#10251,2.933012701892);
#10251 = AXIS2_PLACEMENT_3D('',#10252,#10253,#10254);
#10252 = CARTESIAN_POINT('',(-4.336808689942E-15,0.51,
    -1.387778780781E-14));
#10253 = DIRECTION('',(0.,1.,0.));
#10254 = DIRECTION('',(0.,-0.,1.));
#10255 = PLANE('',#10256);
#10256 = AXIS2_PLACEMENT_3D('',#10257,#10258,#10259);
#10257 = CARTESIAN_POINT('',(-4.336808689942E-15,0.51,
    -1.387778780781E-14));
#10258 = DIRECTION('',(0.,1.,0.));
#10259 = DIRECTION('',(0.,-0.,1.));
#10260 = ADVANCED_FACE('',(#10261),#10377,.F.);
#10261 = FACE_BOUND('',#10262,.F.);
#10262 = EDGE_LOOP('',(#10263,#10330,#10331,#10370));
#10263 = ORIENTED_EDGE('',*,*,#10264,.F.);
#10264 = EDGE_CURVE('',#10239,#10265,#10267,.T.);
#10265 = VERTEX_POINT('',#10266);
#10266 = CARTESIAN_POINT('',(1.76776692097,1.26,1.767766984963));
#10267 = B_SPLINE_CURVE_WITH_KNOTS('',3,(#10268,#10269,#10270,#10271,
    #10272,#10273,#10274,#10275,#10276,#10277,#10278,#10279,#10280,
    #10281,#10282,#10283,#10284,#10285,#10286,#10287,#10288,#10289,
    #10290,#10291,#10292,#10293,#10294,#10295,#10296,#10297,#10298,
    #10299,#10300,#10301,#10302,#10303,#10304,#10305,#10306,#10307,
    #10308,#10309,#10310,#10311,#10312,#10313,#10314,#10315,#10316,
    #10317,#10318,#10319,#10320,#10321,#10322,#10323,#10324,#10325,
    #10326,#10327,#10328,#10329),.UNSPECIFIED.,.F.,.F.,(4,2,2,2,2,2,2,2,
    2,2,2,2,2,2,2,2,2,2,2,2,2,2,2,2,2,2,2,2,2,2,4),(0.,
    5.311595454339E-04,1.062319090868E-03,1.593478636302E-03,
    2.124638181736E-03,2.65579772717E-03,3.186957272604E-03,
    3.718116818037E-03,4.249276363471E-03,4.780435908905E-03,
    5.311595454339E-03,6.373914545207E-03,6.905074090641E-03,
    7.436233636075E-03,7.967393181509E-03,8.498552726943E-03,
    9.029712272377E-03,9.560871817811E-03,1.009203136324E-02,
    1.062319090868E-02,1.115435045411E-02,1.168550999955E-02,
    1.274782909041E-02,1.327898863585E-02,1.381014818128E-02,
    1.434130772672E-02,1.487246727215E-02,1.540362681758E-02,
    1.593478636302E-02,1.646594590845E-02,1.699710545389E-02),
  .UNSPECIFIED.);
#10268 = CARTESIAN_POINT('',(2.073953133274,0.51,2.073953208354));
#10269 = CARTESIAN_POINT('',(2.197999115679,0.516922844242,
    1.944254751888));
#10270 = CARTESIAN_POINT('',(2.308185361371,0.524012031143,
    1.805197617324));
#10271 = CARTESIAN_POINT('',(2.501998502184,0.538519717268,
    1.509149876149));
#10272 = CARTESIAN_POINT('',(2.586136737496,0.545996351283,1.35087660412
    ));
#10273 = CARTESIAN_POINT('',(2.723876991149,0.561034383809,
    1.021259585896));
#10274 = CARTESIAN_POINT('',(2.776794765189,0.568493018535,
    0.852261157402));
#10275 = CARTESIAN_POINT('',(2.851549164155,0.583291194341,
    0.506100707657));
#10276 = CARTESIAN_POINT('',(2.873344267398,0.590705753911,
    0.327032392123));
#10277 = CARTESIAN_POINT('',(2.883539494251,0.604957096215,
    -2.874324243792E-02));
#10278 = CARTESIAN_POINT('',(2.872343931431,0.611852704506,
    -0.20529396924));
#10279 = CARTESIAN_POINT('',(2.816967172196,0.626478886166,
    -0.55563516545));
#10280 = CARTESIAN_POINT('',(2.772124904585,0.634106231267,
    -0.730875360178));
#10281 = CARTESIAN_POINT('',(2.652292328937,0.649278361844,
    -1.064964075491));
#10282 = CARTESIAN_POINT('',(2.577357540573,0.656877063207,
    -1.225226368741));
#10283 = CARTESIAN_POINT('',(2.397223588139,0.672100105858,
    -1.532084140127));
#10284 = CARTESIAN_POINT('',(2.29160108384,0.679724121182,
    -1.678471564704));
#10285 = CARTESIAN_POINT('',(2.058462220616,0.694354305941,
    -1.945151293247));
#10286 = CARTESIAN_POINT('',(1.93010834716,0.701310069136,
    -2.067235889189));
#10287 = CARTESIAN_POINT('',(1.648512271859,0.716173082829,
    -2.287536158637));
#10288 = CARTESIAN_POINT('',(1.497444616032,0.723819221667,
    -2.383818212695));
#10289 = CARTESIAN_POINT('',(1.024959932571,0.746859326178,
    -2.625576941935));
#10290 = CARTESIAN_POINT('',(0.674790631575,0.762797517684,
    -2.727218787801));
#10291 = CARTESIAN_POINT('',(0.145768087903,0.78532245605,
    -2.775873609479));
#10292 = CARTESIAN_POINT('',(-3.465075380137E-02,0.79256095081,
    -2.775373837234));
#10293 = CARTESIAN_POINT('',(-0.388960453356,0.807548574146,
    -2.73947972756));
#10294 = CARTESIAN_POINT('',(-0.562410719328,0.815210854018,
    -2.704643980434));
#10295 = CARTESIAN_POINT('',(-0.901978694109,0.830879310512,
    -2.601546482934));
#10296 = CARTESIAN_POINT('',(-1.06920373618,0.838948024801,
    -2.532352634304));
#10297 = CARTESIAN_POINT('',(-1.382233435037,0.854769378603,
    -2.365461323755));
#10298 = CARTESIAN_POINT('',(-1.529729447493,0.862595105219,
    -2.267509061884));
#10299 = CARTESIAN_POINT('',(-1.806360078549,0.878066948177,
    -2.042070068981));
#10300 = CARTESIAN_POINT('',(-1.934027681475,0.885436974491,
    -1.915428480727));
#10301 = CARTESIAN_POINT('',(-2.15952205769,0.900591784013,
    -1.642661840309));
#10302 = CARTESIAN_POINT('',(-2.2590296249,0.908446705927,
    -1.494971863787));
#10303 = CARTESIAN_POINT('',(-2.428520564764,0.924587845295,
    -1.179047070901));
#10304 = CARTESIAN_POINT('',(-2.496274862017,0.932651428965,
    -1.015210594374));
#10305 = CARTESIAN_POINT('',(-2.599005930892,0.948767699981,
    -0.676206128101));
#10306 = CARTESIAN_POINT('',(-2.634052231851,0.956910366782,
    -0.498966927315));
#10307 = CARTESIAN_POINT('',(-2.66791723846,0.972627325616,
    -0.144749395186));
#10308 = CARTESIAN_POINT('',(-2.667389643026,0.980007730262,
    3.226753814075E-02));
#10309 = CARTESIAN_POINT('',(-2.630428151538,0.995598258782,
    0.386032812121));
#10310 = CARTESIAN_POINT('',(-2.593432705779,1.003764298095,
    0.563063306787));
#10311 = CARTESIAN_POINT('',(-2.432753838039,1.02822867962,
    1.069634293103));
#10312 = CARTESIAN_POINT('',(-2.254624497218,1.045170076387,
    1.38838199744));
#10313 = CARTESIAN_POINT('',(-1.907486239741,1.06898845013,
    1.790644803522));
#10314 = CARTESIAN_POINT('',(-1.77644656149,1.076657526668,
    1.914788291285));
#10315 = CARTESIAN_POINT('',(-1.493625523779,1.092741727155,
    2.131419382169));
#10316 = CARTESIAN_POINT('',(-1.342769488955,1.100952633979,
    2.223983284392));
#10317 = CARTESIAN_POINT('',(-1.022286827461,1.117721634287,
    2.377807592613));
#10318 = CARTESIAN_POINT('',(-0.851900532837,1.126308889774,
    2.438757600777));
#10319 = CARTESIAN_POINT('',(-0.507640047259,1.143047818636,
    2.523064626622));
#10320 = CARTESIAN_POINT('',(-0.331918994433,1.151299255651,
    2.547504478305));
#10321 = CARTESIAN_POINT('',(2.69929087817E-02,1.167544480362,
    2.559538135716));
#10322 = CARTESIAN_POINT('',(0.204141907413,1.175335352175,2.54685414771
    ));
#10323 = CARTESIAN_POINT('',(0.552869239995,1.19188121315,2.484727176292
    ));
#10324 = CARTESIAN_POINT('',(0.726633217191,1.200527395515,
    2.434435862328));
#10325 = CARTESIAN_POINT('',(1.055920156597,1.217738790821,
    2.299834286236));
#10326 = CARTESIAN_POINT('',(1.211904167038,1.226314159119,
    2.216002563805));
#10327 = CARTESIAN_POINT('',(1.506434050012,1.243400914327,
    2.015049356757));
#10328 = CARTESIAN_POINT('',(1.64408410298,1.251869778113,1.898088096728
    ));
#10329 = CARTESIAN_POINT('',(1.76776692097,1.26,1.767766984963));
#10330 = ORIENTED_EDGE('',*,*,#10249,.T.);
#10331 = ORIENTED_EDGE('',*,*,#10332,.F.);
#10332 = EDGE_CURVE('',#10333,#10205,#10335,.T.);
#10333 = VERTEX_POINT('',#10334);
#10334 = CARTESIAN_POINT('',(2.5,1.26,-1.387778780781E-14));
#10335 = B_SPLINE_CURVE_WITH_KNOTS('',3,(#10336,#10337,#10338,#10339,
    #10340,#10341,#10342,#10343,#10344,#10345,#10346,#10347,#10348,
    #10349,#10350,#10351,#10352,#10353,#10354,#10355,#10356,#10357,
    #10358,#10359,#10360,#10361,#10362,#10363,#10364,#10365,#10366,
    #10367,#10368,#10369),.UNSPECIFIED.,.F.,.F.,(4,2,2,2,2,2,2,2,2,2,2,2
    ,2,2,2,2,4),(1.300073371326E-18,5.336073513672E-04,
    1.067214702734E-03,1.600822054102E-03,2.134429405469E-03,
    2.668036756836E-03,3.201644108203E-03,3.73525145957E-03,
    4.268858810937E-03,4.802466162305E-03,5.336073513672E-03,
    5.869680865039E-03,6.403288216406E-03,6.936895567773E-03,
    7.47050291914E-03,8.004110270508E-03,8.537717621875E-03),
  .UNSPECIFIED.);
#10336 = CARTESIAN_POINT('',(2.5,1.26,-1.387778780781E-14));
#10337 = CARTESIAN_POINT('',(2.509379852001,1.243753619766,
    0.179452560864));
#10338 = CARTESIAN_POINT('',(2.499843518932,1.227178255207,
    0.356647630548));
#10339 = CARTESIAN_POINT('',(2.444472727487,1.193453290616,
    0.706711319341));
#10340 = CARTESIAN_POINT('',(2.397706322119,1.176101231922,
    0.881504125389));
#10341 = CARTESIAN_POINT('',(2.270258091737,1.14212174874,1.21340391964)
  );
#10342 = CARTESIAN_POINT('',(2.189950815204,1.125435734313,
    1.371252981022));
#10343 = CARTESIAN_POINT('',(1.99583695418,1.092634284452,1.670582245771
    ));
#10344 = CARTESIAN_POINT('',(1.882192786315,1.077046444581,
    1.810524263032));
#10345 = CARTESIAN_POINT('',(1.632083931737,1.045814336067,
    2.061854422925));
#10346 = CARTESIAN_POINT('',(1.493578261628,1.029609568069,
    2.175746503435));
#10347 = CARTESIAN_POINT('',(1.195823264367,0.996834947135,
    2.373743836984));
#10348 = CARTESIAN_POINT('',(1.039112560914,0.980529174015,2.45651121912
    ));
#10349 = CARTESIAN_POINT('',(0.710371420652,0.948074682104,
    2.590301256089));
#10350 = CARTESIAN_POINT('',(0.536637316802,0.931785719628,
    2.641373305324));
#10351 = CARTESIAN_POINT('',(0.18756672856,0.900651930631,2.706780791124
    ));
#10352 = CARTESIAN_POINT('',(1.092090345025E-02,0.886062396373,
    2.721720996734));
#10353 = CARTESIAN_POINT('',(-0.346186700906,0.855732363598,
    2.717252683267));
#10354 = CARTESIAN_POINT('',(-0.52490067786,0.840094096132,2.69754023443
    ));
#10355 = CARTESIAN_POINT('',(-0.871760117585,0.808877623001,
    2.625158282499));
#10356 = CARTESIAN_POINT('',(-1.042385898251,0.793080717193,
    2.572151427266));
#10357 = CARTESIAN_POINT('',(-1.372414272827,0.76159850405,
    2.433109503371));
#10358 = CARTESIAN_POINT('',(-1.528345025826,0.746249065281,
    2.348731693472));
#10359 = CARTESIAN_POINT('',(-1.82260033279,0.716276334843,
    2.151184805275));
#10360 = CARTESIAN_POINT('',(-1.962103068989,0.701840572435,
    2.036404927615));
#10361 = CARTESIAN_POINT('',(-2.214726629134,0.672882358347,
    1.785057327867));
#10362 = CARTESIAN_POINT('',(-2.328269628679,0.658113822137,
    1.648931500991));
#10363 = CARTESIAN_POINT('',(-2.529945252847,0.628032444937,
    1.355876483688));
#10364 = CARTESIAN_POINT('',(-2.618134915655,0.612645946023,
    1.197997049864));
#10365 = CARTESIAN_POINT('',(-2.761682955474,0.582540402195,
    0.873576891762));
#10366 = CARTESIAN_POINT('',(-2.818181820336,0.567673238042,
    0.705673265931));
#10367 = CARTESIAN_POINT('',(-2.900073367343,0.538292842965,
    0.358273891758));
#10368 = CARTESIAN_POINT('',(-2.925014332488,0.523853582186,
    0.179526708117));
#10369 = CARTESIAN_POINT('',(-2.933012701892,0.51,-8.372307674278E-14));
#10370 = ORIENTED_EDGE('',*,*,#10371,.T.);
#10371 = EDGE_CURVE('',#10333,#10265,#10372,.T.);
#10372 = CIRCLE('',#10373,2.5);
#10373 = AXIS2_PLACEMENT_3D('',#10374,#10375,#10376);
#10374 = CARTESIAN_POINT('',(-4.336808689942E-15,1.26,
    -1.387778780781E-14));
#10375 = DIRECTION('',(-0.,-1.,0.));
#10376 = DIRECTION('',(1.7763568394E-15,-0.,1.));
#10377 = CONICAL_SURFACE('',#10378,2.933012701892,0.523598775598);
#10378 = AXIS2_PLACEMENT_3D('',#10379,#10380,#10381);
#10379 = CARTESIAN_POINT('',(-4.336808689942E-15,0.51,
    -1.387778780781E-14));
#10380 = DIRECTION('',(-0.,-1.,-0.));
#10381 = DIRECTION('',(0.,0.,-1.));
#10382 = ADVANCED_FACE('',(#10383),#10517,.F.);
#10383 = FACE_BOUND('',#10384,.F.);
#10384 = EDGE_LOOP('',(#10385,#10394,#10401,#10440,#10463,#10470,#10479,
    #10516));
#10385 = ORIENTED_EDGE('',*,*,#10386,.T.);
#10386 = EDGE_CURVE('',#10387,#10387,#10389,.T.);
#10387 = VERTEX_POINT('',#10388);
#10388 = CARTESIAN_POINT('',(-4.336808689942E-15,7.11,3.25));
#10389 = CIRCLE('',#10390,3.25);
#10390 = AXIS2_PLACEMENT_3D('',#10391,#10392,#10393);
#10391 = CARTESIAN_POINT('',(-4.336808689942E-15,7.11,
    -1.387778780781E-14));
#10392 = DIRECTION('',(0.,-1.,0.));
#10393 = DIRECTION('',(0.,0.,1.));
#10394 = ORIENTED_EDGE('',*,*,#10395,.F.);
#10395 = EDGE_CURVE('',#10396,#10387,#10398,.T.);
#10396 = VERTEX_POINT('',#10397);
#10397 = CARTESIAN_POINT('',(-5.01977267352E-15,6.843502085143,
    2.788412071357));
#10398 = B_SPLINE_CURVE_WITH_KNOTS('',1,(#10399,#10400),.UNSPECIFIED.,
  .F.,.F.,(2,2),(0.333029574071,0.866025403784),
  .PIECEWISE_BEZIER_KNOTS.);
#10399 = CARTESIAN_POINT('',(-5.01977267352E-15,6.843502085143,
    2.788412071357));
#10400 = CARTESIAN_POINT('',(-5.132829109388E-15,7.11,3.25));
#10401 = ORIENTED_EDGE('',*,*,#10402,.F.);
#10402 = EDGE_CURVE('',#10403,#10396,#10405,.T.);
#10403 = VERTEX_POINT('',#10404);
#10404 = CARTESIAN_POINT('',(2.933689590308,6.989487296742,
    -0.801725333364));
#10405 = B_SPLINE_CURVE_WITH_KNOTS('',3,(#10406,#10407,#10408,#10409,
    #10410,#10411,#10412,#10413,#10414,#10415,#10416,#10417,#10418,
    #10419,#10420,#10421,#10422,#10423,#10424,#10425,#10426,#10427,
    #10428,#10429,#10430,#10431,#10432,#10433,#10434,#10435,#10436,
    #10437,#10438,#10439),.UNSPECIFIED.,.F.,.F.,(4,2,2,2,2,2,2,2,2,2,2,2
    ,2,2,2,2,4),(1.90131474961E-17,6.774355080874E-04,1.354871016175E-03
    ,2.032306524262E-03,2.70974203235E-03,3.387177540437E-03,
    4.064613048524E-03,4.742048556612E-03,5.419484064699E-03,
    6.096919572786E-03,6.774355080874E-03,7.451790588961E-03,
    8.129226097049E-03,8.806661605136E-03,9.484097113223E-03,
    1.016153262131E-02,1.08389681294E-02),.UNSPECIFIED.);
#10406 = CARTESIAN_POINT('',(2.933689590308,6.989487296742,
    -0.801725333364));
#10407 = CARTESIAN_POINT('',(2.983810915748,6.983393818946,
    -0.578283998167));
#10408 = CARTESIAN_POINT('',(3.00818153121,6.977469414242,
    -0.353507897312));
#10409 = CARTESIAN_POINT('',(3.007389266219,6.96596172264,
    9.861224413854E-02));
#10410 = CARTESIAN_POINT('',(2.98089981329,6.960131248226,0.328363025121
    ));
#10411 = CARTESIAN_POINT('',(2.877191702189,6.948022833272,
    0.768349677554));
#10412 = CARTESIAN_POINT('',(2.80074901739,6.941837304752,0.980875827603
    ));
#10413 = CARTESIAN_POINT('',(2.596871572544,6.929180766879,
    1.390442271039));
#10414 = CARTESIAN_POINT('',(2.472834081334,6.922928164326,1.58034627545
    ));
#10415 = CARTESIAN_POINT('',(2.184003433652,6.9106759612,1.928417744961)
  );
#10416 = CARTESIAN_POINT('',(2.01690673809,6.904788014406,2.088423158645
    ));
#10417 = CARTESIAN_POINT('',(1.655367670633,6.892568884089,
    2.359471962894));
#10418 = CARTESIAN_POINT('',(1.459163699878,6.886228156286,
    2.473147186648));
#10419 = CARTESIAN_POINT('',(1.038507682959,6.873165637434,
    2.652942777923));
#10420 = CARTESIAN_POINT('',(0.821505028339,6.866673400201,
    2.716063374323));
#10421 = CARTESIAN_POINT('',(0.374530033757,6.853765811071,2.7902731934)
  );
#10422 = CARTESIAN_POINT('',(0.143700347518,6.847456173262,
    2.800660443049));
#10423 = CARTESIAN_POINT('',(-0.306550522488,6.835092165194,
    2.766064454836));
#10424 = CARTESIAN_POINT('',(-0.531798632379,6.828520992413,
    2.72028947626));
#10425 = CARTESIAN_POINT('',(-0.962632629021,6.815130772114,
    2.574591969398));
#10426 = CARTESIAN_POINT('',(-1.165991381024,6.808392926469,
    2.476298032993));
#10427 = CARTESIAN_POINT('',(-1.548445825439,6.794825464344,
    2.228510912836));
#10428 = CARTESIAN_POINT('',(-1.723526025234,6.788127697027,
    2.080872403639));
#10429 = CARTESIAN_POINT('',(-2.030630925488,6.775366630647,1.7488781553
    ));
#10430 = CARTESIAN_POINT('',(-2.16481620492,6.768592042496,
    1.559825964645));
#10431 = CARTESIAN_POINT('',(-2.376393825281,6.754808058397,
    1.160111955327));
#10432 = CARTESIAN_POINT('',(-2.456661643119,6.747704262315,
    0.945542644792));
#10433 = CARTESIAN_POINT('',(-2.559279215059,6.733551658311,
    0.501356149601));
#10434 = CARTESIAN_POINT('',(-2.581265063193,6.72664349476,
    0.276350528514));
#10435 = CARTESIAN_POINT('',(-2.56654168449,6.713193421941,
    -0.179491258882));
#10436 = CARTESIAN_POINT('',(-2.528436560021,6.706271022891,
    -0.405195287663));
#10437 = CARTESIAN_POINT('',(-2.393773565894,6.691894151292,
    -0.837024161724));
#10438 = CARTESIAN_POINT('',(-2.295919073536,6.684407822028,
    -1.046719138967));
#10439 = CARTESIAN_POINT('',(-2.171248221175,6.676987298108,
    -1.239226033476));
#10440 = ORIENTED_EDGE('',*,*,#10441,.F.);
#10441 = EDGE_CURVE('',#10442,#10403,#10444,.T.);
#10442 = VERTEX_POINT('',#10443);
#10443 = CARTESIAN_POINT('',(-0.801725333364,6.989487296742,
    -2.933689590308));
#10444 = B_SPLINE_CURVE_WITH_KNOTS('',3,(#10445,#10446,#10447,#10448,
    #10449,#10450,#10451,#10452,#10453,#10454,#10455,#10456,#10457,
    #10458,#10459,#10460,#10461,#10462),.UNSPECIFIED.,.F.,.F.,(4,2,2,2,2
    ,2,2,2,4),(0.,6.001449835419E-04,1.200289967084E-03,
    1.800434950626E-03,2.400579934168E-03,3.000724917709E-03,
    3.600869901251E-03,4.201014884793E-03,4.801159868335E-03),
  .UNSPECIFIED.);
#10445 = CARTESIAN_POINT('',(-0.801725333364,6.989487296742,
    -2.933689590308));
#10446 = CARTESIAN_POINT('',(-0.608093338855,6.989487296742,
    -2.986605780167));
#10447 = CARTESIAN_POINT('',(-0.409611185953,6.989487296742,
    -3.020167894676));
#10448 = CARTESIAN_POINT('',(-1.108160057819E-02,6.989487296742,
    -3.047797997542));
#10449 = CARTESIAN_POINT('',(0.186887832916,6.989487296742,
    -3.041987557208));
#10450 = CARTESIAN_POINT('',(0.580292278137,6.989487296742,
    -2.991968621533));
#10451 = CARTESIAN_POINT('',(0.77753226945,6.989487296742,
    -2.946887285532));
#10452 = CARTESIAN_POINT('',(1.153987393718,6.989487296742,
    -2.820818001716));
#10453 = CARTESIAN_POINT('',(1.334658153094,6.989487296742,
    -2.740014694492));
#10454 = CARTESIAN_POINT('',(1.680717863335,6.989487296742,
    -2.542475245802));
#10455 = CARTESIAN_POINT('',(1.844977431844,6.989487296742,
    -2.425806512585));
#10456 = CARTESIAN_POINT('',(2.143848783981,6.989487296742,
    -2.166192824274));
#10457 = CARTESIAN_POINT('',(2.280512248809,6.989487296742,
    -2.022081458144));
#10458 = CARTESIAN_POINT('',(2.526380556916,6.989487296742,
    -1.704978246774));
#10459 = CARTESIAN_POINT('',(2.631766083856,6.989487296742,
    -1.53697733071));
#10460 = CARTESIAN_POINT('',(2.808814056382,6.989487296742,
    -1.182816820951));
#10461 = CARTESIAN_POINT('',(2.880773400449,6.989487296742,
    -0.995357327874));
#10462 = CARTESIAN_POINT('',(2.933689590308,6.989487296742,
    -0.801725333364));
#10463 = ORIENTED_EDGE('',*,*,#10464,.F.);
#10464 = EDGE_CURVE('',#10465,#10442,#10467,.T.);
#10465 = VERTEX_POINT('',#10466);
#10466 = CARTESIAN_POINT('',(-0.659039168489,6.676987298108,
    -2.411569483635));
#10467 = B_SPLINE_CURVE_WITH_KNOTS('',1,(#10468,#10469),.UNSPECIFIED.,
  .F.,.F.,(2,2),(0.,6.249999972688E-04),.PIECEWISE_BEZIER_KNOTS.);
#10468 = CARTESIAN_POINT('',(-0.659039168489,6.676987298108,
    -2.411569483635));
#10469 = CARTESIAN_POINT('',(-0.801725333364,6.989487296742,
    -2.933689590308));
#10470 = ORIENTED_EDGE('',*,*,#10471,.T.);
#10471 = EDGE_CURVE('',#10465,#10472,#10474,.T.);
#10472 = VERTEX_POINT('',#10473);
#10473 = CARTESIAN_POINT('',(-2.171248221175,6.676987298108,
    -1.239226033476));
#10474 = CIRCLE('',#10475,2.5);
#10475 = AXIS2_PLACEMENT_3D('',#10476,#10477,#10478);
#10476 = CARTESIAN_POINT('',(-4.336808689942E-15,6.676987298108,
    -1.387778780781E-14));
#10477 = DIRECTION('',(0.,1.,0.));
#10478 = DIRECTION('',(0.,-0.,1.));
#10479 = ORIENTED_EDGE('',*,*,#10480,.F.);
#10480 = EDGE_CURVE('',#10396,#10472,#10481,.T.);
#10481 = B_SPLINE_CURVE_WITH_KNOTS('',3,(#10482,#10483,#10484,#10485,
    #10486,#10487,#10488,#10489,#10490,#10491,#10492,#10493,#10494,
    #10495,#10496,#10497,#10498,#10499,#10500,#10501,#10502,#10503,
    #10504,#10505,#10506,#10507,#10508,#10509,#10510,#10511,#10512,
    #10513,#10514,#10515),.UNSPECIFIED.,.F.,.F.,(4,2,2,2,2,2,2,2,2,2,2,2
    ,2,2,2,2,4),(1.90131474961E-17,6.774355080874E-04,1.354871016175E-03
    ,2.032306524262E-03,2.70974203235E-03,3.387177540437E-03,
    4.064613048524E-03,4.742048556612E-03,5.419484064699E-03,
    6.096919572786E-03,6.774355080874E-03,7.451790588961E-03,
    8.129226097049E-03,8.806661605136E-03,9.484097113223E-03,
    1.016153262131E-02,1.08389681294E-02),.UNSPECIFIED.);
#10482 = CARTESIAN_POINT('',(2.933689590308,6.989487296742,
    -0.801725333364));
#10483 = CARTESIAN_POINT('',(2.983810915748,6.983393818946,
    -0.578283998167));
#10484 = CARTESIAN_POINT('',(3.00818153121,6.977469414242,
    -0.353507897312));
#10485 = CARTESIAN_POINT('',(3.007389266219,6.96596172264,
    9.861224413854E-02));
#10486 = CARTESIAN_POINT('',(2.98089981329,6.960131248226,0.328363025121
    ));
#10487 = CARTESIAN_POINT('',(2.877191702189,6.948022833272,
    0.768349677554));
#10488 = CARTESIAN_POINT('',(2.80074901739,6.941837304752,0.980875827603
    ));
#10489 = CARTESIAN_POINT('',(2.596871572544,6.929180766879,
    1.390442271039));
#10490 = CARTESIAN_POINT('',(2.472834081334,6.922928164326,1.58034627545
    ));
#10491 = CARTESIAN_POINT('',(2.184003433652,6.9106759612,1.928417744961)
  );
#10492 = CARTESIAN_POINT('',(2.01690673809,6.904788014406,2.088423158645
    ));
#10493 = CARTESIAN_POINT('',(1.655367670633,6.892568884089,
    2.359471962894));
#10494 = CARTESIAN_POINT('',(1.459163699878,6.886228156286,
    2.473147186648));
#10495 = CARTESIAN_POINT('',(1.038507682959,6.873165637434,
    2.652942777923));
#10496 = CARTESIAN_POINT('',(0.821505028339,6.866673400201,
    2.716063374323));
#10497 = CARTESIAN_POINT('',(0.374530033757,6.853765811071,2.7902731934)
  );
#10498 = CARTESIAN_POINT('',(0.143700347518,6.847456173262,
    2.800660443049));
#10499 = CARTESIAN_POINT('',(-0.306550522488,6.835092165194,
    2.766064454836));
#10500 = CARTESIAN_POINT('',(-0.531798632379,6.828520992413,
    2.72028947626));
#10501 = CARTESIAN_POINT('',(-0.962632629021,6.815130772114,
    2.574591969398));
#10502 = CARTESIAN_POINT('',(-1.165991381024,6.808392926469,
    2.476298032993));
#10503 = CARTESIAN_POINT('',(-1.548445825439,6.794825464344,
    2.228510912836));
#10504 = CARTESIAN_POINT('',(-1.723526025234,6.788127697027,
    2.080872403639));
#10505 = CARTESIAN_POINT('',(-2.030630925488,6.775366630647,1.7488781553
    ));
#10506 = CARTESIAN_POINT('',(-2.16481620492,6.768592042496,
    1.559825964645));
#10507 = CARTESIAN_POINT('',(-2.376393825281,6.754808058397,
    1.160111955327));
#10508 = CARTESIAN_POINT('',(-2.456661643119,6.747704262315,
    0.945542644792));
#10509 = CARTESIAN_POINT('',(-2.559279215059,6.733551658311,
    0.501356149601));
#10510 = CARTESIAN_POINT('',(-2.581265063193,6.72664349476,
    0.276350528514));
#10511 = CARTESIAN_POINT('',(-2.56654168449,6.713193421941,
    -0.179491258882));
#10512 = CARTESIAN_POINT('',(-2.528436560021,6.706271022891,
    -0.405195287663));
#10513 = CARTESIAN_POINT('',(-2.393773565894,6.691894151292,
    -0.837024161724));
#10514 = CARTESIAN_POINT('',(-2.295919073536,6.684407822028,
    -1.046719138967));
#10515 = CARTESIAN_POINT('',(-2.171248221175,6.676987298108,
    -1.239226033476));
#10516 = ORIENTED_EDGE('',*,*,#10395,.T.);
#10517 = CONICAL_SURFACE('',#10518,2.5,1.047197551197);
#10518 = AXIS2_PLACEMENT_3D('',#10519,#10520,#10521);
#10519 = CARTESIAN_POINT('',(-4.336808689942E-15,6.676987298108,
    -1.387778780781E-14));
#10520 = DIRECTION('',(0.,1.,0.));
#10521 = DIRECTION('',(0.,-0.,1.));
#10522 = ADVANCED_FACE('',(#10523),#10559,.T.);
#10523 = FACE_BOUND('',#10524,.T.);
#10524 = EDGE_LOOP('',(#10525,#10536,#10544,#10553));
#10525 = ORIENTED_EDGE('',*,*,#10526,.F.);
#10526 = EDGE_CURVE('',#10527,#10529,#10531,.T.);
#10527 = VERTEX_POINT('',#10528);
#10528 = CARTESIAN_POINT('',(3.676297336176,5.91,-1.925444856657));
#10529 = VERTEX_POINT('',#10530);
#10530 = CARTESIAN_POINT('',(0.263696565276,5.91,-4.141613709831));
#10531 = CIRCLE('',#10532,4.15);
#10532 = AXIS2_PLACEMENT_3D('',#10533,#10534,#10535);
#10533 = CARTESIAN_POINT('',(0.,5.91,0.));
#10534 = DIRECTION('',(0.,1.,0.));
#10535 = DIRECTION('',(0.,-0.,1.));
#10536 = ORIENTED_EDGE('',*,*,#10537,.T.);
#10537 = EDGE_CURVE('',#10527,#10538,#10540,.T.);
#10538 = VERTEX_POINT('',#10539);
#10539 = CARTESIAN_POINT('',(5.288412496327,5.91,-4.407884509409));
#10540 = LINE('',#10541,#10542);
#10541 = CARTESIAN_POINT('',(5.334491713226,5.91,-4.478840281072));
#10542 = VECTOR('',#10543,1.);
#10543 = DIRECTION('',(0.544639035015,0.,-0.838670567945));
#10544 = ORIENTED_EDGE('',*,*,#10545,.T.);
#10545 = EDGE_CURVE('',#10538,#10546,#10548,.T.);
#10546 = VERTEX_POINT('',#10547);
#10547 = CARTESIAN_POINT('',(1.875811725428,5.91,-6.624053362583));
#10548 = CIRCLE('',#10549,6.884529946162);
#10549 = AXIS2_PLACEMENT_3D('',#10550,#10551,#10552);
#10550 = CARTESIAN_POINT('',(-4.336808689942E-15,5.91,
    -1.387778780781E-14));
#10551 = DIRECTION('',(0.,1.,0.));
#10552 = DIRECTION('',(0.,-0.,1.));
#10553 = ORIENTED_EDGE('',*,*,#10554,.T.);
#10554 = EDGE_CURVE('',#10546,#10529,#10555,.T.);
#10555 = LINE('',#10556,#10557);
#10556 = CARTESIAN_POINT('',(0.226976405034,5.91,-4.085069621608));
#10557 = VECTOR('',#10558,1.);
#10558 = DIRECTION('',(-0.544639035015,0.,0.838670567945));
#10559 = PLANE('',#10560);
#10560 = AXIS2_PLACEMENT_3D('',#10561,#10562,#10563);
#10561 = CARTESIAN_POINT('',(-4.336808689942E-15,5.91,
    -1.387778780781E-14));
#10562 = DIRECTION('',(0.,1.,0.));
#10563 = DIRECTION('',(0.,-0.,1.));
#10564 = ADVANCED_FACE('',(#10565),#10601,.T.);
#10565 = FACE_BOUND('',#10566,.T.);
#10566 = EDGE_LOOP('',(#10567,#10578,#10586,#10595));
#10567 = ORIENTED_EDGE('',*,*,#10568,.T.);
#10568 = EDGE_CURVE('',#10569,#10571,#10573,.T.);
#10569 = VERTEX_POINT('',#10570);
#10570 = CARTESIAN_POINT('',(-5.288412496327,5.91,4.407884509409));
#10571 = VERTEX_POINT('',#10572);
#10572 = CARTESIAN_POINT('',(-1.875811725428,5.91,6.624053362583));
#10573 = CIRCLE('',#10574,6.884529946162);
#10574 = AXIS2_PLACEMENT_3D('',#10575,#10576,#10577);
#10575 = CARTESIAN_POINT('',(-4.336808689942E-15,5.91,
    -1.387778780781E-14));
#10576 = DIRECTION('',(0.,1.,0.));
#10577 = DIRECTION('',(0.,-0.,1.));
#10578 = ORIENTED_EDGE('',*,*,#10579,.T.);
#10579 = EDGE_CURVE('',#10571,#10580,#10582,.T.);
#10580 = VERTEX_POINT('',#10581);
#10581 = CARTESIAN_POINT('',(-0.263696565276,5.91,4.141613709831));
#10582 = LINE('',#10583,#10584);
#10583 = CARTESIAN_POINT('',(-0.226976405034,5.91,4.085069621608));
#10584 = VECTOR('',#10585,1.);
#10585 = DIRECTION('',(0.544639035015,0.,-0.838670567945));
#10586 = ORIENTED_EDGE('',*,*,#10587,.F.);
#10587 = EDGE_CURVE('',#10588,#10580,#10590,.T.);
#10588 = VERTEX_POINT('',#10589);
#10589 = CARTESIAN_POINT('',(-3.676297336176,5.91,1.925444856657));
#10590 = CIRCLE('',#10591,4.15);
#10591 = AXIS2_PLACEMENT_3D('',#10592,#10593,#10594);
#10592 = CARTESIAN_POINT('',(0.,5.91,0.));
#10593 = DIRECTION('',(0.,1.,0.));
#10594 = DIRECTION('',(0.,-0.,1.));
#10595 = ORIENTED_EDGE('',*,*,#10596,.T.);
#10596 = EDGE_CURVE('',#10588,#10569,#10597,.T.);
#10597 = LINE('',#10598,#10599);
#10598 = CARTESIAN_POINT('',(-5.334491713226,5.91,4.478840281072));
#10599 = VECTOR('',#10600,1.);
#10600 = DIRECTION('',(-0.544639035015,0.,0.838670567945));
#10601 = PLANE('',#10602);
#10602 = AXIS2_PLACEMENT_3D('',#10603,#10604,#10605);
#10603 = CARTESIAN_POINT('',(-4.336808689942E-15,5.91,
    -1.387778780781E-14));
#10604 = DIRECTION('',(0.,1.,0.));
#10605 = DIRECTION('',(0.,-0.,1.));
#10606 = ADVANCED_FACE('',(#10607),#10643,.T.);
#10607 = FACE_BOUND('',#10608,.T.);
#10608 = EDGE_LOOP('',(#10609,#10619,#10628,#10636));
#10609 = ORIENTED_EDGE('',*,*,#10610,.T.);
#10610 = EDGE_CURVE('',#10611,#10613,#10615,.T.);
#10611 = VERTEX_POINT('',#10612);
#10612 = CARTESIAN_POINT('',(5.431333048859,5.71,-4.415950782377));
#10613 = VERTEX_POINT('',#10614);
#10614 = CARTESIAN_POINT('',(5.431333048859,0.625470053838,
    -4.415950782377));
#10615 = LINE('',#10616,#10617);
#10616 = CARTESIAN_POINT('',(5.431333048859,5.91,-4.415950782377));
#10617 = VECTOR('',#10618,1.);
#10618 = DIRECTION('',(-0.,-1.,-0.));
#10619 = ORIENTED_EDGE('',*,*,#10620,.T.);
#10620 = EDGE_CURVE('',#10613,#10621,#10623,.T.);
#10621 = VERTEX_POINT('',#10622);
#10622 = CARTESIAN_POINT('',(1.825049606694,0.625470053838,
    -6.757898632941));
#10623 = CIRCLE('',#10624,7.);
#10624 = AXIS2_PLACEMENT_3D('',#10625,#10626,#10627);
#10625 = CARTESIAN_POINT('',(-4.336808689942E-15,0.625470053838,
    -1.387778780781E-14));
#10626 = DIRECTION('',(-0.,1.,0.));
#10627 = DIRECTION('',(0.,0.,1.));
#10628 = ORIENTED_EDGE('',*,*,#10629,.F.);
#10629 = EDGE_CURVE('',#10630,#10621,#10632,.T.);
#10630 = VERTEX_POINT('',#10631);
#10631 = CARTESIAN_POINT('',(1.825049606694,5.71,-6.757898632941));
#10632 = LINE('',#10633,#10634);
#10633 = CARTESIAN_POINT('',(1.825049606694,5.91,-6.757898632941));
#10634 = VECTOR('',#10635,1.);
#10635 = DIRECTION('',(-0.,-1.,-0.));
#10636 = ORIENTED_EDGE('',*,*,#10637,.T.);
#10637 = EDGE_CURVE('',#10630,#10611,#10638,.T.);
#10638 = CIRCLE('',#10639,7.);
#10639 = AXIS2_PLACEMENT_3D('',#10640,#10641,#10642);
#10640 = CARTESIAN_POINT('',(-4.336808689942E-15,5.71,
    -1.387778780781E-14));
#10641 = DIRECTION('',(0.,-1.,0.));
#10642 = DIRECTION('',(0.,0.,1.));
#10643 = CYLINDRICAL_SURFACE('',#10644,7.);
#10644 = AXIS2_PLACEMENT_3D('',#10645,#10646,#10647);
#10645 = CARTESIAN_POINT('',(-4.336808689942E-15,5.91,
    -1.387778780781E-14));
#10646 = DIRECTION('',(-0.,-1.,-0.));
#10647 = DIRECTION('',(0.,0.,-1.));
#10648 = ADVANCED_FACE('',(#10649),#10674,.F.);
#10649 = FACE_BOUND('',#10650,.T.);
#10650 = EDGE_LOOP('',(#10651,#10652,#10660,#10668));
#10651 = ORIENTED_EDGE('',*,*,#10629,.T.);
#10652 = ORIENTED_EDGE('',*,*,#10653,.T.);
#10653 = EDGE_CURVE('',#10621,#10654,#10656,.T.);
#10654 = VERTEX_POINT('',#10655);
#10655 = CARTESIAN_POINT('',(0.130135069401,0.625470053838,
    -4.147959120304));
#10656 = LINE('',#10657,#10658);
#10657 = CARTESIAN_POINT('',(1.825049606694,0.625470053838,
    -6.757898632941));
#10658 = VECTOR('',#10659,1.);
#10659 = DIRECTION('',(-0.544639035015,0.,0.838670567945));
#10660 = ORIENTED_EDGE('',*,*,#10661,.F.);
#10661 = EDGE_CURVE('',#10662,#10654,#10664,.T.);
#10662 = VERTEX_POINT('',#10663);
#10663 = CARTESIAN_POINT('',(0.130135069401,5.71,-4.147959120304));
#10664 = LINE('',#10665,#10666);
#10665 = CARTESIAN_POINT('',(0.130135069401,5.91,-4.147959120304));
#10666 = VECTOR('',#10667,1.);
#10667 = DIRECTION('',(-0.,-1.,-0.));
#10668 = ORIENTED_EDGE('',*,*,#10669,.T.);
#10669 = EDGE_CURVE('',#10662,#10630,#10670,.T.);
#10670 = LINE('',#10671,#10672);
#10671 = CARTESIAN_POINT('',(1.825049606694,5.71,-6.757898632941));
#10672 = VECTOR('',#10673,1.);
#10673 = DIRECTION('',(0.544639035015,0.,-0.838670567945));
#10674 = PLANE('',#10675);
#10675 = AXIS2_PLACEMENT_3D('',#10676,#10677,#10678);
#10676 = CARTESIAN_POINT('',(1.825049606694,5.91,-6.757898632941));
#10677 = DIRECTION('',(0.838670567945,-0.,0.544639035015));
#10678 = DIRECTION('',(0.544639035015,0.,-0.838670567945));
#10679 = ADVANCED_FACE('',(#10680),#10714,.F.);
#10680 = FACE_BOUND('',#10681,.T.);
#10681 = EDGE_LOOP('',(#10682,#10692,#10700,#10708));
#10682 = ORIENTED_EDGE('',*,*,#10683,.T.);
#10683 = EDGE_CURVE('',#10684,#10686,#10688,.T.);
#10684 = VERTEX_POINT('',#10685);
#10685 = CARTESIAN_POINT('',(-3.736418511566,5.71,1.806011269739));
#10686 = VERTEX_POINT('',#10687);
#10687 = CARTESIAN_POINT('',(-3.736418511566,0.625470053838,
    1.806011269739));
#10688 = LINE('',#10689,#10690);
#10689 = CARTESIAN_POINT('',(-3.736418511566,5.91,1.806011269739));
#10690 = VECTOR('',#10691,1.);
#10691 = DIRECTION('',(-0.,-1.,-0.));
#10692 = ORIENTED_EDGE('',*,*,#10693,.T.);
#10693 = EDGE_CURVE('',#10686,#10694,#10696,.T.);
#10694 = VERTEX_POINT('',#10695);
#10695 = CARTESIAN_POINT('',(-5.431333048859,0.625470053838,
    4.415950782376));
#10696 = LINE('',#10697,#10698);
#10697 = CARTESIAN_POINT('',(-3.736418511566,0.625470053838,
    1.806011269739));
#10698 = VECTOR('',#10699,1.);
#10699 = DIRECTION('',(-0.544639035015,0.,0.838670567945));
#10700 = ORIENTED_EDGE('',*,*,#10701,.F.);
#10701 = EDGE_CURVE('',#10702,#10694,#10704,.T.);
#10702 = VERTEX_POINT('',#10703);
#10703 = CARTESIAN_POINT('',(-5.431333048859,5.71,4.415950782376));
#10704 = LINE('',#10705,#10706);
#10705 = CARTESIAN_POINT('',(-5.431333048859,5.91,4.415950782376));
#10706 = VECTOR('',#10707,1.);
#10707 = DIRECTION('',(-0.,-1.,-0.));
#10708 = ORIENTED_EDGE('',*,*,#10709,.T.);
#10709 = EDGE_CURVE('',#10702,#10684,#10710,.T.);
#10710 = LINE('',#10711,#10712);
#10711 = CARTESIAN_POINT('',(-3.736418511566,5.71,1.806011269739));
#10712 = VECTOR('',#10713,1.);
#10713 = DIRECTION('',(0.544639035015,0.,-0.838670567945));
#10714 = PLANE('',#10715);
#10715 = AXIS2_PLACEMENT_3D('',#10716,#10717,#10718);
#10716 = CARTESIAN_POINT('',(-3.736418511566,5.91,1.806011269739));
#10717 = DIRECTION('',(0.838670567945,-0.,0.544639035015));
#10718 = DIRECTION('',(0.544639035015,0.,-0.838670567945));
#10719 = ADVANCED_FACE('',(#10720),#10747,.T.);
#10720 = FACE_BOUND('',#10721,.T.);
#10721 = EDGE_LOOP('',(#10722,#10723,#10732,#10740));
#10722 = ORIENTED_EDGE('',*,*,#10701,.T.);
#10723 = ORIENTED_EDGE('',*,*,#10724,.T.);
#10724 = EDGE_CURVE('',#10694,#10725,#10727,.T.);
#10725 = VERTEX_POINT('',#10726);
#10726 = CARTESIAN_POINT('',(-1.825049606694,0.625470053838,
    6.757898632941));
#10727 = CIRCLE('',#10728,7.);
#10728 = AXIS2_PLACEMENT_3D('',#10729,#10730,#10731);
#10729 = CARTESIAN_POINT('',(-4.336808689942E-15,0.625470053838,
    -1.387778780781E-14));
#10730 = DIRECTION('',(-0.,1.,0.));
#10731 = DIRECTION('',(0.,0.,1.));
#10732 = ORIENTED_EDGE('',*,*,#10733,.F.);
#10733 = EDGE_CURVE('',#10734,#10725,#10736,.T.);
#10734 = VERTEX_POINT('',#10735);
#10735 = CARTESIAN_POINT('',(-1.825049606694,5.71,6.757898632941));
#10736 = LINE('',#10737,#10738);
#10737 = CARTESIAN_POINT('',(-1.825049606694,5.91,6.757898632941));
#10738 = VECTOR('',#10739,1.);
#10739 = DIRECTION('',(-0.,-1.,-0.));
#10740 = ORIENTED_EDGE('',*,*,#10741,.T.);
#10741 = EDGE_CURVE('',#10734,#10702,#10742,.T.);
#10742 = CIRCLE('',#10743,7.);
#10743 = AXIS2_PLACEMENT_3D('',#10744,#10745,#10746);
#10744 = CARTESIAN_POINT('',(-4.336808689942E-15,5.71,
    -1.387778780781E-14));
#10745 = DIRECTION('',(0.,-1.,0.));
#10746 = DIRECTION('',(0.,0.,1.));
#10747 = CYLINDRICAL_SURFACE('',#10748,7.);
#10748 = AXIS2_PLACEMENT_3D('',#10749,#10750,#10751);
#10749 = CARTESIAN_POINT('',(-4.336808689942E-15,5.91,
    -1.387778780781E-14));
#10750 = DIRECTION('',(-0.,-1.,-0.));
#10751 = DIRECTION('',(0.,0.,-1.));
#10752 = ADVANCED_FACE('',(#10753),#10778,.F.);
#10753 = FACE_BOUND('',#10754,.T.);
#10754 = EDGE_LOOP('',(#10755,#10756,#10764,#10772));
#10755 = ORIENTED_EDGE('',*,*,#10733,.T.);
#10756 = ORIENTED_EDGE('',*,*,#10757,.T.);
#10757 = EDGE_CURVE('',#10725,#10758,#10760,.T.);
#10758 = VERTEX_POINT('',#10759);
#10759 = CARTESIAN_POINT('',(-0.130135069401,0.625470053838,
    4.147959120304));
#10760 = LINE('',#10761,#10762);
#10761 = CARTESIAN_POINT('',(-0.130135069401,0.625470053838,
    4.147959120304));
#10762 = VECTOR('',#10763,1.);
#10763 = DIRECTION('',(0.544639035015,0.,-0.838670567945));
#10764 = ORIENTED_EDGE('',*,*,#10765,.F.);
#10765 = EDGE_CURVE('',#10766,#10758,#10768,.T.);
#10766 = VERTEX_POINT('',#10767);
#10767 = CARTESIAN_POINT('',(-0.130135069401,5.71,4.147959120304));
#10768 = LINE('',#10769,#10770);
#10769 = CARTESIAN_POINT('',(-0.130135069401,5.91,4.147959120304));
#10770 = VECTOR('',#10771,1.);
#10771 = DIRECTION('',(-0.,-1.,-0.));
#10772 = ORIENTED_EDGE('',*,*,#10773,.T.);
#10773 = EDGE_CURVE('',#10766,#10734,#10774,.T.);
#10774 = LINE('',#10775,#10776);
#10775 = CARTESIAN_POINT('',(-1.825049606694,5.71,6.757898632941));
#10776 = VECTOR('',#10777,1.);
#10777 = DIRECTION('',(-0.544639035015,-0.,0.838670567945));
#10778 = PLANE('',#10779);
#10779 = AXIS2_PLACEMENT_3D('',#10780,#10781,#10782);
#10780 = CARTESIAN_POINT('',(-0.130135069401,5.91,4.147959120304));
#10781 = DIRECTION('',(-0.838670567945,0.,-0.544639035015));
#10782 = DIRECTION('',(-0.544639035015,0.,0.838670567945));
#10783 = ADVANCED_FACE('',(#10784),#10867,.T.);
#10784 = FACE_BOUND('',#10785,.T.);
#10785 = EDGE_LOOP('',(#10786,#10787,#10796,#10804,#10811,#10812,#10819,
    #10826,#10835,#10842,#10843,#10844,#10851,#10852,#10859,#10860));
#10786 = ORIENTED_EDGE('',*,*,#10765,.T.);
#10787 = ORIENTED_EDGE('',*,*,#10788,.T.);
#10788 = EDGE_CURVE('',#10758,#10789,#10791,.T.);
#10789 = VERTEX_POINT('',#10790);
#10790 = CARTESIAN_POINT('',(3.736418511566,0.625470053838,
    -1.806011269739));
#10791 = CIRCLE('',#10792,4.15);
#10792 = AXIS2_PLACEMENT_3D('',#10793,#10794,#10795);
#10793 = CARTESIAN_POINT('',(-4.336808689942E-15,0.625470053838,
    -1.387778780781E-14));
#10794 = DIRECTION('',(-0.,1.,0.));
#10795 = DIRECTION('',(0.,0.,1.));
#10796 = ORIENTED_EDGE('',*,*,#10797,.F.);
#10797 = EDGE_CURVE('',#10798,#10789,#10800,.T.);
#10798 = VERTEX_POINT('',#10799);
#10799 = CARTESIAN_POINT('',(3.736418511566,5.71,-1.806011269739));
#10800 = LINE('',#10801,#10802);
#10801 = CARTESIAN_POINT('',(3.736418511566,5.91,-1.806011269739));
#10802 = VECTOR('',#10803,1.);
#10803 = DIRECTION('',(-0.,-1.,-0.));
#10804 = ORIENTED_EDGE('',*,*,#10805,.T.);
#10805 = EDGE_CURVE('',#10798,#10527,#10806,.T.);
#10806 = ( BOUNDED_CURVE() B_SPLINE_CURVE(3,(#10807,#10808,#10809,#10810
),.UNSPECIFIED.,.F.,.F.) B_SPLINE_CURVE_WITH_KNOTS((4,4),(1.026200663066
,1.058421850589),.PIECEWISE_BEZIER_KNOTS.) CURVE() 
GEOMETRIC_REPRESENTATION_ITEM() RATIONAL_B_SPLINE_CURVE((1.,
0.999913484794,0.999913484794,1.)) REPRESENTATION_ITEM('') );
#10807 = CARTESIAN_POINT('',(3.736418511566,5.71,-1.806011269739));
#10808 = CARTESIAN_POINT('',(3.717020396491,5.776036641121,
    -1.846143619671));
#10809 = CARTESIAN_POINT('',(3.696978270745,5.842709075967,
    -1.885958259882));
#10810 = CARTESIAN_POINT('',(3.676297336176,5.91,-1.925444856657));
#10811 = ORIENTED_EDGE('',*,*,#10526,.T.);
#10812 = ORIENTED_EDGE('',*,*,#10813,.T.);
#10813 = EDGE_CURVE('',#10529,#10662,#10814,.T.);
#10814 = ( BOUNDED_CURVE() B_SPLINE_CURVE(3,(#10815,#10816,#10817,#10818
),.UNSPECIFIED.,.F.,.F.) B_SPLINE_CURVE_WITH_KNOTS((4,4),(5.22476345659,
5.256984644114),.PIECEWISE_BEZIER_KNOTS.) CURVE() 
GEOMETRIC_REPRESENTATION_ITEM() RATIONAL_B_SPLINE_CURVE((1.,
0.999913484794,0.999913484794,1.)) REPRESENTATION_ITEM('') );
#10815 = CARTESIAN_POINT('',(0.263696565276,5.91,-4.141613709831));
#10816 = CARTESIAN_POINT('',(0.219212070252,5.842709075967,
    -4.144446037848));
#10817 = CARTESIAN_POINT('',(0.174687719594,5.776036641121,
    -4.14656135768));
#10818 = CARTESIAN_POINT('',(0.130135069401,5.71,-4.147959120304));
#10819 = ORIENTED_EDGE('',*,*,#10820,.F.);
#10820 = EDGE_CURVE('',#10821,#10662,#10823,.T.);
#10821 = VERTEX_POINT('',#10822);
#10822 = CARTESIAN_POINT('',(0.130135069401,7.11,-4.147959120304));
#10823 = B_SPLINE_CURVE_WITH_KNOTS('',1,(#10824,#10825),.UNSPECIFIED.,
  .F.,.F.,(2,2),(-1.2,0.2),.PIECEWISE_BEZIER_KNOTS.);
#10824 = CARTESIAN_POINT('',(0.130135069401,7.11,-4.147959120304));
#10825 = CARTESIAN_POINT('',(0.130135069401,5.71,-4.147959120304));
#10826 = ORIENTED_EDGE('',*,*,#10827,.F.);
#10827 = EDGE_CURVE('',#10828,#10821,#10830,.T.);
#10828 = VERTEX_POINT('',#10829);
#10829 = CARTESIAN_POINT('',(0.,7.11,4.15));
#10830 = CIRCLE('',#10831,4.15);
#10831 = AXIS2_PLACEMENT_3D('',#10832,#10833,#10834);
#10832 = CARTESIAN_POINT('',(0.,7.11,0.));
#10833 = DIRECTION('',(0.,1.,0.));
#10834 = DIRECTION('',(0.,-0.,1.));
#10835 = ORIENTED_EDGE('',*,*,#10836,.F.);
#10836 = EDGE_CURVE('',#10821,#10828,#10837,.T.);
#10837 = CIRCLE('',#10838,4.15);
#10838 = AXIS2_PLACEMENT_3D('',#10839,#10840,#10841);
#10839 = CARTESIAN_POINT('',(0.,7.11,0.));
#10840 = DIRECTION('',(0.,1.,0.));
#10841 = DIRECTION('',(0.,-0.,1.));
#10842 = ORIENTED_EDGE('',*,*,#10820,.T.);
#10843 = ORIENTED_EDGE('',*,*,#10661,.T.);
#10844 = ORIENTED_EDGE('',*,*,#10845,.T.);
#10845 = EDGE_CURVE('',#10654,#10686,#10846,.T.);
#10846 = CIRCLE('',#10847,4.15);
#10847 = AXIS2_PLACEMENT_3D('',#10848,#10849,#10850);
#10848 = CARTESIAN_POINT('',(-4.336808689942E-15,0.625470053838,
    -1.387778780781E-14));
#10849 = DIRECTION('',(-0.,1.,0.));
#10850 = DIRECTION('',(0.,0.,1.));
#10851 = ORIENTED_EDGE('',*,*,#10683,.F.);
#10852 = ORIENTED_EDGE('',*,*,#10853,.T.);
#10853 = EDGE_CURVE('',#10684,#10588,#10854,.T.);
#10854 = ( BOUNDED_CURVE() B_SPLINE_CURVE(3,(#10855,#10856,#10857,#10858
),.UNSPECIFIED.,.F.,.F.) B_SPLINE_CURVE_WITH_KNOTS((4,4),(1.026200663066
,1.058421850589),.PIECEWISE_BEZIER_KNOTS.) CURVE() 
GEOMETRIC_REPRESENTATION_ITEM() RATIONAL_B_SPLINE_CURVE((1.,
0.999913484794,0.999913484794,1.)) REPRESENTATION_ITEM('') );
#10855 = CARTESIAN_POINT('',(-3.736418511566,5.71,1.806011269739));
#10856 = CARTESIAN_POINT('',(-3.717020396491,5.776036641121,
    1.846143619671));
#10857 = CARTESIAN_POINT('',(-3.696978270745,5.842709075967,
    1.885958259882));
#10858 = CARTESIAN_POINT('',(-3.676297336176,5.91,1.925444856657));
#10859 = ORIENTED_EDGE('',*,*,#10587,.T.);
#10860 = ORIENTED_EDGE('',*,*,#10861,.T.);
#10861 = EDGE_CURVE('',#10580,#10766,#10862,.T.);
#10862 = ( BOUNDED_CURVE() B_SPLINE_CURVE(3,(#10863,#10864,#10865,#10866
),.UNSPECIFIED.,.F.,.F.) B_SPLINE_CURVE_WITH_KNOTS((4,4),(5.22476345659,
5.256984644114),.PIECEWISE_BEZIER_KNOTS.) CURVE() 
GEOMETRIC_REPRESENTATION_ITEM() RATIONAL_B_SPLINE_CURVE((1.,
0.999913484794,0.999913484794,1.)) REPRESENTATION_ITEM('') );
#10863 = CARTESIAN_POINT('',(-0.263696565276,5.91,4.141613709831));
#10864 = CARTESIAN_POINT('',(-0.219212070252,5.842709075967,
    4.144446037848));
#10865 = CARTESIAN_POINT('',(-0.174687719594,5.776036641121,
    4.14656135768));
#10866 = CARTESIAN_POINT('',(-0.130135069401,5.71,4.147959120304));
#10867 = CYLINDRICAL_SURFACE('',#10868,4.15);
#10868 = AXIS2_PLACEMENT_3D('',#10869,#10870,#10871);
#10869 = CARTESIAN_POINT('',(-4.336808689942E-15,5.91,
    -1.387778780781E-14));
#10870 = DIRECTION('',(-0.,-1.,-0.));
#10871 = DIRECTION('',(0.,0.,-1.));
#10872 = ADVANCED_FACE('',(#10873),#10889,.F.);
#10873 = FACE_BOUND('',#10874,.T.);
#10874 = EDGE_LOOP('',(#10875,#10876,#10882,#10883));
#10875 = ORIENTED_EDGE('',*,*,#10797,.T.);
#10876 = ORIENTED_EDGE('',*,*,#10877,.T.);
#10877 = EDGE_CURVE('',#10789,#10613,#10878,.T.);
#10878 = LINE('',#10879,#10880);
#10879 = CARTESIAN_POINT('',(5.431333048859,0.625470053838,
    -4.415950782377));
#10880 = VECTOR('',#10881,1.);
#10881 = DIRECTION('',(0.544639035015,0.,-0.838670567945));
#10882 = ORIENTED_EDGE('',*,*,#10610,.F.);
#10883 = ORIENTED_EDGE('',*,*,#10884,.T.);
#10884 = EDGE_CURVE('',#10611,#10798,#10885,.T.);
#10885 = LINE('',#10886,#10887);
#10886 = CARTESIAN_POINT('',(3.736418511566,5.71,-1.806011269739));
#10887 = VECTOR('',#10888,1.);
#10888 = DIRECTION('',(-0.544639035015,-0.,0.838670567945));
#10889 = PLANE('',#10890);
#10890 = AXIS2_PLACEMENT_3D('',#10891,#10892,#10893);
#10891 = CARTESIAN_POINT('',(5.431333048859,5.91,-4.415950782377));
#10892 = DIRECTION('',(-0.838670567945,0.,-0.544639035015));
#10893 = DIRECTION('',(-0.544639035015,0.,0.838670567945));
#10894 = ADVANCED_FACE('',(#10895),#11083,.F.);
#10895 = FACE_BOUND('',#10896,.F.);
#10896 = EDGE_LOOP('',(#10897,#10898,#10990,#10991));
#10897 = ORIENTED_EDGE('',*,*,#10471,.F.);
#10898 = ORIENTED_EDGE('',*,*,#10899,.F.);
#10899 = EDGE_CURVE('',#10265,#10465,#10900,.T.);
#10900 = ( BOUNDED_CURVE() B_SPLINE_CURVE(2,(#10901,#10902,#10903,#10904
    ,#10905,#10906,#10907,#10908,#10909,#10910,#10911,#10912,#10913,
    #10914,#10915,#10916,#10917,#10918,#10919,#10920,#10921,#10922,
    #10923,#10924,#10925,#10926,#10927,#10928,#10929,#10930,#10931,
    #10932,#10933,#10934,#10935,#10936,#10937,#10938,#10939,#10940,
    #10941,#10942,#10943,#10944,#10945,#10946,#10947,#10948,#10949,
    #10950,#10951,#10952,#10953,#10954,#10955,#10956,#10957,#10958,
    #10959,#10960,#10961,#10962,#10963,#10964,#10965,#10966,#10967,
    #10968,#10969,#10970,#10971,#10972,#10973,#10974,#10975,#10976,
    #10977,#10978,#10979,#10980,#10981,#10982,#10983,#10984,#10985,
    #10986,#10987,#10988,#10989),.UNSPECIFIED.,.F.,.F.) 
B_SPLINE_CURVE_WITH_KNOTS((3,2,2,2,2,2,2,2,2,2,2,2,2,2,2,2,2,2,2,2,2,2,2
    ,2,2,2,2,2,2,2,2,2,2,2,2,2,2,2,2,2,2,2,2,2,3),(0.208333333005,
    0.222222222222,0.236111111111,0.25,0.263888888889,0.277777777778,
    0.291666666667,0.305555555556,0.319444444444,0.333333333333,
    0.347222222222,0.361111111111,0.375,0.388888888889,0.402777777778,
    0.416666666667,0.430555555556,0.444444444444,0.458333333333,
    0.472222222222,0.486111111111,0.5,0.513888888889,0.527777777778,
    0.541666666667,0.555555555556,0.569444444444,0.583333333333,
    0.597222222222,0.611111111111,0.625,0.638888888889,0.652777777778,
    0.666666666667,0.680555555556,0.694444444444,0.708333333333,
    0.722222222222,0.736111111111,0.75,0.763888888889,0.777777777778,
0.791666666667,0.805555555556,0.810298841839),.UNSPECIFIED.) CURVE() 
GEOMETRIC_REPRESENTATION_ITEM() RATIONAL_B_SPLINE_CURVE((1.,
    0.923879532511,1.,0.923879532511,1.,0.923879532511,1.,0.923879532511
    ,1.,0.923879532511,1.,0.923879532511,1.,0.923879532511,1.,
    0.923879532511,1.,0.923879532511,1.,0.923879532511,1.,0.923879532511
    ,1.,0.923879532511,1.,0.923879532511,1.,0.923879532511,1.,
    0.923879532511,1.,0.923879532511,1.,0.923879532511,1.,0.923879532511
    ,1.,0.923879532511,1.,0.923879532511,1.,0.923879532511,1.,
    0.923879532511,1.,0.923879532511,1.,0.923879532511,1.,0.923879532511
    ,1.,0.923879532511,1.,0.923879532511,1.,0.923879532511,1.,
    0.923879532511,1.,0.923879532511,1.,0.923879532511,1.,0.923879532511
    ,1.,0.923879532511,1.,0.923879532511,1.,0.923879532511,1.,
    0.923879532511,1.,0.923879532511,1.,0.923879532511,1.,0.923879532511
    ,1.,0.923879532511,1.,0.923879532511,1.,0.923879532511,1.,
    0.923879532511,1.,0.974003595809,0.965763599406)) 
REPRESENTATION_ITEM('') );
#10901 = CARTESIAN_POINT('',(1.76776692097,1.26,1.767766984963));
#10902 = CARTESIAN_POINT('',(2.5,1.322500002731,1.035533905933));
#10903 = CARTESIAN_POINT('',(2.5,1.385000002731,-1.387778780781E-14));
#10904 = CARTESIAN_POINT('',(2.5,1.447500002731,-1.035533905933));
#10905 = CARTESIAN_POINT('',(1.767766952966,1.510000002731,
    -1.767766952966));
#10906 = CARTESIAN_POINT('',(1.035533905933,1.572500002731,-2.5));
#10907 = CARTESIAN_POINT('',(-4.183727840049E-15,1.635000002731,-2.5));
#10908 = CARTESIAN_POINT('',(-1.035533905933,1.697500002731,-2.5));
#10909 = CARTESIAN_POINT('',(-1.767766952966,1.760000002731,
    -1.767766952966));
#10910 = CARTESIAN_POINT('',(-2.5,1.822500002731,-1.035533905933));
#10911 = CARTESIAN_POINT('',(-2.5,1.885000002731,-1.41839495076E-14));
#10912 = CARTESIAN_POINT('',(-2.5,1.947500002731,1.035533905933));
#10913 = CARTESIAN_POINT('',(-1.767766952966,2.010000002731,
    1.767766952966));
#10914 = CARTESIAN_POINT('',(-1.035533905933,2.072500002731,2.5));
#10915 = CARTESIAN_POINT('',(-4.796051239622E-15,2.135000002731,2.5));
#10916 = CARTESIAN_POINT('',(1.035533905933,2.197500002731,2.5));
#10917 = CARTESIAN_POINT('',(1.767766952966,2.260000002731,
    1.767766952966));
#10918 = CARTESIAN_POINT('',(2.5,2.322500002731,1.035533905933));
#10919 = CARTESIAN_POINT('',(2.5,2.385000002731,-1.387778780781E-14));
#10920 = CARTESIAN_POINT('',(2.5,2.447500002731,-1.035533905933));
#10921 = CARTESIAN_POINT('',(1.767766952966,2.510000002731,
    -1.767766952966));
#10922 = CARTESIAN_POINT('',(1.035533905933,2.572500002731,-2.5));
#10923 = CARTESIAN_POINT('',(-4.183727840049E-15,2.635000002731,-2.5));
#10924 = CARTESIAN_POINT('',(-1.035533905933,2.697500002731,-2.5));
#10925 = CARTESIAN_POINT('',(-1.767766952966,2.760000002731,
    -1.767766952966));
#10926 = CARTESIAN_POINT('',(-2.5,2.822500002731,-1.035533905933));
#10927 = CARTESIAN_POINT('',(-2.5,2.885000002731,-1.41839495076E-14));
#10928 = CARTESIAN_POINT('',(-2.5,2.947500002731,1.035533905933));
#10929 = CARTESIAN_POINT('',(-1.767766952966,3.010000002731,
    1.767766952966));
#10930 = CARTESIAN_POINT('',(-1.035533905933,3.072500002731,2.5));
#10931 = CARTESIAN_POINT('',(-4.796051239622E-15,3.135000002731,2.5));
#10932 = CARTESIAN_POINT('',(1.035533905933,3.197500002731,2.5));
#10933 = CARTESIAN_POINT('',(1.767766952966,3.260000002731,
    1.767766952966));
#10934 = CARTESIAN_POINT('',(2.5,3.322500002731,1.035533905933));
#10935 = CARTESIAN_POINT('',(2.5,3.385000002731,-1.387778780781E-14));
#10936 = CARTESIAN_POINT('',(2.5,3.447500002731,-1.035533905933));
#10937 = CARTESIAN_POINT('',(1.767766952966,3.510000002731,
    -1.767766952966));
#10938 = CARTESIAN_POINT('',(1.035533905933,3.572500002731,-2.5));
#10939 = CARTESIAN_POINT('',(-4.183727840049E-15,3.635000002731,-2.5));
#10940 = CARTESIAN_POINT('',(-1.035533905933,3.697500002731,-2.5));
#10941 = CARTESIAN_POINT('',(-1.767766952966,3.760000002731,
    -1.767766952966));
#10942 = CARTESIAN_POINT('',(-2.5,3.822500002731,-1.035533905933));
#10943 = CARTESIAN_POINT('',(-2.5,3.885000002731,-1.41839495076E-14));
#10944 = CARTESIAN_POINT('',(-2.5,3.947500002731,1.035533905933));
#10945 = CARTESIAN_POINT('',(-1.767766952966,4.010000002731,
    1.767766952966));
#10946 = CARTESIAN_POINT('',(-1.035533905933,4.072500002731,2.5));
#10947 = CARTESIAN_POINT('',(-4.796051239622E-15,4.135000002731,2.5));
#10948 = CARTESIAN_POINT('',(1.035533905933,4.197500002731,2.5));
#10949 = CARTESIAN_POINT('',(1.767766952966,4.260000002731,
    1.767766952966));
#10950 = CARTESIAN_POINT('',(2.5,4.322500002731,1.035533905933));
#10951 = CARTESIAN_POINT('',(2.5,4.385000002731,-1.387778780781E-14));
#10952 = CARTESIAN_POINT('',(2.5,4.447500002731,-1.035533905933));
#10953 = CARTESIAN_POINT('',(1.767766952966,4.510000002731,
    -1.767766952966));
#10954 = CARTESIAN_POINT('',(1.035533905933,4.572500002731,-2.5));
#10955 = CARTESIAN_POINT('',(-4.183727840049E-15,4.635000002731,-2.5));
#10956 = CARTESIAN_POINT('',(-1.035533905933,4.697500002731,-2.5));
#10957 = CARTESIAN_POINT('',(-1.767766952966,4.760000002731,
    -1.767766952966));
#10958 = CARTESIAN_POINT('',(-2.5,4.822500002731,-1.035533905933));
#10959 = CARTESIAN_POINT('',(-2.5,4.885000002731,-1.41839495076E-14));
#10960 = CARTESIAN_POINT('',(-2.5,4.947500002731,1.035533905933));
#10961 = CARTESIAN_POINT('',(-1.767766952966,5.010000002731,
    1.767766952966));
#10962 = CARTESIAN_POINT('',(-1.035533905933,5.072500002731,2.5));
#10963 = CARTESIAN_POINT('',(-4.796051239622E-15,5.135000002731,2.5));
#10964 = CARTESIAN_POINT('',(1.035533905933,5.197500002731,2.5));
#10965 = CARTESIAN_POINT('',(1.767766952966,5.260000002731,
    1.767766952966));
#10966 = CARTESIAN_POINT('',(2.5,5.322500002731,1.035533905933));
#10967 = CARTESIAN_POINT('',(2.5,5.385000002731,-1.387778780781E-14));
#10968 = CARTESIAN_POINT('',(2.5,5.447500002731,-1.035533905933));
#10969 = CARTESIAN_POINT('',(1.767766952966,5.510000002731,
    -1.767766952966));
#10970 = CARTESIAN_POINT('',(1.035533905933,5.572500002731,-2.5));
#10971 = CARTESIAN_POINT('',(-4.183727840049E-15,5.635000002731,-2.5));
#10972 = CARTESIAN_POINT('',(-1.035533905933,5.697500002731,-2.5));
#10973 = CARTESIAN_POINT('',(-1.767766952966,5.760000002731,
    -1.767766952966));
#10974 = CARTESIAN_POINT('',(-2.5,5.822500002731,-1.035533905933));
#10975 = CARTESIAN_POINT('',(-2.5,5.885000002731,-1.41839495076E-14));
#10976 = CARTESIAN_POINT('',(-2.5,5.947500002731,1.035533905933));
#10977 = CARTESIAN_POINT('',(-1.767766952966,6.010000002731,
    1.767766952966));
#10978 = CARTESIAN_POINT('',(-1.035533905933,6.072500002731,2.5));
#10979 = CARTESIAN_POINT('',(-4.796051239622E-15,6.135000002731,2.5));
#10980 = CARTESIAN_POINT('',(1.035533905933,6.197500002731,2.5));
#10981 = CARTESIAN_POINT('',(1.767766952966,6.260000002731,
    1.767766952966));
#10982 = CARTESIAN_POINT('',(2.5,6.322500002731,1.035533905933));
#10983 = CARTESIAN_POINT('',(2.5,6.385000002731,-1.387778780781E-14));
#10984 = CARTESIAN_POINT('',(2.5,6.447500002731,-1.035533905933));
#10985 = CARTESIAN_POINT('',(1.767766952966,6.510000002731,
    -1.767766952966));
#10986 = CARTESIAN_POINT('',(1.035533905933,6.572500002731,-2.5));
#10987 = CARTESIAN_POINT('',(-4.183727840049E-15,6.635000002731,-2.5));
#10988 = CARTESIAN_POINT('',(-0.335452430575,6.655246347917,-2.5));
#10989 = CARTESIAN_POINT('',(-0.659039168489,6.676987298108,
    -2.411569483635));
#10990 = ORIENTED_EDGE('',*,*,#10371,.F.);
#10991 = ORIENTED_EDGE('',*,*,#10992,.T.);
#10992 = EDGE_CURVE('',#10333,#10472,#10993,.T.);
#10993 = ( BOUNDED_CURVE() B_SPLINE_CURVE(2,(#10994,#10995,#10996,#10997
    ,#10998,#10999,#11000,#11001,#11002,#11003,#11004,#11005,#11006,
    #11007,#11008,#11009,#11010,#11011,#11012,#11013,#11014,#11015,
    #11016,#11017,#11018,#11019,#11020,#11021,#11022,#11023,#11024,
    #11025,#11026,#11027,#11028,#11029,#11030,#11031,#11032,#11033,
    #11034,#11035,#11036,#11037,#11038,#11039,#11040,#11041,#11042,
    #11043,#11044,#11045,#11046,#11047,#11048,#11049,#11050,#11051,
    #11052,#11053,#11054,#11055,#11056,#11057,#11058,#11059,#11060,
    #11061,#11062,#11063,#11064,#11065,#11066,#11067,#11068,#11069,
    #11070,#11071,#11072,#11073,#11074,#11075,#11076,#11077,#11078,
    #11079,#11080,#11081,#11082),.UNSPECIFIED.,.F.,.F.) 
B_SPLINE_CURVE_WITH_KNOTS((3,2,2,2,2,2,2,2,2,2,2,2,2,2,2,2,2,2,2,2,2,2,2
    ,2,2,2,2,2,2,2,2,2,2,2,2,2,2,2,2,2,2,2,2,2,3),(0.111111111111,0.125,
    0.138888888889,0.152777777778,0.166666666667,0.180555555556,
    0.194444444444,0.208333333333,0.222222222222,0.236111111111,0.25,
    0.263888888889,0.277777777778,0.291666666667,0.305555555556,
    0.319444444444,0.333333333333,0.347222222222,0.361111111111,0.375,
    0.388888888889,0.402777777778,0.416666666667,0.430555555556,
    0.444444444444,0.458333333333,0.472222222222,0.486111111111,0.5,
    0.513888888889,0.527777777778,0.541666666667,0.555555555556,
    0.569444444444,0.583333333333,0.597222222222,0.611111111111,0.625,
    0.638888888889,0.652777777778,0.666666666667,0.680555555556,
0.694444444444,0.708333333333,0.713076619912),.UNSPECIFIED.) CURVE() 
GEOMETRIC_REPRESENTATION_ITEM() RATIONAL_B_SPLINE_CURVE((1.,
    0.923879532511,1.,0.923879532511,1.,0.923879532511,1.,0.923879532511
    ,1.,0.923879532511,1.,0.923879532511,1.,0.923879532511,1.,
    0.923879532511,1.,0.923879532511,1.,0.923879532511,1.,0.923879532511
    ,1.,0.923879532511,1.,0.923879532511,1.,0.923879532511,1.,
    0.923879532511,1.,0.923879532511,1.,0.923879532511,1.,0.923879532511
    ,1.,0.923879532511,1.,0.923879532511,1.,0.923879532511,1.,
    0.923879532511,1.,0.923879532511,1.,0.923879532511,1.,0.923879532511
    ,1.,0.923879532511,1.,0.923879532511,1.,0.923879532511,1.,
    0.923879532511,1.,0.923879532511,1.,0.923879532511,1.,0.923879532511
    ,1.,0.923879532511,1.,0.923879532511,1.,0.923879532511,1.,
    0.923879532511,1.,0.923879532511,1.,0.923879532511,1.,0.923879532511
    ,1.,0.923879532511,1.,0.923879532511,1.,0.923879532511,1.,
0.923879532511,1.,0.97400359419,0.96576359838)) REPRESENTATION_ITEM('') 
  );
#10994 = CARTESIAN_POINT('',(2.5,1.26,-1.387778780781E-14));
#10995 = CARTESIAN_POINT('',(2.5,1.3225,-1.035533905933));
#10996 = CARTESIAN_POINT('',(1.767766952966,1.385,-1.767766952966));
#10997 = CARTESIAN_POINT('',(1.035533905933,1.4475,-2.5));
#10998 = CARTESIAN_POINT('',(-4.183727840049E-15,1.51,-2.5));
#10999 = CARTESIAN_POINT('',(-1.035533905933,1.5725,-2.5));
#11000 = CARTESIAN_POINT('',(-1.767766952966,1.635,-1.767766952966));
#11001 = CARTESIAN_POINT('',(-2.5,1.6975,-1.035533905933));
#11002 = CARTESIAN_POINT('',(-2.5,1.76,-1.41839495076E-14));
#11003 = CARTESIAN_POINT('',(-2.5,1.8225,1.035533905933));
#11004 = CARTESIAN_POINT('',(-1.767766952966,1.885,1.767766952966));
#11005 = CARTESIAN_POINT('',(-1.035533905933,1.9475,2.5));
#11006 = CARTESIAN_POINT('',(-4.796051239622E-15,2.01,2.5));
#11007 = CARTESIAN_POINT('',(1.035533905933,2.0725,2.5));
#11008 = CARTESIAN_POINT('',(1.767766952966,2.135,1.767766952966));
#11009 = CARTESIAN_POINT('',(2.5,2.1975,1.035533905933));
#11010 = CARTESIAN_POINT('',(2.5,2.26,-1.387778780781E-14));
#11011 = CARTESIAN_POINT('',(2.5,2.3225,-1.035533905933));
#11012 = CARTESIAN_POINT('',(1.767766952966,2.385,-1.767766952966));
#11013 = CARTESIAN_POINT('',(1.035533905933,2.4475,-2.5));
#11014 = CARTESIAN_POINT('',(-4.183727840049E-15,2.51,-2.5));
#11015 = CARTESIAN_POINT('',(-1.035533905933,2.5725,-2.5));
#11016 = CARTESIAN_POINT('',(-1.767766952966,2.635,-1.767766952966));
#11017 = CARTESIAN_POINT('',(-2.5,2.6975,-1.035533905933));
#11018 = CARTESIAN_POINT('',(-2.5,2.76,-1.41839495076E-14));
#11019 = CARTESIAN_POINT('',(-2.5,2.8225,1.035533905933));
#11020 = CARTESIAN_POINT('',(-1.767766952966,2.885,1.767766952966));
#11021 = CARTESIAN_POINT('',(-1.035533905933,2.9475,2.5));
#11022 = CARTESIAN_POINT('',(-4.796051239622E-15,3.01,2.5));
#11023 = CARTESIAN_POINT('',(1.035533905933,3.0725,2.5));
#11024 = CARTESIAN_POINT('',(1.767766952966,3.135,1.767766952966));
#11025 = CARTESIAN_POINT('',(2.5,3.1975,1.035533905933));
#11026 = CARTESIAN_POINT('',(2.5,3.26,-1.387778780781E-14));
#11027 = CARTESIAN_POINT('',(2.5,3.3225,-1.035533905933));
#11028 = CARTESIAN_POINT('',(1.767766952966,3.385,-1.767766952966));
#11029 = CARTESIAN_POINT('',(1.035533905933,3.4475,-2.5));
#11030 = CARTESIAN_POINT('',(-4.183727840049E-15,3.51,-2.5));
#11031 = CARTESIAN_POINT('',(-1.035533905933,3.5725,-2.5));
#11032 = CARTESIAN_POINT('',(-1.767766952966,3.635,-1.767766952966));
#11033 = CARTESIAN_POINT('',(-2.5,3.6975,-1.035533905933));
#11034 = CARTESIAN_POINT('',(-2.5,3.76,-1.41839495076E-14));
#11035 = CARTESIAN_POINT('',(-2.5,3.8225,1.035533905933));
#11036 = CARTESIAN_POINT('',(-1.767766952966,3.885,1.767766952966));
#11037 = CARTESIAN_POINT('',(-1.035533905933,3.9475,2.5));
#11038 = CARTESIAN_POINT('',(-4.796051239622E-15,4.01,2.5));
#11039 = CARTESIAN_POINT('',(1.035533905933,4.0725,2.5));
#11040 = CARTESIAN_POINT('',(1.767766952966,4.135,1.767766952966));
#11041 = CARTESIAN_POINT('',(2.5,4.1975,1.035533905933));
#11042 = CARTESIAN_POINT('',(2.5,4.26,-1.387778780781E-14));
#11043 = CARTESIAN_POINT('',(2.5,4.3225,-1.035533905933));
#11044 = CARTESIAN_POINT('',(1.767766952966,4.385,-1.767766952966));
#11045 = CARTESIAN_POINT('',(1.035533905933,4.4475,-2.5));
#11046 = CARTESIAN_POINT('',(-4.183727840049E-15,4.51,-2.5));
#11047 = CARTESIAN_POINT('',(-1.035533905933,4.5725,-2.5));
#11048 = CARTESIAN_POINT('',(-1.767766952966,4.635,-1.767766952966));
#11049 = CARTESIAN_POINT('',(-2.5,4.6975,-1.035533905933));
#11050 = CARTESIAN_POINT('',(-2.5,4.76,-1.41839495076E-14));
#11051 = CARTESIAN_POINT('',(-2.5,4.8225,1.035533905933));
#11052 = CARTESIAN_POINT('',(-1.767766952966,4.885,1.767766952966));
#11053 = CARTESIAN_POINT('',(-1.035533905933,4.9475,2.5));
#11054 = CARTESIAN_POINT('',(-4.796051239622E-15,5.01,2.5));
#11055 = CARTESIAN_POINT('',(1.035533905933,5.0725,2.5));
#11056 = CARTESIAN_POINT('',(1.767766952966,5.135,1.767766952966));
#11057 = CARTESIAN_POINT('',(2.5,5.1975,1.035533905933));
#11058 = CARTESIAN_POINT('',(2.5,5.26,-1.387778780781E-14));
#11059 = CARTESIAN_POINT('',(2.5,5.3225,-1.035533905933));
#11060 = CARTESIAN_POINT('',(1.767766952966,5.385,-1.767766952966));
#11061 = CARTESIAN_POINT('',(1.035533905933,5.4475,-2.5));
#11062 = CARTESIAN_POINT('',(-4.183727840049E-15,5.51,-2.5));
#11063 = CARTESIAN_POINT('',(-1.035533905933,5.5725,-2.5));
#11064 = CARTESIAN_POINT('',(-1.767766952966,5.635,-1.767766952966));
#11065 = CARTESIAN_POINT('',(-2.5,5.6975,-1.035533905933));
#11066 = CARTESIAN_POINT('',(-2.5,5.76,-1.41839495076E-14));
#11067 = CARTESIAN_POINT('',(-2.5,5.8225,1.035533905933));
#11068 = CARTESIAN_POINT('',(-1.767766952966,5.885,1.767766952966));
#11069 = CARTESIAN_POINT('',(-1.035533905933,5.9475,2.5));
#11070 = CARTESIAN_POINT('',(-4.796051239622E-15,6.01,2.5));
#11071 = CARTESIAN_POINT('',(1.035533905933,6.0725,2.5));
#11072 = CARTESIAN_POINT('',(1.767766952966,6.135,1.767766952966));
#11073 = CARTESIAN_POINT('',(2.5,6.1975,1.035533905933));
#11074 = CARTESIAN_POINT('',(2.5,6.26,-1.387778780781E-14));
#11075 = CARTESIAN_POINT('',(2.5,6.3225,-1.035533905933));
#11076 = CARTESIAN_POINT('',(1.767766952966,6.385,-1.767766952966));
#11077 = CARTESIAN_POINT('',(1.035533905933,6.4475,-2.5));
#11078 = CARTESIAN_POINT('',(-4.183727840049E-15,6.51,-2.5));
#11079 = CARTESIAN_POINT('',(-1.035533905933,6.5725,-2.5));
#11080 = CARTESIAN_POINT('',(-1.767766952966,6.635,-1.767766952966));
#11081 = CARTESIAN_POINT('',(-2.004967656559,6.65524634648,
    -1.530566249374));
#11082 = CARTESIAN_POINT('',(-2.171248221175,6.676987298108,
    -1.239226033476));
#11083 = CYLINDRICAL_SURFACE('',#11084,2.5);
#11084 = AXIS2_PLACEMENT_3D('',#11085,#11086,#11087);
#11085 = CARTESIAN_POINT('',(-4.336808689942E-15,5.91,
    -1.387778780781E-14));
#11086 = DIRECTION('',(-0.,-1.,-0.));
#11087 = DIRECTION('',(0.,0.,-1.));
#11088 = ADVANCED_FACE('',(#11089,#11092),#11096,.T.);
#11089 = FACE_BOUND('',#11090,.T.);
#11090 = EDGE_LOOP('',(#11091));
#11091 = ORIENTED_EDGE('',*,*,#10386,.T.);
#11092 = FACE_BOUND('',#11093,.T.);
#11093 = EDGE_LOOP('',(#11094,#11095));
#11094 = ORIENTED_EDGE('',*,*,#10827,.T.);
#11095 = ORIENTED_EDGE('',*,*,#10836,.T.);
#11096 = PLANE('',#11097);
#11097 = AXIS2_PLACEMENT_3D('',#11098,#11099,#11100);
#11098 = CARTESIAN_POINT('',(0.,7.11,0.));
#11099 = DIRECTION('',(0.,1.,0.));
#11100 = DIRECTION('',(0.,-0.,1.));
#11101 = ADVANCED_FACE('',(#11102),#11120,.T.);
#11102 = FACE_BOUND('',#11103,.T.);
#11103 = EDGE_LOOP('',(#11104,#11111,#11112,#11119));
#11104 = ORIENTED_EDGE('',*,*,#11105,.F.);
#11105 = EDGE_CURVE('',#10177,#10654,#11106,.T.);
#11106 = B_SPLINE_CURVE_WITH_KNOTS('',3,(#11107,#11108,#11109,#11110),
  .UNSPECIFIED.,.F.,.F.,(4,4),(0.,2.577821053748E-04),
  .PIECEWISE_BEZIER_KNOTS.);
#11107 = CARTESIAN_POINT('',(0.235488917131,0.51,-3.942974127471));
#11108 = CARTESIAN_POINT('',(0.200832437551,0.548362920511,
    -4.011608866512));
#11109 = CARTESIAN_POINT('',(0.165701023135,0.586857858966,
    -4.079932111018));
#11110 = CARTESIAN_POINT('',(0.130135069401,0.625470053838,
    -4.147959120304));
#11111 = ORIENTED_EDGE('',*,*,#10176,.F.);
#11112 = ORIENTED_EDGE('',*,*,#11113,.F.);
#11113 = EDGE_CURVE('',#10686,#10169,#11114,.T.);
#11114 = B_SPLINE_CURVE_WITH_KNOTS('',3,(#11115,#11116,#11117,#11118),
  .UNSPECIFIED.,.F.,.F.,(4,4),(0.,2.577821053748E-04),
  .PIECEWISE_BEZIER_KNOTS.);
#11115 = CARTESIAN_POINT('',(-3.736418511566,0.625470053838,
    1.806011269739));
#11116 = CARTESIAN_POINT('',(-3.659806769607,0.586857858966,
    1.810833307824));
#11117 = CARTESIAN_POINT('',(-3.58310114637,0.548362920511,1.81513788477
    ));
#11118 = CARTESIAN_POINT('',(-3.506304132118,0.51,1.818881890913));
#11119 = ORIENTED_EDGE('',*,*,#10845,.F.);
#11120 = CONICAL_SURFACE('',#11121,4.15,1.047197551197);
#11121 = AXIS2_PLACEMENT_3D('',#11122,#11123,#11124);
#11122 = CARTESIAN_POINT('',(-4.336808689942E-15,0.625470053838,
    -1.387778780781E-14));
#11123 = DIRECTION('',(-0.,1.,-0.));
#11124 = DIRECTION('',(0.,0.,1.));
#11125 = ADVANCED_FACE('',(#11126),#11138,.F.);
#11126 = FACE_BOUND('',#11127,.T.);
#11127 = EDGE_LOOP('',(#11128,#11129,#11130,#11137));
#11128 = ORIENTED_EDGE('',*,*,#11113,.T.);
#11129 = ORIENTED_EDGE('',*,*,#10168,.F.);
#11130 = ORIENTED_EDGE('',*,*,#11131,.F.);
#11131 = EDGE_CURVE('',#10694,#10160,#11132,.T.);
#11132 = B_SPLINE_CURVE_WITH_KNOTS('',3,(#11133,#11134,#11135,#11136),
  .UNSPECIFIED.,.F.,.F.,(4,4),(0.,2.738832190787E-04),
  .PIECEWISE_BEZIER_KNOTS.);
#11133 = CARTESIAN_POINT('',(-5.431333048859,0.625470053838,
    4.415950782376));
#11134 = CARTESIAN_POINT('',(-5.348723971494,0.586857200365,
    4.411539828266));
#11135 = CARTESIAN_POINT('',(-5.266080676457,0.548364219407,
    4.406694967244));
#11136 = CARTESIAN_POINT('',(-5.183408009796,0.51,4.401395392826));
#11137 = ORIENTED_EDGE('',*,*,#10693,.F.);
#11138 = PLANE('',#11139);
#11139 = AXIS2_PLACEMENT_3D('',#11140,#11141,#11142);
#11140 = CARTESIAN_POINT('',(-3.736418511566,0.625470053838,
    1.806011269739));
#11141 = DIRECTION('',(0.419335283973,0.866025403784,0.272319517508));
#11142 = DIRECTION('',(-0.544639035015,2.775557561563E-17,0.838670567945
    ));
#11143 = ADVANCED_FACE('',(#11144),#11156,.F.);
#11144 = FACE_BOUND('',#11145,.T.);
#11145 = EDGE_LOOP('',(#11146,#11147,#11148,#11155));
#11146 = ORIENTED_EDGE('',*,*,#11105,.T.);
#11147 = ORIENTED_EDGE('',*,*,#10653,.F.);
#11148 = ORIENTED_EDGE('',*,*,#11149,.F.);
#11149 = EDGE_CURVE('',#10186,#10621,#11150,.T.);
#11150 = B_SPLINE_CURVE_WITH_KNOTS('',3,(#11151,#11152,#11153,#11154),
  .UNSPECIFIED.,.F.,.F.,(4,4),(0.,2.738832190787E-04),
  .PIECEWISE_BEZIER_KNOTS.);
#11151 = CARTESIAN_POINT('',(1.912592794808,0.51,-6.525487629384));
#11152 = CARTESIAN_POINT('',(1.883808194034,0.548364219407,
    -6.603168399593));
#11153 = CARTESIAN_POINT('',(1.854620138417,0.586857200365,
    -6.680637388887));
#11154 = CARTESIAN_POINT('',(1.825049606694,0.625470053838,
    -6.757898632941));
#11155 = ORIENTED_EDGE('',*,*,#10185,.F.);
#11156 = PLANE('',#11157);
#11157 = AXIS2_PLACEMENT_3D('',#11158,#11159,#11160);
#11158 = CARTESIAN_POINT('',(1.825049606694,0.625470053838,
    -6.757898632941));
#11159 = DIRECTION('',(0.419335283973,0.866025403784,0.272319517508));
#11160 = DIRECTION('',(-0.544639035015,0.,0.838670567945));
#11161 = ADVANCED_FACE('',(#11162),#11174,.T.);
#11162 = FACE_BOUND('',#11163,.T.);
#11163 = EDGE_LOOP('',(#11164,#11165,#11166,#11173));
#11164 = ORIENTED_EDGE('',*,*,#11131,.T.);
#11165 = ORIENTED_EDGE('',*,*,#10159,.F.);
#11166 = ORIENTED_EDGE('',*,*,#11167,.F.);
#11167 = EDGE_CURVE('',#10725,#10152,#11168,.T.);
#11168 = B_SPLINE_CURVE_WITH_KNOTS('',3,(#11169,#11170,#11171,#11172),
  .UNSPECIFIED.,.F.,.F.,(4,4),(0.,2.738832190787E-04),
  .PIECEWISE_BEZIER_KNOTS.);
#11169 = CARTESIAN_POINT('',(-1.825049606694,0.625470053838,
    6.757898632941));
#11170 = CARTESIAN_POINT('',(-1.854620138417,0.586857200365,
    6.680637388887));
#11171 = CARTESIAN_POINT('',(-1.883808194034,0.548364219407,
    6.603168399592));
#11172 = CARTESIAN_POINT('',(-1.912592794808,0.51,6.525487629384));
#11173 = ORIENTED_EDGE('',*,*,#10724,.F.);
#11174 = CONICAL_SURFACE('',#11175,7.,1.047197551197);
#11175 = AXIS2_PLACEMENT_3D('',#11176,#11177,#11178);
#11176 = CARTESIAN_POINT('',(-4.336808689942E-15,0.625470053838,
    -1.387778780781E-14));
#11177 = DIRECTION('',(-0.,1.,-0.));
#11178 = DIRECTION('',(0.,0.,1.));
#11179 = ADVANCED_FACE('',(#11180),#11192,.T.);
#11180 = FACE_BOUND('',#11181,.T.);
#11181 = EDGE_LOOP('',(#11182,#11183,#11184,#11191));
#11182 = ORIENTED_EDGE('',*,*,#11149,.T.);
#11183 = ORIENTED_EDGE('',*,*,#10620,.F.);
#11184 = ORIENTED_EDGE('',*,*,#11185,.F.);
#11185 = EDGE_CURVE('',#10133,#10613,#11186,.T.);
#11186 = B_SPLINE_CURVE_WITH_KNOTS('',3,(#11187,#11188,#11189,#11190),
  .UNSPECIFIED.,.F.,.F.,(4,4),(0.,2.738832190787E-04),
  .PIECEWISE_BEZIER_KNOTS.);
#11187 = CARTESIAN_POINT('',(5.183408009796,0.51,-4.401395392826));
#11188 = CARTESIAN_POINT('',(5.266080676457,0.548364219407,
    -4.406694967244));
#11189 = CARTESIAN_POINT('',(5.348723971494,0.586857200365,
    -4.411539828266));
#11190 = CARTESIAN_POINT('',(5.431333048859,0.625470053838,
    -4.415950782377));
#11191 = ORIENTED_EDGE('',*,*,#10193,.F.);
#11192 = CONICAL_SURFACE('',#11193,7.,1.047197551197);
#11193 = AXIS2_PLACEMENT_3D('',#11194,#11195,#11196);
#11194 = CARTESIAN_POINT('',(-4.336808689942E-15,0.625470053838,
    -1.387778780781E-14));
#11195 = DIRECTION('',(-0.,1.,-0.));
#11196 = DIRECTION('',(0.,0.,1.));
#11197 = ADVANCED_FACE('',(#11198),#11210,.F.);
#11198 = FACE_BOUND('',#11199,.T.);
#11199 = EDGE_LOOP('',(#11200,#11201,#11202,#11209));
#11200 = ORIENTED_EDGE('',*,*,#11167,.T.);
#11201 = ORIENTED_EDGE('',*,*,#10151,.F.);
#11202 = ORIENTED_EDGE('',*,*,#11203,.F.);
#11203 = EDGE_CURVE('',#10758,#10143,#11204,.T.);
#11204 = B_SPLINE_CURVE_WITH_KNOTS('',3,(#11205,#11206,#11207,#11208),
  .UNSPECIFIED.,.F.,.F.,(4,4),(0.,2.577821053748E-04),
  .PIECEWISE_BEZIER_KNOTS.);
#11205 = CARTESIAN_POINT('',(-0.130135069401,0.625470053838,
    4.147959120304));
#11206 = CARTESIAN_POINT('',(-0.165701023135,0.586857858966,
    4.079932111018));
#11207 = CARTESIAN_POINT('',(-0.200832437551,0.548362920511,
    4.011608866512));
#11208 = CARTESIAN_POINT('',(-0.235488917131,0.51,3.942974127471));
#11209 = ORIENTED_EDGE('',*,*,#10757,.F.);
#11210 = PLANE('',#11211);
#11211 = AXIS2_PLACEMENT_3D('',#11212,#11213,#11214);
#11212 = CARTESIAN_POINT('',(-0.130135069401,0.625470053838,
    4.147959120304));
#11213 = DIRECTION('',(-0.419335283973,0.866025403784,-0.272319517508));
#11214 = DIRECTION('',(0.544639035015,0.,-0.838670567945));
#11215 = ADVANCED_FACE('',(#11216),#11228,.F.);
#11216 = FACE_BOUND('',#11217,.T.);
#11217 = EDGE_LOOP('',(#11218,#11219,#11220,#11227));
#11218 = ORIENTED_EDGE('',*,*,#11185,.T.);
#11219 = ORIENTED_EDGE('',*,*,#10877,.F.);
#11220 = ORIENTED_EDGE('',*,*,#11221,.F.);
#11221 = EDGE_CURVE('',#10135,#10789,#11222,.T.);
#11222 = B_SPLINE_CURVE_WITH_KNOTS('',3,(#11223,#11224,#11225,#11226),
  .UNSPECIFIED.,.F.,.F.,(4,4),(0.,2.577821053748E-04),
  .PIECEWISE_BEZIER_KNOTS.);
#11223 = CARTESIAN_POINT('',(3.506304132118,0.51,-1.818881890913));
#11224 = CARTESIAN_POINT('',(3.58310114637,0.548362920511,-1.81513788477
    ));
#11225 = CARTESIAN_POINT('',(3.659806769607,0.586857858966,
    -1.810833307824));
#11226 = CARTESIAN_POINT('',(3.736418511566,0.625470053838,
    -1.806011269739));
#11227 = ORIENTED_EDGE('',*,*,#10132,.F.);
#11228 = PLANE('',#11229);
#11229 = AXIS2_PLACEMENT_3D('',#11230,#11231,#11232);
#11230 = CARTESIAN_POINT('',(5.431333048859,0.625470053838,
    -4.415950782377));
#11231 = DIRECTION('',(-0.419335283973,0.866025403784,-0.272319517508));
#11232 = DIRECTION('',(0.544639035015,-2.775557561563E-17,
    -0.838670567945));
#11233 = ADVANCED_FACE('',(#11234),#11240,.T.);
#11234 = FACE_BOUND('',#11235,.T.);
#11235 = EDGE_LOOP('',(#11236,#11237,#11238,#11239));
#11236 = ORIENTED_EDGE('',*,*,#11203,.T.);
#11237 = ORIENTED_EDGE('',*,*,#10142,.F.);
#11238 = ORIENTED_EDGE('',*,*,#11221,.T.);
#11239 = ORIENTED_EDGE('',*,*,#10788,.F.);
#11240 = CONICAL_SURFACE('',#11241,4.15,1.047197551197);
#11241 = AXIS2_PLACEMENT_3D('',#11242,#11243,#11244);
#11242 = CARTESIAN_POINT('',(-4.336808689942E-15,0.625470053838,
    -1.387778780781E-14));
#11243 = DIRECTION('',(-0.,1.,-0.));
#11244 = DIRECTION('',(0.,0.,1.));
#11245 = ADVANCED_FACE('',(#11246),#11258,.T.);
#11246 = FACE_BOUND('',#11247,.T.);
#11247 = EDGE_LOOP('',(#11248,#11249,#11250,#11257));
#11248 = ORIENTED_EDGE('',*,*,#10813,.F.);
#11249 = ORIENTED_EDGE('',*,*,#10554,.F.);
#11250 = ORIENTED_EDGE('',*,*,#11251,.F.);
#11251 = EDGE_CURVE('',#10630,#10546,#11252,.T.);
#11252 = B_SPLINE_CURVE_WITH_KNOTS('',3,(#11253,#11254,#11255,#11256),
  .UNSPECIFIED.,.F.,.F.,(4,4),(0.,2.459498914323E-04),
  .PIECEWISE_BEZIER_KNOTS.);
#11253 = CARTESIAN_POINT('',(1.825049606694,5.71,-6.757898632941));
#11254 = CARTESIAN_POINT('',(1.842080611425,5.776716658632,
    -6.713400393094));
#11255 = CARTESIAN_POINT('',(1.859002640175,5.843384177532,
    -6.668786436035));
#11256 = CARTESIAN_POINT('',(1.875811725428,5.91,-6.624053362583));
#11257 = ORIENTED_EDGE('',*,*,#10669,.F.);
#11258 = PLANE('',#11259);
#11259 = AXIS2_PLACEMENT_3D('',#11260,#11261,#11262);
#11260 = CARTESIAN_POINT('',(-1.70630038545,5.91,-1.108084426587));
#11261 = DIRECTION('',(-0.726310017247,0.5,-0.471671240216));
#11262 = DIRECTION('',(0.544639035015,0.,-0.838670567945));
#11263 = ADVANCED_FACE('',(#11264),#11276,.T.);
#11264 = FACE_BOUND('',#11265,.T.);
#11265 = EDGE_LOOP('',(#11266,#11267,#11268,#11275));
#11266 = ORIENTED_EDGE('',*,*,#11251,.T.);
#11267 = ORIENTED_EDGE('',*,*,#10545,.F.);
#11268 = ORIENTED_EDGE('',*,*,#11269,.F.);
#11269 = EDGE_CURVE('',#10611,#10538,#11270,.T.);
#11270 = B_SPLINE_CURVE_WITH_KNOTS('',3,(#11271,#11272,#11273,#11274),
  .UNSPECIFIED.,.F.,.F.,(4,4),(0.,2.459498914323E-04),
  .PIECEWISE_BEZIER_KNOTS.);
#11271 = CARTESIAN_POINT('',(5.431333048859,5.71,-4.415950782377));
#11272 = CARTESIAN_POINT('',(5.383754750281,5.776716658632,
    -4.41341031469));
#11273 = CARTESIAN_POINT('',(5.336115063295,5.843384177532,
    -4.41072322606));
#11274 = CARTESIAN_POINT('',(5.288412496327,5.91,-4.407884509409));
#11275 = ORIENTED_EDGE('',*,*,#10637,.F.);
#11276 = CONICAL_SURFACE('',#11277,6.884529946162,0.523598775598);
#11277 = AXIS2_PLACEMENT_3D('',#11278,#11279,#11280);
#11278 = CARTESIAN_POINT('',(-4.336808689942E-15,5.91,
    -1.387778780781E-14));
#11279 = DIRECTION('',(0.,-1.,0.));
#11280 = DIRECTION('',(0.,0.,-1.));
#11281 = ADVANCED_FACE('',(#11282),#11288,.T.);
#11282 = FACE_BOUND('',#11283,.T.);
#11283 = EDGE_LOOP('',(#11284,#11285,#11286,#11287));
#11284 = ORIENTED_EDGE('',*,*,#10805,.F.);
#11285 = ORIENTED_EDGE('',*,*,#10884,.F.);
#11286 = ORIENTED_EDGE('',*,*,#11269,.T.);
#11287 = ORIENTED_EDGE('',*,*,#10537,.F.);
#11288 = PLANE('',#11289);
#11289 = AXIS2_PLACEMENT_3D('',#11290,#11291,#11292);
#11290 = CARTESIAN_POINT('',(1.70630038545,5.91,1.108084426587));
#11291 = DIRECTION('',(0.726310017247,0.5,0.471671240216));
#11292 = DIRECTION('',(-0.544639035015,5.551115123126E-17,0.838670567945
    ));
#11293 = ADVANCED_FACE('',(#11294),#11306,.T.);
#11294 = FACE_BOUND('',#11295,.T.);
#11295 = EDGE_LOOP('',(#11296,#11297,#11298,#11305));
#11296 = ORIENTED_EDGE('',*,*,#10853,.F.);
#11297 = ORIENTED_EDGE('',*,*,#10709,.F.);
#11298 = ORIENTED_EDGE('',*,*,#11299,.F.);
#11299 = EDGE_CURVE('',#10569,#10702,#11300,.T.);
#11300 = B_SPLINE_CURVE_WITH_KNOTS('',3,(#11301,#11302,#11303,#11304),
  .UNSPECIFIED.,.F.,.F.,(4,4),(0.,2.459498914323E-04),
  .PIECEWISE_BEZIER_KNOTS.);
#11301 = CARTESIAN_POINT('',(-5.288412496327,5.91,4.407884509409));
#11302 = CARTESIAN_POINT('',(-5.336115063295,5.843384177532,
    4.41072322606));
#11303 = CARTESIAN_POINT('',(-5.383754750281,5.776716658632,
    4.413410314689));
#11304 = CARTESIAN_POINT('',(-5.431333048859,5.71,4.415950782376));
#11305 = ORIENTED_EDGE('',*,*,#10596,.F.);
#11306 = PLANE('',#11307);
#11307 = AXIS2_PLACEMENT_3D('',#11308,#11309,#11310);
#11308 = CARTESIAN_POINT('',(-1.70630038545,5.91,-1.108084426587));
#11309 = DIRECTION('',(-0.726310017247,0.5,-0.471671240216));
#11310 = DIRECTION('',(0.544639035015,0.,-0.838670567945));
#11311 = ADVANCED_FACE('',(#11312),#11324,.T.);
#11312 = FACE_BOUND('',#11313,.T.);
#11313 = EDGE_LOOP('',(#11314,#11315,#11316,#11323));
#11314 = ORIENTED_EDGE('',*,*,#11299,.T.);
#11315 = ORIENTED_EDGE('',*,*,#10741,.F.);
#11316 = ORIENTED_EDGE('',*,*,#11317,.F.);
#11317 = EDGE_CURVE('',#10571,#10734,#11318,.T.);
#11318 = B_SPLINE_CURVE_WITH_KNOTS('',3,(#11319,#11320,#11321,#11322),
  .UNSPECIFIED.,.F.,.F.,(4,4),(0.,2.459498914323E-04),
  .PIECEWISE_BEZIER_KNOTS.);
#11319 = CARTESIAN_POINT('',(-1.875811725428,5.91,6.624053362583));
#11320 = CARTESIAN_POINT('',(-1.859002640175,5.843384177532,
    6.668786436035));
#11321 = CARTESIAN_POINT('',(-1.842080611425,5.776716658632,
    6.713400393094));
#11322 = CARTESIAN_POINT('',(-1.825049606694,5.71,6.757898632941));
#11323 = ORIENTED_EDGE('',*,*,#10568,.F.);
#11324 = CONICAL_SURFACE('',#11325,6.884529946162,0.523598775598);
#11325 = AXIS2_PLACEMENT_3D('',#11326,#11327,#11328);
#11326 = CARTESIAN_POINT('',(-4.336808689942E-15,5.91,
    -1.387778780781E-14));
#11327 = DIRECTION('',(0.,-1.,0.));
#11328 = DIRECTION('',(0.,0.,-1.));
#11329 = ADVANCED_FACE('',(#11330),#11336,.T.);
#11330 = FACE_BOUND('',#11331,.T.);
#11331 = EDGE_LOOP('',(#11332,#11333,#11334,#11335));
#11332 = ORIENTED_EDGE('',*,*,#11317,.T.);
#11333 = ORIENTED_EDGE('',*,*,#10773,.F.);
#11334 = ORIENTED_EDGE('',*,*,#10861,.F.);
#11335 = ORIENTED_EDGE('',*,*,#10579,.F.);
#11336 = PLANE('',#11337);
#11337 = AXIS2_PLACEMENT_3D('',#11338,#11339,#11340);
#11338 = CARTESIAN_POINT('',(1.70630038545,5.91,1.108084426587));
#11339 = DIRECTION('',(0.726310017247,0.5,0.471671240216));
#11340 = DIRECTION('',(-0.544639035015,2.775557561563E-17,0.838670567945
    ));
#11341 = ADVANCED_FACE('',(#11342),#11459,.T.);
#11342 = FACE_BOUND('',#11343,.T.);
#11343 = EDGE_LOOP('',(#11344,#11345,#11346,#11347,#11348,#11349));
#11344 = ORIENTED_EDGE('',*,*,#10202,.T.);
#11345 = ORIENTED_EDGE('',*,*,#10332,.F.);
#11346 = ORIENTED_EDGE('',*,*,#10992,.T.);
#11347 = ORIENTED_EDGE('',*,*,#10480,.F.);
#11348 = ORIENTED_EDGE('',*,*,#10402,.F.);
#11349 = ORIENTED_EDGE('',*,*,#11350,.F.);
#11350 = EDGE_CURVE('',#10203,#10403,#11351,.T.);
#11351 = ( BOUNDED_CURVE() B_SPLINE_CURVE(2,(#11352,#11353,#11354,#11355
    ,#11356,#11357,#11358,#11359,#11360,#11361,#11362,#11363,#11364,
    #11365,#11366,#11367,#11368,#11369,#11370,#11371,#11372,#11373,
    #11374,#11375,#11376,#11377,#11378,#11379,#11380,#11381,#11382,
    #11383,#11384,#11385,#11386,#11387,#11388,#11389,#11390,#11391,
    #11392,#11393,#11394,#11395,#11396,#11397,#11398,#11399,#11400,
    #11401,#11402,#11403,#11404,#11405,#11406,#11407,#11408,#11409,
    #11410,#11411,#11412,#11413,#11414,#11415,#11416,#11417,#11418,
    #11419,#11420,#11421,#11422,#11423,#11424,#11425,#11426,#11427,
    #11428,#11429,#11430,#11431,#11432,#11433,#11434,#11435,#11436,
    #11437,#11438,#11439,#11440,#11441,#11442,#11443,#11444,#11445,
    #11446,#11447,#11448,#11449,#11450,#11451,#11452,#11453,#11454,
    #11455,#11456,#11457,#11458),.UNSPECIFIED.,.F.,.F.) 
B_SPLINE_CURVE_WITH_KNOTS((3,2,2,2,2,2,2,2,2,2,2,2,2,2,2,2,2,2,2,2,2,2,2
    ,2,2,2,2,2,2,2,2,2,2,2,2,2,2,2,2,2,2,2,2,2,2,2,2,2,2,2,2,2,2,3),(
    6.249999985405E-02,6.944444444444E-02,8.333333333333E-02,
    9.722222222222E-02,0.111111111111,0.125,0.138888888889,
    0.152777777778,0.166666666667,0.180555555556,0.194444444444,
    0.208333333333,0.222222222222,0.236111111111,0.25,0.263888888889,
    0.277777777778,0.291666666667,0.305555555556,0.319444444444,
    0.333333333333,0.347222222222,0.361111111111,0.375,0.388888888889,
    0.402777777778,0.416666666667,0.430555555556,0.444444444444,
    0.458333333333,0.472222222222,0.486111111111,0.5,0.513888888889,
    0.527777777778,0.541666666667,0.555555555556,0.569444444444,
    0.583333333333,0.597222222222,0.611111111111,0.625,0.638888888889,
    0.652777777778,0.666666666667,0.680555555556,0.694444444444,
    0.708333333333,0.722222222222,0.736111111111,0.75,0.763888888889,
0.777777777778,0.782521064061),.UNSPECIFIED.) CURVE() 
GEOMETRIC_REPRESENTATION_ITEM() RATIONAL_B_SPLINE_CURVE((0.961939766256,
    0.961939765456,1.,0.923879532511,1.,0.923879532511,1.,0.923879532511
    ,1.,0.923879532511,1.,0.923879532511,1.,0.923879532511,1.,
    0.923879532511,1.,0.923879532511,1.,0.923879532511,1.,0.923879532511
    ,1.,0.923879532511,1.,0.923879532511,1.,0.923879532511,1.,
    0.923879532511,1.,0.923879532511,1.,0.923879532511,1.,0.923879532511
    ,1.,0.923879532511,1.,0.923879532511,1.,0.923879532511,1.,
    0.923879532511,1.,0.923879532511,1.,0.923879532511,1.,0.923879532511
    ,1.,0.923879532511,1.,0.923879532511,1.,0.923879532511,1.,
    0.923879532511,1.,0.923879532511,1.,0.923879532511,1.,0.923879532511
    ,1.,0.923879532511,1.,0.923879532511,1.,0.923879532511,1.,
    0.923879532511,1.,0.923879532511,1.,0.923879532511,1.,0.923879532511
    ,1.,0.923879532511,1.,0.923879532511,1.,0.923879532511,1.,
    0.923879532511,1.,0.923879532511,1.,0.923879532511,1.,0.923879532511
    ,1.,0.923879532511,1.,0.923879532511,1.,0.923879532511,1.,
    0.923879532511,1.,0.923879532511,1.,0.923879532511,1.,0.974003595809
,0.965763599406)) REPRESENTATION_ITEM('') );
#11352 = CARTESIAN_POINT('',(-2.809763304569,0.51,1.163842040287));
#11353 = CARTESIAN_POINT('',(-2.578260724021,0.542486442269,
    1.722738723186));
#11354 = CARTESIAN_POINT('',(-2.150499723604,0.572500001366,
    2.150499723604));
#11355 = CARTESIAN_POINT('',(-1.259733572207,0.635000001366,3.041265875)
  );
#11356 = CARTESIAN_POINT('',(-4.895480167818E-15,0.697500001366,
    3.041265875));
#11357 = CARTESIAN_POINT('',(1.259733572207,0.760000001366,3.041265875)
  );
#11358 = CARTESIAN_POINT('',(2.150499723604,0.822500001366,
    2.150499723604));
#11359 = CARTESIAN_POINT('',(3.041265875,0.885000001366,1.259733572207)
  );
#11360 = CARTESIAN_POINT('',(3.041265875,0.947500001366,
    -1.387778780781E-14));
#11361 = CARTESIAN_POINT('',(3.041265875,1.010000001366,-1.259733572207)
  );
#11362 = CARTESIAN_POINT('',(2.150499723604,1.072500001366,
    -2.150499723604));
#11363 = CARTESIAN_POINT('',(1.259733572207,1.135000001366,-3.041265875)
  );
#11364 = CARTESIAN_POINT('',(-4.150584863983E-15,1.197500001366,
    -3.041265875));
#11365 = CARTESIAN_POINT('',(-1.259733572207,1.260000001366,-3.041265875
    ));
#11366 = CARTESIAN_POINT('',(-2.150499723604,1.322500001366,
    -2.150499723604));
#11367 = CARTESIAN_POINT('',(-3.041265875,1.385000001366,-1.259733572207
    ));
#11368 = CARTESIAN_POINT('',(-3.041265875,1.447500001366,
    -1.425023545973E-14));
#11369 = CARTESIAN_POINT('',(-3.041265875,1.510000001366,1.259733572207)
  );
#11370 = CARTESIAN_POINT('',(-2.150499723604,1.572500001366,
    2.150499723604));
#11371 = CARTESIAN_POINT('',(-1.259733572207,1.635000001366,3.041265875)
  );
#11372 = CARTESIAN_POINT('',(-4.895480167818E-15,1.697500001366,
    3.041265875));
#11373 = CARTESIAN_POINT('',(1.259733572207,1.760000001366,3.041265875)
  );
#11374 = CARTESIAN_POINT('',(2.150499723604,1.822500001366,
    2.150499723604));
#11375 = CARTESIAN_POINT('',(3.041265875,1.885000001366,1.259733572207)
  );
#11376 = CARTESIAN_POINT('',(3.041265875,1.947500001366,
    -1.387778780781E-14));
#11377 = CARTESIAN_POINT('',(3.041265875,2.010000001366,-1.259733572207)
  );
#11378 = CARTESIAN_POINT('',(2.150499723604,2.072500001366,
    -2.150499723604));
#11379 = CARTESIAN_POINT('',(1.259733572207,2.135000001366,-3.041265875)
  );
#11380 = CARTESIAN_POINT('',(-4.150584863983E-15,2.197500001366,
    -3.041265875));
#11381 = CARTESIAN_POINT('',(-1.259733572207,2.260000001366,-3.041265875
    ));
#11382 = CARTESIAN_POINT('',(-2.150499723604,2.322500001366,
    -2.150499723604));
#11383 = CARTESIAN_POINT('',(-3.041265875,2.385000001366,-1.259733572207
    ));
#11384 = CARTESIAN_POINT('',(-3.041265875,2.447500001366,
    -1.425023545973E-14));
#11385 = CARTESIAN_POINT('',(-3.041265875,2.510000001366,1.259733572207)
  );
#11386 = CARTESIAN_POINT('',(-2.150499723604,2.572500001366,
    2.150499723604));
#11387 = CARTESIAN_POINT('',(-1.259733572207,2.635000001366,3.041265875)
  );
#11388 = CARTESIAN_POINT('',(-4.895480167818E-15,2.697500001366,
    3.041265875));
#11389 = CARTESIAN_POINT('',(1.259733572207,2.760000001366,3.041265875)
  );
#11390 = CARTESIAN_POINT('',(2.150499723604,2.822500001366,
    2.150499723604));
#11391 = CARTESIAN_POINT('',(3.041265875,2.885000001366,1.259733572207)
  );
#11392 = CARTESIAN_POINT('',(3.041265875,2.947500001366,
    -1.387778780781E-14));
#11393 = CARTESIAN_POINT('',(3.041265875,3.010000001366,-1.259733572207)
  );
#11394 = CARTESIAN_POINT('',(2.150499723604,3.072500001366,
    -2.150499723604));
#11395 = CARTESIAN_POINT('',(1.259733572207,3.135000001366,-3.041265875)
  );
#11396 = CARTESIAN_POINT('',(-4.150584863983E-15,3.197500001366,
    -3.041265875));
#11397 = CARTESIAN_POINT('',(-1.259733572207,3.260000001366,-3.041265875
    ));
#11398 = CARTESIAN_POINT('',(-2.150499723604,3.322500001366,
    -2.150499723604));
#11399 = CARTESIAN_POINT('',(-3.041265875,3.385000001366,-1.259733572207
    ));
#11400 = CARTESIAN_POINT('',(-3.041265875,3.447500001366,
    -1.425023545973E-14));
#11401 = CARTESIAN_POINT('',(-3.041265875,3.510000001366,1.259733572207)
  );
#11402 = CARTESIAN_POINT('',(-2.150499723604,3.572500001366,
    2.150499723604));
#11403 = CARTESIAN_POINT('',(-1.259733572207,3.635000001366,3.041265875)
  );
#11404 = CARTESIAN_POINT('',(-4.895480167818E-15,3.697500001366,
    3.041265875));
#11405 = CARTESIAN_POINT('',(1.259733572207,3.760000001366,3.041265875)
  );
#11406 = CARTESIAN_POINT('',(2.150499723604,3.822500001366,
    2.150499723604));
#11407 = CARTESIAN_POINT('',(3.041265875,3.885000001366,1.259733572207)
  );
#11408 = CARTESIAN_POINT('',(3.041265875,3.947500001366,
    -1.387778780781E-14));
#11409 = CARTESIAN_POINT('',(3.041265875,4.010000001366,-1.259733572207)
  );
#11410 = CARTESIAN_POINT('',(2.150499723604,4.072500001366,
    -2.150499723604));
#11411 = CARTESIAN_POINT('',(1.259733572207,4.135000001366,-3.041265875)
  );
#11412 = CARTESIAN_POINT('',(-4.150584863983E-15,4.197500001366,
    -3.041265875));
#11413 = CARTESIAN_POINT('',(-1.259733572207,4.260000001366,-3.041265875
    ));
#11414 = CARTESIAN_POINT('',(-2.150499723604,4.322500001366,
    -2.150499723604));
#11415 = CARTESIAN_POINT('',(-3.041265875,4.385000001366,-1.259733572207
    ));
#11416 = CARTESIAN_POINT('',(-3.041265875,4.447500001366,
    -1.425023545973E-14));
#11417 = CARTESIAN_POINT('',(-3.041265875,4.510000001366,1.259733572207)
  );
#11418 = CARTESIAN_POINT('',(-2.150499723604,4.572500001366,
    2.150499723604));
#11419 = CARTESIAN_POINT('',(-1.259733572207,4.635000001366,3.041265875)
  );
#11420 = CARTESIAN_POINT('',(-4.895480167818E-15,4.697500001366,
    3.041265875));
#11421 = CARTESIAN_POINT('',(1.259733572207,4.760000001366,3.041265875)
  );
#11422 = CARTESIAN_POINT('',(2.150499723604,4.822500001366,
    2.150499723604));
#11423 = CARTESIAN_POINT('',(3.041265875,4.885000001366,1.259733572207)
  );
#11424 = CARTESIAN_POINT('',(3.041265875,4.947500001366,
    -1.387778780781E-14));
#11425 = CARTESIAN_POINT('',(3.041265875,5.010000001366,-1.259733572207)
  );
#11426 = CARTESIAN_POINT('',(2.150499723604,5.072500001366,
    -2.150499723604));
#11427 = CARTESIAN_POINT('',(1.259733572207,5.135000001366,-3.041265875)
  );
#11428 = CARTESIAN_POINT('',(-4.150584863983E-15,5.197500001366,
    -3.041265875));
#11429 = CARTESIAN_POINT('',(-1.259733572207,5.260000001366,-3.041265875
    ));
#11430 = CARTESIAN_POINT('',(-2.150499723604,5.322500001366,
    -2.150499723604));
#11431 = CARTESIAN_POINT('',(-3.041265875,5.385000001366,-1.259733572207
    ));
#11432 = CARTESIAN_POINT('',(-3.041265875,5.447500001366,
    -1.425023545973E-14));
#11433 = CARTESIAN_POINT('',(-3.041265875,5.510000001366,1.259733572207)
  );
#11434 = CARTESIAN_POINT('',(-2.150499723604,5.572500001366,
    2.150499723604));
#11435 = CARTESIAN_POINT('',(-1.259733572207,5.635000001366,3.041265875)
  );
#11436 = CARTESIAN_POINT('',(-4.895480167818E-15,5.697500001366,
    3.041265875));
#11437 = CARTESIAN_POINT('',(1.259733572207,5.760000001366,3.041265875)
  );
#11438 = CARTESIAN_POINT('',(2.150499723604,5.822500001366,
    2.150499723604));
#11439 = CARTESIAN_POINT('',(3.041265875,5.885000001366,1.259733572207)
  );
#11440 = CARTESIAN_POINT('',(3.041265875,5.947500001366,
    -1.387778780781E-14));
#11441 = CARTESIAN_POINT('',(3.041265875,6.010000001366,-1.259733572207)
  );
#11442 = CARTESIAN_POINT('',(2.150499723604,6.072500001366,
    -2.150499723604));
#11443 = CARTESIAN_POINT('',(1.259733572207,6.135000001366,-3.041265875)
  );
#11444 = CARTESIAN_POINT('',(-4.150584863983E-15,6.197500001366,
    -3.041265875));
#11445 = CARTESIAN_POINT('',(-1.259733572207,6.260000001366,-3.041265875
    ));
#11446 = CARTESIAN_POINT('',(-2.150499723604,6.322500001366,
    -2.150499723604));
#11447 = CARTESIAN_POINT('',(-3.041265875,6.385000001366,-1.259733572207
    ));
#11448 = CARTESIAN_POINT('',(-3.041265875,6.447500001366,
    -1.425023545973E-14));
#11449 = CARTESIAN_POINT('',(-3.041265875,6.510000001366,1.259733572207)
  );
#11450 = CARTESIAN_POINT('',(-2.150499723604,6.572500001366,
    2.150499723604));
#11451 = CARTESIAN_POINT('',(-1.259733572207,6.635000001366,3.041265875)
  );
#11452 = CARTESIAN_POINT('',(-4.895480167818E-15,6.697500001366,
    3.041265875));
#11453 = CARTESIAN_POINT('',(1.259733572207,6.760000001366,3.041265875)
  );
#11454 = CARTESIAN_POINT('',(2.150499723604,6.822500001366,
    2.150499723604));
#11455 = CARTESIAN_POINT('',(3.041265875,6.885000001366,1.259733572207)
  );
#11456 = CARTESIAN_POINT('',(3.041265875,6.947500001366,
    -1.387778780781E-14));
#11457 = CARTESIAN_POINT('',(3.041265875,6.967746346551,-0.408080011917)
  );
#11458 = CARTESIAN_POINT('',(2.933689590308,6.989487296742,
    -0.801725333364));
#11459 = ( BOUNDED_SURFACE() B_SPLINE_SURFACE(1,2,(
    (#11460,#11461,#11462,#11463,#11464,#11465,#11466,#11467,#11468
      ,#11469,#11470,#11471,#11472,#11473,#11474,#11475,#11476,#11477
      ,#11478,#11479,#11480,#11481,#11482,#11483,#11484,#11485,#11486
      ,#11487,#11488,#11489,#11490,#11491,#11492,#11493,#11494,#11495
      ,#11496,#11497,#11498,#11499,#11500,#11501,#11502,#11503,#11504
      ,#11505,#11506,#11507,#11508,#11509,#11510,#11511,#11512,#11513
      ,#11514,#11515,#11516,#11517,#11518,#11519,#11520,#11521,#11522
      ,#11523,#11524,#11525,#11526,#11527,#11528,#11529,#11530,#11531
      ,#11532,#11533,#11534,#11535,#11536,#11537,#11538,#11539,#11540
      ,#11541,#11542,#11543,#11544,#11545,#11546,#11547,#11548,#11549
      ,#11550,#11551,#11552,#11553,#11554,#11555,#11556,#11557,#11558
      ,#11559,#11560,#11561,#11562,#11563,#11564,#11565,#11566,#11567
      ,#11568,#11569,#11570,#11571,#11572,#11573,#11574,#11575,#11576
      ,#11577,#11578,#11579,#11580,#11581,#11582,#11583,#11584,#11585
      ,#11586,#11587,#11588,#11589,#11590,#11591,#11592,#11593,#11594
      ,#11595,#11596,#11597,#11598,#11599,#11600,#11601,#11602,#11603
      ,#11604)
    ,(#11605,#11606,#11607,#11608,#11609,#11610,#11611,#11612,#11613
      ,#11614,#11615,#11616,#11617,#11618,#11619,#11620,#11621,#11622
      ,#11623,#11624,#11625,#11626,#11627,#11628,#11629,#11630,#11631
      ,#11632,#11633,#11634,#11635,#11636,#11637,#11638,#11639,#11640
      ,#11641,#11642,#11643,#11644,#11645,#11646,#11647,#11648,#11649
      ,#11650,#11651,#11652,#11653,#11654,#11655,#11656,#11657,#11658
      ,#11659,#11660,#11661,#11662,#11663,#11664,#11665,#11666,#11667
      ,#11668,#11669,#11670,#11671,#11672,#11673,#11674,#11675,#11676
      ,#11677,#11678,#11679,#11680,#11681,#11682,#11683,#11684,#11685
      ,#11686,#11687,#11688,#11689,#11690,#11691,#11692,#11693,#11694
      ,#11695,#11696,#11697,#11698,#11699,#11700,#11701,#11702,#11703
      ,#11704,#11705,#11706,#11707,#11708,#11709,#11710,#11711,#11712
      ,#11713,#11714,#11715,#11716,#11717,#11718,#11719,#11720,#11721
      ,#11722,#11723,#11724,#11725,#11726,#11727,#11728,#11729,#11730
      ,#11731,#11732,#11733,#11734,#11735,#11736,#11737,#11738,#11739
      ,#11740,#11741,#11742,#11743,#11744,#11745,#11746,#11747,#11748
,#11749
    )),.UNSPECIFIED.,.F.,.F.,.F.) B_SPLINE_SURFACE_WITH_KNOTS((2,2),(3,2
    ,2,2,2,2,2,2,2,2,2,2,2,2,2,2,2,2,2,2,2,2,2,2,2,2,2,2,2,2,2,2,2,2,2,2
    ,2,2,2,2,2,2,2,2,2,2,2,2,2,2,2,2,2,2,2,2,2,2,2,2,2,2,2,2,2,2,2,2,2,2
    ,2,2,3),(0.,1.),(0.,1.388888888889E-02,2.777777777778E-02,
    4.166666666667E-02,5.555555555556E-02,6.944444444444E-02,
    8.333333333333E-02,9.722222222222E-02,0.111111111111,0.125,
    0.138888888889,0.152777777778,0.166666666667,0.180555555556,
    0.194444444444,0.208333333333,0.222222222222,0.236111111111,0.25,
    0.263888888889,0.277777777778,0.291666666667,0.305555555556,
    0.319444444444,0.333333333333,0.347222222222,0.361111111111,0.375,
    0.388888888889,0.402777777778,0.416666666667,0.430555555556,
    0.444444444444,0.458333333333,0.472222222222,0.486111111111,0.5,
    0.513888888889,0.527777777778,0.541666666667,0.555555555556,
    0.569444444444,0.583333333333,0.597222222222,0.611111111111,0.625,
    0.638888888889,0.652777777778,0.666666666667,0.680555555556,
    0.694444444444,0.708333333333,0.722222222222,0.736111111111,0.75,
    0.763888888889,0.777777777778,0.791666666667,0.805555555556,
    0.819444444444,0.833333333333,0.847222222222,0.861111111111,0.875,
    0.888888888889,0.902777777778,0.916666666667,0.930555555556,
    0.944444444444,0.958333333333,0.972222222222,0.986111111111,1.),
.PIECEWISE_BEZIER_KNOTS.) GEOMETRIC_REPRESENTATION_ITEM() 
RATIONAL_B_SPLINE_SURFACE((
    (1.,0.923879532511,1.,0.923879532511,1.,0.923879532511,1.
      ,0.923879532511,1.,0.923879532511,1.,0.923879532511,1.
      ,0.923879532511,1.,0.923879532511,1.,0.923879532511,1.
      ,0.923879532511,1.,0.923879532511,1.,0.923879532511,1.
      ,0.923879532511,1.,0.923879532511,1.,0.923879532511,1.
      ,0.923879532511,1.,0.923879532511,1.,0.923879532511,1.
      ,0.923879532511,1.,0.923879532511,1.,0.923879532511,1.
      ,0.923879532511,1.,0.923879532511,1.,0.923879532511,1.
      ,0.923879532511,1.,0.923879532511,1.,0.923879532511,1.
      ,0.923879532511,1.,0.923879532511,1.,0.923879532511,1.
      ,0.923879532511,1.,0.923879532511,1.,0.923879532511,1.
      ,0.923879532511,1.,0.923879532511,1.,0.923879532511,1.
      ,0.923879532511,1.,0.923879532511,1.,0.923879532511,1.
      ,0.923879532511,1.,0.923879532511,1.,0.923879532511,1.
      ,0.923879532511,1.,0.923879532511,1.,0.923879532511,1.
      ,0.923879532511,1.,0.923879532511,1.,0.923879532511,1.
      ,0.923879532511,1.,0.923879532511,1.,0.923879532511,1.
      ,0.923879532511,1.,0.923879532511,1.,0.923879532511,1.
      ,0.923879532511,1.,0.923879532511,1.,0.923879532511,1.
      ,0.923879532511,1.,0.923879532511,1.,0.923879532511,1.
      ,0.923879532511,1.,0.923879532511,1.,0.923879532511,1.
      ,0.923879532511,1.,0.923879532511,1.,0.923879532511,1.
      ,0.923879532511,1.,0.923879532511,1.,0.923879532511,1.
      ,0.923879532511,1.,0.923879532511,1.,0.923879532511,1.)
    ,(1.,0.923879532511,1.,0.923879532511,1.,0.923879532511,1.
      ,0.923879532511,1.,0.923879532511,1.,0.923879532511,1.
      ,0.923879532511,1.,0.923879532511,1.,0.923879532511,1.
      ,0.923879532511,1.,0.923879532511,1.,0.923879532511,1.
      ,0.923879532511,1.,0.923879532511,1.,0.923879532511,1.
      ,0.923879532511,1.,0.923879532511,1.,0.923879532511,1.
      ,0.923879532511,1.,0.923879532511,1.,0.923879532511,1.
      ,0.923879532511,1.,0.923879532511,1.,0.923879532511,1.
      ,0.923879532511,1.,0.923879532511,1.,0.923879532511,1.
      ,0.923879532511,1.,0.923879532511,1.,0.923879532511,1.
      ,0.923879532511,1.,0.923879532511,1.,0.923879532511,1.
      ,0.923879532511,1.,0.923879532511,1.,0.923879532511,1.
      ,0.923879532511,1.,0.923879532511,1.,0.923879532511,1.
      ,0.923879532511,1.,0.923879532511,1.,0.923879532511,1.
      ,0.923879532511,1.,0.923879532511,1.,0.923879532511,1.
      ,0.923879532511,1.,0.923879532511,1.,0.923879532511,1.
      ,0.923879532511,1.,0.923879532511,1.,0.923879532511,1.
      ,0.923879532511,1.,0.923879532511,1.,0.923879532511,1.
      ,0.923879532511,1.,0.923879532511,1.,0.923879532511,1.
      ,0.923879532511,1.,0.923879532511,1.,0.923879532511,1.
      ,0.923879532511,1.,0.923879532511,1.,0.923879532511,1.
      ,0.923879532511,1.,0.923879532511,1.,0.923879532511,1.
      ,0.923879532511,1.,0.923879532511,1.,0.923879532511,1.
      ,0.923879532511,1.,0.923879532511,1.,0.923879532511,1.
))) REPRESENTATION_ITEM('') SURFACE() );
#11460 = CARTESIAN_POINT('',(3.041265875,-5.249999863441E-02,
    -1.387778780781E-14));
#11461 = CARTESIAN_POINT('',(3.041265875,1.000000136559E-02,
    -1.259733572207));
#11462 = CARTESIAN_POINT('',(2.150499723604,7.250000136559E-02,
    -2.150499723604));
#11463 = CARTESIAN_POINT('',(1.259733572207,0.135000001366,-3.041265875)
  );
#11464 = CARTESIAN_POINT('',(-4.150584863983E-15,0.197500001366,
    -3.041265875));
#11465 = CARTESIAN_POINT('',(-1.259733572207,0.260000001366,-3.041265875
    ));
#11466 = CARTESIAN_POINT('',(-2.150499723604,0.322500001366,
    -2.150499723604));
#11467 = CARTESIAN_POINT('',(-3.041265875,0.385000001366,-1.259733572207
    ));
#11468 = CARTESIAN_POINT('',(-3.041265875,0.447500001366,
    -1.425023545973E-14));
#11469 = CARTESIAN_POINT('',(-3.041265875,0.510000001366,1.259733572207)
  );
#11470 = CARTESIAN_POINT('',(-2.150499723604,0.572500001366,
    2.150499723604));
#11471 = CARTESIAN_POINT('',(-1.259733572207,0.635000001366,3.041265875)
  );
#11472 = CARTESIAN_POINT('',(-4.895480167818E-15,0.697500001366,
    3.041265875));
#11473 = CARTESIAN_POINT('',(1.259733572207,0.760000001366,3.041265875)
  );
#11474 = CARTESIAN_POINT('',(2.150499723604,0.822500001366,
    2.150499723604));
#11475 = CARTESIAN_POINT('',(3.041265875,0.885000001366,1.259733572207)
  );
#11476 = CARTESIAN_POINT('',(3.041265875,0.947500001366,
    -1.387778780781E-14));
#11477 = CARTESIAN_POINT('',(3.041265875,1.010000001366,-1.259733572207)
  );
#11478 = CARTESIAN_POINT('',(2.150499723604,1.072500001366,
    -2.150499723604));
#11479 = CARTESIAN_POINT('',(1.259733572207,1.135000001366,-3.041265875)
  );
#11480 = CARTESIAN_POINT('',(-4.150584863983E-15,1.197500001366,
    -3.041265875));
#11481 = CARTESIAN_POINT('',(-1.259733572207,1.260000001366,-3.041265875
    ));
#11482 = CARTESIAN_POINT('',(-2.150499723604,1.322500001366,
    -2.150499723604));
#11483 = CARTESIAN_POINT('',(-3.041265875,1.385000001366,-1.259733572207
    ));
#11484 = CARTESIAN_POINT('',(-3.041265875,1.447500001366,
    -1.425023545973E-14));
#11485 = CARTESIAN_POINT('',(-3.041265875,1.510000001366,1.259733572207)
  );
#11486 = CARTESIAN_POINT('',(-2.150499723604,1.572500001366,
    2.150499723604));
#11487 = CARTESIAN_POINT('',(-1.259733572207,1.635000001366,3.041265875)
  );
#11488 = CARTESIAN_POINT('',(-4.895480167818E-15,1.697500001366,
    3.041265875));
#11489 = CARTESIAN_POINT('',(1.259733572207,1.760000001366,3.041265875)
  );
#11490 = CARTESIAN_POINT('',(2.150499723604,1.822500001366,
    2.150499723604));
#11491 = CARTESIAN_POINT('',(3.041265875,1.885000001366,1.259733572207)
  );
#11492 = CARTESIAN_POINT('',(3.041265875,1.947500001366,
    -1.387778780781E-14));
#11493 = CARTESIAN_POINT('',(3.041265875,2.010000001366,-1.259733572207)
  );
#11494 = CARTESIAN_POINT('',(2.150499723604,2.072500001366,
    -2.150499723604));
#11495 = CARTESIAN_POINT('',(1.259733572207,2.135000001366,-3.041265875)
  );
#11496 = CARTESIAN_POINT('',(-4.150584863983E-15,2.197500001366,
    -3.041265875));
#11497 = CARTESIAN_POINT('',(-1.259733572207,2.260000001366,-3.041265875
    ));
#11498 = CARTESIAN_POINT('',(-2.150499723604,2.322500001366,
    -2.150499723604));
#11499 = CARTESIAN_POINT('',(-3.041265875,2.385000001366,-1.259733572207
    ));
#11500 = CARTESIAN_POINT('',(-3.041265875,2.447500001366,
    -1.425023545973E-14));
#11501 = CARTESIAN_POINT('',(-3.041265875,2.510000001366,1.259733572207)
  );
#11502 = CARTESIAN_POINT('',(-2.150499723604,2.572500001366,
    2.150499723604));
#11503 = CARTESIAN_POINT('',(-1.259733572207,2.635000001366,3.041265875)
  );
#11504 = CARTESIAN_POINT('',(-4.895480167818E-15,2.697500001366,
    3.041265875));
#11505 = CARTESIAN_POINT('',(1.259733572207,2.760000001366,3.041265875)
  );
#11506 = CARTESIAN_POINT('',(2.150499723604,2.822500001366,
    2.150499723604));
#11507 = CARTESIAN_POINT('',(3.041265875,2.885000001366,1.259733572207)
  );
#11508 = CARTESIAN_POINT('',(3.041265875,2.947500001366,
    -1.387778780781E-14));
#11509 = CARTESIAN_POINT('',(3.041265875,3.010000001366,-1.259733572207)
  );
#11510 = CARTESIAN_POINT('',(2.150499723604,3.072500001366,
    -2.150499723604));
#11511 = CARTESIAN_POINT('',(1.259733572207,3.135000001366,-3.041265875)
  );
#11512 = CARTESIAN_POINT('',(-4.150584863983E-15,3.197500001366,
    -3.041265875));
#11513 = CARTESIAN_POINT('',(-1.259733572207,3.260000001366,-3.041265875
    ));
#11514 = CARTESIAN_POINT('',(-2.150499723604,3.322500001366,
    -2.150499723604));
#11515 = CARTESIAN_POINT('',(-3.041265875,3.385000001366,-1.259733572207
    ));
#11516 = CARTESIAN_POINT('',(-3.041265875,3.447500001366,
    -1.425023545973E-14));
#11517 = CARTESIAN_POINT('',(-3.041265875,3.510000001366,1.259733572207)
  );
#11518 = CARTESIAN_POINT('',(-2.150499723604,3.572500001366,
    2.150499723604));
#11519 = CARTESIAN_POINT('',(-1.259733572207,3.635000001366,3.041265875)
  );
#11520 = CARTESIAN_POINT('',(-4.895480167818E-15,3.697500001366,
    3.041265875));
#11521 = CARTESIAN_POINT('',(1.259733572207,3.760000001366,3.041265875)
  );
#11522 = CARTESIAN_POINT('',(2.150499723604,3.822500001366,
    2.150499723604));
#11523 = CARTESIAN_POINT('',(3.041265875,3.885000001366,1.259733572207)
  );
#11524 = CARTESIAN_POINT('',(3.041265875,3.947500001366,
    -1.387778780781E-14));
#11525 = CARTESIAN_POINT('',(3.041265875,4.010000001366,-1.259733572207)
  );
#11526 = CARTESIAN_POINT('',(2.150499723604,4.072500001366,
    -2.150499723604));
#11527 = CARTESIAN_POINT('',(1.259733572207,4.135000001366,-3.041265875)
  );
#11528 = CARTESIAN_POINT('',(-4.150584863983E-15,4.197500001366,
    -3.041265875));
#11529 = CARTESIAN_POINT('',(-1.259733572207,4.260000001366,-3.041265875
    ));
#11530 = CARTESIAN_POINT('',(-2.150499723604,4.322500001366,
    -2.150499723604));
#11531 = CARTESIAN_POINT('',(-3.041265875,4.385000001366,-1.259733572207
    ));
#11532 = CARTESIAN_POINT('',(-3.041265875,4.447500001366,
    -1.425023545973E-14));
#11533 = CARTESIAN_POINT('',(-3.041265875,4.510000001366,1.259733572207)
  );
#11534 = CARTESIAN_POINT('',(-2.150499723604,4.572500001366,
    2.150499723604));
#11535 = CARTESIAN_POINT('',(-1.259733572207,4.635000001366,3.041265875)
  );
#11536 = CARTESIAN_POINT('',(-4.895480167818E-15,4.697500001366,
    3.041265875));
#11537 = CARTESIAN_POINT('',(1.259733572207,4.760000001366,3.041265875)
  );
#11538 = CARTESIAN_POINT('',(2.150499723604,4.822500001366,
    2.150499723604));
#11539 = CARTESIAN_POINT('',(3.041265875,4.885000001366,1.259733572207)
  );
#11540 = CARTESIAN_POINT('',(3.041265875,4.947500001366,
    -1.387778780781E-14));
#11541 = CARTESIAN_POINT('',(3.041265875,5.010000001366,-1.259733572207)
  );
#11542 = CARTESIAN_POINT('',(2.150499723604,5.072500001366,
    -2.150499723604));
#11543 = CARTESIAN_POINT('',(1.259733572207,5.135000001366,-3.041265875)
  );
#11544 = CARTESIAN_POINT('',(-4.150584863983E-15,5.197500001366,
    -3.041265875));
#11545 = CARTESIAN_POINT('',(-1.259733572207,5.260000001366,-3.041265875
    ));
#11546 = CARTESIAN_POINT('',(-2.150499723604,5.322500001366,
    -2.150499723604));
#11547 = CARTESIAN_POINT('',(-3.041265875,5.385000001366,-1.259733572207
    ));
#11548 = CARTESIAN_POINT('',(-3.041265875,5.447500001366,
    -1.425023545973E-14));
#11549 = CARTESIAN_POINT('',(-3.041265875,5.510000001366,1.259733572207)
  );
#11550 = CARTESIAN_POINT('',(-2.150499723604,5.572500001366,
    2.150499723604));
#11551 = CARTESIAN_POINT('',(-1.259733572207,5.635000001366,3.041265875)
  );
#11552 = CARTESIAN_POINT('',(-4.895480167818E-15,5.697500001366,
    3.041265875));
#11553 = CARTESIAN_POINT('',(1.259733572207,5.760000001366,3.041265875)
  );
#11554 = CARTESIAN_POINT('',(2.150499723604,5.822500001366,
    2.150499723604));
#11555 = CARTESIAN_POINT('',(3.041265875,5.885000001366,1.259733572207)
  );
#11556 = CARTESIAN_POINT('',(3.041265875,5.947500001366,
    -1.387778780781E-14));
#11557 = CARTESIAN_POINT('',(3.041265875,6.010000001366,-1.259733572207)
  );
#11558 = CARTESIAN_POINT('',(2.150499723604,6.072500001366,
    -2.150499723604));
#11559 = CARTESIAN_POINT('',(1.259733572207,6.135000001366,-3.041265875)
  );
#11560 = CARTESIAN_POINT('',(-4.150584863983E-15,6.197500001366,
    -3.041265875));
#11561 = CARTESIAN_POINT('',(-1.259733572207,6.260000001366,-3.041265875
    ));
#11562 = CARTESIAN_POINT('',(-2.150499723604,6.322500001366,
    -2.150499723604));
#11563 = CARTESIAN_POINT('',(-3.041265875,6.385000001366,-1.259733572207
    ));
#11564 = CARTESIAN_POINT('',(-3.041265875,6.447500001366,
    -1.425023545973E-14));
#11565 = CARTESIAN_POINT('',(-3.041265875,6.510000001366,1.259733572207)
  );
#11566 = CARTESIAN_POINT('',(-2.150499723604,6.572500001366,
    2.150499723604));
#11567 = CARTESIAN_POINT('',(-1.259733572207,6.635000001366,3.041265875)
  );
#11568 = CARTESIAN_POINT('',(-4.895480167818E-15,6.697500001366,
    3.041265875));
#11569 = CARTESIAN_POINT('',(1.259733572207,6.760000001366,3.041265875)
  );
#11570 = CARTESIAN_POINT('',(2.150499723604,6.822500001366,
    2.150499723604));
#11571 = CARTESIAN_POINT('',(3.041265875,6.885000001366,1.259733572207)
  );
#11572 = CARTESIAN_POINT('',(3.041265875,6.947500001366,
    -1.387778780781E-14));
#11573 = CARTESIAN_POINT('',(3.041265875,7.010000001366,-1.259733572207)
  );
#11574 = CARTESIAN_POINT('',(2.150499723604,7.072500001366,
    -2.150499723604));
#11575 = CARTESIAN_POINT('',(1.259733572207,7.135000001366,-3.041265875)
  );
#11576 = CARTESIAN_POINT('',(-4.150584863983E-15,7.197500001366,
    -3.041265875));
#11577 = CARTESIAN_POINT('',(-1.259733572207,7.260000001366,-3.041265875
    ));
#11578 = CARTESIAN_POINT('',(-2.150499723604,7.322500001366,
    -2.150499723604));
#11579 = CARTESIAN_POINT('',(-3.041265875,7.385000001366,-1.259733572207
    ));
#11580 = CARTESIAN_POINT('',(-3.041265875,7.447500001366,
    -1.425023545973E-14));
#11581 = CARTESIAN_POINT('',(-3.041265875,7.510000001366,1.259733572207)
  );
#11582 = CARTESIAN_POINT('',(-2.150499723604,7.572500001366,
    2.150499723604));
#11583 = CARTESIAN_POINT('',(-1.259733572207,7.635000001366,3.041265875)
  );
#11584 = CARTESIAN_POINT('',(-4.895480167818E-15,7.697500001366,
    3.041265875));
#11585 = CARTESIAN_POINT('',(1.259733572207,7.760000001366,3.041265875)
  );
#11586 = CARTESIAN_POINT('',(2.150499723604,7.822500001366,
    2.150499723604));
#11587 = CARTESIAN_POINT('',(3.041265875,7.885000001366,1.259733572207)
  );
#11588 = CARTESIAN_POINT('',(3.041265875,7.947500001366,
    -1.387778780781E-14));
#11589 = CARTESIAN_POINT('',(3.041265875,8.010000001366,-1.259733572207)
  );
#11590 = CARTESIAN_POINT('',(2.150499723604,8.072500001366,
    -2.150499723604));
#11591 = CARTESIAN_POINT('',(1.259733572207,8.135000001366,-3.041265875)
  );
#11592 = CARTESIAN_POINT('',(-4.150584863983E-15,8.197500001366,
    -3.041265875));
#11593 = CARTESIAN_POINT('',(-1.259733572207,8.260000001366,-3.041265875
    ));
#11594 = CARTESIAN_POINT('',(-2.150499723604,8.322500001366,
    -2.150499723604));
#11595 = CARTESIAN_POINT('',(-3.041265875,8.385000001366,-1.259733572207
    ));
#11596 = CARTESIAN_POINT('',(-3.041265875,8.447500001366,
    -1.425023545973E-14));
#11597 = CARTESIAN_POINT('',(-3.041265875,8.510000001366,1.259733572207)
  );
#11598 = CARTESIAN_POINT('',(-2.150499723604,8.572500001366,
    2.150499723604));
#11599 = CARTESIAN_POINT('',(-1.259733572207,8.635000001366,3.041265875)
  );
#11600 = CARTESIAN_POINT('',(-4.895480167818E-15,8.697500001366,
    3.041265875));
#11601 = CARTESIAN_POINT('',(1.259733572207,8.760000001366,3.041265875)
  );
#11602 = CARTESIAN_POINT('',(2.150499723604,8.822500001366,
    2.150499723604));
#11603 = CARTESIAN_POINT('',(3.041265875,8.885000001366,1.259733572207)
  );
#11604 = CARTESIAN_POINT('',(3.041265875,8.947500001366,
    -1.387778780781E-14));
#11605 = CARTESIAN_POINT('',(2.5,0.26,-1.387778780781E-14));
#11606 = CARTESIAN_POINT('',(2.5,0.3225,-1.035533905933));
#11607 = CARTESIAN_POINT('',(1.767766952966,0.385,-1.767766952966));
#11608 = CARTESIAN_POINT('',(1.035533905933,0.4475,-2.5));
#11609 = CARTESIAN_POINT('',(-4.183727840049E-15,0.51,-2.5));
#11610 = CARTESIAN_POINT('',(-1.035533905933,0.5725,-2.5));
#11611 = CARTESIAN_POINT('',(-1.767766952966,0.635,-1.767766952966));
#11612 = CARTESIAN_POINT('',(-2.5,0.6975,-1.035533905933));
#11613 = CARTESIAN_POINT('',(-2.5,0.76,-1.41839495076E-14));
#11614 = CARTESIAN_POINT('',(-2.5,0.8225,1.035533905933));
#11615 = CARTESIAN_POINT('',(-1.767766952966,0.885,1.767766952966));
#11616 = CARTESIAN_POINT('',(-1.035533905933,0.9475,2.5));
#11617 = CARTESIAN_POINT('',(-4.796051239622E-15,1.01,2.5));
#11618 = CARTESIAN_POINT('',(1.035533905933,1.0725,2.5));
#11619 = CARTESIAN_POINT('',(1.767766952966,1.135,1.767766952966));
#11620 = CARTESIAN_POINT('',(2.5,1.1975,1.035533905933));
#11621 = CARTESIAN_POINT('',(2.5,1.26,-1.387778780781E-14));
#11622 = CARTESIAN_POINT('',(2.5,1.3225,-1.035533905933));
#11623 = CARTESIAN_POINT('',(1.767766952966,1.385,-1.767766952966));
#11624 = CARTESIAN_POINT('',(1.035533905933,1.4475,-2.5));
#11625 = CARTESIAN_POINT('',(-4.183727840049E-15,1.51,-2.5));
#11626 = CARTESIAN_POINT('',(-1.035533905933,1.5725,-2.5));
#11627 = CARTESIAN_POINT('',(-1.767766952966,1.635,-1.767766952966));
#11628 = CARTESIAN_POINT('',(-2.5,1.6975,-1.035533905933));
#11629 = CARTESIAN_POINT('',(-2.5,1.76,-1.41839495076E-14));
#11630 = CARTESIAN_POINT('',(-2.5,1.8225,1.035533905933));
#11631 = CARTESIAN_POINT('',(-1.767766952966,1.885,1.767766952966));
#11632 = CARTESIAN_POINT('',(-1.035533905933,1.9475,2.5));
#11633 = CARTESIAN_POINT('',(-4.796051239622E-15,2.01,2.5));
#11634 = CARTESIAN_POINT('',(1.035533905933,2.0725,2.5));
#11635 = CARTESIAN_POINT('',(1.767766952966,2.135,1.767766952966));
#11636 = CARTESIAN_POINT('',(2.5,2.1975,1.035533905933));
#11637 = CARTESIAN_POINT('',(2.5,2.26,-1.387778780781E-14));
#11638 = CARTESIAN_POINT('',(2.5,2.3225,-1.035533905933));
#11639 = CARTESIAN_POINT('',(1.767766952966,2.385,-1.767766952966));
#11640 = CARTESIAN_POINT('',(1.035533905933,2.4475,-2.5));
#11641 = CARTESIAN_POINT('',(-4.183727840049E-15,2.51,-2.5));
#11642 = CARTESIAN_POINT('',(-1.035533905933,2.5725,-2.5));
#11643 = CARTESIAN_POINT('',(-1.767766952966,2.635,-1.767766952966));
#11644 = CARTESIAN_POINT('',(-2.5,2.6975,-1.035533905933));
#11645 = CARTESIAN_POINT('',(-2.5,2.76,-1.41839495076E-14));
#11646 = CARTESIAN_POINT('',(-2.5,2.8225,1.035533905933));
#11647 = CARTESIAN_POINT('',(-1.767766952966,2.885,1.767766952966));
#11648 = CARTESIAN_POINT('',(-1.035533905933,2.9475,2.5));
#11649 = CARTESIAN_POINT('',(-4.796051239622E-15,3.01,2.5));
#11650 = CARTESIAN_POINT('',(1.035533905933,3.0725,2.5));
#11651 = CARTESIAN_POINT('',(1.767766952966,3.135,1.767766952966));
#11652 = CARTESIAN_POINT('',(2.5,3.1975,1.035533905933));
#11653 = CARTESIAN_POINT('',(2.5,3.26,-1.387778780781E-14));
#11654 = CARTESIAN_POINT('',(2.5,3.3225,-1.035533905933));
#11655 = CARTESIAN_POINT('',(1.767766952966,3.385,-1.767766952966));
#11656 = CARTESIAN_POINT('',(1.035533905933,3.4475,-2.5));
#11657 = CARTESIAN_POINT('',(-4.183727840049E-15,3.51,-2.5));
#11658 = CARTESIAN_POINT('',(-1.035533905933,3.5725,-2.5));
#11659 = CARTESIAN_POINT('',(-1.767766952966,3.635,-1.767766952966));
#11660 = CARTESIAN_POINT('',(-2.5,3.6975,-1.035533905933));
#11661 = CARTESIAN_POINT('',(-2.5,3.76,-1.41839495076E-14));
#11662 = CARTESIAN_POINT('',(-2.5,3.8225,1.035533905933));
#11663 = CARTESIAN_POINT('',(-1.767766952966,3.885,1.767766952966));
#11664 = CARTESIAN_POINT('',(-1.035533905933,3.9475,2.5));
#11665 = CARTESIAN_POINT('',(-4.796051239622E-15,4.01,2.5));
#11666 = CARTESIAN_POINT('',(1.035533905933,4.0725,2.5));
#11667 = CARTESIAN_POINT('',(1.767766952966,4.135,1.767766952966));
#11668 = CARTESIAN_POINT('',(2.5,4.1975,1.035533905933));
#11669 = CARTESIAN_POINT('',(2.5,4.26,-1.387778780781E-14));
#11670 = CARTESIAN_POINT('',(2.5,4.3225,-1.035533905933));
#11671 = CARTESIAN_POINT('',(1.767766952966,4.385,-1.767766952966));
#11672 = CARTESIAN_POINT('',(1.035533905933,4.4475,-2.5));
#11673 = CARTESIAN_POINT('',(-4.183727840049E-15,4.51,-2.5));
#11674 = CARTESIAN_POINT('',(-1.035533905933,4.5725,-2.5));
#11675 = CARTESIAN_POINT('',(-1.767766952966,4.635,-1.767766952966));
#11676 = CARTESIAN_POINT('',(-2.5,4.6975,-1.035533905933));
#11677 = CARTESIAN_POINT('',(-2.5,4.76,-1.41839495076E-14));
#11678 = CARTESIAN_POINT('',(-2.5,4.8225,1.035533905933));
#11679 = CARTESIAN_POINT('',(-1.767766952966,4.885,1.767766952966));
#11680 = CARTESIAN_POINT('',(-1.035533905933,4.9475,2.5));
#11681 = CARTESIAN_POINT('',(-4.796051239622E-15,5.01,2.5));
#11682 = CARTESIAN_POINT('',(1.035533905933,5.0725,2.5));
#11683 = CARTESIAN_POINT('',(1.767766952966,5.135,1.767766952966));
#11684 = CARTESIAN_POINT('',(2.5,5.1975,1.035533905933));
#11685 = CARTESIAN_POINT('',(2.5,5.26,-1.387778780781E-14));
#11686 = CARTESIAN_POINT('',(2.5,5.3225,-1.035533905933));
#11687 = CARTESIAN_POINT('',(1.767766952966,5.385,-1.767766952966));
#11688 = CARTESIAN_POINT('',(1.035533905933,5.4475,-2.5));
#11689 = CARTESIAN_POINT('',(-4.183727840049E-15,5.51,-2.5));
#11690 = CARTESIAN_POINT('',(-1.035533905933,5.5725,-2.5));
#11691 = CARTESIAN_POINT('',(-1.767766952966,5.635,-1.767766952966));
#11692 = CARTESIAN_POINT('',(-2.5,5.6975,-1.035533905933));
#11693 = CARTESIAN_POINT('',(-2.5,5.76,-1.41839495076E-14));
#11694 = CARTESIAN_POINT('',(-2.5,5.8225,1.035533905933));
#11695 = CARTESIAN_POINT('',(-1.767766952966,5.885,1.767766952966));
#11696 = CARTESIAN_POINT('',(-1.035533905933,5.9475,2.5));
#11697 = CARTESIAN_POINT('',(-4.796051239622E-15,6.01,2.5));
#11698 = CARTESIAN_POINT('',(1.035533905933,6.0725,2.5));
#11699 = CARTESIAN_POINT('',(1.767766952966,6.135,1.767766952966));
#11700 = CARTESIAN_POINT('',(2.5,6.1975,1.035533905933));
#11701 = CARTESIAN_POINT('',(2.5,6.26,-1.387778780781E-14));
#11702 = CARTESIAN_POINT('',(2.5,6.3225,-1.035533905933));
#11703 = CARTESIAN_POINT('',(1.767766952966,6.385,-1.767766952966));
#11704 = CARTESIAN_POINT('',(1.035533905933,6.4475,-2.5));
#11705 = CARTESIAN_POINT('',(-4.183727840049E-15,6.51,-2.5));
#11706 = CARTESIAN_POINT('',(-1.035533905933,6.5725,-2.5));
#11707 = CARTESIAN_POINT('',(-1.767766952966,6.635,-1.767766952966));
#11708 = CARTESIAN_POINT('',(-2.5,6.6975,-1.035533905933));
#11709 = CARTESIAN_POINT('',(-2.5,6.76,-1.41839495076E-14));
#11710 = CARTESIAN_POINT('',(-2.5,6.8225,1.035533905933));
#11711 = CARTESIAN_POINT('',(-1.767766952966,6.885,1.767766952966));
#11712 = CARTESIAN_POINT('',(-1.035533905933,6.9475,2.5));
#11713 = CARTESIAN_POINT('',(-4.796051239622E-15,7.01,2.5));
#11714 = CARTESIAN_POINT('',(1.035533905933,7.0725,2.5));
#11715 = CARTESIAN_POINT('',(1.767766952966,7.135,1.767766952966));
#11716 = CARTESIAN_POINT('',(2.5,7.1975,1.035533905933));
#11717 = CARTESIAN_POINT('',(2.5,7.26,-1.387778780781E-14));
#11718 = CARTESIAN_POINT('',(2.5,7.3225,-1.035533905933));
#11719 = CARTESIAN_POINT('',(1.767766952966,7.385,-1.767766952966));
#11720 = CARTESIAN_POINT('',(1.035533905933,7.4475,-2.5));
#11721 = CARTESIAN_POINT('',(-4.183727840049E-15,7.51,-2.5));
#11722 = CARTESIAN_POINT('',(-1.035533905933,7.5725,-2.5));
#11723 = CARTESIAN_POINT('',(-1.767766952966,7.635,-1.767766952966));
#11724 = CARTESIAN_POINT('',(-2.5,7.6975,-1.035533905933));
#11725 = CARTESIAN_POINT('',(-2.5,7.76,-1.41839495076E-14));
#11726 = CARTESIAN_POINT('',(-2.5,7.8225,1.035533905933));
#11727 = CARTESIAN_POINT('',(-1.767766952966,7.885,1.767766952966));
#11728 = CARTESIAN_POINT('',(-1.035533905933,7.9475,2.5));
#11729 = CARTESIAN_POINT('',(-4.796051239622E-15,8.01,2.5));
#11730 = CARTESIAN_POINT('',(1.035533905933,8.0725,2.5));
#11731 = CARTESIAN_POINT('',(1.767766952966,8.135,1.767766952966));
#11732 = CARTESIAN_POINT('',(2.5,8.1975,1.035533905933));
#11733 = CARTESIAN_POINT('',(2.5,8.26,-1.387778780781E-14));
#11734 = CARTESIAN_POINT('',(2.5,8.3225,-1.035533905933));
#11735 = CARTESIAN_POINT('',(1.767766952966,8.385,-1.767766952966));
#11736 = CARTESIAN_POINT('',(1.035533905933,8.4475,-2.5));
#11737 = CARTESIAN_POINT('',(-4.183727840049E-15,8.51,-2.5));
#11738 = CARTESIAN_POINT('',(-1.035533905933,8.5725,-2.5));
#11739 = CARTESIAN_POINT('',(-1.767766952966,8.635,-1.767766952966));
#11740 = CARTESIAN_POINT('',(-2.5,8.6975,-1.035533905933));
#11741 = CARTESIAN_POINT('',(-2.5,8.76,-1.41839495076E-14));
#11742 = CARTESIAN_POINT('',(-2.5,8.8225,1.035533905933));
#11743 = CARTESIAN_POINT('',(-1.767766952966,8.885,1.767766952966));
#11744 = CARTESIAN_POINT('',(-1.035533905933,8.9475,2.5));
#11745 = CARTESIAN_POINT('',(-4.796051239622E-15,9.01,2.5));
#11746 = CARTESIAN_POINT('',(1.035533905933,9.0725,2.5));
#11747 = CARTESIAN_POINT('',(1.767766952966,9.135,1.767766952966));
#11748 = CARTESIAN_POINT('',(2.5,9.1975,1.035533905933));
#11749 = CARTESIAN_POINT('',(2.5,9.26,-1.387778780781E-14));
#11750 = ADVANCED_FACE('',(#11751),#11866,.T.);
#11751 = FACE_BOUND('',#11752,.T.);
#11752 = EDGE_LOOP('',(#11753,#11754,#11755,#11756));
#11753 = ORIENTED_EDGE('',*,*,#10215,.T.);
#11754 = ORIENTED_EDGE('',*,*,#11350,.T.);
#11755 = ORIENTED_EDGE('',*,*,#10441,.F.);
#11756 = ORIENTED_EDGE('',*,*,#11757,.F.);
#11757 = EDGE_CURVE('',#10216,#10442,#11758,.T.);
#11758 = ( BOUNDED_CURVE() B_SPLINE_CURVE(2,(#11759,#11760,#11761,#11762
    ,#11763,#11764,#11765,#11766,#11767,#11768,#11769,#11770,#11771,
    #11772,#11773,#11774,#11775,#11776,#11777,#11778,#11779,#11780,
    #11781,#11782,#11783,#11784,#11785,#11786,#11787,#11788,#11789,
    #11790,#11791,#11792,#11793,#11794,#11795,#11796,#11797,#11798,
    #11799,#11800,#11801,#11802,#11803,#11804,#11805,#11806,#11807,
    #11808,#11809,#11810,#11811,#11812,#11813,#11814,#11815,#11816,
    #11817,#11818,#11819,#11820,#11821,#11822,#11823,#11824,#11825,
    #11826,#11827,#11828,#11829,#11830,#11831,#11832,#11833,#11834,
    #11835,#11836,#11837,#11838,#11839,#11840,#11841,#11842,#11843,
    #11844,#11845,#11846,#11847,#11848,#11849,#11850,#11851,#11852,
    #11853,#11854,#11855,#11856,#11857,#11858,#11859,#11860,#11861,
    #11862,#11863,#11864,#11865),.UNSPECIFIED.,.F.,.F.) 
B_SPLINE_CURVE_WITH_KNOTS((3,2,2,2,2,2,2,2,2,2,2,2,2,2,2,2,2,2,2,2,2,2,2
    ,2,2,2,2,2,2,2,2,2,2,2,2,2,2,2,2,2,2,2,2,2,2,2,2,2,2,2,2,2,2,3),(
    9.027777763182E-02,9.722222222222E-02,0.111111111111,0.125,
    0.138888888889,0.152777777778,0.166666666667,0.180555555556,
    0.194444444444,0.208333333333,0.222222222222,0.236111111111,0.25,
    0.263888888889,0.277777777778,0.291666666667,0.305555555556,
    0.319444444444,0.333333333333,0.347222222222,0.361111111111,0.375,
    0.388888888889,0.402777777778,0.416666666667,0.430555555556,
    0.444444444444,0.458333333333,0.472222222222,0.486111111111,0.5,
    0.513888888889,0.527777777778,0.541666666667,0.555555555556,
    0.569444444444,0.583333333333,0.597222222222,0.611111111111,0.625,
    0.638888888889,0.652777777778,0.666666666667,0.680555555556,
    0.694444444444,0.708333333333,0.722222222222,0.736111111111,0.75,
    0.763888888889,0.777777777778,0.791666666667,0.805555555556,
0.810298841839),.UNSPECIFIED.) CURVE() GEOMETRIC_REPRESENTATION_ITEM() 
RATIONAL_B_SPLINE_CURVE((0.961939766256,0.961939765456,1.,0.923879532511
    ,1.,0.923879532511,1.,0.923879532511,1.,0.923879532511,1.,
    0.923879532511,1.,0.923879532511,1.,0.923879532511,1.,0.923879532511
    ,1.,0.923879532511,1.,0.923879532511,1.,0.923879532511,1.,
    0.923879532511,1.,0.923879532511,1.,0.923879532511,1.,0.923879532511
    ,1.,0.923879532511,1.,0.923879532511,1.,0.923879532511,1.,
    0.923879532511,1.,0.923879532511,1.,0.923879532511,1.,0.923879532511
    ,1.,0.923879532511,1.,0.923879532511,1.,0.923879532511,1.,
    0.923879532511,1.,0.923879532511,1.,0.923879532511,1.,0.923879532511
    ,1.,0.923879532511,1.,0.923879532511,1.,0.923879532511,1.,
    0.923879532511,1.,0.923879532511,1.,0.923879532511,1.,0.923879532511
    ,1.,0.923879532511,1.,0.923879532511,1.,0.923879532511,1.,
    0.923879532511,1.,0.923879532511,1.,0.923879532511,1.,0.923879532511
    ,1.,0.923879532511,1.,0.923879532511,1.,0.923879532511,1.,
    0.923879532511,1.,0.923879532511,1.,0.923879532511,1.,0.923879532511
    ,1.,0.923879532511,1.,0.974003595809,0.965763599406)) 
REPRESENTATION_ITEM('') );
#11759 = CARTESIAN_POINT('',(1.163842040286,0.51,2.809763304569));
#11760 = CARTESIAN_POINT('',(1.722738723186,0.542486442269,
    2.578260724021));
#11761 = CARTESIAN_POINT('',(2.150499723604,0.572500001366,
    2.150499723604));
#11762 = CARTESIAN_POINT('',(3.041265875,0.635000001366,1.259733572207)
  );
#11763 = CARTESIAN_POINT('',(3.041265875,0.697500001366,
    -1.387778780781E-14));
#11764 = CARTESIAN_POINT('',(3.041265875,0.760000001366,-1.259733572207)
  );
#11765 = CARTESIAN_POINT('',(2.150499723604,0.822500001366,
    -2.150499723604));
#11766 = CARTESIAN_POINT('',(1.259733572207,0.885000001366,-3.041265875)
  );
#11767 = CARTESIAN_POINT('',(-4.150584863983E-15,0.947500001366,
    -3.041265875));
#11768 = CARTESIAN_POINT('',(-1.259733572207,1.010000001366,-3.041265875
    ));
#11769 = CARTESIAN_POINT('',(-2.150499723604,1.072500001366,
    -2.150499723604));
#11770 = CARTESIAN_POINT('',(-3.041265875,1.135000001366,-1.259733572207
    ));
#11771 = CARTESIAN_POINT('',(-3.041265875,1.197500001366,
    -1.425023545973E-14));
#11772 = CARTESIAN_POINT('',(-3.041265875,1.260000001366,1.259733572207)
  );
#11773 = CARTESIAN_POINT('',(-2.150499723604,1.322500001366,
    2.150499723604));
#11774 = CARTESIAN_POINT('',(-1.259733572207,1.385000001366,3.041265875)
  );
#11775 = CARTESIAN_POINT('',(-4.895480167818E-15,1.447500001366,
    3.041265875));
#11776 = CARTESIAN_POINT('',(1.259733572207,1.510000001366,3.041265875)
  );
#11777 = CARTESIAN_POINT('',(2.150499723604,1.572500001366,
    2.150499723604));
#11778 = CARTESIAN_POINT('',(3.041265875,1.635000001366,1.259733572207)
  );
#11779 = CARTESIAN_POINT('',(3.041265875,1.697500001366,
    -1.387778780781E-14));
#11780 = CARTESIAN_POINT('',(3.041265875,1.760000001366,-1.259733572207)
  );
#11781 = CARTESIAN_POINT('',(2.150499723604,1.822500001366,
    -2.150499723604));
#11782 = CARTESIAN_POINT('',(1.259733572207,1.885000001366,-3.041265875)
  );
#11783 = CARTESIAN_POINT('',(-4.150584863983E-15,1.947500001366,
    -3.041265875));
#11784 = CARTESIAN_POINT('',(-1.259733572207,2.010000001366,-3.041265875
    ));
#11785 = CARTESIAN_POINT('',(-2.150499723604,2.072500001366,
    -2.150499723604));
#11786 = CARTESIAN_POINT('',(-3.041265875,2.135000001366,-1.259733572207
    ));
#11787 = CARTESIAN_POINT('',(-3.041265875,2.197500001366,
    -1.425023545973E-14));
#11788 = CARTESIAN_POINT('',(-3.041265875,2.260000001366,1.259733572207)
  );
#11789 = CARTESIAN_POINT('',(-2.150499723604,2.322500001366,
    2.150499723604));
#11790 = CARTESIAN_POINT('',(-1.259733572207,2.385000001366,3.041265875)
  );
#11791 = CARTESIAN_POINT('',(-4.895480167818E-15,2.447500001366,
    3.041265875));
#11792 = CARTESIAN_POINT('',(1.259733572207,2.510000001366,3.041265875)
  );
#11793 = CARTESIAN_POINT('',(2.150499723604,2.572500001366,
    2.150499723604));
#11794 = CARTESIAN_POINT('',(3.041265875,2.635000001366,1.259733572207)
  );
#11795 = CARTESIAN_POINT('',(3.041265875,2.697500001366,
    -1.387778780781E-14));
#11796 = CARTESIAN_POINT('',(3.041265875,2.760000001366,-1.259733572207)
  );
#11797 = CARTESIAN_POINT('',(2.150499723604,2.822500001366,
    -2.150499723604));
#11798 = CARTESIAN_POINT('',(1.259733572207,2.885000001366,-3.041265875)
  );
#11799 = CARTESIAN_POINT('',(-4.150584863983E-15,2.947500001366,
    -3.041265875));
#11800 = CARTESIAN_POINT('',(-1.259733572207,3.010000001366,-3.041265875
    ));
#11801 = CARTESIAN_POINT('',(-2.150499723604,3.072500001366,
    -2.150499723604));
#11802 = CARTESIAN_POINT('',(-3.041265875,3.135000001366,-1.259733572207
    ));
#11803 = CARTESIAN_POINT('',(-3.041265875,3.197500001366,
    -1.425023545973E-14));
#11804 = CARTESIAN_POINT('',(-3.041265875,3.260000001366,1.259733572207)
  );
#11805 = CARTESIAN_POINT('',(-2.150499723604,3.322500001366,
    2.150499723604));
#11806 = CARTESIAN_POINT('',(-1.259733572207,3.385000001366,3.041265875)
  );
#11807 = CARTESIAN_POINT('',(-4.895480167818E-15,3.447500001366,
    3.041265875));
#11808 = CARTESIAN_POINT('',(1.259733572207,3.510000001366,3.041265875)
  );
#11809 = CARTESIAN_POINT('',(2.150499723604,3.572500001366,
    2.150499723604));
#11810 = CARTESIAN_POINT('',(3.041265875,3.635000001366,1.259733572207)
  );
#11811 = CARTESIAN_POINT('',(3.041265875,3.697500001366,
    -1.387778780781E-14));
#11812 = CARTESIAN_POINT('',(3.041265875,3.760000001366,-1.259733572207)
  );
#11813 = CARTESIAN_POINT('',(2.150499723604,3.822500001366,
    -2.150499723604));
#11814 = CARTESIAN_POINT('',(1.259733572207,3.885000001366,-3.041265875)
  );
#11815 = CARTESIAN_POINT('',(-4.150584863983E-15,3.947500001366,
    -3.041265875));
#11816 = CARTESIAN_POINT('',(-1.259733572207,4.010000001366,-3.041265875
    ));
#11817 = CARTESIAN_POINT('',(-2.150499723604,4.072500001366,
    -2.150499723604));
#11818 = CARTESIAN_POINT('',(-3.041265875,4.135000001366,-1.259733572207
    ));
#11819 = CARTESIAN_POINT('',(-3.041265875,4.197500001366,
    -1.425023545973E-14));
#11820 = CARTESIAN_POINT('',(-3.041265875,4.260000001366,1.259733572207)
  );
#11821 = CARTESIAN_POINT('',(-2.150499723604,4.322500001366,
    2.150499723604));
#11822 = CARTESIAN_POINT('',(-1.259733572207,4.385000001366,3.041265875)
  );
#11823 = CARTESIAN_POINT('',(-4.895480167818E-15,4.447500001366,
    3.041265875));
#11824 = CARTESIAN_POINT('',(1.259733572207,4.510000001366,3.041265875)
  );
#11825 = CARTESIAN_POINT('',(2.150499723604,4.572500001366,
    2.150499723604));
#11826 = CARTESIAN_POINT('',(3.041265875,4.635000001366,1.259733572207)
  );
#11827 = CARTESIAN_POINT('',(3.041265875,4.697500001366,
    -1.387778780781E-14));
#11828 = CARTESIAN_POINT('',(3.041265875,4.760000001366,-1.259733572207)
  );
#11829 = CARTESIAN_POINT('',(2.150499723604,4.822500001366,
    -2.150499723604));
#11830 = CARTESIAN_POINT('',(1.259733572207,4.885000001366,-3.041265875)
  );
#11831 = CARTESIAN_POINT('',(-4.150584863983E-15,4.947500001366,
    -3.041265875));
#11832 = CARTESIAN_POINT('',(-1.259733572207,5.010000001366,-3.041265875
    ));
#11833 = CARTESIAN_POINT('',(-2.150499723604,5.072500001366,
    -2.150499723604));
#11834 = CARTESIAN_POINT('',(-3.041265875,5.135000001366,-1.259733572207
    ));
#11835 = CARTESIAN_POINT('',(-3.041265875,5.197500001366,
    -1.425023545973E-14));
#11836 = CARTESIAN_POINT('',(-3.041265875,5.260000001366,1.259733572207)
  );
#11837 = CARTESIAN_POINT('',(-2.150499723604,5.322500001366,
    2.150499723604));
#11838 = CARTESIAN_POINT('',(-1.259733572207,5.385000001366,3.041265875)
  );
#11839 = CARTESIAN_POINT('',(-4.895480167818E-15,5.447500001366,
    3.041265875));
#11840 = CARTESIAN_POINT('',(1.259733572207,5.510000001366,3.041265875)
  );
#11841 = CARTESIAN_POINT('',(2.150499723604,5.572500001366,
    2.150499723604));
#11842 = CARTESIAN_POINT('',(3.041265875,5.635000001366,1.259733572207)
  );
#11843 = CARTESIAN_POINT('',(3.041265875,5.697500001366,
    -1.387778780781E-14));
#11844 = CARTESIAN_POINT('',(3.041265875,5.760000001366,-1.259733572207)
  );
#11845 = CARTESIAN_POINT('',(2.150499723604,5.822500001366,
    -2.150499723604));
#11846 = CARTESIAN_POINT('',(1.259733572207,5.885000001366,-3.041265875)
  );
#11847 = CARTESIAN_POINT('',(-4.150584863983E-15,5.947500001366,
    -3.041265875));
#11848 = CARTESIAN_POINT('',(-1.259733572207,6.010000001366,-3.041265875
    ));
#11849 = CARTESIAN_POINT('',(-2.150499723604,6.072500001366,
    -2.150499723604));
#11850 = CARTESIAN_POINT('',(-3.041265875,6.135000001366,-1.259733572207
    ));
#11851 = CARTESIAN_POINT('',(-3.041265875,6.197500001366,
    -1.425023545973E-14));
#11852 = CARTESIAN_POINT('',(-3.041265875,6.260000001366,1.259733572207)
  );
#11853 = CARTESIAN_POINT('',(-2.150499723604,6.322500001366,
    2.150499723604));
#11854 = CARTESIAN_POINT('',(-1.259733572207,6.385000001366,3.041265875)
  );
#11855 = CARTESIAN_POINT('',(-4.895480167818E-15,6.447500001366,
    3.041265875));
#11856 = CARTESIAN_POINT('',(1.259733572207,6.510000001366,3.041265875)
  );
#11857 = CARTESIAN_POINT('',(2.150499723604,6.572500001366,
    2.150499723604));
#11858 = CARTESIAN_POINT('',(3.041265875,6.635000001366,1.259733572207)
  );
#11859 = CARTESIAN_POINT('',(3.041265875,6.697500001366,
    -1.387778780781E-14));
#11860 = CARTESIAN_POINT('',(3.041265875,6.760000001366,-1.259733572207)
  );
#11861 = CARTESIAN_POINT('',(2.150499723604,6.822500001366,
    -2.150499723604));
#11862 = CARTESIAN_POINT('',(1.259733572207,6.885000001366,-3.041265875)
  );
#11863 = CARTESIAN_POINT('',(-4.150584863983E-15,6.947500001366,
    -3.041265875));
#11864 = CARTESIAN_POINT('',(-0.408080011917,6.967746346551,-3.041265875
    ));
#11865 = CARTESIAN_POINT('',(-0.801725333364,6.989487296742,
    -2.933689590308));
#11866 = ( BOUNDED_SURFACE() B_SPLINE_SURFACE(1,2,(
    (#11867,#11868,#11869,#11870,#11871,#11872,#11873,#11874,#11875
      ,#11876,#11877,#11878,#11879,#11880,#11881,#11882,#11883,#11884
      ,#11885,#11886,#11887,#11888,#11889,#11890,#11891,#11892,#11893
      ,#11894,#11895,#11896,#11897,#11898,#11899,#11900,#11901,#11902
      ,#11903,#11904,#11905,#11906,#11907,#11908,#11909,#11910,#11911
      ,#11912,#11913,#11914,#11915,#11916,#11917,#11918,#11919,#11920
      ,#11921,#11922,#11923,#11924,#11925,#11926,#11927,#11928,#11929
      ,#11930,#11931,#11932,#11933,#11934,#11935,#11936,#11937,#11938
      ,#11939,#11940,#11941,#11942,#11943,#11944,#11945,#11946,#11947
      ,#11948,#11949,#11950,#11951,#11952,#11953,#11954,#11955,#11956
      ,#11957,#11958,#11959,#11960,#11961,#11962,#11963,#11964,#11965
      ,#11966,#11967,#11968,#11969,#11970,#11971,#11972,#11973,#11974
      ,#11975,#11976,#11977,#11978,#11979,#11980,#11981,#11982,#11983
      ,#11984,#11985,#11986,#11987,#11988,#11989,#11990,#11991,#11992
      ,#11993,#11994,#11995,#11996,#11997,#11998,#11999,#12000,#12001
      ,#12002,#12003,#12004,#12005,#12006,#12007,#12008,#12009,#12010
      ,#12011)
    ,(#12012,#12013,#12014,#12015,#12016,#12017,#12018,#12019,#12020
      ,#12021,#12022,#12023,#12024,#12025,#12026,#12027,#12028,#12029
      ,#12030,#12031,#12032,#12033,#12034,#12035,#12036,#12037,#12038
      ,#12039,#12040,#12041,#12042,#12043,#12044,#12045,#12046,#12047
      ,#12048,#12049,#12050,#12051,#12052,#12053,#12054,#12055,#12056
      ,#12057,#12058,#12059,#12060,#12061,#12062,#12063,#12064,#12065
      ,#12066,#12067,#12068,#12069,#12070,#12071,#12072,#12073,#12074
      ,#12075,#12076,#12077,#12078,#12079,#12080,#12081,#12082,#12083
      ,#12084,#12085,#12086,#12087,#12088,#12089,#12090,#12091,#12092
      ,#12093,#12094,#12095,#12096,#12097,#12098,#12099,#12100,#12101
      ,#12102,#12103,#12104,#12105,#12106,#12107,#12108,#12109,#12110
      ,#12111,#12112,#12113,#12114,#12115,#12116,#12117,#12118,#12119
      ,#12120,#12121,#12122,#12123,#12124,#12125,#12126,#12127,#12128
      ,#12129,#12130,#12131,#12132,#12133,#12134,#12135,#12136,#12137
      ,#12138,#12139,#12140,#12141,#12142,#12143,#12144,#12145,#12146
      ,#12147,#12148,#12149,#12150,#12151,#12152,#12153,#12154,#12155
,#12156
    )),.UNSPECIFIED.,.F.,.F.,.F.) B_SPLINE_SURFACE_WITH_KNOTS((2,2),(3,2
    ,2,2,2,2,2,2,2,2,2,2,2,2,2,2,2,2,2,2,2,2,2,2,2,2,2,2,2,2,2,2,2,2,2,2
    ,2,2,2,2,2,2,2,2,2,2,2,2,2,2,2,2,2,2,2,2,2,2,2,2,2,2,2,2,2,2,2,2,2,2
    ,2,2,3),(0.,1.),(0.,1.388888888889E-02,2.777777777778E-02,
    4.166666666667E-02,5.555555555556E-02,6.944444444444E-02,
    8.333333333333E-02,9.722222222222E-02,0.111111111111,0.125,
    0.138888888889,0.152777777778,0.166666666667,0.180555555556,
    0.194444444444,0.208333333333,0.222222222222,0.236111111111,0.25,
    0.263888888889,0.277777777778,0.291666666667,0.305555555556,
    0.319444444444,0.333333333333,0.347222222222,0.361111111111,0.375,
    0.388888888889,0.402777777778,0.416666666667,0.430555555556,
    0.444444444444,0.458333333333,0.472222222222,0.486111111111,0.5,
    0.513888888889,0.527777777778,0.541666666667,0.555555555556,
    0.569444444444,0.583333333333,0.597222222222,0.611111111111,0.625,
    0.638888888889,0.652777777778,0.666666666667,0.680555555556,
    0.694444444444,0.708333333333,0.722222222222,0.736111111111,0.75,
    0.763888888889,0.777777777778,0.791666666667,0.805555555556,
    0.819444444444,0.833333333333,0.847222222222,0.861111111111,0.875,
    0.888888888889,0.902777777778,0.916666666667,0.930555555556,
    0.944444444444,0.958333333333,0.972222222222,0.986111111111,1.),
.PIECEWISE_BEZIER_KNOTS.) GEOMETRIC_REPRESENTATION_ITEM() 
RATIONAL_B_SPLINE_SURFACE((
    (1.,0.923879532511,1.,0.923879532511,1.,0.923879532511,1.
      ,0.923879532511,1.,0.923879532511,1.,0.923879532511,1.
      ,0.923879532511,1.,0.923879532511,1.,0.923879532511,1.
      ,0.923879532511,1.,0.923879532511,1.,0.923879532511,1.
      ,0.923879532511,1.,0.923879532511,1.,0.923879532511,1.
      ,0.923879532511,1.,0.923879532511,1.,0.923879532511,1.
      ,0.923879532511,1.,0.923879532511,1.,0.923879532511,1.
      ,0.923879532511,1.,0.923879532511,1.,0.923879532511,1.
      ,0.923879532511,1.,0.923879532511,1.,0.923879532511,1.
      ,0.923879532511,1.,0.923879532511,1.,0.923879532511,1.
      ,0.923879532511,1.,0.923879532511,1.,0.923879532511,1.
      ,0.923879532511,1.,0.923879532511,1.,0.923879532511,1.
      ,0.923879532511,1.,0.923879532511,1.,0.923879532511,1.
      ,0.923879532511,1.,0.923879532511,1.,0.923879532511,1.
      ,0.923879532511,1.,0.923879532511,1.,0.923879532511,1.
      ,0.923879532511,1.,0.923879532511,1.,0.923879532511,1.
      ,0.923879532511,1.,0.923879532511,1.,0.923879532511,1.
      ,0.923879532511,1.,0.923879532511,1.,0.923879532511,1.
      ,0.923879532511,1.,0.923879532511,1.,0.923879532511,1.
      ,0.923879532511,1.,0.923879532511,1.,0.923879532511,1.
      ,0.923879532511,1.,0.923879532511,1.,0.923879532511,1.
      ,0.923879532511,1.,0.923879532511,1.,0.923879532511,1.
      ,0.923879532511,1.,0.923879532511,1.,0.923879532511,1.
      ,0.923879532511,1.,0.923879532511,1.,0.923879532511,1.)
    ,(1.,0.923879532511,1.,0.923879532511,1.,0.923879532511,1.
      ,0.923879532511,1.,0.923879532511,1.,0.923879532511,1.
      ,0.923879532511,1.,0.923879532511,1.,0.923879532511,1.
      ,0.923879532511,1.,0.923879532511,1.,0.923879532511,1.
      ,0.923879532511,1.,0.923879532511,1.,0.923879532511,1.
      ,0.923879532511,1.,0.923879532511,1.,0.923879532511,1.
      ,0.923879532511,1.,0.923879532511,1.,0.923879532511,1.
      ,0.923879532511,1.,0.923879532511,1.,0.923879532511,1.
      ,0.923879532511,1.,0.923879532511,1.,0.923879532511,1.
      ,0.923879532511,1.,0.923879532511,1.,0.923879532511,1.
      ,0.923879532511,1.,0.923879532511,1.,0.923879532511,1.
      ,0.923879532511,1.,0.923879532511,1.,0.923879532511,1.
      ,0.923879532511,1.,0.923879532511,1.,0.923879532511,1.
      ,0.923879532511,1.,0.923879532511,1.,0.923879532511,1.
      ,0.923879532511,1.,0.923879532511,1.,0.923879532511,1.
      ,0.923879532511,1.,0.923879532511,1.,0.923879532511,1.
      ,0.923879532511,1.,0.923879532511,1.,0.923879532511,1.
      ,0.923879532511,1.,0.923879532511,1.,0.923879532511,1.
      ,0.923879532511,1.,0.923879532511,1.,0.923879532511,1.
      ,0.923879532511,1.,0.923879532511,1.,0.923879532511,1.
      ,0.923879532511,1.,0.923879532511,1.,0.923879532511,1.
      ,0.923879532511,1.,0.923879532511,1.,0.923879532511,1.
      ,0.923879532511,1.,0.923879532511,1.,0.923879532511,1.
      ,0.923879532511,1.,0.923879532511,1.,0.923879532511,1.
))) REPRESENTATION_ITEM('') SURFACE() );
#11867 = CARTESIAN_POINT('',(3.041265875,-0.302499998634,
    -1.387778780781E-14));
#11868 = CARTESIAN_POINT('',(3.041265875,-0.239999998634,-1.259733572207
    ));
#11869 = CARTESIAN_POINT('',(2.150499723604,-0.177499998634,
    -2.150499723604));
#11870 = CARTESIAN_POINT('',(1.259733572207,-0.114999998634,-3.041265875
    ));
#11871 = CARTESIAN_POINT('',(-4.150584863983E-15,-5.249999863441E-02,
    -3.041265875));
#11872 = CARTESIAN_POINT('',(-1.259733572207,1.000000136559E-02,
    -3.041265875));
#11873 = CARTESIAN_POINT('',(-2.150499723604,7.250000136559E-02,
    -2.150499723604));
#11874 = CARTESIAN_POINT('',(-3.041265875,0.135000001366,-1.259733572207
    ));
#11875 = CARTESIAN_POINT('',(-3.041265875,0.197500001366,
    -1.425023545973E-14));
#11876 = CARTESIAN_POINT('',(-3.041265875,0.260000001366,1.259733572207)
  );
#11877 = CARTESIAN_POINT('',(-2.150499723604,0.322500001366,
    2.150499723604));
#11878 = CARTESIAN_POINT('',(-1.259733572207,0.385000001366,3.041265875)
  );
#11879 = CARTESIAN_POINT('',(-4.895480167818E-15,0.447500001366,
    3.041265875));
#11880 = CARTESIAN_POINT('',(1.259733572207,0.510000001366,3.041265875)
  );
#11881 = CARTESIAN_POINT('',(2.150499723604,0.572500001366,
    2.150499723604));
#11882 = CARTESIAN_POINT('',(3.041265875,0.635000001366,1.259733572207)
  );
#11883 = CARTESIAN_POINT('',(3.041265875,0.697500001366,
    -1.387778780781E-14));
#11884 = CARTESIAN_POINT('',(3.041265875,0.760000001366,-1.259733572207)
  );
#11885 = CARTESIAN_POINT('',(2.150499723604,0.822500001366,
    -2.150499723604));
#11886 = CARTESIAN_POINT('',(1.259733572207,0.885000001366,-3.041265875)
  );
#11887 = CARTESIAN_POINT('',(-4.150584863983E-15,0.947500001366,
    -3.041265875));
#11888 = CARTESIAN_POINT('',(-1.259733572207,1.010000001366,-3.041265875
    ));
#11889 = CARTESIAN_POINT('',(-2.150499723604,1.072500001366,
    -2.150499723604));
#11890 = CARTESIAN_POINT('',(-3.041265875,1.135000001366,-1.259733572207
    ));
#11891 = CARTESIAN_POINT('',(-3.041265875,1.197500001366,
    -1.425023545973E-14));
#11892 = CARTESIAN_POINT('',(-3.041265875,1.260000001366,1.259733572207)
  );
#11893 = CARTESIAN_POINT('',(-2.150499723604,1.322500001366,
    2.150499723604));
#11894 = CARTESIAN_POINT('',(-1.259733572207,1.385000001366,3.041265875)
  );
#11895 = CARTESIAN_POINT('',(-4.895480167818E-15,1.447500001366,
    3.041265875));
#11896 = CARTESIAN_POINT('',(1.259733572207,1.510000001366,3.041265875)
  );
#11897 = CARTESIAN_POINT('',(2.150499723604,1.572500001366,
    2.150499723604));
#11898 = CARTESIAN_POINT('',(3.041265875,1.635000001366,1.259733572207)
  );
#11899 = CARTESIAN_POINT('',(3.041265875,1.697500001366,
    -1.387778780781E-14));
#11900 = CARTESIAN_POINT('',(3.041265875,1.760000001366,-1.259733572207)
  );
#11901 = CARTESIAN_POINT('',(2.150499723604,1.822500001366,
    -2.150499723604));
#11902 = CARTESIAN_POINT('',(1.259733572207,1.885000001366,-3.041265875)
  );
#11903 = CARTESIAN_POINT('',(-4.150584863983E-15,1.947500001366,
    -3.041265875));
#11904 = CARTESIAN_POINT('',(-1.259733572207,2.010000001366,-3.041265875
    ));
#11905 = CARTESIAN_POINT('',(-2.150499723604,2.072500001366,
    -2.150499723604));
#11906 = CARTESIAN_POINT('',(-3.041265875,2.135000001366,-1.259733572207
    ));
#11907 = CARTESIAN_POINT('',(-3.041265875,2.197500001366,
    -1.425023545973E-14));
#11908 = CARTESIAN_POINT('',(-3.041265875,2.260000001366,1.259733572207)
  );
#11909 = CARTESIAN_POINT('',(-2.150499723604,2.322500001366,
    2.150499723604));
#11910 = CARTESIAN_POINT('',(-1.259733572207,2.385000001366,3.041265875)
  );
#11911 = CARTESIAN_POINT('',(-4.895480167818E-15,2.447500001366,
    3.041265875));
#11912 = CARTESIAN_POINT('',(1.259733572207,2.510000001366,3.041265875)
  );
#11913 = CARTESIAN_POINT('',(2.150499723604,2.572500001366,
    2.150499723604));
#11914 = CARTESIAN_POINT('',(3.041265875,2.635000001366,1.259733572207)
  );
#11915 = CARTESIAN_POINT('',(3.041265875,2.697500001366,
    -1.387778780781E-14));
#11916 = CARTESIAN_POINT('',(3.041265875,2.760000001366,-1.259733572207)
  );
#11917 = CARTESIAN_POINT('',(2.150499723604,2.822500001366,
    -2.150499723604));
#11918 = CARTESIAN_POINT('',(1.259733572207,2.885000001366,-3.041265875)
  );
#11919 = CARTESIAN_POINT('',(-4.150584863983E-15,2.947500001366,
    -3.041265875));
#11920 = CARTESIAN_POINT('',(-1.259733572207,3.010000001366,-3.041265875
    ));
#11921 = CARTESIAN_POINT('',(-2.150499723604,3.072500001366,
    -2.150499723604));
#11922 = CARTESIAN_POINT('',(-3.041265875,3.135000001366,-1.259733572207
    ));
#11923 = CARTESIAN_POINT('',(-3.041265875,3.197500001366,
    -1.425023545973E-14));
#11924 = CARTESIAN_POINT('',(-3.041265875,3.260000001366,1.259733572207)
  );
#11925 = CARTESIAN_POINT('',(-2.150499723604,3.322500001366,
    2.150499723604));
#11926 = CARTESIAN_POINT('',(-1.259733572207,3.385000001366,3.041265875)
  );
#11927 = CARTESIAN_POINT('',(-4.895480167818E-15,3.447500001366,
    3.041265875));
#11928 = CARTESIAN_POINT('',(1.259733572207,3.510000001366,3.041265875)
  );
#11929 = CARTESIAN_POINT('',(2.150499723604,3.572500001366,
    2.150499723604));
#11930 = CARTESIAN_POINT('',(3.041265875,3.635000001366,1.259733572207)
  );
#11931 = CARTESIAN_POINT('',(3.041265875,3.697500001366,
    -1.387778780781E-14));
#11932 = CARTESIAN_POINT('',(3.041265875,3.760000001366,-1.259733572207)
  );
#11933 = CARTESIAN_POINT('',(2.150499723604,3.822500001366,
    -2.150499723604));
#11934 = CARTESIAN_POINT('',(1.259733572207,3.885000001366,-3.041265875)
  );
#11935 = CARTESIAN_POINT('',(-4.150584863983E-15,3.947500001366,
    -3.041265875));
#11936 = CARTESIAN_POINT('',(-1.259733572207,4.010000001366,-3.041265875
    ));
#11937 = CARTESIAN_POINT('',(-2.150499723604,4.072500001366,
    -2.150499723604));
#11938 = CARTESIAN_POINT('',(-3.041265875,4.135000001366,-1.259733572207
    ));
#11939 = CARTESIAN_POINT('',(-3.041265875,4.197500001366,
    -1.425023545973E-14));
#11940 = CARTESIAN_POINT('',(-3.041265875,4.260000001366,1.259733572207)
  );
#11941 = CARTESIAN_POINT('',(-2.150499723604,4.322500001366,
    2.150499723604));
#11942 = CARTESIAN_POINT('',(-1.259733572207,4.385000001366,3.041265875)
  );
#11943 = CARTESIAN_POINT('',(-4.895480167818E-15,4.447500001366,
    3.041265875));
#11944 = CARTESIAN_POINT('',(1.259733572207,4.510000001366,3.041265875)
  );
#11945 = CARTESIAN_POINT('',(2.150499723604,4.572500001366,
    2.150499723604));
#11946 = CARTESIAN_POINT('',(3.041265875,4.635000001366,1.259733572207)
  );
#11947 = CARTESIAN_POINT('',(3.041265875,4.697500001366,
    -1.387778780781E-14));
#11948 = CARTESIAN_POINT('',(3.041265875,4.760000001366,-1.259733572207)
  );
#11949 = CARTESIAN_POINT('',(2.150499723604,4.822500001366,
    -2.150499723604));
#11950 = CARTESIAN_POINT('',(1.259733572207,4.885000001366,-3.041265875)
  );
#11951 = CARTESIAN_POINT('',(-4.150584863983E-15,4.947500001366,
    -3.041265875));
#11952 = CARTESIAN_POINT('',(-1.259733572207,5.010000001366,-3.041265875
    ));
#11953 = CARTESIAN_POINT('',(-2.150499723604,5.072500001366,
    -2.150499723604));
#11954 = CARTESIAN_POINT('',(-3.041265875,5.135000001366,-1.259733572207
    ));
#11955 = CARTESIAN_POINT('',(-3.041265875,5.197500001366,
    -1.425023545973E-14));
#11956 = CARTESIAN_POINT('',(-3.041265875,5.260000001366,1.259733572207)
  );
#11957 = CARTESIAN_POINT('',(-2.150499723604,5.322500001366,
    2.150499723604));
#11958 = CARTESIAN_POINT('',(-1.259733572207,5.385000001366,3.041265875)
  );
#11959 = CARTESIAN_POINT('',(-4.895480167818E-15,5.447500001366,
    3.041265875));
#11960 = CARTESIAN_POINT('',(1.259733572207,5.510000001366,3.041265875)
  );
#11961 = CARTESIAN_POINT('',(2.150499723604,5.572500001366,
    2.150499723604));
#11962 = CARTESIAN_POINT('',(3.041265875,5.635000001366,1.259733572207)
  );
#11963 = CARTESIAN_POINT('',(3.041265875,5.697500001366,
    -1.387778780781E-14));
#11964 = CARTESIAN_POINT('',(3.041265875,5.760000001366,-1.259733572207)
  );
#11965 = CARTESIAN_POINT('',(2.150499723604,5.822500001366,
    -2.150499723604));
#11966 = CARTESIAN_POINT('',(1.259733572207,5.885000001366,-3.041265875)
  );
#11967 = CARTESIAN_POINT('',(-4.150584863983E-15,5.947500001366,
    -3.041265875));
#11968 = CARTESIAN_POINT('',(-1.259733572207,6.010000001366,-3.041265875
    ));
#11969 = CARTESIAN_POINT('',(-2.150499723604,6.072500001366,
    -2.150499723604));
#11970 = CARTESIAN_POINT('',(-3.041265875,6.135000001366,-1.259733572207
    ));
#11971 = CARTESIAN_POINT('',(-3.041265875,6.197500001366,
    -1.425023545973E-14));
#11972 = CARTESIAN_POINT('',(-3.041265875,6.260000001366,1.259733572207)
  );
#11973 = CARTESIAN_POINT('',(-2.150499723604,6.322500001366,
    2.150499723604));
#11974 = CARTESIAN_POINT('',(-1.259733572207,6.385000001366,3.041265875)
  );
#11975 = CARTESIAN_POINT('',(-4.895480167818E-15,6.447500001366,
    3.041265875));
#11976 = CARTESIAN_POINT('',(1.259733572207,6.510000001366,3.041265875)
  );
#11977 = CARTESIAN_POINT('',(2.150499723604,6.572500001366,
    2.150499723604));
#11978 = CARTESIAN_POINT('',(3.041265875,6.635000001366,1.259733572207)
  );
#11979 = CARTESIAN_POINT('',(3.041265875,6.697500001366,
    -1.387778780781E-14));
#11980 = CARTESIAN_POINT('',(3.041265875,6.760000001366,-1.259733572207)
  );
#11981 = CARTESIAN_POINT('',(2.150499723604,6.822500001366,
    -2.150499723604));
#11982 = CARTESIAN_POINT('',(1.259733572207,6.885000001366,-3.041265875)
  );
#11983 = CARTESIAN_POINT('',(-4.150584863983E-15,6.947500001366,
    -3.041265875));
#11984 = CARTESIAN_POINT('',(-1.259733572207,7.010000001366,-3.041265875
    ));
#11985 = CARTESIAN_POINT('',(-2.150499723604,7.072500001366,
    -2.150499723604));
#11986 = CARTESIAN_POINT('',(-3.041265875,7.135000001366,-1.259733572207
    ));
#11987 = CARTESIAN_POINT('',(-3.041265875,7.197500001366,
    -1.425023545973E-14));
#11988 = CARTESIAN_POINT('',(-3.041265875,7.260000001366,1.259733572207)
  );
#11989 = CARTESIAN_POINT('',(-2.150499723604,7.322500001366,
    2.150499723604));
#11990 = CARTESIAN_POINT('',(-1.259733572207,7.385000001366,3.041265875)
  );
#11991 = CARTESIAN_POINT('',(-4.895480167818E-15,7.447500001366,
    3.041265875));
#11992 = CARTESIAN_POINT('',(1.259733572207,7.510000001366,3.041265875)
  );
#11993 = CARTESIAN_POINT('',(2.150499723604,7.572500001366,
    2.150499723604));
#11994 = CARTESIAN_POINT('',(3.041265875,7.635000001366,1.259733572207)
  );
#11995 = CARTESIAN_POINT('',(3.041265875,7.697500001366,
    -1.387778780781E-14));
#11996 = CARTESIAN_POINT('',(3.041265875,7.760000001366,-1.259733572207)
  );
#11997 = CARTESIAN_POINT('',(2.150499723604,7.822500001366,
    -2.150499723604));
#11998 = CARTESIAN_POINT('',(1.259733572207,7.885000001366,-3.041265875)
  );
#11999 = CARTESIAN_POINT('',(-4.150584863983E-15,7.947500001366,
    -3.041265875));
#12000 = CARTESIAN_POINT('',(-1.259733572207,8.010000001366,-3.041265875
    ));
#12001 = CARTESIAN_POINT('',(-2.150499723604,8.072500001366,
    -2.150499723604));
#12002 = CARTESIAN_POINT('',(-3.041265875,8.135000001366,-1.259733572207
    ));
#12003 = CARTESIAN_POINT('',(-3.041265875,8.197500001366,
    -1.425023545973E-14));
#12004 = CARTESIAN_POINT('',(-3.041265875,8.260000001366,1.259733572207)
  );
#12005 = CARTESIAN_POINT('',(-2.150499723604,8.322500001366,
    2.150499723604));
#12006 = CARTESIAN_POINT('',(-1.259733572207,8.385000001366,3.041265875)
  );
#12007 = CARTESIAN_POINT('',(-4.895480167818E-15,8.447500001366,
    3.041265875));
#12008 = CARTESIAN_POINT('',(1.259733572207,8.510000001366,3.041265875)
  );
#12009 = CARTESIAN_POINT('',(2.150499723604,8.572500001366,
    2.150499723604));
#12010 = CARTESIAN_POINT('',(3.041265875,8.635000001366,1.259733572207)
  );
#12011 = CARTESIAN_POINT('',(3.041265875,8.697500001366,
    -1.387778780781E-14));
#12012 = CARTESIAN_POINT('',(3.041265875,-5.249999863441E-02,
    -1.387778780781E-14));
#12013 = CARTESIAN_POINT('',(3.041265875,1.000000136559E-02,
    -1.259733572207));
#12014 = CARTESIAN_POINT('',(2.150499723604,7.250000136559E-02,
    -2.150499723604));
#12015 = CARTESIAN_POINT('',(1.259733572207,0.135000001366,-3.041265875)
  );
#12016 = CARTESIAN_POINT('',(-4.150584863983E-15,0.197500001366,
    -3.041265875));
#12017 = CARTESIAN_POINT('',(-1.259733572207,0.260000001366,-3.041265875
    ));
#12018 = CARTESIAN_POINT('',(-2.150499723604,0.322500001366,
    -2.150499723604));
#12019 = CARTESIAN_POINT('',(-3.041265875,0.385000001366,-1.259733572207
    ));
#12020 = CARTESIAN_POINT('',(-3.041265875,0.447500001366,
    -1.425023545973E-14));
#12021 = CARTESIAN_POINT('',(-3.041265875,0.510000001366,1.259733572207)
  );
#12022 = CARTESIAN_POINT('',(-2.150499723604,0.572500001366,
    2.150499723604));
#12023 = CARTESIAN_POINT('',(-1.259733572207,0.635000001366,3.041265875)
  );
#12024 = CARTESIAN_POINT('',(-4.895480167818E-15,0.697500001366,
    3.041265875));
#12025 = CARTESIAN_POINT('',(1.259733572207,0.760000001366,3.041265875)
  );
#12026 = CARTESIAN_POINT('',(2.150499723604,0.822500001366,
    2.150499723604));
#12027 = CARTESIAN_POINT('',(3.041265875,0.885000001366,1.259733572207)
  );
#12028 = CARTESIAN_POINT('',(3.041265875,0.947500001366,
    -1.387778780781E-14));
#12029 = CARTESIAN_POINT('',(3.041265875,1.010000001366,-1.259733572207)
  );
#12030 = CARTESIAN_POINT('',(2.150499723604,1.072500001366,
    -2.150499723604));
#12031 = CARTESIAN_POINT('',(1.259733572207,1.135000001366,-3.041265875)
  );
#12032 = CARTESIAN_POINT('',(-4.150584863983E-15,1.197500001366,
    -3.041265875));
#12033 = CARTESIAN_POINT('',(-1.259733572207,1.260000001366,-3.041265875
    ));
#12034 = CARTESIAN_POINT('',(-2.150499723604,1.322500001366,
    -2.150499723604));
#12035 = CARTESIAN_POINT('',(-3.041265875,1.385000001366,-1.259733572207
    ));
#12036 = CARTESIAN_POINT('',(-3.041265875,1.447500001366,
    -1.425023545973E-14));
#12037 = CARTESIAN_POINT('',(-3.041265875,1.510000001366,1.259733572207)
  );
#12038 = CARTESIAN_POINT('',(-2.150499723604,1.572500001366,
    2.150499723604));
#12039 = CARTESIAN_POINT('',(-1.259733572207,1.635000001366,3.041265875)
  );
#12040 = CARTESIAN_POINT('',(-4.895480167818E-15,1.697500001366,
    3.041265875));
#12041 = CARTESIAN_POINT('',(1.259733572207,1.760000001366,3.041265875)
  );
#12042 = CARTESIAN_POINT('',(2.150499723604,1.822500001366,
    2.150499723604));
#12043 = CARTESIAN_POINT('',(3.041265875,1.885000001366,1.259733572207)
  );
#12044 = CARTESIAN_POINT('',(3.041265875,1.947500001366,
    -1.387778780781E-14));
#12045 = CARTESIAN_POINT('',(3.041265875,2.010000001366,-1.259733572207)
  );
#12046 = CARTESIAN_POINT('',(2.150499723604,2.072500001366,
    -2.150499723604));
#12047 = CARTESIAN_POINT('',(1.259733572207,2.135000001366,-3.041265875)
  );
#12048 = CARTESIAN_POINT('',(-4.150584863983E-15,2.197500001366,
    -3.041265875));
#12049 = CARTESIAN_POINT('',(-1.259733572207,2.260000001366,-3.041265875
    ));
#12050 = CARTESIAN_POINT('',(-2.150499723604,2.322500001366,
    -2.150499723604));
#12051 = CARTESIAN_POINT('',(-3.041265875,2.385000001366,-1.259733572207
    ));
#12052 = CARTESIAN_POINT('',(-3.041265875,2.447500001366,
    -1.425023545973E-14));
#12053 = CARTESIAN_POINT('',(-3.041265875,2.510000001366,1.259733572207)
  );
#12054 = CARTESIAN_POINT('',(-2.150499723604,2.572500001366,
    2.150499723604));
#12055 = CARTESIAN_POINT('',(-1.259733572207,2.635000001366,3.041265875)
  );
#12056 = CARTESIAN_POINT('',(-4.895480167818E-15,2.697500001366,
    3.041265875));
#12057 = CARTESIAN_POINT('',(1.259733572207,2.760000001366,3.041265875)
  );
#12058 = CARTESIAN_POINT('',(2.150499723604,2.822500001366,
    2.150499723604));
#12059 = CARTESIAN_POINT('',(3.041265875,2.885000001366,1.259733572207)
  );
#12060 = CARTESIAN_POINT('',(3.041265875,2.947500001366,
    -1.387778780781E-14));
#12061 = CARTESIAN_POINT('',(3.041265875,3.010000001366,-1.259733572207)
  );
#12062 = CARTESIAN_POINT('',(2.150499723604,3.072500001366,
    -2.150499723604));
#12063 = CARTESIAN_POINT('',(1.259733572207,3.135000001366,-3.041265875)
  );
#12064 = CARTESIAN_POINT('',(-4.150584863983E-15,3.197500001366,
    -3.041265875));
#12065 = CARTESIAN_POINT('',(-1.259733572207,3.260000001366,-3.041265875
    ));
#12066 = CARTESIAN_POINT('',(-2.150499723604,3.322500001366,
    -2.150499723604));
#12067 = CARTESIAN_POINT('',(-3.041265875,3.385000001366,-1.259733572207
    ));
#12068 = CARTESIAN_POINT('',(-3.041265875,3.447500001366,
    -1.425023545973E-14));
#12069 = CARTESIAN_POINT('',(-3.041265875,3.510000001366,1.259733572207)
  );
#12070 = CARTESIAN_POINT('',(-2.150499723604,3.572500001366,
    2.150499723604));
#12071 = CARTESIAN_POINT('',(-1.259733572207,3.635000001366,3.041265875)
  );
#12072 = CARTESIAN_POINT('',(-4.895480167818E-15,3.697500001366,
    3.041265875));
#12073 = CARTESIAN_POINT('',(1.259733572207,3.760000001366,3.041265875)
  );
#12074 = CARTESIAN_POINT('',(2.150499723604,3.822500001366,
    2.150499723604));
#12075 = CARTESIAN_POINT('',(3.041265875,3.885000001366,1.259733572207)
  );
#12076 = CARTESIAN_POINT('',(3.041265875,3.947500001366,
    -1.387778780781E-14));
#12077 = CARTESIAN_POINT('',(3.041265875,4.010000001366,-1.259733572207)
  );
#12078 = CARTESIAN_POINT('',(2.150499723604,4.072500001366,
    -2.150499723604));
#12079 = CARTESIAN_POINT('',(1.259733572207,4.135000001366,-3.041265875)
  );
#12080 = CARTESIAN_POINT('',(-4.150584863983E-15,4.197500001366,
    -3.041265875));
#12081 = CARTESIAN_POINT('',(-1.259733572207,4.260000001366,-3.041265875
    ));
#12082 = CARTESIAN_POINT('',(-2.150499723604,4.322500001366,
    -2.150499723604));
#12083 = CARTESIAN_POINT('',(-3.041265875,4.385000001366,-1.259733572207
    ));
#12084 = CARTESIAN_POINT('',(-3.041265875,4.447500001366,
    -1.425023545973E-14));
#12085 = CARTESIAN_POINT('',(-3.041265875,4.510000001366,1.259733572207)
  );
#12086 = CARTESIAN_POINT('',(-2.150499723604,4.572500001366,
    2.150499723604));
#12087 = CARTESIAN_POINT('',(-1.259733572207,4.635000001366,3.041265875)
  );
#12088 = CARTESIAN_POINT('',(-4.895480167818E-15,4.697500001366,
    3.041265875));
#12089 = CARTESIAN_POINT('',(1.259733572207,4.760000001366,3.041265875)
  );
#12090 = CARTESIAN_POINT('',(2.150499723604,4.822500001366,
    2.150499723604));
#12091 = CARTESIAN_POINT('',(3.041265875,4.885000001366,1.259733572207)
  );
#12092 = CARTESIAN_POINT('',(3.041265875,4.947500001366,
    -1.387778780781E-14));
#12093 = CARTESIAN_POINT('',(3.041265875,5.010000001366,-1.259733572207)
  );
#12094 = CARTESIAN_POINT('',(2.150499723604,5.072500001366,
    -2.150499723604));
#12095 = CARTESIAN_POINT('',(1.259733572207,5.135000001366,-3.041265875)
  );
#12096 = CARTESIAN_POINT('',(-4.150584863983E-15,5.197500001366,
    -3.041265875));
#12097 = CARTESIAN_POINT('',(-1.259733572207,5.260000001366,-3.041265875
    ));
#12098 = CARTESIAN_POINT('',(-2.150499723604,5.322500001366,
    -2.150499723604));
#12099 = CARTESIAN_POINT('',(-3.041265875,5.385000001366,-1.259733572207
    ));
#12100 = CARTESIAN_POINT('',(-3.041265875,5.447500001366,
    -1.425023545973E-14));
#12101 = CARTESIAN_POINT('',(-3.041265875,5.510000001366,1.259733572207)
  );
#12102 = CARTESIAN_POINT('',(-2.150499723604,5.572500001366,
    2.150499723604));
#12103 = CARTESIAN_POINT('',(-1.259733572207,5.635000001366,3.041265875)
  );
#12104 = CARTESIAN_POINT('',(-4.895480167818E-15,5.697500001366,
    3.041265875));
#12105 = CARTESIAN_POINT('',(1.259733572207,5.760000001366,3.041265875)
  );
#12106 = CARTESIAN_POINT('',(2.150499723604,5.822500001366,
    2.150499723604));
#12107 = CARTESIAN_POINT('',(3.041265875,5.885000001366,1.259733572207)
  );
#12108 = CARTESIAN_POINT('',(3.041265875,5.947500001366,
    -1.387778780781E-14));
#12109 = CARTESIAN_POINT('',(3.041265875,6.010000001366,-1.259733572207)
  );
#12110 = CARTESIAN_POINT('',(2.150499723604,6.072500001366,
    -2.150499723604));
#12111 = CARTESIAN_POINT('',(1.259733572207,6.135000001366,-3.041265875)
  );
#12112 = CARTESIAN_POINT('',(-4.150584863983E-15,6.197500001366,
    -3.041265875));
#12113 = CARTESIAN_POINT('',(-1.259733572207,6.260000001366,-3.041265875
    ));
#12114 = CARTESIAN_POINT('',(-2.150499723604,6.322500001366,
    -2.150499723604));
#12115 = CARTESIAN_POINT('',(-3.041265875,6.385000001366,-1.259733572207
    ));
#12116 = CARTESIAN_POINT('',(-3.041265875,6.447500001366,
    -1.425023545973E-14));
#12117 = CARTESIAN_POINT('',(-3.041265875,6.510000001366,1.259733572207)
  );
#12118 = CARTESIAN_POINT('',(-2.150499723604,6.572500001366,
    2.150499723604));
#12119 = CARTESIAN_POINT('',(-1.259733572207,6.635000001366,3.041265875)
  );
#12120 = CARTESIAN_POINT('',(-4.895480167818E-15,6.697500001366,
    3.041265875));
#12121 = CARTESIAN_POINT('',(1.259733572207,6.760000001366,3.041265875)
  );
#12122 = CARTESIAN_POINT('',(2.150499723604,6.822500001366,
    2.150499723604));
#12123 = CARTESIAN_POINT('',(3.041265875,6.885000001366,1.259733572207)
  );
#12124 = CARTESIAN_POINT('',(3.041265875,6.947500001366,
    -1.387778780781E-14));
#12125 = CARTESIAN_POINT('',(3.041265875,7.010000001366,-1.259733572207)
  );
#12126 = CARTESIAN_POINT('',(2.150499723604,7.072500001366,
    -2.150499723604));
#12127 = CARTESIAN_POINT('',(1.259733572207,7.135000001366,-3.041265875)
  );
#12128 = CARTESIAN_POINT('',(-4.150584863983E-15,7.197500001366,
    -3.041265875));
#12129 = CARTESIAN_POINT('',(-1.259733572207,7.260000001366,-3.041265875
    ));
#12130 = CARTESIAN_POINT('',(-2.150499723604,7.322500001366,
    -2.150499723604));
#12131 = CARTESIAN_POINT('',(-3.041265875,7.385000001366,-1.259733572207
    ));
#12132 = CARTESIAN_POINT('',(-3.041265875,7.447500001366,
    -1.425023545973E-14));
#12133 = CARTESIAN_POINT('',(-3.041265875,7.510000001366,1.259733572207)
  );
#12134 = CARTESIAN_POINT('',(-2.150499723604,7.572500001366,
    2.150499723604));
#12135 = CARTESIAN_POINT('',(-1.259733572207,7.635000001366,3.041265875)
  );
#12136 = CARTESIAN_POINT('',(-4.895480167818E-15,7.697500001366,
    3.041265875));
#12137 = CARTESIAN_POINT('',(1.259733572207,7.760000001366,3.041265875)
  );
#12138 = CARTESIAN_POINT('',(2.150499723604,7.822500001366,
    2.150499723604));
#12139 = CARTESIAN_POINT('',(3.041265875,7.885000001366,1.259733572207)
  );
#12140 = CARTESIAN_POINT('',(3.041265875,7.947500001366,
    -1.387778780781E-14));
#12141 = CARTESIAN_POINT('',(3.041265875,8.010000001366,-1.259733572207)
  );
#12142 = CARTESIAN_POINT('',(2.150499723604,8.072500001366,
    -2.150499723604));
#12143 = CARTESIAN_POINT('',(1.259733572207,8.135000001366,-3.041265875)
  );
#12144 = CARTESIAN_POINT('',(-4.150584863983E-15,8.197500001366,
    -3.041265875));
#12145 = CARTESIAN_POINT('',(-1.259733572207,8.260000001366,-3.041265875
    ));
#12146 = CARTESIAN_POINT('',(-2.150499723604,8.322500001366,
    -2.150499723604));
#12147 = CARTESIAN_POINT('',(-3.041265875,8.385000001366,-1.259733572207
    ));
#12148 = CARTESIAN_POINT('',(-3.041265875,8.447500001366,
    -1.425023545973E-14));
#12149 = CARTESIAN_POINT('',(-3.041265875,8.510000001366,1.259733572207)
  );
#12150 = CARTESIAN_POINT('',(-2.150499723604,8.572500001366,
    2.150499723604));
#12151 = CARTESIAN_POINT('',(-1.259733572207,8.635000001366,3.041265875)
  );
#12152 = CARTESIAN_POINT('',(-4.895480167818E-15,8.697500001366,
    3.041265875));
#12153 = CARTESIAN_POINT('',(1.259733572207,8.760000001366,3.041265875)
  );
#12154 = CARTESIAN_POINT('',(2.150499723604,8.822500001366,
    2.150499723604));
#12155 = CARTESIAN_POINT('',(3.041265875,8.885000001366,1.259733572207)
  );
#12156 = CARTESIAN_POINT('',(3.041265875,8.947500001366,
    -1.387778780781E-14));
#12157 = ADVANCED_FACE('',(#12158),#12165,.T.);
#12158 = FACE_BOUND('',#12159,.T.);
#12159 = EDGE_LOOP('',(#12160,#12161,#12162,#12163,#12164));
#12160 = ORIENTED_EDGE('',*,*,#10238,.T.);
#12161 = ORIENTED_EDGE('',*,*,#11757,.T.);
#12162 = ORIENTED_EDGE('',*,*,#10464,.F.);
#12163 = ORIENTED_EDGE('',*,*,#10899,.F.);
#12164 = ORIENTED_EDGE('',*,*,#10264,.F.);
#12165 = ( BOUNDED_SURFACE() B_SPLINE_SURFACE(1,2,(
    (#12166,#12167,#12168,#12169,#12170,#12171,#12172,#12173,#12174
      ,#12175,#12176,#12177,#12178,#12179,#12180,#12181,#12182,#12183
      ,#12184,#12185,#12186,#12187,#12188,#12189,#12190,#12191,#12192
      ,#12193,#12194,#12195,#12196,#12197,#12198,#12199,#12200,#12201
      ,#12202,#12203,#12204,#12205,#12206,#12207,#12208,#12209,#12210
      ,#12211,#12212,#12213,#12214,#12215,#12216,#12217,#12218,#12219
      ,#12220,#12221,#12222,#12223,#12224,#12225,#12226,#12227,#12228
      ,#12229,#12230,#12231,#12232,#12233,#12234,#12235,#12236,#12237
      ,#12238,#12239,#12240,#12241,#12242,#12243,#12244,#12245,#12246
      ,#12247,#12248,#12249,#12250,#12251,#12252,#12253,#12254,#12255
      ,#12256,#12257,#12258,#12259,#12260,#12261,#12262,#12263,#12264
      ,#12265,#12266,#12267,#12268,#12269,#12270,#12271,#12272,#12273
      ,#12274,#12275,#12276,#12277,#12278,#12279,#12280,#12281,#12282
      ,#12283,#12284,#12285,#12286,#12287,#12288,#12289,#12290,#12291
      ,#12292,#12293,#12294,#12295,#12296,#12297,#12298,#12299,#12300
      ,#12301,#12302,#12303,#12304,#12305,#12306,#12307,#12308,#12309
      ,#12310)
    ,(#12311,#12312,#12313,#12314,#12315,#12316,#12317,#12318,#12319
      ,#12320,#12321,#12322,#12323,#12324,#12325,#12326,#12327,#12328
      ,#12329,#12330,#12331,#12332,#12333,#12334,#12335,#12336,#12337
      ,#12338,#12339,#12340,#12341,#12342,#12343,#12344,#12345,#12346
      ,#12347,#12348,#12349,#12350,#12351,#12352,#12353,#12354,#12355
      ,#12356,#12357,#12358,#12359,#12360,#12361,#12362,#12363,#12364
      ,#12365,#12366,#12367,#12368,#12369,#12370,#12371,#12372,#12373
      ,#12374,#12375,#12376,#12377,#12378,#12379,#12380,#12381,#12382
      ,#12383,#12384,#12385,#12386,#12387,#12388,#12389,#12390,#12391
      ,#12392,#12393,#12394,#12395,#12396,#12397,#12398,#12399,#12400
      ,#12401,#12402,#12403,#12404,#12405,#12406,#12407,#12408,#12409
      ,#12410,#12411,#12412,#12413,#12414,#12415,#12416,#12417,#12418
      ,#12419,#12420,#12421,#12422,#12423,#12424,#12425,#12426,#12427
      ,#12428,#12429,#12430,#12431,#12432,#12433,#12434,#12435,#12436
      ,#12437,#12438,#12439,#12440,#12441,#12442,#12443,#12444,#12445
      ,#12446,#12447,#12448,#12449,#12450,#12451,#12452,#12453,#12454
,#12455
    )),.UNSPECIFIED.,.F.,.F.,.F.) B_SPLINE_SURFACE_WITH_KNOTS((2,2),(3,2
    ,2,2,2,2,2,2,2,2,2,2,2,2,2,2,2,2,2,2,2,2,2,2,2,2,2,2,2,2,2,2,2,2,2,2
    ,2,2,2,2,2,2,2,2,2,2,2,2,2,2,2,2,2,2,2,2,2,2,2,2,2,2,2,2,2,2,2,2,2,2
    ,2,2,3),(0.,1.),(0.,1.388888888889E-02,2.777777777778E-02,
    4.166666666667E-02,5.555555555556E-02,6.944444444444E-02,
    8.333333333333E-02,9.722222222222E-02,0.111111111111,0.125,
    0.138888888889,0.152777777778,0.166666666667,0.180555555556,
    0.194444444444,0.208333333333,0.222222222222,0.236111111111,0.25,
    0.263888888889,0.277777777778,0.291666666667,0.305555555556,
    0.319444444444,0.333333333333,0.347222222222,0.361111111111,0.375,
    0.388888888889,0.402777777778,0.416666666667,0.430555555556,
    0.444444444444,0.458333333333,0.472222222222,0.486111111111,0.5,
    0.513888888889,0.527777777778,0.541666666667,0.555555555556,
    0.569444444444,0.583333333333,0.597222222222,0.611111111111,0.625,
    0.638888888889,0.652777777778,0.666666666667,0.680555555556,
    0.694444444444,0.708333333333,0.722222222222,0.736111111111,0.75,
    0.763888888889,0.777777777778,0.791666666667,0.805555555556,
    0.819444444444,0.833333333333,0.847222222222,0.861111111111,0.875,
    0.888888888889,0.902777777778,0.916666666667,0.930555555556,
    0.944444444444,0.958333333333,0.972222222222,0.986111111111,1.),
.PIECEWISE_BEZIER_KNOTS.) GEOMETRIC_REPRESENTATION_ITEM() 
RATIONAL_B_SPLINE_SURFACE((
    (1.,0.923879532511,1.,0.923879532511,1.,0.923879532511,1.
      ,0.923879532511,1.,0.923879532511,1.,0.923879532511,1.
      ,0.923879532511,1.,0.923879532511,1.,0.923879532511,1.
      ,0.923879532511,1.,0.923879532511,1.,0.923879532511,1.
      ,0.923879532511,1.,0.923879532511,1.,0.923879532511,1.
      ,0.923879532511,1.,0.923879532511,1.,0.923879532511,1.
      ,0.923879532511,1.,0.923879532511,1.,0.923879532511,1.
      ,0.923879532511,1.,0.923879532511,1.,0.923879532511,1.
      ,0.923879532511,1.,0.923879532511,1.,0.923879532511,1.
      ,0.923879532511,1.,0.923879532511,1.,0.923879532511,1.
      ,0.923879532511,1.,0.923879532511,1.,0.923879532511,1.
      ,0.923879532511,1.,0.923879532511,1.,0.923879532511,1.
      ,0.923879532511,1.,0.923879532511,1.,0.923879532511,1.
      ,0.923879532511,1.,0.923879532511,1.,0.923879532511,1.
      ,0.923879532511,1.,0.923879532511,1.,0.923879532511,1.
      ,0.923879532511,1.,0.923879532511,1.,0.923879532511,1.
      ,0.923879532511,1.,0.923879532511,1.,0.923879532511,1.
      ,0.923879532511,1.,0.923879532511,1.,0.923879532511,1.
      ,0.923879532511,1.,0.923879532511,1.,0.923879532511,1.
      ,0.923879532511,1.,0.923879532511,1.,0.923879532511,1.
      ,0.923879532511,1.,0.923879532511,1.,0.923879532511,1.
      ,0.923879532511,1.,0.923879532511,1.,0.923879532511,1.
      ,0.923879532511,1.,0.923879532511,1.,0.923879532511,1.
      ,0.923879532511,1.,0.923879532511,1.,0.923879532511,1.)
    ,(1.,0.923879532511,1.,0.923879532511,1.,0.923879532511,1.
      ,0.923879532511,1.,0.923879532511,1.,0.923879532511,1.
      ,0.923879532511,1.,0.923879532511,1.,0.923879532511,1.
      ,0.923879532511,1.,0.923879532511,1.,0.923879532511,1.
      ,0.923879532511,1.,0.923879532511,1.,0.923879532511,1.
      ,0.923879532511,1.,0.923879532511,1.,0.923879532511,1.
      ,0.923879532511,1.,0.923879532511,1.,0.923879532511,1.
      ,0.923879532511,1.,0.923879532511,1.,0.923879532511,1.
      ,0.923879532511,1.,0.923879532511,1.,0.923879532511,1.
      ,0.923879532511,1.,0.923879532511,1.,0.923879532511,1.
      ,0.923879532511,1.,0.923879532511,1.,0.923879532511,1.
      ,0.923879532511,1.,0.923879532511,1.,0.923879532511,1.
      ,0.923879532511,1.,0.923879532511,1.,0.923879532511,1.
      ,0.923879532511,1.,0.923879532511,1.,0.923879532511,1.
      ,0.923879532511,1.,0.923879532511,1.,0.923879532511,1.
      ,0.923879532511,1.,0.923879532511,1.,0.923879532511,1.
      ,0.923879532511,1.,0.923879532511,1.,0.923879532511,1.
      ,0.923879532511,1.,0.923879532511,1.,0.923879532511,1.
      ,0.923879532511,1.,0.923879532511,1.,0.923879532511,1.
      ,0.923879532511,1.,0.923879532511,1.,0.923879532511,1.
      ,0.923879532511,1.,0.923879532511,1.,0.923879532511,1.
      ,0.923879532511,1.,0.923879532511,1.,0.923879532511,1.
      ,0.923879532511,1.,0.923879532511,1.,0.923879532511,1.
      ,0.923879532511,1.,0.923879532511,1.,0.923879532511,1.
))) REPRESENTATION_ITEM('') SURFACE() );
#12166 = CARTESIAN_POINT('',(2.5,-0.614999997269,-1.387778780781E-14));
#12167 = CARTESIAN_POINT('',(2.5,-0.552499997269,-1.035533905933));
#12168 = CARTESIAN_POINT('',(1.767766952966,-0.489999997269,
    -1.767766952966));
#12169 = CARTESIAN_POINT('',(1.035533905933,-0.427499997269,-2.5));
#12170 = CARTESIAN_POINT('',(-4.183727840049E-15,-0.364999997269,-2.5));
#12171 = CARTESIAN_POINT('',(-1.035533905933,-0.302499997269,-2.5));
#12172 = CARTESIAN_POINT('',(-1.767766952966,-0.239999997269,
    -1.767766952966));
#12173 = CARTESIAN_POINT('',(-2.5,-0.177499997269,-1.035533905933));
#12174 = CARTESIAN_POINT('',(-2.5,-0.114999997269,-1.41839495076E-14));
#12175 = CARTESIAN_POINT('',(-2.5,-5.249999726882E-02,1.035533905933));
#12176 = CARTESIAN_POINT('',(-1.767766952966,1.000000273118E-02,
    1.767766952966));
#12177 = CARTESIAN_POINT('',(-1.035533905933,7.250000273118E-02,2.5));
#12178 = CARTESIAN_POINT('',(-4.796051239622E-15,0.135000002731,2.5));
#12179 = CARTESIAN_POINT('',(1.035533905933,0.197500002731,2.5));
#12180 = CARTESIAN_POINT('',(1.767766952966,0.260000002731,
    1.767766952966));
#12181 = CARTESIAN_POINT('',(2.5,0.322500002731,1.035533905933));
#12182 = CARTESIAN_POINT('',(2.5,0.385000002731,-1.387778780781E-14));
#12183 = CARTESIAN_POINT('',(2.5,0.447500002731,-1.035533905933));
#12184 = CARTESIAN_POINT('',(1.767766952966,0.510000002731,
    -1.767766952966));
#12185 = CARTESIAN_POINT('',(1.035533905933,0.572500002731,-2.5));
#12186 = CARTESIAN_POINT('',(-4.183727840049E-15,0.635000002731,-2.5));
#12187 = CARTESIAN_POINT('',(-1.035533905933,0.697500002731,-2.5));
#12188 = CARTESIAN_POINT('',(-1.767766952966,0.760000002731,
    -1.767766952966));
#12189 = CARTESIAN_POINT('',(-2.5,0.822500002731,-1.035533905933));
#12190 = CARTESIAN_POINT('',(-2.5,0.885000002731,-1.41839495076E-14));
#12191 = CARTESIAN_POINT('',(-2.5,0.947500002731,1.035533905933));
#12192 = CARTESIAN_POINT('',(-1.767766952966,1.010000002731,
    1.767766952966));
#12193 = CARTESIAN_POINT('',(-1.035533905933,1.072500002731,2.5));
#12194 = CARTESIAN_POINT('',(-4.796051239622E-15,1.135000002731,2.5));
#12195 = CARTESIAN_POINT('',(1.035533905933,1.197500002731,2.5));
#12196 = CARTESIAN_POINT('',(1.767766952966,1.260000002731,
    1.767766952966));
#12197 = CARTESIAN_POINT('',(2.5,1.322500002731,1.035533905933));
#12198 = CARTESIAN_POINT('',(2.5,1.385000002731,-1.387778780781E-14));
#12199 = CARTESIAN_POINT('',(2.5,1.447500002731,-1.035533905933));
#12200 = CARTESIAN_POINT('',(1.767766952966,1.510000002731,
    -1.767766952966));
#12201 = CARTESIAN_POINT('',(1.035533905933,1.572500002731,-2.5));
#12202 = CARTESIAN_POINT('',(-4.183727840049E-15,1.635000002731,-2.5));
#12203 = CARTESIAN_POINT('',(-1.035533905933,1.697500002731,-2.5));
#12204 = CARTESIAN_POINT('',(-1.767766952966,1.760000002731,
    -1.767766952966));
#12205 = CARTESIAN_POINT('',(-2.5,1.822500002731,-1.035533905933));
#12206 = CARTESIAN_POINT('',(-2.5,1.885000002731,-1.41839495076E-14));
#12207 = CARTESIAN_POINT('',(-2.5,1.947500002731,1.035533905933));
#12208 = CARTESIAN_POINT('',(-1.767766952966,2.010000002731,
    1.767766952966));
#12209 = CARTESIAN_POINT('',(-1.035533905933,2.072500002731,2.5));
#12210 = CARTESIAN_POINT('',(-4.796051239622E-15,2.135000002731,2.5));
#12211 = CARTESIAN_POINT('',(1.035533905933,2.197500002731,2.5));
#12212 = CARTESIAN_POINT('',(1.767766952966,2.260000002731,
    1.767766952966));
#12213 = CARTESIAN_POINT('',(2.5,2.322500002731,1.035533905933));
#12214 = CARTESIAN_POINT('',(2.5,2.385000002731,-1.387778780781E-14));
#12215 = CARTESIAN_POINT('',(2.5,2.447500002731,-1.035533905933));
#12216 = CARTESIAN_POINT('',(1.767766952966,2.510000002731,
    -1.767766952966));
#12217 = CARTESIAN_POINT('',(1.035533905933,2.572500002731,-2.5));
#12218 = CARTESIAN_POINT('',(-4.183727840049E-15,2.635000002731,-2.5));
#12219 = CARTESIAN_POINT('',(-1.035533905933,2.697500002731,-2.5));
#12220 = CARTESIAN_POINT('',(-1.767766952966,2.760000002731,
    -1.767766952966));
#12221 = CARTESIAN_POINT('',(-2.5,2.822500002731,-1.035533905933));
#12222 = CARTESIAN_POINT('',(-2.5,2.885000002731,-1.41839495076E-14));
#12223 = CARTESIAN_POINT('',(-2.5,2.947500002731,1.035533905933));
#12224 = CARTESIAN_POINT('',(-1.767766952966,3.010000002731,
    1.767766952966));
#12225 = CARTESIAN_POINT('',(-1.035533905933,3.072500002731,2.5));
#12226 = CARTESIAN_POINT('',(-4.796051239622E-15,3.135000002731,2.5));
#12227 = CARTESIAN_POINT('',(1.035533905933,3.197500002731,2.5));
#12228 = CARTESIAN_POINT('',(1.767766952966,3.260000002731,
    1.767766952966));
#12229 = CARTESIAN_POINT('',(2.5,3.322500002731,1.035533905933));
#12230 = CARTESIAN_POINT('',(2.5,3.385000002731,-1.387778780781E-14));
#12231 = CARTESIAN_POINT('',(2.5,3.447500002731,-1.035533905933));
#12232 = CARTESIAN_POINT('',(1.767766952966,3.510000002731,
    -1.767766952966));
#12233 = CARTESIAN_POINT('',(1.035533905933,3.572500002731,-2.5));
#12234 = CARTESIAN_POINT('',(-4.183727840049E-15,3.635000002731,-2.5));
#12235 = CARTESIAN_POINT('',(-1.035533905933,3.697500002731,-2.5));
#12236 = CARTESIAN_POINT('',(-1.767766952966,3.760000002731,
    -1.767766952966));
#12237 = CARTESIAN_POINT('',(-2.5,3.822500002731,-1.035533905933));
#12238 = CARTESIAN_POINT('',(-2.5,3.885000002731,-1.41839495076E-14));
#12239 = CARTESIAN_POINT('',(-2.5,3.947500002731,1.035533905933));
#12240 = CARTESIAN_POINT('',(-1.767766952966,4.010000002731,
    1.767766952966));
#12241 = CARTESIAN_POINT('',(-1.035533905933,4.072500002731,2.5));
#12242 = CARTESIAN_POINT('',(-4.796051239622E-15,4.135000002731,2.5));
#12243 = CARTESIAN_POINT('',(1.035533905933,4.197500002731,2.5));
#12244 = CARTESIAN_POINT('',(1.767766952966,4.260000002731,
    1.767766952966));
#12245 = CARTESIAN_POINT('',(2.5,4.322500002731,1.035533905933));
#12246 = CARTESIAN_POINT('',(2.5,4.385000002731,-1.387778780781E-14));
#12247 = CARTESIAN_POINT('',(2.5,4.447500002731,-1.035533905933));
#12248 = CARTESIAN_POINT('',(1.767766952966,4.510000002731,
    -1.767766952966));
#12249 = CARTESIAN_POINT('',(1.035533905933,4.572500002731,-2.5));
#12250 = CARTESIAN_POINT('',(-4.183727840049E-15,4.635000002731,-2.5));
#12251 = CARTESIAN_POINT('',(-1.035533905933,4.697500002731,-2.5));
#12252 = CARTESIAN_POINT('',(-1.767766952966,4.760000002731,
    -1.767766952966));
#12253 = CARTESIAN_POINT('',(-2.5,4.822500002731,-1.035533905933));
#12254 = CARTESIAN_POINT('',(-2.5,4.885000002731,-1.41839495076E-14));
#12255 = CARTESIAN_POINT('',(-2.5,4.947500002731,1.035533905933));
#12256 = CARTESIAN_POINT('',(-1.767766952966,5.010000002731,
    1.767766952966));
#12257 = CARTESIAN_POINT('',(-1.035533905933,5.072500002731,2.5));
#12258 = CARTESIAN_POINT('',(-4.796051239622E-15,5.135000002731,2.5));
#12259 = CARTESIAN_POINT('',(1.035533905933,5.197500002731,2.5));
#12260 = CARTESIAN_POINT('',(1.767766952966,5.260000002731,
    1.767766952966));
#12261 = CARTESIAN_POINT('',(2.5,5.322500002731,1.035533905933));
#12262 = CARTESIAN_POINT('',(2.5,5.385000002731,-1.387778780781E-14));
#12263 = CARTESIAN_POINT('',(2.5,5.447500002731,-1.035533905933));
#12264 = CARTESIAN_POINT('',(1.767766952966,5.510000002731,
    -1.767766952966));
#12265 = CARTESIAN_POINT('',(1.035533905933,5.572500002731,-2.5));
#12266 = CARTESIAN_POINT('',(-4.183727840049E-15,5.635000002731,-2.5));
#12267 = CARTESIAN_POINT('',(-1.035533905933,5.697500002731,-2.5));
#12268 = CARTESIAN_POINT('',(-1.767766952966,5.760000002731,
    -1.767766952966));
#12269 = CARTESIAN_POINT('',(-2.5,5.822500002731,-1.035533905933));
#12270 = CARTESIAN_POINT('',(-2.5,5.885000002731,-1.41839495076E-14));
#12271 = CARTESIAN_POINT('',(-2.5,5.947500002731,1.035533905933));
#12272 = CARTESIAN_POINT('',(-1.767766952966,6.010000002731,
    1.767766952966));
#12273 = CARTESIAN_POINT('',(-1.035533905933,6.072500002731,2.5));
#12274 = CARTESIAN_POINT('',(-4.796051239622E-15,6.135000002731,2.5));
#12275 = CARTESIAN_POINT('',(1.035533905933,6.197500002731,2.5));
#12276 = CARTESIAN_POINT('',(1.767766952966,6.260000002731,
    1.767766952966));
#12277 = CARTESIAN_POINT('',(2.5,6.322500002731,1.035533905933));
#12278 = CARTESIAN_POINT('',(2.5,6.385000002731,-1.387778780781E-14));
#12279 = CARTESIAN_POINT('',(2.5,6.447500002731,-1.035533905933));
#12280 = CARTESIAN_POINT('',(1.767766952966,6.510000002731,
    -1.767766952966));
#12281 = CARTESIAN_POINT('',(1.035533905933,6.572500002731,-2.5));
#12282 = CARTESIAN_POINT('',(-4.183727840049E-15,6.635000002731,-2.5));
#12283 = CARTESIAN_POINT('',(-1.035533905933,6.697500002731,-2.5));
#12284 = CARTESIAN_POINT('',(-1.767766952966,6.760000002731,
    -1.767766952966));
#12285 = CARTESIAN_POINT('',(-2.5,6.822500002731,-1.035533905933));
#12286 = CARTESIAN_POINT('',(-2.5,6.885000002731,-1.41839495076E-14));
#12287 = CARTESIAN_POINT('',(-2.5,6.947500002731,1.035533905933));
#12288 = CARTESIAN_POINT('',(-1.767766952966,7.010000002731,
    1.767766952966));
#12289 = CARTESIAN_POINT('',(-1.035533905933,7.072500002731,2.5));
#12290 = CARTESIAN_POINT('',(-4.796051239622E-15,7.135000002731,2.5));
#12291 = CARTESIAN_POINT('',(1.035533905933,7.197500002731,2.5));
#12292 = CARTESIAN_POINT('',(1.767766952966,7.260000002731,
    1.767766952966));
#12293 = CARTESIAN_POINT('',(2.5,7.322500002731,1.035533905933));
#12294 = CARTESIAN_POINT('',(2.5,7.385000002731,-1.387778780781E-14));
#12295 = CARTESIAN_POINT('',(2.5,7.447500002731,-1.035533905933));
#12296 = CARTESIAN_POINT('',(1.767766952966,7.510000002731,
    -1.767766952966));
#12297 = CARTESIAN_POINT('',(1.035533905933,7.572500002731,-2.5));
#12298 = CARTESIAN_POINT('',(-4.183727840049E-15,7.635000002731,-2.5));
#12299 = CARTESIAN_POINT('',(-1.035533905933,7.697500002731,-2.5));
#12300 = CARTESIAN_POINT('',(-1.767766952966,7.760000002731,
    -1.767766952966));
#12301 = CARTESIAN_POINT('',(-2.5,7.822500002731,-1.035533905933));
#12302 = CARTESIAN_POINT('',(-2.5,7.885000002731,-1.41839495076E-14));
#12303 = CARTESIAN_POINT('',(-2.5,7.947500002731,1.035533905933));
#12304 = CARTESIAN_POINT('',(-1.767766952966,8.010000002731,
    1.767766952966));
#12305 = CARTESIAN_POINT('',(-1.035533905933,8.072500002731,2.5));
#12306 = CARTESIAN_POINT('',(-4.796051239622E-15,8.135000002731,2.5));
#12307 = CARTESIAN_POINT('',(1.035533905933,8.197500002731,2.5));
#12308 = CARTESIAN_POINT('',(1.767766952966,8.260000002731,
    1.767766952966));
#12309 = CARTESIAN_POINT('',(2.5,8.322500002731,1.035533905933));
#12310 = CARTESIAN_POINT('',(2.5,8.385000002731,-1.387778780781E-14));
#12311 = CARTESIAN_POINT('',(3.041265875,-0.302499998634,
    -1.387778780781E-14));
#12312 = CARTESIAN_POINT('',(3.041265875,-0.239999998634,-1.259733572207
    ));
#12313 = CARTESIAN_POINT('',(2.150499723604,-0.177499998634,
    -2.150499723604));
#12314 = CARTESIAN_POINT('',(1.259733572207,-0.114999998634,-3.041265875
    ));
#12315 = CARTESIAN_POINT('',(-4.150584863983E-15,-5.249999863441E-02,
    -3.041265875));
#12316 = CARTESIAN_POINT('',(-1.259733572207,1.000000136559E-02,
    -3.041265875));
#12317 = CARTESIAN_POINT('',(-2.150499723604,7.250000136559E-02,
    -2.150499723604));
#12318 = CARTESIAN_POINT('',(-3.041265875,0.135000001366,-1.259733572207
    ));
#12319 = CARTESIAN_POINT('',(-3.041265875,0.197500001366,
    -1.425023545973E-14));
#12320 = CARTESIAN_POINT('',(-3.041265875,0.260000001366,1.259733572207)
  );
#12321 = CARTESIAN_POINT('',(-2.150499723604,0.322500001366,
    2.150499723604));
#12322 = CARTESIAN_POINT('',(-1.259733572207,0.385000001366,3.041265875)
  );
#12323 = CARTESIAN_POINT('',(-4.895480167818E-15,0.447500001366,
    3.041265875));
#12324 = CARTESIAN_POINT('',(1.259733572207,0.510000001366,3.041265875)
  );
#12325 = CARTESIAN_POINT('',(2.150499723604,0.572500001366,
    2.150499723604));
#12326 = CARTESIAN_POINT('',(3.041265875,0.635000001366,1.259733572207)
  );
#12327 = CARTESIAN_POINT('',(3.041265875,0.697500001366,
    -1.387778780781E-14));
#12328 = CARTESIAN_POINT('',(3.041265875,0.760000001366,-1.259733572207)
  );
#12329 = CARTESIAN_POINT('',(2.150499723604,0.822500001366,
    -2.150499723604));
#12330 = CARTESIAN_POINT('',(1.259733572207,0.885000001366,-3.041265875)
  );
#12331 = CARTESIAN_POINT('',(-4.150584863983E-15,0.947500001366,
    -3.041265875));
#12332 = CARTESIAN_POINT('',(-1.259733572207,1.010000001366,-3.041265875
    ));
#12333 = CARTESIAN_POINT('',(-2.150499723604,1.072500001366,
    -2.150499723604));
#12334 = CARTESIAN_POINT('',(-3.041265875,1.135000001366,-1.259733572207
    ));
#12335 = CARTESIAN_POINT('',(-3.041265875,1.197500001366,
    -1.425023545973E-14));
#12336 = CARTESIAN_POINT('',(-3.041265875,1.260000001366,1.259733572207)
  );
#12337 = CARTESIAN_POINT('',(-2.150499723604,1.322500001366,
    2.150499723604));
#12338 = CARTESIAN_POINT('',(-1.259733572207,1.385000001366,3.041265875)
  );
#12339 = CARTESIAN_POINT('',(-4.895480167818E-15,1.447500001366,
    3.041265875));
#12340 = CARTESIAN_POINT('',(1.259733572207,1.510000001366,3.041265875)
  );
#12341 = CARTESIAN_POINT('',(2.150499723604,1.572500001366,
    2.150499723604));
#12342 = CARTESIAN_POINT('',(3.041265875,1.635000001366,1.259733572207)
  );
#12343 = CARTESIAN_POINT('',(3.041265875,1.697500001366,
    -1.387778780781E-14));
#12344 = CARTESIAN_POINT('',(3.041265875,1.760000001366,-1.259733572207)
  );
#12345 = CARTESIAN_POINT('',(2.150499723604,1.822500001366,
    -2.150499723604));
#12346 = CARTESIAN_POINT('',(1.259733572207,1.885000001366,-3.041265875)
  );
#12347 = CARTESIAN_POINT('',(-4.150584863983E-15,1.947500001366,
    -3.041265875));
#12348 = CARTESIAN_POINT('',(-1.259733572207,2.010000001366,-3.041265875
    ));
#12349 = CARTESIAN_POINT('',(-2.150499723604,2.072500001366,
    -2.150499723604));
#12350 = CARTESIAN_POINT('',(-3.041265875,2.135000001366,-1.259733572207
    ));
#12351 = CARTESIAN_POINT('',(-3.041265875,2.197500001366,
    -1.425023545973E-14));
#12352 = CARTESIAN_POINT('',(-3.041265875,2.260000001366,1.259733572207)
  );
#12353 = CARTESIAN_POINT('',(-2.150499723604,2.322500001366,
    2.150499723604));
#12354 = CARTESIAN_POINT('',(-1.259733572207,2.385000001366,3.041265875)
  );
#12355 = CARTESIAN_POINT('',(-4.895480167818E-15,2.447500001366,
    3.041265875));
#12356 = CARTESIAN_POINT('',(1.259733572207,2.510000001366,3.041265875)
  );
#12357 = CARTESIAN_POINT('',(2.150499723604,2.572500001366,
    2.150499723604));
#12358 = CARTESIAN_POINT('',(3.041265875,2.635000001366,1.259733572207)
  );
#12359 = CARTESIAN_POINT('',(3.041265875,2.697500001366,
    -1.387778780781E-14));
#12360 = CARTESIAN_POINT('',(3.041265875,2.760000001366,-1.259733572207)
  );
#12361 = CARTESIAN_POINT('',(2.150499723604,2.822500001366,
    -2.150499723604));
#12362 = CARTESIAN_POINT('',(1.259733572207,2.885000001366,-3.041265875)
  );
#12363 = CARTESIAN_POINT('',(-4.150584863983E-15,2.947500001366,
    -3.041265875));
#12364 = CARTESIAN_POINT('',(-1.259733572207,3.010000001366,-3.041265875
    ));
#12365 = CARTESIAN_POINT('',(-2.150499723604,3.072500001366,
    -2.150499723604));
#12366 = CARTESIAN_POINT('',(-3.041265875,3.135000001366,-1.259733572207
    ));
#12367 = CARTESIAN_POINT('',(-3.041265875,3.197500001366,
    -1.425023545973E-14));
#12368 = CARTESIAN_POINT('',(-3.041265875,3.260000001366,1.259733572207)
  );
#12369 = CARTESIAN_POINT('',(-2.150499723604,3.322500001366,
    2.150499723604));
#12370 = CARTESIAN_POINT('',(-1.259733572207,3.385000001366,3.041265875)
  );
#12371 = CARTESIAN_POINT('',(-4.895480167818E-15,3.447500001366,
    3.041265875));
#12372 = CARTESIAN_POINT('',(1.259733572207,3.510000001366,3.041265875)
  );
#12373 = CARTESIAN_POINT('',(2.150499723604,3.572500001366,
    2.150499723604));
#12374 = CARTESIAN_POINT('',(3.041265875,3.635000001366,1.259733572207)
  );
#12375 = CARTESIAN_POINT('',(3.041265875,3.697500001366,
    -1.387778780781E-14));
#12376 = CARTESIAN_POINT('',(3.041265875,3.760000001366,-1.259733572207)
  );
#12377 = CARTESIAN_POINT('',(2.150499723604,3.822500001366,
    -2.150499723604));
#12378 = CARTESIAN_POINT('',(1.259733572207,3.885000001366,-3.041265875)
  );
#12379 = CARTESIAN_POINT('',(-4.150584863983E-15,3.947500001366,
    -3.041265875));
#12380 = CARTESIAN_POINT('',(-1.259733572207,4.010000001366,-3.041265875
    ));
#12381 = CARTESIAN_POINT('',(-2.150499723604,4.072500001366,
    -2.150499723604));
#12382 = CARTESIAN_POINT('',(-3.041265875,4.135000001366,-1.259733572207
    ));
#12383 = CARTESIAN_POINT('',(-3.041265875,4.197500001366,
    -1.425023545973E-14));
#12384 = CARTESIAN_POINT('',(-3.041265875,4.260000001366,1.259733572207)
  );
#12385 = CARTESIAN_POINT('',(-2.150499723604,4.322500001366,
    2.150499723604));
#12386 = CARTESIAN_POINT('',(-1.259733572207,4.385000001366,3.041265875)
  );
#12387 = CARTESIAN_POINT('',(-4.895480167818E-15,4.447500001366,
    3.041265875));
#12388 = CARTESIAN_POINT('',(1.259733572207,4.510000001366,3.041265875)
  );
#12389 = CARTESIAN_POINT('',(2.150499723604,4.572500001366,
    2.150499723604));
#12390 = CARTESIAN_POINT('',(3.041265875,4.635000001366,1.259733572207)
  );
#12391 = CARTESIAN_POINT('',(3.041265875,4.697500001366,
    -1.387778780781E-14));
#12392 = CARTESIAN_POINT('',(3.041265875,4.760000001366,-1.259733572207)
  );
#12393 = CARTESIAN_POINT('',(2.150499723604,4.822500001366,
    -2.150499723604));
#12394 = CARTESIAN_POINT('',(1.259733572207,4.885000001366,-3.041265875)
  );
#12395 = CARTESIAN_POINT('',(-4.150584863983E-15,4.947500001366,
    -3.041265875));
#12396 = CARTESIAN_POINT('',(-1.259733572207,5.010000001366,-3.041265875
    ));
#12397 = CARTESIAN_POINT('',(-2.150499723604,5.072500001366,
    -2.150499723604));
#12398 = CARTESIAN_POINT('',(-3.041265875,5.135000001366,-1.259733572207
    ));
#12399 = CARTESIAN_POINT('',(-3.041265875,5.197500001366,
    -1.425023545973E-14));
#12400 = CARTESIAN_POINT('',(-3.041265875,5.260000001366,1.259733572207)
  );
#12401 = CARTESIAN_POINT('',(-2.150499723604,5.322500001366,
    2.150499723604));
#12402 = CARTESIAN_POINT('',(-1.259733572207,5.385000001366,3.041265875)
  );
#12403 = CARTESIAN_POINT('',(-4.895480167818E-15,5.447500001366,
    3.041265875));
#12404 = CARTESIAN_POINT('',(1.259733572207,5.510000001366,3.041265875)
  );
#12405 = CARTESIAN_POINT('',(2.150499723604,5.572500001366,
    2.150499723604));
#12406 = CARTESIAN_POINT('',(3.041265875,5.635000001366,1.259733572207)
  );
#12407 = CARTESIAN_POINT('',(3.041265875,5.697500001366,
    -1.387778780781E-14));
#12408 = CARTESIAN_POINT('',(3.041265875,5.760000001366,-1.259733572207)
  );
#12409 = CARTESIAN_POINT('',(2.150499723604,5.822500001366,
    -2.150499723604));
#12410 = CARTESIAN_POINT('',(1.259733572207,5.885000001366,-3.041265875)
  );
#12411 = CARTESIAN_POINT('',(-4.150584863983E-15,5.947500001366,
    -3.041265875));
#12412 = CARTESIAN_POINT('',(-1.259733572207,6.010000001366,-3.041265875
    ));
#12413 = CARTESIAN_POINT('',(-2.150499723604,6.072500001366,
    -2.150499723604));
#12414 = CARTESIAN_POINT('',(-3.041265875,6.135000001366,-1.259733572207
    ));
#12415 = CARTESIAN_POINT('',(-3.041265875,6.197500001366,
    -1.425023545973E-14));
#12416 = CARTESIAN_POINT('',(-3.041265875,6.260000001366,1.259733572207)
  );
#12417 = CARTESIAN_POINT('',(-2.150499723604,6.322500001366,
    2.150499723604));
#12418 = CARTESIAN_POINT('',(-1.259733572207,6.385000001366,3.041265875)
  );
#12419 = CARTESIAN_POINT('',(-4.895480167818E-15,6.447500001366,
    3.041265875));
#12420 = CARTESIAN_POINT('',(1.259733572207,6.510000001366,3.041265875)
  );
#12421 = CARTESIAN_POINT('',(2.150499723604,6.572500001366,
    2.150499723604));
#12422 = CARTESIAN_POINT('',(3.041265875,6.635000001366,1.259733572207)
  );
#12423 = CARTESIAN_POINT('',(3.041265875,6.697500001366,
    -1.387778780781E-14));
#12424 = CARTESIAN_POINT('',(3.041265875,6.760000001366,-1.259733572207)
  );
#12425 = CARTESIAN_POINT('',(2.150499723604,6.822500001366,
    -2.150499723604));
#12426 = CARTESIAN_POINT('',(1.259733572207,6.885000001366,-3.041265875)
  );
#12427 = CARTESIAN_POINT('',(-4.150584863983E-15,6.947500001366,
    -3.041265875));
#12428 = CARTESIAN_POINT('',(-1.259733572207,7.010000001366,-3.041265875
    ));
#12429 = CARTESIAN_POINT('',(-2.150499723604,7.072500001366,
    -2.150499723604));
#12430 = CARTESIAN_POINT('',(-3.041265875,7.135000001366,-1.259733572207
    ));
#12431 = CARTESIAN_POINT('',(-3.041265875,7.197500001366,
    -1.425023545973E-14));
#12432 = CARTESIAN_POINT('',(-3.041265875,7.260000001366,1.259733572207)
  );
#12433 = CARTESIAN_POINT('',(-2.150499723604,7.322500001366,
    2.150499723604));
#12434 = CARTESIAN_POINT('',(-1.259733572207,7.385000001366,3.041265875)
  );
#12435 = CARTESIAN_POINT('',(-4.895480167818E-15,7.447500001366,
    3.041265875));
#12436 = CARTESIAN_POINT('',(1.259733572207,7.510000001366,3.041265875)
  );
#12437 = CARTESIAN_POINT('',(2.150499723604,7.572500001366,
    2.150499723604));
#12438 = CARTESIAN_POINT('',(3.041265875,7.635000001366,1.259733572207)
  );
#12439 = CARTESIAN_POINT('',(3.041265875,7.697500001366,
    -1.387778780781E-14));
#12440 = CARTESIAN_POINT('',(3.041265875,7.760000001366,-1.259733572207)
  );
#12441 = CARTESIAN_POINT('',(2.150499723604,7.822500001366,
    -2.150499723604));
#12442 = CARTESIAN_POINT('',(1.259733572207,7.885000001366,-3.041265875)
  );
#12443 = CARTESIAN_POINT('',(-4.150584863983E-15,7.947500001366,
    -3.041265875));
#12444 = CARTESIAN_POINT('',(-1.259733572207,8.010000001366,-3.041265875
    ));
#12445 = CARTESIAN_POINT('',(-2.150499723604,8.072500001366,
    -2.150499723604));
#12446 = CARTESIAN_POINT('',(-3.041265875,8.135000001366,-1.259733572207
    ));
#12447 = CARTESIAN_POINT('',(-3.041265875,8.197500001366,
    -1.425023545973E-14));
#12448 = CARTESIAN_POINT('',(-3.041265875,8.260000001366,1.259733572207)
  );
#12449 = CARTESIAN_POINT('',(-2.150499723604,8.322500001366,
    2.150499723604));
#12450 = CARTESIAN_POINT('',(-1.259733572207,8.385000001366,3.041265875)
  );
#12451 = CARTESIAN_POINT('',(-4.895480167818E-15,8.447500001366,
    3.041265875));
#12452 = CARTESIAN_POINT('',(1.259733572207,8.510000001366,3.041265875)
  );
#12453 = CARTESIAN_POINT('',(2.150499723604,8.572500001366,
    2.150499723604));
#12454 = CARTESIAN_POINT('',(3.041265875,8.635000001366,1.259733572207)
  );
#12455 = CARTESIAN_POINT('',(3.041265875,8.697500001366,
    -1.387778780781E-14));
#12456 = ( GEOMETRIC_REPRESENTATION_CONTEXT(3) 
GLOBAL_UNCERTAINTY_ASSIGNED_CONTEXT((#12460)) 
GLOBAL_UNIT_ASSIGNED_CONTEXT((#12457,#12458,#12459)) 
REPRESENTATION_CONTEXT('Context #1',
  '3D Context with UNIT and UNCERTAINTY') );
#12457 = ( LENGTH_UNIT() NAMED_UNIT(*) SI_UNIT(.MILLI.,.METRE.) );
#12458 = ( NAMED_UNIT(*) PLANE_ANGLE_UNIT() SI_UNIT($,.RADIAN.) );
#12459 = ( NAMED_UNIT(*) SI_UNIT($,.STERADIAN.) SOLID_ANGLE_UNIT() );
#12460 = UNCERTAINTY_MEASURE_WITH_UNIT(LENGTH_MEASURE(1.E-04),#12457,
  'distance_accuracy_value','confusion accuracy');
#12461 = CONTEXT_DEPENDENT_SHAPE_REPRESENTATION(#12462,#12464);
#12462 = ( REPRESENTATION_RELATIONSHIP('','',#3981,#10) 
REPRESENTATION_RELATIONSHIP_WITH_TRANSFORMATION(#12463) 
SHAPE_REPRESENTATION_RELATIONSHIP() );
#12463 = ITEM_DEFINED_TRANSFORMATION('','',#11,#19);
#12464 = PRODUCT_DEFINITION_SHAPE('Placement','Placement of an item',
  #12465);
#12465 = NEXT_ASSEMBLY_USAGE_OCCURRENCE('11','Solid2','',#5,#3976,$);
#12466 = PRODUCT_RELATED_PRODUCT_CATEGORY('part',$,(#3978));
#12467 = SHAPE_DEFINITION_REPRESENTATION(#12468,#12474);
#12468 = PRODUCT_DEFINITION_SHAPE('','',#12469);
#12469 = PRODUCT_DEFINITION('design','',#12470,#12473);
#12470 = PRODUCT_DEFINITION_FORMATION('','',#12471);
#12471 = PRODUCT('Solid3','Solid3','',(#12472));
#12472 = PRODUCT_CONTEXT('',#2,'mechanical');
#12473 = PRODUCT_DEFINITION_CONTEXT('part definition',#2,'design');
#12474 = ADVANCED_BREP_SHAPE_REPRESENTATION('',(#11,#12475),#13078);
#12475 = MANIFOLD_SOLID_BREP('',#12476);
#12476 = CLOSED_SHELL('',(#12477,#12810,#12851,#12879,#12903,#12924,
    #12941,#12962,#13024,#13044,#13061));
#12477 = ADVANCED_FACE('',(#12478,#12794),#12805,.T.);
#12478 = FACE_BOUND('',#12479,.T.);
#12479 = EDGE_LOOP('',(#12480,#12639));
#12480 = ORIENTED_EDGE('',*,*,#12481,.T.);
#12481 = EDGE_CURVE('',#12482,#12484,#12486,.T.);
#12482 = VERTEX_POINT('',#12483);
#12483 = CARTESIAN_POINT('',(0.4,2.8,-2.567377022809E-17));
#12484 = VERTEX_POINT('',#12485);
#12485 = CARTESIAN_POINT('',(0.399737355586,-2.8,6.776263578034E-17));
#12486 = B_SPLINE_CURVE_WITH_KNOTS('',3,(#12487,#12488,#12489,#12490,
    #12491,#12492,#12493,#12494,#12495,#12496,#12497,#12498,#12499,
    #12500,#12501,#12502,#12503,#12504,#12505,#12506,#12507,#12508,
    #12509,#12510,#12511,#12512,#12513,#12514,#12515,#12516,#12517,
    #12518,#12519,#12520,#12521,#12522,#12523,#12524,#12525,#12526,
    #12527,#12528,#12529,#12530,#12531,#12532,#12533,#12534,#12535,
    #12536,#12537,#12538,#12539,#12540,#12541,#12542,#12543,#12544,
    #12545,#12546,#12547,#12548,#12549,#12550,#12551,#12552,#12553,
    #12554,#12555,#12556,#12557,#12558,#12559,#12560,#12561,#12562,
    #12563,#12564,#12565,#12566,#12567,#12568,#12569,#12570,#12571,
    #12572,#12573,#12574,#12575,#12576,#12577,#12578,#12579,#12580,
    #12581,#12582,#12583,#12584,#12585,#12586,#12587,#12588,#12589,
    #12590,#12591,#12592,#12593,#12594,#12595,#12596,#12597,#12598,
    #12599,#12600,#12601,#12602,#12603,#12604,#12605,#12606,#12607,
    #12608,#12609,#12610,#12611,#12612,#12613,#12614,#12615,#12616,
    #12617,#12618,#12619,#12620,#12621,#12622,#12623,#12624,#12625,
    #12626,#12627,#12628,#12629,#12630,#12631,#12632,#12633,#12634,
    #12635,#12636,#12637,#12638),.UNSPECIFIED.,.T.,.F.,(1,3,2,2,2,2,2,2,
    2,2,2,2,2,2,2,2,2,2,2,2,2,2,2,2,2,2,2,2,2,2,2,2,2,2,2,2,2,2,2,2,2,2,
    2,2,2,2,2,2,2,2,2,2,2,2,2,2,2,2,2,2,2,2,2,2,2,2,2,2,2,2,2,2,2,2,2,2,
    3,1),(-7.443501547716E-05,0.,7.443501547716E-05,1.488700309543E-04,
    2.977400619086E-04,5.954801238173E-04,1.190960247635E-03,
    1.488700309543E-03,1.786440371452E-03,2.084180433361E-03,
    2.381920495269E-03,2.679660557178E-03,2.977400619086E-03,
    3.051835634564E-03,3.126270650041E-03,3.200705665518E-03,
    3.275140680995E-03,3.424010711949E-03,3.572880742904E-03,
    4.168360866721E-03,4.46610092863E-03,4.763840990538E-03,
    5.061581052447E-03,5.359321114356E-03,5.954801238173E-03,
    6.103671269127E-03,6.252541300082E-03,6.326976315559E-03,
    6.401411331036E-03,6.55028136199E-03,6.848021423899E-03,
    7.145761485807E-03,7.443501547716E-03,7.741241609625E-03,
    8.038981671533E-03,8.336721733442E-03,8.932201857259E-03,
    9.229941919168E-03,9.378811950122E-03,9.453246965599E-03,
    9.527681981077E-03,9.602116996554E-03,9.676552012031E-03,
    9.825422042985E-03,1.012316210489E-02,1.071864222871E-02,
    1.101638229062E-02,1.131412235253E-02,1.190960247635E-02,
    1.220734253825E-02,1.250508260016E-02,1.257951761564E-02,
    1.265395263112E-02,1.272838764659E-02,1.280282266207E-02,
    1.295169269303E-02,1.310056272398E-02,1.36960428478E-02,
    1.399378290971E-02,1.429152297161E-02,1.488700309543E-02,
    1.548248321925E-02,1.56313532502E-02,1.578022328116E-02,
    1.585465829664E-02,1.592909331211E-02,1.607796334307E-02,
    1.637570340498E-02,1.667344346688E-02,1.72689235907E-02,
    1.756666365261E-02,1.786440371452E-02,1.845988383834E-02,
    1.875762390024E-02,1.89064939312E-02,1.898092894668E-02,
    1.905536396215E-02,1.912979897763E-02),.UNSPECIFIED.);
#12487 = CARTESIAN_POINT('',(0.4,2.8,3.388131789017E-17));
#12488 = CARTESIAN_POINT('',(0.400000008957,2.80000003071,
    2.524902463654E-02));
#12489 = CARTESIAN_POINT('',(0.396101051865,2.786298025686,
    4.778904558586E-02));
#12490 = CARTESIAN_POINT('',(0.387244947275,2.754692521681,
    8.499937714003E-02));
#12491 = CARTESIAN_POINT('',(0.382155222483,2.736338400313,
    0.100621147342));
#12492 = CARTESIAN_POINT('',(0.366445442345,2.678830926364,
    0.144685644018));
#12493 = CARTESIAN_POINT('',(0.355457876539,2.637506848943,
    0.169686465487));
#12494 = CARTESIAN_POINT('',(0.323334450549,2.51262604106,0.242009929321
    ));
#12495 = CARTESIAN_POINT('',(0.302699331949,2.426951903999,
    0.286328330206));
#12496 = CARTESIAN_POINT('',(0.246084780336,2.172284527633,
    0.425671978119));
#12497 = CARTESIAN_POINT('',(0.214964425559,2.004318954103,
    0.524331068305));
#12498 = CARTESIAN_POINT('',(0.185629624021,1.781209227028,
    0.717783042199));
#12499 = CARTESIAN_POINT('',(0.179008798874,1.713521899632,
    0.788512192214));
#12500 = CARTESIAN_POINT('',(0.174331492108,1.600620006566,
    0.950805404896));
#12501 = CARTESIAN_POINT('',(0.176784214818,1.559159117952,
    1.040708939925));
#12502 = CARTESIAN_POINT('',(0.189279851632,1.500810403157,
    1.227582550857));
#12503 = CARTESIAN_POINT('',(0.199275137286,1.483111775591,
    1.325018357797));
#12504 = CARTESIAN_POINT('',(0.223985783432,1.461866882939,
    1.517232110141));
#12505 = CARTESIAN_POINT('',(0.238820777156,1.458068561354,
    1.613355985071));
#12506 = CARTESIAN_POINT('',(0.272367621541,1.45712718441,1.805394683348
    ));
#12507 = CARTESIAN_POINT('',(0.291121001908,1.460203111145,
    1.901326463881));
#12508 = CARTESIAN_POINT('',(0.331391855678,1.46570193842,2.092678003636
    ));
#12509 = CARTESIAN_POINT('',(0.353348766945,1.470419861525,
    2.188497815077));
#12510 = CARTESIAN_POINT('',(0.379471031919,1.457286711555,
    2.307018399124));
#12511 = CARTESIAN_POINT('',(0.384647331957,1.453518272508,
    2.330852524041));
#12512 = CARTESIAN_POINT('',(0.393866219398,1.439951299307,
    2.376831889928));
#12513 = CARTESIAN_POINT('',(0.398221706709,1.4300079531,2.400319956325)
  );
#12514 = CARTESIAN_POINT('',(0.400964395448,1.39312616409,2.432759746801
    ));
#12515 = CARTESIAN_POINT('',(0.398245848499,1.366750275869,
    2.436988169654));
#12516 = CARTESIAN_POINT('',(0.390324204305,1.318616732803,
    2.432279066039));
#12517 = CARTESIAN_POINT('',(0.385347786463,1.295484449803,
    2.425030439761));
#12518 = CARTESIAN_POINT('',(0.370169397069,1.228879784435,
    2.399703347745));
#12519 = CARTESIAN_POINT('',(0.35927772365,1.186730661139,2.377081950386
    ));
#12520 = CARTESIAN_POINT('',(0.338038164711,1.103933128931,
    2.330278826859));
#12521 = CARTESIAN_POINT('',(0.327555340748,1.063274283122,
    2.305566249706));
#12522 = CARTESIAN_POINT('',(0.276755839039,0.860224968717,
    2.180943350266));
#12523 = CARTESIAN_POINT('',(0.241193548636,0.696796346774,
    2.077865822888));
#12524 = CARTESIAN_POINT('',(0.202864241055,0.435370803484,
    1.958550970684));
#12525 = CARTESIAN_POINT('',(0.192529125235,0.345795597477,
    1.924413843342));
#12526 = CARTESIAN_POINT('',(0.178423222134,0.158144724978,
    1.876445586074));
#12527 = CARTESIAN_POINT('',(0.174829903581,5.906837131034E-02,
    1.863310918026));
#12528 = CARTESIAN_POINT('',(0.177160085048,-0.134480430385,
    1.871661051675));
#12529 = CARTESIAN_POINT('',(0.18285203576,-0.231879220841,
    1.891911454754));
#12530 = CARTESIAN_POINT('',(0.200432328429,-0.41689618104,1.95042613344
    ));
#12531 = CARTESIAN_POINT('',(0.212264224039,-0.505528662231,
    1.988512412971));
#12532 = CARTESIAN_POINT('',(0.254736337683,-0.764799923276,
    2.117301841714));
#12533 = CARTESIAN_POINT('',(0.292466588448,-0.925913710724,
    2.223675936062));
#12534 = CARTESIAN_POINT('',(0.344960558512,-1.131033276547,
    2.345925851014));
#12535 = CARTESIAN_POINT('',(0.355739915117,-1.17240217114,
    2.369832329923));
#12536 = CARTESIAN_POINT('',(0.376982468481,-1.257915798413,
    2.411963129879));
#12537 = CARTESIAN_POINT('',(0.388223504577,-1.302244319642,
    2.433174934019));
#12538 = CARTESIAN_POINT('',(0.399269468099,-1.375261168287,
    2.436234174748));
#12539 = CARTESIAN_POINT('',(0.401072191325,-1.40082364848,
    2.428761942913));
#12540 = CARTESIAN_POINT('',(0.396949615234,-1.434164081644,
    2.392739693369));
#12541 = CARTESIAN_POINT('',(0.392392801009,-1.442839468797,
    2.369111266292));
#12542 = CARTESIAN_POINT('',(0.378260435224,-1.461026099191,
    2.299976205232));
#12543 = CARTESIAN_POINT('',(0.367318964423,-1.463600864115,
    2.252041885246));
#12544 = CARTESIAN_POINT('',(0.335433222996,-1.467817871715,
    2.109766814201));
#12545 = CARTESIAN_POINT('',(0.314535299723,-1.463373939933,
    2.014884354659));
#12546 = CARTESIAN_POINT('',(0.276053960801,-1.458046572518,1.824396429)
  );
#12547 = CARTESIAN_POINT('',(0.258331824854,-1.456264247883,
    1.72875148563));
#12548 = CARTESIAN_POINT('',(0.227076546225,-1.46122267693,
    1.537589525347));
#12549 = CARTESIAN_POINT('',(0.213496028986,-1.467785488031,
    1.442003941748));
#12550 = CARTESIAN_POINT('',(0.191629997137,-1.496605716982,
    1.251190951215));
#12551 = CARTESIAN_POINT('',(0.183394938904,-1.519018570284,
    1.155941012391));
#12552 = CARTESIAN_POINT('',(0.17481530524,-1.588469942558,
    0.975633600261));
#12553 = CARTESIAN_POINT('',(0.17478476397,-1.638072210522,
    0.889491217464));
#12554 = CARTESIAN_POINT('',(0.183241853287,-1.759057039747,
    0.73912613741));
#12555 = CARTESIAN_POINT('',(0.191445001135,-1.830364006942,
    0.671862199743));
#12556 = CARTESIAN_POINT('',(0.224032759133,-2.05583430013,
    0.491466532241));
#12557 = CARTESIAN_POINT('',(0.256137885051,-2.221831519257,
    0.39769098913));
#12558 = CARTESIAN_POINT('',(0.313525542474,-2.47242610486,
    0.262120819829));
#12559 = CARTESIAN_POINT('',(0.334298587113,-2.556521146087,
    0.218658510448));
#12560 = CARTESIAN_POINT('',(0.366078440352,-2.677501396979,
    0.144535743489));
#12561 = CARTESIAN_POINT('',(0.376876093291,-2.717299554652,
    0.118846726914));
#12562 = CARTESIAN_POINT('',(0.391236101066,-2.769005704316,
    6.966009281225E-02));
#12563 = CARTESIAN_POINT('',(0.395872405525,-2.785448236195,
    5.10186013058E-02));
#12564 = CARTESIAN_POINT('',(0.400893439554,-2.803160534979,
    5.99011685626E-03));
#12565 = CARTESIAN_POINT('',(0.399932018636,-2.799796095437,
    -2.066280702791E-02));
#12566 = CARTESIAN_POINT('',(0.393276054425,-2.776242271161,
    -6.264391237184E-02));
#12567 = CARTESIAN_POINT('',(0.388475430255,-2.759126959071,
    -7.996095813544E-02));
#12568 = CARTESIAN_POINT('',(0.378680959323,-2.723685758769,
    -0.111066155519));
#12569 = CARTESIAN_POINT('',(0.373502738539,-2.704718920598,
    -0.12502147912));
#12570 = CARTESIAN_POINT('',(0.35777108165,-2.646235619723,
    -0.164911701935));
#12571 = CARTESIAN_POINT('',(0.347104964467,-2.605447803063,
    -0.188655121783));
#12572 = CARTESIAN_POINT('',(0.315908504933,-2.482161210781,
    -0.258019272096));
#12573 = CARTESIAN_POINT('',(0.296052305018,-2.398276205372,
    -0.301655511836));
#12574 = CARTESIAN_POINT('',(0.2416519966,-2.149190537269,
    -0.439234524092));
#12575 = CARTESIAN_POINT('',(0.211934508205,-1.985125658295,
    -0.538237270409));
#12576 = CARTESIAN_POINT('',(0.184614731788,-1.771290519016,
    -0.727945232389));
#12577 = CARTESIAN_POINT('',(0.178320517224,-1.704102463328,
    -0.799966660018));
#12578 = CARTESIAN_POINT('',(0.174482132042,-1.596079876069,
    -0.959701714438));
#12579 = CARTESIAN_POINT('',(0.177117064327,-1.55626856089,
    -1.048081614735));
#12580 = CARTESIAN_POINT('',(0.196250313083,-1.471087637562,
    -1.326762047124));
#12581 = CARTESIAN_POINT('',(0.222290928176,-1.458516737113,
    -1.518782224478));
#12582 = CARTESIAN_POINT('',(0.272332169629,-1.45713603839,
    -1.805166045094));
#12583 = CARTESIAN_POINT('',(0.29090733013,-1.46016362322,
    -1.900218932312));
#12584 = CARTESIAN_POINT('',(0.330767923114,-1.465626838544,
    -2.089803646963));
#12585 = CARTESIAN_POINT('',(0.352459875851,-1.470179958912,
    -2.184698798268));
#12586 = CARTESIAN_POINT('',(0.37842786017,-1.457962243953,
    -2.30223395382));
#12587 = CARTESIAN_POINT('',(0.383505511955,-1.45449181516,
    -2.32552455607));
#12588 = CARTESIAN_POINT('',(0.39275883493,-1.442131121665,
    -2.371023442305));
#12589 = CARTESIAN_POINT('',(0.397275239755,-1.433296544454,
    -2.394567860938));
#12590 = CARTESIAN_POINT('',(0.401092674574,-1.398732847954,
    -2.43004971635));
#12591 = CARTESIAN_POINT('',(0.398985074335,-1.372745866525,
    -2.436531771169));
#12592 = CARTESIAN_POINT('',(0.391436091234,-1.324184035122,
    -2.433647908205));
#12593 = CARTESIAN_POINT('',(0.386522225816,-1.300952531296,
    -2.42675958059));
#12594 = CARTESIAN_POINT('',(0.371400927604,-1.233753092312,
    -2.402147179471));
#12595 = CARTESIAN_POINT('',(0.360468202512,-1.19140165392,
    -2.379572361842));
#12596 = CARTESIAN_POINT('',(0.339206114565,-1.108458983798,
    -2.332971492616));
#12597 = CARTESIAN_POINT('',(0.328699134226,-1.067759351771,
    -2.30829068545));
#12598 = CARTESIAN_POINT('',(0.277757628743,-0.864553581614,
    -2.183706049209));
#12599 = CARTESIAN_POINT('',(0.242199815497,-0.702232365217,
    -2.080857160767));
#12600 = CARTESIAN_POINT('',(0.203399497028,-0.439706753639,
    -1.960284895293));
#12601 = CARTESIAN_POINT('',(0.192765492921,-0.348132625441,
    -1.925201632675));
#12602 = CARTESIAN_POINT('',(0.178533525496,-0.160399948723,
    -1.876836294095));
#12603 = CARTESIAN_POINT('',(0.174876389868,-6.243392971918E-02,
    -1.863475285291));
#12604 = CARTESIAN_POINT('',(0.178134893692,0.229596346793,
    -1.875158581677));
#12605 = CARTESIAN_POINT('',(0.197809793756,0.416005272943,
    -1.944516947541));
#12606 = CARTESIAN_POINT('',(0.253410585619,0.757956246895,
    -2.113441861292));
#12607 = CARTESIAN_POINT('',(0.290321652294,0.917133901708,
    -2.217756546691));
#12608 = CARTESIAN_POINT('',(0.342040380391,1.119706836268,
    -2.339318726936));
#12609 = CARTESIAN_POINT('',(0.35264995813,1.160448106075,
    -2.363121310701));
#12610 = CARTESIAN_POINT('',(0.373777839442,1.244660731458,-2.4060364805
    ));
#12611 = CARTESIAN_POINT('',(0.3847469631,1.287992162663,-2.426999934485
    ));
#12612 = CARTESIAN_POINT('',(0.397149529271,1.358822745041,
    -2.437098571775));
#12613 = CARTESIAN_POINT('',(0.400504365002,1.385054703947,
    -2.435547911628));
#12614 = CARTESIAN_POINT('',(0.39935609201,1.424828102579,
    -2.407921933781));
#12615 = CARTESIAN_POINT('',(0.395358475612,1.436437307589,
    -2.384972680586));
#12616 = CARTESIAN_POINT('',(0.38214820857,1.459216543491,
    -2.317316669896));
#12617 = CARTESIAN_POINT('',(0.371300404041,1.462318447202,
    -2.269818892141));
#12618 = CARTESIAN_POINT('',(0.339810967881,1.468388585519,
    -2.129276552986));
#12619 = CARTESIAN_POINT('',(0.318846077906,1.464035543998,
    -2.034980969646));
#12620 = CARTESIAN_POINT('',(0.280258792548,1.458578368992,
    -1.846203912314));
#12621 = CARTESIAN_POINT('',(0.262436684138,1.456417313652,
    -1.751563307714));
#12622 = CARTESIAN_POINT('',(0.214875921231,1.461817525619,
    -1.466797619412));
#12623 = CARTESIAN_POINT('',(0.190364997563,1.479692626616,
    -1.272320893749));
#12624 = CARTESIAN_POINT('',(0.175403038089,1.576835074948,
    -1.000096537428));
#12625 = CARTESIAN_POINT('',(0.174468605645,1.622996620751,
    -0.913199186343));
#12626 = CARTESIAN_POINT('',(0.181252459754,1.738373123409,
    -0.761165941883));
#12627 = CARTESIAN_POINT('',(0.188701747646,1.807759484343,
    -0.69257349601));
#12628 = CARTESIAN_POINT('',(0.219205083641,2.028151859894,
    -0.509464450516));
#12629 = CARTESIAN_POINT('',(0.250007454307,2.191420075168,
    -0.414836123623));
#12630 = CARTESIAN_POINT('',(0.305614354898,2.439216151206,
    -0.279826608508));
#12631 = CARTESIAN_POINT('',(0.325820744149,2.522591428192,
    -0.236621689163));
#12632 = CARTESIAN_POINT('',(0.35713594085,2.643858398863,
    -0.165788740412));
#12633 = CARTESIAN_POINT('',(0.3677993054,2.68384876032,-0.141306491724)
  );
#12634 = CARTESIAN_POINT('',(0.382982766267,2.739331948811,
    -9.80585477876E-02));
#12635 = CARTESIAN_POINT('',(0.387903597243,2.757053884016,
    -8.263858509629E-02));
#12636 = CARTESIAN_POINT('',(0.396332044162,2.78711040055,
    -4.636723143144E-02));
#12637 = CARTESIAN_POINT('',(0.399999991043,2.79999996929,
    -2.524902463654E-02));
#12638 = CARTESIAN_POINT('',(0.4,2.8,3.388131789017E-17));
#12639 = ORIENTED_EDGE('',*,*,#12640,.T.);
#12640 = EDGE_CURVE('',#12484,#12482,#12641,.T.);
#12641 = B_SPLINE_CURVE_WITH_KNOTS('',3,(#12642,#12643,#12644,#12645,
    #12646,#12647,#12648,#12649,#12650,#12651,#12652,#12653,#12654,
    #12655,#12656,#12657,#12658,#12659,#12660,#12661,#12662,#12663,
    #12664,#12665,#12666,#12667,#12668,#12669,#12670,#12671,#12672,
    #12673,#12674,#12675,#12676,#12677,#12678,#12679,#12680,#12681,
    #12682,#12683,#12684,#12685,#12686,#12687,#12688,#12689,#12690,
    #12691,#12692,#12693,#12694,#12695,#12696,#12697,#12698,#12699,
    #12700,#12701,#12702,#12703,#12704,#12705,#12706,#12707,#12708,
    #12709,#12710,#12711,#12712,#12713,#12714,#12715,#12716,#12717,
    #12718,#12719,#12720,#12721,#12722,#12723,#12724,#12725,#12726,
    #12727,#12728,#12729,#12730,#12731,#12732,#12733,#12734,#12735,
    #12736,#12737,#12738,#12739,#12740,#12741,#12742,#12743,#12744,
    #12745,#12746,#12747,#12748,#12749,#12750,#12751,#12752,#12753,
    #12754,#12755,#12756,#12757,#12758,#12759,#12760,#12761,#12762,
    #12763,#12764,#12765,#12766,#12767,#12768,#12769,#12770,#12771,
    #12772,#12773,#12774,#12775,#12776,#12777,#12778,#12779,#12780,
    #12781,#12782,#12783,#12784,#12785,#12786,#12787,#12788,#12789,
    #12790,#12791,#12792,#12793),.UNSPECIFIED.,.T.,.F.,(1,3,2,2,2,2,2,2,
    2,2,2,2,2,2,2,2,2,2,2,2,2,2,2,2,2,2,2,2,2,2,2,2,2,2,2,2,2,2,2,2,2,2,
    2,2,2,2,2,2,2,2,2,2,2,2,2,2,2,2,2,2,2,2,2,2,2,2,2,2,2,2,2,2,2,2,2,2,
    3,1),(-7.443501547716E-05,0.,7.443501547716E-05,1.488700309543E-04,
    2.977400619086E-04,5.954801238173E-04,1.190960247635E-03,
    1.488700309543E-03,1.786440371452E-03,2.084180433361E-03,
    2.381920495269E-03,2.679660557178E-03,2.977400619086E-03,
    3.051835634564E-03,3.126270650041E-03,3.200705665518E-03,
    3.275140680995E-03,3.424010711949E-03,3.572880742904E-03,
    4.168360866721E-03,4.46610092863E-03,4.763840990538E-03,
    5.061581052447E-03,5.359321114356E-03,5.954801238173E-03,
    6.103671269127E-03,6.252541300082E-03,6.326976315559E-03,
    6.401411331036E-03,6.55028136199E-03,6.848021423899E-03,
    7.145761485807E-03,7.443501547716E-03,7.741241609625E-03,
    8.038981671533E-03,8.336721733442E-03,8.932201857259E-03,
    9.229941919168E-03,9.378811950122E-03,9.453246965599E-03,
    9.527681981077E-03,9.602116996554E-03,9.676552012031E-03,
    9.825422042985E-03,1.012316210489E-02,1.071864222871E-02,
    1.101638229062E-02,1.131412235253E-02,1.190960247635E-02,
    1.220734253825E-02,1.250508260016E-02,1.257951761564E-02,
    1.265395263112E-02,1.272838764659E-02,1.280282266207E-02,
    1.295169269303E-02,1.310056272398E-02,1.36960428478E-02,
    1.399378290971E-02,1.429152297161E-02,1.488700309543E-02,
    1.548248321925E-02,1.56313532502E-02,1.578022328116E-02,
    1.585465829664E-02,1.592909331211E-02,1.607796334307E-02,
    1.637570340498E-02,1.667344346688E-02,1.72689235907E-02,
    1.756666365261E-02,1.786440371452E-02,1.845988383834E-02,
    1.875762390024E-02,1.89064939312E-02,1.898092894668E-02,
    1.905536396215E-02,1.912979897763E-02),.UNSPECIFIED.);
#12642 = CARTESIAN_POINT('',(0.4,2.8,3.388131789017E-17));
#12643 = CARTESIAN_POINT('',(0.400000008957,2.80000003071,
    2.524902463654E-02));
#12644 = CARTESIAN_POINT('',(0.396101051865,2.786298025686,
    4.778904558586E-02));
#12645 = CARTESIAN_POINT('',(0.387244947275,2.754692521681,
    8.499937714003E-02));
#12646 = CARTESIAN_POINT('',(0.382155222483,2.736338400313,
    0.100621147342));
#12647 = CARTESIAN_POINT('',(0.366445442345,2.678830926364,
    0.144685644018));
#12648 = CARTESIAN_POINT('',(0.355457876539,2.637506848943,
    0.169686465487));
#12649 = CARTESIAN_POINT('',(0.323334450549,2.51262604106,0.242009929321
    ));
#12650 = CARTESIAN_POINT('',(0.302699331949,2.426951903999,
    0.286328330206));
#12651 = CARTESIAN_POINT('',(0.246084780336,2.172284527633,
    0.425671978119));
#12652 = CARTESIAN_POINT('',(0.214964425559,2.004318954103,
    0.524331068305));
#12653 = CARTESIAN_POINT('',(0.185629624021,1.781209227028,
    0.717783042199));
#12654 = CARTESIAN_POINT('',(0.179008798874,1.713521899632,
    0.788512192214));
#12655 = CARTESIAN_POINT('',(0.174331492108,1.600620006566,
    0.950805404896));
#12656 = CARTESIAN_POINT('',(0.176784214818,1.559159117952,
    1.040708939925));
#12657 = CARTESIAN_POINT('',(0.189279851632,1.500810403157,
    1.227582550857));
#12658 = CARTESIAN_POINT('',(0.199275137286,1.483111775591,
    1.325018357797));
#12659 = CARTESIAN_POINT('',(0.223985783432,1.461866882939,
    1.517232110141));
#12660 = CARTESIAN_POINT('',(0.238820777156,1.458068561354,
    1.613355985071));
#12661 = CARTESIAN_POINT('',(0.272367621541,1.45712718441,1.805394683348
    ));
#12662 = CARTESIAN_POINT('',(0.291121001908,1.460203111145,
    1.901326463881));
#12663 = CARTESIAN_POINT('',(0.331391855678,1.46570193842,2.092678003636
    ));
#12664 = CARTESIAN_POINT('',(0.353348766945,1.470419861525,
    2.188497815077));
#12665 = CARTESIAN_POINT('',(0.379471031919,1.457286711555,
    2.307018399124));
#12666 = CARTESIAN_POINT('',(0.384647331957,1.453518272508,
    2.330852524041));
#12667 = CARTESIAN_POINT('',(0.393866219398,1.439951299307,
    2.376831889928));
#12668 = CARTESIAN_POINT('',(0.398221706709,1.4300079531,2.400319956325)
  );
#12669 = CARTESIAN_POINT('',(0.400964395448,1.39312616409,2.432759746801
    ));
#12670 = CARTESIAN_POINT('',(0.398245848499,1.366750275869,
    2.436988169654));
#12671 = CARTESIAN_POINT('',(0.390324204305,1.318616732803,
    2.432279066039));
#12672 = CARTESIAN_POINT('',(0.385347786463,1.295484449803,
    2.425030439761));
#12673 = CARTESIAN_POINT('',(0.370169397069,1.228879784435,
    2.399703347745));
#12674 = CARTESIAN_POINT('',(0.35927772365,1.186730661139,2.377081950386
    ));
#12675 = CARTESIAN_POINT('',(0.338038164711,1.103933128931,
    2.330278826859));
#12676 = CARTESIAN_POINT('',(0.327555340748,1.063274283122,
    2.305566249706));
#12677 = CARTESIAN_POINT('',(0.276755839039,0.860224968717,
    2.180943350266));
#12678 = CARTESIAN_POINT('',(0.241193548636,0.696796346774,
    2.077865822888));
#12679 = CARTESIAN_POINT('',(0.202864241055,0.435370803484,
    1.958550970684));
#12680 = CARTESIAN_POINT('',(0.192529125235,0.345795597477,
    1.924413843342));
#12681 = CARTESIAN_POINT('',(0.178423222134,0.158144724978,
    1.876445586074));
#12682 = CARTESIAN_POINT('',(0.174829903581,5.906837131034E-02,
    1.863310918026));
#12683 = CARTESIAN_POINT('',(0.177160085048,-0.134480430385,
    1.871661051675));
#12684 = CARTESIAN_POINT('',(0.18285203576,-0.231879220841,
    1.891911454754));
#12685 = CARTESIAN_POINT('',(0.200432328429,-0.41689618104,1.95042613344
    ));
#12686 = CARTESIAN_POINT('',(0.212264224039,-0.505528662231,
    1.988512412971));
#12687 = CARTESIAN_POINT('',(0.254736337683,-0.764799923276,
    2.117301841714));
#12688 = CARTESIAN_POINT('',(0.292466588448,-0.925913710724,
    2.223675936062));
#12689 = CARTESIAN_POINT('',(0.344960558512,-1.131033276547,
    2.345925851014));
#12690 = CARTESIAN_POINT('',(0.355739915117,-1.17240217114,
    2.369832329923));
#12691 = CARTESIAN_POINT('',(0.376982468481,-1.257915798413,
    2.411963129879));
#12692 = CARTESIAN_POINT('',(0.388223504577,-1.302244319642,
    2.433174934019));
#12693 = CARTESIAN_POINT('',(0.399269468099,-1.375261168287,
    2.436234174748));
#12694 = CARTESIAN_POINT('',(0.401072191325,-1.40082364848,
    2.428761942913));
#12695 = CARTESIAN_POINT('',(0.396949615234,-1.434164081644,
    2.392739693369));
#12696 = CARTESIAN_POINT('',(0.392392801009,-1.442839468797,
    2.369111266292));
#12697 = CARTESIAN_POINT('',(0.378260435224,-1.461026099191,
    2.299976205232));
#12698 = CARTESIAN_POINT('',(0.367318964423,-1.463600864115,
    2.252041885246));
#12699 = CARTESIAN_POINT('',(0.335433222996,-1.467817871715,
    2.109766814201));
#12700 = CARTESIAN_POINT('',(0.314535299723,-1.463373939933,
    2.014884354659));
#12701 = CARTESIAN_POINT('',(0.276053960801,-1.458046572518,1.824396429)
  );
#12702 = CARTESIAN_POINT('',(0.258331824854,-1.456264247883,
    1.72875148563));
#12703 = CARTESIAN_POINT('',(0.227076546225,-1.46122267693,
    1.537589525347));
#12704 = CARTESIAN_POINT('',(0.213496028986,-1.467785488031,
    1.442003941748));
#12705 = CARTESIAN_POINT('',(0.191629997137,-1.496605716982,
    1.251190951215));
#12706 = CARTESIAN_POINT('',(0.183394938904,-1.519018570284,
    1.155941012391));
#12707 = CARTESIAN_POINT('',(0.17481530524,-1.588469942558,
    0.975633600261));
#12708 = CARTESIAN_POINT('',(0.17478476397,-1.638072210522,
    0.889491217464));
#12709 = CARTESIAN_POINT('',(0.183241853287,-1.759057039747,
    0.73912613741));
#12710 = CARTESIAN_POINT('',(0.191445001135,-1.830364006942,
    0.671862199743));
#12711 = CARTESIAN_POINT('',(0.224032759133,-2.05583430013,
    0.491466532241));
#12712 = CARTESIAN_POINT('',(0.256137885051,-2.221831519257,
    0.39769098913));
#12713 = CARTESIAN_POINT('',(0.313525542474,-2.47242610486,
    0.262120819829));
#12714 = CARTESIAN_POINT('',(0.334298587113,-2.556521146087,
    0.218658510448));
#12715 = CARTESIAN_POINT('',(0.366078440352,-2.677501396979,
    0.144535743489));
#12716 = CARTESIAN_POINT('',(0.376876093291,-2.717299554652,
    0.118846726914));
#12717 = CARTESIAN_POINT('',(0.391236101066,-2.769005704316,
    6.966009281225E-02));
#12718 = CARTESIAN_POINT('',(0.395872405525,-2.785448236195,
    5.10186013058E-02));
#12719 = CARTESIAN_POINT('',(0.400893439554,-2.803160534979,
    5.99011685626E-03));
#12720 = CARTESIAN_POINT('',(0.399932018636,-2.799796095437,
    -2.066280702791E-02));
#12721 = CARTESIAN_POINT('',(0.393276054425,-2.776242271161,
    -6.264391237184E-02));
#12722 = CARTESIAN_POINT('',(0.388475430255,-2.759126959071,
    -7.996095813544E-02));
#12723 = CARTESIAN_POINT('',(0.378680959323,-2.723685758769,
    -0.111066155519));
#12724 = CARTESIAN_POINT('',(0.373502738539,-2.704718920598,
    -0.12502147912));
#12725 = CARTESIAN_POINT('',(0.35777108165,-2.646235619723,
    -0.164911701935));
#12726 = CARTESIAN_POINT('',(0.347104964467,-2.605447803063,
    -0.188655121783));
#12727 = CARTESIAN_POINT('',(0.315908504933,-2.482161210781,
    -0.258019272096));
#12728 = CARTESIAN_POINT('',(0.296052305018,-2.398276205372,
    -0.301655511836));
#12729 = CARTESIAN_POINT('',(0.2416519966,-2.149190537269,
    -0.439234524092));
#12730 = CARTESIAN_POINT('',(0.211934508205,-1.985125658295,
    -0.538237270409));
#12731 = CARTESIAN_POINT('',(0.184614731788,-1.771290519016,
    -0.727945232389));
#12732 = CARTESIAN_POINT('',(0.178320517224,-1.704102463328,
    -0.799966660018));
#12733 = CARTESIAN_POINT('',(0.174482132042,-1.596079876069,
    -0.959701714438));
#12734 = CARTESIAN_POINT('',(0.177117064327,-1.55626856089,
    -1.048081614735));
#12735 = CARTESIAN_POINT('',(0.196250313083,-1.471087637562,
    -1.326762047124));
#12736 = CARTESIAN_POINT('',(0.222290928176,-1.458516737113,
    -1.518782224478));
#12737 = CARTESIAN_POINT('',(0.272332169629,-1.45713603839,
    -1.805166045094));
#12738 = CARTESIAN_POINT('',(0.29090733013,-1.46016362322,
    -1.900218932312));
#12739 = CARTESIAN_POINT('',(0.330767923114,-1.465626838544,
    -2.089803646963));
#12740 = CARTESIAN_POINT('',(0.352459875851,-1.470179958912,
    -2.184698798268));
#12741 = CARTESIAN_POINT('',(0.37842786017,-1.457962243953,
    -2.30223395382));
#12742 = CARTESIAN_POINT('',(0.383505511955,-1.45449181516,
    -2.32552455607));
#12743 = CARTESIAN_POINT('',(0.39275883493,-1.442131121665,
    -2.371023442305));
#12744 = CARTESIAN_POINT('',(0.397275239755,-1.433296544454,
    -2.394567860938));
#12745 = CARTESIAN_POINT('',(0.401092674574,-1.398732847954,
    -2.43004971635));
#12746 = CARTESIAN_POINT('',(0.398985074335,-1.372745866525,
    -2.436531771169));
#12747 = CARTESIAN_POINT('',(0.391436091234,-1.324184035122,
    -2.433647908205));
#12748 = CARTESIAN_POINT('',(0.386522225816,-1.300952531296,
    -2.42675958059));
#12749 = CARTESIAN_POINT('',(0.371400927604,-1.233753092312,
    -2.402147179471));
#12750 = CARTESIAN_POINT('',(0.360468202512,-1.19140165392,
    -2.379572361842));
#12751 = CARTESIAN_POINT('',(0.339206114565,-1.108458983798,
    -2.332971492616));
#12752 = CARTESIAN_POINT('',(0.328699134226,-1.067759351771,
    -2.30829068545));
#12753 = CARTESIAN_POINT('',(0.277757628743,-0.864553581614,
    -2.183706049209));
#12754 = CARTESIAN_POINT('',(0.242199815497,-0.702232365217,
    -2.080857160767));
#12755 = CARTESIAN_POINT('',(0.203399497028,-0.439706753639,
    -1.960284895293));
#12756 = CARTESIAN_POINT('',(0.192765492921,-0.348132625441,
    -1.925201632675));
#12757 = CARTESIAN_POINT('',(0.178533525496,-0.160399948723,
    -1.876836294095));
#12758 = CARTESIAN_POINT('',(0.174876389868,-6.243392971918E-02,
    -1.863475285291));
#12759 = CARTESIAN_POINT('',(0.178134893692,0.229596346793,
    -1.875158581677));
#12760 = CARTESIAN_POINT('',(0.197809793756,0.416005272943,
    -1.944516947541));
#12761 = CARTESIAN_POINT('',(0.253410585619,0.757956246895,
    -2.113441861292));
#12762 = CARTESIAN_POINT('',(0.290321652294,0.917133901708,
    -2.217756546691));
#12763 = CARTESIAN_POINT('',(0.342040380391,1.119706836268,
    -2.339318726936));
#12764 = CARTESIAN_POINT('',(0.35264995813,1.160448106075,
    -2.363121310701));
#12765 = CARTESIAN_POINT('',(0.373777839442,1.244660731458,-2.4060364805
    ));
#12766 = CARTESIAN_POINT('',(0.3847469631,1.287992162663,-2.426999934485
    ));
#12767 = CARTESIAN_POINT('',(0.397149529271,1.358822745041,
    -2.437098571775));
#12768 = CARTESIAN_POINT('',(0.400504365002,1.385054703947,
    -2.435547911628));
#12769 = CARTESIAN_POINT('',(0.39935609201,1.424828102579,
    -2.407921933781));
#12770 = CARTESIAN_POINT('',(0.395358475612,1.436437307589,
    -2.384972680586));
#12771 = CARTESIAN_POINT('',(0.38214820857,1.459216543491,
    -2.317316669896));
#12772 = CARTESIAN_POINT('',(0.371300404041,1.462318447202,
    -2.269818892141));
#12773 = CARTESIAN_POINT('',(0.339810967881,1.468388585519,
    -2.129276552986));
#12774 = CARTESIAN_POINT('',(0.318846077906,1.464035543998,
    -2.034980969646));
#12775 = CARTESIAN_POINT('',(0.280258792548,1.458578368992,
    -1.846203912314));
#12776 = CARTESIAN_POINT('',(0.262436684138,1.456417313652,
    -1.751563307714));
#12777 = CARTESIAN_POINT('',(0.214875921231,1.461817525619,
    -1.466797619412));
#12778 = CARTESIAN_POINT('',(0.190364997563,1.479692626616,
    -1.272320893749));
#12779 = CARTESIAN_POINT('',(0.175403038089,1.576835074948,
    -1.000096537428));
#12780 = CARTESIAN_POINT('',(0.174468605645,1.622996620751,
    -0.913199186343));
#12781 = CARTESIAN_POINT('',(0.181252459754,1.738373123409,
    -0.761165941883));
#12782 = CARTESIAN_POINT('',(0.188701747646,1.807759484343,
    -0.69257349601));
#12783 = CARTESIAN_POINT('',(0.219205083641,2.028151859894,
    -0.509464450516));
#12784 = CARTESIAN_POINT('',(0.250007454307,2.191420075168,
    -0.414836123623));
#12785 = CARTESIAN_POINT('',(0.305614354898,2.439216151206,
    -0.279826608508));
#12786 = CARTESIAN_POINT('',(0.325820744149,2.522591428192,
    -0.236621689163));
#12787 = CARTESIAN_POINT('',(0.35713594085,2.643858398863,
    -0.165788740412));
#12788 = CARTESIAN_POINT('',(0.3677993054,2.68384876032,-0.141306491724)
  );
#12789 = CARTESIAN_POINT('',(0.382982766267,2.739331948811,
    -9.80585477876E-02));
#12790 = CARTESIAN_POINT('',(0.387903597243,2.757053884016,
    -8.263858509629E-02));
#12791 = CARTESIAN_POINT('',(0.396332044162,2.78711040055,
    -4.636723143144E-02));
#12792 = CARTESIAN_POINT('',(0.399999991043,2.79999996929,
    -2.524902463654E-02));
#12793 = CARTESIAN_POINT('',(0.4,2.8,3.388131789017E-17));
#12794 = FACE_BOUND('',#12795,.T.);
#12795 = EDGE_LOOP('',(#12796));
#12796 = ORIENTED_EDGE('',*,*,#12797,.T.);
#12797 = EDGE_CURVE('',#12798,#12798,#12800,.T.);
#12798 = VERTEX_POINT('',#12799);
#12799 = CARTESIAN_POINT('',(1.833738724808,0.,5.771670190275));
#12800 = CIRCLE('',#12801,5.771670190275);
#12801 = AXIS2_PLACEMENT_3D('',#12802,#12803,#12804);
#12802 = CARTESIAN_POINT('',(1.833738724808,0.,0.));
#12803 = DIRECTION('',(-1.,0.,-0.));
#12804 = DIRECTION('',(-0.,0.,1.));
#12805 = SPHERICAL_SURFACE('',#12806,10.);
#12806 = AXIS2_PLACEMENT_3D('',#12807,#12808,#12809);
#12807 = CARTESIAN_POINT('',(10.,-6.98048675514E-16,0.));
#12808 = DIRECTION('',(-0.,0.,-1.));
#12809 = DIRECTION('',(0.,1.,0.));
#12810 = ADVANCED_FACE('',(#12811),#12846,.T.);
#12811 = FACE_BOUND('',#12812,.T.);
#12812 = EDGE_LOOP('',(#12813,#12824,#12831,#12838,#12839));
#12813 = ORIENTED_EDGE('',*,*,#12814,.T.);
#12814 = EDGE_CURVE('',#12815,#12817,#12819,.T.);
#12815 = VERTEX_POINT('',#12816);
#12816 = CARTESIAN_POINT('',(20.1,0.,-3.));
#12817 = VERTEX_POINT('',#12818);
#12818 = CARTESIAN_POINT('',(20.1,-7.347880794884E-16,3.));
#12819 = CIRCLE('',#12820,3.);
#12820 = AXIS2_PLACEMENT_3D('',#12821,#12822,#12823);
#12821 = CARTESIAN_POINT('',(20.1,0.,0.));
#12822 = DIRECTION('',(-1.,-0.,-0.));
#12823 = DIRECTION('',(0.,0.,-1.));
#12824 = ORIENTED_EDGE('',*,*,#12825,.T.);
#12825 = EDGE_CURVE('',#12817,#12826,#12828,.T.);
#12826 = VERTEX_POINT('',#12827);
#12827 = CARTESIAN_POINT('',(4.85,0.,3.));
#12828 = B_SPLINE_CURVE_WITH_KNOTS('',1,(#12829,#12830),.UNSPECIFIED.,
  .F.,.F.,(2,2),(-45.5,-30.25),.PIECEWISE_BEZIER_KNOTS.);
#12829 = CARTESIAN_POINT('',(20.1,0.,3.));
#12830 = CARTESIAN_POINT('',(4.85,0.,3.));
#12831 = ORIENTED_EDGE('',*,*,#12832,.T.);
#12832 = EDGE_CURVE('',#12826,#12826,#12833,.T.);
#12833 = CIRCLE('',#12834,3.);
#12834 = AXIS2_PLACEMENT_3D('',#12835,#12836,#12837);
#12835 = CARTESIAN_POINT('',(4.85,0.,0.));
#12836 = DIRECTION('',(1.,0.,-0.));
#12837 = DIRECTION('',(0.,0.,1.));
#12838 = ORIENTED_EDGE('',*,*,#12825,.F.);
#12839 = ORIENTED_EDGE('',*,*,#12840,.T.);
#12840 = EDGE_CURVE('',#12817,#12815,#12841,.T.);
#12841 = CIRCLE('',#12842,3.);
#12842 = AXIS2_PLACEMENT_3D('',#12843,#12844,#12845);
#12843 = CARTESIAN_POINT('',(20.1,0.,0.));
#12844 = DIRECTION('',(-1.,-0.,-0.));
#12845 = DIRECTION('',(0.,0.,-1.));
#12846 = CYLINDRICAL_SURFACE('',#12847,3.);
#12847 = AXIS2_PLACEMENT_3D('',#12848,#12849,#12850);
#12848 = CARTESIAN_POINT('',(-25.4,0.,0.));
#12849 = DIRECTION('',(-1.,-0.,-0.));
#12850 = DIRECTION('',(-0.,0.,1.));
#12851 = ADVANCED_FACE('',(#12852,#12863),#12874,.F.);
#12852 = FACE_BOUND('',#12853,.T.);
#12853 = EDGE_LOOP('',(#12854));
#12854 = ORIENTED_EDGE('',*,*,#12855,.T.);
#12855 = EDGE_CURVE('',#12856,#12856,#12858,.T.);
#12856 = VERTEX_POINT('',#12857);
#12857 = CARTESIAN_POINT('',(4.6,0.,3.25));
#12858 = CIRCLE('',#12859,3.25);
#12859 = AXIS2_PLACEMENT_3D('',#12860,#12861,#12862);
#12860 = CARTESIAN_POINT('',(4.6,0.,0.));
#12861 = DIRECTION('',(-1.,0.,-0.));
#12862 = DIRECTION('',(-0.,0.,1.));
#12863 = FACE_BOUND('',#12864,.T.);
#12864 = EDGE_LOOP('',(#12865));
#12865 = ORIENTED_EDGE('',*,*,#12866,.F.);
#12866 = EDGE_CURVE('',#12867,#12867,#12869,.T.);
#12867 = VERTEX_POINT('',#12868);
#12868 = CARTESIAN_POINT('',(4.6,0.,6.));
#12869 = CIRCLE('',#12870,6.);
#12870 = AXIS2_PLACEMENT_3D('',#12871,#12872,#12873);
#12871 = CARTESIAN_POINT('',(4.6,0.,0.));
#12872 = DIRECTION('',(-1.,0.,-0.));
#12873 = DIRECTION('',(-0.,0.,1.));
#12874 = PLANE('',#12875);
#12875 = AXIS2_PLACEMENT_3D('',#12876,#12877,#12878);
#12876 = CARTESIAN_POINT('',(4.6,3.,0.));
#12877 = DIRECTION('',(-1.,0.,-0.));
#12878 = DIRECTION('',(0.,0.,1.));
#12879 = ADVANCED_FACE('',(#12880),#12898,.T.);
#12880 = FACE_BOUND('',#12881,.T.);
#12881 = EDGE_LOOP('',(#12882,#12883,#12890,#12897));
#12882 = ORIENTED_EDGE('',*,*,#12866,.T.);
#12883 = ORIENTED_EDGE('',*,*,#12884,.T.);
#12884 = EDGE_CURVE('',#12867,#12885,#12887,.T.);
#12885 = VERTEX_POINT('',#12886);
#12886 = CARTESIAN_POINT('',(2.274716833669,0.,6.));
#12887 = B_SPLINE_CURVE_WITH_KNOTS('',1,(#12888,#12889),.UNSPECIFIED.,
  .F.,.F.,(2,2),(-30.,-27.67471683366),.PIECEWISE_BEZIER_KNOTS.);
#12888 = CARTESIAN_POINT('',(4.6,0.,6.));
#12889 = CARTESIAN_POINT('',(2.274716833669,0.,6.));
#12890 = ORIENTED_EDGE('',*,*,#12891,.F.);
#12891 = EDGE_CURVE('',#12885,#12885,#12892,.T.);
#12892 = CIRCLE('',#12893,6.);
#12893 = AXIS2_PLACEMENT_3D('',#12894,#12895,#12896);
#12894 = CARTESIAN_POINT('',(2.274716833669,0.,0.));
#12895 = DIRECTION('',(-1.,0.,-0.));
#12896 = DIRECTION('',(-0.,0.,1.));
#12897 = ORIENTED_EDGE('',*,*,#12884,.F.);
#12898 = CYLINDRICAL_SURFACE('',#12899,6.);
#12899 = AXIS2_PLACEMENT_3D('',#12900,#12901,#12902);
#12900 = CARTESIAN_POINT('',(-25.4,0.,0.));
#12901 = DIRECTION('',(-1.,-0.,-0.));
#12902 = DIRECTION('',(-0.,0.,1.));
#12903 = ADVANCED_FACE('',(#12904),#12919,.T.);
#12904 = FACE_BOUND('',#12905,.T.);
#12905 = EDGE_LOOP('',(#12906,#12907,#12917,#12918));
#12906 = ORIENTED_EDGE('',*,*,#12891,.T.);
#12907 = ORIENTED_EDGE('',*,*,#12908,.T.);
#12908 = EDGE_CURVE('',#12885,#12798,#12909,.T.);
#12909 = ( BOUNDED_CURVE() B_SPLINE_CURVE(6,(#12910,#12911,#12912,#12913
    ,#12914,#12915,#12916),.UNSPECIFIED.,.F.,.F.) 
B_SPLINE_CURVE_WITH_KNOTS((7,7),(6.28318530718,7.238726342196),
.PIECEWISE_BEZIER_KNOTS.) CURVE() GEOMETRIC_REPRESENTATION_ITEM() 
RATIONAL_B_SPLINE_CURVE((1.011488040024,1.003770631506,0.999235014561,
    0.997736295253,0.999235014561,1.003770631506,1.011488040024)) 
REPRESENTATION_ITEM('') );
#12910 = CARTESIAN_POINT('',(2.274716833669,0.,6.));
#12911 = CARTESIAN_POINT('',(2.18805696691,0.,6.));
#12912 = CARTESIAN_POINT('',(2.102204364856,0.,5.983363418419));
#12913 = CARTESIAN_POINT('',(2.020700370109,0.,5.950587277478));
#12914 = CARTESIAN_POINT('',(1.94689309937,0.,5.902946293432));
#12915 = CARTESIAN_POINT('',(1.883755941775,0.,5.842438901677));
#12916 = CARTESIAN_POINT('',(1.833738724808,0.,5.771670190275));
#12917 = ORIENTED_EDGE('',*,*,#12797,.F.);
#12918 = ORIENTED_EDGE('',*,*,#12908,.F.);
#12919 = TOROIDAL_SURFACE('',#12920,5.46,0.54);
#12920 = AXIS2_PLACEMENT_3D('',#12921,#12922,#12923);
#12921 = CARTESIAN_POINT('',(2.274716833669,0.,0.));
#12922 = DIRECTION('',(-1.,-0.,-0.));
#12923 = DIRECTION('',(-0.,0.,1.));
#12924 = ADVANCED_FACE('',(#12925),#12936,.T.);
#12925 = FACE_BOUND('',#12926,.T.);
#12926 = EDGE_LOOP('',(#12927));
#12927 = ORIENTED_EDGE('',*,*,#12928,.T.);
#12928 = EDGE_CURVE('',#12929,#12929,#12931,.T.);
#12929 = VERTEX_POINT('',#12930);
#12930 = CARTESIAN_POINT('',(20.6,0.,-2.5));
#12931 = CIRCLE('',#12932,2.5);
#12932 = AXIS2_PLACEMENT_3D('',#12933,#12934,#12935);
#12933 = CARTESIAN_POINT('',(20.6,0.,0.));
#12934 = DIRECTION('',(1.,0.,0.));
#12935 = DIRECTION('',(0.,0.,-1.));
#12936 = PLANE('',#12937);
#12937 = AXIS2_PLACEMENT_3D('',#12938,#12939,#12940);
#12938 = CARTESIAN_POINT('',(20.6,3.,0.));
#12939 = DIRECTION('',(1.,0.,0.));
#12940 = DIRECTION('',(0.,0.,-1.));
#12941 = ADVANCED_FACE('',(#12942),#12957,.F.);
#12942 = FACE_BOUND('',#12943,.F.);
#12943 = EDGE_LOOP('',(#12944,#12945,#12955,#12956));
#12944 = ORIENTED_EDGE('',*,*,#12832,.T.);
#12945 = ORIENTED_EDGE('',*,*,#12946,.F.);
#12946 = EDGE_CURVE('',#12856,#12826,#12947,.T.);
#12947 = ( BOUNDED_CURVE() B_SPLINE_CURVE(6,(#12948,#12949,#12950,#12951
    ,#12952,#12953,#12954),.UNSPECIFIED.,.F.,.F.) 
B_SPLINE_CURVE_WITH_KNOTS((7,7),(1.570796326795,3.14159265359),
.PIECEWISE_BEZIER_KNOTS.) CURVE() GEOMETRIC_REPRESENTATION_ITEM() 
RATIONAL_B_SPLINE_CURVE((1.031393471788,1.010025407661,0.997924642725,
    0.993958444137,0.997924642725,1.010025407661,1.031393471788)) 
REPRESENTATION_ITEM('') );
#12948 = CARTESIAN_POINT('',(4.6,-7.960204194458E-16,3.25));
#12949 = CARTESIAN_POINT('',(4.6,-7.796507626567E-16,3.183165804212));
#12950 = CARTESIAN_POINT('',(4.621251087658,-7.63707588731E-16,
    3.118072856854));
#12951 = CARTESIAN_POINT('',(4.662020121699,-7.499786281928E-16,
    3.062020121699));
#12952 = CARTESIAN_POINT('',(4.718072856854,-7.399930947843E-16,
    3.021251087658));
#12953 = CARTESIAN_POINT('',(4.783165804212,-7.347880794884E-16,3.));
#12954 = CARTESIAN_POINT('',(4.85,-7.347880794884E-16,3.));
#12955 = ORIENTED_EDGE('',*,*,#12855,.T.);
#12956 = ORIENTED_EDGE('',*,*,#12946,.T.);
#12957 = TOROIDAL_SURFACE('',#12958,3.25,0.25);
#12958 = AXIS2_PLACEMENT_3D('',#12959,#12960,#12961);
#12959 = CARTESIAN_POINT('',(4.85,0.,0.));
#12960 = DIRECTION('',(-1.,-0.,-0.));
#12961 = DIRECTION('',(-0.,0.,1.));
#12962 = ADVANCED_FACE('',(#12963),#12993,.F.);
#12963 = FACE_BOUND('',#12964,.F.);
#12964 = EDGE_LOOP('',(#12965,#12985,#12990,#12991,#12992));
#12965 = ORIENTED_EDGE('',*,*,#12966,.F.);
#12966 = EDGE_CURVE('',#12967,#12967,#12969,.T.);
#12967 = VERTEX_POINT('',#12968);
#12968 = CARTESIAN_POINT('',(3.,-2.8,-1.084202172486E-16));
#12969 = B_SPLINE_CURVE_WITH_KNOTS('',3,(#12970,#12971,#12972,#12973,
    #12974,#12975,#12976,#12977,#12978,#12979,#12980,#12981,#12982,
    #12983,#12984),.UNSPECIFIED.,.T.,.F.,(1,3,1,1,1,1,1,1,1,1,1,1,1,3,1)
  ,(-8.333333333333E-02,0.,8.333333333333E-02,0.166666666667,0.25,
    0.333333333333,0.416666666667,0.5,0.583333333333,0.666666666667,0.75
    ,0.833333333333,0.916666666667,1.,1.083333333333),.UNSPECIFIED.);
#12970 = CARTESIAN_POINT('',(3.,-2.8,-1.084202172486E-16));
#12971 = CARTESIAN_POINT('',(3.,-2.8,-0.201301877344));
#12972 = CARTESIAN_POINT('',(3.,-1.045995237657,-0.603905632032));
#12973 = CARTESIAN_POINT('',(3.,-1.838501190586,-3.18437747187));
#12974 = CARTESIAN_POINT('',(3.,-2.338366935536E-15,-1.207811264065));
#12975 = CARTESIAN_POINT('',(3.,1.838501190586,-3.18437747187));
#12976 = CARTESIAN_POINT('',(3.,1.045995237657,-0.603905632032));
#12977 = CARTESIAN_POINT('',(3.,3.677002381171,7.259984547297E-16));
#12978 = CARTESIAN_POINT('',(3.,1.045995237657,0.603905632032));
#12979 = CARTESIAN_POINT('',(3.,1.838501190586,3.18437747187));
#12980 = CARTESIAN_POINT('',(3.,1.771906050482E-16,1.207811264065));
#12981 = CARTESIAN_POINT('',(3.,-1.838501190586,3.18437747187));
#12982 = CARTESIAN_POINT('',(3.,-1.045995237657,0.603905632032));
#12983 = CARTESIAN_POINT('',(3.,-2.8,0.201301877344));
#12984 = CARTESIAN_POINT('',(3.,-2.8,-1.084202172486E-16));
#12985 = ORIENTED_EDGE('',*,*,#12986,.F.);
#12986 = EDGE_CURVE('',#12484,#12967,#12987,.T.);
#12987 = B_SPLINE_CURVE_WITH_KNOTS('',1,(#12988,#12989),.UNSPECIFIED.,
  .F.,.F.,(2,2),(8.549327262357E-02,1.),.PIECEWISE_BEZIER_KNOTS.);
#12988 = CARTESIAN_POINT('',(0.399737355586,-2.8,6.776263578034E-17));
#12989 = CARTESIAN_POINT('',(3.,-2.8,6.776263578034E-17));
#12990 = ORIENTED_EDGE('',*,*,#12640,.T.);
#12991 = ORIENTED_EDGE('',*,*,#12481,.T.);
#12992 = ORIENTED_EDGE('',*,*,#12986,.T.);
#12993 = B_SPLINE_SURFACE_WITH_KNOTS('',3,1,(
    (#12994,#12995)
    ,(#12996,#12997)
    ,(#12998,#12999)
    ,(#13000,#13001)
    ,(#13002,#13003)
    ,(#13004,#13005)
    ,(#13006,#13007)
    ,(#13008,#13009)
    ,(#13010,#13011)
    ,(#13012,#13013)
    ,(#13014,#13015)
    ,(#13016,#13017)
    ,(#13018,#13019)
    ,(#13020,#13021)
    ,(#13022,#13023
    )),.UNSPECIFIED.,.T.,.F.,.F.,(1,3,1,1,1,1,1,1,1,1,1,1,1,3,1),(2,2),(
    -8.333333333333E-02,0.,8.333333333333E-02,0.166666666667,0.25,
    0.333333333333,0.416666666667,0.5,0.583333333333,0.666666666667,0.75
    ,0.833333333333,0.916666666667,1.,1.083333333333),(0.,1.),
  .UNSPECIFIED.);
#12994 = CARTESIAN_POINT('',(0.156650064376,-2.8,6.776263578034E-17));
#12995 = CARTESIAN_POINT('',(3.,-2.8,6.776263578034E-17));
#12996 = CARTESIAN_POINT('',(0.156650064376,-2.8,-0.201301877344));
#12997 = CARTESIAN_POINT('',(3.,-2.8,-0.201301877344));
#12998 = CARTESIAN_POINT('',(0.156650064376,-1.045995237657,
    -0.603905632032));
#12999 = CARTESIAN_POINT('',(3.,-1.045995237657,-0.603905632032));
#13000 = CARTESIAN_POINT('',(0.156650064376,-1.838501190586,
    -3.18437747187));
#13001 = CARTESIAN_POINT('',(3.,-1.838501190586,-3.18437747187));
#13002 = CARTESIAN_POINT('',(0.156650064376,-2.338366935536E-15,
    -1.207811264065));
#13003 = CARTESIAN_POINT('',(3.,-2.338366935536E-15,-1.207811264065));
#13004 = CARTESIAN_POINT('',(0.156650064376,1.838501190586,
    -3.18437747187));
#13005 = CARTESIAN_POINT('',(3.,1.838501190586,-3.18437747187));
#13006 = CARTESIAN_POINT('',(0.156650064376,1.045995237657,
    -0.603905632032));
#13007 = CARTESIAN_POINT('',(3.,1.045995237657,-0.603905632032));
#13008 = CARTESIAN_POINT('',(0.156650064376,3.677002381171,
    7.259984547297E-16));
#13009 = CARTESIAN_POINT('',(3.,3.677002381171,7.259984547297E-16));
#13010 = CARTESIAN_POINT('',(0.156650064376,1.045995237657,
    0.603905632032));
#13011 = CARTESIAN_POINT('',(3.,1.045995237657,0.603905632032));
#13012 = CARTESIAN_POINT('',(0.156650064376,1.838501190586,3.18437747187
    ));
#13013 = CARTESIAN_POINT('',(3.,1.838501190586,3.18437747187));
#13014 = CARTESIAN_POINT('',(0.156650064376,1.771906050482E-16,
    1.207811264065));
#13015 = CARTESIAN_POINT('',(3.,1.771906050482E-16,1.207811264065));
#13016 = CARTESIAN_POINT('',(0.156650064376,-1.838501190586,
    3.18437747187));
#13017 = CARTESIAN_POINT('',(3.,-1.838501190586,3.18437747187));
#13018 = CARTESIAN_POINT('',(0.156650064376,-1.045995237657,
    0.603905632032));
#13019 = CARTESIAN_POINT('',(3.,-1.045995237657,0.603905632032));
#13020 = CARTESIAN_POINT('',(0.156650064376,-2.8,0.201301877344));
#13021 = CARTESIAN_POINT('',(3.,-2.8,0.201301877344));
#13022 = CARTESIAN_POINT('',(0.156650064376,-2.8,6.776263578034E-17));
#13023 = CARTESIAN_POINT('',(3.,-2.8,6.776263578034E-17));
#13024 = ADVANCED_FACE('',(#13025,#13036),#13039,.F.);
#13025 = FACE_BOUND('',#13026,.T.);
#13026 = EDGE_LOOP('',(#13027));
#13027 = ORIENTED_EDGE('',*,*,#13028,.T.);
#13028 = EDGE_CURVE('',#13029,#13029,#13031,.T.);
#13029 = VERTEX_POINT('',#13030);
#13030 = CARTESIAN_POINT('',(3.,0.,-1.85));
#13031 = CIRCLE('',#13032,1.85);
#13032 = AXIS2_PLACEMENT_3D('',#13033,#13034,#13035);
#13033 = CARTESIAN_POINT('',(3.,0.,0.));
#13034 = DIRECTION('',(1.,0.,0.));
#13035 = DIRECTION('',(0.,0.,-1.));
#13036 = FACE_BOUND('',#13037,.T.);
#13037 = EDGE_LOOP('',(#13038));
#13038 = ORIENTED_EDGE('',*,*,#12966,.F.);
#13039 = PLANE('',#13040);
#13040 = AXIS2_PLACEMENT_3D('',#13041,#13042,#13043);
#13041 = CARTESIAN_POINT('',(3.,2.8,-3.779501330011E-17));
#13042 = DIRECTION('',(1.,0.,0.));
#13043 = DIRECTION('',(0.,0.,-1.));
#13044 = ADVANCED_FACE('',(#13045),#13056,.F.);
#13045 = FACE_BOUND('',#13046,.F.);
#13046 = EDGE_LOOP('',(#13047,#13048,#13055));
#13047 = ORIENTED_EDGE('',*,*,#13028,.T.);
#13048 = ORIENTED_EDGE('',*,*,#13049,.F.);
#13049 = EDGE_CURVE('',#13050,#13029,#13052,.T.);
#13050 = VERTEX_POINT('',#13051);
#13051 = CARTESIAN_POINT('',(3.601101438031,0.,0.));
#13052 = B_SPLINE_CURVE_WITH_KNOTS('',1,(#13053,#13054),.UNSPECIFIED.,
  .F.,.F.,(2,2),(-3.2360679775E+03,-3.234122772385E+03),
  .PIECEWISE_BEZIER_KNOTS.);
#13053 = CARTESIAN_POINT('',(3.601101438031,0.,0.));
#13054 = CARTESIAN_POINT('',(3.,6.796789735264E-16,-1.849999999999));
#13055 = ORIENTED_EDGE('',*,*,#13049,.T.);
#13056 = CONICAL_SURFACE('',#13057,3.077683537175E+03,1.256637061436);
#13057 = AXIS2_PLACEMENT_3D('',#13058,#13059,#13060);
#13058 = CARTESIAN_POINT('',(-996.3988985619,0.,0.));
#13059 = DIRECTION('',(-1.,-0.,-0.));
#13060 = DIRECTION('',(-0.,0.,1.));
#13061 = ADVANCED_FACE('',(#13062),#13073,.T.);
#13062 = FACE_BOUND('',#13063,.T.);
#13063 = EDGE_LOOP('',(#13064,#13065,#13070,#13071,#13072));
#13064 = ORIENTED_EDGE('',*,*,#12928,.F.);
#13065 = ORIENTED_EDGE('',*,*,#13066,.T.);
#13066 = EDGE_CURVE('',#12929,#12815,#13067,.T.);
#13067 = B_SPLINE_CURVE_WITH_KNOTS('',1,(#13068,#13069),.UNSPECIFIED.,
  .F.,.F.,(2,2),(-0.707106781187,0.),.PIECEWISE_BEZIER_KNOTS.);
#13068 = CARTESIAN_POINT('',(20.6,3.061616997868E-16,-2.5));
#13069 = CARTESIAN_POINT('',(20.1,3.673940397442E-16,-3.));
#13070 = ORIENTED_EDGE('',*,*,#12840,.F.);
#13071 = ORIENTED_EDGE('',*,*,#12814,.F.);
#13072 = ORIENTED_EDGE('',*,*,#13066,.F.);
#13073 = CONICAL_SURFACE('',#13074,3.,0.785398163397);
#13074 = AXIS2_PLACEMENT_3D('',#13075,#13076,#13077);
#13075 = CARTESIAN_POINT('',(20.1,0.,0.));
#13076 = DIRECTION('',(-1.,-0.,-0.));
#13077 = DIRECTION('',(-0.,0.,1.));
#13078 = ( GEOMETRIC_REPRESENTATION_CONTEXT(3) 
GLOBAL_UNCERTAINTY_ASSIGNED_CONTEXT((#13082)) 
GLOBAL_UNIT_ASSIGNED_CONTEXT((#13079,#13080,#13081)) 
REPRESENTATION_CONTEXT('Context #1',
  '3D Context with UNIT and UNCERTAINTY') );
#13079 = ( LENGTH_UNIT() NAMED_UNIT(*) SI_UNIT(.MILLI.,.METRE.) );
#13080 = ( NAMED_UNIT(*) PLANE_ANGLE_UNIT() SI_UNIT($,.RADIAN.) );
#13081 = ( NAMED_UNIT(*) SI_UNIT($,.STERADIAN.) SOLID_ANGLE_UNIT() );
#13082 = UNCERTAINTY_MEASURE_WITH_UNIT(LENGTH_MEASURE(1.E-04),#13079,
  'distance_accuracy_value','confusion accuracy');
#13083 = CONTEXT_DEPENDENT_SHAPE_REPRESENTATION(#13084,#13086);
#13084 = ( REPRESENTATION_RELATIONSHIP('','',#12474,#10) 
REPRESENTATION_RELATIONSHIP_WITH_TRANSFORMATION(#13085) 
SHAPE_REPRESENTATION_RELATIONSHIP() );
#13085 = ITEM_DEFINED_TRANSFORMATION('','',#11,#23);
#13086 = PRODUCT_DEFINITION_SHAPE('Placement','Placement of an item',
  #13087);
#13087 = NEXT_ASSEMBLY_USAGE_OCCURRENCE('12','Solid3','',#5,#12469,$);
#13088 = PRODUCT_RELATED_PRODUCT_CATEGORY('part',$,(#12471));
#13089 = CONTEXT_DEPENDENT_SHAPE_REPRESENTATION(#13090,#13092);
#13090 = ( REPRESENTATION_RELATIONSHIP('','',#12474,#10) 
REPRESENTATION_RELATIONSHIP_WITH_TRANSFORMATION(#13091) 
SHAPE_REPRESENTATION_RELATIONSHIP() );
#13091 = ITEM_DEFINED_TRANSFORMATION('','',#11,#27);
#13092 = PRODUCT_DEFINITION_SHAPE('Placement','Placement of an item',
  #13093);
#13093 = NEXT_ASSEMBLY_USAGE_OCCURRENCE('13','Solid3','',#5,#12469,$);
#13094 = CONTEXT_DEPENDENT_SHAPE_REPRESENTATION(#13095,#13097);
#13095 = ( REPRESENTATION_RELATIONSHIP('','',#3981,#10) 
REPRESENTATION_RELATIONSHIP_WITH_TRANSFORMATION(#13096) 
SHAPE_REPRESENTATION_RELATIONSHIP() );
#13096 = ITEM_DEFINED_TRANSFORMATION('','',#11,#31);
#13097 = PRODUCT_DEFINITION_SHAPE('Placement','Placement of an item',
  #13098);
#13098 = NEXT_ASSEMBLY_USAGE_OCCURRENCE('14','Solid2','',#5,#3976,$);
#13099 = CONTEXT_DEPENDENT_SHAPE_REPRESENTATION(#13100,#13102);
#13100 = ( REPRESENTATION_RELATIONSHIP('','',#3981,#10) 
REPRESENTATION_RELATIONSHIP_WITH_TRANSFORMATION(#13101) 
SHAPE_REPRESENTATION_RELATIONSHIP() );
#13101 = ITEM_DEFINED_TRANSFORMATION('','',#11,#35);
#13102 = PRODUCT_DEFINITION_SHAPE('Placement','Placement of an item',
  #13103);
#13103 = NEXT_ASSEMBLY_USAGE_OCCURRENCE('15','Solid2','',#5,#3976,$);
#13104 = CONTEXT_DEPENDENT_SHAPE_REPRESENTATION(#13105,#13107);
#13105 = ( REPRESENTATION_RELATIONSHIP('','',#12474,#10) 
REPRESENTATION_RELATIONSHIP_WITH_TRANSFORMATION(#13106) 
SHAPE_REPRESENTATION_RELATIONSHIP() );
#13106 = ITEM_DEFINED_TRANSFORMATION('','',#11,#39);
#13107 = PRODUCT_DEFINITION_SHAPE('Placement','Placement of an item',
  #13108);
#13108 = NEXT_ASSEMBLY_USAGE_OCCURRENCE('16','Solid3','',#5,#12469,$);
#13109 = CONTEXT_DEPENDENT_SHAPE_REPRESENTATION(#13110,#13112);
#13110 = ( REPRESENTATION_RELATIONSHIP('','',#3981,#10) 
REPRESENTATION_RELATIONSHIP_WITH_TRANSFORMATION(#13111) 
SHAPE_REPRESENTATION_RELATIONSHIP() );
#13111 = ITEM_DEFINED_TRANSFORMATION('','',#11,#43);
#13112 = PRODUCT_DEFINITION_SHAPE('Placement','Placement of an item',
  #13113);
#13113 = NEXT_ASSEMBLY_USAGE_OCCURRENCE('17','Solid2','',#5,#3976,$);
#13114 = CONTEXT_DEPENDENT_SHAPE_REPRESENTATION(#13115,#13117);
#13115 = ( REPRESENTATION_RELATIONSHIP('','',#12474,#10) 
REPRESENTATION_RELATIONSHIP_WITH_TRANSFORMATION(#13116) 
SHAPE_REPRESENTATION_RELATIONSHIP() );
#13116 = ITEM_DEFINED_TRANSFORMATION('','',#11,#47);
#13117 = PRODUCT_DEFINITION_SHAPE('Placement','Placement of an item',
  #13118);
#13118 = NEXT_ASSEMBLY_USAGE_OCCURRENCE('18','Solid3','',#5,#12469,$);
ENDSEC;
END-ISO-10303-21;
