ISO-10303-21;
HEADER;
FILE_DESCRIPTION(('Open CASCADE Model'),'2;1');
FILE_NAME('Open CASCADE Shape Model','2025-02-20T14:06:09',('Author'),(
    'Open CASCADE'),'Open CASCADE STEP processor 7.8','Open CASCADE 7.8'
  ,'Unknown');
FILE_SCHEMA(('AUTOMOTIVE_DESIGN { 1 0 10303 214 1 1 1 1 }'));
ENDSEC;
DATA;
#1 = APPLICATION_PROTOCOL_DEFINITION('international standard',
  'automotive_design',2000,#2);
#2 = APPLICATION_CONTEXT(
  'core data for automotive mechanical design processes');
#3 = SHAPE_DEFINITION_REPRESENTATION(#4,#10);
#4 = PRODUCT_DEFINITION_SHAPE('','',#5);
#5 = PRODUCT_DEFINITION('design','',#6,#9);
#6 = PRODUCT_DEFINITION_FORMATION('','',#7);
#7 = PRODUCT('Compound1','Compound1','',(#8));
#8 = PRODUCT_CONTEXT('',#2,'mechanical');
#9 = PRODUCT_DEFINITION_CONTEXT('part definition',#2,'design');
#10 = SHAPE_REPRESENTATION('',(#11,#15,#19,#23,#27,#31,#35,#39,#43,#47),
  #51);
#11 = AXIS2_PLACEMENT_3D('',#12,#13,#14);
#12 = CARTESIAN_POINT('',(0.,0.,0.));
#13 = DIRECTION('',(0.,0.,1.));
#14 = DIRECTION('',(1.,0.,-0.));
#15 = AXIS2_PLACEMENT_3D('',#16,#17,#18);
#16 = CARTESIAN_POINT('',(2.499736888831E-16,1.144917494141E-16,-16.5));
#17 = DIRECTION('',(1.558565148805E-17,1.,6.938893903907E-18));
#18 = DIRECTION('',(-1.,1.558565148805E-17,-1.514992053837E-17));
#19 = AXIS2_PLACEMENT_3D('',#20,#21,#22);
#20 = CARTESIAN_POINT('',(462.5,-50.,-23.5));
#21 = DIRECTION('',(-0.838670567945,9.292034705387E-18,0.544639035015));
#22 = DIRECTION('',(0.544639035015,-1.430800027783E-17,0.838670567945));
#23 = AXIS2_PLACEMENT_3D('',#24,#25,#26);
#24 = CARTESIAN_POINT('',(462.5,-28.4,-23.5));
#25 = DIRECTION('',(-0.43235428202,-6.123508174817E-15,-0.90170381768));
#26 = DIRECTION('',(-1.558565148805E-17,-1.,6.79851474262E-15));
#27 = AXIS2_PLACEMENT_3D('',#28,#29,#30);
#28 = CARTESIAN_POINT('',(462.5,-28.4,-48.5));
#29 = DIRECTION('',(-0.43235428202,-6.123508174817E-15,-0.90170381768));
#30 = DIRECTION('',(-1.558565148805E-17,-1.,6.79851474262E-15));
#31 = AXIS2_PLACEMENT_3D('',#32,#33,#34);
#32 = CARTESIAN_POINT('',(462.5,-50.,-48.5));
#33 = DIRECTION('',(-0.838670567945,9.292034705387E-18,0.544639035015));
#34 = DIRECTION('',(0.544639035015,-1.430800027783E-17,0.838670567945));
#35 = AXIS2_PLACEMENT_3D('',#36,#37,#38);
#36 = CARTESIAN_POINT('',(-462.5,-50.,-48.5));
#37 = DIRECTION('',(0.838670567945,9.292034705386E-18,0.544639035015));
#38 = DIRECTION('',(0.544639035015,1.430800027783E-17,-0.838670567945));
#39 = AXIS2_PLACEMENT_3D('',#40,#41,#42);
#40 = CARTESIAN_POINT('',(-462.5,-28.4,-48.5));
#41 = DIRECTION('',(-0.43235428202,6.123508174817E-15,0.90170381768));
#42 = DIRECTION('',(1.558565148805E-17,-1.,6.79851474262E-15));
#43 = AXIS2_PLACEMENT_3D('',#44,#45,#46);
#44 = CARTESIAN_POINT('',(-462.5,-50.,-23.5));
#45 = DIRECTION('',(0.838670567945,9.292034705386E-18,0.544639035015));
#46 = DIRECTION('',(0.544639035015,1.430800027783E-17,-0.838670567945));
#47 = AXIS2_PLACEMENT_3D('',#48,#49,#50);
#48 = CARTESIAN_POINT('',(-462.5,-28.4,-23.5));
#49 = DIRECTION('',(-0.43235428202,6.123508174817E-15,0.90170381768));
#50 = DIRECTION('',(1.558565148805E-17,-1.,6.79851474262E-15));
#51 = ( GEOMETRIC_REPRESENTATION_CONTEXT(3) 
GLOBAL_UNCERTAINTY_ASSIGNED_CONTEXT((#55)) GLOBAL_UNIT_ASSIGNED_CONTEXT(
(#52,#53,#54)) REPRESENTATION_CONTEXT('Context #1',
  '3D Context with UNIT and UNCERTAINTY') );
#52 = ( LENGTH_UNIT() NAMED_UNIT(*) SI_UNIT(.MILLI.,.METRE.) );
#53 = ( NAMED_UNIT(*) PLANE_ANGLE_UNIT() SI_UNIT($,.RADIAN.) );
#54 = ( NAMED_UNIT(*) SI_UNIT($,.STERADIAN.) SOLID_ANGLE_UNIT() );
#55 = UNCERTAINTY_MEASURE_WITH_UNIT(LENGTH_MEASURE(5.E-05),#52,
  'distance_accuracy_value','confusion accuracy');
#56 = PRODUCT_RELATED_PRODUCT_CATEGORY('part',$,(#7));
#57 = SHAPE_DEFINITION_REPRESENTATION(#58,#64);
#58 = PRODUCT_DEFINITION_SHAPE('','',#59);
#59 = PRODUCT_DEFINITION('design','',#60,#63);
#60 = PRODUCT_DEFINITION_FORMATION('','',#61);
#61 = PRODUCT('Solid1','Solid1','',(#62));
#62 = PRODUCT_CONTEXT('',#2,'mechanical');
#63 = PRODUCT_DEFINITION_CONTEXT('part definition',#2,'design');
#64 = ADVANCED_BREP_SHAPE_REPRESENTATION('',(#11,#65),#6203);
#65 = MANIFOLD_SOLID_BREP('',#66);
#66 = CLOSED_SHELL('',(#67,#109,#140,#173,#195,#237,#268,#301,#323,#365,
    #396,#429,#451,#493,#524,#557,#579,#621,#652,#685,#707,#749,#780,
    #813,#835,#877,#908,#941,#963,#1005,#1036,#1069,#1091,#1133,#1164,
    #1197,#1219,#1261,#1292,#1325,#1347,#1389,#1420,#1453,#1475,#1517,
    #1548,#1581,#1603,#1645,#1676,#1709,#1731,#1773,#1804,#1837,#1859,
    #1901,#1932,#1965,#1987,#2029,#2060,#2093,#2115,#2157,#2188,#2221,
    #2243,#2285,#2316,#2349,#2371,#2413,#2444,#2477,#2499,#2541,#2572,
    #2605,#2627,#2669,#2700,#2733,#2755,#2797,#2828,#2861,#2883,#2925,
    #2956,#2989,#3011,#3053,#3084,#3117,#3139,#3181,#3212,#3245,#3267,
    #3309,#3340,#3373,#3395,#3437,#3468,#3501,#3523,#3565,#3596,#3629,
    #3651,#3693,#3724,#3757,#3779,#3821,#3852,#3885,#3907,#3949,#3980,
    #4013,#4035,#4077,#4108,#4141,#4163,#4205,#4236,#4269,#4291,#4395,
    #4499,#4521,#4561,#4869,#5177,#5194,#5211,#5230,#5249,#5266,#5283,
    #5295,#5317,#5329,#5362,#5395,#5426,#5457,#5620,#5783,#5795,#5817,
    #5834,#5851,#5863,#5885,#5902,#5919,#5931,#5953,#5970,#5987,#5999,
    #6021,#6038,#6055,#6067,#6089,#6106,#6123,#6135,#6157,#6174,#6191));
#67 = ADVANCED_FACE('',(#68),#104,.F.);
#68 = FACE_BOUND('',#69,.F.);
#69 = EDGE_LOOP('',(#70,#81,#89,#98));
#70 = ORIENTED_EDGE('',*,*,#71,.T.);
#71 = EDGE_CURVE('',#72,#74,#76,.T.);
#72 = VERTEX_POINT('',#73);
#73 = CARTESIAN_POINT('',(420.5,3.,-3.));
#74 = VERTEX_POINT('',#75);
#75 = CARTESIAN_POINT('',(420.5,-6.,-3.));
#76 = CIRCLE('',#77,4.5);
#77 = AXIS2_PLACEMENT_3D('',#78,#79,#80);
#78 = CARTESIAN_POINT('',(420.5,-1.5,-3.));
#79 = DIRECTION('',(0.,-0.,1.));
#80 = DIRECTION('',(-1.,0.,0.));
#81 = ORIENTED_EDGE('',*,*,#82,.T.);
#82 = EDGE_CURVE('',#74,#83,#85,.T.);
#83 = VERTEX_POINT('',#84);
#84 = CARTESIAN_POINT('',(420.5,-6.,0.));
#85 = LINE('',#86,#87);
#86 = CARTESIAN_POINT('',(420.5,-6.,-23.12461179749));
#87 = VECTOR('',#88,1.);
#88 = DIRECTION('',(-0.,-0.,1.));
#89 = ORIENTED_EDGE('',*,*,#90,.F.);
#90 = EDGE_CURVE('',#91,#83,#93,.T.);
#91 = VERTEX_POINT('',#92);
#92 = CARTESIAN_POINT('',(420.5,3.,0.));
#93 = CIRCLE('',#94,4.5);
#94 = AXIS2_PLACEMENT_3D('',#95,#96,#97);
#95 = CARTESIAN_POINT('',(420.5,-1.5,0.));
#96 = DIRECTION('',(0.,0.,1.));
#97 = DIRECTION('',(1.,0.,-0.));
#98 = ORIENTED_EDGE('',*,*,#99,.F.);
#99 = EDGE_CURVE('',#72,#91,#100,.T.);
#100 = LINE('',#101,#102);
#101 = CARTESIAN_POINT('',(420.5,3.,-23.12461179749));
#102 = VECTOR('',#103,1.);
#103 = DIRECTION('',(-0.,-0.,1.));
#104 = CYLINDRICAL_SURFACE('',#105,4.5);
#105 = AXIS2_PLACEMENT_3D('',#106,#107,#108);
#106 = CARTESIAN_POINT('',(420.5,-1.5,-23.12461179749));
#107 = DIRECTION('',(-0.,-0.,1.));
#108 = DIRECTION('',(1.,0.,0.));
#109 = ADVANCED_FACE('',(#110),#135,.F.);
#110 = FACE_BOUND('',#111,.T.);
#111 = EDGE_LOOP('',(#112,#122,#128,#129));
#112 = ORIENTED_EDGE('',*,*,#113,.T.);
#113 = EDGE_CURVE('',#114,#116,#118,.T.);
#114 = VERTEX_POINT('',#115);
#115 = CARTESIAN_POINT('',(429.5,3.,-3.));
#116 = VERTEX_POINT('',#117);
#117 = CARTESIAN_POINT('',(429.5,3.,0.));
#118 = LINE('',#119,#120);
#119 = CARTESIAN_POINT('',(429.5,3.,-23.12461179749));
#120 = VECTOR('',#121,1.);
#121 = DIRECTION('',(-0.,-0.,1.));
#122 = ORIENTED_EDGE('',*,*,#123,.T.);
#123 = EDGE_CURVE('',#116,#91,#124,.T.);
#124 = LINE('',#125,#126);
#125 = CARTESIAN_POINT('',(420.5,3.,0.));
#126 = VECTOR('',#127,1.);
#127 = DIRECTION('',(-1.,-2.891205793295E-16,-0.));
#128 = ORIENTED_EDGE('',*,*,#99,.F.);
#129 = ORIENTED_EDGE('',*,*,#130,.F.);
#130 = EDGE_CURVE('',#114,#72,#131,.T.);
#131 = LINE('',#132,#133);
#132 = CARTESIAN_POINT('',(420.5,3.,-3.));
#133 = VECTOR('',#134,1.);
#134 = DIRECTION('',(-1.,-2.891205793295E-16,0.));
#135 = PLANE('',#136);
#136 = AXIS2_PLACEMENT_3D('',#137,#138,#139);
#137 = CARTESIAN_POINT('',(420.5,3.,-23.12461179749));
#138 = DIRECTION('',(-2.891205793295E-16,1.,0.));
#139 = DIRECTION('',(-1.,-2.891205793295E-16,0.));
#140 = ADVANCED_FACE('',(#141),#168,.F.);
#141 = FACE_BOUND('',#142,.F.);
#142 = EDGE_LOOP('',(#143,#152,#153,#162));
#143 = ORIENTED_EDGE('',*,*,#144,.T.);
#144 = EDGE_CURVE('',#145,#114,#147,.T.);
#145 = VERTEX_POINT('',#146);
#146 = CARTESIAN_POINT('',(429.5,-6.,-3.));
#147 = CIRCLE('',#148,4.5);
#148 = AXIS2_PLACEMENT_3D('',#149,#150,#151);
#149 = CARTESIAN_POINT('',(429.5,-1.5,-3.));
#150 = DIRECTION('',(0.,-0.,1.));
#151 = DIRECTION('',(-1.,0.,0.));
#152 = ORIENTED_EDGE('',*,*,#113,.T.);
#153 = ORIENTED_EDGE('',*,*,#154,.F.);
#154 = EDGE_CURVE('',#155,#116,#157,.T.);
#155 = VERTEX_POINT('',#156);
#156 = CARTESIAN_POINT('',(429.5,-6.,0.));
#157 = CIRCLE('',#158,4.5);
#158 = AXIS2_PLACEMENT_3D('',#159,#160,#161);
#159 = CARTESIAN_POINT('',(429.5,-1.5,0.));
#160 = DIRECTION('',(0.,0.,1.));
#161 = DIRECTION('',(1.,0.,-0.));
#162 = ORIENTED_EDGE('',*,*,#163,.F.);
#163 = EDGE_CURVE('',#145,#155,#164,.T.);
#164 = LINE('',#165,#166);
#165 = CARTESIAN_POINT('',(429.5,-6.,-23.12461179749));
#166 = VECTOR('',#167,1.);
#167 = DIRECTION('',(-0.,-0.,1.));
#168 = CYLINDRICAL_SURFACE('',#169,4.5);
#169 = AXIS2_PLACEMENT_3D('',#170,#171,#172);
#170 = CARTESIAN_POINT('',(429.5,-1.5,-23.12461179749));
#171 = DIRECTION('',(-0.,-0.,1.));
#172 = DIRECTION('',(1.,0.,0.));
#173 = ADVANCED_FACE('',(#174),#190,.F.);
#174 = FACE_BOUND('',#175,.T.);
#175 = EDGE_LOOP('',(#176,#177,#183,#184));
#176 = ORIENTED_EDGE('',*,*,#82,.T.);
#177 = ORIENTED_EDGE('',*,*,#178,.T.);
#178 = EDGE_CURVE('',#83,#155,#179,.T.);
#179 = LINE('',#180,#181);
#180 = CARTESIAN_POINT('',(420.5,-6.,0.));
#181 = VECTOR('',#182,1.);
#182 = DIRECTION('',(1.,2.891205793295E-16,0.));
#183 = ORIENTED_EDGE('',*,*,#163,.F.);
#184 = ORIENTED_EDGE('',*,*,#185,.F.);
#185 = EDGE_CURVE('',#74,#145,#186,.T.);
#186 = LINE('',#187,#188);
#187 = CARTESIAN_POINT('',(420.5,-6.,-3.));
#188 = VECTOR('',#189,1.);
#189 = DIRECTION('',(1.,2.891205793295E-16,0.));
#190 = PLANE('',#191);
#191 = AXIS2_PLACEMENT_3D('',#192,#193,#194);
#192 = CARTESIAN_POINT('',(420.5,-6.,-23.12461179749));
#193 = DIRECTION('',(2.891205793295E-16,-1.,0.));
#194 = DIRECTION('',(1.,2.891205793295E-16,0.));
#195 = ADVANCED_FACE('',(#196),#232,.F.);
#196 = FACE_BOUND('',#197,.F.);
#197 = EDGE_LOOP('',(#198,#209,#217,#226));
#198 = ORIENTED_EDGE('',*,*,#199,.T.);
#199 = EDGE_CURVE('',#200,#202,#204,.T.);
#200 = VERTEX_POINT('',#201);
#201 = CARTESIAN_POINT('',(395.5,3.,-3.));
#202 = VERTEX_POINT('',#203);
#203 = CARTESIAN_POINT('',(395.5,-6.,-3.));
#204 = CIRCLE('',#205,4.5);
#205 = AXIS2_PLACEMENT_3D('',#206,#207,#208);
#206 = CARTESIAN_POINT('',(395.5,-1.5,-3.));
#207 = DIRECTION('',(0.,-0.,1.));
#208 = DIRECTION('',(-1.,0.,0.));
#209 = ORIENTED_EDGE('',*,*,#210,.T.);
#210 = EDGE_CURVE('',#202,#211,#213,.T.);
#211 = VERTEX_POINT('',#212);
#212 = CARTESIAN_POINT('',(395.5,-6.,0.));
#213 = LINE('',#214,#215);
#214 = CARTESIAN_POINT('',(395.5,-6.,-23.12461179749));
#215 = VECTOR('',#216,1.);
#216 = DIRECTION('',(-0.,-0.,1.));
#217 = ORIENTED_EDGE('',*,*,#218,.F.);
#218 = EDGE_CURVE('',#219,#211,#221,.T.);
#219 = VERTEX_POINT('',#220);
#220 = CARTESIAN_POINT('',(395.5,3.,0.));
#221 = CIRCLE('',#222,4.5);
#222 = AXIS2_PLACEMENT_3D('',#223,#224,#225);
#223 = CARTESIAN_POINT('',(395.5,-1.5,0.));
#224 = DIRECTION('',(0.,0.,1.));
#225 = DIRECTION('',(1.,0.,-0.));
#226 = ORIENTED_EDGE('',*,*,#227,.F.);
#227 = EDGE_CURVE('',#200,#219,#228,.T.);
#228 = LINE('',#229,#230);
#229 = CARTESIAN_POINT('',(395.5,3.,-23.12461179749));
#230 = VECTOR('',#231,1.);
#231 = DIRECTION('',(-0.,-0.,1.));
#232 = CYLINDRICAL_SURFACE('',#233,4.5);
#233 = AXIS2_PLACEMENT_3D('',#234,#235,#236);
#234 = CARTESIAN_POINT('',(395.5,-1.5,-23.12461179749));
#235 = DIRECTION('',(-0.,-0.,1.));
#236 = DIRECTION('',(1.,0.,0.));
#237 = ADVANCED_FACE('',(#238),#263,.F.);
#238 = FACE_BOUND('',#239,.T.);
#239 = EDGE_LOOP('',(#240,#250,#256,#257));
#240 = ORIENTED_EDGE('',*,*,#241,.T.);
#241 = EDGE_CURVE('',#242,#244,#246,.T.);
#242 = VERTEX_POINT('',#243);
#243 = CARTESIAN_POINT('',(404.5,3.,-3.));
#244 = VERTEX_POINT('',#245);
#245 = CARTESIAN_POINT('',(404.5,3.,0.));
#246 = LINE('',#247,#248);
#247 = CARTESIAN_POINT('',(404.5,3.,-23.12461179749));
#248 = VECTOR('',#249,1.);
#249 = DIRECTION('',(-0.,-0.,1.));
#250 = ORIENTED_EDGE('',*,*,#251,.T.);
#251 = EDGE_CURVE('',#244,#219,#252,.T.);
#252 = LINE('',#253,#254);
#253 = CARTESIAN_POINT('',(395.5,3.,0.));
#254 = VECTOR('',#255,1.);
#255 = DIRECTION('',(-1.,-2.891205793295E-16,-0.));
#256 = ORIENTED_EDGE('',*,*,#227,.F.);
#257 = ORIENTED_EDGE('',*,*,#258,.F.);
#258 = EDGE_CURVE('',#242,#200,#259,.T.);
#259 = LINE('',#260,#261);
#260 = CARTESIAN_POINT('',(395.5,3.,-3.));
#261 = VECTOR('',#262,1.);
#262 = DIRECTION('',(-1.,-2.891205793295E-16,0.));
#263 = PLANE('',#264);
#264 = AXIS2_PLACEMENT_3D('',#265,#266,#267);
#265 = CARTESIAN_POINT('',(395.5,3.,-23.12461179749));
#266 = DIRECTION('',(-2.891205793295E-16,1.,0.));
#267 = DIRECTION('',(-1.,-2.891205793295E-16,0.));
#268 = ADVANCED_FACE('',(#269),#296,.F.);
#269 = FACE_BOUND('',#270,.F.);
#270 = EDGE_LOOP('',(#271,#280,#281,#290));
#271 = ORIENTED_EDGE('',*,*,#272,.T.);
#272 = EDGE_CURVE('',#273,#242,#275,.T.);
#273 = VERTEX_POINT('',#274);
#274 = CARTESIAN_POINT('',(404.5,-6.,-3.));
#275 = CIRCLE('',#276,4.5);
#276 = AXIS2_PLACEMENT_3D('',#277,#278,#279);
#277 = CARTESIAN_POINT('',(404.5,-1.5,-3.));
#278 = DIRECTION('',(0.,-0.,1.));
#279 = DIRECTION('',(-1.,0.,0.));
#280 = ORIENTED_EDGE('',*,*,#241,.T.);
#281 = ORIENTED_EDGE('',*,*,#282,.F.);
#282 = EDGE_CURVE('',#283,#244,#285,.T.);
#283 = VERTEX_POINT('',#284);
#284 = CARTESIAN_POINT('',(404.5,-6.,0.));
#285 = CIRCLE('',#286,4.5);
#286 = AXIS2_PLACEMENT_3D('',#287,#288,#289);
#287 = CARTESIAN_POINT('',(404.5,-1.5,0.));
#288 = DIRECTION('',(0.,0.,1.));
#289 = DIRECTION('',(1.,0.,-0.));
#290 = ORIENTED_EDGE('',*,*,#291,.F.);
#291 = EDGE_CURVE('',#273,#283,#292,.T.);
#292 = LINE('',#293,#294);
#293 = CARTESIAN_POINT('',(404.5,-6.,-23.12461179749));
#294 = VECTOR('',#295,1.);
#295 = DIRECTION('',(-0.,-0.,1.));
#296 = CYLINDRICAL_SURFACE('',#297,4.5);
#297 = AXIS2_PLACEMENT_3D('',#298,#299,#300);
#298 = CARTESIAN_POINT('',(404.5,-1.5,-23.12461179749));
#299 = DIRECTION('',(-0.,-0.,1.));
#300 = DIRECTION('',(1.,0.,0.));
#301 = ADVANCED_FACE('',(#302),#318,.F.);
#302 = FACE_BOUND('',#303,.T.);
#303 = EDGE_LOOP('',(#304,#305,#311,#312));
#304 = ORIENTED_EDGE('',*,*,#210,.T.);
#305 = ORIENTED_EDGE('',*,*,#306,.T.);
#306 = EDGE_CURVE('',#211,#283,#307,.T.);
#307 = LINE('',#308,#309);
#308 = CARTESIAN_POINT('',(395.5,-6.,0.));
#309 = VECTOR('',#310,1.);
#310 = DIRECTION('',(1.,2.891205793295E-16,0.));
#311 = ORIENTED_EDGE('',*,*,#291,.F.);
#312 = ORIENTED_EDGE('',*,*,#313,.F.);
#313 = EDGE_CURVE('',#202,#273,#314,.T.);
#314 = LINE('',#315,#316);
#315 = CARTESIAN_POINT('',(395.5,-6.,-3.));
#316 = VECTOR('',#317,1.);
#317 = DIRECTION('',(1.,2.891205793295E-16,0.));
#318 = PLANE('',#319);
#319 = AXIS2_PLACEMENT_3D('',#320,#321,#322);
#320 = CARTESIAN_POINT('',(395.5,-6.,-23.12461179749));
#321 = DIRECTION('',(2.891205793295E-16,-1.,0.));
#322 = DIRECTION('',(1.,2.891205793295E-16,0.));
#323 = ADVANCED_FACE('',(#324),#360,.F.);
#324 = FACE_BOUND('',#325,.F.);
#325 = EDGE_LOOP('',(#326,#337,#345,#354));
#326 = ORIENTED_EDGE('',*,*,#327,.T.);
#327 = EDGE_CURVE('',#328,#330,#332,.T.);
#328 = VERTEX_POINT('',#329);
#329 = CARTESIAN_POINT('',(370.5,3.,-3.));
#330 = VERTEX_POINT('',#331);
#331 = CARTESIAN_POINT('',(370.5,-6.,-3.));
#332 = CIRCLE('',#333,4.5);
#333 = AXIS2_PLACEMENT_3D('',#334,#335,#336);
#334 = CARTESIAN_POINT('',(370.5,-1.5,-3.));
#335 = DIRECTION('',(0.,-0.,1.));
#336 = DIRECTION('',(-1.,0.,0.));
#337 = ORIENTED_EDGE('',*,*,#338,.T.);
#338 = EDGE_CURVE('',#330,#339,#341,.T.);
#339 = VERTEX_POINT('',#340);
#340 = CARTESIAN_POINT('',(370.5,-6.,0.));
#341 = LINE('',#342,#343);
#342 = CARTESIAN_POINT('',(370.5,-6.,-23.12461179749));
#343 = VECTOR('',#344,1.);
#344 = DIRECTION('',(-0.,-0.,1.));
#345 = ORIENTED_EDGE('',*,*,#346,.F.);
#346 = EDGE_CURVE('',#347,#339,#349,.T.);
#347 = VERTEX_POINT('',#348);
#348 = CARTESIAN_POINT('',(370.5,3.,0.));
#349 = CIRCLE('',#350,4.5);
#350 = AXIS2_PLACEMENT_3D('',#351,#352,#353);
#351 = CARTESIAN_POINT('',(370.5,-1.5,0.));
#352 = DIRECTION('',(0.,0.,1.));
#353 = DIRECTION('',(1.,0.,-0.));
#354 = ORIENTED_EDGE('',*,*,#355,.F.);
#355 = EDGE_CURVE('',#328,#347,#356,.T.);
#356 = LINE('',#357,#358);
#357 = CARTESIAN_POINT('',(370.5,3.,-23.12461179749));
#358 = VECTOR('',#359,1.);
#359 = DIRECTION('',(-0.,-0.,1.));
#360 = CYLINDRICAL_SURFACE('',#361,4.5);
#361 = AXIS2_PLACEMENT_3D('',#362,#363,#364);
#362 = CARTESIAN_POINT('',(370.5,-1.5,-23.12461179749));
#363 = DIRECTION('',(-0.,-0.,1.));
#364 = DIRECTION('',(1.,0.,0.));
#365 = ADVANCED_FACE('',(#366),#391,.F.);
#366 = FACE_BOUND('',#367,.T.);
#367 = EDGE_LOOP('',(#368,#378,#384,#385));
#368 = ORIENTED_EDGE('',*,*,#369,.T.);
#369 = EDGE_CURVE('',#370,#372,#374,.T.);
#370 = VERTEX_POINT('',#371);
#371 = CARTESIAN_POINT('',(379.5,3.,-3.));
#372 = VERTEX_POINT('',#373);
#373 = CARTESIAN_POINT('',(379.5,3.,0.));
#374 = LINE('',#375,#376);
#375 = CARTESIAN_POINT('',(379.5,3.,-23.12461179749));
#376 = VECTOR('',#377,1.);
#377 = DIRECTION('',(-0.,-0.,1.));
#378 = ORIENTED_EDGE('',*,*,#379,.T.);
#379 = EDGE_CURVE('',#372,#347,#380,.T.);
#380 = LINE('',#381,#382);
#381 = CARTESIAN_POINT('',(370.5,3.,0.));
#382 = VECTOR('',#383,1.);
#383 = DIRECTION('',(-1.,-2.891205793295E-16,-0.));
#384 = ORIENTED_EDGE('',*,*,#355,.F.);
#385 = ORIENTED_EDGE('',*,*,#386,.F.);
#386 = EDGE_CURVE('',#370,#328,#387,.T.);
#387 = LINE('',#388,#389);
#388 = CARTESIAN_POINT('',(370.5,3.,-3.));
#389 = VECTOR('',#390,1.);
#390 = DIRECTION('',(-1.,-2.891205793295E-16,0.));
#391 = PLANE('',#392);
#392 = AXIS2_PLACEMENT_3D('',#393,#394,#395);
#393 = CARTESIAN_POINT('',(370.5,3.,-23.12461179749));
#394 = DIRECTION('',(-2.891205793295E-16,1.,0.));
#395 = DIRECTION('',(-1.,-2.891205793295E-16,0.));
#396 = ADVANCED_FACE('',(#397),#424,.F.);
#397 = FACE_BOUND('',#398,.F.);
#398 = EDGE_LOOP('',(#399,#408,#409,#418));
#399 = ORIENTED_EDGE('',*,*,#400,.T.);
#400 = EDGE_CURVE('',#401,#370,#403,.T.);
#401 = VERTEX_POINT('',#402);
#402 = CARTESIAN_POINT('',(379.5,-6.,-3.));
#403 = CIRCLE('',#404,4.5);
#404 = AXIS2_PLACEMENT_3D('',#405,#406,#407);
#405 = CARTESIAN_POINT('',(379.5,-1.5,-3.));
#406 = DIRECTION('',(0.,-0.,1.));
#407 = DIRECTION('',(-1.,0.,0.));
#408 = ORIENTED_EDGE('',*,*,#369,.T.);
#409 = ORIENTED_EDGE('',*,*,#410,.F.);
#410 = EDGE_CURVE('',#411,#372,#413,.T.);
#411 = VERTEX_POINT('',#412);
#412 = CARTESIAN_POINT('',(379.5,-6.,0.));
#413 = CIRCLE('',#414,4.5);
#414 = AXIS2_PLACEMENT_3D('',#415,#416,#417);
#415 = CARTESIAN_POINT('',(379.5,-1.5,0.));
#416 = DIRECTION('',(0.,0.,1.));
#417 = DIRECTION('',(1.,0.,-0.));
#418 = ORIENTED_EDGE('',*,*,#419,.F.);
#419 = EDGE_CURVE('',#401,#411,#420,.T.);
#420 = LINE('',#421,#422);
#421 = CARTESIAN_POINT('',(379.5,-6.,-23.12461179749));
#422 = VECTOR('',#423,1.);
#423 = DIRECTION('',(-0.,-0.,1.));
#424 = CYLINDRICAL_SURFACE('',#425,4.5);
#425 = AXIS2_PLACEMENT_3D('',#426,#427,#428);
#426 = CARTESIAN_POINT('',(379.5,-1.5,-23.12461179749));
#427 = DIRECTION('',(-0.,-0.,1.));
#428 = DIRECTION('',(1.,0.,0.));
#429 = ADVANCED_FACE('',(#430),#446,.F.);
#430 = FACE_BOUND('',#431,.T.);
#431 = EDGE_LOOP('',(#432,#433,#439,#440));
#432 = ORIENTED_EDGE('',*,*,#338,.T.);
#433 = ORIENTED_EDGE('',*,*,#434,.T.);
#434 = EDGE_CURVE('',#339,#411,#435,.T.);
#435 = LINE('',#436,#437);
#436 = CARTESIAN_POINT('',(370.5,-6.,0.));
#437 = VECTOR('',#438,1.);
#438 = DIRECTION('',(1.,2.891205793295E-16,0.));
#439 = ORIENTED_EDGE('',*,*,#419,.F.);
#440 = ORIENTED_EDGE('',*,*,#441,.F.);
#441 = EDGE_CURVE('',#330,#401,#442,.T.);
#442 = LINE('',#443,#444);
#443 = CARTESIAN_POINT('',(370.5,-6.,-3.));
#444 = VECTOR('',#445,1.);
#445 = DIRECTION('',(1.,2.891205793295E-16,0.));
#446 = PLANE('',#447);
#447 = AXIS2_PLACEMENT_3D('',#448,#449,#450);
#448 = CARTESIAN_POINT('',(370.5,-6.,-23.12461179749));
#449 = DIRECTION('',(2.891205793295E-16,-1.,0.));
#450 = DIRECTION('',(1.,2.891205793295E-16,0.));
#451 = ADVANCED_FACE('',(#452),#488,.F.);
#452 = FACE_BOUND('',#453,.F.);
#453 = EDGE_LOOP('',(#454,#465,#473,#482));
#454 = ORIENTED_EDGE('',*,*,#455,.T.);
#455 = EDGE_CURVE('',#456,#458,#460,.T.);
#456 = VERTEX_POINT('',#457);
#457 = CARTESIAN_POINT('',(345.5,3.,-3.));
#458 = VERTEX_POINT('',#459);
#459 = CARTESIAN_POINT('',(345.5,-6.,-3.));
#460 = CIRCLE('',#461,4.5);
#461 = AXIS2_PLACEMENT_3D('',#462,#463,#464);
#462 = CARTESIAN_POINT('',(345.5,-1.5,-3.));
#463 = DIRECTION('',(0.,-0.,1.));
#464 = DIRECTION('',(-1.,0.,0.));
#465 = ORIENTED_EDGE('',*,*,#466,.T.);
#466 = EDGE_CURVE('',#458,#467,#469,.T.);
#467 = VERTEX_POINT('',#468);
#468 = CARTESIAN_POINT('',(345.5,-6.,0.));
#469 = LINE('',#470,#471);
#470 = CARTESIAN_POINT('',(345.5,-6.,-23.12461179749));
#471 = VECTOR('',#472,1.);
#472 = DIRECTION('',(-0.,-0.,1.));
#473 = ORIENTED_EDGE('',*,*,#474,.F.);
#474 = EDGE_CURVE('',#475,#467,#477,.T.);
#475 = VERTEX_POINT('',#476);
#476 = CARTESIAN_POINT('',(345.5,3.,0.));
#477 = CIRCLE('',#478,4.5);
#478 = AXIS2_PLACEMENT_3D('',#479,#480,#481);
#479 = CARTESIAN_POINT('',(345.5,-1.5,0.));
#480 = DIRECTION('',(0.,0.,1.));
#481 = DIRECTION('',(1.,0.,-0.));
#482 = ORIENTED_EDGE('',*,*,#483,.F.);
#483 = EDGE_CURVE('',#456,#475,#484,.T.);
#484 = LINE('',#485,#486);
#485 = CARTESIAN_POINT('',(345.5,3.,-23.12461179749));
#486 = VECTOR('',#487,1.);
#487 = DIRECTION('',(-0.,-0.,1.));
#488 = CYLINDRICAL_SURFACE('',#489,4.5);
#489 = AXIS2_PLACEMENT_3D('',#490,#491,#492);
#490 = CARTESIAN_POINT('',(345.5,-1.5,-23.12461179749));
#491 = DIRECTION('',(-0.,-0.,1.));
#492 = DIRECTION('',(1.,0.,0.));
#493 = ADVANCED_FACE('',(#494),#519,.F.);
#494 = FACE_BOUND('',#495,.T.);
#495 = EDGE_LOOP('',(#496,#506,#512,#513));
#496 = ORIENTED_EDGE('',*,*,#497,.T.);
#497 = EDGE_CURVE('',#498,#500,#502,.T.);
#498 = VERTEX_POINT('',#499);
#499 = CARTESIAN_POINT('',(354.5,3.,-3.));
#500 = VERTEX_POINT('',#501);
#501 = CARTESIAN_POINT('',(354.5,3.,0.));
#502 = LINE('',#503,#504);
#503 = CARTESIAN_POINT('',(354.5,3.,-23.12461179749));
#504 = VECTOR('',#505,1.);
#505 = DIRECTION('',(-0.,-0.,1.));
#506 = ORIENTED_EDGE('',*,*,#507,.T.);
#507 = EDGE_CURVE('',#500,#475,#508,.T.);
#508 = LINE('',#509,#510);
#509 = CARTESIAN_POINT('',(345.5,3.,0.));
#510 = VECTOR('',#511,1.);
#511 = DIRECTION('',(-1.,-2.891205793295E-16,-0.));
#512 = ORIENTED_EDGE('',*,*,#483,.F.);
#513 = ORIENTED_EDGE('',*,*,#514,.F.);
#514 = EDGE_CURVE('',#498,#456,#515,.T.);
#515 = LINE('',#516,#517);
#516 = CARTESIAN_POINT('',(345.5,3.,-3.));
#517 = VECTOR('',#518,1.);
#518 = DIRECTION('',(-1.,-2.891205793295E-16,0.));
#519 = PLANE('',#520);
#520 = AXIS2_PLACEMENT_3D('',#521,#522,#523);
#521 = CARTESIAN_POINT('',(345.5,3.,-23.12461179749));
#522 = DIRECTION('',(-2.891205793295E-16,1.,0.));
#523 = DIRECTION('',(-1.,-2.891205793295E-16,0.));
#524 = ADVANCED_FACE('',(#525),#552,.F.);
#525 = FACE_BOUND('',#526,.F.);
#526 = EDGE_LOOP('',(#527,#536,#537,#546));
#527 = ORIENTED_EDGE('',*,*,#528,.T.);
#528 = EDGE_CURVE('',#529,#498,#531,.T.);
#529 = VERTEX_POINT('',#530);
#530 = CARTESIAN_POINT('',(354.5,-6.,-3.));
#531 = CIRCLE('',#532,4.5);
#532 = AXIS2_PLACEMENT_3D('',#533,#534,#535);
#533 = CARTESIAN_POINT('',(354.5,-1.5,-3.));
#534 = DIRECTION('',(0.,-0.,1.));
#535 = DIRECTION('',(-1.,0.,0.));
#536 = ORIENTED_EDGE('',*,*,#497,.T.);
#537 = ORIENTED_EDGE('',*,*,#538,.F.);
#538 = EDGE_CURVE('',#539,#500,#541,.T.);
#539 = VERTEX_POINT('',#540);
#540 = CARTESIAN_POINT('',(354.5,-6.,0.));
#541 = CIRCLE('',#542,4.5);
#542 = AXIS2_PLACEMENT_3D('',#543,#544,#545);
#543 = CARTESIAN_POINT('',(354.5,-1.5,0.));
#544 = DIRECTION('',(0.,0.,1.));
#545 = DIRECTION('',(1.,0.,-0.));
#546 = ORIENTED_EDGE('',*,*,#547,.F.);
#547 = EDGE_CURVE('',#529,#539,#548,.T.);
#548 = LINE('',#549,#550);
#549 = CARTESIAN_POINT('',(354.5,-6.,-23.12461179749));
#550 = VECTOR('',#551,1.);
#551 = DIRECTION('',(-0.,-0.,1.));
#552 = CYLINDRICAL_SURFACE('',#553,4.5);
#553 = AXIS2_PLACEMENT_3D('',#554,#555,#556);
#554 = CARTESIAN_POINT('',(354.5,-1.5,-23.12461179749));
#555 = DIRECTION('',(-0.,-0.,1.));
#556 = DIRECTION('',(1.,0.,0.));
#557 = ADVANCED_FACE('',(#558),#574,.F.);
#558 = FACE_BOUND('',#559,.T.);
#559 = EDGE_LOOP('',(#560,#561,#567,#568));
#560 = ORIENTED_EDGE('',*,*,#466,.T.);
#561 = ORIENTED_EDGE('',*,*,#562,.T.);
#562 = EDGE_CURVE('',#467,#539,#563,.T.);
#563 = LINE('',#564,#565);
#564 = CARTESIAN_POINT('',(345.5,-6.,0.));
#565 = VECTOR('',#566,1.);
#566 = DIRECTION('',(1.,2.891205793295E-16,0.));
#567 = ORIENTED_EDGE('',*,*,#547,.F.);
#568 = ORIENTED_EDGE('',*,*,#569,.F.);
#569 = EDGE_CURVE('',#458,#529,#570,.T.);
#570 = LINE('',#571,#572);
#571 = CARTESIAN_POINT('',(345.5,-6.,-3.));
#572 = VECTOR('',#573,1.);
#573 = DIRECTION('',(1.,2.891205793295E-16,0.));
#574 = PLANE('',#575);
#575 = AXIS2_PLACEMENT_3D('',#576,#577,#578);
#576 = CARTESIAN_POINT('',(345.5,-6.,-23.12461179749));
#577 = DIRECTION('',(2.891205793295E-16,-1.,0.));
#578 = DIRECTION('',(1.,2.891205793295E-16,0.));
#579 = ADVANCED_FACE('',(#580),#616,.F.);
#580 = FACE_BOUND('',#581,.F.);
#581 = EDGE_LOOP('',(#582,#593,#601,#610));
#582 = ORIENTED_EDGE('',*,*,#583,.T.);
#583 = EDGE_CURVE('',#584,#586,#588,.T.);
#584 = VERTEX_POINT('',#585);
#585 = CARTESIAN_POINT('',(320.5,3.,-3.));
#586 = VERTEX_POINT('',#587);
#587 = CARTESIAN_POINT('',(320.5,-6.,-3.));
#588 = CIRCLE('',#589,4.5);
#589 = AXIS2_PLACEMENT_3D('',#590,#591,#592);
#590 = CARTESIAN_POINT('',(320.5,-1.5,-3.));
#591 = DIRECTION('',(0.,-0.,1.));
#592 = DIRECTION('',(-1.,0.,0.));
#593 = ORIENTED_EDGE('',*,*,#594,.T.);
#594 = EDGE_CURVE('',#586,#595,#597,.T.);
#595 = VERTEX_POINT('',#596);
#596 = CARTESIAN_POINT('',(320.5,-6.,0.));
#597 = LINE('',#598,#599);
#598 = CARTESIAN_POINT('',(320.5,-6.,-23.12461179749));
#599 = VECTOR('',#600,1.);
#600 = DIRECTION('',(-0.,-0.,1.));
#601 = ORIENTED_EDGE('',*,*,#602,.F.);
#602 = EDGE_CURVE('',#603,#595,#605,.T.);
#603 = VERTEX_POINT('',#604);
#604 = CARTESIAN_POINT('',(320.5,3.,0.));
#605 = CIRCLE('',#606,4.5);
#606 = AXIS2_PLACEMENT_3D('',#607,#608,#609);
#607 = CARTESIAN_POINT('',(320.5,-1.5,0.));
#608 = DIRECTION('',(0.,0.,1.));
#609 = DIRECTION('',(1.,0.,-0.));
#610 = ORIENTED_EDGE('',*,*,#611,.F.);
#611 = EDGE_CURVE('',#584,#603,#612,.T.);
#612 = LINE('',#613,#614);
#613 = CARTESIAN_POINT('',(320.5,3.,-23.12461179749));
#614 = VECTOR('',#615,1.);
#615 = DIRECTION('',(-0.,-0.,1.));
#616 = CYLINDRICAL_SURFACE('',#617,4.5);
#617 = AXIS2_PLACEMENT_3D('',#618,#619,#620);
#618 = CARTESIAN_POINT('',(320.5,-1.5,-23.12461179749));
#619 = DIRECTION('',(-0.,-0.,1.));
#620 = DIRECTION('',(1.,0.,0.));
#621 = ADVANCED_FACE('',(#622),#647,.F.);
#622 = FACE_BOUND('',#623,.T.);
#623 = EDGE_LOOP('',(#624,#634,#640,#641));
#624 = ORIENTED_EDGE('',*,*,#625,.T.);
#625 = EDGE_CURVE('',#626,#628,#630,.T.);
#626 = VERTEX_POINT('',#627);
#627 = CARTESIAN_POINT('',(329.5,3.,-3.));
#628 = VERTEX_POINT('',#629);
#629 = CARTESIAN_POINT('',(329.5,3.,0.));
#630 = LINE('',#631,#632);
#631 = CARTESIAN_POINT('',(329.5,3.,-23.12461179749));
#632 = VECTOR('',#633,1.);
#633 = DIRECTION('',(-0.,-0.,1.));
#634 = ORIENTED_EDGE('',*,*,#635,.T.);
#635 = EDGE_CURVE('',#628,#603,#636,.T.);
#636 = LINE('',#637,#638);
#637 = CARTESIAN_POINT('',(320.5,3.,0.));
#638 = VECTOR('',#639,1.);
#639 = DIRECTION('',(-1.,-2.891205793295E-16,-0.));
#640 = ORIENTED_EDGE('',*,*,#611,.F.);
#641 = ORIENTED_EDGE('',*,*,#642,.F.);
#642 = EDGE_CURVE('',#626,#584,#643,.T.);
#643 = LINE('',#644,#645);
#644 = CARTESIAN_POINT('',(320.5,3.,-3.));
#645 = VECTOR('',#646,1.);
#646 = DIRECTION('',(-1.,-2.891205793295E-16,0.));
#647 = PLANE('',#648);
#648 = AXIS2_PLACEMENT_3D('',#649,#650,#651);
#649 = CARTESIAN_POINT('',(320.5,3.,-23.12461179749));
#650 = DIRECTION('',(-2.891205793295E-16,1.,0.));
#651 = DIRECTION('',(-1.,-2.891205793295E-16,0.));
#652 = ADVANCED_FACE('',(#653),#680,.F.);
#653 = FACE_BOUND('',#654,.F.);
#654 = EDGE_LOOP('',(#655,#664,#665,#674));
#655 = ORIENTED_EDGE('',*,*,#656,.T.);
#656 = EDGE_CURVE('',#657,#626,#659,.T.);
#657 = VERTEX_POINT('',#658);
#658 = CARTESIAN_POINT('',(329.5,-6.,-3.));
#659 = CIRCLE('',#660,4.5);
#660 = AXIS2_PLACEMENT_3D('',#661,#662,#663);
#661 = CARTESIAN_POINT('',(329.5,-1.5,-3.));
#662 = DIRECTION('',(0.,-0.,1.));
#663 = DIRECTION('',(-1.,0.,0.));
#664 = ORIENTED_EDGE('',*,*,#625,.T.);
#665 = ORIENTED_EDGE('',*,*,#666,.F.);
#666 = EDGE_CURVE('',#667,#628,#669,.T.);
#667 = VERTEX_POINT('',#668);
#668 = CARTESIAN_POINT('',(329.5,-6.,0.));
#669 = CIRCLE('',#670,4.5);
#670 = AXIS2_PLACEMENT_3D('',#671,#672,#673);
#671 = CARTESIAN_POINT('',(329.5,-1.5,0.));
#672 = DIRECTION('',(0.,0.,1.));
#673 = DIRECTION('',(1.,0.,-0.));
#674 = ORIENTED_EDGE('',*,*,#675,.F.);
#675 = EDGE_CURVE('',#657,#667,#676,.T.);
#676 = LINE('',#677,#678);
#677 = CARTESIAN_POINT('',(329.5,-6.,-23.12461179749));
#678 = VECTOR('',#679,1.);
#679 = DIRECTION('',(-0.,-0.,1.));
#680 = CYLINDRICAL_SURFACE('',#681,4.5);
#681 = AXIS2_PLACEMENT_3D('',#682,#683,#684);
#682 = CARTESIAN_POINT('',(329.5,-1.5,-23.12461179749));
#683 = DIRECTION('',(-0.,-0.,1.));
#684 = DIRECTION('',(1.,0.,0.));
#685 = ADVANCED_FACE('',(#686),#702,.F.);
#686 = FACE_BOUND('',#687,.T.);
#687 = EDGE_LOOP('',(#688,#689,#695,#696));
#688 = ORIENTED_EDGE('',*,*,#594,.T.);
#689 = ORIENTED_EDGE('',*,*,#690,.T.);
#690 = EDGE_CURVE('',#595,#667,#691,.T.);
#691 = LINE('',#692,#693);
#692 = CARTESIAN_POINT('',(320.5,-6.,0.));
#693 = VECTOR('',#694,1.);
#694 = DIRECTION('',(1.,2.891205793295E-16,0.));
#695 = ORIENTED_EDGE('',*,*,#675,.F.);
#696 = ORIENTED_EDGE('',*,*,#697,.F.);
#697 = EDGE_CURVE('',#586,#657,#698,.T.);
#698 = LINE('',#699,#700);
#699 = CARTESIAN_POINT('',(320.5,-6.,-3.));
#700 = VECTOR('',#701,1.);
#701 = DIRECTION('',(1.,2.891205793295E-16,0.));
#702 = PLANE('',#703);
#703 = AXIS2_PLACEMENT_3D('',#704,#705,#706);
#704 = CARTESIAN_POINT('',(320.5,-6.,-23.12461179749));
#705 = DIRECTION('',(2.891205793295E-16,-1.,0.));
#706 = DIRECTION('',(1.,2.891205793295E-16,0.));
#707 = ADVANCED_FACE('',(#708),#744,.F.);
#708 = FACE_BOUND('',#709,.F.);
#709 = EDGE_LOOP('',(#710,#721,#729,#738));
#710 = ORIENTED_EDGE('',*,*,#711,.T.);
#711 = EDGE_CURVE('',#712,#714,#716,.T.);
#712 = VERTEX_POINT('',#713);
#713 = CARTESIAN_POINT('',(295.5,3.,-3.));
#714 = VERTEX_POINT('',#715);
#715 = CARTESIAN_POINT('',(295.5,-6.,-3.));
#716 = CIRCLE('',#717,4.5);
#717 = AXIS2_PLACEMENT_3D('',#718,#719,#720);
#718 = CARTESIAN_POINT('',(295.5,-1.5,-3.));
#719 = DIRECTION('',(0.,-0.,1.));
#720 = DIRECTION('',(-1.,0.,0.));
#721 = ORIENTED_EDGE('',*,*,#722,.T.);
#722 = EDGE_CURVE('',#714,#723,#725,.T.);
#723 = VERTEX_POINT('',#724);
#724 = CARTESIAN_POINT('',(295.5,-6.,0.));
#725 = LINE('',#726,#727);
#726 = CARTESIAN_POINT('',(295.5,-6.,-23.12461179749));
#727 = VECTOR('',#728,1.);
#728 = DIRECTION('',(-0.,-0.,1.));
#729 = ORIENTED_EDGE('',*,*,#730,.F.);
#730 = EDGE_CURVE('',#731,#723,#733,.T.);
#731 = VERTEX_POINT('',#732);
#732 = CARTESIAN_POINT('',(295.5,3.,0.));
#733 = CIRCLE('',#734,4.5);
#734 = AXIS2_PLACEMENT_3D('',#735,#736,#737);
#735 = CARTESIAN_POINT('',(295.5,-1.5,0.));
#736 = DIRECTION('',(0.,0.,1.));
#737 = DIRECTION('',(1.,0.,-0.));
#738 = ORIENTED_EDGE('',*,*,#739,.F.);
#739 = EDGE_CURVE('',#712,#731,#740,.T.);
#740 = LINE('',#741,#742);
#741 = CARTESIAN_POINT('',(295.5,3.,-23.12461179749));
#742 = VECTOR('',#743,1.);
#743 = DIRECTION('',(-0.,-0.,1.));
#744 = CYLINDRICAL_SURFACE('',#745,4.5);
#745 = AXIS2_PLACEMENT_3D('',#746,#747,#748);
#746 = CARTESIAN_POINT('',(295.5,-1.5,-23.12461179749));
#747 = DIRECTION('',(-0.,-0.,1.));
#748 = DIRECTION('',(1.,0.,0.));
#749 = ADVANCED_FACE('',(#750),#775,.F.);
#750 = FACE_BOUND('',#751,.T.);
#751 = EDGE_LOOP('',(#752,#762,#768,#769));
#752 = ORIENTED_EDGE('',*,*,#753,.T.);
#753 = EDGE_CURVE('',#754,#756,#758,.T.);
#754 = VERTEX_POINT('',#755);
#755 = CARTESIAN_POINT('',(304.5,3.,-3.));
#756 = VERTEX_POINT('',#757);
#757 = CARTESIAN_POINT('',(304.5,3.,0.));
#758 = LINE('',#759,#760);
#759 = CARTESIAN_POINT('',(304.5,3.,-23.12461179749));
#760 = VECTOR('',#761,1.);
#761 = DIRECTION('',(-0.,-0.,1.));
#762 = ORIENTED_EDGE('',*,*,#763,.T.);
#763 = EDGE_CURVE('',#756,#731,#764,.T.);
#764 = LINE('',#765,#766);
#765 = CARTESIAN_POINT('',(295.5,3.,0.));
#766 = VECTOR('',#767,1.);
#767 = DIRECTION('',(-1.,-2.891205793295E-16,-0.));
#768 = ORIENTED_EDGE('',*,*,#739,.F.);
#769 = ORIENTED_EDGE('',*,*,#770,.F.);
#770 = EDGE_CURVE('',#754,#712,#771,.T.);
#771 = LINE('',#772,#773);
#772 = CARTESIAN_POINT('',(295.5,3.,-3.));
#773 = VECTOR('',#774,1.);
#774 = DIRECTION('',(-1.,-2.891205793295E-16,0.));
#775 = PLANE('',#776);
#776 = AXIS2_PLACEMENT_3D('',#777,#778,#779);
#777 = CARTESIAN_POINT('',(295.5,3.,-23.12461179749));
#778 = DIRECTION('',(-2.891205793295E-16,1.,0.));
#779 = DIRECTION('',(-1.,-2.891205793295E-16,0.));
#780 = ADVANCED_FACE('',(#781),#808,.F.);
#781 = FACE_BOUND('',#782,.F.);
#782 = EDGE_LOOP('',(#783,#792,#793,#802));
#783 = ORIENTED_EDGE('',*,*,#784,.T.);
#784 = EDGE_CURVE('',#785,#754,#787,.T.);
#785 = VERTEX_POINT('',#786);
#786 = CARTESIAN_POINT('',(304.5,-6.,-3.));
#787 = CIRCLE('',#788,4.5);
#788 = AXIS2_PLACEMENT_3D('',#789,#790,#791);
#789 = CARTESIAN_POINT('',(304.5,-1.5,-3.));
#790 = DIRECTION('',(0.,-0.,1.));
#791 = DIRECTION('',(-1.,0.,0.));
#792 = ORIENTED_EDGE('',*,*,#753,.T.);
#793 = ORIENTED_EDGE('',*,*,#794,.F.);
#794 = EDGE_CURVE('',#795,#756,#797,.T.);
#795 = VERTEX_POINT('',#796);
#796 = CARTESIAN_POINT('',(304.5,-6.,0.));
#797 = CIRCLE('',#798,4.5);
#798 = AXIS2_PLACEMENT_3D('',#799,#800,#801);
#799 = CARTESIAN_POINT('',(304.5,-1.5,0.));
#800 = DIRECTION('',(0.,0.,1.));
#801 = DIRECTION('',(1.,0.,-0.));
#802 = ORIENTED_EDGE('',*,*,#803,.F.);
#803 = EDGE_CURVE('',#785,#795,#804,.T.);
#804 = LINE('',#805,#806);
#805 = CARTESIAN_POINT('',(304.5,-6.,-23.12461179749));
#806 = VECTOR('',#807,1.);
#807 = DIRECTION('',(-0.,-0.,1.));
#808 = CYLINDRICAL_SURFACE('',#809,4.5);
#809 = AXIS2_PLACEMENT_3D('',#810,#811,#812);
#810 = CARTESIAN_POINT('',(304.5,-1.5,-23.12461179749));
#811 = DIRECTION('',(-0.,-0.,1.));
#812 = DIRECTION('',(1.,0.,0.));
#813 = ADVANCED_FACE('',(#814),#830,.F.);
#814 = FACE_BOUND('',#815,.T.);
#815 = EDGE_LOOP('',(#816,#817,#823,#824));
#816 = ORIENTED_EDGE('',*,*,#722,.T.);
#817 = ORIENTED_EDGE('',*,*,#818,.T.);
#818 = EDGE_CURVE('',#723,#795,#819,.T.);
#819 = LINE('',#820,#821);
#820 = CARTESIAN_POINT('',(295.5,-6.,0.));
#821 = VECTOR('',#822,1.);
#822 = DIRECTION('',(1.,2.891205793295E-16,0.));
#823 = ORIENTED_EDGE('',*,*,#803,.F.);
#824 = ORIENTED_EDGE('',*,*,#825,.F.);
#825 = EDGE_CURVE('',#714,#785,#826,.T.);
#826 = LINE('',#827,#828);
#827 = CARTESIAN_POINT('',(295.5,-6.,-3.));
#828 = VECTOR('',#829,1.);
#829 = DIRECTION('',(1.,2.891205793295E-16,0.));
#830 = PLANE('',#831);
#831 = AXIS2_PLACEMENT_3D('',#832,#833,#834);
#832 = CARTESIAN_POINT('',(295.5,-6.,-23.12461179749));
#833 = DIRECTION('',(2.891205793295E-16,-1.,0.));
#834 = DIRECTION('',(1.,2.891205793295E-16,0.));
#835 = ADVANCED_FACE('',(#836),#872,.F.);
#836 = FACE_BOUND('',#837,.F.);
#837 = EDGE_LOOP('',(#838,#849,#857,#866));
#838 = ORIENTED_EDGE('',*,*,#839,.T.);
#839 = EDGE_CURVE('',#840,#842,#844,.T.);
#840 = VERTEX_POINT('',#841);
#841 = CARTESIAN_POINT('',(270.5,3.,-3.));
#842 = VERTEX_POINT('',#843);
#843 = CARTESIAN_POINT('',(270.5,-6.,-3.));
#844 = CIRCLE('',#845,4.5);
#845 = AXIS2_PLACEMENT_3D('',#846,#847,#848);
#846 = CARTESIAN_POINT('',(270.5,-1.5,-3.));
#847 = DIRECTION('',(0.,-0.,1.));
#848 = DIRECTION('',(-1.,0.,0.));
#849 = ORIENTED_EDGE('',*,*,#850,.T.);
#850 = EDGE_CURVE('',#842,#851,#853,.T.);
#851 = VERTEX_POINT('',#852);
#852 = CARTESIAN_POINT('',(270.5,-6.,0.));
#853 = LINE('',#854,#855);
#854 = CARTESIAN_POINT('',(270.5,-6.,-23.12461179749));
#855 = VECTOR('',#856,1.);
#856 = DIRECTION('',(-0.,-0.,1.));
#857 = ORIENTED_EDGE('',*,*,#858,.F.);
#858 = EDGE_CURVE('',#859,#851,#861,.T.);
#859 = VERTEX_POINT('',#860);
#860 = CARTESIAN_POINT('',(270.5,3.,0.));
#861 = CIRCLE('',#862,4.5);
#862 = AXIS2_PLACEMENT_3D('',#863,#864,#865);
#863 = CARTESIAN_POINT('',(270.5,-1.5,0.));
#864 = DIRECTION('',(0.,0.,1.));
#865 = DIRECTION('',(1.,0.,-0.));
#866 = ORIENTED_EDGE('',*,*,#867,.F.);
#867 = EDGE_CURVE('',#840,#859,#868,.T.);
#868 = LINE('',#869,#870);
#869 = CARTESIAN_POINT('',(270.5,3.,-23.12461179749));
#870 = VECTOR('',#871,1.);
#871 = DIRECTION('',(-0.,-0.,1.));
#872 = CYLINDRICAL_SURFACE('',#873,4.5);
#873 = AXIS2_PLACEMENT_3D('',#874,#875,#876);
#874 = CARTESIAN_POINT('',(270.5,-1.5,-23.12461179749));
#875 = DIRECTION('',(-0.,-0.,1.));
#876 = DIRECTION('',(1.,0.,0.));
#877 = ADVANCED_FACE('',(#878),#903,.F.);
#878 = FACE_BOUND('',#879,.T.);
#879 = EDGE_LOOP('',(#880,#890,#896,#897));
#880 = ORIENTED_EDGE('',*,*,#881,.T.);
#881 = EDGE_CURVE('',#882,#884,#886,.T.);
#882 = VERTEX_POINT('',#883);
#883 = CARTESIAN_POINT('',(279.5,3.,-3.));
#884 = VERTEX_POINT('',#885);
#885 = CARTESIAN_POINT('',(279.5,3.,0.));
#886 = LINE('',#887,#888);
#887 = CARTESIAN_POINT('',(279.5,3.,-23.12461179749));
#888 = VECTOR('',#889,1.);
#889 = DIRECTION('',(-0.,-0.,1.));
#890 = ORIENTED_EDGE('',*,*,#891,.T.);
#891 = EDGE_CURVE('',#884,#859,#892,.T.);
#892 = LINE('',#893,#894);
#893 = CARTESIAN_POINT('',(270.5,3.,0.));
#894 = VECTOR('',#895,1.);
#895 = DIRECTION('',(-1.,-2.891205793295E-16,-0.));
#896 = ORIENTED_EDGE('',*,*,#867,.F.);
#897 = ORIENTED_EDGE('',*,*,#898,.F.);
#898 = EDGE_CURVE('',#882,#840,#899,.T.);
#899 = LINE('',#900,#901);
#900 = CARTESIAN_POINT('',(270.5,3.,-3.));
#901 = VECTOR('',#902,1.);
#902 = DIRECTION('',(-1.,-2.891205793295E-16,0.));
#903 = PLANE('',#904);
#904 = AXIS2_PLACEMENT_3D('',#905,#906,#907);
#905 = CARTESIAN_POINT('',(270.5,3.,-23.12461179749));
#906 = DIRECTION('',(-2.891205793295E-16,1.,0.));
#907 = DIRECTION('',(-1.,-2.891205793295E-16,0.));
#908 = ADVANCED_FACE('',(#909),#936,.F.);
#909 = FACE_BOUND('',#910,.F.);
#910 = EDGE_LOOP('',(#911,#920,#921,#930));
#911 = ORIENTED_EDGE('',*,*,#912,.T.);
#912 = EDGE_CURVE('',#913,#882,#915,.T.);
#913 = VERTEX_POINT('',#914);
#914 = CARTESIAN_POINT('',(279.5,-6.,-3.));
#915 = CIRCLE('',#916,4.5);
#916 = AXIS2_PLACEMENT_3D('',#917,#918,#919);
#917 = CARTESIAN_POINT('',(279.5,-1.5,-3.));
#918 = DIRECTION('',(0.,-0.,1.));
#919 = DIRECTION('',(-1.,0.,0.));
#920 = ORIENTED_EDGE('',*,*,#881,.T.);
#921 = ORIENTED_EDGE('',*,*,#922,.F.);
#922 = EDGE_CURVE('',#923,#884,#925,.T.);
#923 = VERTEX_POINT('',#924);
#924 = CARTESIAN_POINT('',(279.5,-6.,0.));
#925 = CIRCLE('',#926,4.5);
#926 = AXIS2_PLACEMENT_3D('',#927,#928,#929);
#927 = CARTESIAN_POINT('',(279.5,-1.5,0.));
#928 = DIRECTION('',(0.,0.,1.));
#929 = DIRECTION('',(1.,0.,-0.));
#930 = ORIENTED_EDGE('',*,*,#931,.F.);
#931 = EDGE_CURVE('',#913,#923,#932,.T.);
#932 = LINE('',#933,#934);
#933 = CARTESIAN_POINT('',(279.5,-6.,-23.12461179749));
#934 = VECTOR('',#935,1.);
#935 = DIRECTION('',(-0.,-0.,1.));
#936 = CYLINDRICAL_SURFACE('',#937,4.5);
#937 = AXIS2_PLACEMENT_3D('',#938,#939,#940);
#938 = CARTESIAN_POINT('',(279.5,-1.5,-23.12461179749));
#939 = DIRECTION('',(-0.,-0.,1.));
#940 = DIRECTION('',(1.,0.,0.));
#941 = ADVANCED_FACE('',(#942),#958,.F.);
#942 = FACE_BOUND('',#943,.T.);
#943 = EDGE_LOOP('',(#944,#945,#951,#952));
#944 = ORIENTED_EDGE('',*,*,#850,.T.);
#945 = ORIENTED_EDGE('',*,*,#946,.T.);
#946 = EDGE_CURVE('',#851,#923,#947,.T.);
#947 = LINE('',#948,#949);
#948 = CARTESIAN_POINT('',(270.5,-6.,0.));
#949 = VECTOR('',#950,1.);
#950 = DIRECTION('',(1.,2.891205793295E-16,0.));
#951 = ORIENTED_EDGE('',*,*,#931,.F.);
#952 = ORIENTED_EDGE('',*,*,#953,.F.);
#953 = EDGE_CURVE('',#842,#913,#954,.T.);
#954 = LINE('',#955,#956);
#955 = CARTESIAN_POINT('',(270.5,-6.,-3.));
#956 = VECTOR('',#957,1.);
#957 = DIRECTION('',(1.,2.891205793295E-16,0.));
#958 = PLANE('',#959);
#959 = AXIS2_PLACEMENT_3D('',#960,#961,#962);
#960 = CARTESIAN_POINT('',(270.5,-6.,-23.12461179749));
#961 = DIRECTION('',(2.891205793295E-16,-1.,0.));
#962 = DIRECTION('',(1.,2.891205793295E-16,0.));
#963 = ADVANCED_FACE('',(#964),#1000,.F.);
#964 = FACE_BOUND('',#965,.F.);
#965 = EDGE_LOOP('',(#966,#977,#985,#994));
#966 = ORIENTED_EDGE('',*,*,#967,.T.);
#967 = EDGE_CURVE('',#968,#970,#972,.T.);
#968 = VERTEX_POINT('',#969);
#969 = CARTESIAN_POINT('',(245.5,3.,-3.));
#970 = VERTEX_POINT('',#971);
#971 = CARTESIAN_POINT('',(245.5,-6.,-3.));
#972 = CIRCLE('',#973,4.5);
#973 = AXIS2_PLACEMENT_3D('',#974,#975,#976);
#974 = CARTESIAN_POINT('',(245.5,-1.5,-3.));
#975 = DIRECTION('',(0.,-0.,1.));
#976 = DIRECTION('',(-1.,0.,0.));
#977 = ORIENTED_EDGE('',*,*,#978,.T.);
#978 = EDGE_CURVE('',#970,#979,#981,.T.);
#979 = VERTEX_POINT('',#980);
#980 = CARTESIAN_POINT('',(245.5,-6.,0.));
#981 = LINE('',#982,#983);
#982 = CARTESIAN_POINT('',(245.5,-6.,-23.12461179749));
#983 = VECTOR('',#984,1.);
#984 = DIRECTION('',(-0.,-0.,1.));
#985 = ORIENTED_EDGE('',*,*,#986,.F.);
#986 = EDGE_CURVE('',#987,#979,#989,.T.);
#987 = VERTEX_POINT('',#988);
#988 = CARTESIAN_POINT('',(245.5,3.,0.));
#989 = CIRCLE('',#990,4.5);
#990 = AXIS2_PLACEMENT_3D('',#991,#992,#993);
#991 = CARTESIAN_POINT('',(245.5,-1.5,0.));
#992 = DIRECTION('',(0.,0.,1.));
#993 = DIRECTION('',(1.,0.,-0.));
#994 = ORIENTED_EDGE('',*,*,#995,.F.);
#995 = EDGE_CURVE('',#968,#987,#996,.T.);
#996 = LINE('',#997,#998);
#997 = CARTESIAN_POINT('',(245.5,3.,-23.12461179749));
#998 = VECTOR('',#999,1.);
#999 = DIRECTION('',(-0.,-0.,1.));
#1000 = CYLINDRICAL_SURFACE('',#1001,4.5);
#1001 = AXIS2_PLACEMENT_3D('',#1002,#1003,#1004);
#1002 = CARTESIAN_POINT('',(245.5,-1.5,-23.12461179749));
#1003 = DIRECTION('',(-0.,-0.,1.));
#1004 = DIRECTION('',(1.,0.,0.));
#1005 = ADVANCED_FACE('',(#1006),#1031,.F.);
#1006 = FACE_BOUND('',#1007,.T.);
#1007 = EDGE_LOOP('',(#1008,#1018,#1024,#1025));
#1008 = ORIENTED_EDGE('',*,*,#1009,.T.);
#1009 = EDGE_CURVE('',#1010,#1012,#1014,.T.);
#1010 = VERTEX_POINT('',#1011);
#1011 = CARTESIAN_POINT('',(254.5,3.,-3.));
#1012 = VERTEX_POINT('',#1013);
#1013 = CARTESIAN_POINT('',(254.5,3.,0.));
#1014 = LINE('',#1015,#1016);
#1015 = CARTESIAN_POINT('',(254.5,3.,-23.12461179749));
#1016 = VECTOR('',#1017,1.);
#1017 = DIRECTION('',(-0.,-0.,1.));
#1018 = ORIENTED_EDGE('',*,*,#1019,.T.);
#1019 = EDGE_CURVE('',#1012,#987,#1020,.T.);
#1020 = LINE('',#1021,#1022);
#1021 = CARTESIAN_POINT('',(245.5,3.,0.));
#1022 = VECTOR('',#1023,1.);
#1023 = DIRECTION('',(-1.,-2.891205793295E-16,-0.));
#1024 = ORIENTED_EDGE('',*,*,#995,.F.);
#1025 = ORIENTED_EDGE('',*,*,#1026,.F.);
#1026 = EDGE_CURVE('',#1010,#968,#1027,.T.);
#1027 = LINE('',#1028,#1029);
#1028 = CARTESIAN_POINT('',(245.5,3.,-3.));
#1029 = VECTOR('',#1030,1.);
#1030 = DIRECTION('',(-1.,-2.891205793295E-16,0.));
#1031 = PLANE('',#1032);
#1032 = AXIS2_PLACEMENT_3D('',#1033,#1034,#1035);
#1033 = CARTESIAN_POINT('',(245.5,3.,-23.12461179749));
#1034 = DIRECTION('',(-2.891205793295E-16,1.,0.));
#1035 = DIRECTION('',(-1.,-2.891205793295E-16,0.));
#1036 = ADVANCED_FACE('',(#1037),#1064,.F.);
#1037 = FACE_BOUND('',#1038,.F.);
#1038 = EDGE_LOOP('',(#1039,#1048,#1049,#1058));
#1039 = ORIENTED_EDGE('',*,*,#1040,.T.);
#1040 = EDGE_CURVE('',#1041,#1010,#1043,.T.);
#1041 = VERTEX_POINT('',#1042);
#1042 = CARTESIAN_POINT('',(254.5,-6.,-3.));
#1043 = CIRCLE('',#1044,4.5);
#1044 = AXIS2_PLACEMENT_3D('',#1045,#1046,#1047);
#1045 = CARTESIAN_POINT('',(254.5,-1.5,-3.));
#1046 = DIRECTION('',(0.,-0.,1.));
#1047 = DIRECTION('',(-1.,0.,0.));
#1048 = ORIENTED_EDGE('',*,*,#1009,.T.);
#1049 = ORIENTED_EDGE('',*,*,#1050,.F.);
#1050 = EDGE_CURVE('',#1051,#1012,#1053,.T.);
#1051 = VERTEX_POINT('',#1052);
#1052 = CARTESIAN_POINT('',(254.5,-6.,0.));
#1053 = CIRCLE('',#1054,4.5);
#1054 = AXIS2_PLACEMENT_3D('',#1055,#1056,#1057);
#1055 = CARTESIAN_POINT('',(254.5,-1.5,0.));
#1056 = DIRECTION('',(0.,0.,1.));
#1057 = DIRECTION('',(1.,0.,-0.));
#1058 = ORIENTED_EDGE('',*,*,#1059,.F.);
#1059 = EDGE_CURVE('',#1041,#1051,#1060,.T.);
#1060 = LINE('',#1061,#1062);
#1061 = CARTESIAN_POINT('',(254.5,-6.,-23.12461179749));
#1062 = VECTOR('',#1063,1.);
#1063 = DIRECTION('',(-0.,-0.,1.));
#1064 = CYLINDRICAL_SURFACE('',#1065,4.5);
#1065 = AXIS2_PLACEMENT_3D('',#1066,#1067,#1068);
#1066 = CARTESIAN_POINT('',(254.5,-1.5,-23.12461179749));
#1067 = DIRECTION('',(-0.,-0.,1.));
#1068 = DIRECTION('',(1.,0.,0.));
#1069 = ADVANCED_FACE('',(#1070),#1086,.F.);
#1070 = FACE_BOUND('',#1071,.T.);
#1071 = EDGE_LOOP('',(#1072,#1073,#1079,#1080));
#1072 = ORIENTED_EDGE('',*,*,#978,.T.);
#1073 = ORIENTED_EDGE('',*,*,#1074,.T.);
#1074 = EDGE_CURVE('',#979,#1051,#1075,.T.);
#1075 = LINE('',#1076,#1077);
#1076 = CARTESIAN_POINT('',(245.5,-6.,0.));
#1077 = VECTOR('',#1078,1.);
#1078 = DIRECTION('',(1.,2.891205793295E-16,0.));
#1079 = ORIENTED_EDGE('',*,*,#1059,.F.);
#1080 = ORIENTED_EDGE('',*,*,#1081,.F.);
#1081 = EDGE_CURVE('',#970,#1041,#1082,.T.);
#1082 = LINE('',#1083,#1084);
#1083 = CARTESIAN_POINT('',(245.5,-6.,-3.));
#1084 = VECTOR('',#1085,1.);
#1085 = DIRECTION('',(1.,2.891205793295E-16,0.));
#1086 = PLANE('',#1087);
#1087 = AXIS2_PLACEMENT_3D('',#1088,#1089,#1090);
#1088 = CARTESIAN_POINT('',(245.5,-6.,-23.12461179749));
#1089 = DIRECTION('',(2.891205793295E-16,-1.,0.));
#1090 = DIRECTION('',(1.,2.891205793295E-16,0.));
#1091 = ADVANCED_FACE('',(#1092),#1128,.F.);
#1092 = FACE_BOUND('',#1093,.F.);
#1093 = EDGE_LOOP('',(#1094,#1105,#1113,#1122));
#1094 = ORIENTED_EDGE('',*,*,#1095,.T.);
#1095 = EDGE_CURVE('',#1096,#1098,#1100,.T.);
#1096 = VERTEX_POINT('',#1097);
#1097 = CARTESIAN_POINT('',(220.5,3.,-3.));
#1098 = VERTEX_POINT('',#1099);
#1099 = CARTESIAN_POINT('',(220.5,-6.,-3.));
#1100 = CIRCLE('',#1101,4.5);
#1101 = AXIS2_PLACEMENT_3D('',#1102,#1103,#1104);
#1102 = CARTESIAN_POINT('',(220.5,-1.5,-3.));
#1103 = DIRECTION('',(0.,-0.,1.));
#1104 = DIRECTION('',(-1.,0.,0.));
#1105 = ORIENTED_EDGE('',*,*,#1106,.T.);
#1106 = EDGE_CURVE('',#1098,#1107,#1109,.T.);
#1107 = VERTEX_POINT('',#1108);
#1108 = CARTESIAN_POINT('',(220.5,-6.,0.));
#1109 = LINE('',#1110,#1111);
#1110 = CARTESIAN_POINT('',(220.5,-6.,-23.12461179749));
#1111 = VECTOR('',#1112,1.);
#1112 = DIRECTION('',(-0.,-0.,1.));
#1113 = ORIENTED_EDGE('',*,*,#1114,.F.);
#1114 = EDGE_CURVE('',#1115,#1107,#1117,.T.);
#1115 = VERTEX_POINT('',#1116);
#1116 = CARTESIAN_POINT('',(220.5,3.,0.));
#1117 = CIRCLE('',#1118,4.5);
#1118 = AXIS2_PLACEMENT_3D('',#1119,#1120,#1121);
#1119 = CARTESIAN_POINT('',(220.5,-1.5,0.));
#1120 = DIRECTION('',(0.,0.,1.));
#1121 = DIRECTION('',(1.,0.,-0.));
#1122 = ORIENTED_EDGE('',*,*,#1123,.F.);
#1123 = EDGE_CURVE('',#1096,#1115,#1124,.T.);
#1124 = LINE('',#1125,#1126);
#1125 = CARTESIAN_POINT('',(220.5,3.,-23.12461179749));
#1126 = VECTOR('',#1127,1.);
#1127 = DIRECTION('',(-0.,-0.,1.));
#1128 = CYLINDRICAL_SURFACE('',#1129,4.5);
#1129 = AXIS2_PLACEMENT_3D('',#1130,#1131,#1132);
#1130 = CARTESIAN_POINT('',(220.5,-1.5,-23.12461179749));
#1131 = DIRECTION('',(-0.,-0.,1.));
#1132 = DIRECTION('',(1.,0.,0.));
#1133 = ADVANCED_FACE('',(#1134),#1159,.F.);
#1134 = FACE_BOUND('',#1135,.T.);
#1135 = EDGE_LOOP('',(#1136,#1146,#1152,#1153));
#1136 = ORIENTED_EDGE('',*,*,#1137,.T.);
#1137 = EDGE_CURVE('',#1138,#1140,#1142,.T.);
#1138 = VERTEX_POINT('',#1139);
#1139 = CARTESIAN_POINT('',(229.5,3.,-3.));
#1140 = VERTEX_POINT('',#1141);
#1141 = CARTESIAN_POINT('',(229.5,3.,0.));
#1142 = LINE('',#1143,#1144);
#1143 = CARTESIAN_POINT('',(229.5,3.,-23.12461179749));
#1144 = VECTOR('',#1145,1.);
#1145 = DIRECTION('',(-0.,-0.,1.));
#1146 = ORIENTED_EDGE('',*,*,#1147,.T.);
#1147 = EDGE_CURVE('',#1140,#1115,#1148,.T.);
#1148 = LINE('',#1149,#1150);
#1149 = CARTESIAN_POINT('',(220.5,3.,0.));
#1150 = VECTOR('',#1151,1.);
#1151 = DIRECTION('',(-1.,-2.891205793295E-16,-0.));
#1152 = ORIENTED_EDGE('',*,*,#1123,.F.);
#1153 = ORIENTED_EDGE('',*,*,#1154,.F.);
#1154 = EDGE_CURVE('',#1138,#1096,#1155,.T.);
#1155 = LINE('',#1156,#1157);
#1156 = CARTESIAN_POINT('',(220.5,3.,-3.));
#1157 = VECTOR('',#1158,1.);
#1158 = DIRECTION('',(-1.,-2.891205793295E-16,0.));
#1159 = PLANE('',#1160);
#1160 = AXIS2_PLACEMENT_3D('',#1161,#1162,#1163);
#1161 = CARTESIAN_POINT('',(220.5,3.,-23.12461179749));
#1162 = DIRECTION('',(-2.891205793295E-16,1.,0.));
#1163 = DIRECTION('',(-1.,-2.891205793295E-16,0.));
#1164 = ADVANCED_FACE('',(#1165),#1192,.F.);
#1165 = FACE_BOUND('',#1166,.F.);
#1166 = EDGE_LOOP('',(#1167,#1176,#1177,#1186));
#1167 = ORIENTED_EDGE('',*,*,#1168,.T.);
#1168 = EDGE_CURVE('',#1169,#1138,#1171,.T.);
#1169 = VERTEX_POINT('',#1170);
#1170 = CARTESIAN_POINT('',(229.5,-6.,-3.));
#1171 = CIRCLE('',#1172,4.5);
#1172 = AXIS2_PLACEMENT_3D('',#1173,#1174,#1175);
#1173 = CARTESIAN_POINT('',(229.5,-1.5,-3.));
#1174 = DIRECTION('',(0.,-0.,1.));
#1175 = DIRECTION('',(-1.,0.,0.));
#1176 = ORIENTED_EDGE('',*,*,#1137,.T.);
#1177 = ORIENTED_EDGE('',*,*,#1178,.F.);
#1178 = EDGE_CURVE('',#1179,#1140,#1181,.T.);
#1179 = VERTEX_POINT('',#1180);
#1180 = CARTESIAN_POINT('',(229.5,-6.,0.));
#1181 = CIRCLE('',#1182,4.5);
#1182 = AXIS2_PLACEMENT_3D('',#1183,#1184,#1185);
#1183 = CARTESIAN_POINT('',(229.5,-1.5,0.));
#1184 = DIRECTION('',(0.,0.,1.));
#1185 = DIRECTION('',(1.,0.,-0.));
#1186 = ORIENTED_EDGE('',*,*,#1187,.F.);
#1187 = EDGE_CURVE('',#1169,#1179,#1188,.T.);
#1188 = LINE('',#1189,#1190);
#1189 = CARTESIAN_POINT('',(229.5,-6.,-23.12461179749));
#1190 = VECTOR('',#1191,1.);
#1191 = DIRECTION('',(-0.,-0.,1.));
#1192 = CYLINDRICAL_SURFACE('',#1193,4.5);
#1193 = AXIS2_PLACEMENT_3D('',#1194,#1195,#1196);
#1194 = CARTESIAN_POINT('',(229.5,-1.5,-23.12461179749));
#1195 = DIRECTION('',(-0.,-0.,1.));
#1196 = DIRECTION('',(1.,0.,0.));
#1197 = ADVANCED_FACE('',(#1198),#1214,.F.);
#1198 = FACE_BOUND('',#1199,.T.);
#1199 = EDGE_LOOP('',(#1200,#1201,#1207,#1208));
#1200 = ORIENTED_EDGE('',*,*,#1106,.T.);
#1201 = ORIENTED_EDGE('',*,*,#1202,.T.);
#1202 = EDGE_CURVE('',#1107,#1179,#1203,.T.);
#1203 = LINE('',#1204,#1205);
#1204 = CARTESIAN_POINT('',(220.5,-6.,0.));
#1205 = VECTOR('',#1206,1.);
#1206 = DIRECTION('',(1.,2.891205793295E-16,0.));
#1207 = ORIENTED_EDGE('',*,*,#1187,.F.);
#1208 = ORIENTED_EDGE('',*,*,#1209,.F.);
#1209 = EDGE_CURVE('',#1098,#1169,#1210,.T.);
#1210 = LINE('',#1211,#1212);
#1211 = CARTESIAN_POINT('',(220.5,-6.,-3.));
#1212 = VECTOR('',#1213,1.);
#1213 = DIRECTION('',(1.,2.891205793295E-16,0.));
#1214 = PLANE('',#1215);
#1215 = AXIS2_PLACEMENT_3D('',#1216,#1217,#1218);
#1216 = CARTESIAN_POINT('',(220.5,-6.,-23.12461179749));
#1217 = DIRECTION('',(2.891205793295E-16,-1.,0.));
#1218 = DIRECTION('',(1.,2.891205793295E-16,0.));
#1219 = ADVANCED_FACE('',(#1220),#1256,.F.);
#1220 = FACE_BOUND('',#1221,.F.);
#1221 = EDGE_LOOP('',(#1222,#1233,#1241,#1250));
#1222 = ORIENTED_EDGE('',*,*,#1223,.T.);
#1223 = EDGE_CURVE('',#1224,#1226,#1228,.T.);
#1224 = VERTEX_POINT('',#1225);
#1225 = CARTESIAN_POINT('',(195.5,3.,-3.));
#1226 = VERTEX_POINT('',#1227);
#1227 = CARTESIAN_POINT('',(195.5,-6.,-3.));
#1228 = CIRCLE('',#1229,4.5);
#1229 = AXIS2_PLACEMENT_3D('',#1230,#1231,#1232);
#1230 = CARTESIAN_POINT('',(195.5,-1.5,-3.));
#1231 = DIRECTION('',(0.,-0.,1.));
#1232 = DIRECTION('',(-1.,0.,0.));
#1233 = ORIENTED_EDGE('',*,*,#1234,.T.);
#1234 = EDGE_CURVE('',#1226,#1235,#1237,.T.);
#1235 = VERTEX_POINT('',#1236);
#1236 = CARTESIAN_POINT('',(195.5,-6.,0.));
#1237 = LINE('',#1238,#1239);
#1238 = CARTESIAN_POINT('',(195.5,-6.,-23.12461179749));
#1239 = VECTOR('',#1240,1.);
#1240 = DIRECTION('',(-0.,-0.,1.));
#1241 = ORIENTED_EDGE('',*,*,#1242,.F.);
#1242 = EDGE_CURVE('',#1243,#1235,#1245,.T.);
#1243 = VERTEX_POINT('',#1244);
#1244 = CARTESIAN_POINT('',(195.5,3.,0.));
#1245 = CIRCLE('',#1246,4.5);
#1246 = AXIS2_PLACEMENT_3D('',#1247,#1248,#1249);
#1247 = CARTESIAN_POINT('',(195.5,-1.5,0.));
#1248 = DIRECTION('',(0.,0.,1.));
#1249 = DIRECTION('',(1.,0.,-0.));
#1250 = ORIENTED_EDGE('',*,*,#1251,.F.);
#1251 = EDGE_CURVE('',#1224,#1243,#1252,.T.);
#1252 = LINE('',#1253,#1254);
#1253 = CARTESIAN_POINT('',(195.5,3.,-23.12461179749));
#1254 = VECTOR('',#1255,1.);
#1255 = DIRECTION('',(-0.,-0.,1.));
#1256 = CYLINDRICAL_SURFACE('',#1257,4.5);
#1257 = AXIS2_PLACEMENT_3D('',#1258,#1259,#1260);
#1258 = CARTESIAN_POINT('',(195.5,-1.5,-23.12461179749));
#1259 = DIRECTION('',(-0.,-0.,1.));
#1260 = DIRECTION('',(1.,0.,0.));
#1261 = ADVANCED_FACE('',(#1262),#1287,.F.);
#1262 = FACE_BOUND('',#1263,.T.);
#1263 = EDGE_LOOP('',(#1264,#1274,#1280,#1281));
#1264 = ORIENTED_EDGE('',*,*,#1265,.T.);
#1265 = EDGE_CURVE('',#1266,#1268,#1270,.T.);
#1266 = VERTEX_POINT('',#1267);
#1267 = CARTESIAN_POINT('',(204.5,3.,-3.));
#1268 = VERTEX_POINT('',#1269);
#1269 = CARTESIAN_POINT('',(204.5,3.,0.));
#1270 = LINE('',#1271,#1272);
#1271 = CARTESIAN_POINT('',(204.5,3.,-23.12461179749));
#1272 = VECTOR('',#1273,1.);
#1273 = DIRECTION('',(-0.,-0.,1.));
#1274 = ORIENTED_EDGE('',*,*,#1275,.T.);
#1275 = EDGE_CURVE('',#1268,#1243,#1276,.T.);
#1276 = LINE('',#1277,#1278);
#1277 = CARTESIAN_POINT('',(195.5,3.,0.));
#1278 = VECTOR('',#1279,1.);
#1279 = DIRECTION('',(-1.,-2.891205793295E-16,-0.));
#1280 = ORIENTED_EDGE('',*,*,#1251,.F.);
#1281 = ORIENTED_EDGE('',*,*,#1282,.F.);
#1282 = EDGE_CURVE('',#1266,#1224,#1283,.T.);
#1283 = LINE('',#1284,#1285);
#1284 = CARTESIAN_POINT('',(195.5,3.,-3.));
#1285 = VECTOR('',#1286,1.);
#1286 = DIRECTION('',(-1.,-2.891205793295E-16,0.));
#1287 = PLANE('',#1288);
#1288 = AXIS2_PLACEMENT_3D('',#1289,#1290,#1291);
#1289 = CARTESIAN_POINT('',(195.5,3.,-23.12461179749));
#1290 = DIRECTION('',(-2.891205793295E-16,1.,0.));
#1291 = DIRECTION('',(-1.,-2.891205793295E-16,0.));
#1292 = ADVANCED_FACE('',(#1293),#1320,.F.);
#1293 = FACE_BOUND('',#1294,.F.);
#1294 = EDGE_LOOP('',(#1295,#1304,#1305,#1314));
#1295 = ORIENTED_EDGE('',*,*,#1296,.T.);
#1296 = EDGE_CURVE('',#1297,#1266,#1299,.T.);
#1297 = VERTEX_POINT('',#1298);
#1298 = CARTESIAN_POINT('',(204.5,-6.,-3.));
#1299 = CIRCLE('',#1300,4.5);
#1300 = AXIS2_PLACEMENT_3D('',#1301,#1302,#1303);
#1301 = CARTESIAN_POINT('',(204.5,-1.5,-3.));
#1302 = DIRECTION('',(0.,-0.,1.));
#1303 = DIRECTION('',(-1.,0.,0.));
#1304 = ORIENTED_EDGE('',*,*,#1265,.T.);
#1305 = ORIENTED_EDGE('',*,*,#1306,.F.);
#1306 = EDGE_CURVE('',#1307,#1268,#1309,.T.);
#1307 = VERTEX_POINT('',#1308);
#1308 = CARTESIAN_POINT('',(204.5,-6.,0.));
#1309 = CIRCLE('',#1310,4.5);
#1310 = AXIS2_PLACEMENT_3D('',#1311,#1312,#1313);
#1311 = CARTESIAN_POINT('',(204.5,-1.5,0.));
#1312 = DIRECTION('',(0.,0.,1.));
#1313 = DIRECTION('',(1.,0.,-0.));
#1314 = ORIENTED_EDGE('',*,*,#1315,.F.);
#1315 = EDGE_CURVE('',#1297,#1307,#1316,.T.);
#1316 = LINE('',#1317,#1318);
#1317 = CARTESIAN_POINT('',(204.5,-6.,-23.12461179749));
#1318 = VECTOR('',#1319,1.);
#1319 = DIRECTION('',(-0.,-0.,1.));
#1320 = CYLINDRICAL_SURFACE('',#1321,4.5);
#1321 = AXIS2_PLACEMENT_3D('',#1322,#1323,#1324);
#1322 = CARTESIAN_POINT('',(204.5,-1.5,-23.12461179749));
#1323 = DIRECTION('',(-0.,-0.,1.));
#1324 = DIRECTION('',(1.,0.,0.));
#1325 = ADVANCED_FACE('',(#1326),#1342,.F.);
#1326 = FACE_BOUND('',#1327,.T.);
#1327 = EDGE_LOOP('',(#1328,#1329,#1335,#1336));
#1328 = ORIENTED_EDGE('',*,*,#1234,.T.);
#1329 = ORIENTED_EDGE('',*,*,#1330,.T.);
#1330 = EDGE_CURVE('',#1235,#1307,#1331,.T.);
#1331 = LINE('',#1332,#1333);
#1332 = CARTESIAN_POINT('',(195.5,-6.,0.));
#1333 = VECTOR('',#1334,1.);
#1334 = DIRECTION('',(1.,2.891205793295E-16,0.));
#1335 = ORIENTED_EDGE('',*,*,#1315,.F.);
#1336 = ORIENTED_EDGE('',*,*,#1337,.F.);
#1337 = EDGE_CURVE('',#1226,#1297,#1338,.T.);
#1338 = LINE('',#1339,#1340);
#1339 = CARTESIAN_POINT('',(195.5,-6.,-3.));
#1340 = VECTOR('',#1341,1.);
#1341 = DIRECTION('',(1.,2.891205793295E-16,0.));
#1342 = PLANE('',#1343);
#1343 = AXIS2_PLACEMENT_3D('',#1344,#1345,#1346);
#1344 = CARTESIAN_POINT('',(195.5,-6.,-23.12461179749));
#1345 = DIRECTION('',(2.891205793295E-16,-1.,0.));
#1346 = DIRECTION('',(1.,2.891205793295E-16,0.));
#1347 = ADVANCED_FACE('',(#1348),#1384,.F.);
#1348 = FACE_BOUND('',#1349,.F.);
#1349 = EDGE_LOOP('',(#1350,#1361,#1369,#1378));
#1350 = ORIENTED_EDGE('',*,*,#1351,.T.);
#1351 = EDGE_CURVE('',#1352,#1354,#1356,.T.);
#1352 = VERTEX_POINT('',#1353);
#1353 = CARTESIAN_POINT('',(170.5,3.,-3.));
#1354 = VERTEX_POINT('',#1355);
#1355 = CARTESIAN_POINT('',(170.5,-6.,-3.));
#1356 = CIRCLE('',#1357,4.5);
#1357 = AXIS2_PLACEMENT_3D('',#1358,#1359,#1360);
#1358 = CARTESIAN_POINT('',(170.5,-1.5,-3.));
#1359 = DIRECTION('',(0.,-0.,1.));
#1360 = DIRECTION('',(-1.,0.,0.));
#1361 = ORIENTED_EDGE('',*,*,#1362,.T.);
#1362 = EDGE_CURVE('',#1354,#1363,#1365,.T.);
#1363 = VERTEX_POINT('',#1364);
#1364 = CARTESIAN_POINT('',(170.5,-6.,0.));
#1365 = LINE('',#1366,#1367);
#1366 = CARTESIAN_POINT('',(170.5,-6.,-23.12461179749));
#1367 = VECTOR('',#1368,1.);
#1368 = DIRECTION('',(-0.,-0.,1.));
#1369 = ORIENTED_EDGE('',*,*,#1370,.F.);
#1370 = EDGE_CURVE('',#1371,#1363,#1373,.T.);
#1371 = VERTEX_POINT('',#1372);
#1372 = CARTESIAN_POINT('',(170.5,3.,0.));
#1373 = CIRCLE('',#1374,4.5);
#1374 = AXIS2_PLACEMENT_3D('',#1375,#1376,#1377);
#1375 = CARTESIAN_POINT('',(170.5,-1.5,0.));
#1376 = DIRECTION('',(0.,0.,1.));
#1377 = DIRECTION('',(1.,0.,-0.));
#1378 = ORIENTED_EDGE('',*,*,#1379,.F.);
#1379 = EDGE_CURVE('',#1352,#1371,#1380,.T.);
#1380 = LINE('',#1381,#1382);
#1381 = CARTESIAN_POINT('',(170.5,3.,-23.12461179749));
#1382 = VECTOR('',#1383,1.);
#1383 = DIRECTION('',(-0.,-0.,1.));
#1384 = CYLINDRICAL_SURFACE('',#1385,4.5);
#1385 = AXIS2_PLACEMENT_3D('',#1386,#1387,#1388);
#1386 = CARTESIAN_POINT('',(170.5,-1.5,-23.12461179749));
#1387 = DIRECTION('',(-0.,-0.,1.));
#1388 = DIRECTION('',(1.,0.,0.));
#1389 = ADVANCED_FACE('',(#1390),#1415,.F.);
#1390 = FACE_BOUND('',#1391,.T.);
#1391 = EDGE_LOOP('',(#1392,#1402,#1408,#1409));
#1392 = ORIENTED_EDGE('',*,*,#1393,.T.);
#1393 = EDGE_CURVE('',#1394,#1396,#1398,.T.);
#1394 = VERTEX_POINT('',#1395);
#1395 = CARTESIAN_POINT('',(179.5,3.,-3.));
#1396 = VERTEX_POINT('',#1397);
#1397 = CARTESIAN_POINT('',(179.5,3.,0.));
#1398 = LINE('',#1399,#1400);
#1399 = CARTESIAN_POINT('',(179.5,3.,-23.12461179749));
#1400 = VECTOR('',#1401,1.);
#1401 = DIRECTION('',(-0.,-0.,1.));
#1402 = ORIENTED_EDGE('',*,*,#1403,.T.);
#1403 = EDGE_CURVE('',#1396,#1371,#1404,.T.);
#1404 = LINE('',#1405,#1406);
#1405 = CARTESIAN_POINT('',(170.5,3.,0.));
#1406 = VECTOR('',#1407,1.);
#1407 = DIRECTION('',(-1.,-2.891205793295E-16,-0.));
#1408 = ORIENTED_EDGE('',*,*,#1379,.F.);
#1409 = ORIENTED_EDGE('',*,*,#1410,.F.);
#1410 = EDGE_CURVE('',#1394,#1352,#1411,.T.);
#1411 = LINE('',#1412,#1413);
#1412 = CARTESIAN_POINT('',(170.5,3.,-3.));
#1413 = VECTOR('',#1414,1.);
#1414 = DIRECTION('',(-1.,-2.891205793295E-16,0.));
#1415 = PLANE('',#1416);
#1416 = AXIS2_PLACEMENT_3D('',#1417,#1418,#1419);
#1417 = CARTESIAN_POINT('',(170.5,3.,-23.12461179749));
#1418 = DIRECTION('',(-2.891205793295E-16,1.,0.));
#1419 = DIRECTION('',(-1.,-2.891205793295E-16,0.));
#1420 = ADVANCED_FACE('',(#1421),#1448,.F.);
#1421 = FACE_BOUND('',#1422,.F.);
#1422 = EDGE_LOOP('',(#1423,#1432,#1433,#1442));
#1423 = ORIENTED_EDGE('',*,*,#1424,.T.);
#1424 = EDGE_CURVE('',#1425,#1394,#1427,.T.);
#1425 = VERTEX_POINT('',#1426);
#1426 = CARTESIAN_POINT('',(179.5,-6.,-3.));
#1427 = CIRCLE('',#1428,4.5);
#1428 = AXIS2_PLACEMENT_3D('',#1429,#1430,#1431);
#1429 = CARTESIAN_POINT('',(179.5,-1.5,-3.));
#1430 = DIRECTION('',(0.,-0.,1.));
#1431 = DIRECTION('',(-1.,0.,0.));
#1432 = ORIENTED_EDGE('',*,*,#1393,.T.);
#1433 = ORIENTED_EDGE('',*,*,#1434,.F.);
#1434 = EDGE_CURVE('',#1435,#1396,#1437,.T.);
#1435 = VERTEX_POINT('',#1436);
#1436 = CARTESIAN_POINT('',(179.5,-6.,0.));
#1437 = CIRCLE('',#1438,4.5);
#1438 = AXIS2_PLACEMENT_3D('',#1439,#1440,#1441);
#1439 = CARTESIAN_POINT('',(179.5,-1.5,0.));
#1440 = DIRECTION('',(0.,0.,1.));
#1441 = DIRECTION('',(1.,0.,-0.));
#1442 = ORIENTED_EDGE('',*,*,#1443,.F.);
#1443 = EDGE_CURVE('',#1425,#1435,#1444,.T.);
#1444 = LINE('',#1445,#1446);
#1445 = CARTESIAN_POINT('',(179.5,-6.,-23.12461179749));
#1446 = VECTOR('',#1447,1.);
#1447 = DIRECTION('',(-0.,-0.,1.));
#1448 = CYLINDRICAL_SURFACE('',#1449,4.5);
#1449 = AXIS2_PLACEMENT_3D('',#1450,#1451,#1452);
#1450 = CARTESIAN_POINT('',(179.5,-1.5,-23.12461179749));
#1451 = DIRECTION('',(-0.,-0.,1.));
#1452 = DIRECTION('',(1.,0.,0.));
#1453 = ADVANCED_FACE('',(#1454),#1470,.F.);
#1454 = FACE_BOUND('',#1455,.T.);
#1455 = EDGE_LOOP('',(#1456,#1457,#1463,#1464));
#1456 = ORIENTED_EDGE('',*,*,#1362,.T.);
#1457 = ORIENTED_EDGE('',*,*,#1458,.T.);
#1458 = EDGE_CURVE('',#1363,#1435,#1459,.T.);
#1459 = LINE('',#1460,#1461);
#1460 = CARTESIAN_POINT('',(170.5,-6.,0.));
#1461 = VECTOR('',#1462,1.);
#1462 = DIRECTION('',(1.,2.891205793295E-16,0.));
#1463 = ORIENTED_EDGE('',*,*,#1443,.F.);
#1464 = ORIENTED_EDGE('',*,*,#1465,.F.);
#1465 = EDGE_CURVE('',#1354,#1425,#1466,.T.);
#1466 = LINE('',#1467,#1468);
#1467 = CARTESIAN_POINT('',(170.5,-6.,-3.));
#1468 = VECTOR('',#1469,1.);
#1469 = DIRECTION('',(1.,2.891205793295E-16,0.));
#1470 = PLANE('',#1471);
#1471 = AXIS2_PLACEMENT_3D('',#1472,#1473,#1474);
#1472 = CARTESIAN_POINT('',(170.5,-6.,-23.12461179749));
#1473 = DIRECTION('',(2.891205793295E-16,-1.,0.));
#1474 = DIRECTION('',(1.,2.891205793295E-16,0.));
#1475 = ADVANCED_FACE('',(#1476),#1512,.F.);
#1476 = FACE_BOUND('',#1477,.F.);
#1477 = EDGE_LOOP('',(#1478,#1489,#1497,#1506));
#1478 = ORIENTED_EDGE('',*,*,#1479,.T.);
#1479 = EDGE_CURVE('',#1480,#1482,#1484,.T.);
#1480 = VERTEX_POINT('',#1481);
#1481 = CARTESIAN_POINT('',(145.5,3.,-3.));
#1482 = VERTEX_POINT('',#1483);
#1483 = CARTESIAN_POINT('',(145.5,-6.,-3.));
#1484 = CIRCLE('',#1485,4.5);
#1485 = AXIS2_PLACEMENT_3D('',#1486,#1487,#1488);
#1486 = CARTESIAN_POINT('',(145.5,-1.5,-3.));
#1487 = DIRECTION('',(0.,-0.,1.));
#1488 = DIRECTION('',(-1.,0.,0.));
#1489 = ORIENTED_EDGE('',*,*,#1490,.T.);
#1490 = EDGE_CURVE('',#1482,#1491,#1493,.T.);
#1491 = VERTEX_POINT('',#1492);
#1492 = CARTESIAN_POINT('',(145.5,-6.,0.));
#1493 = LINE('',#1494,#1495);
#1494 = CARTESIAN_POINT('',(145.5,-6.,-23.12461179749));
#1495 = VECTOR('',#1496,1.);
#1496 = DIRECTION('',(-0.,-0.,1.));
#1497 = ORIENTED_EDGE('',*,*,#1498,.F.);
#1498 = EDGE_CURVE('',#1499,#1491,#1501,.T.);
#1499 = VERTEX_POINT('',#1500);
#1500 = CARTESIAN_POINT('',(145.5,3.,0.));
#1501 = CIRCLE('',#1502,4.5);
#1502 = AXIS2_PLACEMENT_3D('',#1503,#1504,#1505);
#1503 = CARTESIAN_POINT('',(145.5,-1.5,0.));
#1504 = DIRECTION('',(0.,0.,1.));
#1505 = DIRECTION('',(1.,0.,-0.));
#1506 = ORIENTED_EDGE('',*,*,#1507,.F.);
#1507 = EDGE_CURVE('',#1480,#1499,#1508,.T.);
#1508 = LINE('',#1509,#1510);
#1509 = CARTESIAN_POINT('',(145.5,3.,-23.12461179749));
#1510 = VECTOR('',#1511,1.);
#1511 = DIRECTION('',(-0.,-0.,1.));
#1512 = CYLINDRICAL_SURFACE('',#1513,4.5);
#1513 = AXIS2_PLACEMENT_3D('',#1514,#1515,#1516);
#1514 = CARTESIAN_POINT('',(145.5,-1.5,-23.12461179749));
#1515 = DIRECTION('',(-0.,-0.,1.));
#1516 = DIRECTION('',(1.,0.,0.));
#1517 = ADVANCED_FACE('',(#1518),#1543,.F.);
#1518 = FACE_BOUND('',#1519,.T.);
#1519 = EDGE_LOOP('',(#1520,#1530,#1536,#1537));
#1520 = ORIENTED_EDGE('',*,*,#1521,.T.);
#1521 = EDGE_CURVE('',#1522,#1524,#1526,.T.);
#1522 = VERTEX_POINT('',#1523);
#1523 = CARTESIAN_POINT('',(154.5,3.,-3.));
#1524 = VERTEX_POINT('',#1525);
#1525 = CARTESIAN_POINT('',(154.5,3.,0.));
#1526 = LINE('',#1527,#1528);
#1527 = CARTESIAN_POINT('',(154.5,3.,-23.12461179749));
#1528 = VECTOR('',#1529,1.);
#1529 = DIRECTION('',(-0.,-0.,1.));
#1530 = ORIENTED_EDGE('',*,*,#1531,.T.);
#1531 = EDGE_CURVE('',#1524,#1499,#1532,.T.);
#1532 = LINE('',#1533,#1534);
#1533 = CARTESIAN_POINT('',(145.5,3.,0.));
#1534 = VECTOR('',#1535,1.);
#1535 = DIRECTION('',(-1.,-2.891205793295E-16,-0.));
#1536 = ORIENTED_EDGE('',*,*,#1507,.F.);
#1537 = ORIENTED_EDGE('',*,*,#1538,.F.);
#1538 = EDGE_CURVE('',#1522,#1480,#1539,.T.);
#1539 = LINE('',#1540,#1541);
#1540 = CARTESIAN_POINT('',(145.5,3.,-3.));
#1541 = VECTOR('',#1542,1.);
#1542 = DIRECTION('',(-1.,-2.891205793295E-16,0.));
#1543 = PLANE('',#1544);
#1544 = AXIS2_PLACEMENT_3D('',#1545,#1546,#1547);
#1545 = CARTESIAN_POINT('',(145.5,3.,-23.12461179749));
#1546 = DIRECTION('',(-2.891205793295E-16,1.,0.));
#1547 = DIRECTION('',(-1.,-2.891205793295E-16,0.));
#1548 = ADVANCED_FACE('',(#1549),#1576,.F.);
#1549 = FACE_BOUND('',#1550,.F.);
#1550 = EDGE_LOOP('',(#1551,#1560,#1561,#1570));
#1551 = ORIENTED_EDGE('',*,*,#1552,.T.);
#1552 = EDGE_CURVE('',#1553,#1522,#1555,.T.);
#1553 = VERTEX_POINT('',#1554);
#1554 = CARTESIAN_POINT('',(154.5,-6.,-3.));
#1555 = CIRCLE('',#1556,4.5);
#1556 = AXIS2_PLACEMENT_3D('',#1557,#1558,#1559);
#1557 = CARTESIAN_POINT('',(154.5,-1.5,-3.));
#1558 = DIRECTION('',(0.,-0.,1.));
#1559 = DIRECTION('',(-1.,0.,0.));
#1560 = ORIENTED_EDGE('',*,*,#1521,.T.);
#1561 = ORIENTED_EDGE('',*,*,#1562,.F.);
#1562 = EDGE_CURVE('',#1563,#1524,#1565,.T.);
#1563 = VERTEX_POINT('',#1564);
#1564 = CARTESIAN_POINT('',(154.5,-6.,0.));
#1565 = CIRCLE('',#1566,4.5);
#1566 = AXIS2_PLACEMENT_3D('',#1567,#1568,#1569);
#1567 = CARTESIAN_POINT('',(154.5,-1.5,0.));
#1568 = DIRECTION('',(0.,0.,1.));
#1569 = DIRECTION('',(1.,0.,-0.));
#1570 = ORIENTED_EDGE('',*,*,#1571,.F.);
#1571 = EDGE_CURVE('',#1553,#1563,#1572,.T.);
#1572 = LINE('',#1573,#1574);
#1573 = CARTESIAN_POINT('',(154.5,-6.,-23.12461179749));
#1574 = VECTOR('',#1575,1.);
#1575 = DIRECTION('',(-0.,-0.,1.));
#1576 = CYLINDRICAL_SURFACE('',#1577,4.5);
#1577 = AXIS2_PLACEMENT_3D('',#1578,#1579,#1580);
#1578 = CARTESIAN_POINT('',(154.5,-1.5,-23.12461179749));
#1579 = DIRECTION('',(-0.,-0.,1.));
#1580 = DIRECTION('',(1.,0.,0.));
#1581 = ADVANCED_FACE('',(#1582),#1598,.F.);
#1582 = FACE_BOUND('',#1583,.T.);
#1583 = EDGE_LOOP('',(#1584,#1585,#1591,#1592));
#1584 = ORIENTED_EDGE('',*,*,#1490,.T.);
#1585 = ORIENTED_EDGE('',*,*,#1586,.T.);
#1586 = EDGE_CURVE('',#1491,#1563,#1587,.T.);
#1587 = LINE('',#1588,#1589);
#1588 = CARTESIAN_POINT('',(145.5,-6.,0.));
#1589 = VECTOR('',#1590,1.);
#1590 = DIRECTION('',(1.,2.891205793295E-16,0.));
#1591 = ORIENTED_EDGE('',*,*,#1571,.F.);
#1592 = ORIENTED_EDGE('',*,*,#1593,.F.);
#1593 = EDGE_CURVE('',#1482,#1553,#1594,.T.);
#1594 = LINE('',#1595,#1596);
#1595 = CARTESIAN_POINT('',(145.5,-6.,-3.));
#1596 = VECTOR('',#1597,1.);
#1597 = DIRECTION('',(1.,2.891205793295E-16,0.));
#1598 = PLANE('',#1599);
#1599 = AXIS2_PLACEMENT_3D('',#1600,#1601,#1602);
#1600 = CARTESIAN_POINT('',(145.5,-6.,-23.12461179749));
#1601 = DIRECTION('',(2.891205793295E-16,-1.,0.));
#1602 = DIRECTION('',(1.,2.891205793295E-16,0.));
#1603 = ADVANCED_FACE('',(#1604),#1640,.F.);
#1604 = FACE_BOUND('',#1605,.F.);
#1605 = EDGE_LOOP('',(#1606,#1617,#1625,#1634));
#1606 = ORIENTED_EDGE('',*,*,#1607,.T.);
#1607 = EDGE_CURVE('',#1608,#1610,#1612,.T.);
#1608 = VERTEX_POINT('',#1609);
#1609 = CARTESIAN_POINT('',(120.5,3.,-3.));
#1610 = VERTEX_POINT('',#1611);
#1611 = CARTESIAN_POINT('',(120.5,-6.,-3.));
#1612 = CIRCLE('',#1613,4.5);
#1613 = AXIS2_PLACEMENT_3D('',#1614,#1615,#1616);
#1614 = CARTESIAN_POINT('',(120.5,-1.5,-3.));
#1615 = DIRECTION('',(0.,-0.,1.));
#1616 = DIRECTION('',(-1.,0.,0.));
#1617 = ORIENTED_EDGE('',*,*,#1618,.T.);
#1618 = EDGE_CURVE('',#1610,#1619,#1621,.T.);
#1619 = VERTEX_POINT('',#1620);
#1620 = CARTESIAN_POINT('',(120.5,-6.,0.));
#1621 = LINE('',#1622,#1623);
#1622 = CARTESIAN_POINT('',(120.5,-6.,-23.12461179749));
#1623 = VECTOR('',#1624,1.);
#1624 = DIRECTION('',(-0.,-0.,1.));
#1625 = ORIENTED_EDGE('',*,*,#1626,.F.);
#1626 = EDGE_CURVE('',#1627,#1619,#1629,.T.);
#1627 = VERTEX_POINT('',#1628);
#1628 = CARTESIAN_POINT('',(120.5,3.,0.));
#1629 = CIRCLE('',#1630,4.5);
#1630 = AXIS2_PLACEMENT_3D('',#1631,#1632,#1633);
#1631 = CARTESIAN_POINT('',(120.5,-1.5,0.));
#1632 = DIRECTION('',(0.,0.,1.));
#1633 = DIRECTION('',(1.,0.,-0.));
#1634 = ORIENTED_EDGE('',*,*,#1635,.F.);
#1635 = EDGE_CURVE('',#1608,#1627,#1636,.T.);
#1636 = LINE('',#1637,#1638);
#1637 = CARTESIAN_POINT('',(120.5,3.,-23.12461179749));
#1638 = VECTOR('',#1639,1.);
#1639 = DIRECTION('',(-0.,-0.,1.));
#1640 = CYLINDRICAL_SURFACE('',#1641,4.5);
#1641 = AXIS2_PLACEMENT_3D('',#1642,#1643,#1644);
#1642 = CARTESIAN_POINT('',(120.5,-1.5,-23.12461179749));
#1643 = DIRECTION('',(-0.,-0.,1.));
#1644 = DIRECTION('',(1.,0.,0.));
#1645 = ADVANCED_FACE('',(#1646),#1671,.F.);
#1646 = FACE_BOUND('',#1647,.T.);
#1647 = EDGE_LOOP('',(#1648,#1658,#1664,#1665));
#1648 = ORIENTED_EDGE('',*,*,#1649,.T.);
#1649 = EDGE_CURVE('',#1650,#1652,#1654,.T.);
#1650 = VERTEX_POINT('',#1651);
#1651 = CARTESIAN_POINT('',(129.5,3.,-3.));
#1652 = VERTEX_POINT('',#1653);
#1653 = CARTESIAN_POINT('',(129.5,3.,0.));
#1654 = LINE('',#1655,#1656);
#1655 = CARTESIAN_POINT('',(129.5,3.,-23.12461179749));
#1656 = VECTOR('',#1657,1.);
#1657 = DIRECTION('',(-0.,-0.,1.));
#1658 = ORIENTED_EDGE('',*,*,#1659,.T.);
#1659 = EDGE_CURVE('',#1652,#1627,#1660,.T.);
#1660 = LINE('',#1661,#1662);
#1661 = CARTESIAN_POINT('',(120.5,3.,0.));
#1662 = VECTOR('',#1663,1.);
#1663 = DIRECTION('',(-1.,-2.891205793295E-16,-0.));
#1664 = ORIENTED_EDGE('',*,*,#1635,.F.);
#1665 = ORIENTED_EDGE('',*,*,#1666,.F.);
#1666 = EDGE_CURVE('',#1650,#1608,#1667,.T.);
#1667 = LINE('',#1668,#1669);
#1668 = CARTESIAN_POINT('',(120.5,3.,-3.));
#1669 = VECTOR('',#1670,1.);
#1670 = DIRECTION('',(-1.,-2.891205793295E-16,0.));
#1671 = PLANE('',#1672);
#1672 = AXIS2_PLACEMENT_3D('',#1673,#1674,#1675);
#1673 = CARTESIAN_POINT('',(120.5,3.,-23.12461179749));
#1674 = DIRECTION('',(-2.891205793295E-16,1.,0.));
#1675 = DIRECTION('',(-1.,-2.891205793295E-16,0.));
#1676 = ADVANCED_FACE('',(#1677),#1704,.F.);
#1677 = FACE_BOUND('',#1678,.F.);
#1678 = EDGE_LOOP('',(#1679,#1688,#1689,#1698));
#1679 = ORIENTED_EDGE('',*,*,#1680,.T.);
#1680 = EDGE_CURVE('',#1681,#1650,#1683,.T.);
#1681 = VERTEX_POINT('',#1682);
#1682 = CARTESIAN_POINT('',(129.5,-6.,-3.));
#1683 = CIRCLE('',#1684,4.5);
#1684 = AXIS2_PLACEMENT_3D('',#1685,#1686,#1687);
#1685 = CARTESIAN_POINT('',(129.5,-1.5,-3.));
#1686 = DIRECTION('',(0.,-0.,1.));
#1687 = DIRECTION('',(-1.,0.,0.));
#1688 = ORIENTED_EDGE('',*,*,#1649,.T.);
#1689 = ORIENTED_EDGE('',*,*,#1690,.F.);
#1690 = EDGE_CURVE('',#1691,#1652,#1693,.T.);
#1691 = VERTEX_POINT('',#1692);
#1692 = CARTESIAN_POINT('',(129.5,-6.,0.));
#1693 = CIRCLE('',#1694,4.5);
#1694 = AXIS2_PLACEMENT_3D('',#1695,#1696,#1697);
#1695 = CARTESIAN_POINT('',(129.5,-1.5,0.));
#1696 = DIRECTION('',(0.,0.,1.));
#1697 = DIRECTION('',(1.,0.,-0.));
#1698 = ORIENTED_EDGE('',*,*,#1699,.F.);
#1699 = EDGE_CURVE('',#1681,#1691,#1700,.T.);
#1700 = LINE('',#1701,#1702);
#1701 = CARTESIAN_POINT('',(129.5,-6.,-23.12461179749));
#1702 = VECTOR('',#1703,1.);
#1703 = DIRECTION('',(-0.,-0.,1.));
#1704 = CYLINDRICAL_SURFACE('',#1705,4.5);
#1705 = AXIS2_PLACEMENT_3D('',#1706,#1707,#1708);
#1706 = CARTESIAN_POINT('',(129.5,-1.5,-23.12461179749));
#1707 = DIRECTION('',(-0.,-0.,1.));
#1708 = DIRECTION('',(1.,0.,0.));
#1709 = ADVANCED_FACE('',(#1710),#1726,.F.);
#1710 = FACE_BOUND('',#1711,.T.);
#1711 = EDGE_LOOP('',(#1712,#1713,#1719,#1720));
#1712 = ORIENTED_EDGE('',*,*,#1618,.T.);
#1713 = ORIENTED_EDGE('',*,*,#1714,.T.);
#1714 = EDGE_CURVE('',#1619,#1691,#1715,.T.);
#1715 = LINE('',#1716,#1717);
#1716 = CARTESIAN_POINT('',(120.5,-6.,0.));
#1717 = VECTOR('',#1718,1.);
#1718 = DIRECTION('',(1.,2.891205793295E-16,0.));
#1719 = ORIENTED_EDGE('',*,*,#1699,.F.);
#1720 = ORIENTED_EDGE('',*,*,#1721,.F.);
#1721 = EDGE_CURVE('',#1610,#1681,#1722,.T.);
#1722 = LINE('',#1723,#1724);
#1723 = CARTESIAN_POINT('',(120.5,-6.,-3.));
#1724 = VECTOR('',#1725,1.);
#1725 = DIRECTION('',(1.,2.891205793295E-16,0.));
#1726 = PLANE('',#1727);
#1727 = AXIS2_PLACEMENT_3D('',#1728,#1729,#1730);
#1728 = CARTESIAN_POINT('',(120.5,-6.,-23.12461179749));
#1729 = DIRECTION('',(2.891205793295E-16,-1.,0.));
#1730 = DIRECTION('',(1.,2.891205793295E-16,0.));
#1731 = ADVANCED_FACE('',(#1732),#1768,.F.);
#1732 = FACE_BOUND('',#1733,.F.);
#1733 = EDGE_LOOP('',(#1734,#1745,#1753,#1762));
#1734 = ORIENTED_EDGE('',*,*,#1735,.T.);
#1735 = EDGE_CURVE('',#1736,#1738,#1740,.T.);
#1736 = VERTEX_POINT('',#1737);
#1737 = CARTESIAN_POINT('',(95.5,3.,-3.));
#1738 = VERTEX_POINT('',#1739);
#1739 = CARTESIAN_POINT('',(95.5,-6.,-3.));
#1740 = CIRCLE('',#1741,4.5);
#1741 = AXIS2_PLACEMENT_3D('',#1742,#1743,#1744);
#1742 = CARTESIAN_POINT('',(95.5,-1.5,-3.));
#1743 = DIRECTION('',(0.,-0.,1.));
#1744 = DIRECTION('',(-1.,0.,0.));
#1745 = ORIENTED_EDGE('',*,*,#1746,.T.);
#1746 = EDGE_CURVE('',#1738,#1747,#1749,.T.);
#1747 = VERTEX_POINT('',#1748);
#1748 = CARTESIAN_POINT('',(95.5,-6.,0.));
#1749 = LINE('',#1750,#1751);
#1750 = CARTESIAN_POINT('',(95.5,-6.,-23.12461179749));
#1751 = VECTOR('',#1752,1.);
#1752 = DIRECTION('',(-0.,-0.,1.));
#1753 = ORIENTED_EDGE('',*,*,#1754,.F.);
#1754 = EDGE_CURVE('',#1755,#1747,#1757,.T.);
#1755 = VERTEX_POINT('',#1756);
#1756 = CARTESIAN_POINT('',(95.5,3.,0.));
#1757 = CIRCLE('',#1758,4.5);
#1758 = AXIS2_PLACEMENT_3D('',#1759,#1760,#1761);
#1759 = CARTESIAN_POINT('',(95.5,-1.5,0.));
#1760 = DIRECTION('',(0.,0.,1.));
#1761 = DIRECTION('',(1.,0.,-0.));
#1762 = ORIENTED_EDGE('',*,*,#1763,.F.);
#1763 = EDGE_CURVE('',#1736,#1755,#1764,.T.);
#1764 = LINE('',#1765,#1766);
#1765 = CARTESIAN_POINT('',(95.5,3.,-23.12461179749));
#1766 = VECTOR('',#1767,1.);
#1767 = DIRECTION('',(-0.,-0.,1.));
#1768 = CYLINDRICAL_SURFACE('',#1769,4.5);
#1769 = AXIS2_PLACEMENT_3D('',#1770,#1771,#1772);
#1770 = CARTESIAN_POINT('',(95.5,-1.5,-23.12461179749));
#1771 = DIRECTION('',(-0.,-0.,1.));
#1772 = DIRECTION('',(1.,0.,0.));
#1773 = ADVANCED_FACE('',(#1774),#1799,.F.);
#1774 = FACE_BOUND('',#1775,.T.);
#1775 = EDGE_LOOP('',(#1776,#1786,#1792,#1793));
#1776 = ORIENTED_EDGE('',*,*,#1777,.T.);
#1777 = EDGE_CURVE('',#1778,#1780,#1782,.T.);
#1778 = VERTEX_POINT('',#1779);
#1779 = CARTESIAN_POINT('',(104.5,3.,-3.));
#1780 = VERTEX_POINT('',#1781);
#1781 = CARTESIAN_POINT('',(104.5,3.,0.));
#1782 = LINE('',#1783,#1784);
#1783 = CARTESIAN_POINT('',(104.5,3.,-23.12461179749));
#1784 = VECTOR('',#1785,1.);
#1785 = DIRECTION('',(-0.,-0.,1.));
#1786 = ORIENTED_EDGE('',*,*,#1787,.T.);
#1787 = EDGE_CURVE('',#1780,#1755,#1788,.T.);
#1788 = LINE('',#1789,#1790);
#1789 = CARTESIAN_POINT('',(95.5,3.,0.));
#1790 = VECTOR('',#1791,1.);
#1791 = DIRECTION('',(-1.,-2.891205793295E-16,-0.));
#1792 = ORIENTED_EDGE('',*,*,#1763,.F.);
#1793 = ORIENTED_EDGE('',*,*,#1794,.F.);
#1794 = EDGE_CURVE('',#1778,#1736,#1795,.T.);
#1795 = LINE('',#1796,#1797);
#1796 = CARTESIAN_POINT('',(95.5,3.,-3.));
#1797 = VECTOR('',#1798,1.);
#1798 = DIRECTION('',(-1.,-2.891205793295E-16,0.));
#1799 = PLANE('',#1800);
#1800 = AXIS2_PLACEMENT_3D('',#1801,#1802,#1803);
#1801 = CARTESIAN_POINT('',(95.5,3.,-23.12461179749));
#1802 = DIRECTION('',(-2.891205793295E-16,1.,0.));
#1803 = DIRECTION('',(-1.,-2.891205793295E-16,0.));
#1804 = ADVANCED_FACE('',(#1805),#1832,.F.);
#1805 = FACE_BOUND('',#1806,.F.);
#1806 = EDGE_LOOP('',(#1807,#1816,#1817,#1826));
#1807 = ORIENTED_EDGE('',*,*,#1808,.T.);
#1808 = EDGE_CURVE('',#1809,#1778,#1811,.T.);
#1809 = VERTEX_POINT('',#1810);
#1810 = CARTESIAN_POINT('',(104.5,-6.,-3.));
#1811 = CIRCLE('',#1812,4.5);
#1812 = AXIS2_PLACEMENT_3D('',#1813,#1814,#1815);
#1813 = CARTESIAN_POINT('',(104.5,-1.5,-3.));
#1814 = DIRECTION('',(0.,-0.,1.));
#1815 = DIRECTION('',(-1.,0.,0.));
#1816 = ORIENTED_EDGE('',*,*,#1777,.T.);
#1817 = ORIENTED_EDGE('',*,*,#1818,.F.);
#1818 = EDGE_CURVE('',#1819,#1780,#1821,.T.);
#1819 = VERTEX_POINT('',#1820);
#1820 = CARTESIAN_POINT('',(104.5,-6.,0.));
#1821 = CIRCLE('',#1822,4.5);
#1822 = AXIS2_PLACEMENT_3D('',#1823,#1824,#1825);
#1823 = CARTESIAN_POINT('',(104.5,-1.5,0.));
#1824 = DIRECTION('',(0.,0.,1.));
#1825 = DIRECTION('',(1.,0.,-0.));
#1826 = ORIENTED_EDGE('',*,*,#1827,.F.);
#1827 = EDGE_CURVE('',#1809,#1819,#1828,.T.);
#1828 = LINE('',#1829,#1830);
#1829 = CARTESIAN_POINT('',(104.5,-6.,-23.12461179749));
#1830 = VECTOR('',#1831,1.);
#1831 = DIRECTION('',(-0.,-0.,1.));
#1832 = CYLINDRICAL_SURFACE('',#1833,4.5);
#1833 = AXIS2_PLACEMENT_3D('',#1834,#1835,#1836);
#1834 = CARTESIAN_POINT('',(104.5,-1.5,-23.12461179749));
#1835 = DIRECTION('',(-0.,-0.,1.));
#1836 = DIRECTION('',(1.,0.,0.));
#1837 = ADVANCED_FACE('',(#1838),#1854,.F.);
#1838 = FACE_BOUND('',#1839,.T.);
#1839 = EDGE_LOOP('',(#1840,#1841,#1847,#1848));
#1840 = ORIENTED_EDGE('',*,*,#1746,.T.);
#1841 = ORIENTED_EDGE('',*,*,#1842,.T.);
#1842 = EDGE_CURVE('',#1747,#1819,#1843,.T.);
#1843 = LINE('',#1844,#1845);
#1844 = CARTESIAN_POINT('',(95.5,-6.,0.));
#1845 = VECTOR('',#1846,1.);
#1846 = DIRECTION('',(1.,2.891205793295E-16,0.));
#1847 = ORIENTED_EDGE('',*,*,#1827,.F.);
#1848 = ORIENTED_EDGE('',*,*,#1849,.F.);
#1849 = EDGE_CURVE('',#1738,#1809,#1850,.T.);
#1850 = LINE('',#1851,#1852);
#1851 = CARTESIAN_POINT('',(95.5,-6.,-3.));
#1852 = VECTOR('',#1853,1.);
#1853 = DIRECTION('',(1.,2.891205793295E-16,0.));
#1854 = PLANE('',#1855);
#1855 = AXIS2_PLACEMENT_3D('',#1856,#1857,#1858);
#1856 = CARTESIAN_POINT('',(95.5,-6.,-23.12461179749));
#1857 = DIRECTION('',(2.891205793295E-16,-1.,0.));
#1858 = DIRECTION('',(1.,2.891205793295E-16,0.));
#1859 = ADVANCED_FACE('',(#1860),#1896,.F.);
#1860 = FACE_BOUND('',#1861,.F.);
#1861 = EDGE_LOOP('',(#1862,#1873,#1881,#1890));
#1862 = ORIENTED_EDGE('',*,*,#1863,.T.);
#1863 = EDGE_CURVE('',#1864,#1866,#1868,.T.);
#1864 = VERTEX_POINT('',#1865);
#1865 = CARTESIAN_POINT('',(70.5,3.,-3.));
#1866 = VERTEX_POINT('',#1867);
#1867 = CARTESIAN_POINT('',(70.5,-6.,-3.));
#1868 = CIRCLE('',#1869,4.5);
#1869 = AXIS2_PLACEMENT_3D('',#1870,#1871,#1872);
#1870 = CARTESIAN_POINT('',(70.5,-1.5,-3.));
#1871 = DIRECTION('',(0.,-0.,1.));
#1872 = DIRECTION('',(-1.,0.,0.));
#1873 = ORIENTED_EDGE('',*,*,#1874,.T.);
#1874 = EDGE_CURVE('',#1866,#1875,#1877,.T.);
#1875 = VERTEX_POINT('',#1876);
#1876 = CARTESIAN_POINT('',(70.5,-6.,0.));
#1877 = LINE('',#1878,#1879);
#1878 = CARTESIAN_POINT('',(70.5,-6.,-23.12461179749));
#1879 = VECTOR('',#1880,1.);
#1880 = DIRECTION('',(-0.,-0.,1.));
#1881 = ORIENTED_EDGE('',*,*,#1882,.F.);
#1882 = EDGE_CURVE('',#1883,#1875,#1885,.T.);
#1883 = VERTEX_POINT('',#1884);
#1884 = CARTESIAN_POINT('',(70.5,3.,0.));
#1885 = CIRCLE('',#1886,4.5);
#1886 = AXIS2_PLACEMENT_3D('',#1887,#1888,#1889);
#1887 = CARTESIAN_POINT('',(70.5,-1.5,0.));
#1888 = DIRECTION('',(0.,0.,1.));
#1889 = DIRECTION('',(1.,0.,-0.));
#1890 = ORIENTED_EDGE('',*,*,#1891,.F.);
#1891 = EDGE_CURVE('',#1864,#1883,#1892,.T.);
#1892 = LINE('',#1893,#1894);
#1893 = CARTESIAN_POINT('',(70.5,3.,-23.12461179749));
#1894 = VECTOR('',#1895,1.);
#1895 = DIRECTION('',(-0.,-0.,1.));
#1896 = CYLINDRICAL_SURFACE('',#1897,4.5);
#1897 = AXIS2_PLACEMENT_3D('',#1898,#1899,#1900);
#1898 = CARTESIAN_POINT('',(70.5,-1.5,-23.12461179749));
#1899 = DIRECTION('',(-0.,-0.,1.));
#1900 = DIRECTION('',(1.,0.,0.));
#1901 = ADVANCED_FACE('',(#1902),#1927,.F.);
#1902 = FACE_BOUND('',#1903,.T.);
#1903 = EDGE_LOOP('',(#1904,#1914,#1920,#1921));
#1904 = ORIENTED_EDGE('',*,*,#1905,.T.);
#1905 = EDGE_CURVE('',#1906,#1908,#1910,.T.);
#1906 = VERTEX_POINT('',#1907);
#1907 = CARTESIAN_POINT('',(79.5,3.,-3.));
#1908 = VERTEX_POINT('',#1909);
#1909 = CARTESIAN_POINT('',(79.5,3.,0.));
#1910 = LINE('',#1911,#1912);
#1911 = CARTESIAN_POINT('',(79.5,3.,-23.12461179749));
#1912 = VECTOR('',#1913,1.);
#1913 = DIRECTION('',(-0.,-0.,1.));
#1914 = ORIENTED_EDGE('',*,*,#1915,.T.);
#1915 = EDGE_CURVE('',#1908,#1883,#1916,.T.);
#1916 = LINE('',#1917,#1918);
#1917 = CARTESIAN_POINT('',(70.5,3.,0.));
#1918 = VECTOR('',#1919,1.);
#1919 = DIRECTION('',(-1.,-2.891205793295E-16,-0.));
#1920 = ORIENTED_EDGE('',*,*,#1891,.F.);
#1921 = ORIENTED_EDGE('',*,*,#1922,.F.);
#1922 = EDGE_CURVE('',#1906,#1864,#1923,.T.);
#1923 = LINE('',#1924,#1925);
#1924 = CARTESIAN_POINT('',(70.5,3.,-3.));
#1925 = VECTOR('',#1926,1.);
#1926 = DIRECTION('',(-1.,-2.891205793295E-16,0.));
#1927 = PLANE('',#1928);
#1928 = AXIS2_PLACEMENT_3D('',#1929,#1930,#1931);
#1929 = CARTESIAN_POINT('',(70.5,3.,-23.12461179749));
#1930 = DIRECTION('',(-2.891205793295E-16,1.,0.));
#1931 = DIRECTION('',(-1.,-2.891205793295E-16,0.));
#1932 = ADVANCED_FACE('',(#1933),#1960,.F.);
#1933 = FACE_BOUND('',#1934,.F.);
#1934 = EDGE_LOOP('',(#1935,#1944,#1945,#1954));
#1935 = ORIENTED_EDGE('',*,*,#1936,.T.);
#1936 = EDGE_CURVE('',#1937,#1906,#1939,.T.);
#1937 = VERTEX_POINT('',#1938);
#1938 = CARTESIAN_POINT('',(79.5,-6.,-3.));
#1939 = CIRCLE('',#1940,4.5);
#1940 = AXIS2_PLACEMENT_3D('',#1941,#1942,#1943);
#1941 = CARTESIAN_POINT('',(79.5,-1.5,-3.));
#1942 = DIRECTION('',(0.,-0.,1.));
#1943 = DIRECTION('',(-1.,0.,0.));
#1944 = ORIENTED_EDGE('',*,*,#1905,.T.);
#1945 = ORIENTED_EDGE('',*,*,#1946,.F.);
#1946 = EDGE_CURVE('',#1947,#1908,#1949,.T.);
#1947 = VERTEX_POINT('',#1948);
#1948 = CARTESIAN_POINT('',(79.5,-6.,0.));
#1949 = CIRCLE('',#1950,4.5);
#1950 = AXIS2_PLACEMENT_3D('',#1951,#1952,#1953);
#1951 = CARTESIAN_POINT('',(79.5,-1.5,0.));
#1952 = DIRECTION('',(0.,0.,1.));
#1953 = DIRECTION('',(1.,0.,-0.));
#1954 = ORIENTED_EDGE('',*,*,#1955,.F.);
#1955 = EDGE_CURVE('',#1937,#1947,#1956,.T.);
#1956 = LINE('',#1957,#1958);
#1957 = CARTESIAN_POINT('',(79.5,-6.,-23.12461179749));
#1958 = VECTOR('',#1959,1.);
#1959 = DIRECTION('',(-0.,-0.,1.));
#1960 = CYLINDRICAL_SURFACE('',#1961,4.5);
#1961 = AXIS2_PLACEMENT_3D('',#1962,#1963,#1964);
#1962 = CARTESIAN_POINT('',(79.5,-1.5,-23.12461179749));
#1963 = DIRECTION('',(-0.,-0.,1.));
#1964 = DIRECTION('',(1.,0.,0.));
#1965 = ADVANCED_FACE('',(#1966),#1982,.F.);
#1966 = FACE_BOUND('',#1967,.T.);
#1967 = EDGE_LOOP('',(#1968,#1969,#1975,#1976));
#1968 = ORIENTED_EDGE('',*,*,#1874,.T.);
#1969 = ORIENTED_EDGE('',*,*,#1970,.T.);
#1970 = EDGE_CURVE('',#1875,#1947,#1971,.T.);
#1971 = LINE('',#1972,#1973);
#1972 = CARTESIAN_POINT('',(70.5,-6.,0.));
#1973 = VECTOR('',#1974,1.);
#1974 = DIRECTION('',(1.,2.891205793295E-16,0.));
#1975 = ORIENTED_EDGE('',*,*,#1955,.F.);
#1976 = ORIENTED_EDGE('',*,*,#1977,.F.);
#1977 = EDGE_CURVE('',#1866,#1937,#1978,.T.);
#1978 = LINE('',#1979,#1980);
#1979 = CARTESIAN_POINT('',(70.5,-6.,-3.));
#1980 = VECTOR('',#1981,1.);
#1981 = DIRECTION('',(1.,2.891205793295E-16,0.));
#1982 = PLANE('',#1983);
#1983 = AXIS2_PLACEMENT_3D('',#1984,#1985,#1986);
#1984 = CARTESIAN_POINT('',(70.5,-6.,-23.12461179749));
#1985 = DIRECTION('',(2.891205793295E-16,-1.,0.));
#1986 = DIRECTION('',(1.,2.891205793295E-16,0.));
#1987 = ADVANCED_FACE('',(#1988),#2024,.F.);
#1988 = FACE_BOUND('',#1989,.F.);
#1989 = EDGE_LOOP('',(#1990,#2001,#2009,#2018));
#1990 = ORIENTED_EDGE('',*,*,#1991,.T.);
#1991 = EDGE_CURVE('',#1992,#1994,#1996,.T.);
#1992 = VERTEX_POINT('',#1993);
#1993 = CARTESIAN_POINT('',(45.5,3.,-3.));
#1994 = VERTEX_POINT('',#1995);
#1995 = CARTESIAN_POINT('',(45.5,-6.,-3.));
#1996 = CIRCLE('',#1997,4.5);
#1997 = AXIS2_PLACEMENT_3D('',#1998,#1999,#2000);
#1998 = CARTESIAN_POINT('',(45.5,-1.5,-3.));
#1999 = DIRECTION('',(0.,-0.,1.));
#2000 = DIRECTION('',(-1.,0.,0.));
#2001 = ORIENTED_EDGE('',*,*,#2002,.T.);
#2002 = EDGE_CURVE('',#1994,#2003,#2005,.T.);
#2003 = VERTEX_POINT('',#2004);
#2004 = CARTESIAN_POINT('',(45.5,-6.,0.));
#2005 = LINE('',#2006,#2007);
#2006 = CARTESIAN_POINT('',(45.5,-6.,-23.12461179749));
#2007 = VECTOR('',#2008,1.);
#2008 = DIRECTION('',(-0.,-0.,1.));
#2009 = ORIENTED_EDGE('',*,*,#2010,.F.);
#2010 = EDGE_CURVE('',#2011,#2003,#2013,.T.);
#2011 = VERTEX_POINT('',#2012);
#2012 = CARTESIAN_POINT('',(45.5,3.,0.));
#2013 = CIRCLE('',#2014,4.5);
#2014 = AXIS2_PLACEMENT_3D('',#2015,#2016,#2017);
#2015 = CARTESIAN_POINT('',(45.5,-1.5,0.));
#2016 = DIRECTION('',(0.,0.,1.));
#2017 = DIRECTION('',(1.,0.,-0.));
#2018 = ORIENTED_EDGE('',*,*,#2019,.F.);
#2019 = EDGE_CURVE('',#1992,#2011,#2020,.T.);
#2020 = LINE('',#2021,#2022);
#2021 = CARTESIAN_POINT('',(45.5,3.,-23.12461179749));
#2022 = VECTOR('',#2023,1.);
#2023 = DIRECTION('',(-0.,-0.,1.));
#2024 = CYLINDRICAL_SURFACE('',#2025,4.5);
#2025 = AXIS2_PLACEMENT_3D('',#2026,#2027,#2028);
#2026 = CARTESIAN_POINT('',(45.5,-1.5,-23.12461179749));
#2027 = DIRECTION('',(-0.,-0.,1.));
#2028 = DIRECTION('',(1.,0.,0.));
#2029 = ADVANCED_FACE('',(#2030),#2055,.F.);
#2030 = FACE_BOUND('',#2031,.T.);
#2031 = EDGE_LOOP('',(#2032,#2042,#2048,#2049));
#2032 = ORIENTED_EDGE('',*,*,#2033,.T.);
#2033 = EDGE_CURVE('',#2034,#2036,#2038,.T.);
#2034 = VERTEX_POINT('',#2035);
#2035 = CARTESIAN_POINT('',(54.5,3.,-3.));
#2036 = VERTEX_POINT('',#2037);
#2037 = CARTESIAN_POINT('',(54.5,3.,0.));
#2038 = LINE('',#2039,#2040);
#2039 = CARTESIAN_POINT('',(54.5,3.,-23.12461179749));
#2040 = VECTOR('',#2041,1.);
#2041 = DIRECTION('',(-0.,-0.,1.));
#2042 = ORIENTED_EDGE('',*,*,#2043,.T.);
#2043 = EDGE_CURVE('',#2036,#2011,#2044,.T.);
#2044 = LINE('',#2045,#2046);
#2045 = CARTESIAN_POINT('',(45.5,3.,0.));
#2046 = VECTOR('',#2047,1.);
#2047 = DIRECTION('',(-1.,-2.891205793295E-16,-0.));
#2048 = ORIENTED_EDGE('',*,*,#2019,.F.);
#2049 = ORIENTED_EDGE('',*,*,#2050,.F.);
#2050 = EDGE_CURVE('',#2034,#1992,#2051,.T.);
#2051 = LINE('',#2052,#2053);
#2052 = CARTESIAN_POINT('',(45.5,3.,-3.));
#2053 = VECTOR('',#2054,1.);
#2054 = DIRECTION('',(-1.,-2.891205793295E-16,0.));
#2055 = PLANE('',#2056);
#2056 = AXIS2_PLACEMENT_3D('',#2057,#2058,#2059);
#2057 = CARTESIAN_POINT('',(45.5,3.,-23.12461179749));
#2058 = DIRECTION('',(-2.891205793295E-16,1.,0.));
#2059 = DIRECTION('',(-1.,-2.891205793295E-16,0.));
#2060 = ADVANCED_FACE('',(#2061),#2088,.F.);
#2061 = FACE_BOUND('',#2062,.F.);
#2062 = EDGE_LOOP('',(#2063,#2072,#2073,#2082));
#2063 = ORIENTED_EDGE('',*,*,#2064,.T.);
#2064 = EDGE_CURVE('',#2065,#2034,#2067,.T.);
#2065 = VERTEX_POINT('',#2066);
#2066 = CARTESIAN_POINT('',(54.5,-6.,-3.));
#2067 = CIRCLE('',#2068,4.5);
#2068 = AXIS2_PLACEMENT_3D('',#2069,#2070,#2071);
#2069 = CARTESIAN_POINT('',(54.5,-1.5,-3.));
#2070 = DIRECTION('',(0.,-0.,1.));
#2071 = DIRECTION('',(-1.,0.,0.));
#2072 = ORIENTED_EDGE('',*,*,#2033,.T.);
#2073 = ORIENTED_EDGE('',*,*,#2074,.F.);
#2074 = EDGE_CURVE('',#2075,#2036,#2077,.T.);
#2075 = VERTEX_POINT('',#2076);
#2076 = CARTESIAN_POINT('',(54.5,-6.,0.));
#2077 = CIRCLE('',#2078,4.5);
#2078 = AXIS2_PLACEMENT_3D('',#2079,#2080,#2081);
#2079 = CARTESIAN_POINT('',(54.5,-1.5,0.));
#2080 = DIRECTION('',(0.,0.,1.));
#2081 = DIRECTION('',(1.,0.,-0.));
#2082 = ORIENTED_EDGE('',*,*,#2083,.F.);
#2083 = EDGE_CURVE('',#2065,#2075,#2084,.T.);
#2084 = LINE('',#2085,#2086);
#2085 = CARTESIAN_POINT('',(54.5,-6.,-23.12461179749));
#2086 = VECTOR('',#2087,1.);
#2087 = DIRECTION('',(-0.,-0.,1.));
#2088 = CYLINDRICAL_SURFACE('',#2089,4.5);
#2089 = AXIS2_PLACEMENT_3D('',#2090,#2091,#2092);
#2090 = CARTESIAN_POINT('',(54.5,-1.5,-23.12461179749));
#2091 = DIRECTION('',(-0.,-0.,1.));
#2092 = DIRECTION('',(1.,0.,0.));
#2093 = ADVANCED_FACE('',(#2094),#2110,.F.);
#2094 = FACE_BOUND('',#2095,.T.);
#2095 = EDGE_LOOP('',(#2096,#2097,#2103,#2104));
#2096 = ORIENTED_EDGE('',*,*,#2002,.T.);
#2097 = ORIENTED_EDGE('',*,*,#2098,.T.);
#2098 = EDGE_CURVE('',#2003,#2075,#2099,.T.);
#2099 = LINE('',#2100,#2101);
#2100 = CARTESIAN_POINT('',(45.5,-6.,0.));
#2101 = VECTOR('',#2102,1.);
#2102 = DIRECTION('',(1.,2.891205793295E-16,0.));
#2103 = ORIENTED_EDGE('',*,*,#2083,.F.);
#2104 = ORIENTED_EDGE('',*,*,#2105,.F.);
#2105 = EDGE_CURVE('',#1994,#2065,#2106,.T.);
#2106 = LINE('',#2107,#2108);
#2107 = CARTESIAN_POINT('',(45.5,-6.,-3.));
#2108 = VECTOR('',#2109,1.);
#2109 = DIRECTION('',(1.,2.891205793295E-16,0.));
#2110 = PLANE('',#2111);
#2111 = AXIS2_PLACEMENT_3D('',#2112,#2113,#2114);
#2112 = CARTESIAN_POINT('',(45.5,-6.,-23.12461179749));
#2113 = DIRECTION('',(2.891205793295E-16,-1.,0.));
#2114 = DIRECTION('',(1.,2.891205793295E-16,0.));
#2115 = ADVANCED_FACE('',(#2116),#2152,.F.);
#2116 = FACE_BOUND('',#2117,.F.);
#2117 = EDGE_LOOP('',(#2118,#2129,#2137,#2146));
#2118 = ORIENTED_EDGE('',*,*,#2119,.T.);
#2119 = EDGE_CURVE('',#2120,#2122,#2124,.T.);
#2120 = VERTEX_POINT('',#2121);
#2121 = CARTESIAN_POINT('',(20.5,3.,-3.));
#2122 = VERTEX_POINT('',#2123);
#2123 = CARTESIAN_POINT('',(20.5,-6.,-3.));
#2124 = CIRCLE('',#2125,4.5);
#2125 = AXIS2_PLACEMENT_3D('',#2126,#2127,#2128);
#2126 = CARTESIAN_POINT('',(20.5,-1.5,-3.));
#2127 = DIRECTION('',(0.,-0.,1.));
#2128 = DIRECTION('',(-1.,0.,0.));
#2129 = ORIENTED_EDGE('',*,*,#2130,.T.);
#2130 = EDGE_CURVE('',#2122,#2131,#2133,.T.);
#2131 = VERTEX_POINT('',#2132);
#2132 = CARTESIAN_POINT('',(20.5,-6.,0.));
#2133 = LINE('',#2134,#2135);
#2134 = CARTESIAN_POINT('',(20.5,-6.,-23.12461179749));
#2135 = VECTOR('',#2136,1.);
#2136 = DIRECTION('',(-0.,-0.,1.));
#2137 = ORIENTED_EDGE('',*,*,#2138,.F.);
#2138 = EDGE_CURVE('',#2139,#2131,#2141,.T.);
#2139 = VERTEX_POINT('',#2140);
#2140 = CARTESIAN_POINT('',(20.5,3.,0.));
#2141 = CIRCLE('',#2142,4.5);
#2142 = AXIS2_PLACEMENT_3D('',#2143,#2144,#2145);
#2143 = CARTESIAN_POINT('',(20.5,-1.5,0.));
#2144 = DIRECTION('',(0.,0.,1.));
#2145 = DIRECTION('',(1.,0.,-0.));
#2146 = ORIENTED_EDGE('',*,*,#2147,.F.);
#2147 = EDGE_CURVE('',#2120,#2139,#2148,.T.);
#2148 = LINE('',#2149,#2150);
#2149 = CARTESIAN_POINT('',(20.5,3.,-23.12461179749));
#2150 = VECTOR('',#2151,1.);
#2151 = DIRECTION('',(-0.,-0.,1.));
#2152 = CYLINDRICAL_SURFACE('',#2153,4.5);
#2153 = AXIS2_PLACEMENT_3D('',#2154,#2155,#2156);
#2154 = CARTESIAN_POINT('',(20.5,-1.5,-23.12461179749));
#2155 = DIRECTION('',(-0.,-0.,1.));
#2156 = DIRECTION('',(1.,0.,0.));
#2157 = ADVANCED_FACE('',(#2158),#2183,.F.);
#2158 = FACE_BOUND('',#2159,.T.);
#2159 = EDGE_LOOP('',(#2160,#2170,#2176,#2177));
#2160 = ORIENTED_EDGE('',*,*,#2161,.T.);
#2161 = EDGE_CURVE('',#2162,#2164,#2166,.T.);
#2162 = VERTEX_POINT('',#2163);
#2163 = CARTESIAN_POINT('',(29.5,3.,-3.));
#2164 = VERTEX_POINT('',#2165);
#2165 = CARTESIAN_POINT('',(29.5,3.,0.));
#2166 = LINE('',#2167,#2168);
#2167 = CARTESIAN_POINT('',(29.5,3.,-23.12461179749));
#2168 = VECTOR('',#2169,1.);
#2169 = DIRECTION('',(-0.,-0.,1.));
#2170 = ORIENTED_EDGE('',*,*,#2171,.T.);
#2171 = EDGE_CURVE('',#2164,#2139,#2172,.T.);
#2172 = LINE('',#2173,#2174);
#2173 = CARTESIAN_POINT('',(20.5,3.,0.));
#2174 = VECTOR('',#2175,1.);
#2175 = DIRECTION('',(-1.,-2.891205793295E-16,-0.));
#2176 = ORIENTED_EDGE('',*,*,#2147,.F.);
#2177 = ORIENTED_EDGE('',*,*,#2178,.F.);
#2178 = EDGE_CURVE('',#2162,#2120,#2179,.T.);
#2179 = LINE('',#2180,#2181);
#2180 = CARTESIAN_POINT('',(20.5,3.,-3.));
#2181 = VECTOR('',#2182,1.);
#2182 = DIRECTION('',(-1.,-2.891205793295E-16,0.));
#2183 = PLANE('',#2184);
#2184 = AXIS2_PLACEMENT_3D('',#2185,#2186,#2187);
#2185 = CARTESIAN_POINT('',(20.5,3.,-23.12461179749));
#2186 = DIRECTION('',(-2.891205793295E-16,1.,0.));
#2187 = DIRECTION('',(-1.,-2.891205793295E-16,0.));
#2188 = ADVANCED_FACE('',(#2189),#2216,.F.);
#2189 = FACE_BOUND('',#2190,.F.);
#2190 = EDGE_LOOP('',(#2191,#2200,#2201,#2210));
#2191 = ORIENTED_EDGE('',*,*,#2192,.T.);
#2192 = EDGE_CURVE('',#2193,#2162,#2195,.T.);
#2193 = VERTEX_POINT('',#2194);
#2194 = CARTESIAN_POINT('',(29.5,-6.,-3.));
#2195 = CIRCLE('',#2196,4.5);
#2196 = AXIS2_PLACEMENT_3D('',#2197,#2198,#2199);
#2197 = CARTESIAN_POINT('',(29.5,-1.5,-3.));
#2198 = DIRECTION('',(0.,-0.,1.));
#2199 = DIRECTION('',(-1.,0.,0.));
#2200 = ORIENTED_EDGE('',*,*,#2161,.T.);
#2201 = ORIENTED_EDGE('',*,*,#2202,.F.);
#2202 = EDGE_CURVE('',#2203,#2164,#2205,.T.);
#2203 = VERTEX_POINT('',#2204);
#2204 = CARTESIAN_POINT('',(29.5,-6.,0.));
#2205 = CIRCLE('',#2206,4.5);
#2206 = AXIS2_PLACEMENT_3D('',#2207,#2208,#2209);
#2207 = CARTESIAN_POINT('',(29.5,-1.5,0.));
#2208 = DIRECTION('',(0.,0.,1.));
#2209 = DIRECTION('',(1.,0.,-0.));
#2210 = ORIENTED_EDGE('',*,*,#2211,.F.);
#2211 = EDGE_CURVE('',#2193,#2203,#2212,.T.);
#2212 = LINE('',#2213,#2214);
#2213 = CARTESIAN_POINT('',(29.5,-6.,-23.12461179749));
#2214 = VECTOR('',#2215,1.);
#2215 = DIRECTION('',(-0.,-0.,1.));
#2216 = CYLINDRICAL_SURFACE('',#2217,4.5);
#2217 = AXIS2_PLACEMENT_3D('',#2218,#2219,#2220);
#2218 = CARTESIAN_POINT('',(29.5,-1.5,-23.12461179749));
#2219 = DIRECTION('',(-0.,-0.,1.));
#2220 = DIRECTION('',(1.,0.,0.));
#2221 = ADVANCED_FACE('',(#2222),#2238,.F.);
#2222 = FACE_BOUND('',#2223,.T.);
#2223 = EDGE_LOOP('',(#2224,#2225,#2231,#2232));
#2224 = ORIENTED_EDGE('',*,*,#2130,.T.);
#2225 = ORIENTED_EDGE('',*,*,#2226,.T.);
#2226 = EDGE_CURVE('',#2131,#2203,#2227,.T.);
#2227 = LINE('',#2228,#2229);
#2228 = CARTESIAN_POINT('',(20.5,-6.,0.));
#2229 = VECTOR('',#2230,1.);
#2230 = DIRECTION('',(1.,2.891205793295E-16,0.));
#2231 = ORIENTED_EDGE('',*,*,#2211,.F.);
#2232 = ORIENTED_EDGE('',*,*,#2233,.F.);
#2233 = EDGE_CURVE('',#2122,#2193,#2234,.T.);
#2234 = LINE('',#2235,#2236);
#2235 = CARTESIAN_POINT('',(20.5,-6.,-3.));
#2236 = VECTOR('',#2237,1.);
#2237 = DIRECTION('',(1.,2.891205793295E-16,0.));
#2238 = PLANE('',#2239);
#2239 = AXIS2_PLACEMENT_3D('',#2240,#2241,#2242);
#2240 = CARTESIAN_POINT('',(20.5,-6.,-23.12461179749));
#2241 = DIRECTION('',(2.891205793295E-16,-1.,0.));
#2242 = DIRECTION('',(1.,2.891205793295E-16,0.));
#2243 = ADVANCED_FACE('',(#2244),#2280,.F.);
#2244 = FACE_BOUND('',#2245,.F.);
#2245 = EDGE_LOOP('',(#2246,#2257,#2265,#2274));
#2246 = ORIENTED_EDGE('',*,*,#2247,.T.);
#2247 = EDGE_CURVE('',#2248,#2250,#2252,.T.);
#2248 = VERTEX_POINT('',#2249);
#2249 = CARTESIAN_POINT('',(-4.5,3.,-3.));
#2250 = VERTEX_POINT('',#2251);
#2251 = CARTESIAN_POINT('',(-4.5,-6.,-3.));
#2252 = CIRCLE('',#2253,4.5);
#2253 = AXIS2_PLACEMENT_3D('',#2254,#2255,#2256);
#2254 = CARTESIAN_POINT('',(-4.5,-1.5,-3.));
#2255 = DIRECTION('',(0.,-0.,1.));
#2256 = DIRECTION('',(-1.,0.,0.));
#2257 = ORIENTED_EDGE('',*,*,#2258,.T.);
#2258 = EDGE_CURVE('',#2250,#2259,#2261,.T.);
#2259 = VERTEX_POINT('',#2260);
#2260 = CARTESIAN_POINT('',(-4.5,-6.,0.));
#2261 = LINE('',#2262,#2263);
#2262 = CARTESIAN_POINT('',(-4.5,-6.,-23.12461179749));
#2263 = VECTOR('',#2264,1.);
#2264 = DIRECTION('',(-0.,-0.,1.));
#2265 = ORIENTED_EDGE('',*,*,#2266,.F.);
#2266 = EDGE_CURVE('',#2267,#2259,#2269,.T.);
#2267 = VERTEX_POINT('',#2268);
#2268 = CARTESIAN_POINT('',(-4.5,3.,0.));
#2269 = CIRCLE('',#2270,4.5);
#2270 = AXIS2_PLACEMENT_3D('',#2271,#2272,#2273);
#2271 = CARTESIAN_POINT('',(-4.5,-1.5,0.));
#2272 = DIRECTION('',(0.,0.,1.));
#2273 = DIRECTION('',(1.,0.,-0.));
#2274 = ORIENTED_EDGE('',*,*,#2275,.F.);
#2275 = EDGE_CURVE('',#2248,#2267,#2276,.T.);
#2276 = LINE('',#2277,#2278);
#2277 = CARTESIAN_POINT('',(-4.5,3.,-23.12461179749));
#2278 = VECTOR('',#2279,1.);
#2279 = DIRECTION('',(-0.,-0.,1.));
#2280 = CYLINDRICAL_SURFACE('',#2281,4.5);
#2281 = AXIS2_PLACEMENT_3D('',#2282,#2283,#2284);
#2282 = CARTESIAN_POINT('',(-4.5,-1.5,-23.12461179749));
#2283 = DIRECTION('',(-0.,-0.,1.));
#2284 = DIRECTION('',(1.,0.,0.));
#2285 = ADVANCED_FACE('',(#2286),#2311,.F.);
#2286 = FACE_BOUND('',#2287,.T.);
#2287 = EDGE_LOOP('',(#2288,#2298,#2304,#2305));
#2288 = ORIENTED_EDGE('',*,*,#2289,.T.);
#2289 = EDGE_CURVE('',#2290,#2292,#2294,.T.);
#2290 = VERTEX_POINT('',#2291);
#2291 = CARTESIAN_POINT('',(4.5,3.,-3.));
#2292 = VERTEX_POINT('',#2293);
#2293 = CARTESIAN_POINT('',(4.5,3.,0.));
#2294 = LINE('',#2295,#2296);
#2295 = CARTESIAN_POINT('',(4.5,3.,-23.12461179749));
#2296 = VECTOR('',#2297,1.);
#2297 = DIRECTION('',(-0.,-0.,1.));
#2298 = ORIENTED_EDGE('',*,*,#2299,.T.);
#2299 = EDGE_CURVE('',#2292,#2267,#2300,.T.);
#2300 = LINE('',#2301,#2302);
#2301 = CARTESIAN_POINT('',(-4.5,3.,0.));
#2302 = VECTOR('',#2303,1.);
#2303 = DIRECTION('',(-1.,-2.891205793295E-16,-0.));
#2304 = ORIENTED_EDGE('',*,*,#2275,.F.);
#2305 = ORIENTED_EDGE('',*,*,#2306,.F.);
#2306 = EDGE_CURVE('',#2290,#2248,#2307,.T.);
#2307 = LINE('',#2308,#2309);
#2308 = CARTESIAN_POINT('',(-4.5,3.,-3.));
#2309 = VECTOR('',#2310,1.);
#2310 = DIRECTION('',(-1.,-2.891205793295E-16,0.));
#2311 = PLANE('',#2312);
#2312 = AXIS2_PLACEMENT_3D('',#2313,#2314,#2315);
#2313 = CARTESIAN_POINT('',(-4.5,3.,-23.12461179749));
#2314 = DIRECTION('',(-2.891205793295E-16,1.,0.));
#2315 = DIRECTION('',(-1.,-2.891205793295E-16,0.));
#2316 = ADVANCED_FACE('',(#2317),#2344,.F.);
#2317 = FACE_BOUND('',#2318,.F.);
#2318 = EDGE_LOOP('',(#2319,#2328,#2329,#2338));
#2319 = ORIENTED_EDGE('',*,*,#2320,.T.);
#2320 = EDGE_CURVE('',#2321,#2290,#2323,.T.);
#2321 = VERTEX_POINT('',#2322);
#2322 = CARTESIAN_POINT('',(4.5,-6.,-3.));
#2323 = CIRCLE('',#2324,4.5);
#2324 = AXIS2_PLACEMENT_3D('',#2325,#2326,#2327);
#2325 = CARTESIAN_POINT('',(4.5,-1.5,-3.));
#2326 = DIRECTION('',(0.,-0.,1.));
#2327 = DIRECTION('',(-1.,0.,0.));
#2328 = ORIENTED_EDGE('',*,*,#2289,.T.);
#2329 = ORIENTED_EDGE('',*,*,#2330,.F.);
#2330 = EDGE_CURVE('',#2331,#2292,#2333,.T.);
#2331 = VERTEX_POINT('',#2332);
#2332 = CARTESIAN_POINT('',(4.5,-6.,0.));
#2333 = CIRCLE('',#2334,4.5);
#2334 = AXIS2_PLACEMENT_3D('',#2335,#2336,#2337);
#2335 = CARTESIAN_POINT('',(4.5,-1.5,0.));
#2336 = DIRECTION('',(0.,0.,1.));
#2337 = DIRECTION('',(1.,0.,-0.));
#2338 = ORIENTED_EDGE('',*,*,#2339,.F.);
#2339 = EDGE_CURVE('',#2321,#2331,#2340,.T.);
#2340 = LINE('',#2341,#2342);
#2341 = CARTESIAN_POINT('',(4.5,-6.,-23.12461179749));
#2342 = VECTOR('',#2343,1.);
#2343 = DIRECTION('',(-0.,-0.,1.));
#2344 = CYLINDRICAL_SURFACE('',#2345,4.5);
#2345 = AXIS2_PLACEMENT_3D('',#2346,#2347,#2348);
#2346 = CARTESIAN_POINT('',(4.5,-1.5,-23.12461179749));
#2347 = DIRECTION('',(-0.,-0.,1.));
#2348 = DIRECTION('',(1.,0.,0.));
#2349 = ADVANCED_FACE('',(#2350),#2366,.F.);
#2350 = FACE_BOUND('',#2351,.T.);
#2351 = EDGE_LOOP('',(#2352,#2353,#2359,#2360));
#2352 = ORIENTED_EDGE('',*,*,#2258,.T.);
#2353 = ORIENTED_EDGE('',*,*,#2354,.T.);
#2354 = EDGE_CURVE('',#2259,#2331,#2355,.T.);
#2355 = LINE('',#2356,#2357);
#2356 = CARTESIAN_POINT('',(-4.5,-6.,0.));
#2357 = VECTOR('',#2358,1.);
#2358 = DIRECTION('',(1.,2.891205793295E-16,0.));
#2359 = ORIENTED_EDGE('',*,*,#2339,.F.);
#2360 = ORIENTED_EDGE('',*,*,#2361,.F.);
#2361 = EDGE_CURVE('',#2250,#2321,#2362,.T.);
#2362 = LINE('',#2363,#2364);
#2363 = CARTESIAN_POINT('',(-4.5,-6.,-3.));
#2364 = VECTOR('',#2365,1.);
#2365 = DIRECTION('',(1.,2.891205793295E-16,0.));
#2366 = PLANE('',#2367);
#2367 = AXIS2_PLACEMENT_3D('',#2368,#2369,#2370);
#2368 = CARTESIAN_POINT('',(-4.5,-6.,-23.12461179749));
#2369 = DIRECTION('',(2.891205793295E-16,-1.,0.));
#2370 = DIRECTION('',(1.,2.891205793295E-16,0.));
#2371 = ADVANCED_FACE('',(#2372),#2408,.F.);
#2372 = FACE_BOUND('',#2373,.F.);
#2373 = EDGE_LOOP('',(#2374,#2385,#2393,#2402));
#2374 = ORIENTED_EDGE('',*,*,#2375,.T.);
#2375 = EDGE_CURVE('',#2376,#2378,#2380,.T.);
#2376 = VERTEX_POINT('',#2377);
#2377 = CARTESIAN_POINT('',(-29.5,3.,-3.));
#2378 = VERTEX_POINT('',#2379);
#2379 = CARTESIAN_POINT('',(-29.5,-6.,-3.));
#2380 = CIRCLE('',#2381,4.5);
#2381 = AXIS2_PLACEMENT_3D('',#2382,#2383,#2384);
#2382 = CARTESIAN_POINT('',(-29.5,-1.5,-3.));
#2383 = DIRECTION('',(0.,-0.,1.));
#2384 = DIRECTION('',(-1.,0.,0.));
#2385 = ORIENTED_EDGE('',*,*,#2386,.T.);
#2386 = EDGE_CURVE('',#2378,#2387,#2389,.T.);
#2387 = VERTEX_POINT('',#2388);
#2388 = CARTESIAN_POINT('',(-29.5,-6.,0.));
#2389 = LINE('',#2390,#2391);
#2390 = CARTESIAN_POINT('',(-29.5,-6.,-23.12461179749));
#2391 = VECTOR('',#2392,1.);
#2392 = DIRECTION('',(-0.,-0.,1.));
#2393 = ORIENTED_EDGE('',*,*,#2394,.F.);
#2394 = EDGE_CURVE('',#2395,#2387,#2397,.T.);
#2395 = VERTEX_POINT('',#2396);
#2396 = CARTESIAN_POINT('',(-29.5,3.,0.));
#2397 = CIRCLE('',#2398,4.5);
#2398 = AXIS2_PLACEMENT_3D('',#2399,#2400,#2401);
#2399 = CARTESIAN_POINT('',(-29.5,-1.5,0.));
#2400 = DIRECTION('',(0.,0.,1.));
#2401 = DIRECTION('',(1.,0.,-0.));
#2402 = ORIENTED_EDGE('',*,*,#2403,.F.);
#2403 = EDGE_CURVE('',#2376,#2395,#2404,.T.);
#2404 = LINE('',#2405,#2406);
#2405 = CARTESIAN_POINT('',(-29.5,3.,-23.12461179749));
#2406 = VECTOR('',#2407,1.);
#2407 = DIRECTION('',(-0.,-0.,1.));
#2408 = CYLINDRICAL_SURFACE('',#2409,4.5);
#2409 = AXIS2_PLACEMENT_3D('',#2410,#2411,#2412);
#2410 = CARTESIAN_POINT('',(-29.5,-1.5,-23.12461179749));
#2411 = DIRECTION('',(-0.,-0.,1.));
#2412 = DIRECTION('',(1.,0.,0.));
#2413 = ADVANCED_FACE('',(#2414),#2439,.F.);
#2414 = FACE_BOUND('',#2415,.T.);
#2415 = EDGE_LOOP('',(#2416,#2426,#2432,#2433));
#2416 = ORIENTED_EDGE('',*,*,#2417,.T.);
#2417 = EDGE_CURVE('',#2418,#2420,#2422,.T.);
#2418 = VERTEX_POINT('',#2419);
#2419 = CARTESIAN_POINT('',(-20.5,3.,-3.));
#2420 = VERTEX_POINT('',#2421);
#2421 = CARTESIAN_POINT('',(-20.5,3.,0.));
#2422 = LINE('',#2423,#2424);
#2423 = CARTESIAN_POINT('',(-20.5,3.,-23.12461179749));
#2424 = VECTOR('',#2425,1.);
#2425 = DIRECTION('',(-0.,-0.,1.));
#2426 = ORIENTED_EDGE('',*,*,#2427,.T.);
#2427 = EDGE_CURVE('',#2420,#2395,#2428,.T.);
#2428 = LINE('',#2429,#2430);
#2429 = CARTESIAN_POINT('',(-29.5,3.,0.));
#2430 = VECTOR('',#2431,1.);
#2431 = DIRECTION('',(-1.,-2.891205793295E-16,-0.));
#2432 = ORIENTED_EDGE('',*,*,#2403,.F.);
#2433 = ORIENTED_EDGE('',*,*,#2434,.F.);
#2434 = EDGE_CURVE('',#2418,#2376,#2435,.T.);
#2435 = LINE('',#2436,#2437);
#2436 = CARTESIAN_POINT('',(-29.5,3.,-3.));
#2437 = VECTOR('',#2438,1.);
#2438 = DIRECTION('',(-1.,-2.891205793295E-16,0.));
#2439 = PLANE('',#2440);
#2440 = AXIS2_PLACEMENT_3D('',#2441,#2442,#2443);
#2441 = CARTESIAN_POINT('',(-29.5,3.,-23.12461179749));
#2442 = DIRECTION('',(-2.891205793295E-16,1.,0.));
#2443 = DIRECTION('',(-1.,-2.891205793295E-16,0.));
#2444 = ADVANCED_FACE('',(#2445),#2472,.F.);
#2445 = FACE_BOUND('',#2446,.F.);
#2446 = EDGE_LOOP('',(#2447,#2456,#2457,#2466));
#2447 = ORIENTED_EDGE('',*,*,#2448,.T.);
#2448 = EDGE_CURVE('',#2449,#2418,#2451,.T.);
#2449 = VERTEX_POINT('',#2450);
#2450 = CARTESIAN_POINT('',(-20.5,-6.,-3.));
#2451 = CIRCLE('',#2452,4.5);
#2452 = AXIS2_PLACEMENT_3D('',#2453,#2454,#2455);
#2453 = CARTESIAN_POINT('',(-20.5,-1.5,-3.));
#2454 = DIRECTION('',(0.,-0.,1.));
#2455 = DIRECTION('',(-1.,0.,0.));
#2456 = ORIENTED_EDGE('',*,*,#2417,.T.);
#2457 = ORIENTED_EDGE('',*,*,#2458,.F.);
#2458 = EDGE_CURVE('',#2459,#2420,#2461,.T.);
#2459 = VERTEX_POINT('',#2460);
#2460 = CARTESIAN_POINT('',(-20.5,-6.,0.));
#2461 = CIRCLE('',#2462,4.5);
#2462 = AXIS2_PLACEMENT_3D('',#2463,#2464,#2465);
#2463 = CARTESIAN_POINT('',(-20.5,-1.5,0.));
#2464 = DIRECTION('',(0.,0.,1.));
#2465 = DIRECTION('',(1.,0.,-0.));
#2466 = ORIENTED_EDGE('',*,*,#2467,.F.);
#2467 = EDGE_CURVE('',#2449,#2459,#2468,.T.);
#2468 = LINE('',#2469,#2470);
#2469 = CARTESIAN_POINT('',(-20.5,-6.,-23.12461179749));
#2470 = VECTOR('',#2471,1.);
#2471 = DIRECTION('',(-0.,-0.,1.));
#2472 = CYLINDRICAL_SURFACE('',#2473,4.5);
#2473 = AXIS2_PLACEMENT_3D('',#2474,#2475,#2476);
#2474 = CARTESIAN_POINT('',(-20.5,-1.5,-23.12461179749));
#2475 = DIRECTION('',(-0.,-0.,1.));
#2476 = DIRECTION('',(1.,0.,0.));
#2477 = ADVANCED_FACE('',(#2478),#2494,.F.);
#2478 = FACE_BOUND('',#2479,.T.);
#2479 = EDGE_LOOP('',(#2480,#2481,#2487,#2488));
#2480 = ORIENTED_EDGE('',*,*,#2386,.T.);
#2481 = ORIENTED_EDGE('',*,*,#2482,.T.);
#2482 = EDGE_CURVE('',#2387,#2459,#2483,.T.);
#2483 = LINE('',#2484,#2485);
#2484 = CARTESIAN_POINT('',(-29.5,-6.,0.));
#2485 = VECTOR('',#2486,1.);
#2486 = DIRECTION('',(1.,2.891205793295E-16,0.));
#2487 = ORIENTED_EDGE('',*,*,#2467,.F.);
#2488 = ORIENTED_EDGE('',*,*,#2489,.F.);
#2489 = EDGE_CURVE('',#2378,#2449,#2490,.T.);
#2490 = LINE('',#2491,#2492);
#2491 = CARTESIAN_POINT('',(-29.5,-6.,-3.));
#2492 = VECTOR('',#2493,1.);
#2493 = DIRECTION('',(1.,2.891205793295E-16,0.));
#2494 = PLANE('',#2495);
#2495 = AXIS2_PLACEMENT_3D('',#2496,#2497,#2498);
#2496 = CARTESIAN_POINT('',(-29.5,-6.,-23.12461179749));
#2497 = DIRECTION('',(2.891205793295E-16,-1.,0.));
#2498 = DIRECTION('',(1.,2.891205793295E-16,0.));
#2499 = ADVANCED_FACE('',(#2500),#2536,.F.);
#2500 = FACE_BOUND('',#2501,.F.);
#2501 = EDGE_LOOP('',(#2502,#2513,#2521,#2530));
#2502 = ORIENTED_EDGE('',*,*,#2503,.T.);
#2503 = EDGE_CURVE('',#2504,#2506,#2508,.T.);
#2504 = VERTEX_POINT('',#2505);
#2505 = CARTESIAN_POINT('',(-54.5,3.,-3.));
#2506 = VERTEX_POINT('',#2507);
#2507 = CARTESIAN_POINT('',(-54.5,-6.,-3.));
#2508 = CIRCLE('',#2509,4.5);
#2509 = AXIS2_PLACEMENT_3D('',#2510,#2511,#2512);
#2510 = CARTESIAN_POINT('',(-54.5,-1.5,-3.));
#2511 = DIRECTION('',(0.,-0.,1.));
#2512 = DIRECTION('',(-1.,0.,0.));
#2513 = ORIENTED_EDGE('',*,*,#2514,.T.);
#2514 = EDGE_CURVE('',#2506,#2515,#2517,.T.);
#2515 = VERTEX_POINT('',#2516);
#2516 = CARTESIAN_POINT('',(-54.5,-6.,0.));
#2517 = LINE('',#2518,#2519);
#2518 = CARTESIAN_POINT('',(-54.5,-6.,-23.12461179749));
#2519 = VECTOR('',#2520,1.);
#2520 = DIRECTION('',(-0.,-0.,1.));
#2521 = ORIENTED_EDGE('',*,*,#2522,.F.);
#2522 = EDGE_CURVE('',#2523,#2515,#2525,.T.);
#2523 = VERTEX_POINT('',#2524);
#2524 = CARTESIAN_POINT('',(-54.5,3.,0.));
#2525 = CIRCLE('',#2526,4.5);
#2526 = AXIS2_PLACEMENT_3D('',#2527,#2528,#2529);
#2527 = CARTESIAN_POINT('',(-54.5,-1.5,0.));
#2528 = DIRECTION('',(0.,0.,1.));
#2529 = DIRECTION('',(1.,0.,-0.));
#2530 = ORIENTED_EDGE('',*,*,#2531,.F.);
#2531 = EDGE_CURVE('',#2504,#2523,#2532,.T.);
#2532 = LINE('',#2533,#2534);
#2533 = CARTESIAN_POINT('',(-54.5,3.,-23.12461179749));
#2534 = VECTOR('',#2535,1.);
#2535 = DIRECTION('',(-0.,-0.,1.));
#2536 = CYLINDRICAL_SURFACE('',#2537,4.5);
#2537 = AXIS2_PLACEMENT_3D('',#2538,#2539,#2540);
#2538 = CARTESIAN_POINT('',(-54.5,-1.5,-23.12461179749));
#2539 = DIRECTION('',(-0.,-0.,1.));
#2540 = DIRECTION('',(1.,0.,0.));
#2541 = ADVANCED_FACE('',(#2542),#2567,.F.);
#2542 = FACE_BOUND('',#2543,.T.);
#2543 = EDGE_LOOP('',(#2544,#2554,#2560,#2561));
#2544 = ORIENTED_EDGE('',*,*,#2545,.T.);
#2545 = EDGE_CURVE('',#2546,#2548,#2550,.T.);
#2546 = VERTEX_POINT('',#2547);
#2547 = CARTESIAN_POINT('',(-45.5,3.,-3.));
#2548 = VERTEX_POINT('',#2549);
#2549 = CARTESIAN_POINT('',(-45.5,3.,0.));
#2550 = LINE('',#2551,#2552);
#2551 = CARTESIAN_POINT('',(-45.5,3.,-23.12461179749));
#2552 = VECTOR('',#2553,1.);
#2553 = DIRECTION('',(-0.,-0.,1.));
#2554 = ORIENTED_EDGE('',*,*,#2555,.T.);
#2555 = EDGE_CURVE('',#2548,#2523,#2556,.T.);
#2556 = LINE('',#2557,#2558);
#2557 = CARTESIAN_POINT('',(-54.5,3.,0.));
#2558 = VECTOR('',#2559,1.);
#2559 = DIRECTION('',(-1.,-2.891205793295E-16,-0.));
#2560 = ORIENTED_EDGE('',*,*,#2531,.F.);
#2561 = ORIENTED_EDGE('',*,*,#2562,.F.);
#2562 = EDGE_CURVE('',#2546,#2504,#2563,.T.);
#2563 = LINE('',#2564,#2565);
#2564 = CARTESIAN_POINT('',(-54.5,3.,-3.));
#2565 = VECTOR('',#2566,1.);
#2566 = DIRECTION('',(-1.,-2.891205793295E-16,0.));
#2567 = PLANE('',#2568);
#2568 = AXIS2_PLACEMENT_3D('',#2569,#2570,#2571);
#2569 = CARTESIAN_POINT('',(-54.5,3.,-23.12461179749));
#2570 = DIRECTION('',(-2.891205793295E-16,1.,0.));
#2571 = DIRECTION('',(-1.,-2.891205793295E-16,0.));
#2572 = ADVANCED_FACE('',(#2573),#2600,.F.);
#2573 = FACE_BOUND('',#2574,.F.);
#2574 = EDGE_LOOP('',(#2575,#2584,#2585,#2594));
#2575 = ORIENTED_EDGE('',*,*,#2576,.T.);
#2576 = EDGE_CURVE('',#2577,#2546,#2579,.T.);
#2577 = VERTEX_POINT('',#2578);
#2578 = CARTESIAN_POINT('',(-45.5,-6.,-3.));
#2579 = CIRCLE('',#2580,4.5);
#2580 = AXIS2_PLACEMENT_3D('',#2581,#2582,#2583);
#2581 = CARTESIAN_POINT('',(-45.5,-1.5,-3.));
#2582 = DIRECTION('',(0.,-0.,1.));
#2583 = DIRECTION('',(-1.,0.,0.));
#2584 = ORIENTED_EDGE('',*,*,#2545,.T.);
#2585 = ORIENTED_EDGE('',*,*,#2586,.F.);
#2586 = EDGE_CURVE('',#2587,#2548,#2589,.T.);
#2587 = VERTEX_POINT('',#2588);
#2588 = CARTESIAN_POINT('',(-45.5,-6.,0.));
#2589 = CIRCLE('',#2590,4.5);
#2590 = AXIS2_PLACEMENT_3D('',#2591,#2592,#2593);
#2591 = CARTESIAN_POINT('',(-45.5,-1.5,0.));
#2592 = DIRECTION('',(0.,0.,1.));
#2593 = DIRECTION('',(1.,0.,-0.));
#2594 = ORIENTED_EDGE('',*,*,#2595,.F.);
#2595 = EDGE_CURVE('',#2577,#2587,#2596,.T.);
#2596 = LINE('',#2597,#2598);
#2597 = CARTESIAN_POINT('',(-45.5,-6.,-23.12461179749));
#2598 = VECTOR('',#2599,1.);
#2599 = DIRECTION('',(-0.,-0.,1.));
#2600 = CYLINDRICAL_SURFACE('',#2601,4.5);
#2601 = AXIS2_PLACEMENT_3D('',#2602,#2603,#2604);
#2602 = CARTESIAN_POINT('',(-45.5,-1.5,-23.12461179749));
#2603 = DIRECTION('',(-0.,-0.,1.));
#2604 = DIRECTION('',(1.,0.,0.));
#2605 = ADVANCED_FACE('',(#2606),#2622,.F.);
#2606 = FACE_BOUND('',#2607,.T.);
#2607 = EDGE_LOOP('',(#2608,#2609,#2615,#2616));
#2608 = ORIENTED_EDGE('',*,*,#2514,.T.);
#2609 = ORIENTED_EDGE('',*,*,#2610,.T.);
#2610 = EDGE_CURVE('',#2515,#2587,#2611,.T.);
#2611 = LINE('',#2612,#2613);
#2612 = CARTESIAN_POINT('',(-54.5,-6.,0.));
#2613 = VECTOR('',#2614,1.);
#2614 = DIRECTION('',(1.,2.891205793295E-16,0.));
#2615 = ORIENTED_EDGE('',*,*,#2595,.F.);
#2616 = ORIENTED_EDGE('',*,*,#2617,.F.);
#2617 = EDGE_CURVE('',#2506,#2577,#2618,.T.);
#2618 = LINE('',#2619,#2620);
#2619 = CARTESIAN_POINT('',(-54.5,-6.,-3.));
#2620 = VECTOR('',#2621,1.);
#2621 = DIRECTION('',(1.,2.891205793295E-16,0.));
#2622 = PLANE('',#2623);
#2623 = AXIS2_PLACEMENT_3D('',#2624,#2625,#2626);
#2624 = CARTESIAN_POINT('',(-54.5,-6.,-23.12461179749));
#2625 = DIRECTION('',(2.891205793295E-16,-1.,0.));
#2626 = DIRECTION('',(1.,2.891205793295E-16,0.));
#2627 = ADVANCED_FACE('',(#2628),#2664,.F.);
#2628 = FACE_BOUND('',#2629,.F.);
#2629 = EDGE_LOOP('',(#2630,#2641,#2649,#2658));
#2630 = ORIENTED_EDGE('',*,*,#2631,.T.);
#2631 = EDGE_CURVE('',#2632,#2634,#2636,.T.);
#2632 = VERTEX_POINT('',#2633);
#2633 = CARTESIAN_POINT('',(-79.5,3.,-3.));
#2634 = VERTEX_POINT('',#2635);
#2635 = CARTESIAN_POINT('',(-79.5,-6.,-3.));
#2636 = CIRCLE('',#2637,4.5);
#2637 = AXIS2_PLACEMENT_3D('',#2638,#2639,#2640);
#2638 = CARTESIAN_POINT('',(-79.5,-1.5,-3.));
#2639 = DIRECTION('',(0.,-0.,1.));
#2640 = DIRECTION('',(-1.,0.,0.));
#2641 = ORIENTED_EDGE('',*,*,#2642,.T.);
#2642 = EDGE_CURVE('',#2634,#2643,#2645,.T.);
#2643 = VERTEX_POINT('',#2644);
#2644 = CARTESIAN_POINT('',(-79.5,-6.,0.));
#2645 = LINE('',#2646,#2647);
#2646 = CARTESIAN_POINT('',(-79.5,-6.,-23.12461179749));
#2647 = VECTOR('',#2648,1.);
#2648 = DIRECTION('',(-0.,-0.,1.));
#2649 = ORIENTED_EDGE('',*,*,#2650,.F.);
#2650 = EDGE_CURVE('',#2651,#2643,#2653,.T.);
#2651 = VERTEX_POINT('',#2652);
#2652 = CARTESIAN_POINT('',(-79.5,3.,0.));
#2653 = CIRCLE('',#2654,4.5);
#2654 = AXIS2_PLACEMENT_3D('',#2655,#2656,#2657);
#2655 = CARTESIAN_POINT('',(-79.5,-1.5,0.));
#2656 = DIRECTION('',(0.,0.,1.));
#2657 = DIRECTION('',(1.,0.,-0.));
#2658 = ORIENTED_EDGE('',*,*,#2659,.F.);
#2659 = EDGE_CURVE('',#2632,#2651,#2660,.T.);
#2660 = LINE('',#2661,#2662);
#2661 = CARTESIAN_POINT('',(-79.5,3.,-23.12461179749));
#2662 = VECTOR('',#2663,1.);
#2663 = DIRECTION('',(-0.,-0.,1.));
#2664 = CYLINDRICAL_SURFACE('',#2665,4.5);
#2665 = AXIS2_PLACEMENT_3D('',#2666,#2667,#2668);
#2666 = CARTESIAN_POINT('',(-79.5,-1.5,-23.12461179749));
#2667 = DIRECTION('',(-0.,-0.,1.));
#2668 = DIRECTION('',(1.,0.,0.));
#2669 = ADVANCED_FACE('',(#2670),#2695,.F.);
#2670 = FACE_BOUND('',#2671,.T.);
#2671 = EDGE_LOOP('',(#2672,#2682,#2688,#2689));
#2672 = ORIENTED_EDGE('',*,*,#2673,.T.);
#2673 = EDGE_CURVE('',#2674,#2676,#2678,.T.);
#2674 = VERTEX_POINT('',#2675);
#2675 = CARTESIAN_POINT('',(-70.5,3.,-3.));
#2676 = VERTEX_POINT('',#2677);
#2677 = CARTESIAN_POINT('',(-70.5,3.,0.));
#2678 = LINE('',#2679,#2680);
#2679 = CARTESIAN_POINT('',(-70.5,3.,-23.12461179749));
#2680 = VECTOR('',#2681,1.);
#2681 = DIRECTION('',(-0.,-0.,1.));
#2682 = ORIENTED_EDGE('',*,*,#2683,.T.);
#2683 = EDGE_CURVE('',#2676,#2651,#2684,.T.);
#2684 = LINE('',#2685,#2686);
#2685 = CARTESIAN_POINT('',(-79.5,3.,0.));
#2686 = VECTOR('',#2687,1.);
#2687 = DIRECTION('',(-1.,-2.891205793295E-16,-0.));
#2688 = ORIENTED_EDGE('',*,*,#2659,.F.);
#2689 = ORIENTED_EDGE('',*,*,#2690,.F.);
#2690 = EDGE_CURVE('',#2674,#2632,#2691,.T.);
#2691 = LINE('',#2692,#2693);
#2692 = CARTESIAN_POINT('',(-79.5,3.,-3.));
#2693 = VECTOR('',#2694,1.);
#2694 = DIRECTION('',(-1.,-2.891205793295E-16,0.));
#2695 = PLANE('',#2696);
#2696 = AXIS2_PLACEMENT_3D('',#2697,#2698,#2699);
#2697 = CARTESIAN_POINT('',(-79.5,3.,-23.12461179749));
#2698 = DIRECTION('',(-2.891205793295E-16,1.,0.));
#2699 = DIRECTION('',(-1.,-2.891205793295E-16,0.));
#2700 = ADVANCED_FACE('',(#2701),#2728,.F.);
#2701 = FACE_BOUND('',#2702,.F.);
#2702 = EDGE_LOOP('',(#2703,#2712,#2713,#2722));
#2703 = ORIENTED_EDGE('',*,*,#2704,.T.);
#2704 = EDGE_CURVE('',#2705,#2674,#2707,.T.);
#2705 = VERTEX_POINT('',#2706);
#2706 = CARTESIAN_POINT('',(-70.5,-6.,-3.));
#2707 = CIRCLE('',#2708,4.5);
#2708 = AXIS2_PLACEMENT_3D('',#2709,#2710,#2711);
#2709 = CARTESIAN_POINT('',(-70.5,-1.5,-3.));
#2710 = DIRECTION('',(0.,-0.,1.));
#2711 = DIRECTION('',(-1.,0.,0.));
#2712 = ORIENTED_EDGE('',*,*,#2673,.T.);
#2713 = ORIENTED_EDGE('',*,*,#2714,.F.);
#2714 = EDGE_CURVE('',#2715,#2676,#2717,.T.);
#2715 = VERTEX_POINT('',#2716);
#2716 = CARTESIAN_POINT('',(-70.5,-6.,0.));
#2717 = CIRCLE('',#2718,4.5);
#2718 = AXIS2_PLACEMENT_3D('',#2719,#2720,#2721);
#2719 = CARTESIAN_POINT('',(-70.5,-1.5,0.));
#2720 = DIRECTION('',(0.,0.,1.));
#2721 = DIRECTION('',(1.,0.,-0.));
#2722 = ORIENTED_EDGE('',*,*,#2723,.F.);
#2723 = EDGE_CURVE('',#2705,#2715,#2724,.T.);
#2724 = LINE('',#2725,#2726);
#2725 = CARTESIAN_POINT('',(-70.5,-6.,-23.12461179749));
#2726 = VECTOR('',#2727,1.);
#2727 = DIRECTION('',(-0.,-0.,1.));
#2728 = CYLINDRICAL_SURFACE('',#2729,4.5);
#2729 = AXIS2_PLACEMENT_3D('',#2730,#2731,#2732);
#2730 = CARTESIAN_POINT('',(-70.5,-1.5,-23.12461179749));
#2731 = DIRECTION('',(-0.,-0.,1.));
#2732 = DIRECTION('',(1.,0.,0.));
#2733 = ADVANCED_FACE('',(#2734),#2750,.F.);
#2734 = FACE_BOUND('',#2735,.T.);
#2735 = EDGE_LOOP('',(#2736,#2737,#2743,#2744));
#2736 = ORIENTED_EDGE('',*,*,#2642,.T.);
#2737 = ORIENTED_EDGE('',*,*,#2738,.T.);
#2738 = EDGE_CURVE('',#2643,#2715,#2739,.T.);
#2739 = LINE('',#2740,#2741);
#2740 = CARTESIAN_POINT('',(-79.5,-6.,0.));
#2741 = VECTOR('',#2742,1.);
#2742 = DIRECTION('',(1.,2.891205793295E-16,0.));
#2743 = ORIENTED_EDGE('',*,*,#2723,.F.);
#2744 = ORIENTED_EDGE('',*,*,#2745,.F.);
#2745 = EDGE_CURVE('',#2634,#2705,#2746,.T.);
#2746 = LINE('',#2747,#2748);
#2747 = CARTESIAN_POINT('',(-79.5,-6.,-3.));
#2748 = VECTOR('',#2749,1.);
#2749 = DIRECTION('',(1.,2.891205793295E-16,0.));
#2750 = PLANE('',#2751);
#2751 = AXIS2_PLACEMENT_3D('',#2752,#2753,#2754);
#2752 = CARTESIAN_POINT('',(-79.5,-6.,-23.12461179749));
#2753 = DIRECTION('',(2.891205793295E-16,-1.,0.));
#2754 = DIRECTION('',(1.,2.891205793295E-16,0.));
#2755 = ADVANCED_FACE('',(#2756),#2792,.F.);
#2756 = FACE_BOUND('',#2757,.F.);
#2757 = EDGE_LOOP('',(#2758,#2769,#2777,#2786));
#2758 = ORIENTED_EDGE('',*,*,#2759,.T.);
#2759 = EDGE_CURVE('',#2760,#2762,#2764,.T.);
#2760 = VERTEX_POINT('',#2761);
#2761 = CARTESIAN_POINT('',(-104.5,3.,-3.));
#2762 = VERTEX_POINT('',#2763);
#2763 = CARTESIAN_POINT('',(-104.5,-6.,-3.));
#2764 = CIRCLE('',#2765,4.5);
#2765 = AXIS2_PLACEMENT_3D('',#2766,#2767,#2768);
#2766 = CARTESIAN_POINT('',(-104.5,-1.5,-3.));
#2767 = DIRECTION('',(0.,-0.,1.));
#2768 = DIRECTION('',(-1.,0.,0.));
#2769 = ORIENTED_EDGE('',*,*,#2770,.T.);
#2770 = EDGE_CURVE('',#2762,#2771,#2773,.T.);
#2771 = VERTEX_POINT('',#2772);
#2772 = CARTESIAN_POINT('',(-104.5,-6.,0.));
#2773 = LINE('',#2774,#2775);
#2774 = CARTESIAN_POINT('',(-104.5,-6.,-23.12461179749));
#2775 = VECTOR('',#2776,1.);
#2776 = DIRECTION('',(-0.,-0.,1.));
#2777 = ORIENTED_EDGE('',*,*,#2778,.F.);
#2778 = EDGE_CURVE('',#2779,#2771,#2781,.T.);
#2779 = VERTEX_POINT('',#2780);
#2780 = CARTESIAN_POINT('',(-104.5,3.,0.));
#2781 = CIRCLE('',#2782,4.5);
#2782 = AXIS2_PLACEMENT_3D('',#2783,#2784,#2785);
#2783 = CARTESIAN_POINT('',(-104.5,-1.5,0.));
#2784 = DIRECTION('',(0.,0.,1.));
#2785 = DIRECTION('',(1.,0.,-0.));
#2786 = ORIENTED_EDGE('',*,*,#2787,.F.);
#2787 = EDGE_CURVE('',#2760,#2779,#2788,.T.);
#2788 = LINE('',#2789,#2790);
#2789 = CARTESIAN_POINT('',(-104.5,3.,-23.12461179749));
#2790 = VECTOR('',#2791,1.);
#2791 = DIRECTION('',(-0.,-0.,1.));
#2792 = CYLINDRICAL_SURFACE('',#2793,4.5);
#2793 = AXIS2_PLACEMENT_3D('',#2794,#2795,#2796);
#2794 = CARTESIAN_POINT('',(-104.5,-1.5,-23.12461179749));
#2795 = DIRECTION('',(-0.,-0.,1.));
#2796 = DIRECTION('',(1.,0.,0.));
#2797 = ADVANCED_FACE('',(#2798),#2823,.F.);
#2798 = FACE_BOUND('',#2799,.T.);
#2799 = EDGE_LOOP('',(#2800,#2810,#2816,#2817));
#2800 = ORIENTED_EDGE('',*,*,#2801,.T.);
#2801 = EDGE_CURVE('',#2802,#2804,#2806,.T.);
#2802 = VERTEX_POINT('',#2803);
#2803 = CARTESIAN_POINT('',(-95.5,3.,-3.));
#2804 = VERTEX_POINT('',#2805);
#2805 = CARTESIAN_POINT('',(-95.5,3.,0.));
#2806 = LINE('',#2807,#2808);
#2807 = CARTESIAN_POINT('',(-95.5,3.,-23.12461179749));
#2808 = VECTOR('',#2809,1.);
#2809 = DIRECTION('',(-0.,-0.,1.));
#2810 = ORIENTED_EDGE('',*,*,#2811,.T.);
#2811 = EDGE_CURVE('',#2804,#2779,#2812,.T.);
#2812 = LINE('',#2813,#2814);
#2813 = CARTESIAN_POINT('',(-104.5,3.,0.));
#2814 = VECTOR('',#2815,1.);
#2815 = DIRECTION('',(-1.,-2.891205793295E-16,-0.));
#2816 = ORIENTED_EDGE('',*,*,#2787,.F.);
#2817 = ORIENTED_EDGE('',*,*,#2818,.F.);
#2818 = EDGE_CURVE('',#2802,#2760,#2819,.T.);
#2819 = LINE('',#2820,#2821);
#2820 = CARTESIAN_POINT('',(-104.5,3.,-3.));
#2821 = VECTOR('',#2822,1.);
#2822 = DIRECTION('',(-1.,-2.891205793295E-16,0.));
#2823 = PLANE('',#2824);
#2824 = AXIS2_PLACEMENT_3D('',#2825,#2826,#2827);
#2825 = CARTESIAN_POINT('',(-104.5,3.,-23.12461179749));
#2826 = DIRECTION('',(-2.891205793295E-16,1.,0.));
#2827 = DIRECTION('',(-1.,-2.891205793295E-16,0.));
#2828 = ADVANCED_FACE('',(#2829),#2856,.F.);
#2829 = FACE_BOUND('',#2830,.F.);
#2830 = EDGE_LOOP('',(#2831,#2840,#2841,#2850));
#2831 = ORIENTED_EDGE('',*,*,#2832,.T.);
#2832 = EDGE_CURVE('',#2833,#2802,#2835,.T.);
#2833 = VERTEX_POINT('',#2834);
#2834 = CARTESIAN_POINT('',(-95.5,-6.,-3.));
#2835 = CIRCLE('',#2836,4.5);
#2836 = AXIS2_PLACEMENT_3D('',#2837,#2838,#2839);
#2837 = CARTESIAN_POINT('',(-95.5,-1.5,-3.));
#2838 = DIRECTION('',(0.,-0.,1.));
#2839 = DIRECTION('',(-1.,0.,0.));
#2840 = ORIENTED_EDGE('',*,*,#2801,.T.);
#2841 = ORIENTED_EDGE('',*,*,#2842,.F.);
#2842 = EDGE_CURVE('',#2843,#2804,#2845,.T.);
#2843 = VERTEX_POINT('',#2844);
#2844 = CARTESIAN_POINT('',(-95.5,-6.,0.));
#2845 = CIRCLE('',#2846,4.5);
#2846 = AXIS2_PLACEMENT_3D('',#2847,#2848,#2849);
#2847 = CARTESIAN_POINT('',(-95.5,-1.5,0.));
#2848 = DIRECTION('',(0.,0.,1.));
#2849 = DIRECTION('',(1.,0.,-0.));
#2850 = ORIENTED_EDGE('',*,*,#2851,.F.);
#2851 = EDGE_CURVE('',#2833,#2843,#2852,.T.);
#2852 = LINE('',#2853,#2854);
#2853 = CARTESIAN_POINT('',(-95.5,-6.,-23.12461179749));
#2854 = VECTOR('',#2855,1.);
#2855 = DIRECTION('',(-0.,-0.,1.));
#2856 = CYLINDRICAL_SURFACE('',#2857,4.5);
#2857 = AXIS2_PLACEMENT_3D('',#2858,#2859,#2860);
#2858 = CARTESIAN_POINT('',(-95.5,-1.5,-23.12461179749));
#2859 = DIRECTION('',(-0.,-0.,1.));
#2860 = DIRECTION('',(1.,0.,0.));
#2861 = ADVANCED_FACE('',(#2862),#2878,.F.);
#2862 = FACE_BOUND('',#2863,.T.);
#2863 = EDGE_LOOP('',(#2864,#2865,#2871,#2872));
#2864 = ORIENTED_EDGE('',*,*,#2770,.T.);
#2865 = ORIENTED_EDGE('',*,*,#2866,.T.);
#2866 = EDGE_CURVE('',#2771,#2843,#2867,.T.);
#2867 = LINE('',#2868,#2869);
#2868 = CARTESIAN_POINT('',(-104.5,-6.,0.));
#2869 = VECTOR('',#2870,1.);
#2870 = DIRECTION('',(1.,2.891205793295E-16,0.));
#2871 = ORIENTED_EDGE('',*,*,#2851,.F.);
#2872 = ORIENTED_EDGE('',*,*,#2873,.F.);
#2873 = EDGE_CURVE('',#2762,#2833,#2874,.T.);
#2874 = LINE('',#2875,#2876);
#2875 = CARTESIAN_POINT('',(-104.5,-6.,-3.));
#2876 = VECTOR('',#2877,1.);
#2877 = DIRECTION('',(1.,2.891205793295E-16,0.));
#2878 = PLANE('',#2879);
#2879 = AXIS2_PLACEMENT_3D('',#2880,#2881,#2882);
#2880 = CARTESIAN_POINT('',(-104.5,-6.,-23.12461179749));
#2881 = DIRECTION('',(2.891205793295E-16,-1.,0.));
#2882 = DIRECTION('',(1.,2.891205793295E-16,0.));
#2883 = ADVANCED_FACE('',(#2884),#2920,.F.);
#2884 = FACE_BOUND('',#2885,.F.);
#2885 = EDGE_LOOP('',(#2886,#2897,#2905,#2914));
#2886 = ORIENTED_EDGE('',*,*,#2887,.T.);
#2887 = EDGE_CURVE('',#2888,#2890,#2892,.T.);
#2888 = VERTEX_POINT('',#2889);
#2889 = CARTESIAN_POINT('',(-129.5,3.,-3.));
#2890 = VERTEX_POINT('',#2891);
#2891 = CARTESIAN_POINT('',(-129.5,-6.,-3.));
#2892 = CIRCLE('',#2893,4.5);
#2893 = AXIS2_PLACEMENT_3D('',#2894,#2895,#2896);
#2894 = CARTESIAN_POINT('',(-129.5,-1.5,-3.));
#2895 = DIRECTION('',(0.,-0.,1.));
#2896 = DIRECTION('',(-1.,0.,0.));
#2897 = ORIENTED_EDGE('',*,*,#2898,.T.);
#2898 = EDGE_CURVE('',#2890,#2899,#2901,.T.);
#2899 = VERTEX_POINT('',#2900);
#2900 = CARTESIAN_POINT('',(-129.5,-6.,0.));
#2901 = LINE('',#2902,#2903);
#2902 = CARTESIAN_POINT('',(-129.5,-6.,-23.12461179749));
#2903 = VECTOR('',#2904,1.);
#2904 = DIRECTION('',(-0.,-0.,1.));
#2905 = ORIENTED_EDGE('',*,*,#2906,.F.);
#2906 = EDGE_CURVE('',#2907,#2899,#2909,.T.);
#2907 = VERTEX_POINT('',#2908);
#2908 = CARTESIAN_POINT('',(-129.5,3.,0.));
#2909 = CIRCLE('',#2910,4.5);
#2910 = AXIS2_PLACEMENT_3D('',#2911,#2912,#2913);
#2911 = CARTESIAN_POINT('',(-129.5,-1.5,0.));
#2912 = DIRECTION('',(0.,0.,1.));
#2913 = DIRECTION('',(1.,0.,-0.));
#2914 = ORIENTED_EDGE('',*,*,#2915,.F.);
#2915 = EDGE_CURVE('',#2888,#2907,#2916,.T.);
#2916 = LINE('',#2917,#2918);
#2917 = CARTESIAN_POINT('',(-129.5,3.,-23.12461179749));
#2918 = VECTOR('',#2919,1.);
#2919 = DIRECTION('',(-0.,-0.,1.));
#2920 = CYLINDRICAL_SURFACE('',#2921,4.5);
#2921 = AXIS2_PLACEMENT_3D('',#2922,#2923,#2924);
#2922 = CARTESIAN_POINT('',(-129.5,-1.5,-23.12461179749));
#2923 = DIRECTION('',(-0.,-0.,1.));
#2924 = DIRECTION('',(1.,0.,0.));
#2925 = ADVANCED_FACE('',(#2926),#2951,.F.);
#2926 = FACE_BOUND('',#2927,.T.);
#2927 = EDGE_LOOP('',(#2928,#2938,#2944,#2945));
#2928 = ORIENTED_EDGE('',*,*,#2929,.T.);
#2929 = EDGE_CURVE('',#2930,#2932,#2934,.T.);
#2930 = VERTEX_POINT('',#2931);
#2931 = CARTESIAN_POINT('',(-120.5,3.,-3.));
#2932 = VERTEX_POINT('',#2933);
#2933 = CARTESIAN_POINT('',(-120.5,3.,0.));
#2934 = LINE('',#2935,#2936);
#2935 = CARTESIAN_POINT('',(-120.5,3.,-23.12461179749));
#2936 = VECTOR('',#2937,1.);
#2937 = DIRECTION('',(-0.,-0.,1.));
#2938 = ORIENTED_EDGE('',*,*,#2939,.T.);
#2939 = EDGE_CURVE('',#2932,#2907,#2940,.T.);
#2940 = LINE('',#2941,#2942);
#2941 = CARTESIAN_POINT('',(-129.5,3.,0.));
#2942 = VECTOR('',#2943,1.);
#2943 = DIRECTION('',(-1.,-2.891205793295E-16,-0.));
#2944 = ORIENTED_EDGE('',*,*,#2915,.F.);
#2945 = ORIENTED_EDGE('',*,*,#2946,.F.);
#2946 = EDGE_CURVE('',#2930,#2888,#2947,.T.);
#2947 = LINE('',#2948,#2949);
#2948 = CARTESIAN_POINT('',(-129.5,3.,-3.));
#2949 = VECTOR('',#2950,1.);
#2950 = DIRECTION('',(-1.,-2.891205793295E-16,0.));
#2951 = PLANE('',#2952);
#2952 = AXIS2_PLACEMENT_3D('',#2953,#2954,#2955);
#2953 = CARTESIAN_POINT('',(-129.5,3.,-23.12461179749));
#2954 = DIRECTION('',(-2.891205793295E-16,1.,0.));
#2955 = DIRECTION('',(-1.,-2.891205793295E-16,0.));
#2956 = ADVANCED_FACE('',(#2957),#2984,.F.);
#2957 = FACE_BOUND('',#2958,.F.);
#2958 = EDGE_LOOP('',(#2959,#2968,#2969,#2978));
#2959 = ORIENTED_EDGE('',*,*,#2960,.T.);
#2960 = EDGE_CURVE('',#2961,#2930,#2963,.T.);
#2961 = VERTEX_POINT('',#2962);
#2962 = CARTESIAN_POINT('',(-120.5,-6.,-3.));
#2963 = CIRCLE('',#2964,4.5);
#2964 = AXIS2_PLACEMENT_3D('',#2965,#2966,#2967);
#2965 = CARTESIAN_POINT('',(-120.5,-1.5,-3.));
#2966 = DIRECTION('',(0.,-0.,1.));
#2967 = DIRECTION('',(-1.,0.,0.));
#2968 = ORIENTED_EDGE('',*,*,#2929,.T.);
#2969 = ORIENTED_EDGE('',*,*,#2970,.F.);
#2970 = EDGE_CURVE('',#2971,#2932,#2973,.T.);
#2971 = VERTEX_POINT('',#2972);
#2972 = CARTESIAN_POINT('',(-120.5,-6.,0.));
#2973 = CIRCLE('',#2974,4.5);
#2974 = AXIS2_PLACEMENT_3D('',#2975,#2976,#2977);
#2975 = CARTESIAN_POINT('',(-120.5,-1.5,0.));
#2976 = DIRECTION('',(0.,0.,1.));
#2977 = DIRECTION('',(1.,0.,-0.));
#2978 = ORIENTED_EDGE('',*,*,#2979,.F.);
#2979 = EDGE_CURVE('',#2961,#2971,#2980,.T.);
#2980 = LINE('',#2981,#2982);
#2981 = CARTESIAN_POINT('',(-120.5,-6.,-23.12461179749));
#2982 = VECTOR('',#2983,1.);
#2983 = DIRECTION('',(-0.,-0.,1.));
#2984 = CYLINDRICAL_SURFACE('',#2985,4.5);
#2985 = AXIS2_PLACEMENT_3D('',#2986,#2987,#2988);
#2986 = CARTESIAN_POINT('',(-120.5,-1.5,-23.12461179749));
#2987 = DIRECTION('',(-0.,-0.,1.));
#2988 = DIRECTION('',(1.,0.,0.));
#2989 = ADVANCED_FACE('',(#2990),#3006,.F.);
#2990 = FACE_BOUND('',#2991,.T.);
#2991 = EDGE_LOOP('',(#2992,#2993,#2999,#3000));
#2992 = ORIENTED_EDGE('',*,*,#2898,.T.);
#2993 = ORIENTED_EDGE('',*,*,#2994,.T.);
#2994 = EDGE_CURVE('',#2899,#2971,#2995,.T.);
#2995 = LINE('',#2996,#2997);
#2996 = CARTESIAN_POINT('',(-129.5,-6.,0.));
#2997 = VECTOR('',#2998,1.);
#2998 = DIRECTION('',(1.,2.891205793295E-16,0.));
#2999 = ORIENTED_EDGE('',*,*,#2979,.F.);
#3000 = ORIENTED_EDGE('',*,*,#3001,.F.);
#3001 = EDGE_CURVE('',#2890,#2961,#3002,.T.);
#3002 = LINE('',#3003,#3004);
#3003 = CARTESIAN_POINT('',(-129.5,-6.,-3.));
#3004 = VECTOR('',#3005,1.);
#3005 = DIRECTION('',(1.,2.891205793295E-16,0.));
#3006 = PLANE('',#3007);
#3007 = AXIS2_PLACEMENT_3D('',#3008,#3009,#3010);
#3008 = CARTESIAN_POINT('',(-129.5,-6.,-23.12461179749));
#3009 = DIRECTION('',(2.891205793295E-16,-1.,0.));
#3010 = DIRECTION('',(1.,2.891205793295E-16,0.));
#3011 = ADVANCED_FACE('',(#3012),#3048,.F.);
#3012 = FACE_BOUND('',#3013,.F.);
#3013 = EDGE_LOOP('',(#3014,#3025,#3033,#3042));
#3014 = ORIENTED_EDGE('',*,*,#3015,.T.);
#3015 = EDGE_CURVE('',#3016,#3018,#3020,.T.);
#3016 = VERTEX_POINT('',#3017);
#3017 = CARTESIAN_POINT('',(-154.5,3.,-3.));
#3018 = VERTEX_POINT('',#3019);
#3019 = CARTESIAN_POINT('',(-154.5,-6.,-3.));
#3020 = CIRCLE('',#3021,4.5);
#3021 = AXIS2_PLACEMENT_3D('',#3022,#3023,#3024);
#3022 = CARTESIAN_POINT('',(-154.5,-1.5,-3.));
#3023 = DIRECTION('',(0.,-0.,1.));
#3024 = DIRECTION('',(-1.,0.,0.));
#3025 = ORIENTED_EDGE('',*,*,#3026,.T.);
#3026 = EDGE_CURVE('',#3018,#3027,#3029,.T.);
#3027 = VERTEX_POINT('',#3028);
#3028 = CARTESIAN_POINT('',(-154.5,-6.,0.));
#3029 = LINE('',#3030,#3031);
#3030 = CARTESIAN_POINT('',(-154.5,-6.,-23.12461179749));
#3031 = VECTOR('',#3032,1.);
#3032 = DIRECTION('',(-0.,-0.,1.));
#3033 = ORIENTED_EDGE('',*,*,#3034,.F.);
#3034 = EDGE_CURVE('',#3035,#3027,#3037,.T.);
#3035 = VERTEX_POINT('',#3036);
#3036 = CARTESIAN_POINT('',(-154.5,3.,0.));
#3037 = CIRCLE('',#3038,4.5);
#3038 = AXIS2_PLACEMENT_3D('',#3039,#3040,#3041);
#3039 = CARTESIAN_POINT('',(-154.5,-1.5,0.));
#3040 = DIRECTION('',(0.,0.,1.));
#3041 = DIRECTION('',(1.,0.,-0.));
#3042 = ORIENTED_EDGE('',*,*,#3043,.F.);
#3043 = EDGE_CURVE('',#3016,#3035,#3044,.T.);
#3044 = LINE('',#3045,#3046);
#3045 = CARTESIAN_POINT('',(-154.5,3.,-23.12461179749));
#3046 = VECTOR('',#3047,1.);
#3047 = DIRECTION('',(-0.,-0.,1.));
#3048 = CYLINDRICAL_SURFACE('',#3049,4.5);
#3049 = AXIS2_PLACEMENT_3D('',#3050,#3051,#3052);
#3050 = CARTESIAN_POINT('',(-154.5,-1.5,-23.12461179749));
#3051 = DIRECTION('',(-0.,-0.,1.));
#3052 = DIRECTION('',(1.,0.,0.));
#3053 = ADVANCED_FACE('',(#3054),#3079,.F.);
#3054 = FACE_BOUND('',#3055,.T.);
#3055 = EDGE_LOOP('',(#3056,#3066,#3072,#3073));
#3056 = ORIENTED_EDGE('',*,*,#3057,.T.);
#3057 = EDGE_CURVE('',#3058,#3060,#3062,.T.);
#3058 = VERTEX_POINT('',#3059);
#3059 = CARTESIAN_POINT('',(-145.5,3.,-3.));
#3060 = VERTEX_POINT('',#3061);
#3061 = CARTESIAN_POINT('',(-145.5,3.,0.));
#3062 = LINE('',#3063,#3064);
#3063 = CARTESIAN_POINT('',(-145.5,3.,-23.12461179749));
#3064 = VECTOR('',#3065,1.);
#3065 = DIRECTION('',(-0.,-0.,1.));
#3066 = ORIENTED_EDGE('',*,*,#3067,.T.);
#3067 = EDGE_CURVE('',#3060,#3035,#3068,.T.);
#3068 = LINE('',#3069,#3070);
#3069 = CARTESIAN_POINT('',(-154.5,3.,0.));
#3070 = VECTOR('',#3071,1.);
#3071 = DIRECTION('',(-1.,-2.891205793295E-16,-0.));
#3072 = ORIENTED_EDGE('',*,*,#3043,.F.);
#3073 = ORIENTED_EDGE('',*,*,#3074,.F.);
#3074 = EDGE_CURVE('',#3058,#3016,#3075,.T.);
#3075 = LINE('',#3076,#3077);
#3076 = CARTESIAN_POINT('',(-154.5,3.,-3.));
#3077 = VECTOR('',#3078,1.);
#3078 = DIRECTION('',(-1.,-2.891205793295E-16,0.));
#3079 = PLANE('',#3080);
#3080 = AXIS2_PLACEMENT_3D('',#3081,#3082,#3083);
#3081 = CARTESIAN_POINT('',(-154.5,3.,-23.12461179749));
#3082 = DIRECTION('',(-2.891205793295E-16,1.,0.));
#3083 = DIRECTION('',(-1.,-2.891205793295E-16,0.));
#3084 = ADVANCED_FACE('',(#3085),#3112,.F.);
#3085 = FACE_BOUND('',#3086,.F.);
#3086 = EDGE_LOOP('',(#3087,#3096,#3097,#3106));
#3087 = ORIENTED_EDGE('',*,*,#3088,.T.);
#3088 = EDGE_CURVE('',#3089,#3058,#3091,.T.);
#3089 = VERTEX_POINT('',#3090);
#3090 = CARTESIAN_POINT('',(-145.5,-6.,-3.));
#3091 = CIRCLE('',#3092,4.5);
#3092 = AXIS2_PLACEMENT_3D('',#3093,#3094,#3095);
#3093 = CARTESIAN_POINT('',(-145.5,-1.5,-3.));
#3094 = DIRECTION('',(0.,-0.,1.));
#3095 = DIRECTION('',(-1.,0.,0.));
#3096 = ORIENTED_EDGE('',*,*,#3057,.T.);
#3097 = ORIENTED_EDGE('',*,*,#3098,.F.);
#3098 = EDGE_CURVE('',#3099,#3060,#3101,.T.);
#3099 = VERTEX_POINT('',#3100);
#3100 = CARTESIAN_POINT('',(-145.5,-6.,0.));
#3101 = CIRCLE('',#3102,4.5);
#3102 = AXIS2_PLACEMENT_3D('',#3103,#3104,#3105);
#3103 = CARTESIAN_POINT('',(-145.5,-1.5,0.));
#3104 = DIRECTION('',(0.,0.,1.));
#3105 = DIRECTION('',(1.,0.,-0.));
#3106 = ORIENTED_EDGE('',*,*,#3107,.F.);
#3107 = EDGE_CURVE('',#3089,#3099,#3108,.T.);
#3108 = LINE('',#3109,#3110);
#3109 = CARTESIAN_POINT('',(-145.5,-6.,-23.12461179749));
#3110 = VECTOR('',#3111,1.);
#3111 = DIRECTION('',(-0.,-0.,1.));
#3112 = CYLINDRICAL_SURFACE('',#3113,4.5);
#3113 = AXIS2_PLACEMENT_3D('',#3114,#3115,#3116);
#3114 = CARTESIAN_POINT('',(-145.5,-1.5,-23.12461179749));
#3115 = DIRECTION('',(-0.,-0.,1.));
#3116 = DIRECTION('',(1.,0.,0.));
#3117 = ADVANCED_FACE('',(#3118),#3134,.F.);
#3118 = FACE_BOUND('',#3119,.T.);
#3119 = EDGE_LOOP('',(#3120,#3121,#3127,#3128));
#3120 = ORIENTED_EDGE('',*,*,#3026,.T.);
#3121 = ORIENTED_EDGE('',*,*,#3122,.T.);
#3122 = EDGE_CURVE('',#3027,#3099,#3123,.T.);
#3123 = LINE('',#3124,#3125);
#3124 = CARTESIAN_POINT('',(-154.5,-6.,0.));
#3125 = VECTOR('',#3126,1.);
#3126 = DIRECTION('',(1.,2.891205793295E-16,0.));
#3127 = ORIENTED_EDGE('',*,*,#3107,.F.);
#3128 = ORIENTED_EDGE('',*,*,#3129,.F.);
#3129 = EDGE_CURVE('',#3018,#3089,#3130,.T.);
#3130 = LINE('',#3131,#3132);
#3131 = CARTESIAN_POINT('',(-154.5,-6.,-3.));
#3132 = VECTOR('',#3133,1.);
#3133 = DIRECTION('',(1.,2.891205793295E-16,0.));
#3134 = PLANE('',#3135);
#3135 = AXIS2_PLACEMENT_3D('',#3136,#3137,#3138);
#3136 = CARTESIAN_POINT('',(-154.5,-6.,-23.12461179749));
#3137 = DIRECTION('',(2.891205793295E-16,-1.,0.));
#3138 = DIRECTION('',(1.,2.891205793295E-16,0.));
#3139 = ADVANCED_FACE('',(#3140),#3176,.F.);
#3140 = FACE_BOUND('',#3141,.F.);
#3141 = EDGE_LOOP('',(#3142,#3153,#3161,#3170));
#3142 = ORIENTED_EDGE('',*,*,#3143,.T.);
#3143 = EDGE_CURVE('',#3144,#3146,#3148,.T.);
#3144 = VERTEX_POINT('',#3145);
#3145 = CARTESIAN_POINT('',(-179.5,3.,-3.));
#3146 = VERTEX_POINT('',#3147);
#3147 = CARTESIAN_POINT('',(-179.5,-6.,-3.));
#3148 = CIRCLE('',#3149,4.5);
#3149 = AXIS2_PLACEMENT_3D('',#3150,#3151,#3152);
#3150 = CARTESIAN_POINT('',(-179.5,-1.5,-3.));
#3151 = DIRECTION('',(0.,-0.,1.));
#3152 = DIRECTION('',(-1.,0.,0.));
#3153 = ORIENTED_EDGE('',*,*,#3154,.T.);
#3154 = EDGE_CURVE('',#3146,#3155,#3157,.T.);
#3155 = VERTEX_POINT('',#3156);
#3156 = CARTESIAN_POINT('',(-179.5,-6.,0.));
#3157 = LINE('',#3158,#3159);
#3158 = CARTESIAN_POINT('',(-179.5,-6.,-23.12461179749));
#3159 = VECTOR('',#3160,1.);
#3160 = DIRECTION('',(-0.,-0.,1.));
#3161 = ORIENTED_EDGE('',*,*,#3162,.F.);
#3162 = EDGE_CURVE('',#3163,#3155,#3165,.T.);
#3163 = VERTEX_POINT('',#3164);
#3164 = CARTESIAN_POINT('',(-179.5,3.,0.));
#3165 = CIRCLE('',#3166,4.5);
#3166 = AXIS2_PLACEMENT_3D('',#3167,#3168,#3169);
#3167 = CARTESIAN_POINT('',(-179.5,-1.5,0.));
#3168 = DIRECTION('',(0.,0.,1.));
#3169 = DIRECTION('',(1.,0.,-0.));
#3170 = ORIENTED_EDGE('',*,*,#3171,.F.);
#3171 = EDGE_CURVE('',#3144,#3163,#3172,.T.);
#3172 = LINE('',#3173,#3174);
#3173 = CARTESIAN_POINT('',(-179.5,3.,-23.12461179749));
#3174 = VECTOR('',#3175,1.);
#3175 = DIRECTION('',(-0.,-0.,1.));
#3176 = CYLINDRICAL_SURFACE('',#3177,4.5);
#3177 = AXIS2_PLACEMENT_3D('',#3178,#3179,#3180);
#3178 = CARTESIAN_POINT('',(-179.5,-1.5,-23.12461179749));
#3179 = DIRECTION('',(-0.,-0.,1.));
#3180 = DIRECTION('',(1.,0.,0.));
#3181 = ADVANCED_FACE('',(#3182),#3207,.F.);
#3182 = FACE_BOUND('',#3183,.T.);
#3183 = EDGE_LOOP('',(#3184,#3194,#3200,#3201));
#3184 = ORIENTED_EDGE('',*,*,#3185,.T.);
#3185 = EDGE_CURVE('',#3186,#3188,#3190,.T.);
#3186 = VERTEX_POINT('',#3187);
#3187 = CARTESIAN_POINT('',(-170.5,3.,-3.));
#3188 = VERTEX_POINT('',#3189);
#3189 = CARTESIAN_POINT('',(-170.5,3.,0.));
#3190 = LINE('',#3191,#3192);
#3191 = CARTESIAN_POINT('',(-170.5,3.,-23.12461179749));
#3192 = VECTOR('',#3193,1.);
#3193 = DIRECTION('',(-0.,-0.,1.));
#3194 = ORIENTED_EDGE('',*,*,#3195,.T.);
#3195 = EDGE_CURVE('',#3188,#3163,#3196,.T.);
#3196 = LINE('',#3197,#3198);
#3197 = CARTESIAN_POINT('',(-179.5,3.,0.));
#3198 = VECTOR('',#3199,1.);
#3199 = DIRECTION('',(-1.,-2.891205793295E-16,-0.));
#3200 = ORIENTED_EDGE('',*,*,#3171,.F.);
#3201 = ORIENTED_EDGE('',*,*,#3202,.F.);
#3202 = EDGE_CURVE('',#3186,#3144,#3203,.T.);
#3203 = LINE('',#3204,#3205);
#3204 = CARTESIAN_POINT('',(-179.5,3.,-3.));
#3205 = VECTOR('',#3206,1.);
#3206 = DIRECTION('',(-1.,-2.891205793295E-16,0.));
#3207 = PLANE('',#3208);
#3208 = AXIS2_PLACEMENT_3D('',#3209,#3210,#3211);
#3209 = CARTESIAN_POINT('',(-179.5,3.,-23.12461179749));
#3210 = DIRECTION('',(-2.891205793295E-16,1.,0.));
#3211 = DIRECTION('',(-1.,-2.891205793295E-16,0.));
#3212 = ADVANCED_FACE('',(#3213),#3240,.F.);
#3213 = FACE_BOUND('',#3214,.F.);
#3214 = EDGE_LOOP('',(#3215,#3224,#3225,#3234));
#3215 = ORIENTED_EDGE('',*,*,#3216,.T.);
#3216 = EDGE_CURVE('',#3217,#3186,#3219,.T.);
#3217 = VERTEX_POINT('',#3218);
#3218 = CARTESIAN_POINT('',(-170.5,-6.,-3.));
#3219 = CIRCLE('',#3220,4.5);
#3220 = AXIS2_PLACEMENT_3D('',#3221,#3222,#3223);
#3221 = CARTESIAN_POINT('',(-170.5,-1.5,-3.));
#3222 = DIRECTION('',(0.,-0.,1.));
#3223 = DIRECTION('',(-1.,0.,0.));
#3224 = ORIENTED_EDGE('',*,*,#3185,.T.);
#3225 = ORIENTED_EDGE('',*,*,#3226,.F.);
#3226 = EDGE_CURVE('',#3227,#3188,#3229,.T.);
#3227 = VERTEX_POINT('',#3228);
#3228 = CARTESIAN_POINT('',(-170.5,-6.,0.));
#3229 = CIRCLE('',#3230,4.5);
#3230 = AXIS2_PLACEMENT_3D('',#3231,#3232,#3233);
#3231 = CARTESIAN_POINT('',(-170.5,-1.5,0.));
#3232 = DIRECTION('',(0.,0.,1.));
#3233 = DIRECTION('',(1.,0.,-0.));
#3234 = ORIENTED_EDGE('',*,*,#3235,.F.);
#3235 = EDGE_CURVE('',#3217,#3227,#3236,.T.);
#3236 = LINE('',#3237,#3238);
#3237 = CARTESIAN_POINT('',(-170.5,-6.,-23.12461179749));
#3238 = VECTOR('',#3239,1.);
#3239 = DIRECTION('',(-0.,-0.,1.));
#3240 = CYLINDRICAL_SURFACE('',#3241,4.5);
#3241 = AXIS2_PLACEMENT_3D('',#3242,#3243,#3244);
#3242 = CARTESIAN_POINT('',(-170.5,-1.5,-23.12461179749));
#3243 = DIRECTION('',(-0.,-0.,1.));
#3244 = DIRECTION('',(1.,0.,0.));
#3245 = ADVANCED_FACE('',(#3246),#3262,.F.);
#3246 = FACE_BOUND('',#3247,.T.);
#3247 = EDGE_LOOP('',(#3248,#3249,#3255,#3256));
#3248 = ORIENTED_EDGE('',*,*,#3154,.T.);
#3249 = ORIENTED_EDGE('',*,*,#3250,.T.);
#3250 = EDGE_CURVE('',#3155,#3227,#3251,.T.);
#3251 = LINE('',#3252,#3253);
#3252 = CARTESIAN_POINT('',(-179.5,-6.,0.));
#3253 = VECTOR('',#3254,1.);
#3254 = DIRECTION('',(1.,2.891205793295E-16,0.));
#3255 = ORIENTED_EDGE('',*,*,#3235,.F.);
#3256 = ORIENTED_EDGE('',*,*,#3257,.F.);
#3257 = EDGE_CURVE('',#3146,#3217,#3258,.T.);
#3258 = LINE('',#3259,#3260);
#3259 = CARTESIAN_POINT('',(-179.5,-6.,-3.));
#3260 = VECTOR('',#3261,1.);
#3261 = DIRECTION('',(1.,2.891205793295E-16,0.));
#3262 = PLANE('',#3263);
#3263 = AXIS2_PLACEMENT_3D('',#3264,#3265,#3266);
#3264 = CARTESIAN_POINT('',(-179.5,-6.,-23.12461179749));
#3265 = DIRECTION('',(2.891205793295E-16,-1.,0.));
#3266 = DIRECTION('',(1.,2.891205793295E-16,0.));
#3267 = ADVANCED_FACE('',(#3268),#3304,.F.);
#3268 = FACE_BOUND('',#3269,.F.);
#3269 = EDGE_LOOP('',(#3270,#3281,#3289,#3298));
#3270 = ORIENTED_EDGE('',*,*,#3271,.T.);
#3271 = EDGE_CURVE('',#3272,#3274,#3276,.T.);
#3272 = VERTEX_POINT('',#3273);
#3273 = CARTESIAN_POINT('',(-204.5,3.,-3.));
#3274 = VERTEX_POINT('',#3275);
#3275 = CARTESIAN_POINT('',(-204.5,-6.,-3.));
#3276 = CIRCLE('',#3277,4.5);
#3277 = AXIS2_PLACEMENT_3D('',#3278,#3279,#3280);
#3278 = CARTESIAN_POINT('',(-204.5,-1.5,-3.));
#3279 = DIRECTION('',(0.,-0.,1.));
#3280 = DIRECTION('',(-1.,0.,0.));
#3281 = ORIENTED_EDGE('',*,*,#3282,.T.);
#3282 = EDGE_CURVE('',#3274,#3283,#3285,.T.);
#3283 = VERTEX_POINT('',#3284);
#3284 = CARTESIAN_POINT('',(-204.5,-6.,0.));
#3285 = LINE('',#3286,#3287);
#3286 = CARTESIAN_POINT('',(-204.5,-6.,-23.12461179749));
#3287 = VECTOR('',#3288,1.);
#3288 = DIRECTION('',(-0.,-0.,1.));
#3289 = ORIENTED_EDGE('',*,*,#3290,.F.);
#3290 = EDGE_CURVE('',#3291,#3283,#3293,.T.);
#3291 = VERTEX_POINT('',#3292);
#3292 = CARTESIAN_POINT('',(-204.5,3.,0.));
#3293 = CIRCLE('',#3294,4.5);
#3294 = AXIS2_PLACEMENT_3D('',#3295,#3296,#3297);
#3295 = CARTESIAN_POINT('',(-204.5,-1.5,0.));
#3296 = DIRECTION('',(0.,0.,1.));
#3297 = DIRECTION('',(1.,0.,-0.));
#3298 = ORIENTED_EDGE('',*,*,#3299,.F.);
#3299 = EDGE_CURVE('',#3272,#3291,#3300,.T.);
#3300 = LINE('',#3301,#3302);
#3301 = CARTESIAN_POINT('',(-204.5,3.,-23.12461179749));
#3302 = VECTOR('',#3303,1.);
#3303 = DIRECTION('',(-0.,-0.,1.));
#3304 = CYLINDRICAL_SURFACE('',#3305,4.5);
#3305 = AXIS2_PLACEMENT_3D('',#3306,#3307,#3308);
#3306 = CARTESIAN_POINT('',(-204.5,-1.5,-23.12461179749));
#3307 = DIRECTION('',(-0.,-0.,1.));
#3308 = DIRECTION('',(1.,0.,0.));
#3309 = ADVANCED_FACE('',(#3310),#3335,.F.);
#3310 = FACE_BOUND('',#3311,.T.);
#3311 = EDGE_LOOP('',(#3312,#3322,#3328,#3329));
#3312 = ORIENTED_EDGE('',*,*,#3313,.T.);
#3313 = EDGE_CURVE('',#3314,#3316,#3318,.T.);
#3314 = VERTEX_POINT('',#3315);
#3315 = CARTESIAN_POINT('',(-195.5,3.,-3.));
#3316 = VERTEX_POINT('',#3317);
#3317 = CARTESIAN_POINT('',(-195.5,3.,0.));
#3318 = LINE('',#3319,#3320);
#3319 = CARTESIAN_POINT('',(-195.5,3.,-23.12461179749));
#3320 = VECTOR('',#3321,1.);
#3321 = DIRECTION('',(-0.,-0.,1.));
#3322 = ORIENTED_EDGE('',*,*,#3323,.T.);
#3323 = EDGE_CURVE('',#3316,#3291,#3324,.T.);
#3324 = LINE('',#3325,#3326);
#3325 = CARTESIAN_POINT('',(-204.5,3.,0.));
#3326 = VECTOR('',#3327,1.);
#3327 = DIRECTION('',(-1.,-2.891205793295E-16,-0.));
#3328 = ORIENTED_EDGE('',*,*,#3299,.F.);
#3329 = ORIENTED_EDGE('',*,*,#3330,.F.);
#3330 = EDGE_CURVE('',#3314,#3272,#3331,.T.);
#3331 = LINE('',#3332,#3333);
#3332 = CARTESIAN_POINT('',(-204.5,3.,-3.));
#3333 = VECTOR('',#3334,1.);
#3334 = DIRECTION('',(-1.,-2.891205793295E-16,0.));
#3335 = PLANE('',#3336);
#3336 = AXIS2_PLACEMENT_3D('',#3337,#3338,#3339);
#3337 = CARTESIAN_POINT('',(-204.5,3.,-23.12461179749));
#3338 = DIRECTION('',(-2.891205793295E-16,1.,0.));
#3339 = DIRECTION('',(-1.,-2.891205793295E-16,0.));
#3340 = ADVANCED_FACE('',(#3341),#3368,.F.);
#3341 = FACE_BOUND('',#3342,.F.);
#3342 = EDGE_LOOP('',(#3343,#3352,#3353,#3362));
#3343 = ORIENTED_EDGE('',*,*,#3344,.T.);
#3344 = EDGE_CURVE('',#3345,#3314,#3347,.T.);
#3345 = VERTEX_POINT('',#3346);
#3346 = CARTESIAN_POINT('',(-195.5,-6.,-3.));
#3347 = CIRCLE('',#3348,4.5);
#3348 = AXIS2_PLACEMENT_3D('',#3349,#3350,#3351);
#3349 = CARTESIAN_POINT('',(-195.5,-1.5,-3.));
#3350 = DIRECTION('',(0.,-0.,1.));
#3351 = DIRECTION('',(-1.,0.,0.));
#3352 = ORIENTED_EDGE('',*,*,#3313,.T.);
#3353 = ORIENTED_EDGE('',*,*,#3354,.F.);
#3354 = EDGE_CURVE('',#3355,#3316,#3357,.T.);
#3355 = VERTEX_POINT('',#3356);
#3356 = CARTESIAN_POINT('',(-195.5,-6.,0.));
#3357 = CIRCLE('',#3358,4.5);
#3358 = AXIS2_PLACEMENT_3D('',#3359,#3360,#3361);
#3359 = CARTESIAN_POINT('',(-195.5,-1.5,0.));
#3360 = DIRECTION('',(0.,0.,1.));
#3361 = DIRECTION('',(1.,0.,-0.));
#3362 = ORIENTED_EDGE('',*,*,#3363,.F.);
#3363 = EDGE_CURVE('',#3345,#3355,#3364,.T.);
#3364 = LINE('',#3365,#3366);
#3365 = CARTESIAN_POINT('',(-195.5,-6.,-23.12461179749));
#3366 = VECTOR('',#3367,1.);
#3367 = DIRECTION('',(-0.,-0.,1.));
#3368 = CYLINDRICAL_SURFACE('',#3369,4.5);
#3369 = AXIS2_PLACEMENT_3D('',#3370,#3371,#3372);
#3370 = CARTESIAN_POINT('',(-195.5,-1.5,-23.12461179749));
#3371 = DIRECTION('',(-0.,-0.,1.));
#3372 = DIRECTION('',(1.,0.,0.));
#3373 = ADVANCED_FACE('',(#3374),#3390,.F.);
#3374 = FACE_BOUND('',#3375,.T.);
#3375 = EDGE_LOOP('',(#3376,#3377,#3383,#3384));
#3376 = ORIENTED_EDGE('',*,*,#3282,.T.);
#3377 = ORIENTED_EDGE('',*,*,#3378,.T.);
#3378 = EDGE_CURVE('',#3283,#3355,#3379,.T.);
#3379 = LINE('',#3380,#3381);
#3380 = CARTESIAN_POINT('',(-204.5,-6.,0.));
#3381 = VECTOR('',#3382,1.);
#3382 = DIRECTION('',(1.,2.891205793295E-16,0.));
#3383 = ORIENTED_EDGE('',*,*,#3363,.F.);
#3384 = ORIENTED_EDGE('',*,*,#3385,.F.);
#3385 = EDGE_CURVE('',#3274,#3345,#3386,.T.);
#3386 = LINE('',#3387,#3388);
#3387 = CARTESIAN_POINT('',(-204.5,-6.,-3.));
#3388 = VECTOR('',#3389,1.);
#3389 = DIRECTION('',(1.,2.891205793295E-16,0.));
#3390 = PLANE('',#3391);
#3391 = AXIS2_PLACEMENT_3D('',#3392,#3393,#3394);
#3392 = CARTESIAN_POINT('',(-204.5,-6.,-23.12461179749));
#3393 = DIRECTION('',(2.891205793295E-16,-1.,0.));
#3394 = DIRECTION('',(1.,2.891205793295E-16,0.));
#3395 = ADVANCED_FACE('',(#3396),#3432,.F.);
#3396 = FACE_BOUND('',#3397,.F.);
#3397 = EDGE_LOOP('',(#3398,#3409,#3417,#3426));
#3398 = ORIENTED_EDGE('',*,*,#3399,.T.);
#3399 = EDGE_CURVE('',#3400,#3402,#3404,.T.);
#3400 = VERTEX_POINT('',#3401);
#3401 = CARTESIAN_POINT('',(-229.5,3.,-3.));
#3402 = VERTEX_POINT('',#3403);
#3403 = CARTESIAN_POINT('',(-229.5,-6.,-3.));
#3404 = CIRCLE('',#3405,4.5);
#3405 = AXIS2_PLACEMENT_3D('',#3406,#3407,#3408);
#3406 = CARTESIAN_POINT('',(-229.5,-1.5,-3.));
#3407 = DIRECTION('',(0.,-0.,1.));
#3408 = DIRECTION('',(-1.,0.,0.));
#3409 = ORIENTED_EDGE('',*,*,#3410,.T.);
#3410 = EDGE_CURVE('',#3402,#3411,#3413,.T.);
#3411 = VERTEX_POINT('',#3412);
#3412 = CARTESIAN_POINT('',(-229.5,-6.,0.));
#3413 = LINE('',#3414,#3415);
#3414 = CARTESIAN_POINT('',(-229.5,-6.,-23.12461179749));
#3415 = VECTOR('',#3416,1.);
#3416 = DIRECTION('',(-0.,-0.,1.));
#3417 = ORIENTED_EDGE('',*,*,#3418,.F.);
#3418 = EDGE_CURVE('',#3419,#3411,#3421,.T.);
#3419 = VERTEX_POINT('',#3420);
#3420 = CARTESIAN_POINT('',(-229.5,3.,0.));
#3421 = CIRCLE('',#3422,4.5);
#3422 = AXIS2_PLACEMENT_3D('',#3423,#3424,#3425);
#3423 = CARTESIAN_POINT('',(-229.5,-1.5,0.));
#3424 = DIRECTION('',(0.,0.,1.));
#3425 = DIRECTION('',(1.,0.,-0.));
#3426 = ORIENTED_EDGE('',*,*,#3427,.F.);
#3427 = EDGE_CURVE('',#3400,#3419,#3428,.T.);
#3428 = LINE('',#3429,#3430);
#3429 = CARTESIAN_POINT('',(-229.5,3.,-23.12461179749));
#3430 = VECTOR('',#3431,1.);
#3431 = DIRECTION('',(-0.,-0.,1.));
#3432 = CYLINDRICAL_SURFACE('',#3433,4.5);
#3433 = AXIS2_PLACEMENT_3D('',#3434,#3435,#3436);
#3434 = CARTESIAN_POINT('',(-229.5,-1.5,-23.12461179749));
#3435 = DIRECTION('',(-0.,-0.,1.));
#3436 = DIRECTION('',(1.,0.,0.));
#3437 = ADVANCED_FACE('',(#3438),#3463,.F.);
#3438 = FACE_BOUND('',#3439,.T.);
#3439 = EDGE_LOOP('',(#3440,#3450,#3456,#3457));
#3440 = ORIENTED_EDGE('',*,*,#3441,.T.);
#3441 = EDGE_CURVE('',#3442,#3444,#3446,.T.);
#3442 = VERTEX_POINT('',#3443);
#3443 = CARTESIAN_POINT('',(-220.5,3.,-3.));
#3444 = VERTEX_POINT('',#3445);
#3445 = CARTESIAN_POINT('',(-220.5,3.,0.));
#3446 = LINE('',#3447,#3448);
#3447 = CARTESIAN_POINT('',(-220.5,3.,-23.12461179749));
#3448 = VECTOR('',#3449,1.);
#3449 = DIRECTION('',(-0.,-0.,1.));
#3450 = ORIENTED_EDGE('',*,*,#3451,.T.);
#3451 = EDGE_CURVE('',#3444,#3419,#3452,.T.);
#3452 = LINE('',#3453,#3454);
#3453 = CARTESIAN_POINT('',(-229.5,3.,0.));
#3454 = VECTOR('',#3455,1.);
#3455 = DIRECTION('',(-1.,-2.891205793295E-16,-0.));
#3456 = ORIENTED_EDGE('',*,*,#3427,.F.);
#3457 = ORIENTED_EDGE('',*,*,#3458,.F.);
#3458 = EDGE_CURVE('',#3442,#3400,#3459,.T.);
#3459 = LINE('',#3460,#3461);
#3460 = CARTESIAN_POINT('',(-229.5,3.,-3.));
#3461 = VECTOR('',#3462,1.);
#3462 = DIRECTION('',(-1.,-2.891205793295E-16,0.));
#3463 = PLANE('',#3464);
#3464 = AXIS2_PLACEMENT_3D('',#3465,#3466,#3467);
#3465 = CARTESIAN_POINT('',(-229.5,3.,-23.12461179749));
#3466 = DIRECTION('',(-2.891205793295E-16,1.,0.));
#3467 = DIRECTION('',(-1.,-2.891205793295E-16,0.));
#3468 = ADVANCED_FACE('',(#3469),#3496,.F.);
#3469 = FACE_BOUND('',#3470,.F.);
#3470 = EDGE_LOOP('',(#3471,#3480,#3481,#3490));
#3471 = ORIENTED_EDGE('',*,*,#3472,.T.);
#3472 = EDGE_CURVE('',#3473,#3442,#3475,.T.);
#3473 = VERTEX_POINT('',#3474);
#3474 = CARTESIAN_POINT('',(-220.5,-6.,-3.));
#3475 = CIRCLE('',#3476,4.5);
#3476 = AXIS2_PLACEMENT_3D('',#3477,#3478,#3479);
#3477 = CARTESIAN_POINT('',(-220.5,-1.5,-3.));
#3478 = DIRECTION('',(0.,-0.,1.));
#3479 = DIRECTION('',(-1.,0.,0.));
#3480 = ORIENTED_EDGE('',*,*,#3441,.T.);
#3481 = ORIENTED_EDGE('',*,*,#3482,.F.);
#3482 = EDGE_CURVE('',#3483,#3444,#3485,.T.);
#3483 = VERTEX_POINT('',#3484);
#3484 = CARTESIAN_POINT('',(-220.5,-6.,0.));
#3485 = CIRCLE('',#3486,4.5);
#3486 = AXIS2_PLACEMENT_3D('',#3487,#3488,#3489);
#3487 = CARTESIAN_POINT('',(-220.5,-1.5,0.));
#3488 = DIRECTION('',(0.,0.,1.));
#3489 = DIRECTION('',(1.,0.,-0.));
#3490 = ORIENTED_EDGE('',*,*,#3491,.F.);
#3491 = EDGE_CURVE('',#3473,#3483,#3492,.T.);
#3492 = LINE('',#3493,#3494);
#3493 = CARTESIAN_POINT('',(-220.5,-6.,-23.12461179749));
#3494 = VECTOR('',#3495,1.);
#3495 = DIRECTION('',(-0.,-0.,1.));
#3496 = CYLINDRICAL_SURFACE('',#3497,4.5);
#3497 = AXIS2_PLACEMENT_3D('',#3498,#3499,#3500);
#3498 = CARTESIAN_POINT('',(-220.5,-1.5,-23.12461179749));
#3499 = DIRECTION('',(-0.,-0.,1.));
#3500 = DIRECTION('',(1.,0.,0.));
#3501 = ADVANCED_FACE('',(#3502),#3518,.F.);
#3502 = FACE_BOUND('',#3503,.T.);
#3503 = EDGE_LOOP('',(#3504,#3505,#3511,#3512));
#3504 = ORIENTED_EDGE('',*,*,#3410,.T.);
#3505 = ORIENTED_EDGE('',*,*,#3506,.T.);
#3506 = EDGE_CURVE('',#3411,#3483,#3507,.T.);
#3507 = LINE('',#3508,#3509);
#3508 = CARTESIAN_POINT('',(-229.5,-6.,0.));
#3509 = VECTOR('',#3510,1.);
#3510 = DIRECTION('',(1.,2.891205793295E-16,0.));
#3511 = ORIENTED_EDGE('',*,*,#3491,.F.);
#3512 = ORIENTED_EDGE('',*,*,#3513,.F.);
#3513 = EDGE_CURVE('',#3402,#3473,#3514,.T.);
#3514 = LINE('',#3515,#3516);
#3515 = CARTESIAN_POINT('',(-229.5,-6.,-3.));
#3516 = VECTOR('',#3517,1.);
#3517 = DIRECTION('',(1.,2.891205793295E-16,0.));
#3518 = PLANE('',#3519);
#3519 = AXIS2_PLACEMENT_3D('',#3520,#3521,#3522);
#3520 = CARTESIAN_POINT('',(-229.5,-6.,-23.12461179749));
#3521 = DIRECTION('',(2.891205793295E-16,-1.,0.));
#3522 = DIRECTION('',(1.,2.891205793295E-16,0.));
#3523 = ADVANCED_FACE('',(#3524),#3560,.F.);
#3524 = FACE_BOUND('',#3525,.F.);
#3525 = EDGE_LOOP('',(#3526,#3537,#3545,#3554));
#3526 = ORIENTED_EDGE('',*,*,#3527,.T.);
#3527 = EDGE_CURVE('',#3528,#3530,#3532,.T.);
#3528 = VERTEX_POINT('',#3529);
#3529 = CARTESIAN_POINT('',(-254.5,3.,-3.));
#3530 = VERTEX_POINT('',#3531);
#3531 = CARTESIAN_POINT('',(-254.5,-6.,-3.));
#3532 = CIRCLE('',#3533,4.5);
#3533 = AXIS2_PLACEMENT_3D('',#3534,#3535,#3536);
#3534 = CARTESIAN_POINT('',(-254.5,-1.5,-3.));
#3535 = DIRECTION('',(0.,-0.,1.));
#3536 = DIRECTION('',(-1.,0.,0.));
#3537 = ORIENTED_EDGE('',*,*,#3538,.T.);
#3538 = EDGE_CURVE('',#3530,#3539,#3541,.T.);
#3539 = VERTEX_POINT('',#3540);
#3540 = CARTESIAN_POINT('',(-254.5,-6.,0.));
#3541 = LINE('',#3542,#3543);
#3542 = CARTESIAN_POINT('',(-254.5,-6.,-23.12461179749));
#3543 = VECTOR('',#3544,1.);
#3544 = DIRECTION('',(-0.,-0.,1.));
#3545 = ORIENTED_EDGE('',*,*,#3546,.F.);
#3546 = EDGE_CURVE('',#3547,#3539,#3549,.T.);
#3547 = VERTEX_POINT('',#3548);
#3548 = CARTESIAN_POINT('',(-254.5,3.,0.));
#3549 = CIRCLE('',#3550,4.5);
#3550 = AXIS2_PLACEMENT_3D('',#3551,#3552,#3553);
#3551 = CARTESIAN_POINT('',(-254.5,-1.5,0.));
#3552 = DIRECTION('',(0.,0.,1.));
#3553 = DIRECTION('',(1.,0.,-0.));
#3554 = ORIENTED_EDGE('',*,*,#3555,.F.);
#3555 = EDGE_CURVE('',#3528,#3547,#3556,.T.);
#3556 = LINE('',#3557,#3558);
#3557 = CARTESIAN_POINT('',(-254.5,3.,-23.12461179749));
#3558 = VECTOR('',#3559,1.);
#3559 = DIRECTION('',(-0.,-0.,1.));
#3560 = CYLINDRICAL_SURFACE('',#3561,4.5);
#3561 = AXIS2_PLACEMENT_3D('',#3562,#3563,#3564);
#3562 = CARTESIAN_POINT('',(-254.5,-1.5,-23.12461179749));
#3563 = DIRECTION('',(-0.,-0.,1.));
#3564 = DIRECTION('',(1.,0.,0.));
#3565 = ADVANCED_FACE('',(#3566),#3591,.F.);
#3566 = FACE_BOUND('',#3567,.T.);
#3567 = EDGE_LOOP('',(#3568,#3578,#3584,#3585));
#3568 = ORIENTED_EDGE('',*,*,#3569,.T.);
#3569 = EDGE_CURVE('',#3570,#3572,#3574,.T.);
#3570 = VERTEX_POINT('',#3571);
#3571 = CARTESIAN_POINT('',(-245.5,3.,-3.));
#3572 = VERTEX_POINT('',#3573);
#3573 = CARTESIAN_POINT('',(-245.5,3.,0.));
#3574 = LINE('',#3575,#3576);
#3575 = CARTESIAN_POINT('',(-245.5,3.,-23.12461179749));
#3576 = VECTOR('',#3577,1.);
#3577 = DIRECTION('',(-0.,-0.,1.));
#3578 = ORIENTED_EDGE('',*,*,#3579,.T.);
#3579 = EDGE_CURVE('',#3572,#3547,#3580,.T.);
#3580 = LINE('',#3581,#3582);
#3581 = CARTESIAN_POINT('',(-254.5,3.,0.));
#3582 = VECTOR('',#3583,1.);
#3583 = DIRECTION('',(-1.,-2.891205793295E-16,-0.));
#3584 = ORIENTED_EDGE('',*,*,#3555,.F.);
#3585 = ORIENTED_EDGE('',*,*,#3586,.F.);
#3586 = EDGE_CURVE('',#3570,#3528,#3587,.T.);
#3587 = LINE('',#3588,#3589);
#3588 = CARTESIAN_POINT('',(-254.5,3.,-3.));
#3589 = VECTOR('',#3590,1.);
#3590 = DIRECTION('',(-1.,-2.891205793295E-16,0.));
#3591 = PLANE('',#3592);
#3592 = AXIS2_PLACEMENT_3D('',#3593,#3594,#3595);
#3593 = CARTESIAN_POINT('',(-254.5,3.,-23.12461179749));
#3594 = DIRECTION('',(-2.891205793295E-16,1.,0.));
#3595 = DIRECTION('',(-1.,-2.891205793295E-16,0.));
#3596 = ADVANCED_FACE('',(#3597),#3624,.F.);
#3597 = FACE_BOUND('',#3598,.F.);
#3598 = EDGE_LOOP('',(#3599,#3608,#3609,#3618));
#3599 = ORIENTED_EDGE('',*,*,#3600,.T.);
#3600 = EDGE_CURVE('',#3601,#3570,#3603,.T.);
#3601 = VERTEX_POINT('',#3602);
#3602 = CARTESIAN_POINT('',(-245.5,-6.,-3.));
#3603 = CIRCLE('',#3604,4.5);
#3604 = AXIS2_PLACEMENT_3D('',#3605,#3606,#3607);
#3605 = CARTESIAN_POINT('',(-245.5,-1.5,-3.));
#3606 = DIRECTION('',(0.,-0.,1.));
#3607 = DIRECTION('',(-1.,0.,0.));
#3608 = ORIENTED_EDGE('',*,*,#3569,.T.);
#3609 = ORIENTED_EDGE('',*,*,#3610,.F.);
#3610 = EDGE_CURVE('',#3611,#3572,#3613,.T.);
#3611 = VERTEX_POINT('',#3612);
#3612 = CARTESIAN_POINT('',(-245.5,-6.,0.));
#3613 = CIRCLE('',#3614,4.5);
#3614 = AXIS2_PLACEMENT_3D('',#3615,#3616,#3617);
#3615 = CARTESIAN_POINT('',(-245.5,-1.5,0.));
#3616 = DIRECTION('',(0.,0.,1.));
#3617 = DIRECTION('',(1.,0.,-0.));
#3618 = ORIENTED_EDGE('',*,*,#3619,.F.);
#3619 = EDGE_CURVE('',#3601,#3611,#3620,.T.);
#3620 = LINE('',#3621,#3622);
#3621 = CARTESIAN_POINT('',(-245.5,-6.,-23.12461179749));
#3622 = VECTOR('',#3623,1.);
#3623 = DIRECTION('',(-0.,-0.,1.));
#3624 = CYLINDRICAL_SURFACE('',#3625,4.5);
#3625 = AXIS2_PLACEMENT_3D('',#3626,#3627,#3628);
#3626 = CARTESIAN_POINT('',(-245.5,-1.5,-23.12461179749));
#3627 = DIRECTION('',(-0.,-0.,1.));
#3628 = DIRECTION('',(1.,0.,0.));
#3629 = ADVANCED_FACE('',(#3630),#3646,.F.);
#3630 = FACE_BOUND('',#3631,.T.);
#3631 = EDGE_LOOP('',(#3632,#3633,#3639,#3640));
#3632 = ORIENTED_EDGE('',*,*,#3538,.T.);
#3633 = ORIENTED_EDGE('',*,*,#3634,.T.);
#3634 = EDGE_CURVE('',#3539,#3611,#3635,.T.);
#3635 = LINE('',#3636,#3637);
#3636 = CARTESIAN_POINT('',(-254.5,-6.,0.));
#3637 = VECTOR('',#3638,1.);
#3638 = DIRECTION('',(1.,2.891205793295E-16,0.));
#3639 = ORIENTED_EDGE('',*,*,#3619,.F.);
#3640 = ORIENTED_EDGE('',*,*,#3641,.F.);
#3641 = EDGE_CURVE('',#3530,#3601,#3642,.T.);
#3642 = LINE('',#3643,#3644);
#3643 = CARTESIAN_POINT('',(-254.5,-6.,-3.));
#3644 = VECTOR('',#3645,1.);
#3645 = DIRECTION('',(1.,2.891205793295E-16,0.));
#3646 = PLANE('',#3647);
#3647 = AXIS2_PLACEMENT_3D('',#3648,#3649,#3650);
#3648 = CARTESIAN_POINT('',(-254.5,-6.,-23.12461179749));
#3649 = DIRECTION('',(2.891205793295E-16,-1.,0.));
#3650 = DIRECTION('',(1.,2.891205793295E-16,0.));
#3651 = ADVANCED_FACE('',(#3652),#3688,.F.);
#3652 = FACE_BOUND('',#3653,.F.);
#3653 = EDGE_LOOP('',(#3654,#3665,#3673,#3682));
#3654 = ORIENTED_EDGE('',*,*,#3655,.T.);
#3655 = EDGE_CURVE('',#3656,#3658,#3660,.T.);
#3656 = VERTEX_POINT('',#3657);
#3657 = CARTESIAN_POINT('',(-279.5,3.,-3.));
#3658 = VERTEX_POINT('',#3659);
#3659 = CARTESIAN_POINT('',(-279.5,-6.,-3.));
#3660 = CIRCLE('',#3661,4.5);
#3661 = AXIS2_PLACEMENT_3D('',#3662,#3663,#3664);
#3662 = CARTESIAN_POINT('',(-279.5,-1.5,-3.));
#3663 = DIRECTION('',(0.,-0.,1.));
#3664 = DIRECTION('',(-1.,0.,0.));
#3665 = ORIENTED_EDGE('',*,*,#3666,.T.);
#3666 = EDGE_CURVE('',#3658,#3667,#3669,.T.);
#3667 = VERTEX_POINT('',#3668);
#3668 = CARTESIAN_POINT('',(-279.5,-6.,0.));
#3669 = LINE('',#3670,#3671);
#3670 = CARTESIAN_POINT('',(-279.5,-6.,-23.12461179749));
#3671 = VECTOR('',#3672,1.);
#3672 = DIRECTION('',(-0.,-0.,1.));
#3673 = ORIENTED_EDGE('',*,*,#3674,.F.);
#3674 = EDGE_CURVE('',#3675,#3667,#3677,.T.);
#3675 = VERTEX_POINT('',#3676);
#3676 = CARTESIAN_POINT('',(-279.5,3.,0.));
#3677 = CIRCLE('',#3678,4.5);
#3678 = AXIS2_PLACEMENT_3D('',#3679,#3680,#3681);
#3679 = CARTESIAN_POINT('',(-279.5,-1.5,0.));
#3680 = DIRECTION('',(0.,0.,1.));
#3681 = DIRECTION('',(1.,0.,-0.));
#3682 = ORIENTED_EDGE('',*,*,#3683,.F.);
#3683 = EDGE_CURVE('',#3656,#3675,#3684,.T.);
#3684 = LINE('',#3685,#3686);
#3685 = CARTESIAN_POINT('',(-279.5,3.,-23.12461179749));
#3686 = VECTOR('',#3687,1.);
#3687 = DIRECTION('',(-0.,-0.,1.));
#3688 = CYLINDRICAL_SURFACE('',#3689,4.5);
#3689 = AXIS2_PLACEMENT_3D('',#3690,#3691,#3692);
#3690 = CARTESIAN_POINT('',(-279.5,-1.5,-23.12461179749));
#3691 = DIRECTION('',(-0.,-0.,1.));
#3692 = DIRECTION('',(1.,0.,0.));
#3693 = ADVANCED_FACE('',(#3694),#3719,.F.);
#3694 = FACE_BOUND('',#3695,.T.);
#3695 = EDGE_LOOP('',(#3696,#3706,#3712,#3713));
#3696 = ORIENTED_EDGE('',*,*,#3697,.T.);
#3697 = EDGE_CURVE('',#3698,#3700,#3702,.T.);
#3698 = VERTEX_POINT('',#3699);
#3699 = CARTESIAN_POINT('',(-270.5,3.,-3.));
#3700 = VERTEX_POINT('',#3701);
#3701 = CARTESIAN_POINT('',(-270.5,3.,0.));
#3702 = LINE('',#3703,#3704);
#3703 = CARTESIAN_POINT('',(-270.5,3.,-23.12461179749));
#3704 = VECTOR('',#3705,1.);
#3705 = DIRECTION('',(-0.,-0.,1.));
#3706 = ORIENTED_EDGE('',*,*,#3707,.T.);
#3707 = EDGE_CURVE('',#3700,#3675,#3708,.T.);
#3708 = LINE('',#3709,#3710);
#3709 = CARTESIAN_POINT('',(-279.5,3.,0.));
#3710 = VECTOR('',#3711,1.);
#3711 = DIRECTION('',(-1.,-2.891205793295E-16,-0.));
#3712 = ORIENTED_EDGE('',*,*,#3683,.F.);
#3713 = ORIENTED_EDGE('',*,*,#3714,.F.);
#3714 = EDGE_CURVE('',#3698,#3656,#3715,.T.);
#3715 = LINE('',#3716,#3717);
#3716 = CARTESIAN_POINT('',(-279.5,3.,-3.));
#3717 = VECTOR('',#3718,1.);
#3718 = DIRECTION('',(-1.,-2.891205793295E-16,0.));
#3719 = PLANE('',#3720);
#3720 = AXIS2_PLACEMENT_3D('',#3721,#3722,#3723);
#3721 = CARTESIAN_POINT('',(-279.5,3.,-23.12461179749));
#3722 = DIRECTION('',(-2.891205793295E-16,1.,0.));
#3723 = DIRECTION('',(-1.,-2.891205793295E-16,0.));
#3724 = ADVANCED_FACE('',(#3725),#3752,.F.);
#3725 = FACE_BOUND('',#3726,.F.);
#3726 = EDGE_LOOP('',(#3727,#3736,#3737,#3746));
#3727 = ORIENTED_EDGE('',*,*,#3728,.T.);
#3728 = EDGE_CURVE('',#3729,#3698,#3731,.T.);
#3729 = VERTEX_POINT('',#3730);
#3730 = CARTESIAN_POINT('',(-270.5,-6.,-3.));
#3731 = CIRCLE('',#3732,4.5);
#3732 = AXIS2_PLACEMENT_3D('',#3733,#3734,#3735);
#3733 = CARTESIAN_POINT('',(-270.5,-1.5,-3.));
#3734 = DIRECTION('',(0.,-0.,1.));
#3735 = DIRECTION('',(-1.,0.,0.));
#3736 = ORIENTED_EDGE('',*,*,#3697,.T.);
#3737 = ORIENTED_EDGE('',*,*,#3738,.F.);
#3738 = EDGE_CURVE('',#3739,#3700,#3741,.T.);
#3739 = VERTEX_POINT('',#3740);
#3740 = CARTESIAN_POINT('',(-270.5,-6.,0.));
#3741 = CIRCLE('',#3742,4.5);
#3742 = AXIS2_PLACEMENT_3D('',#3743,#3744,#3745);
#3743 = CARTESIAN_POINT('',(-270.5,-1.5,0.));
#3744 = DIRECTION('',(0.,0.,1.));
#3745 = DIRECTION('',(1.,0.,-0.));
#3746 = ORIENTED_EDGE('',*,*,#3747,.F.);
#3747 = EDGE_CURVE('',#3729,#3739,#3748,.T.);
#3748 = LINE('',#3749,#3750);
#3749 = CARTESIAN_POINT('',(-270.5,-6.,-23.12461179749));
#3750 = VECTOR('',#3751,1.);
#3751 = DIRECTION('',(-0.,-0.,1.));
#3752 = CYLINDRICAL_SURFACE('',#3753,4.5);
#3753 = AXIS2_PLACEMENT_3D('',#3754,#3755,#3756);
#3754 = CARTESIAN_POINT('',(-270.5,-1.5,-23.12461179749));
#3755 = DIRECTION('',(-0.,-0.,1.));
#3756 = DIRECTION('',(1.,0.,0.));
#3757 = ADVANCED_FACE('',(#3758),#3774,.F.);
#3758 = FACE_BOUND('',#3759,.T.);
#3759 = EDGE_LOOP('',(#3760,#3761,#3767,#3768));
#3760 = ORIENTED_EDGE('',*,*,#3666,.T.);
#3761 = ORIENTED_EDGE('',*,*,#3762,.T.);
#3762 = EDGE_CURVE('',#3667,#3739,#3763,.T.);
#3763 = LINE('',#3764,#3765);
#3764 = CARTESIAN_POINT('',(-279.5,-6.,0.));
#3765 = VECTOR('',#3766,1.);
#3766 = DIRECTION('',(1.,2.891205793295E-16,0.));
#3767 = ORIENTED_EDGE('',*,*,#3747,.F.);
#3768 = ORIENTED_EDGE('',*,*,#3769,.F.);
#3769 = EDGE_CURVE('',#3658,#3729,#3770,.T.);
#3770 = LINE('',#3771,#3772);
#3771 = CARTESIAN_POINT('',(-279.5,-6.,-3.));
#3772 = VECTOR('',#3773,1.);
#3773 = DIRECTION('',(1.,2.891205793295E-16,0.));
#3774 = PLANE('',#3775);
#3775 = AXIS2_PLACEMENT_3D('',#3776,#3777,#3778);
#3776 = CARTESIAN_POINT('',(-279.5,-6.,-23.12461179749));
#3777 = DIRECTION('',(2.891205793295E-16,-1.,0.));
#3778 = DIRECTION('',(1.,2.891205793295E-16,0.));
#3779 = ADVANCED_FACE('',(#3780),#3816,.F.);
#3780 = FACE_BOUND('',#3781,.F.);
#3781 = EDGE_LOOP('',(#3782,#3793,#3801,#3810));
#3782 = ORIENTED_EDGE('',*,*,#3783,.T.);
#3783 = EDGE_CURVE('',#3784,#3786,#3788,.T.);
#3784 = VERTEX_POINT('',#3785);
#3785 = CARTESIAN_POINT('',(-304.5,3.,-3.));
#3786 = VERTEX_POINT('',#3787);
#3787 = CARTESIAN_POINT('',(-304.5,-6.,-3.));
#3788 = CIRCLE('',#3789,4.5);
#3789 = AXIS2_PLACEMENT_3D('',#3790,#3791,#3792);
#3790 = CARTESIAN_POINT('',(-304.5,-1.5,-3.));
#3791 = DIRECTION('',(0.,-0.,1.));
#3792 = DIRECTION('',(-1.,0.,0.));
#3793 = ORIENTED_EDGE('',*,*,#3794,.T.);
#3794 = EDGE_CURVE('',#3786,#3795,#3797,.T.);
#3795 = VERTEX_POINT('',#3796);
#3796 = CARTESIAN_POINT('',(-304.5,-6.,0.));
#3797 = LINE('',#3798,#3799);
#3798 = CARTESIAN_POINT('',(-304.5,-6.,-23.12461179749));
#3799 = VECTOR('',#3800,1.);
#3800 = DIRECTION('',(-0.,-0.,1.));
#3801 = ORIENTED_EDGE('',*,*,#3802,.F.);
#3802 = EDGE_CURVE('',#3803,#3795,#3805,.T.);
#3803 = VERTEX_POINT('',#3804);
#3804 = CARTESIAN_POINT('',(-304.5,3.,0.));
#3805 = CIRCLE('',#3806,4.5);
#3806 = AXIS2_PLACEMENT_3D('',#3807,#3808,#3809);
#3807 = CARTESIAN_POINT('',(-304.5,-1.5,0.));
#3808 = DIRECTION('',(0.,0.,1.));
#3809 = DIRECTION('',(1.,0.,-0.));
#3810 = ORIENTED_EDGE('',*,*,#3811,.F.);
#3811 = EDGE_CURVE('',#3784,#3803,#3812,.T.);
#3812 = LINE('',#3813,#3814);
#3813 = CARTESIAN_POINT('',(-304.5,3.,-23.12461179749));
#3814 = VECTOR('',#3815,1.);
#3815 = DIRECTION('',(-0.,-0.,1.));
#3816 = CYLINDRICAL_SURFACE('',#3817,4.5);
#3817 = AXIS2_PLACEMENT_3D('',#3818,#3819,#3820);
#3818 = CARTESIAN_POINT('',(-304.5,-1.5,-23.12461179749));
#3819 = DIRECTION('',(-0.,-0.,1.));
#3820 = DIRECTION('',(1.,0.,0.));
#3821 = ADVANCED_FACE('',(#3822),#3847,.F.);
#3822 = FACE_BOUND('',#3823,.T.);
#3823 = EDGE_LOOP('',(#3824,#3834,#3840,#3841));
#3824 = ORIENTED_EDGE('',*,*,#3825,.T.);
#3825 = EDGE_CURVE('',#3826,#3828,#3830,.T.);
#3826 = VERTEX_POINT('',#3827);
#3827 = CARTESIAN_POINT('',(-295.5,3.,-3.));
#3828 = VERTEX_POINT('',#3829);
#3829 = CARTESIAN_POINT('',(-295.5,3.,0.));
#3830 = LINE('',#3831,#3832);
#3831 = CARTESIAN_POINT('',(-295.5,3.,-23.12461179749));
#3832 = VECTOR('',#3833,1.);
#3833 = DIRECTION('',(-0.,-0.,1.));
#3834 = ORIENTED_EDGE('',*,*,#3835,.T.);
#3835 = EDGE_CURVE('',#3828,#3803,#3836,.T.);
#3836 = LINE('',#3837,#3838);
#3837 = CARTESIAN_POINT('',(-304.5,3.,0.));
#3838 = VECTOR('',#3839,1.);
#3839 = DIRECTION('',(-1.,-2.891205793295E-16,-0.));
#3840 = ORIENTED_EDGE('',*,*,#3811,.F.);
#3841 = ORIENTED_EDGE('',*,*,#3842,.F.);
#3842 = EDGE_CURVE('',#3826,#3784,#3843,.T.);
#3843 = LINE('',#3844,#3845);
#3844 = CARTESIAN_POINT('',(-304.5,3.,-3.));
#3845 = VECTOR('',#3846,1.);
#3846 = DIRECTION('',(-1.,-2.891205793295E-16,0.));
#3847 = PLANE('',#3848);
#3848 = AXIS2_PLACEMENT_3D('',#3849,#3850,#3851);
#3849 = CARTESIAN_POINT('',(-304.5,3.,-23.12461179749));
#3850 = DIRECTION('',(-2.891205793295E-16,1.,0.));
#3851 = DIRECTION('',(-1.,-2.891205793295E-16,0.));
#3852 = ADVANCED_FACE('',(#3853),#3880,.F.);
#3853 = FACE_BOUND('',#3854,.F.);
#3854 = EDGE_LOOP('',(#3855,#3864,#3865,#3874));
#3855 = ORIENTED_EDGE('',*,*,#3856,.T.);
#3856 = EDGE_CURVE('',#3857,#3826,#3859,.T.);
#3857 = VERTEX_POINT('',#3858);
#3858 = CARTESIAN_POINT('',(-295.5,-6.,-3.));
#3859 = CIRCLE('',#3860,4.5);
#3860 = AXIS2_PLACEMENT_3D('',#3861,#3862,#3863);
#3861 = CARTESIAN_POINT('',(-295.5,-1.5,-3.));
#3862 = DIRECTION('',(0.,-0.,1.));
#3863 = DIRECTION('',(-1.,0.,0.));
#3864 = ORIENTED_EDGE('',*,*,#3825,.T.);
#3865 = ORIENTED_EDGE('',*,*,#3866,.F.);
#3866 = EDGE_CURVE('',#3867,#3828,#3869,.T.);
#3867 = VERTEX_POINT('',#3868);
#3868 = CARTESIAN_POINT('',(-295.5,-6.,0.));
#3869 = CIRCLE('',#3870,4.5);
#3870 = AXIS2_PLACEMENT_3D('',#3871,#3872,#3873);
#3871 = CARTESIAN_POINT('',(-295.5,-1.5,0.));
#3872 = DIRECTION('',(0.,0.,1.));
#3873 = DIRECTION('',(1.,0.,-0.));
#3874 = ORIENTED_EDGE('',*,*,#3875,.F.);
#3875 = EDGE_CURVE('',#3857,#3867,#3876,.T.);
#3876 = LINE('',#3877,#3878);
#3877 = CARTESIAN_POINT('',(-295.5,-6.,-23.12461179749));
#3878 = VECTOR('',#3879,1.);
#3879 = DIRECTION('',(-0.,-0.,1.));
#3880 = CYLINDRICAL_SURFACE('',#3881,4.5);
#3881 = AXIS2_PLACEMENT_3D('',#3882,#3883,#3884);
#3882 = CARTESIAN_POINT('',(-295.5,-1.5,-23.12461179749));
#3883 = DIRECTION('',(-0.,-0.,1.));
#3884 = DIRECTION('',(1.,0.,0.));
#3885 = ADVANCED_FACE('',(#3886),#3902,.F.);
#3886 = FACE_BOUND('',#3887,.T.);
#3887 = EDGE_LOOP('',(#3888,#3889,#3895,#3896));
#3888 = ORIENTED_EDGE('',*,*,#3794,.T.);
#3889 = ORIENTED_EDGE('',*,*,#3890,.T.);
#3890 = EDGE_CURVE('',#3795,#3867,#3891,.T.);
#3891 = LINE('',#3892,#3893);
#3892 = CARTESIAN_POINT('',(-304.5,-6.,0.));
#3893 = VECTOR('',#3894,1.);
#3894 = DIRECTION('',(1.,2.891205793295E-16,0.));
#3895 = ORIENTED_EDGE('',*,*,#3875,.F.);
#3896 = ORIENTED_EDGE('',*,*,#3897,.F.);
#3897 = EDGE_CURVE('',#3786,#3857,#3898,.T.);
#3898 = LINE('',#3899,#3900);
#3899 = CARTESIAN_POINT('',(-304.5,-6.,-3.));
#3900 = VECTOR('',#3901,1.);
#3901 = DIRECTION('',(1.,2.891205793295E-16,0.));
#3902 = PLANE('',#3903);
#3903 = AXIS2_PLACEMENT_3D('',#3904,#3905,#3906);
#3904 = CARTESIAN_POINT('',(-304.5,-6.,-23.12461179749));
#3905 = DIRECTION('',(2.891205793295E-16,-1.,0.));
#3906 = DIRECTION('',(1.,2.891205793295E-16,0.));
#3907 = ADVANCED_FACE('',(#3908),#3944,.F.);
#3908 = FACE_BOUND('',#3909,.F.);
#3909 = EDGE_LOOP('',(#3910,#3921,#3929,#3938));
#3910 = ORIENTED_EDGE('',*,*,#3911,.T.);
#3911 = EDGE_CURVE('',#3912,#3914,#3916,.T.);
#3912 = VERTEX_POINT('',#3913);
#3913 = CARTESIAN_POINT('',(-329.5,3.,-3.));
#3914 = VERTEX_POINT('',#3915);
#3915 = CARTESIAN_POINT('',(-329.5,-6.,-3.));
#3916 = CIRCLE('',#3917,4.5);
#3917 = AXIS2_PLACEMENT_3D('',#3918,#3919,#3920);
#3918 = CARTESIAN_POINT('',(-329.5,-1.5,-3.));
#3919 = DIRECTION('',(0.,-0.,1.));
#3920 = DIRECTION('',(-1.,0.,0.));
#3921 = ORIENTED_EDGE('',*,*,#3922,.T.);
#3922 = EDGE_CURVE('',#3914,#3923,#3925,.T.);
#3923 = VERTEX_POINT('',#3924);
#3924 = CARTESIAN_POINT('',(-329.5,-6.,0.));
#3925 = LINE('',#3926,#3927);
#3926 = CARTESIAN_POINT('',(-329.5,-6.,-23.12461179749));
#3927 = VECTOR('',#3928,1.);
#3928 = DIRECTION('',(-0.,-0.,1.));
#3929 = ORIENTED_EDGE('',*,*,#3930,.F.);
#3930 = EDGE_CURVE('',#3931,#3923,#3933,.T.);
#3931 = VERTEX_POINT('',#3932);
#3932 = CARTESIAN_POINT('',(-329.5,3.,0.));
#3933 = CIRCLE('',#3934,4.5);
#3934 = AXIS2_PLACEMENT_3D('',#3935,#3936,#3937);
#3935 = CARTESIAN_POINT('',(-329.5,-1.5,0.));
#3936 = DIRECTION('',(0.,0.,1.));
#3937 = DIRECTION('',(1.,0.,-0.));
#3938 = ORIENTED_EDGE('',*,*,#3939,.F.);
#3939 = EDGE_CURVE('',#3912,#3931,#3940,.T.);
#3940 = LINE('',#3941,#3942);
#3941 = CARTESIAN_POINT('',(-329.5,3.,-23.12461179749));
#3942 = VECTOR('',#3943,1.);
#3943 = DIRECTION('',(-0.,-0.,1.));
#3944 = CYLINDRICAL_SURFACE('',#3945,4.5);
#3945 = AXIS2_PLACEMENT_3D('',#3946,#3947,#3948);
#3946 = CARTESIAN_POINT('',(-329.5,-1.5,-23.12461179749));
#3947 = DIRECTION('',(-0.,-0.,1.));
#3948 = DIRECTION('',(1.,0.,0.));
#3949 = ADVANCED_FACE('',(#3950),#3975,.F.);
#3950 = FACE_BOUND('',#3951,.T.);
#3951 = EDGE_LOOP('',(#3952,#3962,#3968,#3969));
#3952 = ORIENTED_EDGE('',*,*,#3953,.T.);
#3953 = EDGE_CURVE('',#3954,#3956,#3958,.T.);
#3954 = VERTEX_POINT('',#3955);
#3955 = CARTESIAN_POINT('',(-320.5,3.,-3.));
#3956 = VERTEX_POINT('',#3957);
#3957 = CARTESIAN_POINT('',(-320.5,3.,0.));
#3958 = LINE('',#3959,#3960);
#3959 = CARTESIAN_POINT('',(-320.5,3.,-23.12461179749));
#3960 = VECTOR('',#3961,1.);
#3961 = DIRECTION('',(-0.,-0.,1.));
#3962 = ORIENTED_EDGE('',*,*,#3963,.T.);
#3963 = EDGE_CURVE('',#3956,#3931,#3964,.T.);
#3964 = LINE('',#3965,#3966);
#3965 = CARTESIAN_POINT('',(-329.5,3.,0.));
#3966 = VECTOR('',#3967,1.);
#3967 = DIRECTION('',(-1.,-2.891205793295E-16,-0.));
#3968 = ORIENTED_EDGE('',*,*,#3939,.F.);
#3969 = ORIENTED_EDGE('',*,*,#3970,.F.);
#3970 = EDGE_CURVE('',#3954,#3912,#3971,.T.);
#3971 = LINE('',#3972,#3973);
#3972 = CARTESIAN_POINT('',(-329.5,3.,-3.));
#3973 = VECTOR('',#3974,1.);
#3974 = DIRECTION('',(-1.,-2.891205793295E-16,0.));
#3975 = PLANE('',#3976);
#3976 = AXIS2_PLACEMENT_3D('',#3977,#3978,#3979);
#3977 = CARTESIAN_POINT('',(-329.5,3.,-23.12461179749));
#3978 = DIRECTION('',(-2.891205793295E-16,1.,0.));
#3979 = DIRECTION('',(-1.,-2.891205793295E-16,0.));
#3980 = ADVANCED_FACE('',(#3981),#4008,.F.);
#3981 = FACE_BOUND('',#3982,.F.);
#3982 = EDGE_LOOP('',(#3983,#3992,#3993,#4002));
#3983 = ORIENTED_EDGE('',*,*,#3984,.T.);
#3984 = EDGE_CURVE('',#3985,#3954,#3987,.T.);
#3985 = VERTEX_POINT('',#3986);
#3986 = CARTESIAN_POINT('',(-320.5,-6.,-3.));
#3987 = CIRCLE('',#3988,4.5);
#3988 = AXIS2_PLACEMENT_3D('',#3989,#3990,#3991);
#3989 = CARTESIAN_POINT('',(-320.5,-1.5,-3.));
#3990 = DIRECTION('',(0.,-0.,1.));
#3991 = DIRECTION('',(-1.,0.,0.));
#3992 = ORIENTED_EDGE('',*,*,#3953,.T.);
#3993 = ORIENTED_EDGE('',*,*,#3994,.F.);
#3994 = EDGE_CURVE('',#3995,#3956,#3997,.T.);
#3995 = VERTEX_POINT('',#3996);
#3996 = CARTESIAN_POINT('',(-320.5,-6.,0.));
#3997 = CIRCLE('',#3998,4.5);
#3998 = AXIS2_PLACEMENT_3D('',#3999,#4000,#4001);
#3999 = CARTESIAN_POINT('',(-320.5,-1.5,0.));
#4000 = DIRECTION('',(0.,0.,1.));
#4001 = DIRECTION('',(1.,0.,-0.));
#4002 = ORIENTED_EDGE('',*,*,#4003,.F.);
#4003 = EDGE_CURVE('',#3985,#3995,#4004,.T.);
#4004 = LINE('',#4005,#4006);
#4005 = CARTESIAN_POINT('',(-320.5,-6.,-23.12461179749));
#4006 = VECTOR('',#4007,1.);
#4007 = DIRECTION('',(-0.,-0.,1.));
#4008 = CYLINDRICAL_SURFACE('',#4009,4.5);
#4009 = AXIS2_PLACEMENT_3D('',#4010,#4011,#4012);
#4010 = CARTESIAN_POINT('',(-320.5,-1.5,-23.12461179749));
#4011 = DIRECTION('',(-0.,-0.,1.));
#4012 = DIRECTION('',(1.,0.,0.));
#4013 = ADVANCED_FACE('',(#4014),#4030,.F.);
#4014 = FACE_BOUND('',#4015,.T.);
#4015 = EDGE_LOOP('',(#4016,#4017,#4023,#4024));
#4016 = ORIENTED_EDGE('',*,*,#3922,.T.);
#4017 = ORIENTED_EDGE('',*,*,#4018,.T.);
#4018 = EDGE_CURVE('',#3923,#3995,#4019,.T.);
#4019 = LINE('',#4020,#4021);
#4020 = CARTESIAN_POINT('',(-329.5,-6.,0.));
#4021 = VECTOR('',#4022,1.);
#4022 = DIRECTION('',(1.,2.891205793295E-16,0.));
#4023 = ORIENTED_EDGE('',*,*,#4003,.F.);
#4024 = ORIENTED_EDGE('',*,*,#4025,.F.);
#4025 = EDGE_CURVE('',#3914,#3985,#4026,.T.);
#4026 = LINE('',#4027,#4028);
#4027 = CARTESIAN_POINT('',(-329.5,-6.,-3.));
#4028 = VECTOR('',#4029,1.);
#4029 = DIRECTION('',(1.,2.891205793295E-16,0.));
#4030 = PLANE('',#4031);
#4031 = AXIS2_PLACEMENT_3D('',#4032,#4033,#4034);
#4032 = CARTESIAN_POINT('',(-329.5,-6.,-23.12461179749));
#4033 = DIRECTION('',(2.891205793295E-16,-1.,0.));
#4034 = DIRECTION('',(1.,2.891205793295E-16,0.));
#4035 = ADVANCED_FACE('',(#4036),#4072,.F.);
#4036 = FACE_BOUND('',#4037,.F.);
#4037 = EDGE_LOOP('',(#4038,#4049,#4057,#4066));
#4038 = ORIENTED_EDGE('',*,*,#4039,.T.);
#4039 = EDGE_CURVE('',#4040,#4042,#4044,.T.);
#4040 = VERTEX_POINT('',#4041);
#4041 = CARTESIAN_POINT('',(-354.5,3.,-3.));
#4042 = VERTEX_POINT('',#4043);
#4043 = CARTESIAN_POINT('',(-354.5,-6.,-3.));
#4044 = CIRCLE('',#4045,4.5);
#4045 = AXIS2_PLACEMENT_3D('',#4046,#4047,#4048);
#4046 = CARTESIAN_POINT('',(-354.5,-1.5,-3.));
#4047 = DIRECTION('',(0.,-0.,1.));
#4048 = DIRECTION('',(-1.,0.,0.));
#4049 = ORIENTED_EDGE('',*,*,#4050,.T.);
#4050 = EDGE_CURVE('',#4042,#4051,#4053,.T.);
#4051 = VERTEX_POINT('',#4052);
#4052 = CARTESIAN_POINT('',(-354.5,-6.,0.));
#4053 = LINE('',#4054,#4055);
#4054 = CARTESIAN_POINT('',(-354.5,-6.,-23.12461179749));
#4055 = VECTOR('',#4056,1.);
#4056 = DIRECTION('',(-0.,-0.,1.));
#4057 = ORIENTED_EDGE('',*,*,#4058,.F.);
#4058 = EDGE_CURVE('',#4059,#4051,#4061,.T.);
#4059 = VERTEX_POINT('',#4060);
#4060 = CARTESIAN_POINT('',(-354.5,3.,0.));
#4061 = CIRCLE('',#4062,4.5);
#4062 = AXIS2_PLACEMENT_3D('',#4063,#4064,#4065);
#4063 = CARTESIAN_POINT('',(-354.5,-1.5,0.));
#4064 = DIRECTION('',(0.,0.,1.));
#4065 = DIRECTION('',(1.,0.,-0.));
#4066 = ORIENTED_EDGE('',*,*,#4067,.F.);
#4067 = EDGE_CURVE('',#4040,#4059,#4068,.T.);
#4068 = LINE('',#4069,#4070);
#4069 = CARTESIAN_POINT('',(-354.5,3.,-23.12461179749));
#4070 = VECTOR('',#4071,1.);
#4071 = DIRECTION('',(-0.,-0.,1.));
#4072 = CYLINDRICAL_SURFACE('',#4073,4.5);
#4073 = AXIS2_PLACEMENT_3D('',#4074,#4075,#4076);
#4074 = CARTESIAN_POINT('',(-354.5,-1.5,-23.12461179749));
#4075 = DIRECTION('',(-0.,-0.,1.));
#4076 = DIRECTION('',(1.,0.,0.));
#4077 = ADVANCED_FACE('',(#4078),#4103,.F.);
#4078 = FACE_BOUND('',#4079,.T.);
#4079 = EDGE_LOOP('',(#4080,#4090,#4096,#4097));
#4080 = ORIENTED_EDGE('',*,*,#4081,.T.);
#4081 = EDGE_CURVE('',#4082,#4084,#4086,.T.);
#4082 = VERTEX_POINT('',#4083);
#4083 = CARTESIAN_POINT('',(-345.5,3.,-3.));
#4084 = VERTEX_POINT('',#4085);
#4085 = CARTESIAN_POINT('',(-345.5,3.,0.));
#4086 = LINE('',#4087,#4088);
#4087 = CARTESIAN_POINT('',(-345.5,3.,-23.12461179749));
#4088 = VECTOR('',#4089,1.);
#4089 = DIRECTION('',(-0.,-0.,1.));
#4090 = ORIENTED_EDGE('',*,*,#4091,.T.);
#4091 = EDGE_CURVE('',#4084,#4059,#4092,.T.);
#4092 = LINE('',#4093,#4094);
#4093 = CARTESIAN_POINT('',(-354.5,3.,0.));
#4094 = VECTOR('',#4095,1.);
#4095 = DIRECTION('',(-1.,-2.891205793295E-16,-0.));
#4096 = ORIENTED_EDGE('',*,*,#4067,.F.);
#4097 = ORIENTED_EDGE('',*,*,#4098,.F.);
#4098 = EDGE_CURVE('',#4082,#4040,#4099,.T.);
#4099 = LINE('',#4100,#4101);
#4100 = CARTESIAN_POINT('',(-354.5,3.,-3.));
#4101 = VECTOR('',#4102,1.);
#4102 = DIRECTION('',(-1.,-2.891205793295E-16,0.));
#4103 = PLANE('',#4104);
#4104 = AXIS2_PLACEMENT_3D('',#4105,#4106,#4107);
#4105 = CARTESIAN_POINT('',(-354.5,3.,-23.12461179749));
#4106 = DIRECTION('',(-2.891205793295E-16,1.,0.));
#4107 = DIRECTION('',(-1.,-2.891205793295E-16,0.));
#4108 = ADVANCED_FACE('',(#4109),#4136,.F.);
#4109 = FACE_BOUND('',#4110,.F.);
#4110 = EDGE_LOOP('',(#4111,#4120,#4121,#4130));
#4111 = ORIENTED_EDGE('',*,*,#4112,.T.);
#4112 = EDGE_CURVE('',#4113,#4082,#4115,.T.);
#4113 = VERTEX_POINT('',#4114);
#4114 = CARTESIAN_POINT('',(-345.5,-6.,-3.));
#4115 = CIRCLE('',#4116,4.5);
#4116 = AXIS2_PLACEMENT_3D('',#4117,#4118,#4119);
#4117 = CARTESIAN_POINT('',(-345.5,-1.5,-3.));
#4118 = DIRECTION('',(0.,-0.,1.));
#4119 = DIRECTION('',(-1.,0.,0.));
#4120 = ORIENTED_EDGE('',*,*,#4081,.T.);
#4121 = ORIENTED_EDGE('',*,*,#4122,.F.);
#4122 = EDGE_CURVE('',#4123,#4084,#4125,.T.);
#4123 = VERTEX_POINT('',#4124);
#4124 = CARTESIAN_POINT('',(-345.5,-6.,0.));
#4125 = CIRCLE('',#4126,4.5);
#4126 = AXIS2_PLACEMENT_3D('',#4127,#4128,#4129);
#4127 = CARTESIAN_POINT('',(-345.5,-1.5,0.));
#4128 = DIRECTION('',(0.,0.,1.));
#4129 = DIRECTION('',(1.,0.,-0.));
#4130 = ORIENTED_EDGE('',*,*,#4131,.F.);
#4131 = EDGE_CURVE('',#4113,#4123,#4132,.T.);
#4132 = LINE('',#4133,#4134);
#4133 = CARTESIAN_POINT('',(-345.5,-6.,-23.12461179749));
#4134 = VECTOR('',#4135,1.);
#4135 = DIRECTION('',(-0.,-0.,1.));
#4136 = CYLINDRICAL_SURFACE('',#4137,4.5);
#4137 = AXIS2_PLACEMENT_3D('',#4138,#4139,#4140);
#4138 = CARTESIAN_POINT('',(-345.5,-1.5,-23.12461179749));
#4139 = DIRECTION('',(-0.,-0.,1.));
#4140 = DIRECTION('',(1.,0.,0.));
#4141 = ADVANCED_FACE('',(#4142),#4158,.F.);
#4142 = FACE_BOUND('',#4143,.T.);
#4143 = EDGE_LOOP('',(#4144,#4145,#4151,#4152));
#4144 = ORIENTED_EDGE('',*,*,#4050,.T.);
#4145 = ORIENTED_EDGE('',*,*,#4146,.T.);
#4146 = EDGE_CURVE('',#4051,#4123,#4147,.T.);
#4147 = LINE('',#4148,#4149);
#4148 = CARTESIAN_POINT('',(-354.5,-6.,0.));
#4149 = VECTOR('',#4150,1.);
#4150 = DIRECTION('',(1.,2.891205793295E-16,0.));
#4151 = ORIENTED_EDGE('',*,*,#4131,.F.);
#4152 = ORIENTED_EDGE('',*,*,#4153,.F.);
#4153 = EDGE_CURVE('',#4042,#4113,#4154,.T.);
#4154 = LINE('',#4155,#4156);
#4155 = CARTESIAN_POINT('',(-354.5,-6.,-3.));
#4156 = VECTOR('',#4157,1.);
#4157 = DIRECTION('',(1.,2.891205793295E-16,0.));
#4158 = PLANE('',#4159);
#4159 = AXIS2_PLACEMENT_3D('',#4160,#4161,#4162);
#4160 = CARTESIAN_POINT('',(-354.5,-6.,-23.12461179749));
#4161 = DIRECTION('',(2.891205793295E-16,-1.,0.));
#4162 = DIRECTION('',(1.,2.891205793295E-16,0.));
#4163 = ADVANCED_FACE('',(#4164),#4200,.F.);
#4164 = FACE_BOUND('',#4165,.F.);
#4165 = EDGE_LOOP('',(#4166,#4177,#4185,#4194));
#4166 = ORIENTED_EDGE('',*,*,#4167,.T.);
#4167 = EDGE_CURVE('',#4168,#4170,#4172,.T.);
#4168 = VERTEX_POINT('',#4169);
#4169 = CARTESIAN_POINT('',(-379.5,3.,-3.));
#4170 = VERTEX_POINT('',#4171);
#4171 = CARTESIAN_POINT('',(-379.5,-6.,-3.));
#4172 = CIRCLE('',#4173,4.5);
#4173 = AXIS2_PLACEMENT_3D('',#4174,#4175,#4176);
#4174 = CARTESIAN_POINT('',(-379.5,-1.5,-3.));
#4175 = DIRECTION('',(0.,-0.,1.));
#4176 = DIRECTION('',(-1.,0.,0.));
#4177 = ORIENTED_EDGE('',*,*,#4178,.T.);
#4178 = EDGE_CURVE('',#4170,#4179,#4181,.T.);
#4179 = VERTEX_POINT('',#4180);
#4180 = CARTESIAN_POINT('',(-379.5,-6.,0.));
#4181 = LINE('',#4182,#4183);
#4182 = CARTESIAN_POINT('',(-379.5,-6.,-23.12461179749));
#4183 = VECTOR('',#4184,1.);
#4184 = DIRECTION('',(-0.,-0.,1.));
#4185 = ORIENTED_EDGE('',*,*,#4186,.F.);
#4186 = EDGE_CURVE('',#4187,#4179,#4189,.T.);
#4187 = VERTEX_POINT('',#4188);
#4188 = CARTESIAN_POINT('',(-379.5,3.,0.));
#4189 = CIRCLE('',#4190,4.5);
#4190 = AXIS2_PLACEMENT_3D('',#4191,#4192,#4193);
#4191 = CARTESIAN_POINT('',(-379.5,-1.5,0.));
#4192 = DIRECTION('',(0.,0.,1.));
#4193 = DIRECTION('',(1.,0.,-0.));
#4194 = ORIENTED_EDGE('',*,*,#4195,.F.);
#4195 = EDGE_CURVE('',#4168,#4187,#4196,.T.);
#4196 = LINE('',#4197,#4198);
#4197 = CARTESIAN_POINT('',(-379.5,3.,-23.12461179749));
#4198 = VECTOR('',#4199,1.);
#4199 = DIRECTION('',(-0.,-0.,1.));
#4200 = CYLINDRICAL_SURFACE('',#4201,4.5);
#4201 = AXIS2_PLACEMENT_3D('',#4202,#4203,#4204);
#4202 = CARTESIAN_POINT('',(-379.5,-1.5,-23.12461179749));
#4203 = DIRECTION('',(-0.,-0.,1.));
#4204 = DIRECTION('',(1.,0.,0.));
#4205 = ADVANCED_FACE('',(#4206),#4231,.F.);
#4206 = FACE_BOUND('',#4207,.T.);
#4207 = EDGE_LOOP('',(#4208,#4218,#4224,#4225));
#4208 = ORIENTED_EDGE('',*,*,#4209,.T.);
#4209 = EDGE_CURVE('',#4210,#4212,#4214,.T.);
#4210 = VERTEX_POINT('',#4211);
#4211 = CARTESIAN_POINT('',(-370.5,3.,-3.));
#4212 = VERTEX_POINT('',#4213);
#4213 = CARTESIAN_POINT('',(-370.5,3.,0.));
#4214 = LINE('',#4215,#4216);
#4215 = CARTESIAN_POINT('',(-370.5,3.,-23.12461179749));
#4216 = VECTOR('',#4217,1.);
#4217 = DIRECTION('',(-0.,-0.,1.));
#4218 = ORIENTED_EDGE('',*,*,#4219,.T.);
#4219 = EDGE_CURVE('',#4212,#4187,#4220,.T.);
#4220 = LINE('',#4221,#4222);
#4221 = CARTESIAN_POINT('',(-379.5,3.,0.));
#4222 = VECTOR('',#4223,1.);
#4223 = DIRECTION('',(-1.,-2.891205793295E-16,-0.));
#4224 = ORIENTED_EDGE('',*,*,#4195,.F.);
#4225 = ORIENTED_EDGE('',*,*,#4226,.F.);
#4226 = EDGE_CURVE('',#4210,#4168,#4227,.T.);
#4227 = LINE('',#4228,#4229);
#4228 = CARTESIAN_POINT('',(-379.5,3.,-3.));
#4229 = VECTOR('',#4230,1.);
#4230 = DIRECTION('',(-1.,-2.891205793295E-16,0.));
#4231 = PLANE('',#4232);
#4232 = AXIS2_PLACEMENT_3D('',#4233,#4234,#4235);
#4233 = CARTESIAN_POINT('',(-379.5,3.,-23.12461179749));
#4234 = DIRECTION('',(-2.891205793295E-16,1.,0.));
#4235 = DIRECTION('',(-1.,-2.891205793295E-16,0.));
#4236 = ADVANCED_FACE('',(#4237),#4264,.F.);
#4237 = FACE_BOUND('',#4238,.F.);
#4238 = EDGE_LOOP('',(#4239,#4248,#4249,#4258));
#4239 = ORIENTED_EDGE('',*,*,#4240,.T.);
#4240 = EDGE_CURVE('',#4241,#4210,#4243,.T.);
#4241 = VERTEX_POINT('',#4242);
#4242 = CARTESIAN_POINT('',(-370.5,-6.,-3.));
#4243 = CIRCLE('',#4244,4.5);
#4244 = AXIS2_PLACEMENT_3D('',#4245,#4246,#4247);
#4245 = CARTESIAN_POINT('',(-370.5,-1.5,-3.));
#4246 = DIRECTION('',(0.,-0.,1.));
#4247 = DIRECTION('',(-1.,0.,0.));
#4248 = ORIENTED_EDGE('',*,*,#4209,.T.);
#4249 = ORIENTED_EDGE('',*,*,#4250,.F.);
#4250 = EDGE_CURVE('',#4251,#4212,#4253,.T.);
#4251 = VERTEX_POINT('',#4252);
#4252 = CARTESIAN_POINT('',(-370.5,-6.,0.));
#4253 = CIRCLE('',#4254,4.5);
#4254 = AXIS2_PLACEMENT_3D('',#4255,#4256,#4257);
#4255 = CARTESIAN_POINT('',(-370.5,-1.5,0.));
#4256 = DIRECTION('',(0.,0.,1.));
#4257 = DIRECTION('',(1.,0.,-0.));
#4258 = ORIENTED_EDGE('',*,*,#4259,.F.);
#4259 = EDGE_CURVE('',#4241,#4251,#4260,.T.);
#4260 = LINE('',#4261,#4262);
#4261 = CARTESIAN_POINT('',(-370.5,-6.,-23.12461179749));
#4262 = VECTOR('',#4263,1.);
#4263 = DIRECTION('',(-0.,-0.,1.));
#4264 = CYLINDRICAL_SURFACE('',#4265,4.5);
#4265 = AXIS2_PLACEMENT_3D('',#4266,#4267,#4268);
#4266 = CARTESIAN_POINT('',(-370.5,-1.5,-23.12461179749));
#4267 = DIRECTION('',(-0.,-0.,1.));
#4268 = DIRECTION('',(1.,0.,0.));
#4269 = ADVANCED_FACE('',(#4270),#4286,.F.);
#4270 = FACE_BOUND('',#4271,.T.);
#4271 = EDGE_LOOP('',(#4272,#4273,#4279,#4280));
#4272 = ORIENTED_EDGE('',*,*,#4178,.T.);
#4273 = ORIENTED_EDGE('',*,*,#4274,.T.);
#4274 = EDGE_CURVE('',#4179,#4251,#4275,.T.);
#4275 = LINE('',#4276,#4277);
#4276 = CARTESIAN_POINT('',(-379.5,-6.,0.));
#4277 = VECTOR('',#4278,1.);
#4278 = DIRECTION('',(1.,2.891205793295E-16,0.));
#4279 = ORIENTED_EDGE('',*,*,#4259,.F.);
#4280 = ORIENTED_EDGE('',*,*,#4281,.F.);
#4281 = EDGE_CURVE('',#4170,#4241,#4282,.T.);
#4282 = LINE('',#4283,#4284);
#4283 = CARTESIAN_POINT('',(-379.5,-6.,-3.));
#4284 = VECTOR('',#4285,1.);
#4285 = DIRECTION('',(1.,2.891205793295E-16,0.));
#4286 = PLANE('',#4287);
#4287 = AXIS2_PLACEMENT_3D('',#4288,#4289,#4290);
#4288 = CARTESIAN_POINT('',(-379.5,-6.,-23.12461179749));
#4289 = DIRECTION('',(2.891205793295E-16,-1.,0.));
#4290 = DIRECTION('',(1.,2.891205793295E-16,0.));
#4291 = ADVANCED_FACE('',(#4292),#4390,.T.);
#4292 = FACE_BOUND('',#4293,.T.);
#4293 = EDGE_LOOP('',(#4294,#4304,#4312,#4320,#4328,#4336,#4344,#4352,
    #4360,#4368,#4376,#4384));
#4294 = ORIENTED_EDGE('',*,*,#4295,.F.);
#4295 = EDGE_CURVE('',#4296,#4298,#4300,.T.);
#4296 = VERTEX_POINT('',#4297);
#4297 = CARTESIAN_POINT('',(470.,16.5,-32.4));
#4298 = VERTEX_POINT('',#4299);
#4299 = CARTESIAN_POINT('',(470.,16.5,-24.));
#4300 = LINE('',#4301,#4302);
#4301 = CARTESIAN_POINT('',(470.,16.5,-24.));
#4302 = VECTOR('',#4303,1.);
#4303 = DIRECTION('',(0.,-3.290128861624E-15,1.));
#4304 = ORIENTED_EDGE('',*,*,#4305,.T.);
#4305 = EDGE_CURVE('',#4296,#4306,#4308,.T.);
#4306 = VERTEX_POINT('',#4307);
#4307 = CARTESIAN_POINT('',(470.,16.5,-36.));
#4308 = LINE('',#4309,#4310);
#4309 = CARTESIAN_POINT('',(470.,16.5,-32.4));
#4310 = VECTOR('',#4311,1.);
#4311 = DIRECTION('',(0.,3.290128861624E-15,-1.));
#4312 = ORIENTED_EDGE('',*,*,#4313,.F.);
#4313 = EDGE_CURVE('',#4314,#4306,#4316,.T.);
#4314 = VERTEX_POINT('',#4315);
#4315 = CARTESIAN_POINT('',(-470.,16.5,-36.));
#4316 = LINE('',#4317,#4318);
#4317 = CARTESIAN_POINT('',(0.,16.5,-36.));
#4318 = VECTOR('',#4319,1.);
#4319 = DIRECTION('',(1.,-0.,-0.));
#4320 = ORIENTED_EDGE('',*,*,#4321,.F.);
#4321 = EDGE_CURVE('',#4322,#4314,#4324,.T.);
#4322 = VERTEX_POINT('',#4323);
#4323 = CARTESIAN_POINT('',(-470.,16.5,-32.4));
#4324 = LINE('',#4325,#4326);
#4325 = CARTESIAN_POINT('',(-470.,16.5,6.476157023332E-14));
#4326 = VECTOR('',#4327,1.);
#4327 = DIRECTION('',(-0.,3.290128861624E-15,-1.));
#4328 = ORIENTED_EDGE('',*,*,#4329,.F.);
#4329 = EDGE_CURVE('',#4330,#4322,#4332,.T.);
#4330 = VERTEX_POINT('',#4331);
#4331 = CARTESIAN_POINT('',(-470.,16.5,-24.));
#4332 = LINE('',#4333,#4334);
#4333 = CARTESIAN_POINT('',(-470.,16.5,-24.));
#4334 = VECTOR('',#4335,1.);
#4335 = DIRECTION('',(0.,3.290128861624E-15,-1.));
#4336 = ORIENTED_EDGE('',*,*,#4337,.F.);
#4337 = EDGE_CURVE('',#4338,#4330,#4340,.T.);
#4338 = VERTEX_POINT('',#4339);
#4339 = CARTESIAN_POINT('',(-450.,16.5,-7.218007376454));
#4340 = LINE('',#4341,#4342);
#4341 = CARTESIAN_POINT('',(-450.,16.5,-7.218007376454));
#4342 = VECTOR('',#4343,1.);
#4343 = DIRECTION('',(-0.766044443119,2.114854066524E-15,-0.642787609687
    ));
#4344 = ORIENTED_EDGE('',*,*,#4345,.F.);
#4345 = EDGE_CURVE('',#4346,#4338,#4348,.T.);
#4346 = VERTEX_POINT('',#4347);
#4347 = CARTESIAN_POINT('',(-450.,16.5,-3.6));
#4348 = LINE('',#4349,#4350);
#4349 = CARTESIAN_POINT('',(-450.,16.5,-3.));
#4350 = VECTOR('',#4351,1.);
#4351 = DIRECTION('',(0.,3.290128861624E-15,-1.));
#4352 = ORIENTED_EDGE('',*,*,#4353,.T.);
#4353 = EDGE_CURVE('',#4346,#4354,#4356,.T.);
#4354 = VERTEX_POINT('',#4355);
#4355 = CARTESIAN_POINT('',(-450.,16.5,0.));
#4356 = LINE('',#4357,#4358);
#4357 = CARTESIAN_POINT('',(-450.,16.5,-3.6));
#4358 = VECTOR('',#4359,1.);
#4359 = DIRECTION('',(-0.,-3.290128861624E-15,1.));
#4360 = ORIENTED_EDGE('',*,*,#4361,.T.);
#4361 = EDGE_CURVE('',#4354,#4362,#4364,.T.);
#4362 = VERTEX_POINT('',#4363);
#4363 = CARTESIAN_POINT('',(450.,16.5,0.));
#4364 = LINE('',#4365,#4366);
#4365 = CARTESIAN_POINT('',(0.,16.5,0.));
#4366 = VECTOR('',#4367,1.);
#4367 = DIRECTION('',(1.,-0.,0.));
#4368 = ORIENTED_EDGE('',*,*,#4369,.F.);
#4369 = EDGE_CURVE('',#4370,#4362,#4372,.T.);
#4370 = VERTEX_POINT('',#4371);
#4371 = CARTESIAN_POINT('',(450.,16.5,-3.6));
#4372 = LINE('',#4373,#4374);
#4373 = CARTESIAN_POINT('',(450.,16.5,6.476157023332E-14));
#4374 = VECTOR('',#4375,1.);
#4375 = DIRECTION('',(0.,-3.290128861624E-15,1.));
#4376 = ORIENTED_EDGE('',*,*,#4377,.F.);
#4377 = EDGE_CURVE('',#4378,#4370,#4380,.T.);
#4378 = VERTEX_POINT('',#4379);
#4379 = CARTESIAN_POINT('',(450.,16.5,-7.218007376454));
#4380 = LINE('',#4381,#4382);
#4381 = CARTESIAN_POINT('',(450.,16.5,-3.));
#4382 = VECTOR('',#4383,1.);
#4383 = DIRECTION('',(-1.316051544649E-14,-3.290128861624E-15,1.));
#4384 = ORIENTED_EDGE('',*,*,#4385,.F.);
#4385 = EDGE_CURVE('',#4298,#4378,#4386,.T.);
#4386 = LINE('',#4387,#4388);
#4387 = CARTESIAN_POINT('',(450.,16.5,-7.218007376454));
#4388 = VECTOR('',#4389,1.);
#4389 = DIRECTION('',(-0.766044443119,-2.114854066524E-15,0.642787609687
    ));
#4390 = PLANE('',#4391);
#4391 = AXIS2_PLACEMENT_3D('',#4392,#4393,#4394);
#4392 = CARTESIAN_POINT('',(0.,16.5,6.476157023332E-14));
#4393 = DIRECTION('',(0.,1.,3.290128861624E-15));
#4394 = DIRECTION('',(0.,-3.290128861624E-15,1.));
#4395 = ADVANCED_FACE('',(#4396),#4494,.F.);
#4396 = FACE_BOUND('',#4397,.T.);
#4397 = EDGE_LOOP('',(#4398,#4408,#4416,#4424,#4432,#4440,#4448,#4456,
    #4464,#4472,#4480,#4488));
#4398 = ORIENTED_EDGE('',*,*,#4399,.T.);
#4399 = EDGE_CURVE('',#4400,#4402,#4404,.T.);
#4400 = VERTEX_POINT('',#4401);
#4401 = CARTESIAN_POINT('',(-470.,13.5,-24.));
#4402 = VERTEX_POINT('',#4403);
#4403 = CARTESIAN_POINT('',(-470.,13.5,-32.4));
#4404 = LINE('',#4405,#4406);
#4405 = CARTESIAN_POINT('',(-470.,13.5,5.428712621679E-14));
#4406 = VECTOR('',#4407,1.);
#4407 = DIRECTION('',(-0.,3.290128861624E-15,-1.));
#4408 = ORIENTED_EDGE('',*,*,#4409,.T.);
#4409 = EDGE_CURVE('',#4402,#4410,#4412,.T.);
#4410 = VERTEX_POINT('',#4411);
#4411 = CARTESIAN_POINT('',(-470.,13.5,-33.));
#4412 = LINE('',#4413,#4414);
#4413 = CARTESIAN_POINT('',(-470.,13.5,-32.4));
#4414 = VECTOR('',#4415,1.);
#4415 = DIRECTION('',(0.,3.290128861624E-15,-1.));
#4416 = ORIENTED_EDGE('',*,*,#4417,.T.);
#4417 = EDGE_CURVE('',#4410,#4418,#4420,.T.);
#4418 = VERTEX_POINT('',#4419);
#4419 = CARTESIAN_POINT('',(470.,13.5,-33.));
#4420 = LINE('',#4421,#4422);
#4421 = CARTESIAN_POINT('',(0.,13.5,-33.));
#4422 = VECTOR('',#4423,1.);
#4423 = DIRECTION('',(1.,-0.,0.));
#4424 = ORIENTED_EDGE('',*,*,#4425,.F.);
#4425 = EDGE_CURVE('',#4426,#4418,#4428,.T.);
#4426 = VERTEX_POINT('',#4427);
#4427 = CARTESIAN_POINT('',(470.,13.5,-32.4));
#4428 = LINE('',#4429,#4430);
#4429 = CARTESIAN_POINT('',(470.,13.5,5.428712621679E-14));
#4430 = VECTOR('',#4431,1.);
#4431 = DIRECTION('',(-0.,3.290128861624E-15,-1.));
#4432 = ORIENTED_EDGE('',*,*,#4433,.T.);
#4433 = EDGE_CURVE('',#4426,#4434,#4436,.T.);
#4434 = VERTEX_POINT('',#4435);
#4435 = CARTESIAN_POINT('',(470.,13.5,-24.));
#4436 = LINE('',#4437,#4438);
#4437 = CARTESIAN_POINT('',(470.,13.5,5.428712621679E-14));
#4438 = VECTOR('',#4439,1.);
#4439 = DIRECTION('',(-0.,-3.290128861624E-15,1.));
#4440 = ORIENTED_EDGE('',*,*,#4441,.T.);
#4441 = EDGE_CURVE('',#4434,#4442,#4444,.T.);
#4442 = VERTEX_POINT('',#4443);
#4443 = CARTESIAN_POINT('',(450.,13.5,-7.218007376455));
#4444 = LINE('',#4445,#4446);
#4445 = CARTESIAN_POINT('',(182.37498521212,13.499999999999,
    217.34604382586));
#4446 = VECTOR('',#4447,1.);
#4447 = DIRECTION('',(-0.766044443119,-2.114854066524E-15,0.642787609687
    ));
#4448 = ORIENTED_EDGE('',*,*,#4449,.T.);
#4449 = EDGE_CURVE('',#4442,#4450,#4452,.T.);
#4450 = VERTEX_POINT('',#4451);
#4451 = CARTESIAN_POINT('',(450.,13.5,-3.6));
#4452 = LINE('',#4453,#4454);
#4453 = CARTESIAN_POINT('',(450.,13.5,5.976519077139E-12));
#4454 = VECTOR('',#4455,1.);
#4455 = DIRECTION('',(-1.316051544649E-14,-3.290128861624E-15,1.));
#4456 = ORIENTED_EDGE('',*,*,#4457,.T.);
#4457 = EDGE_CURVE('',#4450,#4458,#4460,.T.);
#4458 = VERTEX_POINT('',#4459);
#4459 = CARTESIAN_POINT('',(450.,13.5,-3.));
#4460 = LINE('',#4461,#4462);
#4461 = CARTESIAN_POINT('',(450.,13.5,-3.6));
#4462 = VECTOR('',#4463,1.);
#4463 = DIRECTION('',(-0.,-3.290128861624E-15,1.));
#4464 = ORIENTED_EDGE('',*,*,#4465,.F.);
#4465 = EDGE_CURVE('',#4466,#4458,#4468,.T.);
#4466 = VERTEX_POINT('',#4467);
#4467 = CARTESIAN_POINT('',(-450.,13.5,-3.));
#4468 = LINE('',#4469,#4470);
#4469 = CARTESIAN_POINT('',(0.,13.5,-3.));
#4470 = VECTOR('',#4471,1.);
#4471 = DIRECTION('',(1.,-0.,-0.));
#4472 = ORIENTED_EDGE('',*,*,#4473,.F.);
#4473 = EDGE_CURVE('',#4474,#4466,#4476,.T.);
#4474 = VERTEX_POINT('',#4475);
#4475 = CARTESIAN_POINT('',(-450.,13.5,-3.6));
#4476 = LINE('',#4477,#4478);
#4477 = CARTESIAN_POINT('',(-450.,13.5,5.428712621679E-14));
#4478 = VECTOR('',#4479,1.);
#4479 = DIRECTION('',(0.,-3.290128861624E-15,1.));
#4480 = ORIENTED_EDGE('',*,*,#4481,.T.);
#4481 = EDGE_CURVE('',#4474,#4482,#4484,.T.);
#4482 = VERTEX_POINT('',#4483);
#4483 = CARTESIAN_POINT('',(-450.,13.5,-7.218007376455));
#4484 = LINE('',#4485,#4486);
#4485 = CARTESIAN_POINT('',(-450.,13.5,5.428712621679E-14));
#4486 = VECTOR('',#4487,1.);
#4487 = DIRECTION('',(-0.,3.290128861624E-15,-1.));
#4488 = ORIENTED_EDGE('',*,*,#4489,.T.);
#4489 = EDGE_CURVE('',#4482,#4400,#4490,.T.);
#4490 = LINE('',#4491,#4492);
#4491 = CARTESIAN_POINT('',(-182.3749852121,13.499999999999,
    217.34604382586));
#4492 = VECTOR('',#4493,1.);
#4493 = DIRECTION('',(-0.766044443119,2.114854066524E-15,-0.642787609687
    ));
#4494 = PLANE('',#4495);
#4495 = AXIS2_PLACEMENT_3D('',#4496,#4497,#4498);
#4496 = CARTESIAN_POINT('',(0.,13.5,5.428712621679E-14));
#4497 = DIRECTION('',(0.,1.,3.290128861624E-15));
#4498 = DIRECTION('',(0.,-3.290128861624E-15,1.));
#4499 = ADVANCED_FACE('',(#4500),#4516,.T.);
#4500 = FACE_BOUND('',#4501,.T.);
#4501 = EDGE_LOOP('',(#4502,#4503,#4509,#4510));
#4502 = ORIENTED_EDGE('',*,*,#4433,.F.);
#4503 = ORIENTED_EDGE('',*,*,#4504,.T.);
#4504 = EDGE_CURVE('',#4426,#4296,#4505,.T.);
#4505 = LINE('',#4506,#4507);
#4506 = CARTESIAN_POINT('',(470.,13.5,-32.4));
#4507 = VECTOR('',#4508,1.);
#4508 = DIRECTION('',(4.108650548026E-29,1.,0.));
#4509 = ORIENTED_EDGE('',*,*,#4295,.T.);
#4510 = ORIENTED_EDGE('',*,*,#4511,.T.);
#4511 = EDGE_CURVE('',#4298,#4434,#4512,.T.);
#4512 = LINE('',#4513,#4514);
#4513 = CARTESIAN_POINT('',(470.,16.5,-24.));
#4514 = VECTOR('',#4515,1.);
#4515 = DIRECTION('',(0.,-1.,-3.491481338843E-15));
#4516 = PLANE('',#4517);
#4517 = AXIS2_PLACEMENT_3D('',#4518,#4519,#4520);
#4518 = CARTESIAN_POINT('',(470.,16.5,-24.));
#4519 = DIRECTION('',(1.,0.,0.));
#4520 = DIRECTION('',(0.,0.,-1.));
#4521 = ADVANCED_FACE('',(#4522),#4556,.T.);
#4522 = FACE_BOUND('',#4523,.T.);
#4523 = EDGE_LOOP('',(#4524,#4534,#4542,#4550));
#4524 = ORIENTED_EDGE('',*,*,#4525,.T.);
#4525 = EDGE_CURVE('',#4526,#4528,#4530,.T.);
#4526 = VERTEX_POINT('',#4527);
#4527 = CARTESIAN_POINT('',(450.,-16.5,-3.));
#4528 = VERTEX_POINT('',#4529);
#4529 = CARTESIAN_POINT('',(450.,12.9,-3.));
#4530 = LINE('',#4531,#4532);
#4531 = CARTESIAN_POINT('',(450.,-16.5,-3.));
#4532 = VECTOR('',#4533,1.);
#4533 = DIRECTION('',(0.,1.,0.));
#4534 = ORIENTED_EDGE('',*,*,#4535,.T.);
#4535 = EDGE_CURVE('',#4528,#4536,#4538,.T.);
#4536 = VERTEX_POINT('',#4537);
#4537 = CARTESIAN_POINT('',(450.,12.9,-1.170938346284E-14));
#4538 = LINE('',#4539,#4540);
#4539 = CARTESIAN_POINT('',(450.,12.9,-3.));
#4540 = VECTOR('',#4541,1.);
#4541 = DIRECTION('',(0.,0.,1.));
#4542 = ORIENTED_EDGE('',*,*,#4543,.F.);
#4543 = EDGE_CURVE('',#4544,#4536,#4546,.T.);
#4544 = VERTEX_POINT('',#4545);
#4545 = CARTESIAN_POINT('',(450.,-16.5,0.));
#4546 = LINE('',#4547,#4548);
#4547 = CARTESIAN_POINT('',(450.,-16.5,0.));
#4548 = VECTOR('',#4549,1.);
#4549 = DIRECTION('',(0.,1.,0.));
#4550 = ORIENTED_EDGE('',*,*,#4551,.F.);
#4551 = EDGE_CURVE('',#4526,#4544,#4552,.T.);
#4552 = LINE('',#4553,#4554);
#4553 = CARTESIAN_POINT('',(450.,-16.5,-3.));
#4554 = VECTOR('',#4555,1.);
#4555 = DIRECTION('',(0.,0.,1.));
#4556 = PLANE('',#4557);
#4557 = AXIS2_PLACEMENT_3D('',#4558,#4559,#4560);
#4558 = CARTESIAN_POINT('',(450.,-16.5,-3.));
#4559 = DIRECTION('',(1.,0.,0.));
#4560 = DIRECTION('',(0.,0.,-1.));
#4561 = ADVANCED_FACE('',(#4562,#4598,#4634,#4666,#4672,#4678,#4684,
    #4690,#4696,#4702,#4708,#4714,#4720,#4726,#4732,#4738,#4744,#4750,
    #4756,#4762,#4768,#4774,#4780,#4786,#4792,#4798,#4804,#4810,#4816,
    #4822,#4828,#4834,#4840,#4846,#4852,#4858),#4864,.T.);
#4562 = FACE_BOUND('',#4563,.T.);
#4563 = EDGE_LOOP('',(#4564,#4574,#4583,#4591));
#4564 = ORIENTED_EDGE('',*,*,#4565,.T.);
#4565 = EDGE_CURVE('',#4566,#4568,#4570,.T.);
#4566 = VERTEX_POINT('',#4567);
#4567 = CARTESIAN_POINT('',(-404.5,-6.,-3.));
#4568 = VERTEX_POINT('',#4569);
#4569 = CARTESIAN_POINT('',(-395.5,-6.,-3.));
#4570 = LINE('',#4571,#4572);
#4571 = CARTESIAN_POINT('',(-404.5,-6.,-3.));
#4572 = VECTOR('',#4573,1.);
#4573 = DIRECTION('',(1.,2.891205793295E-16,0.));
#4574 = ORIENTED_EDGE('',*,*,#4575,.T.);
#4575 = EDGE_CURVE('',#4568,#4576,#4578,.T.);
#4576 = VERTEX_POINT('',#4577);
#4577 = CARTESIAN_POINT('',(-395.5,3.,-3.));
#4578 = CIRCLE('',#4579,4.5);
#4579 = AXIS2_PLACEMENT_3D('',#4580,#4581,#4582);
#4580 = CARTESIAN_POINT('',(-395.5,-1.5,-3.));
#4581 = DIRECTION('',(0.,-0.,1.));
#4582 = DIRECTION('',(-1.,0.,0.));
#4583 = ORIENTED_EDGE('',*,*,#4584,.T.);
#4584 = EDGE_CURVE('',#4576,#4585,#4587,.T.);
#4585 = VERTEX_POINT('',#4586);
#4586 = CARTESIAN_POINT('',(-404.5,3.,-3.));
#4587 = LINE('',#4588,#4589);
#4588 = CARTESIAN_POINT('',(-404.5,3.,-3.));
#4589 = VECTOR('',#4590,1.);
#4590 = DIRECTION('',(-1.,-2.891205793295E-16,0.));
#4591 = ORIENTED_EDGE('',*,*,#4592,.T.);
#4592 = EDGE_CURVE('',#4585,#4566,#4593,.T.);
#4593 = CIRCLE('',#4594,4.5);
#4594 = AXIS2_PLACEMENT_3D('',#4595,#4596,#4597);
#4595 = CARTESIAN_POINT('',(-404.5,-1.5,-3.));
#4596 = DIRECTION('',(0.,-0.,1.));
#4597 = DIRECTION('',(-1.,0.,0.));
#4598 = FACE_BOUND('',#4599,.T.);
#4599 = EDGE_LOOP('',(#4600,#4610,#4619,#4627));
#4600 = ORIENTED_EDGE('',*,*,#4601,.T.);
#4601 = EDGE_CURVE('',#4602,#4604,#4606,.T.);
#4602 = VERTEX_POINT('',#4603);
#4603 = CARTESIAN_POINT('',(-429.5,-6.,-3.));
#4604 = VERTEX_POINT('',#4605);
#4605 = CARTESIAN_POINT('',(-420.5,-6.,-3.));
#4606 = LINE('',#4607,#4608);
#4607 = CARTESIAN_POINT('',(-429.5,-6.,-3.));
#4608 = VECTOR('',#4609,1.);
#4609 = DIRECTION('',(1.,2.891205793295E-16,0.));
#4610 = ORIENTED_EDGE('',*,*,#4611,.T.);
#4611 = EDGE_CURVE('',#4604,#4612,#4614,.T.);
#4612 = VERTEX_POINT('',#4613);
#4613 = CARTESIAN_POINT('',(-420.5,3.,-3.));
#4614 = CIRCLE('',#4615,4.5);
#4615 = AXIS2_PLACEMENT_3D('',#4616,#4617,#4618);
#4616 = CARTESIAN_POINT('',(-420.5,-1.5,-3.));
#4617 = DIRECTION('',(0.,-0.,1.));
#4618 = DIRECTION('',(-1.,0.,0.));
#4619 = ORIENTED_EDGE('',*,*,#4620,.T.);
#4620 = EDGE_CURVE('',#4612,#4621,#4623,.T.);
#4621 = VERTEX_POINT('',#4622);
#4622 = CARTESIAN_POINT('',(-429.5,3.,-3.));
#4623 = LINE('',#4624,#4625);
#4624 = CARTESIAN_POINT('',(-429.5,3.,-3.));
#4625 = VECTOR('',#4626,1.);
#4626 = DIRECTION('',(-1.,-2.891205793295E-16,0.));
#4627 = ORIENTED_EDGE('',*,*,#4628,.T.);
#4628 = EDGE_CURVE('',#4621,#4602,#4629,.T.);
#4629 = CIRCLE('',#4630,4.5);
#4630 = AXIS2_PLACEMENT_3D('',#4631,#4632,#4633);
#4631 = CARTESIAN_POINT('',(-429.5,-1.5,-3.));
#4632 = DIRECTION('',(0.,-0.,1.));
#4633 = DIRECTION('',(-1.,0.,0.));
#4634 = FACE_BOUND('',#4635,.T.);
#4635 = EDGE_LOOP('',(#4636,#4646,#4652,#4653,#4659,#4660));
#4636 = ORIENTED_EDGE('',*,*,#4637,.F.);
#4637 = EDGE_CURVE('',#4638,#4640,#4642,.T.);
#4638 = VERTEX_POINT('',#4639);
#4639 = CARTESIAN_POINT('',(-450.,12.9,-3.));
#4640 = VERTEX_POINT('',#4641);
#4641 = CARTESIAN_POINT('',(-450.,-16.5,-3.));
#4642 = LINE('',#4643,#4644);
#4643 = CARTESIAN_POINT('',(-450.,-16.5,-3.));
#4644 = VECTOR('',#4645,1.);
#4645 = DIRECTION('',(-0.,-1.,-0.));
#4646 = ORIENTED_EDGE('',*,*,#4647,.T.);
#4647 = EDGE_CURVE('',#4638,#4466,#4648,.T.);
#4648 = LINE('',#4649,#4650);
#4649 = CARTESIAN_POINT('',(-450.,12.9,-3.));
#4650 = VECTOR('',#4651,1.);
#4651 = DIRECTION('',(-0.,1.,-0.));
#4652 = ORIENTED_EDGE('',*,*,#4465,.T.);
#4653 = ORIENTED_EDGE('',*,*,#4654,.F.);
#4654 = EDGE_CURVE('',#4528,#4458,#4655,.T.);
#4655 = LINE('',#4656,#4657);
#4656 = CARTESIAN_POINT('',(450.,0.,-3.));
#4657 = VECTOR('',#4658,1.);
#4658 = DIRECTION('',(0.,1.,0.));
#4659 = ORIENTED_EDGE('',*,*,#4525,.F.);
#4660 = ORIENTED_EDGE('',*,*,#4661,.F.);
#4661 = EDGE_CURVE('',#4640,#4526,#4662,.T.);
#4662 = LINE('',#4663,#4664);
#4663 = CARTESIAN_POINT('',(-450.,-16.5,-3.));
#4664 = VECTOR('',#4665,1.);
#4665 = DIRECTION('',(1.,0.,0.));
#4666 = FACE_BOUND('',#4667,.T.);
#4667 = EDGE_LOOP('',(#4668,#4669,#4670,#4671));
#4668 = ORIENTED_EDGE('',*,*,#4281,.T.);
#4669 = ORIENTED_EDGE('',*,*,#4240,.T.);
#4670 = ORIENTED_EDGE('',*,*,#4226,.T.);
#4671 = ORIENTED_EDGE('',*,*,#4167,.T.);
#4672 = FACE_BOUND('',#4673,.T.);
#4673 = EDGE_LOOP('',(#4674,#4675,#4676,#4677));
#4674 = ORIENTED_EDGE('',*,*,#4153,.T.);
#4675 = ORIENTED_EDGE('',*,*,#4112,.T.);
#4676 = ORIENTED_EDGE('',*,*,#4098,.T.);
#4677 = ORIENTED_EDGE('',*,*,#4039,.T.);
#4678 = FACE_BOUND('',#4679,.T.);
#4679 = EDGE_LOOP('',(#4680,#4681,#4682,#4683));
#4680 = ORIENTED_EDGE('',*,*,#4025,.T.);
#4681 = ORIENTED_EDGE('',*,*,#3984,.T.);
#4682 = ORIENTED_EDGE('',*,*,#3970,.T.);
#4683 = ORIENTED_EDGE('',*,*,#3911,.T.);
#4684 = FACE_BOUND('',#4685,.T.);
#4685 = EDGE_LOOP('',(#4686,#4687,#4688,#4689));
#4686 = ORIENTED_EDGE('',*,*,#3897,.T.);
#4687 = ORIENTED_EDGE('',*,*,#3856,.T.);
#4688 = ORIENTED_EDGE('',*,*,#3842,.T.);
#4689 = ORIENTED_EDGE('',*,*,#3783,.T.);
#4690 = FACE_BOUND('',#4691,.T.);
#4691 = EDGE_LOOP('',(#4692,#4693,#4694,#4695));
#4692 = ORIENTED_EDGE('',*,*,#3769,.T.);
#4693 = ORIENTED_EDGE('',*,*,#3728,.T.);
#4694 = ORIENTED_EDGE('',*,*,#3714,.T.);
#4695 = ORIENTED_EDGE('',*,*,#3655,.T.);
#4696 = FACE_BOUND('',#4697,.T.);
#4697 = EDGE_LOOP('',(#4698,#4699,#4700,#4701));
#4698 = ORIENTED_EDGE('',*,*,#3641,.T.);
#4699 = ORIENTED_EDGE('',*,*,#3600,.T.);
#4700 = ORIENTED_EDGE('',*,*,#3586,.T.);
#4701 = ORIENTED_EDGE('',*,*,#3527,.T.);
#4702 = FACE_BOUND('',#4703,.T.);
#4703 = EDGE_LOOP('',(#4704,#4705,#4706,#4707));
#4704 = ORIENTED_EDGE('',*,*,#3513,.T.);
#4705 = ORIENTED_EDGE('',*,*,#3472,.T.);
#4706 = ORIENTED_EDGE('',*,*,#3458,.T.);
#4707 = ORIENTED_EDGE('',*,*,#3399,.T.);
#4708 = FACE_BOUND('',#4709,.T.);
#4709 = EDGE_LOOP('',(#4710,#4711,#4712,#4713));
#4710 = ORIENTED_EDGE('',*,*,#3385,.T.);
#4711 = ORIENTED_EDGE('',*,*,#3344,.T.);
#4712 = ORIENTED_EDGE('',*,*,#3330,.T.);
#4713 = ORIENTED_EDGE('',*,*,#3271,.T.);
#4714 = FACE_BOUND('',#4715,.T.);
#4715 = EDGE_LOOP('',(#4716,#4717,#4718,#4719));
#4716 = ORIENTED_EDGE('',*,*,#3257,.T.);
#4717 = ORIENTED_EDGE('',*,*,#3216,.T.);
#4718 = ORIENTED_EDGE('',*,*,#3202,.T.);
#4719 = ORIENTED_EDGE('',*,*,#3143,.T.);
#4720 = FACE_BOUND('',#4721,.T.);
#4721 = EDGE_LOOP('',(#4722,#4723,#4724,#4725));
#4722 = ORIENTED_EDGE('',*,*,#3129,.T.);
#4723 = ORIENTED_EDGE('',*,*,#3088,.T.);
#4724 = ORIENTED_EDGE('',*,*,#3074,.T.);
#4725 = ORIENTED_EDGE('',*,*,#3015,.T.);
#4726 = FACE_BOUND('',#4727,.T.);
#4727 = EDGE_LOOP('',(#4728,#4729,#4730,#4731));
#4728 = ORIENTED_EDGE('',*,*,#3001,.T.);
#4729 = ORIENTED_EDGE('',*,*,#2960,.T.);
#4730 = ORIENTED_EDGE('',*,*,#2946,.T.);
#4731 = ORIENTED_EDGE('',*,*,#2887,.T.);
#4732 = FACE_BOUND('',#4733,.T.);
#4733 = EDGE_LOOP('',(#4734,#4735,#4736,#4737));
#4734 = ORIENTED_EDGE('',*,*,#2873,.T.);
#4735 = ORIENTED_EDGE('',*,*,#2832,.T.);
#4736 = ORIENTED_EDGE('',*,*,#2818,.T.);
#4737 = ORIENTED_EDGE('',*,*,#2759,.T.);
#4738 = FACE_BOUND('',#4739,.T.);
#4739 = EDGE_LOOP('',(#4740,#4741,#4742,#4743));
#4740 = ORIENTED_EDGE('',*,*,#2745,.T.);
#4741 = ORIENTED_EDGE('',*,*,#2704,.T.);
#4742 = ORIENTED_EDGE('',*,*,#2690,.T.);
#4743 = ORIENTED_EDGE('',*,*,#2631,.T.);
#4744 = FACE_BOUND('',#4745,.T.);
#4745 = EDGE_LOOP('',(#4746,#4747,#4748,#4749));
#4746 = ORIENTED_EDGE('',*,*,#2617,.T.);
#4747 = ORIENTED_EDGE('',*,*,#2576,.T.);
#4748 = ORIENTED_EDGE('',*,*,#2562,.T.);
#4749 = ORIENTED_EDGE('',*,*,#2503,.T.);
#4750 = FACE_BOUND('',#4751,.T.);
#4751 = EDGE_LOOP('',(#4752,#4753,#4754,#4755));
#4752 = ORIENTED_EDGE('',*,*,#2489,.T.);
#4753 = ORIENTED_EDGE('',*,*,#2448,.T.);
#4754 = ORIENTED_EDGE('',*,*,#2434,.T.);
#4755 = ORIENTED_EDGE('',*,*,#2375,.T.);
#4756 = FACE_BOUND('',#4757,.T.);
#4757 = EDGE_LOOP('',(#4758,#4759,#4760,#4761));
#4758 = ORIENTED_EDGE('',*,*,#2361,.T.);
#4759 = ORIENTED_EDGE('',*,*,#2320,.T.);
#4760 = ORIENTED_EDGE('',*,*,#2306,.T.);
#4761 = ORIENTED_EDGE('',*,*,#2247,.T.);
#4762 = FACE_BOUND('',#4763,.T.);
#4763 = EDGE_LOOP('',(#4764,#4765,#4766,#4767));
#4764 = ORIENTED_EDGE('',*,*,#2233,.T.);
#4765 = ORIENTED_EDGE('',*,*,#2192,.T.);
#4766 = ORIENTED_EDGE('',*,*,#2178,.T.);
#4767 = ORIENTED_EDGE('',*,*,#2119,.T.);
#4768 = FACE_BOUND('',#4769,.T.);
#4769 = EDGE_LOOP('',(#4770,#4771,#4772,#4773));
#4770 = ORIENTED_EDGE('',*,*,#2105,.T.);
#4771 = ORIENTED_EDGE('',*,*,#2064,.T.);
#4772 = ORIENTED_EDGE('',*,*,#2050,.T.);
#4773 = ORIENTED_EDGE('',*,*,#1991,.T.);
#4774 = FACE_BOUND('',#4775,.T.);
#4775 = EDGE_LOOP('',(#4776,#4777,#4778,#4779));
#4776 = ORIENTED_EDGE('',*,*,#1977,.T.);
#4777 = ORIENTED_EDGE('',*,*,#1936,.T.);
#4778 = ORIENTED_EDGE('',*,*,#1922,.T.);
#4779 = ORIENTED_EDGE('',*,*,#1863,.T.);
#4780 = FACE_BOUND('',#4781,.T.);
#4781 = EDGE_LOOP('',(#4782,#4783,#4784,#4785));
#4782 = ORIENTED_EDGE('',*,*,#1849,.T.);
#4783 = ORIENTED_EDGE('',*,*,#1808,.T.);
#4784 = ORIENTED_EDGE('',*,*,#1794,.T.);
#4785 = ORIENTED_EDGE('',*,*,#1735,.T.);
#4786 = FACE_BOUND('',#4787,.T.);
#4787 = EDGE_LOOP('',(#4788,#4789,#4790,#4791));
#4788 = ORIENTED_EDGE('',*,*,#1721,.T.);
#4789 = ORIENTED_EDGE('',*,*,#1680,.T.);
#4790 = ORIENTED_EDGE('',*,*,#1666,.T.);
#4791 = ORIENTED_EDGE('',*,*,#1607,.T.);
#4792 = FACE_BOUND('',#4793,.T.);
#4793 = EDGE_LOOP('',(#4794,#4795,#4796,#4797));
#4794 = ORIENTED_EDGE('',*,*,#1593,.T.);
#4795 = ORIENTED_EDGE('',*,*,#1552,.T.);
#4796 = ORIENTED_EDGE('',*,*,#1538,.T.);
#4797 = ORIENTED_EDGE('',*,*,#1479,.T.);
#4798 = FACE_BOUND('',#4799,.T.);
#4799 = EDGE_LOOP('',(#4800,#4801,#4802,#4803));
#4800 = ORIENTED_EDGE('',*,*,#1465,.T.);
#4801 = ORIENTED_EDGE('',*,*,#1424,.T.);
#4802 = ORIENTED_EDGE('',*,*,#1410,.T.);
#4803 = ORIENTED_EDGE('',*,*,#1351,.T.);
#4804 = FACE_BOUND('',#4805,.T.);
#4805 = EDGE_LOOP('',(#4806,#4807,#4808,#4809));
#4806 = ORIENTED_EDGE('',*,*,#1337,.T.);
#4807 = ORIENTED_EDGE('',*,*,#1296,.T.);
#4808 = ORIENTED_EDGE('',*,*,#1282,.T.);
#4809 = ORIENTED_EDGE('',*,*,#1223,.T.);
#4810 = FACE_BOUND('',#4811,.T.);
#4811 = EDGE_LOOP('',(#4812,#4813,#4814,#4815));
#4812 = ORIENTED_EDGE('',*,*,#1209,.T.);
#4813 = ORIENTED_EDGE('',*,*,#1168,.T.);
#4814 = ORIENTED_EDGE('',*,*,#1154,.T.);
#4815 = ORIENTED_EDGE('',*,*,#1095,.T.);
#4816 = FACE_BOUND('',#4817,.T.);
#4817 = EDGE_LOOP('',(#4818,#4819,#4820,#4821));
#4818 = ORIENTED_EDGE('',*,*,#1081,.T.);
#4819 = ORIENTED_EDGE('',*,*,#1040,.T.);
#4820 = ORIENTED_EDGE('',*,*,#1026,.T.);
#4821 = ORIENTED_EDGE('',*,*,#967,.T.);
#4822 = FACE_BOUND('',#4823,.T.);
#4823 = EDGE_LOOP('',(#4824,#4825,#4826,#4827));
#4824 = ORIENTED_EDGE('',*,*,#953,.T.);
#4825 = ORIENTED_EDGE('',*,*,#912,.T.);
#4826 = ORIENTED_EDGE('',*,*,#898,.T.);
#4827 = ORIENTED_EDGE('',*,*,#839,.T.);
#4828 = FACE_BOUND('',#4829,.T.);
#4829 = EDGE_LOOP('',(#4830,#4831,#4832,#4833));
#4830 = ORIENTED_EDGE('',*,*,#825,.T.);
#4831 = ORIENTED_EDGE('',*,*,#784,.T.);
#4832 = ORIENTED_EDGE('',*,*,#770,.T.);
#4833 = ORIENTED_EDGE('',*,*,#711,.T.);
#4834 = FACE_BOUND('',#4835,.T.);
#4835 = EDGE_LOOP('',(#4836,#4837,#4838,#4839));
#4836 = ORIENTED_EDGE('',*,*,#697,.T.);
#4837 = ORIENTED_EDGE('',*,*,#656,.T.);
#4838 = ORIENTED_EDGE('',*,*,#642,.T.);
#4839 = ORIENTED_EDGE('',*,*,#583,.T.);
#4840 = FACE_BOUND('',#4841,.T.);
#4841 = EDGE_LOOP('',(#4842,#4843,#4844,#4845));
#4842 = ORIENTED_EDGE('',*,*,#569,.T.);
#4843 = ORIENTED_EDGE('',*,*,#528,.T.);
#4844 = ORIENTED_EDGE('',*,*,#514,.T.);
#4845 = ORIENTED_EDGE('',*,*,#455,.T.);
#4846 = FACE_BOUND('',#4847,.T.);
#4847 = EDGE_LOOP('',(#4848,#4849,#4850,#4851));
#4848 = ORIENTED_EDGE('',*,*,#441,.T.);
#4849 = ORIENTED_EDGE('',*,*,#400,.T.);
#4850 = ORIENTED_EDGE('',*,*,#386,.T.);
#4851 = ORIENTED_EDGE('',*,*,#327,.T.);
#4852 = FACE_BOUND('',#4853,.T.);
#4853 = EDGE_LOOP('',(#4854,#4855,#4856,#4857));
#4854 = ORIENTED_EDGE('',*,*,#313,.T.);
#4855 = ORIENTED_EDGE('',*,*,#272,.T.);
#4856 = ORIENTED_EDGE('',*,*,#258,.T.);
#4857 = ORIENTED_EDGE('',*,*,#199,.T.);
#4858 = FACE_BOUND('',#4859,.T.);
#4859 = EDGE_LOOP('',(#4860,#4861,#4862,#4863));
#4860 = ORIENTED_EDGE('',*,*,#185,.T.);
#4861 = ORIENTED_EDGE('',*,*,#144,.T.);
#4862 = ORIENTED_EDGE('',*,*,#130,.T.);
#4863 = ORIENTED_EDGE('',*,*,#71,.T.);
#4864 = PLANE('',#4865);
#4865 = AXIS2_PLACEMENT_3D('',#4866,#4867,#4868);
#4866 = CARTESIAN_POINT('',(0.,0.,-3.));
#4867 = DIRECTION('',(0.,0.,-1.));
#4868 = DIRECTION('',(-1.,0.,-0.));
#4869 = ADVANCED_FACE('',(#4870,#4906,#4942,#4974,#4980,#4986,#4992,
    #4998,#5004,#5010,#5016,#5022,#5028,#5034,#5040,#5046,#5052,#5058,
    #5064,#5070,#5076,#5082,#5088,#5094,#5100,#5106,#5112,#5118,#5124,
    #5130,#5136,#5142,#5148,#5154,#5160,#5166),#5172,.F.);
#4870 = FACE_BOUND('',#4871,.T.);
#4871 = EDGE_LOOP('',(#4872,#4883,#4891,#4900));
#4872 = ORIENTED_EDGE('',*,*,#4873,.F.);
#4873 = EDGE_CURVE('',#4874,#4876,#4878,.T.);
#4874 = VERTEX_POINT('',#4875);
#4875 = CARTESIAN_POINT('',(-395.5,-6.,0.));
#4876 = VERTEX_POINT('',#4877);
#4877 = CARTESIAN_POINT('',(-395.5,3.,0.));
#4878 = CIRCLE('',#4879,4.5);
#4879 = AXIS2_PLACEMENT_3D('',#4880,#4881,#4882);
#4880 = CARTESIAN_POINT('',(-395.5,-1.5,0.));
#4881 = DIRECTION('',(0.,0.,1.));
#4882 = DIRECTION('',(1.,0.,-0.));
#4883 = ORIENTED_EDGE('',*,*,#4884,.F.);
#4884 = EDGE_CURVE('',#4885,#4874,#4887,.T.);
#4885 = VERTEX_POINT('',#4886);
#4886 = CARTESIAN_POINT('',(-404.5,-6.,0.));
#4887 = LINE('',#4888,#4889);
#4888 = CARTESIAN_POINT('',(-404.5,-6.,0.));
#4889 = VECTOR('',#4890,1.);
#4890 = DIRECTION('',(1.,2.891205793295E-16,0.));
#4891 = ORIENTED_EDGE('',*,*,#4892,.F.);
#4892 = EDGE_CURVE('',#4893,#4885,#4895,.T.);
#4893 = VERTEX_POINT('',#4894);
#4894 = CARTESIAN_POINT('',(-404.5,3.,0.));
#4895 = CIRCLE('',#4896,4.5);
#4896 = AXIS2_PLACEMENT_3D('',#4897,#4898,#4899);
#4897 = CARTESIAN_POINT('',(-404.5,-1.5,0.));
#4898 = DIRECTION('',(0.,0.,1.));
#4899 = DIRECTION('',(1.,0.,-0.));
#4900 = ORIENTED_EDGE('',*,*,#4901,.F.);
#4901 = EDGE_CURVE('',#4876,#4893,#4902,.T.);
#4902 = LINE('',#4903,#4904);
#4903 = CARTESIAN_POINT('',(-404.5,3.,0.));
#4904 = VECTOR('',#4905,1.);
#4905 = DIRECTION('',(-1.,-2.891205793295E-16,-0.));
#4906 = FACE_BOUND('',#4907,.T.);
#4907 = EDGE_LOOP('',(#4908,#4919,#4927,#4936));
#4908 = ORIENTED_EDGE('',*,*,#4909,.F.);
#4909 = EDGE_CURVE('',#4910,#4912,#4914,.T.);
#4910 = VERTEX_POINT('',#4911);
#4911 = CARTESIAN_POINT('',(-420.5,-6.,0.));
#4912 = VERTEX_POINT('',#4913);
#4913 = CARTESIAN_POINT('',(-420.5,3.,0.));
#4914 = CIRCLE('',#4915,4.5);
#4915 = AXIS2_PLACEMENT_3D('',#4916,#4917,#4918);
#4916 = CARTESIAN_POINT('',(-420.5,-1.5,0.));
#4917 = DIRECTION('',(0.,0.,1.));
#4918 = DIRECTION('',(1.,0.,-0.));
#4919 = ORIENTED_EDGE('',*,*,#4920,.F.);
#4920 = EDGE_CURVE('',#4921,#4910,#4923,.T.);
#4921 = VERTEX_POINT('',#4922);
#4922 = CARTESIAN_POINT('',(-429.5,-6.,0.));
#4923 = LINE('',#4924,#4925);
#4924 = CARTESIAN_POINT('',(-429.5,-6.,0.));
#4925 = VECTOR('',#4926,1.);
#4926 = DIRECTION('',(1.,2.891205793295E-16,0.));
#4927 = ORIENTED_EDGE('',*,*,#4928,.F.);
#4928 = EDGE_CURVE('',#4929,#4921,#4931,.T.);
#4929 = VERTEX_POINT('',#4930);
#4930 = CARTESIAN_POINT('',(-429.5,3.,0.));
#4931 = CIRCLE('',#4932,4.5);
#4932 = AXIS2_PLACEMENT_3D('',#4933,#4934,#4935);
#4933 = CARTESIAN_POINT('',(-429.5,-1.5,0.));
#4934 = DIRECTION('',(0.,0.,1.));
#4935 = DIRECTION('',(1.,0.,-0.));
#4936 = ORIENTED_EDGE('',*,*,#4937,.F.);
#4937 = EDGE_CURVE('',#4912,#4929,#4938,.T.);
#4938 = LINE('',#4939,#4940);
#4939 = CARTESIAN_POINT('',(-429.5,3.,0.));
#4940 = VECTOR('',#4941,1.);
#4941 = DIRECTION('',(-1.,-2.891205793295E-16,-0.));
#4942 = FACE_BOUND('',#4943,.T.);
#4943 = EDGE_LOOP('',(#4944,#4945,#4951,#4952,#4960,#4968));
#4944 = ORIENTED_EDGE('',*,*,#4543,.T.);
#4945 = ORIENTED_EDGE('',*,*,#4946,.T.);
#4946 = EDGE_CURVE('',#4536,#4362,#4947,.T.);
#4947 = LINE('',#4948,#4949);
#4948 = CARTESIAN_POINT('',(450.,12.9,0.));
#4949 = VECTOR('',#4950,1.);
#4950 = DIRECTION('',(-0.,1.,-0.));
#4951 = ORIENTED_EDGE('',*,*,#4361,.F.);
#4952 = ORIENTED_EDGE('',*,*,#4953,.F.);
#4953 = EDGE_CURVE('',#4954,#4354,#4956,.T.);
#4954 = VERTEX_POINT('',#4955);
#4955 = CARTESIAN_POINT('',(-450.,12.9,0.));
#4956 = LINE('',#4957,#4958);
#4957 = CARTESIAN_POINT('',(-450.,0.,0.));
#4958 = VECTOR('',#4959,1.);
#4959 = DIRECTION('',(0.,1.,0.));
#4960 = ORIENTED_EDGE('',*,*,#4961,.T.);
#4961 = EDGE_CURVE('',#4954,#4962,#4964,.T.);
#4962 = VERTEX_POINT('',#4963);
#4963 = CARTESIAN_POINT('',(-450.,-16.5,0.));
#4964 = LINE('',#4965,#4966);
#4965 = CARTESIAN_POINT('',(-450.,-16.5,0.));
#4966 = VECTOR('',#4967,1.);
#4967 = DIRECTION('',(-0.,-1.,-0.));
#4968 = ORIENTED_EDGE('',*,*,#4969,.T.);
#4969 = EDGE_CURVE('',#4962,#4544,#4970,.T.);
#4970 = LINE('',#4971,#4972);
#4971 = CARTESIAN_POINT('',(-450.,-16.5,0.));
#4972 = VECTOR('',#4973,1.);
#4973 = DIRECTION('',(1.,0.,0.));
#4974 = FACE_BOUND('',#4975,.T.);
#4975 = EDGE_LOOP('',(#4976,#4977,#4978,#4979));
#4976 = ORIENTED_EDGE('',*,*,#4274,.F.);
#4977 = ORIENTED_EDGE('',*,*,#4186,.F.);
#4978 = ORIENTED_EDGE('',*,*,#4219,.F.);
#4979 = ORIENTED_EDGE('',*,*,#4250,.F.);
#4980 = FACE_BOUND('',#4981,.T.);
#4981 = EDGE_LOOP('',(#4982,#4983,#4984,#4985));
#4982 = ORIENTED_EDGE('',*,*,#4146,.F.);
#4983 = ORIENTED_EDGE('',*,*,#4058,.F.);
#4984 = ORIENTED_EDGE('',*,*,#4091,.F.);
#4985 = ORIENTED_EDGE('',*,*,#4122,.F.);
#4986 = FACE_BOUND('',#4987,.T.);
#4987 = EDGE_LOOP('',(#4988,#4989,#4990,#4991));
#4988 = ORIENTED_EDGE('',*,*,#4018,.F.);
#4989 = ORIENTED_EDGE('',*,*,#3930,.F.);
#4990 = ORIENTED_EDGE('',*,*,#3963,.F.);
#4991 = ORIENTED_EDGE('',*,*,#3994,.F.);
#4992 = FACE_BOUND('',#4993,.T.);
#4993 = EDGE_LOOP('',(#4994,#4995,#4996,#4997));
#4994 = ORIENTED_EDGE('',*,*,#3890,.F.);
#4995 = ORIENTED_EDGE('',*,*,#3802,.F.);
#4996 = ORIENTED_EDGE('',*,*,#3835,.F.);
#4997 = ORIENTED_EDGE('',*,*,#3866,.F.);
#4998 = FACE_BOUND('',#4999,.T.);
#4999 = EDGE_LOOP('',(#5000,#5001,#5002,#5003));
#5000 = ORIENTED_EDGE('',*,*,#3762,.F.);
#5001 = ORIENTED_EDGE('',*,*,#3674,.F.);
#5002 = ORIENTED_EDGE('',*,*,#3707,.F.);
#5003 = ORIENTED_EDGE('',*,*,#3738,.F.);
#5004 = FACE_BOUND('',#5005,.T.);
#5005 = EDGE_LOOP('',(#5006,#5007,#5008,#5009));
#5006 = ORIENTED_EDGE('',*,*,#3634,.F.);
#5007 = ORIENTED_EDGE('',*,*,#3546,.F.);
#5008 = ORIENTED_EDGE('',*,*,#3579,.F.);
#5009 = ORIENTED_EDGE('',*,*,#3610,.F.);
#5010 = FACE_BOUND('',#5011,.T.);
#5011 = EDGE_LOOP('',(#5012,#5013,#5014,#5015));
#5012 = ORIENTED_EDGE('',*,*,#3506,.F.);
#5013 = ORIENTED_EDGE('',*,*,#3418,.F.);
#5014 = ORIENTED_EDGE('',*,*,#3451,.F.);
#5015 = ORIENTED_EDGE('',*,*,#3482,.F.);
#5016 = FACE_BOUND('',#5017,.T.);
#5017 = EDGE_LOOP('',(#5018,#5019,#5020,#5021));
#5018 = ORIENTED_EDGE('',*,*,#3378,.F.);
#5019 = ORIENTED_EDGE('',*,*,#3290,.F.);
#5020 = ORIENTED_EDGE('',*,*,#3323,.F.);
#5021 = ORIENTED_EDGE('',*,*,#3354,.F.);
#5022 = FACE_BOUND('',#5023,.T.);
#5023 = EDGE_LOOP('',(#5024,#5025,#5026,#5027));
#5024 = ORIENTED_EDGE('',*,*,#3250,.F.);
#5025 = ORIENTED_EDGE('',*,*,#3162,.F.);
#5026 = ORIENTED_EDGE('',*,*,#3195,.F.);
#5027 = ORIENTED_EDGE('',*,*,#3226,.F.);
#5028 = FACE_BOUND('',#5029,.T.);
#5029 = EDGE_LOOP('',(#5030,#5031,#5032,#5033));
#5030 = ORIENTED_EDGE('',*,*,#3122,.F.);
#5031 = ORIENTED_EDGE('',*,*,#3034,.F.);
#5032 = ORIENTED_EDGE('',*,*,#3067,.F.);
#5033 = ORIENTED_EDGE('',*,*,#3098,.F.);
#5034 = FACE_BOUND('',#5035,.T.);
#5035 = EDGE_LOOP('',(#5036,#5037,#5038,#5039));
#5036 = ORIENTED_EDGE('',*,*,#2994,.F.);
#5037 = ORIENTED_EDGE('',*,*,#2906,.F.);
#5038 = ORIENTED_EDGE('',*,*,#2939,.F.);
#5039 = ORIENTED_EDGE('',*,*,#2970,.F.);
#5040 = FACE_BOUND('',#5041,.T.);
#5041 = EDGE_LOOP('',(#5042,#5043,#5044,#5045));
#5042 = ORIENTED_EDGE('',*,*,#2866,.F.);
#5043 = ORIENTED_EDGE('',*,*,#2778,.F.);
#5044 = ORIENTED_EDGE('',*,*,#2811,.F.);
#5045 = ORIENTED_EDGE('',*,*,#2842,.F.);
#5046 = FACE_BOUND('',#5047,.T.);
#5047 = EDGE_LOOP('',(#5048,#5049,#5050,#5051));
#5048 = ORIENTED_EDGE('',*,*,#2738,.F.);
#5049 = ORIENTED_EDGE('',*,*,#2650,.F.);
#5050 = ORIENTED_EDGE('',*,*,#2683,.F.);
#5051 = ORIENTED_EDGE('',*,*,#2714,.F.);
#5052 = FACE_BOUND('',#5053,.T.);
#5053 = EDGE_LOOP('',(#5054,#5055,#5056,#5057));
#5054 = ORIENTED_EDGE('',*,*,#2610,.F.);
#5055 = ORIENTED_EDGE('',*,*,#2522,.F.);
#5056 = ORIENTED_EDGE('',*,*,#2555,.F.);
#5057 = ORIENTED_EDGE('',*,*,#2586,.F.);
#5058 = FACE_BOUND('',#5059,.T.);
#5059 = EDGE_LOOP('',(#5060,#5061,#5062,#5063));
#5060 = ORIENTED_EDGE('',*,*,#2482,.F.);
#5061 = ORIENTED_EDGE('',*,*,#2394,.F.);
#5062 = ORIENTED_EDGE('',*,*,#2427,.F.);
#5063 = ORIENTED_EDGE('',*,*,#2458,.F.);
#5064 = FACE_BOUND('',#5065,.T.);
#5065 = EDGE_LOOP('',(#5066,#5067,#5068,#5069));
#5066 = ORIENTED_EDGE('',*,*,#2354,.F.);
#5067 = ORIENTED_EDGE('',*,*,#2266,.F.);
#5068 = ORIENTED_EDGE('',*,*,#2299,.F.);
#5069 = ORIENTED_EDGE('',*,*,#2330,.F.);
#5070 = FACE_BOUND('',#5071,.T.);
#5071 = EDGE_LOOP('',(#5072,#5073,#5074,#5075));
#5072 = ORIENTED_EDGE('',*,*,#2226,.F.);
#5073 = ORIENTED_EDGE('',*,*,#2138,.F.);
#5074 = ORIENTED_EDGE('',*,*,#2171,.F.);
#5075 = ORIENTED_EDGE('',*,*,#2202,.F.);
#5076 = FACE_BOUND('',#5077,.T.);
#5077 = EDGE_LOOP('',(#5078,#5079,#5080,#5081));
#5078 = ORIENTED_EDGE('',*,*,#2098,.F.);
#5079 = ORIENTED_EDGE('',*,*,#2010,.F.);
#5080 = ORIENTED_EDGE('',*,*,#2043,.F.);
#5081 = ORIENTED_EDGE('',*,*,#2074,.F.);
#5082 = FACE_BOUND('',#5083,.T.);
#5083 = EDGE_LOOP('',(#5084,#5085,#5086,#5087));
#5084 = ORIENTED_EDGE('',*,*,#1970,.F.);
#5085 = ORIENTED_EDGE('',*,*,#1882,.F.);
#5086 = ORIENTED_EDGE('',*,*,#1915,.F.);
#5087 = ORIENTED_EDGE('',*,*,#1946,.F.);
#5088 = FACE_BOUND('',#5089,.T.);
#5089 = EDGE_LOOP('',(#5090,#5091,#5092,#5093));
#5090 = ORIENTED_EDGE('',*,*,#1842,.F.);
#5091 = ORIENTED_EDGE('',*,*,#1754,.F.);
#5092 = ORIENTED_EDGE('',*,*,#1787,.F.);
#5093 = ORIENTED_EDGE('',*,*,#1818,.F.);
#5094 = FACE_BOUND('',#5095,.T.);
#5095 = EDGE_LOOP('',(#5096,#5097,#5098,#5099));
#5096 = ORIENTED_EDGE('',*,*,#1714,.F.);
#5097 = ORIENTED_EDGE('',*,*,#1626,.F.);
#5098 = ORIENTED_EDGE('',*,*,#1659,.F.);
#5099 = ORIENTED_EDGE('',*,*,#1690,.F.);
#5100 = FACE_BOUND('',#5101,.T.);
#5101 = EDGE_LOOP('',(#5102,#5103,#5104,#5105));
#5102 = ORIENTED_EDGE('',*,*,#1586,.F.);
#5103 = ORIENTED_EDGE('',*,*,#1498,.F.);
#5104 = ORIENTED_EDGE('',*,*,#1531,.F.);
#5105 = ORIENTED_EDGE('',*,*,#1562,.F.);
#5106 = FACE_BOUND('',#5107,.T.);
#5107 = EDGE_LOOP('',(#5108,#5109,#5110,#5111));
#5108 = ORIENTED_EDGE('',*,*,#1458,.F.);
#5109 = ORIENTED_EDGE('',*,*,#1370,.F.);
#5110 = ORIENTED_EDGE('',*,*,#1403,.F.);
#5111 = ORIENTED_EDGE('',*,*,#1434,.F.);
#5112 = FACE_BOUND('',#5113,.T.);
#5113 = EDGE_LOOP('',(#5114,#5115,#5116,#5117));
#5114 = ORIENTED_EDGE('',*,*,#1330,.F.);
#5115 = ORIENTED_EDGE('',*,*,#1242,.F.);
#5116 = ORIENTED_EDGE('',*,*,#1275,.F.);
#5117 = ORIENTED_EDGE('',*,*,#1306,.F.);
#5118 = FACE_BOUND('',#5119,.T.);
#5119 = EDGE_LOOP('',(#5120,#5121,#5122,#5123));
#5120 = ORIENTED_EDGE('',*,*,#1202,.F.);
#5121 = ORIENTED_EDGE('',*,*,#1114,.F.);
#5122 = ORIENTED_EDGE('',*,*,#1147,.F.);
#5123 = ORIENTED_EDGE('',*,*,#1178,.F.);
#5124 = FACE_BOUND('',#5125,.T.);
#5125 = EDGE_LOOP('',(#5126,#5127,#5128,#5129));
#5126 = ORIENTED_EDGE('',*,*,#1074,.F.);
#5127 = ORIENTED_EDGE('',*,*,#986,.F.);
#5128 = ORIENTED_EDGE('',*,*,#1019,.F.);
#5129 = ORIENTED_EDGE('',*,*,#1050,.F.);
#5130 = FACE_BOUND('',#5131,.T.);
#5131 = EDGE_LOOP('',(#5132,#5133,#5134,#5135));
#5132 = ORIENTED_EDGE('',*,*,#946,.F.);
#5133 = ORIENTED_EDGE('',*,*,#858,.F.);
#5134 = ORIENTED_EDGE('',*,*,#891,.F.);
#5135 = ORIENTED_EDGE('',*,*,#922,.F.);
#5136 = FACE_BOUND('',#5137,.T.);
#5137 = EDGE_LOOP('',(#5138,#5139,#5140,#5141));
#5138 = ORIENTED_EDGE('',*,*,#818,.F.);
#5139 = ORIENTED_EDGE('',*,*,#730,.F.);
#5140 = ORIENTED_EDGE('',*,*,#763,.F.);
#5141 = ORIENTED_EDGE('',*,*,#794,.F.);
#5142 = FACE_BOUND('',#5143,.T.);
#5143 = EDGE_LOOP('',(#5144,#5145,#5146,#5147));
#5144 = ORIENTED_EDGE('',*,*,#690,.F.);
#5145 = ORIENTED_EDGE('',*,*,#602,.F.);
#5146 = ORIENTED_EDGE('',*,*,#635,.F.);
#5147 = ORIENTED_EDGE('',*,*,#666,.F.);
#5148 = FACE_BOUND('',#5149,.T.);
#5149 = EDGE_LOOP('',(#5150,#5151,#5152,#5153));
#5150 = ORIENTED_EDGE('',*,*,#562,.F.);
#5151 = ORIENTED_EDGE('',*,*,#474,.F.);
#5152 = ORIENTED_EDGE('',*,*,#507,.F.);
#5153 = ORIENTED_EDGE('',*,*,#538,.F.);
#5154 = FACE_BOUND('',#5155,.T.);
#5155 = EDGE_LOOP('',(#5156,#5157,#5158,#5159));
#5156 = ORIENTED_EDGE('',*,*,#434,.F.);
#5157 = ORIENTED_EDGE('',*,*,#346,.F.);
#5158 = ORIENTED_EDGE('',*,*,#379,.F.);
#5159 = ORIENTED_EDGE('',*,*,#410,.F.);
#5160 = FACE_BOUND('',#5161,.T.);
#5161 = EDGE_LOOP('',(#5162,#5163,#5164,#5165));
#5162 = ORIENTED_EDGE('',*,*,#306,.F.);
#5163 = ORIENTED_EDGE('',*,*,#218,.F.);
#5164 = ORIENTED_EDGE('',*,*,#251,.F.);
#5165 = ORIENTED_EDGE('',*,*,#282,.F.);
#5166 = FACE_BOUND('',#5167,.T.);
#5167 = EDGE_LOOP('',(#5168,#5169,#5170,#5171));
#5168 = ORIENTED_EDGE('',*,*,#178,.F.);
#5169 = ORIENTED_EDGE('',*,*,#90,.F.);
#5170 = ORIENTED_EDGE('',*,*,#123,.F.);
#5171 = ORIENTED_EDGE('',*,*,#154,.F.);
#5172 = PLANE('',#5173);
#5173 = AXIS2_PLACEMENT_3D('',#5174,#5175,#5176);
#5174 = CARTESIAN_POINT('',(0.,0.,0.));
#5175 = DIRECTION('',(0.,0.,-1.));
#5176 = DIRECTION('',(-1.,0.,-0.));
#5177 = ADVANCED_FACE('',(#5178),#5189,.T.);
#5178 = FACE_BOUND('',#5179,.T.);
#5179 = EDGE_LOOP('',(#5180,#5181,#5187,#5188));
#5180 = ORIENTED_EDGE('',*,*,#4969,.F.);
#5181 = ORIENTED_EDGE('',*,*,#5182,.F.);
#5182 = EDGE_CURVE('',#4640,#4962,#5183,.T.);
#5183 = LINE('',#5184,#5185);
#5184 = CARTESIAN_POINT('',(-450.,-16.5,-3.));
#5185 = VECTOR('',#5186,1.);
#5186 = DIRECTION('',(0.,0.,1.));
#5187 = ORIENTED_EDGE('',*,*,#4661,.T.);
#5188 = ORIENTED_EDGE('',*,*,#4551,.T.);
#5189 = PLANE('',#5190);
#5190 = AXIS2_PLACEMENT_3D('',#5191,#5192,#5193);
#5191 = CARTESIAN_POINT('',(-450.,-16.5,-3.));
#5192 = DIRECTION('',(0.,-1.,0.));
#5193 = DIRECTION('',(0.,-0.,-1.));
#5194 = ADVANCED_FACE('',(#5195),#5206,.T.);
#5195 = FACE_BOUND('',#5196,.T.);
#5196 = EDGE_LOOP('',(#5197,#5203,#5204,#5205));
#5197 = ORIENTED_EDGE('',*,*,#5198,.F.);
#5198 = EDGE_CURVE('',#4638,#4954,#5199,.T.);
#5199 = LINE('',#5200,#5201);
#5200 = CARTESIAN_POINT('',(-450.,12.9,-3.));
#5201 = VECTOR('',#5202,1.);
#5202 = DIRECTION('',(0.,0.,1.));
#5203 = ORIENTED_EDGE('',*,*,#4637,.T.);
#5204 = ORIENTED_EDGE('',*,*,#5182,.T.);
#5205 = ORIENTED_EDGE('',*,*,#4961,.F.);
#5206 = PLANE('',#5207);
#5207 = AXIS2_PLACEMENT_3D('',#5208,#5209,#5210);
#5208 = CARTESIAN_POINT('',(-450.,-16.5,-3.));
#5209 = DIRECTION('',(-1.,0.,0.));
#5210 = DIRECTION('',(0.,0.,1.));
#5211 = ADVANCED_FACE('',(#5212),#5225,.T.);
#5212 = FACE_BOUND('',#5213,.T.);
#5213 = EDGE_LOOP('',(#5214,#5220,#5221,#5222,#5223,#5224));
#5214 = ORIENTED_EDGE('',*,*,#5215,.F.);
#5215 = EDGE_CURVE('',#4474,#4346,#5216,.T.);
#5216 = LINE('',#5217,#5218);
#5217 = CARTESIAN_POINT('',(-450.,16.5,-3.6));
#5218 = VECTOR('',#5219,1.);
#5219 = DIRECTION('',(0.,1.,3.391901413833E-15));
#5220 = ORIENTED_EDGE('',*,*,#4473,.T.);
#5221 = ORIENTED_EDGE('',*,*,#4647,.F.);
#5222 = ORIENTED_EDGE('',*,*,#5198,.T.);
#5223 = ORIENTED_EDGE('',*,*,#4953,.T.);
#5224 = ORIENTED_EDGE('',*,*,#4353,.F.);
#5225 = PLANE('',#5226);
#5226 = AXIS2_PLACEMENT_3D('',#5227,#5228,#5229);
#5227 = CARTESIAN_POINT('',(-450.,12.9,-3.6));
#5228 = DIRECTION('',(-1.,0.,-0.));
#5229 = DIRECTION('',(0.,0.,1.));
#5230 = ADVANCED_FACE('',(#5231),#5244,.F.);
#5231 = FACE_BOUND('',#5232,.T.);
#5232 = EDGE_LOOP('',(#5233,#5234,#5235,#5241,#5242,#5243));
#5233 = ORIENTED_EDGE('',*,*,#4654,.T.);
#5234 = ORIENTED_EDGE('',*,*,#4457,.F.);
#5235 = ORIENTED_EDGE('',*,*,#5236,.T.);
#5236 = EDGE_CURVE('',#4450,#4370,#5237,.T.);
#5237 = LINE('',#5238,#5239);
#5238 = CARTESIAN_POINT('',(450.,13.5,-3.6));
#5239 = VECTOR('',#5240,1.);
#5240 = DIRECTION('',(1.310523141259E-30,1.,3.391901413833E-15));
#5241 = ORIENTED_EDGE('',*,*,#4369,.T.);
#5242 = ORIENTED_EDGE('',*,*,#4946,.F.);
#5243 = ORIENTED_EDGE('',*,*,#4535,.F.);
#5244 = PLANE('',#5245);
#5245 = AXIS2_PLACEMENT_3D('',#5246,#5247,#5248);
#5246 = CARTESIAN_POINT('',(450.,12.9,-3.6));
#5247 = DIRECTION('',(-1.,0.,-0.));
#5248 = DIRECTION('',(0.,0.,1.));
#5249 = ADVANCED_FACE('',(#5250),#5261,.T.);
#5250 = FACE_BOUND('',#5251,.T.);
#5251 = EDGE_LOOP('',(#5252,#5253,#5254,#5255));
#5252 = ORIENTED_EDGE('',*,*,#4377,.T.);
#5253 = ORIENTED_EDGE('',*,*,#5236,.F.);
#5254 = ORIENTED_EDGE('',*,*,#4449,.F.);
#5255 = ORIENTED_EDGE('',*,*,#5256,.F.);
#5256 = EDGE_CURVE('',#4378,#4442,#5257,.T.);
#5257 = LINE('',#5258,#5259);
#5258 = CARTESIAN_POINT('',(450.,16.5,-7.218007376454));
#5259 = VECTOR('',#5260,1.);
#5260 = DIRECTION('',(-0.,-1.,-3.491481338843E-15));
#5261 = PLANE('',#5262);
#5262 = AXIS2_PLACEMENT_3D('',#5263,#5264,#5265);
#5263 = CARTESIAN_POINT('',(450.,16.5,-3.));
#5264 = DIRECTION('',(1.,-4.594969409099E-29,1.316051544649E-14));
#5265 = DIRECTION('',(1.316051544649E-14,0.,-1.));
#5266 = ADVANCED_FACE('',(#5267),#5278,.T.);
#5267 = FACE_BOUND('',#5268,.T.);
#5268 = EDGE_LOOP('',(#5269,#5270,#5271,#5272));
#5269 = ORIENTED_EDGE('',*,*,#4481,.F.);
#5270 = ORIENTED_EDGE('',*,*,#5215,.T.);
#5271 = ORIENTED_EDGE('',*,*,#4345,.T.);
#5272 = ORIENTED_EDGE('',*,*,#5273,.T.);
#5273 = EDGE_CURVE('',#4338,#4482,#5274,.T.);
#5274 = LINE('',#5275,#5276);
#5275 = CARTESIAN_POINT('',(-450.,16.5,-7.218007376454));
#5276 = VECTOR('',#5277,1.);
#5277 = DIRECTION('',(-0.,-1.,-3.491481338843E-15));
#5278 = PLANE('',#5279);
#5279 = AXIS2_PLACEMENT_3D('',#5280,#5281,#5282);
#5280 = CARTESIAN_POINT('',(-450.,16.5,-3.));
#5281 = DIRECTION('',(-1.,0.,-0.));
#5282 = DIRECTION('',(0.,0.,1.));
#5283 = ADVANCED_FACE('',(#5284),#5290,.T.);
#5284 = FACE_BOUND('',#5285,.T.);
#5285 = EDGE_LOOP('',(#5286,#5287,#5288,#5289));
#5286 = ORIENTED_EDGE('',*,*,#4441,.F.);
#5287 = ORIENTED_EDGE('',*,*,#4511,.F.);
#5288 = ORIENTED_EDGE('',*,*,#4385,.T.);
#5289 = ORIENTED_EDGE('',*,*,#5256,.T.);
#5290 = PLANE('',#5291);
#5291 = AXIS2_PLACEMENT_3D('',#5292,#5293,#5294);
#5292 = CARTESIAN_POINT('',(450.,16.5,-7.218007376454));
#5293 = DIRECTION('',(0.642787609687,-2.674629877874E-15,0.766044443119)
  );
#5294 = DIRECTION('',(0.766044443119,0.,-0.642787609687));
#5295 = ADVANCED_FACE('',(#5296),#5312,.T.);
#5296 = FACE_BOUND('',#5297,.T.);
#5297 = EDGE_LOOP('',(#5298,#5304,#5305,#5311));
#5298 = ORIENTED_EDGE('',*,*,#5299,.F.);
#5299 = EDGE_CURVE('',#4402,#4322,#5300,.T.);
#5300 = LINE('',#5301,#5302);
#5301 = CARTESIAN_POINT('',(-470.,13.5,-32.4));
#5302 = VECTOR('',#5303,1.);
#5303 = DIRECTION('',(-3.700743415417E-13,1.,0.));
#5304 = ORIENTED_EDGE('',*,*,#4399,.F.);
#5305 = ORIENTED_EDGE('',*,*,#5306,.F.);
#5306 = EDGE_CURVE('',#4330,#4400,#5307,.T.);
#5307 = LINE('',#5308,#5309);
#5308 = CARTESIAN_POINT('',(-470.,16.5,-24.));
#5309 = VECTOR('',#5310,1.);
#5310 = DIRECTION('',(0.,-1.,-3.491481338843E-15));
#5311 = ORIENTED_EDGE('',*,*,#4329,.T.);
#5312 = PLANE('',#5313);
#5313 = AXIS2_PLACEMENT_3D('',#5314,#5315,#5316);
#5314 = CARTESIAN_POINT('',(-470.,16.5,-24.));
#5315 = DIRECTION('',(-1.,0.,-0.));
#5316 = DIRECTION('',(0.,0.,1.));
#5317 = ADVANCED_FACE('',(#5318),#5324,.T.);
#5318 = FACE_BOUND('',#5319,.T.);
#5319 = EDGE_LOOP('',(#5320,#5321,#5322,#5323));
#5320 = ORIENTED_EDGE('',*,*,#4489,.F.);
#5321 = ORIENTED_EDGE('',*,*,#5273,.F.);
#5322 = ORIENTED_EDGE('',*,*,#4337,.T.);
#5323 = ORIENTED_EDGE('',*,*,#5306,.T.);
#5324 = PLANE('',#5325);
#5325 = AXIS2_PLACEMENT_3D('',#5326,#5327,#5328);
#5326 = CARTESIAN_POINT('',(-450.,16.5,-7.218007376454));
#5327 = DIRECTION('',(-0.642787609687,-2.674629877874E-15,0.766044443119
    ));
#5328 = DIRECTION('',(0.766044443119,0.,0.642787609687));
#5329 = ADVANCED_FACE('',(#5330),#5357,.T.);
#5330 = FACE_BOUND('',#5331,.T.);
#5331 = EDGE_LOOP('',(#5332,#5342,#5348,#5349,#5350,#5351));
#5332 = ORIENTED_EDGE('',*,*,#5333,.F.);
#5333 = EDGE_CURVE('',#5334,#5336,#5338,.T.);
#5334 = VERTEX_POINT('',#5335);
#5335 = CARTESIAN_POINT('',(-470.,12.9,-33.));
#5336 = VERTEX_POINT('',#5337);
#5337 = CARTESIAN_POINT('',(-470.,12.9,-36.));
#5338 = LINE('',#5339,#5340);
#5339 = CARTESIAN_POINT('',(-470.,12.9,-36.));
#5340 = VECTOR('',#5341,1.);
#5341 = DIRECTION('',(0.,6.982962677686E-15,-1.));
#5342 = ORIENTED_EDGE('',*,*,#5343,.T.);
#5343 = EDGE_CURVE('',#5334,#4410,#5344,.T.);
#5344 = LINE('',#5345,#5346);
#5345 = CARTESIAN_POINT('',(-470.,2.3512594433E-13,-33.));
#5346 = VECTOR('',#5347,1.);
#5347 = DIRECTION('',(0.,1.,6.805453636524E-15));
#5348 = ORIENTED_EDGE('',*,*,#4409,.F.);
#5349 = ORIENTED_EDGE('',*,*,#5299,.T.);
#5350 = ORIENTED_EDGE('',*,*,#4321,.T.);
#5351 = ORIENTED_EDGE('',*,*,#5352,.F.);
#5352 = EDGE_CURVE('',#5336,#4314,#5353,.T.);
#5353 = LINE('',#5354,#5355);
#5354 = CARTESIAN_POINT('',(-470.,12.9,-36.));
#5355 = VECTOR('',#5356,1.);
#5356 = DIRECTION('',(-0.,1.,6.805453636524E-15));
#5357 = PLANE('',#5358);
#5358 = AXIS2_PLACEMENT_3D('',#5359,#5360,#5361);
#5359 = CARTESIAN_POINT('',(-470.,12.9,-32.4));
#5360 = DIRECTION('',(-1.,0.,0.));
#5361 = DIRECTION('',(0.,0.,1.));
#5362 = ADVANCED_FACE('',(#5363),#5390,.F.);
#5363 = FACE_BOUND('',#5364,.T.);
#5364 = EDGE_LOOP('',(#5365,#5366,#5374,#5382,#5388,#5389));
#5365 = ORIENTED_EDGE('',*,*,#4425,.T.);
#5366 = ORIENTED_EDGE('',*,*,#5367,.F.);
#5367 = EDGE_CURVE('',#5368,#4418,#5370,.T.);
#5368 = VERTEX_POINT('',#5369);
#5369 = CARTESIAN_POINT('',(470.,12.9,-33.));
#5370 = LINE('',#5371,#5372);
#5371 = CARTESIAN_POINT('',(470.,12.9,-33.));
#5372 = VECTOR('',#5373,1.);
#5373 = DIRECTION('',(-0.,1.,6.805453636524E-15));
#5374 = ORIENTED_EDGE('',*,*,#5375,.T.);
#5375 = EDGE_CURVE('',#5368,#5376,#5378,.T.);
#5376 = VERTEX_POINT('',#5377);
#5377 = CARTESIAN_POINT('',(470.,12.9,-36.));
#5378 = LINE('',#5379,#5380);
#5379 = CARTESIAN_POINT('',(470.,12.9,-33.));
#5380 = VECTOR('',#5381,1.);
#5381 = DIRECTION('',(0.,6.982962677686E-15,-1.));
#5382 = ORIENTED_EDGE('',*,*,#5383,.T.);
#5383 = EDGE_CURVE('',#5376,#4306,#5384,.T.);
#5384 = LINE('',#5385,#5386);
#5385 = CARTESIAN_POINT('',(470.,2.554707749314E-13,-36.));
#5386 = VECTOR('',#5387,1.);
#5387 = DIRECTION('',(0.,1.,6.805453636524E-15));
#5388 = ORIENTED_EDGE('',*,*,#4305,.F.);
#5389 = ORIENTED_EDGE('',*,*,#4504,.F.);
#5390 = PLANE('',#5391);
#5391 = AXIS2_PLACEMENT_3D('',#5392,#5393,#5394);
#5392 = CARTESIAN_POINT('',(470.,12.9,-32.4));
#5393 = DIRECTION('',(-1.,0.,0.));
#5394 = DIRECTION('',(0.,0.,1.));
#5395 = ADVANCED_FACE('',(#5396),#5421,.T.);
#5396 = FACE_BOUND('',#5397,.T.);
#5397 = EDGE_LOOP('',(#5398,#5406,#5407,#5415));
#5398 = ORIENTED_EDGE('',*,*,#5399,.T.);
#5399 = EDGE_CURVE('',#5400,#5376,#5402,.T.);
#5400 = VERTEX_POINT('',#5401);
#5401 = CARTESIAN_POINT('',(470.,-38.5,-36.));
#5402 = LINE('',#5403,#5404);
#5403 = CARTESIAN_POINT('',(470.,13.5,-36.));
#5404 = VECTOR('',#5405,1.);
#5405 = DIRECTION('',(-0.,1.,6.805453636524E-15));
#5406 = ORIENTED_EDGE('',*,*,#5375,.F.);
#5407 = ORIENTED_EDGE('',*,*,#5408,.F.);
#5408 = EDGE_CURVE('',#5409,#5368,#5411,.T.);
#5409 = VERTEX_POINT('',#5410);
#5410 = CARTESIAN_POINT('',(470.,-38.5,-33.));
#5411 = LINE('',#5412,#5413);
#5412 = CARTESIAN_POINT('',(470.,2.3512594433E-13,-33.));
#5413 = VECTOR('',#5414,1.);
#5414 = DIRECTION('',(-0.,1.,6.805453636524E-15));
#5415 = ORIENTED_EDGE('',*,*,#5416,.F.);
#5416 = EDGE_CURVE('',#5400,#5409,#5417,.T.);
#5417 = LINE('',#5418,#5419);
#5418 = CARTESIAN_POINT('',(470.,-38.5,-36.));
#5419 = VECTOR('',#5420,1.);
#5420 = DIRECTION('',(0.,-6.781610200467E-15,1.));
#5421 = PLANE('',#5422);
#5422 = AXIS2_PLACEMENT_3D('',#5423,#5424,#5425);
#5423 = CARTESIAN_POINT('',(470.,13.5,-36.));
#5424 = DIRECTION('',(1.,0.,0.));
#5425 = DIRECTION('',(0.,0.,-1.));
#5426 = ADVANCED_FACE('',(#5427),#5452,.T.);
#5427 = FACE_BOUND('',#5428,.T.);
#5428 = EDGE_LOOP('',(#5429,#5437,#5438,#5446));
#5429 = ORIENTED_EDGE('',*,*,#5430,.F.);
#5430 = EDGE_CURVE('',#5334,#5431,#5433,.T.);
#5431 = VERTEX_POINT('',#5432);
#5432 = CARTESIAN_POINT('',(-470.,-38.5,-33.));
#5433 = LINE('',#5434,#5435);
#5434 = CARTESIAN_POINT('',(-470.,2.3512594433E-13,-33.));
#5435 = VECTOR('',#5436,1.);
#5436 = DIRECTION('',(-0.,-1.,-6.805453636524E-15));
#5437 = ORIENTED_EDGE('',*,*,#5333,.T.);
#5438 = ORIENTED_EDGE('',*,*,#5439,.T.);
#5439 = EDGE_CURVE('',#5336,#5440,#5442,.T.);
#5440 = VERTEX_POINT('',#5441);
#5441 = CARTESIAN_POINT('',(-470.,-38.5,-36.));
#5442 = LINE('',#5443,#5444);
#5443 = CARTESIAN_POINT('',(-470.,-38.5,-36.));
#5444 = VECTOR('',#5445,1.);
#5445 = DIRECTION('',(0.,-1.,-6.805453636524E-15));
#5446 = ORIENTED_EDGE('',*,*,#5447,.T.);
#5447 = EDGE_CURVE('',#5440,#5431,#5448,.T.);
#5448 = LINE('',#5449,#5450);
#5449 = CARTESIAN_POINT('',(-470.,-38.5,-36.));
#5450 = VECTOR('',#5451,1.);
#5451 = DIRECTION('',(0.,-6.781610200467E-15,1.));
#5452 = PLANE('',#5453);
#5453 = AXIS2_PLACEMENT_3D('',#5454,#5455,#5456);
#5454 = CARTESIAN_POINT('',(-470.,-38.5,-36.));
#5455 = DIRECTION('',(-1.,0.,0.));
#5456 = DIRECTION('',(0.,0.,1.));
#5457 = ADVANCED_FACE('',(#5458,#5494,#5530,#5566,#5602),#5615,.T.);
#5458 = FACE_BOUND('',#5459,.T.);
#5459 = EDGE_LOOP('',(#5460,#5471,#5479,#5488));
#5460 = ORIENTED_EDGE('',*,*,#5461,.F.);
#5461 = EDGE_CURVE('',#5462,#5464,#5466,.T.);
#5462 = VERTEX_POINT('',#5463);
#5463 = CARTESIAN_POINT('',(459.,-23.,-36.));
#5464 = VERTEX_POINT('',#5465);
#5465 = CARTESIAN_POINT('',(466.,-23.,-36.));
#5466 = CIRCLE('',#5467,3.5);
#5467 = AXIS2_PLACEMENT_3D('',#5468,#5469,#5470);
#5468 = CARTESIAN_POINT('',(462.5,-23.,-36.));
#5469 = DIRECTION('',(0.,6.805453636524E-15,-1.));
#5470 = DIRECTION('',(0.,1.,6.805453636524E-15));
#5471 = ORIENTED_EDGE('',*,*,#5472,.F.);
#5472 = EDGE_CURVE('',#5473,#5462,#5475,.T.);
#5473 = VERTEX_POINT('',#5474);
#5474 = CARTESIAN_POINT('',(459.,-32.,-36.));
#5475 = LINE('',#5476,#5477);
#5476 = CARTESIAN_POINT('',(459.,2.554707749314E-13,-36.));
#5477 = VECTOR('',#5478,1.);
#5478 = DIRECTION('',(0.,1.,6.805453636524E-15));
#5479 = ORIENTED_EDGE('',*,*,#5480,.F.);
#5480 = EDGE_CURVE('',#5481,#5473,#5483,.T.);
#5481 = VERTEX_POINT('',#5482);
#5482 = CARTESIAN_POINT('',(466.,-32.,-36.));
#5483 = CIRCLE('',#5484,3.5);
#5484 = AXIS2_PLACEMENT_3D('',#5485,#5486,#5487);
#5485 = CARTESIAN_POINT('',(462.5,-32.,-36.));
#5486 = DIRECTION('',(0.,6.805453636524E-15,-1.));
#5487 = DIRECTION('',(0.,1.,6.805453636524E-15));
#5488 = ORIENTED_EDGE('',*,*,#5489,.F.);
#5489 = EDGE_CURVE('',#5464,#5481,#5490,.T.);
#5490 = LINE('',#5491,#5492);
#5491 = CARTESIAN_POINT('',(466.,2.554707749314E-13,-36.));
#5492 = VECTOR('',#5493,1.);
#5493 = DIRECTION('',(0.,-1.,-6.805453636524E-15));
#5494 = FACE_BOUND('',#5495,.T.);
#5495 = EDGE_LOOP('',(#5496,#5507,#5515,#5524));
#5496 = ORIENTED_EDGE('',*,*,#5497,.F.);
#5497 = EDGE_CURVE('',#5498,#5500,#5502,.T.);
#5498 = VERTEX_POINT('',#5499);
#5499 = CARTESIAN_POINT('',(-466.,-23.,-36.));
#5500 = VERTEX_POINT('',#5501);
#5501 = CARTESIAN_POINT('',(-459.,-23.,-36.));
#5502 = CIRCLE('',#5503,3.5);
#5503 = AXIS2_PLACEMENT_3D('',#5504,#5505,#5506);
#5504 = CARTESIAN_POINT('',(-462.5,-23.,-36.));
#5505 = DIRECTION('',(0.,6.805453636524E-15,-1.));
#5506 = DIRECTION('',(0.,1.,6.805453636524E-15));
#5507 = ORIENTED_EDGE('',*,*,#5508,.F.);
#5508 = EDGE_CURVE('',#5509,#5498,#5511,.T.);
#5509 = VERTEX_POINT('',#5510);
#5510 = CARTESIAN_POINT('',(-466.,-32.,-36.));
#5511 = LINE('',#5512,#5513);
#5512 = CARTESIAN_POINT('',(-466.,2.554707749314E-13,-36.));
#5513 = VECTOR('',#5514,1.);
#5514 = DIRECTION('',(0.,1.,6.805453636524E-15));
#5515 = ORIENTED_EDGE('',*,*,#5516,.F.);
#5516 = EDGE_CURVE('',#5517,#5509,#5519,.T.);
#5517 = VERTEX_POINT('',#5518);
#5518 = CARTESIAN_POINT('',(-459.,-32.,-36.));
#5519 = CIRCLE('',#5520,3.5);
#5520 = AXIS2_PLACEMENT_3D('',#5521,#5522,#5523);
#5521 = CARTESIAN_POINT('',(-462.5,-32.,-36.));
#5522 = DIRECTION('',(0.,6.805453636524E-15,-1.));
#5523 = DIRECTION('',(0.,1.,6.805453636524E-15));
#5524 = ORIENTED_EDGE('',*,*,#5525,.F.);
#5525 = EDGE_CURVE('',#5500,#5517,#5526,.T.);
#5526 = LINE('',#5527,#5528);
#5527 = CARTESIAN_POINT('',(-459.,2.554707749314E-13,-36.));
#5528 = VECTOR('',#5529,1.);
#5529 = DIRECTION('',(0.,-1.,-6.805453636524E-15));
#5530 = FACE_BOUND('',#5531,.T.);
#5531 = EDGE_LOOP('',(#5532,#5543,#5551,#5560));
#5532 = ORIENTED_EDGE('',*,*,#5533,.F.);
#5533 = EDGE_CURVE('',#5534,#5536,#5538,.T.);
#5534 = VERTEX_POINT('',#5535);
#5535 = CARTESIAN_POINT('',(459.,2.,-36.));
#5536 = VERTEX_POINT('',#5537);
#5537 = CARTESIAN_POINT('',(466.,2.,-36.));
#5538 = CIRCLE('',#5539,3.5);
#5539 = AXIS2_PLACEMENT_3D('',#5540,#5541,#5542);
#5540 = CARTESIAN_POINT('',(462.5,2.,-36.));
#5541 = DIRECTION('',(0.,6.805453636524E-15,-1.));
#5542 = DIRECTION('',(0.,1.,6.805453636524E-15));
#5543 = ORIENTED_EDGE('',*,*,#5544,.F.);
#5544 = EDGE_CURVE('',#5545,#5534,#5547,.T.);
#5545 = VERTEX_POINT('',#5546);
#5546 = CARTESIAN_POINT('',(459.,-7.,-36.));
#5547 = LINE('',#5548,#5549);
#5548 = CARTESIAN_POINT('',(459.,2.554707749314E-13,-36.));
#5549 = VECTOR('',#5550,1.);
#5550 = DIRECTION('',(0.,1.,6.805453636524E-15));
#5551 = ORIENTED_EDGE('',*,*,#5552,.F.);
#5552 = EDGE_CURVE('',#5553,#5545,#5555,.T.);
#5553 = VERTEX_POINT('',#5554);
#5554 = CARTESIAN_POINT('',(466.,-7.,-36.));
#5555 = CIRCLE('',#5556,3.5);
#5556 = AXIS2_PLACEMENT_3D('',#5557,#5558,#5559);
#5557 = CARTESIAN_POINT('',(462.5,-7.,-36.));
#5558 = DIRECTION('',(0.,6.805453636524E-15,-1.));
#5559 = DIRECTION('',(0.,1.,6.805453636524E-15));
#5560 = ORIENTED_EDGE('',*,*,#5561,.F.);
#5561 = EDGE_CURVE('',#5536,#5553,#5562,.T.);
#5562 = LINE('',#5563,#5564);
#5563 = CARTESIAN_POINT('',(466.,2.554707749314E-13,-36.));
#5564 = VECTOR('',#5565,1.);
#5565 = DIRECTION('',(0.,-1.,-6.805453636524E-15));
#5566 = FACE_BOUND('',#5567,.T.);
#5567 = EDGE_LOOP('',(#5568,#5579,#5587,#5596));
#5568 = ORIENTED_EDGE('',*,*,#5569,.F.);
#5569 = EDGE_CURVE('',#5570,#5572,#5574,.T.);
#5570 = VERTEX_POINT('',#5571);
#5571 = CARTESIAN_POINT('',(-466.,2.,-36.));
#5572 = VERTEX_POINT('',#5573);
#5573 = CARTESIAN_POINT('',(-459.,2.,-36.));
#5574 = CIRCLE('',#5575,3.5);
#5575 = AXIS2_PLACEMENT_3D('',#5576,#5577,#5578);
#5576 = CARTESIAN_POINT('',(-462.5,2.,-36.));
#5577 = DIRECTION('',(0.,6.805453636524E-15,-1.));
#5578 = DIRECTION('',(0.,1.,6.805453636524E-15));
#5579 = ORIENTED_EDGE('',*,*,#5580,.F.);
#5580 = EDGE_CURVE('',#5581,#5570,#5583,.T.);
#5581 = VERTEX_POINT('',#5582);
#5582 = CARTESIAN_POINT('',(-466.,-7.,-36.));
#5583 = LINE('',#5584,#5585);
#5584 = CARTESIAN_POINT('',(-466.,2.554707749314E-13,-36.));
#5585 = VECTOR('',#5586,1.);
#5586 = DIRECTION('',(0.,1.,6.805453636524E-15));
#5587 = ORIENTED_EDGE('',*,*,#5588,.F.);
#5588 = EDGE_CURVE('',#5589,#5581,#5591,.T.);
#5589 = VERTEX_POINT('',#5590);
#5590 = CARTESIAN_POINT('',(-459.,-7.,-36.));
#5591 = CIRCLE('',#5592,3.5);
#5592 = AXIS2_PLACEMENT_3D('',#5593,#5594,#5595);
#5593 = CARTESIAN_POINT('',(-462.5,-7.,-36.));
#5594 = DIRECTION('',(0.,6.805453636524E-15,-1.));
#5595 = DIRECTION('',(0.,1.,6.805453636524E-15));
#5596 = ORIENTED_EDGE('',*,*,#5597,.F.);
#5597 = EDGE_CURVE('',#5572,#5589,#5598,.T.);
#5598 = LINE('',#5599,#5600);
#5599 = CARTESIAN_POINT('',(-459.,2.554707749314E-13,-36.));
#5600 = VECTOR('',#5601,1.);
#5601 = DIRECTION('',(0.,-1.,-6.805453636524E-15));
#5602 = FACE_BOUND('',#5603,.T.);
#5603 = EDGE_LOOP('',(#5604,#5605,#5606,#5607,#5608,#5609));
#5604 = ORIENTED_EDGE('',*,*,#5439,.F.);
#5605 = ORIENTED_EDGE('',*,*,#5352,.T.);
#5606 = ORIENTED_EDGE('',*,*,#4313,.T.);
#5607 = ORIENTED_EDGE('',*,*,#5383,.F.);
#5608 = ORIENTED_EDGE('',*,*,#5399,.F.);
#5609 = ORIENTED_EDGE('',*,*,#5610,.F.);
#5610 = EDGE_CURVE('',#5440,#5400,#5611,.T.);
#5611 = LINE('',#5612,#5613);
#5612 = CARTESIAN_POINT('',(470.,-38.5,-36.));
#5613 = VECTOR('',#5614,1.);
#5614 = DIRECTION('',(1.,0.,0.));
#5615 = PLANE('',#5616);
#5616 = AXIS2_PLACEMENT_3D('',#5617,#5618,#5619);
#5617 = CARTESIAN_POINT('',(0.,2.554707749314E-13,-36.));
#5618 = DIRECTION('',(0.,6.805453636524E-15,-1.));
#5619 = DIRECTION('',(0.,1.,6.805453636524E-15));
#5620 = ADVANCED_FACE('',(#5621,#5657,#5693,#5729,#5765),#5778,.F.);
#5621 = FACE_BOUND('',#5622,.T.);
#5622 = EDGE_LOOP('',(#5623,#5633,#5642,#5650));
#5623 = ORIENTED_EDGE('',*,*,#5624,.F.);
#5624 = EDGE_CURVE('',#5625,#5627,#5629,.T.);
#5625 = VERTEX_POINT('',#5626);
#5626 = CARTESIAN_POINT('',(459.,-23.,-33.));
#5627 = VERTEX_POINT('',#5628);
#5628 = CARTESIAN_POINT('',(459.,-32.,-33.));
#5629 = LINE('',#5630,#5631);
#5630 = CARTESIAN_POINT('',(459.,-23.,-33.));
#5631 = VECTOR('',#5632,1.);
#5632 = DIRECTION('',(0.,-1.,0.));
#5633 = ORIENTED_EDGE('',*,*,#5634,.F.);
#5634 = EDGE_CURVE('',#5635,#5625,#5637,.T.);
#5635 = VERTEX_POINT('',#5636);
#5636 = CARTESIAN_POINT('',(466.,-23.,-33.));
#5637 = CIRCLE('',#5638,3.5);
#5638 = AXIS2_PLACEMENT_3D('',#5639,#5640,#5641);
#5639 = CARTESIAN_POINT('',(462.5,-23.,-33.));
#5640 = DIRECTION('',(0.,0.,1.));
#5641 = DIRECTION('',(1.,0.,-0.));
#5642 = ORIENTED_EDGE('',*,*,#5643,.F.);
#5643 = EDGE_CURVE('',#5644,#5635,#5646,.T.);
#5644 = VERTEX_POINT('',#5645);
#5645 = CARTESIAN_POINT('',(466.,-32.,-33.));
#5646 = LINE('',#5647,#5648);
#5647 = CARTESIAN_POINT('',(466.,-23.,-33.));
#5648 = VECTOR('',#5649,1.);
#5649 = DIRECTION('',(-0.,1.,-0.));
#5650 = ORIENTED_EDGE('',*,*,#5651,.F.);
#5651 = EDGE_CURVE('',#5627,#5644,#5652,.T.);
#5652 = CIRCLE('',#5653,3.5);
#5653 = AXIS2_PLACEMENT_3D('',#5654,#5655,#5656);
#5654 = CARTESIAN_POINT('',(462.5,-32.,-33.));
#5655 = DIRECTION('',(0.,0.,1.));
#5656 = DIRECTION('',(1.,0.,-0.));
#5657 = FACE_BOUND('',#5658,.T.);
#5658 = EDGE_LOOP('',(#5659,#5669,#5678,#5686));
#5659 = ORIENTED_EDGE('',*,*,#5660,.F.);
#5660 = EDGE_CURVE('',#5661,#5663,#5665,.T.);
#5661 = VERTEX_POINT('',#5662);
#5662 = CARTESIAN_POINT('',(-466.,-23.,-33.));
#5663 = VERTEX_POINT('',#5664);
#5664 = CARTESIAN_POINT('',(-466.,-32.,-33.));
#5665 = LINE('',#5666,#5667);
#5666 = CARTESIAN_POINT('',(-466.,-23.,-33.));
#5667 = VECTOR('',#5668,1.);
#5668 = DIRECTION('',(0.,-1.,0.));
#5669 = ORIENTED_EDGE('',*,*,#5670,.F.);
#5670 = EDGE_CURVE('',#5671,#5661,#5673,.T.);
#5671 = VERTEX_POINT('',#5672);
#5672 = CARTESIAN_POINT('',(-459.,-23.,-33.));
#5673 = CIRCLE('',#5674,3.5);
#5674 = AXIS2_PLACEMENT_3D('',#5675,#5676,#5677);
#5675 = CARTESIAN_POINT('',(-462.5,-23.,-33.));
#5676 = DIRECTION('',(0.,0.,1.));
#5677 = DIRECTION('',(-1.,0.,0.));
#5678 = ORIENTED_EDGE('',*,*,#5679,.F.);
#5679 = EDGE_CURVE('',#5680,#5671,#5682,.T.);
#5680 = VERTEX_POINT('',#5681);
#5681 = CARTESIAN_POINT('',(-459.,-32.,-33.));
#5682 = LINE('',#5683,#5684);
#5683 = CARTESIAN_POINT('',(-459.,-23.,-33.));
#5684 = VECTOR('',#5685,1.);
#5685 = DIRECTION('',(-0.,1.,-0.));
#5686 = ORIENTED_EDGE('',*,*,#5687,.F.);
#5687 = EDGE_CURVE('',#5663,#5680,#5688,.T.);
#5688 = CIRCLE('',#5689,3.5);
#5689 = AXIS2_PLACEMENT_3D('',#5690,#5691,#5692);
#5690 = CARTESIAN_POINT('',(-462.5,-32.,-33.));
#5691 = DIRECTION('',(0.,0.,1.));
#5692 = DIRECTION('',(-1.,0.,0.));
#5693 = FACE_BOUND('',#5694,.T.);
#5694 = EDGE_LOOP('',(#5695,#5705,#5714,#5722));
#5695 = ORIENTED_EDGE('',*,*,#5696,.F.);
#5696 = EDGE_CURVE('',#5697,#5699,#5701,.T.);
#5697 = VERTEX_POINT('',#5698);
#5698 = CARTESIAN_POINT('',(459.,2.,-33.));
#5699 = VERTEX_POINT('',#5700);
#5700 = CARTESIAN_POINT('',(459.,-7.,-33.));
#5701 = LINE('',#5702,#5703);
#5702 = CARTESIAN_POINT('',(459.,2.,-33.));
#5703 = VECTOR('',#5704,1.);
#5704 = DIRECTION('',(0.,-1.,0.));
#5705 = ORIENTED_EDGE('',*,*,#5706,.F.);
#5706 = EDGE_CURVE('',#5707,#5697,#5709,.T.);
#5707 = VERTEX_POINT('',#5708);
#5708 = CARTESIAN_POINT('',(466.,2.,-33.));
#5709 = CIRCLE('',#5710,3.5);
#5710 = AXIS2_PLACEMENT_3D('',#5711,#5712,#5713);
#5711 = CARTESIAN_POINT('',(462.5,2.,-33.));
#5712 = DIRECTION('',(0.,0.,1.));
#5713 = DIRECTION('',(1.,0.,-0.));
#5714 = ORIENTED_EDGE('',*,*,#5715,.F.);
#5715 = EDGE_CURVE('',#5716,#5707,#5718,.T.);
#5716 = VERTEX_POINT('',#5717);
#5717 = CARTESIAN_POINT('',(466.,-7.,-33.));
#5718 = LINE('',#5719,#5720);
#5719 = CARTESIAN_POINT('',(466.,2.,-33.));
#5720 = VECTOR('',#5721,1.);
#5721 = DIRECTION('',(-0.,1.,-0.));
#5722 = ORIENTED_EDGE('',*,*,#5723,.F.);
#5723 = EDGE_CURVE('',#5699,#5716,#5724,.T.);
#5724 = CIRCLE('',#5725,3.5);
#5725 = AXIS2_PLACEMENT_3D('',#5726,#5727,#5728);
#5726 = CARTESIAN_POINT('',(462.5,-7.,-33.));
#5727 = DIRECTION('',(0.,0.,1.));
#5728 = DIRECTION('',(1.,0.,-0.));
#5729 = FACE_BOUND('',#5730,.T.);
#5730 = EDGE_LOOP('',(#5731,#5741,#5750,#5758));
#5731 = ORIENTED_EDGE('',*,*,#5732,.F.);
#5732 = EDGE_CURVE('',#5733,#5735,#5737,.T.);
#5733 = VERTEX_POINT('',#5734);
#5734 = CARTESIAN_POINT('',(-466.,2.,-33.));
#5735 = VERTEX_POINT('',#5736);
#5736 = CARTESIAN_POINT('',(-466.,-7.,-33.));
#5737 = LINE('',#5738,#5739);
#5738 = CARTESIAN_POINT('',(-466.,2.,-33.));
#5739 = VECTOR('',#5740,1.);
#5740 = DIRECTION('',(0.,-1.,0.));
#5741 = ORIENTED_EDGE('',*,*,#5742,.F.);
#5742 = EDGE_CURVE('',#5743,#5733,#5745,.T.);
#5743 = VERTEX_POINT('',#5744);
#5744 = CARTESIAN_POINT('',(-459.,2.,-33.));
#5745 = CIRCLE('',#5746,3.5);
#5746 = AXIS2_PLACEMENT_3D('',#5747,#5748,#5749);
#5747 = CARTESIAN_POINT('',(-462.5,2.,-33.));
#5748 = DIRECTION('',(0.,0.,1.));
#5749 = DIRECTION('',(-1.,0.,0.));
#5750 = ORIENTED_EDGE('',*,*,#5751,.F.);
#5751 = EDGE_CURVE('',#5752,#5743,#5754,.T.);
#5752 = VERTEX_POINT('',#5753);
#5753 = CARTESIAN_POINT('',(-459.,-7.,-33.));
#5754 = LINE('',#5755,#5756);
#5755 = CARTESIAN_POINT('',(-459.,2.,-33.));
#5756 = VECTOR('',#5757,1.);
#5757 = DIRECTION('',(-0.,1.,-0.));
#5758 = ORIENTED_EDGE('',*,*,#5759,.F.);
#5759 = EDGE_CURVE('',#5735,#5752,#5760,.T.);
#5760 = CIRCLE('',#5761,3.5);
#5761 = AXIS2_PLACEMENT_3D('',#5762,#5763,#5764);
#5762 = CARTESIAN_POINT('',(-462.5,-7.,-33.));
#5763 = DIRECTION('',(0.,0.,1.));
#5764 = DIRECTION('',(-1.,0.,0.));
#5765 = FACE_BOUND('',#5766,.T.);
#5766 = EDGE_LOOP('',(#5767,#5768,#5769,#5770,#5771,#5772));
#5767 = ORIENTED_EDGE('',*,*,#5408,.T.);
#5768 = ORIENTED_EDGE('',*,*,#5367,.T.);
#5769 = ORIENTED_EDGE('',*,*,#4417,.F.);
#5770 = ORIENTED_EDGE('',*,*,#5343,.F.);
#5771 = ORIENTED_EDGE('',*,*,#5430,.T.);
#5772 = ORIENTED_EDGE('',*,*,#5773,.T.);
#5773 = EDGE_CURVE('',#5431,#5409,#5774,.T.);
#5774 = LINE('',#5775,#5776);
#5775 = CARTESIAN_POINT('',(0.,-38.5,-33.));
#5776 = VECTOR('',#5777,1.);
#5777 = DIRECTION('',(1.,-0.,-0.));
#5778 = PLANE('',#5779);
#5779 = AXIS2_PLACEMENT_3D('',#5780,#5781,#5782);
#5780 = CARTESIAN_POINT('',(0.,2.3512594433E-13,-33.));
#5781 = DIRECTION('',(0.,6.805453636524E-15,-1.));
#5782 = DIRECTION('',(0.,1.,6.805453636524E-15));
#5783 = ADVANCED_FACE('',(#5784),#5790,.T.);
#5784 = FACE_BOUND('',#5785,.T.);
#5785 = EDGE_LOOP('',(#5786,#5787,#5788,#5789));
#5786 = ORIENTED_EDGE('',*,*,#5773,.F.);
#5787 = ORIENTED_EDGE('',*,*,#5447,.F.);
#5788 = ORIENTED_EDGE('',*,*,#5610,.T.);
#5789 = ORIENTED_EDGE('',*,*,#5416,.T.);
#5790 = PLANE('',#5791);
#5791 = AXIS2_PLACEMENT_3D('',#5792,#5793,#5794);
#5792 = CARTESIAN_POINT('',(470.,-38.5,-36.));
#5793 = DIRECTION('',(0.,-1.,-6.781610200467E-15));
#5794 = DIRECTION('',(0.,6.781610200467E-15,-1.));
#5795 = ADVANCED_FACE('',(#5796),#5812,.F.);
#5796 = FACE_BOUND('',#5797,.T.);
#5797 = EDGE_LOOP('',(#5798,#5804,#5805,#5811));
#5798 = ORIENTED_EDGE('',*,*,#5799,.T.);
#5799 = EDGE_CURVE('',#4602,#4921,#5800,.T.);
#5800 = LINE('',#5801,#5802);
#5801 = CARTESIAN_POINT('',(-429.5,-6.,-23.12461179749));
#5802 = VECTOR('',#5803,1.);
#5803 = DIRECTION('',(-0.,-0.,1.));
#5804 = ORIENTED_EDGE('',*,*,#4920,.T.);
#5805 = ORIENTED_EDGE('',*,*,#5806,.F.);
#5806 = EDGE_CURVE('',#4604,#4910,#5807,.T.);
#5807 = LINE('',#5808,#5809);
#5808 = CARTESIAN_POINT('',(-420.5,-6.,-23.12461179749));
#5809 = VECTOR('',#5810,1.);
#5810 = DIRECTION('',(-0.,-0.,1.));
#5811 = ORIENTED_EDGE('',*,*,#4601,.F.);
#5812 = PLANE('',#5813);
#5813 = AXIS2_PLACEMENT_3D('',#5814,#5815,#5816);
#5814 = CARTESIAN_POINT('',(-429.5,-6.,-23.12461179749));
#5815 = DIRECTION('',(2.891205793295E-16,-1.,0.));
#5816 = DIRECTION('',(1.,2.891205793295E-16,0.));
#5817 = ADVANCED_FACE('',(#5818),#5829,.F.);
#5818 = FACE_BOUND('',#5819,.F.);
#5819 = EDGE_LOOP('',(#5820,#5821,#5827,#5828));
#5820 = ORIENTED_EDGE('',*,*,#4611,.T.);
#5821 = ORIENTED_EDGE('',*,*,#5822,.T.);
#5822 = EDGE_CURVE('',#4612,#4912,#5823,.T.);
#5823 = LINE('',#5824,#5825);
#5824 = CARTESIAN_POINT('',(-420.5,3.,-23.12461179749));
#5825 = VECTOR('',#5826,1.);
#5826 = DIRECTION('',(-0.,-0.,1.));
#5827 = ORIENTED_EDGE('',*,*,#4909,.F.);
#5828 = ORIENTED_EDGE('',*,*,#5806,.F.);
#5829 = CYLINDRICAL_SURFACE('',#5830,4.5);
#5830 = AXIS2_PLACEMENT_3D('',#5831,#5832,#5833);
#5831 = CARTESIAN_POINT('',(-420.5,-1.5,-23.12461179749));
#5832 = DIRECTION('',(-0.,-0.,1.));
#5833 = DIRECTION('',(1.,0.,0.));
#5834 = ADVANCED_FACE('',(#5835),#5846,.F.);
#5835 = FACE_BOUND('',#5836,.T.);
#5836 = EDGE_LOOP('',(#5837,#5838,#5839,#5845));
#5837 = ORIENTED_EDGE('',*,*,#5822,.T.);
#5838 = ORIENTED_EDGE('',*,*,#4937,.T.);
#5839 = ORIENTED_EDGE('',*,*,#5840,.F.);
#5840 = EDGE_CURVE('',#4621,#4929,#5841,.T.);
#5841 = LINE('',#5842,#5843);
#5842 = CARTESIAN_POINT('',(-429.5,3.,-23.12461179749));
#5843 = VECTOR('',#5844,1.);
#5844 = DIRECTION('',(-0.,-0.,1.));
#5845 = ORIENTED_EDGE('',*,*,#4620,.F.);
#5846 = PLANE('',#5847);
#5847 = AXIS2_PLACEMENT_3D('',#5848,#5849,#5850);
#5848 = CARTESIAN_POINT('',(-429.5,3.,-23.12461179749));
#5849 = DIRECTION('',(-2.891205793295E-16,1.,0.));
#5850 = DIRECTION('',(-1.,-2.891205793295E-16,0.));
#5851 = ADVANCED_FACE('',(#5852),#5858,.F.);
#5852 = FACE_BOUND('',#5853,.F.);
#5853 = EDGE_LOOP('',(#5854,#5855,#5856,#5857));
#5854 = ORIENTED_EDGE('',*,*,#4628,.T.);
#5855 = ORIENTED_EDGE('',*,*,#5799,.T.);
#5856 = ORIENTED_EDGE('',*,*,#4928,.F.);
#5857 = ORIENTED_EDGE('',*,*,#5840,.F.);
#5858 = CYLINDRICAL_SURFACE('',#5859,4.5);
#5859 = AXIS2_PLACEMENT_3D('',#5860,#5861,#5862);
#5860 = CARTESIAN_POINT('',(-429.5,-1.5,-23.12461179749));
#5861 = DIRECTION('',(-0.,-0.,1.));
#5862 = DIRECTION('',(1.,0.,0.));
#5863 = ADVANCED_FACE('',(#5864),#5880,.F.);
#5864 = FACE_BOUND('',#5865,.T.);
#5865 = EDGE_LOOP('',(#5866,#5872,#5873,#5879));
#5866 = ORIENTED_EDGE('',*,*,#5867,.T.);
#5867 = EDGE_CURVE('',#4566,#4885,#5868,.T.);
#5868 = LINE('',#5869,#5870);
#5869 = CARTESIAN_POINT('',(-404.5,-6.,-23.12461179749));
#5870 = VECTOR('',#5871,1.);
#5871 = DIRECTION('',(-0.,-0.,1.));
#5872 = ORIENTED_EDGE('',*,*,#4884,.T.);
#5873 = ORIENTED_EDGE('',*,*,#5874,.F.);
#5874 = EDGE_CURVE('',#4568,#4874,#5875,.T.);
#5875 = LINE('',#5876,#5877);
#5876 = CARTESIAN_POINT('',(-395.5,-6.,-23.12461179749));
#5877 = VECTOR('',#5878,1.);
#5878 = DIRECTION('',(-0.,-0.,1.));
#5879 = ORIENTED_EDGE('',*,*,#4565,.F.);
#5880 = PLANE('',#5881);
#5881 = AXIS2_PLACEMENT_3D('',#5882,#5883,#5884);
#5882 = CARTESIAN_POINT('',(-404.5,-6.,-23.12461179749));
#5883 = DIRECTION('',(2.891205793295E-16,-1.,0.));
#5884 = DIRECTION('',(1.,2.891205793295E-16,0.));
#5885 = ADVANCED_FACE('',(#5886),#5897,.F.);
#5886 = FACE_BOUND('',#5887,.F.);
#5887 = EDGE_LOOP('',(#5888,#5889,#5895,#5896));
#5888 = ORIENTED_EDGE('',*,*,#4575,.T.);
#5889 = ORIENTED_EDGE('',*,*,#5890,.T.);
#5890 = EDGE_CURVE('',#4576,#4876,#5891,.T.);
#5891 = LINE('',#5892,#5893);
#5892 = CARTESIAN_POINT('',(-395.5,3.,-23.12461179749));
#5893 = VECTOR('',#5894,1.);
#5894 = DIRECTION('',(-0.,-0.,1.));
#5895 = ORIENTED_EDGE('',*,*,#4873,.F.);
#5896 = ORIENTED_EDGE('',*,*,#5874,.F.);
#5897 = CYLINDRICAL_SURFACE('',#5898,4.5);
#5898 = AXIS2_PLACEMENT_3D('',#5899,#5900,#5901);
#5899 = CARTESIAN_POINT('',(-395.5,-1.5,-23.12461179749));
#5900 = DIRECTION('',(-0.,-0.,1.));
#5901 = DIRECTION('',(1.,0.,0.));
#5902 = ADVANCED_FACE('',(#5903),#5914,.F.);
#5903 = FACE_BOUND('',#5904,.T.);
#5904 = EDGE_LOOP('',(#5905,#5906,#5907,#5913));
#5905 = ORIENTED_EDGE('',*,*,#5890,.T.);
#5906 = ORIENTED_EDGE('',*,*,#4901,.T.);
#5907 = ORIENTED_EDGE('',*,*,#5908,.F.);
#5908 = EDGE_CURVE('',#4585,#4893,#5909,.T.);
#5909 = LINE('',#5910,#5911);
#5910 = CARTESIAN_POINT('',(-404.5,3.,-23.12461179749));
#5911 = VECTOR('',#5912,1.);
#5912 = DIRECTION('',(-0.,-0.,1.));
#5913 = ORIENTED_EDGE('',*,*,#4584,.F.);
#5914 = PLANE('',#5915);
#5915 = AXIS2_PLACEMENT_3D('',#5916,#5917,#5918);
#5916 = CARTESIAN_POINT('',(-404.5,3.,-23.12461179749));
#5917 = DIRECTION('',(-2.891205793295E-16,1.,0.));
#5918 = DIRECTION('',(-1.,-2.891205793295E-16,0.));
#5919 = ADVANCED_FACE('',(#5920),#5926,.F.);
#5920 = FACE_BOUND('',#5921,.F.);
#5921 = EDGE_LOOP('',(#5922,#5923,#5924,#5925));
#5922 = ORIENTED_EDGE('',*,*,#4592,.T.);
#5923 = ORIENTED_EDGE('',*,*,#5867,.T.);
#5924 = ORIENTED_EDGE('',*,*,#4892,.F.);
#5925 = ORIENTED_EDGE('',*,*,#5908,.F.);
#5926 = CYLINDRICAL_SURFACE('',#5927,4.5);
#5927 = AXIS2_PLACEMENT_3D('',#5928,#5929,#5930);
#5928 = CARTESIAN_POINT('',(-404.5,-1.5,-23.12461179749));
#5929 = DIRECTION('',(-0.,-0.,1.));
#5930 = DIRECTION('',(1.,0.,0.));
#5931 = ADVANCED_FACE('',(#5932),#5948,.F.);
#5932 = FACE_BOUND('',#5933,.F.);
#5933 = EDGE_LOOP('',(#5934,#5940,#5941,#5947));
#5934 = ORIENTED_EDGE('',*,*,#5935,.T.);
#5935 = EDGE_CURVE('',#5570,#5733,#5936,.T.);
#5936 = LINE('',#5937,#5938);
#5937 = CARTESIAN_POINT('',(-466.,2.,-43.));
#5938 = VECTOR('',#5939,1.);
#5939 = DIRECTION('',(-0.,-0.,1.));
#5940 = ORIENTED_EDGE('',*,*,#5742,.F.);
#5941 = ORIENTED_EDGE('',*,*,#5942,.F.);
#5942 = EDGE_CURVE('',#5572,#5743,#5943,.T.);
#5943 = LINE('',#5944,#5945);
#5944 = CARTESIAN_POINT('',(-459.,2.,-43.));
#5945 = VECTOR('',#5946,1.);
#5946 = DIRECTION('',(-0.,-0.,1.));
#5947 = ORIENTED_EDGE('',*,*,#5569,.F.);
#5948 = CYLINDRICAL_SURFACE('',#5949,3.5);
#5949 = AXIS2_PLACEMENT_3D('',#5950,#5951,#5952);
#5950 = CARTESIAN_POINT('',(-462.5,2.,-43.));
#5951 = DIRECTION('',(-0.,-0.,1.));
#5952 = DIRECTION('',(1.,0.,0.));
#5953 = ADVANCED_FACE('',(#5954),#5965,.F.);
#5954 = FACE_BOUND('',#5955,.T.);
#5955 = EDGE_LOOP('',(#5956,#5957,#5963,#5964));
#5956 = ORIENTED_EDGE('',*,*,#5597,.T.);
#5957 = ORIENTED_EDGE('',*,*,#5958,.T.);
#5958 = EDGE_CURVE('',#5589,#5752,#5959,.T.);
#5959 = LINE('',#5960,#5961);
#5960 = CARTESIAN_POINT('',(-459.,-7.,-43.));
#5961 = VECTOR('',#5962,1.);
#5962 = DIRECTION('',(-0.,-0.,1.));
#5963 = ORIENTED_EDGE('',*,*,#5751,.T.);
#5964 = ORIENTED_EDGE('',*,*,#5942,.F.);
#5965 = PLANE('',#5966);
#5966 = AXIS2_PLACEMENT_3D('',#5967,#5968,#5969);
#5967 = CARTESIAN_POINT('',(-459.,2.,-43.));
#5968 = DIRECTION('',(1.,0.,0.));
#5969 = DIRECTION('',(0.,0.,-1.));
#5970 = ADVANCED_FACE('',(#5971),#5982,.F.);
#5971 = FACE_BOUND('',#5972,.F.);
#5972 = EDGE_LOOP('',(#5973,#5974,#5975,#5981));
#5973 = ORIENTED_EDGE('',*,*,#5958,.T.);
#5974 = ORIENTED_EDGE('',*,*,#5759,.F.);
#5975 = ORIENTED_EDGE('',*,*,#5976,.F.);
#5976 = EDGE_CURVE('',#5581,#5735,#5977,.T.);
#5977 = LINE('',#5978,#5979);
#5978 = CARTESIAN_POINT('',(-466.,-7.,-43.));
#5979 = VECTOR('',#5980,1.);
#5980 = DIRECTION('',(-0.,-0.,1.));
#5981 = ORIENTED_EDGE('',*,*,#5588,.F.);
#5982 = CYLINDRICAL_SURFACE('',#5983,3.5);
#5983 = AXIS2_PLACEMENT_3D('',#5984,#5985,#5986);
#5984 = CARTESIAN_POINT('',(-462.5,-7.,-43.));
#5985 = DIRECTION('',(-0.,-0.,1.));
#5986 = DIRECTION('',(1.,0.,0.));
#5987 = ADVANCED_FACE('',(#5988),#5994,.F.);
#5988 = FACE_BOUND('',#5989,.T.);
#5989 = EDGE_LOOP('',(#5990,#5991,#5992,#5993));
#5990 = ORIENTED_EDGE('',*,*,#5580,.T.);
#5991 = ORIENTED_EDGE('',*,*,#5935,.T.);
#5992 = ORIENTED_EDGE('',*,*,#5732,.T.);
#5993 = ORIENTED_EDGE('',*,*,#5976,.F.);
#5994 = PLANE('',#5995);
#5995 = AXIS2_PLACEMENT_3D('',#5996,#5997,#5998);
#5996 = CARTESIAN_POINT('',(-466.,2.,-43.));
#5997 = DIRECTION('',(-1.,0.,-0.));
#5998 = DIRECTION('',(0.,0.,1.));
#5999 = ADVANCED_FACE('',(#6000),#6016,.F.);
#6000 = FACE_BOUND('',#6001,.F.);
#6001 = EDGE_LOOP('',(#6002,#6008,#6009,#6015));
#6002 = ORIENTED_EDGE('',*,*,#6003,.T.);
#6003 = EDGE_CURVE('',#5534,#5697,#6004,.T.);
#6004 = LINE('',#6005,#6006);
#6005 = CARTESIAN_POINT('',(459.,2.,-43.));
#6006 = VECTOR('',#6007,1.);
#6007 = DIRECTION('',(-0.,-0.,1.));
#6008 = ORIENTED_EDGE('',*,*,#5706,.F.);
#6009 = ORIENTED_EDGE('',*,*,#6010,.F.);
#6010 = EDGE_CURVE('',#5536,#5707,#6011,.T.);
#6011 = LINE('',#6012,#6013);
#6012 = CARTESIAN_POINT('',(466.,2.,-43.));
#6013 = VECTOR('',#6014,1.);
#6014 = DIRECTION('',(-0.,-0.,1.));
#6015 = ORIENTED_EDGE('',*,*,#5533,.F.);
#6016 = CYLINDRICAL_SURFACE('',#6017,3.5);
#6017 = AXIS2_PLACEMENT_3D('',#6018,#6019,#6020);
#6018 = CARTESIAN_POINT('',(462.5,2.,-43.));
#6019 = DIRECTION('',(-0.,-0.,1.));
#6020 = DIRECTION('',(1.,0.,0.));
#6021 = ADVANCED_FACE('',(#6022),#6033,.F.);
#6022 = FACE_BOUND('',#6023,.T.);
#6023 = EDGE_LOOP('',(#6024,#6025,#6031,#6032));
#6024 = ORIENTED_EDGE('',*,*,#5561,.T.);
#6025 = ORIENTED_EDGE('',*,*,#6026,.T.);
#6026 = EDGE_CURVE('',#5553,#5716,#6027,.T.);
#6027 = LINE('',#6028,#6029);
#6028 = CARTESIAN_POINT('',(466.,-7.,-43.));
#6029 = VECTOR('',#6030,1.);
#6030 = DIRECTION('',(-0.,-0.,1.));
#6031 = ORIENTED_EDGE('',*,*,#5715,.T.);
#6032 = ORIENTED_EDGE('',*,*,#6010,.F.);
#6033 = PLANE('',#6034);
#6034 = AXIS2_PLACEMENT_3D('',#6035,#6036,#6037);
#6035 = CARTESIAN_POINT('',(466.,2.,-43.));
#6036 = DIRECTION('',(1.,0.,0.));
#6037 = DIRECTION('',(0.,0.,-1.));
#6038 = ADVANCED_FACE('',(#6039),#6050,.F.);
#6039 = FACE_BOUND('',#6040,.F.);
#6040 = EDGE_LOOP('',(#6041,#6042,#6043,#6049));
#6041 = ORIENTED_EDGE('',*,*,#6026,.T.);
#6042 = ORIENTED_EDGE('',*,*,#5723,.F.);
#6043 = ORIENTED_EDGE('',*,*,#6044,.F.);
#6044 = EDGE_CURVE('',#5545,#5699,#6045,.T.);
#6045 = LINE('',#6046,#6047);
#6046 = CARTESIAN_POINT('',(459.,-7.,-43.));
#6047 = VECTOR('',#6048,1.);
#6048 = DIRECTION('',(-0.,-0.,1.));
#6049 = ORIENTED_EDGE('',*,*,#5552,.F.);
#6050 = CYLINDRICAL_SURFACE('',#6051,3.5);
#6051 = AXIS2_PLACEMENT_3D('',#6052,#6053,#6054);
#6052 = CARTESIAN_POINT('',(462.5,-7.,-43.));
#6053 = DIRECTION('',(-0.,-0.,1.));
#6054 = DIRECTION('',(1.,0.,0.));
#6055 = ADVANCED_FACE('',(#6056),#6062,.F.);
#6056 = FACE_BOUND('',#6057,.T.);
#6057 = EDGE_LOOP('',(#6058,#6059,#6060,#6061));
#6058 = ORIENTED_EDGE('',*,*,#5544,.T.);
#6059 = ORIENTED_EDGE('',*,*,#6003,.T.);
#6060 = ORIENTED_EDGE('',*,*,#5696,.T.);
#6061 = ORIENTED_EDGE('',*,*,#6044,.F.);
#6062 = PLANE('',#6063);
#6063 = AXIS2_PLACEMENT_3D('',#6064,#6065,#6066);
#6064 = CARTESIAN_POINT('',(459.,2.,-43.));
#6065 = DIRECTION('',(-1.,0.,-0.));
#6066 = DIRECTION('',(0.,0.,1.));
#6067 = ADVANCED_FACE('',(#6068),#6084,.F.);
#6068 = FACE_BOUND('',#6069,.F.);
#6069 = EDGE_LOOP('',(#6070,#6076,#6077,#6083));
#6070 = ORIENTED_EDGE('',*,*,#6071,.T.);
#6071 = EDGE_CURVE('',#5498,#5661,#6072,.T.);
#6072 = LINE('',#6073,#6074);
#6073 = CARTESIAN_POINT('',(-466.,-23.,-43.));
#6074 = VECTOR('',#6075,1.);
#6075 = DIRECTION('',(-0.,-0.,1.));
#6076 = ORIENTED_EDGE('',*,*,#5670,.F.);
#6077 = ORIENTED_EDGE('',*,*,#6078,.F.);
#6078 = EDGE_CURVE('',#5500,#5671,#6079,.T.);
#6079 = LINE('',#6080,#6081);
#6080 = CARTESIAN_POINT('',(-459.,-23.,-43.));
#6081 = VECTOR('',#6082,1.);
#6082 = DIRECTION('',(-0.,-0.,1.));
#6083 = ORIENTED_EDGE('',*,*,#5497,.F.);
#6084 = CYLINDRICAL_SURFACE('',#6085,3.5);
#6085 = AXIS2_PLACEMENT_3D('',#6086,#6087,#6088);
#6086 = CARTESIAN_POINT('',(-462.5,-23.,-43.));
#6087 = DIRECTION('',(-0.,-0.,1.));
#6088 = DIRECTION('',(1.,0.,0.));
#6089 = ADVANCED_FACE('',(#6090),#6101,.F.);
#6090 = FACE_BOUND('',#6091,.T.);
#6091 = EDGE_LOOP('',(#6092,#6093,#6099,#6100));
#6092 = ORIENTED_EDGE('',*,*,#5525,.T.);
#6093 = ORIENTED_EDGE('',*,*,#6094,.T.);
#6094 = EDGE_CURVE('',#5517,#5680,#6095,.T.);
#6095 = LINE('',#6096,#6097);
#6096 = CARTESIAN_POINT('',(-459.,-32.,-43.));
#6097 = VECTOR('',#6098,1.);
#6098 = DIRECTION('',(-0.,-0.,1.));
#6099 = ORIENTED_EDGE('',*,*,#5679,.T.);
#6100 = ORIENTED_EDGE('',*,*,#6078,.F.);
#6101 = PLANE('',#6102);
#6102 = AXIS2_PLACEMENT_3D('',#6103,#6104,#6105);
#6103 = CARTESIAN_POINT('',(-459.,-23.,-43.));
#6104 = DIRECTION('',(1.,0.,0.));
#6105 = DIRECTION('',(0.,0.,-1.));
#6106 = ADVANCED_FACE('',(#6107),#6118,.F.);
#6107 = FACE_BOUND('',#6108,.F.);
#6108 = EDGE_LOOP('',(#6109,#6110,#6111,#6117));
#6109 = ORIENTED_EDGE('',*,*,#6094,.T.);
#6110 = ORIENTED_EDGE('',*,*,#5687,.F.);
#6111 = ORIENTED_EDGE('',*,*,#6112,.F.);
#6112 = EDGE_CURVE('',#5509,#5663,#6113,.T.);
#6113 = LINE('',#6114,#6115);
#6114 = CARTESIAN_POINT('',(-466.,-32.,-43.));
#6115 = VECTOR('',#6116,1.);
#6116 = DIRECTION('',(-0.,-0.,1.));
#6117 = ORIENTED_EDGE('',*,*,#5516,.F.);
#6118 = CYLINDRICAL_SURFACE('',#6119,3.5);
#6119 = AXIS2_PLACEMENT_3D('',#6120,#6121,#6122);
#6120 = CARTESIAN_POINT('',(-462.5,-32.,-43.));
#6121 = DIRECTION('',(-0.,-0.,1.));
#6122 = DIRECTION('',(1.,0.,0.));
#6123 = ADVANCED_FACE('',(#6124),#6130,.F.);
#6124 = FACE_BOUND('',#6125,.T.);
#6125 = EDGE_LOOP('',(#6126,#6127,#6128,#6129));
#6126 = ORIENTED_EDGE('',*,*,#5508,.T.);
#6127 = ORIENTED_EDGE('',*,*,#6071,.T.);
#6128 = ORIENTED_EDGE('',*,*,#5660,.T.);
#6129 = ORIENTED_EDGE('',*,*,#6112,.F.);
#6130 = PLANE('',#6131);
#6131 = AXIS2_PLACEMENT_3D('',#6132,#6133,#6134);
#6132 = CARTESIAN_POINT('',(-466.,-23.,-43.));
#6133 = DIRECTION('',(-1.,0.,-0.));
#6134 = DIRECTION('',(0.,0.,1.));
#6135 = ADVANCED_FACE('',(#6136),#6152,.F.);
#6136 = FACE_BOUND('',#6137,.F.);
#6137 = EDGE_LOOP('',(#6138,#6144,#6145,#6151));
#6138 = ORIENTED_EDGE('',*,*,#6139,.T.);
#6139 = EDGE_CURVE('',#5462,#5625,#6140,.T.);
#6140 = LINE('',#6141,#6142);
#6141 = CARTESIAN_POINT('',(459.,-23.,-43.));
#6142 = VECTOR('',#6143,1.);
#6143 = DIRECTION('',(-0.,-0.,1.));
#6144 = ORIENTED_EDGE('',*,*,#5634,.F.);
#6145 = ORIENTED_EDGE('',*,*,#6146,.F.);
#6146 = EDGE_CURVE('',#5464,#5635,#6147,.T.);
#6147 = LINE('',#6148,#6149);
#6148 = CARTESIAN_POINT('',(466.,-23.,-43.));
#6149 = VECTOR('',#6150,1.);
#6150 = DIRECTION('',(-0.,-0.,1.));
#6151 = ORIENTED_EDGE('',*,*,#5461,.F.);
#6152 = CYLINDRICAL_SURFACE('',#6153,3.5);
#6153 = AXIS2_PLACEMENT_3D('',#6154,#6155,#6156);
#6154 = CARTESIAN_POINT('',(462.5,-23.,-43.));
#6155 = DIRECTION('',(-0.,-0.,1.));
#6156 = DIRECTION('',(1.,0.,0.));
#6157 = ADVANCED_FACE('',(#6158),#6169,.F.);
#6158 = FACE_BOUND('',#6159,.T.);
#6159 = EDGE_LOOP('',(#6160,#6161,#6167,#6168));
#6160 = ORIENTED_EDGE('',*,*,#5489,.T.);
#6161 = ORIENTED_EDGE('',*,*,#6162,.T.);
#6162 = EDGE_CURVE('',#5481,#5644,#6163,.T.);
#6163 = LINE('',#6164,#6165);
#6164 = CARTESIAN_POINT('',(466.,-32.,-43.));
#6165 = VECTOR('',#6166,1.);
#6166 = DIRECTION('',(-0.,-0.,1.));
#6167 = ORIENTED_EDGE('',*,*,#5643,.T.);
#6168 = ORIENTED_EDGE('',*,*,#6146,.F.);
#6169 = PLANE('',#6170);
#6170 = AXIS2_PLACEMENT_3D('',#6171,#6172,#6173);
#6171 = CARTESIAN_POINT('',(466.,-23.,-43.));
#6172 = DIRECTION('',(1.,0.,0.));
#6173 = DIRECTION('',(0.,0.,-1.));
#6174 = ADVANCED_FACE('',(#6175),#6186,.F.);
#6175 = FACE_BOUND('',#6176,.F.);
#6176 = EDGE_LOOP('',(#6177,#6178,#6179,#6185));
#6177 = ORIENTED_EDGE('',*,*,#6162,.T.);
#6178 = ORIENTED_EDGE('',*,*,#5651,.F.);
#6179 = ORIENTED_EDGE('',*,*,#6180,.F.);
#6180 = EDGE_CURVE('',#5473,#5627,#6181,.T.);
#6181 = LINE('',#6182,#6183);
#6182 = CARTESIAN_POINT('',(459.,-32.,-43.));
#6183 = VECTOR('',#6184,1.);
#6184 = DIRECTION('',(-0.,-0.,1.));
#6185 = ORIENTED_EDGE('',*,*,#5480,.F.);
#6186 = CYLINDRICAL_SURFACE('',#6187,3.5);
#6187 = AXIS2_PLACEMENT_3D('',#6188,#6189,#6190);
#6188 = CARTESIAN_POINT('',(462.5,-32.,-43.));
#6189 = DIRECTION('',(-0.,-0.,1.));
#6190 = DIRECTION('',(1.,0.,0.));
#6191 = ADVANCED_FACE('',(#6192),#6198,.F.);
#6192 = FACE_BOUND('',#6193,.T.);
#6193 = EDGE_LOOP('',(#6194,#6195,#6196,#6197));
#6194 = ORIENTED_EDGE('',*,*,#5472,.T.);
#6195 = ORIENTED_EDGE('',*,*,#6139,.T.);
#6196 = ORIENTED_EDGE('',*,*,#5624,.T.);
#6197 = ORIENTED_EDGE('',*,*,#6180,.F.);
#6198 = PLANE('',#6199);
#6199 = AXIS2_PLACEMENT_3D('',#6200,#6201,#6202);
#6200 = CARTESIAN_POINT('',(459.,-23.,-43.));
#6201 = DIRECTION('',(-1.,0.,-0.));
#6202 = DIRECTION('',(0.,0.,1.));
#6203 = ( GEOMETRIC_REPRESENTATION_CONTEXT(3) 
GLOBAL_UNCERTAINTY_ASSIGNED_CONTEXT((#6207)) 
GLOBAL_UNIT_ASSIGNED_CONTEXT((#6204,#6205,#6206)) REPRESENTATION_CONTEXT
('Context #1','3D Context with UNIT and UNCERTAINTY') );
#6204 = ( LENGTH_UNIT() NAMED_UNIT(*) SI_UNIT(.MILLI.,.METRE.) );
#6205 = ( NAMED_UNIT(*) PLANE_ANGLE_UNIT() SI_UNIT($,.RADIAN.) );
#6206 = ( NAMED_UNIT(*) SI_UNIT($,.STERADIAN.) SOLID_ANGLE_UNIT() );
#6207 = UNCERTAINTY_MEASURE_WITH_UNIT(LENGTH_MEASURE(1.E-07),#6204,
  'distance_accuracy_value','confusion accuracy');
#6208 = CONTEXT_DEPENDENT_SHAPE_REPRESENTATION(#6209,#6211);
#6209 = ( REPRESENTATION_RELATIONSHIP('','',#64,#10) 
REPRESENTATION_RELATIONSHIP_WITH_TRANSFORMATION(#6210) 
SHAPE_REPRESENTATION_RELATIONSHIP() );
#6210 = ITEM_DEFINED_TRANSFORMATION('','',#11,#15);
#6211 = PRODUCT_DEFINITION_SHAPE('Placement','Placement of an item',
  #6212);
#6212 = NEXT_ASSEMBLY_USAGE_OCCURRENCE('28','Solid1','',#5,#59,$);
#6213 = PRODUCT_RELATED_PRODUCT_CATEGORY('part',$,(#61));
#6214 = SHAPE_DEFINITION_REPRESENTATION(#6215,#6221);
#6215 = PRODUCT_DEFINITION_SHAPE('','',#6216);
#6216 = PRODUCT_DEFINITION('design','',#6217,#6220);
#6217 = PRODUCT_DEFINITION_FORMATION('','',#6218);
#6218 = PRODUCT('Solid2','Solid2','',(#6219));
#6219 = PRODUCT_CONTEXT('',#2,'mechanical');
#6220 = PRODUCT_DEFINITION_CONTEXT('part definition',#2,'design');
#6221 = SHAPE_REPRESENTATION('',(#11,#6222,#12366),#14696);
#6222 = MANIFOLD_SOLID_BREP('',#6223);
#6223 = CLOSED_SHELL('',(#6224,#6282,#6445,#6550,#6592,#6625,#6650,#6675
    ,#6701,#6727,#6769,#6969,#7181,#7219,#7252,#7324,#7356,#7411,#7524,
    #7548,#7653,#7671,#7695,#7719,#7737,#7759,#7783,#7800,#7824,#7841,
    #7858,#7870,#7910,#7934,#7976,#8018,#8054,#8076,#8098,#8120,#8142,
    #8154,#8166,#8226,#8373,#8464,#8558,#8634,#8654,#8674,#8686,#8698,
    #8720,#8741,#8762,#8774,#8786,#8798,#8810,#8827,#8878,#8956,#9027,
    #9047,#9067,#9107,#9164,#9198,#9220,#9270,#9324,#9378,#9427,#9439,
    #9459,#9508,#9671,#9776,#9818,#9851,#9876,#9901,#9927,#9953,#9995,
    #10188,#10393,#10427,#10444,#10516,#10548,#10603,#10621,#10645,
    #10669,#10687,#10704,#10728,#10745,#10759,#10776,#10793,#10805,
    #10845,#10869,#10911,#10953,#10989,#11011,#11033,#11055,#11077,
    #11089,#11101,#11161,#11308,#11399,#11493,#11569,#11589,#11609,
    #11621,#11633,#11655,#11676,#11697,#11709,#11721,#11733,#11745,
    #11762,#11813,#11891,#11962,#11982,#12002,#12033,#12083,#12110,
    #12127,#12177,#12231,#12285,#12334,#12346));
#6224 = ADVANCED_FACE('',(#6225),#6277,.F.);
#6225 = FACE_BOUND('',#6226,.T.);
#6226 = EDGE_LOOP('',(#6227,#6237,#6246,#6254,#6262,#6270));
#6227 = ORIENTED_EDGE('',*,*,#6228,.F.);
#6228 = EDGE_CURVE('',#6229,#6231,#6233,.T.);
#6229 = VERTEX_POINT('',#6230);
#6230 = CARTESIAN_POINT('',(1.691355389077E-14,13.3,4.85));
#6231 = VERTEX_POINT('',#6232);
#6232 = CARTESIAN_POINT('',(1.51788304148E-14,13.3,4.35));
#6233 = LINE('',#6234,#6235);
#6234 = CARTESIAN_POINT('',(1.682681771698E-14,13.3,4.85));
#6235 = VECTOR('',#6236,1.);
#6236 = DIRECTION('',(-3.469446951954E-15,0.,-1.));
#6237 = ORIENTED_EDGE('',*,*,#6238,.F.);
#6238 = EDGE_CURVE('',#6239,#6229,#6241,.T.);
#6239 = VERTEX_POINT('',#6240);
#6240 = CARTESIAN_POINT('',(1.765456600772E-14,13.5,5.05));
#6241 = CIRCLE('',#6242,0.2);
#6242 = AXIS2_PLACEMENT_3D('',#6243,#6244,#6245);
#6243 = CARTESIAN_POINT('',(1.763198076116E-14,13.3,5.05));
#6244 = DIRECTION('',(-1.,0.,3.491481338843E-15));
#6245 = DIRECTION('',(-3.491481338843E-15,0.,-1.));
#6246 = ORIENTED_EDGE('',*,*,#6247,.T.);
#6247 = EDGE_CURVE('',#6239,#6248,#6250,.T.);
#6248 = VERTEX_POINT('',#6249);
#6249 = CARTESIAN_POINT('',(2.478951750579E-14,13.5,7.1));
#6250 = LINE('',#6251,#6252);
#6251 = CARTESIAN_POINT('',(0.,13.5,1.688025110518E-14));
#6252 = VECTOR('',#6253,1.);
#6253 = DIRECTION('',(3.480464145398E-15,0.,1.));
#6254 = ORIENTED_EDGE('',*,*,#6255,.T.);
#6255 = EDGE_CURVE('',#6248,#6256,#6258,.T.);
#6256 = VERTEX_POINT('',#6257);
#6257 = CARTESIAN_POINT('',(2.478951750579E-14,14.,7.1));
#6258 = LINE('',#6259,#6260);
#6259 = CARTESIAN_POINT('',(2.478951750579E-14,-3.75,7.1));
#6260 = VECTOR('',#6261,1.);
#6261 = DIRECTION('',(0.,1.,0.));
#6262 = ORIENTED_EDGE('',*,*,#6263,.T.);
#6263 = EDGE_CURVE('',#6256,#6264,#6266,.T.);
#6264 = VERTEX_POINT('',#6265);
#6265 = CARTESIAN_POINT('',(1.763198076116E-14,14.,5.05));
#6266 = LINE('',#6267,#6268);
#6267 = CARTESIAN_POINT('',(-2.463307335887E-14,14.,-7.1));
#6268 = VECTOR('',#6269,1.);
#6269 = DIRECTION('',(-3.480464145398E-15,0.,-1.));
#6270 = ORIENTED_EDGE('',*,*,#6271,.T.);
#6271 = EDGE_CURVE('',#6264,#6231,#6272,.T.);
#6272 = CIRCLE('',#6273,0.7);
#6273 = AXIS2_PLACEMENT_3D('',#6274,#6275,#6276);
#6274 = CARTESIAN_POINT('',(1.763198076116E-14,13.3,5.05));
#6275 = DIRECTION('',(-1.,-0.,3.491481338843E-15));
#6276 = DIRECTION('',(-3.491481338843E-15,0.,-1.));
#6277 = PLANE('',#6278);
#6278 = AXIS2_PLACEMENT_3D('',#6279,#6280,#6281);
#6279 = CARTESIAN_POINT('',(1.44896475562E-14,0.7,4.15));
#6280 = DIRECTION('',(1.,0.,-3.491481338843E-15));
#6281 = DIRECTION('',(-3.491481338843E-15,0.,-1.));
#6282 = ADVANCED_FACE('',(#6283),#6372,.T.);
#6283 = FACE_BOUND('',#6284,.T.);
#6284 = EDGE_LOOP('',(#6285,#6296,#6305,#6316,#6324,#6335,#6346,#6354,
    #6365));
#6285 = ORIENTED_EDGE('',*,*,#6286,.T.);
#6286 = EDGE_CURVE('',#6287,#6289,#6291,.T.);
#6287 = VERTEX_POINT('',#6288);
#6288 = CARTESIAN_POINT('',(1.668922976377,13.1926440846,-4.350000009328
    ));
#6289 = VERTEX_POINT('',#6290);
#6290 = CARTESIAN_POINT('',(1.684141773969,13.3,-4.35));
#6291 = B_SPLINE_CURVE_WITH_KNOTS('',3,(#6292,#6293,#6294,#6295),
  .UNSPECIFIED.,.F.,.F.,(4,4),(2.01505230798E-14,1.084292597775E-04),
  .PIECEWISE_BEZIER_KNOTS.);
#6292 = CARTESIAN_POINT('',(1.668922976377,13.1926440846,-4.350000009328
    ));
#6293 = CARTESIAN_POINT('',(1.673396610721,13.228509239036,
    -4.350000004663));
#6294 = CARTESIAN_POINT('',(1.678498598683,13.264300178136,-4.35));
#6295 = CARTESIAN_POINT('',(1.684141773969,13.3,-4.35));
#6296 = ORIENTED_EDGE('',*,*,#6297,.T.);
#6297 = EDGE_CURVE('',#6289,#6298,#6300,.T.);
#6298 = VERTEX_POINT('',#6299);
#6299 = CARTESIAN_POINT('',(1.652745600663,13.3,-4.363596945955));
#6300 = B_SPLINE_CURVE_WITH_KNOTS('',3,(#6301,#6302,#6303,#6304),
  .UNSPECIFIED.,.F.,.F.,(4,4),(3.878959614449E-18,3.421398307116E-05),
  .PIECEWISE_BEZIER_KNOTS.);
#6301 = CARTESIAN_POINT('',(1.684141773969,13.3,-4.35));
#6302 = CARTESIAN_POINT('',(1.673464634517,13.3,-4.354632763759));
#6303 = CARTESIAN_POINT('',(1.663006354761,13.3,-4.359166901265));
#6304 = CARTESIAN_POINT('',(1.652745600663,13.3,-4.363596945955));
#6305 = ORIENTED_EDGE('',*,*,#6306,.F.);
#6306 = EDGE_CURVE('',#6307,#6298,#6309,.T.);
#6307 = VERTEX_POINT('',#6308);
#6308 = CARTESIAN_POINT('',(1.712940192072,13.5,-4.537437150902));
#6309 = B_SPLINE_CURVE_WITH_KNOTS('',3,(#6310,#6311,#6312,#6313,#6314,
    #6315),.UNSPECIFIED.,.F.,.F.,(4,2,4),(0.,0.163863393893,
    0.23987581263),.UNSPECIFIED.);
#6310 = CARTESIAN_POINT('',(1.712940192072,13.5,-4.537437150902));
#6311 = CARTESIAN_POINT('',(1.674384057564,13.5,-4.464273351109));
#6312 = CARTESIAN_POINT('',(1.638298017066,13.471858167659,
    -4.385717694621));
#6313 = CARTESIAN_POINT('',(1.64541127854,13.366666666667,
    -4.372124408578));
#6314 = CARTESIAN_POINT('',(1.648636847781,13.333333333333,
    -4.367847008035));
#6315 = CARTESIAN_POINT('',(1.652745600663,13.3,-4.363596945955));
#6316 = ORIENTED_EDGE('',*,*,#6317,.T.);
#6317 = EDGE_CURVE('',#6307,#6318,#6320,.T.);
#6318 = VERTEX_POINT('',#6319);
#6319 = CARTESIAN_POINT('',(2.774549648938,13.5,-3.9779862048));
#6320 = LINE('',#6321,#6322);
#6321 = CARTESIAN_POINT('',(2.774549648938,13.5,-3.9779862048));
#6322 = VECTOR('',#6323,1.);
#6323 = DIRECTION('',(0.884674547388,-0.,0.466209121751));
#6324 = ORIENTED_EDGE('',*,*,#6325,.T.);
#6325 = EDGE_CURVE('',#6318,#6326,#6328,.T.);
#6326 = VERTEX_POINT('',#6327);
#6327 = CARTESIAN_POINT('',(2.444925395824,12.457707599847,-3.9688822908
    ));
#6328 = B_SPLINE_CURVE_WITH_KNOTS('',3,(#6329,#6330,#6331,#6332,#6333,
    #6334),.UNSPECIFIED.,.F.,.F.,(4,2,4),(0.,0.163863393893,
    0.880122638825),.UNSPECIFIED.);
#6329 = CARTESIAN_POINT('',(2.774549648938,13.5,-3.9779862048));
#6330 = CARTESIAN_POINT('',(2.735993514429,13.5,-3.904822405008));
#6331 = CARTESIAN_POINT('',(2.691593369637,13.471858167659,
    -3.830648146484));
#6332 = CARTESIAN_POINT('',(2.635698537959,13.085902533282,
    -3.823982813808));
#6333 = CARTESIAN_POINT('',(2.543649680685,12.771805066564,
    -3.891223535757));
#6334 = CARTESIAN_POINT('',(2.444925395824,12.457707599847,-3.9688822908
    ));
#6335 = ORIENTED_EDGE('',*,*,#6336,.T.);
#6336 = EDGE_CURVE('',#6326,#6337,#6339,.T.);
#6337 = VERTEX_POINT('',#6338);
#6338 = CARTESIAN_POINT('',(2.245085545814,12.3,-4.087451312395));
#6339 = B_SPLINE_CURVE_WITH_KNOTS('',3,(#6340,#6341,#6342,#6343,#6344,
    #6345),.UNSPECIFIED.,.F.,.F.,(4,2,4),(0.,1.485245066783E-04,
    2.970490133567E-04),.UNSPECIFIED.);
#6340 = CARTESIAN_POINT('',(2.444925395824,12.457707599847,-3.9688822908
    ));
#6341 = CARTESIAN_POINT('',(2.430292251497,12.411151338944,
    -3.980393053046));
#6342 = CARTESIAN_POINT('',(2.403581845751,12.371174231989,
    -3.998437934776));
#6343 = CARTESIAN_POINT('',(2.33292571321,12.315278020052,
    -4.040563737376));
#6344 = CARTESIAN_POINT('',(2.289443810843,12.3,-4.064075226983));
#6345 = CARTESIAN_POINT('',(2.245085545814,12.3,-4.087451312395));
#6346 = ORIENTED_EDGE('',*,*,#6347,.F.);
#6347 = EDGE_CURVE('',#6348,#6337,#6350,.T.);
#6348 = VERTEX_POINT('',#6349);
#6349 = CARTESIAN_POINT('',(2.10254155867,12.3,-4.162569679091));
#6350 = LINE('',#6351,#6352);
#6351 = CARTESIAN_POINT('',(1.952644915395,12.3,-4.241562776181));
#6352 = VECTOR('',#6353,1.);
#6353 = DIRECTION('',(0.884674547388,0.,0.466209121751));
#6354 = ORIENTED_EDGE('',*,*,#6355,.T.);
#6355 = EDGE_CURVE('',#6348,#6356,#6358,.T.);
#6356 = VERTEX_POINT('',#6357);
#6357 = CARTESIAN_POINT('',(1.89176646177,12.457707599847,
    -4.260388067242));
#6358 = B_SPLINE_CURVE_WITH_KNOTS('',3,(#6359,#6360,#6361,#6362,#6363,
    #6364),.UNSPECIFIED.,.F.,.F.,(4,2,4),(0.,1.485325888256E-04,
    2.970651776512E-04),.UNSPECIFIED.);
#6359 = CARTESIAN_POINT('',(2.10254155867,12.3,-4.162569679091));
#6360 = CARTESIAN_POINT('',(2.058184237387,12.3,-4.185945267164));
#6361 = CARTESIAN_POINT('',(2.014530282227,12.315127930815,
    -4.208364334547));
#6362 = CARTESIAN_POINT('',(1.939776766639,12.370890700691,
    -4.242882235737));
#6363 = CARTESIAN_POINT('',(1.909534016469,12.41115031351,
    -4.254824270883));
#6364 = CARTESIAN_POINT('',(1.89176646177,12.457707599847,
    -4.260388067242));
#6365 = ORIENTED_EDGE('',*,*,#6366,.F.);
#6366 = EDGE_CURVE('',#6287,#6356,#6367,.T.);
#6367 = B_SPLINE_CURVE_WITH_KNOTS('',3,(#6368,#6369,#6370,#6371),
  .UNSPECIFIED.,.F.,.F.,(4,4),(0.321479640583,0.880122638825),
  .PIECEWISE_BEZIER_KNOTS.);
#6368 = CARTESIAN_POINT('',(1.668922976377,13.1926440846,-4.350000009328
    ));
#6369 = CARTESIAN_POINT('',(1.712308211051,12.947665256349,
    -4.319172995563));
#6370 = CARTESIAN_POINT('',(1.798275730809,12.702686428098,
    -4.289664092974));
#6371 = CARTESIAN_POINT('',(1.89176646177,12.457707599847,
    -4.260388067242));
#6372 = B_SPLINE_SURFACE_WITH_KNOTS('',3,3,(
    (#6373,#6374,#6375,#6376,#6377,#6378)
    ,(#6379,#6380,#6381,#6382,#6383,#6384)
    ,(#6385,#6386,#6387,#6388,#6389,#6390)
    ,(#6391,#6392,#6393,#6394,#6395,#6396)
    ,(#6397,#6398,#6399,#6400,#6401,#6402)
    ,(#6403,#6404,#6405,#6406,#6407,#6408)
    ,(#6409,#6410,#6411,#6412,#6413,#6414)
    ,(#6415,#6416,#6417,#6418,#6419,#6420)
    ,(#6421,#6422,#6423,#6424,#6425,#6426)
    ,(#6427,#6428,#6429,#6430,#6431,#6432)
    ,(#6433,#6434,#6435,#6436,#6437,#6438)
    ,(#6439,#6440,#6441,#6442,#6443,#6444
    )),.UNSPECIFIED.,.F.,.F.,.F.,(4,1,1,1,2,1,1,1,4),(4,2,4),(
    0.698529411765,0.736213235294,0.773897058824,0.811580882353,
    0.849264705882,0.886948529412,0.924632352941,0.962316176471,1.),(0.,
    0.163863393893,1.),.UNSPECIFIED.);
#6373 = CARTESIAN_POINT('',(1.712940192072,13.5,-4.537437150902));
#6374 = CARTESIAN_POINT('',(1.674384057564,13.5,-4.464273351109));
#6375 = CARTESIAN_POINT('',(1.638298017066,13.471858167659,
    -4.385717694621));
#6376 = CARTESIAN_POINT('',(1.667951950892,13.033333333333,
    -4.329049680057));
#6377 = CARTESIAN_POINT('',(1.810298433144,12.666666666667,
    -4.285306228119));
#6378 = CARTESIAN_POINT('',(1.952644915395,12.3,-4.241562776181));
#6379 = CARTESIAN_POINT('',(1.747939158815,13.5,-4.518993263717));
#6380 = CARTESIAN_POINT('',(1.709857803615,13.5,-4.446730401186));
#6381 = CARTESIAN_POINT('',(1.673980335986,13.471858167659,-4.3689330243
    ));
#6382 = CARTESIAN_POINT('',(1.703548759077,13.033333333333,
    -4.316164589111));
#6383 = CARTESIAN_POINT('',(1.840028303171,12.666666666667,
    -4.272575993833));
#6384 = CARTESIAN_POINT('',(1.976507847266,12.3,-4.228987398554));
#6385 = CARTESIAN_POINT('',(1.823760647139,13.5,-4.479036570506));
#6386 = CARTESIAN_POINT('',(1.786628850555,13.5,-4.408575582498));
#6387 = CARTESIAN_POINT('',(1.7509838683,13.471858167659,-4.33239207783)
  );
#6388 = CARTESIAN_POINT('',(1.778312097267,13.033333333333,
    -4.288513221782));
#6389 = CARTESIAN_POINT('',(1.897307510995,12.666666666667,
    -4.24826463034));
#6390 = CARTESIAN_POINT('',(2.016302924723,12.3,-4.208016038899));
#6391 = CARTESIAN_POINT('',(1.957365973783,13.5,-4.408628732754));
#6392 = CARTESIAN_POINT('',(1.922241884692,13.5,-4.341977553769));
#6393 = CARTESIAN_POINT('',(1.887032677871,13.471858167659,
    -4.269235750045));
#6394 = CARTESIAN_POINT('',(1.908999279179,13.033333333333,
    -4.244482045934));
#6395 = CARTESIAN_POINT('',(1.989289938755,12.666666666667,
    -4.212210807964));
#6396 = CARTESIAN_POINT('',(2.06958059833,12.3,-4.179939569993));
#6397 = CARTESIAN_POINT('',(2.104780598841,13.5,-4.330943618963));
#6398 = CARTESIAN_POINT('',(2.071078964888,13.5,-4.266991679001));
#6399 = CARTESIAN_POINT('',(2.035646694541,13.471858167659,
    -4.196968565572));
#6400 = CARTESIAN_POINT('',(2.047855522148,13.033333333333,
    -4.188905314089));
#6401 = CARTESIAN_POINT('',(2.084163633974,12.666666666667,
    -4.17101303785));
#6402 = CARTESIAN_POINT('',(2.1204717458,12.3,-4.153120761611));
#6403 = CARTESIAN_POINT('',(2.199511193135,13.5,-4.281022133939));
#6404 = CARTESIAN_POINT('',(2.166010077731,13.5,-4.217451137989));
#6405 = CARTESIAN_POINT('',(2.129925680883,13.471858167659,
    -4.148138691329));
#6406 = CARTESIAN_POINT('',(2.133802749156,13.033333333333,
    -4.146095539302));
#6407 = CARTESIAN_POINT('',(2.144593617762,12.666666666667,
    -4.140408926761));
#6408 = CARTESIAN_POINT('',(2.155382832505,12.3,-4.134723185779));
#6409 = CARTESIAN_POINT('',(2.287978647874,13.5,-4.234401221763));
#6410 = CARTESIAN_POINT('',(2.254477896809,13.5,-4.170830033813));
#6411 = CARTESIAN_POINT('',(2.217701423601,13.471858167659,
    -4.101882300157));
#6412 = CARTESIAN_POINT('',(2.213824355329,13.033333333333,
    -4.103925452183));
#6413 = CARTESIAN_POINT('',(2.203033486722,12.666666666667,
    -4.109612064724));
#6414 = CARTESIAN_POINT('',(2.192244271979,12.3,-4.115297805706));
#6415 = CARTESIAN_POINT('',(2.382709242169,13.5,-4.184479736739));
#6416 = CARTESIAN_POINT('',(2.349007608216,13.5,-4.120527796777));
#6417 = CARTESIAN_POINT('',(2.311276269573,13.471858167659,
    -4.051716255009));
#6418 = CARTESIAN_POINT('',(2.2977233736,13.033333333333,-4.057229013552
    ));
#6419 = CARTESIAN_POINT('',(2.262439366142,12.666666666667,
    -4.077064621713));
#6420 = CARTESIAN_POINT('',(2.227155358685,12.3,-4.096900229874));
#6421 = CARTESIAN_POINT('',(2.530123867227,13.5,-4.106794622948));
#6422 = CARTESIAN_POINT('',(2.494999778137,13.5,-4.040143443963));
#6423 = CARTESIAN_POINT('',(2.454899730673,13.471858167659,
    -3.969979033844));
#6424 = CARTESIAN_POINT('',(2.422063051491,13.033333333333,
    -3.974105768694));
#6425 = CARTESIAN_POINT('',(2.350054778823,12.666666666667,
    -4.022093595093));
#6426 = CARTESIAN_POINT('',(2.278046506154,12.3,-4.070081421493));
#6427 = CARTESIAN_POINT('',(2.663729193871,13.5,-4.036386785196));
#6428 = CARTESIAN_POINT('',(2.626597397286,13.5,-3.965925797188));
#6429 = CARTESIAN_POINT('',(2.58390467956,13.471858167659,
    -3.893456334678));
#6430 = CARTESIAN_POINT('',(2.532260999167,13.033333333333,
    -3.891194392571));
#6431 = CARTESIAN_POINT('',(2.431792589464,12.666666666667,
    -3.966599672579));
#6432 = CARTESIAN_POINT('',(2.331324179761,12.3,-4.042004952587));
#6433 = CARTESIAN_POINT('',(2.739550682194,13.5,-3.996430091985));
#6434 = CARTESIAN_POINT('',(2.701469326994,13.5,-3.924167229454));
#6435 = CARTESIAN_POINT('',(2.657576771103,13.471858167659,
    -3.85059367394));
#6436 = CARTESIAN_POINT('',(2.597333817716,13.033333333333,
    -3.845154375861));
#6437 = CARTESIAN_POINT('',(2.484226537467,12.666666666667,
    -3.933093984396));
#6438 = CARTESIAN_POINT('',(2.371119257219,12.3,-4.021033592931));
#6439 = CARTESIAN_POINT('',(2.774549648938,13.5,-3.9779862048));
#6440 = CARTESIAN_POINT('',(2.735993514429,13.5,-3.904822405008));
#6441 = CARTESIAN_POINT('',(2.691593369637,13.471858167659,
    -3.830648146484));
#6442 = CARTESIAN_POINT('',(2.628085366079,13.033333333333,
    -3.823074960223));
#6443 = CARTESIAN_POINT('',(2.511533777584,12.666666666667,
    -3.915766587764));
#6444 = CARTESIAN_POINT('',(2.394982189089,12.3,-4.008458215305));
#6445 = ADVANCED_FACE('',(#6446),#6507,.T.);
#6446 = FACE_BOUND('',#6447,.T.);
#6447 = EDGE_LOOP('',(#6448,#6449,#6458,#6465,#6466,#6490,#6501));
#6448 = ORIENTED_EDGE('',*,*,#6306,.T.);
#6449 = ORIENTED_EDGE('',*,*,#6450,.T.);
#6450 = EDGE_CURVE('',#6298,#6451,#6453,.T.);
#6451 = VERTEX_POINT('',#6452);
#6452 = CARTESIAN_POINT('',(1.648482729828,13.3,-4.35));
#6453 = B_SPLINE_CURVE_WITH_KNOTS('',3,(#6454,#6455,#6456,#6457),
  .UNSPECIFIED.,.F.,.F.,(4,4),(0.,1.4249526556E-05),
  .PIECEWISE_BEZIER_KNOTS.);
#6454 = CARTESIAN_POINT('',(1.652745600663,13.3,-4.363596945955));
#6455 = CARTESIAN_POINT('',(1.651336772973,13.3,-4.359060845722));
#6456 = CARTESIAN_POINT('',(1.649915140149,13.3,-4.354528708586));
#6457 = CARTESIAN_POINT('',(1.648482729828,13.3,-4.35));
#6458 = ORIENTED_EDGE('',*,*,#6459,.T.);
#6459 = EDGE_CURVE('',#6451,#6287,#6460,.T.);
#6460 = B_SPLINE_CURVE_WITH_KNOTS('',3,(#6461,#6462,#6463,#6464),
  .UNSPECIFIED.,.F.,.F.,(4,4),(1.748223473169E-18,1.092844739676E-04),
  .PIECEWISE_BEZIER_KNOTS.);
#6461 = CARTESIAN_POINT('',(1.648482729828,13.3,-4.35));
#6462 = CARTESIAN_POINT('',(1.65441405568,13.264057962403,-4.35));
#6463 = CARTESIAN_POINT('',(1.661253294398,13.228255693391,-4.35));
#6464 = CARTESIAN_POINT('',(1.668922976377,13.1926440846,-4.350000009328
    ));
#6465 = ORIENTED_EDGE('',*,*,#6366,.T.);
#6466 = ORIENTED_EDGE('',*,*,#6467,.T.);
#6467 = EDGE_CURVE('',#6356,#6468,#6470,.T.);
#6468 = VERTEX_POINT('',#6469);
#6469 = CARTESIAN_POINT('',(1.65522070212,12.486918977439,
    -3.778899337176));
#6470 = B_SPLINE_CURVE_WITH_KNOTS('',3,(#6471,#6472,#6473,#6474,#6475,
    #6476,#6477,#6478,#6479,#6480,#6481,#6482,#6483,#6484,#6485,#6486,
    #6487,#6488,#6489),.UNSPECIFIED.,.F.,.F.,(4,3,3,3,3,3,4),(
    -5.999999999763E-08,0.,1.024968859586E-04,2.486490632112E-04,
    3.947423284807E-04,5.371677781161E-04,5.372277781161E-04),
  .UNSPECIFIED.);
#6471 = CARTESIAN_POINT('',(1.89176646177,12.457707599847,
    -4.260388067242));
#6472 = CARTESIAN_POINT('',(1.891757791719,12.457709138999,
    -4.260370110037));
#6473 = CARTESIAN_POINT('',(1.89174912168,12.457710678089,-4.26035215282
    ));
#6474 = CARTESIAN_POINT('',(1.891740451611,12.457712217116,
    -4.260334195613));
#6475 = CARTESIAN_POINT('',(1.876929532941,12.460341308905,
    -4.229658231964));
#6476 = CARTESIAN_POINT('',(1.862070195499,12.462787281563,
    -4.198989426804));
#6477 = CARTESIAN_POINT('',(1.84716296629,12.465060577198,
    -4.168331690007));
#6478 = CARTESIAN_POINT('',(1.825906683059,12.468302079371,
    -4.124616689226));
#6479 = CARTESIAN_POINT('',(1.804551148754,12.471184642968,
    -4.080922556799));
#6480 = CARTESIAN_POINT('',(1.783111909721,12.473814265062,
    -4.03725583808));
#6481 = CARTESIAN_POINT('',(1.761681166604,12.476442845092,
    -3.993606423554));
#6482 = CARTESIAN_POINT('',(1.740166198497,12.478824592851,
    -3.949983021872));
#6483 = CARTESIAN_POINT('',(1.718578600262,12.481015167511,
    -3.906386754175));
#6484 = CARTESIAN_POINT('',(1.697532910311,12.483150752703,
    -3.863884873095));
#6485 = CARTESIAN_POINT('',(1.676418377206,12.485101406496,
    -3.821407540055));
#6486 = CARTESIAN_POINT('',(1.655247458351,12.486916683331,
    -3.77895299201));
#6487 = CARTESIAN_POINT('',(1.655238539617,12.486917448058,
    -3.778935107061));
#6488 = CARTESIAN_POINT('',(1.655229620864,12.48691821276,
    -3.778917222121));
#6489 = CARTESIAN_POINT('',(1.65522070212,12.486918977439,
    -3.778899337176));
#6490 = ORIENTED_EDGE('',*,*,#6491,.F.);
#6491 = EDGE_CURVE('',#6492,#6468,#6494,.T.);
#6492 = VERTEX_POINT('',#6493);
#6493 = CARTESIAN_POINT('',(1.712940192072,14.,-4.537437150902));
#6494 = B_SPLINE_CURVE_WITH_KNOTS('',3,(#6495,#6496,#6497,#6498,#6499,
    #6500),.UNSPECIFIED.,.F.,.F.,(4,2,4),(0.,0.163863393893,
    0.909417555034),.UNSPECIFIED.);
#6495 = CARTESIAN_POINT('',(1.712940192072,14.,-4.537437150902));
#6496 = CARTESIAN_POINT('',(1.613838022786,14.,-4.349381699671));
#6497 = CARTESIAN_POINT('',(1.528958295653,13.965145364694,
    -4.178235549723));
#6498 = CARTESIAN_POINT('',(1.339664372051,13.497937799383,
    -3.716324201363));
#6499 = CARTESIAN_POINT('',(1.481361209546,12.998722181319,
    -3.726545930639));
#6500 = CARTESIAN_POINT('',(1.65522070212,12.486918977439,
    -3.778899337176));
#6501 = ORIENTED_EDGE('',*,*,#6502,.F.);
#6502 = EDGE_CURVE('',#6307,#6492,#6503,.T.);
#6503 = LINE('',#6504,#6505);
#6504 = CARTESIAN_POINT('',(1.712940192072,12.107022393701,
    -4.537437150902));
#6505 = VECTOR('',#6506,1.);
#6506 = DIRECTION('',(0.,1.,0.));
#6507 = B_SPLINE_SURFACE_WITH_KNOTS('',3,3,(
    (#6508,#6509,#6510,#6511,#6512,#6513)
    ,(#6514,#6515,#6516,#6517,#6518,#6519)
    ,(#6520,#6521,#6522,#6523,#6524,#6525)
    ,(#6526,#6527,#6528,#6529,#6530,#6531)
    ,(#6532,#6533,#6534,#6535,#6536,#6537)
    ,(#6538,#6539,#6540,#6541,#6542,#6543)
    ,(#6544,#6545,#6546,#6547,#6548,#6549
    )),.UNSPECIFIED.,.F.,.F.,.F.,(4,1,1,1,4),(4,2,4),(0.5,0.549632352941
    ,0.599264705882,0.648897058824,0.698529411765),(0.,0.163863393893,1.
    ),.UNSPECIFIED.);
#6508 = CARTESIAN_POINT('',(1.712940192072,14.,-4.537437150902));
#6509 = CARTESIAN_POINT('',(1.613838022786,14.,-4.349381699671));
#6510 = CARTESIAN_POINT('',(1.528958295653,13.965145364694,
    -4.178235549723));
#6511 = CARTESIAN_POINT('',(1.32080976965,13.451401636387,
    -3.670315567528));
#6512 = CARTESIAN_POINT('',(1.520175062085,12.875700818193,
    -3.734770535007));
#6513 = CARTESIAN_POINT('',(1.71954035452,12.3,-3.799225502487));
#6514 = CARTESIAN_POINT('',(1.712940192072,13.958333333333,
    -4.537437150902));
#6515 = CARTESIAN_POINT('',(1.619188295354,13.958333333333,
    -4.359534332345));
#6516 = CARTESIAN_POINT('',(1.538604567555,13.924038098275,
    -4.196540234961));
#6517 = CARTESIAN_POINT('',(1.351293415959,13.416562611132,
    -3.728161080933));
#6518 = CARTESIAN_POINT('',(1.545129575276,12.858281305566,
    -3.782124011447));
#6519 = CARTESIAN_POINT('',(1.738965734593,12.3,-3.836086941961));
#6520 = CARTESIAN_POINT('',(1.712940192072,13.875,-4.537437150902));
#6521 = CARTESIAN_POINT('',(1.629888840489,13.875,-4.379839597694));
#6522 = CARTESIAN_POINT('',(1.557897111359,13.841823565436,
    -4.233149605438));
#6523 = CARTESIAN_POINT('',(1.412260708578,13.346884560624,
    -3.843852107742));
#6524 = CARTESIAN_POINT('',(1.595038601658,12.823442280312,
    -3.876830964326));
#6525 = CARTESIAN_POINT('',(1.777816494738,12.3,-3.90980982091));
#6526 = CARTESIAN_POINT('',(1.712940192072,13.75,-4.537437150902));
#6527 = CARTESIAN_POINT('',(1.645395302125,13.75,-4.409264530173));
#6528 = CARTESIAN_POINT('',(1.585881014977,13.718501766177,
    -4.286251627925));
#6529 = CARTESIAN_POINT('',(1.500933992137,13.24236748486,
    -4.012117792255));
#6530 = CARTESIAN_POINT('',(1.668513313547,12.77118374243,
    -4.016255965795));
#6531 = CARTESIAN_POINT('',(1.836092634957,12.3,-4.020394139334));
#6532 = CARTESIAN_POINT('',(1.712940192072,13.625,-4.537437150902));
#6533 = CARTESIAN_POINT('',(1.660424371329,13.625,-4.437783566751));
#6534 = CARTESIAN_POINT('',(1.61302747445,13.595179966918,
    -4.337764523377));
#6535 = CARTESIAN_POINT('',(1.587171311952,13.137850409097,
    -4.175761012252));
#6536 = CARTESIAN_POINT('',(1.740770043564,12.718925204548,
    -4.153369735005));
#6537 = CARTESIAN_POINT('',(1.894368775176,12.3,-4.130978457757));
#6538 = CARTESIAN_POINT('',(1.712940192072,13.541666666667,
    -4.537437150902));
#6539 = CARTESIAN_POINT('',(1.669730828819,13.541666666667,
    -4.45544342299));
#6540 = CARTESIAN_POINT('',(1.62987450286,13.512965434079,
    -4.369733304206));
#6541 = CARTESIAN_POINT('',(1.641025071245,13.068172358588,
    -4.277953457456));
#6542 = CARTESIAN_POINT('',(1.787122303284,12.684086179294,
    -4.241327397081));
#6543 = CARTESIAN_POINT('',(1.933219535322,12.3,-4.204701336706));
#6544 = CARTESIAN_POINT('',(1.712940192072,13.5,-4.537437150902));
#6545 = CARTESIAN_POINT('',(1.674384057564,13.5,-4.464273351109));
#6546 = CARTESIAN_POINT('',(1.638298017066,13.471858167659,
    -4.385717694621));
#6547 = CARTESIAN_POINT('',(1.667951950892,13.033333333333,
    -4.329049680057));
#6548 = CARTESIAN_POINT('',(1.810298433144,12.666666666667,
    -4.285306228119));
#6549 = CARTESIAN_POINT('',(1.952644915395,12.3,-4.241562776181));
#6550 = ADVANCED_FACE('',(#6551),#6587,.F.);
#6551 = FACE_BOUND('',#6552,.F.);
#6552 = EDGE_LOOP('',(#6553,#6564,#6572,#6581));
#6553 = ORIENTED_EDGE('',*,*,#6554,.T.);
#6554 = EDGE_CURVE('',#6555,#6557,#6559,.T.);
#6555 = VERTEX_POINT('',#6556);
#6556 = CARTESIAN_POINT('',(1.783576901024,13.5,-4.724547961248));
#6557 = VERTEX_POINT('',#6558);
#6558 = CARTESIAN_POINT('',(1.307036177768,13.5,-4.87792542276));
#6559 = CIRCLE('',#6560,5.05);
#6560 = AXIS2_PLACEMENT_3D('',#6561,#6562,#6563);
#6561 = CARTESIAN_POINT('',(0.,13.5,0.));
#6562 = DIRECTION('',(-0.,1.,0.));
#6563 = DIRECTION('',(0.,0.,1.));
#6564 = ORIENTED_EDGE('',*,*,#6565,.F.);
#6565 = EDGE_CURVE('',#6566,#6557,#6568,.T.);
#6566 = VERTEX_POINT('',#6567);
#6567 = CARTESIAN_POINT('',(1.307036177768,14.,-4.87792542276));
#6568 = LINE('',#6569,#6570);
#6569 = CARTESIAN_POINT('',(1.307036177768,14.,-4.87792542276));
#6570 = VECTOR('',#6571,1.);
#6571 = DIRECTION('',(1.346938420708E-15,-1.,-5.026842620748E-15));
#6572 = ORIENTED_EDGE('',*,*,#6573,.T.);
#6573 = EDGE_CURVE('',#6566,#6574,#6576,.T.);
#6574 = VERTEX_POINT('',#6575);
#6575 = CARTESIAN_POINT('',(1.783576901024,14.,-4.724547961248));
#6576 = CIRCLE('',#6577,5.05);
#6577 = AXIS2_PLACEMENT_3D('',#6578,#6579,#6580);
#6578 = CARTESIAN_POINT('',(0.,14.,0.));
#6579 = DIRECTION('',(0.,-1.,0.));
#6580 = DIRECTION('',(0.,0.,1.));
#6581 = ORIENTED_EDGE('',*,*,#6582,.F.);
#6582 = EDGE_CURVE('',#6555,#6574,#6583,.T.);
#6583 = LINE('',#6584,#6585);
#6584 = CARTESIAN_POINT('',(1.783576901024,12.107022393701,
    -4.724547961248));
#6585 = VECTOR('',#6586,1.);
#6586 = DIRECTION('',(0.,1.,0.));
#6587 = CYLINDRICAL_SURFACE('',#6588,5.05);
#6588 = AXIS2_PLACEMENT_3D('',#6589,#6590,#6591);
#6589 = CARTESIAN_POINT('',(0.,0.,0.));
#6590 = DIRECTION('',(0.,-1.,0.));
#6591 = DIRECTION('',(0.,0.,1.));
#6592 = ADVANCED_FACE('',(#6593),#6620,.F.);
#6593 = FACE_BOUND('',#6594,.T.);
#6594 = EDGE_LOOP('',(#6595,#6604,#6605,#6614));
#6595 = ORIENTED_EDGE('',*,*,#6596,.T.);
#6596 = EDGE_CURVE('',#6597,#6264,#6599,.T.);
#6597 = VERTEX_POINT('',#6598);
#6598 = CARTESIAN_POINT('',(3.074245216494,14.,4.006434368471));
#6599 = CIRCLE('',#6600,5.05);
#6600 = AXIS2_PLACEMENT_3D('',#6601,#6602,#6603);
#6601 = CARTESIAN_POINT('',(0.,14.,0.));
#6602 = DIRECTION('',(0.,-1.,0.));
#6603 = DIRECTION('',(0.,0.,1.));
#6604 = ORIENTED_EDGE('',*,*,#6263,.F.);
#6605 = ORIENTED_EDGE('',*,*,#6606,.F.);
#6606 = EDGE_CURVE('',#6607,#6256,#6609,.T.);
#6607 = VERTEX_POINT('',#6608);
#6608 = CARTESIAN_POINT('',(4.322206145962,14.,5.632808716068));
#6609 = CIRCLE('',#6610,7.1);
#6610 = AXIS2_PLACEMENT_3D('',#6611,#6612,#6613);
#6611 = CARTESIAN_POINT('',(0.,14.,0.));
#6612 = DIRECTION('',(0.,-1.,0.));
#6613 = DIRECTION('',(0.,0.,1.));
#6614 = ORIENTED_EDGE('',*,*,#6615,.F.);
#6615 = EDGE_CURVE('',#6597,#6607,#6616,.T.);
#6616 = LINE('',#6617,#6618);
#6617 = CARTESIAN_POINT('',(4.322206145962,14.,5.632808716068));
#6618 = VECTOR('',#6619,1.);
#6619 = DIRECTION('',(0.608761429009,6.308085367188E-16,0.793353340291)
  );
#6620 = PLANE('',#6621);
#6621 = AXIS2_PLACEMENT_3D('',#6622,#6623,#6624);
#6622 = CARTESIAN_POINT('',(4.85,14.,0.));
#6623 = DIRECTION('',(0.,-1.,0.));
#6624 = DIRECTION('',(0.,0.,1.));
#6625 = ADVANCED_FACE('',(#6626),#6645,.T.);
#6626 = FACE_BOUND('',#6627,.T.);
#6627 = EDGE_LOOP('',(#6628,#6629,#6638,#6644));
#6628 = ORIENTED_EDGE('',*,*,#6255,.F.);
#6629 = ORIENTED_EDGE('',*,*,#6630,.F.);
#6630 = EDGE_CURVE('',#6631,#6248,#6633,.T.);
#6631 = VERTEX_POINT('',#6632);
#6632 = CARTESIAN_POINT('',(4.322206145962,13.5,5.632808716068));
#6633 = CIRCLE('',#6634,7.1);
#6634 = AXIS2_PLACEMENT_3D('',#6635,#6636,#6637);
#6635 = CARTESIAN_POINT('',(0.,13.5,0.));
#6636 = DIRECTION('',(0.,-1.,0.));
#6637 = DIRECTION('',(0.,0.,1.));
#6638 = ORIENTED_EDGE('',*,*,#6639,.F.);
#6639 = EDGE_CURVE('',#6607,#6631,#6640,.T.);
#6640 = LINE('',#6641,#6642);
#6641 = CARTESIAN_POINT('',(4.322206145962,14.,5.632808716068));
#6642 = VECTOR('',#6643,1.);
#6643 = DIRECTION('',(-1.07111283415E-15,-1.,-7.242454586366E-16));
#6644 = ORIENTED_EDGE('',*,*,#6606,.T.);
#6645 = CYLINDRICAL_SURFACE('',#6646,7.1);
#6646 = AXIS2_PLACEMENT_3D('',#6647,#6648,#6649);
#6647 = CARTESIAN_POINT('',(0.,0.,0.));
#6648 = DIRECTION('',(0.,-1.,0.));
#6649 = DIRECTION('',(0.,0.,1.));
#6650 = ADVANCED_FACE('',(#6651),#6670,.T.);
#6651 = FACE_BOUND('',#6652,.T.);
#6652 = EDGE_LOOP('',(#6653,#6654,#6663,#6669));
#6653 = ORIENTED_EDGE('',*,*,#6247,.F.);
#6654 = ORIENTED_EDGE('',*,*,#6655,.T.);
#6655 = EDGE_CURVE('',#6239,#6656,#6658,.T.);
#6656 = VERTEX_POINT('',#6657);
#6657 = CARTESIAN_POINT('',(3.074245216494,13.5,4.006434368471));
#6658 = CIRCLE('',#6659,5.05);
#6659 = AXIS2_PLACEMENT_3D('',#6660,#6661,#6662);
#6660 = CARTESIAN_POINT('',(0.,13.5,0.));
#6661 = DIRECTION('',(-0.,1.,0.));
#6662 = DIRECTION('',(3.552713678801E-15,0.,1.));
#6663 = ORIENTED_EDGE('',*,*,#6664,.T.);
#6664 = EDGE_CURVE('',#6656,#6631,#6665,.T.);
#6665 = LINE('',#6666,#6667);
#6666 = CARTESIAN_POINT('',(1.797363815626,13.5,2.342370128751));
#6667 = VECTOR('',#6668,1.);
#6668 = DIRECTION('',(0.608761429009,0.,0.793353340291));
#6669 = ORIENTED_EDGE('',*,*,#6630,.T.);
#6670 = PLANE('',#6671);
#6671 = AXIS2_PLACEMENT_3D('',#6672,#6673,#6674);
#6672 = CARTESIAN_POINT('',(4.85,13.5,0.));
#6673 = DIRECTION('',(0.,-1.,0.));
#6674 = DIRECTION('',(0.,0.,1.));
#6675 = ADVANCED_FACE('',(#6676),#6696,.F.);
#6676 = FACE_BOUND('',#6677,.F.);
#6677 = EDGE_LOOP('',(#6678,#6687,#6688,#6689));
#6678 = ORIENTED_EDGE('',*,*,#6679,.T.);
#6679 = EDGE_CURVE('',#6680,#6229,#6682,.T.);
#6680 = VERTEX_POINT('',#6681);
#6681 = CARTESIAN_POINT('',(2.952492930692,13.3,3.847763700412));
#6682 = CIRCLE('',#6683,4.85);
#6683 = AXIS2_PLACEMENT_3D('',#6684,#6685,#6686);
#6684 = CARTESIAN_POINT('',(0.,13.3,0.));
#6685 = DIRECTION('',(0.,-1.,0.));
#6686 = DIRECTION('',(0.,0.,1.));
#6687 = ORIENTED_EDGE('',*,*,#6238,.F.);
#6688 = ORIENTED_EDGE('',*,*,#6655,.T.);
#6689 = ORIENTED_EDGE('',*,*,#6690,.T.);
#6690 = EDGE_CURVE('',#6656,#6680,#6691,.T.);
#6691 = CIRCLE('',#6692,0.2);
#6692 = AXIS2_PLACEMENT_3D('',#6693,#6694,#6695);
#6693 = CARTESIAN_POINT('',(3.074245216494,13.3,4.006434368471));
#6694 = DIRECTION('',(-0.793353340291,4.088782444489E-16,0.608761429009)
  );
#6695 = DIRECTION('',(-0.608761429009,-9.860761315263E-32,
    -0.793353340291));
#6696 = TOROIDAL_SURFACE('',#6697,5.05,0.2);
#6697 = AXIS2_PLACEMENT_3D('',#6698,#6699,#6700);
#6698 = CARTESIAN_POINT('',(0.,13.3,0.));
#6699 = DIRECTION('',(0.,-1.,0.));
#6700 = DIRECTION('',(0.,0.,1.));
#6701 = ADVANCED_FACE('',(#6702),#6722,.T.);
#6702 = FACE_BOUND('',#6703,.T.);
#6703 = EDGE_LOOP('',(#6704,#6705,#6714,#6721));
#6704 = ORIENTED_EDGE('',*,*,#6596,.F.);
#6705 = ORIENTED_EDGE('',*,*,#6706,.T.);
#6706 = EDGE_CURVE('',#6597,#6707,#6709,.T.);
#6707 = VERTEX_POINT('',#6708);
#6708 = CARTESIAN_POINT('',(2.648112216188,13.3,3.451087030267));
#6709 = CIRCLE('',#6710,0.7);
#6710 = AXIS2_PLACEMENT_3D('',#6711,#6712,#6713);
#6711 = CARTESIAN_POINT('',(3.074245216494,13.3,4.006434368471));
#6712 = DIRECTION('',(-0.793353340291,4.088782444489E-16,0.608761429009)
  );
#6713 = DIRECTION('',(-0.608761429009,-4.930380657631E-32,
    -0.793353340291));
#6714 = ORIENTED_EDGE('',*,*,#6715,.F.);
#6715 = EDGE_CURVE('',#6231,#6707,#6716,.T.);
#6716 = CIRCLE('',#6717,4.35);
#6717 = AXIS2_PLACEMENT_3D('',#6718,#6719,#6720);
#6718 = CARTESIAN_POINT('',(0.,13.3,0.));
#6719 = DIRECTION('',(-0.,1.,0.));
#6720 = DIRECTION('',(3.552713678801E-15,0.,1.));
#6721 = ORIENTED_EDGE('',*,*,#6271,.F.);
#6722 = TOROIDAL_SURFACE('',#6723,5.05,0.7);
#6723 = AXIS2_PLACEMENT_3D('',#6724,#6725,#6726);
#6724 = CARTESIAN_POINT('',(0.,13.3,0.));
#6725 = DIRECTION('',(0.,-1.,0.));
#6726 = DIRECTION('',(0.,0.,1.));
#6727 = ADVANCED_FACE('',(#6728),#6764,.T.);
#6728 = FACE_BOUND('',#6729,.T.);
#6729 = EDGE_LOOP('',(#6730,#6741,#6749,#6758));
#6730 = ORIENTED_EDGE('',*,*,#6731,.F.);
#6731 = EDGE_CURVE('',#6732,#6734,#6736,.T.);
#6732 = VERTEX_POINT('',#6733);
#6733 = CARTESIAN_POINT('',(4.160862792009,5.4,2.491931143927));
#6734 = VERTEX_POINT('',#6735);
#6735 = CARTESIAN_POINT('',(3.948177110083,5.4,2.816806260185));
#6736 = CIRCLE('',#6737,4.85);
#6737 = AXIS2_PLACEMENT_3D('',#6738,#6739,#6740);
#6738 = CARTESIAN_POINT('',(0.,5.4,0.));
#6739 = DIRECTION('',(0.,-1.,0.));
#6740 = DIRECTION('',(0.,0.,1.));
#6741 = ORIENTED_EDGE('',*,*,#6742,.T.);
#6742 = EDGE_CURVE('',#6732,#6743,#6745,.T.);
#6743 = VERTEX_POINT('',#6744);
#6744 = CARTESIAN_POINT('',(3.704999822843,5.4,2.279358750336));
#6745 = LINE('',#6746,#6747);
#6746 = CARTESIAN_POINT('',(3.731129742739,5.4,2.29154333209));
#6747 = VECTOR('',#6748,1.);
#6748 = DIRECTION('',(-0.906307787037,0.,-0.422618261741));
#6749 = ORIENTED_EDGE('',*,*,#6750,.T.);
#6750 = EDGE_CURVE('',#6743,#6751,#6753,.T.);
#6751 = VERTEX_POINT('',#6752);
#6752 = CARTESIAN_POINT('',(3.541148542033,5.4,2.526413862227));
#6753 = CIRCLE('',#6754,4.35);
#6754 = AXIS2_PLACEMENT_3D('',#6755,#6756,#6757);
#6755 = CARTESIAN_POINT('',(0.,5.4,0.));
#6756 = DIRECTION('',(0.,-1.,0.));
#6757 = DIRECTION('',(0.,0.,1.));
#6758 = ORIENTED_EDGE('',*,*,#6759,.F.);
#6759 = EDGE_CURVE('',#6734,#6751,#6760,.T.);
#6760 = LINE('',#6761,#6762);
#6761 = CARTESIAN_POINT('',(3.541148542033,5.4,2.526413862227));
#6762 = VECTOR('',#6763,1.);
#6763 = DIRECTION('',(-0.8140571361,0.,-0.580784795914));
#6764 = PLANE('',#6765);
#6765 = AXIS2_PLACEMENT_3D('',#6766,#6767,#6768);
#6766 = CARTESIAN_POINT('',(4.395592767128,5.4,2.049698569442));
#6767 = DIRECTION('',(0.,1.,0.));
#6768 = DIRECTION('',(0.,0.,-1.));
#6769 = ADVANCED_FACE('',(#6770,#6868),#6964,.T.);
#6770 = FACE_BOUND('',#6771,.T.);
#6771 = EDGE_LOOP('',(#6772,#6782,#6793,#6802,#6813,#6819,#6820,#6828,
    #6836,#6845,#6853,#6861));
#6772 = ORIENTED_EDGE('',*,*,#6773,.F.);
#6773 = EDGE_CURVE('',#6774,#6776,#6778,.T.);
#6774 = VERTEX_POINT('',#6775);
#6775 = CARTESIAN_POINT('',(3.847763700412,13.05,2.952492930692));
#6776 = VERTEX_POINT('',#6777);
#6777 = CARTESIAN_POINT('',(3.847763700412,13.3,2.952492930692));
#6778 = LINE('',#6779,#6780);
#6779 = CARTESIAN_POINT('',(3.847763700412,1.595904051289E-30,
    2.952492930692));
#6780 = VECTOR('',#6781,1.);
#6781 = DIRECTION('',(-0.,1.,-0.));
#6782 = ORIENTED_EDGE('',*,*,#6783,.T.);
#6783 = EDGE_CURVE('',#6774,#6784,#6786,.T.);
#6784 = VERTEX_POINT('',#6785);
#6785 = CARTESIAN_POINT('',(3.488123682046,12.5,3.369791266348));
#6786 = B_SPLINE_CURVE_WITH_KNOTS('',3,(#6787,#6788,#6789,#6790,#6791,
    #6792),.UNSPECIFIED.,.F.,.F.,(4,2,4),(1.734723475977E-18,
    4.301542696715E-04,8.60308539343E-04),.UNSPECIFIED.);
#6787 = CARTESIAN_POINT('',(3.847763700412,13.05,2.952492930692));
#6788 = CARTESIAN_POINT('',(3.847763700412,12.904551269603,
    2.952492930692));
#6789 = CARTESIAN_POINT('',(3.811944444822,12.762307821781,
    3.000318452523));
#6790 = CARTESIAN_POINT('',(3.68289558456,12.559388549942,3.157389963274
    ));
#6791 = CARTESIAN_POINT('',(3.589179622439,12.5,3.265186680771));
#6792 = CARTESIAN_POINT('',(3.488123682046,12.5,3.369791266348));
#6793 = ORIENTED_EDGE('',*,*,#6794,.T.);
#6794 = EDGE_CURVE('',#6784,#6795,#6797,.T.);
#6795 = VERTEX_POINT('',#6796);
#6796 = CARTESIAN_POINT('',(3.369791266348,12.5,3.488123682046));
#6797 = CIRCLE('',#6798,4.85);
#6798 = AXIS2_PLACEMENT_3D('',#6799,#6800,#6801);
#6799 = CARTESIAN_POINT('',(0.,12.5,0.));
#6800 = DIRECTION('',(0.,-1.,-0.));
#6801 = DIRECTION('',(0.,0.,-1.));
#6802 = ORIENTED_EDGE('',*,*,#6803,.T.);
#6803 = EDGE_CURVE('',#6795,#6804,#6806,.T.);
#6804 = VERTEX_POINT('',#6805);
#6805 = CARTESIAN_POINT('',(2.952492930692,13.05,3.847763700412));
#6806 = B_SPLINE_CURVE_WITH_KNOTS('',3,(#6807,#6808,#6809,#6810,#6811,
    #6812),.UNSPECIFIED.,.F.,.F.,(4,2,4),(0.,4.301612488575E-04,
    8.60322497715E-04),.UNSPECIFIED.);
#6807 = CARTESIAN_POINT('',(3.369791266348,12.5,3.488123682046));
#6808 = CARTESIAN_POINT('',(3.265191872283,12.5,3.589174607045));
#6809 = CARTESIAN_POINT('',(3.157667024495,12.559174354493,
    3.682660218946));
#6810 = CARTESIAN_POINT('',(3.000481062542,12.761954411543,
    3.811818558001));
#6811 = CARTESIAN_POINT('',(2.952492930692,12.904552842529,
    3.847763700412));
#6812 = CARTESIAN_POINT('',(2.952492930692,13.05,3.847763700412));
#6813 = ORIENTED_EDGE('',*,*,#6814,.T.);
#6814 = EDGE_CURVE('',#6804,#6680,#6815,.T.);
#6815 = LINE('',#6816,#6817);
#6816 = CARTESIAN_POINT('',(2.952492930692,1.595904051289E-30,
    3.847763700412));
#6817 = VECTOR('',#6818,1.);
#6818 = DIRECTION('',(-0.,1.,-0.));
#6819 = ORIENTED_EDGE('',*,*,#6679,.T.);
#6820 = ORIENTED_EDGE('',*,*,#6821,.T.);
#6821 = EDGE_CURVE('',#6229,#6822,#6824,.T.);
#6822 = VERTEX_POINT('',#6823);
#6823 = CARTESIAN_POINT('',(1.682681771698E-14,6.3,4.85));
#6824 = LINE('',#6825,#6826);
#6825 = CARTESIAN_POINT('',(1.693368449339E-14,13.3,4.85));
#6826 = VECTOR('',#6827,1.);
#6827 = DIRECTION('',(0.,-1.,-0.));
#6828 = ORIENTED_EDGE('',*,*,#6829,.T.);
#6829 = EDGE_CURVE('',#6822,#6830,#6832,.T.);
#6830 = VERTEX_POINT('',#6831);
#6831 = CARTESIAN_POINT('',(1.693368449339E-14,0.7,4.85));
#6832 = LINE('',#6833,#6834);
#6833 = CARTESIAN_POINT('',(1.693368449339E-14,13.3,4.85));
#6834 = VECTOR('',#6835,1.);
#6835 = DIRECTION('',(0.,-1.,-0.));
#6836 = ORIENTED_EDGE('',*,*,#6837,.T.);
#6837 = EDGE_CURVE('',#6830,#6838,#6840,.T.);
#6838 = VERTEX_POINT('',#6839);
#6839 = CARTESIAN_POINT('',(4.85,0.7,0.));
#6840 = CIRCLE('',#6841,4.85);
#6841 = AXIS2_PLACEMENT_3D('',#6842,#6843,#6844);
#6842 = CARTESIAN_POINT('',(0.,0.7,0.));
#6843 = DIRECTION('',(-0.,1.,0.));
#6844 = DIRECTION('',(0.,0.,1.));
#6845 = ORIENTED_EDGE('',*,*,#6846,.F.);
#6846 = EDGE_CURVE('',#6847,#6838,#6849,.T.);
#6847 = VERTEX_POINT('',#6848);
#6848 = CARTESIAN_POINT('',(4.85,2.7,0.));
#6849 = LINE('',#6850,#6851);
#6850 = CARTESIAN_POINT('',(4.85,0.7,0.));
#6851 = VECTOR('',#6852,1.);
#6852 = DIRECTION('',(0.,-1.,0.));
#6853 = ORIENTED_EDGE('',*,*,#6854,.F.);
#6854 = EDGE_CURVE('',#6855,#6847,#6857,.T.);
#6855 = VERTEX_POINT('',#6856);
#6856 = CARTESIAN_POINT('',(4.85,13.3,0.));
#6857 = LINE('',#6858,#6859);
#6858 = CARTESIAN_POINT('',(4.85,13.3,0.));
#6859 = VECTOR('',#6860,1.);
#6860 = DIRECTION('',(0.,-1.,0.));
#6861 = ORIENTED_EDGE('',*,*,#6862,.T.);
#6862 = EDGE_CURVE('',#6855,#6776,#6863,.T.);
#6863 = CIRCLE('',#6864,4.85);
#6864 = AXIS2_PLACEMENT_3D('',#6865,#6866,#6867);
#6865 = CARTESIAN_POINT('',(0.,13.3,0.));
#6866 = DIRECTION('',(0.,-1.,0.));
#6867 = DIRECTION('',(0.,0.,1.));
#6868 = FACE_BOUND('',#6869,.T.);
#6869 = EDGE_LOOP('',(#6870,#6881,#6896,#6904,#6913,#6914,#6923,#6932,
    #6943,#6951));
#6870 = ORIENTED_EDGE('',*,*,#6871,.F.);
#6871 = EDGE_CURVE('',#6872,#6874,#6876,.T.);
#6872 = VERTEX_POINT('',#6873);
#6873 = CARTESIAN_POINT('',(3.75178150568,10.4,3.073537950578));
#6874 = VERTEX_POINT('',#6875);
#6875 = CARTESIAN_POINT('',(3.073537950578,10.4,3.75178150568));
#6876 = CIRCLE('',#6877,4.85);
#6877 = AXIS2_PLACEMENT_3D('',#6878,#6879,#6880);
#6878 = CARTESIAN_POINT('',(0.,10.4,0.));
#6879 = DIRECTION('',(0.,-1.,0.));
#6880 = DIRECTION('',(0.,0.,1.));
#6881 = ORIENTED_EDGE('',*,*,#6882,.T.);
#6882 = EDGE_CURVE('',#6872,#6883,#6885,.T.);
#6883 = VERTEX_POINT('',#6884);
#6884 = CARTESIAN_POINT('',(4.395592767128,9.2,2.049698569442));
#6885 = B_SPLINE_CURVE_WITH_KNOTS('',3,(#6886,#6887,#6888,#6889,#6890,
    #6891,#6892,#6893,#6894,#6895),.UNSPECIFIED.,.F.,.F.,(4,2,2,2,4),(0.
    ,4.716699588412E-04,9.433399176824E-04,1.415009876524E-03,
    1.886679835365E-03),.UNSPECIFIED.);
#6886 = CARTESIAN_POINT('',(3.75178150568,10.4,3.073537950578));
#6887 = CARTESIAN_POINT('',(3.852809288559,10.4,2.950216171748));
#6888 = CARTESIAN_POINT('',(3.945884795352,10.370222506103,
    2.823828182676));
#6889 = CARTESIAN_POINT('',(4.109311386095,10.251982100046,
    2.580227190689));
#6890 = CARTESIAN_POINT('',(4.17864894595,10.163532083945,2.464538403049
    ));
#6891 = CARTESIAN_POINT('',(4.288012400504,9.942340578943,2.268921815909
    ));
#6892 = CARTESIAN_POINT('',(4.328829022177,9.808049670759,2.188017713993
    ));
#6893 = CARTESIAN_POINT('',(4.382216631787,9.517889748162,2.079028526036
    ));
#6894 = CARTESIAN_POINT('',(4.395592767128,9.359464572465,2.049698569442
    ));
#6895 = CARTESIAN_POINT('',(4.395592767128,9.2,2.049698569442));
#6896 = ORIENTED_EDGE('',*,*,#6897,.T.);
#6897 = EDGE_CURVE('',#6883,#6898,#6900,.T.);
#6898 = VERTEX_POINT('',#6899);
#6899 = CARTESIAN_POINT('',(4.395592767128,5.9,2.049698569442));
#6900 = LINE('',#6901,#6902);
#6901 = CARTESIAN_POINT('',(4.395592767128,5.4,2.049698569442));
#6902 = VECTOR('',#6903,1.);
#6903 = DIRECTION('',(-0.,-1.,0.));
#6904 = ORIENTED_EDGE('',*,*,#6905,.T.);
#6905 = EDGE_CURVE('',#6898,#6732,#6906,.T.);
#6906 = B_SPLINE_CURVE_WITH_KNOTS('',3,(#6907,#6908,#6909,#6910,#6911,
    #6912),.UNSPECIFIED.,.F.,.F.,(4,2,4),(0.,3.909604450465E-04,
    7.819208900931E-04),.UNSPECIFIED.);
#6907 = CARTESIAN_POINT('',(4.395592767128,5.9,2.049698569442));
#6908 = CARTESIAN_POINT('',(4.395592767128,5.767803865183,2.049698569442
    ));
#6909 = CARTESIAN_POINT('',(4.373172041931,5.638523151084,2.099142014922
    ));
#6910 = CARTESIAN_POINT('',(4.290078443227,5.454049252789,2.264124081869
    ));
#6911 = CARTESIAN_POINT('',(4.228783990071,5.4,2.378520792885));
#6912 = CARTESIAN_POINT('',(4.160862792009,5.4,2.491931143927));
#6913 = ORIENTED_EDGE('',*,*,#6731,.T.);
#6914 = ORIENTED_EDGE('',*,*,#6915,.F.);
#6915 = EDGE_CURVE('',#6916,#6734,#6918,.T.);
#6916 = VERTEX_POINT('',#6917);
#6917 = CARTESIAN_POINT('',(2.816806260185,5.4,3.948177110083));
#6918 = CIRCLE('',#6919,4.85);
#6919 = AXIS2_PLACEMENT_3D('',#6920,#6921,#6922);
#6920 = CARTESIAN_POINT('',(0.,5.4,0.));
#6921 = DIRECTION('',(0.,1.,0.));
#6922 = DIRECTION('',(0.,0.,-1.));
#6923 = ORIENTED_EDGE('',*,*,#6924,.T.);
#6924 = EDGE_CURVE('',#6916,#6925,#6927,.T.);
#6925 = VERTEX_POINT('',#6926);
#6926 = CARTESIAN_POINT('',(2.491931143927,5.4,4.160862792009));
#6927 = CIRCLE('',#6928,4.85);
#6928 = AXIS2_PLACEMENT_3D('',#6929,#6930,#6931);
#6929 = CARTESIAN_POINT('',(0.,5.4,0.));
#6930 = DIRECTION('',(0.,-1.,0.));
#6931 = DIRECTION('',(0.,0.,1.));
#6932 = ORIENTED_EDGE('',*,*,#6933,.T.);
#6933 = EDGE_CURVE('',#6925,#6934,#6936,.T.);
#6934 = VERTEX_POINT('',#6935);
#6935 = CARTESIAN_POINT('',(2.049698569442,5.9,4.395592767128));
#6936 = B_SPLINE_CURVE_WITH_KNOTS('',3,(#6937,#6938,#6939,#6940,#6941,
    #6942),.UNSPECIFIED.,.F.,.F.,(4,2,4),(0.,3.909656641979E-04,
    7.819313283957E-04),.UNSPECIFIED.);
#6937 = CARTESIAN_POINT('',(2.491931143927,5.4,4.160862792009));
#6938 = CARTESIAN_POINT('',(2.37852546549,5.4,4.228781191659));
#6939 = CARTESIAN_POINT('',(2.264415204518,5.453855878494,4.289926312389
    ));
#6940 = CARTESIAN_POINT('',(2.099311153615,5.638202254386,4.373092345754
    ));
#6941 = CARTESIAN_POINT('',(2.049698569442,5.767805057778,4.395592767128
    ));
#6942 = CARTESIAN_POINT('',(2.049698569442,5.9,4.395592767128));
#6943 = ORIENTED_EDGE('',*,*,#6944,.F.);
#6944 = EDGE_CURVE('',#6945,#6934,#6947,.T.);
#6945 = VERTEX_POINT('',#6946);
#6946 = CARTESIAN_POINT('',(2.049698569442,9.2,4.395592767128));
#6947 = LINE('',#6948,#6949);
#6948 = CARTESIAN_POINT('',(2.049698569442,5.4,4.395592767128));
#6949 = VECTOR('',#6950,1.);
#6950 = DIRECTION('',(-0.,-1.,0.));
#6951 = ORIENTED_EDGE('',*,*,#6952,.T.);
#6952 = EDGE_CURVE('',#6945,#6874,#6953,.T.);
#6953 = B_SPLINE_CURVE_WITH_KNOTS('',3,(#6954,#6955,#6956,#6957,#6958,
    #6959,#6960,#6961,#6962,#6963),.UNSPECIFIED.,.F.,.F.,(4,2,2,2,4),(0.
    ,4.716300698379E-04,9.432601396758E-04,1.414890209514E-03,
    1.886520279352E-03),.UNSPECIFIED.);
#6954 = CARTESIAN_POINT('',(2.049698569442,9.2,4.395592767128));
#6955 = CARTESIAN_POINT('',(2.049698569442,9.359471096002,4.395592767128
    ));
#6956 = CARTESIAN_POINT('',(2.078455838038,9.516003639331,4.382491364094
    ));
#6957 = CARTESIAN_POINT('',(2.187848546244,9.807958310258,4.328917643676
    ));
#6958 = CARTESIAN_POINT('',(2.268434954218,9.941625499318,4.288267016952
    ));
#6959 = CARTESIAN_POINT('',(2.463868487909,10.162938178866,
    4.179040945538));
#6960 = CARTESIAN_POINT('',(2.580117863828,10.251784011791,
    4.109348090229));
#6961 = CARTESIAN_POINT('',(2.822261803814,10.369606230983,
    3.946972032919));
#6962 = CARTESIAN_POINT('',(2.950189995506,10.4,3.852830732684));
#6963 = CARTESIAN_POINT('',(3.073537950578,10.4,3.75178150568));
#6964 = CYLINDRICAL_SURFACE('',#6965,4.85);
#6965 = AXIS2_PLACEMENT_3D('',#6966,#6967,#6968);
#6966 = CARTESIAN_POINT('',(0.,0.,0.));
#6967 = DIRECTION('',(0.,-1.,0.));
#6968 = DIRECTION('',(0.,0.,1.));
#6969 = ADVANCED_FACE('',(#6970,#7068),#7176,.F.);
#6970 = FACE_BOUND('',#6971,.F.);
#6971 = EDGE_LOOP('',(#6972,#6985,#6991,#6992,#7000,#7008,#7017,#7025,
    #7033,#7042,#7050,#7061));
#6972 = ORIENTED_EDGE('',*,*,#6973,.F.);
#6973 = EDGE_CURVE('',#6974,#6976,#6978,.T.);
#6974 = VERTEX_POINT('',#6975);
#6975 = CARTESIAN_POINT('',(2.648112216188,13.05,3.451087030267));
#6976 = VERTEX_POINT('',#6977);
#6977 = CARTESIAN_POINT('',(3.063204571374,12.5,3.088572122181));
#6978 = B_SPLINE_CURVE_WITH_KNOTS('',3,(#6979,#6980,#6981,#6982,#6983,
    #6984),.UNSPECIFIED.,.F.,.F.,(4,2,4),(0.,4.30291594234E-04,
    8.60583188468E-04),.UNSPECIFIED.);
#6979 = CARTESIAN_POINT('',(2.648112216188,13.05,3.451087030267));
#6980 = CARTESIAN_POINT('',(2.648112216188,12.904504948575,
    3.451087030267));
#6981 = CARTESIAN_POINT('',(2.696023645578,12.762212829986,
    3.415303827454));
#6982 = CARTESIAN_POINT('',(2.852691905731,12.559296419505,
    3.285573408451));
#6983 = CARTESIAN_POINT('',(2.959903440711,12.5,3.191024803601));
#6984 = CARTESIAN_POINT('',(3.063204571374,12.5,3.088572122181));
#6985 = ORIENTED_EDGE('',*,*,#6986,.T.);
#6986 = EDGE_CURVE('',#6974,#6707,#6987,.T.);
#6987 = LINE('',#6988,#6989);
#6988 = CARTESIAN_POINT('',(2.648112216188,14.,3.451087030267));
#6989 = VECTOR('',#6990,1.);
#6990 = DIRECTION('',(0.,1.,0.));
#6991 = ORIENTED_EDGE('',*,*,#6715,.F.);
#6992 = ORIENTED_EDGE('',*,*,#6993,.T.);
#6993 = EDGE_CURVE('',#6231,#6994,#6996,.T.);
#6994 = VERTEX_POINT('',#6995);
#6995 = CARTESIAN_POINT('',(1.518794382397E-14,6.3,4.35));
#6996 = LINE('',#6997,#6998);
#6997 = CARTESIAN_POINT('',(1.5092094241E-14,6.3,4.35));
#6998 = VECTOR('',#6999,1.);
#6999 = DIRECTION('',(-0.,-1.,-0.));
#7000 = ORIENTED_EDGE('',*,*,#7001,.F.);
#7001 = EDGE_CURVE('',#7002,#6994,#7004,.T.);
#7002 = VERTEX_POINT('',#7003);
#7003 = CARTESIAN_POINT('',(1.518794382397E-14,0.7,4.35));
#7004 = LINE('',#7005,#7006);
#7005 = CARTESIAN_POINT('',(1.518794382397E-14,0.,4.35));
#7006 = VECTOR('',#7007,1.);
#7007 = DIRECTION('',(-0.,1.,-0.));
#7008 = ORIENTED_EDGE('',*,*,#7009,.F.);
#7009 = EDGE_CURVE('',#7010,#7002,#7012,.T.);
#7010 = VERTEX_POINT('',#7011);
#7011 = CARTESIAN_POINT('',(4.35,0.7,-3.995410182218E-16));
#7012 = CIRCLE('',#7013,4.35);
#7013 = AXIS2_PLACEMENT_3D('',#7014,#7015,#7016);
#7014 = CARTESIAN_POINT('',(0.,0.7,0.));
#7015 = DIRECTION('',(0.,-1.,0.));
#7016 = DIRECTION('',(0.,0.,1.));
#7017 = ORIENTED_EDGE('',*,*,#7018,.T.);
#7018 = EDGE_CURVE('',#7010,#7019,#7021,.T.);
#7019 = VERTEX_POINT('',#7020);
#7020 = CARTESIAN_POINT('',(4.35,2.7,-3.995410182218E-16));
#7021 = LINE('',#7022,#7023);
#7022 = CARTESIAN_POINT('',(4.35,0.,-7.990820364436E-16));
#7023 = VECTOR('',#7024,1.);
#7024 = DIRECTION('',(-0.,1.,-0.));
#7025 = ORIENTED_EDGE('',*,*,#7026,.T.);
#7026 = EDGE_CURVE('',#7019,#7027,#7029,.T.);
#7027 = VERTEX_POINT('',#7028);
#7028 = CARTESIAN_POINT('',(4.35,13.3,0.));
#7029 = LINE('',#7030,#7031);
#7030 = CARTESIAN_POINT('',(4.35,0.,0.));
#7031 = VECTOR('',#7032,1.);
#7032 = DIRECTION('',(-0.,1.,-0.));
#7033 = ORIENTED_EDGE('',*,*,#7034,.F.);
#7034 = EDGE_CURVE('',#7035,#7027,#7037,.T.);
#7035 = VERTEX_POINT('',#7036);
#7036 = CARTESIAN_POINT('',(3.451087030267,13.3,2.648112216188));
#7037 = CIRCLE('',#7038,4.35);
#7038 = AXIS2_PLACEMENT_3D('',#7039,#7040,#7041);
#7039 = CARTESIAN_POINT('',(0.,13.3,0.));
#7040 = DIRECTION('',(-0.,1.,0.));
#7041 = DIRECTION('',(0.,0.,1.));
#7042 = ORIENTED_EDGE('',*,*,#7043,.F.);
#7043 = EDGE_CURVE('',#7044,#7035,#7046,.T.);
#7044 = VERTEX_POINT('',#7045);
#7045 = CARTESIAN_POINT('',(3.451087030267,13.05,2.648112216188));
#7046 = LINE('',#7047,#7048);
#7047 = CARTESIAN_POINT('',(3.451087030267,14.,2.648112216188));
#7048 = VECTOR('',#7049,1.);
#7049 = DIRECTION('',(0.,1.,0.));
#7050 = ORIENTED_EDGE('',*,*,#7051,.F.);
#7051 = EDGE_CURVE('',#7052,#7044,#7054,.T.);
#7052 = VERTEX_POINT('',#7053);
#7053 = CARTESIAN_POINT('',(3.088572122181,12.5,3.063204571374));
#7054 = B_SPLINE_CURVE_WITH_KNOTS('',3,(#7055,#7056,#7057,#7058,#7059,
    #7060),.UNSPECIFIED.,.F.,.F.,(4,2,4),(0.,4.303003266055E-04,
    8.60600653211E-04),.UNSPECIFIED.);
#7055 = CARTESIAN_POINT('',(3.088572122181,12.5,3.063204571374));
#7056 = CARTESIAN_POINT('',(3.191018522813,12.5,2.959909773512));
#7057 = CARTESIAN_POINT('',(3.285334463318,12.559080158089,
    2.852969958765));
#7058 = CARTESIAN_POINT('',(3.415177932424,12.761858872718,
    2.696186160368));
#7059 = CARTESIAN_POINT('',(3.451087030267,12.904506878733,
    2.648112216188));
#7060 = CARTESIAN_POINT('',(3.451087030267,13.05,2.648112216188));
#7061 = ORIENTED_EDGE('',*,*,#7062,.T.);
#7062 = EDGE_CURVE('',#7052,#6976,#7063,.T.);
#7063 = CIRCLE('',#7064,4.35);
#7064 = AXIS2_PLACEMENT_3D('',#7065,#7066,#7067);
#7065 = CARTESIAN_POINT('',(0.,12.5,0.));
#7066 = DIRECTION('',(0.,-1.,0.));
#7067 = DIRECTION('',(0.,0.,1.));
#7068 = FACE_BOUND('',#7069,.F.);
#7069 = EDGE_LOOP('',(#7070,#7079,#7091,#7100,#7111,#7119,#7134,#7143,
    #7158,#7166,#7175));
#7070 = ORIENTED_EDGE('',*,*,#7071,.T.);
#7071 = EDGE_CURVE('',#6751,#7072,#7074,.T.);
#7072 = VERTEX_POINT('',#7073);
#7073 = CARTESIAN_POINT('',(3.075914498161,5.4,3.075914498162));
#7074 = CIRCLE('',#7075,4.35);
#7075 = AXIS2_PLACEMENT_3D('',#7076,#7077,#7078);
#7076 = CARTESIAN_POINT('',(0.,5.4,0.));
#7077 = DIRECTION('',(0.,-1.,0.));
#7078 = DIRECTION('',(0.,0.,-1.));
#7079 = ORIENTED_EDGE('',*,*,#7080,.T.);
#7080 = EDGE_CURVE('',#7072,#7081,#7083,.T.);
#7081 = VERTEX_POINT('',#7082);
#7082 = CARTESIAN_POINT('',(2.526413862227,5.4,3.541148542033));
#7083 = B_SPLINE_CURVE_WITH_KNOTS('',3,(#7084,#7085,#7086,#7087,#7088,
    #7089,#7090),.UNSPECIFIED.,.F.,.F.,(4,1,1,1,4),(0.5,0.625,0.75,0.875
    ,1.),.QUASI_UNIFORM_KNOTS.);
#7084 = CARTESIAN_POINT('',(3.075914498161,5.4,3.075914498162));
#7085 = CARTESIAN_POINT('',(3.033439771912,5.4,3.118389224411));
#7086 = CARTESIAN_POINT('',(2.944815012523,5.4,3.203461725437));
#7087 = CARTESIAN_POINT('',(2.804912140922,5.4,3.326620862194));
#7088 = CARTESIAN_POINT('',(2.663464034156,5.4,3.440778887191));
#7089 = CARTESIAN_POINT('',(2.57138020282,5.4,3.509067542082));
#7090 = CARTESIAN_POINT('',(2.526413862227,5.4,3.541148542033));
#7091 = ORIENTED_EDGE('',*,*,#7092,.T.);
#7092 = EDGE_CURVE('',#7081,#7093,#7095,.T.);
#7093 = VERTEX_POINT('',#7094);
#7094 = CARTESIAN_POINT('',(2.279358750336,5.4,3.704999822843));
#7095 = CIRCLE('',#7096,4.35);
#7096 = AXIS2_PLACEMENT_3D('',#7097,#7098,#7099);
#7097 = CARTESIAN_POINT('',(0.,5.4,0.));
#7098 = DIRECTION('',(0.,-1.,0.));
#7099 = DIRECTION('',(0.,0.,1.));
#7100 = ORIENTED_EDGE('',*,*,#7101,.F.);
#7101 = EDGE_CURVE('',#7102,#7093,#7104,.T.);
#7102 = VERTEX_POINT('',#7103);
#7103 = CARTESIAN_POINT('',(1.838389438572,5.9,3.942438873609));
#7104 = B_SPLINE_CURVE_WITH_KNOTS('',3,(#7105,#7106,#7107,#7108,#7109,
    #7110),.UNSPECIFIED.,.F.,.F.,(4,2,4),(0.,3.910633635614E-04,
    7.821267271228E-04),.UNSPECIFIED.);
#7105 = CARTESIAN_POINT('',(1.838389438572,5.9,3.942438873609));
#7106 = CARTESIAN_POINT('',(1.838389438572,5.767769149847,3.942438873609
    ));
#7107 = CARTESIAN_POINT('',(1.887892449521,5.638451952392,3.920063965457
    ));
#7108 = CARTESIAN_POINT('',(2.052665213482,5.453980177798,3.836353074939
    ));
#7109 = CARTESIAN_POINT('',(2.166737039888,5.4,3.774286001915));
#7110 = CARTESIAN_POINT('',(2.279358750336,5.4,3.704999822843));
#7111 = ORIENTED_EDGE('',*,*,#7112,.T.);
#7112 = EDGE_CURVE('',#7102,#7113,#7115,.T.);
#7113 = VERTEX_POINT('',#7114);
#7114 = CARTESIAN_POINT('',(1.838389438572,9.2,3.942438873609));
#7115 = LINE('',#7116,#7117);
#7116 = CARTESIAN_POINT('',(1.838389438572,5.4,3.942438873609));
#7117 = VECTOR('',#7118,1.);
#7118 = DIRECTION('',(0.,1.,0.));
#7119 = ORIENTED_EDGE('',*,*,#7120,.F.);
#7120 = EDGE_CURVE('',#7121,#7113,#7123,.T.);
#7121 = VERTEX_POINT('',#7122);
#7122 = CARTESIAN_POINT('',(2.854624184235,10.4,3.282319418762));
#7123 = B_SPLINE_CURVE_WITH_KNOTS('',3,(#7124,#7125,#7126,#7127,#7128,
    #7129,#7130,#7131,#7132,#7133),.UNSPECIFIED.,.F.,.F.,(4,2,2,2,4),(0.
    ,4.724346367453E-04,9.448692734907E-04,1.417303910236E-03,
    1.889738546981E-03),.UNSPECIFIED.);
#7124 = CARTESIAN_POINT('',(2.854624184235,10.4,3.282319418762));
#7125 = CARTESIAN_POINT('',(2.734149081565,10.4,3.387096284692));
#7126 = CARTESIAN_POINT('',(2.609689822129,10.370567948499,
    3.483336847938));
#7127 = CARTESIAN_POINT('',(2.368536103416,10.252853069896,
    3.651595992267));
#7128 = CARTESIAN_POINT('',(2.253319718321,10.164556571883,3.72259109488
    ));
#7129 = CARTESIAN_POINT('',(2.058060979084,9.943372400899,3.833995203313
    ));
#7130 = CARTESIAN_POINT('',(1.977040680578,9.808950036013,3.875244037528
    ));
#7131 = CARTESIAN_POINT('',(1.867818926533,9.518368971627,3.929053150663
    ));
#7132 = CARTESIAN_POINT('',(1.838389438572,9.359717848165,3.942438873609
    ));
#7133 = CARTESIAN_POINT('',(1.838389438572,9.2,3.942438873609));
#7134 = ORIENTED_EDGE('',*,*,#7135,.F.);
#7135 = EDGE_CURVE('',#7136,#7121,#7138,.T.);
#7136 = VERTEX_POINT('',#7137);
#7137 = CARTESIAN_POINT('',(3.282319418762,10.4,2.854624184235));
#7138 = CIRCLE('',#7139,4.35);
#7139 = AXIS2_PLACEMENT_3D('',#7140,#7141,#7142);
#7140 = CARTESIAN_POINT('',(0.,10.4,0.));
#7141 = DIRECTION('',(0.,-1.,0.));
#7142 = DIRECTION('',(0.,0.,1.));
#7143 = ORIENTED_EDGE('',*,*,#7144,.F.);
#7144 = EDGE_CURVE('',#7145,#7136,#7147,.T.);
#7145 = VERTEX_POINT('',#7146);
#7146 = CARTESIAN_POINT('',(3.942438873609,9.2,1.838389438572));
#7147 = B_SPLINE_CURVE_WITH_KNOTS('',3,(#7148,#7149,#7150,#7151,#7152,
    #7153,#7154,#7155,#7156,#7157),.UNSPECIFIED.,.F.,.F.,(4,2,2,2,4),(0.
    ,4.723836629975E-04,9.447673259949E-04,1.417150988992E-03,
    1.88953465199E-03),.UNSPECIFIED.);
#7148 = CARTESIAN_POINT('',(3.942438873609,9.2,1.838389438572));
#7149 = CARTESIAN_POINT('',(3.942438873609,9.359725317694,1.838389438572
    ));
#7150 = CARTESIAN_POINT('',(3.929322760829,9.516520579576,1.867258595469
    ));
#7151 = CARTESIAN_POINT('',(3.875336884471,9.808838456668,1.976865208601
    ));
#7152 = CARTESIAN_POINT('',(3.834252456688,9.942656329412,2.057575002385
    ));
#7153 = CARTESIAN_POINT('',(3.722999422859,10.16394995941,2.252638916794
    ));
#7154 = CARTESIAN_POINT('',(3.65164562009,10.252645994965,2.368405571322
    ));
#7155 = CARTESIAN_POINT('',(3.484440862784,10.369966744979,2.60816651285
    ));
#7156 = CARTESIAN_POINT('',(3.387122918946,10.4,2.734118456823));
#7157 = CARTESIAN_POINT('',(3.282319418762,10.4,2.854624184235));
#7158 = ORIENTED_EDGE('',*,*,#7159,.F.);
#7159 = EDGE_CURVE('',#7160,#7145,#7162,.T.);
#7160 = VERTEX_POINT('',#7161);
#7161 = CARTESIAN_POINT('',(3.942438873609,5.9,1.838389438572));
#7162 = LINE('',#7163,#7164);
#7163 = CARTESIAN_POINT('',(3.942438873609,5.4,1.838389438572));
#7164 = VECTOR('',#7165,1.);
#7165 = DIRECTION('',(0.,1.,0.));
#7166 = ORIENTED_EDGE('',*,*,#7167,.F.);
#7167 = EDGE_CURVE('',#6743,#7160,#7168,.T.);
#7168 = B_SPLINE_CURVE_WITH_KNOTS('',3,(#7169,#7170,#7171,#7172,#7173,
    #7174),.UNSPECIFIED.,.F.,.F.,(4,2,4),(4.336808689942E-19,
    3.91069886604E-04,7.821397732081E-04),.UNSPECIFIED.);
#7169 = CARTESIAN_POINT('',(3.704999822843,5.4,2.279358750336));
#7170 = CARTESIAN_POINT('',(3.774282471703,5.4,2.166742778096));
#7171 = CARTESIAN_POINT('',(3.836198349129,5.453785242684,2.052957603773
    ));
#7172 = CARTESIAN_POINT('',(3.919984226874,5.638130611925,1.888061534434
    ));
#7173 = CARTESIAN_POINT('',(3.942438873609,5.767770616769,1.838389438572
    ));
#7174 = CARTESIAN_POINT('',(3.942438873609,5.9,1.838389438572));
#7175 = ORIENTED_EDGE('',*,*,#6750,.T.);
#7176 = CYLINDRICAL_SURFACE('',#7177,4.35);
#7177 = AXIS2_PLACEMENT_3D('',#7178,#7179,#7180);
#7178 = CARTESIAN_POINT('',(0.,0.,0.));
#7179 = DIRECTION('',(0.,-1.,0.));
#7180 = DIRECTION('',(0.,0.,1.));
#7181 = ADVANCED_FACE('',(#7182),#7214,.T.);
#7182 = FACE_BOUND('',#7183,.T.);
#7183 = EDGE_LOOP('',(#7184,#7190,#7199,#7207));
#7184 = ORIENTED_EDGE('',*,*,#7185,.F.);
#7185 = EDGE_CURVE('',#6838,#7010,#7186,.T.);
#7186 = LINE('',#7187,#7188);
#7187 = CARTESIAN_POINT('',(4.85,0.7,0.));
#7188 = VECTOR('',#7189,1.);
#7189 = DIRECTION('',(-1.,0.,0.));
#7190 = ORIENTED_EDGE('',*,*,#7191,.T.);
#7191 = EDGE_CURVE('',#6838,#7192,#7194,.T.);
#7192 = VERTEX_POINT('',#7193);
#7193 = CARTESIAN_POINT('',(4.15,-4.336808689942E-16,-0.));
#7194 = CIRCLE('',#7195,0.7);
#7195 = AXIS2_PLACEMENT_3D('',#7196,#7197,#7198);
#7196 = CARTESIAN_POINT('',(4.15,0.7,0.));
#7197 = DIRECTION('',(0.,0.,-1.));
#7198 = DIRECTION('',(-1.,0.,0.));
#7199 = ORIENTED_EDGE('',*,*,#7200,.T.);
#7200 = EDGE_CURVE('',#7192,#7201,#7203,.T.);
#7201 = VERTEX_POINT('',#7202);
#7202 = CARTESIAN_POINT('',(4.15,0.5,0.));
#7203 = LINE('',#7204,#7205);
#7204 = CARTESIAN_POINT('',(4.15,-4.336808689942E-16,-0.));
#7205 = VECTOR('',#7206,1.);
#7206 = DIRECTION('',(0.,1.,0.));
#7207 = ORIENTED_EDGE('',*,*,#7208,.T.);
#7208 = EDGE_CURVE('',#7201,#7010,#7209,.T.);
#7209 = CIRCLE('',#7210,0.2);
#7210 = AXIS2_PLACEMENT_3D('',#7211,#7212,#7213);
#7211 = CARTESIAN_POINT('',(4.15,0.7,0.));
#7212 = DIRECTION('',(0.,-0.,1.));
#7213 = DIRECTION('',(-1.,0.,0.));
#7214 = PLANE('',#7215);
#7215 = AXIS2_PLACEMENT_3D('',#7216,#7217,#7218);
#7216 = CARTESIAN_POINT('',(4.15,0.7,0.));
#7217 = DIRECTION('',(0.,0.,-1.));
#7218 = DIRECTION('',(-1.,0.,0.));
#7219 = ADVANCED_FACE('',(#7220),#7247,.T.);
#7220 = FACE_BOUND('',#7221,.T.);
#7221 = EDGE_LOOP('',(#7222,#7232,#7239,#7240));
#7222 = ORIENTED_EDGE('',*,*,#7223,.F.);
#7223 = EDGE_CURVE('',#7224,#7226,#7228,.T.);
#7224 = VERTEX_POINT('',#7225);
#7225 = CARTESIAN_POINT('',(3.736418511566,0.5,-1.806011269739));
#7226 = VERTEX_POINT('',#7227);
#7227 = CARTESIAN_POINT('',(3.736418511566,0.,-1.806011269739));
#7228 = LINE('',#7229,#7230);
#7229 = CARTESIAN_POINT('',(3.736418511566,7.754232452524,
    -1.806011269739));
#7230 = VECTOR('',#7231,1.);
#7231 = DIRECTION('',(0.,-1.,0.));
#7232 = ORIENTED_EDGE('',*,*,#7233,.F.);
#7233 = EDGE_CURVE('',#7201,#7224,#7234,.T.);
#7234 = CIRCLE('',#7235,4.15);
#7235 = AXIS2_PLACEMENT_3D('',#7236,#7237,#7238);
#7236 = CARTESIAN_POINT('',(0.,0.5,0.));
#7237 = DIRECTION('',(0.,1.,-0.));
#7238 = DIRECTION('',(-8.881784197001E-16,0.,1.));
#7239 = ORIENTED_EDGE('',*,*,#7200,.F.);
#7240 = ORIENTED_EDGE('',*,*,#7241,.F.);
#7241 = EDGE_CURVE('',#7226,#7192,#7242,.T.);
#7242 = CIRCLE('',#7243,4.15);
#7243 = AXIS2_PLACEMENT_3D('',#7244,#7245,#7246);
#7244 = CARTESIAN_POINT('',(0.,-3.252606517457E-16,0.));
#7245 = DIRECTION('',(0.,-1.,0.));
#7246 = DIRECTION('',(0.,0.,1.));
#7247 = CYLINDRICAL_SURFACE('',#7248,4.15);
#7248 = AXIS2_PLACEMENT_3D('',#7249,#7250,#7251);
#7249 = CARTESIAN_POINT('',(0.,0.,0.));
#7250 = DIRECTION('',(0.,-1.,0.));
#7251 = DIRECTION('',(0.,0.,1.));
#7252 = ADVANCED_FACE('',(#7253),#7319,.F.);
#7253 = FACE_BOUND('',#7254,.T.);
#7254 = EDGE_LOOP('',(#7255,#7266,#7272,#7273,#7279,#7287,#7295,#7304,
    #7313));
#7255 = ORIENTED_EDGE('',*,*,#7256,.F.);
#7256 = EDGE_CURVE('',#7257,#7259,#7261,.T.);
#7257 = VERTEX_POINT('',#7258);
#7258 = CARTESIAN_POINT('',(1.837615220228,14.,-6.858073366652));
#7259 = VERTEX_POINT('',#7260);
#7260 = CARTESIAN_POINT('',(5.632808716068,14.,4.322206145962));
#7261 = CIRCLE('',#7262,7.1);
#7262 = AXIS2_PLACEMENT_3D('',#7263,#7264,#7265);
#7263 = CARTESIAN_POINT('',(0.,14.,0.));
#7264 = DIRECTION('',(0.,-1.,0.));
#7265 = DIRECTION('',(0.,0.,1.));
#7266 = ORIENTED_EDGE('',*,*,#7267,.T.);
#7267 = EDGE_CURVE('',#7257,#6566,#7268,.T.);
#7268 = LINE('',#7269,#7270);
#7269 = CARTESIAN_POINT('',(1.307036177768,14.,-4.87792542276));
#7270 = VECTOR('',#7271,1.);
#7271 = DIRECTION('',(-0.258819045103,0.,0.965925826289));
#7272 = ORIENTED_EDGE('',*,*,#6573,.T.);
#7273 = ORIENTED_EDGE('',*,*,#7274,.T.);
#7274 = EDGE_CURVE('',#6574,#6492,#7275,.T.);
#7275 = LINE('',#7276,#7277);
#7276 = CARTESIAN_POINT('',(1.783576901024,14.,-4.724547961248));
#7277 = VECTOR('',#7278,1.);
#7278 = DIRECTION('',(-0.353183544757,0.,0.935554051732));
#7279 = ORIENTED_EDGE('',*,*,#7280,.T.);
#7280 = EDGE_CURVE('',#6492,#7281,#7283,.T.);
#7281 = VERTEX_POINT('',#7282);
#7282 = CARTESIAN_POINT('',(2.774549648938,14.,-3.9779862048));
#7283 = LINE('',#7284,#7285);
#7284 = CARTESIAN_POINT('',(1.712940192072,14.,-4.537437150902));
#7285 = VECTOR('',#7286,1.);
#7286 = DIRECTION('',(0.884674547388,0.,0.466209121751));
#7287 = ORIENTED_EDGE('',*,*,#7288,.T.);
#7288 = EDGE_CURVE('',#7281,#7289,#7291,.T.);
#7289 = VERTEX_POINT('',#7290);
#7290 = CARTESIAN_POINT('',(2.88896406745,14.,-4.142026873039));
#7291 = LINE('',#7292,#7293);
#7292 = CARTESIAN_POINT('',(2.774549648938,14.,-3.9779862048));
#7293 = VECTOR('',#7294,1.);
#7294 = DIRECTION('',(0.572072092564,0.,-0.820203341196));
#7295 = ORIENTED_EDGE('',*,*,#7296,.T.);
#7296 = EDGE_CURVE('',#7289,#7297,#7299,.T.);
#7297 = VERTEX_POINT('',#7298);
#7298 = CARTESIAN_POINT('',(5.05,14.,0.));
#7299 = CIRCLE('',#7300,5.05);
#7300 = AXIS2_PLACEMENT_3D('',#7301,#7302,#7303);
#7301 = CARTESIAN_POINT('',(0.,14.,0.));
#7302 = DIRECTION('',(0.,-1.,0.));
#7303 = DIRECTION('',(0.,0.,1.));
#7304 = ORIENTED_EDGE('',*,*,#7305,.T.);
#7305 = EDGE_CURVE('',#7297,#7306,#7308,.T.);
#7306 = VERTEX_POINT('',#7307);
#7307 = CARTESIAN_POINT('',(4.006434368471,14.,3.074245216494));
#7308 = CIRCLE('',#7309,5.05);
#7309 = AXIS2_PLACEMENT_3D('',#7310,#7311,#7312);
#7310 = CARTESIAN_POINT('',(0.,14.,0.));
#7311 = DIRECTION('',(0.,-1.,0.));
#7312 = DIRECTION('',(0.,0.,1.));
#7313 = ORIENTED_EDGE('',*,*,#7314,.T.);
#7314 = EDGE_CURVE('',#7306,#7259,#7315,.T.);
#7315 = LINE('',#7316,#7317);
#7316 = CARTESIAN_POINT('',(5.632808716068,14.,4.322206145962));
#7317 = VECTOR('',#7318,1.);
#7318 = DIRECTION('',(0.793353340291,6.308085367188E-16,0.608761429009)
  );
#7319 = PLANE('',#7320);
#7320 = AXIS2_PLACEMENT_3D('',#7321,#7322,#7323);
#7321 = CARTESIAN_POINT('',(4.85,14.,0.));
#7322 = DIRECTION('',(0.,-1.,0.));
#7323 = DIRECTION('',(0.,0.,1.));
#7324 = ADVANCED_FACE('',(#7325),#7351,.T.);
#7325 = FACE_BOUND('',#7326,.T.);
#7326 = EDGE_LOOP('',(#7327,#7335,#7336,#7344));
#7327 = ORIENTED_EDGE('',*,*,#7328,.T.);
#7328 = EDGE_CURVE('',#7329,#7257,#7331,.T.);
#7329 = VERTEX_POINT('',#7330);
#7330 = CARTESIAN_POINT('',(1.837615220228,13.5,-6.858073366652));
#7331 = LINE('',#7332,#7333);
#7332 = CARTESIAN_POINT('',(1.837615220228,14.,-6.858073366652));
#7333 = VECTOR('',#7334,1.);
#7334 = DIRECTION('',(0.,1.,0.));
#7335 = ORIENTED_EDGE('',*,*,#7256,.T.);
#7336 = ORIENTED_EDGE('',*,*,#7337,.T.);
#7337 = EDGE_CURVE('',#7259,#7338,#7340,.T.);
#7338 = VERTEX_POINT('',#7339);
#7339 = CARTESIAN_POINT('',(5.632808716068,13.5,4.322206145962));
#7340 = LINE('',#7341,#7342);
#7341 = CARTESIAN_POINT('',(5.632808716068,14.,4.322206145962));
#7342 = VECTOR('',#7343,1.);
#7343 = DIRECTION('',(-1.222064067399E-15,-1.,-4.223429921379E-16));
#7344 = ORIENTED_EDGE('',*,*,#7345,.F.);
#7345 = EDGE_CURVE('',#7329,#7338,#7346,.T.);
#7346 = CIRCLE('',#7347,7.1);
#7347 = AXIS2_PLACEMENT_3D('',#7348,#7349,#7350);
#7348 = CARTESIAN_POINT('',(0.,13.5,0.));
#7349 = DIRECTION('',(0.,-1.,0.));
#7350 = DIRECTION('',(0.,0.,1.));
#7351 = CYLINDRICAL_SURFACE('',#7352,7.1);
#7352 = AXIS2_PLACEMENT_3D('',#7353,#7354,#7355);
#7353 = CARTESIAN_POINT('',(0.,0.,0.));
#7354 = DIRECTION('',(0.,-1.,0.));
#7355 = DIRECTION('',(0.,0.,1.));
#7356 = ADVANCED_FACE('',(#7357),#7406,.T.);
#7357 = FACE_BOUND('',#7358,.T.);
#7358 = EDGE_LOOP('',(#7359,#7365,#7366,#7374,#7383,#7392,#7398,#7399,
    #7405));
#7359 = ORIENTED_EDGE('',*,*,#7360,.T.);
#7360 = EDGE_CURVE('',#6557,#7329,#7361,.T.);
#7361 = LINE('',#7362,#7363);
#7362 = CARTESIAN_POINT('',(1.307036177768,13.5,-4.87792542276));
#7363 = VECTOR('',#7364,1.);
#7364 = DIRECTION('',(0.258819045103,0.,-0.965925826289));
#7365 = ORIENTED_EDGE('',*,*,#7345,.T.);
#7366 = ORIENTED_EDGE('',*,*,#7367,.F.);
#7367 = EDGE_CURVE('',#7368,#7338,#7370,.T.);
#7368 = VERTEX_POINT('',#7369);
#7369 = CARTESIAN_POINT('',(4.006434368471,13.5,3.074245216494));
#7370 = LINE('',#7371,#7372);
#7371 = CARTESIAN_POINT('',(3.052636184374,13.5,2.342370128751));
#7372 = VECTOR('',#7373,1.);
#7373 = DIRECTION('',(0.793353340291,0.,0.608761429009));
#7374 = ORIENTED_EDGE('',*,*,#7375,.T.);
#7375 = EDGE_CURVE('',#7368,#7376,#7378,.T.);
#7376 = VERTEX_POINT('',#7377);
#7377 = CARTESIAN_POINT('',(5.05,13.5,0.));
#7378 = CIRCLE('',#7379,5.05);
#7379 = AXIS2_PLACEMENT_3D('',#7380,#7381,#7382);
#7380 = CARTESIAN_POINT('',(0.,13.5,0.));
#7381 = DIRECTION('',(-0.,1.,0.));
#7382 = DIRECTION('',(0.,0.,1.));
#7383 = ORIENTED_EDGE('',*,*,#7384,.T.);
#7384 = EDGE_CURVE('',#7376,#7385,#7387,.T.);
#7385 = VERTEX_POINT('',#7386);
#7386 = CARTESIAN_POINT('',(2.88896406745,13.5,-4.142026873039));
#7387 = CIRCLE('',#7388,5.05);
#7388 = AXIS2_PLACEMENT_3D('',#7389,#7390,#7391);
#7389 = CARTESIAN_POINT('',(0.,13.5,0.));
#7390 = DIRECTION('',(-0.,1.,0.));
#7391 = DIRECTION('',(0.,0.,1.));
#7392 = ORIENTED_EDGE('',*,*,#7393,.F.);
#7393 = EDGE_CURVE('',#6318,#7385,#7394,.T.);
#7394 = LINE('',#7395,#7396);
#7395 = CARTESIAN_POINT('',(2.774549648938,13.5,-3.9779862048));
#7396 = VECTOR('',#7397,1.);
#7397 = DIRECTION('',(0.572072092564,0.,-0.820203341196));
#7398 = ORIENTED_EDGE('',*,*,#6317,.F.);
#7399 = ORIENTED_EDGE('',*,*,#7400,.F.);
#7400 = EDGE_CURVE('',#6555,#6307,#7401,.T.);
#7401 = LINE('',#7402,#7403);
#7402 = CARTESIAN_POINT('',(1.783576901024,13.5,-4.724547961248));
#7403 = VECTOR('',#7404,1.);
#7404 = DIRECTION('',(-0.353183544757,0.,0.935554051732));
#7405 = ORIENTED_EDGE('',*,*,#6554,.T.);
#7406 = PLANE('',#7407);
#7407 = AXIS2_PLACEMENT_3D('',#7408,#7409,#7410);
#7408 = CARTESIAN_POINT('',(4.85,13.5,0.));
#7409 = DIRECTION('',(0.,-1.,0.));
#7410 = DIRECTION('',(0.,0.,1.));
#7411 = ADVANCED_FACE('',(#7412,#7508),#7519,.T.);
#7412 = FACE_BOUND('',#7413,.T.);
#7413 = EDGE_LOOP('',(#7414,#7423,#7432,#7440,#7449,#7457,#7466,#7475,
    #7484,#7492,#7501,#7507));
#7414 = ORIENTED_EDGE('',*,*,#7415,.T.);
#7415 = EDGE_CURVE('',#7192,#7416,#7418,.T.);
#7416 = VERTEX_POINT('',#7417);
#7417 = CARTESIAN_POINT('',(1.44896475562E-14,-4.336808689942E-16,4.15)
  );
#7418 = CIRCLE('',#7419,4.15);
#7419 = AXIS2_PLACEMENT_3D('',#7420,#7421,#7422);
#7420 = CARTESIAN_POINT('',(0.,-3.252606517457E-16,0.));
#7421 = DIRECTION('',(0.,-1.,0.));
#7422 = DIRECTION('',(0.,0.,1.));
#7423 = ORIENTED_EDGE('',*,*,#7424,.T.);
#7424 = EDGE_CURVE('',#7416,#7425,#7427,.T.);
#7425 = VERTEX_POINT('',#7426);
#7426 = CARTESIAN_POINT('',(-0.130135069401,0.,4.147959120304));
#7427 = CIRCLE('',#7428,4.15);
#7428 = AXIS2_PLACEMENT_3D('',#7429,#7430,#7431);
#7429 = CARTESIAN_POINT('',(0.,-3.252606517457E-16,0.));
#7430 = DIRECTION('',(0.,-1.,-0.));
#7431 = DIRECTION('',(0.,0.,-1.));
#7432 = ORIENTED_EDGE('',*,*,#7433,.T.);
#7433 = EDGE_CURVE('',#7425,#7434,#7436,.T.);
#7434 = VERTEX_POINT('',#7435);
#7435 = CARTESIAN_POINT('',(-1.825049606694,0.,6.757898632941));
#7436 = LINE('',#7437,#7438);
#7437 = CARTESIAN_POINT('',(-0.130135069401,0.,4.147959120304));
#7438 = VECTOR('',#7439,1.);
#7439 = DIRECTION('',(-0.544639035015,0.,0.838670567945));
#7440 = ORIENTED_EDGE('',*,*,#7441,.T.);
#7441 = EDGE_CURVE('',#7434,#7442,#7444,.T.);
#7442 = VERTEX_POINT('',#7443);
#7443 = CARTESIAN_POINT('',(-5.431333048859,0.,4.415950782376));
#7444 = CIRCLE('',#7445,7.);
#7445 = AXIS2_PLACEMENT_3D('',#7446,#7447,#7448);
#7446 = CARTESIAN_POINT('',(0.,0.,0.));
#7447 = DIRECTION('',(0.,-1.,0.));
#7448 = DIRECTION('',(0.,0.,-1.));
#7449 = ORIENTED_EDGE('',*,*,#7450,.T.);
#7450 = EDGE_CURVE('',#7442,#7451,#7453,.T.);
#7451 = VERTEX_POINT('',#7452);
#7452 = CARTESIAN_POINT('',(-3.736418511566,0.,1.806011269739));
#7453 = LINE('',#7454,#7455);
#7454 = CARTESIAN_POINT('',(-3.736418511566,0.,1.806011269739));
#7455 = VECTOR('',#7456,1.);
#7456 = DIRECTION('',(0.544639035015,-0.,-0.838670567945));
#7457 = ORIENTED_EDGE('',*,*,#7458,.T.);
#7458 = EDGE_CURVE('',#7451,#7459,#7461,.T.);
#7459 = VERTEX_POINT('',#7460);
#7460 = CARTESIAN_POINT('',(-4.15,-4.336808689942E-16,0.));
#7461 = CIRCLE('',#7462,4.15);
#7462 = AXIS2_PLACEMENT_3D('',#7463,#7464,#7465);
#7463 = CARTESIAN_POINT('',(0.,-3.252606517457E-16,0.));
#7464 = DIRECTION('',(0.,-1.,-0.));
#7465 = DIRECTION('',(0.,0.,-1.));
#7466 = ORIENTED_EDGE('',*,*,#7467,.T.);
#7467 = EDGE_CURVE('',#7459,#7468,#7470,.T.);
#7468 = VERTEX_POINT('',#7469);
#7469 = CARTESIAN_POINT('',(-1.44896475562E-14,-4.336808689942E-16,-4.15
    ));
#7470 = CIRCLE('',#7471,4.15);
#7471 = AXIS2_PLACEMENT_3D('',#7472,#7473,#7474);
#7472 = CARTESIAN_POINT('',(0.,-3.252606517457E-16,0.));
#7473 = DIRECTION('',(0.,-1.,-0.));
#7474 = DIRECTION('',(0.,0.,-1.));
#7475 = ORIENTED_EDGE('',*,*,#7476,.T.);
#7476 = EDGE_CURVE('',#7468,#7477,#7479,.T.);
#7477 = VERTEX_POINT('',#7478);
#7478 = CARTESIAN_POINT('',(0.130135069401,0.,-4.147959120304));
#7479 = CIRCLE('',#7480,4.15);
#7480 = AXIS2_PLACEMENT_3D('',#7481,#7482,#7483);
#7481 = CARTESIAN_POINT('',(0.,-3.252606517457E-16,0.));
#7482 = DIRECTION('',(0.,-1.,0.));
#7483 = DIRECTION('',(0.,0.,1.));
#7484 = ORIENTED_EDGE('',*,*,#7485,.T.);
#7485 = EDGE_CURVE('',#7477,#7486,#7488,.T.);
#7486 = VERTEX_POINT('',#7487);
#7487 = CARTESIAN_POINT('',(1.825049606694,0.,-6.757898632941));
#7488 = LINE('',#7489,#7490);
#7489 = CARTESIAN_POINT('',(0.130135069401,0.,-4.147959120304));
#7490 = VECTOR('',#7491,1.);
#7491 = DIRECTION('',(0.544639035015,0.,-0.838670567945));
#7492 = ORIENTED_EDGE('',*,*,#7493,.T.);
#7493 = EDGE_CURVE('',#7486,#7494,#7496,.T.);
#7494 = VERTEX_POINT('',#7495);
#7495 = CARTESIAN_POINT('',(5.431333048859,0.,-4.415950782376));
#7496 = CIRCLE('',#7497,7.);
#7497 = AXIS2_PLACEMENT_3D('',#7498,#7499,#7500);
#7498 = CARTESIAN_POINT('',(0.,0.,0.));
#7499 = DIRECTION('',(0.,-1.,0.));
#7500 = DIRECTION('',(0.,0.,1.));
#7501 = ORIENTED_EDGE('',*,*,#7502,.T.);
#7502 = EDGE_CURVE('',#7494,#7226,#7503,.T.);
#7503 = LINE('',#7504,#7505);
#7504 = CARTESIAN_POINT('',(3.736418511566,0.,-1.806011269739));
#7505 = VECTOR('',#7506,1.);
#7506 = DIRECTION('',(-0.544639035015,0.,0.838670567945));
#7507 = ORIENTED_EDGE('',*,*,#7241,.T.);
#7508 = FACE_BOUND('',#7509,.T.);
#7509 = EDGE_LOOP('',(#7510));
#7510 = ORIENTED_EDGE('',*,*,#7511,.F.);
#7511 = EDGE_CURVE('',#7512,#7512,#7514,.T.);
#7512 = VERTEX_POINT('',#7513);
#7513 = CARTESIAN_POINT('',(0.,3.061616997868E-17,3.25));
#7514 = CIRCLE('',#7515,3.25);
#7515 = AXIS2_PLACEMENT_3D('',#7516,#7517,#7518);
#7516 = CARTESIAN_POINT('',(0.,3.061616997868E-17,0.));
#7517 = DIRECTION('',(0.,-1.,0.));
#7518 = DIRECTION('',(0.,0.,1.));
#7519 = PLANE('',#7520);
#7520 = AXIS2_PLACEMENT_3D('',#7521,#7522,#7523);
#7521 = CARTESIAN_POINT('',(3.25,-3.099525667563E-16,0.));
#7522 = DIRECTION('',(0.,-1.,0.));
#7523 = DIRECTION('',(0.,0.,1.));
#7524 = ADVANCED_FACE('',(#7525),#7543,.F.);
#7525 = FACE_BOUND('',#7526,.F.);
#7526 = EDGE_LOOP('',(#7527,#7528,#7535,#7542));
#7527 = ORIENTED_EDGE('',*,*,#7511,.F.);
#7528 = ORIENTED_EDGE('',*,*,#7529,.F.);
#7529 = EDGE_CURVE('',#7530,#7512,#7532,.T.);
#7530 = VERTEX_POINT('',#7531);
#7531 = CARTESIAN_POINT('',(0.,0.5,3.25));
#7532 = B_SPLINE_CURVE_WITH_KNOTS('',1,(#7533,#7534),.UNSPECIFIED.,.F.,
  .F.,(2,2),(-0.5,-5.551115123126E-17),.PIECEWISE_BEZIER_KNOTS.);
#7533 = CARTESIAN_POINT('',(7.960204194458E-16,0.5,3.25));
#7534 = CARTESIAN_POINT('',(7.960204194458E-16,5.551115123126E-17,3.25)
  );
#7535 = ORIENTED_EDGE('',*,*,#7536,.T.);
#7536 = EDGE_CURVE('',#7530,#7530,#7537,.T.);
#7537 = CIRCLE('',#7538,3.25);
#7538 = AXIS2_PLACEMENT_3D('',#7539,#7540,#7541);
#7539 = CARTESIAN_POINT('',(0.,0.5,0.));
#7540 = DIRECTION('',(0.,-1.,0.));
#7541 = DIRECTION('',(0.,0.,1.));
#7542 = ORIENTED_EDGE('',*,*,#7529,.T.);
#7543 = CYLINDRICAL_SURFACE('',#7544,3.25);
#7544 = AXIS2_PLACEMENT_3D('',#7545,#7546,#7547);
#7545 = CARTESIAN_POINT('',(0.,0.,0.));
#7546 = DIRECTION('',(0.,-1.,0.));
#7547 = DIRECTION('',(0.,0.,1.));
#7548 = ADVANCED_FACE('',(#7549,#7645),#7648,.F.);
#7549 = FACE_BOUND('',#7550,.T.);
#7550 = EDGE_LOOP('',(#7551,#7562,#7569,#7570,#7578,#7587,#7595,#7604,
    #7613,#7622,#7630,#7639));
#7551 = ORIENTED_EDGE('',*,*,#7552,.T.);
#7552 = EDGE_CURVE('',#7553,#7555,#7557,.T.);
#7553 = VERTEX_POINT('',#7554);
#7554 = CARTESIAN_POINT('',(-0.130135069401,0.5,4.147959120304));
#7555 = VERTEX_POINT('',#7556);
#7556 = CARTESIAN_POINT('',(1.44896475562E-14,0.5,4.15));
#7557 = CIRCLE('',#7558,4.15);
#7558 = AXIS2_PLACEMENT_3D('',#7559,#7560,#7561);
#7559 = CARTESIAN_POINT('',(0.,0.5,0.));
#7560 = DIRECTION('',(0.,1.,0.));
#7561 = DIRECTION('',(4.440892098501E-14,0.,-1.));
#7562 = ORIENTED_EDGE('',*,*,#7563,.T.);
#7563 = EDGE_CURVE('',#7555,#7201,#7564,.T.);
#7564 = CIRCLE('',#7565,4.15);
#7565 = AXIS2_PLACEMENT_3D('',#7566,#7567,#7568);
#7566 = CARTESIAN_POINT('',(0.,0.5,0.));
#7567 = DIRECTION('',(-0.,1.,0.));
#7568 = DIRECTION('',(3.552713678801E-15,0.,1.));
#7569 = ORIENTED_EDGE('',*,*,#7233,.T.);
#7570 = ORIENTED_EDGE('',*,*,#7571,.T.);
#7571 = EDGE_CURVE('',#7224,#7572,#7574,.T.);
#7572 = VERTEX_POINT('',#7573);
#7573 = CARTESIAN_POINT('',(5.431333048859,0.5,-4.415950782376));
#7574 = LINE('',#7575,#7576);
#7575 = CARTESIAN_POINT('',(3.736418511566,0.5,-1.806011269739));
#7576 = VECTOR('',#7577,1.);
#7577 = DIRECTION('',(0.544639035015,0.,-0.838670567945));
#7578 = ORIENTED_EDGE('',*,*,#7579,.T.);
#7579 = EDGE_CURVE('',#7572,#7580,#7582,.T.);
#7580 = VERTEX_POINT('',#7581);
#7581 = CARTESIAN_POINT('',(1.825049606694,0.5,-6.757898632941));
#7582 = CIRCLE('',#7583,7.);
#7583 = AXIS2_PLACEMENT_3D('',#7584,#7585,#7586);
#7584 = CARTESIAN_POINT('',(0.,0.5,0.));
#7585 = DIRECTION('',(0.,1.,-0.));
#7586 = DIRECTION('',(-1.7763568394E-15,0.,1.));
#7587 = ORIENTED_EDGE('',*,*,#7588,.T.);
#7588 = EDGE_CURVE('',#7580,#7589,#7591,.T.);
#7589 = VERTEX_POINT('',#7590);
#7590 = CARTESIAN_POINT('',(0.130135069401,0.5,-4.147959120304));
#7591 = LINE('',#7592,#7593);
#7592 = CARTESIAN_POINT('',(0.130135069401,0.5,-4.147959120304));
#7593 = VECTOR('',#7594,1.);
#7594 = DIRECTION('',(-0.544639035015,0.,0.838670567945));
#7595 = ORIENTED_EDGE('',*,*,#7596,.T.);
#7596 = EDGE_CURVE('',#7589,#7597,#7599,.T.);
#7597 = VERTEX_POINT('',#7598);
#7598 = CARTESIAN_POINT('',(-1.44439262034E-14,0.5,-4.15));
#7599 = CIRCLE('',#7600,4.15);
#7600 = AXIS2_PLACEMENT_3D('',#7601,#7602,#7603);
#7601 = CARTESIAN_POINT('',(0.,0.5,0.));
#7602 = DIRECTION('',(0.,1.,-0.));
#7603 = DIRECTION('',(-4.440892098501E-14,0.,1.));
#7604 = ORIENTED_EDGE('',*,*,#7605,.T.);
#7605 = EDGE_CURVE('',#7597,#7606,#7608,.T.);
#7606 = VERTEX_POINT('',#7607);
#7607 = CARTESIAN_POINT('',(-4.15,0.5,0.));
#7608 = CIRCLE('',#7609,4.15);
#7609 = AXIS2_PLACEMENT_3D('',#7610,#7611,#7612);
#7610 = CARTESIAN_POINT('',(0.,0.5,0.));
#7611 = DIRECTION('',(0.,1.,0.));
#7612 = DIRECTION('',(-3.552713678801E-15,0.,-1.));
#7613 = ORIENTED_EDGE('',*,*,#7614,.T.);
#7614 = EDGE_CURVE('',#7606,#7615,#7617,.T.);
#7615 = VERTEX_POINT('',#7616);
#7616 = CARTESIAN_POINT('',(-3.736418511566,0.5,1.806011269739));
#7617 = CIRCLE('',#7618,4.15);
#7618 = AXIS2_PLACEMENT_3D('',#7619,#7620,#7621);
#7619 = CARTESIAN_POINT('',(0.,0.5,0.));
#7620 = DIRECTION('',(0.,1.,0.));
#7621 = DIRECTION('',(8.881784197001E-16,0.,-1.));
#7622 = ORIENTED_EDGE('',*,*,#7623,.T.);
#7623 = EDGE_CURVE('',#7615,#7624,#7626,.T.);
#7624 = VERTEX_POINT('',#7625);
#7625 = CARTESIAN_POINT('',(-5.431333048859,0.5,4.415950782376));
#7626 = LINE('',#7627,#7628);
#7627 = CARTESIAN_POINT('',(-3.736418511566,0.5,1.806011269739));
#7628 = VECTOR('',#7629,1.);
#7629 = DIRECTION('',(-0.544639035015,0.,0.838670567945));
#7630 = ORIENTED_EDGE('',*,*,#7631,.T.);
#7631 = EDGE_CURVE('',#7624,#7632,#7634,.T.);
#7632 = VERTEX_POINT('',#7633);
#7633 = CARTESIAN_POINT('',(-1.825049606694,0.5,6.757898632941));
#7634 = CIRCLE('',#7635,7.);
#7635 = AXIS2_PLACEMENT_3D('',#7636,#7637,#7638);
#7636 = CARTESIAN_POINT('',(0.,0.5,0.));
#7637 = DIRECTION('',(0.,1.,0.));
#7638 = DIRECTION('',(1.7763568394E-15,0.,-1.));
#7639 = ORIENTED_EDGE('',*,*,#7640,.T.);
#7640 = EDGE_CURVE('',#7632,#7553,#7641,.T.);
#7641 = LINE('',#7642,#7643);
#7642 = CARTESIAN_POINT('',(-0.130135069401,0.5,4.147959120304));
#7643 = VECTOR('',#7644,1.);
#7644 = DIRECTION('',(0.544639035015,0.,-0.838670567945));
#7645 = FACE_BOUND('',#7646,.T.);
#7646 = EDGE_LOOP('',(#7647));
#7647 = ORIENTED_EDGE('',*,*,#7536,.T.);
#7648 = PLANE('',#7649);
#7649 = AXIS2_PLACEMENT_3D('',#7650,#7651,#7652);
#7650 = CARTESIAN_POINT('',(3.25,0.5,0.));
#7651 = DIRECTION('',(0.,-1.,0.));
#7652 = DIRECTION('',(0.,0.,1.));
#7653 = ADVANCED_FACE('',(#7654),#7666,.F.);
#7654 = FACE_BOUND('',#7655,.F.);
#7655 = EDGE_LOOP('',(#7656,#7657,#7658,#7665));
#7656 = ORIENTED_EDGE('',*,*,#7208,.T.);
#7657 = ORIENTED_EDGE('',*,*,#7009,.T.);
#7658 = ORIENTED_EDGE('',*,*,#7659,.F.);
#7659 = EDGE_CURVE('',#7555,#7002,#7660,.T.);
#7660 = CIRCLE('',#7661,0.2);
#7661 = AXIS2_PLACEMENT_3D('',#7662,#7663,#7664);
#7662 = CARTESIAN_POINT('',(1.44896475562E-14,0.7,4.15));
#7663 = DIRECTION('',(-1.,-0.,3.491481338843E-15));
#7664 = DIRECTION('',(-3.491481338843E-15,0.,-1.));
#7665 = ORIENTED_EDGE('',*,*,#7563,.T.);
#7666 = TOROIDAL_SURFACE('',#7667,4.15,0.2);
#7667 = AXIS2_PLACEMENT_3D('',#7668,#7669,#7670);
#7668 = CARTESIAN_POINT('',(0.,0.7,0.));
#7669 = DIRECTION('',(0.,-1.,0.));
#7670 = DIRECTION('',(0.,0.,1.));
#7671 = ADVANCED_FACE('',(#7672),#7690,.F.);
#7672 = FACE_BOUND('',#7673,.F.);
#7673 = EDGE_LOOP('',(#7674,#7681,#7682,#7689));
#7674 = ORIENTED_EDGE('',*,*,#7675,.T.);
#7675 = EDGE_CURVE('',#7376,#6855,#7676,.T.);
#7676 = CIRCLE('',#7677,0.2);
#7677 = AXIS2_PLACEMENT_3D('',#7678,#7679,#7680);
#7678 = CARTESIAN_POINT('',(5.05,13.3,0.));
#7679 = DIRECTION('',(0.,0.,1.));
#7680 = DIRECTION('',(-1.,0.,0.));
#7681 = ORIENTED_EDGE('',*,*,#6862,.T.);
#7682 = ORIENTED_EDGE('',*,*,#7683,.F.);
#7683 = EDGE_CURVE('',#7368,#6776,#7684,.T.);
#7684 = CIRCLE('',#7685,0.2);
#7685 = AXIS2_PLACEMENT_3D('',#7686,#7687,#7688);
#7686 = CARTESIAN_POINT('',(4.006434368471,13.3,3.074245216494));
#7687 = DIRECTION('',(-0.608761429009,4.088782444489E-16,0.793353340291)
  );
#7688 = DIRECTION('',(-0.793353340291,3.20474742746E-31,-0.608761429009)
  );
#7689 = ORIENTED_EDGE('',*,*,#7375,.T.);
#7690 = TOROIDAL_SURFACE('',#7691,5.05,0.2);
#7691 = AXIS2_PLACEMENT_3D('',#7692,#7693,#7694);
#7692 = CARTESIAN_POINT('',(0.,13.3,0.));
#7693 = DIRECTION('',(0.,-1.,0.));
#7694 = DIRECTION('',(0.,0.,1.));
#7695 = ADVANCED_FACE('',(#7696),#7714,.T.);
#7696 = FACE_BOUND('',#7697,.T.);
#7697 = EDGE_LOOP('',(#7698,#7705,#7706,#7713));
#7698 = ORIENTED_EDGE('',*,*,#7699,.F.);
#7699 = EDGE_CURVE('',#7306,#7035,#7700,.T.);
#7700 = CIRCLE('',#7701,0.7);
#7701 = AXIS2_PLACEMENT_3D('',#7702,#7703,#7704);
#7702 = CARTESIAN_POINT('',(4.006434368471,13.3,3.074245216494));
#7703 = DIRECTION('',(-0.608761429009,4.088782444489E-16,0.793353340291)
  );
#7704 = DIRECTION('',(-0.793353340291,0.,-0.608761429009));
#7705 = ORIENTED_EDGE('',*,*,#7305,.F.);
#7706 = ORIENTED_EDGE('',*,*,#7707,.T.);
#7707 = EDGE_CURVE('',#7297,#7027,#7708,.T.);
#7708 = CIRCLE('',#7709,0.7);
#7709 = AXIS2_PLACEMENT_3D('',#7710,#7711,#7712);
#7710 = CARTESIAN_POINT('',(5.05,13.3,0.));
#7711 = DIRECTION('',(0.,-0.,1.));
#7712 = DIRECTION('',(-1.,0.,0.));
#7713 = ORIENTED_EDGE('',*,*,#7034,.F.);
#7714 = TOROIDAL_SURFACE('',#7715,5.05,0.7);
#7715 = AXIS2_PLACEMENT_3D('',#7716,#7717,#7718);
#7716 = CARTESIAN_POINT('',(0.,13.3,0.));
#7717 = DIRECTION('',(0.,-1.,0.));
#7718 = DIRECTION('',(0.,0.,1.));
#7719 = ADVANCED_FACE('',(#7720),#7732,.T.);
#7720 = FACE_BOUND('',#7721,.T.);
#7721 = EDGE_LOOP('',(#7722,#7729,#7730,#7731));
#7722 = ORIENTED_EDGE('',*,*,#7723,.T.);
#7723 = EDGE_CURVE('',#6830,#7416,#7724,.T.);
#7724 = CIRCLE('',#7725,0.7);
#7725 = AXIS2_PLACEMENT_3D('',#7726,#7727,#7728);
#7726 = CARTESIAN_POINT('',(1.44896475562E-14,0.7,4.15));
#7727 = DIRECTION('',(1.,0.,-3.491481338843E-15));
#7728 = DIRECTION('',(-3.491481338843E-15,0.,-1.));
#7729 = ORIENTED_EDGE('',*,*,#7415,.F.);
#7730 = ORIENTED_EDGE('',*,*,#7191,.F.);
#7731 = ORIENTED_EDGE('',*,*,#6837,.F.);
#7732 = TOROIDAL_SURFACE('',#7733,4.15,0.7);
#7733 = AXIS2_PLACEMENT_3D('',#7734,#7735,#7736);
#7734 = CARTESIAN_POINT('',(0.,0.7,0.));
#7735 = DIRECTION('',(0.,-1.,0.));
#7736 = DIRECTION('',(0.,0.,1.));
#7737 = ADVANCED_FACE('',(#7738),#7754,.T.);
#7738 = FACE_BOUND('',#7739,.T.);
#7739 = EDGE_LOOP('',(#7740,#7746,#7747,#7753));
#7740 = ORIENTED_EDGE('',*,*,#7741,.T.);
#7741 = EDGE_CURVE('',#7589,#7477,#7742,.T.);
#7742 = LINE('',#7743,#7744);
#7743 = CARTESIAN_POINT('',(0.130135069401,7.754232452524,
    -4.147959120304));
#7744 = VECTOR('',#7745,1.);
#7745 = DIRECTION('',(0.,-1.,0.));
#7746 = ORIENTED_EDGE('',*,*,#7476,.F.);
#7747 = ORIENTED_EDGE('',*,*,#7748,.T.);
#7748 = EDGE_CURVE('',#7468,#7597,#7749,.T.);
#7749 = LINE('',#7750,#7751);
#7750 = CARTESIAN_POINT('',(-1.44896475562E-14,-4.336808689942E-16,-4.15
    ));
#7751 = VECTOR('',#7752,1.);
#7752 = DIRECTION('',(0.,1.,0.));
#7753 = ORIENTED_EDGE('',*,*,#7596,.F.);
#7754 = CYLINDRICAL_SURFACE('',#7755,4.15);
#7755 = AXIS2_PLACEMENT_3D('',#7756,#7757,#7758);
#7756 = CARTESIAN_POINT('',(0.,0.,0.));
#7757 = DIRECTION('',(0.,-1.,0.));
#7758 = DIRECTION('',(0.,0.,1.));
#7759 = ADVANCED_FACE('',(#7760),#7778,.T.);
#7760 = FACE_BOUND('',#7761,.T.);
#7761 = EDGE_LOOP('',(#7762,#7768,#7769,#7770,#7776,#7777));
#7762 = ORIENTED_EDGE('',*,*,#7763,.F.);
#7763 = EDGE_CURVE('',#7019,#6847,#7764,.T.);
#7764 = LINE('',#7765,#7766);
#7765 = CARTESIAN_POINT('',(4.85,2.7,0.));
#7766 = VECTOR('',#7767,1.);
#7767 = DIRECTION('',(1.,-0.,0.));
#7768 = ORIENTED_EDGE('',*,*,#7026,.T.);
#7769 = ORIENTED_EDGE('',*,*,#7707,.F.);
#7770 = ORIENTED_EDGE('',*,*,#7771,.T.);
#7771 = EDGE_CURVE('',#7297,#7376,#7772,.T.);
#7772 = LINE('',#7773,#7774);
#7773 = CARTESIAN_POINT('',(5.05,14.,0.));
#7774 = VECTOR('',#7775,1.);
#7775 = DIRECTION('',(0.,-1.,0.));
#7776 = ORIENTED_EDGE('',*,*,#7675,.T.);
#7777 = ORIENTED_EDGE('',*,*,#6854,.T.);
#7778 = PLANE('',#7779);
#7779 = AXIS2_PLACEMENT_3D('',#7780,#7781,#7782);
#7780 = CARTESIAN_POINT('',(4.15,0.7,0.));
#7781 = DIRECTION('',(0.,0.,-1.));
#7782 = DIRECTION('',(-1.,0.,0.));
#7783 = ADVANCED_FACE('',(#7784),#7795,.F.);
#7784 = FACE_BOUND('',#7785,.F.);
#7785 = EDGE_LOOP('',(#7786,#7787,#7788,#7789));
#7786 = ORIENTED_EDGE('',*,*,#7296,.T.);
#7787 = ORIENTED_EDGE('',*,*,#7771,.T.);
#7788 = ORIENTED_EDGE('',*,*,#7384,.T.);
#7789 = ORIENTED_EDGE('',*,*,#7790,.T.);
#7790 = EDGE_CURVE('',#7385,#7289,#7791,.T.);
#7791 = LINE('',#7792,#7793);
#7792 = CARTESIAN_POINT('',(2.88896406745,12.107022393701,
    -4.142026873039));
#7793 = VECTOR('',#7794,1.);
#7794 = DIRECTION('',(0.,1.,0.));
#7795 = CYLINDRICAL_SURFACE('',#7796,5.05);
#7796 = AXIS2_PLACEMENT_3D('',#7797,#7798,#7799);
#7797 = CARTESIAN_POINT('',(0.,0.,0.));
#7798 = DIRECTION('',(0.,-1.,0.));
#7799 = DIRECTION('',(0.,0.,1.));
#7800 = ADVANCED_FACE('',(#7801),#7819,.F.);
#7801 = FACE_BOUND('',#7802,.T.);
#7802 = EDGE_LOOP('',(#7803,#7804,#7810,#7811,#7812,#7818));
#7803 = ORIENTED_EDGE('',*,*,#7659,.F.);
#7804 = ORIENTED_EDGE('',*,*,#7805,.F.);
#7805 = EDGE_CURVE('',#7416,#7555,#7806,.T.);
#7806 = LINE('',#7807,#7808);
#7807 = CARTESIAN_POINT('',(1.44896475562E-14,-4.336808689942E-16,4.15)
  );
#7808 = VECTOR('',#7809,1.);
#7809 = DIRECTION('',(0.,1.,0.));
#7810 = ORIENTED_EDGE('',*,*,#7723,.F.);
#7811 = ORIENTED_EDGE('',*,*,#6829,.F.);
#7812 = ORIENTED_EDGE('',*,*,#7813,.F.);
#7813 = EDGE_CURVE('',#6994,#6822,#7814,.T.);
#7814 = LINE('',#7815,#7816);
#7815 = CARTESIAN_POINT('',(1.682681771698E-14,6.3,4.85));
#7816 = VECTOR('',#7817,1.);
#7817 = DIRECTION('',(3.469446951954E-15,-1.734723475977E-15,1.));
#7818 = ORIENTED_EDGE('',*,*,#7001,.F.);
#7819 = PLANE('',#7820);
#7820 = AXIS2_PLACEMENT_3D('',#7821,#7822,#7823);
#7821 = CARTESIAN_POINT('',(1.44896475562E-14,0.7,4.15));
#7822 = DIRECTION('',(1.,0.,-3.491481338843E-15));
#7823 = DIRECTION('',(-3.491481338843E-15,0.,-1.));
#7824 = ADVANCED_FACE('',(#7825),#7836,.T.);
#7825 = FACE_BOUND('',#7826,.T.);
#7826 = EDGE_LOOP('',(#7827,#7828,#7829,#7830));
#7827 = ORIENTED_EDGE('',*,*,#7571,.F.);
#7828 = ORIENTED_EDGE('',*,*,#7223,.T.);
#7829 = ORIENTED_EDGE('',*,*,#7502,.F.);
#7830 = ORIENTED_EDGE('',*,*,#7831,.F.);
#7831 = EDGE_CURVE('',#7572,#7494,#7832,.T.);
#7832 = LINE('',#7833,#7834);
#7833 = CARTESIAN_POINT('',(5.431333048859,7.754232452524,
    -4.415950782376));
#7834 = VECTOR('',#7835,1.);
#7835 = DIRECTION('',(0.,-1.,0.));
#7836 = PLANE('',#7837);
#7837 = AXIS2_PLACEMENT_3D('',#7838,#7839,#7840);
#7838 = CARTESIAN_POINT('',(3.736418511566,7.754232452524,
    -1.806011269739));
#7839 = DIRECTION('',(0.838670567945,-0.,0.544639035015));
#7840 = DIRECTION('',(0.544639035015,0.,-0.838670567945));
#7841 = ADVANCED_FACE('',(#7842),#7853,.T.);
#7842 = FACE_BOUND('',#7843,.T.);
#7843 = EDGE_LOOP('',(#7844,#7845,#7846,#7847));
#7844 = ORIENTED_EDGE('',*,*,#7579,.F.);
#7845 = ORIENTED_EDGE('',*,*,#7831,.T.);
#7846 = ORIENTED_EDGE('',*,*,#7493,.F.);
#7847 = ORIENTED_EDGE('',*,*,#7848,.F.);
#7848 = EDGE_CURVE('',#7580,#7486,#7849,.T.);
#7849 = LINE('',#7850,#7851);
#7850 = CARTESIAN_POINT('',(1.825049606694,7.754232452524,
    -6.757898632941));
#7851 = VECTOR('',#7852,1.);
#7852 = DIRECTION('',(0.,-1.,0.));
#7853 = CYLINDRICAL_SURFACE('',#7854,7.);
#7854 = AXIS2_PLACEMENT_3D('',#7855,#7856,#7857);
#7855 = CARTESIAN_POINT('',(0.,7.754232452524,0.));
#7856 = DIRECTION('',(0.,-1.,0.));
#7857 = DIRECTION('',(0.,0.,1.));
#7858 = ADVANCED_FACE('',(#7859),#7865,.T.);
#7859 = FACE_BOUND('',#7860,.T.);
#7860 = EDGE_LOOP('',(#7861,#7862,#7863,#7864));
#7861 = ORIENTED_EDGE('',*,*,#7588,.F.);
#7862 = ORIENTED_EDGE('',*,*,#7848,.T.);
#7863 = ORIENTED_EDGE('',*,*,#7485,.F.);
#7864 = ORIENTED_EDGE('',*,*,#7741,.F.);
#7865 = PLANE('',#7866);
#7866 = AXIS2_PLACEMENT_3D('',#7867,#7868,#7869);
#7867 = CARTESIAN_POINT('',(0.130135069401,7.754232452524,
    -4.147959120304));
#7868 = DIRECTION('',(-0.838670567945,0.,-0.544639035015));
#7869 = DIRECTION('',(-0.544639035015,0.,0.838670567945));
#7870 = ADVANCED_FACE('',(#7871),#7905,.F.);
#7871 = FACE_BOUND('',#7872,.T.);
#7872 = EDGE_LOOP('',(#7873,#7883,#7891,#7899));
#7873 = ORIENTED_EDGE('',*,*,#7874,.T.);
#7874 = EDGE_CURVE('',#7875,#7877,#7879,.T.);
#7875 = VERTEX_POINT('',#7876);
#7876 = CARTESIAN_POINT('',(4.395592767128,0.7,-2.049698569442));
#7877 = VERTEX_POINT('',#7878);
#7878 = CARTESIAN_POINT('',(3.942438873609,0.7,-1.838389438572));
#7879 = LINE('',#7880,#7881);
#7880 = CARTESIAN_POINT('',(3.942438873609,0.7,-1.838389438572));
#7881 = VECTOR('',#7882,1.);
#7882 = DIRECTION('',(-0.906307787037,0.,0.422618261741));
#7883 = ORIENTED_EDGE('',*,*,#7884,.T.);
#7884 = EDGE_CURVE('',#7877,#7885,#7887,.T.);
#7885 = VERTEX_POINT('',#7886);
#7886 = CARTESIAN_POINT('',(3.942438873609,1.2,-1.838389438572));
#7887 = LINE('',#7888,#7889);
#7888 = CARTESIAN_POINT('',(3.942438873609,0.7,-1.838389438572));
#7889 = VECTOR('',#7890,1.);
#7890 = DIRECTION('',(0.,1.,0.));
#7891 = ORIENTED_EDGE('',*,*,#7892,.T.);
#7892 = EDGE_CURVE('',#7885,#7893,#7895,.T.);
#7893 = VERTEX_POINT('',#7894);
#7894 = CARTESIAN_POINT('',(4.395592767128,1.2,-2.049698569442));
#7895 = LINE('',#7896,#7897);
#7896 = CARTESIAN_POINT('',(3.942438873609,1.2,-1.838389438572));
#7897 = VECTOR('',#7898,1.);
#7898 = DIRECTION('',(0.906307787037,0.,-0.422618261741));
#7899 = ORIENTED_EDGE('',*,*,#7900,.T.);
#7900 = EDGE_CURVE('',#7893,#7875,#7901,.T.);
#7901 = LINE('',#7902,#7903);
#7902 = CARTESIAN_POINT('',(4.395592767128,0.7,-2.049698569442));
#7903 = VECTOR('',#7904,1.);
#7904 = DIRECTION('',(0.,-1.,0.));
#7905 = PLANE('',#7906);
#7906 = AXIS2_PLACEMENT_3D('',#7907,#7908,#7909);
#7907 = CARTESIAN_POINT('',(7.331258200181E-16,0.,1.572193394633E-15));
#7908 = DIRECTION('',(0.422618261741,0.,0.906307787037));
#7909 = DIRECTION('',(0.906307787037,0.,-0.422618261741));
#7910 = ADVANCED_FACE('',(#7911),#7929,.T.);
#7911 = FACE_BOUND('',#7912,.T.);
#7912 = EDGE_LOOP('',(#7913,#7914,#7921,#7922));
#7913 = ORIENTED_EDGE('',*,*,#7185,.T.);
#7914 = ORIENTED_EDGE('',*,*,#7915,.T.);
#7915 = EDGE_CURVE('',#7010,#7877,#7916,.T.);
#7916 = B_SPLINE_CURVE_WITH_KNOTS('',3,(#7917,#7918,#7919,#7920),
  .UNSPECIFIED.,.F.,.F.,(4,4),(0.,1.),.PIECEWISE_BEZIER_KNOTS.);
#7917 = CARTESIAN_POINT('',(4.35,0.7,-3.995410182218E-16));
#7918 = CARTESIAN_POINT('',(4.343753849236,0.7,-0.634386142548));
#7919 = CARTESIAN_POINT('',(4.204685386298,0.7,-1.261220683179));
#7920 = CARTESIAN_POINT('',(3.942438873609,0.7,-1.838389438572));
#7921 = ORIENTED_EDGE('',*,*,#7874,.F.);
#7922 = ORIENTED_EDGE('',*,*,#7923,.F.);
#7923 = EDGE_CURVE('',#6838,#7875,#7924,.T.);
#7924 = B_SPLINE_CURVE_WITH_KNOTS('',3,(#7925,#7926,#7927,#7928),
  .UNSPECIFIED.,.F.,.F.,(4,4),(0.,1.),.PIECEWISE_BEZIER_KNOTS.);
#7925 = CARTESIAN_POINT('',(4.85,0.7,0.));
#7926 = CARTESIAN_POINT('',(4.828138480408,0.7,-0.704822519505));
#7927 = CARTESIAN_POINT('',(4.673454648644,0.7,-1.402093437093));
#7928 = CARTESIAN_POINT('',(4.395592767128,0.7,-2.049698569442));
#7929 = PLANE('',#7930);
#7930 = AXIS2_PLACEMENT_3D('',#7931,#7932,#7933);
#7931 = CARTESIAN_POINT('',(4.85,0.7,0.));
#7932 = DIRECTION('',(-0.,-1.,-2.433201675498E-15));
#7933 = DIRECTION('',(-1.,0.,0.));
#7934 = ADVANCED_FACE('',(#7935),#7947,.T.);
#7935 = FACE_BOUND('',#7936,.T.);
#7936 = EDGE_LOOP('',(#7937,#7938,#7939,#7940));
#7937 = ORIENTED_EDGE('',*,*,#6846,.T.);
#7938 = ORIENTED_EDGE('',*,*,#7923,.T.);
#7939 = ORIENTED_EDGE('',*,*,#7900,.F.);
#7940 = ORIENTED_EDGE('',*,*,#7941,.F.);
#7941 = EDGE_CURVE('',#6847,#7893,#7942,.T.);
#7942 = B_SPLINE_CURVE_WITH_KNOTS('',3,(#7943,#7944,#7945,#7946),
  .UNSPECIFIED.,.F.,.F.,(4,4),(0.,1.),.PIECEWISE_BEZIER_KNOTS.);
#7943 = CARTESIAN_POINT('',(4.85,2.7,0.));
#7944 = CARTESIAN_POINT('',(4.828138480408,2.2,-0.704822519505));
#7945 = CARTESIAN_POINT('',(4.673454648644,1.7,-1.402093437093));
#7946 = CARTESIAN_POINT('',(4.395592767128,1.2,-2.049698569442));
#7947 = B_SPLINE_SURFACE_WITH_KNOTS('',3,3,(
    (#7948,#7949,#7950,#7951)
    ,(#7952,#7953,#7954,#7955)
    ,(#7956,#7957,#7958,#7959)
    ,(#7960,#7961,#7962,#7963)
    ,(#7964,#7965,#7966,#7967)
    ,(#7968,#7969,#7970,#7971)
    ,(#7972,#7973,#7974,#7975
    )),.UNSPECIFIED.,.F.,.F.,.F.,(4,1,1,1,4),(4,4),(0.5,0.58125,0.6625,
    0.74375,0.825),(0.,1.),.UNSPECIFIED.);
#7948 = CARTESIAN_POINT('',(4.85,2.7,0.));
#7949 = CARTESIAN_POINT('',(4.828138480408,2.2,-0.704822519505));
#7950 = CARTESIAN_POINT('',(4.673454648644,1.7,-1.402093437093));
#7951 = CARTESIAN_POINT('',(4.395592767128,1.2,-2.049698569442));
#7952 = CARTESIAN_POINT('',(4.85,2.533333333333,0.));
#7953 = CARTESIAN_POINT('',(4.828138480408,2.075,-0.704822519505));
#7954 = CARTESIAN_POINT('',(4.673454648644,1.616666666667,
    -1.402093437093));
#7955 = CARTESIAN_POINT('',(4.395592767128,1.158333333333,
    -2.049698569442));
#7956 = CARTESIAN_POINT('',(4.85,2.2,0.));
#7957 = CARTESIAN_POINT('',(4.828138480408,1.825,-0.704822519505));
#7958 = CARTESIAN_POINT('',(4.673454648644,1.45,-1.402093437093));
#7959 = CARTESIAN_POINT('',(4.395592767128,1.075,-2.049698569442));
#7960 = CARTESIAN_POINT('',(4.85,1.7,0.));
#7961 = CARTESIAN_POINT('',(4.828138480408,1.45,-0.704822519505));
#7962 = CARTESIAN_POINT('',(4.673454648644,1.2,-1.402093437093));
#7963 = CARTESIAN_POINT('',(4.395592767128,0.95,-2.049698569442));
#7964 = CARTESIAN_POINT('',(4.85,1.2,0.));
#7965 = CARTESIAN_POINT('',(4.828138480408,1.075,-0.704822519505));
#7966 = CARTESIAN_POINT('',(4.673454648644,0.95,-1.402093437093));
#7967 = CARTESIAN_POINT('',(4.395592767128,0.825,-2.049698569442));
#7968 = CARTESIAN_POINT('',(4.85,0.866666666667,0.));
#7969 = CARTESIAN_POINT('',(4.828138480408,0.825,-0.704822519505));
#7970 = CARTESIAN_POINT('',(4.673454648644,0.783333333333,
    -1.402093437093));
#7971 = CARTESIAN_POINT('',(4.395592767128,0.741666666667,
    -2.049698569442));
#7972 = CARTESIAN_POINT('',(4.85,0.7,0.));
#7973 = CARTESIAN_POINT('',(4.828138480408,0.7,-0.704822519505));
#7974 = CARTESIAN_POINT('',(4.673454648644,0.7,-1.402093437093));
#7975 = CARTESIAN_POINT('',(4.395592767128,0.7,-2.049698569442));
#7976 = ADVANCED_FACE('',(#7977),#7989,.T.);
#7977 = FACE_BOUND('',#7978,.T.);
#7978 = EDGE_LOOP('',(#7979,#7980,#7981,#7982));
#7979 = ORIENTED_EDGE('',*,*,#7763,.T.);
#7980 = ORIENTED_EDGE('',*,*,#7941,.T.);
#7981 = ORIENTED_EDGE('',*,*,#7892,.F.);
#7982 = ORIENTED_EDGE('',*,*,#7983,.F.);
#7983 = EDGE_CURVE('',#7019,#7885,#7984,.T.);
#7984 = B_SPLINE_CURVE_WITH_KNOTS('',3,(#7985,#7986,#7987,#7988),
  .UNSPECIFIED.,.F.,.F.,(4,4),(0.,1.),.PIECEWISE_BEZIER_KNOTS.);
#7985 = CARTESIAN_POINT('',(4.35,2.7,-3.995410182218E-16));
#7986 = CARTESIAN_POINT('',(4.343753849236,2.2,-0.634386142548));
#7987 = CARTESIAN_POINT('',(4.204685386298,1.7,-1.261220683179));
#7988 = CARTESIAN_POINT('',(3.942438873609,1.2,-1.838389438572));
#7989 = B_SPLINE_SURFACE_WITH_KNOTS('',3,3,(
    (#7990,#7991,#7992,#7993)
    ,(#7994,#7995,#7996,#7997)
    ,(#7998,#7999,#8000,#8001)
    ,(#8002,#8003,#8004,#8005)
    ,(#8006,#8007,#8008,#8009)
    ,(#8010,#8011,#8012,#8013)
    ,(#8014,#8015,#8016,#8017
    )),.UNSPECIFIED.,.F.,.F.,.F.,(4,1,1,1,4),(4,4),(0.325,0.36875,0.4125
    ,0.45625,0.5),(0.,1.),.UNSPECIFIED.);
#7990 = CARTESIAN_POINT('',(4.35,2.7,0.));
#7991 = CARTESIAN_POINT('',(4.343753849236,2.2,-0.634386142548));
#7992 = CARTESIAN_POINT('',(4.204685386298,1.7,-1.261220683179));
#7993 = CARTESIAN_POINT('',(3.942438873609,1.2,-1.838389438572));
#7994 = CARTESIAN_POINT('',(4.391666666667,2.7,0.));
#7995 = CARTESIAN_POINT('',(4.384119235167,2.2,-0.640255840628));
#7996 = CARTESIAN_POINT('',(4.243749491494,1.7,-1.272960079339));
#7997 = CARTESIAN_POINT('',(3.980201698069,1.2,-1.855998532811));
#7998 = CARTESIAN_POINT('',(4.475,2.7,0.));
#7999 = CARTESIAN_POINT('',(4.464850007029,2.2,-0.651995236788));
#8000 = CARTESIAN_POINT('',(4.321877701885,1.7,-1.296438871658));
#8001 = CARTESIAN_POINT('',(4.055727346989,1.2,-1.89121672129));
#8002 = CARTESIAN_POINT('',(4.6,2.7,0.));
#8003 = CARTESIAN_POINT('',(4.585946164822,2.2,-0.669604331027));
#8004 = CARTESIAN_POINT('',(4.439070017471,1.7,-1.331657060136));
#8005 = CARTESIAN_POINT('',(4.169015820369,1.2,-1.944044004007));
#8006 = CARTESIAN_POINT('',(4.725,2.7,0.));
#8007 = CARTESIAN_POINT('',(4.707042322615,2.2,-0.687213425266));
#8008 = CARTESIAN_POINT('',(4.556262333057,1.7,-1.366875248614));
#8009 = CARTESIAN_POINT('',(4.282304293748,1.2,-1.996871286725));
#8010 = CARTESIAN_POINT('',(4.808333333333,2.7,0.));
#8011 = CARTESIAN_POINT('',(4.787773094477,2.2,-0.698952821426));
#8012 = CARTESIAN_POINT('',(4.634390543448,1.7,-1.390354040933));
#8013 = CARTESIAN_POINT('',(4.357829942668,1.2,-2.032089475203));
#8014 = CARTESIAN_POINT('',(4.85,2.7,0.));
#8015 = CARTESIAN_POINT('',(4.828138480408,2.2,-0.704822519505));
#8016 = CARTESIAN_POINT('',(4.673454648644,1.7,-1.402093437093));
#8017 = CARTESIAN_POINT('',(4.395592767128,1.2,-2.049698569442));
#8018 = ADVANCED_FACE('',(#8019),#8025,.T.);
#8019 = FACE_BOUND('',#8020,.T.);
#8020 = EDGE_LOOP('',(#8021,#8022,#8023,#8024));
#8021 = ORIENTED_EDGE('',*,*,#7018,.T.);
#8022 = ORIENTED_EDGE('',*,*,#7983,.T.);
#8023 = ORIENTED_EDGE('',*,*,#7884,.F.);
#8024 = ORIENTED_EDGE('',*,*,#7915,.F.);
#8025 = B_SPLINE_SURFACE_WITH_KNOTS('',3,3,(
    (#8026,#8027,#8028,#8029)
    ,(#8030,#8031,#8032,#8033)
    ,(#8034,#8035,#8036,#8037)
    ,(#8038,#8039,#8040,#8041)
    ,(#8042,#8043,#8044,#8045)
    ,(#8046,#8047,#8048,#8049)
    ,(#8050,#8051,#8052,#8053
    )),.UNSPECIFIED.,.F.,.F.,.F.,(4,1,1,1,4),(4,4),(0.,8.125E-02,0.1625,
    0.24375,0.325),(0.,1.),.UNSPECIFIED.);
#8026 = CARTESIAN_POINT('',(4.35,0.7,0.));
#8027 = CARTESIAN_POINT('',(4.343753849236,0.7,-0.634386142548));
#8028 = CARTESIAN_POINT('',(4.204685386298,0.7,-1.261220683179));
#8029 = CARTESIAN_POINT('',(3.942438873609,0.7,-1.838389438572));
#8030 = CARTESIAN_POINT('',(4.35,0.866666666667,0.));
#8031 = CARTESIAN_POINT('',(4.343753849236,0.825,-0.634386142548));
#8032 = CARTESIAN_POINT('',(4.204685386298,0.783333333333,
    -1.261220683179));
#8033 = CARTESIAN_POINT('',(3.942438873609,0.741666666667,
    -1.838389438572));
#8034 = CARTESIAN_POINT('',(4.35,1.2,0.));
#8035 = CARTESIAN_POINT('',(4.343753849236,1.075,-0.634386142548));
#8036 = CARTESIAN_POINT('',(4.204685386298,0.95,-1.261220683179));
#8037 = CARTESIAN_POINT('',(3.942438873609,0.825,-1.838389438572));
#8038 = CARTESIAN_POINT('',(4.35,1.7,0.));
#8039 = CARTESIAN_POINT('',(4.343753849236,1.45,-0.634386142548));
#8040 = CARTESIAN_POINT('',(4.204685386298,1.2,-1.261220683179));
#8041 = CARTESIAN_POINT('',(3.942438873609,0.95,-1.838389438572));
#8042 = CARTESIAN_POINT('',(4.35,2.2,0.));
#8043 = CARTESIAN_POINT('',(4.343753849236,1.825,-0.634386142548));
#8044 = CARTESIAN_POINT('',(4.204685386298,1.45,-1.261220683179));
#8045 = CARTESIAN_POINT('',(3.942438873609,1.075,-1.838389438572));
#8046 = CARTESIAN_POINT('',(4.35,2.533333333333,0.));
#8047 = CARTESIAN_POINT('',(4.343753849236,2.075,-0.634386142548));
#8048 = CARTESIAN_POINT('',(4.204685386298,1.616666666667,
    -1.261220683179));
#8049 = CARTESIAN_POINT('',(3.942438873609,1.158333333333,
    -1.838389438572));
#8050 = CARTESIAN_POINT('',(4.35,2.7,0.));
#8051 = CARTESIAN_POINT('',(4.343753849236,2.2,-0.634386142548));
#8052 = CARTESIAN_POINT('',(4.204685386298,1.7,-1.261220683179));
#8053 = CARTESIAN_POINT('',(3.942438873609,1.2,-1.838389438572));
#8054 = ADVANCED_FACE('',(#8055),#8071,.T.);
#8055 = FACE_BOUND('',#8056,.T.);
#8056 = EDGE_LOOP('',(#8057,#8058,#8064,#8065));
#8057 = ORIENTED_EDGE('',*,*,#7135,.F.);
#8058 = ORIENTED_EDGE('',*,*,#8059,.T.);
#8059 = EDGE_CURVE('',#7136,#6872,#8060,.T.);
#8060 = LINE('',#8061,#8062);
#8061 = CARTESIAN_POINT('',(3.888450853039,10.4,3.137267913886));
#8062 = VECTOR('',#8063,1.);
#8063 = DIRECTION('',(0.906307787037,0.,0.422618261741));
#8064 = ORIENTED_EDGE('',*,*,#6871,.T.);
#8065 = ORIENTED_EDGE('',*,*,#8066,.T.);
#8066 = EDGE_CURVE('',#6874,#7121,#8067,.T.);
#8067 = LINE('',#8068,#8069);
#8068 = CARTESIAN_POINT('',(2.657729543634,10.4,2.860077499383));
#8069 = VECTOR('',#8070,1.);
#8070 = DIRECTION('',(-0.422618261741,-0.,-0.906307787037));
#8071 = PLANE('',#8072);
#8072 = AXIS2_PLACEMENT_3D('',#8073,#8074,#8075);
#8073 = CARTESIAN_POINT('',(4.395592767128,10.4,2.049698569442));
#8074 = DIRECTION('',(0.,-1.,0.));
#8075 = DIRECTION('',(0.,0.,1.));
#8076 = ADVANCED_FACE('',(#8077),#8093,.T.);
#8077 = FACE_BOUND('',#8078,.T.);
#8078 = EDGE_LOOP('',(#8079,#8080,#8086,#8087));
#8079 = ORIENTED_EDGE('',*,*,#7092,.T.);
#8080 = ORIENTED_EDGE('',*,*,#8081,.T.);
#8081 = EDGE_CURVE('',#7093,#6925,#8082,.T.);
#8082 = LINE('',#8083,#8084);
#8083 = CARTESIAN_POINT('',(2.023314092709,5.4,3.155910282602));
#8084 = VECTOR('',#8085,1.);
#8085 = DIRECTION('',(0.422618261741,-0.,0.906307787037));
#8086 = ORIENTED_EDGE('',*,*,#6924,.F.);
#8087 = ORIENTED_EDGE('',*,*,#8088,.F.);
#8088 = EDGE_CURVE('',#7081,#6916,#8089,.T.);
#8089 = LINE('',#8090,#8091);
#8090 = CARTESIAN_POINT('',(2.526413862227,5.4,3.541148542033));
#8091 = VECTOR('',#8092,1.);
#8092 = DIRECTION('',(0.580784795914,0.,0.8140571361));
#8093 = PLANE('',#8094);
#8094 = AXIS2_PLACEMENT_3D('',#8095,#8096,#8097);
#8095 = CARTESIAN_POINT('',(4.395592767128,5.4,2.049698569442));
#8096 = DIRECTION('',(0.,1.,0.));
#8097 = DIRECTION('',(0.,0.,-1.));
#8098 = ADVANCED_FACE('',(#8099),#8115,.T.);
#8099 = FACE_BOUND('',#8100,.T.);
#8100 = EDGE_LOOP('',(#8101,#8102,#8108,#8109));
#8101 = ORIENTED_EDGE('',*,*,#7159,.F.);
#8102 = ORIENTED_EDGE('',*,*,#8103,.T.);
#8103 = EDGE_CURVE('',#7160,#6898,#8104,.T.);
#8104 = LINE('',#8105,#8106);
#8105 = CARTESIAN_POINT('',(4.395592767128,5.9,2.049698569442));
#8106 = VECTOR('',#8107,1.);
#8107 = DIRECTION('',(0.906307787037,-0.,0.422618261741));
#8108 = ORIENTED_EDGE('',*,*,#6897,.F.);
#8109 = ORIENTED_EDGE('',*,*,#8110,.T.);
#8110 = EDGE_CURVE('',#6883,#7145,#8111,.T.);
#8111 = LINE('',#8112,#8113);
#8112 = CARTESIAN_POINT('',(3.942438873609,9.2,1.838389438572));
#8113 = VECTOR('',#8114,1.);
#8114 = DIRECTION('',(-0.906307787037,-0.,-0.422618261741));
#8115 = PLANE('',#8116);
#8116 = AXIS2_PLACEMENT_3D('',#8117,#8118,#8119);
#8117 = CARTESIAN_POINT('',(0.,0.,0.));
#8118 = DIRECTION('',(-0.422618261741,0.,0.906307787037));
#8119 = DIRECTION('',(0.906307787037,0.,0.422618261741));
#8120 = ADVANCED_FACE('',(#8121),#8137,.F.);
#8121 = FACE_BOUND('',#8122,.T.);
#8122 = EDGE_LOOP('',(#8123,#8124,#8130,#8131));
#8123 = ORIENTED_EDGE('',*,*,#6944,.T.);
#8124 = ORIENTED_EDGE('',*,*,#8125,.T.);
#8125 = EDGE_CURVE('',#6934,#7102,#8126,.T.);
#8126 = LINE('',#8127,#8128);
#8127 = CARTESIAN_POINT('',(0.,5.9,0.));
#8128 = VECTOR('',#8129,1.);
#8129 = DIRECTION('',(-0.422618261741,0.,-0.906307787037));
#8130 = ORIENTED_EDGE('',*,*,#7112,.T.);
#8131 = ORIENTED_EDGE('',*,*,#8132,.T.);
#8132 = EDGE_CURVE('',#7113,#6945,#8133,.T.);
#8133 = LINE('',#8134,#8135);
#8134 = CARTESIAN_POINT('',(0.,9.2,0.));
#8135 = VECTOR('',#8136,1.);
#8136 = DIRECTION('',(0.422618261741,0.,0.906307787037));
#8137 = PLANE('',#8138);
#8138 = AXIS2_PLACEMENT_3D('',#8139,#8140,#8141);
#8139 = CARTESIAN_POINT('',(0.,0.,0.));
#8140 = DIRECTION('',(-0.906307787037,0.,0.422618261741));
#8141 = DIRECTION('',(0.422618261741,0.,0.906307787037));
#8142 = ADVANCED_FACE('',(#8143),#8149,.F.);
#8143 = FACE_BOUND('',#8144,.F.);
#8144 = EDGE_LOOP('',(#8145,#8146,#8147,#8148));
#8145 = ORIENTED_EDGE('',*,*,#8059,.T.);
#8146 = ORIENTED_EDGE('',*,*,#6882,.T.);
#8147 = ORIENTED_EDGE('',*,*,#8110,.T.);
#8148 = ORIENTED_EDGE('',*,*,#7144,.T.);
#8149 = CYLINDRICAL_SURFACE('',#8150,1.2);
#8150 = AXIS2_PLACEMENT_3D('',#8151,#8152,#8153);
#8151 = CARTESIAN_POINT('',(3.888450853039,9.2,3.137267913886));
#8152 = DIRECTION('',(-0.906307787037,0.,-0.422618261741));
#8153 = DIRECTION('',(-0.422618261741,0.,0.906307787037));
#8154 = ADVANCED_FACE('',(#8155),#8161,.F.);
#8155 = FACE_BOUND('',#8156,.F.);
#8156 = EDGE_LOOP('',(#8157,#8158,#8159,#8160));
#8157 = ORIENTED_EDGE('',*,*,#8132,.T.);
#8158 = ORIENTED_EDGE('',*,*,#6952,.T.);
#8159 = ORIENTED_EDGE('',*,*,#8066,.T.);
#8160 = ORIENTED_EDGE('',*,*,#7120,.T.);
#8161 = CYLINDRICAL_SURFACE('',#8162,1.2);
#8162 = AXIS2_PLACEMENT_3D('',#8163,#8164,#8165);
#8163 = CARTESIAN_POINT('',(1.087569344444,9.2,-0.507141914089));
#8164 = DIRECTION('',(0.422618261741,0.,0.906307787037));
#8165 = DIRECTION('',(0.906307787037,0.,-0.422618261741));
#8166 = ADVANCED_FACE('',(#8167),#8221,.F.);
#8167 = FACE_BOUND('',#8168,.T.);
#8168 = EDGE_LOOP('',(#8169,#8179,#8197,#8205));
#8169 = ORIENTED_EDGE('',*,*,#8170,.T.);
#8170 = EDGE_CURVE('',#8171,#8173,#8175,.T.);
#8171 = VERTEX_POINT('',#8172);
#8172 = CARTESIAN_POINT('',(2.070462842628,7.983350440839,2.088684153135
    ));
#8173 = VERTEX_POINT('',#8174);
#8174 = CARTESIAN_POINT('',(2.088684153135,7.983350440839,2.070462842628
    ));
#8175 = LINE('',#8176,#8177);
#8176 = CARTESIAN_POINT('',(2.433126888475,7.983350440839,1.726020107288
    ));
#8177 = VECTOR('',#8178,1.);
#8178 = DIRECTION('',(0.707106781187,0.,-0.707106781187));
#8179 = ORIENTED_EDGE('',*,*,#8180,.T.);
#8180 = EDGE_CURVE('',#8173,#8181,#8183,.T.);
#8181 = VERTEX_POINT('',#8182);
#8182 = CARTESIAN_POINT('',(2.058165502879,7.485253091794,2.039353076169
    ));
#8183 = B_SPLINE_CURVE_WITH_KNOTS('',3,(#8184,#8185,#8186,#8187,#8188,
    #8189,#8190,#8191,#8192,#8193,#8194,#8195,#8196),.UNSPECIFIED.,.F.,
  .F.,(4,3,3,3,4),(0.,7.494146710069E-05,2.500327947681E-04,
    4.454541783278E-04,5.00000199694E-04),.UNSPECIFIED.);
#8184 = CARTESIAN_POINT('',(2.088684153135,7.983350440839,2.070462842628
    ));
#8185 = CARTESIAN_POINT('',(2.087166855077,7.958465029778,2.068901127144
    ));
#8186 = CARTESIAN_POINT('',(2.085648872871,7.933579617476,2.067340095655
    ));
#8187 = CARTESIAN_POINT('',(2.084130038647,7.908694203788,2.065779916011
    ));
#8188 = CARTESIAN_POINT('',(2.080581473227,7.850552559953,2.06213475221)
  );
#8189 = CARTESIAN_POINT('',(2.077028272868,7.792410907652,2.058494222301
    ));
#8190 = CARTESIAN_POINT('',(2.073467973075,7.734269246822,2.054860790769
    ));
#8191 = CARTESIAN_POINT('',(2.069494282827,7.669376691672,2.050805477373
    ));
#8192 = CARTESIAN_POINT('',(2.065511765938,7.604484122677,2.046758988905
    ));
#8193 = CARTESIAN_POINT('',(2.061515339811,7.539591547052,2.042726408855
    ));
#8194 = CARTESIAN_POINT('',(2.060399857218,7.521478729187,2.041600834977
    ));
#8195 = CARTESIAN_POINT('',(2.059283288113,7.503365910641,2.040476347527
    ));
#8196 = CARTESIAN_POINT('',(2.058165502879,7.485253091794,2.039353076169
    ));
#8197 = ORIENTED_EDGE('',*,*,#8198,.T.);
#8198 = EDGE_CURVE('',#8181,#8199,#8201,.T.);
#8199 = VERTEX_POINT('',#8200);
#8200 = CARTESIAN_POINT('',(2.039353076169,7.485253091794,2.058165502879
    ));
#8201 = LINE('',#8202,#8203);
#8202 = CARTESIAN_POINT('',(2.402312680117,7.485253091794,1.69520589893)
  );
#8203 = VECTOR('',#8204,1.);
#8204 = DIRECTION('',(-0.707106781187,0.,0.707106781187));
#8205 = ORIENTED_EDGE('',*,*,#8206,.T.);
#8206 = EDGE_CURVE('',#8199,#8171,#8207,.T.);
#8207 = B_SPLINE_CURVE_WITH_KNOTS('',3,(#8208,#8209,#8210,#8211,#8212,
    #8213,#8214,#8215,#8216,#8217,#8218,#8219,#8220),.UNSPECIFIED.,.F.,
  .F.,(4,3,3,3,4),(0.,5.369415047064E-05,2.499674072905E-04,
    4.23354993777E-04,5.000002043495E-04),.UNSPECIFIED.);
#8208 = CARTESIAN_POINT('',(2.039353076169,7.485253091794,2.058165502879
    ));
#8209 = CARTESIAN_POINT('',(2.040458804859,7.50308303406,2.059265831125)
  );
#8210 = CARTESIAN_POINT('',(2.041565711994,7.520912976034,2.06036498089)
  );
#8211 = CARTESIAN_POINT('',(2.04267367377,7.538742917352,2.061463075934)
  );
#8212 = CARTESIAN_POINT('',(2.046723710083,7.603918369601,2.06547704546)
  );
#8213 = CARTESIAN_POINT('',(2.050787799648,7.669093815204,2.06947696091)
  );
#8214 = CARTESIAN_POINT('',(2.054860790769,7.734269246822,2.073467973075
    ));
#8215 = CARTESIAN_POINT('',(2.058458866851,7.791845154711,2.076993629033
    ));
#8216 = CARTESIAN_POINT('',(2.062063904358,7.849421054235,2.080512322531
    ));
#8217 = CARTESIAN_POINT('',(2.065673508501,7.906996945441,2.084026448363
    ));
#8218 = CARTESIAN_POINT('',(2.067269117952,7.932448111976,2.085579852052
    ));
#8219 = CARTESIAN_POINT('',(2.068865622615,7.957899277057,2.087132360349
    ));
#8220 = CARTESIAN_POINT('',(2.070462842628,7.983350440839,2.088684153135
    ));
#8221 = PLANE('',#8222);
#8222 = AXIS2_PLACEMENT_3D('',#8223,#8224,#8225);
#8223 = CARTESIAN_POINT('',(1.573647766304,-0.194703747153,
    1.573647766304));
#8224 = DIRECTION('',(0.704416026403,-8.715574274765E-02,0.704416026403)
  );
#8225 = DIRECTION('',(0.707106781187,6.938893903907E-18,-0.707106781187)
  );
#8226 = ADVANCED_FACE('',(#8227),#8276,.T.);
#8227 = FACE_BOUND('',#8228,.T.);
#8228 = EDGE_LOOP('',(#8229,#8230,#8241,#8252,#8253,#8254,#8267));
#8229 = ORIENTED_EDGE('',*,*,#8198,.F.);
#8230 = ORIENTED_EDGE('',*,*,#8231,.T.);
#8231 = EDGE_CURVE('',#8181,#8232,#8234,.T.);
#8232 = VERTEX_POINT('',#8233);
#8233 = CARTESIAN_POINT('',(2.745546654709,7.442259446622,2.020533289768
    ));
#8234 = B_SPLINE_CURVE_WITH_KNOTS('',3,(#8235,#8236,#8237,#8238,#8239,
    #8240),.UNSPECIFIED.,.F.,.F.,(4,2,4),(0.,3.779409382967E-04,
    7.558818765934E-04),.UNSPECIFIED.);
#8235 = CARTESIAN_POINT('',(2.058165502879,7.485253091794,2.039353076169
    ));
#8236 = CARTESIAN_POINT('',(2.148529622041,7.485253091794,1.948988957006
    ));
#8237 = CARTESIAN_POINT('',(2.272397659229,7.480916134023,1.896177015668
    ));
#8238 = CARTESIAN_POINT('',(2.524673670548,7.465466163835,1.889214469155
    ));
#8239 = CARTESIAN_POINT('',(2.651119647686,7.454188631955,1.935253899628
    ));
#8240 = CARTESIAN_POINT('',(2.745546654709,7.442259446622,2.020533289768
    ));
#8241 = ORIENTED_EDGE('',*,*,#8242,.F.);
#8242 = EDGE_CURVE('',#6751,#8232,#8243,.T.);
#8243 = B_SPLINE_CURVE_WITH_KNOTS('',3,(#8244,#8245,#8246,#8247,#8248,
    #8249,#8250,#8251),.UNSPECIFIED.,.F.,.F.,(4,2,2,4),(0.,
    0.457687736299,0.694874842468,0.85335307711),.UNSPECIFIED.);
#8244 = CARTESIAN_POINT('',(3.541148542033,5.4,2.526413862227));
#8245 = CARTESIAN_POINT('',(3.541148542033,5.888939689982,2.526413862227
    ));
#8246 = CARTESIAN_POINT('',(3.516565270854,6.388150782152,2.56627188767)
  );
#8247 = CARTESIAN_POINT('',(3.476909733624,7.15080263699,2.632732383016)
  );
#8248 = CARTESIAN_POINT('',(3.322746459292,7.369247115097,2.516255080112
    ));
#8249 = CARTESIAN_POINT('',(2.999661158515,7.410067649488,2.244783875745
    ));
#8250 = CARTESIAN_POINT('',(2.871501624997,7.426347259722,2.13428637154)
  );
#8251 = CARTESIAN_POINT('',(2.745546654709,7.442259446622,2.020533289768
    ));
#8252 = ORIENTED_EDGE('',*,*,#7071,.T.);
#8253 = ORIENTED_EDGE('',*,*,#7080,.T.);
#8254 = ORIENTED_EDGE('',*,*,#8255,.T.);
#8255 = EDGE_CURVE('',#7081,#8256,#8258,.T.);
#8256 = VERTEX_POINT('',#8257);
#8257 = CARTESIAN_POINT('',(2.020533289768,7.442259446622,2.745546654709
    ));
#8258 = B_SPLINE_CURVE_WITH_KNOTS('',3,(#8259,#8260,#8261,#8262,#8263,
    #8264,#8265,#8266),.UNSPECIFIED.,.F.,.F.,(4,2,2,4),(0.,
    0.457687736299,0.694874842468,0.85335307711),.UNSPECIFIED.);
#8259 = CARTESIAN_POINT('',(2.526413862227,5.4,3.541148542033));
#8260 = CARTESIAN_POINT('',(2.526413862227,5.888939689982,3.541148542033
    ));
#8261 = CARTESIAN_POINT('',(2.56627188767,6.388150782152,3.516565270854)
  );
#8262 = CARTESIAN_POINT('',(2.632732383016,7.15080263699,3.476909733624)
  );
#8263 = CARTESIAN_POINT('',(2.516255080112,7.369247115097,3.322746459292
    ));
#8264 = CARTESIAN_POINT('',(2.244783875745,7.410067649488,2.999661158515
    ));
#8265 = CARTESIAN_POINT('',(2.13428637154,7.426347259722,2.871501624997)
  );
#8266 = CARTESIAN_POINT('',(2.020533289768,7.442259446622,2.745546654709
    ));
#8267 = ORIENTED_EDGE('',*,*,#8268,.T.);
#8268 = EDGE_CURVE('',#8256,#8199,#8269,.T.);
#8269 = B_SPLINE_CURVE_WITH_KNOTS('',3,(#8270,#8271,#8272,#8273,#8274,
    #8275),.UNSPECIFIED.,.F.,.F.,(4,2,4),(0.,3.779410109847E-04,
    7.558820219693E-04),.UNSPECIFIED.);
#8270 = CARTESIAN_POINT('',(2.020533289768,7.442259446622,2.745546654709
    ));
#8271 = CARTESIAN_POINT('',(1.935253921429,7.454188628905,2.651119671826
    ));
#8272 = CARTESIAN_POINT('',(1.889283127763,7.465442181946,2.52498010831)
  );
#8273 = CARTESIAN_POINT('',(1.896091732544,7.48090280069,2.272700320561)
  );
#8274 = CARTESIAN_POINT('',(1.94898896252,7.485253091794,2.148529616527)
  );
#8275 = CARTESIAN_POINT('',(2.039353076169,7.485253091794,2.058165502879
    ));
#8276 = B_SPLINE_SURFACE_WITH_KNOTS('',3,3,(
    (#8277,#8278,#8279,#8280,#8281,#8282,#8283,#8284)
    ,(#8285,#8286,#8287,#8288,#8289,#8290,#8291,#8292)
    ,(#8293,#8294,#8295,#8296,#8297,#8298,#8299,#8300)
    ,(#8301,#8302,#8303,#8304,#8305,#8306,#8307,#8308)
    ,(#8309,#8310,#8311,#8312,#8313,#8314,#8315,#8316)
    ,(#8317,#8318,#8319,#8320,#8321,#8322,#8323,#8324)
    ,(#8325,#8326,#8327,#8328,#8329,#8330,#8331,#8332)
    ,(#8333,#8334,#8335,#8336,#8337,#8338,#8339,#8340)
    ,(#8341,#8342,#8343,#8344,#8345,#8346,#8347,#8348)
    ,(#8349,#8350,#8351,#8352,#8353,#8354,#8355,#8356)
    ,(#8357,#8358,#8359,#8360,#8361,#8362,#8363,#8364)
    ,(#8365,#8366,#8367,#8368,#8369,#8370,#8371,#8372
  )),.UNSPECIFIED.,.F.,.F.,.F.,(4,1,1,1,2,1,1,1,4),(4,2,2,4),(
    0.655308502715,0.698394939875,0.741481377036,0.784567814197,
    0.827654251357,0.870740688518,0.913827125679,0.956913562839,1.),(0.,
    0.457687736299,0.694874842468,1.),.UNSPECIFIED.);
#8277 = CARTESIAN_POINT('',(3.541148542033,5.4,2.526413862227));
#8278 = CARTESIAN_POINT('',(3.541148542033,5.888939689982,2.526413862227
    ));
#8279 = CARTESIAN_POINT('',(3.516565270854,6.388150782152,2.56627188767)
  );
#8280 = CARTESIAN_POINT('',(3.476909733624,7.15080263699,2.632732383016)
  );
#8281 = CARTESIAN_POINT('',(3.322746459292,7.369247115097,2.516255080112
    ));
#8282 = CARTESIAN_POINT('',(2.879914846916,7.425197116594,2.144167489453
    ));
#8283 = CARTESIAN_POINT('',(2.635386675666,7.456415392996,1.928279894479
    ));
#8284 = CARTESIAN_POINT('',(2.402312680117,7.485253091794,1.69520589893)
  );
#8285 = CARTESIAN_POINT('',(3.509067542082,5.4,2.57138020282));
#8286 = CARTESIAN_POINT('',(3.509067542082,5.890707355606,2.57138020282)
  );
#8287 = CARTESIAN_POINT('',(3.484692500996,6.390044531516,2.608710735259
    ));
#8288 = CARTESIAN_POINT('',(3.44524785499,7.152131052533,2.67087718328)
  );
#8289 = CARTESIAN_POINT('',(3.291137948062,7.370248696973,2.552853367146
    ));
#8290 = CARTESIAN_POINT('',(2.848297465878,7.425509109894,2.177753614313
    ));
#8291 = CARTESIAN_POINT('',(2.60366956607,7.45638115695,1.96055041385));
#8292 = CARTESIAN_POINT('',(2.370318865634,7.485253091794,1.727199713413
    ));
#8293 = CARTESIAN_POINT('',(3.440778887191,5.4,2.663464034156));
#8294 = CARTESIAN_POINT('',(3.440778887191,5.894242686854,2.663464034156
    ));
#8295 = CARTESIAN_POINT('',(3.418291907289,6.393832030244,2.69468180452)
  );
#8296 = CARTESIAN_POINT('',(3.381692341639,7.154787883619,2.746518309022
    ));
#8297 = CARTESIAN_POINT('',(3.228549777793,7.372251860725,2.624782867474
    ));
#8298 = CARTESIAN_POINT('',(2.787307087931,7.426133096493,2.242497557713
    ));
#8299 = CARTESIAN_POINT('',(2.543133775897,7.456312684856,2.022193023575
    ));
#8300 = CARTESIAN_POINT('',(2.309229665685,7.485253091794,1.788288913362
    ));
#8301 = CARTESIAN_POINT('',(3.326620862194,5.4,2.804912140922));
#8302 = CARTESIAN_POINT('',(3.326620862194,5.897486567778,2.804912140922
    ));
#8303 = CARTESIAN_POINT('',(3.310092796685,6.39730729013,2.825151547111)
  );
#8304 = CARTESIAN_POINT('',(3.283063584564,7.157225687341,2.858667644115
    ));
#8305 = CARTESIAN_POINT('',(3.133280322039,7.374089885008,2.730386399094
    ));
#8306 = CARTESIAN_POINT('',(2.698143583362,7.426705642057,2.335613199833
    ));
#8307 = CARTESIAN_POINT('',(2.456265829281,7.456249857556,2.110076544285
    ));
#8308 = CARTESIAN_POINT('',(2.221853932022,7.485253091794,1.875664647026
    ));
#8309 = CARTESIAN_POINT('',(3.203461725437,5.4,2.944815012523));
#8310 = CARTESIAN_POINT('',(3.203461725437,5.899602665862,2.944815012523
    ));
#8311 = CARTESIAN_POINT('',(3.194976977707,6.399574324883,2.953958479424
    ));
#8312 = CARTESIAN_POINT('',(3.181034742794,7.1588159528,2.969044775843)
  );
#8313 = CARTESIAN_POINT('',(3.035873408032,7.375288893158,2.834192612804
    ));
#8314 = CARTESIAN_POINT('',(2.609282395361,7.427079133748,2.426953954353
    ));
#8315 = CARTESIAN_POINT('',(2.37074927368,7.456208873089,2.196255594731)
  );
#8316 = CARTESIAN_POINT('',(2.136006128998,7.485253091794,1.961512450049
    ));
#8317 = CARTESIAN_POINT('',(3.118389224411,5.4,3.033439771911));
#8318 = CARTESIAN_POINT('',(3.118389327659,5.9,3.033439668664));
#8319 = CARTESIAN_POINT('',(3.115663636812,6.4,3.036165359511));
#8320 = CARTESIAN_POINT('',(3.111175127769,7.159114552738,3.040653868554
    ));
#8321 = CARTESIAN_POINT('',(2.969366335218,7.375514027745,2.90203318388)
  );
#8322 = CARTESIAN_POINT('',(2.549044204005,7.427149263295,2.487695743579
    ));
#8323 = CARTESIAN_POINT('',(2.313027421558,7.456201177544,2.254101841758
    ));
#8324 = CARTESIAN_POINT('',(2.078222072073,7.485253091794,2.019296506974
    ));
#8325 = CARTESIAN_POINT('',(3.033439771912,5.4,3.118389224411));
#8326 = CARTESIAN_POINT('',(3.033439668664,5.9,3.118389327659));
#8327 = CARTESIAN_POINT('',(3.036165359511,6.4,3.115663636812));
#8328 = CARTESIAN_POINT('',(3.040653868554,7.159114552738,3.111175127769
    ));
#8329 = CARTESIAN_POINT('',(2.90203318388,7.375514027745,2.969366335218)
  );
#8330 = CARTESIAN_POINT('',(2.487695743579,7.427149263295,2.549044204005
    ));
#8331 = CARTESIAN_POINT('',(2.254101841758,7.456201177544,2.313027421558
    ));
#8332 = CARTESIAN_POINT('',(2.019296506974,7.485253091794,2.078222072073
    ));
#8333 = CARTESIAN_POINT('',(2.944815012523,5.4,3.203461725437));
#8334 = CARTESIAN_POINT('',(2.944815012523,5.899602665862,3.203461725437
    ));
#8335 = CARTESIAN_POINT('',(2.953958479424,6.399574324883,3.194976977707
    ));
#8336 = CARTESIAN_POINT('',(2.969044775843,7.1588159528,3.181034742794)
  );
#8337 = CARTESIAN_POINT('',(2.834192612804,7.375288893158,3.035873408032
    ));
#8338 = CARTESIAN_POINT('',(2.426953954353,7.427079133748,2.609282395361
    ));
#8339 = CARTESIAN_POINT('',(2.196255594731,7.456208873089,2.37074927368)
  );
#8340 = CARTESIAN_POINT('',(1.961512450049,7.485253091794,2.136006128998
    ));
#8341 = CARTESIAN_POINT('',(2.804912140922,5.4,3.326620862194));
#8342 = CARTESIAN_POINT('',(2.804912140922,5.897486567778,3.326620862194
    ));
#8343 = CARTESIAN_POINT('',(2.825151547111,6.39730729013,3.310092796685)
  );
#8344 = CARTESIAN_POINT('',(2.858667644115,7.157225687341,3.283063584564
    ));
#8345 = CARTESIAN_POINT('',(2.730386399094,7.374089885008,3.133280322039
    ));
#8346 = CARTESIAN_POINT('',(2.335613199833,7.426705642057,2.698143583362
    ));
#8347 = CARTESIAN_POINT('',(2.110076544285,7.456249857556,2.456265829281
    ));
#8348 = CARTESIAN_POINT('',(1.875664647026,7.485253091794,2.221853932022
    ));
#8349 = CARTESIAN_POINT('',(2.663464034156,5.4,3.440778887191));
#8350 = CARTESIAN_POINT('',(2.663464034156,5.894242686854,3.440778887191
    ));
#8351 = CARTESIAN_POINT('',(2.69468180452,6.393832030244,3.418291907289)
  );
#8352 = CARTESIAN_POINT('',(2.746518309022,7.154787883619,3.381692341639
    ));
#8353 = CARTESIAN_POINT('',(2.624782867474,7.372251860725,3.228549777793
    ));
#8354 = CARTESIAN_POINT('',(2.242497557713,7.426133096493,2.787307087931
    ));
#8355 = CARTESIAN_POINT('',(2.022193023575,7.456312684856,2.543133775897
    ));
#8356 = CARTESIAN_POINT('',(1.788288913362,7.485253091794,2.309229665685
    ));
#8357 = CARTESIAN_POINT('',(2.57138020282,5.4,3.509067542082));
#8358 = CARTESIAN_POINT('',(2.57138020282,5.890707355606,3.509067542082)
  );
#8359 = CARTESIAN_POINT('',(2.608710735259,6.390044531516,3.484692500996
    ));
#8360 = CARTESIAN_POINT('',(2.67087718328,7.152131052533,3.44524785499)
  );
#8361 = CARTESIAN_POINT('',(2.552853367146,7.370248696973,3.291137948062
    ));
#8362 = CARTESIAN_POINT('',(2.177753614313,7.425509109894,2.848297465878
    ));
#8363 = CARTESIAN_POINT('',(1.96055041385,7.45638115695,2.60366956607));
#8364 = CARTESIAN_POINT('',(1.727199713413,7.485253091794,2.370318865634
    ));
#8365 = CARTESIAN_POINT('',(2.526413862227,5.4,3.541148542033));
#8366 = CARTESIAN_POINT('',(2.526413862227,5.888939689982,3.541148542033
    ));
#8367 = CARTESIAN_POINT('',(2.56627188767,6.388150782152,3.516565270854)
  );
#8368 = CARTESIAN_POINT('',(2.632732383016,7.15080263699,3.476909733624)
  );
#8369 = CARTESIAN_POINT('',(2.516255080112,7.369247115097,3.322746459292
    ));
#8370 = CARTESIAN_POINT('',(2.144167489453,7.425197116594,2.879914846916
    ));
#8371 = CARTESIAN_POINT('',(1.928279894479,7.456415392996,2.635386675666
    ));
#8372 = CARTESIAN_POINT('',(1.69520589893,7.485253091794,2.402312680117)
  );
#8373 = ADVANCED_FACE('',(#8374),#8407,.T.);
#8374 = FACE_BOUND('',#8375,.T.);
#8375 = EDGE_LOOP('',(#8376,#8377,#8395,#8406));
#8376 = ORIENTED_EDGE('',*,*,#8242,.T.);
#8377 = ORIENTED_EDGE('',*,*,#8378,.T.);
#8378 = EDGE_CURVE('',#8232,#8379,#8381,.T.);
#8379 = VERTEX_POINT('',#8380);
#8380 = CARTESIAN_POINT('',(2.776932176584,7.948157316176,2.05248390058)
  );
#8381 = B_SPLINE_CURVE_WITH_KNOTS('',3,(#8382,#8383,#8384,#8385,#8386,
    #8387,#8388,#8389,#8390,#8391,#8392,#8393,#8394),.UNSPECIFIED.,.F.,
  .F.,(4,3,3,3,4),(2.602085213965E-18,5.63696610682E-05,
    2.52037583053E-04,4.272710881447E-04,5.078766722351E-04),
  .UNSPECIFIED.);
#8382 = CARTESIAN_POINT('',(2.745546654709,7.442259446622,2.020533289768
    ));
#8383 = CARTESIAN_POINT('',(2.746697538266,7.460978343533,2.021690104272
    ));
#8384 = CARTESIAN_POINT('',(2.747849937251,7.479696910018,2.022850763832
    ));
#8385 = CARTESIAN_POINT('',(2.749003709304,7.49841517718,2.024014868142)
  );
#8386 = CARTESIAN_POINT('',(2.753008632144,7.563389203459,2.028055655862
    ));
#8387 = CARTESIAN_POINT('',(2.757030030395,7.628359647273,2.032137817558
    ));
#8388 = CARTESIAN_POINT('',(2.761062846884,7.69332764935,2.036247143612)
  );
#8389 = CARTESIAN_POINT('',(2.764674499803,7.751510776444,2.039927315887
    ));
#8390 = CARTESIAN_POINT('',(2.768295315606,7.809691956742,2.043629307564
    ));
#8391 = CARTESIAN_POINT('',(2.771922644368,7.867871782764,2.04734606871)
  );
#8392 = CARTESIAN_POINT('',(2.773591177827,7.89463389691,2.049055740134)
  );
#8393 = CARTESIAN_POINT('',(2.775261096026,7.921395724478,2.050768548318
    ));
#8394 = CARTESIAN_POINT('',(2.776932176584,7.948157316176,2.05248390058)
  );
#8395 = ORIENTED_EDGE('',*,*,#8396,.F.);
#8396 = EDGE_CURVE('',#6734,#8379,#8397,.T.);
#8397 = B_SPLINE_CURVE_WITH_KNOTS('',3,(#8398,#8399,#8400,#8401,#8402,
    #8403,#8404,#8405),.UNSPECIFIED.,.F.,.F.,(4,2,2,4),(0.,
    0.457687736299,0.694874842468,0.878227364095),.UNSPECIFIED.);
#8398 = CARTESIAN_POINT('',(3.948177110083,5.4,2.816806260185));
#8399 = CARTESIAN_POINT('',(3.948177110083,6.195651636896,2.816806260185
    ));
#8400 = CARTESIAN_POINT('',(3.877746757182,6.821080292725,2.835249923004
    ));
#8401 = CARTESIAN_POINT('',(3.739690271061,7.657458044823,2.843543036312
    ));
#8402 = CARTESIAN_POINT('',(3.546845517725,7.880212262388,2.702672774377
    ));
#8403 = CARTESIAN_POINT('',(3.132467796145,7.919639093729,2.363953561976
    ));
#8404 = CARTESIAN_POINT('',(2.952663949693,7.932824547714,2.211577340875
    ));
#8405 = CARTESIAN_POINT('',(2.776932176584,7.948157316176,2.05248390058)
  );
#8406 = ORIENTED_EDGE('',*,*,#6759,.T.);
#8407 = B_SPLINE_SURFACE_WITH_KNOTS('',3,3,(
    (#8408,#8409,#8410,#8411,#8412,#8413,#8414,#8415)
    ,(#8416,#8417,#8418,#8419,#8420,#8421,#8422,#8423)
    ,(#8424,#8425,#8426,#8427,#8428,#8429,#8430,#8431)
    ,(#8432,#8433,#8434,#8435,#8436,#8437,#8438,#8439)
    ,(#8440,#8441,#8442,#8443,#8444,#8445,#8446,#8447)
    ,(#8448,#8449,#8450,#8451,#8452,#8453,#8454,#8455)
    ,(#8456,#8457,#8458,#8459,#8460,#8461,#8462,#8463
  )),.UNSPECIFIED.,.F.,.F.,.F.,(4,1,1,1,4),(4,2,2,4),(0.510231312105,
    0.546500609757,0.58276990741,0.619039205062,0.655308502715),(0.,
    0.457687736299,0.694874842468,1.),.UNSPECIFIED.);
#8408 = CARTESIAN_POINT('',(3.948177110083,5.4,2.816806260185));
#8409 = CARTESIAN_POINT('',(3.948177110083,6.195651636896,2.816806260185
    ));
#8410 = CARTESIAN_POINT('',(3.877746757182,6.821080292725,2.835249923004
    ));
#8411 = CARTESIAN_POINT('',(3.739690271061,7.657458044823,2.843543036312
    ));
#8412 = CARTESIAN_POINT('',(3.546845517725,7.880212262388,2.702672774377
    ));
#8413 = CARTESIAN_POINT('',(3.012479419113,7.93105563776,2.265873075384)
  );
#8414 = CARTESIAN_POINT('',(2.714212619778,7.948572362588,2.007105838592
    ));
#8415 = CARTESIAN_POINT('',(2.433126888475,7.983350440839,1.726020107288
    ));
#8416 = CARTESIAN_POINT('',(3.914258062746,5.4,2.792606893688));
#8417 = CARTESIAN_POINT('',(3.914258062746,6.17005008707,2.792606893688)
  );
#8418 = CARTESIAN_POINT('',(3.847643762611,6.784957601069,2.812830549349
    ));
#8419 = CARTESIAN_POINT('',(3.717783036736,7.615205031464,2.825966625665
    ));
#8420 = CARTESIAN_POINT('',(3.528160720405,7.837607910538,2.687128090737
    ));
#8421 = CARTESIAN_POINT('',(3.001423186392,7.888893308997,2.255721758185
    ));
#8422 = CARTESIAN_POINT('',(2.707637181971,7.907560099521,2.000530400785
    ));
#8423 = CARTESIAN_POINT('',(2.430559037778,7.941842328419,1.723452256592
    ));
#8424 = CARTESIAN_POINT('',(3.846419968071,5.4,2.744208160695));
#8425 = CARTESIAN_POINT('',(3.846419968071,6.11884698742,2.744208160695)
  );
#8426 = CARTESIAN_POINT('',(3.787437773468,6.712712217757,2.767991802039
    ));
#8427 = CARTESIAN_POINT('',(3.673968568084,7.530699004748,2.79081380437)
  );
#8428 = CARTESIAN_POINT('',(3.490791125764,7.752399206838,2.656038723458
    ));
#8429 = CARTESIAN_POINT('',(2.979310720951,7.804568651471,2.235419123788
    ));
#8430 = CARTESIAN_POINT('',(2.694486306357,7.825535573387,1.987379525171
    ));
#8431 = CARTESIAN_POINT('',(2.425423336385,7.858826103578,1.718316555199
    ));
#8432 = CARTESIAN_POINT('',(3.744662826058,5.4,2.671610061206));
#8433 = CARTESIAN_POINT('',(3.744662826058,6.042125368096,2.671610061206
    ));
#8434 = CARTESIAN_POINT('',(3.697137712799,6.604433095299,2.700742604118
    ));
#8435 = CARTESIAN_POINT('',(3.608264281407,7.404002362528,2.738101988728
    ));
#8436 = CARTESIAN_POINT('',(3.434756155169,7.62463319723,2.609424093905)
  );
#8437 = CARTESIAN_POINT('',(2.946160085757,7.678096320019,2.20498323516)
  );
#8438 = CARTESIAN_POINT('',(2.674772990218,7.702497176063,1.967666209031
    ));
#8439 = CARTESIAN_POINT('',(2.417719784296,7.734301766316,1.710613003109
    ));
#8440 = CARTESIAN_POINT('',(3.642905684046,5.4,2.599011961717));
#8441 = CARTESIAN_POINT('',(3.642905684046,5.965469890163,2.599011961717
    ));
#8442 = CARTESIAN_POINT('',(3.606844760181,6.496224831955,2.633500514249
    ));
#8443 = CARTESIAN_POINT('',(3.542573868464,7.277355426118,2.68540404682)
  );
#8444 = CARTESIAN_POINT('',(3.378736655534,7.496904664178,2.562824935312
    ));
#8445 = CARTESIAN_POINT('',(2.913023839431,7.551635662534,2.174561735401
    ));
#8446 = CARTESIAN_POINT('',(2.655070027647,7.579457497716,1.94796324646)
  );
#8447 = CARTESIAN_POINT('',(2.410016232206,7.609777429055,1.70290945102)
  );
#8448 = CARTESIAN_POINT('',(3.575067589371,5.4,2.550613228724));
#8449 = CARTESIAN_POINT('',(3.575067589371,5.914449756709,2.550613228724
    ));
#8450 = CARTESIAN_POINT('',(3.546658433963,6.42417546542,2.588681429863)
  );
#8451 = CARTESIAN_POINT('',(3.49879777857,7.192986900033,2.650289604284)
  );
#8452 = CARTESIAN_POINT('',(3.341409858039,7.411799631458,2.531778365178
    ));
#8453 = CARTESIAN_POINT('',(2.890951177754,7.467343298574,2.154298904769
    ));
#8454 = CARTESIAN_POINT('',(2.641947792993,7.497429427903,1.934841011806
    ));
#8455 = CARTESIAN_POINT('',(2.404880530813,7.526761204214,1.697773749627
    ));
#8456 = CARTESIAN_POINT('',(3.541148542033,5.4,2.526413862227));
#8457 = CARTESIAN_POINT('',(3.541148542033,5.888939689982,2.526413862227
    ));
#8458 = CARTESIAN_POINT('',(3.516565270854,6.388150782152,2.56627188767)
  );
#8459 = CARTESIAN_POINT('',(3.476909733624,7.15080263699,2.632732383016)
  );
#8460 = CARTESIAN_POINT('',(3.322746459292,7.369247115097,2.516255080112
    ));
#8461 = CARTESIAN_POINT('',(2.879914846916,7.425197116594,2.144167489453
    ));
#8462 = CARTESIAN_POINT('',(2.635386675666,7.456415392996,1.928279894479
    ));
#8463 = CARTESIAN_POINT('',(2.402312680117,7.485253091794,1.69520589893)
  );
#8464 = ADVANCED_FACE('',(#8465),#8501,.T.);
#8465 = FACE_BOUND('',#8466,.T.);
#8466 = EDGE_LOOP('',(#8467,#8468,#8477,#8478,#8489,#8500));
#8467 = ORIENTED_EDGE('',*,*,#8396,.T.);
#8468 = ORIENTED_EDGE('',*,*,#8469,.T.);
#8469 = EDGE_CURVE('',#8379,#8173,#8470,.T.);
#8470 = B_SPLINE_CURVE_WITH_KNOTS('',3,(#8471,#8472,#8473,#8474,#8475,
    #8476),.UNSPECIFIED.,.F.,.F.,(4,2,4),(0.,3.782210544668E-04,
    7.564421089336E-04),.UNSPECIFIED.);
#8471 = CARTESIAN_POINT('',(2.776932176584,7.948157316176,2.05248390058)
  );
#8472 = CARTESIAN_POINT('',(2.682322439661,7.956412107924,1.966831839679
    ));
#8473 = CARTESIAN_POINT('',(2.555971556413,7.965201411077,1.920559943267
    ));
#8474 = CARTESIAN_POINT('',(2.30340209951,7.97880968662,1.927113416907)
  );
#8475 = CARTESIAN_POINT('',(2.179115137377,7.983350440839,1.980031858387
    ));
#8476 = CARTESIAN_POINT('',(2.088684153135,7.983350440839,2.070462842628
    ));
#8477 = ORIENTED_EDGE('',*,*,#8170,.F.);
#8478 = ORIENTED_EDGE('',*,*,#8479,.T.);
#8479 = EDGE_CURVE('',#8171,#8480,#8482,.T.);
#8480 = VERTEX_POINT('',#8481);
#8481 = CARTESIAN_POINT('',(2.05248390058,7.948157316176,2.776932176584)
  );
#8482 = B_SPLINE_CURVE_WITH_KNOTS('',3,(#8483,#8484,#8485,#8486,#8487,
    #8488),.UNSPECIFIED.,.F.,.F.,(4,2,4),(0.,3.782207058986E-04,
    7.564414117972E-04),.UNSPECIFIED.);
#8483 = CARTESIAN_POINT('',(2.070462842628,7.983350440839,2.088684153135
    ));
#8484 = CARTESIAN_POINT('',(1.980031870571,7.983350440839,2.179115125193
    ));
#8485 = CARTESIAN_POINT('',(1.927199290757,7.978822808245,2.303097301244
    ));
#8486 = CARTESIAN_POINT('',(1.920490208602,7.965221401036,2.555661658924
    ));
#8487 = CARTESIAN_POINT('',(1.966831719342,7.956412119522,2.682322306739
    ));
#8488 = CARTESIAN_POINT('',(2.05248390058,7.948157316176,2.776932176584)
  );
#8489 = ORIENTED_EDGE('',*,*,#8490,.F.);
#8490 = EDGE_CURVE('',#6916,#8480,#8491,.T.);
#8491 = B_SPLINE_CURVE_WITH_KNOTS('',3,(#8492,#8493,#8494,#8495,#8496,
    #8497,#8498,#8499),.UNSPECIFIED.,.F.,.F.,(4,2,2,4),(0.,
    0.457687736299,0.694874842468,0.878227364095),.UNSPECIFIED.);
#8492 = CARTESIAN_POINT('',(2.816806260185,5.4,3.948177110083));
#8493 = CARTESIAN_POINT('',(2.816806260185,6.195651636896,3.948177110083
    ));
#8494 = CARTESIAN_POINT('',(2.835249923004,6.821080292725,3.877746757182
    ));
#8495 = CARTESIAN_POINT('',(2.843543036312,7.657458044823,3.739690271061
    ));
#8496 = CARTESIAN_POINT('',(2.702672774377,7.880212262388,3.546845517725
    ));
#8497 = CARTESIAN_POINT('',(2.363953561976,7.919639093729,3.132467796145
    ));
#8498 = CARTESIAN_POINT('',(2.211577340875,7.932824547714,2.952663949693
    ));
#8499 = CARTESIAN_POINT('',(2.05248390058,7.948157316176,2.776932176584)
  );
#8500 = ORIENTED_EDGE('',*,*,#6915,.T.);
#8501 = B_SPLINE_SURFACE_WITH_KNOTS('',3,3,(
    (#8502,#8503,#8504,#8505,#8506,#8507,#8508,#8509)
    ,(#8510,#8511,#8512,#8513,#8514,#8515,#8516,#8517)
    ,(#8518,#8519,#8520,#8521,#8522,#8523,#8524,#8525)
    ,(#8526,#8527,#8528,#8529,#8530,#8531,#8532,#8533)
    ,(#8534,#8535,#8536,#8537,#8538,#8539,#8540,#8541)
    ,(#8542,#8543,#8544,#8545,#8546,#8547,#8548,#8549)
    ,(#8550,#8551,#8552,#8553,#8554,#8555,#8556,#8557
  )),.UNSPECIFIED.,.F.,.F.,.F.,(4,1,1,1,4),(4,2,2,4),(0.14507719061,
    0.236365720984,0.327654251357,0.418942781731,0.510231312105),(0.,
    0.457687736299,0.694874842468,1.),.UNSPECIFIED.);
#8502 = CARTESIAN_POINT('',(2.816806260185,5.4,3.948177110083));
#8503 = CARTESIAN_POINT('',(2.816806260185,6.195651636896,3.948177110083
    ));
#8504 = CARTESIAN_POINT('',(2.835249923004,6.821080292725,3.877746757182
    ));
#8505 = CARTESIAN_POINT('',(2.843543036312,7.657458044823,3.739690271061
    ));
#8506 = CARTESIAN_POINT('',(2.702672774377,7.880212262388,3.546845517725
    ));
#8507 = CARTESIAN_POINT('',(2.265873075384,7.93105563776,3.012479419113)
  );
#8508 = CARTESIAN_POINT('',(2.007105838592,7.948572362588,2.714212619778
    ));
#8509 = CARTESIAN_POINT('',(1.726020107288,7.983350440839,2.433126888475
    ));
#8510 = CARTESIAN_POINT('',(2.925845533593,5.4,3.870383612127));
#8511 = CARTESIAN_POINT('',(2.925845533593,6.198889083657,3.870383612127
    ));
#8512 = CARTESIAN_POINT('',(2.934139394211,6.824548659515,3.804253597665
    ));
#8513 = CARTESIAN_POINT('',(2.925476980567,7.659891013218,3.673036754387
    ));
#8514 = CARTESIAN_POINT('',(2.778545716214,7.882046640993,3.482581598106
    ));
#8515 = CARTESIAN_POINT('',(2.330168592124,7.931627047694,2.952501520927
    ));
#8516 = CARTESIAN_POINT('',(2.066538183554,7.948509659905,2.655793834543
    ));
#8517 = CARTESIAN_POINT('',(1.784945672387,7.983350440839,2.374201323376
    ));
#8518 = CARTESIAN_POINT('',(3.137476135271,5.4,3.705757289258));
#8519 = CARTESIAN_POINT('',(3.137476135271,6.205363977181,3.705757289258
    ));
#8520 = CARTESIAN_POINT('',(3.126821094549,6.831485393095,3.650121492382
    ));
#8521 = CARTESIAN_POINT('',(3.086471841255,7.66475695001,3.535702044423)
  );
#8522 = CARTESIAN_POINT('',(2.928208477916,7.885715398202,3.351133445465
    ));
#8523 = CARTESIAN_POINT('',(2.458159313132,7.932769867562,2.831704150905
    ));
#8524 = CARTESIAN_POINT('',(2.185402873478,7.948384254537,2.538956264071
    ));
#8525 = CARTESIAN_POINT('',(1.902796802585,7.983350440839,2.256350193178
    ));
#8526 = CARTESIAN_POINT('',(3.433396671999,5.4,3.433390846508));
#8527 = CARTESIAN_POINT('',(3.433396671999,6.207878507864,3.433390846508
    ));
#8528 = CARTESIAN_POINT('',(3.398053840432,6.834179279776,3.398049235253
    ));
#8529 = CARTESIAN_POINT('',(3.316863215165,7.666646640909,3.316860619485
    ));
#8530 = CARTESIAN_POINT('',(3.144064851976,7.887140163341,3.144062969949
    ));
#8531 = CARTESIAN_POINT('',(2.646575491169,7.933213682678,2.646574948808
    ));
#8532 = CARTESIAN_POINT('',(2.362573185599,7.94833555325,2.362573185599)
  );
#8533 = CARTESIAN_POINT('',(2.079573497882,7.983350440839,2.079573497882
    ));
#8534 = CARTESIAN_POINT('',(3.705755793475,5.4,3.137477438465));
#8535 = CARTESIAN_POINT('',(3.705755793475,6.205363952073,3.137477438465
    ));
#8536 = CARTESIAN_POINT('',(3.650120307235,6.831485366196,3.126822122054
    ));
#8537 = CARTESIAN_POINT('',(3.535701372677,7.664756931141,3.086472416656
    ));
#8538 = CARTESIAN_POINT('',(3.351132956354,7.885715383976,2.928208893063
    ));
#8539 = CARTESIAN_POINT('',(2.831704006183,7.93276986313,2.458159428999)
  );
#8540 = CARTESIAN_POINT('',(2.538956260141,7.948384255023,2.185402869547
    ));
#8541 = CARTESIAN_POINT('',(2.256350193178,7.983350440839,1.902796802585
    ));
#8542 = CARTESIAN_POINT('',(3.870383612127,5.4,2.925845533593));
#8543 = CARTESIAN_POINT('',(3.870383612127,6.198889075288,2.925845533593
    ));
#8544 = CARTESIAN_POINT('',(3.804253596765,6.824548650549,2.934139393311
    ));
#8545 = CARTESIAN_POINT('',(3.673036752631,7.659891006929,2.925476978812
    ));
#8546 = CARTESIAN_POINT('',(3.482581596149,7.882046636251,2.778545714257
    ));
#8547 = CARTESIAN_POINT('',(2.952501519106,7.931627046217,2.330168590304
    ));
#8548 = CARTESIAN_POINT('',(2.655793833232,7.948509660067,2.066538182244
    ));
#8549 = CARTESIAN_POINT('',(2.374201323376,7.983350440839,1.784945672387
    ));
#8550 = CARTESIAN_POINT('',(3.948177110083,5.4,2.816806260185));
#8551 = CARTESIAN_POINT('',(3.948177110083,6.195651636896,2.816806260185
    ));
#8552 = CARTESIAN_POINT('',(3.877746757182,6.821080292725,2.835249923004
    ));
#8553 = CARTESIAN_POINT('',(3.739690271061,7.657458044823,2.843543036312
    ));
#8554 = CARTESIAN_POINT('',(3.546845517725,7.880212262388,2.702672774377
    ));
#8555 = CARTESIAN_POINT('',(3.012479419113,7.93105563776,2.265873075384)
  );
#8556 = CARTESIAN_POINT('',(2.714212619778,7.948572362588,2.007105838592
    ));
#8557 = CARTESIAN_POINT('',(2.433126888475,7.983350440839,1.726020107288
    ));
#8558 = ADVANCED_FACE('',(#8559),#8577,.T.);
#8559 = FACE_BOUND('',#8560,.T.);
#8560 = EDGE_LOOP('',(#8561,#8562,#8575,#8576));
#8561 = ORIENTED_EDGE('',*,*,#8490,.T.);
#8562 = ORIENTED_EDGE('',*,*,#8563,.T.);
#8563 = EDGE_CURVE('',#8480,#8256,#8564,.T.);
#8564 = B_SPLINE_CURVE_WITH_KNOTS('',3,(#8565,#8566,#8567,#8568,#8569,
    #8570,#8571,#8572,#8573,#8574),.UNSPECIFIED.,.F.,.F.,(4,3,3,4),(
    1.39318924489E-17,2.558390646418E-04,4.52360149868E-04,
    5.078766103619E-04),.UNSPECIFIED.);
#8565 = CARTESIAN_POINT('',(2.05248390058,7.948157316176,2.776932176584)
  );
#8566 = CARTESIAN_POINT('',(2.047039437359,7.863217036017,2.771628230078
    ));
#8567 = CARTESIAN_POINT('',(2.041620156699,7.77827440727,2.766335822427)
  );
#8568 = CARTESIAN_POINT('',(2.036247143612,7.69332764935,2.761062846884)
  );
#8569 = CARTESIAN_POINT('',(2.032119899215,7.628076360189,2.757012445665
    ));
#8570 = CARTESIAN_POINT('',(2.028020054984,7.562822607991,2.752973561735
    ));
#8571 = CARTESIAN_POINT('',(2.023962012038,7.497565236761,2.74895132093)
  );
#8572 = CARTESIAN_POINT('',(2.022815630122,7.479130274072,2.747815052984
    ));
#8573 = CARTESIAN_POINT('',(2.021672595116,7.460695020603,2.746680118879
    ));
#8574 = CARTESIAN_POINT('',(2.020533289768,7.442259446622,2.745546654709
    ));
#8575 = ORIENTED_EDGE('',*,*,#8255,.F.);
#8576 = ORIENTED_EDGE('',*,*,#8088,.T.);
#8577 = B_SPLINE_SURFACE_WITH_KNOTS('',3,3,(
    (#8578,#8579,#8580,#8581,#8582,#8583,#8584,#8585)
    ,(#8586,#8587,#8588,#8589,#8590,#8591,#8592,#8593)
    ,(#8594,#8595,#8596,#8597,#8598,#8599,#8600,#8601)
    ,(#8602,#8603,#8604,#8605,#8606,#8607,#8608,#8609)
    ,(#8610,#8611,#8612,#8613,#8614,#8615,#8616,#8617)
    ,(#8618,#8619,#8620,#8621,#8622,#8623,#8624,#8625)
    ,(#8626,#8627,#8628,#8629,#8630,#8631,#8632,#8633
  )),.UNSPECIFIED.,.F.,.F.,.F.,(4,1,1,1,4),(4,2,2,4),(0.,
    3.626929765255E-02,7.25385953051E-02,0.108807892958,0.14507719061),(
    0.,0.457687736299,0.694874842468,1.),.UNSPECIFIED.);
#8578 = CARTESIAN_POINT('',(2.526413862227,5.4,3.541148542033));
#8579 = CARTESIAN_POINT('',(2.526413862227,5.888939689982,3.541148542033
    ));
#8580 = CARTESIAN_POINT('',(2.56627188767,6.388150782152,3.516565270854)
  );
#8581 = CARTESIAN_POINT('',(2.632732383016,7.15080263699,3.476909733624)
  );
#8582 = CARTESIAN_POINT('',(2.516255080112,7.369247115097,3.322746459292
    ));
#8583 = CARTESIAN_POINT('',(2.144167489453,7.425197116594,2.879914846916
    ));
#8584 = CARTESIAN_POINT('',(1.928279894479,7.456415392996,2.635386675666
    ));
#8585 = CARTESIAN_POINT('',(1.69520589893,7.485253091794,2.402312680117)
  );
#8586 = CARTESIAN_POINT('',(2.550613228724,5.4,3.575067589371));
#8587 = CARTESIAN_POINT('',(2.550613228724,5.914449756709,3.575067589371
    ));
#8588 = CARTESIAN_POINT('',(2.588681429863,6.42417546542,3.546658433963)
  );
#8589 = CARTESIAN_POINT('',(2.650289604284,7.192986900033,3.49879777857)
  );
#8590 = CARTESIAN_POINT('',(2.531778365178,7.411799631458,3.341409858039
    ));
#8591 = CARTESIAN_POINT('',(2.154298904769,7.467343298574,2.890951177754
    ));
#8592 = CARTESIAN_POINT('',(1.934841011806,7.497429427903,2.641947792993
    ));
#8593 = CARTESIAN_POINT('',(1.697773749627,7.526761204214,2.404880530813
    ));
#8594 = CARTESIAN_POINT('',(2.599011961717,5.4,3.642905684046));
#8595 = CARTESIAN_POINT('',(2.599011961717,5.965469890163,3.642905684046
    ));
#8596 = CARTESIAN_POINT('',(2.633500514249,6.496224831955,3.606844760181
    ));
#8597 = CARTESIAN_POINT('',(2.68540404682,7.277355426118,3.542573868464)
  );
#8598 = CARTESIAN_POINT('',(2.562824935312,7.496904664178,3.378736655534
    ));
#8599 = CARTESIAN_POINT('',(2.174561735401,7.551635662534,2.913023839431
    ));
#8600 = CARTESIAN_POINT('',(1.94796324646,7.579457497716,2.655070027647)
  );
#8601 = CARTESIAN_POINT('',(1.70290945102,7.609777429055,2.410016232206)
  );
#8602 = CARTESIAN_POINT('',(2.671610061206,5.4,3.744662826058));
#8603 = CARTESIAN_POINT('',(2.671610061206,6.042125368096,3.744662826058
    ));
#8604 = CARTESIAN_POINT('',(2.700742604118,6.604433095299,3.697137712799
    ));
#8605 = CARTESIAN_POINT('',(2.738101988728,7.404002362528,3.608264281407
    ));
#8606 = CARTESIAN_POINT('',(2.609424093905,7.62463319723,3.434756155169)
  );
#8607 = CARTESIAN_POINT('',(2.204983235161,7.678096320019,2.946160085757
    ));
#8608 = CARTESIAN_POINT('',(1.967666209031,7.702497176063,2.674772990218
    ));
#8609 = CARTESIAN_POINT('',(1.710613003109,7.734301766316,2.417719784296
    ));
#8610 = CARTESIAN_POINT('',(2.744208160695,5.4,3.846419968071));
#8611 = CARTESIAN_POINT('',(2.744208160695,6.11884698742,3.846419968071)
  );
#8612 = CARTESIAN_POINT('',(2.767991802039,6.712712217757,3.787437773468
    ));
#8613 = CARTESIAN_POINT('',(2.79081380437,7.530699004748,3.673968568084)
  );
#8614 = CARTESIAN_POINT('',(2.656038723458,7.752399206838,3.490791125764
    ));
#8615 = CARTESIAN_POINT('',(2.235419123788,7.804568651471,2.979310720951
    ));
#8616 = CARTESIAN_POINT('',(1.987379525171,7.825535573387,2.694486306357
    ));
#8617 = CARTESIAN_POINT('',(1.718316555199,7.858826103578,2.425423336385
    ));
#8618 = CARTESIAN_POINT('',(2.792606893688,5.4,3.914258062746));
#8619 = CARTESIAN_POINT('',(2.792606893688,6.17005008707,3.914258062746)
  );
#8620 = CARTESIAN_POINT('',(2.812830549349,6.784957601069,3.847643762611
    ));
#8621 = CARTESIAN_POINT('',(2.825966625665,7.615205031464,3.717783036736
    ));
#8622 = CARTESIAN_POINT('',(2.687128090737,7.837607910538,3.528160720405
    ));
#8623 = CARTESIAN_POINT('',(2.255721758185,7.888893308997,3.001423186392
    ));
#8624 = CARTESIAN_POINT('',(2.000530400785,7.907560099521,2.707637181971
    ));
#8625 = CARTESIAN_POINT('',(1.723452256592,7.941842328419,2.430559037778
    ));
#8626 = CARTESIAN_POINT('',(2.816806260185,5.4,3.948177110083));
#8627 = CARTESIAN_POINT('',(2.816806260185,6.195651636896,3.948177110083
    ));
#8628 = CARTESIAN_POINT('',(2.835249923004,6.821080292725,3.877746757182
    ));
#8629 = CARTESIAN_POINT('',(2.843543036312,7.657458044823,3.739690271061
    ));
#8630 = CARTESIAN_POINT('',(2.702672774377,7.880212262388,3.546845517725
    ));
#8631 = CARTESIAN_POINT('',(2.265873075384,7.93105563776,3.012479419113)
  );
#8632 = CARTESIAN_POINT('',(2.007105838592,7.948572362588,2.714212619778
    ));
#8633 = CARTESIAN_POINT('',(1.726020107288,7.983350440839,2.433126888475
    ));
#8634 = ADVANCED_FACE('',(#8635),#8641,.T.);
#8635 = FACE_BOUND('',#8636,.T.);
#8636 = EDGE_LOOP('',(#8637,#8638,#8639,#8640));
#8637 = ORIENTED_EDGE('',*,*,#8469,.F.);
#8638 = ORIENTED_EDGE('',*,*,#8378,.F.);
#8639 = ORIENTED_EDGE('',*,*,#8231,.F.);
#8640 = ORIENTED_EDGE('',*,*,#8180,.F.);
#8641 = ( BOUNDED_SURFACE() B_SPLINE_SURFACE(3,2,(
    (#8642,#8643,#8644)
    ,(#8645,#8646,#8647)
    ,(#8648,#8649,#8650)
    ,(#8651,#8652,#8653
)),.UNSPECIFIED.,.F.,.F.,.F.) B_SPLINE_SURFACE_WITH_KNOTS((4,4),(3,3),(
    2.005041727192E-03,2.518478977111E-03),(0.,1.),
.PIECEWISE_BEZIER_KNOTS.) GEOMETRIC_REPRESENTATION_ITEM() 
RATIONAL_B_SPLINE_SURFACE((
    (1.,0.724415910659,1.)
    ,(1.,0.724647937581,1.)
    ,(1.,0.72481766134,1.)
,(1.,0.72478033137,1.))) REPRESENTATION_ITEM('') SURFACE() );
#8642 = CARTESIAN_POINT('',(2.777121604478,7.951190836842,2.052678352752
    ));
#8643 = CARTESIAN_POINT('',(2.425692890081,7.992579385633,1.734595981375
    ));
#8644 = CARTESIAN_POINT('',(2.089210235245,7.991979231866,2.071004380593
    ));
#8645 = CARTESIAN_POINT('',(2.766471169514,7.780638031811,2.041745106875
    ));
#8646 = CARTESIAN_POINT('',(2.415068119078,7.822055350295,1.724122213448
    ));
#8647 = CARTESIAN_POINT('',(2.078816031275,7.821484890372,2.060303719582
    ));
#8648 = CARTESIAN_POINT('',(2.755859451122,7.610019575201,2.030896949308
    ));
#8649 = CARTESIAN_POINT('',(2.404469321401,7.651358915655,1.713601141634
    ));
#8650 = CARTESIAN_POINT('',(2.068395539254,7.650990455348,2.049629335051
    ));
#8651 = CARTESIAN_POINT('',(2.745359891203,7.43922155481,2.020345584256)
  );
#8652 = CARTESIAN_POINT('',(2.39396738252,7.480589103167,1.702974132154)
  );
#8653 = CARTESIAN_POINT('',(2.057871901519,7.480495970919,2.03905809012)
  );
#8654 = ADVANCED_FACE('',(#8655),#8661,.T.);
#8655 = FACE_BOUND('',#8656,.T.);
#8656 = EDGE_LOOP('',(#8657,#8658,#8659,#8660));
#8657 = ORIENTED_EDGE('',*,*,#8268,.F.);
#8658 = ORIENTED_EDGE('',*,*,#8563,.F.);
#8659 = ORIENTED_EDGE('',*,*,#8479,.F.);
#8660 = ORIENTED_EDGE('',*,*,#8206,.F.);
#8661 = ( BOUNDED_SURFACE() B_SPLINE_SURFACE(3,2,(
    (#8662,#8663,#8664)
    ,(#8665,#8666,#8667)
    ,(#8668,#8669,#8670)
    ,(#8671,#8672,#8673
)),.UNSPECIFIED.,.F.,.F.,.F.) B_SPLINE_SURFACE_WITH_KNOTS((4,4),(3,3),(
    2.005041727241E-03,2.518478977248E-03),(0.,1.),
.PIECEWISE_BEZIER_KNOTS.) GEOMETRIC_REPRESENTATION_ITEM() 
RATIONAL_B_SPLINE_SURFACE((
    (1.,0.724415910659,1.)
    ,(1.,0.724647937581,1.)
    ,(1.,0.72481766134,1.)
,(1.,0.72478033137,1.))) REPRESENTATION_ITEM('') SURFACE() );
#8662 = CARTESIAN_POINT('',(2.071004380593,7.991979231866,2.089210235245
    ));
#8663 = CARTESIAN_POINT('',(1.734595981375,7.992579385633,2.425692890081
    ));
#8664 = CARTESIAN_POINT('',(2.052678352752,7.951190836842,2.777121604478
    ));
#8665 = CARTESIAN_POINT('',(2.06030371958,7.821484890325,2.078816031272)
  );
#8666 = CARTESIAN_POINT('',(1.724122213445,7.822055350248,2.415068119075
    ));
#8667 = CARTESIAN_POINT('',(2.041745106872,7.780638031763,2.766471169511
    ));
#8668 = CARTESIAN_POINT('',(2.049629335052,7.650990455358,2.068395539254
    ));
#8669 = CARTESIAN_POINT('',(1.713601141635,7.651358915666,2.404469321402
    ));
#8670 = CARTESIAN_POINT('',(2.030896949309,7.610019575212,2.755859451123
    ));
#8671 = CARTESIAN_POINT('',(2.03905809012,7.480495970918,2.057871901519)
  );
#8672 = CARTESIAN_POINT('',(1.702974132154,7.480589103167,2.39396738252)
  );
#8673 = CARTESIAN_POINT('',(2.020345584256,7.43922155481,2.745359891203)
  );
#8674 = ADVANCED_FACE('',(#8675),#8681,.F.);
#8675 = FACE_BOUND('',#8676,.F.);
#8676 = EDGE_LOOP('',(#8677,#8678,#8679,#8680));
#8677 = ORIENTED_EDGE('',*,*,#6742,.T.);
#8678 = ORIENTED_EDGE('',*,*,#7167,.T.);
#8679 = ORIENTED_EDGE('',*,*,#8103,.T.);
#8680 = ORIENTED_EDGE('',*,*,#6905,.T.);
#8681 = CYLINDRICAL_SURFACE('',#8682,0.5);
#8682 = AXIS2_PLACEMENT_3D('',#8683,#8684,#8685);
#8683 = CARTESIAN_POINT('',(4.184283636257,5.9,2.502852462961));
#8684 = DIRECTION('',(0.906307787037,0.,0.422618261741));
#8685 = DIRECTION('',(0.422618261741,0.,-0.906307787037));
#8686 = ADVANCED_FACE('',(#8687),#8693,.F.);
#8687 = FACE_BOUND('',#8688,.F.);
#8688 = EDGE_LOOP('',(#8689,#8690,#8691,#8692));
#8689 = ORIENTED_EDGE('',*,*,#8125,.T.);
#8690 = ORIENTED_EDGE('',*,*,#7101,.T.);
#8691 = ORIENTED_EDGE('',*,*,#8081,.T.);
#8692 = ORIENTED_EDGE('',*,*,#6933,.T.);
#8693 = CYLINDRICAL_SURFACE('',#8694,0.5);
#8694 = AXIS2_PLACEMENT_3D('',#8695,#8696,#8697);
#8695 = CARTESIAN_POINT('',(0.453153893518,5.9,-0.21130913087));
#8696 = DIRECTION('',(-0.422618261741,0.,-0.906307787037));
#8697 = DIRECTION('',(-0.906307787037,0.,0.422618261741));
#8698 = ADVANCED_FACE('',(#8699),#8715,.T.);
#8699 = FACE_BOUND('',#8700,.T.);
#8700 = EDGE_LOOP('',(#8701,#8702,#8708,#8709));
#8701 = ORIENTED_EDGE('',*,*,#6794,.F.);
#8702 = ORIENTED_EDGE('',*,*,#8703,.T.);
#8703 = EDGE_CURVE('',#6784,#7052,#8704,.T.);
#8704 = LINE('',#8705,#8706);
#8705 = CARTESIAN_POINT('',(5.297989930113,12.5,4.758550483122));
#8706 = VECTOR('',#8707,1.);
#8707 = DIRECTION('',(-0.793353340291,0.,-0.608761429009));
#8708 = ORIENTED_EDGE('',*,*,#7062,.T.);
#8709 = ORIENTED_EDGE('',*,*,#8710,.T.);
#8710 = EDGE_CURVE('',#6976,#6795,#8711,.T.);
#8711 = LINE('',#8712,#8713);
#8712 = CARTESIAN_POINT('',(3.388837267852,12.5,3.512944914458));
#8713 = VECTOR('',#8714,1.);
#8714 = DIRECTION('',(0.608761429009,-0.,0.793353340291));
#8715 = PLANE('',#8716);
#8716 = AXIS2_PLACEMENT_3D('',#8717,#8718,#8719);
#8717 = CARTESIAN_POINT('',(5.632808716068,12.5,4.322206145962));
#8718 = DIRECTION('',(0.,1.,0.));
#8719 = DIRECTION('',(0.,0.,-1.));
#8720 = ADVANCED_FACE('',(#8721),#8736,.F.);
#8721 = FACE_BOUND('',#8722,.T.);
#8722 = EDGE_LOOP('',(#8723,#8724,#8730,#8731,#8732,#8733,#8734,#8735));
#8723 = ORIENTED_EDGE('',*,*,#7043,.F.);
#8724 = ORIENTED_EDGE('',*,*,#8725,.T.);
#8725 = EDGE_CURVE('',#7044,#6774,#8726,.T.);
#8726 = LINE('',#8727,#8728);
#8727 = CARTESIAN_POINT('',(8.721927522919E-16,13.05,-1.136663724795E-15
    ));
#8728 = VECTOR('',#8729,1.);
#8729 = DIRECTION('',(0.793353340291,2.465190328816E-32,0.608761429009)
  );
#8730 = ORIENTED_EDGE('',*,*,#6773,.T.);
#8731 = ORIENTED_EDGE('',*,*,#7683,.F.);
#8732 = ORIENTED_EDGE('',*,*,#7367,.T.);
#8733 = ORIENTED_EDGE('',*,*,#7337,.F.);
#8734 = ORIENTED_EDGE('',*,*,#7314,.F.);
#8735 = ORIENTED_EDGE('',*,*,#7699,.T.);
#8736 = PLANE('',#8737);
#8737 = AXIS2_PLACEMENT_3D('',#8738,#8739,#8740);
#8738 = CARTESIAN_POINT('',(-2.376073669884E-15,1.595904051289E-30,
    3.096559494333E-15));
#8739 = DIRECTION('',(0.608761429009,-4.088782444489E-16,-0.793353340291
    ));
#8740 = DIRECTION('',(-0.793353340291,0.,-0.608761429009));
#8741 = ADVANCED_FACE('',(#8742),#8757,.T.);
#8742 = FACE_BOUND('',#8743,.T.);
#8743 = EDGE_LOOP('',(#8744,#8745,#8751,#8752,#8753,#8754,#8755,#8756));
#8744 = ORIENTED_EDGE('',*,*,#6814,.F.);
#8745 = ORIENTED_EDGE('',*,*,#8746,.T.);
#8746 = EDGE_CURVE('',#6804,#6974,#8747,.T.);
#8747 = LINE('',#8748,#8749);
#8748 = CARTESIAN_POINT('',(2.648112216188,13.05,3.451087030267));
#8749 = VECTOR('',#8750,1.);
#8750 = DIRECTION('',(-0.608761429009,0.,-0.793353340291));
#8751 = ORIENTED_EDGE('',*,*,#6986,.T.);
#8752 = ORIENTED_EDGE('',*,*,#6706,.F.);
#8753 = ORIENTED_EDGE('',*,*,#6615,.T.);
#8754 = ORIENTED_EDGE('',*,*,#6639,.T.);
#8755 = ORIENTED_EDGE('',*,*,#6664,.F.);
#8756 = ORIENTED_EDGE('',*,*,#6690,.T.);
#8757 = PLANE('',#8758);
#8758 = AXIS2_PLACEMENT_3D('',#8759,#8760,#8761);
#8759 = CARTESIAN_POINT('',(-3.096559494333E-15,1.595904051289E-30,
    2.376073669884E-15));
#8760 = DIRECTION('',(0.793353340291,-4.088782444489E-16,-0.608761429009
    ));
#8761 = DIRECTION('',(-0.608761429009,-2.465190328816E-32,
    -0.793353340291));
#8762 = ADVANCED_FACE('',(#8763),#8769,.F.);
#8763 = FACE_BOUND('',#8764,.F.);
#8764 = EDGE_LOOP('',(#8765,#8766,#8767,#8768));
#8765 = ORIENTED_EDGE('',*,*,#8703,.T.);
#8766 = ORIENTED_EDGE('',*,*,#7051,.T.);
#8767 = ORIENTED_EDGE('',*,*,#8725,.T.);
#8768 = ORIENTED_EDGE('',*,*,#6783,.T.);
#8769 = CYLINDRICAL_SURFACE('',#8770,0.55);
#8770 = AXIS2_PLACEMENT_3D('',#8771,#8772,#8773);
#8771 = CARTESIAN_POINT('',(5.297989930113,13.05,4.758550483122));
#8772 = DIRECTION('',(-0.793353340291,0.,-0.608761429009));
#8773 = DIRECTION('',(-0.608761429009,0.,0.793353340291));
#8774 = ADVANCED_FACE('',(#8775),#8781,.F.);
#8775 = FACE_BOUND('',#8776,.F.);
#8776 = EDGE_LOOP('',(#8777,#8778,#8779,#8780));
#8777 = ORIENTED_EDGE('',*,*,#8746,.T.);
#8778 = ORIENTED_EDGE('',*,*,#6973,.T.);
#8779 = ORIENTED_EDGE('',*,*,#8710,.T.);
#8780 = ORIENTED_EDGE('',*,*,#6803,.T.);
#8781 = CYLINDRICAL_SURFACE('',#8782,0.55);
#8782 = AXIS2_PLACEMENT_3D('',#8783,#8784,#8785);
#8783 = CARTESIAN_POINT('',(0.43634433716,13.05,-0.334818785955));
#8784 = DIRECTION('',(0.608761429009,0.,0.793353340291));
#8785 = DIRECTION('',(0.793353340291,0.,-0.608761429009));
#8786 = ADVANCED_FACE('',(#8787),#8793,.F.);
#8787 = FACE_BOUND('',#8788,.T.);
#8788 = EDGE_LOOP('',(#8789,#8790,#8791,#8792));
#8789 = ORIENTED_EDGE('',*,*,#6565,.F.);
#8790 = ORIENTED_EDGE('',*,*,#7267,.F.);
#8791 = ORIENTED_EDGE('',*,*,#7328,.F.);
#8792 = ORIENTED_EDGE('',*,*,#7360,.F.);
#8793 = PLANE('',#8794);
#8794 = AXIS2_PLACEMENT_3D('',#8795,#8796,#8797);
#8795 = CARTESIAN_POINT('',(-5.952977513303E-30,2.670628428495E-60,
    -1.59509551725E-30));
#8796 = DIRECTION('',(0.965925826289,-4.333342374871E-31,0.258819045103)
  );
#8797 = DIRECTION('',(0.258819045103,0.,-0.965925826289));
#8798 = ADVANCED_FACE('',(#8799),#8805,.T.);
#8799 = FACE_BOUND('',#8800,.T.);
#8800 = EDGE_LOOP('',(#8801,#8802,#8803,#8804));
#8801 = ORIENTED_EDGE('',*,*,#6582,.F.);
#8802 = ORIENTED_EDGE('',*,*,#7400,.T.);
#8803 = ORIENTED_EDGE('',*,*,#6502,.T.);
#8804 = ORIENTED_EDGE('',*,*,#7274,.F.);
#8805 = PLANE('',#8806);
#8806 = AXIS2_PLACEMENT_3D('',#8807,#8808,#8809);
#8807 = CARTESIAN_POINT('',(1.783576901024,12.107022393701,
    -4.724547961248));
#8808 = DIRECTION('',(-0.935554051732,0.,-0.353183544757));
#8809 = DIRECTION('',(-0.353183544757,0.,0.935554051732));
#8810 = ADVANCED_FACE('',(#8811),#8822,.T.);
#8811 = FACE_BOUND('',#8812,.T.);
#8812 = EDGE_LOOP('',(#8813,#8819,#8820,#8821));
#8813 = ORIENTED_EDGE('',*,*,#8814,.F.);
#8814 = EDGE_CURVE('',#6318,#7281,#8815,.T.);
#8815 = LINE('',#8816,#8817);
#8816 = CARTESIAN_POINT('',(2.774549648938,12.107022393701,-3.9779862048
    ));
#8817 = VECTOR('',#8818,1.);
#8818 = DIRECTION('',(0.,1.,0.));
#8819 = ORIENTED_EDGE('',*,*,#7393,.T.);
#8820 = ORIENTED_EDGE('',*,*,#7790,.T.);
#8821 = ORIENTED_EDGE('',*,*,#7288,.F.);
#8822 = PLANE('',#8823);
#8823 = AXIS2_PLACEMENT_3D('',#8824,#8825,#8826);
#8824 = CARTESIAN_POINT('',(2.774549648938,12.107022393701,-3.9779862048
    ));
#8825 = DIRECTION('',(0.820203341196,0.,0.572072092564));
#8826 = DIRECTION('',(0.572072092564,0.,-0.820203341196));
#8827 = ADVANCED_FACE('',(#8828),#8873,.F.);
#8828 = FACE_BOUND('',#8829,.T.);
#8829 = EDGE_LOOP('',(#8830,#8831,#8849,#8857));
#8830 = ORIENTED_EDGE('',*,*,#6347,.T.);
#8831 = ORIENTED_EDGE('',*,*,#8832,.T.);
#8832 = EDGE_CURVE('',#6337,#8833,#8835,.T.);
#8833 = VERTEX_POINT('',#8834);
#8834 = CARTESIAN_POINT('',(1.991109924059,12.3,-3.656112748895));
#8835 = B_SPLINE_CURVE_WITH_KNOTS('',3,(#8836,#8837,#8838,#8839,#8840,
    #8841,#8842,#8843,#8844,#8845,#8846,#8847,#8848),.UNSPECIFIED.,.F.,
  .F.,(4,3,3,3,4),(0.,9.511696956949E-05,2.492389139996E-04,
    3.969905280925E-04,5.005770250392E-04),.UNSPECIFIED.);
#8836 = CARTESIAN_POINT('',(2.245085545814,12.3,-4.087451312395));
#8837 = CARTESIAN_POINT('',(2.228499401103,12.3,-4.060430053002));
#8838 = CARTESIAN_POINT('',(2.212036125481,12.3,-4.033333082041));
#8839 = CARTESIAN_POINT('',(2.195681063083,12.3,-4.006171333395));
#8840 = CARTESIAN_POINT('',(2.16918050711,12.3,-3.96216040743));
#8841 = CARTESIAN_POINT('',(2.142965900128,12.3,-3.917976706891));
#8842 = CARTESIAN_POINT('',(2.116955087778,12.3,-3.873674577009));
#8843 = CARTESIAN_POINT('',(2.092019244761,12.3,-3.831203356152));
#8844 = CARTESIAN_POINT('',(2.067269237205,12.3,-3.788622713121));
#8845 = CARTESIAN_POINT('',(2.042663083383,12.3,-3.745959637023));
#8846 = CARTESIAN_POINT('',(2.025411993122,12.3,-3.7160490471));
#8847 = CARTESIAN_POINT('',(2.00823195969,12.3,-3.686097401646));
#8848 = CARTESIAN_POINT('',(1.991109924059,12.3,-3.656112748895));
#8849 = ORIENTED_EDGE('',*,*,#8850,.T.);
#8850 = EDGE_CURVE('',#8833,#8851,#8853,.T.);
#8851 = VERTEX_POINT('',#8852);
#8852 = CARTESIAN_POINT('',(1.890308058674,12.3,-3.709233695203));
#8853 = LINE('',#8854,#8855);
#8854 = CARTESIAN_POINT('',(1.71954035452,12.3,-3.799225502487));
#8855 = VECTOR('',#8856,1.);
#8856 = DIRECTION('',(-0.884674547388,0.,-0.466209121751));
#8857 = ORIENTED_EDGE('',*,*,#8858,.T.);
#8858 = EDGE_CURVE('',#8851,#6348,#8859,.T.);
#8859 = B_SPLINE_CURVE_WITH_KNOTS('',3,(#8860,#8861,#8862,#8863,#8864,
    #8865,#8866,#8867,#8868,#8869,#8870,#8871,#8872),.UNSPECIFIED.,.F.,
  .F.,(4,3,3,3,4),(0.,1.03586637857E-04,2.513384529387E-04,
    3.997076832827E-04,5.005776701857E-04),.UNSPECIFIED.);
#8860 = CARTESIAN_POINT('',(1.890308058674,12.3,-3.709233695203));
#8861 = CARTESIAN_POINT('',(1.905362945185,12.3,-3.740307701975));
#8862 = CARTESIAN_POINT('',(1.920357818368,12.3,-3.771410891399));
#8863 = CARTESIAN_POINT('',(1.935278657099,12.3,-3.802549486041));
#8864 = CARTESIAN_POINT('',(1.956561048382,12.3,-3.846964131029));
#8865 = CARTESIAN_POINT('',(1.977694121482,12.3,-3.891450839789));
#8866 = CARTESIAN_POINT('',(1.998631881253,12.3,-3.936028985599));
#8867 = CARTESIAN_POINT('',(2.019657042327,12.3,-3.980793215695));
#8868 = CARTESIAN_POINT('',(2.04048504973,12.3,-4.025651066927));
#8869 = CARTESIAN_POINT('',(2.061034011838,12.3,-4.070635884927));
#8870 = CARTESIAN_POINT('',(2.075004469452,12.3,-4.101219351375));
#8871 = CARTESIAN_POINT('',(2.088847188349,12.3,-4.131861596646));
#8872 = CARTESIAN_POINT('',(2.10254155867,12.3,-4.162569679091));
#8873 = PLANE('',#8874);
#8874 = AXIS2_PLACEMENT_3D('',#8875,#8876,#8877);
#8875 = CARTESIAN_POINT('',(0.,12.3,0.));
#8876 = DIRECTION('',(0.,1.,0.));
#8877 = DIRECTION('',(0.,0.,-1.));
#8878 = ADVANCED_FACE('',(#8879),#8913,.T.);
#8879 = FACE_BOUND('',#8880,.T.);
#8880 = EDGE_LOOP('',(#8881,#8882,#8893,#8902,#8903,#8904));
#8881 = ORIENTED_EDGE('',*,*,#8850,.F.);
#8882 = ORIENTED_EDGE('',*,*,#8883,.T.);
#8883 = EDGE_CURVE('',#8833,#8884,#8886,.T.);
#8884 = VERTEX_POINT('',#8885);
#8885 = CARTESIAN_POINT('',(2.18147062295,12.486918977439,
    -3.501574173773));
#8886 = B_SPLINE_CURVE_WITH_KNOTS('',3,(#8887,#8888,#8889,#8890,#8891,
    #8892),.UNSPECIFIED.,.F.,.F.,(4,2,4),(0.,1.654442699549E-04,
    3.308885399099E-04),.UNSPECIFIED.);
#8887 = CARTESIAN_POINT('',(1.991109924059,12.3,-3.656112748895));
#8888 = CARTESIAN_POINT('',(2.040599461577,12.3,-3.630032566199));
#8889 = CARTESIAN_POINT('',(2.086618587296,12.318939685003,
    -3.600849253469));
#8890 = CARTESIAN_POINT('',(2.155047089772,12.387124638315,
    -3.544759357405));
#8891 = CARTESIAN_POINT('',(2.17579908363,12.434235133056,
    -3.519383390433));
#8892 = CARTESIAN_POINT('',(2.18147062295,12.486918977439,
    -3.501574173773));
#8893 = ORIENTED_EDGE('',*,*,#8894,.F.);
#8894 = EDGE_CURVE('',#7281,#8884,#8895,.T.);
#8895 = B_SPLINE_CURVE_WITH_KNOTS('',3,(#8896,#8897,#8898,#8899,#8900,
    #8901),.UNSPECIFIED.,.F.,.F.,(4,2,4),(0.,0.163863393893,
    0.909417555034),.UNSPECIFIED.);
#8896 = CARTESIAN_POINT('',(2.774549648938,14.,-3.9779862048));
#8897 = CARTESIAN_POINT('',(2.675447479651,14.,-3.789930753569));
#8898 = CARTESIAN_POINT('',(2.582253648224,13.965145364694,
    -3.623166001586));
#8899 = CARTESIAN_POINT('',(2.308236623304,13.497937799383,
    -3.205902351946));
#8900 = CARTESIAN_POINT('',(2.236567437338,12.998722181319,-3.3285645111
    ));
#8901 = CARTESIAN_POINT('',(2.18147062295,12.486918977439,
    -3.501574173773));
#8902 = ORIENTED_EDGE('',*,*,#7280,.F.);
#8903 = ORIENTED_EDGE('',*,*,#6491,.T.);
#8904 = ORIENTED_EDGE('',*,*,#8905,.T.);
#8905 = EDGE_CURVE('',#6468,#8851,#8906,.T.);
#8906 = B_SPLINE_CURVE_WITH_KNOTS('',3,(#8907,#8908,#8909,#8910,#8911,
    #8912),.UNSPECIFIED.,.F.,.F.,(4,2,4),(0.,1.653942834046E-04,
    3.307885668091E-04),.UNSPECIFIED.);
#8907 = CARTESIAN_POINT('',(1.65522070212,12.486918977439,
    -3.778899337176));
#8908 = CARTESIAN_POINT('',(1.673118534881,12.434231787261,
    -3.784288818652));
#8909 = CARTESIAN_POINT('',(1.705850713209,12.387104737044,
    -3.781483675971));
#8910 = CARTESIAN_POINT('',(1.790441479078,12.319135970406,
    -3.756872844189));
#8911 = CARTESIAN_POINT('',(1.840811362491,12.3,-3.735317650399));
#8912 = CARTESIAN_POINT('',(1.890308058674,12.3,-3.709233695203));
#8913 = B_SPLINE_SURFACE_WITH_KNOTS('',3,3,(
    (#8914,#8915,#8916,#8917,#8918,#8919)
    ,(#8920,#8921,#8922,#8923,#8924,#8925)
    ,(#8926,#8927,#8928,#8929,#8930,#8931)
    ,(#8932,#8933,#8934,#8935,#8936,#8937)
    ,(#8938,#8939,#8940,#8941,#8942,#8943)
    ,(#8944,#8945,#8946,#8947,#8948,#8949)
    ,(#8950,#8951,#8952,#8953,#8954,#8955
    )),.UNSPECIFIED.,.F.,.F.,.F.,(4,1,1,1,4),(4,2,4),(0.198529411765,
    0.273897058824,0.349264705882,0.424632352941,0.5),(0.,0.163863393893
    ,1.),.UNSPECIFIED.);
#8914 = CARTESIAN_POINT('',(2.774549648938,14.,-3.9779862048));
#8915 = CARTESIAN_POINT('',(2.675447479651,14.,-3.789930753569));
#8916 = CARTESIAN_POINT('',(2.582253648224,13.965145364694,
    -3.623166001586));
#8917 = CARTESIAN_POINT('',(2.280943184837,13.451401636387,
    -3.164340847694));
#8918 = CARTESIAN_POINT('',(2.221410406525,12.875700818193,
    -3.365230894653));
#8919 = CARTESIAN_POINT('',(2.161877628213,12.3,-3.566120941611));
#8920 = CARTESIAN_POINT('',(2.686082194199,14.,-4.024607116975));
#8921 = CARTESIAN_POINT('',(2.587947218042,14.,-3.838387003375));
#8922 = CARTESIAN_POINT('',(2.496175690447,13.965145364694,
    -3.672641355544));
#8923 = CARTESIAN_POINT('',(2.205867309377,13.451401636387,
    -3.215870482702));
#8924 = CARTESIAN_POINT('',(2.165441749058,12.875700818193,
    -3.400708402193));
#8925 = CARTESIAN_POINT('',(2.125016188739,12.3,-3.585546321684));
#8926 = CARTESIAN_POINT('',(2.509147284721,14.,-4.117848941326));
#8927 = CARTESIAN_POINT('',(2.412946694825,14.,-3.935299502985));
#8928 = CARTESIAN_POINT('',(2.324019774892,13.965145364694,
    -3.771592063462));
#8929 = CARTESIAN_POINT('',(2.055715558458,13.451401636387,
    -3.318929752716));
#8930 = CARTESIAN_POINT('',(2.053504434124,12.875700818193,
    -3.471663417273));
#8931 = CARTESIAN_POINT('',(2.05129330979,12.3,-3.62439708183));
#8932 = CARTESIAN_POINT('',(2.243744920505,14.,-4.257711677851));
#8933 = CARTESIAN_POINT('',(2.148287149924,14.,-4.076571807258));
#8934 = CARTESIAN_POINT('',(2.061998994039,13.965145364694,
    -3.912832121159));
#8935 = CARTESIAN_POINT('',(1.819472547377,13.451401636387,
    -3.45261595545));
#8936 = CARTESIAN_POINT('',(1.880090769372,12.875700818193,
    -3.567644588749));
#8937 = CARTESIAN_POINT('',(1.940708991366,12.3,-3.682673222049));
#8938 = CARTESIAN_POINT('',(1.978342556289,14.,-4.397574414376));
#8939 = CARTESIAN_POINT('',(1.882141966392,14.,-4.215024976036));
#8940 = CARTESIAN_POINT('',(1.797372098607,13.965145364694,
    -4.04912683753));
#8941 = CARTESIAN_POINT('',(1.575648850864,13.451401636387,
    -3.571917112633));
#8942 = CARTESIAN_POINT('',(1.702886761904,12.875700818193,
    -3.656433237451));
#8943 = CARTESIAN_POINT('',(1.830124672943,12.3,-3.740949362268));
#8944 = CARTESIAN_POINT('',(1.801407646811,14.,-4.490816238727));
#8945 = CARTESIAN_POINT('',(1.703272670654,14.,-4.304596125126));
#8946 = CARTESIAN_POINT('',(1.618429563304,13.965145364694,
    -4.135199312325));
#8947 = CARTESIAN_POINT('',(1.405756130054,13.451401636387,
    -3.637516082563));
#8948 = CARTESIAN_POINT('',(1.581078962024,12.875700818193,
    -3.708658102488));
#8949 = CARTESIAN_POINT('',(1.756401793994,12.3,-3.779800122414));
#8950 = CARTESIAN_POINT('',(1.712940192072,14.,-4.537437150902));
#8951 = CARTESIAN_POINT('',(1.613838022786,14.,-4.349381699671));
#8952 = CARTESIAN_POINT('',(1.528958295653,13.965145364694,
    -4.178235549723));
#8953 = CARTESIAN_POINT('',(1.32080976965,13.451401636387,
    -3.670315567528));
#8954 = CARTESIAN_POINT('',(1.520175062085,12.875700818193,
    -3.734770535007));
#8955 = CARTESIAN_POINT('',(1.71954035452,12.3,-3.799225502487));
#8956 = ADVANCED_FACE('',(#8957),#8984,.T.);
#8957 = FACE_BOUND('',#8958,.T.);
#8958 = EDGE_LOOP('',(#8959,#8960,#8982,#8983));
#8959 = ORIENTED_EDGE('',*,*,#8894,.T.);
#8960 = ORIENTED_EDGE('',*,*,#8961,.T.);
#8961 = EDGE_CURVE('',#8884,#6326,#8962,.T.);
#8962 = B_SPLINE_CURVE_WITH_KNOTS('',3,(#8963,#8964,#8965,#8966,#8967,
    #8968,#8969,#8970,#8971,#8972,#8973,#8974,#8975,#8976,#8977,#8978,
    #8979,#8980,#8981),.UNSPECIFIED.,.F.,.F.,(4,3,3,3,3,3,4),(
    -5.999999999915E-08,0.,1.424255074221E-04,2.885188319664E-04,
    4.403256748698E-04,5.371680554376E-04,5.372280554376E-04),
  .UNSPECIFIED.);
#8963 = CARTESIAN_POINT('',(2.18147062295,12.486918977439,
    -3.501574173773));
#8964 = CARTESIAN_POINT('',(2.181480334255,12.48691821276,
    -3.501591641052));
#8965 = CARTESIAN_POINT('',(2.181490045549,12.486917448058,
    -3.501609108336));
#8966 = CARTESIAN_POINT('',(2.181499756862,12.486916683331,
    -3.501626575608));
#8967 = CARTESIAN_POINT('',(2.204552067964,12.485101406496,
    -3.543089660489));
#8968 = CARTESIAN_POINT('',(2.227655048861,12.483150752703,
    -3.584519113829));
#8969 = CARTESIAN_POINT('',(2.250817196015,12.481015167511,
    -3.625905656328));
#8970 = CARTESIAN_POINT('',(2.274575748392,12.478824592851,
    -3.668357866443));
#8971 = CARTESIAN_POINT('',(2.298397740907,12.476442845092,
    -3.710765503722));
#8972 = CARTESIAN_POINT('',(2.322288803297,12.473814265062,
    -3.75311836994));
#8973 = CARTESIAN_POINT('',(2.347114002347,12.471082907979,
    -3.797127226349));
#8974 = CARTESIAN_POINT('',(2.372014758143,12.468077820026,
    -3.841078284853));
#8975 = CARTESIAN_POINT('',(2.396994607469,12.464682774697,
    -3.884953232793));
#8976 = CARTESIAN_POINT('',(2.412930255667,12.462516939056,
    -3.91294282256));
#8977 = CARTESIAN_POINT('',(2.428898102772,12.46019627212,
    -3.940902609748));
#8978 = CARTESIAN_POINT('',(2.444895661328,12.457712217116,
    -3.968830381836));
#8979 = CARTESIAN_POINT('',(2.444905572815,12.457710678089,
    -3.968847684837));
#8980 = CARTESIAN_POINT('',(2.444915484328,12.457709138999,
    -3.968864987817));
#8981 = CARTESIAN_POINT('',(2.444925395824,12.457707599847,-3.9688822908
    ));
#8982 = ORIENTED_EDGE('',*,*,#6325,.F.);
#8983 = ORIENTED_EDGE('',*,*,#8814,.T.);
#8984 = B_SPLINE_SURFACE_WITH_KNOTS('',3,3,(
    (#8985,#8986,#8987,#8988,#8989,#8990)
    ,(#8991,#8992,#8993,#8994,#8995,#8996)
    ,(#8997,#8998,#8999,#9000,#9001,#9002)
    ,(#9003,#9004,#9005,#9006,#9007,#9008)
    ,(#9009,#9010,#9011,#9012,#9013,#9014)
    ,(#9015,#9016,#9017,#9018,#9019,#9020)
    ,(#9021,#9022,#9023,#9024,#9025,#9026
    )),.UNSPECIFIED.,.F.,.F.,.F.,(4,1,1,1,4),(4,2,4),(0.,
    4.963235294118E-02,9.926470588235E-02,0.148897058824,0.198529411765)
  ,(0.,0.163863393893,1.),.UNSPECIFIED.);
#8985 = CARTESIAN_POINT('',(2.774549648938,13.5,-3.9779862048));
#8986 = CARTESIAN_POINT('',(2.735993514429,13.5,-3.904822405008));
#8987 = CARTESIAN_POINT('',(2.691593369637,13.471858167659,
    -3.830648146484));
#8988 = CARTESIAN_POINT('',(2.628085366079,13.033333333333,
    -3.823074960223));
#8989 = CARTESIAN_POINT('',(2.511533777584,12.666666666667,
    -3.915766587764));
#8990 = CARTESIAN_POINT('',(2.394982189089,12.3,-4.008458215305));
#8991 = CARTESIAN_POINT('',(2.774549648938,13.541666666667,-3.9779862048
    ));
#8992 = CARTESIAN_POINT('',(2.731340285684,13.541666666667,
    -3.895992476888));
#8993 = CARTESIAN_POINT('',(2.683169855432,13.512965434079,
    -3.814663756069));
#8994 = CARTESIAN_POINT('',(2.601158486433,13.068172358588,
    -3.771978737622));
#8995 = CARTESIAN_POINT('',(2.488357647724,12.684086179294,
    -3.871787756726));
#8996 = CARTESIAN_POINT('',(2.375556809016,12.3,-3.97159677583));
#8997 = CARTESIAN_POINT('',(2.774549648938,13.625,-3.9779862048));
#8998 = CARTESIAN_POINT('',(2.722033828195,13.625,-3.878332620649));
#8999 = CARTESIAN_POINT('',(2.666322827021,13.595179966918,
    -3.78269497524));
#9000 = CARTESIAN_POINT('',(2.54730472714,13.137850409097,
    -3.669786292419));
#9001 = CARTESIAN_POINT('',(2.442005388005,12.718925204548,
    -3.78383009465));
#9002 = CARTESIAN_POINT('',(2.33670604887,12.3,-3.897873896881));
#9003 = CARTESIAN_POINT('',(2.774549648938,13.75,-3.9779862048));
#9004 = CARTESIAN_POINT('',(2.70700475899,13.75,-3.849813584071));
#9005 = CARTESIAN_POINT('',(2.639176367548,13.718501766177,
    -3.731182079788));
#9006 = CARTESIAN_POINT('',(2.461067407325,13.24236748486,
    -3.506143072422));
#9007 = CARTESIAN_POINT('',(2.369748657988,12.77118374243,-3.64671632544
    ));
#9008 = CARTESIAN_POINT('',(2.278429908651,12.3,-3.787289578458));
#9009 = CARTESIAN_POINT('',(2.774549648938,13.875,-3.9779862048));
#9010 = CARTESIAN_POINT('',(2.691498297355,13.875,-3.820388651592));
#9011 = CARTESIAN_POINT('',(2.61119246393,13.841823565436,-3.6780800573)
  );
#9012 = CARTESIAN_POINT('',(2.372394123765,13.346884560624,
    -3.337877387908));
#9013 = CARTESIAN_POINT('',(2.296273946099,12.823442280312,
    -3.507291323971));
#9014 = CARTESIAN_POINT('',(2.220153768432,12.3,-3.676705260035));
#9015 = CARTESIAN_POINT('',(2.774549648938,13.958333333333,-3.9779862048
    ));
#9016 = CARTESIAN_POINT('',(2.680797752219,13.958333333333,
    -3.800083386244));
#9017 = CARTESIAN_POINT('',(2.591899920126,13.924038098275,
    -3.641470686824));
#9018 = CARTESIAN_POINT('',(2.311426831146,13.416562611132,
    -3.222186361099));
#9019 = CARTESIAN_POINT('',(2.246364919716,12.858281305566,
    -3.412584371092));
#9020 = CARTESIAN_POINT('',(2.181303008286,12.3,-3.602982381086));
#9021 = CARTESIAN_POINT('',(2.774549648938,14.,-3.9779862048));
#9022 = CARTESIAN_POINT('',(2.675447479651,14.,-3.789930753569));
#9023 = CARTESIAN_POINT('',(2.582253648224,13.965145364694,
    -3.623166001586));
#9024 = CARTESIAN_POINT('',(2.280943184837,13.451401636387,
    -3.164340847694));
#9025 = CARTESIAN_POINT('',(2.221410406525,12.875700818193,
    -3.365230894653));
#9026 = CARTESIAN_POINT('',(2.161877628213,12.3,-3.566120941611));
#9027 = ADVANCED_FACE('',(#9028),#9034,.T.);
#9028 = FACE_BOUND('',#9029,.T.);
#9029 = EDGE_LOOP('',(#9030,#9031,#9032,#9033));
#9030 = ORIENTED_EDGE('',*,*,#6336,.F.);
#9031 = ORIENTED_EDGE('',*,*,#8961,.F.);
#9032 = ORIENTED_EDGE('',*,*,#8883,.F.);
#9033 = ORIENTED_EDGE('',*,*,#8832,.F.);
#9034 = ( BOUNDED_SURFACE() B_SPLINE_SURFACE(3,2,(
    (#9035,#9036,#9037)
    ,(#9038,#9039,#9040)
    ,(#9041,#9042,#9043)
    ,(#9044,#9045,#9046
)),.UNSPECIFIED.,.F.,.F.,.F.) B_SPLINE_SURFACE_WITH_KNOTS((4,4),(3,3),(
    2.068596470913E-03,2.622804590537E-03),(0.,1.),
.PIECEWISE_BEZIER_KNOTS.) GEOMETRIC_REPRESENTATION_ITEM() 
RATIONAL_B_SPLINE_SURFACE((
    (1.,0.791146710558,1.)
    ,(1.,0.800045459976,1.)
    ,(1.,0.810982438158,1.)
,(1.,0.828003354785,1.))) REPRESENTATION_ITEM('') SURFACE() );
#9035 = CARTESIAN_POINT('',(1.969598139835,12.3,-3.618371184939));
#9036 = CARTESIAN_POINT('',(2.137584084768,12.3,-3.522794845702));
#9037 = CARTESIAN_POINT('',(2.179887352856,12.487043441187,
    -3.498726216012));
#9038 = CARTESIAN_POINT('',(2.060948690496,12.3,-3.778929847358));
#9039 = CARTESIAN_POINT('',(2.22236832449,12.299999999996,-3.68334401417
    ));
#9040 = CARTESIAN_POINT('',(2.268899665304,12.480057517723,
    -3.658851117271));
#9041 = CARTESIAN_POINT('',(2.153627833314,12.3,-3.938791273499));
#9042 = CARTESIAN_POINT('',(2.30708224877,12.299999999967,
    -3.843610528124));
#9043 = CARTESIAN_POINT('',(2.358391729375,12.471263569662,
    -3.817877878168));
#9044 = CARTESIAN_POINT('',(2.250423810176,12.3,-4.096138564937));
#9045 = CARTESIAN_POINT('',(2.394622918818,12.3,-4.007430996616));
#9046 = CARTESIAN_POINT('',(2.448146615781,12.457205222232,
    -3.974504600262));
#9047 = ADVANCED_FACE('',(#9048),#9054,.T.);
#9048 = FACE_BOUND('',#9049,.T.);
#9049 = EDGE_LOOP('',(#9050,#9051,#9052,#9053));
#9050 = ORIENTED_EDGE('',*,*,#8905,.F.);
#9051 = ORIENTED_EDGE('',*,*,#6467,.F.);
#9052 = ORIENTED_EDGE('',*,*,#6355,.F.);
#9053 = ORIENTED_EDGE('',*,*,#8858,.F.);
#9054 = ( BOUNDED_SURFACE() B_SPLINE_SURFACE(3,2,(
    (#9055,#9056,#9057)
    ,(#9058,#9059,#9060)
    ,(#9061,#9062,#9063)
    ,(#9064,#9065,#9066
)),.UNSPECIFIED.,.F.,.F.,.F.) B_SPLINE_SURFACE_WITH_KNOTS((4,4),(3,3),(
    2.06859687949E-03,2.622736085766E-03),(0.,1.),
.PIECEWISE_BEZIER_KNOTS.) GEOMETRIC_REPRESENTATION_ITEM() 
RATIONAL_B_SPLINE_SURFACE((
    (1.,0.791146730087,1.)
    ,(1.,0.800044381532,1.)
    ,(1.,0.810979730131,1.)
,(1.,0.827997072614,1.))) REPRESENTATION_ITEM('') SURFACE() );
#9055 = CARTESIAN_POINT('',(1.653766660108,12.487043425736,
    -3.775983736203));
#9056 = CARTESIAN_POINT('',(1.69753451796,12.3,-3.75469428118));
#9057 = CARTESIAN_POINT('',(1.871336294676,12.3,-3.670154043437));
#9058 = CARTESIAN_POINT('',(1.73552287685,12.480058369892,
    -3.939906682211));
#9059 = CARTESIAN_POINT('',(1.782030610727,12.3,-3.915370021361));
#9060 = CARTESIAN_POINT('',(1.952128657931,12.3,-3.836250757142));
#9061 = CARTESIAN_POINT('',(1.816102433126,12.471265777743,
    -4.103604762669));
#9062 = CARTESIAN_POINT('',(1.866333455259,12.29999999996,
    -4.075828426513));
#9063 = CARTESIAN_POINT('',(2.031595096448,12.3,-4.003049043833));
#9064 = CARTESIAN_POINT('',(1.894554248213,12.457210423871,
    -4.266163332321));
#9065 = CARTESIAN_POINT('',(1.95196963586,12.3,-4.240626009899));
#9066 = CARTESIAN_POINT('',(2.106662086356,12.3,-4.171821615355));
#9067 = ADVANCED_FACE('',(#9068),#9102,.F.);
#9068 = FACE_BOUND('',#9069,.T.);
#9069 = EDGE_LOOP('',(#9070,#9080,#9088,#9096));
#9070 = ORIENTED_EDGE('',*,*,#9071,.F.);
#9071 = EDGE_CURVE('',#9072,#9074,#9076,.T.);
#9072 = VERTEX_POINT('',#9073);
#9073 = CARTESIAN_POINT('',(2.,7.454700538379,-4.85));
#9074 = VERTEX_POINT('',#9075);
#9075 = CARTESIAN_POINT('',(2.,13.3,-4.85));
#9076 = LINE('',#9077,#9078);
#9077 = CARTESIAN_POINT('',(2.,6.3,-4.85));
#9078 = VECTOR('',#9079,1.);
#9079 = DIRECTION('',(0.,1.,0.));
#9080 = ORIENTED_EDGE('',*,*,#9081,.T.);
#9081 = EDGE_CURVE('',#9072,#9082,#9084,.T.);
#9082 = VERTEX_POINT('',#9083);
#9083 = CARTESIAN_POINT('',(-1.693368449339E-14,6.3,-4.85));
#9084 = LINE('',#9085,#9086);
#9085 = CARTESIAN_POINT('',(2.,7.454700538379,-4.85));
#9086 = VECTOR('',#9087,1.);
#9087 = DIRECTION('',(-0.866025403784,-0.5,3.004629197474E-15));
#9088 = ORIENTED_EDGE('',*,*,#9089,.F.);
#9089 = EDGE_CURVE('',#9090,#9082,#9092,.T.);
#9090 = VERTEX_POINT('',#9091);
#9091 = CARTESIAN_POINT('',(-1.693368449339E-14,13.3,-4.85));
#9092 = LINE('',#9093,#9094);
#9093 = CARTESIAN_POINT('',(-1.693368449339E-14,13.3,-4.85));
#9094 = VECTOR('',#9095,1.);
#9095 = DIRECTION('',(-0.,-1.,0.));
#9096 = ORIENTED_EDGE('',*,*,#9097,.F.);
#9097 = EDGE_CURVE('',#9074,#9090,#9098,.T.);
#9098 = LINE('',#9099,#9100);
#9099 = CARTESIAN_POINT('',(2.,13.3,-4.85));
#9100 = VECTOR('',#9101,1.);
#9101 = DIRECTION('',(-1.,0.,3.469446951954E-15));
#9102 = PLANE('',#9103);
#9103 = AXIS2_PLACEMENT_3D('',#9104,#9105,#9106);
#9104 = CARTESIAN_POINT('',(2.,6.3,-4.85));
#9105 = DIRECTION('',(3.469446951954E-15,0.,1.));
#9106 = DIRECTION('',(1.,0.,-3.469446951954E-15));
#9107 = ADVANCED_FACE('',(#9108),#9159,.F.);
#9108 = FACE_BOUND('',#9109,.T.);
#9109 = EDGE_LOOP('',(#9110,#9121,#9129,#9136,#9137,#9145,#9151,#9152,
    #9153));
#9110 = ORIENTED_EDGE('',*,*,#9111,.T.);
#9111 = EDGE_CURVE('',#9112,#9114,#9116,.T.);
#9112 = VERTEX_POINT('',#9113);
#9113 = CARTESIAN_POINT('',(2.,13.3,-4.35));
#9114 = VERTEX_POINT('',#9115);
#9115 = CARTESIAN_POINT('',(2.714319976251,13.3,-4.087238491607));
#9116 = B_SPLINE_CURVE_WITH_KNOTS('',3,(#9117,#9118,#9119,#9120),
  .UNSPECIFIED.,.F.,.F.,(4,4),(0.,0.532935963287),
  .PIECEWISE_BEZIER_KNOTS.);
#9117 = CARTESIAN_POINT('',(2.,13.3,-4.35));
#9118 = CARTESIAN_POINT('',(2.252188005546,13.3,-4.35));
#9119 = CARTESIAN_POINT('',(2.487252807252,13.3,-4.243492222138));
#9120 = CARTESIAN_POINT('',(2.714319976251,13.3,-4.087238491607));
#9121 = ORIENTED_EDGE('',*,*,#9122,.T.);
#9122 = EDGE_CURVE('',#9114,#9123,#9125,.T.);
#9123 = VERTEX_POINT('',#9124);
#9124 = CARTESIAN_POINT('',(2.950615458119,13.3,-4.496514271819));
#9125 = LINE('',#9126,#9127);
#9126 = CARTESIAN_POINT('',(2.899519052838,13.3,-4.408012701892));
#9127 = VECTOR('',#9128,1.);
#9128 = DIRECTION('',(0.5,-0.,-0.866025403784));
#9129 = ORIENTED_EDGE('',*,*,#9130,.T.);
#9130 = EDGE_CURVE('',#9123,#9074,#9131,.T.);
#9131 = B_SPLINE_CURVE_WITH_KNOTS('',3,(#9132,#9133,#9134,#9135),
  .UNSPECIFIED.,.F.,.F.,(4,4),(0.39946854975,1.),
  .PIECEWISE_BEZIER_KNOTS.);
#9132 = CARTESIAN_POINT('',(2.950615458119,13.3,-4.496514271819));
#9133 = CARTESIAN_POINT('',(2.646864492234,13.3,-4.702681658104));
#9134 = CARTESIAN_POINT('',(2.334372751061,13.3,-4.85));
#9135 = CARTESIAN_POINT('',(2.,13.3,-4.85));
#9136 = ORIENTED_EDGE('',*,*,#9097,.T.);
#9137 = ORIENTED_EDGE('',*,*,#9138,.T.);
#9138 = EDGE_CURVE('',#9090,#9139,#9141,.T.);
#9139 = VERTEX_POINT('',#9140);
#9140 = CARTESIAN_POINT('',(-1.518794382397E-14,13.3,-4.35));
#9141 = LINE('',#9142,#9143);
#9142 = CARTESIAN_POINT('',(-1.682681771698E-14,13.3,-4.85));
#9143 = VECTOR('',#9144,1.);
#9144 = DIRECTION('',(3.469446951954E-15,0.,1.));
#9145 = ORIENTED_EDGE('',*,*,#9146,.F.);
#9146 = EDGE_CURVE('',#6451,#9139,#9147,.T.);
#9147 = LINE('',#9148,#9149);
#9148 = CARTESIAN_POINT('',(2.,13.3,-4.35));
#9149 = VECTOR('',#9150,1.);
#9150 = DIRECTION('',(-1.,0.,3.469446951954E-15));
#9151 = ORIENTED_EDGE('',*,*,#6450,.F.);
#9152 = ORIENTED_EDGE('',*,*,#6297,.F.);
#9153 = ORIENTED_EDGE('',*,*,#9154,.F.);
#9154 = EDGE_CURVE('',#9112,#6289,#9155,.T.);
#9155 = LINE('',#9156,#9157);
#9156 = CARTESIAN_POINT('',(2.,13.3,-4.35));
#9157 = VECTOR('',#9158,1.);
#9158 = DIRECTION('',(-1.,0.,3.469446951954E-15));
#9159 = PLANE('',#9160);
#9160 = AXIS2_PLACEMENT_3D('',#9161,#9162,#9163);
#9161 = CARTESIAN_POINT('',(2.,13.3,-4.85));
#9162 = DIRECTION('',(0.,-1.,0.));
#9163 = DIRECTION('',(-0.,0.,1.));
#9164 = ADVANCED_FACE('',(#9165),#9193,.F.);
#9165 = FACE_BOUND('',#9166,.T.);
#9166 = EDGE_LOOP('',(#9167,#9175,#9183,#9189,#9190,#9191,#9192));
#9167 = ORIENTED_EDGE('',*,*,#9168,.T.);
#9168 = EDGE_CURVE('',#9139,#9169,#9171,.T.);
#9169 = VERTEX_POINT('',#9170);
#9170 = CARTESIAN_POINT('',(-1.514001903248E-14,6.3,-4.35));
#9171 = LINE('',#9172,#9173);
#9172 = CARTESIAN_POINT('',(-1.5092094241E-14,6.3,-4.35));
#9173 = VECTOR('',#9174,1.);
#9174 = DIRECTION('',(0.,-1.,0.));
#9175 = ORIENTED_EDGE('',*,*,#9176,.T.);
#9176 = EDGE_CURVE('',#9169,#9177,#9179,.T.);
#9177 = VERTEX_POINT('',#9178);
#9178 = CARTESIAN_POINT('',(2.,7.454700538379,-4.35));
#9179 = LINE('',#9180,#9181);
#9180 = CARTESIAN_POINT('',(2.,7.454700538379,-4.35));
#9181 = VECTOR('',#9182,1.);
#9182 = DIRECTION('',(0.866025403784,0.5,-3.004629197474E-15));
#9183 = ORIENTED_EDGE('',*,*,#9184,.F.);
#9184 = EDGE_CURVE('',#9112,#9177,#9185,.T.);
#9185 = LINE('',#9186,#9187);
#9186 = CARTESIAN_POINT('',(2.,6.3,-4.35));
#9187 = VECTOR('',#9188,1.);
#9188 = DIRECTION('',(-0.,-1.,-0.));
#9189 = ORIENTED_EDGE('',*,*,#9154,.T.);
#9190 = ORIENTED_EDGE('',*,*,#6286,.F.);
#9191 = ORIENTED_EDGE('',*,*,#6459,.F.);
#9192 = ORIENTED_EDGE('',*,*,#9146,.T.);
#9193 = PLANE('',#9194);
#9194 = AXIS2_PLACEMENT_3D('',#9195,#9196,#9197);
#9195 = CARTESIAN_POINT('',(2.,6.3,-4.35));
#9196 = DIRECTION('',(-3.469446951954E-15,0.,-1.));
#9197 = DIRECTION('',(-1.,0.,3.469446951954E-15));
#9198 = ADVANCED_FACE('',(#9199),#9215,.T.);
#9199 = FACE_BOUND('',#9200,.T.);
#9200 = EDGE_LOOP('',(#9201,#9202,#9208,#9209));
#9201 = ORIENTED_EDGE('',*,*,#9176,.F.);
#9202 = ORIENTED_EDGE('',*,*,#9203,.T.);
#9203 = EDGE_CURVE('',#9169,#9082,#9204,.T.);
#9204 = LINE('',#9205,#9206);
#9205 = CARTESIAN_POINT('',(-1.682681771698E-14,6.3,-4.85));
#9206 = VECTOR('',#9207,1.);
#9207 = DIRECTION('',(-3.469446951954E-15,-1.734723475977E-15,-1.));
#9208 = ORIENTED_EDGE('',*,*,#9081,.F.);
#9209 = ORIENTED_EDGE('',*,*,#9210,.F.);
#9210 = EDGE_CURVE('',#9177,#9072,#9211,.T.);
#9211 = LINE('',#9212,#9213);
#9212 = CARTESIAN_POINT('',(2.,7.454700538379,-1.987073793421E-14));
#9213 = VECTOR('',#9214,1.);
#9214 = DIRECTION('',(-3.469446951954E-15,-1.734723475977E-15,-1.));
#9215 = PLANE('',#9216);
#9216 = AXIS2_PLACEMENT_3D('',#9217,#9218,#9219);
#9217 = CARTESIAN_POINT('',(2.,7.454700538379,-1.987073793421E-14));
#9218 = DIRECTION('',(0.5,-0.866025403784,-2.324088772396E-16));
#9219 = DIRECTION('',(3.469446951954E-15,1.734723475977E-15,1.));
#9220 = ADVANCED_FACE('',(#9221),#9265,.T.);
#9221 = FACE_BOUND('',#9222,.T.);
#9222 = EDGE_LOOP('',(#9223,#9233,#9241,#9249));
#9223 = ORIENTED_EDGE('',*,*,#9224,.T.);
#9224 = EDGE_CURVE('',#9225,#9227,#9229,.T.);
#9225 = VERTEX_POINT('',#9226);
#9226 = CARTESIAN_POINT('',(3.549038105677,10.449641559883,
    -4.033012701892));
#9227 = VERTEX_POINT('',#9228);
#9228 = CARTESIAN_POINT('',(3.549038105677,12.55,-4.033012701892));
#9229 = LINE('',#9230,#9231);
#9230 = CARTESIAN_POINT('',(3.549038105677,13.3,-4.033012701892));
#9231 = VECTOR('',#9232,1.);
#9232 = DIRECTION('',(0.,1.,0.));
#9233 = ORIENTED_EDGE('',*,*,#9234,.T.);
#9234 = EDGE_CURVE('',#9227,#9235,#9237,.T.);
#9235 = VERTEX_POINT('',#9236);
#9236 = CARTESIAN_POINT('',(3.299038105677,12.55,-3.6));
#9237 = LINE('',#9238,#9239);
#9238 = CARTESIAN_POINT('',(3.299038105677,12.55,-3.6));
#9239 = VECTOR('',#9240,1.);
#9240 = DIRECTION('',(-0.5,0.,0.866025403784));
#9241 = ORIENTED_EDGE('',*,*,#9242,.T.);
#9242 = EDGE_CURVE('',#9235,#9243,#9245,.T.);
#9243 = VERTEX_POINT('',#9244);
#9244 = CARTESIAN_POINT('',(3.299038105677,10.417718961017,-3.6));
#9245 = LINE('',#9246,#9247);
#9246 = CARTESIAN_POINT('',(3.299038105677,13.3,-3.6));
#9247 = VECTOR('',#9248,1.);
#9248 = DIRECTION('',(0.,-1.,0.));
#9249 = ORIENTED_EDGE('',*,*,#9250,.T.);
#9250 = EDGE_CURVE('',#9243,#9225,#9251,.T.);
#9251 = B_SPLINE_CURVE_WITH_KNOTS('',3,(#9252,#9253,#9254,#9255,#9256,
    #9257,#9258,#9259,#9260,#9261,#9262,#9263,#9264),.UNSPECIFIED.,.F.,
  .F.,(4,3,3,3,4),(0.,7.216827857082E-05,2.446702361552E-04,
    4.29462844694E-04,5.010180929782E-04),.UNSPECIFIED.);
#9252 = CARTESIAN_POINT('',(3.299038105677,10.417718961017,-3.6));
#9253 = CARTESIAN_POINT('',(3.311041088986,10.419271111229,
    -3.620789776933));
#9254 = CARTESIAN_POINT('',(3.32304412949,10.420821493971,
    -3.641579652932));
#9255 = CARTESIAN_POINT('',(3.335047245071,10.422369547241,
    -3.662369658968));
#9256 = CARTESIAN_POINT('',(3.363737978812,10.426069818547,
    -3.712063467513));
#9257 = CARTESIAN_POINT('',(3.39242914585,10.429756706022,
    -3.761758026552));
#9258 = CARTESIAN_POINT('',(3.421120967327,10.433423085641,
    -3.811453719112));
#9259 = CARTESIAN_POINT('',(3.451857061668,10.437350692325,
    -3.864690196136));
#9260 = CARTESIAN_POINT('',(3.482593926048,10.441254242748,
    -3.917928006907));
#9261 = CARTESIAN_POINT('',(3.513331405596,10.445138245802,
    -3.971166883181));
#9262 = CARTESIAN_POINT('',(3.525233548821,10.446642206482,
    -3.991781999967));
#9263 = CARTESIAN_POINT('',(3.537135784803,10.448143233326,
    -4.012397277412));
#9264 = CARTESIAN_POINT('',(3.549038105677,10.449641559883,
    -4.033012701892));
#9265 = PLANE('',#9266);
#9266 = AXIS2_PLACEMENT_3D('',#9267,#9268,#9269);
#9267 = CARTESIAN_POINT('',(0.915432852445,0.,0.528525403784));
#9268 = DIRECTION('',(0.866025403784,-0.,0.5));
#9269 = DIRECTION('',(0.5,0.,-0.866025403784));
#9270 = ADVANCED_FACE('',(#9271),#9303,.T.);
#9271 = FACE_BOUND('',#9272,.T.);
#9272 = EDGE_LOOP('',(#9273,#9274,#9285,#9286,#9287,#9296));
#9273 = ORIENTED_EDGE('',*,*,#9242,.F.);
#9274 = ORIENTED_EDGE('',*,*,#9275,.T.);
#9275 = EDGE_CURVE('',#9235,#9114,#9276,.T.);
#9276 = B_SPLINE_CURVE_WITH_KNOTS('',3,(#9277,#9278,#9279,#9280,#9281,
    #9282,#9283,#9284),.UNSPECIFIED.,.F.,.F.,(4,2,2,4),(0.,
    2.949391448083E-04,5.898782896167E-04,1.179756579233E-03),
  .UNSPECIFIED.);
#9277 = CARTESIAN_POINT('',(3.299038105677,12.55,-3.6));
#9278 = CARTESIAN_POINT('',(3.299038105677,12.649754463272,-3.6));
#9279 = CARTESIAN_POINT('',(3.284376248253,12.747633739359,
    -3.614275767479));
#9280 = CARTESIAN_POINT('',(3.22744396676,12.929444698964,
    -3.667223183463));
#9281 = CARTESIAN_POINT('',(3.185161741475,13.012501833827,
    -3.705961463382));
#9282 = CARTESIAN_POINT('',(3.027008831393,13.218787532918,
    -3.846060501884));
#9283 = CARTESIAN_POINT('',(2.878647705686,13.299999999973,
    -3.974158204096));
#9284 = CARTESIAN_POINT('',(2.714319976251,13.3,-4.087238491607));
#9285 = ORIENTED_EDGE('',*,*,#9111,.F.);
#9286 = ORIENTED_EDGE('',*,*,#9184,.T.);
#9287 = ORIENTED_EDGE('',*,*,#9288,.T.);
#9288 = EDGE_CURVE('',#9177,#9289,#9291,.T.);
#9289 = VERTEX_POINT('',#9290);
#9290 = CARTESIAN_POINT('',(3.277900301608,10.189003182193,
    -3.63536233224));
#9291 = B_SPLINE_CURVE_WITH_KNOTS('',3,(#9292,#9293,#9294,#9295),
  .UNSPECIFIED.,.F.,.F.,(4,4),(0.,0.968556453079),
  .PIECEWISE_BEZIER_KNOTS.);
#9292 = CARTESIAN_POINT('',(2.,7.454700538379,-4.35));
#9293 = CARTESIAN_POINT('',(2.824520037965,7.93073740425,-4.35));
#9294 = CARTESIAN_POINT('',(3.060463635251,9.049761395304,-3.99821189895
    ));
#9295 = CARTESIAN_POINT('',(3.277900301608,10.189003182193,
    -3.63536233224));
#9296 = ORIENTED_EDGE('',*,*,#9297,.T.);
#9297 = EDGE_CURVE('',#9289,#9243,#9298,.T.);
#9298 = B_SPLINE_CURVE_WITH_KNOTS('',3,(#9299,#9300,#9301,#9302),
  .UNSPECIFIED.,.F.,.F.,(4,4),(0.,2.323966626003E-04),
  .PIECEWISE_BEZIER_KNOTS.);
#9299 = CARTESIAN_POINT('',(3.277900301608,10.189003182193,
    -3.63536233224));
#9300 = CARTESIAN_POINT('',(3.291981585758,10.262780929002,
    -3.611864051391));
#9301 = CARTESIAN_POINT('',(3.299038105677,10.33900669921,-3.6));
#9302 = CARTESIAN_POINT('',(3.299038105677,10.417718961017,-3.6));
#9303 = B_SPLINE_SURFACE_WITH_KNOTS('',3,3,(
    (#9304,#9305,#9306,#9307)
    ,(#9308,#9309,#9310,#9311)
    ,(#9312,#9313,#9314,#9315)
    ,(#9316,#9317,#9318,#9319)
    ,(#9320,#9321,#9322,#9323
  )),.UNSPECIFIED.,.F.,.F.,.F.,(4,1,4),(4,4),(0.,0.5,1.),(0.,1.),
  .UNSPECIFIED.);
#9304 = CARTESIAN_POINT('',(2.,13.3,-4.35));
#9305 = CARTESIAN_POINT('',(2.473205080757,13.3,-4.35));
#9306 = CARTESIAN_POINT('',(2.886121593217,13.3,-3.975));
#9307 = CARTESIAN_POINT('',(3.299038105677,13.3,-3.6));
#9308 = CARTESIAN_POINT('',(2.,12.325783423063,-4.35));
#9309 = CARTESIAN_POINT('',(2.509298355732,12.366336696566,-4.35));
#9310 = CARTESIAN_POINT('',(2.904168230704,12.583168348283,-3.975));
#9311 = CARTESIAN_POINT('',(3.299038105677,12.8,-3.6));
#9312 = CARTESIAN_POINT('',(2.,10.37735026919,-4.35));
#9313 = CARTESIAN_POINT('',(2.581484905681,10.499010089698,-4.35));
#9314 = CARTESIAN_POINT('',(2.940261505679,11.149505044849,-3.975));
#9315 = CARTESIAN_POINT('',(3.299038105677,11.8,-3.6));
#9316 = CARTESIAN_POINT('',(2.,8.428917115316,-4.35));
#9317 = CARTESIAN_POINT('',(2.761353326958,8.797131114811,-4.35));
#9318 = CARTESIAN_POINT('',(3.030195716317,9.798565557406,-3.975));
#9319 = CARTESIAN_POINT('',(3.299038105677,10.8,-3.6));
#9320 = CARTESIAN_POINT('',(2.,7.454700538379,-4.35));
#9321 = CARTESIAN_POINT('',(2.851287537597,7.946191627368,-4.35));
#9322 = CARTESIAN_POINT('',(3.075162821637,9.123095813684,-3.975));
#9323 = CARTESIAN_POINT('',(3.299038105677,10.3,-3.6));
#9324 = ADVANCED_FACE('',(#9325),#9357,.T.);
#9325 = FACE_BOUND('',#9326,.T.);
#9326 = EDGE_LOOP('',(#9327,#9328,#9339,#9340,#9349,#9356));
#9327 = ORIENTED_EDGE('',*,*,#9130,.F.);
#9328 = ORIENTED_EDGE('',*,*,#9329,.T.);
#9329 = EDGE_CURVE('',#9123,#9227,#9330,.T.);
#9330 = B_SPLINE_CURVE_WITH_KNOTS('',3,(#9331,#9332,#9333,#9334,#9335,
    #9336,#9337,#9338),.UNSPECIFIED.,.F.,.F.,(4,2,2,4),(0.,
    2.94162930622E-04,5.883258612441E-04,1.176651722488E-03),
  .UNSPECIFIED.);
#9331 = CARTESIAN_POINT('',(2.950615458119,13.3,-4.496514271819));
#9332 = CARTESIAN_POINT('',(3.032935478737,13.3,-4.44064052768));
#9333 = CARTESIAN_POINT('',(3.11156722872,13.280481760045,
    -4.382844189162));
#9334 = CARTESIAN_POINT('',(3.256765408405,13.205521267457,
    -4.272065493141));
#9335 = CARTESIAN_POINT('',(3.322363432076,13.150140014208,
    -4.219834462718));
#9336 = CARTESIAN_POINT('',(3.485620957362,12.943422269477,
    -4.087756181286));
#9337 = CARTESIAN_POINT('',(3.549038105677,12.748988646143,
    -4.033012701892));
#9338 = CARTESIAN_POINT('',(3.549038105677,12.55,-4.033012701892));
#9339 = ORIENTED_EDGE('',*,*,#9224,.F.);
#9340 = ORIENTED_EDGE('',*,*,#9341,.T.);
#9341 = EDGE_CURVE('',#9225,#9342,#9344,.T.);
#9342 = VERTEX_POINT('',#9343);
#9343 = CARTESIAN_POINT('',(3.510622547059,10.162887873137,
    -4.081142147477));
#9344 = B_SPLINE_CURVE_WITH_KNOTS('',3,(#9345,#9346,#9347,#9348),
  .UNSPECIFIED.,.F.,.F.,(4,4),(0.,2.935573297938E-04),
  .PIECEWISE_BEZIER_KNOTS.);
#9345 = CARTESIAN_POINT('',(3.549038105677,10.449641559883,
    -4.033012701892));
#9346 = CARTESIAN_POINT('',(3.549038105677,10.350382278604,
    -4.033012701892));
#9347 = CARTESIAN_POINT('',(3.536050251108,10.253428503562,
    -4.049374942547));
#9348 = CARTESIAN_POINT('',(3.510622547059,10.162887873137,
    -4.081142147477));
#9349 = ORIENTED_EDGE('',*,*,#9350,.F.);
#9350 = EDGE_CURVE('',#9072,#9342,#9351,.T.);
#9351 = B_SPLINE_CURVE_WITH_KNOTS('',3,(#9352,#9353,#9354,#9355),
  .UNSPECIFIED.,.F.,.F.,(4,4),(0.,0.960705852216),
  .PIECEWISE_BEZIER_KNOTS.);
#9352 = CARTESIAN_POINT('',(2.,7.454700538379,-4.85));
#9353 = CARTESIAN_POINT('',(2.862585803174,7.952714684041,-4.85));
#9354 = CARTESIAN_POINT('',(3.196981563909,9.046103900578,
    -4.472978444106));
#9355 = CARTESIAN_POINT('',(3.510622547059,10.162887873137,
    -4.081142147477));
#9356 = ORIENTED_EDGE('',*,*,#9071,.T.);
#9357 = B_SPLINE_SURFACE_WITH_KNOTS('',3,3,(
    (#9358,#9359,#9360,#9361)
    ,(#9362,#9363,#9364,#9365)
    ,(#9366,#9367,#9368,#9369)
    ,(#9370,#9371,#9372,#9373)
    ,(#9374,#9375,#9376,#9377
  )),.UNSPECIFIED.,.F.,.F.,.F.,(4,1,4),(4,4),(0.,0.5,1.),(0.,1.),
  .UNSPECIFIED.);
#9358 = CARTESIAN_POINT('',(2.,7.454700538379,-4.85));
#9359 = CARTESIAN_POINT('',(2.897866710382,7.973084125315,-4.85));
#9360 = CARTESIAN_POINT('',(3.223452408029,9.136542062657,
    -4.441506350946));
#9361 = CARTESIAN_POINT('',(3.549038105677,10.3,-4.033012701892));
#9362 = CARTESIAN_POINT('',(2.,8.428917115316,-4.85));
#9363 = CARTESIAN_POINT('',(2.815360813792,8.821875652665,-4.85));
#9364 = CARTESIAN_POINT('',(3.182199459734,9.810937826333,
    -4.441506350946));
#9365 = CARTESIAN_POINT('',(3.549038105677,10.8,-4.033012701892));
#9366 = CARTESIAN_POINT('',(2.,10.37735026919,-4.85));
#9367 = CARTESIAN_POINT('',(2.650349020613,10.519458707367,-4.85));
#9368 = CARTESIAN_POINT('',(3.099693563145,11.159729353683,
    -4.441506350946));
#9369 = CARTESIAN_POINT('',(3.549038105677,11.8,-4.033012701892));
#9370 = CARTESIAN_POINT('',(2.,12.325783423063,-4.85));
#9371 = CARTESIAN_POINT('',(2.587979498381,12.373152902456,-4.85));
#9372 = CARTESIAN_POINT('',(3.068508802029,12.586576451228,
    -4.441506350946));
#9373 = CARTESIAN_POINT('',(3.549038105677,12.8,-4.033012701892));
#9374 = CARTESIAN_POINT('',(2.,13.3,-4.85));
#9375 = CARTESIAN_POINT('',(2.556794737266,13.3,-4.85));
#9376 = CARTESIAN_POINT('',(3.052916421471,13.3,-4.441506350946));
#9377 = CARTESIAN_POINT('',(3.549038105677,13.3,-4.033012701892));
#9378 = ADVANCED_FACE('',(#9379),#9406,.T.);
#9379 = FACE_BOUND('',#9380,.T.);
#9380 = EDGE_LOOP('',(#9381,#9382,#9404,#9405));
#9381 = ORIENTED_EDGE('',*,*,#9350,.T.);
#9382 = ORIENTED_EDGE('',*,*,#9383,.T.);
#9383 = EDGE_CURVE('',#9342,#9289,#9384,.T.);
#9384 = B_SPLINE_CURVE_WITH_KNOTS('',3,(#9385,#9386,#9387,#9388,#9389,
    #9390,#9391,#9392,#9393,#9394,#9395,#9396,#9397,#9398,#9399,#9400,
    #9401,#9402,#9403),.UNSPECIFIED.,.F.,.F.,(4,3,3,3,3,3,4),(
    -6.00000000017E-08,0.,7.640372085377E-05,2.623977078693E-04,
    4.360916538939E-04,5.034310863103E-04,5.034910863103E-04),
  .UNSPECIFIED.);
#9385 = CARTESIAN_POINT('',(3.510622547059,10.162887873137,
    -4.081142147477));
#9386 = CARTESIAN_POINT('',(3.510613369312,10.162888845901,
    -4.081124404234));
#9387 = CARTESIAN_POINT('',(3.510604191555,10.162889818665,
    -4.081106660995));
#9388 = CARTESIAN_POINT('',(3.510595013792,10.162890791441,
    -4.081088917761));
#9389 = CARTESIAN_POINT('',(3.498908093187,10.164129519523,
    -4.058494765332));
#9390 = CARTESIAN_POINT('',(3.487209116305,10.165380809551,
    -4.035907529825));
#9391 = CARTESIAN_POINT('',(3.475497902379,10.166644731568,
    -4.013327355911));
#9392 = CARTESIAN_POINT('',(3.446988658361,10.169721565568,
    -3.958359212373));
#9393 = CARTESIAN_POINT('',(3.418406942966,10.172873439274,
    -3.903432734695));
#9394 = CARTESIAN_POINT('',(3.389749695171,10.176101144696,
    -3.848550271444));
#9395 = CARTESIAN_POINT('',(3.362987586335,10.179115397999,
    -3.797297252828));
#9396 = CARTESIAN_POINT('',(3.336158659804,10.182194315567,
    -3.746082822896));
#9397 = CARTESIAN_POINT('',(3.309254348605,10.185329194707,
    -3.694911554774));
#9398 = CARTESIAN_POINT('',(3.298823798327,10.186544558083,
    -3.67507293185));
#9399 = CARTESIAN_POINT('',(3.288381917396,10.187768315206,
    -3.65524077429));
#9400 = CARTESIAN_POINT('',(3.277928244563,10.188999890139,
    -3.635415326143));
#9401 = CARTESIAN_POINT('',(3.277918930254,10.189000987483,
    -3.635397661503));
#9402 = CARTESIAN_POINT('',(3.277909615936,10.189002084835,
    -3.635379996869));
#9403 = CARTESIAN_POINT('',(3.277900301608,10.189003182193,
    -3.63536233224));
#9404 = ORIENTED_EDGE('',*,*,#9288,.F.);
#9405 = ORIENTED_EDGE('',*,*,#9210,.T.);
#9406 = B_SPLINE_SURFACE_WITH_KNOTS('',3,3,(
    (#9407,#9408,#9409,#9410)
    ,(#9411,#9412,#9413,#9414)
    ,(#9415,#9416,#9417,#9418)
    ,(#9419,#9420,#9421,#9422)
    ,(#9423,#9424,#9425,#9426
  )),.UNSPECIFIED.,.F.,.F.,.F.,(4,1,4),(4,4),(0.,0.5,1.),(0.,1.),
  .UNSPECIFIED.);
#9407 = CARTESIAN_POINT('',(2.,7.454700538379,-4.35));
#9408 = CARTESIAN_POINT('',(2.851287537597,7.946191627368,-4.35));
#9409 = CARTESIAN_POINT('',(3.075162821637,9.123095813684,-3.975));
#9410 = CARTESIAN_POINT('',(3.299038105677,10.3,-3.6));
#9411 = CARTESIAN_POINT('',(2.,7.454700538379,-4.433333333333));
#9412 = CARTESIAN_POINT('',(2.858880762464,7.95057557779,-4.433333333333
    ));
#9413 = CARTESIAN_POINT('',(3.099792767404,9.125287788895,
    -4.052751058491));
#9414 = CARTESIAN_POINT('',(3.340704772343,10.3,-3.672168783649));
#9415 = CARTESIAN_POINT('',(2.,7.454700538379,-4.6));
#9416 = CARTESIAN_POINT('',(2.874067212198,7.959343478632,-4.6));
#9417 = CARTESIAN_POINT('',(3.149052658938,9.129671739316,
    -4.208253175473));
#9418 = CARTESIAN_POINT('',(3.424038105677,10.3,-3.816506350946));
#9419 = CARTESIAN_POINT('',(2.,7.454700538379,-4.766666666667));
#9420 = CARTESIAN_POINT('',(2.889933544321,7.968503909754,
    -4.766666666667));
#9421 = CARTESIAN_POINT('',(3.198652491665,9.134251954877,
    -4.363755292455));
#9422 = CARTESIAN_POINT('',(3.50737143901,10.3,-3.960843918244));
#9423 = CARTESIAN_POINT('',(2.,7.454700538379,-4.85));
#9424 = CARTESIAN_POINT('',(2.897866710382,7.973084125315,-4.85));
#9425 = CARTESIAN_POINT('',(3.223452408029,9.136542062657,
    -4.441506350946));
#9426 = CARTESIAN_POINT('',(3.549038105677,10.3,-4.033012701892));
#9427 = ADVANCED_FACE('',(#9428),#9434,.T.);
#9428 = FACE_BOUND('',#9429,.T.);
#9429 = EDGE_LOOP('',(#9430,#9431,#9432,#9433));
#9430 = ORIENTED_EDGE('',*,*,#9329,.F.);
#9431 = ORIENTED_EDGE('',*,*,#9122,.F.);
#9432 = ORIENTED_EDGE('',*,*,#9275,.F.);
#9433 = ORIENTED_EDGE('',*,*,#9234,.F.);
#9434 = CYLINDRICAL_SURFACE('',#9435,0.75);
#9435 = AXIS2_PLACEMENT_3D('',#9436,#9437,#9438);
#9436 = CARTESIAN_POINT('',(0.265913799607,12.55,0.153525403784));
#9437 = DIRECTION('',(0.5,0.,-0.866025403784));
#9438 = DIRECTION('',(-0.866025403784,0.,-0.5));
#9439 = ADVANCED_FACE('',(#9440),#9446,.T.);
#9440 = FACE_BOUND('',#9441,.T.);
#9441 = EDGE_LOOP('',(#9442,#9443,#9444,#9445));
#9442 = ORIENTED_EDGE('',*,*,#9297,.F.);
#9443 = ORIENTED_EDGE('',*,*,#9383,.F.);
#9444 = ORIENTED_EDGE('',*,*,#9341,.F.);
#9445 = ORIENTED_EDGE('',*,*,#9250,.F.);
#9446 = ( BOUNDED_SURFACE() B_SPLINE_SURFACE(3,2,(
    (#9447,#9448,#9449)
    ,(#9450,#9451,#9452)
    ,(#9453,#9454,#9455)
    ,(#9456,#9457,#9458
)),.UNSPECIFIED.,.F.,.F.,.F.) B_SPLINE_SURFACE_WITH_KNOTS((4,4),(3,3),(
    1.792504834725E-03,2.307444655899E-03),(0.,1.),
.PIECEWISE_BEZIER_KNOTS.) GEOMETRIC_REPRESENTATION_ITEM() 
RATIONAL_B_SPLINE_SURFACE((
    (1.,0.988083464759,1.)
    ,(1.,0.98585989366,1.)
    ,(1.,0.983365926492,1.)
,(1.,0.980654369962,1.))) REPRESENTATION_ITEM('') SURFACE() );
#9447 = CARTESIAN_POINT('',(3.272405888605,10.189651100133,
    -3.624944846922));
#9448 = CARTESIAN_POINT('',(3.2995902298,10.300714866045,-3.600956307034
    ));
#9449 = CARTESIAN_POINT('',(3.295820347565,10.417302817836,
    -3.594426679464));
#9450 = CARTESIAN_POINT('',(3.352980852483,10.180140677322,
    -3.777676904623));
#9451 = CARTESIAN_POINT('',(3.385770095459,10.300724752414,
    -3.750224212945));
#9452 = CARTESIAN_POINT('',(3.381464775868,10.428380100123,
    -3.74276718067));
#9453 = CARTESIAN_POINT('',(3.432763779986,10.171134186291,
    -3.930602218837));
#9454 = CARTESIAN_POINT('',(3.471749135018,10.300716950933,
    -3.899144277847));
#9455 = CARTESIAN_POINT('',(3.467113167759,10.439332395094,
    -3.891114547012));
#9456 = CARTESIAN_POINT('',(3.512032455121,10.162738489419,
    -4.083868054984));
#9457 = CARTESIAN_POINT('',(3.557467523283,10.300699705164,
    -4.047612881464));
#9458 = CARTESIAN_POINT('',(3.552767129651,10.450110900443,
    -4.039471560879));
#9459 = ADVANCED_FACE('',(#9460),#9503,.F.);
#9460 = FACE_BOUND('',#9461,.T.);
#9461 = EDGE_LOOP('',(#9462,#9471,#9472,#9481,#9489,#9497));
#9462 = ORIENTED_EDGE('',*,*,#9463,.T.);
#9463 = EDGE_CURVE('',#9464,#9139,#9466,.T.);
#9464 = VERTEX_POINT('',#9465);
#9465 = CARTESIAN_POINT('',(-1.763198076116E-14,14.,-5.05));
#9466 = CIRCLE('',#9467,0.7);
#9467 = AXIS2_PLACEMENT_3D('',#9468,#9469,#9470);
#9468 = CARTESIAN_POINT('',(-1.763198076116E-14,13.3,-5.05));
#9469 = DIRECTION('',(1.,0.,-3.491481338843E-15));
#9470 = DIRECTION('',(3.491481338843E-15,0.,1.));
#9471 = ORIENTED_EDGE('',*,*,#9138,.F.);
#9472 = ORIENTED_EDGE('',*,*,#9473,.F.);
#9473 = EDGE_CURVE('',#9474,#9090,#9476,.T.);
#9474 = VERTEX_POINT('',#9475);
#9475 = CARTESIAN_POINT('',(-1.765456600772E-14,13.5,-5.05));
#9476 = CIRCLE('',#9477,0.2);
#9477 = AXIS2_PLACEMENT_3D('',#9478,#9479,#9480);
#9478 = CARTESIAN_POINT('',(-1.763198076116E-14,13.3,-5.05));
#9479 = DIRECTION('',(1.,0.,-3.491481338843E-15));
#9480 = DIRECTION('',(3.491481338843E-15,0.,1.));
#9481 = ORIENTED_EDGE('',*,*,#9482,.T.);
#9482 = EDGE_CURVE('',#9474,#9483,#9485,.T.);
#9483 = VERTEX_POINT('',#9484);
#9484 = CARTESIAN_POINT('',(-2.478951750579E-14,13.5,-7.1));
#9485 = LINE('',#9486,#9487);
#9486 = CARTESIAN_POINT('',(0.,13.5,-1.688025110518E-14));
#9487 = VECTOR('',#9488,1.);
#9488 = DIRECTION('',(-3.480464145398E-15,0.,-1.));
#9489 = ORIENTED_EDGE('',*,*,#9490,.T.);
#9490 = EDGE_CURVE('',#9483,#9491,#9493,.T.);
#9491 = VERTEX_POINT('',#9492);
#9492 = CARTESIAN_POINT('',(-2.478951750579E-14,14.,-7.1));
#9493 = LINE('',#9494,#9495);
#9494 = CARTESIAN_POINT('',(-2.478951750579E-14,-3.75,-7.1));
#9495 = VECTOR('',#9496,1.);
#9496 = DIRECTION('',(-0.,1.,-0.));
#9497 = ORIENTED_EDGE('',*,*,#9498,.T.);
#9498 = EDGE_CURVE('',#9491,#9464,#9499,.T.);
#9499 = LINE('',#9500,#9501);
#9500 = CARTESIAN_POINT('',(2.463307335887E-14,14.,7.1));
#9501 = VECTOR('',#9502,1.);
#9502 = DIRECTION('',(3.480464145398E-15,-0.,1.));
#9503 = PLANE('',#9504);
#9504 = AXIS2_PLACEMENT_3D('',#9505,#9506,#9507);
#9505 = CARTESIAN_POINT('',(-1.44896475562E-14,0.7,-4.15));
#9506 = DIRECTION('',(-1.,0.,3.491481338843E-15));
#9507 = DIRECTION('',(3.491481338843E-15,0.,1.));
#9508 = ADVANCED_FACE('',(#9509),#9598,.T.);
#9509 = FACE_BOUND('',#9510,.T.);
#9510 = EDGE_LOOP('',(#9511,#9522,#9531,#9542,#9550,#9561,#9572,#9580,
    #9591));
#9511 = ORIENTED_EDGE('',*,*,#9512,.T.);
#9512 = EDGE_CURVE('',#9513,#9515,#9517,.T.);
#9513 = VERTEX_POINT('',#9514);
#9514 = CARTESIAN_POINT('',(-1.668922976377,13.1926440846,4.350000009328
    ));
#9515 = VERTEX_POINT('',#9516);
#9516 = CARTESIAN_POINT('',(-1.684141773969,13.3,4.35));
#9517 = B_SPLINE_CURVE_WITH_KNOTS('',3,(#9518,#9519,#9520,#9521),
  .UNSPECIFIED.,.F.,.F.,(4,4),(2.01505230798E-14,1.084292597775E-04),
  .PIECEWISE_BEZIER_KNOTS.);
#9518 = CARTESIAN_POINT('',(-1.668922976377,13.1926440846,4.350000009328
    ));
#9519 = CARTESIAN_POINT('',(-1.673396610721,13.228509239036,
    4.350000004663));
#9520 = CARTESIAN_POINT('',(-1.678498598683,13.264300178136,4.35));
#9521 = CARTESIAN_POINT('',(-1.684141773969,13.3,4.35));
#9522 = ORIENTED_EDGE('',*,*,#9523,.T.);
#9523 = EDGE_CURVE('',#9515,#9524,#9526,.T.);
#9524 = VERTEX_POINT('',#9525);
#9525 = CARTESIAN_POINT('',(-1.652745600663,13.3,4.363596945955));
#9526 = B_SPLINE_CURVE_WITH_KNOTS('',3,(#9527,#9528,#9529,#9530),
  .UNSPECIFIED.,.F.,.F.,(4,4),(3.878959614449E-18,3.421398307116E-05),
  .PIECEWISE_BEZIER_KNOTS.);
#9527 = CARTESIAN_POINT('',(-1.684141773969,13.3,4.35));
#9528 = CARTESIAN_POINT('',(-1.673464634517,13.3,4.354632763759));
#9529 = CARTESIAN_POINT('',(-1.663006354761,13.3,4.359166901265));
#9530 = CARTESIAN_POINT('',(-1.652745600663,13.3,4.363596945955));
#9531 = ORIENTED_EDGE('',*,*,#9532,.F.);
#9532 = EDGE_CURVE('',#9533,#9524,#9535,.T.);
#9533 = VERTEX_POINT('',#9534);
#9534 = CARTESIAN_POINT('',(-1.712940192072,13.5,4.537437150902));
#9535 = B_SPLINE_CURVE_WITH_KNOTS('',3,(#9536,#9537,#9538,#9539,#9540,
    #9541),.UNSPECIFIED.,.F.,.F.,(4,2,4),(0.,0.163863393893,
    0.23987581263),.UNSPECIFIED.);
#9536 = CARTESIAN_POINT('',(-1.712940192072,13.5,4.537437150902));
#9537 = CARTESIAN_POINT('',(-1.674384057564,13.5,4.464273351109));
#9538 = CARTESIAN_POINT('',(-1.638298017066,13.471858167659,
    4.385717694621));
#9539 = CARTESIAN_POINT('',(-1.64541127854,13.366666666667,
    4.372124408578));
#9540 = CARTESIAN_POINT('',(-1.648636847781,13.333333333333,
    4.367847008035));
#9541 = CARTESIAN_POINT('',(-1.652745600663,13.3,4.363596945955));
#9542 = ORIENTED_EDGE('',*,*,#9543,.T.);
#9543 = EDGE_CURVE('',#9533,#9544,#9546,.T.);
#9544 = VERTEX_POINT('',#9545);
#9545 = CARTESIAN_POINT('',(-2.774549648938,13.5,3.9779862048));
#9546 = LINE('',#9547,#9548);
#9547 = CARTESIAN_POINT('',(-2.774549648938,13.5,3.9779862048));
#9548 = VECTOR('',#9549,1.);
#9549 = DIRECTION('',(-0.884674547388,-0.,-0.466209121751));
#9550 = ORIENTED_EDGE('',*,*,#9551,.T.);
#9551 = EDGE_CURVE('',#9544,#9552,#9554,.T.);
#9552 = VERTEX_POINT('',#9553);
#9553 = CARTESIAN_POINT('',(-2.444925395824,12.457707599847,3.9688822908
    ));
#9554 = B_SPLINE_CURVE_WITH_KNOTS('',3,(#9555,#9556,#9557,#9558,#9559,
    #9560),.UNSPECIFIED.,.F.,.F.,(4,2,4),(0.,0.163863393893,
    0.880122638825),.UNSPECIFIED.);
#9555 = CARTESIAN_POINT('',(-2.774549648938,13.5,3.9779862048));
#9556 = CARTESIAN_POINT('',(-2.735993514429,13.5,3.904822405008));
#9557 = CARTESIAN_POINT('',(-2.691593369637,13.471858167659,
    3.830648146484));
#9558 = CARTESIAN_POINT('',(-2.635698537959,13.085902533282,
    3.823982813808));
#9559 = CARTESIAN_POINT('',(-2.543649680685,12.771805066564,
    3.891223535757));
#9560 = CARTESIAN_POINT('',(-2.444925395824,12.457707599847,3.9688822908
    ));
#9561 = ORIENTED_EDGE('',*,*,#9562,.T.);
#9562 = EDGE_CURVE('',#9552,#9563,#9565,.T.);
#9563 = VERTEX_POINT('',#9564);
#9564 = CARTESIAN_POINT('',(-2.245085545814,12.3,4.087451312395));
#9565 = B_SPLINE_CURVE_WITH_KNOTS('',3,(#9566,#9567,#9568,#9569,#9570,
    #9571),.UNSPECIFIED.,.F.,.F.,(4,2,4),(0.,1.485245066783E-04,
    2.970490133567E-04),.UNSPECIFIED.);
#9566 = CARTESIAN_POINT('',(-2.444925395824,12.457707599847,3.9688822908
    ));
#9567 = CARTESIAN_POINT('',(-2.430292251497,12.411151338944,
    3.980393053046));
#9568 = CARTESIAN_POINT('',(-2.403581845751,12.371174231989,
    3.998437934776));
#9569 = CARTESIAN_POINT('',(-2.33292571321,12.315278020052,
    4.040563737376));
#9570 = CARTESIAN_POINT('',(-2.289443810843,12.3,4.064075226983));
#9571 = CARTESIAN_POINT('',(-2.245085545814,12.3,4.087451312395));
#9572 = ORIENTED_EDGE('',*,*,#9573,.F.);
#9573 = EDGE_CURVE('',#9574,#9563,#9576,.T.);
#9574 = VERTEX_POINT('',#9575);
#9575 = CARTESIAN_POINT('',(-2.10254155867,12.3,4.162569679091));
#9576 = LINE('',#9577,#9578);
#9577 = CARTESIAN_POINT('',(-1.952644915395,12.3,4.241562776181));
#9578 = VECTOR('',#9579,1.);
#9579 = DIRECTION('',(-0.884674547388,0.,-0.466209121751));
#9580 = ORIENTED_EDGE('',*,*,#9581,.T.);
#9581 = EDGE_CURVE('',#9574,#9582,#9584,.T.);
#9582 = VERTEX_POINT('',#9583);
#9583 = CARTESIAN_POINT('',(-1.89176646177,12.457707599847,
    4.260388067242));
#9584 = B_SPLINE_CURVE_WITH_KNOTS('',3,(#9585,#9586,#9587,#9588,#9589,
    #9590),.UNSPECIFIED.,.F.,.F.,(4,2,4),(0.,1.485325888256E-04,
    2.970651776512E-04),.UNSPECIFIED.);
#9585 = CARTESIAN_POINT('',(-2.10254155867,12.3,4.162569679091));
#9586 = CARTESIAN_POINT('',(-2.058184237387,12.3,4.185945267164));
#9587 = CARTESIAN_POINT('',(-2.014530282227,12.315127930815,
    4.208364334547));
#9588 = CARTESIAN_POINT('',(-1.939776766639,12.370890700691,
    4.242882235737));
#9589 = CARTESIAN_POINT('',(-1.909534016469,12.41115031351,
    4.254824270883));
#9590 = CARTESIAN_POINT('',(-1.89176646177,12.457707599847,
    4.260388067242));
#9591 = ORIENTED_EDGE('',*,*,#9592,.F.);
#9592 = EDGE_CURVE('',#9513,#9582,#9593,.T.);
#9593 = B_SPLINE_CURVE_WITH_KNOTS('',3,(#9594,#9595,#9596,#9597),
  .UNSPECIFIED.,.F.,.F.,(4,4),(0.321479640583,0.880122638825),
  .PIECEWISE_BEZIER_KNOTS.);
#9594 = CARTESIAN_POINT('',(-1.668922976377,13.1926440846,4.350000009328
    ));
#9595 = CARTESIAN_POINT('',(-1.712308211051,12.947665256349,
    4.319172995563));
#9596 = CARTESIAN_POINT('',(-1.798275730809,12.702686428098,
    4.289664092974));
#9597 = CARTESIAN_POINT('',(-1.89176646177,12.457707599847,
    4.260388067242));
#9598 = B_SPLINE_SURFACE_WITH_KNOTS('',3,3,(
    (#9599,#9600,#9601,#9602,#9603,#9604)
    ,(#9605,#9606,#9607,#9608,#9609,#9610)
    ,(#9611,#9612,#9613,#9614,#9615,#9616)
    ,(#9617,#9618,#9619,#9620,#9621,#9622)
    ,(#9623,#9624,#9625,#9626,#9627,#9628)
    ,(#9629,#9630,#9631,#9632,#9633,#9634)
    ,(#9635,#9636,#9637,#9638,#9639,#9640)
    ,(#9641,#9642,#9643,#9644,#9645,#9646)
    ,(#9647,#9648,#9649,#9650,#9651,#9652)
    ,(#9653,#9654,#9655,#9656,#9657,#9658)
    ,(#9659,#9660,#9661,#9662,#9663,#9664)
    ,(#9665,#9666,#9667,#9668,#9669,#9670
    )),.UNSPECIFIED.,.F.,.F.,.F.,(4,1,1,1,2,1,1,1,4),(4,2,4),(
    0.698529411765,0.736213235294,0.773897058824,0.811580882353,
    0.849264705882,0.886948529412,0.924632352941,0.962316176471,1.),(0.,
    0.163863393893,1.),.UNSPECIFIED.);
#9599 = CARTESIAN_POINT('',(-1.712940192072,13.5,4.537437150902));
#9600 = CARTESIAN_POINT('',(-1.674384057564,13.5,4.464273351109));
#9601 = CARTESIAN_POINT('',(-1.638298017066,13.471858167659,
    4.385717694621));
#9602 = CARTESIAN_POINT('',(-1.667951950892,13.033333333333,
    4.329049680057));
#9603 = CARTESIAN_POINT('',(-1.810298433144,12.666666666667,
    4.285306228119));
#9604 = CARTESIAN_POINT('',(-1.952644915395,12.3,4.241562776181));
#9605 = CARTESIAN_POINT('',(-1.747939158815,13.5,4.518993263717));
#9606 = CARTESIAN_POINT('',(-1.709857803615,13.5,4.446730401186));
#9607 = CARTESIAN_POINT('',(-1.673980335986,13.471858167659,4.3689330243
    ));
#9608 = CARTESIAN_POINT('',(-1.703548759077,13.033333333333,
    4.316164589111));
#9609 = CARTESIAN_POINT('',(-1.840028303171,12.666666666667,
    4.272575993833));
#9610 = CARTESIAN_POINT('',(-1.976507847266,12.3,4.228987398554));
#9611 = CARTESIAN_POINT('',(-1.823760647139,13.5,4.479036570506));
#9612 = CARTESIAN_POINT('',(-1.786628850555,13.5,4.408575582498));
#9613 = CARTESIAN_POINT('',(-1.7509838683,13.471858167659,4.33239207783)
  );
#9614 = CARTESIAN_POINT('',(-1.778312097267,13.033333333333,
    4.288513221782));
#9615 = CARTESIAN_POINT('',(-1.897307510995,12.666666666667,
    4.24826463034));
#9616 = CARTESIAN_POINT('',(-2.016302924723,12.3,4.208016038899));
#9617 = CARTESIAN_POINT('',(-1.957365973783,13.5,4.408628732754));
#9618 = CARTESIAN_POINT('',(-1.922241884692,13.5,4.341977553769));
#9619 = CARTESIAN_POINT('',(-1.887032677871,13.471858167659,
    4.269235750045));
#9620 = CARTESIAN_POINT('',(-1.908999279179,13.033333333333,
    4.244482045934));
#9621 = CARTESIAN_POINT('',(-1.989289938755,12.666666666667,
    4.212210807964));
#9622 = CARTESIAN_POINT('',(-2.06958059833,12.3,4.179939569993));
#9623 = CARTESIAN_POINT('',(-2.104780598841,13.5,4.330943618963));
#9624 = CARTESIAN_POINT('',(-2.071078964888,13.5,4.266991679001));
#9625 = CARTESIAN_POINT('',(-2.035646694541,13.471858167659,
    4.196968565572));
#9626 = CARTESIAN_POINT('',(-2.047855522148,13.033333333333,
    4.188905314089));
#9627 = CARTESIAN_POINT('',(-2.084163633974,12.666666666667,
    4.17101303785));
#9628 = CARTESIAN_POINT('',(-2.1204717458,12.3,4.153120761611));
#9629 = CARTESIAN_POINT('',(-2.199511193135,13.5,4.281022133939));
#9630 = CARTESIAN_POINT('',(-2.166010077731,13.5,4.217451137989));
#9631 = CARTESIAN_POINT('',(-2.129925680883,13.471858167659,
    4.148138691329));
#9632 = CARTESIAN_POINT('',(-2.133802749156,13.033333333333,
    4.146095539302));
#9633 = CARTESIAN_POINT('',(-2.144593617762,12.666666666667,
    4.140408926761));
#9634 = CARTESIAN_POINT('',(-2.155382832505,12.3,4.134723185779));
#9635 = CARTESIAN_POINT('',(-2.287978647874,13.5,4.234401221763));
#9636 = CARTESIAN_POINT('',(-2.254477896809,13.5,4.170830033813));
#9637 = CARTESIAN_POINT('',(-2.217701423601,13.471858167659,
    4.101882300157));
#9638 = CARTESIAN_POINT('',(-2.213824355329,13.033333333333,
    4.103925452183));
#9639 = CARTESIAN_POINT('',(-2.203033486722,12.666666666667,
    4.109612064724));
#9640 = CARTESIAN_POINT('',(-2.192244271979,12.3,4.115297805706));
#9641 = CARTESIAN_POINT('',(-2.382709242169,13.5,4.184479736739));
#9642 = CARTESIAN_POINT('',(-2.349007608216,13.5,4.120527796777));
#9643 = CARTESIAN_POINT('',(-2.311276269573,13.471858167659,
    4.051716255009));
#9644 = CARTESIAN_POINT('',(-2.2977233736,13.033333333333,4.057229013552
    ));
#9645 = CARTESIAN_POINT('',(-2.262439366142,12.666666666667,
    4.077064621713));
#9646 = CARTESIAN_POINT('',(-2.227155358685,12.3,4.096900229874));
#9647 = CARTESIAN_POINT('',(-2.530123867227,13.5,4.106794622948));
#9648 = CARTESIAN_POINT('',(-2.494999778137,13.5,4.040143443963));
#9649 = CARTESIAN_POINT('',(-2.454899730673,13.471858167659,
    3.969979033844));
#9650 = CARTESIAN_POINT('',(-2.422063051491,13.033333333333,
    3.974105768694));
#9651 = CARTESIAN_POINT('',(-2.350054778823,12.666666666667,
    4.022093595093));
#9652 = CARTESIAN_POINT('',(-2.278046506154,12.3,4.070081421493));
#9653 = CARTESIAN_POINT('',(-2.663729193871,13.5,4.036386785196));
#9654 = CARTESIAN_POINT('',(-2.626597397286,13.5,3.965925797188));
#9655 = CARTESIAN_POINT('',(-2.58390467956,13.471858167659,
    3.893456334678));
#9656 = CARTESIAN_POINT('',(-2.532260999167,13.033333333333,
    3.891194392571));
#9657 = CARTESIAN_POINT('',(-2.431792589464,12.666666666667,
    3.966599672579));
#9658 = CARTESIAN_POINT('',(-2.331324179761,12.3,4.042004952587));
#9659 = CARTESIAN_POINT('',(-2.739550682194,13.5,3.996430091985));
#9660 = CARTESIAN_POINT('',(-2.701469326994,13.5,3.924167229454));
#9661 = CARTESIAN_POINT('',(-2.657576771103,13.471858167659,
    3.85059367394));
#9662 = CARTESIAN_POINT('',(-2.597333817716,13.033333333333,
    3.845154375861));
#9663 = CARTESIAN_POINT('',(-2.484226537467,12.666666666667,
    3.933093984396));
#9664 = CARTESIAN_POINT('',(-2.371119257219,12.3,4.021033592931));
#9665 = CARTESIAN_POINT('',(-2.774549648938,13.5,3.9779862048));
#9666 = CARTESIAN_POINT('',(-2.735993514429,13.5,3.904822405008));
#9667 = CARTESIAN_POINT('',(-2.691593369637,13.471858167659,
    3.830648146484));
#9668 = CARTESIAN_POINT('',(-2.628085366079,13.033333333333,
    3.823074960223));
#9669 = CARTESIAN_POINT('',(-2.511533777584,12.666666666667,
    3.915766587764));
#9670 = CARTESIAN_POINT('',(-2.394982189089,12.3,4.008458215305));
#9671 = ADVANCED_FACE('',(#9672),#9733,.T.);
#9672 = FACE_BOUND('',#9673,.T.);
#9673 = EDGE_LOOP('',(#9674,#9675,#9684,#9691,#9692,#9716,#9727));
#9674 = ORIENTED_EDGE('',*,*,#9532,.T.);
#9675 = ORIENTED_EDGE('',*,*,#9676,.T.);
#9676 = EDGE_CURVE('',#9524,#9677,#9679,.T.);
#9677 = VERTEX_POINT('',#9678);
#9678 = CARTESIAN_POINT('',(-1.648482729828,13.3,4.35));
#9679 = B_SPLINE_CURVE_WITH_KNOTS('',3,(#9680,#9681,#9682,#9683),
  .UNSPECIFIED.,.F.,.F.,(4,4),(0.,1.4249526556E-05),
  .PIECEWISE_BEZIER_KNOTS.);
#9680 = CARTESIAN_POINT('',(-1.652745600663,13.3,4.363596945955));
#9681 = CARTESIAN_POINT('',(-1.651336772973,13.3,4.359060845722));
#9682 = CARTESIAN_POINT('',(-1.649915140149,13.3,4.354528708586));
#9683 = CARTESIAN_POINT('',(-1.648482729828,13.3,4.35));
#9684 = ORIENTED_EDGE('',*,*,#9685,.T.);
#9685 = EDGE_CURVE('',#9677,#9513,#9686,.T.);
#9686 = B_SPLINE_CURVE_WITH_KNOTS('',3,(#9687,#9688,#9689,#9690),
  .UNSPECIFIED.,.F.,.F.,(4,4),(1.748223473169E-18,1.092844739676E-04),
  .PIECEWISE_BEZIER_KNOTS.);
#9687 = CARTESIAN_POINT('',(-1.648482729828,13.3,4.35));
#9688 = CARTESIAN_POINT('',(-1.65441405568,13.264057962403,4.35));
#9689 = CARTESIAN_POINT('',(-1.661253294398,13.228255693391,4.35));
#9690 = CARTESIAN_POINT('',(-1.668922976377,13.1926440846,4.350000009328
    ));
#9691 = ORIENTED_EDGE('',*,*,#9592,.T.);
#9692 = ORIENTED_EDGE('',*,*,#9693,.T.);
#9693 = EDGE_CURVE('',#9582,#9694,#9696,.T.);
#9694 = VERTEX_POINT('',#9695);
#9695 = CARTESIAN_POINT('',(-1.65522070212,12.486918977439,
    3.778899337176));
#9696 = B_SPLINE_CURVE_WITH_KNOTS('',3,(#9697,#9698,#9699,#9700,#9701,
    #9702,#9703,#9704,#9705,#9706,#9707,#9708,#9709,#9710,#9711,#9712,
    #9713,#9714,#9715),.UNSPECIFIED.,.F.,.F.,(4,3,3,3,3,3,4),(
    -5.999999999763E-08,0.,1.024968859586E-04,2.486490632112E-04,
    3.947423284807E-04,5.371677781161E-04,5.372277781161E-04),
  .UNSPECIFIED.);
#9697 = CARTESIAN_POINT('',(-1.89176646177,12.457707599847,
    4.260388067242));
#9698 = CARTESIAN_POINT('',(-1.891757791719,12.457709138999,
    4.260370110037));
#9699 = CARTESIAN_POINT('',(-1.89174912168,12.457710678089,4.26035215282
    ));
#9700 = CARTESIAN_POINT('',(-1.891740451611,12.457712217116,
    4.260334195613));
#9701 = CARTESIAN_POINT('',(-1.876929532941,12.460341308905,
    4.229658231964));
#9702 = CARTESIAN_POINT('',(-1.862070195499,12.462787281563,
    4.198989426804));
#9703 = CARTESIAN_POINT('',(-1.84716296629,12.465060577198,
    4.168331690007));
#9704 = CARTESIAN_POINT('',(-1.825906683059,12.468302079371,
    4.124616689226));
#9705 = CARTESIAN_POINT('',(-1.804551148754,12.471184642968,
    4.080922556799));
#9706 = CARTESIAN_POINT('',(-1.783111909721,12.473814265062,
    4.03725583808));
#9707 = CARTESIAN_POINT('',(-1.761681166604,12.476442845092,
    3.993606423554));
#9708 = CARTESIAN_POINT('',(-1.740166198497,12.478824592851,
    3.949983021872));
#9709 = CARTESIAN_POINT('',(-1.718578600262,12.481015167511,
    3.906386754175));
#9710 = CARTESIAN_POINT('',(-1.697532910311,12.483150752703,
    3.863884873095));
#9711 = CARTESIAN_POINT('',(-1.676418377206,12.485101406496,
    3.821407540055));
#9712 = CARTESIAN_POINT('',(-1.655247458351,12.486916683331,
    3.77895299201));
#9713 = CARTESIAN_POINT('',(-1.655238539617,12.486917448058,
    3.778935107061));
#9714 = CARTESIAN_POINT('',(-1.655229620864,12.48691821276,
    3.778917222121));
#9715 = CARTESIAN_POINT('',(-1.65522070212,12.486918977439,
    3.778899337176));
#9716 = ORIENTED_EDGE('',*,*,#9717,.F.);
#9717 = EDGE_CURVE('',#9718,#9694,#9720,.T.);
#9718 = VERTEX_POINT('',#9719);
#9719 = CARTESIAN_POINT('',(-1.712940192072,14.,4.537437150902));
#9720 = B_SPLINE_CURVE_WITH_KNOTS('',3,(#9721,#9722,#9723,#9724,#9725,
    #9726),.UNSPECIFIED.,.F.,.F.,(4,2,4),(0.,0.163863393893,
    0.909417555034),.UNSPECIFIED.);
#9721 = CARTESIAN_POINT('',(-1.712940192072,14.,4.537437150902));
#9722 = CARTESIAN_POINT('',(-1.613838022786,14.,4.349381699671));
#9723 = CARTESIAN_POINT('',(-1.528958295653,13.965145364694,
    4.178235549723));
#9724 = CARTESIAN_POINT('',(-1.339664372051,13.497937799383,
    3.716324201363));
#9725 = CARTESIAN_POINT('',(-1.481361209546,12.998722181319,
    3.726545930639));
#9726 = CARTESIAN_POINT('',(-1.65522070212,12.486918977439,
    3.778899337176));
#9727 = ORIENTED_EDGE('',*,*,#9728,.F.);
#9728 = EDGE_CURVE('',#9533,#9718,#9729,.T.);
#9729 = LINE('',#9730,#9731);
#9730 = CARTESIAN_POINT('',(-1.712940192072,12.107022393701,
    4.537437150902));
#9731 = VECTOR('',#9732,1.);
#9732 = DIRECTION('',(0.,1.,0.));
#9733 = B_SPLINE_SURFACE_WITH_KNOTS('',3,3,(
    (#9734,#9735,#9736,#9737,#9738,#9739)
    ,(#9740,#9741,#9742,#9743,#9744,#9745)
    ,(#9746,#9747,#9748,#9749,#9750,#9751)
    ,(#9752,#9753,#9754,#9755,#9756,#9757)
    ,(#9758,#9759,#9760,#9761,#9762,#9763)
    ,(#9764,#9765,#9766,#9767,#9768,#9769)
    ,(#9770,#9771,#9772,#9773,#9774,#9775
    )),.UNSPECIFIED.,.F.,.F.,.F.,(4,1,1,1,4),(4,2,4),(0.5,0.549632352941
    ,0.599264705882,0.648897058824,0.698529411765),(0.,0.163863393893,1.
    ),.UNSPECIFIED.);
#9734 = CARTESIAN_POINT('',(-1.712940192072,14.,4.537437150902));
#9735 = CARTESIAN_POINT('',(-1.613838022786,14.,4.349381699671));
#9736 = CARTESIAN_POINT('',(-1.528958295653,13.965145364694,
    4.178235549723));
#9737 = CARTESIAN_POINT('',(-1.32080976965,13.451401636387,
    3.670315567528));
#9738 = CARTESIAN_POINT('',(-1.520175062085,12.875700818193,
    3.734770535007));
#9739 = CARTESIAN_POINT('',(-1.71954035452,12.3,3.799225502487));
#9740 = CARTESIAN_POINT('',(-1.712940192072,13.958333333333,
    4.537437150902));
#9741 = CARTESIAN_POINT('',(-1.619188295354,13.958333333333,
    4.359534332345));
#9742 = CARTESIAN_POINT('',(-1.538604567555,13.924038098275,
    4.196540234961));
#9743 = CARTESIAN_POINT('',(-1.351293415959,13.416562611132,
    3.728161080933));
#9744 = CARTESIAN_POINT('',(-1.545129575276,12.858281305566,
    3.782124011447));
#9745 = CARTESIAN_POINT('',(-1.738965734593,12.3,3.836086941961));
#9746 = CARTESIAN_POINT('',(-1.712940192072,13.875,4.537437150902));
#9747 = CARTESIAN_POINT('',(-1.629888840489,13.875,4.379839597694));
#9748 = CARTESIAN_POINT('',(-1.557897111359,13.841823565436,
    4.233149605438));
#9749 = CARTESIAN_POINT('',(-1.412260708578,13.346884560624,
    3.843852107742));
#9750 = CARTESIAN_POINT('',(-1.595038601658,12.823442280312,
    3.876830964326));
#9751 = CARTESIAN_POINT('',(-1.777816494738,12.3,3.90980982091));
#9752 = CARTESIAN_POINT('',(-1.712940192072,13.75,4.537437150902));
#9753 = CARTESIAN_POINT('',(-1.645395302125,13.75,4.409264530173));
#9754 = CARTESIAN_POINT('',(-1.585881014977,13.718501766177,
    4.286251627925));
#9755 = CARTESIAN_POINT('',(-1.500933992137,13.24236748486,
    4.012117792255));
#9756 = CARTESIAN_POINT('',(-1.668513313547,12.77118374243,
    4.016255965795));
#9757 = CARTESIAN_POINT('',(-1.836092634957,12.3,4.020394139334));
#9758 = CARTESIAN_POINT('',(-1.712940192072,13.625,4.537437150902));
#9759 = CARTESIAN_POINT('',(-1.660424371329,13.625,4.437783566751));
#9760 = CARTESIAN_POINT('',(-1.61302747445,13.595179966918,
    4.337764523377));
#9761 = CARTESIAN_POINT('',(-1.587171311952,13.137850409097,
    4.175761012252));
#9762 = CARTESIAN_POINT('',(-1.740770043564,12.718925204548,
    4.153369735005));
#9763 = CARTESIAN_POINT('',(-1.894368775176,12.3,4.130978457757));
#9764 = CARTESIAN_POINT('',(-1.712940192072,13.541666666667,
    4.537437150902));
#9765 = CARTESIAN_POINT('',(-1.669730828819,13.541666666667,
    4.45544342299));
#9766 = CARTESIAN_POINT('',(-1.62987450286,13.512965434079,
    4.369733304206));
#9767 = CARTESIAN_POINT('',(-1.641025071245,13.068172358588,
    4.277953457456));
#9768 = CARTESIAN_POINT('',(-1.787122303284,12.684086179294,
    4.241327397081));
#9769 = CARTESIAN_POINT('',(-1.933219535322,12.3,4.204701336706));
#9770 = CARTESIAN_POINT('',(-1.712940192072,13.5,4.537437150902));
#9771 = CARTESIAN_POINT('',(-1.674384057564,13.5,4.464273351109));
#9772 = CARTESIAN_POINT('',(-1.638298017066,13.471858167659,
    4.385717694621));
#9773 = CARTESIAN_POINT('',(-1.667951950892,13.033333333333,
    4.329049680057));
#9774 = CARTESIAN_POINT('',(-1.810298433144,12.666666666667,
    4.285306228119));
#9775 = CARTESIAN_POINT('',(-1.952644915395,12.3,4.241562776181));
#9776 = ADVANCED_FACE('',(#9777),#9813,.F.);
#9777 = FACE_BOUND('',#9778,.F.);
#9778 = EDGE_LOOP('',(#9779,#9790,#9798,#9807));
#9779 = ORIENTED_EDGE('',*,*,#9780,.T.);
#9780 = EDGE_CURVE('',#9781,#9783,#9785,.T.);
#9781 = VERTEX_POINT('',#9782);
#9782 = CARTESIAN_POINT('',(-1.783576901024,13.5,4.724547961248));
#9783 = VERTEX_POINT('',#9784);
#9784 = CARTESIAN_POINT('',(-1.307036177768,13.5,4.87792542276));
#9785 = CIRCLE('',#9786,5.05);
#9786 = AXIS2_PLACEMENT_3D('',#9787,#9788,#9789);
#9787 = CARTESIAN_POINT('',(0.,13.5,0.));
#9788 = DIRECTION('',(0.,1.,0.));
#9789 = DIRECTION('',(0.,0.,-1.));
#9790 = ORIENTED_EDGE('',*,*,#9791,.F.);
#9791 = EDGE_CURVE('',#9792,#9783,#9794,.T.);
#9792 = VERTEX_POINT('',#9793);
#9793 = CARTESIAN_POINT('',(-1.307036177768,14.,4.87792542276));
#9794 = LINE('',#9795,#9796);
#9795 = CARTESIAN_POINT('',(-1.307036177768,14.,4.87792542276));
#9796 = VECTOR('',#9797,1.);
#9797 = DIRECTION('',(-1.346938420708E-15,-1.,5.026842620748E-15));
#9798 = ORIENTED_EDGE('',*,*,#9799,.T.);
#9799 = EDGE_CURVE('',#9792,#9800,#9802,.T.);
#9800 = VERTEX_POINT('',#9801);
#9801 = CARTESIAN_POINT('',(-1.783576901024,14.,4.724547961248));
#9802 = CIRCLE('',#9803,5.05);
#9803 = AXIS2_PLACEMENT_3D('',#9804,#9805,#9806);
#9804 = CARTESIAN_POINT('',(0.,14.,0.));
#9805 = DIRECTION('',(0.,-1.,-0.));
#9806 = DIRECTION('',(0.,0.,-1.));
#9807 = ORIENTED_EDGE('',*,*,#9808,.F.);
#9808 = EDGE_CURVE('',#9781,#9800,#9809,.T.);
#9809 = LINE('',#9810,#9811);
#9810 = CARTESIAN_POINT('',(-1.783576901024,12.107022393701,
    4.724547961248));
#9811 = VECTOR('',#9812,1.);
#9812 = DIRECTION('',(0.,1.,0.));
#9813 = CYLINDRICAL_SURFACE('',#9814,5.05);
#9814 = AXIS2_PLACEMENT_3D('',#9815,#9816,#9817);
#9815 = CARTESIAN_POINT('',(0.,0.,0.));
#9816 = DIRECTION('',(-0.,-1.,-0.));
#9817 = DIRECTION('',(0.,0.,-1.));
#9818 = ADVANCED_FACE('',(#9819),#9846,.F.);
#9819 = FACE_BOUND('',#9820,.T.);
#9820 = EDGE_LOOP('',(#9821,#9830,#9831,#9840));
#9821 = ORIENTED_EDGE('',*,*,#9822,.T.);
#9822 = EDGE_CURVE('',#9823,#9464,#9825,.T.);
#9823 = VERTEX_POINT('',#9824);
#9824 = CARTESIAN_POINT('',(-3.074245216494,14.,-4.006434368471));
#9825 = CIRCLE('',#9826,5.05);
#9826 = AXIS2_PLACEMENT_3D('',#9827,#9828,#9829);
#9827 = CARTESIAN_POINT('',(0.,14.,0.));
#9828 = DIRECTION('',(0.,-1.,-0.));
#9829 = DIRECTION('',(0.,0.,-1.));
#9830 = ORIENTED_EDGE('',*,*,#9498,.F.);
#9831 = ORIENTED_EDGE('',*,*,#9832,.F.);
#9832 = EDGE_CURVE('',#9833,#9491,#9835,.T.);
#9833 = VERTEX_POINT('',#9834);
#9834 = CARTESIAN_POINT('',(-4.322206145962,14.,-5.632808716068));
#9835 = CIRCLE('',#9836,7.1);
#9836 = AXIS2_PLACEMENT_3D('',#9837,#9838,#9839);
#9837 = CARTESIAN_POINT('',(0.,14.,0.));
#9838 = DIRECTION('',(0.,-1.,-0.));
#9839 = DIRECTION('',(0.,0.,-1.));
#9840 = ORIENTED_EDGE('',*,*,#9841,.F.);
#9841 = EDGE_CURVE('',#9823,#9833,#9842,.T.);
#9842 = LINE('',#9843,#9844);
#9843 = CARTESIAN_POINT('',(-4.322206145962,14.,-5.632808716068));
#9844 = VECTOR('',#9845,1.);
#9845 = DIRECTION('',(-0.608761429009,6.308085367188E-16,-0.793353340291
    ));
#9846 = PLANE('',#9847);
#9847 = AXIS2_PLACEMENT_3D('',#9848,#9849,#9850);
#9848 = CARTESIAN_POINT('',(-4.85,14.,0.));
#9849 = DIRECTION('',(0.,-1.,-0.));
#9850 = DIRECTION('',(0.,0.,-1.));
#9851 = ADVANCED_FACE('',(#9852),#9871,.T.);
#9852 = FACE_BOUND('',#9853,.T.);
#9853 = EDGE_LOOP('',(#9854,#9855,#9864,#9870));
#9854 = ORIENTED_EDGE('',*,*,#9490,.F.);
#9855 = ORIENTED_EDGE('',*,*,#9856,.F.);
#9856 = EDGE_CURVE('',#9857,#9483,#9859,.T.);
#9857 = VERTEX_POINT('',#9858);
#9858 = CARTESIAN_POINT('',(-4.322206145962,13.5,-5.632808716068));
#9859 = CIRCLE('',#9860,7.1);
#9860 = AXIS2_PLACEMENT_3D('',#9861,#9862,#9863);
#9861 = CARTESIAN_POINT('',(0.,13.5,0.));
#9862 = DIRECTION('',(0.,-1.,-0.));
#9863 = DIRECTION('',(0.,0.,-1.));
#9864 = ORIENTED_EDGE('',*,*,#9865,.F.);
#9865 = EDGE_CURVE('',#9833,#9857,#9866,.T.);
#9866 = LINE('',#9867,#9868);
#9867 = CARTESIAN_POINT('',(-4.322206145962,14.,-5.632808716068));
#9868 = VECTOR('',#9869,1.);
#9869 = DIRECTION('',(1.07111283415E-15,-1.,7.242454586366E-16));
#9870 = ORIENTED_EDGE('',*,*,#9832,.T.);
#9871 = CYLINDRICAL_SURFACE('',#9872,7.1);
#9872 = AXIS2_PLACEMENT_3D('',#9873,#9874,#9875);
#9873 = CARTESIAN_POINT('',(0.,0.,0.));
#9874 = DIRECTION('',(-0.,-1.,-0.));
#9875 = DIRECTION('',(0.,0.,-1.));
#9876 = ADVANCED_FACE('',(#9877),#9896,.T.);
#9877 = FACE_BOUND('',#9878,.T.);
#9878 = EDGE_LOOP('',(#9879,#9880,#9889,#9895));
#9879 = ORIENTED_EDGE('',*,*,#9482,.F.);
#9880 = ORIENTED_EDGE('',*,*,#9881,.T.);
#9881 = EDGE_CURVE('',#9474,#9882,#9884,.T.);
#9882 = VERTEX_POINT('',#9883);
#9883 = CARTESIAN_POINT('',(-3.074245216494,13.5,-4.006434368471));
#9884 = CIRCLE('',#9885,5.05);
#9885 = AXIS2_PLACEMENT_3D('',#9886,#9887,#9888);
#9886 = CARTESIAN_POINT('',(0.,13.5,0.));
#9887 = DIRECTION('',(0.,1.,0.));
#9888 = DIRECTION('',(-3.552713678801E-15,0.,-1.));
#9889 = ORIENTED_EDGE('',*,*,#9890,.T.);
#9890 = EDGE_CURVE('',#9882,#9857,#9891,.T.);
#9891 = LINE('',#9892,#9893);
#9892 = CARTESIAN_POINT('',(-1.797363815626,13.5,-2.342370128751));
#9893 = VECTOR('',#9894,1.);
#9894 = DIRECTION('',(-0.608761429009,0.,-0.793353340291));
#9895 = ORIENTED_EDGE('',*,*,#9856,.T.);
#9896 = PLANE('',#9897);
#9897 = AXIS2_PLACEMENT_3D('',#9898,#9899,#9900);
#9898 = CARTESIAN_POINT('',(-4.85,13.5,0.));
#9899 = DIRECTION('',(0.,-1.,-0.));
#9900 = DIRECTION('',(0.,0.,-1.));
#9901 = ADVANCED_FACE('',(#9902),#9922,.F.);
#9902 = FACE_BOUND('',#9903,.F.);
#9903 = EDGE_LOOP('',(#9904,#9913,#9914,#9915));
#9904 = ORIENTED_EDGE('',*,*,#9905,.T.);
#9905 = EDGE_CURVE('',#9906,#9090,#9908,.T.);
#9906 = VERTEX_POINT('',#9907);
#9907 = CARTESIAN_POINT('',(-2.952492930692,13.3,-3.847763700412));
#9908 = CIRCLE('',#9909,4.85);
#9909 = AXIS2_PLACEMENT_3D('',#9910,#9911,#9912);
#9910 = CARTESIAN_POINT('',(0.,13.3,0.));
#9911 = DIRECTION('',(0.,-1.,-0.));
#9912 = DIRECTION('',(0.,0.,-1.));
#9913 = ORIENTED_EDGE('',*,*,#9473,.F.);
#9914 = ORIENTED_EDGE('',*,*,#9881,.T.);
#9915 = ORIENTED_EDGE('',*,*,#9916,.T.);
#9916 = EDGE_CURVE('',#9882,#9906,#9917,.T.);
#9917 = CIRCLE('',#9918,0.2);
#9918 = AXIS2_PLACEMENT_3D('',#9919,#9920,#9921);
#9919 = CARTESIAN_POINT('',(-3.074245216494,13.3,-4.006434368471));
#9920 = DIRECTION('',(0.793353340291,4.088782444489E-16,-0.608761429009)
  );
#9921 = DIRECTION('',(0.608761429009,-9.860761315263E-32,0.793353340291)
  );
#9922 = TOROIDAL_SURFACE('',#9923,5.05,0.2);
#9923 = AXIS2_PLACEMENT_3D('',#9924,#9925,#9926);
#9924 = CARTESIAN_POINT('',(0.,13.3,0.));
#9925 = DIRECTION('',(-0.,-1.,-0.));
#9926 = DIRECTION('',(0.,0.,-1.));
#9927 = ADVANCED_FACE('',(#9928),#9948,.T.);
#9928 = FACE_BOUND('',#9929,.T.);
#9929 = EDGE_LOOP('',(#9930,#9931,#9940,#9947));
#9930 = ORIENTED_EDGE('',*,*,#9822,.F.);
#9931 = ORIENTED_EDGE('',*,*,#9932,.T.);
#9932 = EDGE_CURVE('',#9823,#9933,#9935,.T.);
#9933 = VERTEX_POINT('',#9934);
#9934 = CARTESIAN_POINT('',(-2.648112216188,13.3,-3.451087030267));
#9935 = CIRCLE('',#9936,0.7);
#9936 = AXIS2_PLACEMENT_3D('',#9937,#9938,#9939);
#9937 = CARTESIAN_POINT('',(-3.074245216494,13.3,-4.006434368471));
#9938 = DIRECTION('',(0.793353340291,4.088782444489E-16,-0.608761429009)
  );
#9939 = DIRECTION('',(0.608761429009,-4.930380657631E-32,0.793353340291)
  );
#9940 = ORIENTED_EDGE('',*,*,#9941,.F.);
#9941 = EDGE_CURVE('',#9139,#9933,#9942,.T.);
#9942 = CIRCLE('',#9943,4.35);
#9943 = AXIS2_PLACEMENT_3D('',#9944,#9945,#9946);
#9944 = CARTESIAN_POINT('',(0.,13.3,0.));
#9945 = DIRECTION('',(0.,1.,0.));
#9946 = DIRECTION('',(-3.552713678801E-15,0.,-1.));
#9947 = ORIENTED_EDGE('',*,*,#9463,.F.);
#9948 = TOROIDAL_SURFACE('',#9949,5.05,0.7);
#9949 = AXIS2_PLACEMENT_3D('',#9950,#9951,#9952);
#9950 = CARTESIAN_POINT('',(0.,13.3,0.));
#9951 = DIRECTION('',(-0.,-1.,-0.));
#9952 = DIRECTION('',(0.,0.,-1.));
#9953 = ADVANCED_FACE('',(#9954),#9990,.T.);
#9954 = FACE_BOUND('',#9955,.T.);
#9955 = EDGE_LOOP('',(#9956,#9967,#9975,#9984));
#9956 = ORIENTED_EDGE('',*,*,#9957,.F.);
#9957 = EDGE_CURVE('',#9958,#9960,#9962,.T.);
#9958 = VERTEX_POINT('',#9959);
#9959 = CARTESIAN_POINT('',(-4.160862792009,5.4,-2.491931143927));
#9960 = VERTEX_POINT('',#9961);
#9961 = CARTESIAN_POINT('',(-3.948177110083,5.4,-2.816806260185));
#9962 = CIRCLE('',#9963,4.85);
#9963 = AXIS2_PLACEMENT_3D('',#9964,#9965,#9966);
#9964 = CARTESIAN_POINT('',(0.,5.4,0.));
#9965 = DIRECTION('',(0.,-1.,-0.));
#9966 = DIRECTION('',(0.,0.,-1.));
#9967 = ORIENTED_EDGE('',*,*,#9968,.T.);
#9968 = EDGE_CURVE('',#9958,#9969,#9971,.T.);
#9969 = VERTEX_POINT('',#9970);
#9970 = CARTESIAN_POINT('',(-3.704999822843,5.4,-2.279358750336));
#9971 = LINE('',#9972,#9973);
#9972 = CARTESIAN_POINT('',(-3.731129742739,5.4,-2.29154333209));
#9973 = VECTOR('',#9974,1.);
#9974 = DIRECTION('',(0.906307787037,-0.,0.422618261741));
#9975 = ORIENTED_EDGE('',*,*,#9976,.T.);
#9976 = EDGE_CURVE('',#9969,#9977,#9979,.T.);
#9977 = VERTEX_POINT('',#9978);
#9978 = CARTESIAN_POINT('',(-3.541148542033,5.4,-2.526413862227));
#9979 = CIRCLE('',#9980,4.35);
#9980 = AXIS2_PLACEMENT_3D('',#9981,#9982,#9983);
#9981 = CARTESIAN_POINT('',(0.,5.4,0.));
#9982 = DIRECTION('',(0.,-1.,-0.));
#9983 = DIRECTION('',(0.,0.,-1.));
#9984 = ORIENTED_EDGE('',*,*,#9985,.F.);
#9985 = EDGE_CURVE('',#9960,#9977,#9986,.T.);
#9986 = LINE('',#9987,#9988);
#9987 = CARTESIAN_POINT('',(-3.541148542033,5.4,-2.526413862227));
#9988 = VECTOR('',#9989,1.);
#9989 = DIRECTION('',(0.8140571361,-0.,0.580784795914));
#9990 = PLANE('',#9991);
#9991 = AXIS2_PLACEMENT_3D('',#9992,#9993,#9994);
#9992 = CARTESIAN_POINT('',(-4.395592767128,5.4,-2.049698569442));
#9993 = DIRECTION('',(0.,1.,0.));
#9994 = DIRECTION('',(0.,-0.,1.));
#9995 = ADVANCED_FACE('',(#9996,#10087),#10183,.T.);
#9996 = FACE_BOUND('',#9997,.T.);
#9997 = EDGE_LOOP('',(#9998,#10008,#10019,#10028,#10039,#10045,#10046,
    #10047,#10055,#10064,#10072,#10080));
#9998 = ORIENTED_EDGE('',*,*,#9999,.F.);
#9999 = EDGE_CURVE('',#10000,#10002,#10004,.T.);
#10000 = VERTEX_POINT('',#10001);
#10001 = CARTESIAN_POINT('',(-3.847763700412,13.05,-2.952492930692));
#10002 = VERTEX_POINT('',#10003);
#10003 = CARTESIAN_POINT('',(-3.847763700412,13.3,-2.952492930692));
#10004 = LINE('',#10005,#10006);
#10005 = CARTESIAN_POINT('',(-3.847763700412,1.595904051289E-30,
    -2.952492930692));
#10006 = VECTOR('',#10007,1.);
#10007 = DIRECTION('',(0.,1.,0.));
#10008 = ORIENTED_EDGE('',*,*,#10009,.T.);
#10009 = EDGE_CURVE('',#10000,#10010,#10012,.T.);
#10010 = VERTEX_POINT('',#10011);
#10011 = CARTESIAN_POINT('',(-3.488123682046,12.5,-3.369791266348));
#10012 = B_SPLINE_CURVE_WITH_KNOTS('',3,(#10013,#10014,#10015,#10016,
    #10017,#10018),.UNSPECIFIED.,.F.,.F.,(4,2,4),(1.734723475977E-18,
    4.301542696715E-04,8.60308539343E-04),.UNSPECIFIED.);
#10013 = CARTESIAN_POINT('',(-3.847763700412,13.05,-2.952492930692));
#10014 = CARTESIAN_POINT('',(-3.847763700412,12.904551269603,
    -2.952492930692));
#10015 = CARTESIAN_POINT('',(-3.811944444822,12.762307821781,
    -3.000318452523));
#10016 = CARTESIAN_POINT('',(-3.68289558456,12.559388549942,
    -3.157389963274));
#10017 = CARTESIAN_POINT('',(-3.589179622439,12.5,-3.265186680771));
#10018 = CARTESIAN_POINT('',(-3.488123682046,12.5,-3.369791266348));
#10019 = ORIENTED_EDGE('',*,*,#10020,.T.);
#10020 = EDGE_CURVE('',#10010,#10021,#10023,.T.);
#10021 = VERTEX_POINT('',#10022);
#10022 = CARTESIAN_POINT('',(-3.369791266348,12.5,-3.488123682046));
#10023 = CIRCLE('',#10024,4.85);
#10024 = AXIS2_PLACEMENT_3D('',#10025,#10026,#10027);
#10025 = CARTESIAN_POINT('',(0.,12.5,0.));
#10026 = DIRECTION('',(0.,-1.,0.));
#10027 = DIRECTION('',(0.,0.,1.));
#10028 = ORIENTED_EDGE('',*,*,#10029,.T.);
#10029 = EDGE_CURVE('',#10021,#10030,#10032,.T.);
#10030 = VERTEX_POINT('',#10031);
#10031 = CARTESIAN_POINT('',(-2.952492930692,13.05,-3.847763700412));
#10032 = B_SPLINE_CURVE_WITH_KNOTS('',3,(#10033,#10034,#10035,#10036,
    #10037,#10038),.UNSPECIFIED.,.F.,.F.,(4,2,4),(0.,4.301612488575E-04,
    8.60322497715E-04),.UNSPECIFIED.);
#10033 = CARTESIAN_POINT('',(-3.369791266348,12.5,-3.488123682046));
#10034 = CARTESIAN_POINT('',(-3.265191872283,12.5,-3.589174607045));
#10035 = CARTESIAN_POINT('',(-3.157667024495,12.559174354493,
    -3.682660218946));
#10036 = CARTESIAN_POINT('',(-3.000481062542,12.761954411543,
    -3.811818558001));
#10037 = CARTESIAN_POINT('',(-2.952492930692,12.904552842529,
    -3.847763700412));
#10038 = CARTESIAN_POINT('',(-2.952492930692,13.05,-3.847763700412));
#10039 = ORIENTED_EDGE('',*,*,#10040,.T.);
#10040 = EDGE_CURVE('',#10030,#9906,#10041,.T.);
#10041 = LINE('',#10042,#10043);
#10042 = CARTESIAN_POINT('',(-2.952492930692,1.595904051289E-30,
    -3.847763700412));
#10043 = VECTOR('',#10044,1.);
#10044 = DIRECTION('',(0.,1.,0.));
#10045 = ORIENTED_EDGE('',*,*,#9905,.T.);
#10046 = ORIENTED_EDGE('',*,*,#9089,.T.);
#10047 = ORIENTED_EDGE('',*,*,#10048,.T.);
#10048 = EDGE_CURVE('',#9082,#10049,#10051,.T.);
#10049 = VERTEX_POINT('',#10050);
#10050 = CARTESIAN_POINT('',(-1.693368449339E-14,0.7,-4.85));
#10051 = LINE('',#10052,#10053);
#10052 = CARTESIAN_POINT('',(-1.693368449339E-14,13.3,-4.85));
#10053 = VECTOR('',#10054,1.);
#10054 = DIRECTION('',(-0.,-1.,0.));
#10055 = ORIENTED_EDGE('',*,*,#10056,.T.);
#10056 = EDGE_CURVE('',#10049,#10057,#10059,.T.);
#10057 = VERTEX_POINT('',#10058);
#10058 = CARTESIAN_POINT('',(-4.85,0.7,0.));
#10059 = CIRCLE('',#10060,4.85);
#10060 = AXIS2_PLACEMENT_3D('',#10061,#10062,#10063);
#10061 = CARTESIAN_POINT('',(0.,0.7,0.));
#10062 = DIRECTION('',(0.,1.,0.));
#10063 = DIRECTION('',(0.,0.,-1.));
#10064 = ORIENTED_EDGE('',*,*,#10065,.F.);
#10065 = EDGE_CURVE('',#10066,#10057,#10068,.T.);
#10066 = VERTEX_POINT('',#10067);
#10067 = CARTESIAN_POINT('',(-4.85,2.7,0.));
#10068 = LINE('',#10069,#10070);
#10069 = CARTESIAN_POINT('',(-4.85,0.7,0.));
#10070 = VECTOR('',#10071,1.);
#10071 = DIRECTION('',(-0.,-1.,-0.));
#10072 = ORIENTED_EDGE('',*,*,#10073,.F.);
#10073 = EDGE_CURVE('',#10074,#10066,#10076,.T.);
#10074 = VERTEX_POINT('',#10075);
#10075 = CARTESIAN_POINT('',(-4.85,13.3,0.));
#10076 = LINE('',#10077,#10078);
#10077 = CARTESIAN_POINT('',(-4.85,13.3,0.));
#10078 = VECTOR('',#10079,1.);
#10079 = DIRECTION('',(0.,-1.,0.));
#10080 = ORIENTED_EDGE('',*,*,#10081,.T.);
#10081 = EDGE_CURVE('',#10074,#10002,#10082,.T.);
#10082 = CIRCLE('',#10083,4.85);
#10083 = AXIS2_PLACEMENT_3D('',#10084,#10085,#10086);
#10084 = CARTESIAN_POINT('',(0.,13.3,0.));
#10085 = DIRECTION('',(0.,-1.,-0.));
#10086 = DIRECTION('',(0.,0.,-1.));
#10087 = FACE_BOUND('',#10088,.T.);
#10088 = EDGE_LOOP('',(#10089,#10100,#10115,#10123,#10132,#10133,#10142,
    #10151,#10162,#10170));
#10089 = ORIENTED_EDGE('',*,*,#10090,.F.);
#10090 = EDGE_CURVE('',#10091,#10093,#10095,.T.);
#10091 = VERTEX_POINT('',#10092);
#10092 = CARTESIAN_POINT('',(-3.75178150568,10.4,-3.073537950578));
#10093 = VERTEX_POINT('',#10094);
#10094 = CARTESIAN_POINT('',(-3.073537950578,10.4,-3.75178150568));
#10095 = CIRCLE('',#10096,4.85);
#10096 = AXIS2_PLACEMENT_3D('',#10097,#10098,#10099);
#10097 = CARTESIAN_POINT('',(0.,10.4,0.));
#10098 = DIRECTION('',(0.,-1.,-0.));
#10099 = DIRECTION('',(0.,0.,-1.));
#10100 = ORIENTED_EDGE('',*,*,#10101,.T.);
#10101 = EDGE_CURVE('',#10091,#10102,#10104,.T.);
#10102 = VERTEX_POINT('',#10103);
#10103 = CARTESIAN_POINT('',(-4.395592767128,9.2,-2.049698569442));
#10104 = B_SPLINE_CURVE_WITH_KNOTS('',3,(#10105,#10106,#10107,#10108,
    #10109,#10110,#10111,#10112,#10113,#10114),.UNSPECIFIED.,.F.,.F.,(4,
    2,2,2,4),(0.,4.716699588412E-04,9.433399176824E-04,
    1.415009876524E-03,1.886679835365E-03),.UNSPECIFIED.);
#10105 = CARTESIAN_POINT('',(-3.75178150568,10.4,-3.073537950578));
#10106 = CARTESIAN_POINT('',(-3.852809288559,10.4,-2.950216171748));
#10107 = CARTESIAN_POINT('',(-3.945884795352,10.370222506103,
    -2.823828182676));
#10108 = CARTESIAN_POINT('',(-4.109311386095,10.251982100046,
    -2.580227190689));
#10109 = CARTESIAN_POINT('',(-4.17864894595,10.163532083945,
    -2.464538403049));
#10110 = CARTESIAN_POINT('',(-4.288012400504,9.942340578943,
    -2.268921815909));
#10111 = CARTESIAN_POINT('',(-4.328829022177,9.808049670759,
    -2.188017713993));
#10112 = CARTESIAN_POINT('',(-4.382216631787,9.517889748162,
    -2.079028526036));
#10113 = CARTESIAN_POINT('',(-4.395592767128,9.359464572465,
    -2.049698569442));
#10114 = CARTESIAN_POINT('',(-4.395592767128,9.2,-2.049698569442));
#10115 = ORIENTED_EDGE('',*,*,#10116,.T.);
#10116 = EDGE_CURVE('',#10102,#10117,#10119,.T.);
#10117 = VERTEX_POINT('',#10118);
#10118 = CARTESIAN_POINT('',(-4.395592767128,5.9,-2.049698569442));
#10119 = LINE('',#10120,#10121);
#10120 = CARTESIAN_POINT('',(-4.395592767128,5.4,-2.049698569442));
#10121 = VECTOR('',#10122,1.);
#10122 = DIRECTION('',(0.,-1.,-0.));
#10123 = ORIENTED_EDGE('',*,*,#10124,.T.);
#10124 = EDGE_CURVE('',#10117,#9958,#10125,.T.);
#10125 = B_SPLINE_CURVE_WITH_KNOTS('',3,(#10126,#10127,#10128,#10129,
    #10130,#10131),.UNSPECIFIED.,.F.,.F.,(4,2,4),(0.,3.909604450465E-04,
    7.819208900931E-04),.UNSPECIFIED.);
#10126 = CARTESIAN_POINT('',(-4.395592767128,5.9,-2.049698569442));
#10127 = CARTESIAN_POINT('',(-4.395592767128,5.767803865183,
    -2.049698569442));
#10128 = CARTESIAN_POINT('',(-4.373172041931,5.638523151084,
    -2.099142014922));
#10129 = CARTESIAN_POINT('',(-4.290078443227,5.454049252789,
    -2.264124081869));
#10130 = CARTESIAN_POINT('',(-4.228783990071,5.4,-2.378520792885));
#10131 = CARTESIAN_POINT('',(-4.160862792009,5.4,-2.491931143927));
#10132 = ORIENTED_EDGE('',*,*,#9957,.T.);
#10133 = ORIENTED_EDGE('',*,*,#10134,.F.);
#10134 = EDGE_CURVE('',#10135,#9960,#10137,.T.);
#10135 = VERTEX_POINT('',#10136);
#10136 = CARTESIAN_POINT('',(-2.816806260185,5.4,-3.948177110083));
#10137 = CIRCLE('',#10138,4.85);
#10138 = AXIS2_PLACEMENT_3D('',#10139,#10140,#10141);
#10139 = CARTESIAN_POINT('',(0.,5.4,0.));
#10140 = DIRECTION('',(0.,1.,0.));
#10141 = DIRECTION('',(0.,-0.,1.));
#10142 = ORIENTED_EDGE('',*,*,#10143,.T.);
#10143 = EDGE_CURVE('',#10135,#10144,#10146,.T.);
#10144 = VERTEX_POINT('',#10145);
#10145 = CARTESIAN_POINT('',(-2.491931143927,5.4,-4.160862792009));
#10146 = CIRCLE('',#10147,4.85);
#10147 = AXIS2_PLACEMENT_3D('',#10148,#10149,#10150);
#10148 = CARTESIAN_POINT('',(0.,5.4,0.));
#10149 = DIRECTION('',(0.,-1.,-0.));
#10150 = DIRECTION('',(0.,0.,-1.));
#10151 = ORIENTED_EDGE('',*,*,#10152,.T.);
#10152 = EDGE_CURVE('',#10144,#10153,#10155,.T.);
#10153 = VERTEX_POINT('',#10154);
#10154 = CARTESIAN_POINT('',(-2.049698569442,5.9,-4.395592767128));
#10155 = B_SPLINE_CURVE_WITH_KNOTS('',3,(#10156,#10157,#10158,#10159,
    #10160,#10161),.UNSPECIFIED.,.F.,.F.,(4,2,4),(0.,3.909656641979E-04,
    7.819313283957E-04),.UNSPECIFIED.);
#10156 = CARTESIAN_POINT('',(-2.491931143927,5.4,-4.160862792009));
#10157 = CARTESIAN_POINT('',(-2.37852546549,5.4,-4.228781191659));
#10158 = CARTESIAN_POINT('',(-2.264415204518,5.453855878494,
    -4.289926312389));
#10159 = CARTESIAN_POINT('',(-2.099311153615,5.638202254386,
    -4.373092345754));
#10160 = CARTESIAN_POINT('',(-2.049698569442,5.767805057778,
    -4.395592767128));
#10161 = CARTESIAN_POINT('',(-2.049698569442,5.9,-4.395592767128));
#10162 = ORIENTED_EDGE('',*,*,#10163,.F.);
#10163 = EDGE_CURVE('',#10164,#10153,#10166,.T.);
#10164 = VERTEX_POINT('',#10165);
#10165 = CARTESIAN_POINT('',(-2.049698569442,9.2,-4.395592767128));
#10166 = LINE('',#10167,#10168);
#10167 = CARTESIAN_POINT('',(-2.049698569442,5.4,-4.395592767128));
#10168 = VECTOR('',#10169,1.);
#10169 = DIRECTION('',(0.,-1.,-0.));
#10170 = ORIENTED_EDGE('',*,*,#10171,.T.);
#10171 = EDGE_CURVE('',#10164,#10093,#10172,.T.);
#10172 = B_SPLINE_CURVE_WITH_KNOTS('',3,(#10173,#10174,#10175,#10176,
    #10177,#10178,#10179,#10180,#10181,#10182),.UNSPECIFIED.,.F.,.F.,(4,
    2,2,2,4),(0.,4.716300698379E-04,9.432601396758E-04,
    1.414890209514E-03,1.886520279352E-03),.UNSPECIFIED.);
#10173 = CARTESIAN_POINT('',(-2.049698569442,9.2,-4.395592767128));
#10174 = CARTESIAN_POINT('',(-2.049698569442,9.359471096002,
    -4.395592767128));
#10175 = CARTESIAN_POINT('',(-2.078455838038,9.516003639331,
    -4.382491364094));
#10176 = CARTESIAN_POINT('',(-2.187848546244,9.807958310258,
    -4.328917643676));
#10177 = CARTESIAN_POINT('',(-2.268434954218,9.941625499318,
    -4.288267016952));
#10178 = CARTESIAN_POINT('',(-2.463868487909,10.162938178866,
    -4.179040945538));
#10179 = CARTESIAN_POINT('',(-2.580117863828,10.251784011791,
    -4.109348090229));
#10180 = CARTESIAN_POINT('',(-2.822261803814,10.369606230983,
    -3.946972032919));
#10181 = CARTESIAN_POINT('',(-2.950189995506,10.4,-3.852830732684));
#10182 = CARTESIAN_POINT('',(-3.073537950578,10.4,-3.75178150568));
#10183 = CYLINDRICAL_SURFACE('',#10184,4.85);
#10184 = AXIS2_PLACEMENT_3D('',#10185,#10186,#10187);
#10185 = CARTESIAN_POINT('',(0.,0.,0.));
#10186 = DIRECTION('',(-0.,-1.,-0.));
#10187 = DIRECTION('',(0.,0.,-1.));
#10188 = ADVANCED_FACE('',(#10189,#10280),#10388,.F.);
#10189 = FACE_BOUND('',#10190,.F.);
#10190 = EDGE_LOOP('',(#10191,#10204,#10210,#10211,#10212,#10220,#10229,
    #10237,#10245,#10254,#10262,#10273));
#10191 = ORIENTED_EDGE('',*,*,#10192,.F.);
#10192 = EDGE_CURVE('',#10193,#10195,#10197,.T.);
#10193 = VERTEX_POINT('',#10194);
#10194 = CARTESIAN_POINT('',(-2.648112216188,13.05,-3.451087030267));
#10195 = VERTEX_POINT('',#10196);
#10196 = CARTESIAN_POINT('',(-3.063204571374,12.5,-3.088572122181));
#10197 = B_SPLINE_CURVE_WITH_KNOTS('',3,(#10198,#10199,#10200,#10201,
    #10202,#10203),.UNSPECIFIED.,.F.,.F.,(4,2,4),(0.,4.30291594234E-04,
    8.60583188468E-04),.UNSPECIFIED.);
#10198 = CARTESIAN_POINT('',(-2.648112216188,13.05,-3.451087030267));
#10199 = CARTESIAN_POINT('',(-2.648112216188,12.904504948575,
    -3.451087030267));
#10200 = CARTESIAN_POINT('',(-2.696023645578,12.762212829986,
    -3.415303827454));
#10201 = CARTESIAN_POINT('',(-2.852691905731,12.559296419505,
    -3.285573408451));
#10202 = CARTESIAN_POINT('',(-2.959903440711,12.5,-3.191024803601));
#10203 = CARTESIAN_POINT('',(-3.063204571374,12.5,-3.088572122181));
#10204 = ORIENTED_EDGE('',*,*,#10205,.T.);
#10205 = EDGE_CURVE('',#10193,#9933,#10206,.T.);
#10206 = LINE('',#10207,#10208);
#10207 = CARTESIAN_POINT('',(-2.648112216188,14.,-3.451087030267));
#10208 = VECTOR('',#10209,1.);
#10209 = DIRECTION('',(0.,1.,0.));
#10210 = ORIENTED_EDGE('',*,*,#9941,.F.);
#10211 = ORIENTED_EDGE('',*,*,#9168,.T.);
#10212 = ORIENTED_EDGE('',*,*,#10213,.F.);
#10213 = EDGE_CURVE('',#10214,#9169,#10216,.T.);
#10214 = VERTEX_POINT('',#10215);
#10215 = CARTESIAN_POINT('',(-1.518794382397E-14,0.7,-4.35));
#10216 = LINE('',#10217,#10218);
#10217 = CARTESIAN_POINT('',(-1.518794382397E-14,0.,-4.35));
#10218 = VECTOR('',#10219,1.);
#10219 = DIRECTION('',(0.,1.,0.));
#10220 = ORIENTED_EDGE('',*,*,#10221,.F.);
#10221 = EDGE_CURVE('',#10222,#10214,#10224,.T.);
#10222 = VERTEX_POINT('',#10223);
#10223 = CARTESIAN_POINT('',(-4.35,0.7,3.995410182218E-16));
#10224 = CIRCLE('',#10225,4.35);
#10225 = AXIS2_PLACEMENT_3D('',#10226,#10227,#10228);
#10226 = CARTESIAN_POINT('',(0.,0.7,0.));
#10227 = DIRECTION('',(0.,-1.,-0.));
#10228 = DIRECTION('',(0.,0.,-1.));
#10229 = ORIENTED_EDGE('',*,*,#10230,.T.);
#10230 = EDGE_CURVE('',#10222,#10231,#10233,.T.);
#10231 = VERTEX_POINT('',#10232);
#10232 = CARTESIAN_POINT('',(-4.35,2.7,3.995410182218E-16));
#10233 = LINE('',#10234,#10235);
#10234 = CARTESIAN_POINT('',(-4.35,0.,7.990820364436E-16));
#10235 = VECTOR('',#10236,1.);
#10236 = DIRECTION('',(0.,1.,0.));
#10237 = ORIENTED_EDGE('',*,*,#10238,.T.);
#10238 = EDGE_CURVE('',#10231,#10239,#10241,.T.);
#10239 = VERTEX_POINT('',#10240);
#10240 = CARTESIAN_POINT('',(-4.35,13.3,0.));
#10241 = LINE('',#10242,#10243);
#10242 = CARTESIAN_POINT('',(-4.35,0.,0.));
#10243 = VECTOR('',#10244,1.);
#10244 = DIRECTION('',(0.,1.,0.));
#10245 = ORIENTED_EDGE('',*,*,#10246,.F.);
#10246 = EDGE_CURVE('',#10247,#10239,#10249,.T.);
#10247 = VERTEX_POINT('',#10248);
#10248 = CARTESIAN_POINT('',(-3.451087030267,13.3,-2.648112216188));
#10249 = CIRCLE('',#10250,4.35);
#10250 = AXIS2_PLACEMENT_3D('',#10251,#10252,#10253);
#10251 = CARTESIAN_POINT('',(0.,13.3,0.));
#10252 = DIRECTION('',(0.,1.,0.));
#10253 = DIRECTION('',(0.,0.,-1.));
#10254 = ORIENTED_EDGE('',*,*,#10255,.F.);
#10255 = EDGE_CURVE('',#10256,#10247,#10258,.T.);
#10256 = VERTEX_POINT('',#10257);
#10257 = CARTESIAN_POINT('',(-3.451087030267,13.05,-2.648112216188));
#10258 = LINE('',#10259,#10260);
#10259 = CARTESIAN_POINT('',(-3.451087030267,14.,-2.648112216188));
#10260 = VECTOR('',#10261,1.);
#10261 = DIRECTION('',(0.,1.,0.));
#10262 = ORIENTED_EDGE('',*,*,#10263,.F.);
#10263 = EDGE_CURVE('',#10264,#10256,#10266,.T.);
#10264 = VERTEX_POINT('',#10265);
#10265 = CARTESIAN_POINT('',(-3.088572122181,12.5,-3.063204571374));
#10266 = B_SPLINE_CURVE_WITH_KNOTS('',3,(#10267,#10268,#10269,#10270,
    #10271,#10272),.UNSPECIFIED.,.F.,.F.,(4,2,4),(0.,4.303003266055E-04,
    8.60600653211E-04),.UNSPECIFIED.);
#10267 = CARTESIAN_POINT('',(-3.088572122181,12.5,-3.063204571374));
#10268 = CARTESIAN_POINT('',(-3.191018522813,12.5,-2.959909773512));
#10269 = CARTESIAN_POINT('',(-3.285334463318,12.559080158089,
    -2.852969958765));
#10270 = CARTESIAN_POINT('',(-3.415177932424,12.761858872718,
    -2.696186160368));
#10271 = CARTESIAN_POINT('',(-3.451087030267,12.904506878733,
    -2.648112216188));
#10272 = CARTESIAN_POINT('',(-3.451087030267,13.05,-2.648112216188));
#10273 = ORIENTED_EDGE('',*,*,#10274,.T.);
#10274 = EDGE_CURVE('',#10264,#10195,#10275,.T.);
#10275 = CIRCLE('',#10276,4.35);
#10276 = AXIS2_PLACEMENT_3D('',#10277,#10278,#10279);
#10277 = CARTESIAN_POINT('',(0.,12.5,0.));
#10278 = DIRECTION('',(0.,-1.,-0.));
#10279 = DIRECTION('',(0.,0.,-1.));
#10280 = FACE_BOUND('',#10281,.F.);
#10281 = EDGE_LOOP('',(#10282,#10291,#10303,#10312,#10323,#10331,#10346,
    #10355,#10370,#10378,#10387));
#10282 = ORIENTED_EDGE('',*,*,#10283,.T.);
#10283 = EDGE_CURVE('',#9977,#10284,#10286,.T.);
#10284 = VERTEX_POINT('',#10285);
#10285 = CARTESIAN_POINT('',(-3.075914498161,5.4,-3.075914498162));
#10286 = CIRCLE('',#10287,4.35);
#10287 = AXIS2_PLACEMENT_3D('',#10288,#10289,#10290);
#10288 = CARTESIAN_POINT('',(0.,5.4,0.));
#10289 = DIRECTION('',(0.,-1.,0.));
#10290 = DIRECTION('',(0.,0.,1.));
#10291 = ORIENTED_EDGE('',*,*,#10292,.T.);
#10292 = EDGE_CURVE('',#10284,#10293,#10295,.T.);
#10293 = VERTEX_POINT('',#10294);
#10294 = CARTESIAN_POINT('',(-2.526413862227,5.4,-3.541148542033));
#10295 = B_SPLINE_CURVE_WITH_KNOTS('',3,(#10296,#10297,#10298,#10299,
    #10300,#10301,#10302),.UNSPECIFIED.,.F.,.F.,(4,1,1,1,4),(0.5,0.625,
    0.75,0.875,1.),.QUASI_UNIFORM_KNOTS.);
#10296 = CARTESIAN_POINT('',(-3.075914498161,5.4,-3.075914498162));
#10297 = CARTESIAN_POINT('',(-3.033439771912,5.4,-3.118389224411));
#10298 = CARTESIAN_POINT('',(-2.944815012523,5.4,-3.203461725437));
#10299 = CARTESIAN_POINT('',(-2.804912140922,5.4,-3.326620862194));
#10300 = CARTESIAN_POINT('',(-2.663464034156,5.4,-3.440778887191));
#10301 = CARTESIAN_POINT('',(-2.57138020282,5.4,-3.509067542082));
#10302 = CARTESIAN_POINT('',(-2.526413862227,5.4,-3.541148542033));
#10303 = ORIENTED_EDGE('',*,*,#10304,.T.);
#10304 = EDGE_CURVE('',#10293,#10305,#10307,.T.);
#10305 = VERTEX_POINT('',#10306);
#10306 = CARTESIAN_POINT('',(-2.279358750336,5.4,-3.704999822843));
#10307 = CIRCLE('',#10308,4.35);
#10308 = AXIS2_PLACEMENT_3D('',#10309,#10310,#10311);
#10309 = CARTESIAN_POINT('',(0.,5.4,0.));
#10310 = DIRECTION('',(0.,-1.,-0.));
#10311 = DIRECTION('',(0.,0.,-1.));
#10312 = ORIENTED_EDGE('',*,*,#10313,.F.);
#10313 = EDGE_CURVE('',#10314,#10305,#10316,.T.);
#10314 = VERTEX_POINT('',#10315);
#10315 = CARTESIAN_POINT('',(-1.838389438572,5.9,-3.942438873609));
#10316 = B_SPLINE_CURVE_WITH_KNOTS('',3,(#10317,#10318,#10319,#10320,
    #10321,#10322),.UNSPECIFIED.,.F.,.F.,(4,2,4),(0.,3.910633635614E-04,
    7.821267271228E-04),.UNSPECIFIED.);
#10317 = CARTESIAN_POINT('',(-1.838389438572,5.9,-3.942438873609));
#10318 = CARTESIAN_POINT('',(-1.838389438572,5.767769149847,
    -3.942438873609));
#10319 = CARTESIAN_POINT('',(-1.887892449521,5.638451952392,
    -3.920063965457));
#10320 = CARTESIAN_POINT('',(-2.052665213482,5.453980177798,
    -3.836353074939));
#10321 = CARTESIAN_POINT('',(-2.166737039888,5.4,-3.774286001915));
#10322 = CARTESIAN_POINT('',(-2.279358750336,5.4,-3.704999822843));
#10323 = ORIENTED_EDGE('',*,*,#10324,.T.);
#10324 = EDGE_CURVE('',#10314,#10325,#10327,.T.);
#10325 = VERTEX_POINT('',#10326);
#10326 = CARTESIAN_POINT('',(-1.838389438572,9.2,-3.942438873609));
#10327 = LINE('',#10328,#10329);
#10328 = CARTESIAN_POINT('',(-1.838389438572,5.4,-3.942438873609));
#10329 = VECTOR('',#10330,1.);
#10330 = DIRECTION('',(0.,1.,0.));
#10331 = ORIENTED_EDGE('',*,*,#10332,.F.);
#10332 = EDGE_CURVE('',#10333,#10325,#10335,.T.);
#10333 = VERTEX_POINT('',#10334);
#10334 = CARTESIAN_POINT('',(-2.854624184235,10.4,-3.282319418762));
#10335 = B_SPLINE_CURVE_WITH_KNOTS('',3,(#10336,#10337,#10338,#10339,
    #10340,#10341,#10342,#10343,#10344,#10345),.UNSPECIFIED.,.F.,.F.,(4,
    2,2,2,4),(0.,4.724346367453E-04,9.448692734907E-04,
    1.417303910236E-03,1.889738546981E-03),.UNSPECIFIED.);
#10336 = CARTESIAN_POINT('',(-2.854624184235,10.4,-3.282319418762));
#10337 = CARTESIAN_POINT('',(-2.734149081565,10.4,-3.387096284692));
#10338 = CARTESIAN_POINT('',(-2.609689822129,10.370567948499,
    -3.483336847938));
#10339 = CARTESIAN_POINT('',(-2.368536103416,10.252853069896,
    -3.651595992267));
#10340 = CARTESIAN_POINT('',(-2.253319718321,10.164556571883,
    -3.72259109488));
#10341 = CARTESIAN_POINT('',(-2.058060979084,9.943372400899,
    -3.833995203313));
#10342 = CARTESIAN_POINT('',(-1.977040680578,9.808950036013,
    -3.875244037528));
#10343 = CARTESIAN_POINT('',(-1.867818926533,9.518368971627,
    -3.929053150663));
#10344 = CARTESIAN_POINT('',(-1.838389438572,9.359717848165,
    -3.942438873609));
#10345 = CARTESIAN_POINT('',(-1.838389438572,9.2,-3.942438873609));
#10346 = ORIENTED_EDGE('',*,*,#10347,.F.);
#10347 = EDGE_CURVE('',#10348,#10333,#10350,.T.);
#10348 = VERTEX_POINT('',#10349);
#10349 = CARTESIAN_POINT('',(-3.282319418762,10.4,-2.854624184235));
#10350 = CIRCLE('',#10351,4.35);
#10351 = AXIS2_PLACEMENT_3D('',#10352,#10353,#10354);
#10352 = CARTESIAN_POINT('',(0.,10.4,0.));
#10353 = DIRECTION('',(0.,-1.,-0.));
#10354 = DIRECTION('',(0.,0.,-1.));
#10355 = ORIENTED_EDGE('',*,*,#10356,.F.);
#10356 = EDGE_CURVE('',#10357,#10348,#10359,.T.);
#10357 = VERTEX_POINT('',#10358);
#10358 = CARTESIAN_POINT('',(-3.942438873609,9.2,-1.838389438572));
#10359 = B_SPLINE_CURVE_WITH_KNOTS('',3,(#10360,#10361,#10362,#10363,
    #10364,#10365,#10366,#10367,#10368,#10369),.UNSPECIFIED.,.F.,.F.,(4,
    2,2,2,4),(0.,4.723836629975E-04,9.447673259949E-04,
    1.417150988992E-03,1.88953465199E-03),.UNSPECIFIED.);
#10360 = CARTESIAN_POINT('',(-3.942438873609,9.2,-1.838389438572));
#10361 = CARTESIAN_POINT('',(-3.942438873609,9.359725317694,
    -1.838389438572));
#10362 = CARTESIAN_POINT('',(-3.929322760829,9.516520579576,
    -1.867258595469));
#10363 = CARTESIAN_POINT('',(-3.875336884471,9.808838456668,
    -1.976865208601));
#10364 = CARTESIAN_POINT('',(-3.834252456688,9.942656329412,
    -2.057575002385));
#10365 = CARTESIAN_POINT('',(-3.722999422859,10.16394995941,
    -2.252638916794));
#10366 = CARTESIAN_POINT('',(-3.65164562009,10.252645994965,
    -2.368405571322));
#10367 = CARTESIAN_POINT('',(-3.484440862784,10.369966744979,
    -2.60816651285));
#10368 = CARTESIAN_POINT('',(-3.387122918946,10.4,-2.734118456823));
#10369 = CARTESIAN_POINT('',(-3.282319418762,10.4,-2.854624184235));
#10370 = ORIENTED_EDGE('',*,*,#10371,.F.);
#10371 = EDGE_CURVE('',#10372,#10357,#10374,.T.);
#10372 = VERTEX_POINT('',#10373);
#10373 = CARTESIAN_POINT('',(-3.942438873609,5.9,-1.838389438572));
#10374 = LINE('',#10375,#10376);
#10375 = CARTESIAN_POINT('',(-3.942438873609,5.4,-1.838389438572));
#10376 = VECTOR('',#10377,1.);
#10377 = DIRECTION('',(0.,1.,0.));
#10378 = ORIENTED_EDGE('',*,*,#10379,.F.);
#10379 = EDGE_CURVE('',#9969,#10372,#10380,.T.);
#10380 = B_SPLINE_CURVE_WITH_KNOTS('',3,(#10381,#10382,#10383,#10384,
    #10385,#10386),.UNSPECIFIED.,.F.,.F.,(4,2,4),(4.336808689942E-19,
    3.91069886604E-04,7.821397732081E-04),.UNSPECIFIED.);
#10381 = CARTESIAN_POINT('',(-3.704999822843,5.4,-2.279358750336));
#10382 = CARTESIAN_POINT('',(-3.774282471703,5.4,-2.166742778096));
#10383 = CARTESIAN_POINT('',(-3.836198349129,5.453785242684,
    -2.052957603773));
#10384 = CARTESIAN_POINT('',(-3.919984226874,5.638130611925,
    -1.888061534434));
#10385 = CARTESIAN_POINT('',(-3.942438873609,5.767770616769,
    -1.838389438572));
#10386 = CARTESIAN_POINT('',(-3.942438873609,5.9,-1.838389438572));
#10387 = ORIENTED_EDGE('',*,*,#9976,.T.);
#10388 = CYLINDRICAL_SURFACE('',#10389,4.35);
#10389 = AXIS2_PLACEMENT_3D('',#10390,#10391,#10392);
#10390 = CARTESIAN_POINT('',(0.,0.,0.));
#10391 = DIRECTION('',(-0.,-1.,-0.));
#10392 = DIRECTION('',(0.,0.,-1.));
#10393 = ADVANCED_FACE('',(#10394),#10422,.T.);
#10394 = FACE_BOUND('',#10395,.T.);
#10395 = EDGE_LOOP('',(#10396,#10402,#10409,#10415));
#10396 = ORIENTED_EDGE('',*,*,#10397,.F.);
#10397 = EDGE_CURVE('',#10057,#10222,#10398,.T.);
#10398 = LINE('',#10399,#10400);
#10399 = CARTESIAN_POINT('',(-4.85,0.7,0.));
#10400 = VECTOR('',#10401,1.);
#10401 = DIRECTION('',(1.,0.,0.));
#10402 = ORIENTED_EDGE('',*,*,#10403,.T.);
#10403 = EDGE_CURVE('',#10057,#7459,#10404,.T.);
#10404 = CIRCLE('',#10405,0.7);
#10405 = AXIS2_PLACEMENT_3D('',#10406,#10407,#10408);
#10406 = CARTESIAN_POINT('',(-4.15,0.7,0.));
#10407 = DIRECTION('',(0.,0.,1.));
#10408 = DIRECTION('',(1.,0.,-0.));
#10409 = ORIENTED_EDGE('',*,*,#10410,.T.);
#10410 = EDGE_CURVE('',#7459,#7606,#10411,.T.);
#10411 = LINE('',#10412,#10413);
#10412 = CARTESIAN_POINT('',(-4.15,-4.336808689942E-16,0.));
#10413 = VECTOR('',#10414,1.);
#10414 = DIRECTION('',(0.,1.,0.));
#10415 = ORIENTED_EDGE('',*,*,#10416,.T.);
#10416 = EDGE_CURVE('',#7606,#10222,#10417,.T.);
#10417 = CIRCLE('',#10418,0.2);
#10418 = AXIS2_PLACEMENT_3D('',#10419,#10420,#10421);
#10419 = CARTESIAN_POINT('',(-4.15,0.7,0.));
#10420 = DIRECTION('',(0.,0.,-1.));
#10421 = DIRECTION('',(1.,0.,0.));
#10422 = PLANE('',#10423);
#10423 = AXIS2_PLACEMENT_3D('',#10424,#10425,#10426);
#10424 = CARTESIAN_POINT('',(-4.15,0.7,0.));
#10425 = DIRECTION('',(0.,0.,1.));
#10426 = DIRECTION('',(1.,0.,-0.));
#10427 = ADVANCED_FACE('',(#10428),#10439,.T.);
#10428 = FACE_BOUND('',#10429,.T.);
#10429 = EDGE_LOOP('',(#10430,#10436,#10437,#10438));
#10430 = ORIENTED_EDGE('',*,*,#10431,.F.);
#10431 = EDGE_CURVE('',#7615,#7451,#10432,.T.);
#10432 = LINE('',#10433,#10434);
#10433 = CARTESIAN_POINT('',(-3.736418511566,7.754232452524,
    1.806011269739));
#10434 = VECTOR('',#10435,1.);
#10435 = DIRECTION('',(0.,-1.,0.));
#10436 = ORIENTED_EDGE('',*,*,#7614,.F.);
#10437 = ORIENTED_EDGE('',*,*,#10410,.F.);
#10438 = ORIENTED_EDGE('',*,*,#7458,.F.);
#10439 = CYLINDRICAL_SURFACE('',#10440,4.15);
#10440 = AXIS2_PLACEMENT_3D('',#10441,#10442,#10443);
#10441 = CARTESIAN_POINT('',(0.,0.,0.));
#10442 = DIRECTION('',(-0.,-1.,-0.));
#10443 = DIRECTION('',(0.,0.,-1.));
#10444 = ADVANCED_FACE('',(#10445),#10511,.F.);
#10445 = FACE_BOUND('',#10446,.T.);
#10446 = EDGE_LOOP('',(#10447,#10458,#10464,#10465,#10471,#10479,#10487,
    #10496,#10505));
#10447 = ORIENTED_EDGE('',*,*,#10448,.F.);
#10448 = EDGE_CURVE('',#10449,#10451,#10453,.T.);
#10449 = VERTEX_POINT('',#10450);
#10450 = CARTESIAN_POINT('',(-1.837615220228,14.,6.858073366652));
#10451 = VERTEX_POINT('',#10452);
#10452 = CARTESIAN_POINT('',(-5.632808716068,14.,-4.322206145962));
#10453 = CIRCLE('',#10454,7.1);
#10454 = AXIS2_PLACEMENT_3D('',#10455,#10456,#10457);
#10455 = CARTESIAN_POINT('',(0.,14.,0.));
#10456 = DIRECTION('',(0.,-1.,-0.));
#10457 = DIRECTION('',(0.,0.,-1.));
#10458 = ORIENTED_EDGE('',*,*,#10459,.T.);
#10459 = EDGE_CURVE('',#10449,#9792,#10460,.T.);
#10460 = LINE('',#10461,#10462);
#10461 = CARTESIAN_POINT('',(-1.307036177768,14.,4.87792542276));
#10462 = VECTOR('',#10463,1.);
#10463 = DIRECTION('',(0.258819045103,-0.,-0.965925826289));
#10464 = ORIENTED_EDGE('',*,*,#9799,.T.);
#10465 = ORIENTED_EDGE('',*,*,#10466,.T.);
#10466 = EDGE_CURVE('',#9800,#9718,#10467,.T.);
#10467 = LINE('',#10468,#10469);
#10468 = CARTESIAN_POINT('',(-1.783576901024,14.,4.724547961248));
#10469 = VECTOR('',#10470,1.);
#10470 = DIRECTION('',(0.353183544757,0.,-0.935554051732));
#10471 = ORIENTED_EDGE('',*,*,#10472,.T.);
#10472 = EDGE_CURVE('',#9718,#10473,#10475,.T.);
#10473 = VERTEX_POINT('',#10474);
#10474 = CARTESIAN_POINT('',(-2.774549648938,14.,3.9779862048));
#10475 = LINE('',#10476,#10477);
#10476 = CARTESIAN_POINT('',(-1.712940192072,14.,4.537437150902));
#10477 = VECTOR('',#10478,1.);
#10478 = DIRECTION('',(-0.884674547388,0.,-0.466209121751));
#10479 = ORIENTED_EDGE('',*,*,#10480,.T.);
#10480 = EDGE_CURVE('',#10473,#10481,#10483,.T.);
#10481 = VERTEX_POINT('',#10482);
#10482 = CARTESIAN_POINT('',(-2.88896406745,14.,4.142026873039));
#10483 = LINE('',#10484,#10485);
#10484 = CARTESIAN_POINT('',(-2.774549648938,14.,3.9779862048));
#10485 = VECTOR('',#10486,1.);
#10486 = DIRECTION('',(-0.572072092564,0.,0.820203341196));
#10487 = ORIENTED_EDGE('',*,*,#10488,.T.);
#10488 = EDGE_CURVE('',#10481,#10489,#10491,.T.);
#10489 = VERTEX_POINT('',#10490);
#10490 = CARTESIAN_POINT('',(-5.05,14.,0.));
#10491 = CIRCLE('',#10492,5.05);
#10492 = AXIS2_PLACEMENT_3D('',#10493,#10494,#10495);
#10493 = CARTESIAN_POINT('',(0.,14.,0.));
#10494 = DIRECTION('',(0.,-1.,-0.));
#10495 = DIRECTION('',(0.,0.,-1.));
#10496 = ORIENTED_EDGE('',*,*,#10497,.T.);
#10497 = EDGE_CURVE('',#10489,#10498,#10500,.T.);
#10498 = VERTEX_POINT('',#10499);
#10499 = CARTESIAN_POINT('',(-4.006434368471,14.,-3.074245216494));
#10500 = CIRCLE('',#10501,5.05);
#10501 = AXIS2_PLACEMENT_3D('',#10502,#10503,#10504);
#10502 = CARTESIAN_POINT('',(0.,14.,0.));
#10503 = DIRECTION('',(0.,-1.,-0.));
#10504 = DIRECTION('',(0.,0.,-1.));
#10505 = ORIENTED_EDGE('',*,*,#10506,.T.);
#10506 = EDGE_CURVE('',#10498,#10451,#10507,.T.);
#10507 = LINE('',#10508,#10509);
#10508 = CARTESIAN_POINT('',(-5.632808716068,14.,-4.322206145962));
#10509 = VECTOR('',#10510,1.);
#10510 = DIRECTION('',(-0.793353340291,6.308085367188E-16,
    -0.608761429009));
#10511 = PLANE('',#10512);
#10512 = AXIS2_PLACEMENT_3D('',#10513,#10514,#10515);
#10513 = CARTESIAN_POINT('',(-4.85,14.,0.));
#10514 = DIRECTION('',(0.,-1.,-0.));
#10515 = DIRECTION('',(0.,0.,-1.));
#10516 = ADVANCED_FACE('',(#10517),#10543,.T.);
#10517 = FACE_BOUND('',#10518,.T.);
#10518 = EDGE_LOOP('',(#10519,#10527,#10528,#10536));
#10519 = ORIENTED_EDGE('',*,*,#10520,.T.);
#10520 = EDGE_CURVE('',#10521,#10449,#10523,.T.);
#10521 = VERTEX_POINT('',#10522);
#10522 = CARTESIAN_POINT('',(-1.837615220228,13.5,6.858073366652));
#10523 = LINE('',#10524,#10525);
#10524 = CARTESIAN_POINT('',(-1.837615220228,14.,6.858073366652));
#10525 = VECTOR('',#10526,1.);
#10526 = DIRECTION('',(0.,1.,0.));
#10527 = ORIENTED_EDGE('',*,*,#10448,.T.);
#10528 = ORIENTED_EDGE('',*,*,#10529,.T.);
#10529 = EDGE_CURVE('',#10451,#10530,#10532,.T.);
#10530 = VERTEX_POINT('',#10531);
#10531 = CARTESIAN_POINT('',(-5.632808716068,13.5,-4.322206145962));
#10532 = LINE('',#10533,#10534);
#10533 = CARTESIAN_POINT('',(-5.632808716068,14.,-4.322206145962));
#10534 = VECTOR('',#10535,1.);
#10535 = DIRECTION('',(1.222064067399E-15,-1.,4.223429921379E-16));
#10536 = ORIENTED_EDGE('',*,*,#10537,.F.);
#10537 = EDGE_CURVE('',#10521,#10530,#10538,.T.);
#10538 = CIRCLE('',#10539,7.1);
#10539 = AXIS2_PLACEMENT_3D('',#10540,#10541,#10542);
#10540 = CARTESIAN_POINT('',(0.,13.5,0.));
#10541 = DIRECTION('',(0.,-1.,-0.));
#10542 = DIRECTION('',(0.,0.,-1.));
#10543 = CYLINDRICAL_SURFACE('',#10544,7.1);
#10544 = AXIS2_PLACEMENT_3D('',#10545,#10546,#10547);
#10545 = CARTESIAN_POINT('',(0.,0.,0.));
#10546 = DIRECTION('',(-0.,-1.,-0.));
#10547 = DIRECTION('',(0.,0.,-1.));
#10548 = ADVANCED_FACE('',(#10549),#10598,.T.);
#10549 = FACE_BOUND('',#10550,.T.);
#10550 = EDGE_LOOP('',(#10551,#10557,#10558,#10566,#10575,#10584,#10590,
    #10591,#10597));
#10551 = ORIENTED_EDGE('',*,*,#10552,.T.);
#10552 = EDGE_CURVE('',#9783,#10521,#10553,.T.);
#10553 = LINE('',#10554,#10555);
#10554 = CARTESIAN_POINT('',(-1.307036177768,13.5,4.87792542276));
#10555 = VECTOR('',#10556,1.);
#10556 = DIRECTION('',(-0.258819045103,0.,0.965925826289));
#10557 = ORIENTED_EDGE('',*,*,#10537,.T.);
#10558 = ORIENTED_EDGE('',*,*,#10559,.F.);
#10559 = EDGE_CURVE('',#10560,#10530,#10562,.T.);
#10560 = VERTEX_POINT('',#10561);
#10561 = CARTESIAN_POINT('',(-4.006434368471,13.5,-3.074245216494));
#10562 = LINE('',#10563,#10564);
#10563 = CARTESIAN_POINT('',(-3.052636184374,13.5,-2.342370128751));
#10564 = VECTOR('',#10565,1.);
#10565 = DIRECTION('',(-0.793353340291,0.,-0.608761429009));
#10566 = ORIENTED_EDGE('',*,*,#10567,.T.);
#10567 = EDGE_CURVE('',#10560,#10568,#10570,.T.);
#10568 = VERTEX_POINT('',#10569);
#10569 = CARTESIAN_POINT('',(-5.05,13.5,0.));
#10570 = CIRCLE('',#10571,5.05);
#10571 = AXIS2_PLACEMENT_3D('',#10572,#10573,#10574);
#10572 = CARTESIAN_POINT('',(0.,13.5,0.));
#10573 = DIRECTION('',(0.,1.,0.));
#10574 = DIRECTION('',(0.,0.,-1.));
#10575 = ORIENTED_EDGE('',*,*,#10576,.T.);
#10576 = EDGE_CURVE('',#10568,#10577,#10579,.T.);
#10577 = VERTEX_POINT('',#10578);
#10578 = CARTESIAN_POINT('',(-2.88896406745,13.5,4.142026873039));
#10579 = CIRCLE('',#10580,5.05);
#10580 = AXIS2_PLACEMENT_3D('',#10581,#10582,#10583);
#10581 = CARTESIAN_POINT('',(0.,13.5,0.));
#10582 = DIRECTION('',(0.,1.,0.));
#10583 = DIRECTION('',(0.,0.,-1.));
#10584 = ORIENTED_EDGE('',*,*,#10585,.F.);
#10585 = EDGE_CURVE('',#9544,#10577,#10586,.T.);
#10586 = LINE('',#10587,#10588);
#10587 = CARTESIAN_POINT('',(-2.774549648938,13.5,3.9779862048));
#10588 = VECTOR('',#10589,1.);
#10589 = DIRECTION('',(-0.572072092564,0.,0.820203341196));
#10590 = ORIENTED_EDGE('',*,*,#9543,.F.);
#10591 = ORIENTED_EDGE('',*,*,#10592,.F.);
#10592 = EDGE_CURVE('',#9781,#9533,#10593,.T.);
#10593 = LINE('',#10594,#10595);
#10594 = CARTESIAN_POINT('',(-1.783576901024,13.5,4.724547961248));
#10595 = VECTOR('',#10596,1.);
#10596 = DIRECTION('',(0.353183544757,0.,-0.935554051732));
#10597 = ORIENTED_EDGE('',*,*,#9780,.T.);
#10598 = PLANE('',#10599);
#10599 = AXIS2_PLACEMENT_3D('',#10600,#10601,#10602);
#10600 = CARTESIAN_POINT('',(-4.85,13.5,0.));
#10601 = DIRECTION('',(0.,-1.,-0.));
#10602 = DIRECTION('',(0.,0.,-1.));
#10603 = ADVANCED_FACE('',(#10604),#10616,.F.);
#10604 = FACE_BOUND('',#10605,.F.);
#10605 = EDGE_LOOP('',(#10606,#10607,#10608,#10615));
#10606 = ORIENTED_EDGE('',*,*,#10416,.T.);
#10607 = ORIENTED_EDGE('',*,*,#10221,.T.);
#10608 = ORIENTED_EDGE('',*,*,#10609,.F.);
#10609 = EDGE_CURVE('',#7597,#10214,#10610,.T.);
#10610 = CIRCLE('',#10611,0.2);
#10611 = AXIS2_PLACEMENT_3D('',#10612,#10613,#10614);
#10612 = CARTESIAN_POINT('',(-1.44896475562E-14,0.7,-4.15));
#10613 = DIRECTION('',(1.,0.,-3.491481338843E-15));
#10614 = DIRECTION('',(3.491481338843E-15,0.,1.));
#10615 = ORIENTED_EDGE('',*,*,#7605,.T.);
#10616 = TOROIDAL_SURFACE('',#10617,4.15,0.2);
#10617 = AXIS2_PLACEMENT_3D('',#10618,#10619,#10620);
#10618 = CARTESIAN_POINT('',(0.,0.7,0.));
#10619 = DIRECTION('',(-0.,-1.,-0.));
#10620 = DIRECTION('',(0.,0.,-1.));
#10621 = ADVANCED_FACE('',(#10622),#10640,.F.);
#10622 = FACE_BOUND('',#10623,.F.);
#10623 = EDGE_LOOP('',(#10624,#10631,#10632,#10639));
#10624 = ORIENTED_EDGE('',*,*,#10625,.T.);
#10625 = EDGE_CURVE('',#10568,#10074,#10626,.T.);
#10626 = CIRCLE('',#10627,0.2);
#10627 = AXIS2_PLACEMENT_3D('',#10628,#10629,#10630);
#10628 = CARTESIAN_POINT('',(-5.05,13.3,0.));
#10629 = DIRECTION('',(0.,0.,-1.));
#10630 = DIRECTION('',(1.,0.,0.));
#10631 = ORIENTED_EDGE('',*,*,#10081,.T.);
#10632 = ORIENTED_EDGE('',*,*,#10633,.F.);
#10633 = EDGE_CURVE('',#10560,#10002,#10634,.T.);
#10634 = CIRCLE('',#10635,0.2);
#10635 = AXIS2_PLACEMENT_3D('',#10636,#10637,#10638);
#10636 = CARTESIAN_POINT('',(-4.006434368471,13.3,-3.074245216494));
#10637 = DIRECTION('',(0.608761429009,4.088782444489E-16,-0.793353340291
    ));
#10638 = DIRECTION('',(0.793353340291,3.20474742746E-31,0.608761429009)
  );
#10639 = ORIENTED_EDGE('',*,*,#10567,.T.);
#10640 = TOROIDAL_SURFACE('',#10641,5.05,0.2);
#10641 = AXIS2_PLACEMENT_3D('',#10642,#10643,#10644);
#10642 = CARTESIAN_POINT('',(0.,13.3,0.));
#10643 = DIRECTION('',(-0.,-1.,-0.));
#10644 = DIRECTION('',(0.,0.,-1.));
#10645 = ADVANCED_FACE('',(#10646),#10664,.T.);
#10646 = FACE_BOUND('',#10647,.T.);
#10647 = EDGE_LOOP('',(#10648,#10655,#10656,#10663));
#10648 = ORIENTED_EDGE('',*,*,#10649,.F.);
#10649 = EDGE_CURVE('',#10498,#10247,#10650,.T.);
#10650 = CIRCLE('',#10651,0.7);
#10651 = AXIS2_PLACEMENT_3D('',#10652,#10653,#10654);
#10652 = CARTESIAN_POINT('',(-4.006434368471,13.3,-3.074245216494));
#10653 = DIRECTION('',(0.608761429009,4.088782444489E-16,-0.793353340291
    ));
#10654 = DIRECTION('',(0.793353340291,0.,0.608761429009));
#10655 = ORIENTED_EDGE('',*,*,#10497,.F.);
#10656 = ORIENTED_EDGE('',*,*,#10657,.T.);
#10657 = EDGE_CURVE('',#10489,#10239,#10658,.T.);
#10658 = CIRCLE('',#10659,0.7);
#10659 = AXIS2_PLACEMENT_3D('',#10660,#10661,#10662);
#10660 = CARTESIAN_POINT('',(-5.05,13.3,0.));
#10661 = DIRECTION('',(0.,0.,-1.));
#10662 = DIRECTION('',(1.,0.,0.));
#10663 = ORIENTED_EDGE('',*,*,#10246,.F.);
#10664 = TOROIDAL_SURFACE('',#10665,5.05,0.7);
#10665 = AXIS2_PLACEMENT_3D('',#10666,#10667,#10668);
#10666 = CARTESIAN_POINT('',(0.,13.3,0.));
#10667 = DIRECTION('',(-0.,-1.,-0.));
#10668 = DIRECTION('',(0.,0.,-1.));
#10669 = ADVANCED_FACE('',(#10670),#10682,.T.);
#10670 = FACE_BOUND('',#10671,.T.);
#10671 = EDGE_LOOP('',(#10672,#10679,#10680,#10681));
#10672 = ORIENTED_EDGE('',*,*,#10673,.T.);
#10673 = EDGE_CURVE('',#10049,#7468,#10674,.T.);
#10674 = CIRCLE('',#10675,0.7);
#10675 = AXIS2_PLACEMENT_3D('',#10676,#10677,#10678);
#10676 = CARTESIAN_POINT('',(-1.44896475562E-14,0.7,-4.15));
#10677 = DIRECTION('',(-1.,0.,3.491481338843E-15));
#10678 = DIRECTION('',(3.491481338843E-15,0.,1.));
#10679 = ORIENTED_EDGE('',*,*,#7467,.F.);
#10680 = ORIENTED_EDGE('',*,*,#10403,.F.);
#10681 = ORIENTED_EDGE('',*,*,#10056,.F.);
#10682 = TOROIDAL_SURFACE('',#10683,4.15,0.7);
#10683 = AXIS2_PLACEMENT_3D('',#10684,#10685,#10686);
#10684 = CARTESIAN_POINT('',(0.,0.7,0.));
#10685 = DIRECTION('',(-0.,-1.,-0.));
#10686 = DIRECTION('',(0.,0.,-1.));
#10687 = ADVANCED_FACE('',(#10688),#10699,.T.);
#10688 = FACE_BOUND('',#10689,.T.);
#10689 = EDGE_LOOP('',(#10690,#10696,#10697,#10698));
#10690 = ORIENTED_EDGE('',*,*,#10691,.T.);
#10691 = EDGE_CURVE('',#7553,#7425,#10692,.T.);
#10692 = LINE('',#10693,#10694);
#10693 = CARTESIAN_POINT('',(-0.130135069401,7.754232452524,
    4.147959120304));
#10694 = VECTOR('',#10695,1.);
#10695 = DIRECTION('',(0.,-1.,0.));
#10696 = ORIENTED_EDGE('',*,*,#7424,.F.);
#10697 = ORIENTED_EDGE('',*,*,#7805,.T.);
#10698 = ORIENTED_EDGE('',*,*,#7552,.F.);
#10699 = CYLINDRICAL_SURFACE('',#10700,4.15);
#10700 = AXIS2_PLACEMENT_3D('',#10701,#10702,#10703);
#10701 = CARTESIAN_POINT('',(0.,0.,0.));
#10702 = DIRECTION('',(-0.,-1.,-0.));
#10703 = DIRECTION('',(0.,0.,-1.));
#10704 = ADVANCED_FACE('',(#10705),#10723,.T.);
#10705 = FACE_BOUND('',#10706,.T.);
#10706 = EDGE_LOOP('',(#10707,#10713,#10714,#10715,#10721,#10722));
#10707 = ORIENTED_EDGE('',*,*,#10708,.F.);
#10708 = EDGE_CURVE('',#10231,#10066,#10709,.T.);
#10709 = LINE('',#10710,#10711);
#10710 = CARTESIAN_POINT('',(-4.85,2.7,0.));
#10711 = VECTOR('',#10712,1.);
#10712 = DIRECTION('',(-1.,-0.,-0.));
#10713 = ORIENTED_EDGE('',*,*,#10238,.T.);
#10714 = ORIENTED_EDGE('',*,*,#10657,.F.);
#10715 = ORIENTED_EDGE('',*,*,#10716,.T.);
#10716 = EDGE_CURVE('',#10489,#10568,#10717,.T.);
#10717 = LINE('',#10718,#10719);
#10718 = CARTESIAN_POINT('',(-5.05,14.,0.));
#10719 = VECTOR('',#10720,1.);
#10720 = DIRECTION('',(0.,-1.,0.));
#10721 = ORIENTED_EDGE('',*,*,#10625,.T.);
#10722 = ORIENTED_EDGE('',*,*,#10073,.T.);
#10723 = PLANE('',#10724);
#10724 = AXIS2_PLACEMENT_3D('',#10725,#10726,#10727);
#10725 = CARTESIAN_POINT('',(-4.15,0.7,0.));
#10726 = DIRECTION('',(0.,0.,1.));
#10727 = DIRECTION('',(1.,0.,-0.));
#10728 = ADVANCED_FACE('',(#10729),#10740,.F.);
#10729 = FACE_BOUND('',#10730,.F.);
#10730 = EDGE_LOOP('',(#10731,#10732,#10733,#10734));
#10731 = ORIENTED_EDGE('',*,*,#10488,.T.);
#10732 = ORIENTED_EDGE('',*,*,#10716,.T.);
#10733 = ORIENTED_EDGE('',*,*,#10576,.T.);
#10734 = ORIENTED_EDGE('',*,*,#10735,.T.);
#10735 = EDGE_CURVE('',#10577,#10481,#10736,.T.);
#10736 = LINE('',#10737,#10738);
#10737 = CARTESIAN_POINT('',(-2.88896406745,12.107022393701,
    4.142026873039));
#10738 = VECTOR('',#10739,1.);
#10739 = DIRECTION('',(0.,1.,0.));
#10740 = CYLINDRICAL_SURFACE('',#10741,5.05);
#10741 = AXIS2_PLACEMENT_3D('',#10742,#10743,#10744);
#10742 = CARTESIAN_POINT('',(0.,0.,0.));
#10743 = DIRECTION('',(-0.,-1.,-0.));
#10744 = DIRECTION('',(0.,0.,-1.));
#10745 = ADVANCED_FACE('',(#10746),#10754,.F.);
#10746 = FACE_BOUND('',#10747,.T.);
#10747 = EDGE_LOOP('',(#10748,#10749,#10750,#10751,#10752,#10753));
#10748 = ORIENTED_EDGE('',*,*,#7748,.F.);
#10749 = ORIENTED_EDGE('',*,*,#10673,.F.);
#10750 = ORIENTED_EDGE('',*,*,#10048,.F.);
#10751 = ORIENTED_EDGE('',*,*,#9203,.F.);
#10752 = ORIENTED_EDGE('',*,*,#10213,.F.);
#10753 = ORIENTED_EDGE('',*,*,#10609,.F.);
#10754 = PLANE('',#10755);
#10755 = AXIS2_PLACEMENT_3D('',#10756,#10757,#10758);
#10756 = CARTESIAN_POINT('',(-1.44896475562E-14,0.7,-4.15));
#10757 = DIRECTION('',(-1.,0.,3.491481338843E-15));
#10758 = DIRECTION('',(3.491481338843E-15,0.,1.));
#10759 = ADVANCED_FACE('',(#10760),#10771,.T.);
#10760 = FACE_BOUND('',#10761,.T.);
#10761 = EDGE_LOOP('',(#10762,#10763,#10764,#10765));
#10762 = ORIENTED_EDGE('',*,*,#7623,.F.);
#10763 = ORIENTED_EDGE('',*,*,#10431,.T.);
#10764 = ORIENTED_EDGE('',*,*,#7450,.F.);
#10765 = ORIENTED_EDGE('',*,*,#10766,.F.);
#10766 = EDGE_CURVE('',#7624,#7442,#10767,.T.);
#10767 = LINE('',#10768,#10769);
#10768 = CARTESIAN_POINT('',(-5.431333048859,7.754232452524,
    4.415950782376));
#10769 = VECTOR('',#10770,1.);
#10770 = DIRECTION('',(0.,-1.,0.));
#10771 = PLANE('',#10772);
#10772 = AXIS2_PLACEMENT_3D('',#10773,#10774,#10775);
#10773 = CARTESIAN_POINT('',(-3.736418511566,7.754232452524,
    1.806011269739));
#10774 = DIRECTION('',(-0.838670567945,0.,-0.544639035015));
#10775 = DIRECTION('',(-0.544639035015,0.,0.838670567945));
#10776 = ADVANCED_FACE('',(#10777),#10788,.T.);
#10777 = FACE_BOUND('',#10778,.T.);
#10778 = EDGE_LOOP('',(#10779,#10780,#10781,#10782));
#10779 = ORIENTED_EDGE('',*,*,#7631,.F.);
#10780 = ORIENTED_EDGE('',*,*,#10766,.T.);
#10781 = ORIENTED_EDGE('',*,*,#7441,.F.);
#10782 = ORIENTED_EDGE('',*,*,#10783,.F.);
#10783 = EDGE_CURVE('',#7632,#7434,#10784,.T.);
#10784 = LINE('',#10785,#10786);
#10785 = CARTESIAN_POINT('',(-1.825049606694,7.754232452524,
    6.757898632941));
#10786 = VECTOR('',#10787,1.);
#10787 = DIRECTION('',(0.,-1.,0.));
#10788 = CYLINDRICAL_SURFACE('',#10789,7.);
#10789 = AXIS2_PLACEMENT_3D('',#10790,#10791,#10792);
#10790 = CARTESIAN_POINT('',(0.,7.754232452524,0.));
#10791 = DIRECTION('',(0.,-1.,0.));
#10792 = DIRECTION('',(0.,0.,-1.));
#10793 = ADVANCED_FACE('',(#10794),#10800,.T.);
#10794 = FACE_BOUND('',#10795,.T.);
#10795 = EDGE_LOOP('',(#10796,#10797,#10798,#10799));
#10796 = ORIENTED_EDGE('',*,*,#7640,.F.);
#10797 = ORIENTED_EDGE('',*,*,#10783,.T.);
#10798 = ORIENTED_EDGE('',*,*,#7433,.F.);
#10799 = ORIENTED_EDGE('',*,*,#10691,.F.);
#10800 = PLANE('',#10801);
#10801 = AXIS2_PLACEMENT_3D('',#10802,#10803,#10804);
#10802 = CARTESIAN_POINT('',(-0.130135069401,7.754232452524,
    4.147959120304));
#10803 = DIRECTION('',(0.838670567945,0.,0.544639035015));
#10804 = DIRECTION('',(0.544639035015,0.,-0.838670567945));
#10805 = ADVANCED_FACE('',(#10806),#10840,.F.);
#10806 = FACE_BOUND('',#10807,.T.);
#10807 = EDGE_LOOP('',(#10808,#10818,#10826,#10834));
#10808 = ORIENTED_EDGE('',*,*,#10809,.T.);
#10809 = EDGE_CURVE('',#10810,#10812,#10814,.T.);
#10810 = VERTEX_POINT('',#10811);
#10811 = CARTESIAN_POINT('',(-4.395592767128,0.7,2.049698569442));
#10812 = VERTEX_POINT('',#10813);
#10813 = CARTESIAN_POINT('',(-3.942438873609,0.7,1.838389438572));
#10814 = LINE('',#10815,#10816);
#10815 = CARTESIAN_POINT('',(-3.942438873609,0.7,1.838389438572));
#10816 = VECTOR('',#10817,1.);
#10817 = DIRECTION('',(0.906307787037,-0.,-0.422618261741));
#10818 = ORIENTED_EDGE('',*,*,#10819,.T.);
#10819 = EDGE_CURVE('',#10812,#10820,#10822,.T.);
#10820 = VERTEX_POINT('',#10821);
#10821 = CARTESIAN_POINT('',(-3.942438873609,1.2,1.838389438572));
#10822 = LINE('',#10823,#10824);
#10823 = CARTESIAN_POINT('',(-3.942438873609,0.7,1.838389438572));
#10824 = VECTOR('',#10825,1.);
#10825 = DIRECTION('',(0.,1.,0.));
#10826 = ORIENTED_EDGE('',*,*,#10827,.T.);
#10827 = EDGE_CURVE('',#10820,#10828,#10830,.T.);
#10828 = VERTEX_POINT('',#10829);
#10829 = CARTESIAN_POINT('',(-4.395592767128,1.2,2.049698569442));
#10830 = LINE('',#10831,#10832);
#10831 = CARTESIAN_POINT('',(-3.942438873609,1.2,1.838389438572));
#10832 = VECTOR('',#10833,1.);
#10833 = DIRECTION('',(-0.906307787037,0.,0.422618261741));
#10834 = ORIENTED_EDGE('',*,*,#10835,.T.);
#10835 = EDGE_CURVE('',#10828,#10810,#10836,.T.);
#10836 = LINE('',#10837,#10838);
#10837 = CARTESIAN_POINT('',(-4.395592767128,0.7,2.049698569442));
#10838 = VECTOR('',#10839,1.);
#10839 = DIRECTION('',(-0.,-1.,-0.));
#10840 = PLANE('',#10841);
#10841 = AXIS2_PLACEMENT_3D('',#10842,#10843,#10844);
#10842 = CARTESIAN_POINT('',(-7.331258200181E-16,0.,-1.572193394633E-15)
  );
#10843 = DIRECTION('',(-0.422618261741,0.,-0.906307787037));
#10844 = DIRECTION('',(-0.906307787037,0.,0.422618261741));
#10845 = ADVANCED_FACE('',(#10846),#10864,.T.);
#10846 = FACE_BOUND('',#10847,.T.);
#10847 = EDGE_LOOP('',(#10848,#10849,#10856,#10857));
#10848 = ORIENTED_EDGE('',*,*,#10397,.T.);
#10849 = ORIENTED_EDGE('',*,*,#10850,.T.);
#10850 = EDGE_CURVE('',#10222,#10812,#10851,.T.);
#10851 = B_SPLINE_CURVE_WITH_KNOTS('',3,(#10852,#10853,#10854,#10855),
  .UNSPECIFIED.,.F.,.F.,(4,4),(0.,1.),.PIECEWISE_BEZIER_KNOTS.);
#10852 = CARTESIAN_POINT('',(-4.35,0.7,3.995410182218E-16));
#10853 = CARTESIAN_POINT('',(-4.343753849236,0.7,0.634386142548));
#10854 = CARTESIAN_POINT('',(-4.204685386298,0.7,1.261220683179));
#10855 = CARTESIAN_POINT('',(-3.942438873609,0.7,1.838389438572));
#10856 = ORIENTED_EDGE('',*,*,#10809,.F.);
#10857 = ORIENTED_EDGE('',*,*,#10858,.F.);
#10858 = EDGE_CURVE('',#10057,#10810,#10859,.T.);
#10859 = B_SPLINE_CURVE_WITH_KNOTS('',3,(#10860,#10861,#10862,#10863),
  .UNSPECIFIED.,.F.,.F.,(4,4),(0.,1.),.PIECEWISE_BEZIER_KNOTS.);
#10860 = CARTESIAN_POINT('',(-4.85,0.7,0.));
#10861 = CARTESIAN_POINT('',(-4.828138480408,0.7,0.704822519505));
#10862 = CARTESIAN_POINT('',(-4.673454648644,0.7,1.402093437093));
#10863 = CARTESIAN_POINT('',(-4.395592767128,0.7,2.049698569442));
#10864 = PLANE('',#10865);
#10865 = AXIS2_PLACEMENT_3D('',#10866,#10867,#10868);
#10866 = CARTESIAN_POINT('',(-4.85,0.7,0.));
#10867 = DIRECTION('',(0.,-1.,2.433201675498E-15));
#10868 = DIRECTION('',(1.,0.,0.));
#10869 = ADVANCED_FACE('',(#10870),#10882,.T.);
#10870 = FACE_BOUND('',#10871,.T.);
#10871 = EDGE_LOOP('',(#10872,#10873,#10874,#10875));
#10872 = ORIENTED_EDGE('',*,*,#10065,.T.);
#10873 = ORIENTED_EDGE('',*,*,#10858,.T.);
#10874 = ORIENTED_EDGE('',*,*,#10835,.F.);
#10875 = ORIENTED_EDGE('',*,*,#10876,.F.);
#10876 = EDGE_CURVE('',#10066,#10828,#10877,.T.);
#10877 = B_SPLINE_CURVE_WITH_KNOTS('',3,(#10878,#10879,#10880,#10881),
  .UNSPECIFIED.,.F.,.F.,(4,4),(0.,1.),.PIECEWISE_BEZIER_KNOTS.);
#10878 = CARTESIAN_POINT('',(-4.85,2.7,0.));
#10879 = CARTESIAN_POINT('',(-4.828138480408,2.2,0.704822519505));
#10880 = CARTESIAN_POINT('',(-4.673454648644,1.7,1.402093437093));
#10881 = CARTESIAN_POINT('',(-4.395592767128,1.2,2.049698569442));
#10882 = B_SPLINE_SURFACE_WITH_KNOTS('',3,3,(
    (#10883,#10884,#10885,#10886)
    ,(#10887,#10888,#10889,#10890)
    ,(#10891,#10892,#10893,#10894)
    ,(#10895,#10896,#10897,#10898)
    ,(#10899,#10900,#10901,#10902)
    ,(#10903,#10904,#10905,#10906)
    ,(#10907,#10908,#10909,#10910
    )),.UNSPECIFIED.,.F.,.F.,.F.,(4,1,1,1,4),(4,4),(0.5,0.58125,0.6625,
    0.74375,0.825),(0.,1.),.UNSPECIFIED.);
#10883 = CARTESIAN_POINT('',(-4.85,2.7,0.));
#10884 = CARTESIAN_POINT('',(-4.828138480408,2.2,0.704822519505));
#10885 = CARTESIAN_POINT('',(-4.673454648644,1.7,1.402093437093));
#10886 = CARTESIAN_POINT('',(-4.395592767128,1.2,2.049698569442));
#10887 = CARTESIAN_POINT('',(-4.85,2.533333333333,0.));
#10888 = CARTESIAN_POINT('',(-4.828138480408,2.075,0.704822519505));
#10889 = CARTESIAN_POINT('',(-4.673454648644,1.616666666667,
    1.402093437093));
#10890 = CARTESIAN_POINT('',(-4.395592767128,1.158333333333,
    2.049698569442));
#10891 = CARTESIAN_POINT('',(-4.85,2.2,0.));
#10892 = CARTESIAN_POINT('',(-4.828138480408,1.825,0.704822519505));
#10893 = CARTESIAN_POINT('',(-4.673454648644,1.45,1.402093437093));
#10894 = CARTESIAN_POINT('',(-4.395592767128,1.075,2.049698569442));
#10895 = CARTESIAN_POINT('',(-4.85,1.7,0.));
#10896 = CARTESIAN_POINT('',(-4.828138480408,1.45,0.704822519505));
#10897 = CARTESIAN_POINT('',(-4.673454648644,1.2,1.402093437093));
#10898 = CARTESIAN_POINT('',(-4.395592767128,0.95,2.049698569442));
#10899 = CARTESIAN_POINT('',(-4.85,1.2,0.));
#10900 = CARTESIAN_POINT('',(-4.828138480408,1.075,0.704822519505));
#10901 = CARTESIAN_POINT('',(-4.673454648644,0.95,1.402093437093));
#10902 = CARTESIAN_POINT('',(-4.395592767128,0.825,2.049698569442));
#10903 = CARTESIAN_POINT('',(-4.85,0.866666666667,-0.));
#10904 = CARTESIAN_POINT('',(-4.828138480408,0.825,0.704822519505));
#10905 = CARTESIAN_POINT('',(-4.673454648644,0.783333333333,
    1.402093437093));
#10906 = CARTESIAN_POINT('',(-4.395592767128,0.741666666667,
    2.049698569442));
#10907 = CARTESIAN_POINT('',(-4.85,0.7,0.));
#10908 = CARTESIAN_POINT('',(-4.828138480408,0.7,0.704822519505));
#10909 = CARTESIAN_POINT('',(-4.673454648644,0.7,1.402093437093));
#10910 = CARTESIAN_POINT('',(-4.395592767128,0.7,2.049698569442));
#10911 = ADVANCED_FACE('',(#10912),#10924,.T.);
#10912 = FACE_BOUND('',#10913,.T.);
#10913 = EDGE_LOOP('',(#10914,#10915,#10916,#10917));
#10914 = ORIENTED_EDGE('',*,*,#10708,.T.);
#10915 = ORIENTED_EDGE('',*,*,#10876,.T.);
#10916 = ORIENTED_EDGE('',*,*,#10827,.F.);
#10917 = ORIENTED_EDGE('',*,*,#10918,.F.);
#10918 = EDGE_CURVE('',#10231,#10820,#10919,.T.);
#10919 = B_SPLINE_CURVE_WITH_KNOTS('',3,(#10920,#10921,#10922,#10923),
  .UNSPECIFIED.,.F.,.F.,(4,4),(0.,1.),.PIECEWISE_BEZIER_KNOTS.);
#10920 = CARTESIAN_POINT('',(-4.35,2.7,3.995410182218E-16));
#10921 = CARTESIAN_POINT('',(-4.343753849236,2.2,0.634386142548));
#10922 = CARTESIAN_POINT('',(-4.204685386298,1.7,1.261220683179));
#10923 = CARTESIAN_POINT('',(-3.942438873609,1.2,1.838389438572));
#10924 = B_SPLINE_SURFACE_WITH_KNOTS('',3,3,(
    (#10925,#10926,#10927,#10928)
    ,(#10929,#10930,#10931,#10932)
    ,(#10933,#10934,#10935,#10936)
    ,(#10937,#10938,#10939,#10940)
    ,(#10941,#10942,#10943,#10944)
    ,(#10945,#10946,#10947,#10948)
    ,(#10949,#10950,#10951,#10952
    )),.UNSPECIFIED.,.F.,.F.,.F.,(4,1,1,1,4),(4,4),(0.325,0.36875,0.4125
    ,0.45625,0.5),(0.,1.),.UNSPECIFIED.);
#10925 = CARTESIAN_POINT('',(-4.35,2.7,0.));
#10926 = CARTESIAN_POINT('',(-4.343753849236,2.2,0.634386142548));
#10927 = CARTESIAN_POINT('',(-4.204685386298,1.7,1.261220683179));
#10928 = CARTESIAN_POINT('',(-3.942438873609,1.2,1.838389438572));
#10929 = CARTESIAN_POINT('',(-4.391666666667,2.7,0.));
#10930 = CARTESIAN_POINT('',(-4.384119235167,2.2,0.640255840628));
#10931 = CARTESIAN_POINT('',(-4.243749491494,1.7,1.272960079339));
#10932 = CARTESIAN_POINT('',(-3.980201698069,1.2,1.855998532811));
#10933 = CARTESIAN_POINT('',(-4.475,2.7,0.));
#10934 = CARTESIAN_POINT('',(-4.464850007029,2.2,0.651995236788));
#10935 = CARTESIAN_POINT('',(-4.321877701885,1.7,1.296438871658));
#10936 = CARTESIAN_POINT('',(-4.055727346989,1.2,1.89121672129));
#10937 = CARTESIAN_POINT('',(-4.6,2.7,0.));
#10938 = CARTESIAN_POINT('',(-4.585946164822,2.2,0.669604331027));
#10939 = CARTESIAN_POINT('',(-4.439070017471,1.7,1.331657060136));
#10940 = CARTESIAN_POINT('',(-4.169015820369,1.2,1.944044004007));
#10941 = CARTESIAN_POINT('',(-4.725,2.7,0.));
#10942 = CARTESIAN_POINT('',(-4.707042322615,2.2,0.687213425266));
#10943 = CARTESIAN_POINT('',(-4.556262333057,1.7,1.366875248614));
#10944 = CARTESIAN_POINT('',(-4.282304293748,1.2,1.996871286725));
#10945 = CARTESIAN_POINT('',(-4.808333333333,2.7,-0.));
#10946 = CARTESIAN_POINT('',(-4.787773094477,2.2,0.698952821426));
#10947 = CARTESIAN_POINT('',(-4.634390543448,1.7,1.390354040933));
#10948 = CARTESIAN_POINT('',(-4.357829942668,1.2,2.032089475203));
#10949 = CARTESIAN_POINT('',(-4.85,2.7,0.));
#10950 = CARTESIAN_POINT('',(-4.828138480408,2.2,0.704822519505));
#10951 = CARTESIAN_POINT('',(-4.673454648644,1.7,1.402093437093));
#10952 = CARTESIAN_POINT('',(-4.395592767128,1.2,2.049698569442));
#10953 = ADVANCED_FACE('',(#10954),#10960,.T.);
#10954 = FACE_BOUND('',#10955,.T.);
#10955 = EDGE_LOOP('',(#10956,#10957,#10958,#10959));
#10956 = ORIENTED_EDGE('',*,*,#10230,.T.);
#10957 = ORIENTED_EDGE('',*,*,#10918,.T.);
#10958 = ORIENTED_EDGE('',*,*,#10819,.F.);
#10959 = ORIENTED_EDGE('',*,*,#10850,.F.);
#10960 = B_SPLINE_SURFACE_WITH_KNOTS('',3,3,(
    (#10961,#10962,#10963,#10964)
    ,(#10965,#10966,#10967,#10968)
    ,(#10969,#10970,#10971,#10972)
    ,(#10973,#10974,#10975,#10976)
    ,(#10977,#10978,#10979,#10980)
    ,(#10981,#10982,#10983,#10984)
    ,(#10985,#10986,#10987,#10988
    )),.UNSPECIFIED.,.F.,.F.,.F.,(4,1,1,1,4),(4,4),(0.,8.125E-02,0.1625,
    0.24375,0.325),(0.,1.),.UNSPECIFIED.);
#10961 = CARTESIAN_POINT('',(-4.35,0.7,0.));
#10962 = CARTESIAN_POINT('',(-4.343753849236,0.7,0.634386142548));
#10963 = CARTESIAN_POINT('',(-4.204685386298,0.7,1.261220683179));
#10964 = CARTESIAN_POINT('',(-3.942438873609,0.7,1.838389438572));
#10965 = CARTESIAN_POINT('',(-4.35,0.866666666667,0.));
#10966 = CARTESIAN_POINT('',(-4.343753849236,0.825,0.634386142548));
#10967 = CARTESIAN_POINT('',(-4.204685386298,0.783333333333,
    1.261220683179));
#10968 = CARTESIAN_POINT('',(-3.942438873609,0.741666666667,
    1.838389438572));
#10969 = CARTESIAN_POINT('',(-4.35,1.2,0.));
#10970 = CARTESIAN_POINT('',(-4.343753849236,1.075,0.634386142548));
#10971 = CARTESIAN_POINT('',(-4.204685386298,0.95,1.261220683179));
#10972 = CARTESIAN_POINT('',(-3.942438873609,0.825,1.838389438572));
#10973 = CARTESIAN_POINT('',(-4.35,1.7,0.));
#10974 = CARTESIAN_POINT('',(-4.343753849236,1.45,0.634386142548));
#10975 = CARTESIAN_POINT('',(-4.204685386298,1.2,1.261220683179));
#10976 = CARTESIAN_POINT('',(-3.942438873609,0.95,1.838389438572));
#10977 = CARTESIAN_POINT('',(-4.35,2.2,0.));
#10978 = CARTESIAN_POINT('',(-4.343753849236,1.825,0.634386142548));
#10979 = CARTESIAN_POINT('',(-4.204685386298,1.45,1.261220683179));
#10980 = CARTESIAN_POINT('',(-3.942438873609,1.075,1.838389438572));
#10981 = CARTESIAN_POINT('',(-4.35,2.533333333333,-0.));
#10982 = CARTESIAN_POINT('',(-4.343753849236,2.075,0.634386142548));
#10983 = CARTESIAN_POINT('',(-4.204685386298,1.616666666667,
    1.261220683179));
#10984 = CARTESIAN_POINT('',(-3.942438873609,1.158333333333,
    1.838389438572));
#10985 = CARTESIAN_POINT('',(-4.35,2.7,0.));
#10986 = CARTESIAN_POINT('',(-4.343753849236,2.2,0.634386142548));
#10987 = CARTESIAN_POINT('',(-4.204685386298,1.7,1.261220683179));
#10988 = CARTESIAN_POINT('',(-3.942438873609,1.2,1.838389438572));
#10989 = ADVANCED_FACE('',(#10990),#11006,.T.);
#10990 = FACE_BOUND('',#10991,.T.);
#10991 = EDGE_LOOP('',(#10992,#10993,#10999,#11000));
#10992 = ORIENTED_EDGE('',*,*,#10347,.F.);
#10993 = ORIENTED_EDGE('',*,*,#10994,.T.);
#10994 = EDGE_CURVE('',#10348,#10091,#10995,.T.);
#10995 = LINE('',#10996,#10997);
#10996 = CARTESIAN_POINT('',(-3.888450853039,10.4,-3.137267913886));
#10997 = VECTOR('',#10998,1.);
#10998 = DIRECTION('',(-0.906307787037,0.,-0.422618261741));
#10999 = ORIENTED_EDGE('',*,*,#10090,.T.);
#11000 = ORIENTED_EDGE('',*,*,#11001,.T.);
#11001 = EDGE_CURVE('',#10093,#10333,#11002,.T.);
#11002 = LINE('',#11003,#11004);
#11003 = CARTESIAN_POINT('',(-2.657729543634,10.4,-2.860077499383));
#11004 = VECTOR('',#11005,1.);
#11005 = DIRECTION('',(0.422618261741,-0.,0.906307787037));
#11006 = PLANE('',#11007);
#11007 = AXIS2_PLACEMENT_3D('',#11008,#11009,#11010);
#11008 = CARTESIAN_POINT('',(-4.395592767128,10.4,-2.049698569442));
#11009 = DIRECTION('',(0.,-1.,-0.));
#11010 = DIRECTION('',(0.,0.,-1.));
#11011 = ADVANCED_FACE('',(#11012),#11028,.T.);
#11012 = FACE_BOUND('',#11013,.T.);
#11013 = EDGE_LOOP('',(#11014,#11015,#11021,#11022));
#11014 = ORIENTED_EDGE('',*,*,#10304,.T.);
#11015 = ORIENTED_EDGE('',*,*,#11016,.T.);
#11016 = EDGE_CURVE('',#10305,#10144,#11017,.T.);
#11017 = LINE('',#11018,#11019);
#11018 = CARTESIAN_POINT('',(-2.023314092709,5.4,-3.155910282602));
#11019 = VECTOR('',#11020,1.);
#11020 = DIRECTION('',(-0.422618261741,0.,-0.906307787037));
#11021 = ORIENTED_EDGE('',*,*,#10143,.F.);
#11022 = ORIENTED_EDGE('',*,*,#11023,.F.);
#11023 = EDGE_CURVE('',#10293,#10135,#11024,.T.);
#11024 = LINE('',#11025,#11026);
#11025 = CARTESIAN_POINT('',(-2.526413862227,5.4,-3.541148542033));
#11026 = VECTOR('',#11027,1.);
#11027 = DIRECTION('',(-0.580784795914,0.,-0.8140571361));
#11028 = PLANE('',#11029);
#11029 = AXIS2_PLACEMENT_3D('',#11030,#11031,#11032);
#11030 = CARTESIAN_POINT('',(-4.395592767128,5.4,-2.049698569442));
#11031 = DIRECTION('',(0.,1.,0.));
#11032 = DIRECTION('',(0.,-0.,1.));
#11033 = ADVANCED_FACE('',(#11034),#11050,.T.);
#11034 = FACE_BOUND('',#11035,.T.);
#11035 = EDGE_LOOP('',(#11036,#11037,#11043,#11044));
#11036 = ORIENTED_EDGE('',*,*,#10371,.F.);
#11037 = ORIENTED_EDGE('',*,*,#11038,.T.);
#11038 = EDGE_CURVE('',#10372,#10117,#11039,.T.);
#11039 = LINE('',#11040,#11041);
#11040 = CARTESIAN_POINT('',(-4.395592767128,5.9,-2.049698569442));
#11041 = VECTOR('',#11042,1.);
#11042 = DIRECTION('',(-0.906307787037,-0.,-0.422618261741));
#11043 = ORIENTED_EDGE('',*,*,#10116,.F.);
#11044 = ORIENTED_EDGE('',*,*,#11045,.T.);
#11045 = EDGE_CURVE('',#10102,#10357,#11046,.T.);
#11046 = LINE('',#11047,#11048);
#11047 = CARTESIAN_POINT('',(-3.942438873609,9.2,-1.838389438572));
#11048 = VECTOR('',#11049,1.);
#11049 = DIRECTION('',(0.906307787037,-0.,0.422618261741));
#11050 = PLANE('',#11051);
#11051 = AXIS2_PLACEMENT_3D('',#11052,#11053,#11054);
#11052 = CARTESIAN_POINT('',(0.,0.,0.));
#11053 = DIRECTION('',(0.422618261741,0.,-0.906307787037));
#11054 = DIRECTION('',(-0.906307787037,0.,-0.422618261741));
#11055 = ADVANCED_FACE('',(#11056),#11072,.F.);
#11056 = FACE_BOUND('',#11057,.T.);
#11057 = EDGE_LOOP('',(#11058,#11059,#11065,#11066));
#11058 = ORIENTED_EDGE('',*,*,#10163,.T.);
#11059 = ORIENTED_EDGE('',*,*,#11060,.T.);
#11060 = EDGE_CURVE('',#10153,#10314,#11061,.T.);
#11061 = LINE('',#11062,#11063);
#11062 = CARTESIAN_POINT('',(0.,5.9,0.));
#11063 = VECTOR('',#11064,1.);
#11064 = DIRECTION('',(0.422618261741,-0.,0.906307787037));
#11065 = ORIENTED_EDGE('',*,*,#10324,.T.);
#11066 = ORIENTED_EDGE('',*,*,#11067,.T.);
#11067 = EDGE_CURVE('',#10325,#10164,#11068,.T.);
#11068 = LINE('',#11069,#11070);
#11069 = CARTESIAN_POINT('',(0.,9.2,0.));
#11070 = VECTOR('',#11071,1.);
#11071 = DIRECTION('',(-0.422618261741,0.,-0.906307787037));
#11072 = PLANE('',#11073);
#11073 = AXIS2_PLACEMENT_3D('',#11074,#11075,#11076);
#11074 = CARTESIAN_POINT('',(0.,0.,0.));
#11075 = DIRECTION('',(0.906307787037,0.,-0.422618261741));
#11076 = DIRECTION('',(-0.422618261741,0.,-0.906307787037));
#11077 = ADVANCED_FACE('',(#11078),#11084,.F.);
#11078 = FACE_BOUND('',#11079,.F.);
#11079 = EDGE_LOOP('',(#11080,#11081,#11082,#11083));
#11080 = ORIENTED_EDGE('',*,*,#10994,.T.);
#11081 = ORIENTED_EDGE('',*,*,#10101,.T.);
#11082 = ORIENTED_EDGE('',*,*,#11045,.T.);
#11083 = ORIENTED_EDGE('',*,*,#10356,.T.);
#11084 = CYLINDRICAL_SURFACE('',#11085,1.2);
#11085 = AXIS2_PLACEMENT_3D('',#11086,#11087,#11088);
#11086 = CARTESIAN_POINT('',(-3.888450853039,9.2,-3.137267913886));
#11087 = DIRECTION('',(0.906307787037,0.,0.422618261741));
#11088 = DIRECTION('',(0.422618261741,0.,-0.906307787037));
#11089 = ADVANCED_FACE('',(#11090),#11096,.F.);
#11090 = FACE_BOUND('',#11091,.F.);
#11091 = EDGE_LOOP('',(#11092,#11093,#11094,#11095));
#11092 = ORIENTED_EDGE('',*,*,#11067,.T.);
#11093 = ORIENTED_EDGE('',*,*,#10171,.T.);
#11094 = ORIENTED_EDGE('',*,*,#11001,.T.);
#11095 = ORIENTED_EDGE('',*,*,#10332,.T.);
#11096 = CYLINDRICAL_SURFACE('',#11097,1.2);
#11097 = AXIS2_PLACEMENT_3D('',#11098,#11099,#11100);
#11098 = CARTESIAN_POINT('',(-1.087569344444,9.2,0.507141914089));
#11099 = DIRECTION('',(-0.422618261741,0.,-0.906307787037));
#11100 = DIRECTION('',(-0.906307787037,0.,0.422618261741));
#11101 = ADVANCED_FACE('',(#11102),#11156,.F.);
#11102 = FACE_BOUND('',#11103,.T.);
#11103 = EDGE_LOOP('',(#11104,#11114,#11132,#11140));
#11104 = ORIENTED_EDGE('',*,*,#11105,.T.);
#11105 = EDGE_CURVE('',#11106,#11108,#11110,.T.);
#11106 = VERTEX_POINT('',#11107);
#11107 = CARTESIAN_POINT('',(-2.070462842628,7.983350440839,
    -2.088684153135));
#11108 = VERTEX_POINT('',#11109);
#11109 = CARTESIAN_POINT('',(-2.088684153135,7.983350440839,
    -2.070462842628));
#11110 = LINE('',#11111,#11112);
#11111 = CARTESIAN_POINT('',(-2.433126888475,7.983350440839,
    -1.726020107288));
#11112 = VECTOR('',#11113,1.);
#11113 = DIRECTION('',(-0.707106781187,-0.,0.707106781187));
#11114 = ORIENTED_EDGE('',*,*,#11115,.T.);
#11115 = EDGE_CURVE('',#11108,#11116,#11118,.T.);
#11116 = VERTEX_POINT('',#11117);
#11117 = CARTESIAN_POINT('',(-2.058165502879,7.485253091794,
    -2.039353076169));
#11118 = B_SPLINE_CURVE_WITH_KNOTS('',3,(#11119,#11120,#11121,#11122,
    #11123,#11124,#11125,#11126,#11127,#11128,#11129,#11130,#11131),
  .UNSPECIFIED.,.F.,.F.,(4,3,3,3,4),(0.,7.494146710069E-05,
    2.500327947681E-04,4.454541783278E-04,5.00000199694E-04),
  .UNSPECIFIED.);
#11119 = CARTESIAN_POINT('',(-2.088684153135,7.983350440839,
    -2.070462842628));
#11120 = CARTESIAN_POINT('',(-2.087166855077,7.958465029778,
    -2.068901127144));
#11121 = CARTESIAN_POINT('',(-2.085648872871,7.933579617476,
    -2.067340095655));
#11122 = CARTESIAN_POINT('',(-2.084130038647,7.908694203788,
    -2.065779916011));
#11123 = CARTESIAN_POINT('',(-2.080581473227,7.850552559953,
    -2.06213475221));
#11124 = CARTESIAN_POINT('',(-2.077028272868,7.792410907652,
    -2.058494222301));
#11125 = CARTESIAN_POINT('',(-2.073467973075,7.734269246822,
    -2.054860790769));
#11126 = CARTESIAN_POINT('',(-2.069494282827,7.669376691672,
    -2.050805477373));
#11127 = CARTESIAN_POINT('',(-2.065511765938,7.604484122677,
    -2.046758988905));
#11128 = CARTESIAN_POINT('',(-2.061515339811,7.539591547052,
    -2.042726408855));
#11129 = CARTESIAN_POINT('',(-2.060399857218,7.521478729187,
    -2.041600834977));
#11130 = CARTESIAN_POINT('',(-2.059283288113,7.503365910641,
    -2.040476347527));
#11131 = CARTESIAN_POINT('',(-2.058165502879,7.485253091794,
    -2.039353076169));
#11132 = ORIENTED_EDGE('',*,*,#11133,.T.);
#11133 = EDGE_CURVE('',#11116,#11134,#11136,.T.);
#11134 = VERTEX_POINT('',#11135);
#11135 = CARTESIAN_POINT('',(-2.039353076169,7.485253091794,
    -2.058165502879));
#11136 = LINE('',#11137,#11138);
#11137 = CARTESIAN_POINT('',(-2.402312680117,7.485253091794,
    -1.69520589893));
#11138 = VECTOR('',#11139,1.);
#11139 = DIRECTION('',(0.707106781187,0.,-0.707106781187));
#11140 = ORIENTED_EDGE('',*,*,#11141,.T.);
#11141 = EDGE_CURVE('',#11134,#11106,#11142,.T.);
#11142 = B_SPLINE_CURVE_WITH_KNOTS('',3,(#11143,#11144,#11145,#11146,
    #11147,#11148,#11149,#11150,#11151,#11152,#11153,#11154,#11155),
  .UNSPECIFIED.,.F.,.F.,(4,3,3,3,4),(0.,5.369415047064E-05,
    2.499674072905E-04,4.23354993777E-04,5.000002043495E-04),
  .UNSPECIFIED.);
#11143 = CARTESIAN_POINT('',(-2.039353076169,7.485253091794,
    -2.058165502879));
#11144 = CARTESIAN_POINT('',(-2.040458804859,7.50308303406,
    -2.059265831125));
#11145 = CARTESIAN_POINT('',(-2.041565711994,7.520912976034,
    -2.06036498089));
#11146 = CARTESIAN_POINT('',(-2.04267367377,7.538742917352,
    -2.061463075934));
#11147 = CARTESIAN_POINT('',(-2.046723710083,7.603918369601,
    -2.06547704546));
#11148 = CARTESIAN_POINT('',(-2.050787799648,7.669093815204,
    -2.06947696091));
#11149 = CARTESIAN_POINT('',(-2.054860790769,7.734269246822,
    -2.073467973075));
#11150 = CARTESIAN_POINT('',(-2.058458866851,7.791845154711,
    -2.076993629033));
#11151 = CARTESIAN_POINT('',(-2.062063904358,7.849421054235,
    -2.080512322531));
#11152 = CARTESIAN_POINT('',(-2.065673508501,7.906996945441,
    -2.084026448363));
#11153 = CARTESIAN_POINT('',(-2.067269117952,7.932448111976,
    -2.085579852052));
#11154 = CARTESIAN_POINT('',(-2.068865622615,7.957899277057,
    -2.087132360349));
#11155 = CARTESIAN_POINT('',(-2.070462842628,7.983350440839,
    -2.088684153135));
#11156 = PLANE('',#11157);
#11157 = AXIS2_PLACEMENT_3D('',#11158,#11159,#11160);
#11158 = CARTESIAN_POINT('',(-1.573647766304,-0.194703747153,
    -1.573647766304));
#11159 = DIRECTION('',(-0.704416026403,-8.715574274765E-02,
    -0.704416026403));
#11160 = DIRECTION('',(-0.707106781187,6.938893903907E-18,0.707106781187
    ));
#11161 = ADVANCED_FACE('',(#11162),#11211,.T.);
#11162 = FACE_BOUND('',#11163,.T.);
#11163 = EDGE_LOOP('',(#11164,#11165,#11176,#11187,#11188,#11189,#11202)
  );
#11164 = ORIENTED_EDGE('',*,*,#11133,.F.);
#11165 = ORIENTED_EDGE('',*,*,#11166,.T.);
#11166 = EDGE_CURVE('',#11116,#11167,#11169,.T.);
#11167 = VERTEX_POINT('',#11168);
#11168 = CARTESIAN_POINT('',(-2.745546654709,7.442259446622,
    -2.020533289768));
#11169 = B_SPLINE_CURVE_WITH_KNOTS('',3,(#11170,#11171,#11172,#11173,
    #11174,#11175),.UNSPECIFIED.,.F.,.F.,(4,2,4),(0.,3.779409382967E-04,
    7.558818765934E-04),.UNSPECIFIED.);
#11170 = CARTESIAN_POINT('',(-2.058165502879,7.485253091794,
    -2.039353076169));
#11171 = CARTESIAN_POINT('',(-2.148529622041,7.485253091794,
    -1.948988957006));
#11172 = CARTESIAN_POINT('',(-2.272397659229,7.480916134023,
    -1.896177015668));
#11173 = CARTESIAN_POINT('',(-2.524673670548,7.465466163835,
    -1.889214469155));
#11174 = CARTESIAN_POINT('',(-2.651119647686,7.454188631955,
    -1.935253899628));
#11175 = CARTESIAN_POINT('',(-2.745546654709,7.442259446622,
    -2.020533289768));
#11176 = ORIENTED_EDGE('',*,*,#11177,.F.);
#11177 = EDGE_CURVE('',#9977,#11167,#11178,.T.);
#11178 = B_SPLINE_CURVE_WITH_KNOTS('',3,(#11179,#11180,#11181,#11182,
    #11183,#11184,#11185,#11186),.UNSPECIFIED.,.F.,.F.,(4,2,2,4),(0.,
    0.457687736299,0.694874842468,0.85335307711),.UNSPECIFIED.);
#11179 = CARTESIAN_POINT('',(-3.541148542033,5.4,-2.526413862227));
#11180 = CARTESIAN_POINT('',(-3.541148542033,5.888939689982,
    -2.526413862227));
#11181 = CARTESIAN_POINT('',(-3.516565270854,6.388150782152,
    -2.56627188767));
#11182 = CARTESIAN_POINT('',(-3.476909733624,7.15080263699,
    -2.632732383016));
#11183 = CARTESIAN_POINT('',(-3.322746459292,7.369247115097,
    -2.516255080112));
#11184 = CARTESIAN_POINT('',(-2.999661158515,7.410067649488,
    -2.244783875745));
#11185 = CARTESIAN_POINT('',(-2.871501624997,7.426347259722,
    -2.13428637154));
#11186 = CARTESIAN_POINT('',(-2.745546654709,7.442259446622,
    -2.020533289768));
#11187 = ORIENTED_EDGE('',*,*,#10283,.T.);
#11188 = ORIENTED_EDGE('',*,*,#10292,.T.);
#11189 = ORIENTED_EDGE('',*,*,#11190,.T.);
#11190 = EDGE_CURVE('',#10293,#11191,#11193,.T.);
#11191 = VERTEX_POINT('',#11192);
#11192 = CARTESIAN_POINT('',(-2.020533289768,7.442259446622,
    -2.745546654709));
#11193 = B_SPLINE_CURVE_WITH_KNOTS('',3,(#11194,#11195,#11196,#11197,
    #11198,#11199,#11200,#11201),.UNSPECIFIED.,.F.,.F.,(4,2,2,4),(0.,
    0.457687736299,0.694874842468,0.85335307711),.UNSPECIFIED.);
#11194 = CARTESIAN_POINT('',(-2.526413862227,5.4,-3.541148542033));
#11195 = CARTESIAN_POINT('',(-2.526413862227,5.888939689982,
    -3.541148542033));
#11196 = CARTESIAN_POINT('',(-2.56627188767,6.388150782152,
    -3.516565270854));
#11197 = CARTESIAN_POINT('',(-2.632732383016,7.15080263699,
    -3.476909733624));
#11198 = CARTESIAN_POINT('',(-2.516255080112,7.369247115097,
    -3.322746459292));
#11199 = CARTESIAN_POINT('',(-2.244783875745,7.410067649488,
    -2.999661158515));
#11200 = CARTESIAN_POINT('',(-2.13428637154,7.426347259722,
    -2.871501624997));
#11201 = CARTESIAN_POINT('',(-2.020533289768,7.442259446622,
    -2.745546654709));
#11202 = ORIENTED_EDGE('',*,*,#11203,.T.);
#11203 = EDGE_CURVE('',#11191,#11134,#11204,.T.);
#11204 = B_SPLINE_CURVE_WITH_KNOTS('',3,(#11205,#11206,#11207,#11208,
    #11209,#11210),.UNSPECIFIED.,.F.,.F.,(4,2,4),(0.,3.779410109847E-04,
    7.558820219693E-04),.UNSPECIFIED.);
#11205 = CARTESIAN_POINT('',(-2.020533289768,7.442259446622,
    -2.745546654709));
#11206 = CARTESIAN_POINT('',(-1.935253921429,7.454188628905,
    -2.651119671826));
#11207 = CARTESIAN_POINT('',(-1.889283127763,7.465442181946,
    -2.52498010831));
#11208 = CARTESIAN_POINT('',(-1.896091732544,7.48090280069,
    -2.272700320561));
#11209 = CARTESIAN_POINT('',(-1.94898896252,7.485253091794,
    -2.148529616527));
#11210 = CARTESIAN_POINT('',(-2.039353076169,7.485253091794,
    -2.058165502879));
#11211 = B_SPLINE_SURFACE_WITH_KNOTS('',3,3,(
    (#11212,#11213,#11214,#11215,#11216,#11217,#11218,#11219)
    ,(#11220,#11221,#11222,#11223,#11224,#11225,#11226,#11227)
    ,(#11228,#11229,#11230,#11231,#11232,#11233,#11234,#11235)
    ,(#11236,#11237,#11238,#11239,#11240,#11241,#11242,#11243)
    ,(#11244,#11245,#11246,#11247,#11248,#11249,#11250,#11251)
    ,(#11252,#11253,#11254,#11255,#11256,#11257,#11258,#11259)
    ,(#11260,#11261,#11262,#11263,#11264,#11265,#11266,#11267)
    ,(#11268,#11269,#11270,#11271,#11272,#11273,#11274,#11275)
    ,(#11276,#11277,#11278,#11279,#11280,#11281,#11282,#11283)
    ,(#11284,#11285,#11286,#11287,#11288,#11289,#11290,#11291)
    ,(#11292,#11293,#11294,#11295,#11296,#11297,#11298,#11299)
    ,(#11300,#11301,#11302,#11303,#11304,#11305,#11306,#11307
  )),.UNSPECIFIED.,.F.,.F.,.F.,(4,1,1,1,2,1,1,1,4),(4,2,2,4),(
    0.655308502715,0.698394939875,0.741481377036,0.784567814197,
    0.827654251357,0.870740688518,0.913827125679,0.956913562839,1.),(0.,
    0.457687736299,0.694874842468,1.),.UNSPECIFIED.);
#11212 = CARTESIAN_POINT('',(-3.541148542033,5.4,-2.526413862227));
#11213 = CARTESIAN_POINT('',(-3.541148542033,5.888939689982,
    -2.526413862227));
#11214 = CARTESIAN_POINT('',(-3.516565270854,6.388150782152,
    -2.56627188767));
#11215 = CARTESIAN_POINT('',(-3.476909733624,7.15080263699,
    -2.632732383016));
#11216 = CARTESIAN_POINT('',(-3.322746459292,7.369247115097,
    -2.516255080112));
#11217 = CARTESIAN_POINT('',(-2.879914846916,7.425197116594,
    -2.144167489453));
#11218 = CARTESIAN_POINT('',(-2.635386675666,7.456415392996,
    -1.928279894479));
#11219 = CARTESIAN_POINT('',(-2.402312680117,7.485253091794,
    -1.69520589893));
#11220 = CARTESIAN_POINT('',(-3.509067542082,5.4,-2.57138020282));
#11221 = CARTESIAN_POINT('',(-3.509067542082,5.890707355606,
    -2.57138020282));
#11222 = CARTESIAN_POINT('',(-3.484692500996,6.390044531516,
    -2.608710735259));
#11223 = CARTESIAN_POINT('',(-3.44524785499,7.152131052533,
    -2.67087718328));
#11224 = CARTESIAN_POINT('',(-3.291137948062,7.370248696973,
    -2.552853367146));
#11225 = CARTESIAN_POINT('',(-2.848297465878,7.425509109894,
    -2.177753614313));
#11226 = CARTESIAN_POINT('',(-2.60366956607,7.45638115695,-1.96055041385
    ));
#11227 = CARTESIAN_POINT('',(-2.370318865634,7.485253091794,
    -1.727199713413));
#11228 = CARTESIAN_POINT('',(-3.440778887191,5.4,-2.663464034156));
#11229 = CARTESIAN_POINT('',(-3.440778887191,5.894242686854,
    -2.663464034156));
#11230 = CARTESIAN_POINT('',(-3.418291907289,6.393832030244,
    -2.69468180452));
#11231 = CARTESIAN_POINT('',(-3.381692341639,7.154787883619,
    -2.746518309022));
#11232 = CARTESIAN_POINT('',(-3.228549777793,7.372251860725,
    -2.624782867474));
#11233 = CARTESIAN_POINT('',(-2.787307087931,7.426133096493,
    -2.242497557713));
#11234 = CARTESIAN_POINT('',(-2.543133775897,7.456312684856,
    -2.022193023575));
#11235 = CARTESIAN_POINT('',(-2.309229665685,7.485253091794,
    -1.788288913362));
#11236 = CARTESIAN_POINT('',(-3.326620862194,5.4,-2.804912140922));
#11237 = CARTESIAN_POINT('',(-3.326620862194,5.897486567778,
    -2.804912140922));
#11238 = CARTESIAN_POINT('',(-3.310092796685,6.39730729013,
    -2.825151547111));
#11239 = CARTESIAN_POINT('',(-3.283063584564,7.157225687341,
    -2.858667644115));
#11240 = CARTESIAN_POINT('',(-3.133280322039,7.374089885008,
    -2.730386399094));
#11241 = CARTESIAN_POINT('',(-2.698143583362,7.426705642057,
    -2.335613199833));
#11242 = CARTESIAN_POINT('',(-2.456265829281,7.456249857556,
    -2.110076544285));
#11243 = CARTESIAN_POINT('',(-2.221853932022,7.485253091794,
    -1.875664647026));
#11244 = CARTESIAN_POINT('',(-3.203461725437,5.4,-2.944815012523));
#11245 = CARTESIAN_POINT('',(-3.203461725437,5.899602665862,
    -2.944815012523));
#11246 = CARTESIAN_POINT('',(-3.194976977707,6.399574324883,
    -2.953958479424));
#11247 = CARTESIAN_POINT('',(-3.181034742794,7.1588159528,
    -2.969044775843));
#11248 = CARTESIAN_POINT('',(-3.035873408032,7.375288893158,
    -2.834192612804));
#11249 = CARTESIAN_POINT('',(-2.609282395361,7.427079133748,
    -2.426953954353));
#11250 = CARTESIAN_POINT('',(-2.37074927368,7.456208873089,
    -2.196255594731));
#11251 = CARTESIAN_POINT('',(-2.136006128998,7.485253091794,
    -1.961512450049));
#11252 = CARTESIAN_POINT('',(-3.118389224411,5.4,-3.033439771911));
#11253 = CARTESIAN_POINT('',(-3.118389327659,5.9,-3.033439668664));
#11254 = CARTESIAN_POINT('',(-3.115663636812,6.4,-3.036165359511));
#11255 = CARTESIAN_POINT('',(-3.111175127769,7.159114552738,
    -3.040653868554));
#11256 = CARTESIAN_POINT('',(-2.969366335218,7.375514027745,
    -2.90203318388));
#11257 = CARTESIAN_POINT('',(-2.549044204005,7.427149263295,
    -2.487695743579));
#11258 = CARTESIAN_POINT('',(-2.313027421558,7.456201177544,
    -2.254101841758));
#11259 = CARTESIAN_POINT('',(-2.078222072073,7.485253091794,
    -2.019296506974));
#11260 = CARTESIAN_POINT('',(-3.033439771912,5.4,-3.118389224411));
#11261 = CARTESIAN_POINT('',(-3.033439668664,5.9,-3.118389327659));
#11262 = CARTESIAN_POINT('',(-3.036165359511,6.4,-3.115663636812));
#11263 = CARTESIAN_POINT('',(-3.040653868554,7.159114552738,
    -3.111175127769));
#11264 = CARTESIAN_POINT('',(-2.90203318388,7.375514027745,
    -2.969366335218));
#11265 = CARTESIAN_POINT('',(-2.487695743579,7.427149263295,
    -2.549044204005));
#11266 = CARTESIAN_POINT('',(-2.254101841758,7.456201177544,
    -2.313027421558));
#11267 = CARTESIAN_POINT('',(-2.019296506974,7.485253091794,
    -2.078222072073));
#11268 = CARTESIAN_POINT('',(-2.944815012523,5.4,-3.203461725437));
#11269 = CARTESIAN_POINT('',(-2.944815012523,5.899602665862,
    -3.203461725437));
#11270 = CARTESIAN_POINT('',(-2.953958479424,6.399574324883,
    -3.194976977707));
#11271 = CARTESIAN_POINT('',(-2.969044775843,7.1588159528,
    -3.181034742794));
#11272 = CARTESIAN_POINT('',(-2.834192612804,7.375288893158,
    -3.035873408032));
#11273 = CARTESIAN_POINT('',(-2.426953954353,7.427079133748,
    -2.609282395361));
#11274 = CARTESIAN_POINT('',(-2.196255594731,7.456208873089,
    -2.37074927368));
#11275 = CARTESIAN_POINT('',(-1.961512450049,7.485253091794,
    -2.136006128998));
#11276 = CARTESIAN_POINT('',(-2.804912140922,5.4,-3.326620862194));
#11277 = CARTESIAN_POINT('',(-2.804912140922,5.897486567778,
    -3.326620862194));
#11278 = CARTESIAN_POINT('',(-2.825151547111,6.39730729013,
    -3.310092796685));
#11279 = CARTESIAN_POINT('',(-2.858667644115,7.157225687341,
    -3.283063584564));
#11280 = CARTESIAN_POINT('',(-2.730386399094,7.374089885008,
    -3.133280322039));
#11281 = CARTESIAN_POINT('',(-2.335613199833,7.426705642057,
    -2.698143583362));
#11282 = CARTESIAN_POINT('',(-2.110076544285,7.456249857556,
    -2.456265829281));
#11283 = CARTESIAN_POINT('',(-1.875664647026,7.485253091794,
    -2.221853932022));
#11284 = CARTESIAN_POINT('',(-2.663464034156,5.4,-3.440778887191));
#11285 = CARTESIAN_POINT('',(-2.663464034156,5.894242686854,
    -3.440778887191));
#11286 = CARTESIAN_POINT('',(-2.69468180452,6.393832030244,
    -3.418291907289));
#11287 = CARTESIAN_POINT('',(-2.746518309022,7.154787883619,
    -3.381692341639));
#11288 = CARTESIAN_POINT('',(-2.624782867474,7.372251860725,
    -3.228549777793));
#11289 = CARTESIAN_POINT('',(-2.242497557713,7.426133096493,
    -2.787307087931));
#11290 = CARTESIAN_POINT('',(-2.022193023575,7.456312684856,
    -2.543133775897));
#11291 = CARTESIAN_POINT('',(-1.788288913362,7.485253091794,
    -2.309229665685));
#11292 = CARTESIAN_POINT('',(-2.57138020282,5.4,-3.509067542082));
#11293 = CARTESIAN_POINT('',(-2.57138020282,5.890707355606,
    -3.509067542082));
#11294 = CARTESIAN_POINT('',(-2.608710735259,6.390044531516,
    -3.484692500996));
#11295 = CARTESIAN_POINT('',(-2.67087718328,7.152131052533,
    -3.44524785499));
#11296 = CARTESIAN_POINT('',(-2.552853367146,7.370248696973,
    -3.291137948062));
#11297 = CARTESIAN_POINT('',(-2.177753614313,7.425509109894,
    -2.848297465878));
#11298 = CARTESIAN_POINT('',(-1.96055041385,7.45638115695,-2.60366956607
    ));
#11299 = CARTESIAN_POINT('',(-1.727199713413,7.485253091794,
    -2.370318865634));
#11300 = CARTESIAN_POINT('',(-2.526413862227,5.4,-3.541148542033));
#11301 = CARTESIAN_POINT('',(-2.526413862227,5.888939689982,
    -3.541148542033));
#11302 = CARTESIAN_POINT('',(-2.56627188767,6.388150782152,
    -3.516565270854));
#11303 = CARTESIAN_POINT('',(-2.632732383016,7.15080263699,
    -3.476909733624));
#11304 = CARTESIAN_POINT('',(-2.516255080112,7.369247115097,
    -3.322746459292));
#11305 = CARTESIAN_POINT('',(-2.144167489453,7.425197116594,
    -2.879914846916));
#11306 = CARTESIAN_POINT('',(-1.928279894479,7.456415392996,
    -2.635386675666));
#11307 = CARTESIAN_POINT('',(-1.69520589893,7.485253091794,
    -2.402312680117));
#11308 = ADVANCED_FACE('',(#11309),#11342,.T.);
#11309 = FACE_BOUND('',#11310,.T.);
#11310 = EDGE_LOOP('',(#11311,#11312,#11330,#11341));
#11311 = ORIENTED_EDGE('',*,*,#11177,.T.);
#11312 = ORIENTED_EDGE('',*,*,#11313,.T.);
#11313 = EDGE_CURVE('',#11167,#11314,#11316,.T.);
#11314 = VERTEX_POINT('',#11315);
#11315 = CARTESIAN_POINT('',(-2.776932176584,7.948157316176,
    -2.05248390058));
#11316 = B_SPLINE_CURVE_WITH_KNOTS('',3,(#11317,#11318,#11319,#11320,
    #11321,#11322,#11323,#11324,#11325,#11326,#11327,#11328,#11329),
  .UNSPECIFIED.,.F.,.F.,(4,3,3,3,4),(2.602085213965E-18,
    5.63696610682E-05,2.52037583053E-04,4.272710881447E-04,
    5.078766722351E-04),.UNSPECIFIED.);
#11317 = CARTESIAN_POINT('',(-2.745546654709,7.442259446622,
    -2.020533289768));
#11318 = CARTESIAN_POINT('',(-2.746697538266,7.460978343533,
    -2.021690104272));
#11319 = CARTESIAN_POINT('',(-2.747849937251,7.479696910018,
    -2.022850763832));
#11320 = CARTESIAN_POINT('',(-2.749003709304,7.49841517718,
    -2.024014868142));
#11321 = CARTESIAN_POINT('',(-2.753008632144,7.563389203459,
    -2.028055655862));
#11322 = CARTESIAN_POINT('',(-2.757030030395,7.628359647273,
    -2.032137817558));
#11323 = CARTESIAN_POINT('',(-2.761062846884,7.69332764935,
    -2.036247143612));
#11324 = CARTESIAN_POINT('',(-2.764674499803,7.751510776444,
    -2.039927315887));
#11325 = CARTESIAN_POINT('',(-2.768295315606,7.809691956742,
    -2.043629307564));
#11326 = CARTESIAN_POINT('',(-2.771922644368,7.867871782764,
    -2.04734606871));
#11327 = CARTESIAN_POINT('',(-2.773591177827,7.89463389691,
    -2.049055740134));
#11328 = CARTESIAN_POINT('',(-2.775261096026,7.921395724478,
    -2.050768548318));
#11329 = CARTESIAN_POINT('',(-2.776932176584,7.948157316176,
    -2.05248390058));
#11330 = ORIENTED_EDGE('',*,*,#11331,.F.);
#11331 = EDGE_CURVE('',#9960,#11314,#11332,.T.);
#11332 = B_SPLINE_CURVE_WITH_KNOTS('',3,(#11333,#11334,#11335,#11336,
    #11337,#11338,#11339,#11340),.UNSPECIFIED.,.F.,.F.,(4,2,2,4),(0.,
    0.457687736299,0.694874842468,0.878227364095),.UNSPECIFIED.);
#11333 = CARTESIAN_POINT('',(-3.948177110083,5.4,-2.816806260185));
#11334 = CARTESIAN_POINT('',(-3.948177110083,6.195651636896,
    -2.816806260185));
#11335 = CARTESIAN_POINT('',(-3.877746757182,6.821080292725,
    -2.835249923004));
#11336 = CARTESIAN_POINT('',(-3.739690271061,7.657458044823,
    -2.843543036312));
#11337 = CARTESIAN_POINT('',(-3.546845517725,7.880212262388,
    -2.702672774377));
#11338 = CARTESIAN_POINT('',(-3.132467796145,7.919639093729,
    -2.363953561976));
#11339 = CARTESIAN_POINT('',(-2.952663949693,7.932824547714,
    -2.211577340875));
#11340 = CARTESIAN_POINT('',(-2.776932176584,7.948157316176,
    -2.05248390058));
#11341 = ORIENTED_EDGE('',*,*,#9985,.T.);
#11342 = B_SPLINE_SURFACE_WITH_KNOTS('',3,3,(
    (#11343,#11344,#11345,#11346,#11347,#11348,#11349,#11350)
    ,(#11351,#11352,#11353,#11354,#11355,#11356,#11357,#11358)
    ,(#11359,#11360,#11361,#11362,#11363,#11364,#11365,#11366)
    ,(#11367,#11368,#11369,#11370,#11371,#11372,#11373,#11374)
    ,(#11375,#11376,#11377,#11378,#11379,#11380,#11381,#11382)
    ,(#11383,#11384,#11385,#11386,#11387,#11388,#11389,#11390)
    ,(#11391,#11392,#11393,#11394,#11395,#11396,#11397,#11398
  )),.UNSPECIFIED.,.F.,.F.,.F.,(4,1,1,1,4),(4,2,2,4),(0.510231312105,
    0.546500609757,0.58276990741,0.619039205062,0.655308502715),(0.,
    0.457687736299,0.694874842468,1.),.UNSPECIFIED.);
#11343 = CARTESIAN_POINT('',(-3.948177110083,5.4,-2.816806260185));
#11344 = CARTESIAN_POINT('',(-3.948177110083,6.195651636896,
    -2.816806260185));
#11345 = CARTESIAN_POINT('',(-3.877746757182,6.821080292725,
    -2.835249923004));
#11346 = CARTESIAN_POINT('',(-3.739690271061,7.657458044823,
    -2.843543036312));
#11347 = CARTESIAN_POINT('',(-3.546845517725,7.880212262388,
    -2.702672774377));
#11348 = CARTESIAN_POINT('',(-3.012479419113,7.93105563776,
    -2.265873075384));
#11349 = CARTESIAN_POINT('',(-2.714212619778,7.948572362588,
    -2.007105838592));
#11350 = CARTESIAN_POINT('',(-2.433126888475,7.983350440839,
    -1.726020107288));
#11351 = CARTESIAN_POINT('',(-3.914258062746,5.4,-2.792606893688));
#11352 = CARTESIAN_POINT('',(-3.914258062746,6.17005008707,
    -2.792606893688));
#11353 = CARTESIAN_POINT('',(-3.847643762611,6.784957601069,
    -2.812830549349));
#11354 = CARTESIAN_POINT('',(-3.717783036736,7.615205031464,
    -2.825966625665));
#11355 = CARTESIAN_POINT('',(-3.528160720405,7.837607910538,
    -2.687128090737));
#11356 = CARTESIAN_POINT('',(-3.001423186392,7.888893308997,
    -2.255721758185));
#11357 = CARTESIAN_POINT('',(-2.707637181971,7.907560099521,
    -2.000530400785));
#11358 = CARTESIAN_POINT('',(-2.430559037778,7.941842328419,
    -1.723452256592));
#11359 = CARTESIAN_POINT('',(-3.846419968071,5.4,-2.744208160695));
#11360 = CARTESIAN_POINT('',(-3.846419968071,6.11884698742,
    -2.744208160695));
#11361 = CARTESIAN_POINT('',(-3.787437773468,6.712712217757,
    -2.767991802039));
#11362 = CARTESIAN_POINT('',(-3.673968568084,7.530699004748,
    -2.79081380437));
#11363 = CARTESIAN_POINT('',(-3.490791125764,7.752399206838,
    -2.656038723458));
#11364 = CARTESIAN_POINT('',(-2.979310720951,7.804568651471,
    -2.235419123788));
#11365 = CARTESIAN_POINT('',(-2.694486306357,7.825535573387,
    -1.987379525171));
#11366 = CARTESIAN_POINT('',(-2.425423336385,7.858826103578,
    -1.718316555199));
#11367 = CARTESIAN_POINT('',(-3.744662826058,5.4,-2.671610061206));
#11368 = CARTESIAN_POINT('',(-3.744662826058,6.042125368096,
    -2.671610061206));
#11369 = CARTESIAN_POINT('',(-3.697137712799,6.604433095299,
    -2.700742604118));
#11370 = CARTESIAN_POINT('',(-3.608264281407,7.404002362528,
    -2.738101988728));
#11371 = CARTESIAN_POINT('',(-3.434756155169,7.62463319723,
    -2.609424093905));
#11372 = CARTESIAN_POINT('',(-2.946160085757,7.678096320019,
    -2.20498323516));
#11373 = CARTESIAN_POINT('',(-2.674772990218,7.702497176063,
    -1.967666209031));
#11374 = CARTESIAN_POINT('',(-2.417719784296,7.734301766316,
    -1.710613003109));
#11375 = CARTESIAN_POINT('',(-3.642905684046,5.4,-2.599011961717));
#11376 = CARTESIAN_POINT('',(-3.642905684046,5.965469890163,
    -2.599011961717));
#11377 = CARTESIAN_POINT('',(-3.606844760181,6.496224831955,
    -2.633500514249));
#11378 = CARTESIAN_POINT('',(-3.542573868464,7.277355426118,
    -2.68540404682));
#11379 = CARTESIAN_POINT('',(-3.378736655534,7.496904664178,
    -2.562824935312));
#11380 = CARTESIAN_POINT('',(-2.913023839431,7.551635662534,
    -2.174561735401));
#11381 = CARTESIAN_POINT('',(-2.655070027647,7.579457497716,
    -1.94796324646));
#11382 = CARTESIAN_POINT('',(-2.410016232206,7.609777429055,
    -1.70290945102));
#11383 = CARTESIAN_POINT('',(-3.575067589371,5.4,-2.550613228724));
#11384 = CARTESIAN_POINT('',(-3.575067589371,5.914449756709,
    -2.550613228724));
#11385 = CARTESIAN_POINT('',(-3.546658433963,6.42417546542,
    -2.588681429863));
#11386 = CARTESIAN_POINT('',(-3.49879777857,7.192986900033,
    -2.650289604284));
#11387 = CARTESIAN_POINT('',(-3.341409858039,7.411799631458,
    -2.531778365178));
#11388 = CARTESIAN_POINT('',(-2.890951177754,7.467343298574,
    -2.154298904769));
#11389 = CARTESIAN_POINT('',(-2.641947792993,7.497429427903,
    -1.934841011806));
#11390 = CARTESIAN_POINT('',(-2.404880530813,7.526761204214,
    -1.697773749627));
#11391 = CARTESIAN_POINT('',(-3.541148542033,5.4,-2.526413862227));
#11392 = CARTESIAN_POINT('',(-3.541148542033,5.888939689982,
    -2.526413862227));
#11393 = CARTESIAN_POINT('',(-3.516565270854,6.388150782152,
    -2.56627188767));
#11394 = CARTESIAN_POINT('',(-3.476909733624,7.15080263699,
    -2.632732383016));
#11395 = CARTESIAN_POINT('',(-3.322746459292,7.369247115097,
    -2.516255080112));
#11396 = CARTESIAN_POINT('',(-2.879914846916,7.425197116594,
    -2.144167489453));
#11397 = CARTESIAN_POINT('',(-2.635386675666,7.456415392996,
    -1.928279894479));
#11398 = CARTESIAN_POINT('',(-2.402312680117,7.485253091794,
    -1.69520589893));
#11399 = ADVANCED_FACE('',(#11400),#11436,.T.);
#11400 = FACE_BOUND('',#11401,.T.);
#11401 = EDGE_LOOP('',(#11402,#11403,#11412,#11413,#11424,#11435));
#11402 = ORIENTED_EDGE('',*,*,#11331,.T.);
#11403 = ORIENTED_EDGE('',*,*,#11404,.T.);
#11404 = EDGE_CURVE('',#11314,#11108,#11405,.T.);
#11405 = B_SPLINE_CURVE_WITH_KNOTS('',3,(#11406,#11407,#11408,#11409,
    #11410,#11411),.UNSPECIFIED.,.F.,.F.,(4,2,4),(0.,3.782210544668E-04,
    7.564421089336E-04),.UNSPECIFIED.);
#11406 = CARTESIAN_POINT('',(-2.776932176584,7.948157316176,
    -2.05248390058));
#11407 = CARTESIAN_POINT('',(-2.682322439661,7.956412107924,
    -1.966831839679));
#11408 = CARTESIAN_POINT('',(-2.555971556413,7.965201411077,
    -1.920559943267));
#11409 = CARTESIAN_POINT('',(-2.30340209951,7.97880968662,
    -1.927113416907));
#11410 = CARTESIAN_POINT('',(-2.179115137377,7.983350440839,
    -1.980031858387));
#11411 = CARTESIAN_POINT('',(-2.088684153135,7.983350440839,
    -2.070462842628));
#11412 = ORIENTED_EDGE('',*,*,#11105,.F.);
#11413 = ORIENTED_EDGE('',*,*,#11414,.T.);
#11414 = EDGE_CURVE('',#11106,#11415,#11417,.T.);
#11415 = VERTEX_POINT('',#11416);
#11416 = CARTESIAN_POINT('',(-2.05248390058,7.948157316176,
    -2.776932176584));
#11417 = B_SPLINE_CURVE_WITH_KNOTS('',3,(#11418,#11419,#11420,#11421,
    #11422,#11423),.UNSPECIFIED.,.F.,.F.,(4,2,4),(0.,3.782207058986E-04,
    7.564414117972E-04),.UNSPECIFIED.);
#11418 = CARTESIAN_POINT('',(-2.070462842628,7.983350440839,
    -2.088684153135));
#11419 = CARTESIAN_POINT('',(-1.980031870571,7.983350440839,
    -2.179115125193));
#11420 = CARTESIAN_POINT('',(-1.927199290757,7.978822808245,
    -2.303097301244));
#11421 = CARTESIAN_POINT('',(-1.920490208602,7.965221401036,
    -2.555661658924));
#11422 = CARTESIAN_POINT('',(-1.966831719342,7.956412119522,
    -2.682322306739));
#11423 = CARTESIAN_POINT('',(-2.05248390058,7.948157316176,
    -2.776932176584));
#11424 = ORIENTED_EDGE('',*,*,#11425,.F.);
#11425 = EDGE_CURVE('',#10135,#11415,#11426,.T.);
#11426 = B_SPLINE_CURVE_WITH_KNOTS('',3,(#11427,#11428,#11429,#11430,
    #11431,#11432,#11433,#11434),.UNSPECIFIED.,.F.,.F.,(4,2,2,4),(0.,
    0.457687736299,0.694874842468,0.878227364095),.UNSPECIFIED.);
#11427 = CARTESIAN_POINT('',(-2.816806260185,5.4,-3.948177110083));
#11428 = CARTESIAN_POINT('',(-2.816806260185,6.195651636896,
    -3.948177110083));
#11429 = CARTESIAN_POINT('',(-2.835249923004,6.821080292725,
    -3.877746757182));
#11430 = CARTESIAN_POINT('',(-2.843543036312,7.657458044823,
    -3.739690271061));
#11431 = CARTESIAN_POINT('',(-2.702672774377,7.880212262388,
    -3.546845517725));
#11432 = CARTESIAN_POINT('',(-2.363953561976,7.919639093729,
    -3.132467796145));
#11433 = CARTESIAN_POINT('',(-2.211577340875,7.932824547714,
    -2.952663949693));
#11434 = CARTESIAN_POINT('',(-2.05248390058,7.948157316176,
    -2.776932176584));
#11435 = ORIENTED_EDGE('',*,*,#10134,.T.);
#11436 = B_SPLINE_SURFACE_WITH_KNOTS('',3,3,(
    (#11437,#11438,#11439,#11440,#11441,#11442,#11443,#11444)
    ,(#11445,#11446,#11447,#11448,#11449,#11450,#11451,#11452)
    ,(#11453,#11454,#11455,#11456,#11457,#11458,#11459,#11460)
    ,(#11461,#11462,#11463,#11464,#11465,#11466,#11467,#11468)
    ,(#11469,#11470,#11471,#11472,#11473,#11474,#11475,#11476)
    ,(#11477,#11478,#11479,#11480,#11481,#11482,#11483,#11484)
    ,(#11485,#11486,#11487,#11488,#11489,#11490,#11491,#11492
  )),.UNSPECIFIED.,.F.,.F.,.F.,(4,1,1,1,4),(4,2,2,4),(0.14507719061,
    0.236365720984,0.327654251357,0.418942781731,0.510231312105),(0.,
    0.457687736299,0.694874842468,1.),.UNSPECIFIED.);
#11437 = CARTESIAN_POINT('',(-2.816806260185,5.4,-3.948177110083));
#11438 = CARTESIAN_POINT('',(-2.816806260185,6.195651636896,
    -3.948177110083));
#11439 = CARTESIAN_POINT('',(-2.835249923004,6.821080292725,
    -3.877746757182));
#11440 = CARTESIAN_POINT('',(-2.843543036312,7.657458044823,
    -3.739690271061));
#11441 = CARTESIAN_POINT('',(-2.702672774377,7.880212262388,
    -3.546845517725));
#11442 = CARTESIAN_POINT('',(-2.265873075384,7.93105563776,
    -3.012479419113));
#11443 = CARTESIAN_POINT('',(-2.007105838592,7.948572362588,
    -2.714212619778));
#11444 = CARTESIAN_POINT('',(-1.726020107288,7.983350440839,
    -2.433126888475));
#11445 = CARTESIAN_POINT('',(-2.925845533593,5.4,-3.870383612127));
#11446 = CARTESIAN_POINT('',(-2.925845533593,6.198889083657,
    -3.870383612127));
#11447 = CARTESIAN_POINT('',(-2.934139394211,6.824548659515,
    -3.804253597665));
#11448 = CARTESIAN_POINT('',(-2.925476980567,7.659891013218,
    -3.673036754387));
#11449 = CARTESIAN_POINT('',(-2.778545716214,7.882046640993,
    -3.482581598106));
#11450 = CARTESIAN_POINT('',(-2.330168592124,7.931627047694,
    -2.952501520927));
#11451 = CARTESIAN_POINT('',(-2.066538183554,7.948509659905,
    -2.655793834543));
#11452 = CARTESIAN_POINT('',(-1.784945672387,7.983350440839,
    -2.374201323376));
#11453 = CARTESIAN_POINT('',(-3.137476135271,5.4,-3.705757289258));
#11454 = CARTESIAN_POINT('',(-3.137476135271,6.205363977181,
    -3.705757289258));
#11455 = CARTESIAN_POINT('',(-3.126821094549,6.831485393095,
    -3.650121492382));
#11456 = CARTESIAN_POINT('',(-3.086471841255,7.66475695001,
    -3.535702044423));
#11457 = CARTESIAN_POINT('',(-2.928208477916,7.885715398202,
    -3.351133445465));
#11458 = CARTESIAN_POINT('',(-2.458159313132,7.932769867562,
    -2.831704150905));
#11459 = CARTESIAN_POINT('',(-2.185402873478,7.948384254537,
    -2.538956264071));
#11460 = CARTESIAN_POINT('',(-1.902796802585,7.983350440839,
    -2.256350193178));
#11461 = CARTESIAN_POINT('',(-3.433396671999,5.4,-3.433390846508));
#11462 = CARTESIAN_POINT('',(-3.433396671999,6.207878507864,
    -3.433390846508));
#11463 = CARTESIAN_POINT('',(-3.398053840432,6.834179279776,
    -3.398049235253));
#11464 = CARTESIAN_POINT('',(-3.316863215165,7.666646640909,
    -3.316860619485));
#11465 = CARTESIAN_POINT('',(-3.144064851976,7.887140163341,
    -3.144062969949));
#11466 = CARTESIAN_POINT('',(-2.646575491169,7.933213682678,
    -2.646574948808));
#11467 = CARTESIAN_POINT('',(-2.362573185599,7.94833555325,
    -2.362573185599));
#11468 = CARTESIAN_POINT('',(-2.079573497882,7.983350440839,
    -2.079573497882));
#11469 = CARTESIAN_POINT('',(-3.705755793475,5.4,-3.137477438465));
#11470 = CARTESIAN_POINT('',(-3.705755793475,6.205363952073,
    -3.137477438465));
#11471 = CARTESIAN_POINT('',(-3.650120307235,6.831485366196,
    -3.126822122054));
#11472 = CARTESIAN_POINT('',(-3.535701372677,7.664756931141,
    -3.086472416656));
#11473 = CARTESIAN_POINT('',(-3.351132956354,7.885715383976,
    -2.928208893063));
#11474 = CARTESIAN_POINT('',(-2.831704006183,7.93276986313,
    -2.458159428999));
#11475 = CARTESIAN_POINT('',(-2.538956260141,7.948384255023,
    -2.185402869547));
#11476 = CARTESIAN_POINT('',(-2.256350193178,7.983350440839,
    -1.902796802585));
#11477 = CARTESIAN_POINT('',(-3.870383612127,5.4,-2.925845533593));
#11478 = CARTESIAN_POINT('',(-3.870383612127,6.198889075288,
    -2.925845533593));
#11479 = CARTESIAN_POINT('',(-3.804253596765,6.824548650549,
    -2.934139393311));
#11480 = CARTESIAN_POINT('',(-3.673036752631,7.659891006929,
    -2.925476978812));
#11481 = CARTESIAN_POINT('',(-3.482581596149,7.882046636251,
    -2.778545714257));
#11482 = CARTESIAN_POINT('',(-2.952501519106,7.931627046217,
    -2.330168590304));
#11483 = CARTESIAN_POINT('',(-2.655793833232,7.948509660067,
    -2.066538182244));
#11484 = CARTESIAN_POINT('',(-2.374201323376,7.983350440839,
    -1.784945672387));
#11485 = CARTESIAN_POINT('',(-3.948177110083,5.4,-2.816806260185));
#11486 = CARTESIAN_POINT('',(-3.948177110083,6.195651636896,
    -2.816806260185));
#11487 = CARTESIAN_POINT('',(-3.877746757182,6.821080292725,
    -2.835249923004));
#11488 = CARTESIAN_POINT('',(-3.739690271061,7.657458044823,
    -2.843543036312));
#11489 = CARTESIAN_POINT('',(-3.546845517725,7.880212262388,
    -2.702672774377));
#11490 = CARTESIAN_POINT('',(-3.012479419113,7.93105563776,
    -2.265873075384));
#11491 = CARTESIAN_POINT('',(-2.714212619778,7.948572362588,
    -2.007105838592));
#11492 = CARTESIAN_POINT('',(-2.433126888475,7.983350440839,
    -1.726020107288));
#11493 = ADVANCED_FACE('',(#11494),#11512,.T.);
#11494 = FACE_BOUND('',#11495,.T.);
#11495 = EDGE_LOOP('',(#11496,#11497,#11510,#11511));
#11496 = ORIENTED_EDGE('',*,*,#11425,.T.);
#11497 = ORIENTED_EDGE('',*,*,#11498,.T.);
#11498 = EDGE_CURVE('',#11415,#11191,#11499,.T.);
#11499 = B_SPLINE_CURVE_WITH_KNOTS('',3,(#11500,#11501,#11502,#11503,
    #11504,#11505,#11506,#11507,#11508,#11509),.UNSPECIFIED.,.F.,.F.,(4,
    3,3,4),(1.39318924489E-17,2.558390646418E-04,4.52360149868E-04,
    5.078766103619E-04),.UNSPECIFIED.);
#11500 = CARTESIAN_POINT('',(-2.05248390058,7.948157316176,
    -2.776932176584));
#11501 = CARTESIAN_POINT('',(-2.047039437359,7.863217036017,
    -2.771628230078));
#11502 = CARTESIAN_POINT('',(-2.041620156699,7.77827440727,
    -2.766335822427));
#11503 = CARTESIAN_POINT('',(-2.036247143612,7.69332764935,
    -2.761062846884));
#11504 = CARTESIAN_POINT('',(-2.032119899215,7.628076360189,
    -2.757012445665));
#11505 = CARTESIAN_POINT('',(-2.028020054984,7.562822607991,
    -2.752973561735));
#11506 = CARTESIAN_POINT('',(-2.023962012038,7.497565236761,
    -2.74895132093));
#11507 = CARTESIAN_POINT('',(-2.022815630122,7.479130274072,
    -2.747815052984));
#11508 = CARTESIAN_POINT('',(-2.021672595116,7.460695020603,
    -2.746680118879));
#11509 = CARTESIAN_POINT('',(-2.020533289768,7.442259446622,
    -2.745546654709));
#11510 = ORIENTED_EDGE('',*,*,#11190,.F.);
#11511 = ORIENTED_EDGE('',*,*,#11023,.T.);
#11512 = B_SPLINE_SURFACE_WITH_KNOTS('',3,3,(
    (#11513,#11514,#11515,#11516,#11517,#11518,#11519,#11520)
    ,(#11521,#11522,#11523,#11524,#11525,#11526,#11527,#11528)
    ,(#11529,#11530,#11531,#11532,#11533,#11534,#11535,#11536)
    ,(#11537,#11538,#11539,#11540,#11541,#11542,#11543,#11544)
    ,(#11545,#11546,#11547,#11548,#11549,#11550,#11551,#11552)
    ,(#11553,#11554,#11555,#11556,#11557,#11558,#11559,#11560)
    ,(#11561,#11562,#11563,#11564,#11565,#11566,#11567,#11568
  )),.UNSPECIFIED.,.F.,.F.,.F.,(4,1,1,1,4),(4,2,2,4),(0.,
    3.626929765255E-02,7.25385953051E-02,0.108807892958,0.14507719061),(
    0.,0.457687736299,0.694874842468,1.),.UNSPECIFIED.);
#11513 = CARTESIAN_POINT('',(-2.526413862227,5.4,-3.541148542033));
#11514 = CARTESIAN_POINT('',(-2.526413862227,5.888939689982,
    -3.541148542033));
#11515 = CARTESIAN_POINT('',(-2.56627188767,6.388150782152,
    -3.516565270854));
#11516 = CARTESIAN_POINT('',(-2.632732383016,7.15080263699,
    -3.476909733624));
#11517 = CARTESIAN_POINT('',(-2.516255080112,7.369247115097,
    -3.322746459292));
#11518 = CARTESIAN_POINT('',(-2.144167489453,7.425197116594,
    -2.879914846916));
#11519 = CARTESIAN_POINT('',(-1.928279894479,7.456415392996,
    -2.635386675666));
#11520 = CARTESIAN_POINT('',(-1.69520589893,7.485253091794,
    -2.402312680117));
#11521 = CARTESIAN_POINT('',(-2.550613228724,5.4,-3.575067589371));
#11522 = CARTESIAN_POINT('',(-2.550613228724,5.914449756709,
    -3.575067589371));
#11523 = CARTESIAN_POINT('',(-2.588681429863,6.42417546542,
    -3.546658433963));
#11524 = CARTESIAN_POINT('',(-2.650289604284,7.192986900033,
    -3.49879777857));
#11525 = CARTESIAN_POINT('',(-2.531778365178,7.411799631458,
    -3.341409858039));
#11526 = CARTESIAN_POINT('',(-2.154298904769,7.467343298574,
    -2.890951177754));
#11527 = CARTESIAN_POINT('',(-1.934841011806,7.497429427903,
    -2.641947792993));
#11528 = CARTESIAN_POINT('',(-1.697773749627,7.526761204214,
    -2.404880530813));
#11529 = CARTESIAN_POINT('',(-2.599011961717,5.4,-3.642905684046));
#11530 = CARTESIAN_POINT('',(-2.599011961717,5.965469890163,
    -3.642905684046));
#11531 = CARTESIAN_POINT('',(-2.633500514249,6.496224831955,
    -3.606844760181));
#11532 = CARTESIAN_POINT('',(-2.68540404682,7.277355426118,
    -3.542573868464));
#11533 = CARTESIAN_POINT('',(-2.562824935312,7.496904664178,
    -3.378736655534));
#11534 = CARTESIAN_POINT('',(-2.174561735401,7.551635662534,
    -2.913023839431));
#11535 = CARTESIAN_POINT('',(-1.94796324646,7.579457497716,
    -2.655070027647));
#11536 = CARTESIAN_POINT('',(-1.70290945102,7.609777429055,
    -2.410016232206));
#11537 = CARTESIAN_POINT('',(-2.671610061206,5.4,-3.744662826058));
#11538 = CARTESIAN_POINT('',(-2.671610061206,6.042125368096,
    -3.744662826058));
#11539 = CARTESIAN_POINT('',(-2.700742604118,6.604433095299,
    -3.697137712799));
#11540 = CARTESIAN_POINT('',(-2.738101988728,7.404002362528,
    -3.608264281407));
#11541 = CARTESIAN_POINT('',(-2.609424093905,7.62463319723,
    -3.434756155169));
#11542 = CARTESIAN_POINT('',(-2.204983235161,7.678096320019,
    -2.946160085757));
#11543 = CARTESIAN_POINT('',(-1.967666209031,7.702497176063,
    -2.674772990218));
#11544 = CARTESIAN_POINT('',(-1.710613003109,7.734301766316,
    -2.417719784296));
#11545 = CARTESIAN_POINT('',(-2.744208160695,5.4,-3.846419968071));
#11546 = CARTESIAN_POINT('',(-2.744208160695,6.11884698742,
    -3.846419968071));
#11547 = CARTESIAN_POINT('',(-2.767991802039,6.712712217757,
    -3.787437773468));
#11548 = CARTESIAN_POINT('',(-2.79081380437,7.530699004748,
    -3.673968568084));
#11549 = CARTESIAN_POINT('',(-2.656038723458,7.752399206838,
    -3.490791125764));
#11550 = CARTESIAN_POINT('',(-2.235419123788,7.804568651471,
    -2.979310720951));
#11551 = CARTESIAN_POINT('',(-1.987379525171,7.825535573387,
    -2.694486306357));
#11552 = CARTESIAN_POINT('',(-1.718316555199,7.858826103578,
    -2.425423336385));
#11553 = CARTESIAN_POINT('',(-2.792606893688,5.4,-3.914258062746));
#11554 = CARTESIAN_POINT('',(-2.792606893688,6.17005008707,
    -3.914258062746));
#11555 = CARTESIAN_POINT('',(-2.812830549349,6.784957601069,
    -3.847643762611));
#11556 = CARTESIAN_POINT('',(-2.825966625665,7.615205031464,
    -3.717783036736));
#11557 = CARTESIAN_POINT('',(-2.687128090737,7.837607910538,
    -3.528160720405));
#11558 = CARTESIAN_POINT('',(-2.255721758185,7.888893308997,
    -3.001423186392));
#11559 = CARTESIAN_POINT('',(-2.000530400785,7.907560099521,
    -2.707637181971));
#11560 = CARTESIAN_POINT('',(-1.723452256592,7.941842328419,
    -2.430559037778));
#11561 = CARTESIAN_POINT('',(-2.816806260185,5.4,-3.948177110083));
#11562 = CARTESIAN_POINT('',(-2.816806260185,6.195651636896,
    -3.948177110083));
#11563 = CARTESIAN_POINT('',(-2.835249923004,6.821080292725,
    -3.877746757182));
#11564 = CARTESIAN_POINT('',(-2.843543036312,7.657458044823,
    -3.739690271061));
#11565 = CARTESIAN_POINT('',(-2.702672774377,7.880212262388,
    -3.546845517725));
#11566 = CARTESIAN_POINT('',(-2.265873075384,7.93105563776,
    -3.012479419113));
#11567 = CARTESIAN_POINT('',(-2.007105838592,7.948572362588,
    -2.714212619778));
#11568 = CARTESIAN_POINT('',(-1.726020107288,7.983350440839,
    -2.433126888475));
#11569 = ADVANCED_FACE('',(#11570),#11576,.T.);
#11570 = FACE_BOUND('',#11571,.T.);
#11571 = EDGE_LOOP('',(#11572,#11573,#11574,#11575));
#11572 = ORIENTED_EDGE('',*,*,#11404,.F.);
#11573 = ORIENTED_EDGE('',*,*,#11313,.F.);
#11574 = ORIENTED_EDGE('',*,*,#11166,.F.);
#11575 = ORIENTED_EDGE('',*,*,#11115,.F.);
#11576 = ( BOUNDED_SURFACE() B_SPLINE_SURFACE(3,2,(
    (#11577,#11578,#11579)
    ,(#11580,#11581,#11582)
    ,(#11583,#11584,#11585)
    ,(#11586,#11587,#11588
)),.UNSPECIFIED.,.F.,.F.,.F.) B_SPLINE_SURFACE_WITH_KNOTS((4,4),(3,3),(
    2.005041727192E-03,2.518478977111E-03),(0.,1.),
.PIECEWISE_BEZIER_KNOTS.) GEOMETRIC_REPRESENTATION_ITEM() 
RATIONAL_B_SPLINE_SURFACE((
    (1.,0.724415910659,1.)
    ,(1.,0.724647937581,1.)
    ,(1.,0.72481766134,1.)
,(1.,0.72478033137,1.))) REPRESENTATION_ITEM('') SURFACE() );
#11577 = CARTESIAN_POINT('',(-2.777121604478,7.951190836842,
    -2.052678352752));
#11578 = CARTESIAN_POINT('',(-2.425692890081,7.992579385633,
    -1.734595981375));
#11579 = CARTESIAN_POINT('',(-2.089210235245,7.991979231866,
    -2.071004380593));
#11580 = CARTESIAN_POINT('',(-2.766471169514,7.780638031811,
    -2.041745106875));
#11581 = CARTESIAN_POINT('',(-2.415068119078,7.822055350295,
    -1.724122213448));
#11582 = CARTESIAN_POINT('',(-2.078816031275,7.821484890372,
    -2.060303719582));
#11583 = CARTESIAN_POINT('',(-2.755859451122,7.610019575201,
    -2.030896949308));
#11584 = CARTESIAN_POINT('',(-2.404469321401,7.651358915655,
    -1.713601141634));
#11585 = CARTESIAN_POINT('',(-2.068395539254,7.650990455348,
    -2.049629335051));
#11586 = CARTESIAN_POINT('',(-2.745359891203,7.43922155481,
    -2.020345584256));
#11587 = CARTESIAN_POINT('',(-2.39396738252,7.480589103167,
    -1.702974132154));
#11588 = CARTESIAN_POINT('',(-2.057871901519,7.480495970919,
    -2.03905809012));
#11589 = ADVANCED_FACE('',(#11590),#11596,.T.);
#11590 = FACE_BOUND('',#11591,.T.);
#11591 = EDGE_LOOP('',(#11592,#11593,#11594,#11595));
#11592 = ORIENTED_EDGE('',*,*,#11203,.F.);
#11593 = ORIENTED_EDGE('',*,*,#11498,.F.);
#11594 = ORIENTED_EDGE('',*,*,#11414,.F.);
#11595 = ORIENTED_EDGE('',*,*,#11141,.F.);
#11596 = ( BOUNDED_SURFACE() B_SPLINE_SURFACE(3,2,(
    (#11597,#11598,#11599)
    ,(#11600,#11601,#11602)
    ,(#11603,#11604,#11605)
    ,(#11606,#11607,#11608
)),.UNSPECIFIED.,.F.,.F.,.F.) B_SPLINE_SURFACE_WITH_KNOTS((4,4),(3,3),(
    2.005041727241E-03,2.518478977248E-03),(0.,1.),
.PIECEWISE_BEZIER_KNOTS.) GEOMETRIC_REPRESENTATION_ITEM() 
RATIONAL_B_SPLINE_SURFACE((
    (1.,0.724415910659,1.)
    ,(1.,0.724647937581,1.)
    ,(1.,0.72481766134,1.)
,(1.,0.72478033137,1.))) REPRESENTATION_ITEM('') SURFACE() );
#11597 = CARTESIAN_POINT('',(-2.071004380593,7.991979231866,
    -2.089210235245));
#11598 = CARTESIAN_POINT('',(-1.734595981375,7.992579385633,
    -2.425692890081));
#11599 = CARTESIAN_POINT('',(-2.052678352752,7.951190836842,
    -2.777121604478));
#11600 = CARTESIAN_POINT('',(-2.06030371958,7.821484890325,
    -2.078816031272));
#11601 = CARTESIAN_POINT('',(-1.724122213445,7.822055350248,
    -2.415068119075));
#11602 = CARTESIAN_POINT('',(-2.041745106872,7.780638031763,
    -2.766471169511));
#11603 = CARTESIAN_POINT('',(-2.049629335052,7.650990455358,
    -2.068395539254));
#11604 = CARTESIAN_POINT('',(-1.713601141635,7.651358915666,
    -2.404469321402));
#11605 = CARTESIAN_POINT('',(-2.030896949309,7.610019575212,
    -2.755859451123));
#11606 = CARTESIAN_POINT('',(-2.03905809012,7.480495970918,
    -2.057871901519));
#11607 = CARTESIAN_POINT('',(-1.702974132154,7.480589103167,
    -2.39396738252));
#11608 = CARTESIAN_POINT('',(-2.020345584256,7.43922155481,
    -2.745359891203));
#11609 = ADVANCED_FACE('',(#11610),#11616,.F.);
#11610 = FACE_BOUND('',#11611,.F.);
#11611 = EDGE_LOOP('',(#11612,#11613,#11614,#11615));
#11612 = ORIENTED_EDGE('',*,*,#9968,.T.);
#11613 = ORIENTED_EDGE('',*,*,#10379,.T.);
#11614 = ORIENTED_EDGE('',*,*,#11038,.T.);
#11615 = ORIENTED_EDGE('',*,*,#10124,.T.);
#11616 = CYLINDRICAL_SURFACE('',#11617,0.5);
#11617 = AXIS2_PLACEMENT_3D('',#11618,#11619,#11620);
#11618 = CARTESIAN_POINT('',(-4.184283636257,5.9,-2.502852462961));
#11619 = DIRECTION('',(-0.906307787037,0.,-0.422618261741));
#11620 = DIRECTION('',(-0.422618261741,0.,0.906307787037));
#11621 = ADVANCED_FACE('',(#11622),#11628,.F.);
#11622 = FACE_BOUND('',#11623,.F.);
#11623 = EDGE_LOOP('',(#11624,#11625,#11626,#11627));
#11624 = ORIENTED_EDGE('',*,*,#11060,.T.);
#11625 = ORIENTED_EDGE('',*,*,#10313,.T.);
#11626 = ORIENTED_EDGE('',*,*,#11016,.T.);
#11627 = ORIENTED_EDGE('',*,*,#10152,.T.);
#11628 = CYLINDRICAL_SURFACE('',#11629,0.5);
#11629 = AXIS2_PLACEMENT_3D('',#11630,#11631,#11632);
#11630 = CARTESIAN_POINT('',(-0.453153893518,5.9,0.21130913087));
#11631 = DIRECTION('',(0.422618261741,-0.,0.906307787037));
#11632 = DIRECTION('',(0.906307787037,0.,-0.422618261741));
#11633 = ADVANCED_FACE('',(#11634),#11650,.T.);
#11634 = FACE_BOUND('',#11635,.T.);
#11635 = EDGE_LOOP('',(#11636,#11637,#11643,#11644));
#11636 = ORIENTED_EDGE('',*,*,#10020,.F.);
#11637 = ORIENTED_EDGE('',*,*,#11638,.T.);
#11638 = EDGE_CURVE('',#10010,#10264,#11639,.T.);
#11639 = LINE('',#11640,#11641);
#11640 = CARTESIAN_POINT('',(-5.297989930113,12.5,-4.758550483122));
#11641 = VECTOR('',#11642,1.);
#11642 = DIRECTION('',(0.793353340291,-0.,0.608761429009));
#11643 = ORIENTED_EDGE('',*,*,#10274,.T.);
#11644 = ORIENTED_EDGE('',*,*,#11645,.T.);
#11645 = EDGE_CURVE('',#10195,#10021,#11646,.T.);
#11646 = LINE('',#11647,#11648);
#11647 = CARTESIAN_POINT('',(-3.388837267852,12.5,-3.512944914458));
#11648 = VECTOR('',#11649,1.);
#11649 = DIRECTION('',(-0.608761429009,0.,-0.793353340291));
#11650 = PLANE('',#11651);
#11651 = AXIS2_PLACEMENT_3D('',#11652,#11653,#11654);
#11652 = CARTESIAN_POINT('',(-5.632808716068,12.5,-4.322206145962));
#11653 = DIRECTION('',(0.,1.,0.));
#11654 = DIRECTION('',(0.,-0.,1.));
#11655 = ADVANCED_FACE('',(#11656),#11671,.F.);
#11656 = FACE_BOUND('',#11657,.T.);
#11657 = EDGE_LOOP('',(#11658,#11659,#11665,#11666,#11667,#11668,#11669,
    #11670));
#11658 = ORIENTED_EDGE('',*,*,#10255,.F.);
#11659 = ORIENTED_EDGE('',*,*,#11660,.T.);
#11660 = EDGE_CURVE('',#10256,#10000,#11661,.T.);
#11661 = LINE('',#11662,#11663);
#11662 = CARTESIAN_POINT('',(-8.721927522919E-16,13.05,
    1.136663724795E-15));
#11663 = VECTOR('',#11664,1.);
#11664 = DIRECTION('',(-0.793353340291,2.465190328816E-32,
    -0.608761429009));
#11665 = ORIENTED_EDGE('',*,*,#9999,.T.);
#11666 = ORIENTED_EDGE('',*,*,#10633,.F.);
#11667 = ORIENTED_EDGE('',*,*,#10559,.T.);
#11668 = ORIENTED_EDGE('',*,*,#10529,.F.);
#11669 = ORIENTED_EDGE('',*,*,#10506,.F.);
#11670 = ORIENTED_EDGE('',*,*,#10649,.T.);
#11671 = PLANE('',#11672);
#11672 = AXIS2_PLACEMENT_3D('',#11673,#11674,#11675);
#11673 = CARTESIAN_POINT('',(2.376073669884E-15,1.595904051289E-30,
    -3.096559494333E-15));
#11674 = DIRECTION('',(-0.608761429009,-4.088782444489E-16,
    0.793353340291));
#11675 = DIRECTION('',(0.793353340291,0.,0.608761429009));
#11676 = ADVANCED_FACE('',(#11677),#11692,.T.);
#11677 = FACE_BOUND('',#11678,.T.);
#11678 = EDGE_LOOP('',(#11679,#11680,#11686,#11687,#11688,#11689,#11690,
    #11691));
#11679 = ORIENTED_EDGE('',*,*,#10040,.F.);
#11680 = ORIENTED_EDGE('',*,*,#11681,.T.);
#11681 = EDGE_CURVE('',#10030,#10193,#11682,.T.);
#11682 = LINE('',#11683,#11684);
#11683 = CARTESIAN_POINT('',(-2.648112216188,13.05,-3.451087030267));
#11684 = VECTOR('',#11685,1.);
#11685 = DIRECTION('',(0.608761429009,0.,0.793353340291));
#11686 = ORIENTED_EDGE('',*,*,#10205,.T.);
#11687 = ORIENTED_EDGE('',*,*,#9932,.F.);
#11688 = ORIENTED_EDGE('',*,*,#9841,.T.);
#11689 = ORIENTED_EDGE('',*,*,#9865,.T.);
#11690 = ORIENTED_EDGE('',*,*,#9890,.F.);
#11691 = ORIENTED_EDGE('',*,*,#9916,.T.);
#11692 = PLANE('',#11693);
#11693 = AXIS2_PLACEMENT_3D('',#11694,#11695,#11696);
#11694 = CARTESIAN_POINT('',(3.096559494333E-15,1.595904051289E-30,
    -2.376073669884E-15));
#11695 = DIRECTION('',(-0.793353340291,-4.088782444489E-16,
    0.608761429009));
#11696 = DIRECTION('',(0.608761429009,-2.465190328816E-32,0.793353340291
    ));
#11697 = ADVANCED_FACE('',(#11698),#11704,.F.);
#11698 = FACE_BOUND('',#11699,.F.);
#11699 = EDGE_LOOP('',(#11700,#11701,#11702,#11703));
#11700 = ORIENTED_EDGE('',*,*,#11638,.T.);
#11701 = ORIENTED_EDGE('',*,*,#10263,.T.);
#11702 = ORIENTED_EDGE('',*,*,#11660,.T.);
#11703 = ORIENTED_EDGE('',*,*,#10009,.T.);
#11704 = CYLINDRICAL_SURFACE('',#11705,0.55);
#11705 = AXIS2_PLACEMENT_3D('',#11706,#11707,#11708);
#11706 = CARTESIAN_POINT('',(-5.297989930113,13.05,-4.758550483122));
#11707 = DIRECTION('',(0.793353340291,0.,0.608761429009));
#11708 = DIRECTION('',(0.608761429009,0.,-0.793353340291));
#11709 = ADVANCED_FACE('',(#11710),#11716,.F.);
#11710 = FACE_BOUND('',#11711,.F.);
#11711 = EDGE_LOOP('',(#11712,#11713,#11714,#11715));
#11712 = ORIENTED_EDGE('',*,*,#11681,.T.);
#11713 = ORIENTED_EDGE('',*,*,#10192,.T.);
#11714 = ORIENTED_EDGE('',*,*,#11645,.T.);
#11715 = ORIENTED_EDGE('',*,*,#10029,.T.);
#11716 = CYLINDRICAL_SURFACE('',#11717,0.55);
#11717 = AXIS2_PLACEMENT_3D('',#11718,#11719,#11720);
#11718 = CARTESIAN_POINT('',(-0.43634433716,13.05,0.334818785955));
#11719 = DIRECTION('',(-0.608761429009,0.,-0.793353340291));
#11720 = DIRECTION('',(-0.793353340291,0.,0.608761429009));
#11721 = ADVANCED_FACE('',(#11722),#11728,.F.);
#11722 = FACE_BOUND('',#11723,.T.);
#11723 = EDGE_LOOP('',(#11724,#11725,#11726,#11727));
#11724 = ORIENTED_EDGE('',*,*,#9791,.F.);
#11725 = ORIENTED_EDGE('',*,*,#10459,.F.);
#11726 = ORIENTED_EDGE('',*,*,#10520,.F.);
#11727 = ORIENTED_EDGE('',*,*,#10552,.F.);
#11728 = PLANE('',#11729);
#11729 = AXIS2_PLACEMENT_3D('',#11730,#11731,#11732);
#11730 = CARTESIAN_POINT('',(5.952977513303E-30,2.670628428495E-60,
    1.59509551725E-30));
#11731 = DIRECTION('',(-0.965925826289,-4.333342374871E-31,
    -0.258819045103));
#11732 = DIRECTION('',(-0.258819045103,0.,0.965925826289));
#11733 = ADVANCED_FACE('',(#11734),#11740,.T.);
#11734 = FACE_BOUND('',#11735,.T.);
#11735 = EDGE_LOOP('',(#11736,#11737,#11738,#11739));
#11736 = ORIENTED_EDGE('',*,*,#9808,.F.);
#11737 = ORIENTED_EDGE('',*,*,#10592,.T.);
#11738 = ORIENTED_EDGE('',*,*,#9728,.T.);
#11739 = ORIENTED_EDGE('',*,*,#10466,.F.);
#11740 = PLANE('',#11741);
#11741 = AXIS2_PLACEMENT_3D('',#11742,#11743,#11744);
#11742 = CARTESIAN_POINT('',(-1.783576901024,12.107022393701,
    4.724547961248));
#11743 = DIRECTION('',(0.935554051732,-0.,0.353183544757));
#11744 = DIRECTION('',(0.353183544757,0.,-0.935554051732));
#11745 = ADVANCED_FACE('',(#11746),#11757,.T.);
#11746 = FACE_BOUND('',#11747,.T.);
#11747 = EDGE_LOOP('',(#11748,#11754,#11755,#11756));
#11748 = ORIENTED_EDGE('',*,*,#11749,.F.);
#11749 = EDGE_CURVE('',#9544,#10473,#11750,.T.);
#11750 = LINE('',#11751,#11752);
#11751 = CARTESIAN_POINT('',(-2.774549648938,12.107022393701,
    3.9779862048));
#11752 = VECTOR('',#11753,1.);
#11753 = DIRECTION('',(0.,1.,0.));
#11754 = ORIENTED_EDGE('',*,*,#10585,.T.);
#11755 = ORIENTED_EDGE('',*,*,#10735,.T.);
#11756 = ORIENTED_EDGE('',*,*,#10480,.F.);
#11757 = PLANE('',#11758);
#11758 = AXIS2_PLACEMENT_3D('',#11759,#11760,#11761);
#11759 = CARTESIAN_POINT('',(-2.774549648938,12.107022393701,
    3.9779862048));
#11760 = DIRECTION('',(-0.820203341196,0.,-0.572072092564));
#11761 = DIRECTION('',(-0.572072092564,0.,0.820203341196));
#11762 = ADVANCED_FACE('',(#11763),#11808,.F.);
#11763 = FACE_BOUND('',#11764,.T.);
#11764 = EDGE_LOOP('',(#11765,#11766,#11784,#11792));
#11765 = ORIENTED_EDGE('',*,*,#9573,.T.);
#11766 = ORIENTED_EDGE('',*,*,#11767,.T.);
#11767 = EDGE_CURVE('',#9563,#11768,#11770,.T.);
#11768 = VERTEX_POINT('',#11769);
#11769 = CARTESIAN_POINT('',(-1.991109924059,12.3,3.656112748895));
#11770 = B_SPLINE_CURVE_WITH_KNOTS('',3,(#11771,#11772,#11773,#11774,
    #11775,#11776,#11777,#11778,#11779,#11780,#11781,#11782,#11783),
  .UNSPECIFIED.,.F.,.F.,(4,3,3,3,4),(0.,9.511696956949E-05,
    2.492389139996E-04,3.969905280925E-04,5.005770250392E-04),
  .UNSPECIFIED.);
#11771 = CARTESIAN_POINT('',(-2.245085545814,12.3,4.087451312395));
#11772 = CARTESIAN_POINT('',(-2.228499401103,12.3,4.060430053002));
#11773 = CARTESIAN_POINT('',(-2.212036125481,12.3,4.033333082041));
#11774 = CARTESIAN_POINT('',(-2.195681063083,12.3,4.006171333395));
#11775 = CARTESIAN_POINT('',(-2.16918050711,12.3,3.96216040743));
#11776 = CARTESIAN_POINT('',(-2.142965900128,12.3,3.917976706891));
#11777 = CARTESIAN_POINT('',(-2.116955087778,12.3,3.873674577009));
#11778 = CARTESIAN_POINT('',(-2.092019244761,12.3,3.831203356152));
#11779 = CARTESIAN_POINT('',(-2.067269237205,12.3,3.788622713121));
#11780 = CARTESIAN_POINT('',(-2.042663083383,12.3,3.745959637023));
#11781 = CARTESIAN_POINT('',(-2.025411993122,12.3,3.7160490471));
#11782 = CARTESIAN_POINT('',(-2.00823195969,12.3,3.686097401646));
#11783 = CARTESIAN_POINT('',(-1.991109924059,12.3,3.656112748895));
#11784 = ORIENTED_EDGE('',*,*,#11785,.T.);
#11785 = EDGE_CURVE('',#11768,#11786,#11788,.T.);
#11786 = VERTEX_POINT('',#11787);
#11787 = CARTESIAN_POINT('',(-1.890308058674,12.3,3.709233695203));
#11788 = LINE('',#11789,#11790);
#11789 = CARTESIAN_POINT('',(-1.71954035452,12.3,3.799225502487));
#11790 = VECTOR('',#11791,1.);
#11791 = DIRECTION('',(0.884674547388,-0.,0.466209121751));
#11792 = ORIENTED_EDGE('',*,*,#11793,.T.);
#11793 = EDGE_CURVE('',#11786,#9574,#11794,.T.);
#11794 = B_SPLINE_CURVE_WITH_KNOTS('',3,(#11795,#11796,#11797,#11798,
    #11799,#11800,#11801,#11802,#11803,#11804,#11805,#11806,#11807),
  .UNSPECIFIED.,.F.,.F.,(4,3,3,3,4),(0.,1.03586637857E-04,
    2.513384529387E-04,3.997076832827E-04,5.005776701857E-04),
  .UNSPECIFIED.);
#11795 = CARTESIAN_POINT('',(-1.890308058674,12.3,3.709233695203));
#11796 = CARTESIAN_POINT('',(-1.905362945185,12.3,3.740307701975));
#11797 = CARTESIAN_POINT('',(-1.920357818368,12.3,3.771410891399));
#11798 = CARTESIAN_POINT('',(-1.935278657099,12.3,3.802549486041));
#11799 = CARTESIAN_POINT('',(-1.956561048382,12.3,3.846964131029));
#11800 = CARTESIAN_POINT('',(-1.977694121482,12.3,3.891450839789));
#11801 = CARTESIAN_POINT('',(-1.998631881253,12.3,3.936028985599));
#11802 = CARTESIAN_POINT('',(-2.019657042327,12.3,3.980793215695));
#11803 = CARTESIAN_POINT('',(-2.04048504973,12.3,4.025651066927));
#11804 = CARTESIAN_POINT('',(-2.061034011838,12.3,4.070635884927));
#11805 = CARTESIAN_POINT('',(-2.075004469452,12.3,4.101219351375));
#11806 = CARTESIAN_POINT('',(-2.088847188349,12.3,4.131861596646));
#11807 = CARTESIAN_POINT('',(-2.10254155867,12.3,4.162569679091));
#11808 = PLANE('',#11809);
#11809 = AXIS2_PLACEMENT_3D('',#11810,#11811,#11812);
#11810 = CARTESIAN_POINT('',(0.,12.3,0.));
#11811 = DIRECTION('',(0.,1.,0.));
#11812 = DIRECTION('',(0.,-0.,1.));
#11813 = ADVANCED_FACE('',(#11814),#11848,.T.);
#11814 = FACE_BOUND('',#11815,.T.);
#11815 = EDGE_LOOP('',(#11816,#11817,#11828,#11837,#11838,#11839));
#11816 = ORIENTED_EDGE('',*,*,#11785,.F.);
#11817 = ORIENTED_EDGE('',*,*,#11818,.T.);
#11818 = EDGE_CURVE('',#11768,#11819,#11821,.T.);
#11819 = VERTEX_POINT('',#11820);
#11820 = CARTESIAN_POINT('',(-2.18147062295,12.486918977439,
    3.501574173773));
#11821 = B_SPLINE_CURVE_WITH_KNOTS('',3,(#11822,#11823,#11824,#11825,
    #11826,#11827),.UNSPECIFIED.,.F.,.F.,(4,2,4),(0.,1.654442699549E-04,
    3.308885399099E-04),.UNSPECIFIED.);
#11822 = CARTESIAN_POINT('',(-1.991109924059,12.3,3.656112748895));
#11823 = CARTESIAN_POINT('',(-2.040599461577,12.3,3.630032566199));
#11824 = CARTESIAN_POINT('',(-2.086618587296,12.318939685003,
    3.600849253469));
#11825 = CARTESIAN_POINT('',(-2.155047089772,12.387124638315,
    3.544759357405));
#11826 = CARTESIAN_POINT('',(-2.17579908363,12.434235133056,
    3.519383390433));
#11827 = CARTESIAN_POINT('',(-2.18147062295,12.486918977439,
    3.501574173773));
#11828 = ORIENTED_EDGE('',*,*,#11829,.F.);
#11829 = EDGE_CURVE('',#10473,#11819,#11830,.T.);
#11830 = B_SPLINE_CURVE_WITH_KNOTS('',3,(#11831,#11832,#11833,#11834,
    #11835,#11836),.UNSPECIFIED.,.F.,.F.,(4,2,4),(0.,0.163863393893,
    0.909417555034),.UNSPECIFIED.);
#11831 = CARTESIAN_POINT('',(-2.774549648938,14.,3.9779862048));
#11832 = CARTESIAN_POINT('',(-2.675447479651,14.,3.789930753569));
#11833 = CARTESIAN_POINT('',(-2.582253648224,13.965145364694,
    3.623166001586));
#11834 = CARTESIAN_POINT('',(-2.308236623304,13.497937799383,
    3.205902351946));
#11835 = CARTESIAN_POINT('',(-2.236567437338,12.998722181319,
    3.3285645111));
#11836 = CARTESIAN_POINT('',(-2.18147062295,12.486918977439,
    3.501574173773));
#11837 = ORIENTED_EDGE('',*,*,#10472,.F.);
#11838 = ORIENTED_EDGE('',*,*,#9717,.T.);
#11839 = ORIENTED_EDGE('',*,*,#11840,.T.);
#11840 = EDGE_CURVE('',#9694,#11786,#11841,.T.);
#11841 = B_SPLINE_CURVE_WITH_KNOTS('',3,(#11842,#11843,#11844,#11845,
    #11846,#11847),.UNSPECIFIED.,.F.,.F.,(4,2,4),(0.,1.653942834046E-04,
    3.307885668091E-04),.UNSPECIFIED.);
#11842 = CARTESIAN_POINT('',(-1.65522070212,12.486918977439,
    3.778899337176));
#11843 = CARTESIAN_POINT('',(-1.673118534881,12.434231787261,
    3.784288818652));
#11844 = CARTESIAN_POINT('',(-1.705850713209,12.387104737044,
    3.781483675971));
#11845 = CARTESIAN_POINT('',(-1.790441479078,12.319135970406,
    3.756872844189));
#11846 = CARTESIAN_POINT('',(-1.840811362491,12.3,3.735317650399));
#11847 = CARTESIAN_POINT('',(-1.890308058674,12.3,3.709233695203));
#11848 = B_SPLINE_SURFACE_WITH_KNOTS('',3,3,(
    (#11849,#11850,#11851,#11852,#11853,#11854)
    ,(#11855,#11856,#11857,#11858,#11859,#11860)
    ,(#11861,#11862,#11863,#11864,#11865,#11866)
    ,(#11867,#11868,#11869,#11870,#11871,#11872)
    ,(#11873,#11874,#11875,#11876,#11877,#11878)
    ,(#11879,#11880,#11881,#11882,#11883,#11884)
    ,(#11885,#11886,#11887,#11888,#11889,#11890
  )),.UNSPECIFIED.,.F.,.F.,.F.,(4,1,1,1,4),(4,2,4),(0.198529411765,
    0.273897058824,0.349264705882,0.424632352941,0.5),(0.,0.163863393893
    ,1.),.UNSPECIFIED.);
#11849 = CARTESIAN_POINT('',(-2.774549648938,14.,3.9779862048));
#11850 = CARTESIAN_POINT('',(-2.675447479651,14.,3.789930753569));
#11851 = CARTESIAN_POINT('',(-2.582253648224,13.965145364694,
    3.623166001586));
#11852 = CARTESIAN_POINT('',(-2.280943184837,13.451401636387,
    3.164340847694));
#11853 = CARTESIAN_POINT('',(-2.221410406525,12.875700818193,
    3.365230894653));
#11854 = CARTESIAN_POINT('',(-2.161877628213,12.3,3.566120941611));
#11855 = CARTESIAN_POINT('',(-2.686082194199,14.,4.024607116975));
#11856 = CARTESIAN_POINT('',(-2.587947218042,14.,3.838387003375));
#11857 = CARTESIAN_POINT('',(-2.496175690447,13.965145364694,
    3.672641355544));
#11858 = CARTESIAN_POINT('',(-2.205867309377,13.451401636387,
    3.215870482702));
#11859 = CARTESIAN_POINT('',(-2.165441749058,12.875700818193,
    3.400708402193));
#11860 = CARTESIAN_POINT('',(-2.125016188739,12.3,3.585546321684));
#11861 = CARTESIAN_POINT('',(-2.509147284721,14.,4.117848941326));
#11862 = CARTESIAN_POINT('',(-2.412946694825,14.,3.935299502985));
#11863 = CARTESIAN_POINT('',(-2.324019774892,13.965145364694,
    3.771592063462));
#11864 = CARTESIAN_POINT('',(-2.055715558458,13.451401636387,
    3.318929752716));
#11865 = CARTESIAN_POINT('',(-2.053504434124,12.875700818193,
    3.471663417273));
#11866 = CARTESIAN_POINT('',(-2.05129330979,12.3,3.62439708183));
#11867 = CARTESIAN_POINT('',(-2.243744920505,14.,4.257711677851));
#11868 = CARTESIAN_POINT('',(-2.148287149924,14.,4.076571807258));
#11869 = CARTESIAN_POINT('',(-2.061998994039,13.965145364694,
    3.912832121159));
#11870 = CARTESIAN_POINT('',(-1.819472547377,13.451401636387,
    3.45261595545));
#11871 = CARTESIAN_POINT('',(-1.880090769372,12.875700818193,
    3.567644588749));
#11872 = CARTESIAN_POINT('',(-1.940708991366,12.3,3.682673222049));
#11873 = CARTESIAN_POINT('',(-1.978342556289,14.,4.397574414376));
#11874 = CARTESIAN_POINT('',(-1.882141966392,14.,4.215024976036));
#11875 = CARTESIAN_POINT('',(-1.797372098607,13.965145364694,
    4.04912683753));
#11876 = CARTESIAN_POINT('',(-1.575648850864,13.451401636387,
    3.571917112633));
#11877 = CARTESIAN_POINT('',(-1.702886761904,12.875700818193,
    3.656433237451));
#11878 = CARTESIAN_POINT('',(-1.830124672943,12.3,3.740949362268));
#11879 = CARTESIAN_POINT('',(-1.801407646811,14.,4.490816238727));
#11880 = CARTESIAN_POINT('',(-1.703272670654,14.,4.304596125126));
#11881 = CARTESIAN_POINT('',(-1.618429563304,13.965145364694,
    4.135199312325));
#11882 = CARTESIAN_POINT('',(-1.405756130054,13.451401636387,
    3.637516082563));
#11883 = CARTESIAN_POINT('',(-1.581078962024,12.875700818193,
    3.708658102488));
#11884 = CARTESIAN_POINT('',(-1.756401793994,12.3,3.779800122414));
#11885 = CARTESIAN_POINT('',(-1.712940192072,14.,4.537437150902));
#11886 = CARTESIAN_POINT('',(-1.613838022786,14.,4.349381699671));
#11887 = CARTESIAN_POINT('',(-1.528958295653,13.965145364694,
    4.178235549723));
#11888 = CARTESIAN_POINT('',(-1.32080976965,13.451401636387,
    3.670315567528));
#11889 = CARTESIAN_POINT('',(-1.520175062085,12.875700818193,
    3.734770535007));
#11890 = CARTESIAN_POINT('',(-1.71954035452,12.3,3.799225502487));
#11891 = ADVANCED_FACE('',(#11892),#11919,.T.);
#11892 = FACE_BOUND('',#11893,.T.);
#11893 = EDGE_LOOP('',(#11894,#11895,#11917,#11918));
#11894 = ORIENTED_EDGE('',*,*,#11829,.T.);
#11895 = ORIENTED_EDGE('',*,*,#11896,.T.);
#11896 = EDGE_CURVE('',#11819,#9552,#11897,.T.);
#11897 = B_SPLINE_CURVE_WITH_KNOTS('',3,(#11898,#11899,#11900,#11901,
    #11902,#11903,#11904,#11905,#11906,#11907,#11908,#11909,#11910,
    #11911,#11912,#11913,#11914,#11915,#11916),.UNSPECIFIED.,.F.,.F.,(4,
    3,3,3,3,3,4),(-5.999999999915E-08,0.,1.424255074221E-04,
    2.885188319664E-04,4.403256748698E-04,5.371680554376E-04,
    5.372280554376E-04),.UNSPECIFIED.);
#11898 = CARTESIAN_POINT('',(-2.18147062295,12.486918977439,
    3.501574173773));
#11899 = CARTESIAN_POINT('',(-2.181480334255,12.48691821276,
    3.501591641052));
#11900 = CARTESIAN_POINT('',(-2.181490045549,12.486917448058,
    3.501609108336));
#11901 = CARTESIAN_POINT('',(-2.181499756862,12.486916683331,
    3.501626575608));
#11902 = CARTESIAN_POINT('',(-2.204552067964,12.485101406496,
    3.543089660489));
#11903 = CARTESIAN_POINT('',(-2.227655048861,12.483150752703,
    3.584519113829));
#11904 = CARTESIAN_POINT('',(-2.250817196015,12.481015167511,
    3.625905656328));
#11905 = CARTESIAN_POINT('',(-2.274575748392,12.478824592851,
    3.668357866443));
#11906 = CARTESIAN_POINT('',(-2.298397740907,12.476442845092,
    3.710765503722));
#11907 = CARTESIAN_POINT('',(-2.322288803297,12.473814265062,
    3.75311836994));
#11908 = CARTESIAN_POINT('',(-2.347114002347,12.471082907979,
    3.797127226349));
#11909 = CARTESIAN_POINT('',(-2.372014758143,12.468077820026,
    3.841078284853));
#11910 = CARTESIAN_POINT('',(-2.396994607469,12.464682774697,
    3.884953232793));
#11911 = CARTESIAN_POINT('',(-2.412930255667,12.462516939056,
    3.91294282256));
#11912 = CARTESIAN_POINT('',(-2.428898102772,12.46019627212,
    3.940902609748));
#11913 = CARTESIAN_POINT('',(-2.444895661328,12.457712217116,
    3.968830381836));
#11914 = CARTESIAN_POINT('',(-2.444905572815,12.457710678089,
    3.968847684837));
#11915 = CARTESIAN_POINT('',(-2.444915484328,12.457709138999,
    3.968864987817));
#11916 = CARTESIAN_POINT('',(-2.444925395824,12.457707599847,
    3.9688822908));
#11917 = ORIENTED_EDGE('',*,*,#9551,.F.);
#11918 = ORIENTED_EDGE('',*,*,#11749,.T.);
#11919 = B_SPLINE_SURFACE_WITH_KNOTS('',3,3,(
    (#11920,#11921,#11922,#11923,#11924,#11925)
    ,(#11926,#11927,#11928,#11929,#11930,#11931)
    ,(#11932,#11933,#11934,#11935,#11936,#11937)
    ,(#11938,#11939,#11940,#11941,#11942,#11943)
    ,(#11944,#11945,#11946,#11947,#11948,#11949)
    ,(#11950,#11951,#11952,#11953,#11954,#11955)
    ,(#11956,#11957,#11958,#11959,#11960,#11961
  )),.UNSPECIFIED.,.F.,.F.,.F.,(4,1,1,1,4),(4,2,4),(0.,
    4.963235294118E-02,9.926470588235E-02,0.148897058824,0.198529411765)
  ,(0.,0.163863393893,1.),.UNSPECIFIED.);
#11920 = CARTESIAN_POINT('',(-2.774549648938,13.5,3.9779862048));
#11921 = CARTESIAN_POINT('',(-2.735993514429,13.5,3.904822405008));
#11922 = CARTESIAN_POINT('',(-2.691593369637,13.471858167659,
    3.830648146484));
#11923 = CARTESIAN_POINT('',(-2.628085366079,13.033333333333,
    3.823074960223));
#11924 = CARTESIAN_POINT('',(-2.511533777584,12.666666666667,
    3.915766587764));
#11925 = CARTESIAN_POINT('',(-2.394982189089,12.3,4.008458215305));
#11926 = CARTESIAN_POINT('',(-2.774549648938,13.541666666667,
    3.9779862048));
#11927 = CARTESIAN_POINT('',(-2.731340285684,13.541666666667,
    3.895992476888));
#11928 = CARTESIAN_POINT('',(-2.683169855432,13.512965434079,
    3.814663756069));
#11929 = CARTESIAN_POINT('',(-2.601158486433,13.068172358588,
    3.771978737622));
#11930 = CARTESIAN_POINT('',(-2.488357647724,12.684086179294,
    3.871787756726));
#11931 = CARTESIAN_POINT('',(-2.375556809016,12.3,3.97159677583));
#11932 = CARTESIAN_POINT('',(-2.774549648938,13.625,3.9779862048));
#11933 = CARTESIAN_POINT('',(-2.722033828195,13.625,3.878332620649));
#11934 = CARTESIAN_POINT('',(-2.666322827021,13.595179966918,
    3.78269497524));
#11935 = CARTESIAN_POINT('',(-2.54730472714,13.137850409097,
    3.669786292419));
#11936 = CARTESIAN_POINT('',(-2.442005388005,12.718925204548,
    3.78383009465));
#11937 = CARTESIAN_POINT('',(-2.33670604887,12.3,3.897873896881));
#11938 = CARTESIAN_POINT('',(-2.774549648938,13.75,3.9779862048));
#11939 = CARTESIAN_POINT('',(-2.70700475899,13.75,3.849813584071));
#11940 = CARTESIAN_POINT('',(-2.639176367548,13.718501766177,
    3.731182079788));
#11941 = CARTESIAN_POINT('',(-2.461067407325,13.24236748486,
    3.506143072422));
#11942 = CARTESIAN_POINT('',(-2.369748657988,12.77118374243,
    3.64671632544));
#11943 = CARTESIAN_POINT('',(-2.278429908651,12.3,3.787289578458));
#11944 = CARTESIAN_POINT('',(-2.774549648938,13.875,3.9779862048));
#11945 = CARTESIAN_POINT('',(-2.691498297355,13.875,3.820388651592));
#11946 = CARTESIAN_POINT('',(-2.61119246393,13.841823565436,3.6780800573
    ));
#11947 = CARTESIAN_POINT('',(-2.372394123765,13.346884560624,
    3.337877387908));
#11948 = CARTESIAN_POINT('',(-2.296273946099,12.823442280312,
    3.507291323971));
#11949 = CARTESIAN_POINT('',(-2.220153768432,12.3,3.676705260035));
#11950 = CARTESIAN_POINT('',(-2.774549648938,13.958333333333,
    3.9779862048));
#11951 = CARTESIAN_POINT('',(-2.680797752219,13.958333333333,
    3.800083386244));
#11952 = CARTESIAN_POINT('',(-2.591899920126,13.924038098275,
    3.641470686824));
#11953 = CARTESIAN_POINT('',(-2.311426831146,13.416562611132,
    3.222186361099));
#11954 = CARTESIAN_POINT('',(-2.246364919716,12.858281305566,
    3.412584371092));
#11955 = CARTESIAN_POINT('',(-2.181303008286,12.3,3.602982381086));
#11956 = CARTESIAN_POINT('',(-2.774549648938,14.,3.9779862048));
#11957 = CARTESIAN_POINT('',(-2.675447479651,14.,3.789930753569));
#11958 = CARTESIAN_POINT('',(-2.582253648224,13.965145364694,
    3.623166001586));
#11959 = CARTESIAN_POINT('',(-2.280943184837,13.451401636387,
    3.164340847694));
#11960 = CARTESIAN_POINT('',(-2.221410406525,12.875700818193,
    3.365230894653));
#11961 = CARTESIAN_POINT('',(-2.161877628213,12.3,3.566120941611));
#11962 = ADVANCED_FACE('',(#11963),#11969,.T.);
#11963 = FACE_BOUND('',#11964,.T.);
#11964 = EDGE_LOOP('',(#11965,#11966,#11967,#11968));
#11965 = ORIENTED_EDGE('',*,*,#9562,.F.);
#11966 = ORIENTED_EDGE('',*,*,#11896,.F.);
#11967 = ORIENTED_EDGE('',*,*,#11818,.F.);
#11968 = ORIENTED_EDGE('',*,*,#11767,.F.);
#11969 = ( BOUNDED_SURFACE() B_SPLINE_SURFACE(3,2,(
    (#11970,#11971,#11972)
    ,(#11973,#11974,#11975)
    ,(#11976,#11977,#11978)
    ,(#11979,#11980,#11981
)),.UNSPECIFIED.,.F.,.F.,.F.) B_SPLINE_SURFACE_WITH_KNOTS((4,4),(3,3),(
    2.068596470913E-03,2.622804590537E-03),(0.,1.),
.PIECEWISE_BEZIER_KNOTS.) GEOMETRIC_REPRESENTATION_ITEM() 
RATIONAL_B_SPLINE_SURFACE((
    (1.,0.791146710558,1.)
    ,(1.,0.800045459976,1.)
    ,(1.,0.810982438158,1.)
,(1.,0.828003354785,1.))) REPRESENTATION_ITEM('') SURFACE() );
#11970 = CARTESIAN_POINT('',(-1.969598139835,12.3,3.618371184939));
#11971 = CARTESIAN_POINT('',(-2.137584084768,12.3,3.522794845702));
#11972 = CARTESIAN_POINT('',(-2.179887352856,12.487043441187,
    3.498726216012));
#11973 = CARTESIAN_POINT('',(-2.060948690496,12.3,3.778929847358));
#11974 = CARTESIAN_POINT('',(-2.22236832449,12.299999999996,
    3.68334401417));
#11975 = CARTESIAN_POINT('',(-2.268899665304,12.480057517723,
    3.658851117271));
#11976 = CARTESIAN_POINT('',(-2.153627833314,12.3,3.938791273499));
#11977 = CARTESIAN_POINT('',(-2.30708224877,12.299999999967,
    3.843610528124));
#11978 = CARTESIAN_POINT('',(-2.358391729375,12.471263569662,
    3.817877878168));
#11979 = CARTESIAN_POINT('',(-2.250423810176,12.3,4.096138564937));
#11980 = CARTESIAN_POINT('',(-2.394622918818,12.3,4.007430996616));
#11981 = CARTESIAN_POINT('',(-2.448146615781,12.457205222232,
    3.974504600262));
#11982 = ADVANCED_FACE('',(#11983),#11989,.T.);
#11983 = FACE_BOUND('',#11984,.T.);
#11984 = EDGE_LOOP('',(#11985,#11986,#11987,#11988));
#11985 = ORIENTED_EDGE('',*,*,#11840,.F.);
#11986 = ORIENTED_EDGE('',*,*,#9693,.F.);
#11987 = ORIENTED_EDGE('',*,*,#9581,.F.);
#11988 = ORIENTED_EDGE('',*,*,#11793,.F.);
#11989 = ( BOUNDED_SURFACE() B_SPLINE_SURFACE(3,2,(
    (#11990,#11991,#11992)
    ,(#11993,#11994,#11995)
    ,(#11996,#11997,#11998)
    ,(#11999,#12000,#12001
)),.UNSPECIFIED.,.F.,.F.,.F.) B_SPLINE_SURFACE_WITH_KNOTS((4,4),(3,3),(
    2.06859687949E-03,2.622736085766E-03),(0.,1.),
.PIECEWISE_BEZIER_KNOTS.) GEOMETRIC_REPRESENTATION_ITEM() 
RATIONAL_B_SPLINE_SURFACE((
    (1.,0.791146730087,1.)
    ,(1.,0.800044381532,1.)
    ,(1.,0.810979730131,1.)
,(1.,0.827997072614,1.))) REPRESENTATION_ITEM('') SURFACE() );
#11990 = CARTESIAN_POINT('',(-1.653766660108,12.487043425736,
    3.775983736203));
#11991 = CARTESIAN_POINT('',(-1.69753451796,12.3,3.75469428118));
#11992 = CARTESIAN_POINT('',(-1.871336294676,12.3,3.670154043437));
#11993 = CARTESIAN_POINT('',(-1.73552287685,12.480058369892,
    3.939906682211));
#11994 = CARTESIAN_POINT('',(-1.782030610727,12.3,3.915370021361));
#11995 = CARTESIAN_POINT('',(-1.952128657931,12.3,3.836250757142));
#11996 = CARTESIAN_POINT('',(-1.816102433126,12.471265777743,
    4.103604762669));
#11997 = CARTESIAN_POINT('',(-1.866333455259,12.29999999996,
    4.075828426513));
#11998 = CARTESIAN_POINT('',(-2.031595096448,12.3,4.003049043833));
#11999 = CARTESIAN_POINT('',(-1.894554248213,12.457210423871,
    4.266163332321));
#12000 = CARTESIAN_POINT('',(-1.95196963586,12.3,4.240626009899));
#12001 = CARTESIAN_POINT('',(-2.106662086356,12.3,4.171821615355));
#12002 = ADVANCED_FACE('',(#12003),#12028,.F.);
#12003 = FACE_BOUND('',#12004,.T.);
#12004 = EDGE_LOOP('',(#12005,#12015,#12021,#12022));
#12005 = ORIENTED_EDGE('',*,*,#12006,.F.);
#12006 = EDGE_CURVE('',#12007,#12009,#12011,.T.);
#12007 = VERTEX_POINT('',#12008);
#12008 = CARTESIAN_POINT('',(-2.,7.454700538379,4.85));
#12009 = VERTEX_POINT('',#12010);
#12010 = CARTESIAN_POINT('',(-2.,13.3,4.85));
#12011 = LINE('',#12012,#12013);
#12012 = CARTESIAN_POINT('',(-2.,6.3,4.85));
#12013 = VECTOR('',#12014,1.);
#12014 = DIRECTION('',(0.,1.,0.));
#12015 = ORIENTED_EDGE('',*,*,#12016,.T.);
#12016 = EDGE_CURVE('',#12007,#6822,#12017,.T.);
#12017 = LINE('',#12018,#12019);
#12018 = CARTESIAN_POINT('',(-2.,7.454700538379,4.85));
#12019 = VECTOR('',#12020,1.);
#12020 = DIRECTION('',(0.866025403784,-0.5,-3.004629197474E-15));
#12021 = ORIENTED_EDGE('',*,*,#6821,.F.);
#12022 = ORIENTED_EDGE('',*,*,#12023,.F.);
#12023 = EDGE_CURVE('',#12009,#6229,#12024,.T.);
#12024 = LINE('',#12025,#12026);
#12025 = CARTESIAN_POINT('',(-2.,13.3,4.85));
#12026 = VECTOR('',#12027,1.);
#12027 = DIRECTION('',(1.,-0.,-3.469446951954E-15));
#12028 = PLANE('',#12029);
#12029 = AXIS2_PLACEMENT_3D('',#12030,#12031,#12032);
#12030 = CARTESIAN_POINT('',(-2.,6.3,4.85));
#12031 = DIRECTION('',(-3.469446951954E-15,0.,-1.));
#12032 = DIRECTION('',(-1.,0.,3.469446951954E-15));
#12033 = ADVANCED_FACE('',(#12034),#12078,.F.);
#12034 = FACE_BOUND('',#12035,.T.);
#12035 = EDGE_LOOP('',(#12036,#12047,#12055,#12062,#12063,#12064,#12070,
    #12071,#12072));
#12036 = ORIENTED_EDGE('',*,*,#12037,.T.);
#12037 = EDGE_CURVE('',#12038,#12040,#12042,.T.);
#12038 = VERTEX_POINT('',#12039);
#12039 = CARTESIAN_POINT('',(-2.,13.3,4.35));
#12040 = VERTEX_POINT('',#12041);
#12041 = CARTESIAN_POINT('',(-2.714319976251,13.3,4.087238491607));
#12042 = B_SPLINE_CURVE_WITH_KNOTS('',3,(#12043,#12044,#12045,#12046),
  .UNSPECIFIED.,.F.,.F.,(4,4),(0.,0.532935963287),
  .PIECEWISE_BEZIER_KNOTS.);
#12043 = CARTESIAN_POINT('',(-2.,13.3,4.35));
#12044 = CARTESIAN_POINT('',(-2.252188005546,13.3,4.35));
#12045 = CARTESIAN_POINT('',(-2.487252807252,13.3,4.243492222138));
#12046 = CARTESIAN_POINT('',(-2.714319976251,13.3,4.087238491607));
#12047 = ORIENTED_EDGE('',*,*,#12048,.T.);
#12048 = EDGE_CURVE('',#12040,#12049,#12051,.T.);
#12049 = VERTEX_POINT('',#12050);
#12050 = CARTESIAN_POINT('',(-2.950615458119,13.3,4.496514271819));
#12051 = LINE('',#12052,#12053);
#12052 = CARTESIAN_POINT('',(-2.899519052838,13.3,4.408012701892));
#12053 = VECTOR('',#12054,1.);
#12054 = DIRECTION('',(-0.5,-0.,0.866025403784));
#12055 = ORIENTED_EDGE('',*,*,#12056,.T.);
#12056 = EDGE_CURVE('',#12049,#12009,#12057,.T.);
#12057 = B_SPLINE_CURVE_WITH_KNOTS('',3,(#12058,#12059,#12060,#12061),
  .UNSPECIFIED.,.F.,.F.,(4,4),(0.39946854975,1.),
  .PIECEWISE_BEZIER_KNOTS.);
#12058 = CARTESIAN_POINT('',(-2.950615458119,13.3,4.496514271819));
#12059 = CARTESIAN_POINT('',(-2.646864492234,13.3,4.702681658104));
#12060 = CARTESIAN_POINT('',(-2.334372751061,13.3,4.85));
#12061 = CARTESIAN_POINT('',(-2.,13.3,4.85));
#12062 = ORIENTED_EDGE('',*,*,#12023,.T.);
#12063 = ORIENTED_EDGE('',*,*,#6228,.T.);
#12064 = ORIENTED_EDGE('',*,*,#12065,.F.);
#12065 = EDGE_CURVE('',#9677,#6231,#12066,.T.);
#12066 = LINE('',#12067,#12068);
#12067 = CARTESIAN_POINT('',(-2.,13.3,4.35));
#12068 = VECTOR('',#12069,1.);
#12069 = DIRECTION('',(1.,-0.,-3.469446951954E-15));
#12070 = ORIENTED_EDGE('',*,*,#9676,.F.);
#12071 = ORIENTED_EDGE('',*,*,#9523,.F.);
#12072 = ORIENTED_EDGE('',*,*,#12073,.F.);
#12073 = EDGE_CURVE('',#12038,#9515,#12074,.T.);
#12074 = LINE('',#12075,#12076);
#12075 = CARTESIAN_POINT('',(-2.,13.3,4.35));
#12076 = VECTOR('',#12077,1.);
#12077 = DIRECTION('',(1.,-0.,-3.469446951954E-15));
#12078 = PLANE('',#12079);
#12079 = AXIS2_PLACEMENT_3D('',#12080,#12081,#12082);
#12080 = CARTESIAN_POINT('',(-2.,13.3,4.85));
#12081 = DIRECTION('',(0.,-1.,0.));
#12082 = DIRECTION('',(0.,-0.,-1.));
#12083 = ADVANCED_FACE('',(#12084),#12105,.F.);
#12084 = FACE_BOUND('',#12085,.T.);
#12085 = EDGE_LOOP('',(#12086,#12087,#12095,#12101,#12102,#12103,#12104)
  );
#12086 = ORIENTED_EDGE('',*,*,#6993,.T.);
#12087 = ORIENTED_EDGE('',*,*,#12088,.T.);
#12088 = EDGE_CURVE('',#6994,#12089,#12091,.T.);
#12089 = VERTEX_POINT('',#12090);
#12090 = CARTESIAN_POINT('',(-2.,7.454700538379,4.35));
#12091 = LINE('',#12092,#12093);
#12092 = CARTESIAN_POINT('',(-2.,7.454700538379,4.35));
#12093 = VECTOR('',#12094,1.);
#12094 = DIRECTION('',(-0.866025403784,0.5,3.004629197474E-15));
#12095 = ORIENTED_EDGE('',*,*,#12096,.F.);
#12096 = EDGE_CURVE('',#12038,#12089,#12097,.T.);
#12097 = LINE('',#12098,#12099);
#12098 = CARTESIAN_POINT('',(-2.,6.3,4.35));
#12099 = VECTOR('',#12100,1.);
#12100 = DIRECTION('',(-0.,-1.,-0.));
#12101 = ORIENTED_EDGE('',*,*,#12073,.T.);
#12102 = ORIENTED_EDGE('',*,*,#9512,.F.);
#12103 = ORIENTED_EDGE('',*,*,#9685,.F.);
#12104 = ORIENTED_EDGE('',*,*,#12065,.T.);
#12105 = PLANE('',#12106);
#12106 = AXIS2_PLACEMENT_3D('',#12107,#12108,#12109);
#12107 = CARTESIAN_POINT('',(-2.,6.3,4.35));
#12108 = DIRECTION('',(3.469446951954E-15,-0.,1.));
#12109 = DIRECTION('',(1.,0.,-3.469446951954E-15));
#12110 = ADVANCED_FACE('',(#12111),#12122,.T.);
#12111 = FACE_BOUND('',#12112,.T.);
#12112 = EDGE_LOOP('',(#12113,#12114,#12115,#12116));
#12113 = ORIENTED_EDGE('',*,*,#12088,.F.);
#12114 = ORIENTED_EDGE('',*,*,#7813,.T.);
#12115 = ORIENTED_EDGE('',*,*,#12016,.F.);
#12116 = ORIENTED_EDGE('',*,*,#12117,.F.);
#12117 = EDGE_CURVE('',#12089,#12007,#12118,.T.);
#12118 = LINE('',#12119,#12120);
#12119 = CARTESIAN_POINT('',(-2.,7.454700538379,1.987073793421E-14));
#12120 = VECTOR('',#12121,1.);
#12121 = DIRECTION('',(3.469446951954E-15,-1.734723475977E-15,1.));
#12122 = PLANE('',#12123);
#12123 = AXIS2_PLACEMENT_3D('',#12124,#12125,#12126);
#12124 = CARTESIAN_POINT('',(-2.,7.454700538379,1.987073793421E-14));
#12125 = DIRECTION('',(-0.5,-0.866025403784,2.324088772396E-16));
#12126 = DIRECTION('',(-3.469446951954E-15,1.734723475977E-15,-1.));
#12127 = ADVANCED_FACE('',(#12128),#12172,.T.);
#12128 = FACE_BOUND('',#12129,.T.);
#12129 = EDGE_LOOP('',(#12130,#12140,#12148,#12156));
#12130 = ORIENTED_EDGE('',*,*,#12131,.T.);
#12131 = EDGE_CURVE('',#12132,#12134,#12136,.T.);
#12132 = VERTEX_POINT('',#12133);
#12133 = CARTESIAN_POINT('',(-3.549038105677,10.449641559883,
    4.033012701892));
#12134 = VERTEX_POINT('',#12135);
#12135 = CARTESIAN_POINT('',(-3.549038105677,12.55,4.033012701892));
#12136 = LINE('',#12137,#12138);
#12137 = CARTESIAN_POINT('',(-3.549038105677,13.3,4.033012701892));
#12138 = VECTOR('',#12139,1.);
#12139 = DIRECTION('',(-0.,1.,-0.));
#12140 = ORIENTED_EDGE('',*,*,#12141,.T.);
#12141 = EDGE_CURVE('',#12134,#12142,#12144,.T.);
#12142 = VERTEX_POINT('',#12143);
#12143 = CARTESIAN_POINT('',(-3.299038105677,12.55,3.6));
#12144 = LINE('',#12145,#12146);
#12145 = CARTESIAN_POINT('',(-3.299038105677,12.55,3.6));
#12146 = VECTOR('',#12147,1.);
#12147 = DIRECTION('',(0.5,0.,-0.866025403784));
#12148 = ORIENTED_EDGE('',*,*,#12149,.T.);
#12149 = EDGE_CURVE('',#12142,#12150,#12152,.T.);
#12150 = VERTEX_POINT('',#12151);
#12151 = CARTESIAN_POINT('',(-3.299038105677,10.417718961017,3.6));
#12152 = LINE('',#12153,#12154);
#12153 = CARTESIAN_POINT('',(-3.299038105677,13.3,3.6));
#12154 = VECTOR('',#12155,1.);
#12155 = DIRECTION('',(0.,-1.,0.));
#12156 = ORIENTED_EDGE('',*,*,#12157,.T.);
#12157 = EDGE_CURVE('',#12150,#12132,#12158,.T.);
#12158 = B_SPLINE_CURVE_WITH_KNOTS('',3,(#12159,#12160,#12161,#12162,
    #12163,#12164,#12165,#12166,#12167,#12168,#12169,#12170,#12171),
  .UNSPECIFIED.,.F.,.F.,(4,3,3,3,4),(0.,7.216827857082E-05,
    2.446702361552E-04,4.29462844694E-04,5.010180929782E-04),
  .UNSPECIFIED.);
#12159 = CARTESIAN_POINT('',(-3.299038105677,10.417718961017,3.6));
#12160 = CARTESIAN_POINT('',(-3.311041088986,10.419271111229,
    3.620789776933));
#12161 = CARTESIAN_POINT('',(-3.32304412949,10.420821493971,
    3.641579652932));
#12162 = CARTESIAN_POINT('',(-3.335047245071,10.422369547241,
    3.662369658968));
#12163 = CARTESIAN_POINT('',(-3.363737978812,10.426069818547,
    3.712063467513));
#12164 = CARTESIAN_POINT('',(-3.39242914585,10.429756706022,
    3.761758026552));
#12165 = CARTESIAN_POINT('',(-3.421120967327,10.433423085641,
    3.811453719112));
#12166 = CARTESIAN_POINT('',(-3.451857061668,10.437350692325,
    3.864690196136));
#12167 = CARTESIAN_POINT('',(-3.482593926048,10.441254242748,
    3.917928006907));
#12168 = CARTESIAN_POINT('',(-3.513331405596,10.445138245802,
    3.971166883181));
#12169 = CARTESIAN_POINT('',(-3.525233548821,10.446642206482,
    3.991781999967));
#12170 = CARTESIAN_POINT('',(-3.537135784803,10.448143233326,
    4.012397277412));
#12171 = CARTESIAN_POINT('',(-3.549038105677,10.449641559883,
    4.033012701892));
#12172 = PLANE('',#12173);
#12173 = AXIS2_PLACEMENT_3D('',#12174,#12175,#12176);
#12174 = CARTESIAN_POINT('',(-0.915432852445,0.,-0.528525403784));
#12175 = DIRECTION('',(-0.866025403784,0.,-0.5));
#12176 = DIRECTION('',(-0.5,0.,0.866025403784));
#12177 = ADVANCED_FACE('',(#12178),#12210,.T.);
#12178 = FACE_BOUND('',#12179,.T.);
#12179 = EDGE_LOOP('',(#12180,#12181,#12192,#12193,#12194,#12203));
#12180 = ORIENTED_EDGE('',*,*,#12149,.F.);
#12181 = ORIENTED_EDGE('',*,*,#12182,.T.);
#12182 = EDGE_CURVE('',#12142,#12040,#12183,.T.);
#12183 = B_SPLINE_CURVE_WITH_KNOTS('',3,(#12184,#12185,#12186,#12187,
    #12188,#12189,#12190,#12191),.UNSPECIFIED.,.F.,.F.,(4,2,2,4),(0.,
    2.949391448083E-04,5.898782896167E-04,1.179756579233E-03),
  .UNSPECIFIED.);
#12184 = CARTESIAN_POINT('',(-3.299038105677,12.55,3.6));
#12185 = CARTESIAN_POINT('',(-3.299038105677,12.649754463272,3.6));
#12186 = CARTESIAN_POINT('',(-3.284376248253,12.747633739359,
    3.614275767479));
#12187 = CARTESIAN_POINT('',(-3.22744396676,12.929444698964,
    3.667223183463));
#12188 = CARTESIAN_POINT('',(-3.185161741475,13.012501833827,
    3.705961463382));
#12189 = CARTESIAN_POINT('',(-3.027008831393,13.218787532918,
    3.846060501884));
#12190 = CARTESIAN_POINT('',(-2.878647705686,13.299999999973,
    3.974158204096));
#12191 = CARTESIAN_POINT('',(-2.714319976251,13.3,4.087238491607));
#12192 = ORIENTED_EDGE('',*,*,#12037,.F.);
#12193 = ORIENTED_EDGE('',*,*,#12096,.T.);
#12194 = ORIENTED_EDGE('',*,*,#12195,.T.);
#12195 = EDGE_CURVE('',#12089,#12196,#12198,.T.);
#12196 = VERTEX_POINT('',#12197);
#12197 = CARTESIAN_POINT('',(-3.277900301608,10.189003182193,
    3.63536233224));
#12198 = B_SPLINE_CURVE_WITH_KNOTS('',3,(#12199,#12200,#12201,#12202),
  .UNSPECIFIED.,.F.,.F.,(4,4),(0.,0.968556453079),
  .PIECEWISE_BEZIER_KNOTS.);
#12199 = CARTESIAN_POINT('',(-2.,7.454700538379,4.35));
#12200 = CARTESIAN_POINT('',(-2.824520037965,7.93073740425,4.35));
#12201 = CARTESIAN_POINT('',(-3.060463635251,9.049761395304,
    3.99821189895));
#12202 = CARTESIAN_POINT('',(-3.277900301608,10.189003182193,
    3.63536233224));
#12203 = ORIENTED_EDGE('',*,*,#12204,.T.);
#12204 = EDGE_CURVE('',#12196,#12150,#12205,.T.);
#12205 = B_SPLINE_CURVE_WITH_KNOTS('',3,(#12206,#12207,#12208,#12209),
  .UNSPECIFIED.,.F.,.F.,(4,4),(0.,2.323966626003E-04),
  .PIECEWISE_BEZIER_KNOTS.);
#12206 = CARTESIAN_POINT('',(-3.277900301608,10.189003182193,
    3.63536233224));
#12207 = CARTESIAN_POINT('',(-3.291981585758,10.262780929002,
    3.611864051391));
#12208 = CARTESIAN_POINT('',(-3.299038105677,10.33900669921,3.6));
#12209 = CARTESIAN_POINT('',(-3.299038105677,10.417718961017,3.6));
#12210 = B_SPLINE_SURFACE_WITH_KNOTS('',3,3,(
    (#12211,#12212,#12213,#12214)
    ,(#12215,#12216,#12217,#12218)
    ,(#12219,#12220,#12221,#12222)
    ,(#12223,#12224,#12225,#12226)
    ,(#12227,#12228,#12229,#12230
    )),.UNSPECIFIED.,.F.,.F.,.F.,(4,1,4),(4,4),(0.,0.5,1.),(0.,1.),
  .UNSPECIFIED.);
#12211 = CARTESIAN_POINT('',(-2.,13.3,4.35));
#12212 = CARTESIAN_POINT('',(-2.473205080757,13.3,4.35));
#12213 = CARTESIAN_POINT('',(-2.886121593217,13.3,3.975));
#12214 = CARTESIAN_POINT('',(-3.299038105677,13.3,3.6));
#12215 = CARTESIAN_POINT('',(-2.,12.325783423063,4.35));
#12216 = CARTESIAN_POINT('',(-2.509298355732,12.366336696566,4.35));
#12217 = CARTESIAN_POINT('',(-2.904168230704,12.583168348283,3.975));
#12218 = CARTESIAN_POINT('',(-3.299038105677,12.8,3.6));
#12219 = CARTESIAN_POINT('',(-2.,10.37735026919,4.35));
#12220 = CARTESIAN_POINT('',(-2.581484905681,10.499010089698,4.35));
#12221 = CARTESIAN_POINT('',(-2.940261505679,11.149505044849,3.975));
#12222 = CARTESIAN_POINT('',(-3.299038105677,11.8,3.6));
#12223 = CARTESIAN_POINT('',(-2.,8.428917115316,4.35));
#12224 = CARTESIAN_POINT('',(-2.761353326958,8.797131114811,4.35));
#12225 = CARTESIAN_POINT('',(-3.030195716317,9.798565557406,3.975));
#12226 = CARTESIAN_POINT('',(-3.299038105677,10.8,3.6));
#12227 = CARTESIAN_POINT('',(-2.,7.454700538379,4.35));
#12228 = CARTESIAN_POINT('',(-2.851287537597,7.946191627368,4.35));
#12229 = CARTESIAN_POINT('',(-3.075162821637,9.123095813684,3.975));
#12230 = CARTESIAN_POINT('',(-3.299038105677,10.3,3.6));
#12231 = ADVANCED_FACE('',(#12232),#12264,.T.);
#12232 = FACE_BOUND('',#12233,.T.);
#12233 = EDGE_LOOP('',(#12234,#12235,#12246,#12247,#12256,#12263));
#12234 = ORIENTED_EDGE('',*,*,#12056,.F.);
#12235 = ORIENTED_EDGE('',*,*,#12236,.T.);
#12236 = EDGE_CURVE('',#12049,#12134,#12237,.T.);
#12237 = B_SPLINE_CURVE_WITH_KNOTS('',3,(#12238,#12239,#12240,#12241,
    #12242,#12243,#12244,#12245),.UNSPECIFIED.,.F.,.F.,(4,2,2,4),(0.,
    2.94162930622E-04,5.883258612441E-04,1.176651722488E-03),
  .UNSPECIFIED.);
#12238 = CARTESIAN_POINT('',(-2.950615458119,13.3,4.496514271819));
#12239 = CARTESIAN_POINT('',(-3.032935478737,13.3,4.44064052768));
#12240 = CARTESIAN_POINT('',(-3.11156722872,13.280481760045,
    4.382844189162));
#12241 = CARTESIAN_POINT('',(-3.256765408405,13.205521267457,
    4.272065493141));
#12242 = CARTESIAN_POINT('',(-3.322363432076,13.150140014208,
    4.219834462718));
#12243 = CARTESIAN_POINT('',(-3.485620957362,12.943422269477,
    4.087756181286));
#12244 = CARTESIAN_POINT('',(-3.549038105677,12.748988646143,
    4.033012701892));
#12245 = CARTESIAN_POINT('',(-3.549038105677,12.55,4.033012701892));
#12246 = ORIENTED_EDGE('',*,*,#12131,.F.);
#12247 = ORIENTED_EDGE('',*,*,#12248,.T.);
#12248 = EDGE_CURVE('',#12132,#12249,#12251,.T.);
#12249 = VERTEX_POINT('',#12250);
#12250 = CARTESIAN_POINT('',(-3.510622547059,10.162887873137,
    4.081142147477));
#12251 = B_SPLINE_CURVE_WITH_KNOTS('',3,(#12252,#12253,#12254,#12255),
  .UNSPECIFIED.,.F.,.F.,(4,4),(0.,2.935573297938E-04),
  .PIECEWISE_BEZIER_KNOTS.);
#12252 = CARTESIAN_POINT('',(-3.549038105677,10.449641559883,
    4.033012701892));
#12253 = CARTESIAN_POINT('',(-3.549038105677,10.350382278604,
    4.033012701892));
#12254 = CARTESIAN_POINT('',(-3.536050251108,10.253428503562,
    4.049374942547));
#12255 = CARTESIAN_POINT('',(-3.510622547059,10.162887873137,
    4.081142147477));
#12256 = ORIENTED_EDGE('',*,*,#12257,.F.);
#12257 = EDGE_CURVE('',#12007,#12249,#12258,.T.);
#12258 = B_SPLINE_CURVE_WITH_KNOTS('',3,(#12259,#12260,#12261,#12262),
  .UNSPECIFIED.,.F.,.F.,(4,4),(0.,0.960705852216),
  .PIECEWISE_BEZIER_KNOTS.);
#12259 = CARTESIAN_POINT('',(-2.,7.454700538379,4.85));
#12260 = CARTESIAN_POINT('',(-2.862585803174,7.952714684041,4.85));
#12261 = CARTESIAN_POINT('',(-3.196981563909,9.046103900578,
    4.472978444106));
#12262 = CARTESIAN_POINT('',(-3.510622547059,10.162887873137,
    4.081142147477));
#12263 = ORIENTED_EDGE('',*,*,#12006,.T.);
#12264 = B_SPLINE_SURFACE_WITH_KNOTS('',3,3,(
    (#12265,#12266,#12267,#12268)
    ,(#12269,#12270,#12271,#12272)
    ,(#12273,#12274,#12275,#12276)
    ,(#12277,#12278,#12279,#12280)
    ,(#12281,#12282,#12283,#12284
    )),.UNSPECIFIED.,.F.,.F.,.F.,(4,1,4),(4,4),(0.,0.5,1.),(0.,1.),
  .UNSPECIFIED.);
#12265 = CARTESIAN_POINT('',(-2.,7.454700538379,4.85));
#12266 = CARTESIAN_POINT('',(-2.897866710382,7.973084125315,4.85));
#12267 = CARTESIAN_POINT('',(-3.223452408029,9.136542062657,
    4.441506350946));
#12268 = CARTESIAN_POINT('',(-3.549038105677,10.3,4.033012701892));
#12269 = CARTESIAN_POINT('',(-2.,8.428917115316,4.85));
#12270 = CARTESIAN_POINT('',(-2.815360813792,8.821875652665,4.85));
#12271 = CARTESIAN_POINT('',(-3.182199459734,9.810937826333,
    4.441506350946));
#12272 = CARTESIAN_POINT('',(-3.549038105677,10.8,4.033012701892));
#12273 = CARTESIAN_POINT('',(-2.,10.37735026919,4.85));
#12274 = CARTESIAN_POINT('',(-2.650349020613,10.519458707367,4.85));
#12275 = CARTESIAN_POINT('',(-3.099693563145,11.159729353683,
    4.441506350946));
#12276 = CARTESIAN_POINT('',(-3.549038105677,11.8,4.033012701892));
#12277 = CARTESIAN_POINT('',(-2.,12.325783423063,4.85));
#12278 = CARTESIAN_POINT('',(-2.587979498381,12.373152902456,4.85));
#12279 = CARTESIAN_POINT('',(-3.068508802029,12.586576451228,
    4.441506350946));
#12280 = CARTESIAN_POINT('',(-3.549038105677,12.8,4.033012701892));
#12281 = CARTESIAN_POINT('',(-2.,13.3,4.85));
#12282 = CARTESIAN_POINT('',(-2.556794737266,13.3,4.85));
#12283 = CARTESIAN_POINT('',(-3.052916421471,13.3,4.441506350946));
#12284 = CARTESIAN_POINT('',(-3.549038105677,13.3,4.033012701892));
#12285 = ADVANCED_FACE('',(#12286),#12313,.T.);
#12286 = FACE_BOUND('',#12287,.T.);
#12287 = EDGE_LOOP('',(#12288,#12289,#12311,#12312));
#12288 = ORIENTED_EDGE('',*,*,#12257,.T.);
#12289 = ORIENTED_EDGE('',*,*,#12290,.T.);
#12290 = EDGE_CURVE('',#12249,#12196,#12291,.T.);
#12291 = B_SPLINE_CURVE_WITH_KNOTS('',3,(#12292,#12293,#12294,#12295,
    #12296,#12297,#12298,#12299,#12300,#12301,#12302,#12303,#12304,
    #12305,#12306,#12307,#12308,#12309,#12310),.UNSPECIFIED.,.F.,.F.,(4,
    3,3,3,3,3,4),(-6.00000000017E-08,0.,7.640372085377E-05,
    2.623977078693E-04,4.360916538939E-04,5.034310863103E-04,
    5.034910863103E-04),.UNSPECIFIED.);
#12292 = CARTESIAN_POINT('',(-3.510622547059,10.162887873137,
    4.081142147477));
#12293 = CARTESIAN_POINT('',(-3.510613369312,10.162888845901,
    4.081124404234));
#12294 = CARTESIAN_POINT('',(-3.510604191555,10.162889818665,
    4.081106660995));
#12295 = CARTESIAN_POINT('',(-3.510595013792,10.162890791441,
    4.081088917761));
#12296 = CARTESIAN_POINT('',(-3.498908093187,10.164129519523,
    4.058494765332));
#12297 = CARTESIAN_POINT('',(-3.487209116305,10.165380809551,
    4.035907529825));
#12298 = CARTESIAN_POINT('',(-3.475497902379,10.166644731568,
    4.013327355911));
#12299 = CARTESIAN_POINT('',(-3.446988658361,10.169721565568,
    3.958359212373));
#12300 = CARTESIAN_POINT('',(-3.418406942966,10.172873439274,
    3.903432734695));
#12301 = CARTESIAN_POINT('',(-3.389749695171,10.176101144696,
    3.848550271444));
#12302 = CARTESIAN_POINT('',(-3.362987586335,10.179115397999,
    3.797297252828));
#12303 = CARTESIAN_POINT('',(-3.336158659804,10.182194315567,
    3.746082822896));
#12304 = CARTESIAN_POINT('',(-3.309254348605,10.185329194707,
    3.694911554774));
#12305 = CARTESIAN_POINT('',(-3.298823798327,10.186544558083,
    3.67507293185));
#12306 = CARTESIAN_POINT('',(-3.288381917396,10.187768315206,
    3.65524077429));
#12307 = CARTESIAN_POINT('',(-3.277928244563,10.188999890139,
    3.635415326143));
#12308 = CARTESIAN_POINT('',(-3.277918930254,10.189000987483,
    3.635397661503));
#12309 = CARTESIAN_POINT('',(-3.277909615936,10.189002084835,
    3.635379996869));
#12310 = CARTESIAN_POINT('',(-3.277900301608,10.189003182193,
    3.63536233224));
#12311 = ORIENTED_EDGE('',*,*,#12195,.F.);
#12312 = ORIENTED_EDGE('',*,*,#12117,.T.);
#12313 = B_SPLINE_SURFACE_WITH_KNOTS('',3,3,(
    (#12314,#12315,#12316,#12317)
    ,(#12318,#12319,#12320,#12321)
    ,(#12322,#12323,#12324,#12325)
    ,(#12326,#12327,#12328,#12329)
    ,(#12330,#12331,#12332,#12333
    )),.UNSPECIFIED.,.F.,.F.,.F.,(4,1,4),(4,4),(0.,0.5,1.),(0.,1.),
  .UNSPECIFIED.);
#12314 = CARTESIAN_POINT('',(-2.,7.454700538379,4.35));
#12315 = CARTESIAN_POINT('',(-2.851287537597,7.946191627368,4.35));
#12316 = CARTESIAN_POINT('',(-3.075162821637,9.123095813684,3.975));
#12317 = CARTESIAN_POINT('',(-3.299038105677,10.3,3.6));
#12318 = CARTESIAN_POINT('',(-2.,7.454700538379,4.433333333333));
#12319 = CARTESIAN_POINT('',(-2.858880762464,7.95057557779,
    4.433333333333));
#12320 = CARTESIAN_POINT('',(-3.099792767404,9.125287788895,
    4.052751058491));
#12321 = CARTESIAN_POINT('',(-3.340704772343,10.3,3.672168783649));
#12322 = CARTESIAN_POINT('',(-2.,7.454700538379,4.6));
#12323 = CARTESIAN_POINT('',(-2.874067212198,7.959343478632,4.6));
#12324 = CARTESIAN_POINT('',(-3.149052658938,9.129671739316,
    4.208253175473));
#12325 = CARTESIAN_POINT('',(-3.424038105677,10.3,3.816506350946));
#12326 = CARTESIAN_POINT('',(-2.,7.454700538379,4.766666666667));
#12327 = CARTESIAN_POINT('',(-2.889933544321,7.968503909754,
    4.766666666667));
#12328 = CARTESIAN_POINT('',(-3.198652491665,9.134251954877,
    4.363755292455));
#12329 = CARTESIAN_POINT('',(-3.50737143901,10.3,3.960843918244));
#12330 = CARTESIAN_POINT('',(-2.,7.454700538379,4.85));
#12331 = CARTESIAN_POINT('',(-2.897866710382,7.973084125315,4.85));
#12332 = CARTESIAN_POINT('',(-3.223452408029,9.136542062657,
    4.441506350946));
#12333 = CARTESIAN_POINT('',(-3.549038105677,10.3,4.033012701892));
#12334 = ADVANCED_FACE('',(#12335),#12341,.T.);
#12335 = FACE_BOUND('',#12336,.T.);
#12336 = EDGE_LOOP('',(#12337,#12338,#12339,#12340));
#12337 = ORIENTED_EDGE('',*,*,#12236,.F.);
#12338 = ORIENTED_EDGE('',*,*,#12048,.F.);
#12339 = ORIENTED_EDGE('',*,*,#12182,.F.);
#12340 = ORIENTED_EDGE('',*,*,#12141,.F.);
#12341 = CYLINDRICAL_SURFACE('',#12342,0.75);
#12342 = AXIS2_PLACEMENT_3D('',#12343,#12344,#12345);
#12343 = CARTESIAN_POINT('',(-0.265913799607,12.55,-0.153525403784));
#12344 = DIRECTION('',(-0.5,0.,0.866025403784));
#12345 = DIRECTION('',(0.866025403784,0.,0.5));
#12346 = ADVANCED_FACE('',(#12347),#12353,.T.);
#12347 = FACE_BOUND('',#12348,.T.);
#12348 = EDGE_LOOP('',(#12349,#12350,#12351,#12352));
#12349 = ORIENTED_EDGE('',*,*,#12204,.F.);
#12350 = ORIENTED_EDGE('',*,*,#12290,.F.);
#12351 = ORIENTED_EDGE('',*,*,#12248,.F.);
#12352 = ORIENTED_EDGE('',*,*,#12157,.F.);
#12353 = ( BOUNDED_SURFACE() B_SPLINE_SURFACE(3,2,(
    (#12354,#12355,#12356)
    ,(#12357,#12358,#12359)
    ,(#12360,#12361,#12362)
    ,(#12363,#12364,#12365
)),.UNSPECIFIED.,.F.,.F.,.F.) B_SPLINE_SURFACE_WITH_KNOTS((4,4),(3,3),(
    1.792504834725E-03,2.307444655899E-03),(0.,1.),
.PIECEWISE_BEZIER_KNOTS.) GEOMETRIC_REPRESENTATION_ITEM() 
RATIONAL_B_SPLINE_SURFACE((
    (1.,0.988083464759,1.)
    ,(1.,0.98585989366,1.)
    ,(1.,0.983365926492,1.)
,(1.,0.980654369962,1.))) REPRESENTATION_ITEM('') SURFACE() );
#12354 = CARTESIAN_POINT('',(-3.272405888605,10.189651100133,
    3.624944846922));
#12355 = CARTESIAN_POINT('',(-3.2995902298,10.300714866045,
    3.600956307034));
#12356 = CARTESIAN_POINT('',(-3.295820347565,10.417302817836,
    3.594426679464));
#12357 = CARTESIAN_POINT('',(-3.352980852483,10.180140677322,
    3.777676904623));
#12358 = CARTESIAN_POINT('',(-3.385770095459,10.300724752414,
    3.750224212945));
#12359 = CARTESIAN_POINT('',(-3.381464775868,10.428380100123,
    3.74276718067));
#12360 = CARTESIAN_POINT('',(-3.432763779986,10.171134186291,
    3.930602218837));
#12361 = CARTESIAN_POINT('',(-3.471749135018,10.300716950933,
    3.899144277847));
#12362 = CARTESIAN_POINT('',(-3.467113167759,10.439332395094,
    3.891114547012));
#12363 = CARTESIAN_POINT('',(-3.512032455121,10.162738489419,
    4.083868054984));
#12364 = CARTESIAN_POINT('',(-3.557467523283,10.300699705164,
    4.047612881464));
#12365 = CARTESIAN_POINT('',(-3.552767129651,10.450110900443,
    4.039471560879));
#12366 = MANIFOLD_SOLID_BREP('',#12367);
#12367 = CLOSED_SHELL('',(#12368,#12500,#12622,#12762,#12804,#12846,
    #12888,#12919,#12959,#12992,#13023,#13112,#13134,#13328,#13341,
    #13365,#13383,#13401,#13419,#13437,#13455,#13473,#13485,#13503,
    #13521,#13533,#13551,#13569,#13581,#13990,#14397));
#12368 = ADVANCED_FACE('',(#12369,#12439),#12495,.F.);
#12369 = FACE_BOUND('',#12370,.T.);
#12370 = EDGE_LOOP('',(#12371,#12381,#12390,#12398,#12407,#12415,#12424,
    #12432));
#12371 = ORIENTED_EDGE('',*,*,#12372,.T.);
#12372 = EDGE_CURVE('',#12373,#12375,#12377,.T.);
#12373 = VERTEX_POINT('',#12374);
#12374 = CARTESIAN_POINT('',(5.183408009796,0.51,-4.401395392826));
#12375 = VERTEX_POINT('',#12376);
#12376 = CARTESIAN_POINT('',(3.506304132118,0.51,-1.818881890913));
#12377 = LINE('',#12378,#12379);
#12378 = CARTESIAN_POINT('',(1.635407607494,0.51,1.062046118279));
#12379 = VECTOR('',#12380,1.);
#12380 = DIRECTION('',(-0.544639035015,0.,0.838670567945));
#12381 = ORIENTED_EDGE('',*,*,#12382,.T.);
#12382 = EDGE_CURVE('',#12375,#12383,#12385,.T.);
#12383 = VERTEX_POINT('',#12384);
#12384 = CARTESIAN_POINT('',(-0.235488917131,0.51,3.942974127471));
#12385 = CIRCLE('',#12386,3.95);
#12386 = AXIS2_PLACEMENT_3D('',#12387,#12388,#12389);
#12387 = CARTESIAN_POINT('',(-4.336808689942E-15,0.51,
    -1.387778780781E-14));
#12388 = DIRECTION('',(0.,-1.,0.));
#12389 = DIRECTION('',(0.,0.,1.));
#12390 = ORIENTED_EDGE('',*,*,#12391,.T.);
#12391 = EDGE_CURVE('',#12383,#12392,#12394,.T.);
#12392 = VERTEX_POINT('',#12393);
#12393 = CARTESIAN_POINT('',(-1.912592794808,0.51,6.525487629384));
#12394 = LINE('',#12395,#12396);
#12395 = CARTESIAN_POINT('',(1.635407607494,0.51,1.062046118279));
#12396 = VECTOR('',#12397,1.);
#12397 = DIRECTION('',(-0.544639035015,0.,0.838670567945));
#12398 = ORIENTED_EDGE('',*,*,#12399,.T.);
#12399 = EDGE_CURVE('',#12392,#12400,#12402,.T.);
#12400 = VERTEX_POINT('',#12401);
#12401 = CARTESIAN_POINT('',(-5.183408009796,0.51,4.401395392826));
#12402 = CIRCLE('',#12403,6.8);
#12403 = AXIS2_PLACEMENT_3D('',#12404,#12405,#12406);
#12404 = CARTESIAN_POINT('',(-4.336808689942E-15,0.51,
    -1.387778780781E-14));
#12405 = DIRECTION('',(0.,-1.,0.));
#12406 = DIRECTION('',(0.,0.,1.));
#12407 = ORIENTED_EDGE('',*,*,#12408,.T.);
#12408 = EDGE_CURVE('',#12400,#12409,#12411,.T.);
#12409 = VERTEX_POINT('',#12410);
#12410 = CARTESIAN_POINT('',(-3.506304132118,0.51,1.818881890913));
#12411 = LINE('',#12412,#12413);
#12412 = CARTESIAN_POINT('',(-1.635407607494,0.51,-1.062046118279));
#12413 = VECTOR('',#12414,1.);
#12414 = DIRECTION('',(0.544639035015,0.,-0.838670567945));
#12415 = ORIENTED_EDGE('',*,*,#12416,.T.);
#12416 = EDGE_CURVE('',#12409,#12417,#12419,.T.);
#12417 = VERTEX_POINT('',#12418);
#12418 = CARTESIAN_POINT('',(0.235488917131,0.51,-3.942974127471));
#12419 = CIRCLE('',#12420,3.95);
#12420 = AXIS2_PLACEMENT_3D('',#12421,#12422,#12423);
#12421 = CARTESIAN_POINT('',(-4.336808689942E-15,0.51,
    -1.387778780781E-14));
#12422 = DIRECTION('',(0.,-1.,0.));
#12423 = DIRECTION('',(0.,0.,1.));
#12424 = ORIENTED_EDGE('',*,*,#12425,.T.);
#12425 = EDGE_CURVE('',#12417,#12426,#12428,.T.);
#12426 = VERTEX_POINT('',#12427);
#12427 = CARTESIAN_POINT('',(1.912592794808,0.51,-6.525487629384));
#12428 = LINE('',#12429,#12430);
#12429 = CARTESIAN_POINT('',(-1.635407607494,0.51,-1.062046118279));
#12430 = VECTOR('',#12431,1.);
#12431 = DIRECTION('',(0.544639035015,0.,-0.838670567945));
#12432 = ORIENTED_EDGE('',*,*,#12433,.T.);
#12433 = EDGE_CURVE('',#12426,#12373,#12434,.T.);
#12434 = CIRCLE('',#12435,6.8);
#12435 = AXIS2_PLACEMENT_3D('',#12436,#12437,#12438);
#12436 = CARTESIAN_POINT('',(-4.336808689942E-15,0.51,
    -1.387778780781E-14));
#12437 = DIRECTION('',(-0.,-1.,0.));
#12438 = DIRECTION('',(-2.6645352591E-15,0.,1.));
#12439 = FACE_BOUND('',#12440,.T.);
#12440 = EDGE_LOOP('',(#12441,#12454,#12477,#12488));
#12441 = ORIENTED_EDGE('',*,*,#12442,.F.);
#12442 = EDGE_CURVE('',#12443,#12445,#12447,.T.);
#12443 = VERTEX_POINT('',#12444);
#12444 = CARTESIAN_POINT('',(-2.809763304569,0.51,1.163842040287));
#12445 = VERTEX_POINT('',#12446);
#12446 = CARTESIAN_POINT('',(-2.933012701892,0.51,-8.372307674278E-14));
#12447 = B_SPLINE_CURVE_WITH_KNOTS('',3,(#12448,#12449,#12450,#12451,
    #12452,#12453),.UNSPECIFIED.,.F.,.F.,(4,2,4),(5.861801387087E-16,
    5.856748007624E-04,1.171349601524E-03),.UNSPECIFIED.);
#12448 = CARTESIAN_POINT('',(-2.809763304569,0.51,1.163842040287));
#12449 = CARTESIAN_POINT('',(-2.868277791311,0.51,0.974648644569));
#12450 = CARTESIAN_POINT('',(-2.907443847806,0.51,0.782900621892));
#12451 = CARTESIAN_POINT('',(-2.94866822289,0.51,0.394505138889));
#12452 = CARTESIAN_POINT('',(-2.950450376913,0.51,0.195697912619));
#12453 = CARTESIAN_POINT('',(-2.933012701892,0.51,-8.372307674278E-14));
#12454 = ORIENTED_EDGE('',*,*,#12455,.F.);
#12455 = EDGE_CURVE('',#12456,#12443,#12458,.T.);
#12456 = VERTEX_POINT('',#12457);
#12457 = CARTESIAN_POINT('',(1.163842040286,0.51,2.809763304569));
#12458 = B_SPLINE_CURVE_WITH_KNOTS('',3,(#12459,#12460,#12461,#12462,
    #12463,#12464,#12465,#12466,#12467,#12468,#12469,#12470,#12471,
    #12472,#12473,#12474,#12475,#12476),.UNSPECIFIED.,.F.,.F.,(4,2,2,2,2
    ,2,2,2,4),(0.,6.001449835418E-04,1.200289967084E-03,
    1.800434950625E-03,2.400579934167E-03,3.000724917709E-03,
    3.600869901251E-03,4.201014884793E-03,4.801159868334E-03),
  .UNSPECIFIED.);
#12459 = CARTESIAN_POINT('',(1.163842040286,0.51,2.809763304569));
#12460 = CARTESIAN_POINT('',(0.978389538917,0.51,2.886580243995));
#12461 = CARTESIAN_POINT('',(0.78569445434,0.51,2.94480553859));
#12462 = CARTESIAN_POINT('',(0.393791019545,0.51,3.022271342652));
#12463 = CARTESIAN_POINT('',(0.196659482204,0.51,3.041371468328));
#12464 = CARTESIAN_POINT('',(-0.199911957108,0.51,3.041159412084));
#12465 = CARTESIAN_POINT('',(-0.401252172432,0.51,3.021208003065));
#12466 = CARTESIAN_POINT('',(-0.790560276263,0.51,2.94341902441));
#12467 = CARTESIAN_POINT('',(-0.979949073934,0.51,2.885947456927));
#12468 = CARTESIAN_POINT('',(-1.348078964191,0.51,2.733436667998));
#12469 = CARTESIAN_POINT('',(-1.52569115141,0.51,2.638322472902));
#12470 = CARTESIAN_POINT('',(-1.854802754649,0.51,2.418302235424));
#12471 = CARTESIAN_POINT('',(-2.008484103898,0.51,2.2924967055));
#12472 = CARTESIAN_POINT('',(-2.292232948399,0.51,2.008785118078));
#12473 = CARTESIAN_POINT('',(-2.417884521162,0.51,1.855350769418));
#12474 = CARTESIAN_POINT('',(-2.638012323482,0.51,1.526231639172));
#12475 = CARTESIAN_POINT('',(-2.732946365143,0.51,1.349294541655));
#12476 = CARTESIAN_POINT('',(-2.809763304569,0.51,1.163842040287));
#12477 = ORIENTED_EDGE('',*,*,#12478,.F.);
#12478 = EDGE_CURVE('',#12479,#12456,#12481,.T.);
#12479 = VERTEX_POINT('',#12480);
#12480 = CARTESIAN_POINT('',(2.073953133274,0.51,2.073953208354));
#12481 = B_SPLINE_CURVE_WITH_KNOTS('',3,(#12482,#12483,#12484,#12485,
    #12486,#12487),.UNSPECIFIED.,.F.,.F.,(4,2,4),(4.270191480292E-03,
    4.856327449475E-03,5.442463418657E-03),.UNSPECIFIED.);
#12482 = CARTESIAN_POINT('',(2.073953133274,0.51,2.073953208354));
#12483 = CARTESIAN_POINT('',(1.948125376602,0.51,2.224398267055));
#12484 = CARTESIAN_POINT('',(1.806148138288,0.51,2.363917187986));
#12485 = CARTESIAN_POINT('',(1.50214085198,0.51,2.609576181243));
#12486 = CARTESIAN_POINT('',(1.338849468908,0.51,2.717437704426));
#12487 = CARTESIAN_POINT('',(1.163842040286,0.51,2.809763304569));
#12488 = ORIENTED_EDGE('',*,*,#12489,.T.);
#12489 = EDGE_CURVE('',#12479,#12445,#12490,.T.);
#12490 = CIRCLE('',#12491,2.933012701892);
#12491 = AXIS2_PLACEMENT_3D('',#12492,#12493,#12494);
#12492 = CARTESIAN_POINT('',(-4.336808689942E-15,0.51,
    -1.387778780781E-14));
#12493 = DIRECTION('',(0.,1.,0.));
#12494 = DIRECTION('',(0.,-0.,1.));
#12495 = PLANE('',#12496);
#12496 = AXIS2_PLACEMENT_3D('',#12497,#12498,#12499);
#12497 = CARTESIAN_POINT('',(-4.336808689942E-15,0.51,
    -1.387778780781E-14));
#12498 = DIRECTION('',(0.,1.,0.));
#12499 = DIRECTION('',(0.,-0.,1.));
#12500 = ADVANCED_FACE('',(#12501),#12617,.F.);
#12501 = FACE_BOUND('',#12502,.F.);
#12502 = EDGE_LOOP('',(#12503,#12570,#12571,#12610));
#12503 = ORIENTED_EDGE('',*,*,#12504,.F.);
#12504 = EDGE_CURVE('',#12479,#12505,#12507,.T.);
#12505 = VERTEX_POINT('',#12506);
#12506 = CARTESIAN_POINT('',(1.76776692097,1.26,1.767766984963));
#12507 = B_SPLINE_CURVE_WITH_KNOTS('',3,(#12508,#12509,#12510,#12511,
    #12512,#12513,#12514,#12515,#12516,#12517,#12518,#12519,#12520,
    #12521,#12522,#12523,#12524,#12525,#12526,#12527,#12528,#12529,
    #12530,#12531,#12532,#12533,#12534,#12535,#12536,#12537,#12538,
    #12539,#12540,#12541,#12542,#12543,#12544,#12545,#12546,#12547,
    #12548,#12549,#12550,#12551,#12552,#12553,#12554,#12555,#12556,
    #12557,#12558,#12559,#12560,#12561,#12562,#12563,#12564,#12565,
    #12566,#12567,#12568,#12569),.UNSPECIFIED.,.F.,.F.,(4,2,2,2,2,2,2,2,
    2,2,2,2,2,2,2,2,2,2,2,2,2,2,2,2,2,2,2,2,2,2,4),(0.,
    5.311595454339E-04,1.062319090868E-03,1.593478636302E-03,
    2.124638181736E-03,2.65579772717E-03,3.186957272604E-03,
    3.718116818037E-03,4.249276363471E-03,4.780435908905E-03,
    5.311595454339E-03,6.373914545207E-03,6.905074090641E-03,
    7.436233636075E-03,7.967393181509E-03,8.498552726943E-03,
    9.029712272377E-03,9.560871817811E-03,1.009203136324E-02,
    1.062319090868E-02,1.115435045411E-02,1.168550999955E-02,
    1.274782909041E-02,1.327898863585E-02,1.381014818128E-02,
    1.434130772672E-02,1.487246727215E-02,1.540362681758E-02,
    1.593478636302E-02,1.646594590845E-02,1.699710545389E-02),
  .UNSPECIFIED.);
#12508 = CARTESIAN_POINT('',(2.073953133274,0.51,2.073953208354));
#12509 = CARTESIAN_POINT('',(2.197999115679,0.516922844242,
    1.944254751888));
#12510 = CARTESIAN_POINT('',(2.308185361371,0.524012031143,
    1.805197617324));
#12511 = CARTESIAN_POINT('',(2.501998502184,0.538519717268,
    1.509149876149));
#12512 = CARTESIAN_POINT('',(2.586136737496,0.545996351283,1.35087660412
    ));
#12513 = CARTESIAN_POINT('',(2.723876991149,0.561034383809,
    1.021259585896));
#12514 = CARTESIAN_POINT('',(2.776794765189,0.568493018535,
    0.852261157402));
#12515 = CARTESIAN_POINT('',(2.851549164155,0.583291194341,
    0.506100707657));
#12516 = CARTESIAN_POINT('',(2.873344267398,0.590705753911,
    0.327032392123));
#12517 = CARTESIAN_POINT('',(2.883539494251,0.604957096215,
    -2.874324243792E-02));
#12518 = CARTESIAN_POINT('',(2.872343931431,0.611852704506,
    -0.20529396924));
#12519 = CARTESIAN_POINT('',(2.816967172196,0.626478886166,
    -0.55563516545));
#12520 = CARTESIAN_POINT('',(2.772124904585,0.634106231267,
    -0.730875360178));
#12521 = CARTESIAN_POINT('',(2.652292328937,0.649278361844,
    -1.064964075491));
#12522 = CARTESIAN_POINT('',(2.577357540573,0.656877063207,
    -1.225226368741));
#12523 = CARTESIAN_POINT('',(2.397223588139,0.672100105858,
    -1.532084140127));
#12524 = CARTESIAN_POINT('',(2.29160108384,0.679724121182,
    -1.678471564704));
#12525 = CARTESIAN_POINT('',(2.058462220616,0.694354305941,
    -1.945151293247));
#12526 = CARTESIAN_POINT('',(1.93010834716,0.701310069136,
    -2.067235889189));
#12527 = CARTESIAN_POINT('',(1.648512271859,0.716173082829,
    -2.287536158637));
#12528 = CARTESIAN_POINT('',(1.497444616032,0.723819221667,
    -2.383818212695));
#12529 = CARTESIAN_POINT('',(1.024959932571,0.746859326178,
    -2.625576941935));
#12530 = CARTESIAN_POINT('',(0.674790631575,0.762797517684,
    -2.727218787801));
#12531 = CARTESIAN_POINT('',(0.145768087903,0.78532245605,
    -2.775873609479));
#12532 = CARTESIAN_POINT('',(-3.465075380137E-02,0.79256095081,
    -2.775373837234));
#12533 = CARTESIAN_POINT('',(-0.388960453356,0.807548574146,
    -2.73947972756));
#12534 = CARTESIAN_POINT('',(-0.562410719328,0.815210854018,
    -2.704643980434));
#12535 = CARTESIAN_POINT('',(-0.901978694109,0.830879310512,
    -2.601546482934));
#12536 = CARTESIAN_POINT('',(-1.06920373618,0.838948024801,
    -2.532352634304));
#12537 = CARTESIAN_POINT('',(-1.382233435037,0.854769378603,
    -2.365461323755));
#12538 = CARTESIAN_POINT('',(-1.529729447493,0.862595105219,
    -2.267509061884));
#12539 = CARTESIAN_POINT('',(-1.806360078549,0.878066948177,
    -2.042070068981));
#12540 = CARTESIAN_POINT('',(-1.934027681475,0.885436974491,
    -1.915428480727));
#12541 = CARTESIAN_POINT('',(-2.15952205769,0.900591784013,
    -1.642661840309));
#12542 = CARTESIAN_POINT('',(-2.2590296249,0.908446705927,
    -1.494971863787));
#12543 = CARTESIAN_POINT('',(-2.428520564764,0.924587845295,
    -1.179047070901));
#12544 = CARTESIAN_POINT('',(-2.496274862017,0.932651428965,
    -1.015210594374));
#12545 = CARTESIAN_POINT('',(-2.599005930892,0.948767699981,
    -0.676206128101));
#12546 = CARTESIAN_POINT('',(-2.634052231851,0.956910366782,
    -0.498966927315));
#12547 = CARTESIAN_POINT('',(-2.66791723846,0.972627325616,
    -0.144749395186));
#12548 = CARTESIAN_POINT('',(-2.667389643026,0.980007730262,
    3.226753814075E-02));
#12549 = CARTESIAN_POINT('',(-2.630428151538,0.995598258782,
    0.386032812121));
#12550 = CARTESIAN_POINT('',(-2.593432705779,1.003764298095,
    0.563063306787));
#12551 = CARTESIAN_POINT('',(-2.432753838039,1.02822867962,
    1.069634293103));
#12552 = CARTESIAN_POINT('',(-2.254624497218,1.045170076387,
    1.38838199744));
#12553 = CARTESIAN_POINT('',(-1.907486239741,1.06898845013,
    1.790644803522));
#12554 = CARTESIAN_POINT('',(-1.77644656149,1.076657526668,
    1.914788291285));
#12555 = CARTESIAN_POINT('',(-1.493625523779,1.092741727155,
    2.131419382169));
#12556 = CARTESIAN_POINT('',(-1.342769488955,1.100952633979,
    2.223983284392));
#12557 = CARTESIAN_POINT('',(-1.022286827461,1.117721634287,
    2.377807592613));
#12558 = CARTESIAN_POINT('',(-0.851900532837,1.126308889774,
    2.438757600777));
#12559 = CARTESIAN_POINT('',(-0.507640047259,1.143047818636,
    2.523064626622));
#12560 = CARTESIAN_POINT('',(-0.331918994433,1.151299255651,
    2.547504478305));
#12561 = CARTESIAN_POINT('',(2.69929087817E-02,1.167544480362,
    2.559538135716));
#12562 = CARTESIAN_POINT('',(0.204141907413,1.175335352175,2.54685414771
    ));
#12563 = CARTESIAN_POINT('',(0.552869239995,1.19188121315,2.484727176292
    ));
#12564 = CARTESIAN_POINT('',(0.726633217191,1.200527395515,
    2.434435862328));
#12565 = CARTESIAN_POINT('',(1.055920156597,1.217738790821,
    2.299834286236));
#12566 = CARTESIAN_POINT('',(1.211904167038,1.226314159119,
    2.216002563805));
#12567 = CARTESIAN_POINT('',(1.506434050012,1.243400914327,
    2.015049356757));
#12568 = CARTESIAN_POINT('',(1.64408410298,1.251869778113,1.898088096728
    ));
#12569 = CARTESIAN_POINT('',(1.76776692097,1.26,1.767766984963));
#12570 = ORIENTED_EDGE('',*,*,#12489,.T.);
#12571 = ORIENTED_EDGE('',*,*,#12572,.F.);
#12572 = EDGE_CURVE('',#12573,#12445,#12575,.T.);
#12573 = VERTEX_POINT('',#12574);
#12574 = CARTESIAN_POINT('',(2.5,1.26,-1.387778780781E-14));
#12575 = B_SPLINE_CURVE_WITH_KNOTS('',3,(#12576,#12577,#12578,#12579,
    #12580,#12581,#12582,#12583,#12584,#12585,#12586,#12587,#12588,
    #12589,#12590,#12591,#12592,#12593,#12594,#12595,#12596,#12597,
    #12598,#12599,#12600,#12601,#12602,#12603,#12604,#12605,#12606,
    #12607,#12608,#12609),.UNSPECIFIED.,.F.,.F.,(4,2,2,2,2,2,2,2,2,2,2,2
    ,2,2,2,2,4),(1.300073371326E-18,5.336073513672E-04,
    1.067214702734E-03,1.600822054102E-03,2.134429405469E-03,
    2.668036756836E-03,3.201644108203E-03,3.73525145957E-03,
    4.268858810937E-03,4.802466162305E-03,5.336073513672E-03,
    5.869680865039E-03,6.403288216406E-03,6.936895567773E-03,
    7.47050291914E-03,8.004110270508E-03,8.537717621875E-03),
  .UNSPECIFIED.);
#12576 = CARTESIAN_POINT('',(2.5,1.26,-1.387778780781E-14));
#12577 = CARTESIAN_POINT('',(2.509379852001,1.243753619766,
    0.179452560864));
#12578 = CARTESIAN_POINT('',(2.499843518932,1.227178255207,
    0.356647630548));
#12579 = CARTESIAN_POINT('',(2.444472727487,1.193453290616,
    0.706711319341));
#12580 = CARTESIAN_POINT('',(2.397706322119,1.176101231922,
    0.881504125389));
#12581 = CARTESIAN_POINT('',(2.270258091737,1.14212174874,1.21340391964)
  );
#12582 = CARTESIAN_POINT('',(2.189950815204,1.125435734313,
    1.371252981022));
#12583 = CARTESIAN_POINT('',(1.99583695418,1.092634284452,1.670582245771
    ));
#12584 = CARTESIAN_POINT('',(1.882192786315,1.077046444581,
    1.810524263032));
#12585 = CARTESIAN_POINT('',(1.632083931737,1.045814336067,
    2.061854422925));
#12586 = CARTESIAN_POINT('',(1.493578261628,1.029609568069,
    2.175746503435));
#12587 = CARTESIAN_POINT('',(1.195823264367,0.996834947135,
    2.373743836984));
#12588 = CARTESIAN_POINT('',(1.039112560914,0.980529174015,2.45651121912
    ));
#12589 = CARTESIAN_POINT('',(0.710371420652,0.948074682104,
    2.590301256089));
#12590 = CARTESIAN_POINT('',(0.536637316802,0.931785719628,
    2.641373305324));
#12591 = CARTESIAN_POINT('',(0.18756672856,0.900651930631,2.706780791124
    ));
#12592 = CARTESIAN_POINT('',(1.092090345025E-02,0.886062396373,
    2.721720996734));
#12593 = CARTESIAN_POINT('',(-0.346186700906,0.855732363598,
    2.717252683267));
#12594 = CARTESIAN_POINT('',(-0.52490067786,0.840094096132,2.69754023443
    ));
#12595 = CARTESIAN_POINT('',(-0.871760117585,0.808877623001,
    2.625158282499));
#12596 = CARTESIAN_POINT('',(-1.042385898251,0.793080717193,
    2.572151427266));
#12597 = CARTESIAN_POINT('',(-1.372414272827,0.76159850405,
    2.433109503371));
#12598 = CARTESIAN_POINT('',(-1.528345025826,0.746249065281,
    2.348731693472));
#12599 = CARTESIAN_POINT('',(-1.82260033279,0.716276334843,
    2.151184805275));
#12600 = CARTESIAN_POINT('',(-1.962103068989,0.701840572435,
    2.036404927615));
#12601 = CARTESIAN_POINT('',(-2.214726629134,0.672882358347,
    1.785057327867));
#12602 = CARTESIAN_POINT('',(-2.328269628679,0.658113822137,
    1.648931500991));
#12603 = CARTESIAN_POINT('',(-2.529945252847,0.628032444937,
    1.355876483688));
#12604 = CARTESIAN_POINT('',(-2.618134915655,0.612645946023,
    1.197997049864));
#12605 = CARTESIAN_POINT('',(-2.761682955474,0.582540402195,
    0.873576891762));
#12606 = CARTESIAN_POINT('',(-2.818181820336,0.567673238042,
    0.705673265931));
#12607 = CARTESIAN_POINT('',(-2.900073367343,0.538292842965,
    0.358273891758));
#12608 = CARTESIAN_POINT('',(-2.925014332488,0.523853582186,
    0.179526708117));
#12609 = CARTESIAN_POINT('',(-2.933012701892,0.51,-8.372307674278E-14));
#12610 = ORIENTED_EDGE('',*,*,#12611,.T.);
#12611 = EDGE_CURVE('',#12573,#12505,#12612,.T.);
#12612 = CIRCLE('',#12613,2.5);
#12613 = AXIS2_PLACEMENT_3D('',#12614,#12615,#12616);
#12614 = CARTESIAN_POINT('',(-4.336808689942E-15,1.26,
    -1.387778780781E-14));
#12615 = DIRECTION('',(-0.,-1.,0.));
#12616 = DIRECTION('',(1.7763568394E-15,-0.,1.));
#12617 = CONICAL_SURFACE('',#12618,2.933012701892,0.523598775598);
#12618 = AXIS2_PLACEMENT_3D('',#12619,#12620,#12621);
#12619 = CARTESIAN_POINT('',(-4.336808689942E-15,0.51,
    -1.387778780781E-14));
#12620 = DIRECTION('',(-0.,-1.,-0.));
#12621 = DIRECTION('',(0.,0.,-1.));
#12622 = ADVANCED_FACE('',(#12623),#12757,.F.);
#12623 = FACE_BOUND('',#12624,.F.);
#12624 = EDGE_LOOP('',(#12625,#12634,#12641,#12680,#12703,#12710,#12719,
    #12756));
#12625 = ORIENTED_EDGE('',*,*,#12626,.T.);
#12626 = EDGE_CURVE('',#12627,#12627,#12629,.T.);
#12627 = VERTEX_POINT('',#12628);
#12628 = CARTESIAN_POINT('',(-4.336808689942E-15,7.11,3.25));
#12629 = CIRCLE('',#12630,3.25);
#12630 = AXIS2_PLACEMENT_3D('',#12631,#12632,#12633);
#12631 = CARTESIAN_POINT('',(-4.336808689942E-15,7.11,
    -1.387778780781E-14));
#12632 = DIRECTION('',(0.,-1.,0.));
#12633 = DIRECTION('',(0.,0.,1.));
#12634 = ORIENTED_EDGE('',*,*,#12635,.F.);
#12635 = EDGE_CURVE('',#12636,#12627,#12638,.T.);
#12636 = VERTEX_POINT('',#12637);
#12637 = CARTESIAN_POINT('',(-5.01977267352E-15,6.843502085143,
    2.788412071357));
#12638 = B_SPLINE_CURVE_WITH_KNOTS('',1,(#12639,#12640),.UNSPECIFIED.,
  .F.,.F.,(2,2),(0.333029574071,0.866025403784),
  .PIECEWISE_BEZIER_KNOTS.);
#12639 = CARTESIAN_POINT('',(-5.01977267352E-15,6.843502085143,
    2.788412071357));
#12640 = CARTESIAN_POINT('',(-5.132829109388E-15,7.11,3.25));
#12641 = ORIENTED_EDGE('',*,*,#12642,.F.);
#12642 = EDGE_CURVE('',#12643,#12636,#12645,.T.);
#12643 = VERTEX_POINT('',#12644);
#12644 = CARTESIAN_POINT('',(2.933689590308,6.989487296742,
    -0.801725333364));
#12645 = B_SPLINE_CURVE_WITH_KNOTS('',3,(#12646,#12647,#12648,#12649,
    #12650,#12651,#12652,#12653,#12654,#12655,#12656,#12657,#12658,
    #12659,#12660,#12661,#12662,#12663,#12664,#12665,#12666,#12667,
    #12668,#12669,#12670,#12671,#12672,#12673,#12674,#12675,#12676,
    #12677,#12678,#12679),.UNSPECIFIED.,.F.,.F.,(4,2,2,2,2,2,2,2,2,2,2,2
    ,2,2,2,2,4),(1.90131474961E-17,6.774355080874E-04,1.354871016175E-03
    ,2.032306524262E-03,2.70974203235E-03,3.387177540437E-03,
    4.064613048524E-03,4.742048556612E-03,5.419484064699E-03,
    6.096919572786E-03,6.774355080874E-03,7.451790588961E-03,
    8.129226097049E-03,8.806661605136E-03,9.484097113223E-03,
    1.016153262131E-02,1.08389681294E-02),.UNSPECIFIED.);
#12646 = CARTESIAN_POINT('',(2.933689590308,6.989487296742,
    -0.801725333364));
#12647 = CARTESIAN_POINT('',(2.983810915748,6.983393818946,
    -0.578283998167));
#12648 = CARTESIAN_POINT('',(3.00818153121,6.977469414242,
    -0.353507897312));
#12649 = CARTESIAN_POINT('',(3.007389266219,6.96596172264,
    9.861224413854E-02));
#12650 = CARTESIAN_POINT('',(2.98089981329,6.960131248226,0.328363025121
    ));
#12651 = CARTESIAN_POINT('',(2.877191702189,6.948022833272,
    0.768349677554));
#12652 = CARTESIAN_POINT('',(2.80074901739,6.941837304752,0.980875827603
    ));
#12653 = CARTESIAN_POINT('',(2.596871572544,6.929180766879,
    1.390442271039));
#12654 = CARTESIAN_POINT('',(2.472834081334,6.922928164326,1.58034627545
    ));
#12655 = CARTESIAN_POINT('',(2.184003433652,6.9106759612,1.928417744961)
  );
#12656 = CARTESIAN_POINT('',(2.01690673809,6.904788014406,2.088423158645
    ));
#12657 = CARTESIAN_POINT('',(1.655367670633,6.892568884089,
    2.359471962894));
#12658 = CARTESIAN_POINT('',(1.459163699878,6.886228156286,
    2.473147186648));
#12659 = CARTESIAN_POINT('',(1.038507682959,6.873165637434,
    2.652942777923));
#12660 = CARTESIAN_POINT('',(0.821505028339,6.866673400201,
    2.716063374323));
#12661 = CARTESIAN_POINT('',(0.374530033757,6.853765811071,2.7902731934)
  );
#12662 = CARTESIAN_POINT('',(0.143700347518,6.847456173262,
    2.800660443049));
#12663 = CARTESIAN_POINT('',(-0.306550522488,6.835092165194,
    2.766064454836));
#12664 = CARTESIAN_POINT('',(-0.531798632379,6.828520992413,
    2.72028947626));
#12665 = CARTESIAN_POINT('',(-0.962632629021,6.815130772114,
    2.574591969398));
#12666 = CARTESIAN_POINT('',(-1.165991381024,6.808392926469,
    2.476298032993));
#12667 = CARTESIAN_POINT('',(-1.548445825439,6.794825464344,
    2.228510912836));
#12668 = CARTESIAN_POINT('',(-1.723526025234,6.788127697027,
    2.080872403639));
#12669 = CARTESIAN_POINT('',(-2.030630925488,6.775366630647,1.7488781553
    ));
#12670 = CARTESIAN_POINT('',(-2.16481620492,6.768592042496,
    1.559825964645));
#12671 = CARTESIAN_POINT('',(-2.376393825281,6.754808058397,
    1.160111955327));
#12672 = CARTESIAN_POINT('',(-2.456661643119,6.747704262315,
    0.945542644792));
#12673 = CARTESIAN_POINT('',(-2.559279215059,6.733551658311,
    0.501356149601));
#12674 = CARTESIAN_POINT('',(-2.581265063193,6.72664349476,
    0.276350528514));
#12675 = CARTESIAN_POINT('',(-2.56654168449,6.713193421941,
    -0.179491258882));
#12676 = CARTESIAN_POINT('',(-2.528436560021,6.706271022891,
    -0.405195287663));
#12677 = CARTESIAN_POINT('',(-2.393773565894,6.691894151292,
    -0.837024161724));
#12678 = CARTESIAN_POINT('',(-2.295919073536,6.684407822028,
    -1.046719138967));
#12679 = CARTESIAN_POINT('',(-2.171248221175,6.676987298108,
    -1.239226033476));
#12680 = ORIENTED_EDGE('',*,*,#12681,.F.);
#12681 = EDGE_CURVE('',#12682,#12643,#12684,.T.);
#12682 = VERTEX_POINT('',#12683);
#12683 = CARTESIAN_POINT('',(-0.801725333364,6.989487296742,
    -2.933689590308));
#12684 = B_SPLINE_CURVE_WITH_KNOTS('',3,(#12685,#12686,#12687,#12688,
    #12689,#12690,#12691,#12692,#12693,#12694,#12695,#12696,#12697,
    #12698,#12699,#12700,#12701,#12702),.UNSPECIFIED.,.F.,.F.,(4,2,2,2,2
    ,2,2,2,4),(0.,6.001449835419E-04,1.200289967084E-03,
    1.800434950626E-03,2.400579934168E-03,3.000724917709E-03,
    3.600869901251E-03,4.201014884793E-03,4.801159868335E-03),
  .UNSPECIFIED.);
#12685 = CARTESIAN_POINT('',(-0.801725333364,6.989487296742,
    -2.933689590308));
#12686 = CARTESIAN_POINT('',(-0.608093338855,6.989487296742,
    -2.986605780167));
#12687 = CARTESIAN_POINT('',(-0.409611185953,6.989487296742,
    -3.020167894676));
#12688 = CARTESIAN_POINT('',(-1.108160057819E-02,6.989487296742,
    -3.047797997542));
#12689 = CARTESIAN_POINT('',(0.186887832916,6.989487296742,
    -3.041987557208));
#12690 = CARTESIAN_POINT('',(0.580292278137,6.989487296742,
    -2.991968621533));
#12691 = CARTESIAN_POINT('',(0.77753226945,6.989487296742,
    -2.946887285532));
#12692 = CARTESIAN_POINT('',(1.153987393718,6.989487296742,
    -2.820818001716));
#12693 = CARTESIAN_POINT('',(1.334658153094,6.989487296742,
    -2.740014694492));
#12694 = CARTESIAN_POINT('',(1.680717863335,6.989487296742,
    -2.542475245802));
#12695 = CARTESIAN_POINT('',(1.844977431844,6.989487296742,
    -2.425806512585));
#12696 = CARTESIAN_POINT('',(2.143848783981,6.989487296742,
    -2.166192824274));
#12697 = CARTESIAN_POINT('',(2.280512248809,6.989487296742,
    -2.022081458144));
#12698 = CARTESIAN_POINT('',(2.526380556916,6.989487296742,
    -1.704978246774));
#12699 = CARTESIAN_POINT('',(2.631766083856,6.989487296742,
    -1.53697733071));
#12700 = CARTESIAN_POINT('',(2.808814056382,6.989487296742,
    -1.182816820951));
#12701 = CARTESIAN_POINT('',(2.880773400449,6.989487296742,
    -0.995357327874));
#12702 = CARTESIAN_POINT('',(2.933689590308,6.989487296742,
    -0.801725333364));
#12703 = ORIENTED_EDGE('',*,*,#12704,.F.);
#12704 = EDGE_CURVE('',#12705,#12682,#12707,.T.);
#12705 = VERTEX_POINT('',#12706);
#12706 = CARTESIAN_POINT('',(-0.659039168489,6.676987298108,
    -2.411569483635));
#12707 = B_SPLINE_CURVE_WITH_KNOTS('',1,(#12708,#12709),.UNSPECIFIED.,
  .F.,.F.,(2,2),(0.,6.249999972688E-04),.PIECEWISE_BEZIER_KNOTS.);
#12708 = CARTESIAN_POINT('',(-0.659039168489,6.676987298108,
    -2.411569483635));
#12709 = CARTESIAN_POINT('',(-0.801725333364,6.989487296742,
    -2.933689590308));
#12710 = ORIENTED_EDGE('',*,*,#12711,.T.);
#12711 = EDGE_CURVE('',#12705,#12712,#12714,.T.);
#12712 = VERTEX_POINT('',#12713);
#12713 = CARTESIAN_POINT('',(-2.171248221175,6.676987298108,
    -1.239226033476));
#12714 = CIRCLE('',#12715,2.5);
#12715 = AXIS2_PLACEMENT_3D('',#12716,#12717,#12718);
#12716 = CARTESIAN_POINT('',(-4.336808689942E-15,6.676987298108,
    -1.387778780781E-14));
#12717 = DIRECTION('',(0.,1.,0.));
#12718 = DIRECTION('',(0.,-0.,1.));
#12719 = ORIENTED_EDGE('',*,*,#12720,.F.);
#12720 = EDGE_CURVE('',#12636,#12712,#12721,.T.);
#12721 = B_SPLINE_CURVE_WITH_KNOTS('',3,(#12722,#12723,#12724,#12725,
    #12726,#12727,#12728,#12729,#12730,#12731,#12732,#12733,#12734,
    #12735,#12736,#12737,#12738,#12739,#12740,#12741,#12742,#12743,
    #12744,#12745,#12746,#12747,#12748,#12749,#12750,#12751,#12752,
    #12753,#12754,#12755),.UNSPECIFIED.,.F.,.F.,(4,2,2,2,2,2,2,2,2,2,2,2
    ,2,2,2,2,4),(1.90131474961E-17,6.774355080874E-04,1.354871016175E-03
    ,2.032306524262E-03,2.70974203235E-03,3.387177540437E-03,
    4.064613048524E-03,4.742048556612E-03,5.419484064699E-03,
    6.096919572786E-03,6.774355080874E-03,7.451790588961E-03,
    8.129226097049E-03,8.806661605136E-03,9.484097113223E-03,
    1.016153262131E-02,1.08389681294E-02),.UNSPECIFIED.);
#12722 = CARTESIAN_POINT('',(2.933689590308,6.989487296742,
    -0.801725333364));
#12723 = CARTESIAN_POINT('',(2.983810915748,6.983393818946,
    -0.578283998167));
#12724 = CARTESIAN_POINT('',(3.00818153121,6.977469414242,
    -0.353507897312));
#12725 = CARTESIAN_POINT('',(3.007389266219,6.96596172264,
    9.861224413854E-02));
#12726 = CARTESIAN_POINT('',(2.98089981329,6.960131248226,0.328363025121
    ));
#12727 = CARTESIAN_POINT('',(2.877191702189,6.948022833272,
    0.768349677554));
#12728 = CARTESIAN_POINT('',(2.80074901739,6.941837304752,0.980875827603
    ));
#12729 = CARTESIAN_POINT('',(2.596871572544,6.929180766879,
    1.390442271039));
#12730 = CARTESIAN_POINT('',(2.472834081334,6.922928164326,1.58034627545
    ));
#12731 = CARTESIAN_POINT('',(2.184003433652,6.9106759612,1.928417744961)
  );
#12732 = CARTESIAN_POINT('',(2.01690673809,6.904788014406,2.088423158645
    ));
#12733 = CARTESIAN_POINT('',(1.655367670633,6.892568884089,
    2.359471962894));
#12734 = CARTESIAN_POINT('',(1.459163699878,6.886228156286,
    2.473147186648));
#12735 = CARTESIAN_POINT('',(1.038507682959,6.873165637434,
    2.652942777923));
#12736 = CARTESIAN_POINT('',(0.821505028339,6.866673400201,
    2.716063374323));
#12737 = CARTESIAN_POINT('',(0.374530033757,6.853765811071,2.7902731934)
  );
#12738 = CARTESIAN_POINT('',(0.143700347518,6.847456173262,
    2.800660443049));
#12739 = CARTESIAN_POINT('',(-0.306550522488,6.835092165194,
    2.766064454836));
#12740 = CARTESIAN_POINT('',(-0.531798632379,6.828520992413,
    2.72028947626));
#12741 = CARTESIAN_POINT('',(-0.962632629021,6.815130772114,
    2.574591969398));
#12742 = CARTESIAN_POINT('',(-1.165991381024,6.808392926469,
    2.476298032993));
#12743 = CARTESIAN_POINT('',(-1.548445825439,6.794825464344,
    2.228510912836));
#12744 = CARTESIAN_POINT('',(-1.723526025234,6.788127697027,
    2.080872403639));
#12745 = CARTESIAN_POINT('',(-2.030630925488,6.775366630647,1.7488781553
    ));
#12746 = CARTESIAN_POINT('',(-2.16481620492,6.768592042496,
    1.559825964645));
#12747 = CARTESIAN_POINT('',(-2.376393825281,6.754808058397,
    1.160111955327));
#12748 = CARTESIAN_POINT('',(-2.456661643119,6.747704262315,
    0.945542644792));
#12749 = CARTESIAN_POINT('',(-2.559279215059,6.733551658311,
    0.501356149601));
#12750 = CARTESIAN_POINT('',(-2.581265063193,6.72664349476,
    0.276350528514));
#12751 = CARTESIAN_POINT('',(-2.56654168449,6.713193421941,
    -0.179491258882));
#12752 = CARTESIAN_POINT('',(-2.528436560021,6.706271022891,
    -0.405195287663));
#12753 = CARTESIAN_POINT('',(-2.393773565894,6.691894151292,
    -0.837024161724));
#12754 = CARTESIAN_POINT('',(-2.295919073536,6.684407822028,
    -1.046719138967));
#12755 = CARTESIAN_POINT('',(-2.171248221175,6.676987298108,
    -1.239226033476));
#12756 = ORIENTED_EDGE('',*,*,#12635,.T.);
#12757 = CONICAL_SURFACE('',#12758,2.5,1.047197551197);
#12758 = AXIS2_PLACEMENT_3D('',#12759,#12760,#12761);
#12759 = CARTESIAN_POINT('',(-4.336808689942E-15,6.676987298108,
    -1.387778780781E-14));
#12760 = DIRECTION('',(0.,1.,0.));
#12761 = DIRECTION('',(0.,-0.,1.));
#12762 = ADVANCED_FACE('',(#12763),#12799,.T.);
#12763 = FACE_BOUND('',#12764,.T.);
#12764 = EDGE_LOOP('',(#12765,#12776,#12784,#12793));
#12765 = ORIENTED_EDGE('',*,*,#12766,.F.);
#12766 = EDGE_CURVE('',#12767,#12769,#12771,.T.);
#12767 = VERTEX_POINT('',#12768);
#12768 = CARTESIAN_POINT('',(3.676297336176,5.91,-1.925444856657));
#12769 = VERTEX_POINT('',#12770);
#12770 = CARTESIAN_POINT('',(0.263696565276,5.91,-4.141613709831));
#12771 = CIRCLE('',#12772,4.15);
#12772 = AXIS2_PLACEMENT_3D('',#12773,#12774,#12775);
#12773 = CARTESIAN_POINT('',(0.,5.91,0.));
#12774 = DIRECTION('',(0.,1.,0.));
#12775 = DIRECTION('',(0.,-0.,1.));
#12776 = ORIENTED_EDGE('',*,*,#12777,.T.);
#12777 = EDGE_CURVE('',#12767,#12778,#12780,.T.);
#12778 = VERTEX_POINT('',#12779);
#12779 = CARTESIAN_POINT('',(5.288412496327,5.91,-4.407884509409));
#12780 = LINE('',#12781,#12782);
#12781 = CARTESIAN_POINT('',(5.334491713226,5.91,-4.478840281072));
#12782 = VECTOR('',#12783,1.);
#12783 = DIRECTION('',(0.544639035015,0.,-0.838670567945));
#12784 = ORIENTED_EDGE('',*,*,#12785,.T.);
#12785 = EDGE_CURVE('',#12778,#12786,#12788,.T.);
#12786 = VERTEX_POINT('',#12787);
#12787 = CARTESIAN_POINT('',(1.875811725428,5.91,-6.624053362583));
#12788 = CIRCLE('',#12789,6.884529946162);
#12789 = AXIS2_PLACEMENT_3D('',#12790,#12791,#12792);
#12790 = CARTESIAN_POINT('',(-4.336808689942E-15,5.91,
    -1.387778780781E-14));
#12791 = DIRECTION('',(0.,1.,0.));
#12792 = DIRECTION('',(0.,-0.,1.));
#12793 = ORIENTED_EDGE('',*,*,#12794,.T.);
#12794 = EDGE_CURVE('',#12786,#12769,#12795,.T.);
#12795 = LINE('',#12796,#12797);
#12796 = CARTESIAN_POINT('',(0.226976405034,5.91,-4.085069621608));
#12797 = VECTOR('',#12798,1.);
#12798 = DIRECTION('',(-0.544639035015,0.,0.838670567945));
#12799 = PLANE('',#12800);
#12800 = AXIS2_PLACEMENT_3D('',#12801,#12802,#12803);
#12801 = CARTESIAN_POINT('',(-4.336808689942E-15,5.91,
    -1.387778780781E-14));
#12802 = DIRECTION('',(0.,1.,0.));
#12803 = DIRECTION('',(0.,-0.,1.));
#12804 = ADVANCED_FACE('',(#12805),#12841,.T.);
#12805 = FACE_BOUND('',#12806,.T.);
#12806 = EDGE_LOOP('',(#12807,#12818,#12826,#12835));
#12807 = ORIENTED_EDGE('',*,*,#12808,.T.);
#12808 = EDGE_CURVE('',#12809,#12811,#12813,.T.);
#12809 = VERTEX_POINT('',#12810);
#12810 = CARTESIAN_POINT('',(-5.288412496327,5.91,4.407884509409));
#12811 = VERTEX_POINT('',#12812);
#12812 = CARTESIAN_POINT('',(-1.875811725428,5.91,6.624053362583));
#12813 = CIRCLE('',#12814,6.884529946162);
#12814 = AXIS2_PLACEMENT_3D('',#12815,#12816,#12817);
#12815 = CARTESIAN_POINT('',(-4.336808689942E-15,5.91,
    -1.387778780781E-14));
#12816 = DIRECTION('',(0.,1.,0.));
#12817 = DIRECTION('',(0.,-0.,1.));
#12818 = ORIENTED_EDGE('',*,*,#12819,.T.);
#12819 = EDGE_CURVE('',#12811,#12820,#12822,.T.);
#12820 = VERTEX_POINT('',#12821);
#12821 = CARTESIAN_POINT('',(-0.263696565276,5.91,4.141613709831));
#12822 = LINE('',#12823,#12824);
#12823 = CARTESIAN_POINT('',(-0.226976405034,5.91,4.085069621608));
#12824 = VECTOR('',#12825,1.);
#12825 = DIRECTION('',(0.544639035015,0.,-0.838670567945));
#12826 = ORIENTED_EDGE('',*,*,#12827,.F.);
#12827 = EDGE_CURVE('',#12828,#12820,#12830,.T.);
#12828 = VERTEX_POINT('',#12829);
#12829 = CARTESIAN_POINT('',(-3.676297336176,5.91,1.925444856657));
#12830 = CIRCLE('',#12831,4.15);
#12831 = AXIS2_PLACEMENT_3D('',#12832,#12833,#12834);
#12832 = CARTESIAN_POINT('',(0.,5.91,0.));
#12833 = DIRECTION('',(0.,1.,0.));
#12834 = DIRECTION('',(0.,-0.,1.));
#12835 = ORIENTED_EDGE('',*,*,#12836,.T.);
#12836 = EDGE_CURVE('',#12828,#12809,#12837,.T.);
#12837 = LINE('',#12838,#12839);
#12838 = CARTESIAN_POINT('',(-5.334491713226,5.91,4.478840281072));
#12839 = VECTOR('',#12840,1.);
#12840 = DIRECTION('',(-0.544639035015,0.,0.838670567945));
#12841 = PLANE('',#12842);
#12842 = AXIS2_PLACEMENT_3D('',#12843,#12844,#12845);
#12843 = CARTESIAN_POINT('',(-4.336808689942E-15,5.91,
    -1.387778780781E-14));
#12844 = DIRECTION('',(0.,1.,0.));
#12845 = DIRECTION('',(0.,-0.,1.));
#12846 = ADVANCED_FACE('',(#12847),#12883,.T.);
#12847 = FACE_BOUND('',#12848,.T.);
#12848 = EDGE_LOOP('',(#12849,#12859,#12868,#12876));
#12849 = ORIENTED_EDGE('',*,*,#12850,.T.);
#12850 = EDGE_CURVE('',#12851,#12853,#12855,.T.);
#12851 = VERTEX_POINT('',#12852);
#12852 = CARTESIAN_POINT('',(5.431333048859,5.71,-4.415950782377));
#12853 = VERTEX_POINT('',#12854);
#12854 = CARTESIAN_POINT('',(5.431333048859,0.625470053838,
    -4.415950782377));
#12855 = LINE('',#12856,#12857);
#12856 = CARTESIAN_POINT('',(5.431333048859,5.91,-4.415950782377));
#12857 = VECTOR('',#12858,1.);
#12858 = DIRECTION('',(-0.,-1.,-0.));
#12859 = ORIENTED_EDGE('',*,*,#12860,.T.);
#12860 = EDGE_CURVE('',#12853,#12861,#12863,.T.);
#12861 = VERTEX_POINT('',#12862);
#12862 = CARTESIAN_POINT('',(1.825049606694,0.625470053838,
    -6.757898632941));
#12863 = CIRCLE('',#12864,7.);
#12864 = AXIS2_PLACEMENT_3D('',#12865,#12866,#12867);
#12865 = CARTESIAN_POINT('',(-4.336808689942E-15,0.625470053838,
    -1.387778780781E-14));
#12866 = DIRECTION('',(-0.,1.,0.));
#12867 = DIRECTION('',(0.,0.,1.));
#12868 = ORIENTED_EDGE('',*,*,#12869,.F.);
#12869 = EDGE_CURVE('',#12870,#12861,#12872,.T.);
#12870 = VERTEX_POINT('',#12871);
#12871 = CARTESIAN_POINT('',(1.825049606694,5.71,-6.757898632941));
#12872 = LINE('',#12873,#12874);
#12873 = CARTESIAN_POINT('',(1.825049606694,5.91,-6.757898632941));
#12874 = VECTOR('',#12875,1.);
#12875 = DIRECTION('',(-0.,-1.,-0.));
#12876 = ORIENTED_EDGE('',*,*,#12877,.T.);
#12877 = EDGE_CURVE('',#12870,#12851,#12878,.T.);
#12878 = CIRCLE('',#12879,7.);
#12879 = AXIS2_PLACEMENT_3D('',#12880,#12881,#12882);
#12880 = CARTESIAN_POINT('',(-4.336808689942E-15,5.71,
    -1.387778780781E-14));
#12881 = DIRECTION('',(0.,-1.,0.));
#12882 = DIRECTION('',(0.,0.,1.));
#12883 = CYLINDRICAL_SURFACE('',#12884,7.);
#12884 = AXIS2_PLACEMENT_3D('',#12885,#12886,#12887);
#12885 = CARTESIAN_POINT('',(-4.336808689942E-15,5.91,
    -1.387778780781E-14));
#12886 = DIRECTION('',(-0.,-1.,-0.));
#12887 = DIRECTION('',(0.,0.,-1.));
#12888 = ADVANCED_FACE('',(#12889),#12914,.F.);
#12889 = FACE_BOUND('',#12890,.T.);
#12890 = EDGE_LOOP('',(#12891,#12892,#12900,#12908));
#12891 = ORIENTED_EDGE('',*,*,#12869,.T.);
#12892 = ORIENTED_EDGE('',*,*,#12893,.T.);
#12893 = EDGE_CURVE('',#12861,#12894,#12896,.T.);
#12894 = VERTEX_POINT('',#12895);
#12895 = CARTESIAN_POINT('',(0.130135069401,0.625470053838,
    -4.147959120304));
#12896 = LINE('',#12897,#12898);
#12897 = CARTESIAN_POINT('',(1.825049606694,0.625470053838,
    -6.757898632941));
#12898 = VECTOR('',#12899,1.);
#12899 = DIRECTION('',(-0.544639035015,0.,0.838670567945));
#12900 = ORIENTED_EDGE('',*,*,#12901,.F.);
#12901 = EDGE_CURVE('',#12902,#12894,#12904,.T.);
#12902 = VERTEX_POINT('',#12903);
#12903 = CARTESIAN_POINT('',(0.130135069401,5.71,-4.147959120304));
#12904 = LINE('',#12905,#12906);
#12905 = CARTESIAN_POINT('',(0.130135069401,5.91,-4.147959120304));
#12906 = VECTOR('',#12907,1.);
#12907 = DIRECTION('',(-0.,-1.,-0.));
#12908 = ORIENTED_EDGE('',*,*,#12909,.T.);
#12909 = EDGE_CURVE('',#12902,#12870,#12910,.T.);
#12910 = LINE('',#12911,#12912);
#12911 = CARTESIAN_POINT('',(1.825049606694,5.71,-6.757898632941));
#12912 = VECTOR('',#12913,1.);
#12913 = DIRECTION('',(0.544639035015,0.,-0.838670567945));
#12914 = PLANE('',#12915);
#12915 = AXIS2_PLACEMENT_3D('',#12916,#12917,#12918);
#12916 = CARTESIAN_POINT('',(1.825049606694,5.91,-6.757898632941));
#12917 = DIRECTION('',(0.838670567945,-0.,0.544639035015));
#12918 = DIRECTION('',(0.544639035015,0.,-0.838670567945));
#12919 = ADVANCED_FACE('',(#12920),#12954,.F.);
#12920 = FACE_BOUND('',#12921,.T.);
#12921 = EDGE_LOOP('',(#12922,#12932,#12940,#12948));
#12922 = ORIENTED_EDGE('',*,*,#12923,.T.);
#12923 = EDGE_CURVE('',#12924,#12926,#12928,.T.);
#12924 = VERTEX_POINT('',#12925);
#12925 = CARTESIAN_POINT('',(-3.736418511566,5.71,1.806011269739));
#12926 = VERTEX_POINT('',#12927);
#12927 = CARTESIAN_POINT('',(-3.736418511566,0.625470053838,
    1.806011269739));
#12928 = LINE('',#12929,#12930);
#12929 = CARTESIAN_POINT('',(-3.736418511566,5.91,1.806011269739));
#12930 = VECTOR('',#12931,1.);
#12931 = DIRECTION('',(-0.,-1.,-0.));
#12932 = ORIENTED_EDGE('',*,*,#12933,.T.);
#12933 = EDGE_CURVE('',#12926,#12934,#12936,.T.);
#12934 = VERTEX_POINT('',#12935);
#12935 = CARTESIAN_POINT('',(-5.431333048859,0.625470053838,
    4.415950782376));
#12936 = LINE('',#12937,#12938);
#12937 = CARTESIAN_POINT('',(-3.736418511566,0.625470053838,
    1.806011269739));
#12938 = VECTOR('',#12939,1.);
#12939 = DIRECTION('',(-0.544639035015,0.,0.838670567945));
#12940 = ORIENTED_EDGE('',*,*,#12941,.F.);
#12941 = EDGE_CURVE('',#12942,#12934,#12944,.T.);
#12942 = VERTEX_POINT('',#12943);
#12943 = CARTESIAN_POINT('',(-5.431333048859,5.71,4.415950782376));
#12944 = LINE('',#12945,#12946);
#12945 = CARTESIAN_POINT('',(-5.431333048859,5.91,4.415950782376));
#12946 = VECTOR('',#12947,1.);
#12947 = DIRECTION('',(-0.,-1.,-0.));
#12948 = ORIENTED_EDGE('',*,*,#12949,.T.);
#12949 = EDGE_CURVE('',#12942,#12924,#12950,.T.);
#12950 = LINE('',#12951,#12952);
#12951 = CARTESIAN_POINT('',(-3.736418511566,5.71,1.806011269739));
#12952 = VECTOR('',#12953,1.);
#12953 = DIRECTION('',(0.544639035015,0.,-0.838670567945));
#12954 = PLANE('',#12955);
#12955 = AXIS2_PLACEMENT_3D('',#12956,#12957,#12958);
#12956 = CARTESIAN_POINT('',(-3.736418511566,5.91,1.806011269739));
#12957 = DIRECTION('',(0.838670567945,-0.,0.544639035015));
#12958 = DIRECTION('',(0.544639035015,0.,-0.838670567945));
#12959 = ADVANCED_FACE('',(#12960),#12987,.T.);
#12960 = FACE_BOUND('',#12961,.T.);
#12961 = EDGE_LOOP('',(#12962,#12963,#12972,#12980));
#12962 = ORIENTED_EDGE('',*,*,#12941,.T.);
#12963 = ORIENTED_EDGE('',*,*,#12964,.T.);
#12964 = EDGE_CURVE('',#12934,#12965,#12967,.T.);
#12965 = VERTEX_POINT('',#12966);
#12966 = CARTESIAN_POINT('',(-1.825049606694,0.625470053838,
    6.757898632941));
#12967 = CIRCLE('',#12968,7.);
#12968 = AXIS2_PLACEMENT_3D('',#12969,#12970,#12971);
#12969 = CARTESIAN_POINT('',(-4.336808689942E-15,0.625470053838,
    -1.387778780781E-14));
#12970 = DIRECTION('',(-0.,1.,0.));
#12971 = DIRECTION('',(0.,0.,1.));
#12972 = ORIENTED_EDGE('',*,*,#12973,.F.);
#12973 = EDGE_CURVE('',#12974,#12965,#12976,.T.);
#12974 = VERTEX_POINT('',#12975);
#12975 = CARTESIAN_POINT('',(-1.825049606694,5.71,6.757898632941));
#12976 = LINE('',#12977,#12978);
#12977 = CARTESIAN_POINT('',(-1.825049606694,5.91,6.757898632941));
#12978 = VECTOR('',#12979,1.);
#12979 = DIRECTION('',(-0.,-1.,-0.));
#12980 = ORIENTED_EDGE('',*,*,#12981,.T.);
#12981 = EDGE_CURVE('',#12974,#12942,#12982,.T.);
#12982 = CIRCLE('',#12983,7.);
#12983 = AXIS2_PLACEMENT_3D('',#12984,#12985,#12986);
#12984 = CARTESIAN_POINT('',(-4.336808689942E-15,5.71,
    -1.387778780781E-14));
#12985 = DIRECTION('',(0.,-1.,0.));
#12986 = DIRECTION('',(0.,0.,1.));
#12987 = CYLINDRICAL_SURFACE('',#12988,7.);
#12988 = AXIS2_PLACEMENT_3D('',#12989,#12990,#12991);
#12989 = CARTESIAN_POINT('',(-4.336808689942E-15,5.91,
    -1.387778780781E-14));
#12990 = DIRECTION('',(-0.,-1.,-0.));
#12991 = DIRECTION('',(0.,0.,-1.));
#12992 = ADVANCED_FACE('',(#12993),#13018,.F.);
#12993 = FACE_BOUND('',#12994,.T.);
#12994 = EDGE_LOOP('',(#12995,#12996,#13004,#13012));
#12995 = ORIENTED_EDGE('',*,*,#12973,.T.);
#12996 = ORIENTED_EDGE('',*,*,#12997,.T.);
#12997 = EDGE_CURVE('',#12965,#12998,#13000,.T.);
#12998 = VERTEX_POINT('',#12999);
#12999 = CARTESIAN_POINT('',(-0.130135069401,0.625470053838,
    4.147959120304));
#13000 = LINE('',#13001,#13002);
#13001 = CARTESIAN_POINT('',(-0.130135069401,0.625470053838,
    4.147959120304));
#13002 = VECTOR('',#13003,1.);
#13003 = DIRECTION('',(0.544639035015,0.,-0.838670567945));
#13004 = ORIENTED_EDGE('',*,*,#13005,.F.);
#13005 = EDGE_CURVE('',#13006,#12998,#13008,.T.);
#13006 = VERTEX_POINT('',#13007);
#13007 = CARTESIAN_POINT('',(-0.130135069401,5.71,4.147959120304));
#13008 = LINE('',#13009,#13010);
#13009 = CARTESIAN_POINT('',(-0.130135069401,5.91,4.147959120304));
#13010 = VECTOR('',#13011,1.);
#13011 = DIRECTION('',(-0.,-1.,-0.));
#13012 = ORIENTED_EDGE('',*,*,#13013,.T.);
#13013 = EDGE_CURVE('',#13006,#12974,#13014,.T.);
#13014 = LINE('',#13015,#13016);
#13015 = CARTESIAN_POINT('',(-1.825049606694,5.71,6.757898632941));
#13016 = VECTOR('',#13017,1.);
#13017 = DIRECTION('',(-0.544639035015,-0.,0.838670567945));
#13018 = PLANE('',#13019);
#13019 = AXIS2_PLACEMENT_3D('',#13020,#13021,#13022);
#13020 = CARTESIAN_POINT('',(-0.130135069401,5.91,4.147959120304));
#13021 = DIRECTION('',(-0.838670567945,0.,-0.544639035015));
#13022 = DIRECTION('',(-0.544639035015,0.,0.838670567945));
#13023 = ADVANCED_FACE('',(#13024),#13107,.T.);
#13024 = FACE_BOUND('',#13025,.T.);
#13025 = EDGE_LOOP('',(#13026,#13027,#13036,#13044,#13051,#13052,#13059,
    #13066,#13075,#13082,#13083,#13084,#13091,#13092,#13099,#13100));
#13026 = ORIENTED_EDGE('',*,*,#13005,.T.);
#13027 = ORIENTED_EDGE('',*,*,#13028,.T.);
#13028 = EDGE_CURVE('',#12998,#13029,#13031,.T.);
#13029 = VERTEX_POINT('',#13030);
#13030 = CARTESIAN_POINT('',(3.736418511566,0.625470053838,
    -1.806011269739));
#13031 = CIRCLE('',#13032,4.15);
#13032 = AXIS2_PLACEMENT_3D('',#13033,#13034,#13035);
#13033 = CARTESIAN_POINT('',(-4.336808689942E-15,0.625470053838,
    -1.387778780781E-14));
#13034 = DIRECTION('',(-0.,1.,0.));
#13035 = DIRECTION('',(0.,0.,1.));
#13036 = ORIENTED_EDGE('',*,*,#13037,.F.);
#13037 = EDGE_CURVE('',#13038,#13029,#13040,.T.);
#13038 = VERTEX_POINT('',#13039);
#13039 = CARTESIAN_POINT('',(3.736418511566,5.71,-1.806011269739));
#13040 = LINE('',#13041,#13042);
#13041 = CARTESIAN_POINT('',(3.736418511566,5.91,-1.806011269739));
#13042 = VECTOR('',#13043,1.);
#13043 = DIRECTION('',(-0.,-1.,-0.));
#13044 = ORIENTED_EDGE('',*,*,#13045,.T.);
#13045 = EDGE_CURVE('',#13038,#12767,#13046,.T.);
#13046 = ( BOUNDED_CURVE() B_SPLINE_CURVE(3,(#13047,#13048,#13049,#13050
),.UNSPECIFIED.,.F.,.F.) B_SPLINE_CURVE_WITH_KNOTS((4,4),(1.026200663066
,1.058421850589),.PIECEWISE_BEZIER_KNOTS.) CURVE() 
GEOMETRIC_REPRESENTATION_ITEM() RATIONAL_B_SPLINE_CURVE((1.,
0.999913484794,0.999913484794,1.)) REPRESENTATION_ITEM('') );
#13047 = CARTESIAN_POINT('',(3.736418511566,5.71,-1.806011269739));
#13048 = CARTESIAN_POINT('',(3.717020396491,5.776036641121,
    -1.846143619671));
#13049 = CARTESIAN_POINT('',(3.696978270745,5.842709075967,
    -1.885958259882));
#13050 = CARTESIAN_POINT('',(3.676297336176,5.91,-1.925444856657));
#13051 = ORIENTED_EDGE('',*,*,#12766,.T.);
#13052 = ORIENTED_EDGE('',*,*,#13053,.T.);
#13053 = EDGE_CURVE('',#12769,#12902,#13054,.T.);
#13054 = ( BOUNDED_CURVE() B_SPLINE_CURVE(3,(#13055,#13056,#13057,#13058
),.UNSPECIFIED.,.F.,.F.) B_SPLINE_CURVE_WITH_KNOTS((4,4),(5.22476345659,
5.256984644114),.PIECEWISE_BEZIER_KNOTS.) CURVE() 
GEOMETRIC_REPRESENTATION_ITEM() RATIONAL_B_SPLINE_CURVE((1.,
0.999913484794,0.999913484794,1.)) REPRESENTATION_ITEM('') );
#13055 = CARTESIAN_POINT('',(0.263696565276,5.91,-4.141613709831));
#13056 = CARTESIAN_POINT('',(0.219212070252,5.842709075967,
    -4.144446037848));
#13057 = CARTESIAN_POINT('',(0.174687719594,5.776036641121,
    -4.14656135768));
#13058 = CARTESIAN_POINT('',(0.130135069401,5.71,-4.147959120304));
#13059 = ORIENTED_EDGE('',*,*,#13060,.F.);
#13060 = EDGE_CURVE('',#13061,#12902,#13063,.T.);
#13061 = VERTEX_POINT('',#13062);
#13062 = CARTESIAN_POINT('',(0.130135069401,7.11,-4.147959120304));
#13063 = B_SPLINE_CURVE_WITH_KNOTS('',1,(#13064,#13065),.UNSPECIFIED.,
  .F.,.F.,(2,2),(-1.2,0.2),.PIECEWISE_BEZIER_KNOTS.);
#13064 = CARTESIAN_POINT('',(0.130135069401,7.11,-4.147959120304));
#13065 = CARTESIAN_POINT('',(0.130135069401,5.71,-4.147959120304));
#13066 = ORIENTED_EDGE('',*,*,#13067,.F.);
#13067 = EDGE_CURVE('',#13068,#13061,#13070,.T.);
#13068 = VERTEX_POINT('',#13069);
#13069 = CARTESIAN_POINT('',(0.,7.11,4.15));
#13070 = CIRCLE('',#13071,4.15);
#13071 = AXIS2_PLACEMENT_3D('',#13072,#13073,#13074);
#13072 = CARTESIAN_POINT('',(0.,7.11,0.));
#13073 = DIRECTION('',(0.,1.,0.));
#13074 = DIRECTION('',(0.,-0.,1.));
#13075 = ORIENTED_EDGE('',*,*,#13076,.F.);
#13076 = EDGE_CURVE('',#13061,#13068,#13077,.T.);
#13077 = CIRCLE('',#13078,4.15);
#13078 = AXIS2_PLACEMENT_3D('',#13079,#13080,#13081);
#13079 = CARTESIAN_POINT('',(0.,7.11,0.));
#13080 = DIRECTION('',(0.,1.,0.));
#13081 = DIRECTION('',(0.,-0.,1.));
#13082 = ORIENTED_EDGE('',*,*,#13060,.T.);
#13083 = ORIENTED_EDGE('',*,*,#12901,.T.);
#13084 = ORIENTED_EDGE('',*,*,#13085,.T.);
#13085 = EDGE_CURVE('',#12894,#12926,#13086,.T.);
#13086 = CIRCLE('',#13087,4.15);
#13087 = AXIS2_PLACEMENT_3D('',#13088,#13089,#13090);
#13088 = CARTESIAN_POINT('',(-4.336808689942E-15,0.625470053838,
    -1.387778780781E-14));
#13089 = DIRECTION('',(-0.,1.,0.));
#13090 = DIRECTION('',(0.,0.,1.));
#13091 = ORIENTED_EDGE('',*,*,#12923,.F.);
#13092 = ORIENTED_EDGE('',*,*,#13093,.T.);
#13093 = EDGE_CURVE('',#12924,#12828,#13094,.T.);
#13094 = ( BOUNDED_CURVE() B_SPLINE_CURVE(3,(#13095,#13096,#13097,#13098
),.UNSPECIFIED.,.F.,.F.) B_SPLINE_CURVE_WITH_KNOTS((4,4),(1.026200663066
,1.058421850589),.PIECEWISE_BEZIER_KNOTS.) CURVE() 
GEOMETRIC_REPRESENTATION_ITEM() RATIONAL_B_SPLINE_CURVE((1.,
0.999913484794,0.999913484794,1.)) REPRESENTATION_ITEM('') );
#13095 = CARTESIAN_POINT('',(-3.736418511566,5.71,1.806011269739));
#13096 = CARTESIAN_POINT('',(-3.717020396491,5.776036641121,
    1.846143619671));
#13097 = CARTESIAN_POINT('',(-3.696978270745,5.842709075967,
    1.885958259882));
#13098 = CARTESIAN_POINT('',(-3.676297336176,5.91,1.925444856657));
#13099 = ORIENTED_EDGE('',*,*,#12827,.T.);
#13100 = ORIENTED_EDGE('',*,*,#13101,.T.);
#13101 = EDGE_CURVE('',#12820,#13006,#13102,.T.);
#13102 = ( BOUNDED_CURVE() B_SPLINE_CURVE(3,(#13103,#13104,#13105,#13106
),.UNSPECIFIED.,.F.,.F.) B_SPLINE_CURVE_WITH_KNOTS((4,4),(5.22476345659,
5.256984644114),.PIECEWISE_BEZIER_KNOTS.) CURVE() 
GEOMETRIC_REPRESENTATION_ITEM() RATIONAL_B_SPLINE_CURVE((1.,
0.999913484794,0.999913484794,1.)) REPRESENTATION_ITEM('') );
#13103 = CARTESIAN_POINT('',(-0.263696565276,5.91,4.141613709831));
#13104 = CARTESIAN_POINT('',(-0.219212070252,5.842709075967,
    4.144446037848));
#13105 = CARTESIAN_POINT('',(-0.174687719594,5.776036641121,
    4.14656135768));
#13106 = CARTESIAN_POINT('',(-0.130135069401,5.71,4.147959120304));
#13107 = CYLINDRICAL_SURFACE('',#13108,4.15);
#13108 = AXIS2_PLACEMENT_3D('',#13109,#13110,#13111);
#13109 = CARTESIAN_POINT('',(-4.336808689942E-15,5.91,
    -1.387778780781E-14));
#13110 = DIRECTION('',(-0.,-1.,-0.));
#13111 = DIRECTION('',(0.,0.,-1.));
#13112 = ADVANCED_FACE('',(#13113),#13129,.F.);
#13113 = FACE_BOUND('',#13114,.T.);
#13114 = EDGE_LOOP('',(#13115,#13116,#13122,#13123));
#13115 = ORIENTED_EDGE('',*,*,#13037,.T.);
#13116 = ORIENTED_EDGE('',*,*,#13117,.T.);
#13117 = EDGE_CURVE('',#13029,#12853,#13118,.T.);
#13118 = LINE('',#13119,#13120);
#13119 = CARTESIAN_POINT('',(5.431333048859,0.625470053838,
    -4.415950782377));
#13120 = VECTOR('',#13121,1.);
#13121 = DIRECTION('',(0.544639035015,0.,-0.838670567945));
#13122 = ORIENTED_EDGE('',*,*,#12850,.F.);
#13123 = ORIENTED_EDGE('',*,*,#13124,.T.);
#13124 = EDGE_CURVE('',#12851,#13038,#13125,.T.);
#13125 = LINE('',#13126,#13127);
#13126 = CARTESIAN_POINT('',(3.736418511566,5.71,-1.806011269739));
#13127 = VECTOR('',#13128,1.);
#13128 = DIRECTION('',(-0.544639035015,-0.,0.838670567945));
#13129 = PLANE('',#13130);
#13130 = AXIS2_PLACEMENT_3D('',#13131,#13132,#13133);
#13131 = CARTESIAN_POINT('',(5.431333048859,5.91,-4.415950782377));
#13132 = DIRECTION('',(-0.838670567945,0.,-0.544639035015));
#13133 = DIRECTION('',(-0.544639035015,0.,0.838670567945));
#13134 = ADVANCED_FACE('',(#13135),#13323,.F.);
#13135 = FACE_BOUND('',#13136,.F.);
#13136 = EDGE_LOOP('',(#13137,#13138,#13230,#13231));
#13137 = ORIENTED_EDGE('',*,*,#12711,.F.);
#13138 = ORIENTED_EDGE('',*,*,#13139,.F.);
#13139 = EDGE_CURVE('',#12505,#12705,#13140,.T.);
#13140 = ( BOUNDED_CURVE() B_SPLINE_CURVE(2,(#13141,#13142,#13143,#13144
    ,#13145,#13146,#13147,#13148,#13149,#13150,#13151,#13152,#13153,
    #13154,#13155,#13156,#13157,#13158,#13159,#13160,#13161,#13162,
    #13163,#13164,#13165,#13166,#13167,#13168,#13169,#13170,#13171,
    #13172,#13173,#13174,#13175,#13176,#13177,#13178,#13179,#13180,
    #13181,#13182,#13183,#13184,#13185,#13186,#13187,#13188,#13189,
    #13190,#13191,#13192,#13193,#13194,#13195,#13196,#13197,#13198,
    #13199,#13200,#13201,#13202,#13203,#13204,#13205,#13206,#13207,
    #13208,#13209,#13210,#13211,#13212,#13213,#13214,#13215,#13216,
    #13217,#13218,#13219,#13220,#13221,#13222,#13223,#13224,#13225,
    #13226,#13227,#13228,#13229),.UNSPECIFIED.,.F.,.F.) 
B_SPLINE_CURVE_WITH_KNOTS((3,2,2,2,2,2,2,2,2,2,2,2,2,2,2,2,2,2,2,2,2,2,2
    ,2,2,2,2,2,2,2,2,2,2,2,2,2,2,2,2,2,2,2,2,2,3),(0.208333333005,
    0.222222222222,0.236111111111,0.25,0.263888888889,0.277777777778,
    0.291666666667,0.305555555556,0.319444444444,0.333333333333,
    0.347222222222,0.361111111111,0.375,0.388888888889,0.402777777778,
    0.416666666667,0.430555555556,0.444444444444,0.458333333333,
    0.472222222222,0.486111111111,0.5,0.513888888889,0.527777777778,
    0.541666666667,0.555555555556,0.569444444444,0.583333333333,
    0.597222222222,0.611111111111,0.625,0.638888888889,0.652777777778,
    0.666666666667,0.680555555556,0.694444444444,0.708333333333,
    0.722222222222,0.736111111111,0.75,0.763888888889,0.777777777778,
0.791666666667,0.805555555556,0.810298841839),.UNSPECIFIED.) CURVE() 
GEOMETRIC_REPRESENTATION_ITEM() RATIONAL_B_SPLINE_CURVE((1.,
    0.923879532511,1.,0.923879532511,1.,0.923879532511,1.,0.923879532511
    ,1.,0.923879532511,1.,0.923879532511,1.,0.923879532511,1.,
    0.923879532511,1.,0.923879532511,1.,0.923879532511,1.,0.923879532511
    ,1.,0.923879532511,1.,0.923879532511,1.,0.923879532511,1.,
    0.923879532511,1.,0.923879532511,1.,0.923879532511,1.,0.923879532511
    ,1.,0.923879532511,1.,0.923879532511,1.,0.923879532511,1.,
    0.923879532511,1.,0.923879532511,1.,0.923879532511,1.,0.923879532511
    ,1.,0.923879532511,1.,0.923879532511,1.,0.923879532511,1.,
    0.923879532511,1.,0.923879532511,1.,0.923879532511,1.,0.923879532511
    ,1.,0.923879532511,1.,0.923879532511,1.,0.923879532511,1.,
    0.923879532511,1.,0.923879532511,1.,0.923879532511,1.,0.923879532511
    ,1.,0.923879532511,1.,0.923879532511,1.,0.923879532511,1.,
    0.923879532511,1.,0.974003595809,0.965763599406)) 
REPRESENTATION_ITEM('') );
#13141 = CARTESIAN_POINT('',(1.76776692097,1.26,1.767766984963));
#13142 = CARTESIAN_POINT('',(2.5,1.322500002731,1.035533905933));
#13143 = CARTESIAN_POINT('',(2.5,1.385000002731,-1.387778780781E-14));
#13144 = CARTESIAN_POINT('',(2.5,1.447500002731,-1.035533905933));
#13145 = CARTESIAN_POINT('',(1.767766952966,1.510000002731,
    -1.767766952966));
#13146 = CARTESIAN_POINT('',(1.035533905933,1.572500002731,-2.5));
#13147 = CARTESIAN_POINT('',(-4.183727840049E-15,1.635000002731,-2.5));
#13148 = CARTESIAN_POINT('',(-1.035533905933,1.697500002731,-2.5));
#13149 = CARTESIAN_POINT('',(-1.767766952966,1.760000002731,
    -1.767766952966));
#13150 = CARTESIAN_POINT('',(-2.5,1.822500002731,-1.035533905933));
#13151 = CARTESIAN_POINT('',(-2.5,1.885000002731,-1.41839495076E-14));
#13152 = CARTESIAN_POINT('',(-2.5,1.947500002731,1.035533905933));
#13153 = CARTESIAN_POINT('',(-1.767766952966,2.010000002731,
    1.767766952966));
#13154 = CARTESIAN_POINT('',(-1.035533905933,2.072500002731,2.5));
#13155 = CARTESIAN_POINT('',(-4.796051239622E-15,2.135000002731,2.5));
#13156 = CARTESIAN_POINT('',(1.035533905933,2.197500002731,2.5));
#13157 = CARTESIAN_POINT('',(1.767766952966,2.260000002731,
    1.767766952966));
#13158 = CARTESIAN_POINT('',(2.5,2.322500002731,1.035533905933));
#13159 = CARTESIAN_POINT('',(2.5,2.385000002731,-1.387778780781E-14));
#13160 = CARTESIAN_POINT('',(2.5,2.447500002731,-1.035533905933));
#13161 = CARTESIAN_POINT('',(1.767766952966,2.510000002731,
    -1.767766952966));
#13162 = CARTESIAN_POINT('',(1.035533905933,2.572500002731,-2.5));
#13163 = CARTESIAN_POINT('',(-4.183727840049E-15,2.635000002731,-2.5));
#13164 = CARTESIAN_POINT('',(-1.035533905933,2.697500002731,-2.5));
#13165 = CARTESIAN_POINT('',(-1.767766952966,2.760000002731,
    -1.767766952966));
#13166 = CARTESIAN_POINT('',(-2.5,2.822500002731,-1.035533905933));
#13167 = CARTESIAN_POINT('',(-2.5,2.885000002731,-1.41839495076E-14));
#13168 = CARTESIAN_POINT('',(-2.5,2.947500002731,1.035533905933));
#13169 = CARTESIAN_POINT('',(-1.767766952966,3.010000002731,
    1.767766952966));
#13170 = CARTESIAN_POINT('',(-1.035533905933,3.072500002731,2.5));
#13171 = CARTESIAN_POINT('',(-4.796051239622E-15,3.135000002731,2.5));
#13172 = CARTESIAN_POINT('',(1.035533905933,3.197500002731,2.5));
#13173 = CARTESIAN_POINT('',(1.767766952966,3.260000002731,
    1.767766952966));
#13174 = CARTESIAN_POINT('',(2.5,3.322500002731,1.035533905933));
#13175 = CARTESIAN_POINT('',(2.5,3.385000002731,-1.387778780781E-14));
#13176 = CARTESIAN_POINT('',(2.5,3.447500002731,-1.035533905933));
#13177 = CARTESIAN_POINT('',(1.767766952966,3.510000002731,
    -1.767766952966));
#13178 = CARTESIAN_POINT('',(1.035533905933,3.572500002731,-2.5));
#13179 = CARTESIAN_POINT('',(-4.183727840049E-15,3.635000002731,-2.5));
#13180 = CARTESIAN_POINT('',(-1.035533905933,3.697500002731,-2.5));
#13181 = CARTESIAN_POINT('',(-1.767766952966,3.760000002731,
    -1.767766952966));
#13182 = CARTESIAN_POINT('',(-2.5,3.822500002731,-1.035533905933));
#13183 = CARTESIAN_POINT('',(-2.5,3.885000002731,-1.41839495076E-14));
#13184 = CARTESIAN_POINT('',(-2.5,3.947500002731,1.035533905933));
#13185 = CARTESIAN_POINT('',(-1.767766952966,4.010000002731,
    1.767766952966));
#13186 = CARTESIAN_POINT('',(-1.035533905933,4.072500002731,2.5));
#13187 = CARTESIAN_POINT('',(-4.796051239622E-15,4.135000002731,2.5));
#13188 = CARTESIAN_POINT('',(1.035533905933,4.197500002731,2.5));
#13189 = CARTESIAN_POINT('',(1.767766952966,4.260000002731,
    1.767766952966));
#13190 = CARTESIAN_POINT('',(2.5,4.322500002731,1.035533905933));
#13191 = CARTESIAN_POINT('',(2.5,4.385000002731,-1.387778780781E-14));
#13192 = CARTESIAN_POINT('',(2.5,4.447500002731,-1.035533905933));
#13193 = CARTESIAN_POINT('',(1.767766952966,4.510000002731,
    -1.767766952966));
#13194 = CARTESIAN_POINT('',(1.035533905933,4.572500002731,-2.5));
#13195 = CARTESIAN_POINT('',(-4.183727840049E-15,4.635000002731,-2.5));
#13196 = CARTESIAN_POINT('',(-1.035533905933,4.697500002731,-2.5));
#13197 = CARTESIAN_POINT('',(-1.767766952966,4.760000002731,
    -1.767766952966));
#13198 = CARTESIAN_POINT('',(-2.5,4.822500002731,-1.035533905933));
#13199 = CARTESIAN_POINT('',(-2.5,4.885000002731,-1.41839495076E-14));
#13200 = CARTESIAN_POINT('',(-2.5,4.947500002731,1.035533905933));
#13201 = CARTESIAN_POINT('',(-1.767766952966,5.010000002731,
    1.767766952966));
#13202 = CARTESIAN_POINT('',(-1.035533905933,5.072500002731,2.5));
#13203 = CARTESIAN_POINT('',(-4.796051239622E-15,5.135000002731,2.5));
#13204 = CARTESIAN_POINT('',(1.035533905933,5.197500002731,2.5));
#13205 = CARTESIAN_POINT('',(1.767766952966,5.260000002731,
    1.767766952966));
#13206 = CARTESIAN_POINT('',(2.5,5.322500002731,1.035533905933));
#13207 = CARTESIAN_POINT('',(2.5,5.385000002731,-1.387778780781E-14));
#13208 = CARTESIAN_POINT('',(2.5,5.447500002731,-1.035533905933));
#13209 = CARTESIAN_POINT('',(1.767766952966,5.510000002731,
    -1.767766952966));
#13210 = CARTESIAN_POINT('',(1.035533905933,5.572500002731,-2.5));
#13211 = CARTESIAN_POINT('',(-4.183727840049E-15,5.635000002731,-2.5));
#13212 = CARTESIAN_POINT('',(-1.035533905933,5.697500002731,-2.5));
#13213 = CARTESIAN_POINT('',(-1.767766952966,5.760000002731,
    -1.767766952966));
#13214 = CARTESIAN_POINT('',(-2.5,5.822500002731,-1.035533905933));
#13215 = CARTESIAN_POINT('',(-2.5,5.885000002731,-1.41839495076E-14));
#13216 = CARTESIAN_POINT('',(-2.5,5.947500002731,1.035533905933));
#13217 = CARTESIAN_POINT('',(-1.767766952966,6.010000002731,
    1.767766952966));
#13218 = CARTESIAN_POINT('',(-1.035533905933,6.072500002731,2.5));
#13219 = CARTESIAN_POINT('',(-4.796051239622E-15,6.135000002731,2.5));
#13220 = CARTESIAN_POINT('',(1.035533905933,6.197500002731,2.5));
#13221 = CARTESIAN_POINT('',(1.767766952966,6.260000002731,
    1.767766952966));
#13222 = CARTESIAN_POINT('',(2.5,6.322500002731,1.035533905933));
#13223 = CARTESIAN_POINT('',(2.5,6.385000002731,-1.387778780781E-14));
#13224 = CARTESIAN_POINT('',(2.5,6.447500002731,-1.035533905933));
#13225 = CARTESIAN_POINT('',(1.767766952966,6.510000002731,
    -1.767766952966));
#13226 = CARTESIAN_POINT('',(1.035533905933,6.572500002731,-2.5));
#13227 = CARTESIAN_POINT('',(-4.183727840049E-15,6.635000002731,-2.5));
#13228 = CARTESIAN_POINT('',(-0.335452430575,6.655246347917,-2.5));
#13229 = CARTESIAN_POINT('',(-0.659039168489,6.676987298108,
    -2.411569483635));
#13230 = ORIENTED_EDGE('',*,*,#12611,.F.);
#13231 = ORIENTED_EDGE('',*,*,#13232,.T.);
#13232 = EDGE_CURVE('',#12573,#12712,#13233,.T.);
#13233 = ( BOUNDED_CURVE() B_SPLINE_CURVE(2,(#13234,#13235,#13236,#13237
    ,#13238,#13239,#13240,#13241,#13242,#13243,#13244,#13245,#13246,
    #13247,#13248,#13249,#13250,#13251,#13252,#13253,#13254,#13255,
    #13256,#13257,#13258,#13259,#13260,#13261,#13262,#13263,#13264,
    #13265,#13266,#13267,#13268,#13269,#13270,#13271,#13272,#13273,
    #13274,#13275,#13276,#13277,#13278,#13279,#13280,#13281,#13282,
    #13283,#13284,#13285,#13286,#13287,#13288,#13289,#13290,#13291,
    #13292,#13293,#13294,#13295,#13296,#13297,#13298,#13299,#13300,
    #13301,#13302,#13303,#13304,#13305,#13306,#13307,#13308,#13309,
    #13310,#13311,#13312,#13313,#13314,#13315,#13316,#13317,#13318,
    #13319,#13320,#13321,#13322),.UNSPECIFIED.,.F.,.F.) 
B_SPLINE_CURVE_WITH_KNOTS((3,2,2,2,2,2,2,2,2,2,2,2,2,2,2,2,2,2,2,2,2,2,2
    ,2,2,2,2,2,2,2,2,2,2,2,2,2,2,2,2,2,2,2,2,2,3),(0.111111111111,0.125,
    0.138888888889,0.152777777778,0.166666666667,0.180555555556,
    0.194444444444,0.208333333333,0.222222222222,0.236111111111,0.25,
    0.263888888889,0.277777777778,0.291666666667,0.305555555556,
    0.319444444444,0.333333333333,0.347222222222,0.361111111111,0.375,
    0.388888888889,0.402777777778,0.416666666667,0.430555555556,
    0.444444444444,0.458333333333,0.472222222222,0.486111111111,0.5,
    0.513888888889,0.527777777778,0.541666666667,0.555555555556,
    0.569444444444,0.583333333333,0.597222222222,0.611111111111,0.625,
    0.638888888889,0.652777777778,0.666666666667,0.680555555556,
0.694444444444,0.708333333333,0.713076619912),.UNSPECIFIED.) CURVE() 
GEOMETRIC_REPRESENTATION_ITEM() RATIONAL_B_SPLINE_CURVE((1.,
    0.923879532511,1.,0.923879532511,1.,0.923879532511,1.,0.923879532511
    ,1.,0.923879532511,1.,0.923879532511,1.,0.923879532511,1.,
    0.923879532511,1.,0.923879532511,1.,0.923879532511,1.,0.923879532511
    ,1.,0.923879532511,1.,0.923879532511,1.,0.923879532511,1.,
    0.923879532511,1.,0.923879532511,1.,0.923879532511,1.,0.923879532511
    ,1.,0.923879532511,1.,0.923879532511,1.,0.923879532511,1.,
    0.923879532511,1.,0.923879532511,1.,0.923879532511,1.,0.923879532511
    ,1.,0.923879532511,1.,0.923879532511,1.,0.923879532511,1.,
    0.923879532511,1.,0.923879532511,1.,0.923879532511,1.,0.923879532511
    ,1.,0.923879532511,1.,0.923879532511,1.,0.923879532511,1.,
    0.923879532511,1.,0.923879532511,1.,0.923879532511,1.,0.923879532511
    ,1.,0.923879532511,1.,0.923879532511,1.,0.923879532511,1.,
0.923879532511,1.,0.97400359419,0.96576359838)) REPRESENTATION_ITEM('') 
  );
#13234 = CARTESIAN_POINT('',(2.5,1.26,-1.387778780781E-14));
#13235 = CARTESIAN_POINT('',(2.5,1.3225,-1.035533905933));
#13236 = CARTESIAN_POINT('',(1.767766952966,1.385,-1.767766952966));
#13237 = CARTESIAN_POINT('',(1.035533905933,1.4475,-2.5));
#13238 = CARTESIAN_POINT('',(-4.183727840049E-15,1.51,-2.5));
#13239 = CARTESIAN_POINT('',(-1.035533905933,1.5725,-2.5));
#13240 = CARTESIAN_POINT('',(-1.767766952966,1.635,-1.767766952966));
#13241 = CARTESIAN_POINT('',(-2.5,1.6975,-1.035533905933));
#13242 = CARTESIAN_POINT('',(-2.5,1.76,-1.41839495076E-14));
#13243 = CARTESIAN_POINT('',(-2.5,1.8225,1.035533905933));
#13244 = CARTESIAN_POINT('',(-1.767766952966,1.885,1.767766952966));
#13245 = CARTESIAN_POINT('',(-1.035533905933,1.9475,2.5));
#13246 = CARTESIAN_POINT('',(-4.796051239622E-15,2.01,2.5));
#13247 = CARTESIAN_POINT('',(1.035533905933,2.0725,2.5));
#13248 = CARTESIAN_POINT('',(1.767766952966,2.135,1.767766952966));
#13249 = CARTESIAN_POINT('',(2.5,2.1975,1.035533905933));
#13250 = CARTESIAN_POINT('',(2.5,2.26,-1.387778780781E-14));
#13251 = CARTESIAN_POINT('',(2.5,2.3225,-1.035533905933));
#13252 = CARTESIAN_POINT('',(1.767766952966,2.385,-1.767766952966));
#13253 = CARTESIAN_POINT('',(1.035533905933,2.4475,-2.5));
#13254 = CARTESIAN_POINT('',(-4.183727840049E-15,2.51,-2.5));
#13255 = CARTESIAN_POINT('',(-1.035533905933,2.5725,-2.5));
#13256 = CARTESIAN_POINT('',(-1.767766952966,2.635,-1.767766952966));
#13257 = CARTESIAN_POINT('',(-2.5,2.6975,-1.035533905933));
#13258 = CARTESIAN_POINT('',(-2.5,2.76,-1.41839495076E-14));
#13259 = CARTESIAN_POINT('',(-2.5,2.8225,1.035533905933));
#13260 = CARTESIAN_POINT('',(-1.767766952966,2.885,1.767766952966));
#13261 = CARTESIAN_POINT('',(-1.035533905933,2.9475,2.5));
#13262 = CARTESIAN_POINT('',(-4.796051239622E-15,3.01,2.5));
#13263 = CARTESIAN_POINT('',(1.035533905933,3.0725,2.5));
#13264 = CARTESIAN_POINT('',(1.767766952966,3.135,1.767766952966));
#13265 = CARTESIAN_POINT('',(2.5,3.1975,1.035533905933));
#13266 = CARTESIAN_POINT('',(2.5,3.26,-1.387778780781E-14));
#13267 = CARTESIAN_POINT('',(2.5,3.3225,-1.035533905933));
#13268 = CARTESIAN_POINT('',(1.767766952966,3.385,-1.767766952966));
#13269 = CARTESIAN_POINT('',(1.035533905933,3.4475,-2.5));
#13270 = CARTESIAN_POINT('',(-4.183727840049E-15,3.51,-2.5));
#13271 = CARTESIAN_POINT('',(-1.035533905933,3.5725,-2.5));
#13272 = CARTESIAN_POINT('',(-1.767766952966,3.635,-1.767766952966));
#13273 = CARTESIAN_POINT('',(-2.5,3.6975,-1.035533905933));
#13274 = CARTESIAN_POINT('',(-2.5,3.76,-1.41839495076E-14));
#13275 = CARTESIAN_POINT('',(-2.5,3.8225,1.035533905933));
#13276 = CARTESIAN_POINT('',(-1.767766952966,3.885,1.767766952966));
#13277 = CARTESIAN_POINT('',(-1.035533905933,3.9475,2.5));
#13278 = CARTESIAN_POINT('',(-4.796051239622E-15,4.01,2.5));
#13279 = CARTESIAN_POINT('',(1.035533905933,4.0725,2.5));
#13280 = CARTESIAN_POINT('',(1.767766952966,4.135,1.767766952966));
#13281 = CARTESIAN_POINT('',(2.5,4.1975,1.035533905933));
#13282 = CARTESIAN_POINT('',(2.5,4.26,-1.387778780781E-14));
#13283 = CARTESIAN_POINT('',(2.5,4.3225,-1.035533905933));
#13284 = CARTESIAN_POINT('',(1.767766952966,4.385,-1.767766952966));
#13285 = CARTESIAN_POINT('',(1.035533905933,4.4475,-2.5));
#13286 = CARTESIAN_POINT('',(-4.183727840049E-15,4.51,-2.5));
#13287 = CARTESIAN_POINT('',(-1.035533905933,4.5725,-2.5));
#13288 = CARTESIAN_POINT('',(-1.767766952966,4.635,-1.767766952966));
#13289 = CARTESIAN_POINT('',(-2.5,4.6975,-1.035533905933));
#13290 = CARTESIAN_POINT('',(-2.5,4.76,-1.41839495076E-14));
#13291 = CARTESIAN_POINT('',(-2.5,4.8225,1.035533905933));
#13292 = CARTESIAN_POINT('',(-1.767766952966,4.885,1.767766952966));
#13293 = CARTESIAN_POINT('',(-1.035533905933,4.9475,2.5));
#13294 = CARTESIAN_POINT('',(-4.796051239622E-15,5.01,2.5));
#13295 = CARTESIAN_POINT('',(1.035533905933,5.0725,2.5));
#13296 = CARTESIAN_POINT('',(1.767766952966,5.135,1.767766952966));
#13297 = CARTESIAN_POINT('',(2.5,5.1975,1.035533905933));
#13298 = CARTESIAN_POINT('',(2.5,5.26,-1.387778780781E-14));
#13299 = CARTESIAN_POINT('',(2.5,5.3225,-1.035533905933));
#13300 = CARTESIAN_POINT('',(1.767766952966,5.385,-1.767766952966));
#13301 = CARTESIAN_POINT('',(1.035533905933,5.4475,-2.5));
#13302 = CARTESIAN_POINT('',(-4.183727840049E-15,5.51,-2.5));
#13303 = CARTESIAN_POINT('',(-1.035533905933,5.5725,-2.5));
#13304 = CARTESIAN_POINT('',(-1.767766952966,5.635,-1.767766952966));
#13305 = CARTESIAN_POINT('',(-2.5,5.6975,-1.035533905933));
#13306 = CARTESIAN_POINT('',(-2.5,5.76,-1.41839495076E-14));
#13307 = CARTESIAN_POINT('',(-2.5,5.8225,1.035533905933));
#13308 = CARTESIAN_POINT('',(-1.767766952966,5.885,1.767766952966));
#13309 = CARTESIAN_POINT('',(-1.035533905933,5.9475,2.5));
#13310 = CARTESIAN_POINT('',(-4.796051239622E-15,6.01,2.5));
#13311 = CARTESIAN_POINT('',(1.035533905933,6.0725,2.5));
#13312 = CARTESIAN_POINT('',(1.767766952966,6.135,1.767766952966));
#13313 = CARTESIAN_POINT('',(2.5,6.1975,1.035533905933));
#13314 = CARTESIAN_POINT('',(2.5,6.26,-1.387778780781E-14));
#13315 = CARTESIAN_POINT('',(2.5,6.3225,-1.035533905933));
#13316 = CARTESIAN_POINT('',(1.767766952966,6.385,-1.767766952966));
#13317 = CARTESIAN_POINT('',(1.035533905933,6.4475,-2.5));
#13318 = CARTESIAN_POINT('',(-4.183727840049E-15,6.51,-2.5));
#13319 = CARTESIAN_POINT('',(-1.035533905933,6.5725,-2.5));
#13320 = CARTESIAN_POINT('',(-1.767766952966,6.635,-1.767766952966));
#13321 = CARTESIAN_POINT('',(-2.004967656559,6.65524634648,
    -1.530566249374));
#13322 = CARTESIAN_POINT('',(-2.171248221175,6.676987298108,
    -1.239226033476));
#13323 = CYLINDRICAL_SURFACE('',#13324,2.5);
#13324 = AXIS2_PLACEMENT_3D('',#13325,#13326,#13327);
#13325 = CARTESIAN_POINT('',(-4.336808689942E-15,5.91,
    -1.387778780781E-14));
#13326 = DIRECTION('',(-0.,-1.,-0.));
#13327 = DIRECTION('',(0.,0.,-1.));
#13328 = ADVANCED_FACE('',(#13329,#13332),#13336,.T.);
#13329 = FACE_BOUND('',#13330,.T.);
#13330 = EDGE_LOOP('',(#13331));
#13331 = ORIENTED_EDGE('',*,*,#12626,.T.);
#13332 = FACE_BOUND('',#13333,.T.);
#13333 = EDGE_LOOP('',(#13334,#13335));
#13334 = ORIENTED_EDGE('',*,*,#13067,.T.);
#13335 = ORIENTED_EDGE('',*,*,#13076,.T.);
#13336 = PLANE('',#13337);
#13337 = AXIS2_PLACEMENT_3D('',#13338,#13339,#13340);
#13338 = CARTESIAN_POINT('',(0.,7.11,0.));
#13339 = DIRECTION('',(0.,1.,0.));
#13340 = DIRECTION('',(0.,-0.,1.));
#13341 = ADVANCED_FACE('',(#13342),#13360,.T.);
#13342 = FACE_BOUND('',#13343,.T.);
#13343 = EDGE_LOOP('',(#13344,#13351,#13352,#13359));
#13344 = ORIENTED_EDGE('',*,*,#13345,.F.);
#13345 = EDGE_CURVE('',#12417,#12894,#13346,.T.);
#13346 = B_SPLINE_CURVE_WITH_KNOTS('',3,(#13347,#13348,#13349,#13350),
  .UNSPECIFIED.,.F.,.F.,(4,4),(0.,2.577821053748E-04),
  .PIECEWISE_BEZIER_KNOTS.);
#13347 = CARTESIAN_POINT('',(0.235488917131,0.51,-3.942974127471));
#13348 = CARTESIAN_POINT('',(0.200832437551,0.548362920511,
    -4.011608866512));
#13349 = CARTESIAN_POINT('',(0.165701023135,0.586857858966,
    -4.079932111018));
#13350 = CARTESIAN_POINT('',(0.130135069401,0.625470053838,
    -4.147959120304));
#13351 = ORIENTED_EDGE('',*,*,#12416,.F.);
#13352 = ORIENTED_EDGE('',*,*,#13353,.F.);
#13353 = EDGE_CURVE('',#12926,#12409,#13354,.T.);
#13354 = B_SPLINE_CURVE_WITH_KNOTS('',3,(#13355,#13356,#13357,#13358),
  .UNSPECIFIED.,.F.,.F.,(4,4),(0.,2.577821053748E-04),
  .PIECEWISE_BEZIER_KNOTS.);
#13355 = CARTESIAN_POINT('',(-3.736418511566,0.625470053838,
    1.806011269739));
#13356 = CARTESIAN_POINT('',(-3.659806769607,0.586857858966,
    1.810833307824));
#13357 = CARTESIAN_POINT('',(-3.58310114637,0.548362920511,1.81513788477
    ));
#13358 = CARTESIAN_POINT('',(-3.506304132118,0.51,1.818881890913));
#13359 = ORIENTED_EDGE('',*,*,#13085,.F.);
#13360 = CONICAL_SURFACE('',#13361,4.15,1.047197551197);
#13361 = AXIS2_PLACEMENT_3D('',#13362,#13363,#13364);
#13362 = CARTESIAN_POINT('',(-4.336808689942E-15,0.625470053838,
    -1.387778780781E-14));
#13363 = DIRECTION('',(-0.,1.,-0.));
#13364 = DIRECTION('',(0.,0.,1.));
#13365 = ADVANCED_FACE('',(#13366),#13378,.F.);
#13366 = FACE_BOUND('',#13367,.T.);
#13367 = EDGE_LOOP('',(#13368,#13369,#13370,#13377));
#13368 = ORIENTED_EDGE('',*,*,#13353,.T.);
#13369 = ORIENTED_EDGE('',*,*,#12408,.F.);
#13370 = ORIENTED_EDGE('',*,*,#13371,.F.);
#13371 = EDGE_CURVE('',#12934,#12400,#13372,.T.);
#13372 = B_SPLINE_CURVE_WITH_KNOTS('',3,(#13373,#13374,#13375,#13376),
  .UNSPECIFIED.,.F.,.F.,(4,4),(0.,2.738832190787E-04),
  .PIECEWISE_BEZIER_KNOTS.);
#13373 = CARTESIAN_POINT('',(-5.431333048859,0.625470053838,
    4.415950782376));
#13374 = CARTESIAN_POINT('',(-5.348723971494,0.586857200365,
    4.411539828266));
#13375 = CARTESIAN_POINT('',(-5.266080676457,0.548364219407,
    4.406694967244));
#13376 = CARTESIAN_POINT('',(-5.183408009796,0.51,4.401395392826));
#13377 = ORIENTED_EDGE('',*,*,#12933,.F.);
#13378 = PLANE('',#13379);
#13379 = AXIS2_PLACEMENT_3D('',#13380,#13381,#13382);
#13380 = CARTESIAN_POINT('',(-3.736418511566,0.625470053838,
    1.806011269739));
#13381 = DIRECTION('',(0.419335283973,0.866025403784,0.272319517508));
#13382 = DIRECTION('',(-0.544639035015,2.775557561563E-17,0.838670567945
    ));
#13383 = ADVANCED_FACE('',(#13384),#13396,.F.);
#13384 = FACE_BOUND('',#13385,.T.);
#13385 = EDGE_LOOP('',(#13386,#13387,#13388,#13395));
#13386 = ORIENTED_EDGE('',*,*,#13345,.T.);
#13387 = ORIENTED_EDGE('',*,*,#12893,.F.);
#13388 = ORIENTED_EDGE('',*,*,#13389,.F.);
#13389 = EDGE_CURVE('',#12426,#12861,#13390,.T.);
#13390 = B_SPLINE_CURVE_WITH_KNOTS('',3,(#13391,#13392,#13393,#13394),
  .UNSPECIFIED.,.F.,.F.,(4,4),(0.,2.738832190787E-04),
  .PIECEWISE_BEZIER_KNOTS.);
#13391 = CARTESIAN_POINT('',(1.912592794808,0.51,-6.525487629384));
#13392 = CARTESIAN_POINT('',(1.883808194034,0.548364219407,
    -6.603168399593));
#13393 = CARTESIAN_POINT('',(1.854620138417,0.586857200365,
    -6.680637388887));
#13394 = CARTESIAN_POINT('',(1.825049606694,0.625470053838,
    -6.757898632941));
#13395 = ORIENTED_EDGE('',*,*,#12425,.F.);
#13396 = PLANE('',#13397);
#13397 = AXIS2_PLACEMENT_3D('',#13398,#13399,#13400);
#13398 = CARTESIAN_POINT('',(1.825049606694,0.625470053838,
    -6.757898632941));
#13399 = DIRECTION('',(0.419335283973,0.866025403784,0.272319517508));
#13400 = DIRECTION('',(-0.544639035015,0.,0.838670567945));
#13401 = ADVANCED_FACE('',(#13402),#13414,.T.);
#13402 = FACE_BOUND('',#13403,.T.);
#13403 = EDGE_LOOP('',(#13404,#13405,#13406,#13413));
#13404 = ORIENTED_EDGE('',*,*,#13371,.T.);
#13405 = ORIENTED_EDGE('',*,*,#12399,.F.);
#13406 = ORIENTED_EDGE('',*,*,#13407,.F.);
#13407 = EDGE_CURVE('',#12965,#12392,#13408,.T.);
#13408 = B_SPLINE_CURVE_WITH_KNOTS('',3,(#13409,#13410,#13411,#13412),
  .UNSPECIFIED.,.F.,.F.,(4,4),(0.,2.738832190787E-04),
  .PIECEWISE_BEZIER_KNOTS.);
#13409 = CARTESIAN_POINT('',(-1.825049606694,0.625470053838,
    6.757898632941));
#13410 = CARTESIAN_POINT('',(-1.854620138417,0.586857200365,
    6.680637388887));
#13411 = CARTESIAN_POINT('',(-1.883808194034,0.548364219407,
    6.603168399592));
#13412 = CARTESIAN_POINT('',(-1.912592794808,0.51,6.525487629384));
#13413 = ORIENTED_EDGE('',*,*,#12964,.F.);
#13414 = CONICAL_SURFACE('',#13415,7.,1.047197551197);
#13415 = AXIS2_PLACEMENT_3D('',#13416,#13417,#13418);
#13416 = CARTESIAN_POINT('',(-4.336808689942E-15,0.625470053838,
    -1.387778780781E-14));
#13417 = DIRECTION('',(-0.,1.,-0.));
#13418 = DIRECTION('',(0.,0.,1.));
#13419 = ADVANCED_FACE('',(#13420),#13432,.T.);
#13420 = FACE_BOUND('',#13421,.T.);
#13421 = EDGE_LOOP('',(#13422,#13423,#13424,#13431));
#13422 = ORIENTED_EDGE('',*,*,#13389,.T.);
#13423 = ORIENTED_EDGE('',*,*,#12860,.F.);
#13424 = ORIENTED_EDGE('',*,*,#13425,.F.);
#13425 = EDGE_CURVE('',#12373,#12853,#13426,.T.);
#13426 = B_SPLINE_CURVE_WITH_KNOTS('',3,(#13427,#13428,#13429,#13430),
  .UNSPECIFIED.,.F.,.F.,(4,4),(0.,2.738832190787E-04),
  .PIECEWISE_BEZIER_KNOTS.);
#13427 = CARTESIAN_POINT('',(5.183408009796,0.51,-4.401395392826));
#13428 = CARTESIAN_POINT('',(5.266080676457,0.548364219407,
    -4.406694967244));
#13429 = CARTESIAN_POINT('',(5.348723971494,0.586857200365,
    -4.411539828266));
#13430 = CARTESIAN_POINT('',(5.431333048859,0.625470053838,
    -4.415950782377));
#13431 = ORIENTED_EDGE('',*,*,#12433,.F.);
#13432 = CONICAL_SURFACE('',#13433,7.,1.047197551197);
#13433 = AXIS2_PLACEMENT_3D('',#13434,#13435,#13436);
#13434 = CARTESIAN_POINT('',(-4.336808689942E-15,0.625470053838,
    -1.387778780781E-14));
#13435 = DIRECTION('',(-0.,1.,-0.));
#13436 = DIRECTION('',(0.,0.,1.));
#13437 = ADVANCED_FACE('',(#13438),#13450,.F.);
#13438 = FACE_BOUND('',#13439,.T.);
#13439 = EDGE_LOOP('',(#13440,#13441,#13442,#13449));
#13440 = ORIENTED_EDGE('',*,*,#13407,.T.);
#13441 = ORIENTED_EDGE('',*,*,#12391,.F.);
#13442 = ORIENTED_EDGE('',*,*,#13443,.F.);
#13443 = EDGE_CURVE('',#12998,#12383,#13444,.T.);
#13444 = B_SPLINE_CURVE_WITH_KNOTS('',3,(#13445,#13446,#13447,#13448),
  .UNSPECIFIED.,.F.,.F.,(4,4),(0.,2.577821053748E-04),
  .PIECEWISE_BEZIER_KNOTS.);
#13445 = CARTESIAN_POINT('',(-0.130135069401,0.625470053838,
    4.147959120304));
#13446 = CARTESIAN_POINT('',(-0.165701023135,0.586857858966,
    4.079932111018));
#13447 = CARTESIAN_POINT('',(-0.200832437551,0.548362920511,
    4.011608866512));
#13448 = CARTESIAN_POINT('',(-0.235488917131,0.51,3.942974127471));
#13449 = ORIENTED_EDGE('',*,*,#12997,.F.);
#13450 = PLANE('',#13451);
#13451 = AXIS2_PLACEMENT_3D('',#13452,#13453,#13454);
#13452 = CARTESIAN_POINT('',(-0.130135069401,0.625470053838,
    4.147959120304));
#13453 = DIRECTION('',(-0.419335283973,0.866025403784,-0.272319517508));
#13454 = DIRECTION('',(0.544639035015,0.,-0.838670567945));
#13455 = ADVANCED_FACE('',(#13456),#13468,.F.);
#13456 = FACE_BOUND('',#13457,.T.);
#13457 = EDGE_LOOP('',(#13458,#13459,#13460,#13467));
#13458 = ORIENTED_EDGE('',*,*,#13425,.T.);
#13459 = ORIENTED_EDGE('',*,*,#13117,.F.);
#13460 = ORIENTED_EDGE('',*,*,#13461,.F.);
#13461 = EDGE_CURVE('',#12375,#13029,#13462,.T.);
#13462 = B_SPLINE_CURVE_WITH_KNOTS('',3,(#13463,#13464,#13465,#13466),
  .UNSPECIFIED.,.F.,.F.,(4,4),(0.,2.577821053748E-04),
  .PIECEWISE_BEZIER_KNOTS.);
#13463 = CARTESIAN_POINT('',(3.506304132118,0.51,-1.818881890913));
#13464 = CARTESIAN_POINT('',(3.58310114637,0.548362920511,-1.81513788477
    ));
#13465 = CARTESIAN_POINT('',(3.659806769607,0.586857858966,
    -1.810833307824));
#13466 = CARTESIAN_POINT('',(3.736418511566,0.625470053838,
    -1.806011269739));
#13467 = ORIENTED_EDGE('',*,*,#12372,.F.);
#13468 = PLANE('',#13469);
#13469 = AXIS2_PLACEMENT_3D('',#13470,#13471,#13472);
#13470 = CARTESIAN_POINT('',(5.431333048859,0.625470053838,
    -4.415950782377));
#13471 = DIRECTION('',(-0.419335283973,0.866025403784,-0.272319517508));
#13472 = DIRECTION('',(0.544639035015,-2.775557561563E-17,
    -0.838670567945));
#13473 = ADVANCED_FACE('',(#13474),#13480,.T.);
#13474 = FACE_BOUND('',#13475,.T.);
#13475 = EDGE_LOOP('',(#13476,#13477,#13478,#13479));
#13476 = ORIENTED_EDGE('',*,*,#13443,.T.);
#13477 = ORIENTED_EDGE('',*,*,#12382,.F.);
#13478 = ORIENTED_EDGE('',*,*,#13461,.T.);
#13479 = ORIENTED_EDGE('',*,*,#13028,.F.);
#13480 = CONICAL_SURFACE('',#13481,4.15,1.047197551197);
#13481 = AXIS2_PLACEMENT_3D('',#13482,#13483,#13484);
#13482 = CARTESIAN_POINT('',(-4.336808689942E-15,0.625470053838,
    -1.387778780781E-14));
#13483 = DIRECTION('',(-0.,1.,-0.));
#13484 = DIRECTION('',(0.,0.,1.));
#13485 = ADVANCED_FACE('',(#13486),#13498,.T.);
#13486 = FACE_BOUND('',#13487,.T.);
#13487 = EDGE_LOOP('',(#13488,#13489,#13490,#13497));
#13488 = ORIENTED_EDGE('',*,*,#13053,.F.);
#13489 = ORIENTED_EDGE('',*,*,#12794,.F.);
#13490 = ORIENTED_EDGE('',*,*,#13491,.F.);
#13491 = EDGE_CURVE('',#12870,#12786,#13492,.T.);
#13492 = B_SPLINE_CURVE_WITH_KNOTS('',3,(#13493,#13494,#13495,#13496),
  .UNSPECIFIED.,.F.,.F.,(4,4),(0.,2.459498914323E-04),
  .PIECEWISE_BEZIER_KNOTS.);
#13493 = CARTESIAN_POINT('',(1.825049606694,5.71,-6.757898632941));
#13494 = CARTESIAN_POINT('',(1.842080611425,5.776716658632,
    -6.713400393094));
#13495 = CARTESIAN_POINT('',(1.859002640175,5.843384177532,
    -6.668786436035));
#13496 = CARTESIAN_POINT('',(1.875811725428,5.91,-6.624053362583));
#13497 = ORIENTED_EDGE('',*,*,#12909,.F.);
#13498 = PLANE('',#13499);
#13499 = AXIS2_PLACEMENT_3D('',#13500,#13501,#13502);
#13500 = CARTESIAN_POINT('',(-1.70630038545,5.91,-1.108084426587));
#13501 = DIRECTION('',(-0.726310017247,0.5,-0.471671240216));
#13502 = DIRECTION('',(0.544639035015,0.,-0.838670567945));
#13503 = ADVANCED_FACE('',(#13504),#13516,.T.);
#13504 = FACE_BOUND('',#13505,.T.);
#13505 = EDGE_LOOP('',(#13506,#13507,#13508,#13515));
#13506 = ORIENTED_EDGE('',*,*,#13491,.T.);
#13507 = ORIENTED_EDGE('',*,*,#12785,.F.);
#13508 = ORIENTED_EDGE('',*,*,#13509,.F.);
#13509 = EDGE_CURVE('',#12851,#12778,#13510,.T.);
#13510 = B_SPLINE_CURVE_WITH_KNOTS('',3,(#13511,#13512,#13513,#13514),
  .UNSPECIFIED.,.F.,.F.,(4,4),(0.,2.459498914323E-04),
  .PIECEWISE_BEZIER_KNOTS.);
#13511 = CARTESIAN_POINT('',(5.431333048859,5.71,-4.415950782377));
#13512 = CARTESIAN_POINT('',(5.383754750281,5.776716658632,
    -4.41341031469));
#13513 = CARTESIAN_POINT('',(5.336115063295,5.843384177532,
    -4.41072322606));
#13514 = CARTESIAN_POINT('',(5.288412496327,5.91,-4.407884509409));
#13515 = ORIENTED_EDGE('',*,*,#12877,.F.);
#13516 = CONICAL_SURFACE('',#13517,6.884529946162,0.523598775598);
#13517 = AXIS2_PLACEMENT_3D('',#13518,#13519,#13520);
#13518 = CARTESIAN_POINT('',(-4.336808689942E-15,5.91,
    -1.387778780781E-14));
#13519 = DIRECTION('',(0.,-1.,0.));
#13520 = DIRECTION('',(0.,0.,-1.));
#13521 = ADVANCED_FACE('',(#13522),#13528,.T.);
#13522 = FACE_BOUND('',#13523,.T.);
#13523 = EDGE_LOOP('',(#13524,#13525,#13526,#13527));
#13524 = ORIENTED_EDGE('',*,*,#13045,.F.);
#13525 = ORIENTED_EDGE('',*,*,#13124,.F.);
#13526 = ORIENTED_EDGE('',*,*,#13509,.T.);
#13527 = ORIENTED_EDGE('',*,*,#12777,.F.);
#13528 = PLANE('',#13529);
#13529 = AXIS2_PLACEMENT_3D('',#13530,#13531,#13532);
#13530 = CARTESIAN_POINT('',(1.70630038545,5.91,1.108084426587));
#13531 = DIRECTION('',(0.726310017247,0.5,0.471671240216));
#13532 = DIRECTION('',(-0.544639035015,5.551115123126E-17,0.838670567945
    ));
#13533 = ADVANCED_FACE('',(#13534),#13546,.T.);
#13534 = FACE_BOUND('',#13535,.T.);
#13535 = EDGE_LOOP('',(#13536,#13537,#13538,#13545));
#13536 = ORIENTED_EDGE('',*,*,#13093,.F.);
#13537 = ORIENTED_EDGE('',*,*,#12949,.F.);
#13538 = ORIENTED_EDGE('',*,*,#13539,.F.);
#13539 = EDGE_CURVE('',#12809,#12942,#13540,.T.);
#13540 = B_SPLINE_CURVE_WITH_KNOTS('',3,(#13541,#13542,#13543,#13544),
  .UNSPECIFIED.,.F.,.F.,(4,4),(0.,2.459498914323E-04),
  .PIECEWISE_BEZIER_KNOTS.);
#13541 = CARTESIAN_POINT('',(-5.288412496327,5.91,4.407884509409));
#13542 = CARTESIAN_POINT('',(-5.336115063295,5.843384177532,
    4.41072322606));
#13543 = CARTESIAN_POINT('',(-5.383754750281,5.776716658632,
    4.413410314689));
#13544 = CARTESIAN_POINT('',(-5.431333048859,5.71,4.415950782376));
#13545 = ORIENTED_EDGE('',*,*,#12836,.F.);
#13546 = PLANE('',#13547);
#13547 = AXIS2_PLACEMENT_3D('',#13548,#13549,#13550);
#13548 = CARTESIAN_POINT('',(-1.70630038545,5.91,-1.108084426587));
#13549 = DIRECTION('',(-0.726310017247,0.5,-0.471671240216));
#13550 = DIRECTION('',(0.544639035015,0.,-0.838670567945));
#13551 = ADVANCED_FACE('',(#13552),#13564,.T.);
#13552 = FACE_BOUND('',#13553,.T.);
#13553 = EDGE_LOOP('',(#13554,#13555,#13556,#13563));
#13554 = ORIENTED_EDGE('',*,*,#13539,.T.);
#13555 = ORIENTED_EDGE('',*,*,#12981,.F.);
#13556 = ORIENTED_EDGE('',*,*,#13557,.F.);
#13557 = EDGE_CURVE('',#12811,#12974,#13558,.T.);
#13558 = B_SPLINE_CURVE_WITH_KNOTS('',3,(#13559,#13560,#13561,#13562),
  .UNSPECIFIED.,.F.,.F.,(4,4),(0.,2.459498914323E-04),
  .PIECEWISE_BEZIER_KNOTS.);
#13559 = CARTESIAN_POINT('',(-1.875811725428,5.91,6.624053362583));
#13560 = CARTESIAN_POINT('',(-1.859002640175,5.843384177532,
    6.668786436035));
#13561 = CARTESIAN_POINT('',(-1.842080611425,5.776716658632,
    6.713400393094));
#13562 = CARTESIAN_POINT('',(-1.825049606694,5.71,6.757898632941));
#13563 = ORIENTED_EDGE('',*,*,#12808,.F.);
#13564 = CONICAL_SURFACE('',#13565,6.884529946162,0.523598775598);
#13565 = AXIS2_PLACEMENT_3D('',#13566,#13567,#13568);
#13566 = CARTESIAN_POINT('',(-4.336808689942E-15,5.91,
    -1.387778780781E-14));
#13567 = DIRECTION('',(0.,-1.,0.));
#13568 = DIRECTION('',(0.,0.,-1.));
#13569 = ADVANCED_FACE('',(#13570),#13576,.T.);
#13570 = FACE_BOUND('',#13571,.T.);
#13571 = EDGE_LOOP('',(#13572,#13573,#13574,#13575));
#13572 = ORIENTED_EDGE('',*,*,#13557,.T.);
#13573 = ORIENTED_EDGE('',*,*,#13013,.F.);
#13574 = ORIENTED_EDGE('',*,*,#13101,.F.);
#13575 = ORIENTED_EDGE('',*,*,#12819,.F.);
#13576 = PLANE('',#13577);
#13577 = AXIS2_PLACEMENT_3D('',#13578,#13579,#13580);
#13578 = CARTESIAN_POINT('',(1.70630038545,5.91,1.108084426587));
#13579 = DIRECTION('',(0.726310017247,0.5,0.471671240216));
#13580 = DIRECTION('',(-0.544639035015,2.775557561563E-17,0.838670567945
    ));
#13581 = ADVANCED_FACE('',(#13582),#13699,.T.);
#13582 = FACE_BOUND('',#13583,.T.);
#13583 = EDGE_LOOP('',(#13584,#13585,#13586,#13587,#13588,#13589));
#13584 = ORIENTED_EDGE('',*,*,#12442,.T.);
#13585 = ORIENTED_EDGE('',*,*,#12572,.F.);
#13586 = ORIENTED_EDGE('',*,*,#13232,.T.);
#13587 = ORIENTED_EDGE('',*,*,#12720,.F.);
#13588 = ORIENTED_EDGE('',*,*,#12642,.F.);
#13589 = ORIENTED_EDGE('',*,*,#13590,.F.);
#13590 = EDGE_CURVE('',#12443,#12643,#13591,.T.);
#13591 = ( BOUNDED_CURVE() B_SPLINE_CURVE(2,(#13592,#13593,#13594,#13595
    ,#13596,#13597,#13598,#13599,#13600,#13601,#13602,#13603,#13604,
    #13605,#13606,#13607,#13608,#13609,#13610,#13611,#13612,#13613,
    #13614,#13615,#13616,#13617,#13618,#13619,#13620,#13621,#13622,
    #13623,#13624,#13625,#13626,#13627,#13628,#13629,#13630,#13631,
    #13632,#13633,#13634,#13635,#13636,#13637,#13638,#13639,#13640,
    #13641,#13642,#13643,#13644,#13645,#13646,#13647,#13648,#13649,
    #13650,#13651,#13652,#13653,#13654,#13655,#13656,#13657,#13658,
    #13659,#13660,#13661,#13662,#13663,#13664,#13665,#13666,#13667,
    #13668,#13669,#13670,#13671,#13672,#13673,#13674,#13675,#13676,
    #13677,#13678,#13679,#13680,#13681,#13682,#13683,#13684,#13685,
    #13686,#13687,#13688,#13689,#13690,#13691,#13692,#13693,#13694,
    #13695,#13696,#13697,#13698),.UNSPECIFIED.,.F.,.F.) 
B_SPLINE_CURVE_WITH_KNOTS((3,2,2,2,2,2,2,2,2,2,2,2,2,2,2,2,2,2,2,2,2,2,2
    ,2,2,2,2,2,2,2,2,2,2,2,2,2,2,2,2,2,2,2,2,2,2,2,2,2,2,2,2,2,2,3),(
    6.249999985405E-02,6.944444444444E-02,8.333333333333E-02,
    9.722222222222E-02,0.111111111111,0.125,0.138888888889,
    0.152777777778,0.166666666667,0.180555555556,0.194444444444,
    0.208333333333,0.222222222222,0.236111111111,0.25,0.263888888889,
    0.277777777778,0.291666666667,0.305555555556,0.319444444444,
    0.333333333333,0.347222222222,0.361111111111,0.375,0.388888888889,
    0.402777777778,0.416666666667,0.430555555556,0.444444444444,
    0.458333333333,0.472222222222,0.486111111111,0.5,0.513888888889,
    0.527777777778,0.541666666667,0.555555555556,0.569444444444,
    0.583333333333,0.597222222222,0.611111111111,0.625,0.638888888889,
    0.652777777778,0.666666666667,0.680555555556,0.694444444444,
    0.708333333333,0.722222222222,0.736111111111,0.75,0.763888888889,
0.777777777778,0.782521064061),.UNSPECIFIED.) CURVE() 
GEOMETRIC_REPRESENTATION_ITEM() RATIONAL_B_SPLINE_CURVE((0.961939766256,
    0.961939765456,1.,0.923879532511,1.,0.923879532511,1.,0.923879532511
    ,1.,0.923879532511,1.,0.923879532511,1.,0.923879532511,1.,
    0.923879532511,1.,0.923879532511,1.,0.923879532511,1.,0.923879532511
    ,1.,0.923879532511,1.,0.923879532511,1.,0.923879532511,1.,
    0.923879532511,1.,0.923879532511,1.,0.923879532511,1.,0.923879532511
    ,1.,0.923879532511,1.,0.923879532511,1.,0.923879532511,1.,
    0.923879532511,1.,0.923879532511,1.,0.923879532511,1.,0.923879532511
    ,1.,0.923879532511,1.,0.923879532511,1.,0.923879532511,1.,
    0.923879532511,1.,0.923879532511,1.,0.923879532511,1.,0.923879532511
    ,1.,0.923879532511,1.,0.923879532511,1.,0.923879532511,1.,
    0.923879532511,1.,0.923879532511,1.,0.923879532511,1.,0.923879532511
    ,1.,0.923879532511,1.,0.923879532511,1.,0.923879532511,1.,
    0.923879532511,1.,0.923879532511,1.,0.923879532511,1.,0.923879532511
    ,1.,0.923879532511,1.,0.923879532511,1.,0.923879532511,1.,
    0.923879532511,1.,0.923879532511,1.,0.923879532511,1.,0.974003595809
,0.965763599406)) REPRESENTATION_ITEM('') );
#13592 = CARTESIAN_POINT('',(-2.809763304569,0.51,1.163842040287));
#13593 = CARTESIAN_POINT('',(-2.578260724021,0.542486442269,
    1.722738723186));
#13594 = CARTESIAN_POINT('',(-2.150499723604,0.572500001366,
    2.150499723604));
#13595 = CARTESIAN_POINT('',(-1.259733572207,0.635000001366,3.041265875)
  );
#13596 = CARTESIAN_POINT('',(-4.895480167818E-15,0.697500001366,
    3.041265875));
#13597 = CARTESIAN_POINT('',(1.259733572207,0.760000001366,3.041265875)
  );
#13598 = CARTESIAN_POINT('',(2.150499723604,0.822500001366,
    2.150499723604));
#13599 = CARTESIAN_POINT('',(3.041265875,0.885000001366,1.259733572207)
  );
#13600 = CARTESIAN_POINT('',(3.041265875,0.947500001366,
    -1.387778780781E-14));
#13601 = CARTESIAN_POINT('',(3.041265875,1.010000001366,-1.259733572207)
  );
#13602 = CARTESIAN_POINT('',(2.150499723604,1.072500001366,
    -2.150499723604));
#13603 = CARTESIAN_POINT('',(1.259733572207,1.135000001366,-3.041265875)
  );
#13604 = CARTESIAN_POINT('',(-4.150584863983E-15,1.197500001366,
    -3.041265875));
#13605 = CARTESIAN_POINT('',(-1.259733572207,1.260000001366,-3.041265875
    ));
#13606 = CARTESIAN_POINT('',(-2.150499723604,1.322500001366,
    -2.150499723604));
#13607 = CARTESIAN_POINT('',(-3.041265875,1.385000001366,-1.259733572207
    ));
#13608 = CARTESIAN_POINT('',(-3.041265875,1.447500001366,
    -1.425023545973E-14));
#13609 = CARTESIAN_POINT('',(-3.041265875,1.510000001366,1.259733572207)
  );
#13610 = CARTESIAN_POINT('',(-2.150499723604,1.572500001366,
    2.150499723604));
#13611 = CARTESIAN_POINT('',(-1.259733572207,1.635000001366,3.041265875)
  );
#13612 = CARTESIAN_POINT('',(-4.895480167818E-15,1.697500001366,
    3.041265875));
#13613 = CARTESIAN_POINT('',(1.259733572207,1.760000001366,3.041265875)
  );
#13614 = CARTESIAN_POINT('',(2.150499723604,1.822500001366,
    2.150499723604));
#13615 = CARTESIAN_POINT('',(3.041265875,1.885000001366,1.259733572207)
  );
#13616 = CARTESIAN_POINT('',(3.041265875,1.947500001366,
    -1.387778780781E-14));
#13617 = CARTESIAN_POINT('',(3.041265875,2.010000001366,-1.259733572207)
  );
#13618 = CARTESIAN_POINT('',(2.150499723604,2.072500001366,
    -2.150499723604));
#13619 = CARTESIAN_POINT('',(1.259733572207,2.135000001366,-3.041265875)
  );
#13620 = CARTESIAN_POINT('',(-4.150584863983E-15,2.197500001366,
    -3.041265875));
#13621 = CARTESIAN_POINT('',(-1.259733572207,2.260000001366,-3.041265875
    ));
#13622 = CARTESIAN_POINT('',(-2.150499723604,2.322500001366,
    -2.150499723604));
#13623 = CARTESIAN_POINT('',(-3.041265875,2.385000001366,-1.259733572207
    ));
#13624 = CARTESIAN_POINT('',(-3.041265875,2.447500001366,
    -1.425023545973E-14));
#13625 = CARTESIAN_POINT('',(-3.041265875,2.510000001366,1.259733572207)
  );
#13626 = CARTESIAN_POINT('',(-2.150499723604,2.572500001366,
    2.150499723604));
#13627 = CARTESIAN_POINT('',(-1.259733572207,2.635000001366,3.041265875)
  );
#13628 = CARTESIAN_POINT('',(-4.895480167818E-15,2.697500001366,
    3.041265875));
#13629 = CARTESIAN_POINT('',(1.259733572207,2.760000001366,3.041265875)
  );
#13630 = CARTESIAN_POINT('',(2.150499723604,2.822500001366,
    2.150499723604));
#13631 = CARTESIAN_POINT('',(3.041265875,2.885000001366,1.259733572207)
  );
#13632 = CARTESIAN_POINT('',(3.041265875,2.947500001366,
    -1.387778780781E-14));
#13633 = CARTESIAN_POINT('',(3.041265875,3.010000001366,-1.259733572207)
  );
#13634 = CARTESIAN_POINT('',(2.150499723604,3.072500001366,
    -2.150499723604));
#13635 = CARTESIAN_POINT('',(1.259733572207,3.135000001366,-3.041265875)
  );
#13636 = CARTESIAN_POINT('',(-4.150584863983E-15,3.197500001366,
    -3.041265875));
#13637 = CARTESIAN_POINT('',(-1.259733572207,3.260000001366,-3.041265875
    ));
#13638 = CARTESIAN_POINT('',(-2.150499723604,3.322500001366,
    -2.150499723604));
#13639 = CARTESIAN_POINT('',(-3.041265875,3.385000001366,-1.259733572207
    ));
#13640 = CARTESIAN_POINT('',(-3.041265875,3.447500001366,
    -1.425023545973E-14));
#13641 = CARTESIAN_POINT('',(-3.041265875,3.510000001366,1.259733572207)
  );
#13642 = CARTESIAN_POINT('',(-2.150499723604,3.572500001366,
    2.150499723604));
#13643 = CARTESIAN_POINT('',(-1.259733572207,3.635000001366,3.041265875)
  );
#13644 = CARTESIAN_POINT('',(-4.895480167818E-15,3.697500001366,
    3.041265875));
#13645 = CARTESIAN_POINT('',(1.259733572207,3.760000001366,3.041265875)
  );
#13646 = CARTESIAN_POINT('',(2.150499723604,3.822500001366,
    2.150499723604));
#13647 = CARTESIAN_POINT('',(3.041265875,3.885000001366,1.259733572207)
  );
#13648 = CARTESIAN_POINT('',(3.041265875,3.947500001366,
    -1.387778780781E-14));
#13649 = CARTESIAN_POINT('',(3.041265875,4.010000001366,-1.259733572207)
  );
#13650 = CARTESIAN_POINT('',(2.150499723604,4.072500001366,
    -2.150499723604));
#13651 = CARTESIAN_POINT('',(1.259733572207,4.135000001366,-3.041265875)
  );
#13652 = CARTESIAN_POINT('',(-4.150584863983E-15,4.197500001366,
    -3.041265875));
#13653 = CARTESIAN_POINT('',(-1.259733572207,4.260000001366,-3.041265875
    ));
#13654 = CARTESIAN_POINT('',(-2.150499723604,4.322500001366,
    -2.150499723604));
#13655 = CARTESIAN_POINT('',(-3.041265875,4.385000001366,-1.259733572207
    ));
#13656 = CARTESIAN_POINT('',(-3.041265875,4.447500001366,
    -1.425023545973E-14));
#13657 = CARTESIAN_POINT('',(-3.041265875,4.510000001366,1.259733572207)
  );
#13658 = CARTESIAN_POINT('',(-2.150499723604,4.572500001366,
    2.150499723604));
#13659 = CARTESIAN_POINT('',(-1.259733572207,4.635000001366,3.041265875)
  );
#13660 = CARTESIAN_POINT('',(-4.895480167818E-15,4.697500001366,
    3.041265875));
#13661 = CARTESIAN_POINT('',(1.259733572207,4.760000001366,3.041265875)
  );
#13662 = CARTESIAN_POINT('',(2.150499723604,4.822500001366,
    2.150499723604));
#13663 = CARTESIAN_POINT('',(3.041265875,4.885000001366,1.259733572207)
  );
#13664 = CARTESIAN_POINT('',(3.041265875,4.947500001366,
    -1.387778780781E-14));
#13665 = CARTESIAN_POINT('',(3.041265875,5.010000001366,-1.259733572207)
  );
#13666 = CARTESIAN_POINT('',(2.150499723604,5.072500001366,
    -2.150499723604));
#13667 = CARTESIAN_POINT('',(1.259733572207,5.135000001366,-3.041265875)
  );
#13668 = CARTESIAN_POINT('',(-4.150584863983E-15,5.197500001366,
    -3.041265875));
#13669 = CARTESIAN_POINT('',(-1.259733572207,5.260000001366,-3.041265875
    ));
#13670 = CARTESIAN_POINT('',(-2.150499723604,5.322500001366,
    -2.150499723604));
#13671 = CARTESIAN_POINT('',(-3.041265875,5.385000001366,-1.259733572207
    ));
#13672 = CARTESIAN_POINT('',(-3.041265875,5.447500001366,
    -1.425023545973E-14));
#13673 = CARTESIAN_POINT('',(-3.041265875,5.510000001366,1.259733572207)
  );
#13674 = CARTESIAN_POINT('',(-2.150499723604,5.572500001366,
    2.150499723604));
#13675 = CARTESIAN_POINT('',(-1.259733572207,5.635000001366,3.041265875)
  );
#13676 = CARTESIAN_POINT('',(-4.895480167818E-15,5.697500001366,
    3.041265875));
#13677 = CARTESIAN_POINT('',(1.259733572207,5.760000001366,3.041265875)
  );
#13678 = CARTESIAN_POINT('',(2.150499723604,5.822500001366,
    2.150499723604));
#13679 = CARTESIAN_POINT('',(3.041265875,5.885000001366,1.259733572207)
  );
#13680 = CARTESIAN_POINT('',(3.041265875,5.947500001366,
    -1.387778780781E-14));
#13681 = CARTESIAN_POINT('',(3.041265875,6.010000001366,-1.259733572207)
  );
#13682 = CARTESIAN_POINT('',(2.150499723604,6.072500001366,
    -2.150499723604));
#13683 = CARTESIAN_POINT('',(1.259733572207,6.135000001366,-3.041265875)
  );
#13684 = CARTESIAN_POINT('',(-4.150584863983E-15,6.197500001366,
    -3.041265875));
#13685 = CARTESIAN_POINT('',(-1.259733572207,6.260000001366,-3.041265875
    ));
#13686 = CARTESIAN_POINT('',(-2.150499723604,6.322500001366,
    -2.150499723604));
#13687 = CARTESIAN_POINT('',(-3.041265875,6.385000001366,-1.259733572207
    ));
#13688 = CARTESIAN_POINT('',(-3.041265875,6.447500001366,
    -1.425023545973E-14));
#13689 = CARTESIAN_POINT('',(-3.041265875,6.510000001366,1.259733572207)
  );
#13690 = CARTESIAN_POINT('',(-2.150499723604,6.572500001366,
    2.150499723604));
#13691 = CARTESIAN_POINT('',(-1.259733572207,6.635000001366,3.041265875)
  );
#13692 = CARTESIAN_POINT('',(-4.895480167818E-15,6.697500001366,
    3.041265875));
#13693 = CARTESIAN_POINT('',(1.259733572207,6.760000001366,3.041265875)
  );
#13694 = CARTESIAN_POINT('',(2.150499723604,6.822500001366,
    2.150499723604));
#13695 = CARTESIAN_POINT('',(3.041265875,6.885000001366,1.259733572207)
  );
#13696 = CARTESIAN_POINT('',(3.041265875,6.947500001366,
    -1.387778780781E-14));
#13697 = CARTESIAN_POINT('',(3.041265875,6.967746346551,-0.408080011917)
  );
#13698 = CARTESIAN_POINT('',(2.933689590308,6.989487296742,
    -0.801725333364));
#13699 = ( BOUNDED_SURFACE() B_SPLINE_SURFACE(1,2,(
    (#13700,#13701,#13702,#13703,#13704,#13705,#13706,#13707,#13708
      ,#13709,#13710,#13711,#13712,#13713,#13714,#13715,#13716,#13717
      ,#13718,#13719,#13720,#13721,#13722,#13723,#13724,#13725,#13726
      ,#13727,#13728,#13729,#13730,#13731,#13732,#13733,#13734,#13735
      ,#13736,#13737,#13738,#13739,#13740,#13741,#13742,#13743,#13744
      ,#13745,#13746,#13747,#13748,#13749,#13750,#13751,#13752,#13753
      ,#13754,#13755,#13756,#13757,#13758,#13759,#13760,#13761,#13762
      ,#13763,#13764,#13765,#13766,#13767,#13768,#13769,#13770,#13771
      ,#13772,#13773,#13774,#13775,#13776,#13777,#13778,#13779,#13780
      ,#13781,#13782,#13783,#13784,#13785,#13786,#13787,#13788,#13789
      ,#13790,#13791,#13792,#13793,#13794,#13795,#13796,#13797,#13798
      ,#13799,#13800,#13801,#13802,#13803,#13804,#13805,#13806,#13807
      ,#13808,#13809,#13810,#13811,#13812,#13813,#13814,#13815,#13816
      ,#13817,#13818,#13819,#13820,#13821,#13822,#13823,#13824,#13825
      ,#13826,#13827,#13828,#13829,#13830,#13831,#13832,#13833,#13834
      ,#13835,#13836,#13837,#13838,#13839,#13840,#13841,#13842,#13843
      ,#13844)
    ,(#13845,#13846,#13847,#13848,#13849,#13850,#13851,#13852,#13853
      ,#13854,#13855,#13856,#13857,#13858,#13859,#13860,#13861,#13862
      ,#13863,#13864,#13865,#13866,#13867,#13868,#13869,#13870,#13871
      ,#13872,#13873,#13874,#13875,#13876,#13877,#13878,#13879,#13880
      ,#13881,#13882,#13883,#13884,#13885,#13886,#13887,#13888,#13889
      ,#13890,#13891,#13892,#13893,#13894,#13895,#13896,#13897,#13898
      ,#13899,#13900,#13901,#13902,#13903,#13904,#13905,#13906,#13907
      ,#13908,#13909,#13910,#13911,#13912,#13913,#13914,#13915,#13916
      ,#13917,#13918,#13919,#13920,#13921,#13922,#13923,#13924,#13925
      ,#13926,#13927,#13928,#13929,#13930,#13931,#13932,#13933,#13934
      ,#13935,#13936,#13937,#13938,#13939,#13940,#13941,#13942,#13943
      ,#13944,#13945,#13946,#13947,#13948,#13949,#13950,#13951,#13952
      ,#13953,#13954,#13955,#13956,#13957,#13958,#13959,#13960,#13961
      ,#13962,#13963,#13964,#13965,#13966,#13967,#13968,#13969,#13970
      ,#13971,#13972,#13973,#13974,#13975,#13976,#13977,#13978,#13979
      ,#13980,#13981,#13982,#13983,#13984,#13985,#13986,#13987,#13988
,#13989
    )),.UNSPECIFIED.,.F.,.F.,.F.) B_SPLINE_SURFACE_WITH_KNOTS((2,2),(3,2
    ,2,2,2,2,2,2,2,2,2,2,2,2,2,2,2,2,2,2,2,2,2,2,2,2,2,2,2,2,2,2,2,2,2,2
    ,2,2,2,2,2,2,2,2,2,2,2,2,2,2,2,2,2,2,2,2,2,2,2,2,2,2,2,2,2,2,2,2,2,2
    ,2,2,3),(0.,1.),(0.,1.388888888889E-02,2.777777777778E-02,
    4.166666666667E-02,5.555555555556E-02,6.944444444444E-02,
    8.333333333333E-02,9.722222222222E-02,0.111111111111,0.125,
    0.138888888889,0.152777777778,0.166666666667,0.180555555556,
    0.194444444444,0.208333333333,0.222222222222,0.236111111111,0.25,
    0.263888888889,0.277777777778,0.291666666667,0.305555555556,
    0.319444444444,0.333333333333,0.347222222222,0.361111111111,0.375,
    0.388888888889,0.402777777778,0.416666666667,0.430555555556,
    0.444444444444,0.458333333333,0.472222222222,0.486111111111,0.5,
    0.513888888889,0.527777777778,0.541666666667,0.555555555556,
    0.569444444444,0.583333333333,0.597222222222,0.611111111111,0.625,
    0.638888888889,0.652777777778,0.666666666667,0.680555555556,
    0.694444444444,0.708333333333,0.722222222222,0.736111111111,0.75,
    0.763888888889,0.777777777778,0.791666666667,0.805555555556,
    0.819444444444,0.833333333333,0.847222222222,0.861111111111,0.875,
    0.888888888889,0.902777777778,0.916666666667,0.930555555556,
    0.944444444444,0.958333333333,0.972222222222,0.986111111111,1.),
.PIECEWISE_BEZIER_KNOTS.) GEOMETRIC_REPRESENTATION_ITEM() 
RATIONAL_B_SPLINE_SURFACE((
    (1.,0.923879532511,1.,0.923879532511,1.,0.923879532511,1.
      ,0.923879532511,1.,0.923879532511,1.,0.923879532511,1.
      ,0.923879532511,1.,0.923879532511,1.,0.923879532511,1.
      ,0.923879532511,1.,0.923879532511,1.,0.923879532511,1.
      ,0.923879532511,1.,0.923879532511,1.,0.923879532511,1.
      ,0.923879532511,1.,0.923879532511,1.,0.923879532511,1.
      ,0.923879532511,1.,0.923879532511,1.,0.923879532511,1.
      ,0.923879532511,1.,0.923879532511,1.,0.923879532511,1.
      ,0.923879532511,1.,0.923879532511,1.,0.923879532511,1.
      ,0.923879532511,1.,0.923879532511,1.,0.923879532511,1.
      ,0.923879532511,1.,0.923879532511,1.,0.923879532511,1.
      ,0.923879532511,1.,0.923879532511,1.,0.923879532511,1.
      ,0.923879532511,1.,0.923879532511,1.,0.923879532511,1.
      ,0.923879532511,1.,0.923879532511,1.,0.923879532511,1.
      ,0.923879532511,1.,0.923879532511,1.,0.923879532511,1.
      ,0.923879532511,1.,0.923879532511,1.,0.923879532511,1.
      ,0.923879532511,1.,0.923879532511,1.,0.923879532511,1.
      ,0.923879532511,1.,0.923879532511,1.,0.923879532511,1.
      ,0.923879532511,1.,0.923879532511,1.,0.923879532511,1.
      ,0.923879532511,1.,0.923879532511,1.,0.923879532511,1.
      ,0.923879532511,1.,0.923879532511,1.,0.923879532511,1.
      ,0.923879532511,1.,0.923879532511,1.,0.923879532511,1.
      ,0.923879532511,1.,0.923879532511,1.,0.923879532511,1.
      ,0.923879532511,1.,0.923879532511,1.,0.923879532511,1.)
    ,(1.,0.923879532511,1.,0.923879532511,1.,0.923879532511,1.
      ,0.923879532511,1.,0.923879532511,1.,0.923879532511,1.
      ,0.923879532511,1.,0.923879532511,1.,0.923879532511,1.
      ,0.923879532511,1.,0.923879532511,1.,0.923879532511,1.
      ,0.923879532511,1.,0.923879532511,1.,0.923879532511,1.
      ,0.923879532511,1.,0.923879532511,1.,0.923879532511,1.
      ,0.923879532511,1.,0.923879532511,1.,0.923879532511,1.
      ,0.923879532511,1.,0.923879532511,1.,0.923879532511,1.
      ,0.923879532511,1.,0.923879532511,1.,0.923879532511,1.
      ,0.923879532511,1.,0.923879532511,1.,0.923879532511,1.
      ,0.923879532511,1.,0.923879532511,1.,0.923879532511,1.
      ,0.923879532511,1.,0.923879532511,1.,0.923879532511,1.
      ,0.923879532511,1.,0.923879532511,1.,0.923879532511,1.
      ,0.923879532511,1.,0.923879532511,1.,0.923879532511,1.
      ,0.923879532511,1.,0.923879532511,1.,0.923879532511,1.
      ,0.923879532511,1.,0.923879532511,1.,0.923879532511,1.
      ,0.923879532511,1.,0.923879532511,1.,0.923879532511,1.
      ,0.923879532511,1.,0.923879532511,1.,0.923879532511,1.
      ,0.923879532511,1.,0.923879532511,1.,0.923879532511,1.
      ,0.923879532511,1.,0.923879532511,1.,0.923879532511,1.
      ,0.923879532511,1.,0.923879532511,1.,0.923879532511,1.
      ,0.923879532511,1.,0.923879532511,1.,0.923879532511,1.
      ,0.923879532511,1.,0.923879532511,1.,0.923879532511,1.
      ,0.923879532511,1.,0.923879532511,1.,0.923879532511,1.
))) REPRESENTATION_ITEM('') SURFACE() );
#13700 = CARTESIAN_POINT('',(3.041265875,-5.249999863441E-02,
    -1.387778780781E-14));
#13701 = CARTESIAN_POINT('',(3.041265875,1.000000136559E-02,
    -1.259733572207));
#13702 = CARTESIAN_POINT('',(2.150499723604,7.250000136559E-02,
    -2.150499723604));
#13703 = CARTESIAN_POINT('',(1.259733572207,0.135000001366,-3.041265875)
  );
#13704 = CARTESIAN_POINT('',(-4.150584863983E-15,0.197500001366,
    -3.041265875));
#13705 = CARTESIAN_POINT('',(-1.259733572207,0.260000001366,-3.041265875
    ));
#13706 = CARTESIAN_POINT('',(-2.150499723604,0.322500001366,
    -2.150499723604));
#13707 = CARTESIAN_POINT('',(-3.041265875,0.385000001366,-1.259733572207
    ));
#13708 = CARTESIAN_POINT('',(-3.041265875,0.447500001366,
    -1.425023545973E-14));
#13709 = CARTESIAN_POINT('',(-3.041265875,0.510000001366,1.259733572207)
  );
#13710 = CARTESIAN_POINT('',(-2.150499723604,0.572500001366,
    2.150499723604));
#13711 = CARTESIAN_POINT('',(-1.259733572207,0.635000001366,3.041265875)
  );
#13712 = CARTESIAN_POINT('',(-4.895480167818E-15,0.697500001366,
    3.041265875));
#13713 = CARTESIAN_POINT('',(1.259733572207,0.760000001366,3.041265875)
  );
#13714 = CARTESIAN_POINT('',(2.150499723604,0.822500001366,
    2.150499723604));
#13715 = CARTESIAN_POINT('',(3.041265875,0.885000001366,1.259733572207)
  );
#13716 = CARTESIAN_POINT('',(3.041265875,0.947500001366,
    -1.387778780781E-14));
#13717 = CARTESIAN_POINT('',(3.041265875,1.010000001366,-1.259733572207)
  );
#13718 = CARTESIAN_POINT('',(2.150499723604,1.072500001366,
    -2.150499723604));
#13719 = CARTESIAN_POINT('',(1.259733572207,1.135000001366,-3.041265875)
  );
#13720 = CARTESIAN_POINT('',(-4.150584863983E-15,1.197500001366,
    -3.041265875));
#13721 = CARTESIAN_POINT('',(-1.259733572207,1.260000001366,-3.041265875
    ));
#13722 = CARTESIAN_POINT('',(-2.150499723604,1.322500001366,
    -2.150499723604));
#13723 = CARTESIAN_POINT('',(-3.041265875,1.385000001366,-1.259733572207
    ));
#13724 = CARTESIAN_POINT('',(-3.041265875,1.447500001366,
    -1.425023545973E-14));
#13725 = CARTESIAN_POINT('',(-3.041265875,1.510000001366,1.259733572207)
  );
#13726 = CARTESIAN_POINT('',(-2.150499723604,1.572500001366,
    2.150499723604));
#13727 = CARTESIAN_POINT('',(-1.259733572207,1.635000001366,3.041265875)
  );
#13728 = CARTESIAN_POINT('',(-4.895480167818E-15,1.697500001366,
    3.041265875));
#13729 = CARTESIAN_POINT('',(1.259733572207,1.760000001366,3.041265875)
  );
#13730 = CARTESIAN_POINT('',(2.150499723604,1.822500001366,
    2.150499723604));
#13731 = CARTESIAN_POINT('',(3.041265875,1.885000001366,1.259733572207)
  );
#13732 = CARTESIAN_POINT('',(3.041265875,1.947500001366,
    -1.387778780781E-14));
#13733 = CARTESIAN_POINT('',(3.041265875,2.010000001366,-1.259733572207)
  );
#13734 = CARTESIAN_POINT('',(2.150499723604,2.072500001366,
    -2.150499723604));
#13735 = CARTESIAN_POINT('',(1.259733572207,2.135000001366,-3.041265875)
  );
#13736 = CARTESIAN_POINT('',(-4.150584863983E-15,2.197500001366,
    -3.041265875));
#13737 = CARTESIAN_POINT('',(-1.259733572207,2.260000001366,-3.041265875
    ));
#13738 = CARTESIAN_POINT('',(-2.150499723604,2.322500001366,
    -2.150499723604));
#13739 = CARTESIAN_POINT('',(-3.041265875,2.385000001366,-1.259733572207
    ));
#13740 = CARTESIAN_POINT('',(-3.041265875,2.447500001366,
    -1.425023545973E-14));
#13741 = CARTESIAN_POINT('',(-3.041265875,2.510000001366,1.259733572207)
  );
#13742 = CARTESIAN_POINT('',(-2.150499723604,2.572500001366,
    2.150499723604));
#13743 = CARTESIAN_POINT('',(-1.259733572207,2.635000001366,3.041265875)
  );
#13744 = CARTESIAN_POINT('',(-4.895480167818E-15,2.697500001366,
    3.041265875));
#13745 = CARTESIAN_POINT('',(1.259733572207,2.760000001366,3.041265875)
  );
#13746 = CARTESIAN_POINT('',(2.150499723604,2.822500001366,
    2.150499723604));
#13747 = CARTESIAN_POINT('',(3.041265875,2.885000001366,1.259733572207)
  );
#13748 = CARTESIAN_POINT('',(3.041265875,2.947500001366,
    -1.387778780781E-14));
#13749 = CARTESIAN_POINT('',(3.041265875,3.010000001366,-1.259733572207)
  );
#13750 = CARTESIAN_POINT('',(2.150499723604,3.072500001366,
    -2.150499723604));
#13751 = CARTESIAN_POINT('',(1.259733572207,3.135000001366,-3.041265875)
  );
#13752 = CARTESIAN_POINT('',(-4.150584863983E-15,3.197500001366,
    -3.041265875));
#13753 = CARTESIAN_POINT('',(-1.259733572207,3.260000001366,-3.041265875
    ));
#13754 = CARTESIAN_POINT('',(-2.150499723604,3.322500001366,
    -2.150499723604));
#13755 = CARTESIAN_POINT('',(-3.041265875,3.385000001366,-1.259733572207
    ));
#13756 = CARTESIAN_POINT('',(-3.041265875,3.447500001366,
    -1.425023545973E-14));
#13757 = CARTESIAN_POINT('',(-3.041265875,3.510000001366,1.259733572207)
  );
#13758 = CARTESIAN_POINT('',(-2.150499723604,3.572500001366,
    2.150499723604));
#13759 = CARTESIAN_POINT('',(-1.259733572207,3.635000001366,3.041265875)
  );
#13760 = CARTESIAN_POINT('',(-4.895480167818E-15,3.697500001366,
    3.041265875));
#13761 = CARTESIAN_POINT('',(1.259733572207,3.760000001366,3.041265875)
  );
#13762 = CARTESIAN_POINT('',(2.150499723604,3.822500001366,
    2.150499723604));
#13763 = CARTESIAN_POINT('',(3.041265875,3.885000001366,1.259733572207)
  );
#13764 = CARTESIAN_POINT('',(3.041265875,3.947500001366,
    -1.387778780781E-14));
#13765 = CARTESIAN_POINT('',(3.041265875,4.010000001366,-1.259733572207)
  );
#13766 = CARTESIAN_POINT('',(2.150499723604,4.072500001366,
    -2.150499723604));
#13767 = CARTESIAN_POINT('',(1.259733572207,4.135000001366,-3.041265875)
  );
#13768 = CARTESIAN_POINT('',(-4.150584863983E-15,4.197500001366,
    -3.041265875));
#13769 = CARTESIAN_POINT('',(-1.259733572207,4.260000001366,-3.041265875
    ));
#13770 = CARTESIAN_POINT('',(-2.150499723604,4.322500001366,
    -2.150499723604));
#13771 = CARTESIAN_POINT('',(-3.041265875,4.385000001366,-1.259733572207
    ));
#13772 = CARTESIAN_POINT('',(-3.041265875,4.447500001366,
    -1.425023545973E-14));
#13773 = CARTESIAN_POINT('',(-3.041265875,4.510000001366,1.259733572207)
  );
#13774 = CARTESIAN_POINT('',(-2.150499723604,4.572500001366,
    2.150499723604));
#13775 = CARTESIAN_POINT('',(-1.259733572207,4.635000001366,3.041265875)
  );
#13776 = CARTESIAN_POINT('',(-4.895480167818E-15,4.697500001366,
    3.041265875));
#13777 = CARTESIAN_POINT('',(1.259733572207,4.760000001366,3.041265875)
  );
#13778 = CARTESIAN_POINT('',(2.150499723604,4.822500001366,
    2.150499723604));
#13779 = CARTESIAN_POINT('',(3.041265875,4.885000001366,1.259733572207)
  );
#13780 = CARTESIAN_POINT('',(3.041265875,4.947500001366,
    -1.387778780781E-14));
#13781 = CARTESIAN_POINT('',(3.041265875,5.010000001366,-1.259733572207)
  );
#13782 = CARTESIAN_POINT('',(2.150499723604,5.072500001366,
    -2.150499723604));
#13783 = CARTESIAN_POINT('',(1.259733572207,5.135000001366,-3.041265875)
  );
#13784 = CARTESIAN_POINT('',(-4.150584863983E-15,5.197500001366,
    -3.041265875));
#13785 = CARTESIAN_POINT('',(-1.259733572207,5.260000001366,-3.041265875
    ));
#13786 = CARTESIAN_POINT('',(-2.150499723604,5.322500001366,
    -2.150499723604));
#13787 = CARTESIAN_POINT('',(-3.041265875,5.385000001366,-1.259733572207
    ));
#13788 = CARTESIAN_POINT('',(-3.041265875,5.447500001366,
    -1.425023545973E-14));
#13789 = CARTESIAN_POINT('',(-3.041265875,5.510000001366,1.259733572207)
  );
#13790 = CARTESIAN_POINT('',(-2.150499723604,5.572500001366,
    2.150499723604));
#13791 = CARTESIAN_POINT('',(-1.259733572207,5.635000001366,3.041265875)
  );
#13792 = CARTESIAN_POINT('',(-4.895480167818E-15,5.697500001366,
    3.041265875));
#13793 = CARTESIAN_POINT('',(1.259733572207,5.760000001366,3.041265875)
  );
#13794 = CARTESIAN_POINT('',(2.150499723604,5.822500001366,
    2.150499723604));
#13795 = CARTESIAN_POINT('',(3.041265875,5.885000001366,1.259733572207)
  );
#13796 = CARTESIAN_POINT('',(3.041265875,5.947500001366,
    -1.387778780781E-14));
#13797 = CARTESIAN_POINT('',(3.041265875,6.010000001366,-1.259733572207)
  );
#13798 = CARTESIAN_POINT('',(2.150499723604,6.072500001366,
    -2.150499723604));
#13799 = CARTESIAN_POINT('',(1.259733572207,6.135000001366,-3.041265875)
  );
#13800 = CARTESIAN_POINT('',(-4.150584863983E-15,6.197500001366,
    -3.041265875));
#13801 = CARTESIAN_POINT('',(-1.259733572207,6.260000001366,-3.041265875
    ));
#13802 = CARTESIAN_POINT('',(-2.150499723604,6.322500001366,
    -2.150499723604));
#13803 = CARTESIAN_POINT('',(-3.041265875,6.385000001366,-1.259733572207
    ));
#13804 = CARTESIAN_POINT('',(-3.041265875,6.447500001366,
    -1.425023545973E-14));
#13805 = CARTESIAN_POINT('',(-3.041265875,6.510000001366,1.259733572207)
  );
#13806 = CARTESIAN_POINT('',(-2.150499723604,6.572500001366,
    2.150499723604));
#13807 = CARTESIAN_POINT('',(-1.259733572207,6.635000001366,3.041265875)
  );
#13808 = CARTESIAN_POINT('',(-4.895480167818E-15,6.697500001366,
    3.041265875));
#13809 = CARTESIAN_POINT('',(1.259733572207,6.760000001366,3.041265875)
  );
#13810 = CARTESIAN_POINT('',(2.150499723604,6.822500001366,
    2.150499723604));
#13811 = CARTESIAN_POINT('',(3.041265875,6.885000001366,1.259733572207)
  );
#13812 = CARTESIAN_POINT('',(3.041265875,6.947500001366,
    -1.387778780781E-14));
#13813 = CARTESIAN_POINT('',(3.041265875,7.010000001366,-1.259733572207)
  );
#13814 = CARTESIAN_POINT('',(2.150499723604,7.072500001366,
    -2.150499723604));
#13815 = CARTESIAN_POINT('',(1.259733572207,7.135000001366,-3.041265875)
  );
#13816 = CARTESIAN_POINT('',(-4.150584863983E-15,7.197500001366,
    -3.041265875));
#13817 = CARTESIAN_POINT('',(-1.259733572207,7.260000001366,-3.041265875
    ));
#13818 = CARTESIAN_POINT('',(-2.150499723604,7.322500001366,
    -2.150499723604));
#13819 = CARTESIAN_POINT('',(-3.041265875,7.385000001366,-1.259733572207
    ));
#13820 = CARTESIAN_POINT('',(-3.041265875,7.447500001366,
    -1.425023545973E-14));
#13821 = CARTESIAN_POINT('',(-3.041265875,7.510000001366,1.259733572207)
  );
#13822 = CARTESIAN_POINT('',(-2.150499723604,7.572500001366,
    2.150499723604));
#13823 = CARTESIAN_POINT('',(-1.259733572207,7.635000001366,3.041265875)
  );
#13824 = CARTESIAN_POINT('',(-4.895480167818E-15,7.697500001366,
    3.041265875));
#13825 = CARTESIAN_POINT('',(1.259733572207,7.760000001366,3.041265875)
  );
#13826 = CARTESIAN_POINT('',(2.150499723604,7.822500001366,
    2.150499723604));
#13827 = CARTESIAN_POINT('',(3.041265875,7.885000001366,1.259733572207)
  );
#13828 = CARTESIAN_POINT('',(3.041265875,7.947500001366,
    -1.387778780781E-14));
#13829 = CARTESIAN_POINT('',(3.041265875,8.010000001366,-1.259733572207)
  );
#13830 = CARTESIAN_POINT('',(2.150499723604,8.072500001366,
    -2.150499723604));
#13831 = CARTESIAN_POINT('',(1.259733572207,8.135000001366,-3.041265875)
  );
#13832 = CARTESIAN_POINT('',(-4.150584863983E-15,8.197500001366,
    -3.041265875));
#13833 = CARTESIAN_POINT('',(-1.259733572207,8.260000001366,-3.041265875
    ));
#13834 = CARTESIAN_POINT('',(-2.150499723604,8.322500001366,
    -2.150499723604));
#13835 = CARTESIAN_POINT('',(-3.041265875,8.385000001366,-1.259733572207
    ));
#13836 = CARTESIAN_POINT('',(-3.041265875,8.447500001366,
    -1.425023545973E-14));
#13837 = CARTESIAN_POINT('',(-3.041265875,8.510000001366,1.259733572207)
  );
#13838 = CARTESIAN_POINT('',(-2.150499723604,8.572500001366,
    2.150499723604));
#13839 = CARTESIAN_POINT('',(-1.259733572207,8.635000001366,3.041265875)
  );
#13840 = CARTESIAN_POINT('',(-4.895480167818E-15,8.697500001366,
    3.041265875));
#13841 = CARTESIAN_POINT('',(1.259733572207,8.760000001366,3.041265875)
  );
#13842 = CARTESIAN_POINT('',(2.150499723604,8.822500001366,
    2.150499723604));
#13843 = CARTESIAN_POINT('',(3.041265875,8.885000001366,1.259733572207)
  );
#13844 = CARTESIAN_POINT('',(3.041265875,8.947500001366,
    -1.387778780781E-14));
#13845 = CARTESIAN_POINT('',(2.5,0.26,-1.387778780781E-14));
#13846 = CARTESIAN_POINT('',(2.5,0.3225,-1.035533905933));
#13847 = CARTESIAN_POINT('',(1.767766952966,0.385,-1.767766952966));
#13848 = CARTESIAN_POINT('',(1.035533905933,0.4475,-2.5));
#13849 = CARTESIAN_POINT('',(-4.183727840049E-15,0.51,-2.5));
#13850 = CARTESIAN_POINT('',(-1.035533905933,0.5725,-2.5));
#13851 = CARTESIAN_POINT('',(-1.767766952966,0.635,-1.767766952966));
#13852 = CARTESIAN_POINT('',(-2.5,0.6975,-1.035533905933));
#13853 = CARTESIAN_POINT('',(-2.5,0.76,-1.41839495076E-14));
#13854 = CARTESIAN_POINT('',(-2.5,0.8225,1.035533905933));
#13855 = CARTESIAN_POINT('',(-1.767766952966,0.885,1.767766952966));
#13856 = CARTESIAN_POINT('',(-1.035533905933,0.9475,2.5));
#13857 = CARTESIAN_POINT('',(-4.796051239622E-15,1.01,2.5));
#13858 = CARTESIAN_POINT('',(1.035533905933,1.0725,2.5));
#13859 = CARTESIAN_POINT('',(1.767766952966,1.135,1.767766952966));
#13860 = CARTESIAN_POINT('',(2.5,1.1975,1.035533905933));
#13861 = CARTESIAN_POINT('',(2.5,1.26,-1.387778780781E-14));
#13862 = CARTESIAN_POINT('',(2.5,1.3225,-1.035533905933));
#13863 = CARTESIAN_POINT('',(1.767766952966,1.385,-1.767766952966));
#13864 = CARTESIAN_POINT('',(1.035533905933,1.4475,-2.5));
#13865 = CARTESIAN_POINT('',(-4.183727840049E-15,1.51,-2.5));
#13866 = CARTESIAN_POINT('',(-1.035533905933,1.5725,-2.5));
#13867 = CARTESIAN_POINT('',(-1.767766952966,1.635,-1.767766952966));
#13868 = CARTESIAN_POINT('',(-2.5,1.6975,-1.035533905933));
#13869 = CARTESIAN_POINT('',(-2.5,1.76,-1.41839495076E-14));
#13870 = CARTESIAN_POINT('',(-2.5,1.8225,1.035533905933));
#13871 = CARTESIAN_POINT('',(-1.767766952966,1.885,1.767766952966));
#13872 = CARTESIAN_POINT('',(-1.035533905933,1.9475,2.5));
#13873 = CARTESIAN_POINT('',(-4.796051239622E-15,2.01,2.5));
#13874 = CARTESIAN_POINT('',(1.035533905933,2.0725,2.5));
#13875 = CARTESIAN_POINT('',(1.767766952966,2.135,1.767766952966));
#13876 = CARTESIAN_POINT('',(2.5,2.1975,1.035533905933));
#13877 = CARTESIAN_POINT('',(2.5,2.26,-1.387778780781E-14));
#13878 = CARTESIAN_POINT('',(2.5,2.3225,-1.035533905933));
#13879 = CARTESIAN_POINT('',(1.767766952966,2.385,-1.767766952966));
#13880 = CARTESIAN_POINT('',(1.035533905933,2.4475,-2.5));
#13881 = CARTESIAN_POINT('',(-4.183727840049E-15,2.51,-2.5));
#13882 = CARTESIAN_POINT('',(-1.035533905933,2.5725,-2.5));
#13883 = CARTESIAN_POINT('',(-1.767766952966,2.635,-1.767766952966));
#13884 = CARTESIAN_POINT('',(-2.5,2.6975,-1.035533905933));
#13885 = CARTESIAN_POINT('',(-2.5,2.76,-1.41839495076E-14));
#13886 = CARTESIAN_POINT('',(-2.5,2.8225,1.035533905933));
#13887 = CARTESIAN_POINT('',(-1.767766952966,2.885,1.767766952966));
#13888 = CARTESIAN_POINT('',(-1.035533905933,2.9475,2.5));
#13889 = CARTESIAN_POINT('',(-4.796051239622E-15,3.01,2.5));
#13890 = CARTESIAN_POINT('',(1.035533905933,3.0725,2.5));
#13891 = CARTESIAN_POINT('',(1.767766952966,3.135,1.767766952966));
#13892 = CARTESIAN_POINT('',(2.5,3.1975,1.035533905933));
#13893 = CARTESIAN_POINT('',(2.5,3.26,-1.387778780781E-14));
#13894 = CARTESIAN_POINT('',(2.5,3.3225,-1.035533905933));
#13895 = CARTESIAN_POINT('',(1.767766952966,3.385,-1.767766952966));
#13896 = CARTESIAN_POINT('',(1.035533905933,3.4475,-2.5));
#13897 = CARTESIAN_POINT('',(-4.183727840049E-15,3.51,-2.5));
#13898 = CARTESIAN_POINT('',(-1.035533905933,3.5725,-2.5));
#13899 = CARTESIAN_POINT('',(-1.767766952966,3.635,-1.767766952966));
#13900 = CARTESIAN_POINT('',(-2.5,3.6975,-1.035533905933));
#13901 = CARTESIAN_POINT('',(-2.5,3.76,-1.41839495076E-14));
#13902 = CARTESIAN_POINT('',(-2.5,3.8225,1.035533905933));
#13903 = CARTESIAN_POINT('',(-1.767766952966,3.885,1.767766952966));
#13904 = CARTESIAN_POINT('',(-1.035533905933,3.9475,2.5));
#13905 = CARTESIAN_POINT('',(-4.796051239622E-15,4.01,2.5));
#13906 = CARTESIAN_POINT('',(1.035533905933,4.0725,2.5));
#13907 = CARTESIAN_POINT('',(1.767766952966,4.135,1.767766952966));
#13908 = CARTESIAN_POINT('',(2.5,4.1975,1.035533905933));
#13909 = CARTESIAN_POINT('',(2.5,4.26,-1.387778780781E-14));
#13910 = CARTESIAN_POINT('',(2.5,4.3225,-1.035533905933));
#13911 = CARTESIAN_POINT('',(1.767766952966,4.385,-1.767766952966));
#13912 = CARTESIAN_POINT('',(1.035533905933,4.4475,-2.5));
#13913 = CARTESIAN_POINT('',(-4.183727840049E-15,4.51,-2.5));
#13914 = CARTESIAN_POINT('',(-1.035533905933,4.5725,-2.5));
#13915 = CARTESIAN_POINT('',(-1.767766952966,4.635,-1.767766952966));
#13916 = CARTESIAN_POINT('',(-2.5,4.6975,-1.035533905933));
#13917 = CARTESIAN_POINT('',(-2.5,4.76,-1.41839495076E-14));
#13918 = CARTESIAN_POINT('',(-2.5,4.8225,1.035533905933));
#13919 = CARTESIAN_POINT('',(-1.767766952966,4.885,1.767766952966));
#13920 = CARTESIAN_POINT('',(-1.035533905933,4.9475,2.5));
#13921 = CARTESIAN_POINT('',(-4.796051239622E-15,5.01,2.5));
#13922 = CARTESIAN_POINT('',(1.035533905933,5.0725,2.5));
#13923 = CARTESIAN_POINT('',(1.767766952966,5.135,1.767766952966));
#13924 = CARTESIAN_POINT('',(2.5,5.1975,1.035533905933));
#13925 = CARTESIAN_POINT('',(2.5,5.26,-1.387778780781E-14));
#13926 = CARTESIAN_POINT('',(2.5,5.3225,-1.035533905933));
#13927 = CARTESIAN_POINT('',(1.767766952966,5.385,-1.767766952966));
#13928 = CARTESIAN_POINT('',(1.035533905933,5.4475,-2.5));
#13929 = CARTESIAN_POINT('',(-4.183727840049E-15,5.51,-2.5));
#13930 = CARTESIAN_POINT('',(-1.035533905933,5.5725,-2.5));
#13931 = CARTESIAN_POINT('',(-1.767766952966,5.635,-1.767766952966));
#13932 = CARTESIAN_POINT('',(-2.5,5.6975,-1.035533905933));
#13933 = CARTESIAN_POINT('',(-2.5,5.76,-1.41839495076E-14));
#13934 = CARTESIAN_POINT('',(-2.5,5.8225,1.035533905933));
#13935 = CARTESIAN_POINT('',(-1.767766952966,5.885,1.767766952966));
#13936 = CARTESIAN_POINT('',(-1.035533905933,5.9475,2.5));
#13937 = CARTESIAN_POINT('',(-4.796051239622E-15,6.01,2.5));
#13938 = CARTESIAN_POINT('',(1.035533905933,6.0725,2.5));
#13939 = CARTESIAN_POINT('',(1.767766952966,6.135,1.767766952966));
#13940 = CARTESIAN_POINT('',(2.5,6.1975,1.035533905933));
#13941 = CARTESIAN_POINT('',(2.5,6.26,-1.387778780781E-14));
#13942 = CARTESIAN_POINT('',(2.5,6.3225,-1.035533905933));
#13943 = CARTESIAN_POINT('',(1.767766952966,6.385,-1.767766952966));
#13944 = CARTESIAN_POINT('',(1.035533905933,6.4475,-2.5));
#13945 = CARTESIAN_POINT('',(-4.183727840049E-15,6.51,-2.5));
#13946 = CARTESIAN_POINT('',(-1.035533905933,6.5725,-2.5));
#13947 = CARTESIAN_POINT('',(-1.767766952966,6.635,-1.767766952966));
#13948 = CARTESIAN_POINT('',(-2.5,6.6975,-1.035533905933));
#13949 = CARTESIAN_POINT('',(-2.5,6.76,-1.41839495076E-14));
#13950 = CARTESIAN_POINT('',(-2.5,6.8225,1.035533905933));
#13951 = CARTESIAN_POINT('',(-1.767766952966,6.885,1.767766952966));
#13952 = CARTESIAN_POINT('',(-1.035533905933,6.9475,2.5));
#13953 = CARTESIAN_POINT('',(-4.796051239622E-15,7.01,2.5));
#13954 = CARTESIAN_POINT('',(1.035533905933,7.0725,2.5));
#13955 = CARTESIAN_POINT('',(1.767766952966,7.135,1.767766952966));
#13956 = CARTESIAN_POINT('',(2.5,7.1975,1.035533905933));
#13957 = CARTESIAN_POINT('',(2.5,7.26,-1.387778780781E-14));
#13958 = CARTESIAN_POINT('',(2.5,7.3225,-1.035533905933));
#13959 = CARTESIAN_POINT('',(1.767766952966,7.385,-1.767766952966));
#13960 = CARTESIAN_POINT('',(1.035533905933,7.4475,-2.5));
#13961 = CARTESIAN_POINT('',(-4.183727840049E-15,7.51,-2.5));
#13962 = CARTESIAN_POINT('',(-1.035533905933,7.5725,-2.5));
#13963 = CARTESIAN_POINT('',(-1.767766952966,7.635,-1.767766952966));
#13964 = CARTESIAN_POINT('',(-2.5,7.6975,-1.035533905933));
#13965 = CARTESIAN_POINT('',(-2.5,7.76,-1.41839495076E-14));
#13966 = CARTESIAN_POINT('',(-2.5,7.8225,1.035533905933));
#13967 = CARTESIAN_POINT('',(-1.767766952966,7.885,1.767766952966));
#13968 = CARTESIAN_POINT('',(-1.035533905933,7.9475,2.5));
#13969 = CARTESIAN_POINT('',(-4.796051239622E-15,8.01,2.5));
#13970 = CARTESIAN_POINT('',(1.035533905933,8.0725,2.5));
#13971 = CARTESIAN_POINT('',(1.767766952966,8.135,1.767766952966));
#13972 = CARTESIAN_POINT('',(2.5,8.1975,1.035533905933));
#13973 = CARTESIAN_POINT('',(2.5,8.26,-1.387778780781E-14));
#13974 = CARTESIAN_POINT('',(2.5,8.3225,-1.035533905933));
#13975 = CARTESIAN_POINT('',(1.767766952966,8.385,-1.767766952966));
#13976 = CARTESIAN_POINT('',(1.035533905933,8.4475,-2.5));
#13977 = CARTESIAN_POINT('',(-4.183727840049E-15,8.51,-2.5));
#13978 = CARTESIAN_POINT('',(-1.035533905933,8.5725,-2.5));
#13979 = CARTESIAN_POINT('',(-1.767766952966,8.635,-1.767766952966));
#13980 = CARTESIAN_POINT('',(-2.5,8.6975,-1.035533905933));
#13981 = CARTESIAN_POINT('',(-2.5,8.76,-1.41839495076E-14));
#13982 = CARTESIAN_POINT('',(-2.5,8.8225,1.035533905933));
#13983 = CARTESIAN_POINT('',(-1.767766952966,8.885,1.767766952966));
#13984 = CARTESIAN_POINT('',(-1.035533905933,8.9475,2.5));
#13985 = CARTESIAN_POINT('',(-4.796051239622E-15,9.01,2.5));
#13986 = CARTESIAN_POINT('',(1.035533905933,9.0725,2.5));
#13987 = CARTESIAN_POINT('',(1.767766952966,9.135,1.767766952966));
#13988 = CARTESIAN_POINT('',(2.5,9.1975,1.035533905933));
#13989 = CARTESIAN_POINT('',(2.5,9.26,-1.387778780781E-14));
#13990 = ADVANCED_FACE('',(#13991),#14106,.T.);
#13991 = FACE_BOUND('',#13992,.T.);
#13992 = EDGE_LOOP('',(#13993,#13994,#13995,#13996));
#13993 = ORIENTED_EDGE('',*,*,#12455,.T.);
#13994 = ORIENTED_EDGE('',*,*,#13590,.T.);
#13995 = ORIENTED_EDGE('',*,*,#12681,.F.);
#13996 = ORIENTED_EDGE('',*,*,#13997,.F.);
#13997 = EDGE_CURVE('',#12456,#12682,#13998,.T.);
#13998 = ( BOUNDED_CURVE() B_SPLINE_CURVE(2,(#13999,#14000,#14001,#14002
    ,#14003,#14004,#14005,#14006,#14007,#14008,#14009,#14010,#14011,
    #14012,#14013,#14014,#14015,#14016,#14017,#14018,#14019,#14020,
    #14021,#14022,#14023,#14024,#14025,#14026,#14027,#14028,#14029,
    #14030,#14031,#14032,#14033,#14034,#14035,#14036,#14037,#14038,
    #14039,#14040,#14041,#14042,#14043,#14044,#14045,#14046,#14047,
    #14048,#14049,#14050,#14051,#14052,#14053,#14054,#14055,#14056,
    #14057,#14058,#14059,#14060,#14061,#14062,#14063,#14064,#14065,
    #14066,#14067,#14068,#14069,#14070,#14071,#14072,#14073,#14074,
    #14075,#14076,#14077,#14078,#14079,#14080,#14081,#14082,#14083,
    #14084,#14085,#14086,#14087,#14088,#14089,#14090,#14091,#14092,
    #14093,#14094,#14095,#14096,#14097,#14098,#14099,#14100,#14101,
    #14102,#14103,#14104,#14105),.UNSPECIFIED.,.F.,.F.) 
B_SPLINE_CURVE_WITH_KNOTS((3,2,2,2,2,2,2,2,2,2,2,2,2,2,2,2,2,2,2,2,2,2,2
    ,2,2,2,2,2,2,2,2,2,2,2,2,2,2,2,2,2,2,2,2,2,2,2,2,2,2,2,2,2,2,3),(
    9.027777763182E-02,9.722222222222E-02,0.111111111111,0.125,
    0.138888888889,0.152777777778,0.166666666667,0.180555555556,
    0.194444444444,0.208333333333,0.222222222222,0.236111111111,0.25,
    0.263888888889,0.277777777778,0.291666666667,0.305555555556,
    0.319444444444,0.333333333333,0.347222222222,0.361111111111,0.375,
    0.388888888889,0.402777777778,0.416666666667,0.430555555556,
    0.444444444444,0.458333333333,0.472222222222,0.486111111111,0.5,
    0.513888888889,0.527777777778,0.541666666667,0.555555555556,
    0.569444444444,0.583333333333,0.597222222222,0.611111111111,0.625,
    0.638888888889,0.652777777778,0.666666666667,0.680555555556,
    0.694444444444,0.708333333333,0.722222222222,0.736111111111,0.75,
    0.763888888889,0.777777777778,0.791666666667,0.805555555556,
0.810298841839),.UNSPECIFIED.) CURVE() GEOMETRIC_REPRESENTATION_ITEM() 
RATIONAL_B_SPLINE_CURVE((0.961939766256,0.961939765456,1.,0.923879532511
    ,1.,0.923879532511,1.,0.923879532511,1.,0.923879532511,1.,
    0.923879532511,1.,0.923879532511,1.,0.923879532511,1.,0.923879532511
    ,1.,0.923879532511,1.,0.923879532511,1.,0.923879532511,1.,
    0.923879532511,1.,0.923879532511,1.,0.923879532511,1.,0.923879532511
    ,1.,0.923879532511,1.,0.923879532511,1.,0.923879532511,1.,
    0.923879532511,1.,0.923879532511,1.,0.923879532511,1.,0.923879532511
    ,1.,0.923879532511,1.,0.923879532511,1.,0.923879532511,1.,
    0.923879532511,1.,0.923879532511,1.,0.923879532511,1.,0.923879532511
    ,1.,0.923879532511,1.,0.923879532511,1.,0.923879532511,1.,
    0.923879532511,1.,0.923879532511,1.,0.923879532511,1.,0.923879532511
    ,1.,0.923879532511,1.,0.923879532511,1.,0.923879532511,1.,
    0.923879532511,1.,0.923879532511,1.,0.923879532511,1.,0.923879532511
    ,1.,0.923879532511,1.,0.923879532511,1.,0.923879532511,1.,
    0.923879532511,1.,0.923879532511,1.,0.923879532511,1.,0.923879532511
    ,1.,0.923879532511,1.,0.974003595809,0.965763599406)) 
REPRESENTATION_ITEM('') );
#13999 = CARTESIAN_POINT('',(1.163842040286,0.51,2.809763304569));
#14000 = CARTESIAN_POINT('',(1.722738723186,0.542486442269,
    2.578260724021));
#14001 = CARTESIAN_POINT('',(2.150499723604,0.572500001366,
    2.150499723604));
#14002 = CARTESIAN_POINT('',(3.041265875,0.635000001366,1.259733572207)
  );
#14003 = CARTESIAN_POINT('',(3.041265875,0.697500001366,
    -1.387778780781E-14));
#14004 = CARTESIAN_POINT('',(3.041265875,0.760000001366,-1.259733572207)
  );
#14005 = CARTESIAN_POINT('',(2.150499723604,0.822500001366,
    -2.150499723604));
#14006 = CARTESIAN_POINT('',(1.259733572207,0.885000001366,-3.041265875)
  );
#14007 = CARTESIAN_POINT('',(-4.150584863983E-15,0.947500001366,
    -3.041265875));
#14008 = CARTESIAN_POINT('',(-1.259733572207,1.010000001366,-3.041265875
    ));
#14009 = CARTESIAN_POINT('',(-2.150499723604,1.072500001366,
    -2.150499723604));
#14010 = CARTESIAN_POINT('',(-3.041265875,1.135000001366,-1.259733572207
    ));
#14011 = CARTESIAN_POINT('',(-3.041265875,1.197500001366,
    -1.425023545973E-14));
#14012 = CARTESIAN_POINT('',(-3.041265875,1.260000001366,1.259733572207)
  );
#14013 = CARTESIAN_POINT('',(-2.150499723604,1.322500001366,
    2.150499723604));
#14014 = CARTESIAN_POINT('',(-1.259733572207,1.385000001366,3.041265875)
  );
#14015 = CARTESIAN_POINT('',(-4.895480167818E-15,1.447500001366,
    3.041265875));
#14016 = CARTESIAN_POINT('',(1.259733572207,1.510000001366,3.041265875)
  );
#14017 = CARTESIAN_POINT('',(2.150499723604,1.572500001366,
    2.150499723604));
#14018 = CARTESIAN_POINT('',(3.041265875,1.635000001366,1.259733572207)
  );
#14019 = CARTESIAN_POINT('',(3.041265875,1.697500001366,
    -1.387778780781E-14));
#14020 = CARTESIAN_POINT('',(3.041265875,1.760000001366,-1.259733572207)
  );
#14021 = CARTESIAN_POINT('',(2.150499723604,1.822500001366,
    -2.150499723604));
#14022 = CARTESIAN_POINT('',(1.259733572207,1.885000001366,-3.041265875)
  );
#14023 = CARTESIAN_POINT('',(-4.150584863983E-15,1.947500001366,
    -3.041265875));
#14024 = CARTESIAN_POINT('',(-1.259733572207,2.010000001366,-3.041265875
    ));
#14025 = CARTESIAN_POINT('',(-2.150499723604,2.072500001366,
    -2.150499723604));
#14026 = CARTESIAN_POINT('',(-3.041265875,2.135000001366,-1.259733572207
    ));
#14027 = CARTESIAN_POINT('',(-3.041265875,2.197500001366,
    -1.425023545973E-14));
#14028 = CARTESIAN_POINT('',(-3.041265875,2.260000001366,1.259733572207)
  );
#14029 = CARTESIAN_POINT('',(-2.150499723604,2.322500001366,
    2.150499723604));
#14030 = CARTESIAN_POINT('',(-1.259733572207,2.385000001366,3.041265875)
  );
#14031 = CARTESIAN_POINT('',(-4.895480167818E-15,2.447500001366,
    3.041265875));
#14032 = CARTESIAN_POINT('',(1.259733572207,2.510000001366,3.041265875)
  );
#14033 = CARTESIAN_POINT('',(2.150499723604,2.572500001366,
    2.150499723604));
#14034 = CARTESIAN_POINT('',(3.041265875,2.635000001366,1.259733572207)
  );
#14035 = CARTESIAN_POINT('',(3.041265875,2.697500001366,
    -1.387778780781E-14));
#14036 = CARTESIAN_POINT('',(3.041265875,2.760000001366,-1.259733572207)
  );
#14037 = CARTESIAN_POINT('',(2.150499723604,2.822500001366,
    -2.150499723604));
#14038 = CARTESIAN_POINT('',(1.259733572207,2.885000001366,-3.041265875)
  );
#14039 = CARTESIAN_POINT('',(-4.150584863983E-15,2.947500001366,
    -3.041265875));
#14040 = CARTESIAN_POINT('',(-1.259733572207,3.010000001366,-3.041265875
    ));
#14041 = CARTESIAN_POINT('',(-2.150499723604,3.072500001366,
    -2.150499723604));
#14042 = CARTESIAN_POINT('',(-3.041265875,3.135000001366,-1.259733572207
    ));
#14043 = CARTESIAN_POINT('',(-3.041265875,3.197500001366,
    -1.425023545973E-14));
#14044 = CARTESIAN_POINT('',(-3.041265875,3.260000001366,1.259733572207)
  );
#14045 = CARTESIAN_POINT('',(-2.150499723604,3.322500001366,
    2.150499723604));
#14046 = CARTESIAN_POINT('',(-1.259733572207,3.385000001366,3.041265875)
  );
#14047 = CARTESIAN_POINT('',(-4.895480167818E-15,3.447500001366,
    3.041265875));
#14048 = CARTESIAN_POINT('',(1.259733572207,3.510000001366,3.041265875)
  );
#14049 = CARTESIAN_POINT('',(2.150499723604,3.572500001366,
    2.150499723604));
#14050 = CARTESIAN_POINT('',(3.041265875,3.635000001366,1.259733572207)
  );
#14051 = CARTESIAN_POINT('',(3.041265875,3.697500001366,
    -1.387778780781E-14));
#14052 = CARTESIAN_POINT('',(3.041265875,3.760000001366,-1.259733572207)
  );
#14053 = CARTESIAN_POINT('',(2.150499723604,3.822500001366,
    -2.150499723604));
#14054 = CARTESIAN_POINT('',(1.259733572207,3.885000001366,-3.041265875)
  );
#14055 = CARTESIAN_POINT('',(-4.150584863983E-15,3.947500001366,
    -3.041265875));
#14056 = CARTESIAN_POINT('',(-1.259733572207,4.010000001366,-3.041265875
    ));
#14057 = CARTESIAN_POINT('',(-2.150499723604,4.072500001366,
    -2.150499723604));
#14058 = CARTESIAN_POINT('',(-3.041265875,4.135000001366,-1.259733572207
    ));
#14059 = CARTESIAN_POINT('',(-3.041265875,4.197500001366,
    -1.425023545973E-14));
#14060 = CARTESIAN_POINT('',(-3.041265875,4.260000001366,1.259733572207)
  );
#14061 = CARTESIAN_POINT('',(-2.150499723604,4.322500001366,
    2.150499723604));
#14062 = CARTESIAN_POINT('',(-1.259733572207,4.385000001366,3.041265875)
  );
#14063 = CARTESIAN_POINT('',(-4.895480167818E-15,4.447500001366,
    3.041265875));
#14064 = CARTESIAN_POINT('',(1.259733572207,4.510000001366,3.041265875)
  );
#14065 = CARTESIAN_POINT('',(2.150499723604,4.572500001366,
    2.150499723604));
#14066 = CARTESIAN_POINT('',(3.041265875,4.635000001366,1.259733572207)
  );
#14067 = CARTESIAN_POINT('',(3.041265875,4.697500001366,
    -1.387778780781E-14));
#14068 = CARTESIAN_POINT('',(3.041265875,4.760000001366,-1.259733572207)
  );
#14069 = CARTESIAN_POINT('',(2.150499723604,4.822500001366,
    -2.150499723604));
#14070 = CARTESIAN_POINT('',(1.259733572207,4.885000001366,-3.041265875)
  );
#14071 = CARTESIAN_POINT('',(-4.150584863983E-15,4.947500001366,
    -3.041265875));
#14072 = CARTESIAN_POINT('',(-1.259733572207,5.010000001366,-3.041265875
    ));
#14073 = CARTESIAN_POINT('',(-2.150499723604,5.072500001366,
    -2.150499723604));
#14074 = CARTESIAN_POINT('',(-3.041265875,5.135000001366,-1.259733572207
    ));
#14075 = CARTESIAN_POINT('',(-3.041265875,5.197500001366,
    -1.425023545973E-14));
#14076 = CARTESIAN_POINT('',(-3.041265875,5.260000001366,1.259733572207)
  );
#14077 = CARTESIAN_POINT('',(-2.150499723604,5.322500001366,
    2.150499723604));
#14078 = CARTESIAN_POINT('',(-1.259733572207,5.385000001366,3.041265875)
  );
#14079 = CARTESIAN_POINT('',(-4.895480167818E-15,5.447500001366,
    3.041265875));
#14080 = CARTESIAN_POINT('',(1.259733572207,5.510000001366,3.041265875)
  );
#14081 = CARTESIAN_POINT('',(2.150499723604,5.572500001366,
    2.150499723604));
#14082 = CARTESIAN_POINT('',(3.041265875,5.635000001366,1.259733572207)
  );
#14083 = CARTESIAN_POINT('',(3.041265875,5.697500001366,
    -1.387778780781E-14));
#14084 = CARTESIAN_POINT('',(3.041265875,5.760000001366,-1.259733572207)
  );
#14085 = CARTESIAN_POINT('',(2.150499723604,5.822500001366,
    -2.150499723604));
#14086 = CARTESIAN_POINT('',(1.259733572207,5.885000001366,-3.041265875)
  );
#14087 = CARTESIAN_POINT('',(-4.150584863983E-15,5.947500001366,
    -3.041265875));
#14088 = CARTESIAN_POINT('',(-1.259733572207,6.010000001366,-3.041265875
    ));
#14089 = CARTESIAN_POINT('',(-2.150499723604,6.072500001366,
    -2.150499723604));
#14090 = CARTESIAN_POINT('',(-3.041265875,6.135000001366,-1.259733572207
    ));
#14091 = CARTESIAN_POINT('',(-3.041265875,6.197500001366,
    -1.425023545973E-14));
#14092 = CARTESIAN_POINT('',(-3.041265875,6.260000001366,1.259733572207)
  );
#14093 = CARTESIAN_POINT('',(-2.150499723604,6.322500001366,
    2.150499723604));
#14094 = CARTESIAN_POINT('',(-1.259733572207,6.385000001366,3.041265875)
  );
#14095 = CARTESIAN_POINT('',(-4.895480167818E-15,6.447500001366,
    3.041265875));
#14096 = CARTESIAN_POINT('',(1.259733572207,6.510000001366,3.041265875)
  );
#14097 = CARTESIAN_POINT('',(2.150499723604,6.572500001366,
    2.150499723604));
#14098 = CARTESIAN_POINT('',(3.041265875,6.635000001366,1.259733572207)
  );
#14099 = CARTESIAN_POINT('',(3.041265875,6.697500001366,
    -1.387778780781E-14));
#14100 = CARTESIAN_POINT('',(3.041265875,6.760000001366,-1.259733572207)
  );
#14101 = CARTESIAN_POINT('',(2.150499723604,6.822500001366,
    -2.150499723604));
#14102 = CARTESIAN_POINT('',(1.259733572207,6.885000001366,-3.041265875)
  );
#14103 = CARTESIAN_POINT('',(-4.150584863983E-15,6.947500001366,
    -3.041265875));
#14104 = CARTESIAN_POINT('',(-0.408080011917,6.967746346551,-3.041265875
    ));
#14105 = CARTESIAN_POINT('',(-0.801725333364,6.989487296742,
    -2.933689590308));
#14106 = ( BOUNDED_SURFACE() B_SPLINE_SURFACE(1,2,(
    (#14107,#14108,#14109,#14110,#14111,#14112,#14113,#14114,#14115
      ,#14116,#14117,#14118,#14119,#14120,#14121,#14122,#14123,#14124
      ,#14125,#14126,#14127,#14128,#14129,#14130,#14131,#14132,#14133
      ,#14134,#14135,#14136,#14137,#14138,#14139,#14140,#14141,#14142
      ,#14143,#14144,#14145,#14146,#14147,#14148,#14149,#14150,#14151
      ,#14152,#14153,#14154,#14155,#14156,#14157,#14158,#14159,#14160
      ,#14161,#14162,#14163,#14164,#14165,#14166,#14167,#14168,#14169
      ,#14170,#14171,#14172,#14173,#14174,#14175,#14176,#14177,#14178
      ,#14179,#14180,#14181,#14182,#14183,#14184,#14185,#14186,#14187
      ,#14188,#14189,#14190,#14191,#14192,#14193,#14194,#14195,#14196
      ,#14197,#14198,#14199,#14200,#14201,#14202,#14203,#14204,#14205
      ,#14206,#14207,#14208,#14209,#14210,#14211,#14212,#14213,#14214
      ,#14215,#14216,#14217,#14218,#14219,#14220,#14221,#14222,#14223
      ,#14224,#14225,#14226,#14227,#14228,#14229,#14230,#14231,#14232
      ,#14233,#14234,#14235,#14236,#14237,#14238,#14239,#14240,#14241
      ,#14242,#14243,#14244,#14245,#14246,#14247,#14248,#14249,#14250
      ,#14251)
    ,(#14252,#14253,#14254,#14255,#14256,#14257,#14258,#14259,#14260
      ,#14261,#14262,#14263,#14264,#14265,#14266,#14267,#14268,#14269
      ,#14270,#14271,#14272,#14273,#14274,#14275,#14276,#14277,#14278
      ,#14279,#14280,#14281,#14282,#14283,#14284,#14285,#14286,#14287
      ,#14288,#14289,#14290,#14291,#14292,#14293,#14294,#14295,#14296
      ,#14297,#14298,#14299,#14300,#14301,#14302,#14303,#14304,#14305
      ,#14306,#14307,#14308,#14309,#14310,#14311,#14312,#14313,#14314
      ,#14315,#14316,#14317,#14318,#14319,#14320,#14321,#14322,#14323
      ,#14324,#14325,#14326,#14327,#14328,#14329,#14330,#14331,#14332
      ,#14333,#14334,#14335,#14336,#14337,#14338,#14339,#14340,#14341
      ,#14342,#14343,#14344,#14345,#14346,#14347,#14348,#14349,#14350
      ,#14351,#14352,#14353,#14354,#14355,#14356,#14357,#14358,#14359
      ,#14360,#14361,#14362,#14363,#14364,#14365,#14366,#14367,#14368
      ,#14369,#14370,#14371,#14372,#14373,#14374,#14375,#14376,#14377
      ,#14378,#14379,#14380,#14381,#14382,#14383,#14384,#14385,#14386
      ,#14387,#14388,#14389,#14390,#14391,#14392,#14393,#14394,#14395
,#14396
    )),.UNSPECIFIED.,.F.,.F.,.F.) B_SPLINE_SURFACE_WITH_KNOTS((2,2),(3,2
    ,2,2,2,2,2,2,2,2,2,2,2,2,2,2,2,2,2,2,2,2,2,2,2,2,2,2,2,2,2,2,2,2,2,2
    ,2,2,2,2,2,2,2,2,2,2,2,2,2,2,2,2,2,2,2,2,2,2,2,2,2,2,2,2,2,2,2,2,2,2
    ,2,2,3),(0.,1.),(0.,1.388888888889E-02,2.777777777778E-02,
    4.166666666667E-02,5.555555555556E-02,6.944444444444E-02,
    8.333333333333E-02,9.722222222222E-02,0.111111111111,0.125,
    0.138888888889,0.152777777778,0.166666666667,0.180555555556,
    0.194444444444,0.208333333333,0.222222222222,0.236111111111,0.25,
    0.263888888889,0.277777777778,0.291666666667,0.305555555556,
    0.319444444444,0.333333333333,0.347222222222,0.361111111111,0.375,
    0.388888888889,0.402777777778,0.416666666667,0.430555555556,
    0.444444444444,0.458333333333,0.472222222222,0.486111111111,0.5,
    0.513888888889,0.527777777778,0.541666666667,0.555555555556,
    0.569444444444,0.583333333333,0.597222222222,0.611111111111,0.625,
    0.638888888889,0.652777777778,0.666666666667,0.680555555556,
    0.694444444444,0.708333333333,0.722222222222,0.736111111111,0.75,
    0.763888888889,0.777777777778,0.791666666667,0.805555555556,
    0.819444444444,0.833333333333,0.847222222222,0.861111111111,0.875,
    0.888888888889,0.902777777778,0.916666666667,0.930555555556,
    0.944444444444,0.958333333333,0.972222222222,0.986111111111,1.),
.PIECEWISE_BEZIER_KNOTS.) GEOMETRIC_REPRESENTATION_ITEM() 
RATIONAL_B_SPLINE_SURFACE((
    (1.,0.923879532511,1.,0.923879532511,1.,0.923879532511,1.
      ,0.923879532511,1.,0.923879532511,1.,0.923879532511,1.
      ,0.923879532511,1.,0.923879532511,1.,0.923879532511,1.
      ,0.923879532511,1.,0.923879532511,1.,0.923879532511,1.
      ,0.923879532511,1.,0.923879532511,1.,0.923879532511,1.
      ,0.923879532511,1.,0.923879532511,1.,0.923879532511,1.
      ,0.923879532511,1.,0.923879532511,1.,0.923879532511,1.
      ,0.923879532511,1.,0.923879532511,1.,0.923879532511,1.
      ,0.923879532511,1.,0.923879532511,1.,0.923879532511,1.
      ,0.923879532511,1.,0.923879532511,1.,0.923879532511,1.
      ,0.923879532511,1.,0.923879532511,1.,0.923879532511,1.
      ,0.923879532511,1.,0.923879532511,1.,0.923879532511,1.
      ,0.923879532511,1.,0.923879532511,1.,0.923879532511,1.
      ,0.923879532511,1.,0.923879532511,1.,0.923879532511,1.
      ,0.923879532511,1.,0.923879532511,1.,0.923879532511,1.
      ,0.923879532511,1.,0.923879532511,1.,0.923879532511,1.
      ,0.923879532511,1.,0.923879532511,1.,0.923879532511,1.
      ,0.923879532511,1.,0.923879532511,1.,0.923879532511,1.
      ,0.923879532511,1.,0.923879532511,1.,0.923879532511,1.
      ,0.923879532511,1.,0.923879532511,1.,0.923879532511,1.
      ,0.923879532511,1.,0.923879532511,1.,0.923879532511,1.
      ,0.923879532511,1.,0.923879532511,1.,0.923879532511,1.
      ,0.923879532511,1.,0.923879532511,1.,0.923879532511,1.
      ,0.923879532511,1.,0.923879532511,1.,0.923879532511,1.)
    ,(1.,0.923879532511,1.,0.923879532511,1.,0.923879532511,1.
      ,0.923879532511,1.,0.923879532511,1.,0.923879532511,1.
      ,0.923879532511,1.,0.923879532511,1.,0.923879532511,1.
      ,0.923879532511,1.,0.923879532511,1.,0.923879532511,1.
      ,0.923879532511,1.,0.923879532511,1.,0.923879532511,1.
      ,0.923879532511,1.,0.923879532511,1.,0.923879532511,1.
      ,0.923879532511,1.,0.923879532511,1.,0.923879532511,1.
      ,0.923879532511,1.,0.923879532511,1.,0.923879532511,1.
      ,0.923879532511,1.,0.923879532511,1.,0.923879532511,1.
      ,0.923879532511,1.,0.923879532511,1.,0.923879532511,1.
      ,0.923879532511,1.,0.923879532511,1.,0.923879532511,1.
      ,0.923879532511,1.,0.923879532511,1.,0.923879532511,1.
      ,0.923879532511,1.,0.923879532511,1.,0.923879532511,1.
      ,0.923879532511,1.,0.923879532511,1.,0.923879532511,1.
      ,0.923879532511,1.,0.923879532511,1.,0.923879532511,1.
      ,0.923879532511,1.,0.923879532511,1.,0.923879532511,1.
      ,0.923879532511,1.,0.923879532511,1.,0.923879532511,1.
      ,0.923879532511,1.,0.923879532511,1.,0.923879532511,1.
      ,0.923879532511,1.,0.923879532511,1.,0.923879532511,1.
      ,0.923879532511,1.,0.923879532511,1.,0.923879532511,1.
      ,0.923879532511,1.,0.923879532511,1.,0.923879532511,1.
      ,0.923879532511,1.,0.923879532511,1.,0.923879532511,1.
      ,0.923879532511,1.,0.923879532511,1.,0.923879532511,1.
      ,0.923879532511,1.,0.923879532511,1.,0.923879532511,1.
))) REPRESENTATION_ITEM('') SURFACE() );
#14107 = CARTESIAN_POINT('',(3.041265875,-0.302499998634,
    -1.387778780781E-14));
#14108 = CARTESIAN_POINT('',(3.041265875,-0.239999998634,-1.259733572207
    ));
#14109 = CARTESIAN_POINT('',(2.150499723604,-0.177499998634,
    -2.150499723604));
#14110 = CARTESIAN_POINT('',(1.259733572207,-0.114999998634,-3.041265875
    ));
#14111 = CARTESIAN_POINT('',(-4.150584863983E-15,-5.249999863441E-02,
    -3.041265875));
#14112 = CARTESIAN_POINT('',(-1.259733572207,1.000000136559E-02,
    -3.041265875));
#14113 = CARTESIAN_POINT('',(-2.150499723604,7.250000136559E-02,
    -2.150499723604));
#14114 = CARTESIAN_POINT('',(-3.041265875,0.135000001366,-1.259733572207
    ));
#14115 = CARTESIAN_POINT('',(-3.041265875,0.197500001366,
    -1.425023545973E-14));
#14116 = CARTESIAN_POINT('',(-3.041265875,0.260000001366,1.259733572207)
  );
#14117 = CARTESIAN_POINT('',(-2.150499723604,0.322500001366,
    2.150499723604));
#14118 = CARTESIAN_POINT('',(-1.259733572207,0.385000001366,3.041265875)
  );
#14119 = CARTESIAN_POINT('',(-4.895480167818E-15,0.447500001366,
    3.041265875));
#14120 = CARTESIAN_POINT('',(1.259733572207,0.510000001366,3.041265875)
  );
#14121 = CARTESIAN_POINT('',(2.150499723604,0.572500001366,
    2.150499723604));
#14122 = CARTESIAN_POINT('',(3.041265875,0.635000001366,1.259733572207)
  );
#14123 = CARTESIAN_POINT('',(3.041265875,0.697500001366,
    -1.387778780781E-14));
#14124 = CARTESIAN_POINT('',(3.041265875,0.760000001366,-1.259733572207)
  );
#14125 = CARTESIAN_POINT('',(2.150499723604,0.822500001366,
    -2.150499723604));
#14126 = CARTESIAN_POINT('',(1.259733572207,0.885000001366,-3.041265875)
  );
#14127 = CARTESIAN_POINT('',(-4.150584863983E-15,0.947500001366,
    -3.041265875));
#14128 = CARTESIAN_POINT('',(-1.259733572207,1.010000001366,-3.041265875
    ));
#14129 = CARTESIAN_POINT('',(-2.150499723604,1.072500001366,
    -2.150499723604));
#14130 = CARTESIAN_POINT('',(-3.041265875,1.135000001366,-1.259733572207
    ));
#14131 = CARTESIAN_POINT('',(-3.041265875,1.197500001366,
    -1.425023545973E-14));
#14132 = CARTESIAN_POINT('',(-3.041265875,1.260000001366,1.259733572207)
  );
#14133 = CARTESIAN_POINT('',(-2.150499723604,1.322500001366,
    2.150499723604));
#14134 = CARTESIAN_POINT('',(-1.259733572207,1.385000001366,3.041265875)
  );
#14135 = CARTESIAN_POINT('',(-4.895480167818E-15,1.447500001366,
    3.041265875));
#14136 = CARTESIAN_POINT('',(1.259733572207,1.510000001366,3.041265875)
  );
#14137 = CARTESIAN_POINT('',(2.150499723604,1.572500001366,
    2.150499723604));
#14138 = CARTESIAN_POINT('',(3.041265875,1.635000001366,1.259733572207)
  );
#14139 = CARTESIAN_POINT('',(3.041265875,1.697500001366,
    -1.387778780781E-14));
#14140 = CARTESIAN_POINT('',(3.041265875,1.760000001366,-1.259733572207)
  );
#14141 = CARTESIAN_POINT('',(2.150499723604,1.822500001366,
    -2.150499723604));
#14142 = CARTESIAN_POINT('',(1.259733572207,1.885000001366,-3.041265875)
  );
#14143 = CARTESIAN_POINT('',(-4.150584863983E-15,1.947500001366,
    -3.041265875));
#14144 = CARTESIAN_POINT('',(-1.259733572207,2.010000001366,-3.041265875
    ));
#14145 = CARTESIAN_POINT('',(-2.150499723604,2.072500001366,
    -2.150499723604));
#14146 = CARTESIAN_POINT('',(-3.041265875,2.135000001366,-1.259733572207
    ));
#14147 = CARTESIAN_POINT('',(-3.041265875,2.197500001366,
    -1.425023545973E-14));
#14148 = CARTESIAN_POINT('',(-3.041265875,2.260000001366,1.259733572207)
  );
#14149 = CARTESIAN_POINT('',(-2.150499723604,2.322500001366,
    2.150499723604));
#14150 = CARTESIAN_POINT('',(-1.259733572207,2.385000001366,3.041265875)
  );
#14151 = CARTESIAN_POINT('',(-4.895480167818E-15,2.447500001366,
    3.041265875));
#14152 = CARTESIAN_POINT('',(1.259733572207,2.510000001366,3.041265875)
  );
#14153 = CARTESIAN_POINT('',(2.150499723604,2.572500001366,
    2.150499723604));
#14154 = CARTESIAN_POINT('',(3.041265875,2.635000001366,1.259733572207)
  );
#14155 = CARTESIAN_POINT('',(3.041265875,2.697500001366,
    -1.387778780781E-14));
#14156 = CARTESIAN_POINT('',(3.041265875,2.760000001366,-1.259733572207)
  );
#14157 = CARTESIAN_POINT('',(2.150499723604,2.822500001366,
    -2.150499723604));
#14158 = CARTESIAN_POINT('',(1.259733572207,2.885000001366,-3.041265875)
  );
#14159 = CARTESIAN_POINT('',(-4.150584863983E-15,2.947500001366,
    -3.041265875));
#14160 = CARTESIAN_POINT('',(-1.259733572207,3.010000001366,-3.041265875
    ));
#14161 = CARTESIAN_POINT('',(-2.150499723604,3.072500001366,
    -2.150499723604));
#14162 = CARTESIAN_POINT('',(-3.041265875,3.135000001366,-1.259733572207
    ));
#14163 = CARTESIAN_POINT('',(-3.041265875,3.197500001366,
    -1.425023545973E-14));
#14164 = CARTESIAN_POINT('',(-3.041265875,3.260000001366,1.259733572207)
  );
#14165 = CARTESIAN_POINT('',(-2.150499723604,3.322500001366,
    2.150499723604));
#14166 = CARTESIAN_POINT('',(-1.259733572207,3.385000001366,3.041265875)
  );
#14167 = CARTESIAN_POINT('',(-4.895480167818E-15,3.447500001366,
    3.041265875));
#14168 = CARTESIAN_POINT('',(1.259733572207,3.510000001366,3.041265875)
  );
#14169 = CARTESIAN_POINT('',(2.150499723604,3.572500001366,
    2.150499723604));
#14170 = CARTESIAN_POINT('',(3.041265875,3.635000001366,1.259733572207)
  );
#14171 = CARTESIAN_POINT('',(3.041265875,3.697500001366,
    -1.387778780781E-14));
#14172 = CARTESIAN_POINT('',(3.041265875,3.760000001366,-1.259733572207)
  );
#14173 = CARTESIAN_POINT('',(2.150499723604,3.822500001366,
    -2.150499723604));
#14174 = CARTESIAN_POINT('',(1.259733572207,3.885000001366,-3.041265875)
  );
#14175 = CARTESIAN_POINT('',(-4.150584863983E-15,3.947500001366,
    -3.041265875));
#14176 = CARTESIAN_POINT('',(-1.259733572207,4.010000001366,-3.041265875
    ));
#14177 = CARTESIAN_POINT('',(-2.150499723604,4.072500001366,
    -2.150499723604));
#14178 = CARTESIAN_POINT('',(-3.041265875,4.135000001366,-1.259733572207
    ));
#14179 = CARTESIAN_POINT('',(-3.041265875,4.197500001366,
    -1.425023545973E-14));
#14180 = CARTESIAN_POINT('',(-3.041265875,4.260000001366,1.259733572207)
  );
#14181 = CARTESIAN_POINT('',(-2.150499723604,4.322500001366,
    2.150499723604));
#14182 = CARTESIAN_POINT('',(-1.259733572207,4.385000001366,3.041265875)
  );
#14183 = CARTESIAN_POINT('',(-4.895480167818E-15,4.447500001366,
    3.041265875));
#14184 = CARTESIAN_POINT('',(1.259733572207,4.510000001366,3.041265875)
  );
#14185 = CARTESIAN_POINT('',(2.150499723604,4.572500001366,
    2.150499723604));
#14186 = CARTESIAN_POINT('',(3.041265875,4.635000001366,1.259733572207)
  );
#14187 = CARTESIAN_POINT('',(3.041265875,4.697500001366,
    -1.387778780781E-14));
#14188 = CARTESIAN_POINT('',(3.041265875,4.760000001366,-1.259733572207)
  );
#14189 = CARTESIAN_POINT('',(2.150499723604,4.822500001366,
    -2.150499723604));
#14190 = CARTESIAN_POINT('',(1.259733572207,4.885000001366,-3.041265875)
  );
#14191 = CARTESIAN_POINT('',(-4.150584863983E-15,4.947500001366,
    -3.041265875));
#14192 = CARTESIAN_POINT('',(-1.259733572207,5.010000001366,-3.041265875
    ));
#14193 = CARTESIAN_POINT('',(-2.150499723604,5.072500001366,
    -2.150499723604));
#14194 = CARTESIAN_POINT('',(-3.041265875,5.135000001366,-1.259733572207
    ));
#14195 = CARTESIAN_POINT('',(-3.041265875,5.197500001366,
    -1.425023545973E-14));
#14196 = CARTESIAN_POINT('',(-3.041265875,5.260000001366,1.259733572207)
  );
#14197 = CARTESIAN_POINT('',(-2.150499723604,5.322500001366,
    2.150499723604));
#14198 = CARTESIAN_POINT('',(-1.259733572207,5.385000001366,3.041265875)
  );
#14199 = CARTESIAN_POINT('',(-4.895480167818E-15,5.447500001366,
    3.041265875));
#14200 = CARTESIAN_POINT('',(1.259733572207,5.510000001366,3.041265875)
  );
#14201 = CARTESIAN_POINT('',(2.150499723604,5.572500001366,
    2.150499723604));
#14202 = CARTESIAN_POINT('',(3.041265875,5.635000001366,1.259733572207)
  );
#14203 = CARTESIAN_POINT('',(3.041265875,5.697500001366,
    -1.387778780781E-14));
#14204 = CARTESIAN_POINT('',(3.041265875,5.760000001366,-1.259733572207)
  );
#14205 = CARTESIAN_POINT('',(2.150499723604,5.822500001366,
    -2.150499723604));
#14206 = CARTESIAN_POINT('',(1.259733572207,5.885000001366,-3.041265875)
  );
#14207 = CARTESIAN_POINT('',(-4.150584863983E-15,5.947500001366,
    -3.041265875));
#14208 = CARTESIAN_POINT('',(-1.259733572207,6.010000001366,-3.041265875
    ));
#14209 = CARTESIAN_POINT('',(-2.150499723604,6.072500001366,
    -2.150499723604));
#14210 = CARTESIAN_POINT('',(-3.041265875,6.135000001366,-1.259733572207
    ));
#14211 = CARTESIAN_POINT('',(-3.041265875,6.197500001366,
    -1.425023545973E-14));
#14212 = CARTESIAN_POINT('',(-3.041265875,6.260000001366,1.259733572207)
  );
#14213 = CARTESIAN_POINT('',(-2.150499723604,6.322500001366,
    2.150499723604));
#14214 = CARTESIAN_POINT('',(-1.259733572207,6.385000001366,3.041265875)
  );
#14215 = CARTESIAN_POINT('',(-4.895480167818E-15,6.447500001366,
    3.041265875));
#14216 = CARTESIAN_POINT('',(1.259733572207,6.510000001366,3.041265875)
  );
#14217 = CARTESIAN_POINT('',(2.150499723604,6.572500001366,
    2.150499723604));
#14218 = CARTESIAN_POINT('',(3.041265875,6.635000001366,1.259733572207)
  );
#14219 = CARTESIAN_POINT('',(3.041265875,6.697500001366,
    -1.387778780781E-14));
#14220 = CARTESIAN_POINT('',(3.041265875,6.760000001366,-1.259733572207)
  );
#14221 = CARTESIAN_POINT('',(2.150499723604,6.822500001366,
    -2.150499723604));
#14222 = CARTESIAN_POINT('',(1.259733572207,6.885000001366,-3.041265875)
  );
#14223 = CARTESIAN_POINT('',(-4.150584863983E-15,6.947500001366,
    -3.041265875));
#14224 = CARTESIAN_POINT('',(-1.259733572207,7.010000001366,-3.041265875
    ));
#14225 = CARTESIAN_POINT('',(-2.150499723604,7.072500001366,
    -2.150499723604));
#14226 = CARTESIAN_POINT('',(-3.041265875,7.135000001366,-1.259733572207
    ));
#14227 = CARTESIAN_POINT('',(-3.041265875,7.197500001366,
    -1.425023545973E-14));
#14228 = CARTESIAN_POINT('',(-3.041265875,7.260000001366,1.259733572207)
  );
#14229 = CARTESIAN_POINT('',(-2.150499723604,7.322500001366,
    2.150499723604));
#14230 = CARTESIAN_POINT('',(-1.259733572207,7.385000001366,3.041265875)
  );
#14231 = CARTESIAN_POINT('',(-4.895480167818E-15,7.447500001366,
    3.041265875));
#14232 = CARTESIAN_POINT('',(1.259733572207,7.510000001366,3.041265875)
  );
#14233 = CARTESIAN_POINT('',(2.150499723604,7.572500001366,
    2.150499723604));
#14234 = CARTESIAN_POINT('',(3.041265875,7.635000001366,1.259733572207)
  );
#14235 = CARTESIAN_POINT('',(3.041265875,7.697500001366,
    -1.387778780781E-14));
#14236 = CARTESIAN_POINT('',(3.041265875,7.760000001366,-1.259733572207)
  );
#14237 = CARTESIAN_POINT('',(2.150499723604,7.822500001366,
    -2.150499723604));
#14238 = CARTESIAN_POINT('',(1.259733572207,7.885000001366,-3.041265875)
  );
#14239 = CARTESIAN_POINT('',(-4.150584863983E-15,7.947500001366,
    -3.041265875));
#14240 = CARTESIAN_POINT('',(-1.259733572207,8.010000001366,-3.041265875
    ));
#14241 = CARTESIAN_POINT('',(-2.150499723604,8.072500001366,
    -2.150499723604));
#14242 = CARTESIAN_POINT('',(-3.041265875,8.135000001366,-1.259733572207
    ));
#14243 = CARTESIAN_POINT('',(-3.041265875,8.197500001366,
    -1.425023545973E-14));
#14244 = CARTESIAN_POINT('',(-3.041265875,8.260000001366,1.259733572207)
  );
#14245 = CARTESIAN_POINT('',(-2.150499723604,8.322500001366,
    2.150499723604));
#14246 = CARTESIAN_POINT('',(-1.259733572207,8.385000001366,3.041265875)
  );
#14247 = CARTESIAN_POINT('',(-4.895480167818E-15,8.447500001366,
    3.041265875));
#14248 = CARTESIAN_POINT('',(1.259733572207,8.510000001366,3.041265875)
  );
#14249 = CARTESIAN_POINT('',(2.150499723604,8.572500001366,
    2.150499723604));
#14250 = CARTESIAN_POINT('',(3.041265875,8.635000001366,1.259733572207)
  );
#14251 = CARTESIAN_POINT('',(3.041265875,8.697500001366,
    -1.387778780781E-14));
#14252 = CARTESIAN_POINT('',(3.041265875,-5.249999863441E-02,
    -1.387778780781E-14));
#14253 = CARTESIAN_POINT('',(3.041265875,1.000000136559E-02,
    -1.259733572207));
#14254 = CARTESIAN_POINT('',(2.150499723604,7.250000136559E-02,
    -2.150499723604));
#14255 = CARTESIAN_POINT('',(1.259733572207,0.135000001366,-3.041265875)
  );
#14256 = CARTESIAN_POINT('',(-4.150584863983E-15,0.197500001366,
    -3.041265875));
#14257 = CARTESIAN_POINT('',(-1.259733572207,0.260000001366,-3.041265875
    ));
#14258 = CARTESIAN_POINT('',(-2.150499723604,0.322500001366,
    -2.150499723604));
#14259 = CARTESIAN_POINT('',(-3.041265875,0.385000001366,-1.259733572207
    ));
#14260 = CARTESIAN_POINT('',(-3.041265875,0.447500001366,
    -1.425023545973E-14));
#14261 = CARTESIAN_POINT('',(-3.041265875,0.510000001366,1.259733572207)
  );
#14262 = CARTESIAN_POINT('',(-2.150499723604,0.572500001366,
    2.150499723604));
#14263 = CARTESIAN_POINT('',(-1.259733572207,0.635000001366,3.041265875)
  );
#14264 = CARTESIAN_POINT('',(-4.895480167818E-15,0.697500001366,
    3.041265875));
#14265 = CARTESIAN_POINT('',(1.259733572207,0.760000001366,3.041265875)
  );
#14266 = CARTESIAN_POINT('',(2.150499723604,0.822500001366,
    2.150499723604));
#14267 = CARTESIAN_POINT('',(3.041265875,0.885000001366,1.259733572207)
  );
#14268 = CARTESIAN_POINT('',(3.041265875,0.947500001366,
    -1.387778780781E-14));
#14269 = CARTESIAN_POINT('',(3.041265875,1.010000001366,-1.259733572207)
  );
#14270 = CARTESIAN_POINT('',(2.150499723604,1.072500001366,
    -2.150499723604));
#14271 = CARTESIAN_POINT('',(1.259733572207,1.135000001366,-3.041265875)
  );
#14272 = CARTESIAN_POINT('',(-4.150584863983E-15,1.197500001366,
    -3.041265875));
#14273 = CARTESIAN_POINT('',(-1.259733572207,1.260000001366,-3.041265875
    ));
#14274 = CARTESIAN_POINT('',(-2.150499723604,1.322500001366,
    -2.150499723604));
#14275 = CARTESIAN_POINT('',(-3.041265875,1.385000001366,-1.259733572207
    ));
#14276 = CARTESIAN_POINT('',(-3.041265875,1.447500001366,
    -1.425023545973E-14));
#14277 = CARTESIAN_POINT('',(-3.041265875,1.510000001366,1.259733572207)
  );
#14278 = CARTESIAN_POINT('',(-2.150499723604,1.572500001366,
    2.150499723604));
#14279 = CARTESIAN_POINT('',(-1.259733572207,1.635000001366,3.041265875)
  );
#14280 = CARTESIAN_POINT('',(-4.895480167818E-15,1.697500001366,
    3.041265875));
#14281 = CARTESIAN_POINT('',(1.259733572207,1.760000001366,3.041265875)
  );
#14282 = CARTESIAN_POINT('',(2.150499723604,1.822500001366,
    2.150499723604));
#14283 = CARTESIAN_POINT('',(3.041265875,1.885000001366,1.259733572207)
  );
#14284 = CARTESIAN_POINT('',(3.041265875,1.947500001366,
    -1.387778780781E-14));
#14285 = CARTESIAN_POINT('',(3.041265875,2.010000001366,-1.259733572207)
  );
#14286 = CARTESIAN_POINT('',(2.150499723604,2.072500001366,
    -2.150499723604));
#14287 = CARTESIAN_POINT('',(1.259733572207,2.135000001366,-3.041265875)
  );
#14288 = CARTESIAN_POINT('',(-4.150584863983E-15,2.197500001366,
    -3.041265875));
#14289 = CARTESIAN_POINT('',(-1.259733572207,2.260000001366,-3.041265875
    ));
#14290 = CARTESIAN_POINT('',(-2.150499723604,2.322500001366,
    -2.150499723604));
#14291 = CARTESIAN_POINT('',(-3.041265875,2.385000001366,-1.259733572207
    ));
#14292 = CARTESIAN_POINT('',(-3.041265875,2.447500001366,
    -1.425023545973E-14));
#14293 = CARTESIAN_POINT('',(-3.041265875,2.510000001366,1.259733572207)
  );
#14294 = CARTESIAN_POINT('',(-2.150499723604,2.572500001366,
    2.150499723604));
#14295 = CARTESIAN_POINT('',(-1.259733572207,2.635000001366,3.041265875)
  );
#14296 = CARTESIAN_POINT('',(-4.895480167818E-15,2.697500001366,
    3.041265875));
#14297 = CARTESIAN_POINT('',(1.259733572207,2.760000001366,3.041265875)
  );
#14298 = CARTESIAN_POINT('',(2.150499723604,2.822500001366,
    2.150499723604));
#14299 = CARTESIAN_POINT('',(3.041265875,2.885000001366,1.259733572207)
  );
#14300 = CARTESIAN_POINT('',(3.041265875,2.947500001366,
    -1.387778780781E-14));
#14301 = CARTESIAN_POINT('',(3.041265875,3.010000001366,-1.259733572207)
  );
#14302 = CARTESIAN_POINT('',(2.150499723604,3.072500001366,
    -2.150499723604));
#14303 = CARTESIAN_POINT('',(1.259733572207,3.135000001366,-3.041265875)
  );
#14304 = CARTESIAN_POINT('',(-4.150584863983E-15,3.197500001366,
    -3.041265875));
#14305 = CARTESIAN_POINT('',(-1.259733572207,3.260000001366,-3.041265875
    ));
#14306 = CARTESIAN_POINT('',(-2.150499723604,3.322500001366,
    -2.150499723604));
#14307 = CARTESIAN_POINT('',(-3.041265875,3.385000001366,-1.259733572207
    ));
#14308 = CARTESIAN_POINT('',(-3.041265875,3.447500001366,
    -1.425023545973E-14));
#14309 = CARTESIAN_POINT('',(-3.041265875,3.510000001366,1.259733572207)
  );
#14310 = CARTESIAN_POINT('',(-2.150499723604,3.572500001366,
    2.150499723604));
#14311 = CARTESIAN_POINT('',(-1.259733572207,3.635000001366,3.041265875)
  );
#14312 = CARTESIAN_POINT('',(-4.895480167818E-15,3.697500001366,
    3.041265875));
#14313 = CARTESIAN_POINT('',(1.259733572207,3.760000001366,3.041265875)
  );
#14314 = CARTESIAN_POINT('',(2.150499723604,3.822500001366,
    2.150499723604));
#14315 = CARTESIAN_POINT('',(3.041265875,3.885000001366,1.259733572207)
  );
#14316 = CARTESIAN_POINT('',(3.041265875,3.947500001366,
    -1.387778780781E-14));
#14317 = CARTESIAN_POINT('',(3.041265875,4.010000001366,-1.259733572207)
  );
#14318 = CARTESIAN_POINT('',(2.150499723604,4.072500001366,
    -2.150499723604));
#14319 = CARTESIAN_POINT('',(1.259733572207,4.135000001366,-3.041265875)
  );
#14320 = CARTESIAN_POINT('',(-4.150584863983E-15,4.197500001366,
    -3.041265875));
#14321 = CARTESIAN_POINT('',(-1.259733572207,4.260000001366,-3.041265875
    ));
#14322 = CARTESIAN_POINT('',(-2.150499723604,4.322500001366,
    -2.150499723604));
#14323 = CARTESIAN_POINT('',(-3.041265875,4.385000001366,-1.259733572207
    ));
#14324 = CARTESIAN_POINT('',(-3.041265875,4.447500001366,
    -1.425023545973E-14));
#14325 = CARTESIAN_POINT('',(-3.041265875,4.510000001366,1.259733572207)
  );
#14326 = CARTESIAN_POINT('',(-2.150499723604,4.572500001366,
    2.150499723604));
#14327 = CARTESIAN_POINT('',(-1.259733572207,4.635000001366,3.041265875)
  );
#14328 = CARTESIAN_POINT('',(-4.895480167818E-15,4.697500001366,
    3.041265875));
#14329 = CARTESIAN_POINT('',(1.259733572207,4.760000001366,3.041265875)
  );
#14330 = CARTESIAN_POINT('',(2.150499723604,4.822500001366,
    2.150499723604));
#14331 = CARTESIAN_POINT('',(3.041265875,4.885000001366,1.259733572207)
  );
#14332 = CARTESIAN_POINT('',(3.041265875,4.947500001366,
    -1.387778780781E-14));
#14333 = CARTESIAN_POINT('',(3.041265875,5.010000001366,-1.259733572207)
  );
#14334 = CARTESIAN_POINT('',(2.150499723604,5.072500001366,
    -2.150499723604));
#14335 = CARTESIAN_POINT('',(1.259733572207,5.135000001366,-3.041265875)
  );
#14336 = CARTESIAN_POINT('',(-4.150584863983E-15,5.197500001366,
    -3.041265875));
#14337 = CARTESIAN_POINT('',(-1.259733572207,5.260000001366,-3.041265875
    ));
#14338 = CARTESIAN_POINT('',(-2.150499723604,5.322500001366,
    -2.150499723604));
#14339 = CARTESIAN_POINT('',(-3.041265875,5.385000001366,-1.259733572207
    ));
#14340 = CARTESIAN_POINT('',(-3.041265875,5.447500001366,
    -1.425023545973E-14));
#14341 = CARTESIAN_POINT('',(-3.041265875,5.510000001366,1.259733572207)
  );
#14342 = CARTESIAN_POINT('',(-2.150499723604,5.572500001366,
    2.150499723604));
#14343 = CARTESIAN_POINT('',(-1.259733572207,5.635000001366,3.041265875)
  );
#14344 = CARTESIAN_POINT('',(-4.895480167818E-15,5.697500001366,
    3.041265875));
#14345 = CARTESIAN_POINT('',(1.259733572207,5.760000001366,3.041265875)
  );
#14346 = CARTESIAN_POINT('',(2.150499723604,5.822500001366,
    2.150499723604));
#14347 = CARTESIAN_POINT('',(3.041265875,5.885000001366,1.259733572207)
  );
#14348 = CARTESIAN_POINT('',(3.041265875,5.947500001366,
    -1.387778780781E-14));
#14349 = CARTESIAN_POINT('',(3.041265875,6.010000001366,-1.259733572207)
  );
#14350 = CARTESIAN_POINT('',(2.150499723604,6.072500001366,
    -2.150499723604));
#14351 = CARTESIAN_POINT('',(1.259733572207,6.135000001366,-3.041265875)
  );
#14352 = CARTESIAN_POINT('',(-4.150584863983E-15,6.197500001366,
    -3.041265875));
#14353 = CARTESIAN_POINT('',(-1.259733572207,6.260000001366,-3.041265875
    ));
#14354 = CARTESIAN_POINT('',(-2.150499723604,6.322500001366,
    -2.150499723604));
#14355 = CARTESIAN_POINT('',(-3.041265875,6.385000001366,-1.259733572207
    ));
#14356 = CARTESIAN_POINT('',(-3.041265875,6.447500001366,
    -1.425023545973E-14));
#14357 = CARTESIAN_POINT('',(-3.041265875,6.510000001366,1.259733572207)
  );
#14358 = CARTESIAN_POINT('',(-2.150499723604,6.572500001366,
    2.150499723604));
#14359 = CARTESIAN_POINT('',(-1.259733572207,6.635000001366,3.041265875)
  );
#14360 = CARTESIAN_POINT('',(-4.895480167818E-15,6.697500001366,
    3.041265875));
#14361 = CARTESIAN_POINT('',(1.259733572207,6.760000001366,3.041265875)
  );
#14362 = CARTESIAN_POINT('',(2.150499723604,6.822500001366,
    2.150499723604));
#14363 = CARTESIAN_POINT('',(3.041265875,6.885000001366,1.259733572207)
  );
#14364 = CARTESIAN_POINT('',(3.041265875,6.947500001366,
    -1.387778780781E-14));
#14365 = CARTESIAN_POINT('',(3.041265875,7.010000001366,-1.259733572207)
  );
#14366 = CARTESIAN_POINT('',(2.150499723604,7.072500001366,
    -2.150499723604));
#14367 = CARTESIAN_POINT('',(1.259733572207,7.135000001366,-3.041265875)
  );
#14368 = CARTESIAN_POINT('',(-4.150584863983E-15,7.197500001366,
    -3.041265875));
#14369 = CARTESIAN_POINT('',(-1.259733572207,7.260000001366,-3.041265875
    ));
#14370 = CARTESIAN_POINT('',(-2.150499723604,7.322500001366,
    -2.150499723604));
#14371 = CARTESIAN_POINT('',(-3.041265875,7.385000001366,-1.259733572207
    ));
#14372 = CARTESIAN_POINT('',(-3.041265875,7.447500001366,
    -1.425023545973E-14));
#14373 = CARTESIAN_POINT('',(-3.041265875,7.510000001366,1.259733572207)
  );
#14374 = CARTESIAN_POINT('',(-2.150499723604,7.572500001366,
    2.150499723604));
#14375 = CARTESIAN_POINT('',(-1.259733572207,7.635000001366,3.041265875)
  );
#14376 = CARTESIAN_POINT('',(-4.895480167818E-15,7.697500001366,
    3.041265875));
#14377 = CARTESIAN_POINT('',(1.259733572207,7.760000001366,3.041265875)
  );
#14378 = CARTESIAN_POINT('',(2.150499723604,7.822500001366,
    2.150499723604));
#14379 = CARTESIAN_POINT('',(3.041265875,7.885000001366,1.259733572207)
  );
#14380 = CARTESIAN_POINT('',(3.041265875,7.947500001366,
    -1.387778780781E-14));
#14381 = CARTESIAN_POINT('',(3.041265875,8.010000001366,-1.259733572207)
  );
#14382 = CARTESIAN_POINT('',(2.150499723604,8.072500001366,
    -2.150499723604));
#14383 = CARTESIAN_POINT('',(1.259733572207,8.135000001366,-3.041265875)
  );
#14384 = CARTESIAN_POINT('',(-4.150584863983E-15,8.197500001366,
    -3.041265875));
#14385 = CARTESIAN_POINT('',(-1.259733572207,8.260000001366,-3.041265875
    ));
#14386 = CARTESIAN_POINT('',(-2.150499723604,8.322500001366,
    -2.150499723604));
#14387 = CARTESIAN_POINT('',(-3.041265875,8.385000001366,-1.259733572207
    ));
#14388 = CARTESIAN_POINT('',(-3.041265875,8.447500001366,
    -1.425023545973E-14));
#14389 = CARTESIAN_POINT('',(-3.041265875,8.510000001366,1.259733572207)
  );
#14390 = CARTESIAN_POINT('',(-2.150499723604,8.572500001366,
    2.150499723604));
#14391 = CARTESIAN_POINT('',(-1.259733572207,8.635000001366,3.041265875)
  );
#14392 = CARTESIAN_POINT('',(-4.895480167818E-15,8.697500001366,
    3.041265875));
#14393 = CARTESIAN_POINT('',(1.259733572207,8.760000001366,3.041265875)
  );
#14394 = CARTESIAN_POINT('',(2.150499723604,8.822500001366,
    2.150499723604));
#14395 = CARTESIAN_POINT('',(3.041265875,8.885000001366,1.259733572207)
  );
#14396 = CARTESIAN_POINT('',(3.041265875,8.947500001366,
    -1.387778780781E-14));
#14397 = ADVANCED_FACE('',(#14398),#14405,.T.);
#14398 = FACE_BOUND('',#14399,.T.);
#14399 = EDGE_LOOP('',(#14400,#14401,#14402,#14403,#14404));
#14400 = ORIENTED_EDGE('',*,*,#12478,.T.);
#14401 = ORIENTED_EDGE('',*,*,#13997,.T.);
#14402 = ORIENTED_EDGE('',*,*,#12704,.F.);
#14403 = ORIENTED_EDGE('',*,*,#13139,.F.);
#14404 = ORIENTED_EDGE('',*,*,#12504,.F.);
#14405 = ( BOUNDED_SURFACE() B_SPLINE_SURFACE(1,2,(
    (#14406,#14407,#14408,#14409,#14410,#14411,#14412,#14413,#14414
      ,#14415,#14416,#14417,#14418,#14419,#14420,#14421,#14422,#14423
      ,#14424,#14425,#14426,#14427,#14428,#14429,#14430,#14431,#14432
      ,#14433,#14434,#14435,#14436,#14437,#14438,#14439,#14440,#14441
      ,#14442,#14443,#14444,#14445,#14446,#14447,#14448,#14449,#14450
      ,#14451,#14452,#14453,#14454,#14455,#14456,#14457,#14458,#14459
      ,#14460,#14461,#14462,#14463,#14464,#14465,#14466,#14467,#14468
      ,#14469,#14470,#14471,#14472,#14473,#14474,#14475,#14476,#14477
      ,#14478,#14479,#14480,#14481,#14482,#14483,#14484,#14485,#14486
      ,#14487,#14488,#14489,#14490,#14491,#14492,#14493,#14494,#14495
      ,#14496,#14497,#14498,#14499,#14500,#14501,#14502,#14503,#14504
      ,#14505,#14506,#14507,#14508,#14509,#14510,#14511,#14512,#14513
      ,#14514,#14515,#14516,#14517,#14518,#14519,#14520,#14521,#14522
      ,#14523,#14524,#14525,#14526,#14527,#14528,#14529,#14530,#14531
      ,#14532,#14533,#14534,#14535,#14536,#14537,#14538,#14539,#14540
      ,#14541,#14542,#14543,#14544,#14545,#14546,#14547,#14548,#14549
      ,#14550)
    ,(#14551,#14552,#14553,#14554,#14555,#14556,#14557,#14558,#14559
      ,#14560,#14561,#14562,#14563,#14564,#14565,#14566,#14567,#14568
      ,#14569,#14570,#14571,#14572,#14573,#14574,#14575,#14576,#14577
      ,#14578,#14579,#14580,#14581,#14582,#14583,#14584,#14585,#14586
      ,#14587,#14588,#14589,#14590,#14591,#14592,#14593,#14594,#14595
      ,#14596,#14597,#14598,#14599,#14600,#14601,#14602,#14603,#14604
      ,#14605,#14606,#14607,#14608,#14609,#14610,#14611,#14612,#14613
      ,#14614,#14615,#14616,#14617,#14618,#14619,#14620,#14621,#14622
      ,#14623,#14624,#14625,#14626,#14627,#14628,#14629,#14630,#14631
      ,#14632,#14633,#14634,#14635,#14636,#14637,#14638,#14639,#14640
      ,#14641,#14642,#14643,#14644,#14645,#14646,#14647,#14648,#14649
      ,#14650,#14651,#14652,#14653,#14654,#14655,#14656,#14657,#14658
      ,#14659,#14660,#14661,#14662,#14663,#14664,#14665,#14666,#14667
      ,#14668,#14669,#14670,#14671,#14672,#14673,#14674,#14675,#14676
      ,#14677,#14678,#14679,#14680,#14681,#14682,#14683,#14684,#14685
      ,#14686,#14687,#14688,#14689,#14690,#14691,#14692,#14693,#14694
,#14695
    )),.UNSPECIFIED.,.F.,.F.,.F.) B_SPLINE_SURFACE_WITH_KNOTS((2,2),(3,2
    ,2,2,2,2,2,2,2,2,2,2,2,2,2,2,2,2,2,2,2,2,2,2,2,2,2,2,2,2,2,2,2,2,2,2
    ,2,2,2,2,2,2,2,2,2,2,2,2,2,2,2,2,2,2,2,2,2,2,2,2,2,2,2,2,2,2,2,2,2,2
    ,2,2,3),(0.,1.),(0.,1.388888888889E-02,2.777777777778E-02,
    4.166666666667E-02,5.555555555556E-02,6.944444444444E-02,
    8.333333333333E-02,9.722222222222E-02,0.111111111111,0.125,
    0.138888888889,0.152777777778,0.166666666667,0.180555555556,
    0.194444444444,0.208333333333,0.222222222222,0.236111111111,0.25,
    0.263888888889,0.277777777778,0.291666666667,0.305555555556,
    0.319444444444,0.333333333333,0.347222222222,0.361111111111,0.375,
    0.388888888889,0.402777777778,0.416666666667,0.430555555556,
    0.444444444444,0.458333333333,0.472222222222,0.486111111111,0.5,
    0.513888888889,0.527777777778,0.541666666667,0.555555555556,
    0.569444444444,0.583333333333,0.597222222222,0.611111111111,0.625,
    0.638888888889,0.652777777778,0.666666666667,0.680555555556,
    0.694444444444,0.708333333333,0.722222222222,0.736111111111,0.75,
    0.763888888889,0.777777777778,0.791666666667,0.805555555556,
    0.819444444444,0.833333333333,0.847222222222,0.861111111111,0.875,
    0.888888888889,0.902777777778,0.916666666667,0.930555555556,
    0.944444444444,0.958333333333,0.972222222222,0.986111111111,1.),
.PIECEWISE_BEZIER_KNOTS.) GEOMETRIC_REPRESENTATION_ITEM() 
RATIONAL_B_SPLINE_SURFACE((
    (1.,0.923879532511,1.,0.923879532511,1.,0.923879532511,1.
      ,0.923879532511,1.,0.923879532511,1.,0.923879532511,1.
      ,0.923879532511,1.,0.923879532511,1.,0.923879532511,1.
      ,0.923879532511,1.,0.923879532511,1.,0.923879532511,1.
      ,0.923879532511,1.,0.923879532511,1.,0.923879532511,1.
      ,0.923879532511,1.,0.923879532511,1.,0.923879532511,1.
      ,0.923879532511,1.,0.923879532511,1.,0.923879532511,1.
      ,0.923879532511,1.,0.923879532511,1.,0.923879532511,1.
      ,0.923879532511,1.,0.923879532511,1.,0.923879532511,1.
      ,0.923879532511,1.,0.923879532511,1.,0.923879532511,1.
      ,0.923879532511,1.,0.923879532511,1.,0.923879532511,1.
      ,0.923879532511,1.,0.923879532511,1.,0.923879532511,1.
      ,0.923879532511,1.,0.923879532511,1.,0.923879532511,1.
      ,0.923879532511,1.,0.923879532511,1.,0.923879532511,1.
      ,0.923879532511,1.,0.923879532511,1.,0.923879532511,1.
      ,0.923879532511,1.,0.923879532511,1.,0.923879532511,1.
      ,0.923879532511,1.,0.923879532511,1.,0.923879532511,1.
      ,0.923879532511,1.,0.923879532511,1.,0.923879532511,1.
      ,0.923879532511,1.,0.923879532511,1.,0.923879532511,1.
      ,0.923879532511,1.,0.923879532511,1.,0.923879532511,1.
      ,0.923879532511,1.,0.923879532511,1.,0.923879532511,1.
      ,0.923879532511,1.,0.923879532511,1.,0.923879532511,1.
      ,0.923879532511,1.,0.923879532511,1.,0.923879532511,1.
      ,0.923879532511,1.,0.923879532511,1.,0.923879532511,1.)
    ,(1.,0.923879532511,1.,0.923879532511,1.,0.923879532511,1.
      ,0.923879532511,1.,0.923879532511,1.,0.923879532511,1.
      ,0.923879532511,1.,0.923879532511,1.,0.923879532511,1.
      ,0.923879532511,1.,0.923879532511,1.,0.923879532511,1.
      ,0.923879532511,1.,0.923879532511,1.,0.923879532511,1.
      ,0.923879532511,1.,0.923879532511,1.,0.923879532511,1.
      ,0.923879532511,1.,0.923879532511,1.,0.923879532511,1.
      ,0.923879532511,1.,0.923879532511,1.,0.923879532511,1.
      ,0.923879532511,1.,0.923879532511,1.,0.923879532511,1.
      ,0.923879532511,1.,0.923879532511,1.,0.923879532511,1.
      ,0.923879532511,1.,0.923879532511,1.,0.923879532511,1.
      ,0.923879532511,1.,0.923879532511,1.,0.923879532511,1.
      ,0.923879532511,1.,0.923879532511,1.,0.923879532511,1.
      ,0.923879532511,1.,0.923879532511,1.,0.923879532511,1.
      ,0.923879532511,1.,0.923879532511,1.,0.923879532511,1.
      ,0.923879532511,1.,0.923879532511,1.,0.923879532511,1.
      ,0.923879532511,1.,0.923879532511,1.,0.923879532511,1.
      ,0.923879532511,1.,0.923879532511,1.,0.923879532511,1.
      ,0.923879532511,1.,0.923879532511,1.,0.923879532511,1.
      ,0.923879532511,1.,0.923879532511,1.,0.923879532511,1.
      ,0.923879532511,1.,0.923879532511,1.,0.923879532511,1.
      ,0.923879532511,1.,0.923879532511,1.,0.923879532511,1.
      ,0.923879532511,1.,0.923879532511,1.,0.923879532511,1.
      ,0.923879532511,1.,0.923879532511,1.,0.923879532511,1.
))) REPRESENTATION_ITEM('') SURFACE() );
#14406 = CARTESIAN_POINT('',(2.5,-0.614999997269,-1.387778780781E-14));
#14407 = CARTESIAN_POINT('',(2.5,-0.552499997269,-1.035533905933));
#14408 = CARTESIAN_POINT('',(1.767766952966,-0.489999997269,
    -1.767766952966));
#14409 = CARTESIAN_POINT('',(1.035533905933,-0.427499997269,-2.5));
#14410 = CARTESIAN_POINT('',(-4.183727840049E-15,-0.364999997269,-2.5));
#14411 = CARTESIAN_POINT('',(-1.035533905933,-0.302499997269,-2.5));
#14412 = CARTESIAN_POINT('',(-1.767766952966,-0.239999997269,
    -1.767766952966));
#14413 = CARTESIAN_POINT('',(-2.5,-0.177499997269,-1.035533905933));
#14414 = CARTESIAN_POINT('',(-2.5,-0.114999997269,-1.41839495076E-14));
#14415 = CARTESIAN_POINT('',(-2.5,-5.249999726882E-02,1.035533905933));
#14416 = CARTESIAN_POINT('',(-1.767766952966,1.000000273118E-02,
    1.767766952966));
#14417 = CARTESIAN_POINT('',(-1.035533905933,7.250000273118E-02,2.5));
#14418 = CARTESIAN_POINT('',(-4.796051239622E-15,0.135000002731,2.5));
#14419 = CARTESIAN_POINT('',(1.035533905933,0.197500002731,2.5));
#14420 = CARTESIAN_POINT('',(1.767766952966,0.260000002731,
    1.767766952966));
#14421 = CARTESIAN_POINT('',(2.5,0.322500002731,1.035533905933));
#14422 = CARTESIAN_POINT('',(2.5,0.385000002731,-1.387778780781E-14));
#14423 = CARTESIAN_POINT('',(2.5,0.447500002731,-1.035533905933));
#14424 = CARTESIAN_POINT('',(1.767766952966,0.510000002731,
    -1.767766952966));
#14425 = CARTESIAN_POINT('',(1.035533905933,0.572500002731,-2.5));
#14426 = CARTESIAN_POINT('',(-4.183727840049E-15,0.635000002731,-2.5));
#14427 = CARTESIAN_POINT('',(-1.035533905933,0.697500002731,-2.5));
#14428 = CARTESIAN_POINT('',(-1.767766952966,0.760000002731,
    -1.767766952966));
#14429 = CARTESIAN_POINT('',(-2.5,0.822500002731,-1.035533905933));
#14430 = CARTESIAN_POINT('',(-2.5,0.885000002731,-1.41839495076E-14));
#14431 = CARTESIAN_POINT('',(-2.5,0.947500002731,1.035533905933));
#14432 = CARTESIAN_POINT('',(-1.767766952966,1.010000002731,
    1.767766952966));
#14433 = CARTESIAN_POINT('',(-1.035533905933,1.072500002731,2.5));
#14434 = CARTESIAN_POINT('',(-4.796051239622E-15,1.135000002731,2.5));
#14435 = CARTESIAN_POINT('',(1.035533905933,1.197500002731,2.5));
#14436 = CARTESIAN_POINT('',(1.767766952966,1.260000002731,
    1.767766952966));
#14437 = CARTESIAN_POINT('',(2.5,1.322500002731,1.035533905933));
#14438 = CARTESIAN_POINT('',(2.5,1.385000002731,-1.387778780781E-14));
#14439 = CARTESIAN_POINT('',(2.5,1.447500002731,-1.035533905933));
#14440 = CARTESIAN_POINT('',(1.767766952966,1.510000002731,
    -1.767766952966));
#14441 = CARTESIAN_POINT('',(1.035533905933,1.572500002731,-2.5));
#14442 = CARTESIAN_POINT('',(-4.183727840049E-15,1.635000002731,-2.5));
#14443 = CARTESIAN_POINT('',(-1.035533905933,1.697500002731,-2.5));
#14444 = CARTESIAN_POINT('',(-1.767766952966,1.760000002731,
    -1.767766952966));
#14445 = CARTESIAN_POINT('',(-2.5,1.822500002731,-1.035533905933));
#14446 = CARTESIAN_POINT('',(-2.5,1.885000002731,-1.41839495076E-14));
#14447 = CARTESIAN_POINT('',(-2.5,1.947500002731,1.035533905933));
#14448 = CARTESIAN_POINT('',(-1.767766952966,2.010000002731,
    1.767766952966));
#14449 = CARTESIAN_POINT('',(-1.035533905933,2.072500002731,2.5));
#14450 = CARTESIAN_POINT('',(-4.796051239622E-15,2.135000002731,2.5));
#14451 = CARTESIAN_POINT('',(1.035533905933,2.197500002731,2.5));
#14452 = CARTESIAN_POINT('',(1.767766952966,2.260000002731,
    1.767766952966));
#14453 = CARTESIAN_POINT('',(2.5,2.322500002731,1.035533905933));
#14454 = CARTESIAN_POINT('',(2.5,2.385000002731,-1.387778780781E-14));
#14455 = CARTESIAN_POINT('',(2.5,2.447500002731,-1.035533905933));
#14456 = CARTESIAN_POINT('',(1.767766952966,2.510000002731,
    -1.767766952966));
#14457 = CARTESIAN_POINT('',(1.035533905933,2.572500002731,-2.5));
#14458 = CARTESIAN_POINT('',(-4.183727840049E-15,2.635000002731,-2.5));
#14459 = CARTESIAN_POINT('',(-1.035533905933,2.697500002731,-2.5));
#14460 = CARTESIAN_POINT('',(-1.767766952966,2.760000002731,
    -1.767766952966));
#14461 = CARTESIAN_POINT('',(-2.5,2.822500002731,-1.035533905933));
#14462 = CARTESIAN_POINT('',(-2.5,2.885000002731,-1.41839495076E-14));
#14463 = CARTESIAN_POINT('',(-2.5,2.947500002731,1.035533905933));
#14464 = CARTESIAN_POINT('',(-1.767766952966,3.010000002731,
    1.767766952966));
#14465 = CARTESIAN_POINT('',(-1.035533905933,3.072500002731,2.5));
#14466 = CARTESIAN_POINT('',(-4.796051239622E-15,3.135000002731,2.5));
#14467 = CARTESIAN_POINT('',(1.035533905933,3.197500002731,2.5));
#14468 = CARTESIAN_POINT('',(1.767766952966,3.260000002731,
    1.767766952966));
#14469 = CARTESIAN_POINT('',(2.5,3.322500002731,1.035533905933));
#14470 = CARTESIAN_POINT('',(2.5,3.385000002731,-1.387778780781E-14));
#14471 = CARTESIAN_POINT('',(2.5,3.447500002731,-1.035533905933));
#14472 = CARTESIAN_POINT('',(1.767766952966,3.510000002731,
    -1.767766952966));
#14473 = CARTESIAN_POINT('',(1.035533905933,3.572500002731,-2.5));
#14474 = CARTESIAN_POINT('',(-4.183727840049E-15,3.635000002731,-2.5));
#14475 = CARTESIAN_POINT('',(-1.035533905933,3.697500002731,-2.5));
#14476 = CARTESIAN_POINT('',(-1.767766952966,3.760000002731,
    -1.767766952966));
#14477 = CARTESIAN_POINT('',(-2.5,3.822500002731,-1.035533905933));
#14478 = CARTESIAN_POINT('',(-2.5,3.885000002731,-1.41839495076E-14));
#14479 = CARTESIAN_POINT('',(-2.5,3.947500002731,1.035533905933));
#14480 = CARTESIAN_POINT('',(-1.767766952966,4.010000002731,
    1.767766952966));
#14481 = CARTESIAN_POINT('',(-1.035533905933,4.072500002731,2.5));
#14482 = CARTESIAN_POINT('',(-4.796051239622E-15,4.135000002731,2.5));
#14483 = CARTESIAN_POINT('',(1.035533905933,4.197500002731,2.5));
#14484 = CARTESIAN_POINT('',(1.767766952966,4.260000002731,
    1.767766952966));
#14485 = CARTESIAN_POINT('',(2.5,4.322500002731,1.035533905933));
#14486 = CARTESIAN_POINT('',(2.5,4.385000002731,-1.387778780781E-14));
#14487 = CARTESIAN_POINT('',(2.5,4.447500002731,-1.035533905933));
#14488 = CARTESIAN_POINT('',(1.767766952966,4.510000002731,
    -1.767766952966));
#14489 = CARTESIAN_POINT('',(1.035533905933,4.572500002731,-2.5));
#14490 = CARTESIAN_POINT('',(-4.183727840049E-15,4.635000002731,-2.5));
#14491 = CARTESIAN_POINT('',(-1.035533905933,4.697500002731,-2.5));
#14492 = CARTESIAN_POINT('',(-1.767766952966,4.760000002731,
    -1.767766952966));
#14493 = CARTESIAN_POINT('',(-2.5,4.822500002731,-1.035533905933));
#14494 = CARTESIAN_POINT('',(-2.5,4.885000002731,-1.41839495076E-14));
#14495 = CARTESIAN_POINT('',(-2.5,4.947500002731,1.035533905933));
#14496 = CARTESIAN_POINT('',(-1.767766952966,5.010000002731,
    1.767766952966));
#14497 = CARTESIAN_POINT('',(-1.035533905933,5.072500002731,2.5));
#14498 = CARTESIAN_POINT('',(-4.796051239622E-15,5.135000002731,2.5));
#14499 = CARTESIAN_POINT('',(1.035533905933,5.197500002731,2.5));
#14500 = CARTESIAN_POINT('',(1.767766952966,5.260000002731,
    1.767766952966));
#14501 = CARTESIAN_POINT('',(2.5,5.322500002731,1.035533905933));
#14502 = CARTESIAN_POINT('',(2.5,5.385000002731,-1.387778780781E-14));
#14503 = CARTESIAN_POINT('',(2.5,5.447500002731,-1.035533905933));
#14504 = CARTESIAN_POINT('',(1.767766952966,5.510000002731,
    -1.767766952966));
#14505 = CARTESIAN_POINT('',(1.035533905933,5.572500002731,-2.5));
#14506 = CARTESIAN_POINT('',(-4.183727840049E-15,5.635000002731,-2.5));
#14507 = CARTESIAN_POINT('',(-1.035533905933,5.697500002731,-2.5));
#14508 = CARTESIAN_POINT('',(-1.767766952966,5.760000002731,
    -1.767766952966));
#14509 = CARTESIAN_POINT('',(-2.5,5.822500002731,-1.035533905933));
#14510 = CARTESIAN_POINT('',(-2.5,5.885000002731,-1.41839495076E-14));
#14511 = CARTESIAN_POINT('',(-2.5,5.947500002731,1.035533905933));
#14512 = CARTESIAN_POINT('',(-1.767766952966,6.010000002731,
    1.767766952966));
#14513 = CARTESIAN_POINT('',(-1.035533905933,6.072500002731,2.5));
#14514 = CARTESIAN_POINT('',(-4.796051239622E-15,6.135000002731,2.5));
#14515 = CARTESIAN_POINT('',(1.035533905933,6.197500002731,2.5));
#14516 = CARTESIAN_POINT('',(1.767766952966,6.260000002731,
    1.767766952966));
#14517 = CARTESIAN_POINT('',(2.5,6.322500002731,1.035533905933));
#14518 = CARTESIAN_POINT('',(2.5,6.385000002731,-1.387778780781E-14));
#14519 = CARTESIAN_POINT('',(2.5,6.447500002731,-1.035533905933));
#14520 = CARTESIAN_POINT('',(1.767766952966,6.510000002731,
    -1.767766952966));
#14521 = CARTESIAN_POINT('',(1.035533905933,6.572500002731,-2.5));
#14522 = CARTESIAN_POINT('',(-4.183727840049E-15,6.635000002731,-2.5));
#14523 = CARTESIAN_POINT('',(-1.035533905933,6.697500002731,-2.5));
#14524 = CARTESIAN_POINT('',(-1.767766952966,6.760000002731,
    -1.767766952966));
#14525 = CARTESIAN_POINT('',(-2.5,6.822500002731,-1.035533905933));
#14526 = CARTESIAN_POINT('',(-2.5,6.885000002731,-1.41839495076E-14));
#14527 = CARTESIAN_POINT('',(-2.5,6.947500002731,1.035533905933));
#14528 = CARTESIAN_POINT('',(-1.767766952966,7.010000002731,
    1.767766952966));
#14529 = CARTESIAN_POINT('',(-1.035533905933,7.072500002731,2.5));
#14530 = CARTESIAN_POINT('',(-4.796051239622E-15,7.135000002731,2.5));
#14531 = CARTESIAN_POINT('',(1.035533905933,7.197500002731,2.5));
#14532 = CARTESIAN_POINT('',(1.767766952966,7.260000002731,
    1.767766952966));
#14533 = CARTESIAN_POINT('',(2.5,7.322500002731,1.035533905933));
#14534 = CARTESIAN_POINT('',(2.5,7.385000002731,-1.387778780781E-14));
#14535 = CARTESIAN_POINT('',(2.5,7.447500002731,-1.035533905933));
#14536 = CARTESIAN_POINT('',(1.767766952966,7.510000002731,
    -1.767766952966));
#14537 = CARTESIAN_POINT('',(1.035533905933,7.572500002731,-2.5));
#14538 = CARTESIAN_POINT('',(-4.183727840049E-15,7.635000002731,-2.5));
#14539 = CARTESIAN_POINT('',(-1.035533905933,7.697500002731,-2.5));
#14540 = CARTESIAN_POINT('',(-1.767766952966,7.760000002731,
    -1.767766952966));
#14541 = CARTESIAN_POINT('',(-2.5,7.822500002731,-1.035533905933));
#14542 = CARTESIAN_POINT('',(-2.5,7.885000002731,-1.41839495076E-14));
#14543 = CARTESIAN_POINT('',(-2.5,7.947500002731,1.035533905933));
#14544 = CARTESIAN_POINT('',(-1.767766952966,8.010000002731,
    1.767766952966));
#14545 = CARTESIAN_POINT('',(-1.035533905933,8.072500002731,2.5));
#14546 = CARTESIAN_POINT('',(-4.796051239622E-15,8.135000002731,2.5));
#14547 = CARTESIAN_POINT('',(1.035533905933,8.197500002731,2.5));
#14548 = CARTESIAN_POINT('',(1.767766952966,8.260000002731,
    1.767766952966));
#14549 = CARTESIAN_POINT('',(2.5,8.322500002731,1.035533905933));
#14550 = CARTESIAN_POINT('',(2.5,8.385000002731,-1.387778780781E-14));
#14551 = CARTESIAN_POINT('',(3.041265875,-0.302499998634,
    -1.387778780781E-14));
#14552 = CARTESIAN_POINT('',(3.041265875,-0.239999998634,-1.259733572207
    ));
#14553 = CARTESIAN_POINT('',(2.150499723604,-0.177499998634,
    -2.150499723604));
#14554 = CARTESIAN_POINT('',(1.259733572207,-0.114999998634,-3.041265875
    ));
#14555 = CARTESIAN_POINT('',(-4.150584863983E-15,-5.249999863441E-02,
    -3.041265875));
#14556 = CARTESIAN_POINT('',(-1.259733572207,1.000000136559E-02,
    -3.041265875));
#14557 = CARTESIAN_POINT('',(-2.150499723604,7.250000136559E-02,
    -2.150499723604));
#14558 = CARTESIAN_POINT('',(-3.041265875,0.135000001366,-1.259733572207
    ));
#14559 = CARTESIAN_POINT('',(-3.041265875,0.197500001366,
    -1.425023545973E-14));
#14560 = CARTESIAN_POINT('',(-3.041265875,0.260000001366,1.259733572207)
  );
#14561 = CARTESIAN_POINT('',(-2.150499723604,0.322500001366,
    2.150499723604));
#14562 = CARTESIAN_POINT('',(-1.259733572207,0.385000001366,3.041265875)
  );
#14563 = CARTESIAN_POINT('',(-4.895480167818E-15,0.447500001366,
    3.041265875));
#14564 = CARTESIAN_POINT('',(1.259733572207,0.510000001366,3.041265875)
  );
#14565 = CARTESIAN_POINT('',(2.150499723604,0.572500001366,
    2.150499723604));
#14566 = CARTESIAN_POINT('',(3.041265875,0.635000001366,1.259733572207)
  );
#14567 = CARTESIAN_POINT('',(3.041265875,0.697500001366,
    -1.387778780781E-14));
#14568 = CARTESIAN_POINT('',(3.041265875,0.760000001366,-1.259733572207)
  );
#14569 = CARTESIAN_POINT('',(2.150499723604,0.822500001366,
    -2.150499723604));
#14570 = CARTESIAN_POINT('',(1.259733572207,0.885000001366,-3.041265875)
  );
#14571 = CARTESIAN_POINT('',(-4.150584863983E-15,0.947500001366,
    -3.041265875));
#14572 = CARTESIAN_POINT('',(-1.259733572207,1.010000001366,-3.041265875
    ));
#14573 = CARTESIAN_POINT('',(-2.150499723604,1.072500001366,
    -2.150499723604));
#14574 = CARTESIAN_POINT('',(-3.041265875,1.135000001366,-1.259733572207
    ));
#14575 = CARTESIAN_POINT('',(-3.041265875,1.197500001366,
    -1.425023545973E-14));
#14576 = CARTESIAN_POINT('',(-3.041265875,1.260000001366,1.259733572207)
  );
#14577 = CARTESIAN_POINT('',(-2.150499723604,1.322500001366,
    2.150499723604));
#14578 = CARTESIAN_POINT('',(-1.259733572207,1.385000001366,3.041265875)
  );
#14579 = CARTESIAN_POINT('',(-4.895480167818E-15,1.447500001366,
    3.041265875));
#14580 = CARTESIAN_POINT('',(1.259733572207,1.510000001366,3.041265875)
  );
#14581 = CARTESIAN_POINT('',(2.150499723604,1.572500001366,
    2.150499723604));
#14582 = CARTESIAN_POINT('',(3.041265875,1.635000001366,1.259733572207)
  );
#14583 = CARTESIAN_POINT('',(3.041265875,1.697500001366,
    -1.387778780781E-14));
#14584 = CARTESIAN_POINT('',(3.041265875,1.760000001366,-1.259733572207)
  );
#14585 = CARTESIAN_POINT('',(2.150499723604,1.822500001366,
    -2.150499723604));
#14586 = CARTESIAN_POINT('',(1.259733572207,1.885000001366,-3.041265875)
  );
#14587 = CARTESIAN_POINT('',(-4.150584863983E-15,1.947500001366,
    -3.041265875));
#14588 = CARTESIAN_POINT('',(-1.259733572207,2.010000001366,-3.041265875
    ));
#14589 = CARTESIAN_POINT('',(-2.150499723604,2.072500001366,
    -2.150499723604));
#14590 = CARTESIAN_POINT('',(-3.041265875,2.135000001366,-1.259733572207
    ));
#14591 = CARTESIAN_POINT('',(-3.041265875,2.197500001366,
    -1.425023545973E-14));
#14592 = CARTESIAN_POINT('',(-3.041265875,2.260000001366,1.259733572207)
  );
#14593 = CARTESIAN_POINT('',(-2.150499723604,2.322500001366,
    2.150499723604));
#14594 = CARTESIAN_POINT('',(-1.259733572207,2.385000001366,3.041265875)
  );
#14595 = CARTESIAN_POINT('',(-4.895480167818E-15,2.447500001366,
    3.041265875));
#14596 = CARTESIAN_POINT('',(1.259733572207,2.510000001366,3.041265875)
  );
#14597 = CARTESIAN_POINT('',(2.150499723604,2.572500001366,
    2.150499723604));
#14598 = CARTESIAN_POINT('',(3.041265875,2.635000001366,1.259733572207)
  );
#14599 = CARTESIAN_POINT('',(3.041265875,2.697500001366,
    -1.387778780781E-14));
#14600 = CARTESIAN_POINT('',(3.041265875,2.760000001366,-1.259733572207)
  );
#14601 = CARTESIAN_POINT('',(2.150499723604,2.822500001366,
    -2.150499723604));
#14602 = CARTESIAN_POINT('',(1.259733572207,2.885000001366,-3.041265875)
  );
#14603 = CARTESIAN_POINT('',(-4.150584863983E-15,2.947500001366,
    -3.041265875));
#14604 = CARTESIAN_POINT('',(-1.259733572207,3.010000001366,-3.041265875
    ));
#14605 = CARTESIAN_POINT('',(-2.150499723604,3.072500001366,
    -2.150499723604));
#14606 = CARTESIAN_POINT('',(-3.041265875,3.135000001366,-1.259733572207
    ));
#14607 = CARTESIAN_POINT('',(-3.041265875,3.197500001366,
    -1.425023545973E-14));
#14608 = CARTESIAN_POINT('',(-3.041265875,3.260000001366,1.259733572207)
  );
#14609 = CARTESIAN_POINT('',(-2.150499723604,3.322500001366,
    2.150499723604));
#14610 = CARTESIAN_POINT('',(-1.259733572207,3.385000001366,3.041265875)
  );
#14611 = CARTESIAN_POINT('',(-4.895480167818E-15,3.447500001366,
    3.041265875));
#14612 = CARTESIAN_POINT('',(1.259733572207,3.510000001366,3.041265875)
  );
#14613 = CARTESIAN_POINT('',(2.150499723604,3.572500001366,
    2.150499723604));
#14614 = CARTESIAN_POINT('',(3.041265875,3.635000001366,1.259733572207)
  );
#14615 = CARTESIAN_POINT('',(3.041265875,3.697500001366,
    -1.387778780781E-14));
#14616 = CARTESIAN_POINT('',(3.041265875,3.760000001366,-1.259733572207)
  );
#14617 = CARTESIAN_POINT('',(2.150499723604,3.822500001366,
    -2.150499723604));
#14618 = CARTESIAN_POINT('',(1.259733572207,3.885000001366,-3.041265875)
  );
#14619 = CARTESIAN_POINT('',(-4.150584863983E-15,3.947500001366,
    -3.041265875));
#14620 = CARTESIAN_POINT('',(-1.259733572207,4.010000001366,-3.041265875
    ));
#14621 = CARTESIAN_POINT('',(-2.150499723604,4.072500001366,
    -2.150499723604));
#14622 = CARTESIAN_POINT('',(-3.041265875,4.135000001366,-1.259733572207
    ));
#14623 = CARTESIAN_POINT('',(-3.041265875,4.197500001366,
    -1.425023545973E-14));
#14624 = CARTESIAN_POINT('',(-3.041265875,4.260000001366,1.259733572207)
  );
#14625 = CARTESIAN_POINT('',(-2.150499723604,4.322500001366,
    2.150499723604));
#14626 = CARTESIAN_POINT('',(-1.259733572207,4.385000001366,3.041265875)
  );
#14627 = CARTESIAN_POINT('',(-4.895480167818E-15,4.447500001366,
    3.041265875));
#14628 = CARTESIAN_POINT('',(1.259733572207,4.510000001366,3.041265875)
  );
#14629 = CARTESIAN_POINT('',(2.150499723604,4.572500001366,
    2.150499723604));
#14630 = CARTESIAN_POINT('',(3.041265875,4.635000001366,1.259733572207)
  );
#14631 = CARTESIAN_POINT('',(3.041265875,4.697500001366,
    -1.387778780781E-14));
#14632 = CARTESIAN_POINT('',(3.041265875,4.760000001366,-1.259733572207)
  );
#14633 = CARTESIAN_POINT('',(2.150499723604,4.822500001366,
    -2.150499723604));
#14634 = CARTESIAN_POINT('',(1.259733572207,4.885000001366,-3.041265875)
  );
#14635 = CARTESIAN_POINT('',(-4.150584863983E-15,4.947500001366,
    -3.041265875));
#14636 = CARTESIAN_POINT('',(-1.259733572207,5.010000001366,-3.041265875
    ));
#14637 = CARTESIAN_POINT('',(-2.150499723604,5.072500001366,
    -2.150499723604));
#14638 = CARTESIAN_POINT('',(-3.041265875,5.135000001366,-1.259733572207
    ));
#14639 = CARTESIAN_POINT('',(-3.041265875,5.197500001366,
    -1.425023545973E-14));
#14640 = CARTESIAN_POINT('',(-3.041265875,5.260000001366,1.259733572207)
  );
#14641 = CARTESIAN_POINT('',(-2.150499723604,5.322500001366,
    2.150499723604));
#14642 = CARTESIAN_POINT('',(-1.259733572207,5.385000001366,3.041265875)
  );
#14643 = CARTESIAN_POINT('',(-4.895480167818E-15,5.447500001366,
    3.041265875));
#14644 = CARTESIAN_POINT('',(1.259733572207,5.510000001366,3.041265875)
  );
#14645 = CARTESIAN_POINT('',(2.150499723604,5.572500001366,
    2.150499723604));
#14646 = CARTESIAN_POINT('',(3.041265875,5.635000001366,1.259733572207)
  );
#14647 = CARTESIAN_POINT('',(3.041265875,5.697500001366,
    -1.387778780781E-14));
#14648 = CARTESIAN_POINT('',(3.041265875,5.760000001366,-1.259733572207)
  );
#14649 = CARTESIAN_POINT('',(2.150499723604,5.822500001366,
    -2.150499723604));
#14650 = CARTESIAN_POINT('',(1.259733572207,5.885000001366,-3.041265875)
  );
#14651 = CARTESIAN_POINT('',(-4.150584863983E-15,5.947500001366,
    -3.041265875));
#14652 = CARTESIAN_POINT('',(-1.259733572207,6.010000001366,-3.041265875
    ));
#14653 = CARTESIAN_POINT('',(-2.150499723604,6.072500001366,
    -2.150499723604));
#14654 = CARTESIAN_POINT('',(-3.041265875,6.135000001366,-1.259733572207
    ));
#14655 = CARTESIAN_POINT('',(-3.041265875,6.197500001366,
    -1.425023545973E-14));
#14656 = CARTESIAN_POINT('',(-3.041265875,6.260000001366,1.259733572207)
  );
#14657 = CARTESIAN_POINT('',(-2.150499723604,6.322500001366,
    2.150499723604));
#14658 = CARTESIAN_POINT('',(-1.259733572207,6.385000001366,3.041265875)
  );
#14659 = CARTESIAN_POINT('',(-4.895480167818E-15,6.447500001366,
    3.041265875));
#14660 = CARTESIAN_POINT('',(1.259733572207,6.510000001366,3.041265875)
  );
#14661 = CARTESIAN_POINT('',(2.150499723604,6.572500001366,
    2.150499723604));
#14662 = CARTESIAN_POINT('',(3.041265875,6.635000001366,1.259733572207)
  );
#14663 = CARTESIAN_POINT('',(3.041265875,6.697500001366,
    -1.387778780781E-14));
#14664 = CARTESIAN_POINT('',(3.041265875,6.760000001366,-1.259733572207)
  );
#14665 = CARTESIAN_POINT('',(2.150499723604,6.822500001366,
    -2.150499723604));
#14666 = CARTESIAN_POINT('',(1.259733572207,6.885000001366,-3.041265875)
  );
#14667 = CARTESIAN_POINT('',(-4.150584863983E-15,6.947500001366,
    -3.041265875));
#14668 = CARTESIAN_POINT('',(-1.259733572207,7.010000001366,-3.041265875
    ));
#14669 = CARTESIAN_POINT('',(-2.150499723604,7.072500001366,
    -2.150499723604));
#14670 = CARTESIAN_POINT('',(-3.041265875,7.135000001366,-1.259733572207
    ));
#14671 = CARTESIAN_POINT('',(-3.041265875,7.197500001366,
    -1.425023545973E-14));
#14672 = CARTESIAN_POINT('',(-3.041265875,7.260000001366,1.259733572207)
  );
#14673 = CARTESIAN_POINT('',(-2.150499723604,7.322500001366,
    2.150499723604));
#14674 = CARTESIAN_POINT('',(-1.259733572207,7.385000001366,3.041265875)
  );
#14675 = CARTESIAN_POINT('',(-4.895480167818E-15,7.447500001366,
    3.041265875));
#14676 = CARTESIAN_POINT('',(1.259733572207,7.510000001366,3.041265875)
  );
#14677 = CARTESIAN_POINT('',(2.150499723604,7.572500001366,
    2.150499723604));
#14678 = CARTESIAN_POINT('',(3.041265875,7.635000001366,1.259733572207)
  );
#14679 = CARTESIAN_POINT('',(3.041265875,7.697500001366,
    -1.387778780781E-14));
#14680 = CARTESIAN_POINT('',(3.041265875,7.760000001366,-1.259733572207)
  );
#14681 = CARTESIAN_POINT('',(2.150499723604,7.822500001366,
    -2.150499723604));
#14682 = CARTESIAN_POINT('',(1.259733572207,7.885000001366,-3.041265875)
  );
#14683 = CARTESIAN_POINT('',(-4.150584863983E-15,7.947500001366,
    -3.041265875));
#14684 = CARTESIAN_POINT('',(-1.259733572207,8.010000001366,-3.041265875
    ));
#14685 = CARTESIAN_POINT('',(-2.150499723604,8.072500001366,
    -2.150499723604));
#14686 = CARTESIAN_POINT('',(-3.041265875,8.135000001366,-1.259733572207
    ));
#14687 = CARTESIAN_POINT('',(-3.041265875,8.197500001366,
    -1.425023545973E-14));
#14688 = CARTESIAN_POINT('',(-3.041265875,8.260000001366,1.259733572207)
  );
#14689 = CARTESIAN_POINT('',(-2.150499723604,8.322500001366,
    2.150499723604));
#14690 = CARTESIAN_POINT('',(-1.259733572207,8.385000001366,3.041265875)
  );
#14691 = CARTESIAN_POINT('',(-4.895480167818E-15,8.447500001366,
    3.041265875));
#14692 = CARTESIAN_POINT('',(1.259733572207,8.510000001366,3.041265875)
  );
#14693 = CARTESIAN_POINT('',(2.150499723604,8.572500001366,
    2.150499723604));
#14694 = CARTESIAN_POINT('',(3.041265875,8.635000001366,1.259733572207)
  );
#14695 = CARTESIAN_POINT('',(3.041265875,8.697500001366,
    -1.387778780781E-14));
#14696 = ( GEOMETRIC_REPRESENTATION_CONTEXT(3) 
GLOBAL_UNCERTAINTY_ASSIGNED_CONTEXT((#14700)) 
GLOBAL_UNIT_ASSIGNED_CONTEXT((#14697,#14698,#14699)) 
REPRESENTATION_CONTEXT('Context #1',
  '3D Context with UNIT and UNCERTAINTY') );
#14697 = ( LENGTH_UNIT() NAMED_UNIT(*) SI_UNIT(.MILLI.,.METRE.) );
#14698 = ( NAMED_UNIT(*) PLANE_ANGLE_UNIT() SI_UNIT($,.RADIAN.) );
#14699 = ( NAMED_UNIT(*) SI_UNIT($,.STERADIAN.) SOLID_ANGLE_UNIT() );
#14700 = UNCERTAINTY_MEASURE_WITH_UNIT(LENGTH_MEASURE(1.E-04),#14697,
  'distance_accuracy_value','confusion accuracy');
#14701 = CONTEXT_DEPENDENT_SHAPE_REPRESENTATION(#14702,#14704);
#14702 = ( REPRESENTATION_RELATIONSHIP('','',#6221,#10) 
REPRESENTATION_RELATIONSHIP_WITH_TRANSFORMATION(#14703) 
SHAPE_REPRESENTATION_RELATIONSHIP() );
#14703 = ITEM_DEFINED_TRANSFORMATION('','',#11,#19);
#14704 = PRODUCT_DEFINITION_SHAPE('Placement','Placement of an item',
  #14705);
#14705 = NEXT_ASSEMBLY_USAGE_OCCURRENCE('29','Solid2','',#5,#6216,$);
#14706 = PRODUCT_RELATED_PRODUCT_CATEGORY('part',$,(#6218));
#14707 = SHAPE_DEFINITION_REPRESENTATION(#14708,#14714);
#14708 = PRODUCT_DEFINITION_SHAPE('','',#14709);
#14709 = PRODUCT_DEFINITION('design','',#14710,#14713);
#14710 = PRODUCT_DEFINITION_FORMATION('','',#14711);
#14711 = PRODUCT('Solid3','Solid3','',(#14712));
#14712 = PRODUCT_CONTEXT('',#2,'mechanical');
#14713 = PRODUCT_DEFINITION_CONTEXT('part definition',#2,'design');
#14714 = ADVANCED_BREP_SHAPE_REPRESENTATION('',(#11,#14715),#15318);
#14715 = MANIFOLD_SOLID_BREP('',#14716);
#14716 = CLOSED_SHELL('',(#14717,#15050,#15091,#15119,#15143,#15164,
    #15181,#15202,#15264,#15284,#15301));
#14717 = ADVANCED_FACE('',(#14718,#15034),#15045,.T.);
#14718 = FACE_BOUND('',#14719,.T.);
#14719 = EDGE_LOOP('',(#14720,#14879));
#14720 = ORIENTED_EDGE('',*,*,#14721,.T.);
#14721 = EDGE_CURVE('',#14722,#14724,#14726,.T.);
#14722 = VERTEX_POINT('',#14723);
#14723 = CARTESIAN_POINT('',(0.4,2.8,-2.567377022809E-17));
#14724 = VERTEX_POINT('',#14725);
#14725 = CARTESIAN_POINT('',(0.399737355586,-2.8,6.776263578034E-17));
#14726 = B_SPLINE_CURVE_WITH_KNOTS('',3,(#14727,#14728,#14729,#14730,
    #14731,#14732,#14733,#14734,#14735,#14736,#14737,#14738,#14739,
    #14740,#14741,#14742,#14743,#14744,#14745,#14746,#14747,#14748,
    #14749,#14750,#14751,#14752,#14753,#14754,#14755,#14756,#14757,
    #14758,#14759,#14760,#14761,#14762,#14763,#14764,#14765,#14766,
    #14767,#14768,#14769,#14770,#14771,#14772,#14773,#14774,#14775,
    #14776,#14777,#14778,#14779,#14780,#14781,#14782,#14783,#14784,
    #14785,#14786,#14787,#14788,#14789,#14790,#14791,#14792,#14793,
    #14794,#14795,#14796,#14797,#14798,#14799,#14800,#14801,#14802,
    #14803,#14804,#14805,#14806,#14807,#14808,#14809,#14810,#14811,
    #14812,#14813,#14814,#14815,#14816,#14817,#14818,#14819,#14820,
    #14821,#14822,#14823,#14824,#14825,#14826,#14827,#14828,#14829,
    #14830,#14831,#14832,#14833,#14834,#14835,#14836,#14837,#14838,
    #14839,#14840,#14841,#14842,#14843,#14844,#14845,#14846,#14847,
    #14848,#14849,#14850,#14851,#14852,#14853,#14854,#14855,#14856,
    #14857,#14858,#14859,#14860,#14861,#14862,#14863,#14864,#14865,
    #14866,#14867,#14868,#14869,#14870,#14871,#14872,#14873,#14874,
    #14875,#14876,#14877,#14878),.UNSPECIFIED.,.T.,.F.,(1,3,2,2,2,2,2,2,
    2,2,2,2,2,2,2,2,2,2,2,2,2,2,2,2,2,2,2,2,2,2,2,2,2,2,2,2,2,2,2,2,2,2,
    2,2,2,2,2,2,2,2,2,2,2,2,2,2,2,2,2,2,2,2,2,2,2,2,2,2,2,2,2,2,2,2,2,2,
    3,1),(-7.443501547716E-05,0.,7.443501547716E-05,1.488700309543E-04,
    2.977400619086E-04,5.954801238173E-04,1.190960247635E-03,
    1.488700309543E-03,1.786440371452E-03,2.084180433361E-03,
    2.381920495269E-03,2.679660557178E-03,2.977400619086E-03,
    3.051835634564E-03,3.126270650041E-03,3.200705665518E-03,
    3.275140680995E-03,3.424010711949E-03,3.572880742904E-03,
    4.168360866721E-03,4.46610092863E-03,4.763840990538E-03,
    5.061581052447E-03,5.359321114356E-03,5.954801238173E-03,
    6.103671269127E-03,6.252541300082E-03,6.326976315559E-03,
    6.401411331036E-03,6.55028136199E-03,6.848021423899E-03,
    7.145761485807E-03,7.443501547716E-03,7.741241609625E-03,
    8.038981671533E-03,8.336721733442E-03,8.932201857259E-03,
    9.229941919168E-03,9.378811950122E-03,9.453246965599E-03,
    9.527681981077E-03,9.602116996554E-03,9.676552012031E-03,
    9.825422042985E-03,1.012316210489E-02,1.071864222871E-02,
    1.101638229062E-02,1.131412235253E-02,1.190960247635E-02,
    1.220734253825E-02,1.250508260016E-02,1.257951761564E-02,
    1.265395263112E-02,1.272838764659E-02,1.280282266207E-02,
    1.295169269303E-02,1.310056272398E-02,1.36960428478E-02,
    1.399378290971E-02,1.429152297161E-02,1.488700309543E-02,
    1.548248321925E-02,1.56313532502E-02,1.578022328116E-02,
    1.585465829664E-02,1.592909331211E-02,1.607796334307E-02,
    1.637570340498E-02,1.667344346688E-02,1.72689235907E-02,
    1.756666365261E-02,1.786440371452E-02,1.845988383834E-02,
    1.875762390024E-02,1.89064939312E-02,1.898092894668E-02,
    1.905536396215E-02,1.912979897763E-02),.UNSPECIFIED.);
#14727 = CARTESIAN_POINT('',(0.4,2.8,3.388131789017E-17));
#14728 = CARTESIAN_POINT('',(0.400000008957,2.80000003071,
    2.524902463654E-02));
#14729 = CARTESIAN_POINT('',(0.396101051865,2.786298025686,
    4.778904558586E-02));
#14730 = CARTESIAN_POINT('',(0.387244947275,2.754692521681,
    8.499937714003E-02));
#14731 = CARTESIAN_POINT('',(0.382155222483,2.736338400313,
    0.100621147342));
#14732 = CARTESIAN_POINT('',(0.366445442345,2.678830926364,
    0.144685644018));
#14733 = CARTESIAN_POINT('',(0.355457876539,2.637506848943,
    0.169686465487));
#14734 = CARTESIAN_POINT('',(0.323334450549,2.51262604106,0.242009929321
    ));
#14735 = CARTESIAN_POINT('',(0.302699331949,2.426951903999,
    0.286328330206));
#14736 = CARTESIAN_POINT('',(0.246084780336,2.172284527633,
    0.425671978119));
#14737 = CARTESIAN_POINT('',(0.214964425559,2.004318954103,
    0.524331068305));
#14738 = CARTESIAN_POINT('',(0.185629624021,1.781209227028,
    0.717783042199));
#14739 = CARTESIAN_POINT('',(0.179008798874,1.713521899632,
    0.788512192214));
#14740 = CARTESIAN_POINT('',(0.174331492108,1.600620006566,
    0.950805404896));
#14741 = CARTESIAN_POINT('',(0.176784214818,1.559159117952,
    1.040708939925));
#14742 = CARTESIAN_POINT('',(0.189279851632,1.500810403157,
    1.227582550857));
#14743 = CARTESIAN_POINT('',(0.199275137286,1.483111775591,
    1.325018357797));
#14744 = CARTESIAN_POINT('',(0.223985783432,1.461866882939,
    1.517232110141));
#14745 = CARTESIAN_POINT('',(0.238820777156,1.458068561354,
    1.613355985071));
#14746 = CARTESIAN_POINT('',(0.272367621541,1.45712718441,1.805394683348
    ));
#14747 = CARTESIAN_POINT('',(0.291121001908,1.460203111145,
    1.901326463881));
#14748 = CARTESIAN_POINT('',(0.331391855678,1.46570193842,2.092678003636
    ));
#14749 = CARTESIAN_POINT('',(0.353348766945,1.470419861525,
    2.188497815077));
#14750 = CARTESIAN_POINT('',(0.379471031919,1.457286711555,
    2.307018399124));
#14751 = CARTESIAN_POINT('',(0.384647331957,1.453518272508,
    2.330852524041));
#14752 = CARTESIAN_POINT('',(0.393866219398,1.439951299307,
    2.376831889928));
#14753 = CARTESIAN_POINT('',(0.398221706709,1.4300079531,2.400319956325)
  );
#14754 = CARTESIAN_POINT('',(0.400964395448,1.39312616409,2.432759746801
    ));
#14755 = CARTESIAN_POINT('',(0.398245848499,1.366750275869,
    2.436988169654));
#14756 = CARTESIAN_POINT('',(0.390324204305,1.318616732803,
    2.432279066039));
#14757 = CARTESIAN_POINT('',(0.385347786463,1.295484449803,
    2.425030439761));
#14758 = CARTESIAN_POINT('',(0.370169397069,1.228879784435,
    2.399703347745));
#14759 = CARTESIAN_POINT('',(0.35927772365,1.186730661139,2.377081950386
    ));
#14760 = CARTESIAN_POINT('',(0.338038164711,1.103933128931,
    2.330278826859));
#14761 = CARTESIAN_POINT('',(0.327555340748,1.063274283122,
    2.305566249706));
#14762 = CARTESIAN_POINT('',(0.276755839039,0.860224968717,
    2.180943350266));
#14763 = CARTESIAN_POINT('',(0.241193548636,0.696796346774,
    2.077865822888));
#14764 = CARTESIAN_POINT('',(0.202864241055,0.435370803484,
    1.958550970684));
#14765 = CARTESIAN_POINT('',(0.192529125235,0.345795597477,
    1.924413843342));
#14766 = CARTESIAN_POINT('',(0.178423222134,0.158144724978,
    1.876445586074));
#14767 = CARTESIAN_POINT('',(0.174829903581,5.906837131034E-02,
    1.863310918026));
#14768 = CARTESIAN_POINT('',(0.177160085048,-0.134480430385,
    1.871661051675));
#14769 = CARTESIAN_POINT('',(0.18285203576,-0.231879220841,
    1.891911454754));
#14770 = CARTESIAN_POINT('',(0.200432328429,-0.41689618104,1.95042613344
    ));
#14771 = CARTESIAN_POINT('',(0.212264224039,-0.505528662231,
    1.988512412971));
#14772 = CARTESIAN_POINT('',(0.254736337683,-0.764799923276,
    2.117301841714));
#14773 = CARTESIAN_POINT('',(0.292466588448,-0.925913710724,
    2.223675936062));
#14774 = CARTESIAN_POINT('',(0.344960558512,-1.131033276547,
    2.345925851014));
#14775 = CARTESIAN_POINT('',(0.355739915117,-1.17240217114,
    2.369832329923));
#14776 = CARTESIAN_POINT('',(0.376982468481,-1.257915798413,
    2.411963129879));
#14777 = CARTESIAN_POINT('',(0.388223504577,-1.302244319642,
    2.433174934019));
#14778 = CARTESIAN_POINT('',(0.399269468099,-1.375261168287,
    2.436234174748));
#14779 = CARTESIAN_POINT('',(0.401072191325,-1.40082364848,
    2.428761942913));
#14780 = CARTESIAN_POINT('',(0.396949615234,-1.434164081644,
    2.392739693369));
#14781 = CARTESIAN_POINT('',(0.392392801009,-1.442839468797,
    2.369111266292));
#14782 = CARTESIAN_POINT('',(0.378260435224,-1.461026099191,
    2.299976205232));
#14783 = CARTESIAN_POINT('',(0.367318964423,-1.463600864115,
    2.252041885246));
#14784 = CARTESIAN_POINT('',(0.335433222996,-1.467817871715,
    2.109766814201));
#14785 = CARTESIAN_POINT('',(0.314535299723,-1.463373939933,
    2.014884354659));
#14786 = CARTESIAN_POINT('',(0.276053960801,-1.458046572518,1.824396429)
  );
#14787 = CARTESIAN_POINT('',(0.258331824854,-1.456264247883,
    1.72875148563));
#14788 = CARTESIAN_POINT('',(0.227076546225,-1.46122267693,
    1.537589525347));
#14789 = CARTESIAN_POINT('',(0.213496028986,-1.467785488031,
    1.442003941748));
#14790 = CARTESIAN_POINT('',(0.191629997137,-1.496605716982,
    1.251190951215));
#14791 = CARTESIAN_POINT('',(0.183394938904,-1.519018570284,
    1.155941012391));
#14792 = CARTESIAN_POINT('',(0.17481530524,-1.588469942558,
    0.975633600261));
#14793 = CARTESIAN_POINT('',(0.17478476397,-1.638072210522,
    0.889491217464));
#14794 = CARTESIAN_POINT('',(0.183241853287,-1.759057039747,
    0.73912613741));
#14795 = CARTESIAN_POINT('',(0.191445001135,-1.830364006942,
    0.671862199743));
#14796 = CARTESIAN_POINT('',(0.224032759133,-2.05583430013,
    0.491466532241));
#14797 = CARTESIAN_POINT('',(0.256137885051,-2.221831519257,
    0.39769098913));
#14798 = CARTESIAN_POINT('',(0.313525542474,-2.47242610486,
    0.262120819829));
#14799 = CARTESIAN_POINT('',(0.334298587113,-2.556521146087,
    0.218658510448));
#14800 = CARTESIAN_POINT('',(0.366078440352,-2.677501396979,
    0.144535743489));
#14801 = CARTESIAN_POINT('',(0.376876093291,-2.717299554652,
    0.118846726914));
#14802 = CARTESIAN_POINT('',(0.391236101066,-2.769005704316,
    6.966009281225E-02));
#14803 = CARTESIAN_POINT('',(0.395872405525,-2.785448236195,
    5.10186013058E-02));
#14804 = CARTESIAN_POINT('',(0.400893439554,-2.803160534979,
    5.99011685626E-03));
#14805 = CARTESIAN_POINT('',(0.399932018636,-2.799796095437,
    -2.066280702791E-02));
#14806 = CARTESIAN_POINT('',(0.393276054425,-2.776242271161,
    -6.264391237184E-02));
#14807 = CARTESIAN_POINT('',(0.388475430255,-2.759126959071,
    -7.996095813544E-02));
#14808 = CARTESIAN_POINT('',(0.378680959323,-2.723685758769,
    -0.111066155519));
#14809 = CARTESIAN_POINT('',(0.373502738539,-2.704718920598,
    -0.12502147912));
#14810 = CARTESIAN_POINT('',(0.35777108165,-2.646235619723,
    -0.164911701935));
#14811 = CARTESIAN_POINT('',(0.347104964467,-2.605447803063,
    -0.188655121783));
#14812 = CARTESIAN_POINT('',(0.315908504933,-2.482161210781,
    -0.258019272096));
#14813 = CARTESIAN_POINT('',(0.296052305018,-2.398276205372,
    -0.301655511836));
#14814 = CARTESIAN_POINT('',(0.2416519966,-2.149190537269,
    -0.439234524092));
#14815 = CARTESIAN_POINT('',(0.211934508205,-1.985125658295,
    -0.538237270409));
#14816 = CARTESIAN_POINT('',(0.184614731788,-1.771290519016,
    -0.727945232389));
#14817 = CARTESIAN_POINT('',(0.178320517224,-1.704102463328,
    -0.799966660018));
#14818 = CARTESIAN_POINT('',(0.174482132042,-1.596079876069,
    -0.959701714438));
#14819 = CARTESIAN_POINT('',(0.177117064327,-1.55626856089,
    -1.048081614735));
#14820 = CARTESIAN_POINT('',(0.196250313083,-1.471087637562,
    -1.326762047124));
#14821 = CARTESIAN_POINT('',(0.222290928176,-1.458516737113,
    -1.518782224478));
#14822 = CARTESIAN_POINT('',(0.272332169629,-1.45713603839,
    -1.805166045094));
#14823 = CARTESIAN_POINT('',(0.29090733013,-1.46016362322,
    -1.900218932312));
#14824 = CARTESIAN_POINT('',(0.330767923114,-1.465626838544,
    -2.089803646963));
#14825 = CARTESIAN_POINT('',(0.352459875851,-1.470179958912,
    -2.184698798268));
#14826 = CARTESIAN_POINT('',(0.37842786017,-1.457962243953,
    -2.30223395382));
#14827 = CARTESIAN_POINT('',(0.383505511955,-1.45449181516,
    -2.32552455607));
#14828 = CARTESIAN_POINT('',(0.39275883493,-1.442131121665,
    -2.371023442305));
#14829 = CARTESIAN_POINT('',(0.397275239755,-1.433296544454,
    -2.394567860938));
#14830 = CARTESIAN_POINT('',(0.401092674574,-1.398732847954,
    -2.43004971635));
#14831 = CARTESIAN_POINT('',(0.398985074335,-1.372745866525,
    -2.436531771169));
#14832 = CARTESIAN_POINT('',(0.391436091234,-1.324184035122,
    -2.433647908205));
#14833 = CARTESIAN_POINT('',(0.386522225816,-1.300952531296,
    -2.42675958059));
#14834 = CARTESIAN_POINT('',(0.371400927604,-1.233753092312,
    -2.402147179471));
#14835 = CARTESIAN_POINT('',(0.360468202512,-1.19140165392,
    -2.379572361842));
#14836 = CARTESIAN_POINT('',(0.339206114565,-1.108458983798,
    -2.332971492616));
#14837 = CARTESIAN_POINT('',(0.328699134226,-1.067759351771,
    -2.30829068545));
#14838 = CARTESIAN_POINT('',(0.277757628743,-0.864553581614,
    -2.183706049209));
#14839 = CARTESIAN_POINT('',(0.242199815497,-0.702232365217,
    -2.080857160767));
#14840 = CARTESIAN_POINT('',(0.203399497028,-0.439706753639,
    -1.960284895293));
#14841 = CARTESIAN_POINT('',(0.192765492921,-0.348132625441,
    -1.925201632675));
#14842 = CARTESIAN_POINT('',(0.178533525496,-0.160399948723,
    -1.876836294095));
#14843 = CARTESIAN_POINT('',(0.174876389868,-6.243392971918E-02,
    -1.863475285291));
#14844 = CARTESIAN_POINT('',(0.178134893692,0.229596346793,
    -1.875158581677));
#14845 = CARTESIAN_POINT('',(0.197809793756,0.416005272943,
    -1.944516947541));
#14846 = CARTESIAN_POINT('',(0.253410585619,0.757956246895,
    -2.113441861292));
#14847 = CARTESIAN_POINT('',(0.290321652294,0.917133901708,
    -2.217756546691));
#14848 = CARTESIAN_POINT('',(0.342040380391,1.119706836268,
    -2.339318726936));
#14849 = CARTESIAN_POINT('',(0.35264995813,1.160448106075,
    -2.363121310701));
#14850 = CARTESIAN_POINT('',(0.373777839442,1.244660731458,-2.4060364805
    ));
#14851 = CARTESIAN_POINT('',(0.3847469631,1.287992162663,-2.426999934485
    ));
#14852 = CARTESIAN_POINT('',(0.397149529271,1.358822745041,
    -2.437098571775));
#14853 = CARTESIAN_POINT('',(0.400504365002,1.385054703947,
    -2.435547911628));
#14854 = CARTESIAN_POINT('',(0.39935609201,1.424828102579,
    -2.407921933781));
#14855 = CARTESIAN_POINT('',(0.395358475612,1.436437307589,
    -2.384972680586));
#14856 = CARTESIAN_POINT('',(0.38214820857,1.459216543491,
    -2.317316669896));
#14857 = CARTESIAN_POINT('',(0.371300404041,1.462318447202,
    -2.269818892141));
#14858 = CARTESIAN_POINT('',(0.339810967881,1.468388585519,
    -2.129276552986));
#14859 = CARTESIAN_POINT('',(0.318846077906,1.464035543998,
    -2.034980969646));
#14860 = CARTESIAN_POINT('',(0.280258792548,1.458578368992,
    -1.846203912314));
#14861 = CARTESIAN_POINT('',(0.262436684138,1.456417313652,
    -1.751563307714));
#14862 = CARTESIAN_POINT('',(0.214875921231,1.461817525619,
    -1.466797619412));
#14863 = CARTESIAN_POINT('',(0.190364997563,1.479692626616,
    -1.272320893749));
#14864 = CARTESIAN_POINT('',(0.175403038089,1.576835074948,
    -1.000096537428));
#14865 = CARTESIAN_POINT('',(0.174468605645,1.622996620751,
    -0.913199186343));
#14866 = CARTESIAN_POINT('',(0.181252459754,1.738373123409,
    -0.761165941883));
#14867 = CARTESIAN_POINT('',(0.188701747646,1.807759484343,
    -0.69257349601));
#14868 = CARTESIAN_POINT('',(0.219205083641,2.028151859894,
    -0.509464450516));
#14869 = CARTESIAN_POINT('',(0.250007454307,2.191420075168,
    -0.414836123623));
#14870 = CARTESIAN_POINT('',(0.305614354898,2.439216151206,
    -0.279826608508));
#14871 = CARTESIAN_POINT('',(0.325820744149,2.522591428192,
    -0.236621689163));
#14872 = CARTESIAN_POINT('',(0.35713594085,2.643858398863,
    -0.165788740412));
#14873 = CARTESIAN_POINT('',(0.3677993054,2.68384876032,-0.141306491724)
  );
#14874 = CARTESIAN_POINT('',(0.382982766267,2.739331948811,
    -9.80585477876E-02));
#14875 = CARTESIAN_POINT('',(0.387903597243,2.757053884016,
    -8.263858509629E-02));
#14876 = CARTESIAN_POINT('',(0.396332044162,2.78711040055,
    -4.636723143144E-02));
#14877 = CARTESIAN_POINT('',(0.399999991043,2.79999996929,
    -2.524902463654E-02));
#14878 = CARTESIAN_POINT('',(0.4,2.8,3.388131789017E-17));
#14879 = ORIENTED_EDGE('',*,*,#14880,.T.);
#14880 = EDGE_CURVE('',#14724,#14722,#14881,.T.);
#14881 = B_SPLINE_CURVE_WITH_KNOTS('',3,(#14882,#14883,#14884,#14885,
    #14886,#14887,#14888,#14889,#14890,#14891,#14892,#14893,#14894,
    #14895,#14896,#14897,#14898,#14899,#14900,#14901,#14902,#14903,
    #14904,#14905,#14906,#14907,#14908,#14909,#14910,#14911,#14912,
    #14913,#14914,#14915,#14916,#14917,#14918,#14919,#14920,#14921,
    #14922,#14923,#14924,#14925,#14926,#14927,#14928,#14929,#14930,
    #14931,#14932,#14933,#14934,#14935,#14936,#14937,#14938,#14939,
    #14940,#14941,#14942,#14943,#14944,#14945,#14946,#14947,#14948,
    #14949,#14950,#14951,#14952,#14953,#14954,#14955,#14956,#14957,
    #14958,#14959,#14960,#14961,#14962,#14963,#14964,#14965,#14966,
    #14967,#14968,#14969,#14970,#14971,#14972,#14973,#14974,#14975,
    #14976,#14977,#14978,#14979,#14980,#14981,#14982,#14983,#14984,
    #14985,#14986,#14987,#14988,#14989,#14990,#14991,#14992,#14993,
    #14994,#14995,#14996,#14997,#14998,#14999,#15000,#15001,#15002,
    #15003,#15004,#15005,#15006,#15007,#15008,#15009,#15010,#15011,
    #15012,#15013,#15014,#15015,#15016,#15017,#15018,#15019,#15020,
    #15021,#15022,#15023,#15024,#15025,#15026,#15027,#15028,#15029,
    #15030,#15031,#15032,#15033),.UNSPECIFIED.,.T.,.F.,(1,3,2,2,2,2,2,2,
    2,2,2,2,2,2,2,2,2,2,2,2,2,2,2,2,2,2,2,2,2,2,2,2,2,2,2,2,2,2,2,2,2,2,
    2,2,2,2,2,2,2,2,2,2,2,2,2,2,2,2,2,2,2,2,2,2,2,2,2,2,2,2,2,2,2,2,2,2,
    3,1),(-7.443501547716E-05,0.,7.443501547716E-05,1.488700309543E-04,
    2.977400619086E-04,5.954801238173E-04,1.190960247635E-03,
    1.488700309543E-03,1.786440371452E-03,2.084180433361E-03,
    2.381920495269E-03,2.679660557178E-03,2.977400619086E-03,
    3.051835634564E-03,3.126270650041E-03,3.200705665518E-03,
    3.275140680995E-03,3.424010711949E-03,3.572880742904E-03,
    4.168360866721E-03,4.46610092863E-03,4.763840990538E-03,
    5.061581052447E-03,5.359321114356E-03,5.954801238173E-03,
    6.103671269127E-03,6.252541300082E-03,6.326976315559E-03,
    6.401411331036E-03,6.55028136199E-03,6.848021423899E-03,
    7.145761485807E-03,7.443501547716E-03,7.741241609625E-03,
    8.038981671533E-03,8.336721733442E-03,8.932201857259E-03,
    9.229941919168E-03,9.378811950122E-03,9.453246965599E-03,
    9.527681981077E-03,9.602116996554E-03,9.676552012031E-03,
    9.825422042985E-03,1.012316210489E-02,1.071864222871E-02,
    1.101638229062E-02,1.131412235253E-02,1.190960247635E-02,
    1.220734253825E-02,1.250508260016E-02,1.257951761564E-02,
    1.265395263112E-02,1.272838764659E-02,1.280282266207E-02,
    1.295169269303E-02,1.310056272398E-02,1.36960428478E-02,
    1.399378290971E-02,1.429152297161E-02,1.488700309543E-02,
    1.548248321925E-02,1.56313532502E-02,1.578022328116E-02,
    1.585465829664E-02,1.592909331211E-02,1.607796334307E-02,
    1.637570340498E-02,1.667344346688E-02,1.72689235907E-02,
    1.756666365261E-02,1.786440371452E-02,1.845988383834E-02,
    1.875762390024E-02,1.89064939312E-02,1.898092894668E-02,
    1.905536396215E-02,1.912979897763E-02),.UNSPECIFIED.);
#14882 = CARTESIAN_POINT('',(0.4,2.8,3.388131789017E-17));
#14883 = CARTESIAN_POINT('',(0.400000008957,2.80000003071,
    2.524902463654E-02));
#14884 = CARTESIAN_POINT('',(0.396101051865,2.786298025686,
    4.778904558586E-02));
#14885 = CARTESIAN_POINT('',(0.387244947275,2.754692521681,
    8.499937714003E-02));
#14886 = CARTESIAN_POINT('',(0.382155222483,2.736338400313,
    0.100621147342));
#14887 = CARTESIAN_POINT('',(0.366445442345,2.678830926364,
    0.144685644018));
#14888 = CARTESIAN_POINT('',(0.355457876539,2.637506848943,
    0.169686465487));
#14889 = CARTESIAN_POINT('',(0.323334450549,2.51262604106,0.242009929321
    ));
#14890 = CARTESIAN_POINT('',(0.302699331949,2.426951903999,
    0.286328330206));
#14891 = CARTESIAN_POINT('',(0.246084780336,2.172284527633,
    0.425671978119));
#14892 = CARTESIAN_POINT('',(0.214964425559,2.004318954103,
    0.524331068305));
#14893 = CARTESIAN_POINT('',(0.185629624021,1.781209227028,
    0.717783042199));
#14894 = CARTESIAN_POINT('',(0.179008798874,1.713521899632,
    0.788512192214));
#14895 = CARTESIAN_POINT('',(0.174331492108,1.600620006566,
    0.950805404896));
#14896 = CARTESIAN_POINT('',(0.176784214818,1.559159117952,
    1.040708939925));
#14897 = CARTESIAN_POINT('',(0.189279851632,1.500810403157,
    1.227582550857));
#14898 = CARTESIAN_POINT('',(0.199275137286,1.483111775591,
    1.325018357797));
#14899 = CARTESIAN_POINT('',(0.223985783432,1.461866882939,
    1.517232110141));
#14900 = CARTESIAN_POINT('',(0.238820777156,1.458068561354,
    1.613355985071));
#14901 = CARTESIAN_POINT('',(0.272367621541,1.45712718441,1.805394683348
    ));
#14902 = CARTESIAN_POINT('',(0.291121001908,1.460203111145,
    1.901326463881));
#14903 = CARTESIAN_POINT('',(0.331391855678,1.46570193842,2.092678003636
    ));
#14904 = CARTESIAN_POINT('',(0.353348766945,1.470419861525,
    2.188497815077));
#14905 = CARTESIAN_POINT('',(0.379471031919,1.457286711555,
    2.307018399124));
#14906 = CARTESIAN_POINT('',(0.384647331957,1.453518272508,
    2.330852524041));
#14907 = CARTESIAN_POINT('',(0.393866219398,1.439951299307,
    2.376831889928));
#14908 = CARTESIAN_POINT('',(0.398221706709,1.4300079531,2.400319956325)
  );
#14909 = CARTESIAN_POINT('',(0.400964395448,1.39312616409,2.432759746801
    ));
#14910 = CARTESIAN_POINT('',(0.398245848499,1.366750275869,
    2.436988169654));
#14911 = CARTESIAN_POINT('',(0.390324204305,1.318616732803,
    2.432279066039));
#14912 = CARTESIAN_POINT('',(0.385347786463,1.295484449803,
    2.425030439761));
#14913 = CARTESIAN_POINT('',(0.370169397069,1.228879784435,
    2.399703347745));
#14914 = CARTESIAN_POINT('',(0.35927772365,1.186730661139,2.377081950386
    ));
#14915 = CARTESIAN_POINT('',(0.338038164711,1.103933128931,
    2.330278826859));
#14916 = CARTESIAN_POINT('',(0.327555340748,1.063274283122,
    2.305566249706));
#14917 = CARTESIAN_POINT('',(0.276755839039,0.860224968717,
    2.180943350266));
#14918 = CARTESIAN_POINT('',(0.241193548636,0.696796346774,
    2.077865822888));
#14919 = CARTESIAN_POINT('',(0.202864241055,0.435370803484,
    1.958550970684));
#14920 = CARTESIAN_POINT('',(0.192529125235,0.345795597477,
    1.924413843342));
#14921 = CARTESIAN_POINT('',(0.178423222134,0.158144724978,
    1.876445586074));
#14922 = CARTESIAN_POINT('',(0.174829903581,5.906837131034E-02,
    1.863310918026));
#14923 = CARTESIAN_POINT('',(0.177160085048,-0.134480430385,
    1.871661051675));
#14924 = CARTESIAN_POINT('',(0.18285203576,-0.231879220841,
    1.891911454754));
#14925 = CARTESIAN_POINT('',(0.200432328429,-0.41689618104,1.95042613344
    ));
#14926 = CARTESIAN_POINT('',(0.212264224039,-0.505528662231,
    1.988512412971));
#14927 = CARTESIAN_POINT('',(0.254736337683,-0.764799923276,
    2.117301841714));
#14928 = CARTESIAN_POINT('',(0.292466588448,-0.925913710724,
    2.223675936062));
#14929 = CARTESIAN_POINT('',(0.344960558512,-1.131033276547,
    2.345925851014));
#14930 = CARTESIAN_POINT('',(0.355739915117,-1.17240217114,
    2.369832329923));
#14931 = CARTESIAN_POINT('',(0.376982468481,-1.257915798413,
    2.411963129879));
#14932 = CARTESIAN_POINT('',(0.388223504577,-1.302244319642,
    2.433174934019));
#14933 = CARTESIAN_POINT('',(0.399269468099,-1.375261168287,
    2.436234174748));
#14934 = CARTESIAN_POINT('',(0.401072191325,-1.40082364848,
    2.428761942913));
#14935 = CARTESIAN_POINT('',(0.396949615234,-1.434164081644,
    2.392739693369));
#14936 = CARTESIAN_POINT('',(0.392392801009,-1.442839468797,
    2.369111266292));
#14937 = CARTESIAN_POINT('',(0.378260435224,-1.461026099191,
    2.299976205232));
#14938 = CARTESIAN_POINT('',(0.367318964423,-1.463600864115,
    2.252041885246));
#14939 = CARTESIAN_POINT('',(0.335433222996,-1.467817871715,
    2.109766814201));
#14940 = CARTESIAN_POINT('',(0.314535299723,-1.463373939933,
    2.014884354659));
#14941 = CARTESIAN_POINT('',(0.276053960801,-1.458046572518,1.824396429)
  );
#14942 = CARTESIAN_POINT('',(0.258331824854,-1.456264247883,
    1.72875148563));
#14943 = CARTESIAN_POINT('',(0.227076546225,-1.46122267693,
    1.537589525347));
#14944 = CARTESIAN_POINT('',(0.213496028986,-1.467785488031,
    1.442003941748));
#14945 = CARTESIAN_POINT('',(0.191629997137,-1.496605716982,
    1.251190951215));
#14946 = CARTESIAN_POINT('',(0.183394938904,-1.519018570284,
    1.155941012391));
#14947 = CARTESIAN_POINT('',(0.17481530524,-1.588469942558,
    0.975633600261));
#14948 = CARTESIAN_POINT('',(0.17478476397,-1.638072210522,
    0.889491217464));
#14949 = CARTESIAN_POINT('',(0.183241853287,-1.759057039747,
    0.73912613741));
#14950 = CARTESIAN_POINT('',(0.191445001135,-1.830364006942,
    0.671862199743));
#14951 = CARTESIAN_POINT('',(0.224032759133,-2.05583430013,
    0.491466532241));
#14952 = CARTESIAN_POINT('',(0.256137885051,-2.221831519257,
    0.39769098913));
#14953 = CARTESIAN_POINT('',(0.313525542474,-2.47242610486,
    0.262120819829));
#14954 = CARTESIAN_POINT('',(0.334298587113,-2.556521146087,
    0.218658510448));
#14955 = CARTESIAN_POINT('',(0.366078440352,-2.677501396979,
    0.144535743489));
#14956 = CARTESIAN_POINT('',(0.376876093291,-2.717299554652,
    0.118846726914));
#14957 = CARTESIAN_POINT('',(0.391236101066,-2.769005704316,
    6.966009281225E-02));
#14958 = CARTESIAN_POINT('',(0.395872405525,-2.785448236195,
    5.10186013058E-02));
#14959 = CARTESIAN_POINT('',(0.400893439554,-2.803160534979,
    5.99011685626E-03));
#14960 = CARTESIAN_POINT('',(0.399932018636,-2.799796095437,
    -2.066280702791E-02));
#14961 = CARTESIAN_POINT('',(0.393276054425,-2.776242271161,
    -6.264391237184E-02));
#14962 = CARTESIAN_POINT('',(0.388475430255,-2.759126959071,
    -7.996095813544E-02));
#14963 = CARTESIAN_POINT('',(0.378680959323,-2.723685758769,
    -0.111066155519));
#14964 = CARTESIAN_POINT('',(0.373502738539,-2.704718920598,
    -0.12502147912));
#14965 = CARTESIAN_POINT('',(0.35777108165,-2.646235619723,
    -0.164911701935));
#14966 = CARTESIAN_POINT('',(0.347104964467,-2.605447803063,
    -0.188655121783));
#14967 = CARTESIAN_POINT('',(0.315908504933,-2.482161210781,
    -0.258019272096));
#14968 = CARTESIAN_POINT('',(0.296052305018,-2.398276205372,
    -0.301655511836));
#14969 = CARTESIAN_POINT('',(0.2416519966,-2.149190537269,
    -0.439234524092));
#14970 = CARTESIAN_POINT('',(0.211934508205,-1.985125658295,
    -0.538237270409));
#14971 = CARTESIAN_POINT('',(0.184614731788,-1.771290519016,
    -0.727945232389));
#14972 = CARTESIAN_POINT('',(0.178320517224,-1.704102463328,
    -0.799966660018));
#14973 = CARTESIAN_POINT('',(0.174482132042,-1.596079876069,
    -0.959701714438));
#14974 = CARTESIAN_POINT('',(0.177117064327,-1.55626856089,
    -1.048081614735));
#14975 = CARTESIAN_POINT('',(0.196250313083,-1.471087637562,
    -1.326762047124));
#14976 = CARTESIAN_POINT('',(0.222290928176,-1.458516737113,
    -1.518782224478));
#14977 = CARTESIAN_POINT('',(0.272332169629,-1.45713603839,
    -1.805166045094));
#14978 = CARTESIAN_POINT('',(0.29090733013,-1.46016362322,
    -1.900218932312));
#14979 = CARTESIAN_POINT('',(0.330767923114,-1.465626838544,
    -2.089803646963));
#14980 = CARTESIAN_POINT('',(0.352459875851,-1.470179958912,
    -2.184698798268));
#14981 = CARTESIAN_POINT('',(0.37842786017,-1.457962243953,
    -2.30223395382));
#14982 = CARTESIAN_POINT('',(0.383505511955,-1.45449181516,
    -2.32552455607));
#14983 = CARTESIAN_POINT('',(0.39275883493,-1.442131121665,
    -2.371023442305));
#14984 = CARTESIAN_POINT('',(0.397275239755,-1.433296544454,
    -2.394567860938));
#14985 = CARTESIAN_POINT('',(0.401092674574,-1.398732847954,
    -2.43004971635));
#14986 = CARTESIAN_POINT('',(0.398985074335,-1.372745866525,
    -2.436531771169));
#14987 = CARTESIAN_POINT('',(0.391436091234,-1.324184035122,
    -2.433647908205));
#14988 = CARTESIAN_POINT('',(0.386522225816,-1.300952531296,
    -2.42675958059));
#14989 = CARTESIAN_POINT('',(0.371400927604,-1.233753092312,
    -2.402147179471));
#14990 = CARTESIAN_POINT('',(0.360468202512,-1.19140165392,
    -2.379572361842));
#14991 = CARTESIAN_POINT('',(0.339206114565,-1.108458983798,
    -2.332971492616));
#14992 = CARTESIAN_POINT('',(0.328699134226,-1.067759351771,
    -2.30829068545));
#14993 = CARTESIAN_POINT('',(0.277757628743,-0.864553581614,
    -2.183706049209));
#14994 = CARTESIAN_POINT('',(0.242199815497,-0.702232365217,
    -2.080857160767));
#14995 = CARTESIAN_POINT('',(0.203399497028,-0.439706753639,
    -1.960284895293));
#14996 = CARTESIAN_POINT('',(0.192765492921,-0.348132625441,
    -1.925201632675));
#14997 = CARTESIAN_POINT('',(0.178533525496,-0.160399948723,
    -1.876836294095));
#14998 = CARTESIAN_POINT('',(0.174876389868,-6.243392971918E-02,
    -1.863475285291));
#14999 = CARTESIAN_POINT('',(0.178134893692,0.229596346793,
    -1.875158581677));
#15000 = CARTESIAN_POINT('',(0.197809793756,0.416005272943,
    -1.944516947541));
#15001 = CARTESIAN_POINT('',(0.253410585619,0.757956246895,
    -2.113441861292));
#15002 = CARTESIAN_POINT('',(0.290321652294,0.917133901708,
    -2.217756546691));
#15003 = CARTESIAN_POINT('',(0.342040380391,1.119706836268,
    -2.339318726936));
#15004 = CARTESIAN_POINT('',(0.35264995813,1.160448106075,
    -2.363121310701));
#15005 = CARTESIAN_POINT('',(0.373777839442,1.244660731458,-2.4060364805
    ));
#15006 = CARTESIAN_POINT('',(0.3847469631,1.287992162663,-2.426999934485
    ));
#15007 = CARTESIAN_POINT('',(0.397149529271,1.358822745041,
    -2.437098571775));
#15008 = CARTESIAN_POINT('',(0.400504365002,1.385054703947,
    -2.435547911628));
#15009 = CARTESIAN_POINT('',(0.39935609201,1.424828102579,
    -2.407921933781));
#15010 = CARTESIAN_POINT('',(0.395358475612,1.436437307589,
    -2.384972680586));
#15011 = CARTESIAN_POINT('',(0.38214820857,1.459216543491,
    -2.317316669896));
#15012 = CARTESIAN_POINT('',(0.371300404041,1.462318447202,
    -2.269818892141));
#15013 = CARTESIAN_POINT('',(0.339810967881,1.468388585519,
    -2.129276552986));
#15014 = CARTESIAN_POINT('',(0.318846077906,1.464035543998,
    -2.034980969646));
#15015 = CARTESIAN_POINT('',(0.280258792548,1.458578368992,
    -1.846203912314));
#15016 = CARTESIAN_POINT('',(0.262436684138,1.456417313652,
    -1.751563307714));
#15017 = CARTESIAN_POINT('',(0.214875921231,1.461817525619,
    -1.466797619412));
#15018 = CARTESIAN_POINT('',(0.190364997563,1.479692626616,
    -1.272320893749));
#15019 = CARTESIAN_POINT('',(0.175403038089,1.576835074948,
    -1.000096537428));
#15020 = CARTESIAN_POINT('',(0.174468605645,1.622996620751,
    -0.913199186343));
#15021 = CARTESIAN_POINT('',(0.181252459754,1.738373123409,
    -0.761165941883));
#15022 = CARTESIAN_POINT('',(0.188701747646,1.807759484343,
    -0.69257349601));
#15023 = CARTESIAN_POINT('',(0.219205083641,2.028151859894,
    -0.509464450516));
#15024 = CARTESIAN_POINT('',(0.250007454307,2.191420075168,
    -0.414836123623));
#15025 = CARTESIAN_POINT('',(0.305614354898,2.439216151206,
    -0.279826608508));
#15026 = CARTESIAN_POINT('',(0.325820744149,2.522591428192,
    -0.236621689163));
#15027 = CARTESIAN_POINT('',(0.35713594085,2.643858398863,
    -0.165788740412));
#15028 = CARTESIAN_POINT('',(0.3677993054,2.68384876032,-0.141306491724)
  );
#15029 = CARTESIAN_POINT('',(0.382982766267,2.739331948811,
    -9.80585477876E-02));
#15030 = CARTESIAN_POINT('',(0.387903597243,2.757053884016,
    -8.263858509629E-02));
#15031 = CARTESIAN_POINT('',(0.396332044162,2.78711040055,
    -4.636723143144E-02));
#15032 = CARTESIAN_POINT('',(0.399999991043,2.79999996929,
    -2.524902463654E-02));
#15033 = CARTESIAN_POINT('',(0.4,2.8,3.388131789017E-17));
#15034 = FACE_BOUND('',#15035,.T.);
#15035 = EDGE_LOOP('',(#15036));
#15036 = ORIENTED_EDGE('',*,*,#15037,.T.);
#15037 = EDGE_CURVE('',#15038,#15038,#15040,.T.);
#15038 = VERTEX_POINT('',#15039);
#15039 = CARTESIAN_POINT('',(1.833738724808,0.,5.771670190275));
#15040 = CIRCLE('',#15041,5.771670190275);
#15041 = AXIS2_PLACEMENT_3D('',#15042,#15043,#15044);
#15042 = CARTESIAN_POINT('',(1.833738724808,0.,0.));
#15043 = DIRECTION('',(-1.,0.,-0.));
#15044 = DIRECTION('',(-0.,0.,1.));
#15045 = SPHERICAL_SURFACE('',#15046,10.);
#15046 = AXIS2_PLACEMENT_3D('',#15047,#15048,#15049);
#15047 = CARTESIAN_POINT('',(10.,-6.98048675514E-16,0.));
#15048 = DIRECTION('',(-0.,0.,-1.));
#15049 = DIRECTION('',(0.,1.,0.));
#15050 = ADVANCED_FACE('',(#15051),#15086,.T.);
#15051 = FACE_BOUND('',#15052,.T.);
#15052 = EDGE_LOOP('',(#15053,#15064,#15071,#15078,#15079));
#15053 = ORIENTED_EDGE('',*,*,#15054,.T.);
#15054 = EDGE_CURVE('',#15055,#15057,#15059,.T.);
#15055 = VERTEX_POINT('',#15056);
#15056 = CARTESIAN_POINT('',(20.1,0.,-3.));
#15057 = VERTEX_POINT('',#15058);
#15058 = CARTESIAN_POINT('',(20.1,-7.347880794884E-16,3.));
#15059 = CIRCLE('',#15060,3.);
#15060 = AXIS2_PLACEMENT_3D('',#15061,#15062,#15063);
#15061 = CARTESIAN_POINT('',(20.1,0.,0.));
#15062 = DIRECTION('',(-1.,-0.,-0.));
#15063 = DIRECTION('',(0.,0.,-1.));
#15064 = ORIENTED_EDGE('',*,*,#15065,.T.);
#15065 = EDGE_CURVE('',#15057,#15066,#15068,.T.);
#15066 = VERTEX_POINT('',#15067);
#15067 = CARTESIAN_POINT('',(4.85,0.,3.));
#15068 = B_SPLINE_CURVE_WITH_KNOTS('',1,(#15069,#15070),.UNSPECIFIED.,
  .F.,.F.,(2,2),(-45.5,-30.25),.PIECEWISE_BEZIER_KNOTS.);
#15069 = CARTESIAN_POINT('',(20.1,0.,3.));
#15070 = CARTESIAN_POINT('',(4.85,0.,3.));
#15071 = ORIENTED_EDGE('',*,*,#15072,.T.);
#15072 = EDGE_CURVE('',#15066,#15066,#15073,.T.);
#15073 = CIRCLE('',#15074,3.);
#15074 = AXIS2_PLACEMENT_3D('',#15075,#15076,#15077);
#15075 = CARTESIAN_POINT('',(4.85,0.,0.));
#15076 = DIRECTION('',(1.,0.,-0.));
#15077 = DIRECTION('',(0.,0.,1.));
#15078 = ORIENTED_EDGE('',*,*,#15065,.F.);
#15079 = ORIENTED_EDGE('',*,*,#15080,.T.);
#15080 = EDGE_CURVE('',#15057,#15055,#15081,.T.);
#15081 = CIRCLE('',#15082,3.);
#15082 = AXIS2_PLACEMENT_3D('',#15083,#15084,#15085);
#15083 = CARTESIAN_POINT('',(20.1,0.,0.));
#15084 = DIRECTION('',(-1.,-0.,-0.));
#15085 = DIRECTION('',(0.,0.,-1.));
#15086 = CYLINDRICAL_SURFACE('',#15087,3.);
#15087 = AXIS2_PLACEMENT_3D('',#15088,#15089,#15090);
#15088 = CARTESIAN_POINT('',(-25.4,0.,0.));
#15089 = DIRECTION('',(-1.,-0.,-0.));
#15090 = DIRECTION('',(-0.,0.,1.));
#15091 = ADVANCED_FACE('',(#15092,#15103),#15114,.F.);
#15092 = FACE_BOUND('',#15093,.T.);
#15093 = EDGE_LOOP('',(#15094));
#15094 = ORIENTED_EDGE('',*,*,#15095,.T.);
#15095 = EDGE_CURVE('',#15096,#15096,#15098,.T.);
#15096 = VERTEX_POINT('',#15097);
#15097 = CARTESIAN_POINT('',(4.6,0.,3.25));
#15098 = CIRCLE('',#15099,3.25);
#15099 = AXIS2_PLACEMENT_3D('',#15100,#15101,#15102);
#15100 = CARTESIAN_POINT('',(4.6,0.,0.));
#15101 = DIRECTION('',(-1.,0.,-0.));
#15102 = DIRECTION('',(-0.,0.,1.));
#15103 = FACE_BOUND('',#15104,.T.);
#15104 = EDGE_LOOP('',(#15105));
#15105 = ORIENTED_EDGE('',*,*,#15106,.F.);
#15106 = EDGE_CURVE('',#15107,#15107,#15109,.T.);
#15107 = VERTEX_POINT('',#15108);
#15108 = CARTESIAN_POINT('',(4.6,0.,6.));
#15109 = CIRCLE('',#15110,6.);
#15110 = AXIS2_PLACEMENT_3D('',#15111,#15112,#15113);
#15111 = CARTESIAN_POINT('',(4.6,0.,0.));
#15112 = DIRECTION('',(-1.,0.,-0.));
#15113 = DIRECTION('',(-0.,0.,1.));
#15114 = PLANE('',#15115);
#15115 = AXIS2_PLACEMENT_3D('',#15116,#15117,#15118);
#15116 = CARTESIAN_POINT('',(4.6,3.,0.));
#15117 = DIRECTION('',(-1.,0.,-0.));
#15118 = DIRECTION('',(0.,0.,1.));
#15119 = ADVANCED_FACE('',(#15120),#15138,.T.);
#15120 = FACE_BOUND('',#15121,.T.);
#15121 = EDGE_LOOP('',(#15122,#15123,#15130,#15137));
#15122 = ORIENTED_EDGE('',*,*,#15106,.T.);
#15123 = ORIENTED_EDGE('',*,*,#15124,.T.);
#15124 = EDGE_CURVE('',#15107,#15125,#15127,.T.);
#15125 = VERTEX_POINT('',#15126);
#15126 = CARTESIAN_POINT('',(2.274716833669,0.,6.));
#15127 = B_SPLINE_CURVE_WITH_KNOTS('',1,(#15128,#15129),.UNSPECIFIED.,
  .F.,.F.,(2,2),(-30.,-27.67471683366),.PIECEWISE_BEZIER_KNOTS.);
#15128 = CARTESIAN_POINT('',(4.6,0.,6.));
#15129 = CARTESIAN_POINT('',(2.274716833669,0.,6.));
#15130 = ORIENTED_EDGE('',*,*,#15131,.F.);
#15131 = EDGE_CURVE('',#15125,#15125,#15132,.T.);
#15132 = CIRCLE('',#15133,6.);
#15133 = AXIS2_PLACEMENT_3D('',#15134,#15135,#15136);
#15134 = CARTESIAN_POINT('',(2.274716833669,0.,0.));
#15135 = DIRECTION('',(-1.,0.,-0.));
#15136 = DIRECTION('',(-0.,0.,1.));
#15137 = ORIENTED_EDGE('',*,*,#15124,.F.);
#15138 = CYLINDRICAL_SURFACE('',#15139,6.);
#15139 = AXIS2_PLACEMENT_3D('',#15140,#15141,#15142);
#15140 = CARTESIAN_POINT('',(-25.4,0.,0.));
#15141 = DIRECTION('',(-1.,-0.,-0.));
#15142 = DIRECTION('',(-0.,0.,1.));
#15143 = ADVANCED_FACE('',(#15144),#15159,.T.);
#15144 = FACE_BOUND('',#15145,.T.);
#15145 = EDGE_LOOP('',(#15146,#15147,#15157,#15158));
#15146 = ORIENTED_EDGE('',*,*,#15131,.T.);
#15147 = ORIENTED_EDGE('',*,*,#15148,.T.);
#15148 = EDGE_CURVE('',#15125,#15038,#15149,.T.);
#15149 = ( BOUNDED_CURVE() B_SPLINE_CURVE(6,(#15150,#15151,#15152,#15153
    ,#15154,#15155,#15156),.UNSPECIFIED.,.F.,.F.) 
B_SPLINE_CURVE_WITH_KNOTS((7,7),(6.28318530718,7.238726342196),
.PIECEWISE_BEZIER_KNOTS.) CURVE() GEOMETRIC_REPRESENTATION_ITEM() 
RATIONAL_B_SPLINE_CURVE((1.011488040024,1.003770631506,0.999235014561,
    0.997736295253,0.999235014561,1.003770631506,1.011488040024)) 
REPRESENTATION_ITEM('') );
#15150 = CARTESIAN_POINT('',(2.274716833669,0.,6.));
#15151 = CARTESIAN_POINT('',(2.18805696691,0.,6.));
#15152 = CARTESIAN_POINT('',(2.102204364856,0.,5.983363418419));
#15153 = CARTESIAN_POINT('',(2.020700370109,0.,5.950587277478));
#15154 = CARTESIAN_POINT('',(1.94689309937,0.,5.902946293432));
#15155 = CARTESIAN_POINT('',(1.883755941775,0.,5.842438901677));
#15156 = CARTESIAN_POINT('',(1.833738724808,0.,5.771670190275));
#15157 = ORIENTED_EDGE('',*,*,#15037,.F.);
#15158 = ORIENTED_EDGE('',*,*,#15148,.F.);
#15159 = TOROIDAL_SURFACE('',#15160,5.46,0.54);
#15160 = AXIS2_PLACEMENT_3D('',#15161,#15162,#15163);
#15161 = CARTESIAN_POINT('',(2.274716833669,0.,0.));
#15162 = DIRECTION('',(-1.,-0.,-0.));
#15163 = DIRECTION('',(-0.,0.,1.));
#15164 = ADVANCED_FACE('',(#15165),#15176,.T.);
#15165 = FACE_BOUND('',#15166,.T.);
#15166 = EDGE_LOOP('',(#15167));
#15167 = ORIENTED_EDGE('',*,*,#15168,.T.);
#15168 = EDGE_CURVE('',#15169,#15169,#15171,.T.);
#15169 = VERTEX_POINT('',#15170);
#15170 = CARTESIAN_POINT('',(20.6,0.,-2.5));
#15171 = CIRCLE('',#15172,2.5);
#15172 = AXIS2_PLACEMENT_3D('',#15173,#15174,#15175);
#15173 = CARTESIAN_POINT('',(20.6,0.,0.));
#15174 = DIRECTION('',(1.,0.,0.));
#15175 = DIRECTION('',(0.,0.,-1.));
#15176 = PLANE('',#15177);
#15177 = AXIS2_PLACEMENT_3D('',#15178,#15179,#15180);
#15178 = CARTESIAN_POINT('',(20.6,3.,0.));
#15179 = DIRECTION('',(1.,0.,0.));
#15180 = DIRECTION('',(0.,0.,-1.));
#15181 = ADVANCED_FACE('',(#15182),#15197,.F.);
#15182 = FACE_BOUND('',#15183,.F.);
#15183 = EDGE_LOOP('',(#15184,#15185,#15195,#15196));
#15184 = ORIENTED_EDGE('',*,*,#15072,.T.);
#15185 = ORIENTED_EDGE('',*,*,#15186,.F.);
#15186 = EDGE_CURVE('',#15096,#15066,#15187,.T.);
#15187 = ( BOUNDED_CURVE() B_SPLINE_CURVE(6,(#15188,#15189,#15190,#15191
    ,#15192,#15193,#15194),.UNSPECIFIED.,.F.,.F.) 
B_SPLINE_CURVE_WITH_KNOTS((7,7),(1.570796326795,3.14159265359),
.PIECEWISE_BEZIER_KNOTS.) CURVE() GEOMETRIC_REPRESENTATION_ITEM() 
RATIONAL_B_SPLINE_CURVE((1.031393471788,1.010025407661,0.997924642725,
    0.993958444137,0.997924642725,1.010025407661,1.031393471788)) 
REPRESENTATION_ITEM('') );
#15188 = CARTESIAN_POINT('',(4.6,-7.960204194458E-16,3.25));
#15189 = CARTESIAN_POINT('',(4.6,-7.796507626567E-16,3.183165804212));
#15190 = CARTESIAN_POINT('',(4.621251087658,-7.63707588731E-16,
    3.118072856854));
#15191 = CARTESIAN_POINT('',(4.662020121699,-7.499786281928E-16,
    3.062020121699));
#15192 = CARTESIAN_POINT('',(4.718072856854,-7.399930947843E-16,
    3.021251087658));
#15193 = CARTESIAN_POINT('',(4.783165804212,-7.347880794884E-16,3.));
#15194 = CARTESIAN_POINT('',(4.85,-7.347880794884E-16,3.));
#15195 = ORIENTED_EDGE('',*,*,#15095,.T.);
#15196 = ORIENTED_EDGE('',*,*,#15186,.T.);
#15197 = TOROIDAL_SURFACE('',#15198,3.25,0.25);
#15198 = AXIS2_PLACEMENT_3D('',#15199,#15200,#15201);
#15199 = CARTESIAN_POINT('',(4.85,0.,0.));
#15200 = DIRECTION('',(-1.,-0.,-0.));
#15201 = DIRECTION('',(-0.,0.,1.));
#15202 = ADVANCED_FACE('',(#15203),#15233,.F.);
#15203 = FACE_BOUND('',#15204,.F.);
#15204 = EDGE_LOOP('',(#15205,#15225,#15230,#15231,#15232));
#15205 = ORIENTED_EDGE('',*,*,#15206,.F.);
#15206 = EDGE_CURVE('',#15207,#15207,#15209,.T.);
#15207 = VERTEX_POINT('',#15208);
#15208 = CARTESIAN_POINT('',(3.,-2.8,-1.084202172486E-16));
#15209 = B_SPLINE_CURVE_WITH_KNOTS('',3,(#15210,#15211,#15212,#15213,
    #15214,#15215,#15216,#15217,#15218,#15219,#15220,#15221,#15222,
    #15223,#15224),.UNSPECIFIED.,.T.,.F.,(1,3,1,1,1,1,1,1,1,1,1,1,1,3,1)
  ,(-8.333333333333E-02,0.,8.333333333333E-02,0.166666666667,0.25,
    0.333333333333,0.416666666667,0.5,0.583333333333,0.666666666667,0.75
    ,0.833333333333,0.916666666667,1.,1.083333333333),.UNSPECIFIED.);
#15210 = CARTESIAN_POINT('',(3.,-2.8,-1.084202172486E-16));
#15211 = CARTESIAN_POINT('',(3.,-2.8,-0.201301877344));
#15212 = CARTESIAN_POINT('',(3.,-1.045995237657,-0.603905632032));
#15213 = CARTESIAN_POINT('',(3.,-1.838501190586,-3.18437747187));
#15214 = CARTESIAN_POINT('',(3.,-2.338366935536E-15,-1.207811264065));
#15215 = CARTESIAN_POINT('',(3.,1.838501190586,-3.18437747187));
#15216 = CARTESIAN_POINT('',(3.,1.045995237657,-0.603905632032));
#15217 = CARTESIAN_POINT('',(3.,3.677002381171,7.259984547297E-16));
#15218 = CARTESIAN_POINT('',(3.,1.045995237657,0.603905632032));
#15219 = CARTESIAN_POINT('',(3.,1.838501190586,3.18437747187));
#15220 = CARTESIAN_POINT('',(3.,1.771906050482E-16,1.207811264065));
#15221 = CARTESIAN_POINT('',(3.,-1.838501190586,3.18437747187));
#15222 = CARTESIAN_POINT('',(3.,-1.045995237657,0.603905632032));
#15223 = CARTESIAN_POINT('',(3.,-2.8,0.201301877344));
#15224 = CARTESIAN_POINT('',(3.,-2.8,-1.084202172486E-16));
#15225 = ORIENTED_EDGE('',*,*,#15226,.F.);
#15226 = EDGE_CURVE('',#14724,#15207,#15227,.T.);
#15227 = B_SPLINE_CURVE_WITH_KNOTS('',1,(#15228,#15229),.UNSPECIFIED.,
  .F.,.F.,(2,2),(8.549327262357E-02,1.),.PIECEWISE_BEZIER_KNOTS.);
#15228 = CARTESIAN_POINT('',(0.399737355586,-2.8,6.776263578034E-17));
#15229 = CARTESIAN_POINT('',(3.,-2.8,6.776263578034E-17));
#15230 = ORIENTED_EDGE('',*,*,#14880,.T.);
#15231 = ORIENTED_EDGE('',*,*,#14721,.T.);
#15232 = ORIENTED_EDGE('',*,*,#15226,.T.);
#15233 = B_SPLINE_SURFACE_WITH_KNOTS('',3,1,(
    (#15234,#15235)
    ,(#15236,#15237)
    ,(#15238,#15239)
    ,(#15240,#15241)
    ,(#15242,#15243)
    ,(#15244,#15245)
    ,(#15246,#15247)
    ,(#15248,#15249)
    ,(#15250,#15251)
    ,(#15252,#15253)
    ,(#15254,#15255)
    ,(#15256,#15257)
    ,(#15258,#15259)
    ,(#15260,#15261)
    ,(#15262,#15263
    )),.UNSPECIFIED.,.T.,.F.,.F.,(1,3,1,1,1,1,1,1,1,1,1,1,1,3,1),(2,2),(
    -8.333333333333E-02,0.,8.333333333333E-02,0.166666666667,0.25,
    0.333333333333,0.416666666667,0.5,0.583333333333,0.666666666667,0.75
    ,0.833333333333,0.916666666667,1.,1.083333333333),(0.,1.),
  .UNSPECIFIED.);
#15234 = CARTESIAN_POINT('',(0.156650064376,-2.8,6.776263578034E-17));
#15235 = CARTESIAN_POINT('',(3.,-2.8,6.776263578034E-17));
#15236 = CARTESIAN_POINT('',(0.156650064376,-2.8,-0.201301877344));
#15237 = CARTESIAN_POINT('',(3.,-2.8,-0.201301877344));
#15238 = CARTESIAN_POINT('',(0.156650064376,-1.045995237657,
    -0.603905632032));
#15239 = CARTESIAN_POINT('',(3.,-1.045995237657,-0.603905632032));
#15240 = CARTESIAN_POINT('',(0.156650064376,-1.838501190586,
    -3.18437747187));
#15241 = CARTESIAN_POINT('',(3.,-1.838501190586,-3.18437747187));
#15242 = CARTESIAN_POINT('',(0.156650064376,-2.338366935536E-15,
    -1.207811264065));
#15243 = CARTESIAN_POINT('',(3.,-2.338366935536E-15,-1.207811264065));
#15244 = CARTESIAN_POINT('',(0.156650064376,1.838501190586,
    -3.18437747187));
#15245 = CARTESIAN_POINT('',(3.,1.838501190586,-3.18437747187));
#15246 = CARTESIAN_POINT('',(0.156650064376,1.045995237657,
    -0.603905632032));
#15247 = CARTESIAN_POINT('',(3.,1.045995237657,-0.603905632032));
#15248 = CARTESIAN_POINT('',(0.156650064376,3.677002381171,
    7.259984547297E-16));
#15249 = CARTESIAN_POINT('',(3.,3.677002381171,7.259984547297E-16));
#15250 = CARTESIAN_POINT('',(0.156650064376,1.045995237657,
    0.603905632032));
#15251 = CARTESIAN_POINT('',(3.,1.045995237657,0.603905632032));
#15252 = CARTESIAN_POINT('',(0.156650064376,1.838501190586,3.18437747187
    ));
#15253 = CARTESIAN_POINT('',(3.,1.838501190586,3.18437747187));
#15254 = CARTESIAN_POINT('',(0.156650064376,1.771906050482E-16,
    1.207811264065));
#15255 = CARTESIAN_POINT('',(3.,1.771906050482E-16,1.207811264065));
#15256 = CARTESIAN_POINT('',(0.156650064376,-1.838501190586,
    3.18437747187));
#15257 = CARTESIAN_POINT('',(3.,-1.838501190586,3.18437747187));
#15258 = CARTESIAN_POINT('',(0.156650064376,-1.045995237657,
    0.603905632032));
#15259 = CARTESIAN_POINT('',(3.,-1.045995237657,0.603905632032));
#15260 = CARTESIAN_POINT('',(0.156650064376,-2.8,0.201301877344));
#15261 = CARTESIAN_POINT('',(3.,-2.8,0.201301877344));
#15262 = CARTESIAN_POINT('',(0.156650064376,-2.8,6.776263578034E-17));
#15263 = CARTESIAN_POINT('',(3.,-2.8,6.776263578034E-17));
#15264 = ADVANCED_FACE('',(#15265,#15276),#15279,.F.);
#15265 = FACE_BOUND('',#15266,.T.);
#15266 = EDGE_LOOP('',(#15267));
#15267 = ORIENTED_EDGE('',*,*,#15268,.T.);
#15268 = EDGE_CURVE('',#15269,#15269,#15271,.T.);
#15269 = VERTEX_POINT('',#15270);
#15270 = CARTESIAN_POINT('',(3.,0.,-1.85));
#15271 = CIRCLE('',#15272,1.85);
#15272 = AXIS2_PLACEMENT_3D('',#15273,#15274,#15275);
#15273 = CARTESIAN_POINT('',(3.,0.,0.));
#15274 = DIRECTION('',(1.,0.,0.));
#15275 = DIRECTION('',(0.,0.,-1.));
#15276 = FACE_BOUND('',#15277,.T.);
#15277 = EDGE_LOOP('',(#15278));
#15278 = ORIENTED_EDGE('',*,*,#15206,.F.);
#15279 = PLANE('',#15280);
#15280 = AXIS2_PLACEMENT_3D('',#15281,#15282,#15283);
#15281 = CARTESIAN_POINT('',(3.,2.8,-3.779501330011E-17));
#15282 = DIRECTION('',(1.,0.,0.));
#15283 = DIRECTION('',(0.,0.,-1.));
#15284 = ADVANCED_FACE('',(#15285),#15296,.F.);
#15285 = FACE_BOUND('',#15286,.F.);
#15286 = EDGE_LOOP('',(#15287,#15288,#15295));
#15287 = ORIENTED_EDGE('',*,*,#15268,.T.);
#15288 = ORIENTED_EDGE('',*,*,#15289,.F.);
#15289 = EDGE_CURVE('',#15290,#15269,#15292,.T.);
#15290 = VERTEX_POINT('',#15291);
#15291 = CARTESIAN_POINT('',(3.601101438031,0.,0.));
#15292 = B_SPLINE_CURVE_WITH_KNOTS('',1,(#15293,#15294),.UNSPECIFIED.,
  .F.,.F.,(2,2),(-3.2360679775E+03,-3.234122772385E+03),
  .PIECEWISE_BEZIER_KNOTS.);
#15293 = CARTESIAN_POINT('',(3.601101438031,0.,0.));
#15294 = CARTESIAN_POINT('',(3.,6.796789735264E-16,-1.849999999999));
#15295 = ORIENTED_EDGE('',*,*,#15289,.T.);
#15296 = CONICAL_SURFACE('',#15297,3.077683537175E+03,1.256637061436);
#15297 = AXIS2_PLACEMENT_3D('',#15298,#15299,#15300);
#15298 = CARTESIAN_POINT('',(-996.3988985619,0.,0.));
#15299 = DIRECTION('',(-1.,-0.,-0.));
#15300 = DIRECTION('',(-0.,0.,1.));
#15301 = ADVANCED_FACE('',(#15302),#15313,.T.);
#15302 = FACE_BOUND('',#15303,.T.);
#15303 = EDGE_LOOP('',(#15304,#15305,#15310,#15311,#15312));
#15304 = ORIENTED_EDGE('',*,*,#15168,.F.);
#15305 = ORIENTED_EDGE('',*,*,#15306,.T.);
#15306 = EDGE_CURVE('',#15169,#15055,#15307,.T.);
#15307 = B_SPLINE_CURVE_WITH_KNOTS('',1,(#15308,#15309),.UNSPECIFIED.,
  .F.,.F.,(2,2),(-0.707106781187,0.),.PIECEWISE_BEZIER_KNOTS.);
#15308 = CARTESIAN_POINT('',(20.6,3.061616997868E-16,-2.5));
#15309 = CARTESIAN_POINT('',(20.1,3.673940397442E-16,-3.));
#15310 = ORIENTED_EDGE('',*,*,#15080,.F.);
#15311 = ORIENTED_EDGE('',*,*,#15054,.F.);
#15312 = ORIENTED_EDGE('',*,*,#15306,.F.);
#15313 = CONICAL_SURFACE('',#15314,3.,0.785398163397);
#15314 = AXIS2_PLACEMENT_3D('',#15315,#15316,#15317);
#15315 = CARTESIAN_POINT('',(20.1,0.,0.));
#15316 = DIRECTION('',(-1.,-0.,-0.));
#15317 = DIRECTION('',(-0.,0.,1.));
#15318 = ( GEOMETRIC_REPRESENTATION_CONTEXT(3) 
GLOBAL_UNCERTAINTY_ASSIGNED_CONTEXT((#15322)) 
GLOBAL_UNIT_ASSIGNED_CONTEXT((#15319,#15320,#15321)) 
REPRESENTATION_CONTEXT('Context #1',
  '3D Context with UNIT and UNCERTAINTY') );
#15319 = ( LENGTH_UNIT() NAMED_UNIT(*) SI_UNIT(.MILLI.,.METRE.) );
#15320 = ( NAMED_UNIT(*) PLANE_ANGLE_UNIT() SI_UNIT($,.RADIAN.) );
#15321 = ( NAMED_UNIT(*) SI_UNIT($,.STERADIAN.) SOLID_ANGLE_UNIT() );
#15322 = UNCERTAINTY_MEASURE_WITH_UNIT(LENGTH_MEASURE(1.E-04),#15319,
  'distance_accuracy_value','confusion accuracy');
#15323 = CONTEXT_DEPENDENT_SHAPE_REPRESENTATION(#15324,#15326);
#15324 = ( REPRESENTATION_RELATIONSHIP('','',#14714,#10) 
REPRESENTATION_RELATIONSHIP_WITH_TRANSFORMATION(#15325) 
SHAPE_REPRESENTATION_RELATIONSHIP() );
#15325 = ITEM_DEFINED_TRANSFORMATION('','',#11,#23);
#15326 = PRODUCT_DEFINITION_SHAPE('Placement','Placement of an item',
  #15327);
#15327 = NEXT_ASSEMBLY_USAGE_OCCURRENCE('30','Solid3','',#5,#14709,$);
#15328 = PRODUCT_RELATED_PRODUCT_CATEGORY('part',$,(#14711));
#15329 = CONTEXT_DEPENDENT_SHAPE_REPRESENTATION(#15330,#15332);
#15330 = ( REPRESENTATION_RELATIONSHIP('','',#14714,#10) 
REPRESENTATION_RELATIONSHIP_WITH_TRANSFORMATION(#15331) 
SHAPE_REPRESENTATION_RELATIONSHIP() );
#15331 = ITEM_DEFINED_TRANSFORMATION('','',#11,#27);
#15332 = PRODUCT_DEFINITION_SHAPE('Placement','Placement of an item',
  #15333);
#15333 = NEXT_ASSEMBLY_USAGE_OCCURRENCE('31','Solid3','',#5,#14709,$);
#15334 = CONTEXT_DEPENDENT_SHAPE_REPRESENTATION(#15335,#15337);
#15335 = ( REPRESENTATION_RELATIONSHIP('','',#6221,#10) 
REPRESENTATION_RELATIONSHIP_WITH_TRANSFORMATION(#15336) 
SHAPE_REPRESENTATION_RELATIONSHIP() );
#15336 = ITEM_DEFINED_TRANSFORMATION('','',#11,#31);
#15337 = PRODUCT_DEFINITION_SHAPE('Placement','Placement of an item',
  #15338);
#15338 = NEXT_ASSEMBLY_USAGE_OCCURRENCE('32','Solid2','',#5,#6216,$);
#15339 = CONTEXT_DEPENDENT_SHAPE_REPRESENTATION(#15340,#15342);
#15340 = ( REPRESENTATION_RELATIONSHIP('','',#6221,#10) 
REPRESENTATION_RELATIONSHIP_WITH_TRANSFORMATION(#15341) 
SHAPE_REPRESENTATION_RELATIONSHIP() );
#15341 = ITEM_DEFINED_TRANSFORMATION('','',#11,#35);
#15342 = PRODUCT_DEFINITION_SHAPE('Placement','Placement of an item',
  #15343);
#15343 = NEXT_ASSEMBLY_USAGE_OCCURRENCE('33','Solid2','',#5,#6216,$);
#15344 = CONTEXT_DEPENDENT_SHAPE_REPRESENTATION(#15345,#15347);
#15345 = ( REPRESENTATION_RELATIONSHIP('','',#14714,#10) 
REPRESENTATION_RELATIONSHIP_WITH_TRANSFORMATION(#15346) 
SHAPE_REPRESENTATION_RELATIONSHIP() );
#15346 = ITEM_DEFINED_TRANSFORMATION('','',#11,#39);
#15347 = PRODUCT_DEFINITION_SHAPE('Placement','Placement of an item',
  #15348);
#15348 = NEXT_ASSEMBLY_USAGE_OCCURRENCE('34','Solid3','',#5,#14709,$);
#15349 = CONTEXT_DEPENDENT_SHAPE_REPRESENTATION(#15350,#15352);
#15350 = ( REPRESENTATION_RELATIONSHIP('','',#6221,#10) 
REPRESENTATION_RELATIONSHIP_WITH_TRANSFORMATION(#15351) 
SHAPE_REPRESENTATION_RELATIONSHIP() );
#15351 = ITEM_DEFINED_TRANSFORMATION('','',#11,#43);
#15352 = PRODUCT_DEFINITION_SHAPE('Placement','Placement of an item',
  #15353);
#15353 = NEXT_ASSEMBLY_USAGE_OCCURRENCE('35','Solid2','',#5,#6216,$);
#15354 = CONTEXT_DEPENDENT_SHAPE_REPRESENTATION(#15355,#15357);
#15355 = ( REPRESENTATION_RELATIONSHIP('','',#14714,#10) 
REPRESENTATION_RELATIONSHIP_WITH_TRANSFORMATION(#15356) 
SHAPE_REPRESENTATION_RELATIONSHIP() );
#15356 = ITEM_DEFINED_TRANSFORMATION('','',#11,#47);
#15357 = PRODUCT_DEFINITION_SHAPE('Placement','Placement of an item',
  #15358);
#15358 = NEXT_ASSEMBLY_USAGE_OCCURRENCE('36','Solid3','',#5,#14709,$);
ENDSEC;
END-ISO-10303-21;
