ISO-10303-21;
HEADER;
FILE_DESCRIPTION(('Open CASCADE Model'),'2;1');
FILE_NAME('Open CASCADE Shape Model','2025-02-21T13:53:34',('Author'),(
    'Open CASCADE'),'Open CASCADE STEP processor 7.8','Open CASCADE 7.8'
  ,'Unknown');
FILE_SCHEMA(('AUTOMOTIVE_DESIGN { 1 0 10303 214 1 1 1 1 }'));
ENDSEC;
DATA;
#1 = APPLICATION_PROTOCOL_DEFINITION('international standard',
  'automotive_design',2000,#2);
#2 = APPLICATION_CONTEXT(
  'core data for automotive mechanical design processes');
#3 = SHAPE_DEFINITION_REPRESENTATION(#4,#10);
#4 = PRODUCT_DEFINITION_SHAPE('','',#5);
#5 = PRODUCT_DEFINITION('design','',#6,#9);
#6 = PRODUCT_DEFINITION_FORMATION('','',#7);
#7 = PRODUCT('Compound1','Compound1','',(#8));
#8 = PRODUCT_CONTEXT('',#2,'mechanical');
#9 = PRODUCT_DEFINITION_CONTEXT('part definition',#2,'design');
#10 = SHAPE_REPRESENTATION('',(#11,#15,#19,#23),#27);
#11 = AXIS2_PLACEMENT_3D('',#12,#13,#14);
#12 = CARTESIAN_POINT('',(0.,0.,0.));
#13 = DIRECTION('',(0.,0.,1.));
#14 = DIRECTION('',(1.,0.,-0.));
#15 = AXIS2_PLACEMENT_3D('',#16,#17,#18);
#16 = CARTESIAN_POINT('',(0.,0.,0.));
#17 = DIRECTION('',(0.,0.,1.));
#18 = DIRECTION('',(1.,0.,0.));
#19 = AXIS2_PLACEMENT_3D('',#20,#21,#22);
#20 = CARTESIAN_POINT('',(-232.5,0.,3.7));
#21 = DIRECTION('',(1.,-0.,0.));
#22 = DIRECTION('',(0.,0.,-1.));
#23 = AXIS2_PLACEMENT_3D('',#24,#25,#26);
#24 = CARTESIAN_POINT('',(232.5,0.,3.7));
#25 = DIRECTION('',(1.,-0.,0.));
#26 = DIRECTION('',(0.,0.,-1.));
#27 = ( GEOMETRIC_REPRESENTATION_CONTEXT(3) 
GLOBAL_UNCERTAINTY_ASSIGNED_CONTEXT((#31)) GLOBAL_UNIT_ASSIGNED_CONTEXT(
(#28,#29,#30)) REPRESENTATION_CONTEXT('Context #1',
  '3D Context with UNIT and UNCERTAINTY') );
#28 = ( LENGTH_UNIT() NAMED_UNIT(*) SI_UNIT(.MILLI.,.METRE.) );
#29 = ( NAMED_UNIT(*) PLANE_ANGLE_UNIT() SI_UNIT($,.RADIAN.) );
#30 = ( NAMED_UNIT(*) SI_UNIT($,.STERADIAN.) SOLID_ANGLE_UNIT() );
#31 = UNCERTAINTY_MEASURE_WITH_UNIT(LENGTH_MEASURE(1.E-05),#28,
  'distance_accuracy_value','confusion accuracy');
#32 = PRODUCT_RELATED_PRODUCT_CATEGORY('part',$,(#7));
#33 = SHAPE_DEFINITION_REPRESENTATION(#34,#40);
#34 = PRODUCT_DEFINITION_SHAPE('','',#35);
#35 = PRODUCT_DEFINITION('design','',#36,#39);
#36 = PRODUCT_DEFINITION_FORMATION('','',#37);
#37 = PRODUCT('Solid1','Solid1','',(#38));
#38 = PRODUCT_CONTEXT('',#2,'mechanical');
#39 = PRODUCT_DEFINITION_CONTEXT('part definition',#2,'design');
#40 = ADVANCED_BREP_SHAPE_REPRESENTATION('',(#11,#41),#2437);
#41 = MANIFOLD_SOLID_BREP('',#42);
#42 = CLOSED_SHELL('',(#43,#83,#114,#154,#178,#211,#251,#305,#336,#381,
    #421,#452,#492,#516,#549,#589,#643,#674,#719,#1160,#1601,#1617,#1633
    ,#1649,#1665,#1681,#1697,#1713,#1729,#1745,#1761,#1777,#1793,#1809,
    #1825,#1841,#1863,#1880,#1897,#1909,#1931,#1948,#1965,#1977,#1993,
    #2009,#2031,#2053,#2070,#2087,#2104,#2121,#2138,#2155,#2172,#2189,
    #2211,#2228,#2245,#2262,#2279,#2296,#2313,#2325,#2339,#2353,#2367,
    #2381,#2395,#2409,#2423));
#43 = ADVANCED_FACE('',(#44),#78,.T.);
#44 = FACE_BOUND('',#45,.T.);
#45 = EDGE_LOOP('',(#46,#56,#64,#72));
#46 = ORIENTED_EDGE('',*,*,#47,.T.);
#47 = EDGE_CURVE('',#48,#50,#52,.T.);
#48 = VERTEX_POINT('',#49);
#49 = CARTESIAN_POINT('',(-217.5,4.5,-18.5));
#50 = VERTEX_POINT('',#51);
#51 = CARTESIAN_POINT('',(-217.5,4.5,-20.));
#52 = LINE('',#53,#54);
#53 = CARTESIAN_POINT('',(-217.5,4.500000000001,850.02657430678));
#54 = VECTOR('',#55,1.);
#55 = DIRECTION('',(0.,-6.308085367188E-16,-1.));
#56 = ORIENTED_EDGE('',*,*,#57,.F.);
#57 = EDGE_CURVE('',#58,#50,#60,.T.);
#58 = VERTEX_POINT('',#59);
#59 = CARTESIAN_POINT('',(217.5,4.5,-20.));
#60 = LINE('',#61,#62);
#61 = CARTESIAN_POINT('',(242.5,4.5,-20.));
#62 = VECTOR('',#63,1.);
#63 = DIRECTION('',(-1.,0.,-0.));
#64 = ORIENTED_EDGE('',*,*,#65,.F.);
#65 = EDGE_CURVE('',#66,#58,#68,.T.);
#66 = VERTEX_POINT('',#67);
#67 = CARTESIAN_POINT('',(217.5,4.5,-18.5));
#68 = LINE('',#69,#70);
#69 = CARTESIAN_POINT('',(217.5,4.500000000001,850.02657430678));
#70 = VECTOR('',#71,1.);
#71 = DIRECTION('',(0.,-6.308085367188E-16,-1.));
#72 = ORIENTED_EDGE('',*,*,#73,.T.);
#73 = EDGE_CURVE('',#66,#48,#74,.T.);
#74 = LINE('',#75,#76);
#75 = CARTESIAN_POINT('',(242.5,4.5,-18.5));
#76 = VECTOR('',#77,1.);
#77 = DIRECTION('',(-1.,0.,-0.));
#78 = PLANE('',#79);
#79 = AXIS2_PLACEMENT_3D('',#80,#81,#82);
#80 = CARTESIAN_POINT('',(242.5,4.500000000001,850.02657430678));
#81 = DIRECTION('',(0.,-1.,6.308085367188E-16));
#82 = DIRECTION('',(0.,-6.308085367188E-16,-1.));
#83 = ADVANCED_FACE('',(#84),#109,.F.);
#84 = FACE_BOUND('',#85,.T.);
#85 = EDGE_LOOP('',(#86,#94,#95,#103));
#86 = ORIENTED_EDGE('',*,*,#87,.F.);
#87 = EDGE_CURVE('',#50,#88,#90,.T.);
#88 = VERTEX_POINT('',#89);
#89 = CARTESIAN_POINT('',(-217.5,7.9,-20.));
#90 = LINE('',#91,#92);
#91 = CARTESIAN_POINT('',(-217.5,-10.,-20.));
#92 = VECTOR('',#93,1.);
#93 = DIRECTION('',(0.,1.,0.));
#94 = ORIENTED_EDGE('',*,*,#47,.F.);
#95 = ORIENTED_EDGE('',*,*,#96,.F.);
#96 = EDGE_CURVE('',#97,#48,#99,.T.);
#97 = VERTEX_POINT('',#98);
#98 = CARTESIAN_POINT('',(-217.5,7.9,-18.5));
#99 = LINE('',#100,#101);
#100 = CARTESIAN_POINT('',(-217.5,10.,-18.5));
#101 = VECTOR('',#102,1.);
#102 = DIRECTION('',(0.,-1.,6.308085367188E-16));
#103 = ORIENTED_EDGE('',*,*,#104,.T.);
#104 = EDGE_CURVE('',#97,#88,#105,.T.);
#105 = LINE('',#106,#107);
#106 = CARTESIAN_POINT('',(-217.5,7.900000000001,850.02657430678));
#107 = VECTOR('',#108,1.);
#108 = DIRECTION('',(0.,-6.308085367188E-16,-1.));
#109 = PLANE('',#110);
#110 = AXIS2_PLACEMENT_3D('',#111,#112,#113);
#111 = CARTESIAN_POINT('',(-217.5,10.000000000001,850.02657430678));
#112 = DIRECTION('',(1.,0.,-0.));
#113 = DIRECTION('',(0.,5.436691348604E-16,1.));
#114 = ADVANCED_FACE('',(#115),#149,.T.);
#115 = FACE_BOUND('',#116,.T.);
#116 = EDGE_LOOP('',(#117,#118,#126,#134,#142,#148));
#117 = ORIENTED_EDGE('',*,*,#87,.T.);
#118 = ORIENTED_EDGE('',*,*,#119,.T.);
#119 = EDGE_CURVE('',#88,#120,#122,.T.);
#120 = VERTEX_POINT('',#121);
#121 = CARTESIAN_POINT('',(-217.5,10.,-20.));
#122 = LINE('',#123,#124);
#123 = CARTESIAN_POINT('',(-217.5,7.9,-20.));
#124 = VECTOR('',#125,1.);
#125 = DIRECTION('',(-0.,1.,-6.308085367188E-16));
#126 = ORIENTED_EDGE('',*,*,#127,.T.);
#127 = EDGE_CURVE('',#120,#128,#130,.T.);
#128 = VERTEX_POINT('',#129);
#129 = CARTESIAN_POINT('',(217.5,10.,-20.));
#130 = LINE('',#131,#132);
#131 = CARTESIAN_POINT('',(242.5,10.,-20.));
#132 = VECTOR('',#133,1.);
#133 = DIRECTION('',(1.,-0.,-0.));
#134 = ORIENTED_EDGE('',*,*,#135,.F.);
#135 = EDGE_CURVE('',#136,#128,#138,.T.);
#136 = VERTEX_POINT('',#137);
#137 = CARTESIAN_POINT('',(217.5,7.9,-20.));
#138 = LINE('',#139,#140);
#139 = CARTESIAN_POINT('',(217.5,10.,-20.));
#140 = VECTOR('',#141,1.);
#141 = DIRECTION('',(-0.,1.,-6.308085367188E-16));
#142 = ORIENTED_EDGE('',*,*,#143,.F.);
#143 = EDGE_CURVE('',#58,#136,#144,.T.);
#144 = LINE('',#145,#146);
#145 = CARTESIAN_POINT('',(217.5,-10.,-20.));
#146 = VECTOR('',#147,1.);
#147 = DIRECTION('',(0.,1.,0.));
#148 = ORIENTED_EDGE('',*,*,#57,.T.);
#149 = PLANE('',#150);
#150 = AXIS2_PLACEMENT_3D('',#151,#152,#153);
#151 = CARTESIAN_POINT('',(242.5,10.,-20.));
#152 = DIRECTION('',(0.,-6.308085367188E-16,-1.));
#153 = DIRECTION('',(0.,1.,-6.308085367188E-16));
#154 = ADVANCED_FACE('',(#155),#173,.F.);
#155 = FACE_BOUND('',#156,.T.);
#156 = EDGE_LOOP('',(#157,#158,#166,#172));
#157 = ORIENTED_EDGE('',*,*,#143,.T.);
#158 = ORIENTED_EDGE('',*,*,#159,.F.);
#159 = EDGE_CURVE('',#160,#136,#162,.T.);
#160 = VERTEX_POINT('',#161);
#161 = CARTESIAN_POINT('',(217.5,7.9,-18.5));
#162 = LINE('',#163,#164);
#163 = CARTESIAN_POINT('',(217.5,7.900000000001,850.02657430678));
#164 = VECTOR('',#165,1.);
#165 = DIRECTION('',(0.,-6.308085367188E-16,-1.));
#166 = ORIENTED_EDGE('',*,*,#167,.F.);
#167 = EDGE_CURVE('',#66,#160,#168,.T.);
#168 = LINE('',#169,#170);
#169 = CARTESIAN_POINT('',(217.5,10.,-18.5));
#170 = VECTOR('',#171,1.);
#171 = DIRECTION('',(0.,1.,-6.308085367188E-16));
#172 = ORIENTED_EDGE('',*,*,#65,.T.);
#173 = PLANE('',#174);
#174 = AXIS2_PLACEMENT_3D('',#175,#176,#177);
#175 = CARTESIAN_POINT('',(217.5,10.000000000001,850.02657430678));
#176 = DIRECTION('',(-1.,0.,-0.));
#177 = DIRECTION('',(0.,-5.436691348604E-16,-1.));
#178 = ADVANCED_FACE('',(#179),#206,.F.);
#179 = FACE_BOUND('',#180,.T.);
#180 = EDGE_LOOP('',(#181,#182,#190,#198,#204,#205));
#181 = ORIENTED_EDGE('',*,*,#167,.T.);
#182 = ORIENTED_EDGE('',*,*,#183,.T.);
#183 = EDGE_CURVE('',#160,#184,#186,.T.);
#184 = VERTEX_POINT('',#185);
#185 = CARTESIAN_POINT('',(217.5,8.5,-18.5));
#186 = LINE('',#187,#188);
#187 = CARTESIAN_POINT('',(217.5,7.9,-18.5));
#188 = VECTOR('',#189,1.);
#189 = DIRECTION('',(0.,1.,-6.308085367188E-16));
#190 = ORIENTED_EDGE('',*,*,#191,.F.);
#191 = EDGE_CURVE('',#192,#184,#194,.T.);
#192 = VERTEX_POINT('',#193);
#193 = CARTESIAN_POINT('',(-217.5,8.5,-18.5));
#194 = LINE('',#195,#196);
#195 = CARTESIAN_POINT('',(242.5,8.5,-18.5));
#196 = VECTOR('',#197,1.);
#197 = DIRECTION('',(1.,0.,0.));
#198 = ORIENTED_EDGE('',*,*,#199,.F.);
#199 = EDGE_CURVE('',#97,#192,#200,.T.);
#200 = LINE('',#201,#202);
#201 = CARTESIAN_POINT('',(-217.5,10.,-18.5));
#202 = VECTOR('',#203,1.);
#203 = DIRECTION('',(0.,1.,-6.308085367188E-16));
#204 = ORIENTED_EDGE('',*,*,#96,.T.);
#205 = ORIENTED_EDGE('',*,*,#73,.F.);
#206 = PLANE('',#207);
#207 = AXIS2_PLACEMENT_3D('',#208,#209,#210);
#208 = CARTESIAN_POINT('',(242.5,10.,-18.5));
#209 = DIRECTION('',(0.,-6.308085367188E-16,-1.));
#210 = DIRECTION('',(0.,1.,-6.308085367188E-16));
#211 = ADVANCED_FACE('',(#212),#246,.F.);
#212 = FACE_BOUND('',#213,.T.);
#213 = EDGE_LOOP('',(#214,#224,#232,#240));
#214 = ORIENTED_EDGE('',*,*,#215,.T.);
#215 = EDGE_CURVE('',#216,#218,#220,.T.);
#216 = VERTEX_POINT('',#217);
#217 = CARTESIAN_POINT('',(-217.5,10.,-2.1));
#218 = VERTEX_POINT('',#219);
#219 = CARTESIAN_POINT('',(-217.5,10.,-17.9));
#220 = LINE('',#221,#222);
#221 = CARTESIAN_POINT('',(-217.5,10.,-20.));
#222 = VECTOR('',#223,1.);
#223 = DIRECTION('',(0.,0.,-1.));
#224 = ORIENTED_EDGE('',*,*,#225,.F.);
#225 = EDGE_CURVE('',#226,#218,#228,.T.);
#226 = VERTEX_POINT('',#227);
#227 = CARTESIAN_POINT('',(-217.5,8.5,-17.9));
#228 = LINE('',#229,#230);
#229 = CARTESIAN_POINT('',(-217.5,-860.573695904,-17.9));
#230 = VECTOR('',#231,1.);
#231 = DIRECTION('',(0.,1.,0.));
#232 = ORIENTED_EDGE('',*,*,#233,.F.);
#233 = EDGE_CURVE('',#234,#226,#236,.T.);
#234 = VERTEX_POINT('',#235);
#235 = CARTESIAN_POINT('',(-217.5,8.5,-2.1));
#236 = LINE('',#237,#238);
#237 = CARTESIAN_POINT('',(-217.5,8.5,-5.20417042793E-15));
#238 = VECTOR('',#239,1.);
#239 = DIRECTION('',(0.,0.,-1.));
#240 = ORIENTED_EDGE('',*,*,#241,.T.);
#241 = EDGE_CURVE('',#234,#216,#242,.T.);
#242 = LINE('',#243,#244);
#243 = CARTESIAN_POINT('',(-217.5,-860.573695904,-2.1));
#244 = VECTOR('',#245,1.);
#245 = DIRECTION('',(0.,1.,0.));
#246 = PLANE('',#247);
#247 = AXIS2_PLACEMENT_3D('',#248,#249,#250);
#248 = CARTESIAN_POINT('',(-217.5,-860.573695904,-6.938893903907E-15));
#249 = DIRECTION('',(1.,0.,0.));
#250 = DIRECTION('',(0.,-1.,-6.123233995737E-17));
#251 = ADVANCED_FACE('',(#252),#300,.T.);
#252 = FACE_BOUND('',#253,.T.);
#253 = EDGE_LOOP('',(#254,#264,#270,#271,#277,#278,#286,#294));
#254 = ORIENTED_EDGE('',*,*,#255,.F.);
#255 = EDGE_CURVE('',#256,#258,#260,.T.);
#256 = VERTEX_POINT('',#257);
#257 = CARTESIAN_POINT('',(217.5,10.,-17.9));
#258 = VERTEX_POINT('',#259);
#259 = CARTESIAN_POINT('',(217.5,10.,-2.1));
#260 = LINE('',#261,#262);
#261 = CARTESIAN_POINT('',(217.5,10.,-20.));
#262 = VECTOR('',#263,1.);
#263 = DIRECTION('',(0.,0.,1.));
#264 = ORIENTED_EDGE('',*,*,#265,.T.);
#265 = EDGE_CURVE('',#256,#128,#266,.T.);
#266 = LINE('',#267,#268);
#267 = CARTESIAN_POINT('',(217.5,10.,-17.9));
#268 = VECTOR('',#269,1.);
#269 = DIRECTION('',(-0.,-0.,-1.));
#270 = ORIENTED_EDGE('',*,*,#127,.F.);
#271 = ORIENTED_EDGE('',*,*,#272,.F.);
#272 = EDGE_CURVE('',#218,#120,#273,.T.);
#273 = LINE('',#274,#275);
#274 = CARTESIAN_POINT('',(-217.5,10.,-5.20417042793E-15));
#275 = VECTOR('',#276,1.);
#276 = DIRECTION('',(-0.,0.,-1.));
#277 = ORIENTED_EDGE('',*,*,#215,.F.);
#278 = ORIENTED_EDGE('',*,*,#279,.T.);
#279 = EDGE_CURVE('',#216,#280,#282,.T.);
#280 = VERTEX_POINT('',#281);
#281 = CARTESIAN_POINT('',(-217.5,10.,-2.689084579946E-15));
#282 = LINE('',#283,#284);
#283 = CARTESIAN_POINT('',(-217.5,10.,-2.1));
#284 = VECTOR('',#285,1.);
#285 = DIRECTION('',(-0.,-0.,1.));
#286 = ORIENTED_EDGE('',*,*,#287,.T.);
#287 = EDGE_CURVE('',#280,#288,#290,.T.);
#288 = VERTEX_POINT('',#289);
#289 = CARTESIAN_POINT('',(217.5,10.,-2.689084579946E-15));
#290 = LINE('',#291,#292);
#291 = CARTESIAN_POINT('',(242.5,10.,-2.689084579946E-15));
#292 = VECTOR('',#293,1.);
#293 = DIRECTION('',(1.,-0.,-0.));
#294 = ORIENTED_EDGE('',*,*,#295,.F.);
#295 = EDGE_CURVE('',#258,#288,#296,.T.);
#296 = LINE('',#297,#298);
#297 = CARTESIAN_POINT('',(217.5,10.,-5.20417042793E-15));
#298 = VECTOR('',#299,1.);
#299 = DIRECTION('',(-0.,-0.,1.));
#300 = PLANE('',#301);
#301 = AXIS2_PLACEMENT_3D('',#302,#303,#304);
#302 = CARTESIAN_POINT('',(242.5,10.,-5.20417042793E-15));
#303 = DIRECTION('',(0.,1.,0.));
#304 = DIRECTION('',(0.,-0.,1.));
#305 = ADVANCED_FACE('',(#306),#331,.F.);
#306 = FACE_BOUND('',#307,.T.);
#307 = EDGE_LOOP('',(#308,#309,#317,#325));
#308 = ORIENTED_EDGE('',*,*,#255,.T.);
#309 = ORIENTED_EDGE('',*,*,#310,.F.);
#310 = EDGE_CURVE('',#311,#258,#313,.T.);
#311 = VERTEX_POINT('',#312);
#312 = CARTESIAN_POINT('',(217.5,8.5,-2.1));
#313 = LINE('',#314,#315);
#314 = CARTESIAN_POINT('',(217.5,-860.573695904,-2.1));
#315 = VECTOR('',#316,1.);
#316 = DIRECTION('',(0.,1.,0.));
#317 = ORIENTED_EDGE('',*,*,#318,.F.);
#318 = EDGE_CURVE('',#319,#311,#321,.T.);
#319 = VERTEX_POINT('',#320);
#320 = CARTESIAN_POINT('',(217.5,8.5,-17.9));
#321 = LINE('',#322,#323);
#322 = CARTESIAN_POINT('',(217.5,8.5,-5.20417042793E-15));
#323 = VECTOR('',#324,1.);
#324 = DIRECTION('',(0.,0.,1.));
#325 = ORIENTED_EDGE('',*,*,#326,.T.);
#326 = EDGE_CURVE('',#319,#256,#327,.T.);
#327 = LINE('',#328,#329);
#328 = CARTESIAN_POINT('',(217.5,-860.573695904,-17.9));
#329 = VECTOR('',#330,1.);
#330 = DIRECTION('',(0.,1.,0.));
#331 = PLANE('',#332);
#332 = AXIS2_PLACEMENT_3D('',#333,#334,#335);
#333 = CARTESIAN_POINT('',(217.5,-860.573695904,-6.938893903907E-15));
#334 = DIRECTION('',(-1.,0.,0.));
#335 = DIRECTION('',(0.,1.,6.123233995737E-17));
#336 = ADVANCED_FACE('',(#337),#376,.F.);
#337 = FACE_BOUND('',#338,.T.);
#338 = EDGE_LOOP('',(#339,#340,#346,#347,#353,#354,#362,#370));
#339 = ORIENTED_EDGE('',*,*,#233,.T.);
#340 = ORIENTED_EDGE('',*,*,#341,.T.);
#341 = EDGE_CURVE('',#226,#192,#342,.T.);
#342 = LINE('',#343,#344);
#343 = CARTESIAN_POINT('',(-217.5,8.5,-17.9));
#344 = VECTOR('',#345,1.);
#345 = DIRECTION('',(0.,0.,-1.));
#346 = ORIENTED_EDGE('',*,*,#191,.T.);
#347 = ORIENTED_EDGE('',*,*,#348,.F.);
#348 = EDGE_CURVE('',#319,#184,#349,.T.);
#349 = LINE('',#350,#351);
#350 = CARTESIAN_POINT('',(217.5,8.5,-5.20417042793E-15));
#351 = VECTOR('',#352,1.);
#352 = DIRECTION('',(0.,0.,-1.));
#353 = ORIENTED_EDGE('',*,*,#318,.T.);
#354 = ORIENTED_EDGE('',*,*,#355,.T.);
#355 = EDGE_CURVE('',#311,#356,#358,.T.);
#356 = VERTEX_POINT('',#357);
#357 = CARTESIAN_POINT('',(217.5,8.5,-1.5));
#358 = LINE('',#359,#360);
#359 = CARTESIAN_POINT('',(217.5,8.5,-2.1));
#360 = VECTOR('',#361,1.);
#361 = DIRECTION('',(0.,0.,1.));
#362 = ORIENTED_EDGE('',*,*,#363,.F.);
#363 = EDGE_CURVE('',#364,#356,#366,.T.);
#364 = VERTEX_POINT('',#365);
#365 = CARTESIAN_POINT('',(-217.5,8.5,-1.5));
#366 = LINE('',#367,#368);
#367 = CARTESIAN_POINT('',(242.5,8.5,-1.5));
#368 = VECTOR('',#369,1.);
#369 = DIRECTION('',(1.,0.,0.));
#370 = ORIENTED_EDGE('',*,*,#371,.F.);
#371 = EDGE_CURVE('',#234,#364,#372,.T.);
#372 = LINE('',#373,#374);
#373 = CARTESIAN_POINT('',(-217.5,8.5,-5.20417042793E-15));
#374 = VECTOR('',#375,1.);
#375 = DIRECTION('',(0.,-0.,1.));
#376 = PLANE('',#377);
#377 = AXIS2_PLACEMENT_3D('',#378,#379,#380);
#378 = CARTESIAN_POINT('',(242.5,8.5,-5.20417042793E-15));
#379 = DIRECTION('',(0.,1.,0.));
#380 = DIRECTION('',(0.,-0.,1.));
#381 = ADVANCED_FACE('',(#382),#416,.F.);
#382 = FACE_BOUND('',#383,.T.);
#383 = EDGE_LOOP('',(#384,#394,#402,#410));
#384 = ORIENTED_EDGE('',*,*,#385,.T.);
#385 = EDGE_CURVE('',#386,#388,#390,.T.);
#386 = VERTEX_POINT('',#387);
#387 = CARTESIAN_POINT('',(217.5,-4.5,-20.));
#388 = VERTEX_POINT('',#389);
#389 = CARTESIAN_POINT('',(-217.5,-4.5,-20.));
#390 = LINE('',#391,#392);
#391 = CARTESIAN_POINT('',(242.5,-4.5,-20.));
#392 = VECTOR('',#393,1.);
#393 = DIRECTION('',(-1.,-0.,0.));
#394 = ORIENTED_EDGE('',*,*,#395,.F.);
#395 = EDGE_CURVE('',#396,#388,#398,.T.);
#396 = VERTEX_POINT('',#397);
#397 = CARTESIAN_POINT('',(-217.5,-4.5,-18.5));
#398 = LINE('',#399,#400);
#399 = CARTESIAN_POINT('',(-217.5,-4.500000000001,850.02657430678));
#400 = VECTOR('',#401,1.);
#401 = DIRECTION('',(0.,6.308085367188E-16,-1.));
#402 = ORIENTED_EDGE('',*,*,#403,.F.);
#403 = EDGE_CURVE('',#404,#396,#406,.T.);
#404 = VERTEX_POINT('',#405);
#405 = CARTESIAN_POINT('',(217.5,-4.5,-18.5));
#406 = LINE('',#407,#408);
#407 = CARTESIAN_POINT('',(242.5,-4.5,-18.5));
#408 = VECTOR('',#409,1.);
#409 = DIRECTION('',(-1.,-0.,0.));
#410 = ORIENTED_EDGE('',*,*,#411,.T.);
#411 = EDGE_CURVE('',#404,#386,#412,.T.);
#412 = LINE('',#413,#414);
#413 = CARTESIAN_POINT('',(217.5,-4.500000000001,850.02657430678));
#414 = VECTOR('',#415,1.);
#415 = DIRECTION('',(0.,6.308085367188E-16,-1.));
#416 = PLANE('',#417);
#417 = AXIS2_PLACEMENT_3D('',#418,#419,#420);
#418 = CARTESIAN_POINT('',(242.5,-4.500000000001,850.02657430678));
#419 = DIRECTION('',(0.,-1.,-6.308085367188E-16));
#420 = DIRECTION('',(0.,6.308085367188E-16,-1.));
#421 = ADVANCED_FACE('',(#422),#447,.F.);
#422 = FACE_BOUND('',#423,.T.);
#423 = EDGE_LOOP('',(#424,#432,#433,#441));
#424 = ORIENTED_EDGE('',*,*,#425,.T.);
#425 = EDGE_CURVE('',#426,#386,#428,.T.);
#426 = VERTEX_POINT('',#427);
#427 = CARTESIAN_POINT('',(217.5,-7.9,-20.));
#428 = LINE('',#429,#430);
#429 = CARTESIAN_POINT('',(217.5,-10.,-20.));
#430 = VECTOR('',#431,1.);
#431 = DIRECTION('',(0.,1.,0.));
#432 = ORIENTED_EDGE('',*,*,#411,.F.);
#433 = ORIENTED_EDGE('',*,*,#434,.F.);
#434 = EDGE_CURVE('',#435,#404,#437,.T.);
#435 = VERTEX_POINT('',#436);
#436 = CARTESIAN_POINT('',(217.5,-7.9,-18.5));
#437 = LINE('',#438,#439);
#438 = CARTESIAN_POINT('',(217.5,-10.,-18.5));
#439 = VECTOR('',#440,1.);
#440 = DIRECTION('',(0.,1.,6.308085367188E-16));
#441 = ORIENTED_EDGE('',*,*,#442,.T.);
#442 = EDGE_CURVE('',#435,#426,#443,.T.);
#443 = LINE('',#444,#445);
#444 = CARTESIAN_POINT('',(217.5,-7.900000000001,850.02657430678));
#445 = VECTOR('',#446,1.);
#446 = DIRECTION('',(0.,6.308085367188E-16,-1.));
#447 = PLANE('',#448);
#448 = AXIS2_PLACEMENT_3D('',#449,#450,#451);
#449 = CARTESIAN_POINT('',(217.5,-10.,850.02657430678));
#450 = DIRECTION('',(-1.,0.,-0.));
#451 = DIRECTION('',(0.,5.436691348604E-16,-1.));
#452 = ADVANCED_FACE('',(#453),#487,.T.);
#453 = FACE_BOUND('',#454,.T.);
#454 = EDGE_LOOP('',(#455,#456,#464,#472,#480,#486));
#455 = ORIENTED_EDGE('',*,*,#425,.F.);
#456 = ORIENTED_EDGE('',*,*,#457,.T.);
#457 = EDGE_CURVE('',#426,#458,#460,.T.);
#458 = VERTEX_POINT('',#459);
#459 = CARTESIAN_POINT('',(217.5,-10.,-20.));
#460 = LINE('',#461,#462);
#461 = CARTESIAN_POINT('',(217.5,-7.9,-20.));
#462 = VECTOR('',#463,1.);
#463 = DIRECTION('',(0.,-1.,-6.308085367188E-16));
#464 = ORIENTED_EDGE('',*,*,#465,.T.);
#465 = EDGE_CURVE('',#458,#466,#468,.T.);
#466 = VERTEX_POINT('',#467);
#467 = CARTESIAN_POINT('',(-217.5,-10.,-20.));
#468 = LINE('',#469,#470);
#469 = CARTESIAN_POINT('',(242.5,-10.,-20.));
#470 = VECTOR('',#471,1.);
#471 = DIRECTION('',(-1.,-0.,-0.));
#472 = ORIENTED_EDGE('',*,*,#473,.F.);
#473 = EDGE_CURVE('',#474,#466,#476,.T.);
#474 = VERTEX_POINT('',#475);
#475 = CARTESIAN_POINT('',(-217.5,-7.9,-20.));
#476 = LINE('',#477,#478);
#477 = CARTESIAN_POINT('',(-217.5,-10.,-20.));
#478 = VECTOR('',#479,1.);
#479 = DIRECTION('',(-0.,-1.,-6.308085367188E-16));
#480 = ORIENTED_EDGE('',*,*,#481,.T.);
#481 = EDGE_CURVE('',#474,#388,#482,.T.);
#482 = LINE('',#483,#484);
#483 = CARTESIAN_POINT('',(-217.5,-10.,-20.));
#484 = VECTOR('',#485,1.);
#485 = DIRECTION('',(0.,1.,6.308085367188E-16));
#486 = ORIENTED_EDGE('',*,*,#385,.F.);
#487 = PLANE('',#488);
#488 = AXIS2_PLACEMENT_3D('',#489,#490,#491);
#489 = CARTESIAN_POINT('',(242.5,-10.,-20.));
#490 = DIRECTION('',(0.,6.308085367188E-16,-1.));
#491 = DIRECTION('',(0.,1.,6.308085367188E-16));
#492 = ADVANCED_FACE('',(#493),#511,.F.);
#493 = FACE_BOUND('',#494,.T.);
#494 = EDGE_LOOP('',(#495,#496,#504,#510));
#495 = ORIENTED_EDGE('',*,*,#481,.F.);
#496 = ORIENTED_EDGE('',*,*,#497,.F.);
#497 = EDGE_CURVE('',#498,#474,#500,.T.);
#498 = VERTEX_POINT('',#499);
#499 = CARTESIAN_POINT('',(-217.5,-7.9,-18.5));
#500 = LINE('',#501,#502);
#501 = CARTESIAN_POINT('',(-217.5,-7.900000000001,850.02657430678));
#502 = VECTOR('',#503,1.);
#503 = DIRECTION('',(0.,6.308085367188E-16,-1.));
#504 = ORIENTED_EDGE('',*,*,#505,.F.);
#505 = EDGE_CURVE('',#396,#498,#506,.T.);
#506 = LINE('',#507,#508);
#507 = CARTESIAN_POINT('',(-217.5,-10.,-18.5));
#508 = VECTOR('',#509,1.);
#509 = DIRECTION('',(0.,-1.,-6.308085367188E-16));
#510 = ORIENTED_EDGE('',*,*,#395,.T.);
#511 = PLANE('',#512);
#512 = AXIS2_PLACEMENT_3D('',#513,#514,#515);
#513 = CARTESIAN_POINT('',(-217.5,-10.,850.02657430678));
#514 = DIRECTION('',(1.,0.,0.));
#515 = DIRECTION('',(0.,-5.436691348604E-16,1.));
#516 = ADVANCED_FACE('',(#517),#544,.F.);
#517 = FACE_BOUND('',#518,.T.);
#518 = EDGE_LOOP('',(#519,#520,#528,#536,#542,#543));
#519 = ORIENTED_EDGE('',*,*,#505,.T.);
#520 = ORIENTED_EDGE('',*,*,#521,.T.);
#521 = EDGE_CURVE('',#498,#522,#524,.T.);
#522 = VERTEX_POINT('',#523);
#523 = CARTESIAN_POINT('',(-217.5,-8.5,-18.5));
#524 = LINE('',#525,#526);
#525 = CARTESIAN_POINT('',(-217.5,-7.9,-18.5));
#526 = VECTOR('',#527,1.);
#527 = DIRECTION('',(0.,-1.,-6.308085367188E-16));
#528 = ORIENTED_EDGE('',*,*,#529,.F.);
#529 = EDGE_CURVE('',#530,#522,#532,.T.);
#530 = VERTEX_POINT('',#531);
#531 = CARTESIAN_POINT('',(217.5,-8.5,-18.5));
#532 = LINE('',#533,#534);
#533 = CARTESIAN_POINT('',(242.5,-8.5,-18.5));
#534 = VECTOR('',#535,1.);
#535 = DIRECTION('',(-1.,0.,0.));
#536 = ORIENTED_EDGE('',*,*,#537,.F.);
#537 = EDGE_CURVE('',#435,#530,#538,.T.);
#538 = LINE('',#539,#540);
#539 = CARTESIAN_POINT('',(217.5,-10.,-18.5));
#540 = VECTOR('',#541,1.);
#541 = DIRECTION('',(0.,-1.,-6.308085367188E-16));
#542 = ORIENTED_EDGE('',*,*,#434,.T.);
#543 = ORIENTED_EDGE('',*,*,#403,.T.);
#544 = PLANE('',#545);
#545 = AXIS2_PLACEMENT_3D('',#546,#547,#548);
#546 = CARTESIAN_POINT('',(242.5,-10.,-18.5));
#547 = DIRECTION('',(0.,6.308085367188E-16,-1.));
#548 = DIRECTION('',(0.,1.,6.308085367188E-16));
#549 = ADVANCED_FACE('',(#550),#584,.F.);
#550 = FACE_BOUND('',#551,.T.);
#551 = EDGE_LOOP('',(#552,#562,#570,#578));
#552 = ORIENTED_EDGE('',*,*,#553,.F.);
#553 = EDGE_CURVE('',#554,#556,#558,.T.);
#554 = VERTEX_POINT('',#555);
#555 = CARTESIAN_POINT('',(217.5,-10.,-17.9));
#556 = VERTEX_POINT('',#557);
#557 = CARTESIAN_POINT('',(217.5,-10.,-2.1));
#558 = LINE('',#559,#560);
#559 = CARTESIAN_POINT('',(217.5,-10.,-20.));
#560 = VECTOR('',#561,1.);
#561 = DIRECTION('',(0.,0.,1.));
#562 = ORIENTED_EDGE('',*,*,#563,.F.);
#563 = EDGE_CURVE('',#564,#554,#566,.T.);
#564 = VERTEX_POINT('',#565);
#565 = CARTESIAN_POINT('',(217.5,-8.5,-17.9));
#566 = LINE('',#567,#568);
#567 = CARTESIAN_POINT('',(217.5,860.57369590402,-17.9));
#568 = VECTOR('',#569,1.);
#569 = DIRECTION('',(0.,-1.,0.));
#570 = ORIENTED_EDGE('',*,*,#571,.F.);
#571 = EDGE_CURVE('',#572,#564,#574,.T.);
#572 = VERTEX_POINT('',#573);
#573 = CARTESIAN_POINT('',(217.5,-8.5,-2.1));
#574 = LINE('',#575,#576);
#575 = CARTESIAN_POINT('',(217.5,-8.5,-3.469446951954E-15));
#576 = VECTOR('',#577,1.);
#577 = DIRECTION('',(0.,0.,-1.));
#578 = ORIENTED_EDGE('',*,*,#579,.T.);
#579 = EDGE_CURVE('',#572,#556,#580,.T.);
#580 = LINE('',#581,#582);
#581 = CARTESIAN_POINT('',(217.5,860.57369590402,-2.1));
#582 = VECTOR('',#583,1.);
#583 = DIRECTION('',(0.,-1.,0.));
#584 = PLANE('',#585);
#585 = AXIS2_PLACEMENT_3D('',#586,#587,#588);
#586 = CARTESIAN_POINT('',(217.5,860.57369590402,-5.20417042793E-15));
#587 = DIRECTION('',(-1.,0.,0.));
#588 = DIRECTION('',(0.,-1.,6.123233995737E-17));
#589 = ADVANCED_FACE('',(#590),#638,.T.);
#590 = FACE_BOUND('',#591,.T.);
#591 = EDGE_LOOP('',(#592,#602,#608,#609,#615,#616,#624,#632));
#592 = ORIENTED_EDGE('',*,*,#593,.T.);
#593 = EDGE_CURVE('',#594,#596,#598,.T.);
#594 = VERTEX_POINT('',#595);
#595 = CARTESIAN_POINT('',(-217.5,-10.,-2.1));
#596 = VERTEX_POINT('',#597);
#597 = CARTESIAN_POINT('',(-217.5,-10.,-17.9));
#598 = LINE('',#599,#600);
#599 = CARTESIAN_POINT('',(-217.5,-10.,-20.));
#600 = VECTOR('',#601,1.);
#601 = DIRECTION('',(-0.,0.,-1.));
#602 = ORIENTED_EDGE('',*,*,#603,.T.);
#603 = EDGE_CURVE('',#596,#466,#604,.T.);
#604 = LINE('',#605,#606);
#605 = CARTESIAN_POINT('',(-217.5,-10.,-17.9));
#606 = VECTOR('',#607,1.);
#607 = DIRECTION('',(-0.,-0.,-1.));
#608 = ORIENTED_EDGE('',*,*,#465,.F.);
#609 = ORIENTED_EDGE('',*,*,#610,.F.);
#610 = EDGE_CURVE('',#554,#458,#611,.T.);
#611 = LINE('',#612,#613);
#612 = CARTESIAN_POINT('',(217.5,-10.,-3.469446951954E-15));
#613 = VECTOR('',#614,1.);
#614 = DIRECTION('',(0.,-0.,-1.));
#615 = ORIENTED_EDGE('',*,*,#553,.T.);
#616 = ORIENTED_EDGE('',*,*,#617,.T.);
#617 = EDGE_CURVE('',#556,#618,#620,.T.);
#618 = VERTEX_POINT('',#619);
#619 = CARTESIAN_POINT('',(217.5,-10.,-2.689084579946E-15));
#620 = LINE('',#621,#622);
#621 = CARTESIAN_POINT('',(217.5,-10.,-2.1));
#622 = VECTOR('',#623,1.);
#623 = DIRECTION('',(-0.,-0.,1.));
#624 = ORIENTED_EDGE('',*,*,#625,.T.);
#625 = EDGE_CURVE('',#618,#626,#628,.T.);
#626 = VERTEX_POINT('',#627);
#627 = CARTESIAN_POINT('',(-217.5,-10.,-2.689084579946E-15));
#628 = LINE('',#629,#630);
#629 = CARTESIAN_POINT('',(242.5,-10.,-2.689084579946E-15));
#630 = VECTOR('',#631,1.);
#631 = DIRECTION('',(-1.,-0.,0.));
#632 = ORIENTED_EDGE('',*,*,#633,.F.);
#633 = EDGE_CURVE('',#594,#626,#634,.T.);
#634 = LINE('',#635,#636);
#635 = CARTESIAN_POINT('',(-217.5,-10.,-3.469446951954E-15));
#636 = VECTOR('',#637,1.);
#637 = DIRECTION('',(-0.,-0.,1.));
#638 = PLANE('',#639);
#639 = AXIS2_PLACEMENT_3D('',#640,#641,#642);
#640 = CARTESIAN_POINT('',(242.5,-10.,-3.469446951954E-15));
#641 = DIRECTION('',(0.,-1.,0.));
#642 = DIRECTION('',(0.,0.,-1.));
#643 = ADVANCED_FACE('',(#644),#669,.F.);
#644 = FACE_BOUND('',#645,.T.);
#645 = EDGE_LOOP('',(#646,#647,#655,#663));
#646 = ORIENTED_EDGE('',*,*,#593,.F.);
#647 = ORIENTED_EDGE('',*,*,#648,.F.);
#648 = EDGE_CURVE('',#649,#594,#651,.T.);
#649 = VERTEX_POINT('',#650);
#650 = CARTESIAN_POINT('',(-217.5,-8.5,-2.1));
#651 = LINE('',#652,#653);
#652 = CARTESIAN_POINT('',(-217.5,860.57369590402,-2.1));
#653 = VECTOR('',#654,1.);
#654 = DIRECTION('',(0.,-1.,0.));
#655 = ORIENTED_EDGE('',*,*,#656,.F.);
#656 = EDGE_CURVE('',#657,#649,#659,.T.);
#657 = VERTEX_POINT('',#658);
#658 = CARTESIAN_POINT('',(-217.5,-8.5,-17.9));
#659 = LINE('',#660,#661);
#660 = CARTESIAN_POINT('',(-217.5,-8.5,-3.469446951954E-15));
#661 = VECTOR('',#662,1.);
#662 = DIRECTION('',(0.,0.,1.));
#663 = ORIENTED_EDGE('',*,*,#664,.T.);
#664 = EDGE_CURVE('',#657,#596,#665,.T.);
#665 = LINE('',#666,#667);
#666 = CARTESIAN_POINT('',(-217.5,860.57369590402,-17.9));
#667 = VECTOR('',#668,1.);
#668 = DIRECTION('',(0.,-1.,0.));
#669 = PLANE('',#670);
#670 = AXIS2_PLACEMENT_3D('',#671,#672,#673);
#671 = CARTESIAN_POINT('',(-217.5,860.57369590402,-5.20417042793E-15));
#672 = DIRECTION('',(1.,0.,0.));
#673 = DIRECTION('',(0.,1.,-6.123233995737E-17));
#674 = ADVANCED_FACE('',(#675),#714,.F.);
#675 = FACE_BOUND('',#676,.T.);
#676 = EDGE_LOOP('',(#677,#678,#684,#685,#691,#692,#700,#708));
#677 = ORIENTED_EDGE('',*,*,#571,.T.);
#678 = ORIENTED_EDGE('',*,*,#679,.T.);
#679 = EDGE_CURVE('',#564,#530,#680,.T.);
#680 = LINE('',#681,#682);
#681 = CARTESIAN_POINT('',(217.5,-8.5,-17.9));
#682 = VECTOR('',#683,1.);
#683 = DIRECTION('',(0.,0.,-1.));
#684 = ORIENTED_EDGE('',*,*,#529,.T.);
#685 = ORIENTED_EDGE('',*,*,#686,.F.);
#686 = EDGE_CURVE('',#657,#522,#687,.T.);
#687 = LINE('',#688,#689);
#688 = CARTESIAN_POINT('',(-217.5,-8.5,-3.469446951954E-15));
#689 = VECTOR('',#690,1.);
#690 = DIRECTION('',(0.,0.,-1.));
#691 = ORIENTED_EDGE('',*,*,#656,.T.);
#692 = ORIENTED_EDGE('',*,*,#693,.T.);
#693 = EDGE_CURVE('',#649,#694,#696,.T.);
#694 = VERTEX_POINT('',#695);
#695 = CARTESIAN_POINT('',(-217.5,-8.5,-1.5));
#696 = LINE('',#697,#698);
#697 = CARTESIAN_POINT('',(-217.5,-8.5,-2.1));
#698 = VECTOR('',#699,1.);
#699 = DIRECTION('',(0.,0.,1.));
#700 = ORIENTED_EDGE('',*,*,#701,.F.);
#701 = EDGE_CURVE('',#702,#694,#704,.T.);
#702 = VERTEX_POINT('',#703);
#703 = CARTESIAN_POINT('',(217.5,-8.5,-1.5));
#704 = LINE('',#705,#706);
#705 = CARTESIAN_POINT('',(242.5,-8.5,-1.5));
#706 = VECTOR('',#707,1.);
#707 = DIRECTION('',(-1.,0.,0.));
#708 = ORIENTED_EDGE('',*,*,#709,.F.);
#709 = EDGE_CURVE('',#572,#702,#710,.T.);
#710 = LINE('',#711,#712);
#711 = CARTESIAN_POINT('',(217.5,-8.5,-3.469446951954E-15));
#712 = VECTOR('',#713,1.);
#713 = DIRECTION('',(0.,0.,1.));
#714 = PLANE('',#715);
#715 = AXIS2_PLACEMENT_3D('',#716,#717,#718);
#716 = CARTESIAN_POINT('',(242.5,-8.5,-3.469446951954E-15));
#717 = DIRECTION('',(0.,-1.,0.));
#718 = DIRECTION('',(0.,0.,-1.));
#719 = ADVANCED_FACE('',(#720,#731,#742,#778,#814,#825,#836,#847,#858,
    #869,#880,#891,#902,#913,#924,#935,#946,#957,#968,#979),#1155,.T.);
#720 = FACE_BOUND('',#721,.T.);
#721 = EDGE_LOOP('',(#722));
#722 = ORIENTED_EDGE('',*,*,#723,.F.);
#723 = EDGE_CURVE('',#724,#724,#726,.T.);
#724 = VERTEX_POINT('',#725);
#725 = CARTESIAN_POINT('',(-172.9,0.,-2.743963857088E-15));
#726 = CIRCLE('',#727,2.1);
#727 = AXIS2_PLACEMENT_3D('',#728,#729,#730);
#728 = CARTESIAN_POINT('',(-175.,0.,-2.743963857088E-15));
#729 = DIRECTION('',(0.,0.,1.));
#730 = DIRECTION('',(1.,0.,-0.));
#731 = FACE_BOUND('',#732,.T.);
#732 = EDGE_LOOP('',(#733));
#733 = ORIENTED_EDGE('',*,*,#734,.F.);
#734 = EDGE_CURVE('',#735,#735,#737,.T.);
#735 = VERTEX_POINT('',#736);
#736 = CARTESIAN_POINT('',(-197.9,0.,0.));
#737 = CIRCLE('',#738,2.1);
#738 = AXIS2_PLACEMENT_3D('',#739,#740,#741);
#739 = CARTESIAN_POINT('',(-200.,0.,0.));
#740 = DIRECTION('',(0.,0.,1.));
#741 = DIRECTION('',(1.,0.,-0.));
#742 = FACE_BOUND('',#743,.T.);
#743 = EDGE_LOOP('',(#744,#755,#763,#772));
#744 = ORIENTED_EDGE('',*,*,#745,.F.);
#745 = EDGE_CURVE('',#746,#748,#750,.T.);
#746 = VERTEX_POINT('',#747);
#747 = CARTESIAN_POINT('',(-229.5,-3.,0.));
#748 = VERTEX_POINT('',#749);
#749 = CARTESIAN_POINT('',(-229.5,3.,-2.689084579946E-15));
#750 = CIRCLE('',#751,3.);
#751 = AXIS2_PLACEMENT_3D('',#752,#753,#754);
#752 = CARTESIAN_POINT('',(-229.5,0.,0.));
#753 = DIRECTION('',(0.,0.,1.));
#754 = DIRECTION('',(-1.,0.,0.));
#755 = ORIENTED_EDGE('',*,*,#756,.F.);
#756 = EDGE_CURVE('',#757,#746,#759,.T.);
#757 = VERTEX_POINT('',#758);
#758 = CARTESIAN_POINT('',(-235.5,-3.,0.));
#759 = LINE('',#760,#761);
#760 = CARTESIAN_POINT('',(-235.5,-3.,0.));
#761 = VECTOR('',#762,1.);
#762 = DIRECTION('',(1.,0.,0.));
#763 = ORIENTED_EDGE('',*,*,#764,.F.);
#764 = EDGE_CURVE('',#765,#757,#767,.T.);
#765 = VERTEX_POINT('',#766);
#766 = CARTESIAN_POINT('',(-235.5,3.,0.));
#767 = CIRCLE('',#768,3.);
#768 = AXIS2_PLACEMENT_3D('',#769,#770,#771);
#769 = CARTESIAN_POINT('',(-235.5,0.,0.));
#770 = DIRECTION('',(0.,0.,1.));
#771 = DIRECTION('',(1.,0.,-0.));
#772 = ORIENTED_EDGE('',*,*,#773,.F.);
#773 = EDGE_CURVE('',#748,#765,#774,.T.);
#774 = LINE('',#775,#776);
#775 = CARTESIAN_POINT('',(-235.5,3.,0.));
#776 = VECTOR('',#777,1.);
#777 = DIRECTION('',(-1.,-0.,-0.));
#778 = FACE_BOUND('',#779,.T.);
#779 = EDGE_LOOP('',(#780,#791,#799,#808));
#780 = ORIENTED_EDGE('',*,*,#781,.F.);
#781 = EDGE_CURVE('',#782,#784,#786,.T.);
#782 = VERTEX_POINT('',#783);
#783 = CARTESIAN_POINT('',(235.5,-3.,0.));
#784 = VERTEX_POINT('',#785);
#785 = CARTESIAN_POINT('',(235.5,3.,-2.689084579946E-15));
#786 = CIRCLE('',#787,3.);
#787 = AXIS2_PLACEMENT_3D('',#788,#789,#790);
#788 = CARTESIAN_POINT('',(235.5,4.336808689942E-16,0.));
#789 = DIRECTION('',(0.,0.,1.));
#790 = DIRECTION('',(-1.,0.,0.));
#791 = ORIENTED_EDGE('',*,*,#792,.F.);
#792 = EDGE_CURVE('',#793,#782,#795,.T.);
#793 = VERTEX_POINT('',#794);
#794 = CARTESIAN_POINT('',(229.5,-3.,0.));
#795 = LINE('',#796,#797);
#796 = CARTESIAN_POINT('',(229.5,-3.,0.));
#797 = VECTOR('',#798,1.);
#798 = DIRECTION('',(1.,7.228014483236E-17,0.));
#799 = ORIENTED_EDGE('',*,*,#800,.F.);
#800 = EDGE_CURVE('',#801,#793,#803,.T.);
#801 = VERTEX_POINT('',#802);
#802 = CARTESIAN_POINT('',(229.5,3.,0.));
#803 = CIRCLE('',#804,3.);
#804 = AXIS2_PLACEMENT_3D('',#805,#806,#807);
#805 = CARTESIAN_POINT('',(229.5,-2.296930634574E-17,0.));
#806 = DIRECTION('',(0.,0.,1.));
#807 = DIRECTION('',(1.,0.,-0.));
#808 = ORIENTED_EDGE('',*,*,#809,.F.);
#809 = EDGE_CURVE('',#784,#801,#810,.T.);
#810 = LINE('',#811,#812);
#811 = CARTESIAN_POINT('',(229.5,3.,0.));
#812 = VECTOR('',#813,1.);
#813 = DIRECTION('',(-1.,-7.228014483236E-17,-0.));
#814 = FACE_BOUND('',#815,.T.);
#815 = EDGE_LOOP('',(#816));
#816 = ORIENTED_EDGE('',*,*,#817,.F.);
#817 = EDGE_CURVE('',#818,#818,#820,.T.);
#818 = VERTEX_POINT('',#819);
#819 = CARTESIAN_POINT('',(-147.9,0.,-5.487927714175E-15));
#820 = CIRCLE('',#821,2.1);
#821 = AXIS2_PLACEMENT_3D('',#822,#823,#824);
#822 = CARTESIAN_POINT('',(-150.,0.,-5.487927714175E-15));
#823 = DIRECTION('',(0.,0.,1.));
#824 = DIRECTION('',(1.,0.,-0.));
#825 = FACE_BOUND('',#826,.T.);
#826 = EDGE_LOOP('',(#827));
#827 = ORIENTED_EDGE('',*,*,#828,.F.);
#828 = EDGE_CURVE('',#829,#829,#831,.T.);
#829 = VERTEX_POINT('',#830);
#830 = CARTESIAN_POINT('',(-122.9,0.,-8.231891571263E-15));
#831 = CIRCLE('',#832,2.1);
#832 = AXIS2_PLACEMENT_3D('',#833,#834,#835);
#833 = CARTESIAN_POINT('',(-125.,0.,-8.231891571263E-15));
#834 = DIRECTION('',(0.,0.,1.));
#835 = DIRECTION('',(1.,0.,-0.));
#836 = FACE_BOUND('',#837,.T.);
#837 = EDGE_LOOP('',(#838));
#838 = ORIENTED_EDGE('',*,*,#839,.F.);
#839 = EDGE_CURVE('',#840,#840,#842,.T.);
#840 = VERTEX_POINT('',#841);
#841 = CARTESIAN_POINT('',(-97.9,0.,-1.097585542835E-14));
#842 = CIRCLE('',#843,2.1);
#843 = AXIS2_PLACEMENT_3D('',#844,#845,#846);
#844 = CARTESIAN_POINT('',(-100.,0.,-1.097585542835E-14));
#845 = DIRECTION('',(0.,0.,1.));
#846 = DIRECTION('',(1.,0.,-0.));
#847 = FACE_BOUND('',#848,.T.);
#848 = EDGE_LOOP('',(#849));
#849 = ORIENTED_EDGE('',*,*,#850,.F.);
#850 = EDGE_CURVE('',#851,#851,#853,.T.);
#851 = VERTEX_POINT('',#852);
#852 = CARTESIAN_POINT('',(-72.9,0.,-1.371981928544E-14));
#853 = CIRCLE('',#854,2.1);
#854 = AXIS2_PLACEMENT_3D('',#855,#856,#857);
#855 = CARTESIAN_POINT('',(-75.,0.,-1.371981928544E-14));
#856 = DIRECTION('',(0.,0.,1.));
#857 = DIRECTION('',(1.,0.,-0.));
#858 = FACE_BOUND('',#859,.T.);
#859 = EDGE_LOOP('',(#860));
#860 = ORIENTED_EDGE('',*,*,#861,.F.);
#861 = EDGE_CURVE('',#862,#862,#864,.T.);
#862 = VERTEX_POINT('',#863);
#863 = CARTESIAN_POINT('',(-47.9,0.,-1.646378314253E-14));
#864 = CIRCLE('',#865,2.1);
#865 = AXIS2_PLACEMENT_3D('',#866,#867,#868);
#866 = CARTESIAN_POINT('',(-50.,0.,-1.646378314253E-14));
#867 = DIRECTION('',(0.,0.,1.));
#868 = DIRECTION('',(1.,0.,-0.));
#869 = FACE_BOUND('',#870,.T.);
#870 = EDGE_LOOP('',(#871));
#871 = ORIENTED_EDGE('',*,*,#872,.F.);
#872 = EDGE_CURVE('',#873,#873,#875,.T.);
#873 = VERTEX_POINT('',#874);
#874 = CARTESIAN_POINT('',(-22.9,0.,-1.920774699961E-14));
#875 = CIRCLE('',#876,2.1);
#876 = AXIS2_PLACEMENT_3D('',#877,#878,#879);
#877 = CARTESIAN_POINT('',(-25.,0.,-1.920774699961E-14));
#878 = DIRECTION('',(0.,0.,1.));
#879 = DIRECTION('',(1.,0.,-0.));
#880 = FACE_BOUND('',#881,.T.);
#881 = EDGE_LOOP('',(#882));
#882 = ORIENTED_EDGE('',*,*,#883,.F.);
#883 = EDGE_CURVE('',#884,#884,#886,.T.);
#884 = VERTEX_POINT('',#885);
#885 = CARTESIAN_POINT('',(2.1,0.,-2.19517108567E-14));
#886 = CIRCLE('',#887,2.1);
#887 = AXIS2_PLACEMENT_3D('',#888,#889,#890);
#888 = CARTESIAN_POINT('',(2.775557561563E-14,0.,-2.19517108567E-14));
#889 = DIRECTION('',(0.,0.,1.));
#890 = DIRECTION('',(1.,0.,-0.));
#891 = FACE_BOUND('',#892,.T.);
#892 = EDGE_LOOP('',(#893));
#893 = ORIENTED_EDGE('',*,*,#894,.F.);
#894 = EDGE_CURVE('',#895,#895,#897,.T.);
#895 = VERTEX_POINT('',#896);
#896 = CARTESIAN_POINT('',(27.1,0.,-2.469567471379E-14));
#897 = CIRCLE('',#898,2.1);
#898 = AXIS2_PLACEMENT_3D('',#899,#900,#901);
#899 = CARTESIAN_POINT('',(25.,0.,-2.469567471379E-14));
#900 = DIRECTION('',(0.,0.,1.));
#901 = DIRECTION('',(1.,0.,-0.));
#902 = FACE_BOUND('',#903,.T.);
#903 = EDGE_LOOP('',(#904));
#904 = ORIENTED_EDGE('',*,*,#905,.F.);
#905 = EDGE_CURVE('',#906,#906,#908,.T.);
#906 = VERTEX_POINT('',#907);
#907 = CARTESIAN_POINT('',(52.1,0.,-2.743963857088E-14));
#908 = CIRCLE('',#909,2.1);
#909 = AXIS2_PLACEMENT_3D('',#910,#911,#912);
#910 = CARTESIAN_POINT('',(50.,0.,-2.743963857088E-14));
#911 = DIRECTION('',(0.,0.,1.));
#912 = DIRECTION('',(1.,0.,-0.));
#913 = FACE_BOUND('',#914,.T.);
#914 = EDGE_LOOP('',(#915));
#915 = ORIENTED_EDGE('',*,*,#916,.F.);
#916 = EDGE_CURVE('',#917,#917,#919,.T.);
#917 = VERTEX_POINT('',#918);
#918 = CARTESIAN_POINT('',(77.1,0.,-3.018360242796E-14));
#919 = CIRCLE('',#920,2.1);
#920 = AXIS2_PLACEMENT_3D('',#921,#922,#923);
#921 = CARTESIAN_POINT('',(75.,0.,-3.018360242796E-14));
#922 = DIRECTION('',(0.,0.,1.));
#923 = DIRECTION('',(1.,0.,-0.));
#924 = FACE_BOUND('',#925,.T.);
#925 = EDGE_LOOP('',(#926));
#926 = ORIENTED_EDGE('',*,*,#927,.F.);
#927 = EDGE_CURVE('',#928,#928,#930,.T.);
#928 = VERTEX_POINT('',#929);
#929 = CARTESIAN_POINT('',(102.1,0.,-3.292756628505E-14));
#930 = CIRCLE('',#931,2.1);
#931 = AXIS2_PLACEMENT_3D('',#932,#933,#934);
#932 = CARTESIAN_POINT('',(100.,0.,-3.292756628505E-14));
#933 = DIRECTION('',(0.,0.,1.));
#934 = DIRECTION('',(1.,0.,-0.));
#935 = FACE_BOUND('',#936,.T.);
#936 = EDGE_LOOP('',(#937));
#937 = ORIENTED_EDGE('',*,*,#938,.F.);
#938 = EDGE_CURVE('',#939,#939,#941,.T.);
#939 = VERTEX_POINT('',#940);
#940 = CARTESIAN_POINT('',(127.1,0.,-3.567153014214E-14));
#941 = CIRCLE('',#942,2.1);
#942 = AXIS2_PLACEMENT_3D('',#943,#944,#945);
#943 = CARTESIAN_POINT('',(125.,0.,-3.567153014214E-14));
#944 = DIRECTION('',(0.,0.,1.));
#945 = DIRECTION('',(1.,0.,-0.));
#946 = FACE_BOUND('',#947,.T.);
#947 = EDGE_LOOP('',(#948));
#948 = ORIENTED_EDGE('',*,*,#949,.F.);
#949 = EDGE_CURVE('',#950,#950,#952,.T.);
#950 = VERTEX_POINT('',#951);
#951 = CARTESIAN_POINT('',(152.1,0.,-3.841549399923E-14));
#952 = CIRCLE('',#953,2.1);
#953 = AXIS2_PLACEMENT_3D('',#954,#955,#956);
#954 = CARTESIAN_POINT('',(150.,0.,-3.841549399923E-14));
#955 = DIRECTION('',(0.,0.,1.));
#956 = DIRECTION('',(1.,0.,-0.));
#957 = FACE_BOUND('',#958,.T.);
#958 = EDGE_LOOP('',(#959));
#959 = ORIENTED_EDGE('',*,*,#960,.F.);
#960 = EDGE_CURVE('',#961,#961,#963,.T.);
#961 = VERTEX_POINT('',#962);
#962 = CARTESIAN_POINT('',(177.1,0.,-4.115945785632E-14));
#963 = CIRCLE('',#964,2.1);
#964 = AXIS2_PLACEMENT_3D('',#965,#966,#967);
#965 = CARTESIAN_POINT('',(175.,0.,-4.115945785632E-14));
#966 = DIRECTION('',(0.,0.,1.));
#967 = DIRECTION('',(1.,0.,-0.));
#968 = FACE_BOUND('',#969,.T.);
#969 = EDGE_LOOP('',(#970));
#970 = ORIENTED_EDGE('',*,*,#971,.F.);
#971 = EDGE_CURVE('',#972,#972,#974,.T.);
#972 = VERTEX_POINT('',#973);
#973 = CARTESIAN_POINT('',(202.1,0.,-4.39034217134E-14));
#974 = CIRCLE('',#975,2.1);
#975 = AXIS2_PLACEMENT_3D('',#976,#977,#978);
#976 = CARTESIAN_POINT('',(200.,0.,-4.39034217134E-14));
#977 = DIRECTION('',(0.,0.,1.));
#978 = DIRECTION('',(1.,0.,-0.));
#979 = FACE_BOUND('',#980,.T.);
#980 = EDGE_LOOP('',(#981,#991,#997,#998,#1006,#1014,#1022,#1030,#1038,
    #1046,#1054,#1062,#1070,#1078,#1084,#1085,#1093,#1101,#1109,#1117,
    #1125,#1133,#1141,#1149));
#981 = ORIENTED_EDGE('',*,*,#982,.F.);
#982 = EDGE_CURVE('',#983,#985,#987,.T.);
#983 = VERTEX_POINT('',#984);
#984 = CARTESIAN_POINT('',(217.5,7.9,0.));
#985 = VERTEX_POINT('',#986);
#986 = CARTESIAN_POINT('',(218.,7.9,0.));
#987 = LINE('',#988,#989);
#988 = CARTESIAN_POINT('',(217.5,7.9,0.));
#989 = VECTOR('',#990,1.);
#990 = DIRECTION('',(1.,0.,0.));
#991 = ORIENTED_EDGE('',*,*,#992,.T.);
#992 = EDGE_CURVE('',#983,#288,#993,.T.);
#993 = LINE('',#994,#995);
#994 = CARTESIAN_POINT('',(217.5,7.9,-2.602085213965E-15));
#995 = VECTOR('',#996,1.);
#996 = DIRECTION('',(-0.,1.,-0.));
#997 = ORIENTED_EDGE('',*,*,#287,.F.);
#998 = ORIENTED_EDGE('',*,*,#999,.F.);
#999 = EDGE_CURVE('',#1000,#280,#1002,.T.);
#1000 = VERTEX_POINT('',#1001);
#1001 = CARTESIAN_POINT('',(-217.5,7.9,-1.734723475977E-15));
#1002 = LINE('',#1003,#1004);
#1003 = CARTESIAN_POINT('',(-217.5,10.000000000005,-2.689084579946E-15)
  );
#1004 = VECTOR('',#1005,1.);
#1005 = DIRECTION('',(1.043442692317E-14,1.,-0.));
#1006 = ORIENTED_EDGE('',*,*,#1007,.F.);
#1007 = EDGE_CURVE('',#1008,#1000,#1010,.T.);
#1008 = VERTEX_POINT('',#1009);
#1009 = CARTESIAN_POINT('',(-218.,7.9,0.));
#1010 = LINE('',#1011,#1012);
#1011 = CARTESIAN_POINT('',(-217.5,7.9,0.));
#1012 = VECTOR('',#1013,1.);
#1013 = DIRECTION('',(1.,-0.,-0.));
#1014 = ORIENTED_EDGE('',*,*,#1015,.F.);
#1015 = EDGE_CURVE('',#1016,#1008,#1018,.T.);
#1016 = VERTEX_POINT('',#1017);
#1017 = CARTESIAN_POINT('',(-218.,10.,0.));
#1018 = LINE('',#1019,#1020);
#1019 = CARTESIAN_POINT('',(-218.,10.,0.));
#1020 = VECTOR('',#1021,1.);
#1021 = DIRECTION('',(0.,-1.,0.));
#1022 = ORIENTED_EDGE('',*,*,#1023,.T.);
#1023 = EDGE_CURVE('',#1016,#1024,#1026,.T.);
#1024 = VERTEX_POINT('',#1025);
#1025 = CARTESIAN_POINT('',(-240.5,10.,0.));
#1026 = LINE('',#1027,#1028);
#1027 = CARTESIAN_POINT('',(242.5,10.,-2.689084579946E-15));
#1028 = VECTOR('',#1029,1.);
#1029 = DIRECTION('',(-1.,-0.,-0.));
#1030 = ORIENTED_EDGE('',*,*,#1031,.T.);
#1031 = EDGE_CURVE('',#1024,#1032,#1034,.T.);
#1032 = VERTEX_POINT('',#1033);
#1033 = CARTESIAN_POINT('',(-242.5,8.,0.));
#1034 = LINE('',#1035,#1036);
#1035 = CARTESIAN_POINT('',(0.999999999993,251.5,-2.689084579946E-15));
#1036 = VECTOR('',#1037,1.);
#1037 = DIRECTION('',(-0.707106781187,-0.707106781187,0.));
#1038 = ORIENTED_EDGE('',*,*,#1039,.F.);
#1039 = EDGE_CURVE('',#1040,#1032,#1042,.T.);
#1040 = VERTEX_POINT('',#1041);
#1041 = CARTESIAN_POINT('',(-242.5,-8.,0.));
#1042 = LINE('',#1043,#1044);
#1043 = CARTESIAN_POINT('',(-242.5,10.,-2.689084579946E-15));
#1044 = VECTOR('',#1045,1.);
#1045 = DIRECTION('',(0.,1.,0.));
#1046 = ORIENTED_EDGE('',*,*,#1047,.T.);
#1047 = EDGE_CURVE('',#1040,#1048,#1050,.T.);
#1048 = VERTEX_POINT('',#1049);
#1049 = CARTESIAN_POINT('',(-240.5,-10.,0.));
#1050 = LINE('',#1051,#1052);
#1051 = CARTESIAN_POINT('',(-9.000000000007,-241.5,-2.689084579946E-15)
  );
#1052 = VECTOR('',#1053,1.);
#1053 = DIRECTION('',(0.707106781187,-0.707106781187,-0.));
#1054 = ORIENTED_EDGE('',*,*,#1055,.F.);
#1055 = EDGE_CURVE('',#1056,#1048,#1058,.T.);
#1056 = VERTEX_POINT('',#1057);
#1057 = CARTESIAN_POINT('',(-218.,-10.,0.));
#1058 = LINE('',#1059,#1060);
#1059 = CARTESIAN_POINT('',(242.5,-10.,-2.689084579946E-15));
#1060 = VECTOR('',#1061,1.);
#1061 = DIRECTION('',(-1.,-0.,-0.));
#1062 = ORIENTED_EDGE('',*,*,#1063,.F.);
#1063 = EDGE_CURVE('',#1064,#1056,#1066,.T.);
#1064 = VERTEX_POINT('',#1065);
#1065 = CARTESIAN_POINT('',(-218.,-7.9,0.));
#1066 = LINE('',#1067,#1068);
#1067 = CARTESIAN_POINT('',(-218.,-10.,0.));
#1068 = VECTOR('',#1069,1.);
#1069 = DIRECTION('',(-1.321694076935E-14,-1.,-0.));
#1070 = ORIENTED_EDGE('',*,*,#1071,.F.);
#1071 = EDGE_CURVE('',#1072,#1064,#1074,.T.);
#1072 = VERTEX_POINT('',#1073);
#1073 = CARTESIAN_POINT('',(-217.5,-7.9,0.));
#1074 = LINE('',#1075,#1076);
#1075 = CARTESIAN_POINT('',(-217.5,-7.9,0.));
#1076 = VECTOR('',#1077,1.);
#1077 = DIRECTION('',(-1.,0.,0.));
#1078 = ORIENTED_EDGE('',*,*,#1079,.T.);
#1079 = EDGE_CURVE('',#1072,#626,#1080,.T.);
#1080 = LINE('',#1081,#1082);
#1081 = CARTESIAN_POINT('',(-217.5,-7.9,-2.602085213965E-15));
#1082 = VECTOR('',#1083,1.);
#1083 = DIRECTION('',(-0.,-1.,-0.));
#1084 = ORIENTED_EDGE('',*,*,#625,.F.);
#1085 = ORIENTED_EDGE('',*,*,#1086,.F.);
#1086 = EDGE_CURVE('',#1087,#618,#1089,.T.);
#1087 = VERTEX_POINT('',#1088);
#1088 = CARTESIAN_POINT('',(217.5,-7.9,-3.035766082959E-15));
#1089 = LINE('',#1090,#1091);
#1090 = CARTESIAN_POINT('',(217.5,10.,-2.689084579946E-15));
#1091 = VECTOR('',#1092,1.);
#1092 = DIRECTION('',(-0.,-1.,0.));
#1093 = ORIENTED_EDGE('',*,*,#1094,.F.);
#1094 = EDGE_CURVE('',#1095,#1087,#1097,.T.);
#1095 = VERTEX_POINT('',#1096);
#1096 = CARTESIAN_POINT('',(218.,-7.9,0.));
#1097 = LINE('',#1098,#1099);
#1098 = CARTESIAN_POINT('',(218.,-7.9,0.));
#1099 = VECTOR('',#1100,1.);
#1100 = DIRECTION('',(-1.,0.,0.));
#1101 = ORIENTED_EDGE('',*,*,#1102,.F.);
#1102 = EDGE_CURVE('',#1103,#1095,#1105,.T.);
#1103 = VERTEX_POINT('',#1104);
#1104 = CARTESIAN_POINT('',(218.,-10.,0.));
#1105 = LINE('',#1106,#1107);
#1106 = CARTESIAN_POINT('',(218.,-10.,0.));
#1107 = VECTOR('',#1108,1.);
#1108 = DIRECTION('',(0.,1.,0.));
#1109 = ORIENTED_EDGE('',*,*,#1110,.F.);
#1110 = EDGE_CURVE('',#1111,#1103,#1113,.T.);
#1111 = VERTEX_POINT('',#1112);
#1112 = CARTESIAN_POINT('',(240.5,-10.,0.));
#1113 = LINE('',#1114,#1115);
#1114 = CARTESIAN_POINT('',(242.5,-10.,-2.689084579946E-15));
#1115 = VECTOR('',#1116,1.);
#1116 = DIRECTION('',(-1.,-0.,-0.));
#1117 = ORIENTED_EDGE('',*,*,#1118,.T.);
#1118 = EDGE_CURVE('',#1111,#1119,#1121,.T.);
#1119 = VERTEX_POINT('',#1120);
#1120 = CARTESIAN_POINT('',(242.5,-8.,0.));
#1121 = LINE('',#1122,#1123);
#1122 = CARTESIAN_POINT('',(251.5,1.,-2.689084579946E-15));
#1123 = VECTOR('',#1124,1.);
#1124 = DIRECTION('',(0.707106781187,0.707106781187,-0.));
#1125 = ORIENTED_EDGE('',*,*,#1126,.T.);
#1126 = EDGE_CURVE('',#1119,#1127,#1129,.T.);
#1127 = VERTEX_POINT('',#1128);
#1128 = CARTESIAN_POINT('',(242.5,8.,0.));
#1129 = LINE('',#1130,#1131);
#1130 = CARTESIAN_POINT('',(242.5,10.,-2.689084579946E-15));
#1131 = VECTOR('',#1132,1.);
#1132 = DIRECTION('',(0.,1.,0.));
#1133 = ORIENTED_EDGE('',*,*,#1134,.T.);
#1134 = EDGE_CURVE('',#1127,#1135,#1137,.T.);
#1135 = VERTEX_POINT('',#1136);
#1136 = CARTESIAN_POINT('',(240.5,10.,0.));
#1137 = LINE('',#1138,#1139);
#1138 = CARTESIAN_POINT('',(241.5,9.,-2.689084579946E-15));
#1139 = VECTOR('',#1140,1.);
#1140 = DIRECTION('',(-0.707106781187,0.707106781187,0.));
#1141 = ORIENTED_EDGE('',*,*,#1142,.T.);
#1142 = EDGE_CURVE('',#1135,#1143,#1145,.T.);
#1143 = VERTEX_POINT('',#1144);
#1144 = CARTESIAN_POINT('',(218.,10.,0.));
#1145 = LINE('',#1146,#1147);
#1146 = CARTESIAN_POINT('',(242.5,10.,-2.689084579946E-15));
#1147 = VECTOR('',#1148,1.);
#1148 = DIRECTION('',(-1.,-0.,-0.));
#1149 = ORIENTED_EDGE('',*,*,#1150,.F.);
#1150 = EDGE_CURVE('',#985,#1143,#1151,.T.);
#1151 = LINE('',#1152,#1153);
#1152 = CARTESIAN_POINT('',(218.,10.,0.));
#1153 = VECTOR('',#1154,1.);
#1154 = DIRECTION('',(-0.,1.,-0.));
#1155 = PLANE('',#1156);
#1156 = AXIS2_PLACEMENT_3D('',#1157,#1158,#1159);
#1157 = CARTESIAN_POINT('',(242.5,10.,-2.689084579946E-15));
#1158 = DIRECTION('',(0.,0.,1.));
#1159 = DIRECTION('',(1.,0.,-0.));
#1160 = ADVANCED_FACE('',(#1161,#1172,#1183,#1219,#1255,#1266,#1277,
    #1288,#1299,#1310,#1321,#1332,#1343,#1354,#1365,#1376,#1387,#1398,
    #1409,#1420),#1596,.F.);
#1161 = FACE_BOUND('',#1162,.T.);
#1162 = EDGE_LOOP('',(#1163));
#1163 = ORIENTED_EDGE('',*,*,#1164,.T.);
#1164 = EDGE_CURVE('',#1165,#1165,#1167,.T.);
#1165 = VERTEX_POINT('',#1166);
#1166 = CARTESIAN_POINT('',(-172.9,0.,-1.5));
#1167 = CIRCLE('',#1168,2.1);
#1168 = AXIS2_PLACEMENT_3D('',#1169,#1170,#1171);
#1169 = CARTESIAN_POINT('',(-175.,0.,-1.5));
#1170 = DIRECTION('',(0.,0.,1.));
#1171 = DIRECTION('',(1.,0.,-0.));
#1172 = FACE_BOUND('',#1173,.T.);
#1173 = EDGE_LOOP('',(#1174));
#1174 = ORIENTED_EDGE('',*,*,#1175,.T.);
#1175 = EDGE_CURVE('',#1176,#1176,#1178,.T.);
#1176 = VERTEX_POINT('',#1177);
#1177 = CARTESIAN_POINT('',(-197.9,0.,-1.5));
#1178 = CIRCLE('',#1179,2.1);
#1179 = AXIS2_PLACEMENT_3D('',#1180,#1181,#1182);
#1180 = CARTESIAN_POINT('',(-200.,0.,-1.5));
#1181 = DIRECTION('',(0.,0.,1.));
#1182 = DIRECTION('',(1.,0.,-0.));
#1183 = FACE_BOUND('',#1184,.T.);
#1184 = EDGE_LOOP('',(#1185,#1195,#1204,#1212));
#1185 = ORIENTED_EDGE('',*,*,#1186,.T.);
#1186 = EDGE_CURVE('',#1187,#1189,#1191,.T.);
#1187 = VERTEX_POINT('',#1188);
#1188 = CARTESIAN_POINT('',(-235.5,-3.,-1.5));
#1189 = VERTEX_POINT('',#1190);
#1190 = CARTESIAN_POINT('',(-229.5,-3.,-1.5));
#1191 = LINE('',#1192,#1193);
#1192 = CARTESIAN_POINT('',(242.5,-3.,-1.5));
#1193 = VECTOR('',#1194,1.);
#1194 = DIRECTION('',(1.,0.,-0.));
#1195 = ORIENTED_EDGE('',*,*,#1196,.T.);
#1196 = EDGE_CURVE('',#1189,#1197,#1199,.T.);
#1197 = VERTEX_POINT('',#1198);
#1198 = CARTESIAN_POINT('',(-229.5,3.,-1.5));
#1199 = CIRCLE('',#1200,3.);
#1200 = AXIS2_PLACEMENT_3D('',#1201,#1202,#1203);
#1201 = CARTESIAN_POINT('',(-229.5,0.,-1.5));
#1202 = DIRECTION('',(0.,0.,1.));
#1203 = DIRECTION('',(1.,0.,-0.));
#1204 = ORIENTED_EDGE('',*,*,#1205,.T.);
#1205 = EDGE_CURVE('',#1197,#1206,#1208,.T.);
#1206 = VERTEX_POINT('',#1207);
#1207 = CARTESIAN_POINT('',(-235.5,3.,-1.5));
#1208 = LINE('',#1209,#1210);
#1209 = CARTESIAN_POINT('',(242.5,3.,-1.5));
#1210 = VECTOR('',#1211,1.);
#1211 = DIRECTION('',(-1.,-0.,0.));
#1212 = ORIENTED_EDGE('',*,*,#1213,.T.);
#1213 = EDGE_CURVE('',#1206,#1187,#1214,.T.);
#1214 = CIRCLE('',#1215,3.);
#1215 = AXIS2_PLACEMENT_3D('',#1216,#1217,#1218);
#1216 = CARTESIAN_POINT('',(-235.5,0.,-1.5));
#1217 = DIRECTION('',(0.,0.,1.));
#1218 = DIRECTION('',(1.,0.,-0.));
#1219 = FACE_BOUND('',#1220,.T.);
#1220 = EDGE_LOOP('',(#1221,#1231,#1240,#1248));
#1221 = ORIENTED_EDGE('',*,*,#1222,.T.);
#1222 = EDGE_CURVE('',#1223,#1225,#1227,.T.);
#1223 = VERTEX_POINT('',#1224);
#1224 = CARTESIAN_POINT('',(229.5,-3.,-1.5));
#1225 = VERTEX_POINT('',#1226);
#1226 = CARTESIAN_POINT('',(235.5,-3.,-1.5));
#1227 = LINE('',#1228,#1229);
#1228 = CARTESIAN_POINT('',(242.5,-3.,-1.5));
#1229 = VECTOR('',#1230,1.);
#1230 = DIRECTION('',(1.,7.228014483236E-17,-0.));
#1231 = ORIENTED_EDGE('',*,*,#1232,.T.);
#1232 = EDGE_CURVE('',#1225,#1233,#1235,.T.);
#1233 = VERTEX_POINT('',#1234);
#1234 = CARTESIAN_POINT('',(235.5,3.,-1.5));
#1235 = CIRCLE('',#1236,3.);
#1236 = AXIS2_PLACEMENT_3D('',#1237,#1238,#1239);
#1237 = CARTESIAN_POINT('',(235.5,4.336808689942E-16,-1.5));
#1238 = DIRECTION('',(0.,0.,1.));
#1239 = DIRECTION('',(1.,0.,-0.));
#1240 = ORIENTED_EDGE('',*,*,#1241,.T.);
#1241 = EDGE_CURVE('',#1233,#1242,#1244,.T.);
#1242 = VERTEX_POINT('',#1243);
#1243 = CARTESIAN_POINT('',(229.5,3.,-1.5));
#1244 = LINE('',#1245,#1246);
#1245 = CARTESIAN_POINT('',(242.5,3.,-1.5));
#1246 = VECTOR('',#1247,1.);
#1247 = DIRECTION('',(-1.,-7.228014483236E-17,0.));
#1248 = ORIENTED_EDGE('',*,*,#1249,.T.);
#1249 = EDGE_CURVE('',#1242,#1223,#1250,.T.);
#1250 = CIRCLE('',#1251,3.);
#1251 = AXIS2_PLACEMENT_3D('',#1252,#1253,#1254);
#1252 = CARTESIAN_POINT('',(229.5,-2.296930634574E-17,-1.5));
#1253 = DIRECTION('',(0.,0.,1.));
#1254 = DIRECTION('',(1.,0.,-0.));
#1255 = FACE_BOUND('',#1256,.T.);
#1256 = EDGE_LOOP('',(#1257));
#1257 = ORIENTED_EDGE('',*,*,#1258,.T.);
#1258 = EDGE_CURVE('',#1259,#1259,#1261,.T.);
#1259 = VERTEX_POINT('',#1260);
#1260 = CARTESIAN_POINT('',(-147.9,0.,-1.5));
#1261 = CIRCLE('',#1262,2.1);
#1262 = AXIS2_PLACEMENT_3D('',#1263,#1264,#1265);
#1263 = CARTESIAN_POINT('',(-150.,0.,-1.5));
#1264 = DIRECTION('',(0.,0.,1.));
#1265 = DIRECTION('',(1.,0.,-0.));
#1266 = FACE_BOUND('',#1267,.T.);
#1267 = EDGE_LOOP('',(#1268));
#1268 = ORIENTED_EDGE('',*,*,#1269,.T.);
#1269 = EDGE_CURVE('',#1270,#1270,#1272,.T.);
#1270 = VERTEX_POINT('',#1271);
#1271 = CARTESIAN_POINT('',(-122.9,0.,-1.5));
#1272 = CIRCLE('',#1273,2.1);
#1273 = AXIS2_PLACEMENT_3D('',#1274,#1275,#1276);
#1274 = CARTESIAN_POINT('',(-125.,0.,-1.5));
#1275 = DIRECTION('',(0.,0.,1.));
#1276 = DIRECTION('',(1.,0.,-0.));
#1277 = FACE_BOUND('',#1278,.T.);
#1278 = EDGE_LOOP('',(#1279));
#1279 = ORIENTED_EDGE('',*,*,#1280,.T.);
#1280 = EDGE_CURVE('',#1281,#1281,#1283,.T.);
#1281 = VERTEX_POINT('',#1282);
#1282 = CARTESIAN_POINT('',(-97.9,0.,-1.5));
#1283 = CIRCLE('',#1284,2.1);
#1284 = AXIS2_PLACEMENT_3D('',#1285,#1286,#1287);
#1285 = CARTESIAN_POINT('',(-100.,0.,-1.5));
#1286 = DIRECTION('',(0.,0.,1.));
#1287 = DIRECTION('',(1.,0.,-0.));
#1288 = FACE_BOUND('',#1289,.T.);
#1289 = EDGE_LOOP('',(#1290));
#1290 = ORIENTED_EDGE('',*,*,#1291,.T.);
#1291 = EDGE_CURVE('',#1292,#1292,#1294,.T.);
#1292 = VERTEX_POINT('',#1293);
#1293 = CARTESIAN_POINT('',(-72.9,0.,-1.5));
#1294 = CIRCLE('',#1295,2.1);
#1295 = AXIS2_PLACEMENT_3D('',#1296,#1297,#1298);
#1296 = CARTESIAN_POINT('',(-75.,0.,-1.5));
#1297 = DIRECTION('',(0.,0.,1.));
#1298 = DIRECTION('',(1.,0.,-0.));
#1299 = FACE_BOUND('',#1300,.T.);
#1300 = EDGE_LOOP('',(#1301));
#1301 = ORIENTED_EDGE('',*,*,#1302,.T.);
#1302 = EDGE_CURVE('',#1303,#1303,#1305,.T.);
#1303 = VERTEX_POINT('',#1304);
#1304 = CARTESIAN_POINT('',(-47.9,0.,-1.5));
#1305 = CIRCLE('',#1306,2.1);
#1306 = AXIS2_PLACEMENT_3D('',#1307,#1308,#1309);
#1307 = CARTESIAN_POINT('',(-50.,0.,-1.5));
#1308 = DIRECTION('',(0.,0.,1.));
#1309 = DIRECTION('',(1.,0.,-0.));
#1310 = FACE_BOUND('',#1311,.T.);
#1311 = EDGE_LOOP('',(#1312));
#1312 = ORIENTED_EDGE('',*,*,#1313,.T.);
#1313 = EDGE_CURVE('',#1314,#1314,#1316,.T.);
#1314 = VERTEX_POINT('',#1315);
#1315 = CARTESIAN_POINT('',(-22.9,0.,-1.5));
#1316 = CIRCLE('',#1317,2.1);
#1317 = AXIS2_PLACEMENT_3D('',#1318,#1319,#1320);
#1318 = CARTESIAN_POINT('',(-25.,0.,-1.5));
#1319 = DIRECTION('',(0.,0.,1.));
#1320 = DIRECTION('',(1.,0.,-0.));
#1321 = FACE_BOUND('',#1322,.T.);
#1322 = EDGE_LOOP('',(#1323));
#1323 = ORIENTED_EDGE('',*,*,#1324,.T.);
#1324 = EDGE_CURVE('',#1325,#1325,#1327,.T.);
#1325 = VERTEX_POINT('',#1326);
#1326 = CARTESIAN_POINT('',(2.1,0.,-1.5));
#1327 = CIRCLE('',#1328,2.1);
#1328 = AXIS2_PLACEMENT_3D('',#1329,#1330,#1331);
#1329 = CARTESIAN_POINT('',(2.775557561563E-14,0.,-1.5));
#1330 = DIRECTION('',(0.,0.,1.));
#1331 = DIRECTION('',(1.,0.,-0.));
#1332 = FACE_BOUND('',#1333,.T.);
#1333 = EDGE_LOOP('',(#1334));
#1334 = ORIENTED_EDGE('',*,*,#1335,.T.);
#1335 = EDGE_CURVE('',#1336,#1336,#1338,.T.);
#1336 = VERTEX_POINT('',#1337);
#1337 = CARTESIAN_POINT('',(27.1,0.,-1.5));
#1338 = CIRCLE('',#1339,2.1);
#1339 = AXIS2_PLACEMENT_3D('',#1340,#1341,#1342);
#1340 = CARTESIAN_POINT('',(25.,0.,-1.5));
#1341 = DIRECTION('',(0.,0.,1.));
#1342 = DIRECTION('',(1.,0.,-0.));
#1343 = FACE_BOUND('',#1344,.T.);
#1344 = EDGE_LOOP('',(#1345));
#1345 = ORIENTED_EDGE('',*,*,#1346,.T.);
#1346 = EDGE_CURVE('',#1347,#1347,#1349,.T.);
#1347 = VERTEX_POINT('',#1348);
#1348 = CARTESIAN_POINT('',(52.1,0.,-1.5));
#1349 = CIRCLE('',#1350,2.1);
#1350 = AXIS2_PLACEMENT_3D('',#1351,#1352,#1353);
#1351 = CARTESIAN_POINT('',(50.,0.,-1.5));
#1352 = DIRECTION('',(0.,0.,1.));
#1353 = DIRECTION('',(1.,0.,-0.));
#1354 = FACE_BOUND('',#1355,.T.);
#1355 = EDGE_LOOP('',(#1356));
#1356 = ORIENTED_EDGE('',*,*,#1357,.T.);
#1357 = EDGE_CURVE('',#1358,#1358,#1360,.T.);
#1358 = VERTEX_POINT('',#1359);
#1359 = CARTESIAN_POINT('',(77.1,0.,-1.5));
#1360 = CIRCLE('',#1361,2.1);
#1361 = AXIS2_PLACEMENT_3D('',#1362,#1363,#1364);
#1362 = CARTESIAN_POINT('',(75.,0.,-1.5));
#1363 = DIRECTION('',(0.,0.,1.));
#1364 = DIRECTION('',(1.,0.,-0.));
#1365 = FACE_BOUND('',#1366,.T.);
#1366 = EDGE_LOOP('',(#1367));
#1367 = ORIENTED_EDGE('',*,*,#1368,.T.);
#1368 = EDGE_CURVE('',#1369,#1369,#1371,.T.);
#1369 = VERTEX_POINT('',#1370);
#1370 = CARTESIAN_POINT('',(102.1,0.,-1.5));
#1371 = CIRCLE('',#1372,2.1);
#1372 = AXIS2_PLACEMENT_3D('',#1373,#1374,#1375);
#1373 = CARTESIAN_POINT('',(100.,0.,-1.5));
#1374 = DIRECTION('',(0.,0.,1.));
#1375 = DIRECTION('',(1.,0.,-0.));
#1376 = FACE_BOUND('',#1377,.T.);
#1377 = EDGE_LOOP('',(#1378));
#1378 = ORIENTED_EDGE('',*,*,#1379,.T.);
#1379 = EDGE_CURVE('',#1380,#1380,#1382,.T.);
#1380 = VERTEX_POINT('',#1381);
#1381 = CARTESIAN_POINT('',(127.1,0.,-1.5));
#1382 = CIRCLE('',#1383,2.1);
#1383 = AXIS2_PLACEMENT_3D('',#1384,#1385,#1386);
#1384 = CARTESIAN_POINT('',(125.,0.,-1.5));
#1385 = DIRECTION('',(0.,0.,1.));
#1386 = DIRECTION('',(1.,0.,-0.));
#1387 = FACE_BOUND('',#1388,.T.);
#1388 = EDGE_LOOP('',(#1389));
#1389 = ORIENTED_EDGE('',*,*,#1390,.T.);
#1390 = EDGE_CURVE('',#1391,#1391,#1393,.T.);
#1391 = VERTEX_POINT('',#1392);
#1392 = CARTESIAN_POINT('',(152.1,0.,-1.5));
#1393 = CIRCLE('',#1394,2.1);
#1394 = AXIS2_PLACEMENT_3D('',#1395,#1396,#1397);
#1395 = CARTESIAN_POINT('',(150.,0.,-1.5));
#1396 = DIRECTION('',(0.,0.,1.));
#1397 = DIRECTION('',(1.,0.,-0.));
#1398 = FACE_BOUND('',#1399,.T.);
#1399 = EDGE_LOOP('',(#1400));
#1400 = ORIENTED_EDGE('',*,*,#1401,.T.);
#1401 = EDGE_CURVE('',#1402,#1402,#1404,.T.);
#1402 = VERTEX_POINT('',#1403);
#1403 = CARTESIAN_POINT('',(177.1,0.,-1.5));
#1404 = CIRCLE('',#1405,2.1);
#1405 = AXIS2_PLACEMENT_3D('',#1406,#1407,#1408);
#1406 = CARTESIAN_POINT('',(175.,0.,-1.5));
#1407 = DIRECTION('',(0.,0.,1.));
#1408 = DIRECTION('',(1.,0.,-0.));
#1409 = FACE_BOUND('',#1410,.T.);
#1410 = EDGE_LOOP('',(#1411));
#1411 = ORIENTED_EDGE('',*,*,#1412,.T.);
#1412 = EDGE_CURVE('',#1413,#1413,#1415,.T.);
#1413 = VERTEX_POINT('',#1414);
#1414 = CARTESIAN_POINT('',(202.1,0.,-1.5));
#1415 = CIRCLE('',#1416,2.1);
#1416 = AXIS2_PLACEMENT_3D('',#1417,#1418,#1419);
#1417 = CARTESIAN_POINT('',(200.,0.,-1.5));
#1418 = DIRECTION('',(0.,0.,1.));
#1419 = DIRECTION('',(1.,0.,-0.));
#1420 = FACE_BOUND('',#1421,.T.);
#1421 = EDGE_LOOP('',(#1422,#1432,#1438,#1439,#1447,#1455,#1463,#1471,
    #1479,#1487,#1495,#1503,#1511,#1519,#1525,#1526,#1534,#1542,#1550,
    #1558,#1566,#1574,#1582,#1590));
#1422 = ORIENTED_EDGE('',*,*,#1423,.T.);
#1423 = EDGE_CURVE('',#1424,#1426,#1428,.T.);
#1424 = VERTEX_POINT('',#1425);
#1425 = CARTESIAN_POINT('',(-218.,7.9,-1.5));
#1426 = VERTEX_POINT('',#1427);
#1427 = CARTESIAN_POINT('',(-217.5,7.9,-1.5));
#1428 = LINE('',#1429,#1430);
#1429 = CARTESIAN_POINT('',(242.5,7.9,-1.5));
#1430 = VECTOR('',#1431,1.);
#1431 = DIRECTION('',(1.,0.,0.));
#1432 = ORIENTED_EDGE('',*,*,#1433,.T.);
#1433 = EDGE_CURVE('',#1426,#364,#1434,.T.);
#1434 = LINE('',#1435,#1436);
#1435 = CARTESIAN_POINT('',(-217.5,7.9,-1.5));
#1436 = VECTOR('',#1437,1.);
#1437 = DIRECTION('',(1.043442692317E-14,1.,-0.));
#1438 = ORIENTED_EDGE('',*,*,#363,.T.);
#1439 = ORIENTED_EDGE('',*,*,#1440,.F.);
#1440 = EDGE_CURVE('',#1441,#356,#1443,.T.);
#1441 = VERTEX_POINT('',#1442);
#1442 = CARTESIAN_POINT('',(217.5,7.9,-1.5));
#1443 = LINE('',#1444,#1445);
#1444 = CARTESIAN_POINT('',(217.5,10.,-1.5));
#1445 = VECTOR('',#1446,1.);
#1446 = DIRECTION('',(0.,1.,0.));
#1447 = ORIENTED_EDGE('',*,*,#1448,.T.);
#1448 = EDGE_CURVE('',#1441,#1449,#1451,.T.);
#1449 = VERTEX_POINT('',#1450);
#1450 = CARTESIAN_POINT('',(218.,7.9,-1.5));
#1451 = LINE('',#1452,#1453);
#1452 = CARTESIAN_POINT('',(242.5,7.9,-1.5));
#1453 = VECTOR('',#1454,1.);
#1454 = DIRECTION('',(1.,0.,-0.));
#1455 = ORIENTED_EDGE('',*,*,#1456,.T.);
#1456 = EDGE_CURVE('',#1449,#1457,#1459,.T.);
#1457 = VERTEX_POINT('',#1458);
#1458 = CARTESIAN_POINT('',(218.,10.,-1.5));
#1459 = LINE('',#1460,#1461);
#1460 = CARTESIAN_POINT('',(218.,10.,-1.5));
#1461 = VECTOR('',#1462,1.);
#1462 = DIRECTION('',(0.,1.,0.));
#1463 = ORIENTED_EDGE('',*,*,#1464,.T.);
#1464 = EDGE_CURVE('',#1457,#1465,#1467,.T.);
#1465 = VERTEX_POINT('',#1466);
#1466 = CARTESIAN_POINT('',(240.5,10.,-1.5));
#1467 = LINE('',#1468,#1469);
#1468 = CARTESIAN_POINT('',(242.5,10.,-1.5));
#1469 = VECTOR('',#1470,1.);
#1470 = DIRECTION('',(1.,-0.,-1.301042606983E-16));
#1471 = ORIENTED_EDGE('',*,*,#1472,.T.);
#1472 = EDGE_CURVE('',#1465,#1473,#1475,.T.);
#1473 = VERTEX_POINT('',#1474);
#1474 = CARTESIAN_POINT('',(242.5,8.,-1.5));
#1475 = LINE('',#1476,#1477);
#1476 = CARTESIAN_POINT('',(240.5,10.,-1.5));
#1477 = VECTOR('',#1478,1.);
#1478 = DIRECTION('',(0.707106781187,-0.707106781187,0.));
#1479 = ORIENTED_EDGE('',*,*,#1480,.F.);
#1480 = EDGE_CURVE('',#1481,#1473,#1483,.T.);
#1481 = VERTEX_POINT('',#1482);
#1482 = CARTESIAN_POINT('',(242.5,-8.,-1.5));
#1483 = LINE('',#1484,#1485);
#1484 = CARTESIAN_POINT('',(242.5,10.,-1.5));
#1485 = VECTOR('',#1486,1.);
#1486 = DIRECTION('',(0.,1.,0.));
#1487 = ORIENTED_EDGE('',*,*,#1488,.T.);
#1488 = EDGE_CURVE('',#1481,#1489,#1491,.T.);
#1489 = VERTEX_POINT('',#1490);
#1490 = CARTESIAN_POINT('',(240.5,-10.,-1.5));
#1491 = LINE('',#1492,#1493);
#1492 = CARTESIAN_POINT('',(240.5,-10.,-1.5));
#1493 = VECTOR('',#1494,1.);
#1494 = DIRECTION('',(-0.707106781187,-0.707106781187,0.));
#1495 = ORIENTED_EDGE('',*,*,#1496,.F.);
#1496 = EDGE_CURVE('',#1497,#1489,#1499,.T.);
#1497 = VERTEX_POINT('',#1498);
#1498 = CARTESIAN_POINT('',(218.,-10.,-1.5));
#1499 = LINE('',#1500,#1501);
#1500 = CARTESIAN_POINT('',(242.5,-10.,-1.5));
#1501 = VECTOR('',#1502,1.);
#1502 = DIRECTION('',(1.,-0.,-1.301042606983E-16));
#1503 = ORIENTED_EDGE('',*,*,#1504,.T.);
#1504 = EDGE_CURVE('',#1497,#1505,#1507,.T.);
#1505 = VERTEX_POINT('',#1506);
#1506 = CARTESIAN_POINT('',(218.,-7.9,-1.5));
#1507 = LINE('',#1508,#1509);
#1508 = CARTESIAN_POINT('',(218.,10.,-1.5));
#1509 = VECTOR('',#1510,1.);
#1510 = DIRECTION('',(0.,1.,-0.));
#1511 = ORIENTED_EDGE('',*,*,#1512,.T.);
#1512 = EDGE_CURVE('',#1505,#1513,#1515,.T.);
#1513 = VERTEX_POINT('',#1514);
#1514 = CARTESIAN_POINT('',(217.5,-7.9,-1.5));
#1515 = LINE('',#1516,#1517);
#1516 = CARTESIAN_POINT('',(242.5,-7.9,-1.5));
#1517 = VECTOR('',#1518,1.);
#1518 = DIRECTION('',(-1.,0.,0.));
#1519 = ORIENTED_EDGE('',*,*,#1520,.T.);
#1520 = EDGE_CURVE('',#1513,#702,#1521,.T.);
#1521 = LINE('',#1522,#1523);
#1522 = CARTESIAN_POINT('',(217.5,-7.9,-1.5));
#1523 = VECTOR('',#1524,1.);
#1524 = DIRECTION('',(-0.,-1.,0.));
#1525 = ORIENTED_EDGE('',*,*,#701,.T.);
#1526 = ORIENTED_EDGE('',*,*,#1527,.F.);
#1527 = EDGE_CURVE('',#1528,#694,#1530,.T.);
#1528 = VERTEX_POINT('',#1529);
#1529 = CARTESIAN_POINT('',(-217.5,-7.9,-1.5));
#1530 = LINE('',#1531,#1532);
#1531 = CARTESIAN_POINT('',(-217.5,10.,-1.5));
#1532 = VECTOR('',#1533,1.);
#1533 = DIRECTION('',(0.,-1.,0.));
#1534 = ORIENTED_EDGE('',*,*,#1535,.T.);
#1535 = EDGE_CURVE('',#1528,#1536,#1538,.T.);
#1536 = VERTEX_POINT('',#1537);
#1537 = CARTESIAN_POINT('',(-218.,-7.9,-1.5));
#1538 = LINE('',#1539,#1540);
#1539 = CARTESIAN_POINT('',(242.5,-7.9,-1.5));
#1540 = VECTOR('',#1541,1.);
#1541 = DIRECTION('',(-1.,0.,0.));
#1542 = ORIENTED_EDGE('',*,*,#1543,.T.);
#1543 = EDGE_CURVE('',#1536,#1544,#1546,.T.);
#1544 = VERTEX_POINT('',#1545);
#1545 = CARTESIAN_POINT('',(-218.,-10.,-1.5));
#1546 = LINE('',#1547,#1548);
#1547 = CARTESIAN_POINT('',(-218.,10.000000000006,-1.5));
#1548 = VECTOR('',#1549,1.);
#1549 = DIRECTION('',(-1.321694076935E-14,-1.,0.));
#1550 = ORIENTED_EDGE('',*,*,#1551,.F.);
#1551 = EDGE_CURVE('',#1552,#1544,#1554,.T.);
#1552 = VERTEX_POINT('',#1553);
#1553 = CARTESIAN_POINT('',(-240.5,-10.,-1.5));
#1554 = LINE('',#1555,#1556);
#1555 = CARTESIAN_POINT('',(-242.5,-10.,-1.5));
#1556 = VECTOR('',#1557,1.);
#1557 = DIRECTION('',(1.,0.,5.20417042793E-17));
#1558 = ORIENTED_EDGE('',*,*,#1559,.T.);
#1559 = EDGE_CURVE('',#1552,#1560,#1562,.T.);
#1560 = VERTEX_POINT('',#1561);
#1561 = CARTESIAN_POINT('',(-242.5,-8.,-1.5));
#1562 = LINE('',#1563,#1564);
#1563 = CARTESIAN_POINT('',(-242.5,-8.,-1.5));
#1564 = VECTOR('',#1565,1.);
#1565 = DIRECTION('',(-0.707106781187,0.707106781187,-0.));
#1566 = ORIENTED_EDGE('',*,*,#1567,.T.);
#1567 = EDGE_CURVE('',#1560,#1568,#1570,.T.);
#1568 = VERTEX_POINT('',#1569);
#1569 = CARTESIAN_POINT('',(-242.5,8.,-1.5));
#1570 = LINE('',#1571,#1572);
#1571 = CARTESIAN_POINT('',(-242.5,10.,-1.5));
#1572 = VECTOR('',#1573,1.);
#1573 = DIRECTION('',(0.,1.,0.));
#1574 = ORIENTED_EDGE('',*,*,#1575,.T.);
#1575 = EDGE_CURVE('',#1568,#1576,#1578,.T.);
#1576 = VERTEX_POINT('',#1577);
#1577 = CARTESIAN_POINT('',(-240.5,10.,-1.5));
#1578 = LINE('',#1579,#1580);
#1579 = CARTESIAN_POINT('',(-242.5,8.,-1.5));
#1580 = VECTOR('',#1581,1.);
#1581 = DIRECTION('',(0.707106781187,0.707106781187,-0.));
#1582 = ORIENTED_EDGE('',*,*,#1583,.T.);
#1583 = EDGE_CURVE('',#1576,#1584,#1586,.T.);
#1584 = VERTEX_POINT('',#1585);
#1585 = CARTESIAN_POINT('',(-218.,10.,-1.5));
#1586 = LINE('',#1587,#1588);
#1587 = CARTESIAN_POINT('',(-242.5,10.,-1.5));
#1588 = VECTOR('',#1589,1.);
#1589 = DIRECTION('',(1.,0.,5.20417042793E-17));
#1590 = ORIENTED_EDGE('',*,*,#1591,.T.);
#1591 = EDGE_CURVE('',#1584,#1424,#1592,.T.);
#1592 = LINE('',#1593,#1594);
#1593 = CARTESIAN_POINT('',(-218.,10.,-1.5));
#1594 = VECTOR('',#1595,1.);
#1595 = DIRECTION('',(0.,-1.,0.));
#1596 = PLANE('',#1597);
#1597 = AXIS2_PLACEMENT_3D('',#1598,#1599,#1600);
#1598 = CARTESIAN_POINT('',(242.5,10.,-1.5));
#1599 = DIRECTION('',(0.,0.,1.));
#1600 = DIRECTION('',(1.,0.,-0.));
#1601 = ADVANCED_FACE('',(#1602),#1612,.F.);
#1602 = FACE_BOUND('',#1603,.F.);
#1603 = EDGE_LOOP('',(#1604,#1605,#1610,#1611));
#1604 = ORIENTED_EDGE('',*,*,#971,.F.);
#1605 = ORIENTED_EDGE('',*,*,#1606,.F.);
#1606 = EDGE_CURVE('',#1413,#972,#1607,.T.);
#1607 = B_SPLINE_CURVE_WITH_KNOTS('',1,(#1608,#1609),.UNSPECIFIED.,.F.,
  .F.,(2,2),(18.5,20.),.PIECEWISE_BEZIER_KNOTS.);
#1608 = CARTESIAN_POINT('',(202.1,-5.143516556419E-16,-1.5));
#1609 = CARTESIAN_POINT('',(202.1,-5.143516556419E-16,
    -4.263256414561E-14));
#1610 = ORIENTED_EDGE('',*,*,#1412,.T.);
#1611 = ORIENTED_EDGE('',*,*,#1606,.T.);
#1612 = CYLINDRICAL_SURFACE('',#1613,2.1);
#1613 = AXIS2_PLACEMENT_3D('',#1614,#1615,#1616);
#1614 = CARTESIAN_POINT('',(200.,0.,-20.));
#1615 = DIRECTION('',(-0.,-0.,1.));
#1616 = DIRECTION('',(1.,0.,0.));
#1617 = ADVANCED_FACE('',(#1618),#1628,.F.);
#1618 = FACE_BOUND('',#1619,.F.);
#1619 = EDGE_LOOP('',(#1620,#1621,#1626,#1627));
#1620 = ORIENTED_EDGE('',*,*,#960,.F.);
#1621 = ORIENTED_EDGE('',*,*,#1622,.F.);
#1622 = EDGE_CURVE('',#1402,#961,#1623,.T.);
#1623 = B_SPLINE_CURVE_WITH_KNOTS('',1,(#1624,#1625),.UNSPECIFIED.,.F.,
  .F.,(2,2),(18.5,20.),.PIECEWISE_BEZIER_KNOTS.);
#1624 = CARTESIAN_POINT('',(177.1,-5.143516556419E-16,-1.5));
#1625 = CARTESIAN_POINT('',(177.1,-5.143516556419E-16,
    -4.263256414561E-14));
#1626 = ORIENTED_EDGE('',*,*,#1401,.T.);
#1627 = ORIENTED_EDGE('',*,*,#1622,.T.);
#1628 = CYLINDRICAL_SURFACE('',#1629,2.1);
#1629 = AXIS2_PLACEMENT_3D('',#1630,#1631,#1632);
#1630 = CARTESIAN_POINT('',(175.,0.,-20.));
#1631 = DIRECTION('',(-0.,-0.,1.));
#1632 = DIRECTION('',(1.,0.,0.));
#1633 = ADVANCED_FACE('',(#1634),#1644,.F.);
#1634 = FACE_BOUND('',#1635,.F.);
#1635 = EDGE_LOOP('',(#1636,#1637,#1642,#1643));
#1636 = ORIENTED_EDGE('',*,*,#949,.F.);
#1637 = ORIENTED_EDGE('',*,*,#1638,.F.);
#1638 = EDGE_CURVE('',#1391,#950,#1639,.T.);
#1639 = B_SPLINE_CURVE_WITH_KNOTS('',1,(#1640,#1641),.UNSPECIFIED.,.F.,
  .F.,(2,2),(18.5,20.),.PIECEWISE_BEZIER_KNOTS.);
#1640 = CARTESIAN_POINT('',(152.1,-5.143516556419E-16,-1.5));
#1641 = CARTESIAN_POINT('',(152.1,-5.143516556419E-16,
    -3.907985046681E-14));
#1642 = ORIENTED_EDGE('',*,*,#1390,.T.);
#1643 = ORIENTED_EDGE('',*,*,#1638,.T.);
#1644 = CYLINDRICAL_SURFACE('',#1645,2.1);
#1645 = AXIS2_PLACEMENT_3D('',#1646,#1647,#1648);
#1646 = CARTESIAN_POINT('',(150.,0.,-20.));
#1647 = DIRECTION('',(-0.,-0.,1.));
#1648 = DIRECTION('',(1.,0.,0.));
#1649 = ADVANCED_FACE('',(#1650),#1660,.F.);
#1650 = FACE_BOUND('',#1651,.F.);
#1651 = EDGE_LOOP('',(#1652,#1653,#1658,#1659));
#1652 = ORIENTED_EDGE('',*,*,#938,.F.);
#1653 = ORIENTED_EDGE('',*,*,#1654,.F.);
#1654 = EDGE_CURVE('',#1380,#939,#1655,.T.);
#1655 = B_SPLINE_CURVE_WITH_KNOTS('',1,(#1656,#1657),.UNSPECIFIED.,.F.,
  .F.,(2,2),(18.5,20.),.PIECEWISE_BEZIER_KNOTS.);
#1656 = CARTESIAN_POINT('',(127.1,-5.143516556419E-16,-1.5));
#1657 = CARTESIAN_POINT('',(127.1,-5.143516556419E-16,
    -3.552713678801E-14));
#1658 = ORIENTED_EDGE('',*,*,#1379,.T.);
#1659 = ORIENTED_EDGE('',*,*,#1654,.T.);
#1660 = CYLINDRICAL_SURFACE('',#1661,2.1);
#1661 = AXIS2_PLACEMENT_3D('',#1662,#1663,#1664);
#1662 = CARTESIAN_POINT('',(125.,0.,-20.));
#1663 = DIRECTION('',(-0.,-0.,1.));
#1664 = DIRECTION('',(1.,0.,0.));
#1665 = ADVANCED_FACE('',(#1666),#1676,.F.);
#1666 = FACE_BOUND('',#1667,.F.);
#1667 = EDGE_LOOP('',(#1668,#1669,#1674,#1675));
#1668 = ORIENTED_EDGE('',*,*,#927,.F.);
#1669 = ORIENTED_EDGE('',*,*,#1670,.F.);
#1670 = EDGE_CURVE('',#1369,#928,#1671,.T.);
#1671 = B_SPLINE_CURVE_WITH_KNOTS('',1,(#1672,#1673),.UNSPECIFIED.,.F.,
  .F.,(2,2),(18.5,20.),.PIECEWISE_BEZIER_KNOTS.);
#1672 = CARTESIAN_POINT('',(102.1,-5.143516556419E-16,-1.5));
#1673 = CARTESIAN_POINT('',(102.1,-5.143516556419E-16,-3.19744231092E-14
    ));
#1674 = ORIENTED_EDGE('',*,*,#1368,.T.);
#1675 = ORIENTED_EDGE('',*,*,#1670,.T.);
#1676 = CYLINDRICAL_SURFACE('',#1677,2.1);
#1677 = AXIS2_PLACEMENT_3D('',#1678,#1679,#1680);
#1678 = CARTESIAN_POINT('',(100.,0.,-20.));
#1679 = DIRECTION('',(-0.,-0.,1.));
#1680 = DIRECTION('',(1.,0.,0.));
#1681 = ADVANCED_FACE('',(#1682),#1692,.F.);
#1682 = FACE_BOUND('',#1683,.F.);
#1683 = EDGE_LOOP('',(#1684,#1685,#1690,#1691));
#1684 = ORIENTED_EDGE('',*,*,#916,.F.);
#1685 = ORIENTED_EDGE('',*,*,#1686,.F.);
#1686 = EDGE_CURVE('',#1358,#917,#1687,.T.);
#1687 = B_SPLINE_CURVE_WITH_KNOTS('',1,(#1688,#1689),.UNSPECIFIED.,.F.,
  .F.,(2,2),(18.5,20.),.PIECEWISE_BEZIER_KNOTS.);
#1688 = CARTESIAN_POINT('',(77.1,-5.143516556419E-16,-1.5));
#1689 = CARTESIAN_POINT('',(77.1,-5.143516556419E-16,-2.84217094304E-14)
  );
#1690 = ORIENTED_EDGE('',*,*,#1357,.T.);
#1691 = ORIENTED_EDGE('',*,*,#1686,.T.);
#1692 = CYLINDRICAL_SURFACE('',#1693,2.1);
#1693 = AXIS2_PLACEMENT_3D('',#1694,#1695,#1696);
#1694 = CARTESIAN_POINT('',(75.,0.,-20.));
#1695 = DIRECTION('',(-0.,-0.,1.));
#1696 = DIRECTION('',(1.,0.,0.));
#1697 = ADVANCED_FACE('',(#1698),#1708,.F.);
#1698 = FACE_BOUND('',#1699,.F.);
#1699 = EDGE_LOOP('',(#1700,#1701,#1706,#1707));
#1700 = ORIENTED_EDGE('',*,*,#905,.F.);
#1701 = ORIENTED_EDGE('',*,*,#1702,.F.);
#1702 = EDGE_CURVE('',#1347,#906,#1703,.T.);
#1703 = B_SPLINE_CURVE_WITH_KNOTS('',1,(#1704,#1705),.UNSPECIFIED.,.F.,
  .F.,(2,2),(18.5,20.),.PIECEWISE_BEZIER_KNOTS.);
#1704 = CARTESIAN_POINT('',(52.1,-5.143516556419E-16,-1.5));
#1705 = CARTESIAN_POINT('',(52.1,-5.143516556419E-16,-2.84217094304E-14)
  );
#1706 = ORIENTED_EDGE('',*,*,#1346,.T.);
#1707 = ORIENTED_EDGE('',*,*,#1702,.T.);
#1708 = CYLINDRICAL_SURFACE('',#1709,2.1);
#1709 = AXIS2_PLACEMENT_3D('',#1710,#1711,#1712);
#1710 = CARTESIAN_POINT('',(50.,0.,-20.));
#1711 = DIRECTION('',(-0.,-0.,1.));
#1712 = DIRECTION('',(1.,0.,0.));
#1713 = ADVANCED_FACE('',(#1714),#1724,.F.);
#1714 = FACE_BOUND('',#1715,.F.);
#1715 = EDGE_LOOP('',(#1716,#1717,#1722,#1723));
#1716 = ORIENTED_EDGE('',*,*,#894,.F.);
#1717 = ORIENTED_EDGE('',*,*,#1718,.F.);
#1718 = EDGE_CURVE('',#1336,#895,#1719,.T.);
#1719 = B_SPLINE_CURVE_WITH_KNOTS('',1,(#1720,#1721),.UNSPECIFIED.,.F.,
  .F.,(2,2),(18.5,20.),.PIECEWISE_BEZIER_KNOTS.);
#1720 = CARTESIAN_POINT('',(27.1,-5.143516556419E-16,-1.5));
#1721 = CARTESIAN_POINT('',(27.1,-5.143516556419E-16,-2.48689957516E-14)
  );
#1722 = ORIENTED_EDGE('',*,*,#1335,.T.);
#1723 = ORIENTED_EDGE('',*,*,#1718,.T.);
#1724 = CYLINDRICAL_SURFACE('',#1725,2.1);
#1725 = AXIS2_PLACEMENT_3D('',#1726,#1727,#1728);
#1726 = CARTESIAN_POINT('',(25.,0.,-20.));
#1727 = DIRECTION('',(-0.,-0.,1.));
#1728 = DIRECTION('',(1.,0.,0.));
#1729 = ADVANCED_FACE('',(#1730),#1740,.F.);
#1730 = FACE_BOUND('',#1731,.F.);
#1731 = EDGE_LOOP('',(#1732,#1733,#1738,#1739));
#1732 = ORIENTED_EDGE('',*,*,#883,.F.);
#1733 = ORIENTED_EDGE('',*,*,#1734,.F.);
#1734 = EDGE_CURVE('',#1325,#884,#1735,.T.);
#1735 = B_SPLINE_CURVE_WITH_KNOTS('',1,(#1736,#1737),.UNSPECIFIED.,.F.,
  .F.,(2,2),(18.5,20.),.PIECEWISE_BEZIER_KNOTS.);
#1736 = CARTESIAN_POINT('',(2.1,-5.143516556419E-16,-1.5));
#1737 = CARTESIAN_POINT('',(2.1,-5.143516556419E-16,-2.13162820728E-14)
  );
#1738 = ORIENTED_EDGE('',*,*,#1324,.T.);
#1739 = ORIENTED_EDGE('',*,*,#1734,.T.);
#1740 = CYLINDRICAL_SURFACE('',#1741,2.1);
#1741 = AXIS2_PLACEMENT_3D('',#1742,#1743,#1744);
#1742 = CARTESIAN_POINT('',(2.775557561563E-14,0.,-20.));
#1743 = DIRECTION('',(-0.,-0.,1.));
#1744 = DIRECTION('',(1.,0.,0.));
#1745 = ADVANCED_FACE('',(#1746),#1756,.F.);
#1746 = FACE_BOUND('',#1747,.F.);
#1747 = EDGE_LOOP('',(#1748,#1749,#1754,#1755));
#1748 = ORIENTED_EDGE('',*,*,#872,.F.);
#1749 = ORIENTED_EDGE('',*,*,#1750,.F.);
#1750 = EDGE_CURVE('',#1314,#873,#1751,.T.);
#1751 = B_SPLINE_CURVE_WITH_KNOTS('',1,(#1752,#1753),.UNSPECIFIED.,.F.,
  .F.,(2,2),(18.5,20.),.PIECEWISE_BEZIER_KNOTS.);
#1752 = CARTESIAN_POINT('',(-22.9,-5.143516556419E-16,-1.5));
#1753 = CARTESIAN_POINT('',(-22.9,-5.143516556419E-16,-1.7763568394E-14)
  );
#1754 = ORIENTED_EDGE('',*,*,#1313,.T.);
#1755 = ORIENTED_EDGE('',*,*,#1750,.T.);
#1756 = CYLINDRICAL_SURFACE('',#1757,2.1);
#1757 = AXIS2_PLACEMENT_3D('',#1758,#1759,#1760);
#1758 = CARTESIAN_POINT('',(-25.,0.,-20.));
#1759 = DIRECTION('',(-0.,-0.,1.));
#1760 = DIRECTION('',(1.,0.,0.));
#1761 = ADVANCED_FACE('',(#1762),#1772,.F.);
#1762 = FACE_BOUND('',#1763,.F.);
#1763 = EDGE_LOOP('',(#1764,#1765,#1770,#1771));
#1764 = ORIENTED_EDGE('',*,*,#861,.F.);
#1765 = ORIENTED_EDGE('',*,*,#1766,.F.);
#1766 = EDGE_CURVE('',#1303,#862,#1767,.T.);
#1767 = B_SPLINE_CURVE_WITH_KNOTS('',1,(#1768,#1769),.UNSPECIFIED.,.F.,
  .F.,(2,2),(18.5,20.),.PIECEWISE_BEZIER_KNOTS.);
#1768 = CARTESIAN_POINT('',(-47.9,-5.143516556419E-16,-1.5));
#1769 = CARTESIAN_POINT('',(-47.9,-5.143516556419E-16,-1.7763568394E-14)
  );
#1770 = ORIENTED_EDGE('',*,*,#1302,.T.);
#1771 = ORIENTED_EDGE('',*,*,#1766,.T.);
#1772 = CYLINDRICAL_SURFACE('',#1773,2.1);
#1773 = AXIS2_PLACEMENT_3D('',#1774,#1775,#1776);
#1774 = CARTESIAN_POINT('',(-50.,0.,-20.));
#1775 = DIRECTION('',(-0.,-0.,1.));
#1776 = DIRECTION('',(1.,0.,0.));
#1777 = ADVANCED_FACE('',(#1778),#1788,.F.);
#1778 = FACE_BOUND('',#1779,.F.);
#1779 = EDGE_LOOP('',(#1780,#1781,#1786,#1787));
#1780 = ORIENTED_EDGE('',*,*,#850,.F.);
#1781 = ORIENTED_EDGE('',*,*,#1782,.F.);
#1782 = EDGE_CURVE('',#1292,#851,#1783,.T.);
#1783 = B_SPLINE_CURVE_WITH_KNOTS('',1,(#1784,#1785),.UNSPECIFIED.,.F.,
  .F.,(2,2),(18.5,20.),.PIECEWISE_BEZIER_KNOTS.);
#1784 = CARTESIAN_POINT('',(-72.9,-5.143516556419E-16,-1.5));
#1785 = CARTESIAN_POINT('',(-72.9,-5.143516556419E-16,-1.42108547152E-14
    ));
#1786 = ORIENTED_EDGE('',*,*,#1291,.T.);
#1787 = ORIENTED_EDGE('',*,*,#1782,.T.);
#1788 = CYLINDRICAL_SURFACE('',#1789,2.1);
#1789 = AXIS2_PLACEMENT_3D('',#1790,#1791,#1792);
#1790 = CARTESIAN_POINT('',(-75.,0.,-20.));
#1791 = DIRECTION('',(-0.,-0.,1.));
#1792 = DIRECTION('',(1.,0.,0.));
#1793 = ADVANCED_FACE('',(#1794),#1804,.F.);
#1794 = FACE_BOUND('',#1795,.F.);
#1795 = EDGE_LOOP('',(#1796,#1797,#1802,#1803));
#1796 = ORIENTED_EDGE('',*,*,#839,.F.);
#1797 = ORIENTED_EDGE('',*,*,#1798,.F.);
#1798 = EDGE_CURVE('',#1281,#840,#1799,.T.);
#1799 = B_SPLINE_CURVE_WITH_KNOTS('',1,(#1800,#1801),.UNSPECIFIED.,.F.,
  .F.,(2,2),(18.5,20.),.PIECEWISE_BEZIER_KNOTS.);
#1800 = CARTESIAN_POINT('',(-97.9,-5.143516556419E-16,-1.5));
#1801 = CARTESIAN_POINT('',(-97.9,-5.143516556419E-16,-1.06581410364E-14
    ));
#1802 = ORIENTED_EDGE('',*,*,#1280,.T.);
#1803 = ORIENTED_EDGE('',*,*,#1798,.T.);
#1804 = CYLINDRICAL_SURFACE('',#1805,2.1);
#1805 = AXIS2_PLACEMENT_3D('',#1806,#1807,#1808);
#1806 = CARTESIAN_POINT('',(-100.,0.,-20.));
#1807 = DIRECTION('',(-0.,-0.,1.));
#1808 = DIRECTION('',(1.,0.,0.));
#1809 = ADVANCED_FACE('',(#1810),#1820,.F.);
#1810 = FACE_BOUND('',#1811,.F.);
#1811 = EDGE_LOOP('',(#1812,#1813,#1818,#1819));
#1812 = ORIENTED_EDGE('',*,*,#828,.F.);
#1813 = ORIENTED_EDGE('',*,*,#1814,.F.);
#1814 = EDGE_CURVE('',#1270,#829,#1815,.T.);
#1815 = B_SPLINE_CURVE_WITH_KNOTS('',1,(#1816,#1817),.UNSPECIFIED.,.F.,
  .F.,(2,2),(18.5,20.),.PIECEWISE_BEZIER_KNOTS.);
#1816 = CARTESIAN_POINT('',(-122.9,-5.143516556419E-16,-1.5));
#1817 = CARTESIAN_POINT('',(-122.9,-5.143516556419E-16,
    -7.105427357601E-15));
#1818 = ORIENTED_EDGE('',*,*,#1269,.T.);
#1819 = ORIENTED_EDGE('',*,*,#1814,.T.);
#1820 = CYLINDRICAL_SURFACE('',#1821,2.1);
#1821 = AXIS2_PLACEMENT_3D('',#1822,#1823,#1824);
#1822 = CARTESIAN_POINT('',(-125.,0.,-20.));
#1823 = DIRECTION('',(-0.,-0.,1.));
#1824 = DIRECTION('',(1.,0.,0.));
#1825 = ADVANCED_FACE('',(#1826),#1836,.F.);
#1826 = FACE_BOUND('',#1827,.F.);
#1827 = EDGE_LOOP('',(#1828,#1829,#1834,#1835));
#1828 = ORIENTED_EDGE('',*,*,#817,.F.);
#1829 = ORIENTED_EDGE('',*,*,#1830,.F.);
#1830 = EDGE_CURVE('',#1259,#818,#1831,.T.);
#1831 = B_SPLINE_CURVE_WITH_KNOTS('',1,(#1832,#1833),.UNSPECIFIED.,.F.,
  .F.,(2,2),(18.5,20.),.PIECEWISE_BEZIER_KNOTS.);
#1832 = CARTESIAN_POINT('',(-147.9,-5.143516556419E-16,-1.5));
#1833 = CARTESIAN_POINT('',(-147.9,-5.143516556419E-16,
    -7.105427357601E-15));
#1834 = ORIENTED_EDGE('',*,*,#1258,.T.);
#1835 = ORIENTED_EDGE('',*,*,#1830,.T.);
#1836 = CYLINDRICAL_SURFACE('',#1837,2.1);
#1837 = AXIS2_PLACEMENT_3D('',#1838,#1839,#1840);
#1838 = CARTESIAN_POINT('',(-150.,0.,-20.));
#1839 = DIRECTION('',(-0.,-0.,1.));
#1840 = DIRECTION('',(1.,0.,0.));
#1841 = ADVANCED_FACE('',(#1842),#1858,.F.);
#1842 = FACE_BOUND('',#1843,.T.);
#1843 = EDGE_LOOP('',(#1844,#1850,#1851,#1857));
#1844 = ORIENTED_EDGE('',*,*,#1845,.T.);
#1845 = EDGE_CURVE('',#1233,#784,#1846,.T.);
#1846 = LINE('',#1847,#1848);
#1847 = CARTESIAN_POINT('',(235.5,3.,-20.));
#1848 = VECTOR('',#1849,1.);
#1849 = DIRECTION('',(-0.,-0.,1.));
#1850 = ORIENTED_EDGE('',*,*,#809,.T.);
#1851 = ORIENTED_EDGE('',*,*,#1852,.F.);
#1852 = EDGE_CURVE('',#1242,#801,#1853,.T.);
#1853 = LINE('',#1854,#1855);
#1854 = CARTESIAN_POINT('',(229.5,3.,-20.));
#1855 = VECTOR('',#1856,1.);
#1856 = DIRECTION('',(-0.,-0.,1.));
#1857 = ORIENTED_EDGE('',*,*,#1241,.F.);
#1858 = PLANE('',#1859);
#1859 = AXIS2_PLACEMENT_3D('',#1860,#1861,#1862);
#1860 = CARTESIAN_POINT('',(229.5,3.,-20.));
#1861 = DIRECTION('',(-7.228014483236E-17,1.,0.));
#1862 = DIRECTION('',(-1.,-7.228014483236E-17,0.));
#1863 = ADVANCED_FACE('',(#1864),#1875,.F.);
#1864 = FACE_BOUND('',#1865,.F.);
#1865 = EDGE_LOOP('',(#1866,#1867,#1873,#1874));
#1866 = ORIENTED_EDGE('',*,*,#1249,.T.);
#1867 = ORIENTED_EDGE('',*,*,#1868,.T.);
#1868 = EDGE_CURVE('',#1223,#793,#1869,.T.);
#1869 = LINE('',#1870,#1871);
#1870 = CARTESIAN_POINT('',(229.5,-3.,-20.));
#1871 = VECTOR('',#1872,1.);
#1872 = DIRECTION('',(-0.,-0.,1.));
#1873 = ORIENTED_EDGE('',*,*,#800,.F.);
#1874 = ORIENTED_EDGE('',*,*,#1852,.F.);
#1875 = CYLINDRICAL_SURFACE('',#1876,3.);
#1876 = AXIS2_PLACEMENT_3D('',#1877,#1878,#1879);
#1877 = CARTESIAN_POINT('',(229.5,-2.296930634574E-17,-20.));
#1878 = DIRECTION('',(-0.,-0.,1.));
#1879 = DIRECTION('',(1.,0.,0.));
#1880 = ADVANCED_FACE('',(#1881),#1892,.F.);
#1881 = FACE_BOUND('',#1882,.T.);
#1882 = EDGE_LOOP('',(#1883,#1884,#1885,#1891));
#1883 = ORIENTED_EDGE('',*,*,#1868,.T.);
#1884 = ORIENTED_EDGE('',*,*,#792,.T.);
#1885 = ORIENTED_EDGE('',*,*,#1886,.F.);
#1886 = EDGE_CURVE('',#1225,#782,#1887,.T.);
#1887 = LINE('',#1888,#1889);
#1888 = CARTESIAN_POINT('',(235.5,-3.,-20.));
#1889 = VECTOR('',#1890,1.);
#1890 = DIRECTION('',(-0.,-0.,1.));
#1891 = ORIENTED_EDGE('',*,*,#1222,.F.);
#1892 = PLANE('',#1893);
#1893 = AXIS2_PLACEMENT_3D('',#1894,#1895,#1896);
#1894 = CARTESIAN_POINT('',(229.5,-3.,-20.));
#1895 = DIRECTION('',(7.228014483236E-17,-1.,0.));
#1896 = DIRECTION('',(1.,7.228014483236E-17,0.));
#1897 = ADVANCED_FACE('',(#1898),#1904,.F.);
#1898 = FACE_BOUND('',#1899,.F.);
#1899 = EDGE_LOOP('',(#1900,#1901,#1902,#1903));
#1900 = ORIENTED_EDGE('',*,*,#1232,.T.);
#1901 = ORIENTED_EDGE('',*,*,#1845,.T.);
#1902 = ORIENTED_EDGE('',*,*,#781,.F.);
#1903 = ORIENTED_EDGE('',*,*,#1886,.F.);
#1904 = CYLINDRICAL_SURFACE('',#1905,3.);
#1905 = AXIS2_PLACEMENT_3D('',#1906,#1907,#1908);
#1906 = CARTESIAN_POINT('',(235.5,4.336808689942E-16,-20.));
#1907 = DIRECTION('',(-0.,-0.,1.));
#1908 = DIRECTION('',(1.,0.,0.));
#1909 = ADVANCED_FACE('',(#1910),#1926,.F.);
#1910 = FACE_BOUND('',#1911,.T.);
#1911 = EDGE_LOOP('',(#1912,#1918,#1919,#1925));
#1912 = ORIENTED_EDGE('',*,*,#1913,.T.);
#1913 = EDGE_CURVE('',#1197,#748,#1914,.T.);
#1914 = LINE('',#1915,#1916);
#1915 = CARTESIAN_POINT('',(-229.5,3.,-20.));
#1916 = VECTOR('',#1917,1.);
#1917 = DIRECTION('',(-0.,-0.,1.));
#1918 = ORIENTED_EDGE('',*,*,#773,.T.);
#1919 = ORIENTED_EDGE('',*,*,#1920,.F.);
#1920 = EDGE_CURVE('',#1206,#765,#1921,.T.);
#1921 = LINE('',#1922,#1923);
#1922 = CARTESIAN_POINT('',(-235.5,3.,-20.));
#1923 = VECTOR('',#1924,1.);
#1924 = DIRECTION('',(-0.,-0.,1.));
#1925 = ORIENTED_EDGE('',*,*,#1205,.F.);
#1926 = PLANE('',#1927);
#1927 = AXIS2_PLACEMENT_3D('',#1928,#1929,#1930);
#1928 = CARTESIAN_POINT('',(-235.5,3.,-20.));
#1929 = DIRECTION('',(-0.,1.,0.));
#1930 = DIRECTION('',(0.,0.,1.));
#1931 = ADVANCED_FACE('',(#1932),#1943,.F.);
#1932 = FACE_BOUND('',#1933,.F.);
#1933 = EDGE_LOOP('',(#1934,#1935,#1941,#1942));
#1934 = ORIENTED_EDGE('',*,*,#1213,.T.);
#1935 = ORIENTED_EDGE('',*,*,#1936,.T.);
#1936 = EDGE_CURVE('',#1187,#757,#1937,.T.);
#1937 = LINE('',#1938,#1939);
#1938 = CARTESIAN_POINT('',(-235.5,-3.,-20.));
#1939 = VECTOR('',#1940,1.);
#1940 = DIRECTION('',(-0.,-0.,1.));
#1941 = ORIENTED_EDGE('',*,*,#764,.F.);
#1942 = ORIENTED_EDGE('',*,*,#1920,.F.);
#1943 = CYLINDRICAL_SURFACE('',#1944,3.);
#1944 = AXIS2_PLACEMENT_3D('',#1945,#1946,#1947);
#1945 = CARTESIAN_POINT('',(-235.5,0.,-20.));
#1946 = DIRECTION('',(-0.,-0.,1.));
#1947 = DIRECTION('',(1.,0.,0.));
#1948 = ADVANCED_FACE('',(#1949),#1960,.F.);
#1949 = FACE_BOUND('',#1950,.T.);
#1950 = EDGE_LOOP('',(#1951,#1952,#1953,#1959));
#1951 = ORIENTED_EDGE('',*,*,#1936,.T.);
#1952 = ORIENTED_EDGE('',*,*,#756,.T.);
#1953 = ORIENTED_EDGE('',*,*,#1954,.F.);
#1954 = EDGE_CURVE('',#1189,#746,#1955,.T.);
#1955 = LINE('',#1956,#1957);
#1956 = CARTESIAN_POINT('',(-229.5,-3.,-20.));
#1957 = VECTOR('',#1958,1.);
#1958 = DIRECTION('',(-0.,-0.,1.));
#1959 = ORIENTED_EDGE('',*,*,#1186,.F.);
#1960 = PLANE('',#1961);
#1961 = AXIS2_PLACEMENT_3D('',#1962,#1963,#1964);
#1962 = CARTESIAN_POINT('',(-235.5,-3.,-20.));
#1963 = DIRECTION('',(0.,-1.,0.));
#1964 = DIRECTION('',(0.,-0.,-1.));
#1965 = ADVANCED_FACE('',(#1966),#1972,.F.);
#1966 = FACE_BOUND('',#1967,.F.);
#1967 = EDGE_LOOP('',(#1968,#1969,#1970,#1971));
#1968 = ORIENTED_EDGE('',*,*,#1196,.T.);
#1969 = ORIENTED_EDGE('',*,*,#1913,.T.);
#1970 = ORIENTED_EDGE('',*,*,#745,.F.);
#1971 = ORIENTED_EDGE('',*,*,#1954,.F.);
#1972 = CYLINDRICAL_SURFACE('',#1973,3.);
#1973 = AXIS2_PLACEMENT_3D('',#1974,#1975,#1976);
#1974 = CARTESIAN_POINT('',(-229.5,0.,-20.));
#1975 = DIRECTION('',(-0.,-0.,1.));
#1976 = DIRECTION('',(1.,0.,0.));
#1977 = ADVANCED_FACE('',(#1978),#1988,.F.);
#1978 = FACE_BOUND('',#1979,.F.);
#1979 = EDGE_LOOP('',(#1980,#1981,#1986,#1987));
#1980 = ORIENTED_EDGE('',*,*,#734,.F.);
#1981 = ORIENTED_EDGE('',*,*,#1982,.F.);
#1982 = EDGE_CURVE('',#1176,#735,#1983,.T.);
#1983 = B_SPLINE_CURVE_WITH_KNOTS('',1,(#1984,#1985),.UNSPECIFIED.,.F.,
  .F.,(2,2),(18.5,20.),.PIECEWISE_BEZIER_KNOTS.);
#1984 = CARTESIAN_POINT('',(-197.9,-5.143516556419E-16,-1.5));
#1985 = CARTESIAN_POINT('',(-197.9,-5.143516556419E-16,0.));
#1986 = ORIENTED_EDGE('',*,*,#1175,.T.);
#1987 = ORIENTED_EDGE('',*,*,#1982,.T.);
#1988 = CYLINDRICAL_SURFACE('',#1989,2.1);
#1989 = AXIS2_PLACEMENT_3D('',#1990,#1991,#1992);
#1990 = CARTESIAN_POINT('',(-200.,0.,-20.));
#1991 = DIRECTION('',(-0.,-0.,1.));
#1992 = DIRECTION('',(1.,0.,0.));
#1993 = ADVANCED_FACE('',(#1994),#2004,.F.);
#1994 = FACE_BOUND('',#1995,.F.);
#1995 = EDGE_LOOP('',(#1996,#1997,#2002,#2003));
#1996 = ORIENTED_EDGE('',*,*,#723,.F.);
#1997 = ORIENTED_EDGE('',*,*,#1998,.F.);
#1998 = EDGE_CURVE('',#1165,#724,#1999,.T.);
#1999 = B_SPLINE_CURVE_WITH_KNOTS('',1,(#2000,#2001),.UNSPECIFIED.,.F.,
  .F.,(2,2),(18.5,20.),.PIECEWISE_BEZIER_KNOTS.);
#2000 = CARTESIAN_POINT('',(-172.9,-5.143516556419E-16,-1.5));
#2001 = CARTESIAN_POINT('',(-172.9,-5.143516556419E-16,
    -3.552713678801E-15));
#2002 = ORIENTED_EDGE('',*,*,#1164,.T.);
#2003 = ORIENTED_EDGE('',*,*,#1998,.T.);
#2004 = CYLINDRICAL_SURFACE('',#2005,2.1);
#2005 = AXIS2_PLACEMENT_3D('',#2006,#2007,#2008);
#2006 = CARTESIAN_POINT('',(-175.,0.,-20.));
#2007 = DIRECTION('',(-0.,-0.,1.));
#2008 = DIRECTION('',(1.,0.,0.));
#2009 = ADVANCED_FACE('',(#2010),#2026,.F.);
#2010 = FACE_BOUND('',#2011,.T.);
#2011 = EDGE_LOOP('',(#2012,#2013,#2019,#2020));
#2012 = ORIENTED_EDGE('',*,*,#1007,.T.);
#2013 = ORIENTED_EDGE('',*,*,#2014,.F.);
#2014 = EDGE_CURVE('',#1426,#1000,#2015,.T.);
#2015 = LINE('',#2016,#2017);
#2016 = CARTESIAN_POINT('',(-217.5,7.9,-970.8243919473));
#2017 = VECTOR('',#2018,1.);
#2018 = DIRECTION('',(0.,0.,1.));
#2019 = ORIENTED_EDGE('',*,*,#1423,.F.);
#2020 = ORIENTED_EDGE('',*,*,#2021,.T.);
#2021 = EDGE_CURVE('',#1424,#1008,#2022,.T.);
#2022 = LINE('',#2023,#2024);
#2023 = CARTESIAN_POINT('',(-218.,7.9,-970.8243919473));
#2024 = VECTOR('',#2025,1.);
#2025 = DIRECTION('',(0.,0.,1.));
#2026 = PLANE('',#2027);
#2027 = AXIS2_PLACEMENT_3D('',#2028,#2029,#2030);
#2028 = CARTESIAN_POINT('',(242.5,7.9,-970.8243919473));
#2029 = DIRECTION('',(0.,-1.,0.));
#2030 = DIRECTION('',(0.,-0.,-1.));
#2031 = ADVANCED_FACE('',(#2032),#2048,.F.);
#2032 = FACE_BOUND('',#2033,.T.);
#2033 = EDGE_LOOP('',(#2034,#2035,#2041,#2042));
#2034 = ORIENTED_EDGE('',*,*,#982,.T.);
#2035 = ORIENTED_EDGE('',*,*,#2036,.F.);
#2036 = EDGE_CURVE('',#1449,#985,#2037,.T.);
#2037 = LINE('',#2038,#2039);
#2038 = CARTESIAN_POINT('',(218.,7.9,-970.8243919473));
#2039 = VECTOR('',#2040,1.);
#2040 = DIRECTION('',(0.,0.,1.));
#2041 = ORIENTED_EDGE('',*,*,#1448,.F.);
#2042 = ORIENTED_EDGE('',*,*,#2043,.T.);
#2043 = EDGE_CURVE('',#1441,#983,#2044,.T.);
#2044 = LINE('',#2045,#2046);
#2045 = CARTESIAN_POINT('',(217.5,7.9,-970.8243919473));
#2046 = VECTOR('',#2047,1.);
#2047 = DIRECTION('',(0.,0.,1.));
#2048 = PLANE('',#2049);
#2049 = AXIS2_PLACEMENT_3D('',#2050,#2051,#2052);
#2050 = CARTESIAN_POINT('',(242.5,7.9,-970.8243919473));
#2051 = DIRECTION('',(0.,-1.,0.));
#2052 = DIRECTION('',(0.,-0.,-1.));
#2053 = ADVANCED_FACE('',(#2054),#2065,.F.);
#2054 = FACE_BOUND('',#2055,.T.);
#2055 = EDGE_LOOP('',(#2056,#2057,#2063,#2064));
#2056 = ORIENTED_EDGE('',*,*,#1150,.T.);
#2057 = ORIENTED_EDGE('',*,*,#2058,.F.);
#2058 = EDGE_CURVE('',#1457,#1143,#2059,.T.);
#2059 = LINE('',#2060,#2061);
#2060 = CARTESIAN_POINT('',(218.,10.,-970.8243919473));
#2061 = VECTOR('',#2062,1.);
#2062 = DIRECTION('',(0.,0.,1.));
#2063 = ORIENTED_EDGE('',*,*,#1456,.F.);
#2064 = ORIENTED_EDGE('',*,*,#2036,.T.);
#2065 = PLANE('',#2066);
#2066 = AXIS2_PLACEMENT_3D('',#2067,#2068,#2069);
#2067 = CARTESIAN_POINT('',(218.,10.,-970.8243919473));
#2068 = DIRECTION('',(1.,0.,0.));
#2069 = DIRECTION('',(0.,0.,-1.));
#2070 = ADVANCED_FACE('',(#2071),#2082,.F.);
#2071 = FACE_BOUND('',#2072,.T.);
#2072 = EDGE_LOOP('',(#2073,#2074,#2080,#2081));
#2073 = ORIENTED_EDGE('',*,*,#1142,.F.);
#2074 = ORIENTED_EDGE('',*,*,#2075,.F.);
#2075 = EDGE_CURVE('',#1465,#1135,#2076,.T.);
#2076 = LINE('',#2077,#2078);
#2077 = CARTESIAN_POINT('',(240.5,10.,-970.8243919473));
#2078 = VECTOR('',#2079,1.);
#2079 = DIRECTION('',(0.,0.,1.));
#2080 = ORIENTED_EDGE('',*,*,#1464,.F.);
#2081 = ORIENTED_EDGE('',*,*,#2058,.T.);
#2082 = PLANE('',#2083);
#2083 = AXIS2_PLACEMENT_3D('',#2084,#2085,#2086);
#2084 = CARTESIAN_POINT('',(242.5,10.,-970.8243919473));
#2085 = DIRECTION('',(0.,-1.,0.));
#2086 = DIRECTION('',(0.,-0.,-1.));
#2087 = ADVANCED_FACE('',(#2088),#2099,.F.);
#2088 = FACE_BOUND('',#2089,.T.);
#2089 = EDGE_LOOP('',(#2090,#2091,#2097,#2098));
#2090 = ORIENTED_EDGE('',*,*,#1134,.F.);
#2091 = ORIENTED_EDGE('',*,*,#2092,.F.);
#2092 = EDGE_CURVE('',#1473,#1127,#2093,.T.);
#2093 = LINE('',#2094,#2095);
#2094 = CARTESIAN_POINT('',(242.5,8.,-970.8243919473));
#2095 = VECTOR('',#2096,1.);
#2096 = DIRECTION('',(0.,0.,1.));
#2097 = ORIENTED_EDGE('',*,*,#1472,.F.);
#2098 = ORIENTED_EDGE('',*,*,#2075,.T.);
#2099 = PLANE('',#2100);
#2100 = AXIS2_PLACEMENT_3D('',#2101,#2102,#2103);
#2101 = CARTESIAN_POINT('',(240.5,10.,-970.8243919473));
#2102 = DIRECTION('',(-0.707106781187,-0.707106781187,0.));
#2103 = DIRECTION('',(0.707106781187,-0.707106781187,0.));
#2104 = ADVANCED_FACE('',(#2105),#2116,.T.);
#2105 = FACE_BOUND('',#2106,.T.);
#2106 = EDGE_LOOP('',(#2107,#2108,#2109,#2115));
#2107 = ORIENTED_EDGE('',*,*,#2092,.T.);
#2108 = ORIENTED_EDGE('',*,*,#1126,.F.);
#2109 = ORIENTED_EDGE('',*,*,#2110,.F.);
#2110 = EDGE_CURVE('',#1481,#1119,#2111,.T.);
#2111 = LINE('',#2112,#2113);
#2112 = CARTESIAN_POINT('',(242.5,-8.,-970.8243919473));
#2113 = VECTOR('',#2114,1.);
#2114 = DIRECTION('',(0.,0.,1.));
#2115 = ORIENTED_EDGE('',*,*,#1480,.T.);
#2116 = PLANE('',#2117);
#2117 = AXIS2_PLACEMENT_3D('',#2118,#2119,#2120);
#2118 = CARTESIAN_POINT('',(242.5,10.,-970.8243919473));
#2119 = DIRECTION('',(1.,0.,0.));
#2120 = DIRECTION('',(0.,0.,-1.));
#2121 = ADVANCED_FACE('',(#2122),#2133,.F.);
#2122 = FACE_BOUND('',#2123,.T.);
#2123 = EDGE_LOOP('',(#2124,#2125,#2131,#2132));
#2124 = ORIENTED_EDGE('',*,*,#1118,.F.);
#2125 = ORIENTED_EDGE('',*,*,#2126,.F.);
#2126 = EDGE_CURVE('',#1489,#1111,#2127,.T.);
#2127 = LINE('',#2128,#2129);
#2128 = CARTESIAN_POINT('',(240.5,-10.,-970.8243919473));
#2129 = VECTOR('',#2130,1.);
#2130 = DIRECTION('',(0.,0.,1.));
#2131 = ORIENTED_EDGE('',*,*,#1488,.F.);
#2132 = ORIENTED_EDGE('',*,*,#2110,.T.);
#2133 = PLANE('',#2134);
#2134 = AXIS2_PLACEMENT_3D('',#2135,#2136,#2137);
#2135 = CARTESIAN_POINT('',(240.5,-10.,-970.8243919473));
#2136 = DIRECTION('',(-0.707106781187,0.707106781187,0.));
#2137 = DIRECTION('',(-0.707106781187,-0.707106781187,0.));
#2138 = ADVANCED_FACE('',(#2139),#2150,.T.);
#2139 = FACE_BOUND('',#2140,.T.);
#2140 = EDGE_LOOP('',(#2141,#2142,#2143,#2149));
#2141 = ORIENTED_EDGE('',*,*,#2126,.T.);
#2142 = ORIENTED_EDGE('',*,*,#1110,.T.);
#2143 = ORIENTED_EDGE('',*,*,#2144,.F.);
#2144 = EDGE_CURVE('',#1497,#1103,#2145,.T.);
#2145 = LINE('',#2146,#2147);
#2146 = CARTESIAN_POINT('',(218.,-10.,-970.8243919473));
#2147 = VECTOR('',#2148,1.);
#2148 = DIRECTION('',(0.,0.,1.));
#2149 = ORIENTED_EDGE('',*,*,#1496,.T.);
#2150 = PLANE('',#2151);
#2151 = AXIS2_PLACEMENT_3D('',#2152,#2153,#2154);
#2152 = CARTESIAN_POINT('',(242.5,-10.,-970.8243919473));
#2153 = DIRECTION('',(0.,-1.,0.));
#2154 = DIRECTION('',(0.,-0.,-1.));
#2155 = ADVANCED_FACE('',(#2156),#2167,.F.);
#2156 = FACE_BOUND('',#2157,.T.);
#2157 = EDGE_LOOP('',(#2158,#2159,#2165,#2166));
#2158 = ORIENTED_EDGE('',*,*,#1102,.T.);
#2159 = ORIENTED_EDGE('',*,*,#2160,.F.);
#2160 = EDGE_CURVE('',#1505,#1095,#2161,.T.);
#2161 = LINE('',#2162,#2163);
#2162 = CARTESIAN_POINT('',(218.,-7.9,-970.8243919473));
#2163 = VECTOR('',#2164,1.);
#2164 = DIRECTION('',(0.,0.,1.));
#2165 = ORIENTED_EDGE('',*,*,#1504,.F.);
#2166 = ORIENTED_EDGE('',*,*,#2144,.T.);
#2167 = PLANE('',#2168);
#2168 = AXIS2_PLACEMENT_3D('',#2169,#2170,#2171);
#2169 = CARTESIAN_POINT('',(218.,10.,-970.8243919473));
#2170 = DIRECTION('',(1.,-0.,0.));
#2171 = DIRECTION('',(0.,0.,-1.));
#2172 = ADVANCED_FACE('',(#2173),#2184,.F.);
#2173 = FACE_BOUND('',#2174,.T.);
#2174 = EDGE_LOOP('',(#2175,#2176,#2182,#2183));
#2175 = ORIENTED_EDGE('',*,*,#1094,.T.);
#2176 = ORIENTED_EDGE('',*,*,#2177,.F.);
#2177 = EDGE_CURVE('',#1513,#1087,#2178,.T.);
#2178 = LINE('',#2179,#2180);
#2179 = CARTESIAN_POINT('',(217.5,-7.9,-970.8243919473));
#2180 = VECTOR('',#2181,1.);
#2181 = DIRECTION('',(0.,0.,1.));
#2182 = ORIENTED_EDGE('',*,*,#1512,.F.);
#2183 = ORIENTED_EDGE('',*,*,#2160,.T.);
#2184 = PLANE('',#2185);
#2185 = AXIS2_PLACEMENT_3D('',#2186,#2187,#2188);
#2186 = CARTESIAN_POINT('',(242.5,-7.9,-970.8243919473));
#2187 = DIRECTION('',(0.,1.,-0.));
#2188 = DIRECTION('',(0.,0.,1.));
#2189 = ADVANCED_FACE('',(#2190),#2206,.F.);
#2190 = FACE_BOUND('',#2191,.T.);
#2191 = EDGE_LOOP('',(#2192,#2193,#2199,#2200));
#2192 = ORIENTED_EDGE('',*,*,#1071,.T.);
#2193 = ORIENTED_EDGE('',*,*,#2194,.F.);
#2194 = EDGE_CURVE('',#1536,#1064,#2195,.T.);
#2195 = LINE('',#2196,#2197);
#2196 = CARTESIAN_POINT('',(-218.,-7.9,-970.8243919473));
#2197 = VECTOR('',#2198,1.);
#2198 = DIRECTION('',(0.,0.,1.));
#2199 = ORIENTED_EDGE('',*,*,#1535,.F.);
#2200 = ORIENTED_EDGE('',*,*,#2201,.T.);
#2201 = EDGE_CURVE('',#1528,#1072,#2202,.T.);
#2202 = LINE('',#2203,#2204);
#2203 = CARTESIAN_POINT('',(-217.5,-7.9,-970.8243919473));
#2204 = VECTOR('',#2205,1.);
#2205 = DIRECTION('',(0.,0.,1.));
#2206 = PLANE('',#2207);
#2207 = AXIS2_PLACEMENT_3D('',#2208,#2209,#2210);
#2208 = CARTESIAN_POINT('',(242.5,-7.9,-970.8243919473));
#2209 = DIRECTION('',(0.,1.,-0.));
#2210 = DIRECTION('',(0.,0.,1.));
#2211 = ADVANCED_FACE('',(#2212),#2223,.F.);
#2212 = FACE_BOUND('',#2213,.T.);
#2213 = EDGE_LOOP('',(#2214,#2215,#2221,#2222));
#2214 = ORIENTED_EDGE('',*,*,#1063,.T.);
#2215 = ORIENTED_EDGE('',*,*,#2216,.F.);
#2216 = EDGE_CURVE('',#1544,#1056,#2217,.T.);
#2217 = LINE('',#2218,#2219);
#2218 = CARTESIAN_POINT('',(-218.,-10.,-970.8243919473));
#2219 = VECTOR('',#2220,1.);
#2220 = DIRECTION('',(0.,0.,1.));
#2221 = ORIENTED_EDGE('',*,*,#1543,.F.);
#2222 = ORIENTED_EDGE('',*,*,#2194,.T.);
#2223 = PLANE('',#2224);
#2224 = AXIS2_PLACEMENT_3D('',#2225,#2226,#2227);
#2225 = CARTESIAN_POINT('',(-218.,10.000000000006,-970.8243919473));
#2226 = DIRECTION('',(-1.,1.321694076935E-14,0.));
#2227 = DIRECTION('',(-1.321694076935E-14,-1.,0.));
#2228 = ADVANCED_FACE('',(#2229),#2240,.T.);
#2229 = FACE_BOUND('',#2230,.T.);
#2230 = EDGE_LOOP('',(#2231,#2232,#2233,#2239));
#2231 = ORIENTED_EDGE('',*,*,#2216,.T.);
#2232 = ORIENTED_EDGE('',*,*,#1055,.T.);
#2233 = ORIENTED_EDGE('',*,*,#2234,.F.);
#2234 = EDGE_CURVE('',#1552,#1048,#2235,.T.);
#2235 = LINE('',#2236,#2237);
#2236 = CARTESIAN_POINT('',(-240.5,-10.,-970.8243919473));
#2237 = VECTOR('',#2238,1.);
#2238 = DIRECTION('',(0.,0.,1.));
#2239 = ORIENTED_EDGE('',*,*,#1551,.T.);
#2240 = PLANE('',#2241);
#2241 = AXIS2_PLACEMENT_3D('',#2242,#2243,#2244);
#2242 = CARTESIAN_POINT('',(-242.5,-10.,-970.8243919473));
#2243 = DIRECTION('',(0.,-1.,0.));
#2244 = DIRECTION('',(0.,-0.,-1.));
#2245 = ADVANCED_FACE('',(#2246),#2257,.F.);
#2246 = FACE_BOUND('',#2247,.T.);
#2247 = EDGE_LOOP('',(#2248,#2249,#2255,#2256));
#2248 = ORIENTED_EDGE('',*,*,#1047,.F.);
#2249 = ORIENTED_EDGE('',*,*,#2250,.F.);
#2250 = EDGE_CURVE('',#1560,#1040,#2251,.T.);
#2251 = LINE('',#2252,#2253);
#2252 = CARTESIAN_POINT('',(-242.5,-8.,-970.8243919473));
#2253 = VECTOR('',#2254,1.);
#2254 = DIRECTION('',(0.,0.,1.));
#2255 = ORIENTED_EDGE('',*,*,#1559,.F.);
#2256 = ORIENTED_EDGE('',*,*,#2234,.T.);
#2257 = PLANE('',#2258);
#2258 = AXIS2_PLACEMENT_3D('',#2259,#2260,#2261);
#2259 = CARTESIAN_POINT('',(-242.5,-8.,-970.8243919473));
#2260 = DIRECTION('',(0.707106781187,0.707106781187,-0.));
#2261 = DIRECTION('',(-0.707106781187,0.707106781187,0.));
#2262 = ADVANCED_FACE('',(#2263),#2274,.F.);
#2263 = FACE_BOUND('',#2264,.T.);
#2264 = EDGE_LOOP('',(#2265,#2266,#2272,#2273));
#2265 = ORIENTED_EDGE('',*,*,#1039,.T.);
#2266 = ORIENTED_EDGE('',*,*,#2267,.F.);
#2267 = EDGE_CURVE('',#1568,#1032,#2268,.T.);
#2268 = LINE('',#2269,#2270);
#2269 = CARTESIAN_POINT('',(-242.5,8.,-970.8243919473));
#2270 = VECTOR('',#2271,1.);
#2271 = DIRECTION('',(0.,0.,1.));
#2272 = ORIENTED_EDGE('',*,*,#1567,.F.);
#2273 = ORIENTED_EDGE('',*,*,#2250,.T.);
#2274 = PLANE('',#2275);
#2275 = AXIS2_PLACEMENT_3D('',#2276,#2277,#2278);
#2276 = CARTESIAN_POINT('',(-242.5,10.,-970.8243919473));
#2277 = DIRECTION('',(1.,0.,0.));
#2278 = DIRECTION('',(0.,0.,-1.));
#2279 = ADVANCED_FACE('',(#2280),#2291,.F.);
#2280 = FACE_BOUND('',#2281,.T.);
#2281 = EDGE_LOOP('',(#2282,#2283,#2289,#2290));
#2282 = ORIENTED_EDGE('',*,*,#1031,.F.);
#2283 = ORIENTED_EDGE('',*,*,#2284,.F.);
#2284 = EDGE_CURVE('',#1576,#1024,#2285,.T.);
#2285 = LINE('',#2286,#2287);
#2286 = CARTESIAN_POINT('',(-240.5,10.,-970.8243919473));
#2287 = VECTOR('',#2288,1.);
#2288 = DIRECTION('',(0.,0.,1.));
#2289 = ORIENTED_EDGE('',*,*,#1575,.F.);
#2290 = ORIENTED_EDGE('',*,*,#2267,.T.);
#2291 = PLANE('',#2292);
#2292 = AXIS2_PLACEMENT_3D('',#2293,#2294,#2295);
#2293 = CARTESIAN_POINT('',(-242.5,8.,-970.8243919473));
#2294 = DIRECTION('',(0.707106781187,-0.707106781187,-0.));
#2295 = DIRECTION('',(0.707106781187,0.707106781187,0.));
#2296 = ADVANCED_FACE('',(#2297),#2308,.F.);
#2297 = FACE_BOUND('',#2298,.T.);
#2298 = EDGE_LOOP('',(#2299,#2300,#2306,#2307));
#2299 = ORIENTED_EDGE('',*,*,#1023,.F.);
#2300 = ORIENTED_EDGE('',*,*,#2301,.F.);
#2301 = EDGE_CURVE('',#1584,#1016,#2302,.T.);
#2302 = LINE('',#2303,#2304);
#2303 = CARTESIAN_POINT('',(-218.,10.,-970.8243919473));
#2304 = VECTOR('',#2305,1.);
#2305 = DIRECTION('',(0.,0.,1.));
#2306 = ORIENTED_EDGE('',*,*,#1583,.F.);
#2307 = ORIENTED_EDGE('',*,*,#2284,.T.);
#2308 = PLANE('',#2309);
#2309 = AXIS2_PLACEMENT_3D('',#2310,#2311,#2312);
#2310 = CARTESIAN_POINT('',(-242.5,10.,-970.8243919473));
#2311 = DIRECTION('',(0.,-1.,0.));
#2312 = DIRECTION('',(0.,-0.,-1.));
#2313 = ADVANCED_FACE('',(#2314),#2320,.F.);
#2314 = FACE_BOUND('',#2315,.T.);
#2315 = EDGE_LOOP('',(#2316,#2317,#2318,#2319));
#2316 = ORIENTED_EDGE('',*,*,#1015,.T.);
#2317 = ORIENTED_EDGE('',*,*,#2021,.F.);
#2318 = ORIENTED_EDGE('',*,*,#1591,.F.);
#2319 = ORIENTED_EDGE('',*,*,#2301,.T.);
#2320 = PLANE('',#2321);
#2321 = AXIS2_PLACEMENT_3D('',#2322,#2323,#2324);
#2322 = CARTESIAN_POINT('',(-218.,10.,-970.8243919473));
#2323 = DIRECTION('',(-1.,0.,0.));
#2324 = DIRECTION('',(0.,0.,1.));
#2325 = ADVANCED_FACE('',(#2326),#2334,.T.);
#2326 = FACE_BOUND('',#2327,.T.);
#2327 = EDGE_LOOP('',(#2328,#2329,#2330,#2331,#2332,#2333));
#2328 = ORIENTED_EDGE('',*,*,#579,.F.);
#2329 = ORIENTED_EDGE('',*,*,#709,.T.);
#2330 = ORIENTED_EDGE('',*,*,#1520,.F.);
#2331 = ORIENTED_EDGE('',*,*,#2177,.T.);
#2332 = ORIENTED_EDGE('',*,*,#1086,.T.);
#2333 = ORIENTED_EDGE('',*,*,#617,.F.);
#2334 = PLANE('',#2335);
#2335 = AXIS2_PLACEMENT_3D('',#2336,#2337,#2338);
#2336 = CARTESIAN_POINT('',(217.5,-7.9,-2.1));
#2337 = DIRECTION('',(1.,-0.,0.));
#2338 = DIRECTION('',(0.,0.,-1.));
#2339 = ADVANCED_FACE('',(#2340),#2348,.T.);
#2340 = FACE_BOUND('',#2341,.T.);
#2341 = EDGE_LOOP('',(#2342,#2343,#2344,#2345,#2346,#2347));
#2342 = ORIENTED_EDGE('',*,*,#1527,.T.);
#2343 = ORIENTED_EDGE('',*,*,#693,.F.);
#2344 = ORIENTED_EDGE('',*,*,#648,.T.);
#2345 = ORIENTED_EDGE('',*,*,#633,.T.);
#2346 = ORIENTED_EDGE('',*,*,#1079,.F.);
#2347 = ORIENTED_EDGE('',*,*,#2201,.F.);
#2348 = PLANE('',#2349);
#2349 = AXIS2_PLACEMENT_3D('',#2350,#2351,#2352);
#2350 = CARTESIAN_POINT('',(-217.5,-7.9,-2.1));
#2351 = DIRECTION('',(-1.,-0.,0.));
#2352 = DIRECTION('',(0.,0.,1.));
#2353 = ADVANCED_FACE('',(#2354),#2362,.T.);
#2354 = FACE_BOUND('',#2355,.T.);
#2355 = EDGE_LOOP('',(#2356,#2357,#2358,#2359,#2360,#2361));
#2356 = ORIENTED_EDGE('',*,*,#442,.F.);
#2357 = ORIENTED_EDGE('',*,*,#537,.T.);
#2358 = ORIENTED_EDGE('',*,*,#679,.F.);
#2359 = ORIENTED_EDGE('',*,*,#563,.T.);
#2360 = ORIENTED_EDGE('',*,*,#610,.T.);
#2361 = ORIENTED_EDGE('',*,*,#457,.F.);
#2362 = PLANE('',#2363);
#2363 = AXIS2_PLACEMENT_3D('',#2364,#2365,#2366);
#2364 = CARTESIAN_POINT('',(217.5,-7.9,-17.9));
#2365 = DIRECTION('',(1.,0.,0.));
#2366 = DIRECTION('',(0.,0.,-1.));
#2367 = ADVANCED_FACE('',(#2368),#2376,.T.);
#2368 = FACE_BOUND('',#2369,.T.);
#2369 = EDGE_LOOP('',(#2370,#2371,#2372,#2373,#2374,#2375));
#2370 = ORIENTED_EDGE('',*,*,#686,.T.);
#2371 = ORIENTED_EDGE('',*,*,#521,.F.);
#2372 = ORIENTED_EDGE('',*,*,#497,.T.);
#2373 = ORIENTED_EDGE('',*,*,#473,.T.);
#2374 = ORIENTED_EDGE('',*,*,#603,.F.);
#2375 = ORIENTED_EDGE('',*,*,#664,.F.);
#2376 = PLANE('',#2377);
#2377 = AXIS2_PLACEMENT_3D('',#2378,#2379,#2380);
#2378 = CARTESIAN_POINT('',(-217.5,-7.9,-17.9));
#2379 = DIRECTION('',(-1.,0.,-0.));
#2380 = DIRECTION('',(0.,0.,1.));
#2381 = ADVANCED_FACE('',(#2382),#2390,.T.);
#2382 = FACE_BOUND('',#2383,.T.);
#2383 = EDGE_LOOP('',(#2384,#2385,#2386,#2387,#2388,#2389));
#2384 = ORIENTED_EDGE('',*,*,#241,.F.);
#2385 = ORIENTED_EDGE('',*,*,#371,.T.);
#2386 = ORIENTED_EDGE('',*,*,#1433,.F.);
#2387 = ORIENTED_EDGE('',*,*,#2014,.T.);
#2388 = ORIENTED_EDGE('',*,*,#999,.T.);
#2389 = ORIENTED_EDGE('',*,*,#279,.F.);
#2390 = PLANE('',#2391);
#2391 = AXIS2_PLACEMENT_3D('',#2392,#2393,#2394);
#2392 = CARTESIAN_POINT('',(-217.5,7.9,-2.1));
#2393 = DIRECTION('',(-1.,1.043442692317E-14,0.));
#2394 = DIRECTION('',(-1.043442692317E-14,-1.,0.));
#2395 = ADVANCED_FACE('',(#2396),#2404,.T.);
#2396 = FACE_BOUND('',#2397,.T.);
#2397 = EDGE_LOOP('',(#2398,#2399,#2400,#2401,#2402,#2403));
#2398 = ORIENTED_EDGE('',*,*,#1440,.T.);
#2399 = ORIENTED_EDGE('',*,*,#355,.F.);
#2400 = ORIENTED_EDGE('',*,*,#310,.T.);
#2401 = ORIENTED_EDGE('',*,*,#295,.T.);
#2402 = ORIENTED_EDGE('',*,*,#992,.F.);
#2403 = ORIENTED_EDGE('',*,*,#2043,.F.);
#2404 = PLANE('',#2405);
#2405 = AXIS2_PLACEMENT_3D('',#2406,#2407,#2408);
#2406 = CARTESIAN_POINT('',(217.5,7.9,-2.1));
#2407 = DIRECTION('',(1.,0.,-0.));
#2408 = DIRECTION('',(-0.,0.,-1.));
#2409 = ADVANCED_FACE('',(#2410),#2418,.T.);
#2410 = FACE_BOUND('',#2411,.T.);
#2411 = EDGE_LOOP('',(#2412,#2413,#2414,#2415,#2416,#2417));
#2412 = ORIENTED_EDGE('',*,*,#104,.F.);
#2413 = ORIENTED_EDGE('',*,*,#199,.T.);
#2414 = ORIENTED_EDGE('',*,*,#341,.F.);
#2415 = ORIENTED_EDGE('',*,*,#225,.T.);
#2416 = ORIENTED_EDGE('',*,*,#272,.T.);
#2417 = ORIENTED_EDGE('',*,*,#119,.F.);
#2418 = PLANE('',#2419);
#2419 = AXIS2_PLACEMENT_3D('',#2420,#2421,#2422);
#2420 = CARTESIAN_POINT('',(-217.5,7.9,-17.9));
#2421 = DIRECTION('',(-1.,0.,0.));
#2422 = DIRECTION('',(0.,0.,1.));
#2423 = ADVANCED_FACE('',(#2424),#2432,.T.);
#2424 = FACE_BOUND('',#2425,.T.);
#2425 = EDGE_LOOP('',(#2426,#2427,#2428,#2429,#2430,#2431));
#2426 = ORIENTED_EDGE('',*,*,#348,.T.);
#2427 = ORIENTED_EDGE('',*,*,#183,.F.);
#2428 = ORIENTED_EDGE('',*,*,#159,.T.);
#2429 = ORIENTED_EDGE('',*,*,#135,.T.);
#2430 = ORIENTED_EDGE('',*,*,#265,.F.);
#2431 = ORIENTED_EDGE('',*,*,#326,.F.);
#2432 = PLANE('',#2433);
#2433 = AXIS2_PLACEMENT_3D('',#2434,#2435,#2436);
#2434 = CARTESIAN_POINT('',(217.5,7.9,-17.9));
#2435 = DIRECTION('',(1.,0.,0.));
#2436 = DIRECTION('',(0.,0.,-1.));
#2437 = ( GEOMETRIC_REPRESENTATION_CONTEXT(3) 
GLOBAL_UNCERTAINTY_ASSIGNED_CONTEXT((#2441)) 
GLOBAL_UNIT_ASSIGNED_CONTEXT((#2438,#2439,#2440)) REPRESENTATION_CONTEXT
('Context #1','3D Context with UNIT and UNCERTAINTY') );
#2438 = ( LENGTH_UNIT() NAMED_UNIT(*) SI_UNIT(.MILLI.,.METRE.) );
#2439 = ( NAMED_UNIT(*) PLANE_ANGLE_UNIT() SI_UNIT($,.RADIAN.) );
#2440 = ( NAMED_UNIT(*) SI_UNIT($,.STERADIAN.) SOLID_ANGLE_UNIT() );
#2441 = UNCERTAINTY_MEASURE_WITH_UNIT(LENGTH_MEASURE(2.E-06),#2438,
  'distance_accuracy_value','confusion accuracy');
#2442 = CONTEXT_DEPENDENT_SHAPE_REPRESENTATION(#2443,#2445);
#2443 = ( REPRESENTATION_RELATIONSHIP('','',#40,#10) 
REPRESENTATION_RELATIONSHIP_WITH_TRANSFORMATION(#2444) 
SHAPE_REPRESENTATION_RELATIONSHIP() );
#2444 = ITEM_DEFINED_TRANSFORMATION('','',#11,#15);
#2445 = PRODUCT_DEFINITION_SHAPE('Placement','Placement of an item',
  #2446);
#2446 = NEXT_ASSEMBLY_USAGE_OCCURRENCE('188','Solid1','',#5,#35,$);
#2447 = PRODUCT_RELATED_PRODUCT_CATEGORY('part',$,(#37));
#2448 = SHAPE_DEFINITION_REPRESENTATION(#2449,#2455);
#2449 = PRODUCT_DEFINITION_SHAPE('','',#2450);
#2450 = PRODUCT_DEFINITION('design','',#2451,#2454);
#2451 = PRODUCT_DEFINITION_FORMATION('','',#2452);
#2452 = PRODUCT('Solid2','Solid2','',(#2453));
#2453 = PRODUCT_CONTEXT('',#2,'mechanical');
#2454 = PRODUCT_DEFINITION_CONTEXT('part definition',#2,'design');
#2455 = ADVANCED_BREP_SHAPE_REPRESENTATION('',(#11,#2456),#3180);
#2456 = MANIFOLD_SOLID_BREP('',#2457);
#2457 = CLOSED_SHELL('',(#2458,#2791,#2832,#2860,#2884,#2905,#2922,#2943
    ,#3045,#3061,#3077,#3093,#3109,#3125,#3141,#3163));
#2458 = ADVANCED_FACE('',(#2459,#2470),#2786,.T.);
#2459 = FACE_BOUND('',#2460,.T.);
#2460 = EDGE_LOOP('',(#2461));
#2461 = ORIENTED_EDGE('',*,*,#2462,.T.);
#2462 = EDGE_CURVE('',#2463,#2463,#2465,.T.);
#2463 = VERTEX_POINT('',#2464);
#2464 = CARTESIAN_POINT('',(1.424271237135,0.,4.556291390728));
#2465 = CIRCLE('',#2466,4.556291390728);
#2466 = AXIS2_PLACEMENT_3D('',#2467,#2468,#2469);
#2467 = CARTESIAN_POINT('',(1.424271237135,0.,0.));
#2468 = DIRECTION('',(-1.,0.,-0.));
#2469 = DIRECTION('',(-0.,0.,1.));
#2470 = FACE_BOUND('',#2471,.T.);
#2471 = EDGE_LOOP('',(#2472,#2631));
#2472 = ORIENTED_EDGE('',*,*,#2473,.T.);
#2473 = EDGE_CURVE('',#2474,#2476,#2478,.T.);
#2474 = VERTEX_POINT('',#2475);
#2475 = CARTESIAN_POINT('',(0.322923733608,2.25,-3.893784704046E-18));
#2476 = VERTEX_POINT('',#2477);
#2477 = CARTESIAN_POINT('',(0.141896246393,-1.299038105677,0.75));
#2478 = B_SPLINE_CURVE_WITH_KNOTS('',3,(#2479,#2480,#2481,#2482,#2483,
    #2484,#2485,#2486,#2487,#2488,#2489,#2490,#2491,#2492,#2493,#2494,
    #2495,#2496,#2497,#2498,#2499,#2500,#2501,#2502,#2503,#2504,#2505,
    #2506,#2507,#2508,#2509,#2510,#2511,#2512,#2513,#2514,#2515,#2516,
    #2517,#2518,#2519,#2520,#2521,#2522,#2523,#2524,#2525,#2526,#2527,
    #2528,#2529,#2530,#2531,#2532,#2533,#2534,#2535,#2536,#2537,#2538,
    #2539,#2540,#2541,#2542,#2543,#2544,#2545,#2546,#2547,#2548,#2549,
    #2550,#2551,#2552,#2553,#2554,#2555,#2556,#2557,#2558,#2559,#2560,
    #2561,#2562,#2563,#2564,#2565,#2566,#2567,#2568,#2569,#2570,#2571,
    #2572,#2573,#2574,#2575,#2576,#2577,#2578,#2579,#2580,#2581,#2582,
    #2583,#2584,#2585,#2586,#2587,#2588,#2589,#2590,#2591,#2592,#2593,
    #2594,#2595,#2596,#2597,#2598,#2599,#2600,#2601,#2602,#2603,#2604,
    #2605,#2606,#2607,#2608,#2609,#2610,#2611,#2612,#2613,#2614,#2615,
    #2616,#2617,#2618,#2619,#2620,#2621,#2622,#2623,#2624,#2625,#2626,
    #2627,#2628,#2629,#2630),.UNSPECIFIED.,.T.,.F.,(1,3,2,2,2,2,2,2,2,2,
    2,2,2,2,2,2,2,2,2,2,2,2,2,2,2,2,2,2,2,2,2,2,2,2,2,2,2,2,2,2,2,2,2,2,
    2,2,2,2,2,2,2,2,2,2,2,2,2,2,2,2,2,2,2,2,2,2,2,2,2,2,2,2,2,2,2,2,3,1)
  ,(-5.831818251444E-05,0.,5.831818251444E-05,1.166363650289E-04,
    2.332727300578E-04,4.665454601155E-04,9.330909202311E-04,
    1.166363650289E-03,1.399636380347E-03,1.632909110404E-03,
    1.866181840462E-03,2.09945457052E-03,2.332727300578E-03,
    2.449363665607E-03,2.507681848121E-03,2.566000030636E-03,
    2.682636395664E-03,2.799272760693E-03,3.265818220809E-03,
    3.499090950867E-03,3.732363680924E-03,3.965636410982E-03,
    4.19890914104E-03,4.665454601155E-03,4.898727331213E-03,
    5.015363696242E-03,5.073681878757E-03,5.132000061271E-03,
    5.2486364263E-03,5.365272791329E-03,5.598545521387E-03,
    6.065090981502E-03,6.29836371156E-03,6.531636441618E-03,
    6.998181901733E-03,7.231454631791E-03,7.464727361849E-03,
    7.523045544363E-03,7.581363726878E-03,7.639681909392E-03,
    7.698000091907E-03,7.814636456935E-03,7.931272821964E-03,
    8.39781828208E-03,8.631091012138E-03,8.864363742195E-03,
    9.097636472253E-03,9.330909202311E-03,9.797454662426E-03,
    9.914091027455E-03,1.003072739248E-02,1.0089045575E-02,
    1.014736375751E-02,1.026400012254E-02,1.04972728526E-02,
    1.073054558266E-02,1.119709104277E-02,1.143036377283E-02,
    1.166363650289E-02,1.2130181963E-02,1.236345469306E-02,
    1.242177287558E-02,1.248009105809E-02,1.253840924061E-02,
    1.259672742312E-02,1.271336378815E-02,1.283000015318E-02,
    1.306327288324E-02,1.329654561329E-02,1.352981834335E-02,
    1.376309107341E-02,1.399636380347E-02,1.446290926358E-02,
    1.469618199364E-02,1.481281835867E-02,1.487113654118E-02,
    1.49294547237E-02,1.498777290621E-02),.UNSPECIFIED.);
#2479 = CARTESIAN_POINT('',(0.322923733608,2.25,3.388131789017E-18));
#2480 = CARTESIAN_POINT('',(0.322923726537,2.249999975875,
    1.978204624434E-02));
#2481 = CARTESIAN_POINT('',(0.319923294749,2.239507323067,
    3.751573113189E-02));
#2482 = CARTESIAN_POINT('',(0.313012337353,2.21497624648,
    6.692966862432E-02));
#2483 = CARTESIAN_POINT('',(0.309028240993,2.200691584079,
    7.927410941173E-02));
#2484 = CARTESIAN_POINT('',(0.296712259611,2.155885921702,0.114068415356
    ));
#2485 = CARTESIAN_POINT('',(0.288059213477,2.12357127008,0.133810350738)
  );
#2486 = CARTESIAN_POINT('',(0.262740978541,2.025931303939,0.190757862729
    ));
#2487 = CARTESIAN_POINT('',(0.246422095046,1.958862248851,0.225509748905
    ));
#2488 = CARTESIAN_POINT('',(0.201469050266,1.759266266127,0.334308795857
    ));
#2489 = CARTESIAN_POINT('',(0.17655846321,1.627606349353,0.410712778553)
  );
#2490 = CARTESIAN_POINT('',(0.152020050481,1.450126140458,0.558883809336
    ));
#2491 = CARTESIAN_POINT('',(0.14617450848,1.395522266356,0.613100788907)
  );
#2492 = CARTESIAN_POINT('',(0.140803057242,1.30268632578,0.73619397992)
  );
#2493 = CARTESIAN_POINT('',(0.141666296814,1.266310845116,0.805557201379
    ));
#2494 = CARTESIAN_POINT('',(0.149688114844,1.215056487531,0.949797446651
    ));
#2495 = CARTESIAN_POINT('',(0.156754003047,1.198625021777,1.025985376807
    ));
#2496 = CARTESIAN_POINT('',(0.174782691442,1.177945818673,1.176551497846
    ));
#2497 = CARTESIAN_POINT('',(0.18579598807,1.173401570119,1.251865505142)
  );
#2498 = CARTESIAN_POINT('',(0.210934691548,1.170324238384,1.402364298432
    ));
#2499 = CARTESIAN_POINT('',(0.225085022229,1.171923429848,1.477553005744
    ));
#2500 = CARTESIAN_POINT('',(0.255761738486,1.176213662707,1.627625721824
    ));
#2501 = CARTESIAN_POINT('',(0.27237867907,1.179638463091,1.702410964955)
  );
#2502 = CARTESIAN_POINT('',(0.297638317849,1.175766797856,1.814570823533
    ));
#2503 = CARTESIAN_POINT('',(0.306218069836,1.173584748849,1.851999511114
    ));
#2504 = CARTESIAN_POINT('',(0.317332265654,1.158360045151,1.90661727272)
  );
#2505 = CARTESIAN_POINT('',(0.320807101009,1.151208692388,1.924860687547
    ));
#2506 = CARTESIAN_POINT('',(0.323756933971,1.124216668588,1.952383920522
    ));
#2507 = CARTESIAN_POINT('',(0.322170226696,1.103880561487,1.957739910832
    ));
#2508 = CARTESIAN_POINT('',(0.313458040879,1.047067277769,1.955043310989
    ));
#2509 = CARTESIAN_POINT('',(0.304669485806,1.012242354643,1.938739596274
    ));
#2510 = CARTESIAN_POINT('',(0.288001113362,0.945291278822,1.906031243201
    ));
#2511 = CARTESIAN_POINT('',(0.27952808082,0.912894220919,1.887431357227)
  );
#2512 = CARTESIAN_POINT('',(0.238238311138,0.75249978521,1.792248260009)
  );
#2513 = CARTESIAN_POINT('',(0.208446098215,0.627237775555,1.709290831993
    ));
#2514 = CARTESIAN_POINT('',(0.174120010219,0.424892254683,1.60652500834)
  );
#2515 = CARTESIAN_POINT('',(0.164443663573,0.355862507526,1.575821901699
    ));
#2516 = CARTESIAN_POINT('',(0.149615025003,0.212357347236,1.527139807899
    ));
#2517 = CARTESIAN_POINT('',(0.144458336961,0.136976124099,1.509125584494
    ));
#2518 = CARTESIAN_POINT('',(0.140805553125,-1.418225833019E-02,
    1.496201462984));
#2519 = CARTESIAN_POINT('',(0.142547909909,-9.184517291648E-02,
    1.502598779813));
#2520 = CARTESIAN_POINT('',(0.151865575428,-0.240375183094,
    1.534535044287));
#2521 = CARTESIAN_POINT('',(0.15924414931,-0.3119367361,1.559201838642)
  );
#2522 = CARTESIAN_POINT('',(0.187617227059,-0.521706207359,
    1.648625756987));
#2523 = CARTESIAN_POINT('',(0.214183616311,-0.650100003105,
    1.726752092643));
#2524 = CARTESIAN_POINT('',(0.260648260248,-0.840636330967,
    1.844335950543));
#2525 = CARTESIAN_POINT('',(0.277443352236,-0.903554983843,
    1.884536304296));
#2526 = CARTESIAN_POINT('',(0.302392387669,-1.002826911697,1.93458463216
    ));
#2527 = CARTESIAN_POINT('',(0.311039551898,-1.036899752725,
    1.950950250439));
#2528 = CARTESIAN_POINT('',(0.320815327002,-1.093301668474,
    1.958362685267));
#2529 = CARTESIAN_POINT('',(0.32337930712,-1.113737662936,1.956900657737
    ));
#2530 = CARTESIAN_POINT('',(0.322319698759,-1.145348713703,
    1.934367737636));
#2531 = CARTESIAN_POINT('',(0.319146867786,-1.15432378006,1.916351324526
    ));
#2532 = CARTESIAN_POINT('',(0.308591276563,-1.172455610747,
    1.862541864581));
#2533 = CARTESIAN_POINT('',(0.300040456584,-1.174955847304,
    1.825256666104));
#2534 = CARTESIAN_POINT('',(0.283273515171,-1.178301118648,
    1.750770956651));
#2535 = CARTESIAN_POINT('',(0.274881696832,-1.178032142618,
    1.713547028041));
#2536 = CARTESIAN_POINT('',(0.25034009032,-1.17599762457,1.601756738228)
  );
#2537 = CARTESIAN_POINT('',(0.234807664051,-1.172880793603,
    1.527076335794));
#2538 = CARTESIAN_POINT('',(0.192306620671,-1.169458423705,
    1.302146348191));
#2539 = CARTESIAN_POINT('',(0.169232463869,-1.173597292281,
    1.150953946494));
#2540 = CARTESIAN_POINT('',(0.148258890407,-1.221233573457,
    0.929777691745));
#2541 = CARTESIAN_POINT('',(0.143524538095,-1.244903396021,
    0.855446297795));
#2542 = CARTESIAN_POINT('',(0.140963904282,-1.312893817345,
    0.719472715208));
#2543 = CARTESIAN_POINT('',(0.143256221848,-1.358413626398,
    0.657404477226));
#2544 = CARTESIAN_POINT('',(0.158730572018,-1.515866859594,
    0.490107653636));
#2545 = CARTESIAN_POINT('',(0.179387847756,-1.642305102834,
    0.405340997371));
#2546 = CARTESIAN_POINT('',(0.218963311455,-1.837553275322,
    0.291078107312));
#2547 = CARTESIAN_POINT('',(0.233638389403,-1.903733433711,
    0.255514471369));
#2548 = CARTESIAN_POINT('',(0.265138459112,-2.035626362885,
    0.184400521375));
#2549 = CARTESIAN_POINT('',(0.282215858707,-2.102174931926,
    0.149894899975));
#2550 = CARTESIAN_POINT('',(0.302895888618,-2.178435378087,
    9.679928002368E-02));
#2551 = CARTESIAN_POINT('',(0.306983664993,-2.193294077692,
    8.560708034622E-02));
#2552 = CARTESIAN_POINT('',(0.314710144131,-2.221047849754,
    6.028345135576E-02));
#2553 = CARTESIAN_POINT('',(0.318540332173,-2.234604497003,
    4.596311566713E-02));
#2554 = CARTESIAN_POINT('',(0.323372993051,-2.251595019823,
    1.049558869367E-02));
#2555 = CARTESIAN_POINT('',(0.323333504087,-2.251456588465,
    -1.08769942267E-02));
#2556 = CARTESIAN_POINT('',(0.318536074604,-2.23458912193,
    -4.590193027505E-02));
#2557 = CARTESIAN_POINT('',(0.314732925192,-2.221131865803,
    -6.023918083561E-02));
#2558 = CARTESIAN_POINT('',(0.302856030058,-2.178463042249,
    -9.907381524182E-02));
#2559 = CARTESIAN_POINT('',(0.294190276571,-2.146566834736,
    -0.119389921025));
#2560 = CARTESIAN_POINT('',(0.277150880202,-2.08180998844,
    -0.158667160392));
#2561 = CARTESIAN_POINT('',(0.268677623724,-2.048612153862,
    -0.177077580682));
#2562 = CARTESIAN_POINT('',(0.227512476804,-1.881692159821,
    -0.268132274134));
#2563 = CARTESIAN_POINT('',(0.198608182004,-1.745745317862,
    -0.338518317501));
#2564 = CARTESIAN_POINT('',(0.166612953814,-1.55681440938,
    -0.469425388533));
#2565 = CARTESIAN_POINT('',(0.157778609524,-1.496157131847,
    -0.517000752764));
#2566 = CARTESIAN_POINT('',(0.145187718824,-1.383872905809,
    -0.626922712008));
#2567 = CARTESIAN_POINT('',(0.141597383648,-1.33285677251,-0.68937531248
    ));
#2568 = CARTESIAN_POINT('',(0.142205843312,-1.255778164996,
    -0.827242026013));
#2569 = CARTESIAN_POINT('',(0.146353502264,-1.228823630997,
    -0.903581342182));
#2570 = CARTESIAN_POINT('',(0.159859761295,-1.192481104098,
    -1.056607743321));
#2571 = CARTESIAN_POINT('',(0.169288603449,-1.18232879001,
    -1.135068485162));
#2572 = CARTESIAN_POINT('',(0.203362503087,-1.165849323501,
    -1.370594883879));
#2573 = CARTESIAN_POINT('',(0.23379043243,-1.17486967235,-1.526748137104
    ));
#2574 = CARTESIAN_POINT('',(0.276509972357,-1.178100438503,
    -1.720860759613));
#2575 = CARTESIAN_POINT('',(0.285302913214,-1.178280836402,
    -1.759738699577));
#2576 = CARTESIAN_POINT('',(0.302696247482,-1.173924788637,
    -1.837115318421));
#2577 = CARTESIAN_POINT('',(0.311801990993,-1.171198593588,
    -1.876571246223));
#2578 = CARTESIAN_POINT('',(0.321582033841,-1.146586172626,
    -1.930710047901));
#2579 = CARTESIAN_POINT('',(0.323770029924,-1.132830980799,
    -1.947460084712));
#2580 = CARTESIAN_POINT('',(0.321289007354,-1.094151296164,
    -1.959756055896));
#2581 = CARTESIAN_POINT('',(0.317672074872,-1.073787688417,
    -1.956839439471));
#2582 = CARTESIAN_POINT('',(0.306137481723,-1.016476776742,
    -1.942386747187));
#2583 = CARTESIAN_POINT('',(0.297170304042,-0.981690081588,
    -1.924650767722));
#2584 = CARTESIAN_POINT('',(0.270972840995,-0.879116837468,
    -1.869657197751));
#2585 = CARTESIAN_POINT('',(0.253699508266,-0.813434700044,
    -1.827432252721));
#2586 = CARTESIAN_POINT('',(0.222048908454,-0.680318446824,
    -1.745565692315));
#2587 = CARTESIAN_POINT('',(0.207527794426,-0.613196605498,
    -1.705197925106));
#2588 = CARTESIAN_POINT('',(0.169159086215,-0.405827124592,
    -1.593288231815));
#2589 = CARTESIAN_POINT('',(0.149838523106,-0.256732186332,
    -1.527914213744));
#2590 = CARTESIAN_POINT('',(0.140774668302,-1.963528697614E-02,
    -1.496181392559));
#2591 = CARTESIAN_POINT('',(0.14153554074,6.235495620656E-02,
    -1.498986805478));
#2592 = CARTESIAN_POINT('',(0.14988600764,0.218400348977,-1.527849742458
    ));
#2593 = CARTESIAN_POINT('',(0.157310588538,0.295086658376,-1.55291265237
    ));
#2594 = CARTESIAN_POINT('',(0.186104738494,0.514989058764,
    -1.644199287677));
#2595 = CARTESIAN_POINT('',(0.213801372235,0.649027777802,
    -1.726085941904));
#2596 = CARTESIAN_POINT('',(0.262648416664,0.848576606193,
    -1.849238470512));
#2597 = CARTESIAN_POINT('',(0.280353992427,0.914117487725,
    -1.891511019346));
#2598 = CARTESIAN_POINT('',(0.302058672691,1.001893299492,
    -1.933470089691));
#2599 = CARTESIAN_POINT('',(0.306364637189,1.019785004925,
    -1.941242345141));
#2600 = CARTESIAN_POINT('',(0.314546729891,1.057428204041,
    -1.953474346135));
#2601 = CARTESIAN_POINT('',(0.318542849,1.077389969913,-1.958278577908)
  );
#2602 = CARTESIAN_POINT('',(0.323438234413,1.117366658648,-1.95507015421
    ));
#2603 = CARTESIAN_POINT('',(0.323250914067,1.136460793191,
    -1.943292971579));
#2604 = CARTESIAN_POINT('',(0.318059993046,1.158174050182,
    -1.909669561798));
#2605 = CARTESIAN_POINT('',(0.314071067845,1.163680863991,
    -1.890170519443));
#2606 = CARTESIAN_POINT('',(0.301837993805,1.175479715885,
    -1.832526765868));
#2607 = CARTESIAN_POINT('',(0.29277477577,1.177001505282,-1.793028567423
    ));
#2608 = CARTESIAN_POINT('',(0.275203347945,1.178274127867,
    -1.714873583687));
#2609 = CARTESIAN_POINT('',(0.266506120944,1.177475832888,
    -1.675776907545));
#2610 = CARTESIAN_POINT('',(0.241213494416,1.174440080945,
    -1.558314182122));
#2611 = CARTESIAN_POINT('',(0.225396011216,1.171496945174,
    -1.479703089231));
#2612 = CARTESIAN_POINT('',(0.197016047417,1.171023442166,
    -1.322323349591));
#2613 = CARTESIAN_POINT('',(0.184415395487,1.17327027582,-1.243559271165
    ));
#2614 = CARTESIAN_POINT('',(0.163280932931,1.188494365106,
    -1.086131170384));
#2615 = CARTESIAN_POINT('',(0.154649917158,1.201611091087,
    -1.006491219354));
#2616 = CARTESIAN_POINT('',(0.143431820996,1.246192017072,
    -0.853084765105));
#2617 = CARTESIAN_POINT('',(0.140851365965,1.278177524714,
    -0.778809406846));
#2618 = CARTESIAN_POINT('',(0.143725726505,1.367465667938,
    -0.644586158223));
#2619 = CARTESIAN_POINT('',(0.148799526492,1.421817790531,
    -0.586167432322));
#2620 = CARTESIAN_POINT('',(0.172044355925,1.602240045603,
    -0.426573703192));
#2621 = CARTESIAN_POINT('',(0.197264283053,1.738809981122,
    -0.345918262874));
#2622 = CARTESIAN_POINT('',(0.243397632255,1.94618664635,-0.232224701847
    ));
#2623 = CARTESIAN_POINT('',(0.260247904269,2.015989286793,
    -0.196146538696));
#2624 = CARTESIAN_POINT('',(0.286523658718,2.117788484467,
    -0.137356691344));
#2625 = CARTESIAN_POINT('',(0.295499581338,2.151412566818,-0.11708645059
    ));
#2626 = CARTESIAN_POINT('',(0.308335811387,2.19819888093,
    -8.14044358418E-02));
#2627 = CARTESIAN_POINT('',(0.31249710358,2.213137483321,
    -6.875733512617E-02));
#2628 = CARTESIAN_POINT('',(0.31974279767,2.238875619411,
    -3.861528881186E-02));
#2629 = CARTESIAN_POINT('',(0.322923740679,2.250000024125,
    -1.978204624434E-02));
#2630 = CARTESIAN_POINT('',(0.322923733608,2.25,3.388131789017E-18));
#2631 = ORIENTED_EDGE('',*,*,#2632,.T.);
#2632 = EDGE_CURVE('',#2476,#2474,#2633,.T.);
#2633 = B_SPLINE_CURVE_WITH_KNOTS('',3,(#2634,#2635,#2636,#2637,#2638,
    #2639,#2640,#2641,#2642,#2643,#2644,#2645,#2646,#2647,#2648,#2649,
    #2650,#2651,#2652,#2653,#2654,#2655,#2656,#2657,#2658,#2659,#2660,
    #2661,#2662,#2663,#2664,#2665,#2666,#2667,#2668,#2669,#2670,#2671,
    #2672,#2673,#2674,#2675,#2676,#2677,#2678,#2679,#2680,#2681,#2682,
    #2683,#2684,#2685,#2686,#2687,#2688,#2689,#2690,#2691,#2692,#2693,
    #2694,#2695,#2696,#2697,#2698,#2699,#2700,#2701,#2702,#2703,#2704,
    #2705,#2706,#2707,#2708,#2709,#2710,#2711,#2712,#2713,#2714,#2715,
    #2716,#2717,#2718,#2719,#2720,#2721,#2722,#2723,#2724,#2725,#2726,
    #2727,#2728,#2729,#2730,#2731,#2732,#2733,#2734,#2735,#2736,#2737,
    #2738,#2739,#2740,#2741,#2742,#2743,#2744,#2745,#2746,#2747,#2748,
    #2749,#2750,#2751,#2752,#2753,#2754,#2755,#2756,#2757,#2758,#2759,
    #2760,#2761,#2762,#2763,#2764,#2765,#2766,#2767,#2768,#2769,#2770,
    #2771,#2772,#2773,#2774,#2775,#2776,#2777,#2778,#2779,#2780,#2781,
    #2782,#2783,#2784,#2785),.UNSPECIFIED.,.T.,.F.,(1,3,2,2,2,2,2,2,2,2,
    2,2,2,2,2,2,2,2,2,2,2,2,2,2,2,2,2,2,2,2,2,2,2,2,2,2,2,2,2,2,2,2,2,2,
    2,2,2,2,2,2,2,2,2,2,2,2,2,2,2,2,2,2,2,2,2,2,2,2,2,2,2,2,2,2,2,2,3,1)
  ,(-5.831818251444E-05,0.,5.831818251444E-05,1.166363650289E-04,
    2.332727300578E-04,4.665454601155E-04,9.330909202311E-04,
    1.166363650289E-03,1.399636380347E-03,1.632909110404E-03,
    1.866181840462E-03,2.09945457052E-03,2.332727300578E-03,
    2.449363665607E-03,2.507681848121E-03,2.566000030636E-03,
    2.682636395664E-03,2.799272760693E-03,3.265818220809E-03,
    3.499090950867E-03,3.732363680924E-03,3.965636410982E-03,
    4.19890914104E-03,4.665454601155E-03,4.898727331213E-03,
    5.015363696242E-03,5.073681878757E-03,5.132000061271E-03,
    5.2486364263E-03,5.365272791329E-03,5.598545521387E-03,
    6.065090981502E-03,6.29836371156E-03,6.531636441618E-03,
    6.998181901733E-03,7.231454631791E-03,7.464727361849E-03,
    7.523045544363E-03,7.581363726878E-03,7.639681909392E-03,
    7.698000091907E-03,7.814636456935E-03,7.931272821964E-03,
    8.39781828208E-03,8.631091012138E-03,8.864363742195E-03,
    9.097636472253E-03,9.330909202311E-03,9.797454662426E-03,
    9.914091027455E-03,1.003072739248E-02,1.0089045575E-02,
    1.014736375751E-02,1.026400012254E-02,1.04972728526E-02,
    1.073054558266E-02,1.119709104277E-02,1.143036377283E-02,
    1.166363650289E-02,1.2130181963E-02,1.236345469306E-02,
    1.242177287558E-02,1.248009105809E-02,1.253840924061E-02,
    1.259672742312E-02,1.271336378815E-02,1.283000015318E-02,
    1.306327288324E-02,1.329654561329E-02,1.352981834335E-02,
    1.376309107341E-02,1.399636380347E-02,1.446290926358E-02,
    1.469618199364E-02,1.481281835867E-02,1.487113654118E-02,
    1.49294547237E-02,1.498777290621E-02),.UNSPECIFIED.);
#2634 = CARTESIAN_POINT('',(0.322923733608,2.25,3.388131789017E-18));
#2635 = CARTESIAN_POINT('',(0.322923726537,2.249999975875,
    1.978204624434E-02));
#2636 = CARTESIAN_POINT('',(0.319923294749,2.239507323067,
    3.751573113189E-02));
#2637 = CARTESIAN_POINT('',(0.313012337353,2.21497624648,
    6.692966862432E-02));
#2638 = CARTESIAN_POINT('',(0.309028240993,2.200691584079,
    7.927410941173E-02));
#2639 = CARTESIAN_POINT('',(0.296712259611,2.155885921702,0.114068415356
    ));
#2640 = CARTESIAN_POINT('',(0.288059213477,2.12357127008,0.133810350738)
  );
#2641 = CARTESIAN_POINT('',(0.262740978541,2.025931303939,0.190757862729
    ));
#2642 = CARTESIAN_POINT('',(0.246422095046,1.958862248851,0.225509748905
    ));
#2643 = CARTESIAN_POINT('',(0.201469050266,1.759266266127,0.334308795857
    ));
#2644 = CARTESIAN_POINT('',(0.17655846321,1.627606349353,0.410712778553)
  );
#2645 = CARTESIAN_POINT('',(0.152020050481,1.450126140458,0.558883809336
    ));
#2646 = CARTESIAN_POINT('',(0.14617450848,1.395522266356,0.613100788907)
  );
#2647 = CARTESIAN_POINT('',(0.140803057242,1.30268632578,0.73619397992)
  );
#2648 = CARTESIAN_POINT('',(0.141666296814,1.266310845116,0.805557201379
    ));
#2649 = CARTESIAN_POINT('',(0.149688114844,1.215056487531,0.949797446651
    ));
#2650 = CARTESIAN_POINT('',(0.156754003047,1.198625021777,1.025985376807
    ));
#2651 = CARTESIAN_POINT('',(0.174782691442,1.177945818673,1.176551497846
    ));
#2652 = CARTESIAN_POINT('',(0.18579598807,1.173401570119,1.251865505142)
  );
#2653 = CARTESIAN_POINT('',(0.210934691548,1.170324238384,1.402364298432
    ));
#2654 = CARTESIAN_POINT('',(0.225085022229,1.171923429848,1.477553005744
    ));
#2655 = CARTESIAN_POINT('',(0.255761738486,1.176213662707,1.627625721824
    ));
#2656 = CARTESIAN_POINT('',(0.27237867907,1.179638463091,1.702410964955)
  );
#2657 = CARTESIAN_POINT('',(0.297638317849,1.175766797856,1.814570823533
    ));
#2658 = CARTESIAN_POINT('',(0.306218069836,1.173584748849,1.851999511114
    ));
#2659 = CARTESIAN_POINT('',(0.317332265654,1.158360045151,1.90661727272)
  );
#2660 = CARTESIAN_POINT('',(0.320807101009,1.151208692388,1.924860687547
    ));
#2661 = CARTESIAN_POINT('',(0.323756933971,1.124216668588,1.952383920522
    ));
#2662 = CARTESIAN_POINT('',(0.322170226696,1.103880561487,1.957739910832
    ));
#2663 = CARTESIAN_POINT('',(0.313458040879,1.047067277769,1.955043310989
    ));
#2664 = CARTESIAN_POINT('',(0.304669485806,1.012242354643,1.938739596274
    ));
#2665 = CARTESIAN_POINT('',(0.288001113362,0.945291278822,1.906031243201
    ));
#2666 = CARTESIAN_POINT('',(0.27952808082,0.912894220919,1.887431357227)
  );
#2667 = CARTESIAN_POINT('',(0.238238311138,0.75249978521,1.792248260009)
  );
#2668 = CARTESIAN_POINT('',(0.208446098215,0.627237775555,1.709290831993
    ));
#2669 = CARTESIAN_POINT('',(0.174120010219,0.424892254683,1.60652500834)
  );
#2670 = CARTESIAN_POINT('',(0.164443663573,0.355862507526,1.575821901699
    ));
#2671 = CARTESIAN_POINT('',(0.149615025003,0.212357347236,1.527139807899
    ));
#2672 = CARTESIAN_POINT('',(0.144458336961,0.136976124099,1.509125584494
    ));
#2673 = CARTESIAN_POINT('',(0.140805553125,-1.418225833019E-02,
    1.496201462984));
#2674 = CARTESIAN_POINT('',(0.142547909909,-9.184517291648E-02,
    1.502598779813));
#2675 = CARTESIAN_POINT('',(0.151865575428,-0.240375183094,
    1.534535044287));
#2676 = CARTESIAN_POINT('',(0.15924414931,-0.3119367361,1.559201838642)
  );
#2677 = CARTESIAN_POINT('',(0.187617227059,-0.521706207359,
    1.648625756987));
#2678 = CARTESIAN_POINT('',(0.214183616311,-0.650100003105,
    1.726752092643));
#2679 = CARTESIAN_POINT('',(0.260648260248,-0.840636330967,
    1.844335950543));
#2680 = CARTESIAN_POINT('',(0.277443352236,-0.903554983843,
    1.884536304296));
#2681 = CARTESIAN_POINT('',(0.302392387669,-1.002826911697,1.93458463216
    ));
#2682 = CARTESIAN_POINT('',(0.311039551898,-1.036899752725,
    1.950950250439));
#2683 = CARTESIAN_POINT('',(0.320815327002,-1.093301668474,
    1.958362685267));
#2684 = CARTESIAN_POINT('',(0.32337930712,-1.113737662936,1.956900657737
    ));
#2685 = CARTESIAN_POINT('',(0.322319698759,-1.145348713703,
    1.934367737636));
#2686 = CARTESIAN_POINT('',(0.319146867786,-1.15432378006,1.916351324526
    ));
#2687 = CARTESIAN_POINT('',(0.308591276563,-1.172455610747,
    1.862541864581));
#2688 = CARTESIAN_POINT('',(0.300040456584,-1.174955847304,
    1.825256666104));
#2689 = CARTESIAN_POINT('',(0.283273515171,-1.178301118648,
    1.750770956651));
#2690 = CARTESIAN_POINT('',(0.274881696832,-1.178032142618,
    1.713547028041));
#2691 = CARTESIAN_POINT('',(0.25034009032,-1.17599762457,1.601756738228)
  );
#2692 = CARTESIAN_POINT('',(0.234807664051,-1.172880793603,
    1.527076335794));
#2693 = CARTESIAN_POINT('',(0.192306620671,-1.169458423705,
    1.302146348191));
#2694 = CARTESIAN_POINT('',(0.169232463869,-1.173597292281,
    1.150953946494));
#2695 = CARTESIAN_POINT('',(0.148258890407,-1.221233573457,
    0.929777691745));
#2696 = CARTESIAN_POINT('',(0.143524538095,-1.244903396021,
    0.855446297795));
#2697 = CARTESIAN_POINT('',(0.140963904282,-1.312893817345,
    0.719472715208));
#2698 = CARTESIAN_POINT('',(0.143256221848,-1.358413626398,
    0.657404477226));
#2699 = CARTESIAN_POINT('',(0.158730572018,-1.515866859594,
    0.490107653636));
#2700 = CARTESIAN_POINT('',(0.179387847756,-1.642305102834,
    0.405340997371));
#2701 = CARTESIAN_POINT('',(0.218963311455,-1.837553275322,
    0.291078107312));
#2702 = CARTESIAN_POINT('',(0.233638389403,-1.903733433711,
    0.255514471369));
#2703 = CARTESIAN_POINT('',(0.265138459112,-2.035626362885,
    0.184400521375));
#2704 = CARTESIAN_POINT('',(0.282215858707,-2.102174931926,
    0.149894899975));
#2705 = CARTESIAN_POINT('',(0.302895888618,-2.178435378087,
    9.679928002368E-02));
#2706 = CARTESIAN_POINT('',(0.306983664993,-2.193294077692,
    8.560708034622E-02));
#2707 = CARTESIAN_POINT('',(0.314710144131,-2.221047849754,
    6.028345135576E-02));
#2708 = CARTESIAN_POINT('',(0.318540332173,-2.234604497003,
    4.596311566713E-02));
#2709 = CARTESIAN_POINT('',(0.323372993051,-2.251595019823,
    1.049558869367E-02));
#2710 = CARTESIAN_POINT('',(0.323333504087,-2.251456588465,
    -1.08769942267E-02));
#2711 = CARTESIAN_POINT('',(0.318536074604,-2.23458912193,
    -4.590193027505E-02));
#2712 = CARTESIAN_POINT('',(0.314732925192,-2.221131865803,
    -6.023918083561E-02));
#2713 = CARTESIAN_POINT('',(0.302856030058,-2.178463042249,
    -9.907381524182E-02));
#2714 = CARTESIAN_POINT('',(0.294190276571,-2.146566834736,
    -0.119389921025));
#2715 = CARTESIAN_POINT('',(0.277150880202,-2.08180998844,
    -0.158667160392));
#2716 = CARTESIAN_POINT('',(0.268677623724,-2.048612153862,
    -0.177077580682));
#2717 = CARTESIAN_POINT('',(0.227512476804,-1.881692159821,
    -0.268132274134));
#2718 = CARTESIAN_POINT('',(0.198608182004,-1.745745317862,
    -0.338518317501));
#2719 = CARTESIAN_POINT('',(0.166612953814,-1.55681440938,
    -0.469425388533));
#2720 = CARTESIAN_POINT('',(0.157778609524,-1.496157131847,
    -0.517000752764));
#2721 = CARTESIAN_POINT('',(0.145187718824,-1.383872905809,
    -0.626922712008));
#2722 = CARTESIAN_POINT('',(0.141597383648,-1.33285677251,-0.68937531248
    ));
#2723 = CARTESIAN_POINT('',(0.142205843312,-1.255778164996,
    -0.827242026013));
#2724 = CARTESIAN_POINT('',(0.146353502264,-1.228823630997,
    -0.903581342182));
#2725 = CARTESIAN_POINT('',(0.159859761295,-1.192481104098,
    -1.056607743321));
#2726 = CARTESIAN_POINT('',(0.169288603449,-1.18232879001,
    -1.135068485162));
#2727 = CARTESIAN_POINT('',(0.203362503087,-1.165849323501,
    -1.370594883879));
#2728 = CARTESIAN_POINT('',(0.23379043243,-1.17486967235,-1.526748137104
    ));
#2729 = CARTESIAN_POINT('',(0.276509972357,-1.178100438503,
    -1.720860759613));
#2730 = CARTESIAN_POINT('',(0.285302913214,-1.178280836402,
    -1.759738699577));
#2731 = CARTESIAN_POINT('',(0.302696247482,-1.173924788637,
    -1.837115318421));
#2732 = CARTESIAN_POINT('',(0.311801990993,-1.171198593588,
    -1.876571246223));
#2733 = CARTESIAN_POINT('',(0.321582033841,-1.146586172626,
    -1.930710047901));
#2734 = CARTESIAN_POINT('',(0.323770029924,-1.132830980799,
    -1.947460084712));
#2735 = CARTESIAN_POINT('',(0.321289007354,-1.094151296164,
    -1.959756055896));
#2736 = CARTESIAN_POINT('',(0.317672074872,-1.073787688417,
    -1.956839439471));
#2737 = CARTESIAN_POINT('',(0.306137481723,-1.016476776742,
    -1.942386747187));
#2738 = CARTESIAN_POINT('',(0.297170304042,-0.981690081588,
    -1.924650767722));
#2739 = CARTESIAN_POINT('',(0.270972840995,-0.879116837468,
    -1.869657197751));
#2740 = CARTESIAN_POINT('',(0.253699508266,-0.813434700044,
    -1.827432252721));
#2741 = CARTESIAN_POINT('',(0.222048908454,-0.680318446824,
    -1.745565692315));
#2742 = CARTESIAN_POINT('',(0.207527794426,-0.613196605498,
    -1.705197925106));
#2743 = CARTESIAN_POINT('',(0.169159086215,-0.405827124592,
    -1.593288231815));
#2744 = CARTESIAN_POINT('',(0.149838523106,-0.256732186332,
    -1.527914213744));
#2745 = CARTESIAN_POINT('',(0.140774668302,-1.963528697614E-02,
    -1.496181392559));
#2746 = CARTESIAN_POINT('',(0.14153554074,6.235495620656E-02,
    -1.498986805478));
#2747 = CARTESIAN_POINT('',(0.14988600764,0.218400348977,-1.527849742458
    ));
#2748 = CARTESIAN_POINT('',(0.157310588538,0.295086658376,-1.55291265237
    ));
#2749 = CARTESIAN_POINT('',(0.186104738494,0.514989058764,
    -1.644199287677));
#2750 = CARTESIAN_POINT('',(0.213801372235,0.649027777802,
    -1.726085941904));
#2751 = CARTESIAN_POINT('',(0.262648416664,0.848576606193,
    -1.849238470512));
#2752 = CARTESIAN_POINT('',(0.280353992427,0.914117487725,
    -1.891511019346));
#2753 = CARTESIAN_POINT('',(0.302058672691,1.001893299492,
    -1.933470089691));
#2754 = CARTESIAN_POINT('',(0.306364637189,1.019785004925,
    -1.941242345141));
#2755 = CARTESIAN_POINT('',(0.314546729891,1.057428204041,
    -1.953474346135));
#2756 = CARTESIAN_POINT('',(0.318542849,1.077389969913,-1.958278577908)
  );
#2757 = CARTESIAN_POINT('',(0.323438234413,1.117366658648,-1.95507015421
    ));
#2758 = CARTESIAN_POINT('',(0.323250914067,1.136460793191,
    -1.943292971579));
#2759 = CARTESIAN_POINT('',(0.318059993046,1.158174050182,
    -1.909669561798));
#2760 = CARTESIAN_POINT('',(0.314071067845,1.163680863991,
    -1.890170519443));
#2761 = CARTESIAN_POINT('',(0.301837993805,1.175479715885,
    -1.832526765868));
#2762 = CARTESIAN_POINT('',(0.29277477577,1.177001505282,-1.793028567423
    ));
#2763 = CARTESIAN_POINT('',(0.275203347945,1.178274127867,
    -1.714873583687));
#2764 = CARTESIAN_POINT('',(0.266506120944,1.177475832888,
    -1.675776907545));
#2765 = CARTESIAN_POINT('',(0.241213494416,1.174440080945,
    -1.558314182122));
#2766 = CARTESIAN_POINT('',(0.225396011216,1.171496945174,
    -1.479703089231));
#2767 = CARTESIAN_POINT('',(0.197016047417,1.171023442166,
    -1.322323349591));
#2768 = CARTESIAN_POINT('',(0.184415395487,1.17327027582,-1.243559271165
    ));
#2769 = CARTESIAN_POINT('',(0.163280932931,1.188494365106,
    -1.086131170384));
#2770 = CARTESIAN_POINT('',(0.154649917158,1.201611091087,
    -1.006491219354));
#2771 = CARTESIAN_POINT('',(0.143431820996,1.246192017072,
    -0.853084765105));
#2772 = CARTESIAN_POINT('',(0.140851365965,1.278177524714,
    -0.778809406846));
#2773 = CARTESIAN_POINT('',(0.143725726505,1.367465667938,
    -0.644586158223));
#2774 = CARTESIAN_POINT('',(0.148799526492,1.421817790531,
    -0.586167432322));
#2775 = CARTESIAN_POINT('',(0.172044355925,1.602240045603,
    -0.426573703192));
#2776 = CARTESIAN_POINT('',(0.197264283053,1.738809981122,
    -0.345918262874));
#2777 = CARTESIAN_POINT('',(0.243397632255,1.94618664635,-0.232224701847
    ));
#2778 = CARTESIAN_POINT('',(0.260247904269,2.015989286793,
    -0.196146538696));
#2779 = CARTESIAN_POINT('',(0.286523658718,2.117788484467,
    -0.137356691344));
#2780 = CARTESIAN_POINT('',(0.295499581338,2.151412566818,-0.11708645059
    ));
#2781 = CARTESIAN_POINT('',(0.308335811387,2.19819888093,
    -8.14044358418E-02));
#2782 = CARTESIAN_POINT('',(0.31249710358,2.213137483321,
    -6.875733512617E-02));
#2783 = CARTESIAN_POINT('',(0.31974279767,2.238875619411,
    -3.861528881186E-02));
#2784 = CARTESIAN_POINT('',(0.322923740679,2.250000024125,
    -1.978204624434E-02));
#2785 = CARTESIAN_POINT('',(0.322923733608,2.25,3.388131789017E-18));
#2786 = SPHERICAL_SURFACE('',#2787,8.);
#2787 = AXIS2_PLACEMENT_3D('',#2788,#2789,#2790);
#2788 = CARTESIAN_POINT('',(8.,-5.633375276078E-16,0.));
#2789 = DIRECTION('',(-0.,0.,-1.));
#2790 = DIRECTION('',(0.,1.,0.));
#2791 = ADVANCED_FACE('',(#2792),#2827,.T.);
#2792 = FACE_BOUND('',#2793,.T.);
#2793 = EDGE_LOOP('',(#2794,#2805,#2812,#2819,#2820));
#2794 = ORIENTED_EDGE('',*,*,#2795,.T.);
#2795 = EDGE_CURVE('',#2796,#2798,#2800,.T.);
#2796 = VERTEX_POINT('',#2797);
#2797 = CARTESIAN_POINT('',(15.2,0.,-2.5));
#2798 = VERTEX_POINT('',#2799);
#2799 = CARTESIAN_POINT('',(15.2,-6.123233995737E-16,2.5));
#2800 = CIRCLE('',#2801,2.5);
#2801 = AXIS2_PLACEMENT_3D('',#2802,#2803,#2804);
#2802 = CARTESIAN_POINT('',(15.2,0.,0.));
#2803 = DIRECTION('',(-1.,-0.,-0.));
#2804 = DIRECTION('',(0.,0.,-1.));
#2805 = ORIENTED_EDGE('',*,*,#2806,.T.);
#2806 = EDGE_CURVE('',#2798,#2807,#2809,.T.);
#2807 = VERTEX_POINT('',#2808);
#2808 = CARTESIAN_POINT('',(3.9,0.,2.5));
#2809 = B_SPLINE_CURVE_WITH_KNOTS('',1,(#2810,#2811),.UNSPECIFIED.,.F.,
  .F.,(2,2),(-40.6,-29.3),.PIECEWISE_BEZIER_KNOTS.);
#2810 = CARTESIAN_POINT('',(15.2,0.,2.5));
#2811 = CARTESIAN_POINT('',(3.9,0.,2.5));
#2812 = ORIENTED_EDGE('',*,*,#2813,.T.);
#2813 = EDGE_CURVE('',#2807,#2807,#2814,.T.);
#2814 = CIRCLE('',#2815,2.5);
#2815 = AXIS2_PLACEMENT_3D('',#2816,#2817,#2818);
#2816 = CARTESIAN_POINT('',(3.9,0.,0.));
#2817 = DIRECTION('',(1.,0.,-0.));
#2818 = DIRECTION('',(0.,0.,1.));
#2819 = ORIENTED_EDGE('',*,*,#2806,.F.);
#2820 = ORIENTED_EDGE('',*,*,#2821,.T.);
#2821 = EDGE_CURVE('',#2798,#2796,#2822,.T.);
#2822 = CIRCLE('',#2823,2.5);
#2823 = AXIS2_PLACEMENT_3D('',#2824,#2825,#2826);
#2824 = CARTESIAN_POINT('',(15.2,0.,0.));
#2825 = DIRECTION('',(-1.,-0.,-0.));
#2826 = DIRECTION('',(0.,0.,-1.));
#2827 = CYLINDRICAL_SURFACE('',#2828,2.5);
#2828 = AXIS2_PLACEMENT_3D('',#2829,#2830,#2831);
#2829 = CARTESIAN_POINT('',(-25.4,0.,0.));
#2830 = DIRECTION('',(-1.,-0.,-0.));
#2831 = DIRECTION('',(-0.,0.,1.));
#2832 = ADVANCED_FACE('',(#2833,#2844),#2855,.F.);
#2833 = FACE_BOUND('',#2834,.T.);
#2834 = EDGE_LOOP('',(#2835));
#2835 = ORIENTED_EDGE('',*,*,#2836,.T.);
#2836 = EDGE_CURVE('',#2837,#2837,#2839,.T.);
#2837 = VERTEX_POINT('',#2838);
#2838 = CARTESIAN_POINT('',(3.7,0.,2.7));
#2839 = CIRCLE('',#2840,2.7);
#2840 = AXIS2_PLACEMENT_3D('',#2841,#2842,#2843);
#2841 = CARTESIAN_POINT('',(3.7,0.,0.));
#2842 = DIRECTION('',(-1.,0.,-0.));
#2843 = DIRECTION('',(-0.,0.,1.));
#2844 = FACE_BOUND('',#2845,.T.);
#2845 = EDGE_LOOP('',(#2846));
#2846 = ORIENTED_EDGE('',*,*,#2847,.F.);
#2847 = EDGE_CURVE('',#2848,#2848,#2850,.T.);
#2848 = VERTEX_POINT('',#2849);
#2849 = CARTESIAN_POINT('',(3.7,0.,4.75));
#2850 = CIRCLE('',#2851,4.75);
#2851 = AXIS2_PLACEMENT_3D('',#2852,#2853,#2854);
#2852 = CARTESIAN_POINT('',(3.7,0.,0.));
#2853 = DIRECTION('',(-1.,0.,-0.));
#2854 = DIRECTION('',(-0.,0.,1.));
#2855 = PLANE('',#2856);
#2856 = AXIS2_PLACEMENT_3D('',#2857,#2858,#2859);
#2857 = CARTESIAN_POINT('',(3.7,2.5,0.));
#2858 = DIRECTION('',(-1.,0.,-0.));
#2859 = DIRECTION('',(0.,0.,1.));
#2860 = ADVANCED_FACE('',(#2861),#2879,.T.);
#2861 = FACE_BOUND('',#2862,.T.);
#2862 = EDGE_LOOP('',(#2863,#2864,#2871,#2878));
#2863 = ORIENTED_EDGE('',*,*,#2847,.T.);
#2864 = ORIENTED_EDGE('',*,*,#2865,.T.);
#2865 = EDGE_CURVE('',#2848,#2866,#2868,.T.);
#2866 = VERTEX_POINT('',#2867);
#2867 = CARTESIAN_POINT('',(1.794155980046,0.,4.75));
#2868 = B_SPLINE_CURVE_WITH_KNOTS('',1,(#2869,#2870),.UNSPECIFIED.,.F.,
  .F.,(2,2),(-29.1,-27.19415598004),.PIECEWISE_BEZIER_KNOTS.);
#2869 = CARTESIAN_POINT('',(3.7,0.,4.75));
#2870 = CARTESIAN_POINT('',(1.794155980046,0.,4.75));
#2871 = ORIENTED_EDGE('',*,*,#2872,.F.);
#2872 = EDGE_CURVE('',#2866,#2866,#2873,.T.);
#2873 = CIRCLE('',#2874,4.75);
#2874 = AXIS2_PLACEMENT_3D('',#2875,#2876,#2877);
#2875 = CARTESIAN_POINT('',(1.794155980046,0.,0.));
#2876 = DIRECTION('',(-1.,0.,-0.));
#2877 = DIRECTION('',(-0.,0.,1.));
#2878 = ORIENTED_EDGE('',*,*,#2865,.F.);
#2879 = CYLINDRICAL_SURFACE('',#2880,4.75);
#2880 = AXIS2_PLACEMENT_3D('',#2881,#2882,#2883);
#2881 = CARTESIAN_POINT('',(-25.4,0.,0.));
#2882 = DIRECTION('',(-1.,-0.,-0.));
#2883 = DIRECTION('',(-0.,0.,1.));
#2884 = ADVANCED_FACE('',(#2885),#2900,.T.);
#2885 = FACE_BOUND('',#2886,.T.);
#2886 = EDGE_LOOP('',(#2887,#2888,#2898,#2899));
#2887 = ORIENTED_EDGE('',*,*,#2872,.T.);
#2888 = ORIENTED_EDGE('',*,*,#2889,.T.);
#2889 = EDGE_CURVE('',#2866,#2463,#2890,.T.);
#2890 = ( BOUNDED_CURVE() B_SPLINE_CURVE(6,(#2891,#2892,#2893,#2894,
#2895,#2896,#2897),.UNSPECIFIED.,.F.,.F.) B_SPLINE_CURVE_WITH_KNOTS((7,7
),(0.,0.964854566379),.PIECEWISE_BEZIER_KNOTS.) CURVE() 
GEOMETRIC_REPRESENTATION_ITEM() RATIONAL_B_SPLINE_CURVE((1.011714577866,
    1.0038438045,0.999219965065,0.997692311916,0.999219965065,
1.0038438045,1.011714577866)) REPRESENTATION_ITEM('') );
#2891 = CARTESIAN_POINT('',(1.794155980046,0.,4.75));
#2892 = CARTESIAN_POINT('',(1.72122452522,0.,4.75));
#2893 = CARTESIAN_POINT('',(1.648986031416,0.,4.735861228974));
#2894 = CARTESIAN_POINT('',(1.58047886465,0.,4.70801441501));
#2895 = CARTESIAN_POINT('',(1.51857240094,0.,4.66756362148));
#2896 = CARTESIAN_POINT('',(1.465808357102,0.,4.616238573881));
#2897 = CARTESIAN_POINT('',(1.424271237135,0.,4.556291390728));
#2898 = ORIENTED_EDGE('',*,*,#2462,.F.);
#2899 = ORIENTED_EDGE('',*,*,#2889,.F.);
#2900 = TOROIDAL_SURFACE('',#2901,4.3,0.45);
#2901 = AXIS2_PLACEMENT_3D('',#2902,#2903,#2904);
#2902 = CARTESIAN_POINT('',(1.794155980046,0.,0.));
#2903 = DIRECTION('',(-1.,-0.,-0.));
#2904 = DIRECTION('',(-0.,0.,1.));
#2905 = ADVANCED_FACE('',(#2906),#2917,.T.);
#2906 = FACE_BOUND('',#2907,.T.);
#2907 = EDGE_LOOP('',(#2908));
#2908 = ORIENTED_EDGE('',*,*,#2909,.T.);
#2909 = EDGE_CURVE('',#2910,#2910,#2912,.T.);
#2910 = VERTEX_POINT('',#2911);
#2911 = CARTESIAN_POINT('',(15.7,0.,-2.));
#2912 = CIRCLE('',#2913,2.);
#2913 = AXIS2_PLACEMENT_3D('',#2914,#2915,#2916);
#2914 = CARTESIAN_POINT('',(15.7,0.,0.));
#2915 = DIRECTION('',(1.,0.,0.));
#2916 = DIRECTION('',(0.,0.,-1.));
#2917 = PLANE('',#2918);
#2918 = AXIS2_PLACEMENT_3D('',#2919,#2920,#2921);
#2919 = CARTESIAN_POINT('',(15.7,2.5,0.));
#2920 = DIRECTION('',(1.,0.,0.));
#2921 = DIRECTION('',(0.,0.,-1.));
#2922 = ADVANCED_FACE('',(#2923),#2938,.F.);
#2923 = FACE_BOUND('',#2924,.F.);
#2924 = EDGE_LOOP('',(#2925,#2926,#2936,#2937));
#2925 = ORIENTED_EDGE('',*,*,#2813,.T.);
#2926 = ORIENTED_EDGE('',*,*,#2927,.F.);
#2927 = EDGE_CURVE('',#2837,#2807,#2928,.T.);
#2928 = ( BOUNDED_CURVE() B_SPLINE_CURVE(6,(#2929,#2930,#2931,#2932,
#2933,#2934,#2935),.UNSPECIFIED.,.F.,.F.) B_SPLINE_CURVE_WITH_KNOTS((7,7
),(1.570796326795,3.14159265359),.PIECEWISE_BEZIER_KNOTS.) CURVE() 
GEOMETRIC_REPRESENTATION_ITEM() RATIONAL_B_SPLINE_CURVE((1.031393471788,
    1.010025407661,0.997924642725,0.993958444137,0.997924642725,
1.010025407661,1.031393471788)) REPRESENTATION_ITEM('') );
#2929 = CARTESIAN_POINT('',(3.7,-6.613092715396E-16,2.7));
#2930 = CARTESIAN_POINT('',(3.7,-6.482135461083E-16,2.646532643369));
#2931 = CARTESIAN_POINT('',(3.717000870127,-6.354590069678E-16,
    2.594458285484));
#2932 = CARTESIAN_POINT('',(3.74961609736,-6.244758385372E-16,
    2.54961609736));
#2933 = CARTESIAN_POINT('',(3.794458285484,-6.164874118104E-16,
    2.517000870127));
#2934 = CARTESIAN_POINT('',(3.846532643369,-6.123233995737E-16,2.5));
#2935 = CARTESIAN_POINT('',(3.9,-6.123233995737E-16,2.5));
#2936 = ORIENTED_EDGE('',*,*,#2836,.T.);
#2937 = ORIENTED_EDGE('',*,*,#2927,.T.);
#2938 = TOROIDAL_SURFACE('',#2939,2.7,0.2);
#2939 = AXIS2_PLACEMENT_3D('',#2940,#2941,#2942);
#2940 = CARTESIAN_POINT('',(3.9,0.,0.));
#2941 = DIRECTION('',(-1.,-0.,-0.));
#2942 = DIRECTION('',(-0.,0.,1.));
#2943 = ADVANCED_FACE('',(#2944),#3014,.F.);
#2944 = FACE_BOUND('',#2945,.F.);
#2945 = EDGE_LOOP('',(#2946,#2958,#2968,#2978,#2988,#2998,#3006,#3011,
    #3012,#3013));
#2946 = ORIENTED_EDGE('',*,*,#2947,.F.);
#2947 = EDGE_CURVE('',#2948,#2950,#2952,.T.);
#2948 = VERTEX_POINT('',#2949);
#2949 = CARTESIAN_POINT('',(2.3,-1.029992063861E-15,1.5));
#2950 = VERTEX_POINT('',#2951);
#2951 = CARTESIAN_POINT('',(2.3,-1.299038105677,0.75));
#2952 = B_SPLINE_CURVE_WITH_KNOTS('',3,(#2953,#2954,#2955,#2956,#2957),
  .UNSPECIFIED.,.F.,.F.,(4,1,4),(0.75,0.833333333333,0.916666666667),
  .UNSPECIFIED.);
#2953 = CARTESIAN_POINT('',(2.3,-1.029992063861E-15,1.5));
#2954 = CARTESIAN_POINT('',(2.3,-0.49245567605,1.5));
#2955 = CARTESIAN_POINT('',(2.3,-1.477367028149,2.558874754182));
#2956 = CARTESIAN_POINT('',(2.3,-1.052810267652,1.176479125697));
#2957 = CARTESIAN_POINT('',(2.3,-1.299038105677,0.75));
#2958 = ORIENTED_EDGE('',*,*,#2959,.F.);
#2959 = EDGE_CURVE('',#2960,#2948,#2962,.T.);
#2960 = VERTEX_POINT('',#2961);
#2961 = CARTESIAN_POINT('',(2.3,1.299038105677,0.75));
#2962 = B_SPLINE_CURVE_WITH_KNOTS('',3,(#2963,#2964,#2965,#2966,#2967),
  .UNSPECIFIED.,.F.,.F.,(4,1,4),(0.583333333333,0.666666666667,0.75),
  .UNSPECIFIED.);
#2963 = CARTESIAN_POINT('',(2.3,1.299038105677,0.75));
#2964 = CARTESIAN_POINT('',(2.3,1.052810267652,1.176479125697));
#2965 = CARTESIAN_POINT('',(2.3,1.477367028149,2.558874754182));
#2966 = CARTESIAN_POINT('',(2.3,0.49245567605,1.5));
#2967 = CARTESIAN_POINT('',(2.3,-1.029992063861E-15,1.5));
#2968 = ORIENTED_EDGE('',*,*,#2969,.F.);
#2969 = EDGE_CURVE('',#2970,#2960,#2972,.T.);
#2970 = VERTEX_POINT('',#2971);
#2971 = CARTESIAN_POINT('',(2.3,1.299038105677,-0.75));
#2972 = B_SPLINE_CURVE_WITH_KNOTS('',3,(#2973,#2974,#2975,#2976,#2977),
  .UNSPECIFIED.,.F.,.F.,(4,1,4),(0.416666666667,0.5,0.583333333333),
  .QUASI_UNIFORM_KNOTS.);
#2973 = CARTESIAN_POINT('',(2.3,1.299038105677,-0.75));
#2974 = CARTESIAN_POINT('',(2.3,1.545265943702,-0.323520874303));
#2975 = CARTESIAN_POINT('',(2.3,2.954734056298,1.327792059966E-14));
#2976 = CARTESIAN_POINT('',(2.3,1.545265943702,0.323520874303));
#2977 = CARTESIAN_POINT('',(2.3,1.299038105677,0.75));
#2978 = ORIENTED_EDGE('',*,*,#2979,.F.);
#2979 = EDGE_CURVE('',#2980,#2970,#2982,.T.);
#2980 = VERTEX_POINT('',#2981);
#2981 = CARTESIAN_POINT('',(2.3,1.252393951056E-15,-1.5));
#2982 = B_SPLINE_CURVE_WITH_KNOTS('',3,(#2983,#2984,#2985,#2986,#2987),
  .UNSPECIFIED.,.F.,.F.,(4,1,4),(0.25,0.333333333333,0.416666666667),
  .UNSPECIFIED.);
#2983 = CARTESIAN_POINT('',(2.3,1.252393951056E-15,-1.5));
#2984 = CARTESIAN_POINT('',(2.3,0.49245567605,-1.5));
#2985 = CARTESIAN_POINT('',(2.3,1.477367028149,-2.558874754181));
#2986 = CARTESIAN_POINT('',(2.3,1.052810267652,-1.176479125697));
#2987 = CARTESIAN_POINT('',(2.3,1.299038105677,-0.75));
#2988 = ORIENTED_EDGE('',*,*,#2989,.F.);
#2989 = EDGE_CURVE('',#2990,#2980,#2992,.T.);
#2990 = VERTEX_POINT('',#2991);
#2991 = CARTESIAN_POINT('',(2.3,-1.299038105677,-0.75));
#2992 = B_SPLINE_CURVE_WITH_KNOTS('',3,(#2993,#2994,#2995,#2996,#2997),
  .UNSPECIFIED.,.F.,.F.,(4,1,4),(8.333333333333E-02,0.166666666667,0.25)
  ,.UNSPECIFIED.);
#2993 = CARTESIAN_POINT('',(2.3,-1.299038105677,-0.75));
#2994 = CARTESIAN_POINT('',(2.3,-1.052810267652,-1.176479125697));
#2995 = CARTESIAN_POINT('',(2.3,-1.477367028149,-2.558874754182));
#2996 = CARTESIAN_POINT('',(2.3,-0.49245567605,-1.5));
#2997 = CARTESIAN_POINT('',(2.3,1.252393951056E-15,-1.5));
#2998 = ORIENTED_EDGE('',*,*,#2999,.F.);
#2999 = EDGE_CURVE('',#2950,#2990,#3000,.T.);
#3000 = B_SPLINE_CURVE_WITH_KNOTS('',3,(#3001,#3002,#3003,#3004,#3005),
  .UNSPECIFIED.,.F.,.F.,(4,1,4),(0.916666666667,1.,1.083333333333),
  .UNSPECIFIED.);
#3001 = CARTESIAN_POINT('',(2.3,-1.299038105677,0.75));
#3002 = CARTESIAN_POINT('',(2.3,-1.545265943702,0.323520874303));
#3003 = CARTESIAN_POINT('',(2.3,-2.954734056298,1.287490079827E-14));
#3004 = CARTESIAN_POINT('',(2.3,-1.545265943702,-0.323520874303));
#3005 = CARTESIAN_POINT('',(2.3,-1.299038105677,-0.75));
#3006 = ORIENTED_EDGE('',*,*,#3007,.F.);
#3007 = EDGE_CURVE('',#2476,#2950,#3008,.T.);
#3008 = B_SPLINE_CURVE_WITH_KNOTS('',1,(#3009,#3010),.UNSPECIFIED.,.F.,
  .F.,(2,2),(6.616664156701E-03,1.),.PIECEWISE_BEZIER_KNOTS.);
#3009 = CARTESIAN_POINT('',(0.141896246393,-1.299038105677,0.75));
#3010 = CARTESIAN_POINT('',(2.3,-1.299038105677,0.75));
#3011 = ORIENTED_EDGE('',*,*,#2632,.T.);
#3012 = ORIENTED_EDGE('',*,*,#2473,.T.);
#3013 = ORIENTED_EDGE('',*,*,#3007,.T.);
#3014 = B_SPLINE_SURFACE_WITH_KNOTS('',3,1,(
    (#3015,#3016)
    ,(#3017,#3018)
    ,(#3019,#3020)
    ,(#3021,#3022)
    ,(#3023,#3024)
    ,(#3025,#3026)
    ,(#3027,#3028)
    ,(#3029,#3030)
    ,(#3031,#3032)
    ,(#3033,#3034)
    ,(#3035,#3036)
    ,(#3037,#3038)
    ,(#3039,#3040)
    ,(#3041,#3042)
    ,(#3043,#3044
    )),.UNSPECIFIED.,.T.,.F.,.F.,(1,3,1,1,1,1,1,1,1,1,1,1,1,3,1),(2,2),(
    -8.333333333333E-02,0.,8.333333333333E-02,0.166666666667,0.25,
    0.333333333333,0.416666666667,0.5,0.583333333333,0.666666666667,0.75
    ,0.833333333333,0.916666666667,1.,1.083333333333),(0.,1.),
  .UNSPECIFIED.);
#3015 = CARTESIAN_POINT('',(0.127521687008,-2.25,9.364796264844E-15));
#3016 = CARTESIAN_POINT('',(2.3,-2.25,9.364796264844E-15));
#3017 = CARTESIAN_POINT('',(0.127521687008,-2.25,-0.161760437152));
#3018 = CARTESIAN_POINT('',(2.3,-2.25,-0.161760437152));
#3019 = CARTESIAN_POINT('',(0.127521687008,-0.840531887403,
    -0.485281311455));
#3020 = CARTESIAN_POINT('',(2.3,-0.840531887403,-0.485281311455));
#3021 = CARTESIAN_POINT('',(0.127521687008,-1.477367028149,
    -2.558874754181));
#3022 = CARTESIAN_POINT('',(2.3,-1.477367028149,-2.558874754181));
#3023 = CARTESIAN_POINT('',(0.127521687008,4.434386885466E-15,
    -0.970562622909));
#3024 = CARTESIAN_POINT('',(2.3,4.434386885466E-15,-0.970562622909));
#3025 = CARTESIAN_POINT('',(0.127521687008,1.477367028149,
    -2.558874754182));
#3026 = CARTESIAN_POINT('',(2.3,1.477367028149,-2.558874754182));
#3027 = CARTESIAN_POINT('',(0.127521687008,0.840531887403,
    -0.485281311455));
#3028 = CARTESIAN_POINT('',(2.3,0.840531887403,-0.485281311455));
#3029 = CARTESIAN_POINT('',(0.127521687008,2.954734056298,
    1.338567469674E-14));
#3030 = CARTESIAN_POINT('',(2.3,2.954734056298,1.338567469674E-14));
#3031 = CARTESIAN_POINT('',(0.127521687008,0.840531887403,0.485281311455
    ));
#3032 = CARTESIAN_POINT('',(2.3,0.840531887403,0.485281311455));
#3033 = CARTESIAN_POINT('',(0.127521687008,1.477367028149,2.558874754182
    ));
#3034 = CARTESIAN_POINT('',(2.3,1.477367028149,2.558874754182));
#3035 = CARTESIAN_POINT('',(0.127521687008,2.604795719396E-15,
    0.970562622909));
#3036 = CARTESIAN_POINT('',(2.3,2.604795719396E-15,0.970562622909));
#3037 = CARTESIAN_POINT('',(0.127521687008,-1.477367028149,
    2.558874754182));
#3038 = CARTESIAN_POINT('',(2.3,-1.477367028149,2.558874754182));
#3039 = CARTESIAN_POINT('',(0.127521687008,-0.840531887403,
    0.485281311455));
#3040 = CARTESIAN_POINT('',(2.3,-0.840531887403,0.485281311455));
#3041 = CARTESIAN_POINT('',(0.127521687008,-2.25,0.161760437152));
#3042 = CARTESIAN_POINT('',(2.3,-2.25,0.161760437152));
#3043 = CARTESIAN_POINT('',(0.127521687008,-2.25,9.364796264844E-15));
#3044 = CARTESIAN_POINT('',(2.3,-2.25,9.364796264844E-15));
#3045 = ADVANCED_FACE('',(#3046),#3056,.F.);
#3046 = FACE_BOUND('',#3047,.T.);
#3047 = EDGE_LOOP('',(#3048,#3055));
#3048 = ORIENTED_EDGE('',*,*,#3049,.F.);
#3049 = EDGE_CURVE('',#2970,#2980,#3050,.T.);
#3050 = CIRCLE('',#3051,1.5);
#3051 = AXIS2_PLACEMENT_3D('',#3052,#3053,#3054);
#3052 = CARTESIAN_POINT('',(2.3,0.,0.));
#3053 = DIRECTION('',(-1.,0.,-0.));
#3054 = DIRECTION('',(-0.,0.,1.));
#3055 = ORIENTED_EDGE('',*,*,#2979,.F.);
#3056 = PLANE('',#3057);
#3057 = AXIS2_PLACEMENT_3D('',#3058,#3059,#3060);
#3058 = CARTESIAN_POINT('',(2.3,2.25,1.394977728838E-14));
#3059 = DIRECTION('',(1.,0.,-0.));
#3060 = DIRECTION('',(-0.,0.,-1.));
#3061 = ADVANCED_FACE('',(#3062),#3072,.F.);
#3062 = FACE_BOUND('',#3063,.T.);
#3063 = EDGE_LOOP('',(#3064,#3071));
#3064 = ORIENTED_EDGE('',*,*,#3065,.F.);
#3065 = EDGE_CURVE('',#2960,#2970,#3066,.T.);
#3066 = CIRCLE('',#3067,1.5);
#3067 = AXIS2_PLACEMENT_3D('',#3068,#3069,#3070);
#3068 = CARTESIAN_POINT('',(2.3,0.,0.));
#3069 = DIRECTION('',(-1.,0.,-0.));
#3070 = DIRECTION('',(-0.,0.,1.));
#3071 = ORIENTED_EDGE('',*,*,#2969,.F.);
#3072 = PLANE('',#3073);
#3073 = AXIS2_PLACEMENT_3D('',#3074,#3075,#3076);
#3074 = CARTESIAN_POINT('',(2.3,2.25,1.394977728838E-14));
#3075 = DIRECTION('',(1.,0.,-0.));
#3076 = DIRECTION('',(-0.,0.,-1.));
#3077 = ADVANCED_FACE('',(#3078),#3088,.F.);
#3078 = FACE_BOUND('',#3079,.T.);
#3079 = EDGE_LOOP('',(#3080,#3087));
#3080 = ORIENTED_EDGE('',*,*,#3081,.F.);
#3081 = EDGE_CURVE('',#2948,#2960,#3082,.T.);
#3082 = CIRCLE('',#3083,1.5);
#3083 = AXIS2_PLACEMENT_3D('',#3084,#3085,#3086);
#3084 = CARTESIAN_POINT('',(2.3,0.,0.));
#3085 = DIRECTION('',(-1.,0.,-0.));
#3086 = DIRECTION('',(-0.,0.,1.));
#3087 = ORIENTED_EDGE('',*,*,#2959,.F.);
#3088 = PLANE('',#3089);
#3089 = AXIS2_PLACEMENT_3D('',#3090,#3091,#3092);
#3090 = CARTESIAN_POINT('',(2.3,2.25,1.394977728838E-14));
#3091 = DIRECTION('',(1.,0.,-0.));
#3092 = DIRECTION('',(-0.,0.,-1.));
#3093 = ADVANCED_FACE('',(#3094),#3104,.F.);
#3094 = FACE_BOUND('',#3095,.T.);
#3095 = EDGE_LOOP('',(#3096,#3103));
#3096 = ORIENTED_EDGE('',*,*,#3097,.F.);
#3097 = EDGE_CURVE('',#2950,#2948,#3098,.T.);
#3098 = CIRCLE('',#3099,1.5);
#3099 = AXIS2_PLACEMENT_3D('',#3100,#3101,#3102);
#3100 = CARTESIAN_POINT('',(2.3,0.,0.));
#3101 = DIRECTION('',(-1.,0.,-0.));
#3102 = DIRECTION('',(-0.,0.,1.));
#3103 = ORIENTED_EDGE('',*,*,#2947,.F.);
#3104 = PLANE('',#3105);
#3105 = AXIS2_PLACEMENT_3D('',#3106,#3107,#3108);
#3106 = CARTESIAN_POINT('',(2.3,2.25,1.394977728838E-14));
#3107 = DIRECTION('',(1.,0.,-0.));
#3108 = DIRECTION('',(-0.,0.,-1.));
#3109 = ADVANCED_FACE('',(#3110),#3120,.F.);
#3110 = FACE_BOUND('',#3111,.T.);
#3111 = EDGE_LOOP('',(#3112,#3119));
#3112 = ORIENTED_EDGE('',*,*,#3113,.F.);
#3113 = EDGE_CURVE('',#2990,#2950,#3114,.T.);
#3114 = CIRCLE('',#3115,1.5);
#3115 = AXIS2_PLACEMENT_3D('',#3116,#3117,#3118);
#3116 = CARTESIAN_POINT('',(2.3,0.,0.));
#3117 = DIRECTION('',(-1.,0.,-0.));
#3118 = DIRECTION('',(-0.,0.,1.));
#3119 = ORIENTED_EDGE('',*,*,#2999,.F.);
#3120 = PLANE('',#3121);
#3121 = AXIS2_PLACEMENT_3D('',#3122,#3123,#3124);
#3122 = CARTESIAN_POINT('',(2.3,2.25,1.394977728838E-14));
#3123 = DIRECTION('',(1.,0.,-0.));
#3124 = DIRECTION('',(-0.,0.,-1.));
#3125 = ADVANCED_FACE('',(#3126),#3136,.F.);
#3126 = FACE_BOUND('',#3127,.T.);
#3127 = EDGE_LOOP('',(#3128,#3135));
#3128 = ORIENTED_EDGE('',*,*,#3129,.F.);
#3129 = EDGE_CURVE('',#2980,#2990,#3130,.T.);
#3130 = CIRCLE('',#3131,1.5);
#3131 = AXIS2_PLACEMENT_3D('',#3132,#3133,#3134);
#3132 = CARTESIAN_POINT('',(2.3,0.,0.));
#3133 = DIRECTION('',(-1.,0.,-0.));
#3134 = DIRECTION('',(-0.,0.,1.));
#3135 = ORIENTED_EDGE('',*,*,#2989,.F.);
#3136 = PLANE('',#3137);
#3137 = AXIS2_PLACEMENT_3D('',#3138,#3139,#3140);
#3138 = CARTESIAN_POINT('',(2.3,2.25,1.394977728838E-14));
#3139 = DIRECTION('',(1.,0.,-0.));
#3140 = DIRECTION('',(-0.,0.,-1.));
#3141 = ADVANCED_FACE('',(#3142),#3158,.F.);
#3142 = FACE_BOUND('',#3143,.F.);
#3143 = EDGE_LOOP('',(#3144,#3145,#3146,#3147,#3148,#3149,#3150,#3157));
#3144 = ORIENTED_EDGE('',*,*,#3097,.F.);
#3145 = ORIENTED_EDGE('',*,*,#3113,.F.);
#3146 = ORIENTED_EDGE('',*,*,#3129,.F.);
#3147 = ORIENTED_EDGE('',*,*,#3049,.F.);
#3148 = ORIENTED_EDGE('',*,*,#3065,.F.);
#3149 = ORIENTED_EDGE('',*,*,#3081,.F.);
#3150 = ORIENTED_EDGE('',*,*,#3151,.F.);
#3151 = EDGE_CURVE('',#3152,#2948,#3154,.T.);
#3152 = VERTEX_POINT('',#3153);
#3153 = CARTESIAN_POINT('',(2.787379544349,0.,0.));
#3154 = B_SPLINE_CURVE_WITH_KNOTS('',1,(#3155,#3156),.UNSPECIFIED.,.F.,
  .F.,(2,2),(-3.2360679775E+03,-3.234490784163E+03),
  .PIECEWISE_BEZIER_KNOTS.);
#3155 = CARTESIAN_POINT('',(2.787379544349,0.,0.));
#3156 = CARTESIAN_POINT('',(2.3,-3.673940397442E-16,1.5));
#3157 = ORIENTED_EDGE('',*,*,#3151,.T.);
#3158 = CONICAL_SURFACE('',#3159,3.077683537175E+03,1.256637061436);
#3159 = AXIS2_PLACEMENT_3D('',#3160,#3161,#3162);
#3160 = CARTESIAN_POINT('',(-997.2126204556,0.,0.));
#3161 = DIRECTION('',(-1.,-0.,-0.));
#3162 = DIRECTION('',(-0.,0.,1.));
#3163 = ADVANCED_FACE('',(#3164),#3175,.T.);
#3164 = FACE_BOUND('',#3165,.T.);
#3165 = EDGE_LOOP('',(#3166,#3167,#3172,#3173,#3174));
#3166 = ORIENTED_EDGE('',*,*,#2909,.F.);
#3167 = ORIENTED_EDGE('',*,*,#3168,.T.);
#3168 = EDGE_CURVE('',#2910,#2796,#3169,.T.);
#3169 = B_SPLINE_CURVE_WITH_KNOTS('',1,(#3170,#3171),.UNSPECIFIED.,.F.,
  .F.,(2,2),(-0.707106781187,0.),.PIECEWISE_BEZIER_KNOTS.);
#3170 = CARTESIAN_POINT('',(15.7,2.449293598295E-16,-2.));
#3171 = CARTESIAN_POINT('',(15.2,3.061616997868E-16,-2.5));
#3172 = ORIENTED_EDGE('',*,*,#2821,.F.);
#3173 = ORIENTED_EDGE('',*,*,#2795,.F.);
#3174 = ORIENTED_EDGE('',*,*,#3168,.F.);
#3175 = CONICAL_SURFACE('',#3176,2.5,0.785398163397);
#3176 = AXIS2_PLACEMENT_3D('',#3177,#3178,#3179);
#3177 = CARTESIAN_POINT('',(15.2,0.,0.));
#3178 = DIRECTION('',(-1.,-0.,-0.));
#3179 = DIRECTION('',(-0.,0.,1.));
#3180 = ( GEOMETRIC_REPRESENTATION_CONTEXT(3) 
GLOBAL_UNCERTAINTY_ASSIGNED_CONTEXT((#3184)) 
GLOBAL_UNIT_ASSIGNED_CONTEXT((#3181,#3182,#3183)) REPRESENTATION_CONTEXT
('Context #1','3D Context with UNIT and UNCERTAINTY') );
#3181 = ( LENGTH_UNIT() NAMED_UNIT(*) SI_UNIT(.MILLI.,.METRE.) );
#3182 = ( NAMED_UNIT(*) PLANE_ANGLE_UNIT() SI_UNIT($,.RADIAN.) );
#3183 = ( NAMED_UNIT(*) SI_UNIT($,.STERADIAN.) SOLID_ANGLE_UNIT() );
#3184 = UNCERTAINTY_MEASURE_WITH_UNIT(LENGTH_MEASURE(5.E-05),#3181,
  'distance_accuracy_value','confusion accuracy');
#3185 = CONTEXT_DEPENDENT_SHAPE_REPRESENTATION(#3186,#3188);
#3186 = ( REPRESENTATION_RELATIONSHIP('','',#2455,#10) 
REPRESENTATION_RELATIONSHIP_WITH_TRANSFORMATION(#3187) 
SHAPE_REPRESENTATION_RELATIONSHIP() );
#3187 = ITEM_DEFINED_TRANSFORMATION('','',#11,#19);
#3188 = PRODUCT_DEFINITION_SHAPE('Placement','Placement of an item',
  #3189);
#3189 = NEXT_ASSEMBLY_USAGE_OCCURRENCE('189','Solid2','',#5,#2450,$);
#3190 = PRODUCT_RELATED_PRODUCT_CATEGORY('part',$,(#2452));
#3191 = CONTEXT_DEPENDENT_SHAPE_REPRESENTATION(#3192,#3194);
#3192 = ( REPRESENTATION_RELATIONSHIP('','',#2455,#10) 
REPRESENTATION_RELATIONSHIP_WITH_TRANSFORMATION(#3193) 
SHAPE_REPRESENTATION_RELATIONSHIP() );
#3193 = ITEM_DEFINED_TRANSFORMATION('','',#11,#23);
#3194 = PRODUCT_DEFINITION_SHAPE('Placement','Placement of an item',
  #3195);
#3195 = NEXT_ASSEMBLY_USAGE_OCCURRENCE('190','Solid2','',#5,#2450,$);
ENDSEC;
END-ISO-10303-21;
