ISO-10303-21;
HEADER;
FILE_DESCRIPTION(('Open CASCADE Model'),'2;1');
FILE_NAME('Open CASCADE Shape Model','2025-02-21T13:53:35',('Author'),(
    'Open CASCADE'),'Open CASCADE STEP processor 7.8','Open CASCADE 7.8'
  ,'Unknown');
FILE_SCHEMA(('AUTOMOTIVE_DESIGN { 1 0 10303 214 1 1 1 1 }'));
ENDSEC;
DATA;
#1 = APPLICATION_PROTOCOL_DEFINITION('international standard',
  'automotive_design',2000,#2);
#2 = APPLICATION_CONTEXT(
  'core data for automotive mechanical design processes');
#3 = SHAPE_DEFINITION_REPRESENTATION(#4,#10);
#4 = PRODUCT_DEFINITION_SHAPE('','',#5);
#5 = PRODUCT_DEFINITION('design','',#6,#9);
#6 = PRODUCT_DEFINITION_FORMATION('','',#7);
#7 = PRODUCT('Compound1','Compound1','',(#8));
#8 = PRODUCT_CONTEXT('',#2,'mechanical');
#9 = PRODUCT_DEFINITION_CONTEXT('part definition',#2,'design');
#10 = SHAPE_REPRESENTATION('',(#11,#15,#19,#23),#27);
#11 = AXIS2_PLACEMENT_3D('',#12,#13,#14);
#12 = CARTESIAN_POINT('',(0.,0.,0.));
#13 = DIRECTION('',(0.,0.,1.));
#14 = DIRECTION('',(1.,0.,-0.));
#15 = AXIS2_PLACEMENT_3D('',#16,#17,#18);
#16 = CARTESIAN_POINT('',(0.,0.,0.));
#17 = DIRECTION('',(0.,0.,1.));
#18 = DIRECTION('',(1.,0.,0.));
#19 = AXIS2_PLACEMENT_3D('',#20,#21,#22);
#20 = CARTESIAN_POINT('',(-332.5,0.,3.7));
#21 = DIRECTION('',(1.,-0.,0.));
#22 = DIRECTION('',(0.,0.,-1.));
#23 = AXIS2_PLACEMENT_3D('',#24,#25,#26);
#24 = CARTESIAN_POINT('',(332.5,0.,3.7));
#25 = DIRECTION('',(1.,-0.,0.));
#26 = DIRECTION('',(0.,0.,-1.));
#27 = ( GEOMETRIC_REPRESENTATION_CONTEXT(3) 
GLOBAL_UNCERTAINTY_ASSIGNED_CONTEXT((#31)) GLOBAL_UNIT_ASSIGNED_CONTEXT(
(#28,#29,#30)) REPRESENTATION_CONTEXT('Context #1',
  '3D Context with UNIT and UNCERTAINTY') );
#28 = ( LENGTH_UNIT() NAMED_UNIT(*) SI_UNIT(.MILLI.,.METRE.) );
#29 = ( NAMED_UNIT(*) PLANE_ANGLE_UNIT() SI_UNIT($,.RADIAN.) );
#30 = ( NAMED_UNIT(*) SI_UNIT($,.STERADIAN.) SOLID_ANGLE_UNIT() );
#31 = UNCERTAINTY_MEASURE_WITH_UNIT(LENGTH_MEASURE(1.E-05),#28,
  'distance_accuracy_value','confusion accuracy');
#32 = PRODUCT_RELATED_PRODUCT_CATEGORY('part',$,(#7));
#33 = SHAPE_DEFINITION_REPRESENTATION(#34,#40);
#34 = PRODUCT_DEFINITION_SHAPE('','',#35);
#35 = PRODUCT_DEFINITION('design','',#36,#39);
#36 = PRODUCT_DEFINITION_FORMATION('','',#37);
#37 = PRODUCT('Solid1','Solid1','',(#38));
#38 = PRODUCT_CONTEXT('',#2,'mechanical');
#39 = PRODUCT_DEFINITION_CONTEXT('part definition',#2,'design');
#40 = ADVANCED_BREP_SHAPE_REPRESENTATION('',(#11,#41),#2741);
#41 = MANIFOLD_SOLID_BREP('',#42);
#42 = CLOSED_SHELL('',(#43,#83,#114,#154,#178,#211,#251,#305,#336,#381,
    #421,#452,#492,#516,#549,#589,#643,#674,#719,#1248,#1777,#1793,#1809
    ,#1825,#1841,#1857,#1873,#1889,#1905,#1921,#1937,#1953,#1969,#1985,
    #2001,#2017,#2033,#2049,#2065,#2081,#2097,#2113,#2129,#2145,#2167,
    #2184,#2201,#2213,#2235,#2252,#2269,#2281,#2297,#2313,#2335,#2357,
    #2374,#2391,#2408,#2425,#2442,#2459,#2476,#2493,#2515,#2532,#2549,
    #2566,#2583,#2600,#2617,#2629,#2643,#2657,#2671,#2685,#2699,#2713,
    #2727));
#43 = ADVANCED_FACE('',(#44),#78,.T.);
#44 = FACE_BOUND('',#45,.T.);
#45 = EDGE_LOOP('',(#46,#56,#64,#72));
#46 = ORIENTED_EDGE('',*,*,#47,.T.);
#47 = EDGE_CURVE('',#48,#50,#52,.T.);
#48 = VERTEX_POINT('',#49);
#49 = CARTESIAN_POINT('',(-317.5,4.5,-18.5));
#50 = VERTEX_POINT('',#51);
#51 = CARTESIAN_POINT('',(-317.5,4.5,-20.));
#52 = LINE('',#53,#54);
#53 = CARTESIAN_POINT('',(-317.5,4.500000000001,1.250018204594E+03));
#54 = VECTOR('',#55,1.);
#55 = DIRECTION('',(0.,-6.308085367188E-16,-1.));
#56 = ORIENTED_EDGE('',*,*,#57,.F.);
#57 = EDGE_CURVE('',#58,#50,#60,.T.);
#58 = VERTEX_POINT('',#59);
#59 = CARTESIAN_POINT('',(317.5,4.5,-20.));
#60 = LINE('',#61,#62);
#61 = CARTESIAN_POINT('',(342.5,4.5,-20.));
#62 = VECTOR('',#63,1.);
#63 = DIRECTION('',(-1.,0.,-0.));
#64 = ORIENTED_EDGE('',*,*,#65,.F.);
#65 = EDGE_CURVE('',#66,#58,#68,.T.);
#66 = VERTEX_POINT('',#67);
#67 = CARTESIAN_POINT('',(317.5,4.5,-18.5));
#68 = LINE('',#69,#70);
#69 = CARTESIAN_POINT('',(317.5,4.500000000001,1.250018204594E+03));
#70 = VECTOR('',#71,1.);
#71 = DIRECTION('',(0.,-6.308085367188E-16,-1.));
#72 = ORIENTED_EDGE('',*,*,#73,.T.);
#73 = EDGE_CURVE('',#66,#48,#74,.T.);
#74 = LINE('',#75,#76);
#75 = CARTESIAN_POINT('',(342.5,4.5,-18.5));
#76 = VECTOR('',#77,1.);
#77 = DIRECTION('',(-1.,0.,-0.));
#78 = PLANE('',#79);
#79 = AXIS2_PLACEMENT_3D('',#80,#81,#82);
#80 = CARTESIAN_POINT('',(342.5,4.500000000001,1.250018204594E+03));
#81 = DIRECTION('',(0.,-1.,6.308085367188E-16));
#82 = DIRECTION('',(0.,-6.308085367188E-16,-1.));
#83 = ADVANCED_FACE('',(#84),#109,.F.);
#84 = FACE_BOUND('',#85,.T.);
#85 = EDGE_LOOP('',(#86,#94,#95,#103));
#86 = ORIENTED_EDGE('',*,*,#87,.F.);
#87 = EDGE_CURVE('',#50,#88,#90,.T.);
#88 = VERTEX_POINT('',#89);
#89 = CARTESIAN_POINT('',(-317.5,7.9,-20.));
#90 = LINE('',#91,#92);
#91 = CARTESIAN_POINT('',(-317.5,-10.,-20.));
#92 = VECTOR('',#93,1.);
#93 = DIRECTION('',(0.,1.,0.));
#94 = ORIENTED_EDGE('',*,*,#47,.F.);
#95 = ORIENTED_EDGE('',*,*,#96,.F.);
#96 = EDGE_CURVE('',#97,#48,#99,.T.);
#97 = VERTEX_POINT('',#98);
#98 = CARTESIAN_POINT('',(-317.5,7.9,-18.5));
#99 = LINE('',#100,#101);
#100 = CARTESIAN_POINT('',(-317.5,10.,-18.5));
#101 = VECTOR('',#102,1.);
#102 = DIRECTION('',(0.,-1.,6.308085367188E-16));
#103 = ORIENTED_EDGE('',*,*,#104,.T.);
#104 = EDGE_CURVE('',#97,#88,#105,.T.);
#105 = LINE('',#106,#107);
#106 = CARTESIAN_POINT('',(-317.5,7.900000000001,1.250018204594E+03));
#107 = VECTOR('',#108,1.);
#108 = DIRECTION('',(0.,-6.308085367188E-16,-1.));
#109 = PLANE('',#110);
#110 = AXIS2_PLACEMENT_3D('',#111,#112,#113);
#111 = CARTESIAN_POINT('',(-317.5,10.000000000001,1.250018204594E+03));
#112 = DIRECTION('',(1.,0.,-0.));
#113 = DIRECTION('',(0.,5.436691348604E-16,1.));
#114 = ADVANCED_FACE('',(#115),#149,.T.);
#115 = FACE_BOUND('',#116,.T.);
#116 = EDGE_LOOP('',(#117,#118,#126,#134,#142,#148));
#117 = ORIENTED_EDGE('',*,*,#87,.T.);
#118 = ORIENTED_EDGE('',*,*,#119,.T.);
#119 = EDGE_CURVE('',#88,#120,#122,.T.);
#120 = VERTEX_POINT('',#121);
#121 = CARTESIAN_POINT('',(-317.5,10.,-20.));
#122 = LINE('',#123,#124);
#123 = CARTESIAN_POINT('',(-317.5,7.9,-20.));
#124 = VECTOR('',#125,1.);
#125 = DIRECTION('',(-0.,1.,-6.308085367188E-16));
#126 = ORIENTED_EDGE('',*,*,#127,.T.);
#127 = EDGE_CURVE('',#120,#128,#130,.T.);
#128 = VERTEX_POINT('',#129);
#129 = CARTESIAN_POINT('',(317.5,10.,-20.));
#130 = LINE('',#131,#132);
#131 = CARTESIAN_POINT('',(342.5,10.,-20.));
#132 = VECTOR('',#133,1.);
#133 = DIRECTION('',(1.,-0.,-0.));
#134 = ORIENTED_EDGE('',*,*,#135,.F.);
#135 = EDGE_CURVE('',#136,#128,#138,.T.);
#136 = VERTEX_POINT('',#137);
#137 = CARTESIAN_POINT('',(317.5,7.9,-20.));
#138 = LINE('',#139,#140);
#139 = CARTESIAN_POINT('',(317.5,10.,-20.));
#140 = VECTOR('',#141,1.);
#141 = DIRECTION('',(-0.,1.,-6.308085367188E-16));
#142 = ORIENTED_EDGE('',*,*,#143,.F.);
#143 = EDGE_CURVE('',#58,#136,#144,.T.);
#144 = LINE('',#145,#146);
#145 = CARTESIAN_POINT('',(317.5,-10.,-20.));
#146 = VECTOR('',#147,1.);
#147 = DIRECTION('',(0.,1.,0.));
#148 = ORIENTED_EDGE('',*,*,#57,.T.);
#149 = PLANE('',#150);
#150 = AXIS2_PLACEMENT_3D('',#151,#152,#153);
#151 = CARTESIAN_POINT('',(342.5,10.,-20.));
#152 = DIRECTION('',(0.,-6.308085367188E-16,-1.));
#153 = DIRECTION('',(0.,1.,-6.308085367188E-16));
#154 = ADVANCED_FACE('',(#155),#173,.F.);
#155 = FACE_BOUND('',#156,.T.);
#156 = EDGE_LOOP('',(#157,#158,#166,#172));
#157 = ORIENTED_EDGE('',*,*,#143,.T.);
#158 = ORIENTED_EDGE('',*,*,#159,.F.);
#159 = EDGE_CURVE('',#160,#136,#162,.T.);
#160 = VERTEX_POINT('',#161);
#161 = CARTESIAN_POINT('',(317.5,7.9,-18.5));
#162 = LINE('',#163,#164);
#163 = CARTESIAN_POINT('',(317.5,7.900000000001,1.250018204594E+03));
#164 = VECTOR('',#165,1.);
#165 = DIRECTION('',(0.,-6.308085367188E-16,-1.));
#166 = ORIENTED_EDGE('',*,*,#167,.F.);
#167 = EDGE_CURVE('',#66,#160,#168,.T.);
#168 = LINE('',#169,#170);
#169 = CARTESIAN_POINT('',(317.5,10.,-18.5));
#170 = VECTOR('',#171,1.);
#171 = DIRECTION('',(0.,1.,-6.308085367188E-16));
#172 = ORIENTED_EDGE('',*,*,#65,.T.);
#173 = PLANE('',#174);
#174 = AXIS2_PLACEMENT_3D('',#175,#176,#177);
#175 = CARTESIAN_POINT('',(317.5,10.000000000001,1.250018204594E+03));
#176 = DIRECTION('',(-1.,0.,-0.));
#177 = DIRECTION('',(0.,-5.436691348604E-16,-1.));
#178 = ADVANCED_FACE('',(#179),#206,.F.);
#179 = FACE_BOUND('',#180,.T.);
#180 = EDGE_LOOP('',(#181,#182,#190,#198,#204,#205));
#181 = ORIENTED_EDGE('',*,*,#167,.T.);
#182 = ORIENTED_EDGE('',*,*,#183,.T.);
#183 = EDGE_CURVE('',#160,#184,#186,.T.);
#184 = VERTEX_POINT('',#185);
#185 = CARTESIAN_POINT('',(317.5,8.5,-18.5));
#186 = LINE('',#187,#188);
#187 = CARTESIAN_POINT('',(317.5,7.9,-18.5));
#188 = VECTOR('',#189,1.);
#189 = DIRECTION('',(0.,1.,-6.308085367188E-16));
#190 = ORIENTED_EDGE('',*,*,#191,.F.);
#191 = EDGE_CURVE('',#192,#184,#194,.T.);
#192 = VERTEX_POINT('',#193);
#193 = CARTESIAN_POINT('',(-317.5,8.5,-18.5));
#194 = LINE('',#195,#196);
#195 = CARTESIAN_POINT('',(342.5,8.5,-18.5));
#196 = VECTOR('',#197,1.);
#197 = DIRECTION('',(1.,0.,0.));
#198 = ORIENTED_EDGE('',*,*,#199,.F.);
#199 = EDGE_CURVE('',#97,#192,#200,.T.);
#200 = LINE('',#201,#202);
#201 = CARTESIAN_POINT('',(-317.5,10.,-18.5));
#202 = VECTOR('',#203,1.);
#203 = DIRECTION('',(0.,1.,-6.308085367188E-16));
#204 = ORIENTED_EDGE('',*,*,#96,.T.);
#205 = ORIENTED_EDGE('',*,*,#73,.F.);
#206 = PLANE('',#207);
#207 = AXIS2_PLACEMENT_3D('',#208,#209,#210);
#208 = CARTESIAN_POINT('',(342.5,10.,-18.5));
#209 = DIRECTION('',(0.,-6.308085367188E-16,-1.));
#210 = DIRECTION('',(0.,1.,-6.308085367188E-16));
#211 = ADVANCED_FACE('',(#212),#246,.F.);
#212 = FACE_BOUND('',#213,.T.);
#213 = EDGE_LOOP('',(#214,#224,#232,#240));
#214 = ORIENTED_EDGE('',*,*,#215,.T.);
#215 = EDGE_CURVE('',#216,#218,#220,.T.);
#216 = VERTEX_POINT('',#217);
#217 = CARTESIAN_POINT('',(-317.5,10.,-2.1));
#218 = VERTEX_POINT('',#219);
#219 = CARTESIAN_POINT('',(-317.5,10.,-17.9));
#220 = LINE('',#221,#222);
#221 = CARTESIAN_POINT('',(-317.5,10.,-20.));
#222 = VECTOR('',#223,1.);
#223 = DIRECTION('',(0.,0.,-1.));
#224 = ORIENTED_EDGE('',*,*,#225,.F.);
#225 = EDGE_CURVE('',#226,#218,#228,.T.);
#226 = VERTEX_POINT('',#227);
#227 = CARTESIAN_POINT('',(-317.5,8.5,-17.9));
#228 = LINE('',#229,#230);
#229 = CARTESIAN_POINT('',(-317.5,-1.260393073029E+03,-17.9));
#230 = VECTOR('',#231,1.);
#231 = DIRECTION('',(0.,1.,0.));
#232 = ORIENTED_EDGE('',*,*,#233,.F.);
#233 = EDGE_CURVE('',#234,#226,#236,.T.);
#234 = VERTEX_POINT('',#235);
#235 = CARTESIAN_POINT('',(-317.5,8.5,-2.1));
#236 = LINE('',#237,#238);
#237 = CARTESIAN_POINT('',(-317.5,8.5,-5.20417042793E-15));
#238 = VECTOR('',#239,1.);
#239 = DIRECTION('',(0.,0.,-1.));
#240 = ORIENTED_EDGE('',*,*,#241,.T.);
#241 = EDGE_CURVE('',#234,#216,#242,.T.);
#242 = LINE('',#243,#244);
#243 = CARTESIAN_POINT('',(-317.5,-1.260393073029E+03,-2.1));
#244 = VECTOR('',#245,1.);
#245 = DIRECTION('',(0.,1.,0.));
#246 = PLANE('',#247);
#247 = AXIS2_PLACEMENT_3D('',#248,#249,#250);
#248 = CARTESIAN_POINT('',(-317.5,-1.260393073029E+03,-5.20417042793E-15
    ));
#249 = DIRECTION('',(1.,0.,0.));
#250 = DIRECTION('',(0.,-1.,-6.123233995737E-17));
#251 = ADVANCED_FACE('',(#252),#300,.T.);
#252 = FACE_BOUND('',#253,.T.);
#253 = EDGE_LOOP('',(#254,#264,#270,#271,#277,#278,#286,#294));
#254 = ORIENTED_EDGE('',*,*,#255,.F.);
#255 = EDGE_CURVE('',#256,#258,#260,.T.);
#256 = VERTEX_POINT('',#257);
#257 = CARTESIAN_POINT('',(317.5,10.,-17.9));
#258 = VERTEX_POINT('',#259);
#259 = CARTESIAN_POINT('',(317.5,10.,-2.1));
#260 = LINE('',#261,#262);
#261 = CARTESIAN_POINT('',(317.5,10.,-20.));
#262 = VECTOR('',#263,1.);
#263 = DIRECTION('',(0.,0.,1.));
#264 = ORIENTED_EDGE('',*,*,#265,.T.);
#265 = EDGE_CURVE('',#256,#128,#266,.T.);
#266 = LINE('',#267,#268);
#267 = CARTESIAN_POINT('',(317.5,10.,-17.9));
#268 = VECTOR('',#269,1.);
#269 = DIRECTION('',(-0.,-0.,-1.));
#270 = ORIENTED_EDGE('',*,*,#127,.F.);
#271 = ORIENTED_EDGE('',*,*,#272,.F.);
#272 = EDGE_CURVE('',#218,#120,#273,.T.);
#273 = LINE('',#274,#275);
#274 = CARTESIAN_POINT('',(-317.5,10.,-5.20417042793E-15));
#275 = VECTOR('',#276,1.);
#276 = DIRECTION('',(-0.,0.,-1.));
#277 = ORIENTED_EDGE('',*,*,#215,.F.);
#278 = ORIENTED_EDGE('',*,*,#279,.T.);
#279 = EDGE_CURVE('',#216,#280,#282,.T.);
#280 = VERTEX_POINT('',#281);
#281 = CARTESIAN_POINT('',(-317.5,10.,-2.689084579946E-15));
#282 = LINE('',#283,#284);
#283 = CARTESIAN_POINT('',(-317.5,10.,-2.1));
#284 = VECTOR('',#285,1.);
#285 = DIRECTION('',(-0.,-0.,1.));
#286 = ORIENTED_EDGE('',*,*,#287,.T.);
#287 = EDGE_CURVE('',#280,#288,#290,.T.);
#288 = VERTEX_POINT('',#289);
#289 = CARTESIAN_POINT('',(317.5,10.,-2.689084579946E-15));
#290 = LINE('',#291,#292);
#291 = CARTESIAN_POINT('',(342.5,10.,-2.689084579946E-15));
#292 = VECTOR('',#293,1.);
#293 = DIRECTION('',(1.,-0.,-0.));
#294 = ORIENTED_EDGE('',*,*,#295,.F.);
#295 = EDGE_CURVE('',#258,#288,#296,.T.);
#296 = LINE('',#297,#298);
#297 = CARTESIAN_POINT('',(317.5,10.,-5.20417042793E-15));
#298 = VECTOR('',#299,1.);
#299 = DIRECTION('',(-0.,-0.,1.));
#300 = PLANE('',#301);
#301 = AXIS2_PLACEMENT_3D('',#302,#303,#304);
#302 = CARTESIAN_POINT('',(342.5,10.,-5.20417042793E-15));
#303 = DIRECTION('',(0.,1.,0.));
#304 = DIRECTION('',(0.,-0.,1.));
#305 = ADVANCED_FACE('',(#306),#331,.F.);
#306 = FACE_BOUND('',#307,.T.);
#307 = EDGE_LOOP('',(#308,#309,#317,#325));
#308 = ORIENTED_EDGE('',*,*,#255,.T.);
#309 = ORIENTED_EDGE('',*,*,#310,.F.);
#310 = EDGE_CURVE('',#311,#258,#313,.T.);
#311 = VERTEX_POINT('',#312);
#312 = CARTESIAN_POINT('',(317.5,8.5,-2.1));
#313 = LINE('',#314,#315);
#314 = CARTESIAN_POINT('',(317.5,-1.260393073029E+03,-2.1));
#315 = VECTOR('',#316,1.);
#316 = DIRECTION('',(0.,1.,0.));
#317 = ORIENTED_EDGE('',*,*,#318,.F.);
#318 = EDGE_CURVE('',#319,#311,#321,.T.);
#319 = VERTEX_POINT('',#320);
#320 = CARTESIAN_POINT('',(317.5,8.5,-17.9));
#321 = LINE('',#322,#323);
#322 = CARTESIAN_POINT('',(317.5,8.5,-5.20417042793E-15));
#323 = VECTOR('',#324,1.);
#324 = DIRECTION('',(0.,0.,1.));
#325 = ORIENTED_EDGE('',*,*,#326,.T.);
#326 = EDGE_CURVE('',#319,#256,#327,.T.);
#327 = LINE('',#328,#329);
#328 = CARTESIAN_POINT('',(317.5,-1.260393073029E+03,-17.9));
#329 = VECTOR('',#330,1.);
#330 = DIRECTION('',(0.,1.,0.));
#331 = PLANE('',#332);
#332 = AXIS2_PLACEMENT_3D('',#333,#334,#335);
#333 = CARTESIAN_POINT('',(317.5,-1.260393073029E+03,-5.20417042793E-15)
  );
#334 = DIRECTION('',(-1.,0.,0.));
#335 = DIRECTION('',(0.,1.,6.123233995737E-17));
#336 = ADVANCED_FACE('',(#337),#376,.F.);
#337 = FACE_BOUND('',#338,.T.);
#338 = EDGE_LOOP('',(#339,#340,#346,#347,#353,#354,#362,#370));
#339 = ORIENTED_EDGE('',*,*,#233,.T.);
#340 = ORIENTED_EDGE('',*,*,#341,.T.);
#341 = EDGE_CURVE('',#226,#192,#342,.T.);
#342 = LINE('',#343,#344);
#343 = CARTESIAN_POINT('',(-317.5,8.5,-17.9));
#344 = VECTOR('',#345,1.);
#345 = DIRECTION('',(0.,0.,-1.));
#346 = ORIENTED_EDGE('',*,*,#191,.T.);
#347 = ORIENTED_EDGE('',*,*,#348,.F.);
#348 = EDGE_CURVE('',#319,#184,#349,.T.);
#349 = LINE('',#350,#351);
#350 = CARTESIAN_POINT('',(317.5,8.5,-5.20417042793E-15));
#351 = VECTOR('',#352,1.);
#352 = DIRECTION('',(0.,0.,-1.));
#353 = ORIENTED_EDGE('',*,*,#318,.T.);
#354 = ORIENTED_EDGE('',*,*,#355,.T.);
#355 = EDGE_CURVE('',#311,#356,#358,.T.);
#356 = VERTEX_POINT('',#357);
#357 = CARTESIAN_POINT('',(317.5,8.5,-1.5));
#358 = LINE('',#359,#360);
#359 = CARTESIAN_POINT('',(317.5,8.5,-2.1));
#360 = VECTOR('',#361,1.);
#361 = DIRECTION('',(0.,0.,1.));
#362 = ORIENTED_EDGE('',*,*,#363,.F.);
#363 = EDGE_CURVE('',#364,#356,#366,.T.);
#364 = VERTEX_POINT('',#365);
#365 = CARTESIAN_POINT('',(-317.5,8.5,-1.5));
#366 = LINE('',#367,#368);
#367 = CARTESIAN_POINT('',(342.5,8.5,-1.5));
#368 = VECTOR('',#369,1.);
#369 = DIRECTION('',(1.,0.,0.));
#370 = ORIENTED_EDGE('',*,*,#371,.F.);
#371 = EDGE_CURVE('',#234,#364,#372,.T.);
#372 = LINE('',#373,#374);
#373 = CARTESIAN_POINT('',(-317.5,8.5,-5.20417042793E-15));
#374 = VECTOR('',#375,1.);
#375 = DIRECTION('',(0.,-0.,1.));
#376 = PLANE('',#377);
#377 = AXIS2_PLACEMENT_3D('',#378,#379,#380);
#378 = CARTESIAN_POINT('',(342.5,8.5,-5.20417042793E-15));
#379 = DIRECTION('',(0.,1.,0.));
#380 = DIRECTION('',(0.,-0.,1.));
#381 = ADVANCED_FACE('',(#382),#416,.F.);
#382 = FACE_BOUND('',#383,.T.);
#383 = EDGE_LOOP('',(#384,#394,#402,#410));
#384 = ORIENTED_EDGE('',*,*,#385,.T.);
#385 = EDGE_CURVE('',#386,#388,#390,.T.);
#386 = VERTEX_POINT('',#387);
#387 = CARTESIAN_POINT('',(317.5,-4.5,-20.));
#388 = VERTEX_POINT('',#389);
#389 = CARTESIAN_POINT('',(-317.5,-4.5,-20.));
#390 = LINE('',#391,#392);
#391 = CARTESIAN_POINT('',(342.5,-4.5,-20.));
#392 = VECTOR('',#393,1.);
#393 = DIRECTION('',(-1.,-0.,0.));
#394 = ORIENTED_EDGE('',*,*,#395,.F.);
#395 = EDGE_CURVE('',#396,#388,#398,.T.);
#396 = VERTEX_POINT('',#397);
#397 = CARTESIAN_POINT('',(-317.5,-4.5,-18.5));
#398 = LINE('',#399,#400);
#399 = CARTESIAN_POINT('',(-317.5,-4.500000000001,1.250018204594E+03));
#400 = VECTOR('',#401,1.);
#401 = DIRECTION('',(0.,6.308085367188E-16,-1.));
#402 = ORIENTED_EDGE('',*,*,#403,.F.);
#403 = EDGE_CURVE('',#404,#396,#406,.T.);
#404 = VERTEX_POINT('',#405);
#405 = CARTESIAN_POINT('',(317.5,-4.5,-18.5));
#406 = LINE('',#407,#408);
#407 = CARTESIAN_POINT('',(342.5,-4.5,-18.5));
#408 = VECTOR('',#409,1.);
#409 = DIRECTION('',(-1.,-0.,0.));
#410 = ORIENTED_EDGE('',*,*,#411,.T.);
#411 = EDGE_CURVE('',#404,#386,#412,.T.);
#412 = LINE('',#413,#414);
#413 = CARTESIAN_POINT('',(317.5,-4.500000000001,1.250018204594E+03));
#414 = VECTOR('',#415,1.);
#415 = DIRECTION('',(0.,6.308085367188E-16,-1.));
#416 = PLANE('',#417);
#417 = AXIS2_PLACEMENT_3D('',#418,#419,#420);
#418 = CARTESIAN_POINT('',(342.5,-4.500000000001,1.250018204594E+03));
#419 = DIRECTION('',(0.,-1.,-6.308085367188E-16));
#420 = DIRECTION('',(0.,6.308085367188E-16,-1.));
#421 = ADVANCED_FACE('',(#422),#447,.F.);
#422 = FACE_BOUND('',#423,.T.);
#423 = EDGE_LOOP('',(#424,#432,#433,#441));
#424 = ORIENTED_EDGE('',*,*,#425,.T.);
#425 = EDGE_CURVE('',#426,#386,#428,.T.);
#426 = VERTEX_POINT('',#427);
#427 = CARTESIAN_POINT('',(317.5,-7.9,-20.));
#428 = LINE('',#429,#430);
#429 = CARTESIAN_POINT('',(317.5,-10.,-20.));
#430 = VECTOR('',#431,1.);
#431 = DIRECTION('',(0.,1.,0.));
#432 = ORIENTED_EDGE('',*,*,#411,.F.);
#433 = ORIENTED_EDGE('',*,*,#434,.F.);
#434 = EDGE_CURVE('',#435,#404,#437,.T.);
#435 = VERTEX_POINT('',#436);
#436 = CARTESIAN_POINT('',(317.5,-7.9,-18.5));
#437 = LINE('',#438,#439);
#438 = CARTESIAN_POINT('',(317.5,-10.,-18.5));
#439 = VECTOR('',#440,1.);
#440 = DIRECTION('',(0.,1.,6.308085367188E-16));
#441 = ORIENTED_EDGE('',*,*,#442,.T.);
#442 = EDGE_CURVE('',#435,#426,#443,.T.);
#443 = LINE('',#444,#445);
#444 = CARTESIAN_POINT('',(317.5,-7.900000000001,1.250018204594E+03));
#445 = VECTOR('',#446,1.);
#446 = DIRECTION('',(0.,6.308085367188E-16,-1.));
#447 = PLANE('',#448);
#448 = AXIS2_PLACEMENT_3D('',#449,#450,#451);
#449 = CARTESIAN_POINT('',(317.5,-10.,1.250018204594E+03));
#450 = DIRECTION('',(-1.,0.,-0.));
#451 = DIRECTION('',(0.,5.436691348604E-16,-1.));
#452 = ADVANCED_FACE('',(#453),#487,.T.);
#453 = FACE_BOUND('',#454,.T.);
#454 = EDGE_LOOP('',(#455,#456,#464,#472,#480,#486));
#455 = ORIENTED_EDGE('',*,*,#425,.F.);
#456 = ORIENTED_EDGE('',*,*,#457,.T.);
#457 = EDGE_CURVE('',#426,#458,#460,.T.);
#458 = VERTEX_POINT('',#459);
#459 = CARTESIAN_POINT('',(317.5,-10.,-20.));
#460 = LINE('',#461,#462);
#461 = CARTESIAN_POINT('',(317.5,-7.9,-20.));
#462 = VECTOR('',#463,1.);
#463 = DIRECTION('',(0.,-1.,-6.308085367188E-16));
#464 = ORIENTED_EDGE('',*,*,#465,.T.);
#465 = EDGE_CURVE('',#458,#466,#468,.T.);
#466 = VERTEX_POINT('',#467);
#467 = CARTESIAN_POINT('',(-317.5,-10.,-20.));
#468 = LINE('',#469,#470);
#469 = CARTESIAN_POINT('',(342.5,-10.,-20.));
#470 = VECTOR('',#471,1.);
#471 = DIRECTION('',(-1.,-0.,-0.));
#472 = ORIENTED_EDGE('',*,*,#473,.F.);
#473 = EDGE_CURVE('',#474,#466,#476,.T.);
#474 = VERTEX_POINT('',#475);
#475 = CARTESIAN_POINT('',(-317.5,-7.9,-20.));
#476 = LINE('',#477,#478);
#477 = CARTESIAN_POINT('',(-317.5,-10.,-20.));
#478 = VECTOR('',#479,1.);
#479 = DIRECTION('',(-0.,-1.,-6.308085367188E-16));
#480 = ORIENTED_EDGE('',*,*,#481,.T.);
#481 = EDGE_CURVE('',#474,#388,#482,.T.);
#482 = LINE('',#483,#484);
#483 = CARTESIAN_POINT('',(-317.5,-10.,-20.));
#484 = VECTOR('',#485,1.);
#485 = DIRECTION('',(0.,1.,6.308085367188E-16));
#486 = ORIENTED_EDGE('',*,*,#385,.F.);
#487 = PLANE('',#488);
#488 = AXIS2_PLACEMENT_3D('',#489,#490,#491);
#489 = CARTESIAN_POINT('',(342.5,-10.,-20.));
#490 = DIRECTION('',(0.,6.308085367188E-16,-1.));
#491 = DIRECTION('',(0.,1.,6.308085367188E-16));
#492 = ADVANCED_FACE('',(#493),#511,.F.);
#493 = FACE_BOUND('',#494,.T.);
#494 = EDGE_LOOP('',(#495,#496,#504,#510));
#495 = ORIENTED_EDGE('',*,*,#481,.F.);
#496 = ORIENTED_EDGE('',*,*,#497,.F.);
#497 = EDGE_CURVE('',#498,#474,#500,.T.);
#498 = VERTEX_POINT('',#499);
#499 = CARTESIAN_POINT('',(-317.5,-7.9,-18.5));
#500 = LINE('',#501,#502);
#501 = CARTESIAN_POINT('',(-317.5,-7.900000000001,1.250018204594E+03));
#502 = VECTOR('',#503,1.);
#503 = DIRECTION('',(0.,6.308085367188E-16,-1.));
#504 = ORIENTED_EDGE('',*,*,#505,.F.);
#505 = EDGE_CURVE('',#396,#498,#506,.T.);
#506 = LINE('',#507,#508);
#507 = CARTESIAN_POINT('',(-317.5,-10.,-18.5));
#508 = VECTOR('',#509,1.);
#509 = DIRECTION('',(0.,-1.,-6.308085367188E-16));
#510 = ORIENTED_EDGE('',*,*,#395,.T.);
#511 = PLANE('',#512);
#512 = AXIS2_PLACEMENT_3D('',#513,#514,#515);
#513 = CARTESIAN_POINT('',(-317.5,-10.,1.250018204594E+03));
#514 = DIRECTION('',(1.,0.,0.));
#515 = DIRECTION('',(0.,-5.436691348604E-16,1.));
#516 = ADVANCED_FACE('',(#517),#544,.F.);
#517 = FACE_BOUND('',#518,.T.);
#518 = EDGE_LOOP('',(#519,#520,#528,#536,#542,#543));
#519 = ORIENTED_EDGE('',*,*,#505,.T.);
#520 = ORIENTED_EDGE('',*,*,#521,.T.);
#521 = EDGE_CURVE('',#498,#522,#524,.T.);
#522 = VERTEX_POINT('',#523);
#523 = CARTESIAN_POINT('',(-317.5,-8.5,-18.5));
#524 = LINE('',#525,#526);
#525 = CARTESIAN_POINT('',(-317.5,-7.9,-18.5));
#526 = VECTOR('',#527,1.);
#527 = DIRECTION('',(0.,-1.,-6.308085367188E-16));
#528 = ORIENTED_EDGE('',*,*,#529,.F.);
#529 = EDGE_CURVE('',#530,#522,#532,.T.);
#530 = VERTEX_POINT('',#531);
#531 = CARTESIAN_POINT('',(317.5,-8.5,-18.5));
#532 = LINE('',#533,#534);
#533 = CARTESIAN_POINT('',(342.5,-8.5,-18.5));
#534 = VECTOR('',#535,1.);
#535 = DIRECTION('',(-1.,0.,0.));
#536 = ORIENTED_EDGE('',*,*,#537,.F.);
#537 = EDGE_CURVE('',#435,#530,#538,.T.);
#538 = LINE('',#539,#540);
#539 = CARTESIAN_POINT('',(317.5,-10.,-18.5));
#540 = VECTOR('',#541,1.);
#541 = DIRECTION('',(0.,-1.,-6.308085367188E-16));
#542 = ORIENTED_EDGE('',*,*,#434,.T.);
#543 = ORIENTED_EDGE('',*,*,#403,.T.);
#544 = PLANE('',#545);
#545 = AXIS2_PLACEMENT_3D('',#546,#547,#548);
#546 = CARTESIAN_POINT('',(342.5,-10.,-18.5));
#547 = DIRECTION('',(0.,6.308085367188E-16,-1.));
#548 = DIRECTION('',(0.,1.,6.308085367188E-16));
#549 = ADVANCED_FACE('',(#550),#584,.F.);
#550 = FACE_BOUND('',#551,.T.);
#551 = EDGE_LOOP('',(#552,#562,#570,#578));
#552 = ORIENTED_EDGE('',*,*,#553,.F.);
#553 = EDGE_CURVE('',#554,#556,#558,.T.);
#554 = VERTEX_POINT('',#555);
#555 = CARTESIAN_POINT('',(317.5,-10.,-17.9));
#556 = VERTEX_POINT('',#557);
#557 = CARTESIAN_POINT('',(317.5,-10.,-2.1));
#558 = LINE('',#559,#560);
#559 = CARTESIAN_POINT('',(317.5,-10.,-20.));
#560 = VECTOR('',#561,1.);
#561 = DIRECTION('',(0.,0.,1.));
#562 = ORIENTED_EDGE('',*,*,#563,.F.);
#563 = EDGE_CURVE('',#564,#554,#566,.T.);
#564 = VERTEX_POINT('',#565);
#565 = CARTESIAN_POINT('',(317.5,-8.5,-17.9));
#566 = LINE('',#567,#568);
#567 = CARTESIAN_POINT('',(317.5,1.260393073029E+03,-17.9));
#568 = VECTOR('',#569,1.);
#569 = DIRECTION('',(0.,-1.,0.));
#570 = ORIENTED_EDGE('',*,*,#571,.F.);
#571 = EDGE_CURVE('',#572,#564,#574,.T.);
#572 = VERTEX_POINT('',#573);
#573 = CARTESIAN_POINT('',(317.5,-8.5,-2.1));
#574 = LINE('',#575,#576);
#575 = CARTESIAN_POINT('',(317.5,-8.5,-3.469446951954E-15));
#576 = VECTOR('',#577,1.);
#577 = DIRECTION('',(0.,0.,-1.));
#578 = ORIENTED_EDGE('',*,*,#579,.T.);
#579 = EDGE_CURVE('',#572,#556,#580,.T.);
#580 = LINE('',#581,#582);
#581 = CARTESIAN_POINT('',(317.5,1.260393073029E+03,-2.1));
#582 = VECTOR('',#583,1.);
#583 = DIRECTION('',(0.,-1.,0.));
#584 = PLANE('',#585);
#585 = AXIS2_PLACEMENT_3D('',#586,#587,#588);
#586 = CARTESIAN_POINT('',(317.5,1.260393073029E+03,-3.469446951954E-15)
  );
#587 = DIRECTION('',(-1.,0.,0.));
#588 = DIRECTION('',(0.,-1.,6.123233995737E-17));
#589 = ADVANCED_FACE('',(#590),#638,.T.);
#590 = FACE_BOUND('',#591,.T.);
#591 = EDGE_LOOP('',(#592,#602,#608,#609,#615,#616,#624,#632));
#592 = ORIENTED_EDGE('',*,*,#593,.T.);
#593 = EDGE_CURVE('',#594,#596,#598,.T.);
#594 = VERTEX_POINT('',#595);
#595 = CARTESIAN_POINT('',(-317.5,-10.,-2.1));
#596 = VERTEX_POINT('',#597);
#597 = CARTESIAN_POINT('',(-317.5,-10.,-17.9));
#598 = LINE('',#599,#600);
#599 = CARTESIAN_POINT('',(-317.5,-10.,-20.));
#600 = VECTOR('',#601,1.);
#601 = DIRECTION('',(-0.,0.,-1.));
#602 = ORIENTED_EDGE('',*,*,#603,.T.);
#603 = EDGE_CURVE('',#596,#466,#604,.T.);
#604 = LINE('',#605,#606);
#605 = CARTESIAN_POINT('',(-317.5,-10.,-17.9));
#606 = VECTOR('',#607,1.);
#607 = DIRECTION('',(-0.,-0.,-1.));
#608 = ORIENTED_EDGE('',*,*,#465,.F.);
#609 = ORIENTED_EDGE('',*,*,#610,.F.);
#610 = EDGE_CURVE('',#554,#458,#611,.T.);
#611 = LINE('',#612,#613);
#612 = CARTESIAN_POINT('',(317.5,-10.,-3.469446951954E-15));
#613 = VECTOR('',#614,1.);
#614 = DIRECTION('',(0.,-0.,-1.));
#615 = ORIENTED_EDGE('',*,*,#553,.T.);
#616 = ORIENTED_EDGE('',*,*,#617,.T.);
#617 = EDGE_CURVE('',#556,#618,#620,.T.);
#618 = VERTEX_POINT('',#619);
#619 = CARTESIAN_POINT('',(317.5,-10.,-2.689084579946E-15));
#620 = LINE('',#621,#622);
#621 = CARTESIAN_POINT('',(317.5,-10.,-2.1));
#622 = VECTOR('',#623,1.);
#623 = DIRECTION('',(-0.,-0.,1.));
#624 = ORIENTED_EDGE('',*,*,#625,.T.);
#625 = EDGE_CURVE('',#618,#626,#628,.T.);
#626 = VERTEX_POINT('',#627);
#627 = CARTESIAN_POINT('',(-317.5,-10.,-2.689084579946E-15));
#628 = LINE('',#629,#630);
#629 = CARTESIAN_POINT('',(342.5,-10.,-2.689084579946E-15));
#630 = VECTOR('',#631,1.);
#631 = DIRECTION('',(-1.,-0.,0.));
#632 = ORIENTED_EDGE('',*,*,#633,.F.);
#633 = EDGE_CURVE('',#594,#626,#634,.T.);
#634 = LINE('',#635,#636);
#635 = CARTESIAN_POINT('',(-317.5,-10.,-3.469446951954E-15));
#636 = VECTOR('',#637,1.);
#637 = DIRECTION('',(-0.,-0.,1.));
#638 = PLANE('',#639);
#639 = AXIS2_PLACEMENT_3D('',#640,#641,#642);
#640 = CARTESIAN_POINT('',(342.5,-10.,-3.469446951954E-15));
#641 = DIRECTION('',(0.,-1.,0.));
#642 = DIRECTION('',(0.,0.,-1.));
#643 = ADVANCED_FACE('',(#644),#669,.F.);
#644 = FACE_BOUND('',#645,.T.);
#645 = EDGE_LOOP('',(#646,#647,#655,#663));
#646 = ORIENTED_EDGE('',*,*,#593,.F.);
#647 = ORIENTED_EDGE('',*,*,#648,.F.);
#648 = EDGE_CURVE('',#649,#594,#651,.T.);
#649 = VERTEX_POINT('',#650);
#650 = CARTESIAN_POINT('',(-317.5,-8.5,-2.1));
#651 = LINE('',#652,#653);
#652 = CARTESIAN_POINT('',(-317.5,1.260393073029E+03,-2.1));
#653 = VECTOR('',#654,1.);
#654 = DIRECTION('',(0.,-1.,0.));
#655 = ORIENTED_EDGE('',*,*,#656,.F.);
#656 = EDGE_CURVE('',#657,#649,#659,.T.);
#657 = VERTEX_POINT('',#658);
#658 = CARTESIAN_POINT('',(-317.5,-8.5,-17.9));
#659 = LINE('',#660,#661);
#660 = CARTESIAN_POINT('',(-317.5,-8.5,-3.469446951954E-15));
#661 = VECTOR('',#662,1.);
#662 = DIRECTION('',(0.,0.,1.));
#663 = ORIENTED_EDGE('',*,*,#664,.T.);
#664 = EDGE_CURVE('',#657,#596,#665,.T.);
#665 = LINE('',#666,#667);
#666 = CARTESIAN_POINT('',(-317.5,1.260393073029E+03,-17.9));
#667 = VECTOR('',#668,1.);
#668 = DIRECTION('',(0.,-1.,0.));
#669 = PLANE('',#670);
#670 = AXIS2_PLACEMENT_3D('',#671,#672,#673);
#671 = CARTESIAN_POINT('',(-317.5,1.260393073029E+03,-3.469446951954E-15
    ));
#672 = DIRECTION('',(1.,0.,0.));
#673 = DIRECTION('',(0.,1.,-6.123233995737E-17));
#674 = ADVANCED_FACE('',(#675),#714,.F.);
#675 = FACE_BOUND('',#676,.T.);
#676 = EDGE_LOOP('',(#677,#678,#684,#685,#691,#692,#700,#708));
#677 = ORIENTED_EDGE('',*,*,#571,.T.);
#678 = ORIENTED_EDGE('',*,*,#679,.T.);
#679 = EDGE_CURVE('',#564,#530,#680,.T.);
#680 = LINE('',#681,#682);
#681 = CARTESIAN_POINT('',(317.5,-8.5,-17.9));
#682 = VECTOR('',#683,1.);
#683 = DIRECTION('',(0.,0.,-1.));
#684 = ORIENTED_EDGE('',*,*,#529,.T.);
#685 = ORIENTED_EDGE('',*,*,#686,.F.);
#686 = EDGE_CURVE('',#657,#522,#687,.T.);
#687 = LINE('',#688,#689);
#688 = CARTESIAN_POINT('',(-317.5,-8.5,-3.469446951954E-15));
#689 = VECTOR('',#690,1.);
#690 = DIRECTION('',(0.,0.,-1.));
#691 = ORIENTED_EDGE('',*,*,#656,.T.);
#692 = ORIENTED_EDGE('',*,*,#693,.T.);
#693 = EDGE_CURVE('',#649,#694,#696,.T.);
#694 = VERTEX_POINT('',#695);
#695 = CARTESIAN_POINT('',(-317.5,-8.5,-1.5));
#696 = LINE('',#697,#698);
#697 = CARTESIAN_POINT('',(-317.5,-8.5,-2.1));
#698 = VECTOR('',#699,1.);
#699 = DIRECTION('',(0.,0.,1.));
#700 = ORIENTED_EDGE('',*,*,#701,.F.);
#701 = EDGE_CURVE('',#702,#694,#704,.T.);
#702 = VERTEX_POINT('',#703);
#703 = CARTESIAN_POINT('',(317.5,-8.5,-1.5));
#704 = LINE('',#705,#706);
#705 = CARTESIAN_POINT('',(342.5,-8.5,-1.5));
#706 = VECTOR('',#707,1.);
#707 = DIRECTION('',(-1.,0.,0.));
#708 = ORIENTED_EDGE('',*,*,#709,.F.);
#709 = EDGE_CURVE('',#572,#702,#710,.T.);
#710 = LINE('',#711,#712);
#711 = CARTESIAN_POINT('',(317.5,-8.5,-3.469446951954E-15));
#712 = VECTOR('',#713,1.);
#713 = DIRECTION('',(0.,0.,1.));
#714 = PLANE('',#715);
#715 = AXIS2_PLACEMENT_3D('',#716,#717,#718);
#716 = CARTESIAN_POINT('',(342.5,-8.5,-3.469446951954E-15));
#717 = DIRECTION('',(0.,-1.,0.));
#718 = DIRECTION('',(0.,0.,-1.));
#719 = ADVANCED_FACE('',(#720,#731,#742,#778,#814,#825,#836,#847,#858,
    #869,#880,#891,#902,#913,#924,#935,#946,#957,#968,#979,#990,#1001,
    #1012,#1023,#1034,#1045,#1056,#1067),#1243,.T.);
#720 = FACE_BOUND('',#721,.T.);
#721 = EDGE_LOOP('',(#722));
#722 = ORIENTED_EDGE('',*,*,#723,.F.);
#723 = EDGE_CURVE('',#724,#724,#726,.T.);
#724 = VERTEX_POINT('',#725);
#725 = CARTESIAN_POINT('',(-272.9,0.,-2.743963857088E-15));
#726 = CIRCLE('',#727,2.1);
#727 = AXIS2_PLACEMENT_3D('',#728,#729,#730);
#728 = CARTESIAN_POINT('',(-275.,0.,-2.743963857088E-15));
#729 = DIRECTION('',(0.,0.,1.));
#730 = DIRECTION('',(1.,0.,-0.));
#731 = FACE_BOUND('',#732,.T.);
#732 = EDGE_LOOP('',(#733));
#733 = ORIENTED_EDGE('',*,*,#734,.F.);
#734 = EDGE_CURVE('',#735,#735,#737,.T.);
#735 = VERTEX_POINT('',#736);
#736 = CARTESIAN_POINT('',(-297.9,0.,0.));
#737 = CIRCLE('',#738,2.1);
#738 = AXIS2_PLACEMENT_3D('',#739,#740,#741);
#739 = CARTESIAN_POINT('',(-300.,0.,0.));
#740 = DIRECTION('',(0.,0.,1.));
#741 = DIRECTION('',(1.,0.,-0.));
#742 = FACE_BOUND('',#743,.T.);
#743 = EDGE_LOOP('',(#744,#755,#763,#772));
#744 = ORIENTED_EDGE('',*,*,#745,.F.);
#745 = EDGE_CURVE('',#746,#748,#750,.T.);
#746 = VERTEX_POINT('',#747);
#747 = CARTESIAN_POINT('',(-329.5,-3.,0.));
#748 = VERTEX_POINT('',#749);
#749 = CARTESIAN_POINT('',(-329.5,3.,-2.689084579946E-15));
#750 = CIRCLE('',#751,3.);
#751 = AXIS2_PLACEMENT_3D('',#752,#753,#754);
#752 = CARTESIAN_POINT('',(-329.5,0.,0.));
#753 = DIRECTION('',(0.,0.,1.));
#754 = DIRECTION('',(-1.,0.,0.));
#755 = ORIENTED_EDGE('',*,*,#756,.F.);
#756 = EDGE_CURVE('',#757,#746,#759,.T.);
#757 = VERTEX_POINT('',#758);
#758 = CARTESIAN_POINT('',(-335.5,-3.,0.));
#759 = LINE('',#760,#761);
#760 = CARTESIAN_POINT('',(-335.5,-3.,0.));
#761 = VECTOR('',#762,1.);
#762 = DIRECTION('',(1.,0.,0.));
#763 = ORIENTED_EDGE('',*,*,#764,.F.);
#764 = EDGE_CURVE('',#765,#757,#767,.T.);
#765 = VERTEX_POINT('',#766);
#766 = CARTESIAN_POINT('',(-335.5,3.,0.));
#767 = CIRCLE('',#768,3.);
#768 = AXIS2_PLACEMENT_3D('',#769,#770,#771);
#769 = CARTESIAN_POINT('',(-335.5,0.,0.));
#770 = DIRECTION('',(0.,0.,1.));
#771 = DIRECTION('',(1.,0.,-0.));
#772 = ORIENTED_EDGE('',*,*,#773,.F.);
#773 = EDGE_CURVE('',#748,#765,#774,.T.);
#774 = LINE('',#775,#776);
#775 = CARTESIAN_POINT('',(-335.5,3.,0.));
#776 = VECTOR('',#777,1.);
#777 = DIRECTION('',(-1.,-0.,-0.));
#778 = FACE_BOUND('',#779,.T.);
#779 = EDGE_LOOP('',(#780,#791,#799,#808));
#780 = ORIENTED_EDGE('',*,*,#781,.F.);
#781 = EDGE_CURVE('',#782,#784,#786,.T.);
#782 = VERTEX_POINT('',#783);
#783 = CARTESIAN_POINT('',(335.5,-3.,0.));
#784 = VERTEX_POINT('',#785);
#785 = CARTESIAN_POINT('',(335.5,3.,-2.689084579946E-15));
#786 = CIRCLE('',#787,3.);
#787 = AXIS2_PLACEMENT_3D('',#788,#789,#790);
#788 = CARTESIAN_POINT('',(335.5,4.336808689942E-16,0.));
#789 = DIRECTION('',(0.,0.,1.));
#790 = DIRECTION('',(-1.,0.,0.));
#791 = ORIENTED_EDGE('',*,*,#792,.F.);
#792 = EDGE_CURVE('',#793,#782,#795,.T.);
#793 = VERTEX_POINT('',#794);
#794 = CARTESIAN_POINT('',(329.5,-3.,0.));
#795 = LINE('',#796,#797);
#796 = CARTESIAN_POINT('',(329.5,-3.,0.));
#797 = VECTOR('',#798,1.);
#798 = DIRECTION('',(1.,7.228014483236E-17,0.));
#799 = ORIENTED_EDGE('',*,*,#800,.F.);
#800 = EDGE_CURVE('',#801,#793,#803,.T.);
#801 = VERTEX_POINT('',#802);
#802 = CARTESIAN_POINT('',(329.5,3.,0.));
#803 = CIRCLE('',#804,3.);
#804 = AXIS2_PLACEMENT_3D('',#805,#806,#807);
#805 = CARTESIAN_POINT('',(329.5,-2.296930634574E-17,0.));
#806 = DIRECTION('',(0.,0.,1.));
#807 = DIRECTION('',(1.,0.,-0.));
#808 = ORIENTED_EDGE('',*,*,#809,.F.);
#809 = EDGE_CURVE('',#784,#801,#810,.T.);
#810 = LINE('',#811,#812);
#811 = CARTESIAN_POINT('',(329.5,3.,0.));
#812 = VECTOR('',#813,1.);
#813 = DIRECTION('',(-1.,-7.228014483236E-17,-0.));
#814 = FACE_BOUND('',#815,.T.);
#815 = EDGE_LOOP('',(#816));
#816 = ORIENTED_EDGE('',*,*,#817,.F.);
#817 = EDGE_CURVE('',#818,#818,#820,.T.);
#818 = VERTEX_POINT('',#819);
#819 = CARTESIAN_POINT('',(-247.9,0.,-5.487927714175E-15));
#820 = CIRCLE('',#821,2.1);
#821 = AXIS2_PLACEMENT_3D('',#822,#823,#824);
#822 = CARTESIAN_POINT('',(-250.,0.,-5.487927714175E-15));
#823 = DIRECTION('',(0.,0.,1.));
#824 = DIRECTION('',(1.,0.,-0.));
#825 = FACE_BOUND('',#826,.T.);
#826 = EDGE_LOOP('',(#827));
#827 = ORIENTED_EDGE('',*,*,#828,.F.);
#828 = EDGE_CURVE('',#829,#829,#831,.T.);
#829 = VERTEX_POINT('',#830);
#830 = CARTESIAN_POINT('',(-222.9,0.,-8.231891571263E-15));
#831 = CIRCLE('',#832,2.1);
#832 = AXIS2_PLACEMENT_3D('',#833,#834,#835);
#833 = CARTESIAN_POINT('',(-225.,0.,-8.231891571263E-15));
#834 = DIRECTION('',(0.,0.,1.));
#835 = DIRECTION('',(1.,0.,-0.));
#836 = FACE_BOUND('',#837,.T.);
#837 = EDGE_LOOP('',(#838));
#838 = ORIENTED_EDGE('',*,*,#839,.F.);
#839 = EDGE_CURVE('',#840,#840,#842,.T.);
#840 = VERTEX_POINT('',#841);
#841 = CARTESIAN_POINT('',(-197.9,0.,-1.097585542835E-14));
#842 = CIRCLE('',#843,2.1);
#843 = AXIS2_PLACEMENT_3D('',#844,#845,#846);
#844 = CARTESIAN_POINT('',(-200.,0.,-1.097585542835E-14));
#845 = DIRECTION('',(0.,0.,1.));
#846 = DIRECTION('',(1.,0.,-0.));
#847 = FACE_BOUND('',#848,.T.);
#848 = EDGE_LOOP('',(#849));
#849 = ORIENTED_EDGE('',*,*,#850,.F.);
#850 = EDGE_CURVE('',#851,#851,#853,.T.);
#851 = VERTEX_POINT('',#852);
#852 = CARTESIAN_POINT('',(-172.9,0.,-1.371981928544E-14));
#853 = CIRCLE('',#854,2.1);
#854 = AXIS2_PLACEMENT_3D('',#855,#856,#857);
#855 = CARTESIAN_POINT('',(-175.,0.,-1.371981928544E-14));
#856 = DIRECTION('',(0.,0.,1.));
#857 = DIRECTION('',(1.,0.,-0.));
#858 = FACE_BOUND('',#859,.T.);
#859 = EDGE_LOOP('',(#860));
#860 = ORIENTED_EDGE('',*,*,#861,.F.);
#861 = EDGE_CURVE('',#862,#862,#864,.T.);
#862 = VERTEX_POINT('',#863);
#863 = CARTESIAN_POINT('',(-147.9,0.,-1.646378314253E-14));
#864 = CIRCLE('',#865,2.1);
#865 = AXIS2_PLACEMENT_3D('',#866,#867,#868);
#866 = CARTESIAN_POINT('',(-150.,0.,-1.646378314253E-14));
#867 = DIRECTION('',(0.,0.,1.));
#868 = DIRECTION('',(1.,0.,-0.));
#869 = FACE_BOUND('',#870,.T.);
#870 = EDGE_LOOP('',(#871));
#871 = ORIENTED_EDGE('',*,*,#872,.F.);
#872 = EDGE_CURVE('',#873,#873,#875,.T.);
#873 = VERTEX_POINT('',#874);
#874 = CARTESIAN_POINT('',(-122.9,0.,-1.920774699961E-14));
#875 = CIRCLE('',#876,2.1);
#876 = AXIS2_PLACEMENT_3D('',#877,#878,#879);
#877 = CARTESIAN_POINT('',(-125.,0.,-1.920774699961E-14));
#878 = DIRECTION('',(0.,0.,1.));
#879 = DIRECTION('',(1.,0.,-0.));
#880 = FACE_BOUND('',#881,.T.);
#881 = EDGE_LOOP('',(#882));
#882 = ORIENTED_EDGE('',*,*,#883,.F.);
#883 = EDGE_CURVE('',#884,#884,#886,.T.);
#884 = VERTEX_POINT('',#885);
#885 = CARTESIAN_POINT('',(-97.9,0.,-2.19517108567E-14));
#886 = CIRCLE('',#887,2.1);
#887 = AXIS2_PLACEMENT_3D('',#888,#889,#890);
#888 = CARTESIAN_POINT('',(-100.,0.,-2.19517108567E-14));
#889 = DIRECTION('',(0.,0.,1.));
#890 = DIRECTION('',(1.,0.,-0.));
#891 = FACE_BOUND('',#892,.T.);
#892 = EDGE_LOOP('',(#893));
#893 = ORIENTED_EDGE('',*,*,#894,.F.);
#894 = EDGE_CURVE('',#895,#895,#897,.T.);
#895 = VERTEX_POINT('',#896);
#896 = CARTESIAN_POINT('',(-72.9,0.,-2.469567471379E-14));
#897 = CIRCLE('',#898,2.1);
#898 = AXIS2_PLACEMENT_3D('',#899,#900,#901);
#899 = CARTESIAN_POINT('',(-75.,0.,-2.469567471379E-14));
#900 = DIRECTION('',(0.,0.,1.));
#901 = DIRECTION('',(1.,0.,-0.));
#902 = FACE_BOUND('',#903,.T.);
#903 = EDGE_LOOP('',(#904));
#904 = ORIENTED_EDGE('',*,*,#905,.F.);
#905 = EDGE_CURVE('',#906,#906,#908,.T.);
#906 = VERTEX_POINT('',#907);
#907 = CARTESIAN_POINT('',(-47.9,0.,-2.743963857088E-14));
#908 = CIRCLE('',#909,2.1);
#909 = AXIS2_PLACEMENT_3D('',#910,#911,#912);
#910 = CARTESIAN_POINT('',(-50.,0.,-2.743963857088E-14));
#911 = DIRECTION('',(0.,0.,1.));
#912 = DIRECTION('',(1.,0.,-0.));
#913 = FACE_BOUND('',#914,.T.);
#914 = EDGE_LOOP('',(#915));
#915 = ORIENTED_EDGE('',*,*,#916,.F.);
#916 = EDGE_CURVE('',#917,#917,#919,.T.);
#917 = VERTEX_POINT('',#918);
#918 = CARTESIAN_POINT('',(-22.9,0.,-3.018360242796E-14));
#919 = CIRCLE('',#920,2.1);
#920 = AXIS2_PLACEMENT_3D('',#921,#922,#923);
#921 = CARTESIAN_POINT('',(-25.,0.,-3.018360242796E-14));
#922 = DIRECTION('',(0.,0.,1.));
#923 = DIRECTION('',(1.,0.,-0.));
#924 = FACE_BOUND('',#925,.T.);
#925 = EDGE_LOOP('',(#926));
#926 = ORIENTED_EDGE('',*,*,#927,.F.);
#927 = EDGE_CURVE('',#928,#928,#930,.T.);
#928 = VERTEX_POINT('',#929);
#929 = CARTESIAN_POINT('',(2.1,0.,-3.292756628505E-14));
#930 = CIRCLE('',#931,2.1);
#931 = AXIS2_PLACEMENT_3D('',#932,#933,#934);
#932 = CARTESIAN_POINT('',(0.,0.,-3.292756628505E-14));
#933 = DIRECTION('',(0.,0.,1.));
#934 = DIRECTION('',(1.,0.,-0.));
#935 = FACE_BOUND('',#936,.T.);
#936 = EDGE_LOOP('',(#937));
#937 = ORIENTED_EDGE('',*,*,#938,.F.);
#938 = EDGE_CURVE('',#939,#939,#941,.T.);
#939 = VERTEX_POINT('',#940);
#940 = CARTESIAN_POINT('',(27.1,0.,-3.567153014214E-14));
#941 = CIRCLE('',#942,2.1);
#942 = AXIS2_PLACEMENT_3D('',#943,#944,#945);
#943 = CARTESIAN_POINT('',(25.,0.,-3.567153014214E-14));
#944 = DIRECTION('',(0.,0.,1.));
#945 = DIRECTION('',(1.,0.,-0.));
#946 = FACE_BOUND('',#947,.T.);
#947 = EDGE_LOOP('',(#948));
#948 = ORIENTED_EDGE('',*,*,#949,.F.);
#949 = EDGE_CURVE('',#950,#950,#952,.T.);
#950 = VERTEX_POINT('',#951);
#951 = CARTESIAN_POINT('',(52.1,0.,-3.841549399923E-14));
#952 = CIRCLE('',#953,2.1);
#953 = AXIS2_PLACEMENT_3D('',#954,#955,#956);
#954 = CARTESIAN_POINT('',(50.,0.,-3.841549399923E-14));
#955 = DIRECTION('',(0.,0.,1.));
#956 = DIRECTION('',(1.,0.,-0.));
#957 = FACE_BOUND('',#958,.T.);
#958 = EDGE_LOOP('',(#959));
#959 = ORIENTED_EDGE('',*,*,#960,.F.);
#960 = EDGE_CURVE('',#961,#961,#963,.T.);
#961 = VERTEX_POINT('',#962);
#962 = CARTESIAN_POINT('',(77.1,0.,-4.115945785632E-14));
#963 = CIRCLE('',#964,2.1);
#964 = AXIS2_PLACEMENT_3D('',#965,#966,#967);
#965 = CARTESIAN_POINT('',(75.,0.,-4.115945785632E-14));
#966 = DIRECTION('',(0.,0.,1.));
#967 = DIRECTION('',(1.,0.,-0.));
#968 = FACE_BOUND('',#969,.T.);
#969 = EDGE_LOOP('',(#970));
#970 = ORIENTED_EDGE('',*,*,#971,.F.);
#971 = EDGE_CURVE('',#972,#972,#974,.T.);
#972 = VERTEX_POINT('',#973);
#973 = CARTESIAN_POINT('',(102.1,0.,-4.39034217134E-14));
#974 = CIRCLE('',#975,2.1);
#975 = AXIS2_PLACEMENT_3D('',#976,#977,#978);
#976 = CARTESIAN_POINT('',(100.,0.,-4.39034217134E-14));
#977 = DIRECTION('',(0.,0.,1.));
#978 = DIRECTION('',(1.,0.,-0.));
#979 = FACE_BOUND('',#980,.T.);
#980 = EDGE_LOOP('',(#981));
#981 = ORIENTED_EDGE('',*,*,#982,.F.);
#982 = EDGE_CURVE('',#983,#983,#985,.T.);
#983 = VERTEX_POINT('',#984);
#984 = CARTESIAN_POINT('',(127.1,0.,-4.664738557049E-14));
#985 = CIRCLE('',#986,2.1);
#986 = AXIS2_PLACEMENT_3D('',#987,#988,#989);
#987 = CARTESIAN_POINT('',(125.,0.,-4.664738557049E-14));
#988 = DIRECTION('',(0.,0.,1.));
#989 = DIRECTION('',(1.,0.,-0.));
#990 = FACE_BOUND('',#991,.T.);
#991 = EDGE_LOOP('',(#992));
#992 = ORIENTED_EDGE('',*,*,#993,.F.);
#993 = EDGE_CURVE('',#994,#994,#996,.T.);
#994 = VERTEX_POINT('',#995);
#995 = CARTESIAN_POINT('',(152.1,0.,-4.939134942758E-14));
#996 = CIRCLE('',#997,2.1);
#997 = AXIS2_PLACEMENT_3D('',#998,#999,#1000);
#998 = CARTESIAN_POINT('',(150.,0.,-4.939134942758E-14));
#999 = DIRECTION('',(0.,0.,1.));
#1000 = DIRECTION('',(1.,0.,-0.));
#1001 = FACE_BOUND('',#1002,.T.);
#1002 = EDGE_LOOP('',(#1003));
#1003 = ORIENTED_EDGE('',*,*,#1004,.F.);
#1004 = EDGE_CURVE('',#1005,#1005,#1007,.T.);
#1005 = VERTEX_POINT('',#1006);
#1006 = CARTESIAN_POINT('',(177.1,0.,-5.213531328467E-14));
#1007 = CIRCLE('',#1008,2.1);
#1008 = AXIS2_PLACEMENT_3D('',#1009,#1010,#1011);
#1009 = CARTESIAN_POINT('',(175.,0.,-5.213531328467E-14));
#1010 = DIRECTION('',(0.,0.,1.));
#1011 = DIRECTION('',(1.,0.,-0.));
#1012 = FACE_BOUND('',#1013,.T.);
#1013 = EDGE_LOOP('',(#1014));
#1014 = ORIENTED_EDGE('',*,*,#1015,.F.);
#1015 = EDGE_CURVE('',#1016,#1016,#1018,.T.);
#1016 = VERTEX_POINT('',#1017);
#1017 = CARTESIAN_POINT('',(202.1,0.,-5.487927714175E-14));
#1018 = CIRCLE('',#1019,2.1);
#1019 = AXIS2_PLACEMENT_3D('',#1020,#1021,#1022);
#1020 = CARTESIAN_POINT('',(200.,0.,-5.487927714175E-14));
#1021 = DIRECTION('',(0.,0.,1.));
#1022 = DIRECTION('',(1.,0.,-0.));
#1023 = FACE_BOUND('',#1024,.T.);
#1024 = EDGE_LOOP('',(#1025));
#1025 = ORIENTED_EDGE('',*,*,#1026,.F.);
#1026 = EDGE_CURVE('',#1027,#1027,#1029,.T.);
#1027 = VERTEX_POINT('',#1028);
#1028 = CARTESIAN_POINT('',(227.1,0.,-5.762324099884E-14));
#1029 = CIRCLE('',#1030,2.1);
#1030 = AXIS2_PLACEMENT_3D('',#1031,#1032,#1033);
#1031 = CARTESIAN_POINT('',(225.,0.,-5.762324099884E-14));
#1032 = DIRECTION('',(0.,0.,1.));
#1033 = DIRECTION('',(1.,0.,-0.));
#1034 = FACE_BOUND('',#1035,.T.);
#1035 = EDGE_LOOP('',(#1036));
#1036 = ORIENTED_EDGE('',*,*,#1037,.F.);
#1037 = EDGE_CURVE('',#1038,#1038,#1040,.T.);
#1038 = VERTEX_POINT('',#1039);
#1039 = CARTESIAN_POINT('',(252.1,0.,-6.036720485593E-14));
#1040 = CIRCLE('',#1041,2.1);
#1041 = AXIS2_PLACEMENT_3D('',#1042,#1043,#1044);
#1042 = CARTESIAN_POINT('',(250.,0.,-6.036720485593E-14));
#1043 = DIRECTION('',(0.,0.,1.));
#1044 = DIRECTION('',(1.,0.,-0.));
#1045 = FACE_BOUND('',#1046,.T.);
#1046 = EDGE_LOOP('',(#1047));
#1047 = ORIENTED_EDGE('',*,*,#1048,.F.);
#1048 = EDGE_CURVE('',#1049,#1049,#1051,.T.);
#1049 = VERTEX_POINT('',#1050);
#1050 = CARTESIAN_POINT('',(277.1,0.,-6.311116871302E-14));
#1051 = CIRCLE('',#1052,2.1);
#1052 = AXIS2_PLACEMENT_3D('',#1053,#1054,#1055);
#1053 = CARTESIAN_POINT('',(275.,0.,-6.311116871302E-14));
#1054 = DIRECTION('',(0.,0.,1.));
#1055 = DIRECTION('',(1.,0.,-0.));
#1056 = FACE_BOUND('',#1057,.T.);
#1057 = EDGE_LOOP('',(#1058));
#1058 = ORIENTED_EDGE('',*,*,#1059,.F.);
#1059 = EDGE_CURVE('',#1060,#1060,#1062,.T.);
#1060 = VERTEX_POINT('',#1061);
#1061 = CARTESIAN_POINT('',(302.1,0.,-6.58551325701E-14));
#1062 = CIRCLE('',#1063,2.1);
#1063 = AXIS2_PLACEMENT_3D('',#1064,#1065,#1066);
#1064 = CARTESIAN_POINT('',(300.,0.,-6.58551325701E-14));
#1065 = DIRECTION('',(0.,0.,1.));
#1066 = DIRECTION('',(1.,0.,-0.));
#1067 = FACE_BOUND('',#1068,.T.);
#1068 = EDGE_LOOP('',(#1069,#1079,#1085,#1086,#1094,#1102,#1110,#1118,
    #1126,#1134,#1142,#1150,#1158,#1166,#1172,#1173,#1181,#1189,#1197,
    #1205,#1213,#1221,#1229,#1237));
#1069 = ORIENTED_EDGE('',*,*,#1070,.F.);
#1070 = EDGE_CURVE('',#1071,#1073,#1075,.T.);
#1071 = VERTEX_POINT('',#1072);
#1072 = CARTESIAN_POINT('',(317.5,7.9,0.));
#1073 = VERTEX_POINT('',#1074);
#1074 = CARTESIAN_POINT('',(318.,7.9,0.));
#1075 = LINE('',#1076,#1077);
#1076 = CARTESIAN_POINT('',(317.5,7.9,0.));
#1077 = VECTOR('',#1078,1.);
#1078 = DIRECTION('',(1.,0.,0.));
#1079 = ORIENTED_EDGE('',*,*,#1080,.T.);
#1080 = EDGE_CURVE('',#1071,#288,#1081,.T.);
#1081 = LINE('',#1082,#1083);
#1082 = CARTESIAN_POINT('',(317.5,7.9,-2.602085213965E-15));
#1083 = VECTOR('',#1084,1.);
#1084 = DIRECTION('',(-0.,1.,-0.));
#1085 = ORIENTED_EDGE('',*,*,#287,.F.);
#1086 = ORIENTED_EDGE('',*,*,#1087,.F.);
#1087 = EDGE_CURVE('',#1088,#280,#1090,.T.);
#1088 = VERTEX_POINT('',#1089);
#1089 = CARTESIAN_POINT('',(-317.5,7.9,-1.734723475977E-15));
#1090 = LINE('',#1091,#1092);
#1091 = CARTESIAN_POINT('',(-317.5,10.,-2.689084579946E-15));
#1092 = VECTOR('',#1093,1.);
#1093 = DIRECTION('',(-0.,1.,-0.));
#1094 = ORIENTED_EDGE('',*,*,#1095,.F.);
#1095 = EDGE_CURVE('',#1096,#1088,#1098,.T.);
#1096 = VERTEX_POINT('',#1097);
#1097 = CARTESIAN_POINT('',(-318.,7.9,0.));
#1098 = LINE('',#1099,#1100);
#1099 = CARTESIAN_POINT('',(-317.5,7.9,0.));
#1100 = VECTOR('',#1101,1.);
#1101 = DIRECTION('',(1.,-0.,-0.));
#1102 = ORIENTED_EDGE('',*,*,#1103,.F.);
#1103 = EDGE_CURVE('',#1104,#1096,#1106,.T.);
#1104 = VERTEX_POINT('',#1105);
#1105 = CARTESIAN_POINT('',(-318.,10.,0.));
#1106 = LINE('',#1107,#1108);
#1107 = CARTESIAN_POINT('',(-318.,10.,0.));
#1108 = VECTOR('',#1109,1.);
#1109 = DIRECTION('',(0.,-1.,0.));
#1110 = ORIENTED_EDGE('',*,*,#1111,.T.);
#1111 = EDGE_CURVE('',#1104,#1112,#1114,.T.);
#1112 = VERTEX_POINT('',#1113);
#1113 = CARTESIAN_POINT('',(-340.5,10.,0.));
#1114 = LINE('',#1115,#1116);
#1115 = CARTESIAN_POINT('',(342.5,10.,-2.689084579946E-15));
#1116 = VECTOR('',#1117,1.);
#1117 = DIRECTION('',(-1.,-0.,-0.));
#1118 = ORIENTED_EDGE('',*,*,#1119,.T.);
#1119 = EDGE_CURVE('',#1112,#1120,#1122,.T.);
#1120 = VERTEX_POINT('',#1121);
#1121 = CARTESIAN_POINT('',(-342.5,8.,0.));
#1122 = LINE('',#1123,#1124);
#1123 = CARTESIAN_POINT('',(1.,351.5,-2.689084579946E-15));
#1124 = VECTOR('',#1125,1.);
#1125 = DIRECTION('',(-0.707106781187,-0.707106781187,0.));
#1126 = ORIENTED_EDGE('',*,*,#1127,.F.);
#1127 = EDGE_CURVE('',#1128,#1120,#1130,.T.);
#1128 = VERTEX_POINT('',#1129);
#1129 = CARTESIAN_POINT('',(-342.5,-8.,0.));
#1130 = LINE('',#1131,#1132);
#1131 = CARTESIAN_POINT('',(-342.5,10.,-2.689084579946E-15));
#1132 = VECTOR('',#1133,1.);
#1133 = DIRECTION('',(0.,1.,0.));
#1134 = ORIENTED_EDGE('',*,*,#1135,.T.);
#1135 = EDGE_CURVE('',#1128,#1136,#1138,.T.);
#1136 = VERTEX_POINT('',#1137);
#1137 = CARTESIAN_POINT('',(-340.5,-10.,0.));
#1138 = LINE('',#1139,#1140);
#1139 = CARTESIAN_POINT('',(-9.,-341.5,-2.689084579946E-15));
#1140 = VECTOR('',#1141,1.);
#1141 = DIRECTION('',(0.707106781187,-0.707106781187,-0.));
#1142 = ORIENTED_EDGE('',*,*,#1143,.F.);
#1143 = EDGE_CURVE('',#1144,#1136,#1146,.T.);
#1144 = VERTEX_POINT('',#1145);
#1145 = CARTESIAN_POINT('',(-318.,-10.,0.));
#1146 = LINE('',#1147,#1148);
#1147 = CARTESIAN_POINT('',(342.5,-10.,-2.689084579946E-15));
#1148 = VECTOR('',#1149,1.);
#1149 = DIRECTION('',(-1.,-0.,-0.));
#1150 = ORIENTED_EDGE('',*,*,#1151,.F.);
#1151 = EDGE_CURVE('',#1152,#1144,#1154,.T.);
#1152 = VERTEX_POINT('',#1153);
#1153 = CARTESIAN_POINT('',(-318.,-7.9,0.));
#1154 = LINE('',#1155,#1156);
#1155 = CARTESIAN_POINT('',(-318.,-10.,0.));
#1156 = VECTOR('',#1157,1.);
#1157 = DIRECTION('',(-0.,-1.,-0.));
#1158 = ORIENTED_EDGE('',*,*,#1159,.F.);
#1159 = EDGE_CURVE('',#1160,#1152,#1162,.T.);
#1160 = VERTEX_POINT('',#1161);
#1161 = CARTESIAN_POINT('',(-317.5,-7.9,0.));
#1162 = LINE('',#1163,#1164);
#1163 = CARTESIAN_POINT('',(-317.5,-7.9,0.));
#1164 = VECTOR('',#1165,1.);
#1165 = DIRECTION('',(-1.,0.,0.));
#1166 = ORIENTED_EDGE('',*,*,#1167,.T.);
#1167 = EDGE_CURVE('',#1160,#626,#1168,.T.);
#1168 = LINE('',#1169,#1170);
#1169 = CARTESIAN_POINT('',(-317.5,-7.9,-2.602085213965E-15));
#1170 = VECTOR('',#1171,1.);
#1171 = DIRECTION('',(-0.,-1.,-0.));
#1172 = ORIENTED_EDGE('',*,*,#625,.F.);
#1173 = ORIENTED_EDGE('',*,*,#1174,.F.);
#1174 = EDGE_CURVE('',#1175,#618,#1177,.T.);
#1175 = VERTEX_POINT('',#1176);
#1176 = CARTESIAN_POINT('',(317.5,-7.9,-3.035766082959E-15));
#1177 = LINE('',#1178,#1179);
#1178 = CARTESIAN_POINT('',(317.5,10.,-2.689084579946E-15));
#1179 = VECTOR('',#1180,1.);
#1180 = DIRECTION('',(-0.,-1.,0.));
#1181 = ORIENTED_EDGE('',*,*,#1182,.F.);
#1182 = EDGE_CURVE('',#1183,#1175,#1185,.T.);
#1183 = VERTEX_POINT('',#1184);
#1184 = CARTESIAN_POINT('',(318.,-7.9,0.));
#1185 = LINE('',#1186,#1187);
#1186 = CARTESIAN_POINT('',(318.,-7.9,0.));
#1187 = VECTOR('',#1188,1.);
#1188 = DIRECTION('',(-1.,0.,0.));
#1189 = ORIENTED_EDGE('',*,*,#1190,.F.);
#1190 = EDGE_CURVE('',#1191,#1183,#1193,.T.);
#1191 = VERTEX_POINT('',#1192);
#1192 = CARTESIAN_POINT('',(318.,-10.,0.));
#1193 = LINE('',#1194,#1195);
#1194 = CARTESIAN_POINT('',(318.,-10.,0.));
#1195 = VECTOR('',#1196,1.);
#1196 = DIRECTION('',(0.,1.,0.));
#1197 = ORIENTED_EDGE('',*,*,#1198,.F.);
#1198 = EDGE_CURVE('',#1199,#1191,#1201,.T.);
#1199 = VERTEX_POINT('',#1200);
#1200 = CARTESIAN_POINT('',(340.5,-10.,0.));
#1201 = LINE('',#1202,#1203);
#1202 = CARTESIAN_POINT('',(342.5,-10.,-2.689084579946E-15));
#1203 = VECTOR('',#1204,1.);
#1204 = DIRECTION('',(-1.,-0.,-0.));
#1205 = ORIENTED_EDGE('',*,*,#1206,.T.);
#1206 = EDGE_CURVE('',#1199,#1207,#1209,.T.);
#1207 = VERTEX_POINT('',#1208);
#1208 = CARTESIAN_POINT('',(342.5,-8.,0.));
#1209 = LINE('',#1210,#1211);
#1210 = CARTESIAN_POINT('',(351.5,1.,-2.689084579946E-15));
#1211 = VECTOR('',#1212,1.);
#1212 = DIRECTION('',(0.707106781187,0.707106781187,-0.));
#1213 = ORIENTED_EDGE('',*,*,#1214,.T.);
#1214 = EDGE_CURVE('',#1207,#1215,#1217,.T.);
#1215 = VERTEX_POINT('',#1216);
#1216 = CARTESIAN_POINT('',(342.5,8.,0.));
#1217 = LINE('',#1218,#1219);
#1218 = CARTESIAN_POINT('',(342.5,10.,-2.689084579946E-15));
#1219 = VECTOR('',#1220,1.);
#1220 = DIRECTION('',(0.,1.,0.));
#1221 = ORIENTED_EDGE('',*,*,#1222,.T.);
#1222 = EDGE_CURVE('',#1215,#1223,#1225,.T.);
#1223 = VERTEX_POINT('',#1224);
#1224 = CARTESIAN_POINT('',(340.5,10.,0.));
#1225 = LINE('',#1226,#1227);
#1226 = CARTESIAN_POINT('',(341.5,9.,-2.689084579946E-15));
#1227 = VECTOR('',#1228,1.);
#1228 = DIRECTION('',(-0.707106781187,0.707106781187,0.));
#1229 = ORIENTED_EDGE('',*,*,#1230,.T.);
#1230 = EDGE_CURVE('',#1223,#1231,#1233,.T.);
#1231 = VERTEX_POINT('',#1232);
#1232 = CARTESIAN_POINT('',(318.,10.,0.));
#1233 = LINE('',#1234,#1235);
#1234 = CARTESIAN_POINT('',(342.5,10.,-2.689084579946E-15));
#1235 = VECTOR('',#1236,1.);
#1236 = DIRECTION('',(-1.,-0.,-0.));
#1237 = ORIENTED_EDGE('',*,*,#1238,.F.);
#1238 = EDGE_CURVE('',#1073,#1231,#1239,.T.);
#1239 = LINE('',#1240,#1241);
#1240 = CARTESIAN_POINT('',(318.,10.,0.));
#1241 = VECTOR('',#1242,1.);
#1242 = DIRECTION('',(-0.,1.,-0.));
#1243 = PLANE('',#1244);
#1244 = AXIS2_PLACEMENT_3D('',#1245,#1246,#1247);
#1245 = CARTESIAN_POINT('',(342.5,10.,-2.689084579946E-15));
#1246 = DIRECTION('',(0.,0.,1.));
#1247 = DIRECTION('',(1.,0.,-0.));
#1248 = ADVANCED_FACE('',(#1249,#1260,#1271,#1307,#1343,#1354,#1365,
    #1376,#1387,#1398,#1409,#1420,#1431,#1442,#1453,#1464,#1475,#1486,
    #1497,#1508,#1519,#1530,#1541,#1552,#1563,#1574,#1585,#1596),#1772,
  .F.);
#1249 = FACE_BOUND('',#1250,.T.);
#1250 = EDGE_LOOP('',(#1251));
#1251 = ORIENTED_EDGE('',*,*,#1252,.T.);
#1252 = EDGE_CURVE('',#1253,#1253,#1255,.T.);
#1253 = VERTEX_POINT('',#1254);
#1254 = CARTESIAN_POINT('',(-272.9,0.,-1.5));
#1255 = CIRCLE('',#1256,2.1);
#1256 = AXIS2_PLACEMENT_3D('',#1257,#1258,#1259);
#1257 = CARTESIAN_POINT('',(-275.,0.,-1.5));
#1258 = DIRECTION('',(0.,0.,1.));
#1259 = DIRECTION('',(1.,0.,-0.));
#1260 = FACE_BOUND('',#1261,.T.);
#1261 = EDGE_LOOP('',(#1262));
#1262 = ORIENTED_EDGE('',*,*,#1263,.T.);
#1263 = EDGE_CURVE('',#1264,#1264,#1266,.T.);
#1264 = VERTEX_POINT('',#1265);
#1265 = CARTESIAN_POINT('',(-297.9,0.,-1.5));
#1266 = CIRCLE('',#1267,2.1);
#1267 = AXIS2_PLACEMENT_3D('',#1268,#1269,#1270);
#1268 = CARTESIAN_POINT('',(-300.,0.,-1.5));
#1269 = DIRECTION('',(0.,0.,1.));
#1270 = DIRECTION('',(1.,0.,-0.));
#1271 = FACE_BOUND('',#1272,.T.);
#1272 = EDGE_LOOP('',(#1273,#1283,#1292,#1300));
#1273 = ORIENTED_EDGE('',*,*,#1274,.T.);
#1274 = EDGE_CURVE('',#1275,#1277,#1279,.T.);
#1275 = VERTEX_POINT('',#1276);
#1276 = CARTESIAN_POINT('',(-335.5,-3.,-1.5));
#1277 = VERTEX_POINT('',#1278);
#1278 = CARTESIAN_POINT('',(-329.5,-3.,-1.5));
#1279 = LINE('',#1280,#1281);
#1280 = CARTESIAN_POINT('',(342.5,-3.,-1.5));
#1281 = VECTOR('',#1282,1.);
#1282 = DIRECTION('',(1.,0.,-0.));
#1283 = ORIENTED_EDGE('',*,*,#1284,.T.);
#1284 = EDGE_CURVE('',#1277,#1285,#1287,.T.);
#1285 = VERTEX_POINT('',#1286);
#1286 = CARTESIAN_POINT('',(-329.5,3.,-1.5));
#1287 = CIRCLE('',#1288,3.);
#1288 = AXIS2_PLACEMENT_3D('',#1289,#1290,#1291);
#1289 = CARTESIAN_POINT('',(-329.5,0.,-1.5));
#1290 = DIRECTION('',(0.,0.,1.));
#1291 = DIRECTION('',(1.,0.,-0.));
#1292 = ORIENTED_EDGE('',*,*,#1293,.T.);
#1293 = EDGE_CURVE('',#1285,#1294,#1296,.T.);
#1294 = VERTEX_POINT('',#1295);
#1295 = CARTESIAN_POINT('',(-335.5,3.,-1.5));
#1296 = LINE('',#1297,#1298);
#1297 = CARTESIAN_POINT('',(342.5,3.,-1.5));
#1298 = VECTOR('',#1299,1.);
#1299 = DIRECTION('',(-1.,-0.,0.));
#1300 = ORIENTED_EDGE('',*,*,#1301,.T.);
#1301 = EDGE_CURVE('',#1294,#1275,#1302,.T.);
#1302 = CIRCLE('',#1303,3.);
#1303 = AXIS2_PLACEMENT_3D('',#1304,#1305,#1306);
#1304 = CARTESIAN_POINT('',(-335.5,0.,-1.5));
#1305 = DIRECTION('',(0.,0.,1.));
#1306 = DIRECTION('',(1.,0.,-0.));
#1307 = FACE_BOUND('',#1308,.T.);
#1308 = EDGE_LOOP('',(#1309,#1319,#1328,#1336));
#1309 = ORIENTED_EDGE('',*,*,#1310,.T.);
#1310 = EDGE_CURVE('',#1311,#1313,#1315,.T.);
#1311 = VERTEX_POINT('',#1312);
#1312 = CARTESIAN_POINT('',(329.5,-3.,-1.5));
#1313 = VERTEX_POINT('',#1314);
#1314 = CARTESIAN_POINT('',(335.5,-3.,-1.5));
#1315 = LINE('',#1316,#1317);
#1316 = CARTESIAN_POINT('',(342.5,-3.,-1.5));
#1317 = VECTOR('',#1318,1.);
#1318 = DIRECTION('',(1.,7.228014483236E-17,-0.));
#1319 = ORIENTED_EDGE('',*,*,#1320,.T.);
#1320 = EDGE_CURVE('',#1313,#1321,#1323,.T.);
#1321 = VERTEX_POINT('',#1322);
#1322 = CARTESIAN_POINT('',(335.5,3.,-1.5));
#1323 = CIRCLE('',#1324,3.);
#1324 = AXIS2_PLACEMENT_3D('',#1325,#1326,#1327);
#1325 = CARTESIAN_POINT('',(335.5,4.336808689942E-16,-1.5));
#1326 = DIRECTION('',(0.,0.,1.));
#1327 = DIRECTION('',(1.,0.,-0.));
#1328 = ORIENTED_EDGE('',*,*,#1329,.T.);
#1329 = EDGE_CURVE('',#1321,#1330,#1332,.T.);
#1330 = VERTEX_POINT('',#1331);
#1331 = CARTESIAN_POINT('',(329.5,3.,-1.5));
#1332 = LINE('',#1333,#1334);
#1333 = CARTESIAN_POINT('',(342.5,3.,-1.5));
#1334 = VECTOR('',#1335,1.);
#1335 = DIRECTION('',(-1.,-7.228014483236E-17,0.));
#1336 = ORIENTED_EDGE('',*,*,#1337,.T.);
#1337 = EDGE_CURVE('',#1330,#1311,#1338,.T.);
#1338 = CIRCLE('',#1339,3.);
#1339 = AXIS2_PLACEMENT_3D('',#1340,#1341,#1342);
#1340 = CARTESIAN_POINT('',(329.5,-2.296930634574E-17,-1.5));
#1341 = DIRECTION('',(0.,0.,1.));
#1342 = DIRECTION('',(1.,0.,-0.));
#1343 = FACE_BOUND('',#1344,.T.);
#1344 = EDGE_LOOP('',(#1345));
#1345 = ORIENTED_EDGE('',*,*,#1346,.T.);
#1346 = EDGE_CURVE('',#1347,#1347,#1349,.T.);
#1347 = VERTEX_POINT('',#1348);
#1348 = CARTESIAN_POINT('',(-247.9,0.,-1.5));
#1349 = CIRCLE('',#1350,2.1);
#1350 = AXIS2_PLACEMENT_3D('',#1351,#1352,#1353);
#1351 = CARTESIAN_POINT('',(-250.,0.,-1.5));
#1352 = DIRECTION('',(0.,0.,1.));
#1353 = DIRECTION('',(1.,0.,-0.));
#1354 = FACE_BOUND('',#1355,.T.);
#1355 = EDGE_LOOP('',(#1356));
#1356 = ORIENTED_EDGE('',*,*,#1357,.T.);
#1357 = EDGE_CURVE('',#1358,#1358,#1360,.T.);
#1358 = VERTEX_POINT('',#1359);
#1359 = CARTESIAN_POINT('',(-222.9,0.,-1.5));
#1360 = CIRCLE('',#1361,2.1);
#1361 = AXIS2_PLACEMENT_3D('',#1362,#1363,#1364);
#1362 = CARTESIAN_POINT('',(-225.,0.,-1.5));
#1363 = DIRECTION('',(0.,0.,1.));
#1364 = DIRECTION('',(1.,0.,-0.));
#1365 = FACE_BOUND('',#1366,.T.);
#1366 = EDGE_LOOP('',(#1367));
#1367 = ORIENTED_EDGE('',*,*,#1368,.T.);
#1368 = EDGE_CURVE('',#1369,#1369,#1371,.T.);
#1369 = VERTEX_POINT('',#1370);
#1370 = CARTESIAN_POINT('',(-197.9,0.,-1.5));
#1371 = CIRCLE('',#1372,2.1);
#1372 = AXIS2_PLACEMENT_3D('',#1373,#1374,#1375);
#1373 = CARTESIAN_POINT('',(-200.,0.,-1.5));
#1374 = DIRECTION('',(0.,0.,1.));
#1375 = DIRECTION('',(1.,0.,-0.));
#1376 = FACE_BOUND('',#1377,.T.);
#1377 = EDGE_LOOP('',(#1378));
#1378 = ORIENTED_EDGE('',*,*,#1379,.T.);
#1379 = EDGE_CURVE('',#1380,#1380,#1382,.T.);
#1380 = VERTEX_POINT('',#1381);
#1381 = CARTESIAN_POINT('',(-172.9,0.,-1.5));
#1382 = CIRCLE('',#1383,2.1);
#1383 = AXIS2_PLACEMENT_3D('',#1384,#1385,#1386);
#1384 = CARTESIAN_POINT('',(-175.,0.,-1.5));
#1385 = DIRECTION('',(0.,0.,1.));
#1386 = DIRECTION('',(1.,0.,-0.));
#1387 = FACE_BOUND('',#1388,.T.);
#1388 = EDGE_LOOP('',(#1389));
#1389 = ORIENTED_EDGE('',*,*,#1390,.T.);
#1390 = EDGE_CURVE('',#1391,#1391,#1393,.T.);
#1391 = VERTEX_POINT('',#1392);
#1392 = CARTESIAN_POINT('',(-147.9,0.,-1.5));
#1393 = CIRCLE('',#1394,2.1);
#1394 = AXIS2_PLACEMENT_3D('',#1395,#1396,#1397);
#1395 = CARTESIAN_POINT('',(-150.,0.,-1.5));
#1396 = DIRECTION('',(0.,0.,1.));
#1397 = DIRECTION('',(1.,0.,-0.));
#1398 = FACE_BOUND('',#1399,.T.);
#1399 = EDGE_LOOP('',(#1400));
#1400 = ORIENTED_EDGE('',*,*,#1401,.T.);
#1401 = EDGE_CURVE('',#1402,#1402,#1404,.T.);
#1402 = VERTEX_POINT('',#1403);
#1403 = CARTESIAN_POINT('',(-122.9,0.,-1.5));
#1404 = CIRCLE('',#1405,2.1);
#1405 = AXIS2_PLACEMENT_3D('',#1406,#1407,#1408);
#1406 = CARTESIAN_POINT('',(-125.,0.,-1.5));
#1407 = DIRECTION('',(0.,0.,1.));
#1408 = DIRECTION('',(1.,0.,-0.));
#1409 = FACE_BOUND('',#1410,.T.);
#1410 = EDGE_LOOP('',(#1411));
#1411 = ORIENTED_EDGE('',*,*,#1412,.T.);
#1412 = EDGE_CURVE('',#1413,#1413,#1415,.T.);
#1413 = VERTEX_POINT('',#1414);
#1414 = CARTESIAN_POINT('',(-97.9,0.,-1.5));
#1415 = CIRCLE('',#1416,2.1);
#1416 = AXIS2_PLACEMENT_3D('',#1417,#1418,#1419);
#1417 = CARTESIAN_POINT('',(-100.,0.,-1.5));
#1418 = DIRECTION('',(0.,0.,1.));
#1419 = DIRECTION('',(1.,0.,-0.));
#1420 = FACE_BOUND('',#1421,.T.);
#1421 = EDGE_LOOP('',(#1422));
#1422 = ORIENTED_EDGE('',*,*,#1423,.T.);
#1423 = EDGE_CURVE('',#1424,#1424,#1426,.T.);
#1424 = VERTEX_POINT('',#1425);
#1425 = CARTESIAN_POINT('',(-72.9,0.,-1.5));
#1426 = CIRCLE('',#1427,2.1);
#1427 = AXIS2_PLACEMENT_3D('',#1428,#1429,#1430);
#1428 = CARTESIAN_POINT('',(-75.,0.,-1.5));
#1429 = DIRECTION('',(0.,0.,1.));
#1430 = DIRECTION('',(1.,0.,-0.));
#1431 = FACE_BOUND('',#1432,.T.);
#1432 = EDGE_LOOP('',(#1433));
#1433 = ORIENTED_EDGE('',*,*,#1434,.T.);
#1434 = EDGE_CURVE('',#1435,#1435,#1437,.T.);
#1435 = VERTEX_POINT('',#1436);
#1436 = CARTESIAN_POINT('',(-47.9,0.,-1.5));
#1437 = CIRCLE('',#1438,2.1);
#1438 = AXIS2_PLACEMENT_3D('',#1439,#1440,#1441);
#1439 = CARTESIAN_POINT('',(-50.,0.,-1.5));
#1440 = DIRECTION('',(0.,0.,1.));
#1441 = DIRECTION('',(1.,0.,-0.));
#1442 = FACE_BOUND('',#1443,.T.);
#1443 = EDGE_LOOP('',(#1444));
#1444 = ORIENTED_EDGE('',*,*,#1445,.T.);
#1445 = EDGE_CURVE('',#1446,#1446,#1448,.T.);
#1446 = VERTEX_POINT('',#1447);
#1447 = CARTESIAN_POINT('',(-22.9,0.,-1.5));
#1448 = CIRCLE('',#1449,2.1);
#1449 = AXIS2_PLACEMENT_3D('',#1450,#1451,#1452);
#1450 = CARTESIAN_POINT('',(-25.,0.,-1.5));
#1451 = DIRECTION('',(0.,0.,1.));
#1452 = DIRECTION('',(1.,0.,-0.));
#1453 = FACE_BOUND('',#1454,.T.);
#1454 = EDGE_LOOP('',(#1455));
#1455 = ORIENTED_EDGE('',*,*,#1456,.T.);
#1456 = EDGE_CURVE('',#1457,#1457,#1459,.T.);
#1457 = VERTEX_POINT('',#1458);
#1458 = CARTESIAN_POINT('',(2.1,0.,-1.5));
#1459 = CIRCLE('',#1460,2.1);
#1460 = AXIS2_PLACEMENT_3D('',#1461,#1462,#1463);
#1461 = CARTESIAN_POINT('',(0.,0.,-1.5));
#1462 = DIRECTION('',(0.,0.,1.));
#1463 = DIRECTION('',(1.,0.,-0.));
#1464 = FACE_BOUND('',#1465,.T.);
#1465 = EDGE_LOOP('',(#1466));
#1466 = ORIENTED_EDGE('',*,*,#1467,.T.);
#1467 = EDGE_CURVE('',#1468,#1468,#1470,.T.);
#1468 = VERTEX_POINT('',#1469);
#1469 = CARTESIAN_POINT('',(27.1,0.,-1.5));
#1470 = CIRCLE('',#1471,2.1);
#1471 = AXIS2_PLACEMENT_3D('',#1472,#1473,#1474);
#1472 = CARTESIAN_POINT('',(25.,0.,-1.5));
#1473 = DIRECTION('',(0.,0.,1.));
#1474 = DIRECTION('',(1.,0.,-0.));
#1475 = FACE_BOUND('',#1476,.T.);
#1476 = EDGE_LOOP('',(#1477));
#1477 = ORIENTED_EDGE('',*,*,#1478,.T.);
#1478 = EDGE_CURVE('',#1479,#1479,#1481,.T.);
#1479 = VERTEX_POINT('',#1480);
#1480 = CARTESIAN_POINT('',(52.1,0.,-1.5));
#1481 = CIRCLE('',#1482,2.1);
#1482 = AXIS2_PLACEMENT_3D('',#1483,#1484,#1485);
#1483 = CARTESIAN_POINT('',(50.,0.,-1.5));
#1484 = DIRECTION('',(0.,0.,1.));
#1485 = DIRECTION('',(1.,0.,-0.));
#1486 = FACE_BOUND('',#1487,.T.);
#1487 = EDGE_LOOP('',(#1488));
#1488 = ORIENTED_EDGE('',*,*,#1489,.T.);
#1489 = EDGE_CURVE('',#1490,#1490,#1492,.T.);
#1490 = VERTEX_POINT('',#1491);
#1491 = CARTESIAN_POINT('',(77.1,0.,-1.5));
#1492 = CIRCLE('',#1493,2.1);
#1493 = AXIS2_PLACEMENT_3D('',#1494,#1495,#1496);
#1494 = CARTESIAN_POINT('',(75.,0.,-1.5));
#1495 = DIRECTION('',(0.,0.,1.));
#1496 = DIRECTION('',(1.,0.,-0.));
#1497 = FACE_BOUND('',#1498,.T.);
#1498 = EDGE_LOOP('',(#1499));
#1499 = ORIENTED_EDGE('',*,*,#1500,.T.);
#1500 = EDGE_CURVE('',#1501,#1501,#1503,.T.);
#1501 = VERTEX_POINT('',#1502);
#1502 = CARTESIAN_POINT('',(102.1,0.,-1.5));
#1503 = CIRCLE('',#1504,2.1);
#1504 = AXIS2_PLACEMENT_3D('',#1505,#1506,#1507);
#1505 = CARTESIAN_POINT('',(100.,0.,-1.5));
#1506 = DIRECTION('',(0.,0.,1.));
#1507 = DIRECTION('',(1.,0.,-0.));
#1508 = FACE_BOUND('',#1509,.T.);
#1509 = EDGE_LOOP('',(#1510));
#1510 = ORIENTED_EDGE('',*,*,#1511,.T.);
#1511 = EDGE_CURVE('',#1512,#1512,#1514,.T.);
#1512 = VERTEX_POINT('',#1513);
#1513 = CARTESIAN_POINT('',(127.1,0.,-1.5));
#1514 = CIRCLE('',#1515,2.1);
#1515 = AXIS2_PLACEMENT_3D('',#1516,#1517,#1518);
#1516 = CARTESIAN_POINT('',(125.,0.,-1.5));
#1517 = DIRECTION('',(0.,0.,1.));
#1518 = DIRECTION('',(1.,0.,-0.));
#1519 = FACE_BOUND('',#1520,.T.);
#1520 = EDGE_LOOP('',(#1521));
#1521 = ORIENTED_EDGE('',*,*,#1522,.T.);
#1522 = EDGE_CURVE('',#1523,#1523,#1525,.T.);
#1523 = VERTEX_POINT('',#1524);
#1524 = CARTESIAN_POINT('',(152.1,0.,-1.5));
#1525 = CIRCLE('',#1526,2.1);
#1526 = AXIS2_PLACEMENT_3D('',#1527,#1528,#1529);
#1527 = CARTESIAN_POINT('',(150.,0.,-1.5));
#1528 = DIRECTION('',(0.,0.,1.));
#1529 = DIRECTION('',(1.,0.,-0.));
#1530 = FACE_BOUND('',#1531,.T.);
#1531 = EDGE_LOOP('',(#1532));
#1532 = ORIENTED_EDGE('',*,*,#1533,.T.);
#1533 = EDGE_CURVE('',#1534,#1534,#1536,.T.);
#1534 = VERTEX_POINT('',#1535);
#1535 = CARTESIAN_POINT('',(177.1,0.,-1.5));
#1536 = CIRCLE('',#1537,2.1);
#1537 = AXIS2_PLACEMENT_3D('',#1538,#1539,#1540);
#1538 = CARTESIAN_POINT('',(175.,0.,-1.5));
#1539 = DIRECTION('',(0.,0.,1.));
#1540 = DIRECTION('',(1.,0.,-0.));
#1541 = FACE_BOUND('',#1542,.T.);
#1542 = EDGE_LOOP('',(#1543));
#1543 = ORIENTED_EDGE('',*,*,#1544,.T.);
#1544 = EDGE_CURVE('',#1545,#1545,#1547,.T.);
#1545 = VERTEX_POINT('',#1546);
#1546 = CARTESIAN_POINT('',(202.1,0.,-1.5));
#1547 = CIRCLE('',#1548,2.1);
#1548 = AXIS2_PLACEMENT_3D('',#1549,#1550,#1551);
#1549 = CARTESIAN_POINT('',(200.,0.,-1.5));
#1550 = DIRECTION('',(0.,0.,1.));
#1551 = DIRECTION('',(1.,0.,-0.));
#1552 = FACE_BOUND('',#1553,.T.);
#1553 = EDGE_LOOP('',(#1554));
#1554 = ORIENTED_EDGE('',*,*,#1555,.T.);
#1555 = EDGE_CURVE('',#1556,#1556,#1558,.T.);
#1556 = VERTEX_POINT('',#1557);
#1557 = CARTESIAN_POINT('',(227.1,0.,-1.5));
#1558 = CIRCLE('',#1559,2.1);
#1559 = AXIS2_PLACEMENT_3D('',#1560,#1561,#1562);
#1560 = CARTESIAN_POINT('',(225.,0.,-1.5));
#1561 = DIRECTION('',(0.,0.,1.));
#1562 = DIRECTION('',(1.,0.,-0.));
#1563 = FACE_BOUND('',#1564,.T.);
#1564 = EDGE_LOOP('',(#1565));
#1565 = ORIENTED_EDGE('',*,*,#1566,.T.);
#1566 = EDGE_CURVE('',#1567,#1567,#1569,.T.);
#1567 = VERTEX_POINT('',#1568);
#1568 = CARTESIAN_POINT('',(252.1,0.,-1.5));
#1569 = CIRCLE('',#1570,2.1);
#1570 = AXIS2_PLACEMENT_3D('',#1571,#1572,#1573);
#1571 = CARTESIAN_POINT('',(250.,0.,-1.5));
#1572 = DIRECTION('',(0.,0.,1.));
#1573 = DIRECTION('',(1.,0.,-0.));
#1574 = FACE_BOUND('',#1575,.T.);
#1575 = EDGE_LOOP('',(#1576));
#1576 = ORIENTED_EDGE('',*,*,#1577,.T.);
#1577 = EDGE_CURVE('',#1578,#1578,#1580,.T.);
#1578 = VERTEX_POINT('',#1579);
#1579 = CARTESIAN_POINT('',(277.1,0.,-1.5));
#1580 = CIRCLE('',#1581,2.1);
#1581 = AXIS2_PLACEMENT_3D('',#1582,#1583,#1584);
#1582 = CARTESIAN_POINT('',(275.,0.,-1.5));
#1583 = DIRECTION('',(0.,0.,1.));
#1584 = DIRECTION('',(1.,0.,-0.));
#1585 = FACE_BOUND('',#1586,.T.);
#1586 = EDGE_LOOP('',(#1587));
#1587 = ORIENTED_EDGE('',*,*,#1588,.T.);
#1588 = EDGE_CURVE('',#1589,#1589,#1591,.T.);
#1589 = VERTEX_POINT('',#1590);
#1590 = CARTESIAN_POINT('',(302.1,0.,-1.5));
#1591 = CIRCLE('',#1592,2.1);
#1592 = AXIS2_PLACEMENT_3D('',#1593,#1594,#1595);
#1593 = CARTESIAN_POINT('',(300.,0.,-1.5));
#1594 = DIRECTION('',(0.,0.,1.));
#1595 = DIRECTION('',(1.,0.,-0.));
#1596 = FACE_BOUND('',#1597,.T.);
#1597 = EDGE_LOOP('',(#1598,#1608,#1614,#1615,#1623,#1631,#1639,#1647,
    #1655,#1663,#1671,#1679,#1687,#1695,#1701,#1702,#1710,#1718,#1726,
    #1734,#1742,#1750,#1758,#1766));
#1598 = ORIENTED_EDGE('',*,*,#1599,.T.);
#1599 = EDGE_CURVE('',#1600,#1602,#1604,.T.);
#1600 = VERTEX_POINT('',#1601);
#1601 = CARTESIAN_POINT('',(-318.,7.9,-1.5));
#1602 = VERTEX_POINT('',#1603);
#1603 = CARTESIAN_POINT('',(-317.5,7.9,-1.5));
#1604 = LINE('',#1605,#1606);
#1605 = CARTESIAN_POINT('',(342.5,7.9,-1.5));
#1606 = VECTOR('',#1607,1.);
#1607 = DIRECTION('',(1.,0.,0.));
#1608 = ORIENTED_EDGE('',*,*,#1609,.T.);
#1609 = EDGE_CURVE('',#1602,#364,#1610,.T.);
#1610 = LINE('',#1611,#1612);
#1611 = CARTESIAN_POINT('',(-317.5,7.9,-1.5));
#1612 = VECTOR('',#1613,1.);
#1613 = DIRECTION('',(0.,1.,-0.));
#1614 = ORIENTED_EDGE('',*,*,#363,.T.);
#1615 = ORIENTED_EDGE('',*,*,#1616,.F.);
#1616 = EDGE_CURVE('',#1617,#356,#1619,.T.);
#1617 = VERTEX_POINT('',#1618);
#1618 = CARTESIAN_POINT('',(317.5,7.9,-1.5));
#1619 = LINE('',#1620,#1621);
#1620 = CARTESIAN_POINT('',(317.5,10.,-1.5));
#1621 = VECTOR('',#1622,1.);
#1622 = DIRECTION('',(0.,1.,0.));
#1623 = ORIENTED_EDGE('',*,*,#1624,.T.);
#1624 = EDGE_CURVE('',#1617,#1625,#1627,.T.);
#1625 = VERTEX_POINT('',#1626);
#1626 = CARTESIAN_POINT('',(318.,7.9,-1.5));
#1627 = LINE('',#1628,#1629);
#1628 = CARTESIAN_POINT('',(342.5,7.9,-1.5));
#1629 = VECTOR('',#1630,1.);
#1630 = DIRECTION('',(1.,0.,-0.));
#1631 = ORIENTED_EDGE('',*,*,#1632,.T.);
#1632 = EDGE_CURVE('',#1625,#1633,#1635,.T.);
#1633 = VERTEX_POINT('',#1634);
#1634 = CARTESIAN_POINT('',(318.,10.,-1.5));
#1635 = LINE('',#1636,#1637);
#1636 = CARTESIAN_POINT('',(318.,10.,-1.5));
#1637 = VECTOR('',#1638,1.);
#1638 = DIRECTION('',(0.,1.,0.));
#1639 = ORIENTED_EDGE('',*,*,#1640,.T.);
#1640 = EDGE_CURVE('',#1633,#1641,#1643,.T.);
#1641 = VERTEX_POINT('',#1642);
#1642 = CARTESIAN_POINT('',(340.5,10.,-1.5));
#1643 = LINE('',#1644,#1645);
#1644 = CARTESIAN_POINT('',(342.5,10.,-1.5));
#1645 = VECTOR('',#1646,1.);
#1646 = DIRECTION('',(1.,-0.,-1.214306433184E-16));
#1647 = ORIENTED_EDGE('',*,*,#1648,.T.);
#1648 = EDGE_CURVE('',#1641,#1649,#1651,.T.);
#1649 = VERTEX_POINT('',#1650);
#1650 = CARTESIAN_POINT('',(342.5,8.,-1.5));
#1651 = LINE('',#1652,#1653);
#1652 = CARTESIAN_POINT('',(340.5,10.,-1.5));
#1653 = VECTOR('',#1654,1.);
#1654 = DIRECTION('',(0.707106781187,-0.707106781187,0.));
#1655 = ORIENTED_EDGE('',*,*,#1656,.F.);
#1656 = EDGE_CURVE('',#1657,#1649,#1659,.T.);
#1657 = VERTEX_POINT('',#1658);
#1658 = CARTESIAN_POINT('',(342.5,-8.,-1.5));
#1659 = LINE('',#1660,#1661);
#1660 = CARTESIAN_POINT('',(342.5,10.,-1.5));
#1661 = VECTOR('',#1662,1.);
#1662 = DIRECTION('',(0.,1.,0.));
#1663 = ORIENTED_EDGE('',*,*,#1664,.T.);
#1664 = EDGE_CURVE('',#1657,#1665,#1667,.T.);
#1665 = VERTEX_POINT('',#1666);
#1666 = CARTESIAN_POINT('',(340.5,-10.,-1.5));
#1667 = LINE('',#1668,#1669);
#1668 = CARTESIAN_POINT('',(340.5,-10.,-1.5));
#1669 = VECTOR('',#1670,1.);
#1670 = DIRECTION('',(-0.707106781187,-0.707106781187,0.));
#1671 = ORIENTED_EDGE('',*,*,#1672,.F.);
#1672 = EDGE_CURVE('',#1673,#1665,#1675,.T.);
#1673 = VERTEX_POINT('',#1674);
#1674 = CARTESIAN_POINT('',(318.,-10.,-1.5));
#1675 = LINE('',#1676,#1677);
#1676 = CARTESIAN_POINT('',(342.5,-10.,-1.5));
#1677 = VECTOR('',#1678,1.);
#1678 = DIRECTION('',(1.,-0.,-1.214306433184E-16));
#1679 = ORIENTED_EDGE('',*,*,#1680,.T.);
#1680 = EDGE_CURVE('',#1673,#1681,#1683,.T.);
#1681 = VERTEX_POINT('',#1682);
#1682 = CARTESIAN_POINT('',(318.,-7.9,-1.5));
#1683 = LINE('',#1684,#1685);
#1684 = CARTESIAN_POINT('',(318.,10.,-1.5));
#1685 = VECTOR('',#1686,1.);
#1686 = DIRECTION('',(0.,1.,-0.));
#1687 = ORIENTED_EDGE('',*,*,#1688,.T.);
#1688 = EDGE_CURVE('',#1681,#1689,#1691,.T.);
#1689 = VERTEX_POINT('',#1690);
#1690 = CARTESIAN_POINT('',(317.5,-7.9,-1.5));
#1691 = LINE('',#1692,#1693);
#1692 = CARTESIAN_POINT('',(342.5,-7.9,-1.5));
#1693 = VECTOR('',#1694,1.);
#1694 = DIRECTION('',(-1.,0.,0.));
#1695 = ORIENTED_EDGE('',*,*,#1696,.T.);
#1696 = EDGE_CURVE('',#1689,#702,#1697,.T.);
#1697 = LINE('',#1698,#1699);
#1698 = CARTESIAN_POINT('',(317.5,-7.9,-1.5));
#1699 = VECTOR('',#1700,1.);
#1700 = DIRECTION('',(-0.,-1.,0.));
#1701 = ORIENTED_EDGE('',*,*,#701,.T.);
#1702 = ORIENTED_EDGE('',*,*,#1703,.F.);
#1703 = EDGE_CURVE('',#1704,#694,#1706,.T.);
#1704 = VERTEX_POINT('',#1705);
#1705 = CARTESIAN_POINT('',(-317.5,-7.9,-1.5));
#1706 = LINE('',#1707,#1708);
#1707 = CARTESIAN_POINT('',(-317.5,10.,-1.5));
#1708 = VECTOR('',#1709,1.);
#1709 = DIRECTION('',(0.,-1.,0.));
#1710 = ORIENTED_EDGE('',*,*,#1711,.T.);
#1711 = EDGE_CURVE('',#1704,#1712,#1714,.T.);
#1712 = VERTEX_POINT('',#1713);
#1713 = CARTESIAN_POINT('',(-318.,-7.9,-1.5));
#1714 = LINE('',#1715,#1716);
#1715 = CARTESIAN_POINT('',(342.5,-7.9,-1.5));
#1716 = VECTOR('',#1717,1.);
#1717 = DIRECTION('',(-1.,0.,0.));
#1718 = ORIENTED_EDGE('',*,*,#1719,.T.);
#1719 = EDGE_CURVE('',#1712,#1720,#1722,.T.);
#1720 = VERTEX_POINT('',#1721);
#1721 = CARTESIAN_POINT('',(-318.,-10.,-1.5));
#1722 = LINE('',#1723,#1724);
#1723 = CARTESIAN_POINT('',(-318.,10.,-1.5));
#1724 = VECTOR('',#1725,1.);
#1725 = DIRECTION('',(0.,-1.,0.));
#1726 = ORIENTED_EDGE('',*,*,#1727,.F.);
#1727 = EDGE_CURVE('',#1728,#1720,#1730,.T.);
#1728 = VERTEX_POINT('',#1729);
#1729 = CARTESIAN_POINT('',(-340.5,-10.,-1.5));
#1730 = LINE('',#1731,#1732);
#1731 = CARTESIAN_POINT('',(-342.5,-10.,-1.5));
#1732 = VECTOR('',#1733,1.);
#1733 = DIRECTION('',(1.,0.,5.20417042793E-17));
#1734 = ORIENTED_EDGE('',*,*,#1735,.T.);
#1735 = EDGE_CURVE('',#1728,#1736,#1738,.T.);
#1736 = VERTEX_POINT('',#1737);
#1737 = CARTESIAN_POINT('',(-342.5,-8.,-1.5));
#1738 = LINE('',#1739,#1740);
#1739 = CARTESIAN_POINT('',(-342.5,-8.,-1.5));
#1740 = VECTOR('',#1741,1.);
#1741 = DIRECTION('',(-0.707106781187,0.707106781187,-0.));
#1742 = ORIENTED_EDGE('',*,*,#1743,.T.);
#1743 = EDGE_CURVE('',#1736,#1744,#1746,.T.);
#1744 = VERTEX_POINT('',#1745);
#1745 = CARTESIAN_POINT('',(-342.5,8.,-1.5));
#1746 = LINE('',#1747,#1748);
#1747 = CARTESIAN_POINT('',(-342.5,10.,-1.5));
#1748 = VECTOR('',#1749,1.);
#1749 = DIRECTION('',(0.,1.,0.));
#1750 = ORIENTED_EDGE('',*,*,#1751,.T.);
#1751 = EDGE_CURVE('',#1744,#1752,#1754,.T.);
#1752 = VERTEX_POINT('',#1753);
#1753 = CARTESIAN_POINT('',(-340.5,10.,-1.5));
#1754 = LINE('',#1755,#1756);
#1755 = CARTESIAN_POINT('',(-342.5,8.,-1.5));
#1756 = VECTOR('',#1757,1.);
#1757 = DIRECTION('',(0.707106781187,0.707106781187,-0.));
#1758 = ORIENTED_EDGE('',*,*,#1759,.T.);
#1759 = EDGE_CURVE('',#1752,#1760,#1762,.T.);
#1760 = VERTEX_POINT('',#1761);
#1761 = CARTESIAN_POINT('',(-318.,10.,-1.5));
#1762 = LINE('',#1763,#1764);
#1763 = CARTESIAN_POINT('',(-342.5,10.,-1.5));
#1764 = VECTOR('',#1765,1.);
#1765 = DIRECTION('',(1.,0.,5.20417042793E-17));
#1766 = ORIENTED_EDGE('',*,*,#1767,.T.);
#1767 = EDGE_CURVE('',#1760,#1600,#1768,.T.);
#1768 = LINE('',#1769,#1770);
#1769 = CARTESIAN_POINT('',(-318.,10.,-1.5));
#1770 = VECTOR('',#1771,1.);
#1771 = DIRECTION('',(0.,-1.,0.));
#1772 = PLANE('',#1773);
#1773 = AXIS2_PLACEMENT_3D('',#1774,#1775,#1776);
#1774 = CARTESIAN_POINT('',(342.5,10.,-1.5));
#1775 = DIRECTION('',(0.,0.,1.));
#1776 = DIRECTION('',(1.,0.,-0.));
#1777 = ADVANCED_FACE('',(#1778),#1788,.F.);
#1778 = FACE_BOUND('',#1779,.F.);
#1779 = EDGE_LOOP('',(#1780,#1781,#1786,#1787));
#1780 = ORIENTED_EDGE('',*,*,#1059,.F.);
#1781 = ORIENTED_EDGE('',*,*,#1782,.F.);
#1782 = EDGE_CURVE('',#1589,#1060,#1783,.T.);
#1783 = B_SPLINE_CURVE_WITH_KNOTS('',1,(#1784,#1785),.UNSPECIFIED.,.F.,
  .F.,(2,2),(18.5,20.),.PIECEWISE_BEZIER_KNOTS.);
#1784 = CARTESIAN_POINT('',(302.1,-5.143516556419E-16,-1.5));
#1785 = CARTESIAN_POINT('',(302.1,-5.143516556419E-16,
    -6.750155989721E-14));
#1786 = ORIENTED_EDGE('',*,*,#1588,.T.);
#1787 = ORIENTED_EDGE('',*,*,#1782,.T.);
#1788 = CYLINDRICAL_SURFACE('',#1789,2.1);
#1789 = AXIS2_PLACEMENT_3D('',#1790,#1791,#1792);
#1790 = CARTESIAN_POINT('',(300.,0.,-20.));
#1791 = DIRECTION('',(-0.,-0.,1.));
#1792 = DIRECTION('',(1.,0.,0.));
#1793 = ADVANCED_FACE('',(#1794),#1804,.F.);
#1794 = FACE_BOUND('',#1795,.F.);
#1795 = EDGE_LOOP('',(#1796,#1797,#1802,#1803));
#1796 = ORIENTED_EDGE('',*,*,#1048,.F.);
#1797 = ORIENTED_EDGE('',*,*,#1798,.F.);
#1798 = EDGE_CURVE('',#1578,#1049,#1799,.T.);
#1799 = B_SPLINE_CURVE_WITH_KNOTS('',1,(#1800,#1801),.UNSPECIFIED.,.F.,
  .F.,(2,2),(18.5,20.),.PIECEWISE_BEZIER_KNOTS.);
#1800 = CARTESIAN_POINT('',(277.1,-5.143516556419E-16,-1.5));
#1801 = CARTESIAN_POINT('',(277.1,-5.143516556419E-16,
    -6.394884621841E-14));
#1802 = ORIENTED_EDGE('',*,*,#1577,.T.);
#1803 = ORIENTED_EDGE('',*,*,#1798,.T.);
#1804 = CYLINDRICAL_SURFACE('',#1805,2.1);
#1805 = AXIS2_PLACEMENT_3D('',#1806,#1807,#1808);
#1806 = CARTESIAN_POINT('',(275.,0.,-20.));
#1807 = DIRECTION('',(-0.,-0.,1.));
#1808 = DIRECTION('',(1.,0.,0.));
#1809 = ADVANCED_FACE('',(#1810),#1820,.F.);
#1810 = FACE_BOUND('',#1811,.F.);
#1811 = EDGE_LOOP('',(#1812,#1813,#1818,#1819));
#1812 = ORIENTED_EDGE('',*,*,#1037,.F.);
#1813 = ORIENTED_EDGE('',*,*,#1814,.F.);
#1814 = EDGE_CURVE('',#1567,#1038,#1815,.T.);
#1815 = B_SPLINE_CURVE_WITH_KNOTS('',1,(#1816,#1817),.UNSPECIFIED.,.F.,
  .F.,(2,2),(18.5,20.),.PIECEWISE_BEZIER_KNOTS.);
#1816 = CARTESIAN_POINT('',(252.1,-5.143516556419E-16,-1.5));
#1817 = CARTESIAN_POINT('',(252.1,-5.143516556419E-16,
    -6.039613253961E-14));
#1818 = ORIENTED_EDGE('',*,*,#1566,.T.);
#1819 = ORIENTED_EDGE('',*,*,#1814,.T.);
#1820 = CYLINDRICAL_SURFACE('',#1821,2.1);
#1821 = AXIS2_PLACEMENT_3D('',#1822,#1823,#1824);
#1822 = CARTESIAN_POINT('',(250.,0.,-20.));
#1823 = DIRECTION('',(-0.,-0.,1.));
#1824 = DIRECTION('',(1.,0.,0.));
#1825 = ADVANCED_FACE('',(#1826),#1836,.F.);
#1826 = FACE_BOUND('',#1827,.F.);
#1827 = EDGE_LOOP('',(#1828,#1829,#1834,#1835));
#1828 = ORIENTED_EDGE('',*,*,#1026,.F.);
#1829 = ORIENTED_EDGE('',*,*,#1830,.F.);
#1830 = EDGE_CURVE('',#1556,#1027,#1831,.T.);
#1831 = B_SPLINE_CURVE_WITH_KNOTS('',1,(#1832,#1833),.UNSPECIFIED.,.F.,
  .F.,(2,2),(18.5,20.),.PIECEWISE_BEZIER_KNOTS.);
#1832 = CARTESIAN_POINT('',(227.1,-5.143516556419E-16,-1.5));
#1833 = CARTESIAN_POINT('',(227.1,-5.143516556419E-16,
    -5.684341886081E-14));
#1834 = ORIENTED_EDGE('',*,*,#1555,.T.);
#1835 = ORIENTED_EDGE('',*,*,#1830,.T.);
#1836 = CYLINDRICAL_SURFACE('',#1837,2.1);
#1837 = AXIS2_PLACEMENT_3D('',#1838,#1839,#1840);
#1838 = CARTESIAN_POINT('',(225.,0.,-20.));
#1839 = DIRECTION('',(-0.,-0.,1.));
#1840 = DIRECTION('',(1.,0.,0.));
#1841 = ADVANCED_FACE('',(#1842),#1852,.F.);
#1842 = FACE_BOUND('',#1843,.F.);
#1843 = EDGE_LOOP('',(#1844,#1845,#1850,#1851));
#1844 = ORIENTED_EDGE('',*,*,#1015,.F.);
#1845 = ORIENTED_EDGE('',*,*,#1846,.F.);
#1846 = EDGE_CURVE('',#1545,#1016,#1847,.T.);
#1847 = B_SPLINE_CURVE_WITH_KNOTS('',1,(#1848,#1849),.UNSPECIFIED.,.F.,
  .F.,(2,2),(18.5,20.),.PIECEWISE_BEZIER_KNOTS.);
#1848 = CARTESIAN_POINT('',(202.1,-5.143516556419E-16,-1.5));
#1849 = CARTESIAN_POINT('',(202.1,-5.143516556419E-16,
    -5.329070518201E-14));
#1850 = ORIENTED_EDGE('',*,*,#1544,.T.);
#1851 = ORIENTED_EDGE('',*,*,#1846,.T.);
#1852 = CYLINDRICAL_SURFACE('',#1853,2.1);
#1853 = AXIS2_PLACEMENT_3D('',#1854,#1855,#1856);
#1854 = CARTESIAN_POINT('',(200.,0.,-20.));
#1855 = DIRECTION('',(-0.,-0.,1.));
#1856 = DIRECTION('',(1.,0.,0.));
#1857 = ADVANCED_FACE('',(#1858),#1868,.F.);
#1858 = FACE_BOUND('',#1859,.F.);
#1859 = EDGE_LOOP('',(#1860,#1861,#1866,#1867));
#1860 = ORIENTED_EDGE('',*,*,#1004,.F.);
#1861 = ORIENTED_EDGE('',*,*,#1862,.F.);
#1862 = EDGE_CURVE('',#1534,#1005,#1863,.T.);
#1863 = B_SPLINE_CURVE_WITH_KNOTS('',1,(#1864,#1865),.UNSPECIFIED.,.F.,
  .F.,(2,2),(18.5,20.),.PIECEWISE_BEZIER_KNOTS.);
#1864 = CARTESIAN_POINT('',(177.1,-5.143516556419E-16,-1.5));
#1865 = CARTESIAN_POINT('',(177.1,-5.143516556419E-16,
    -5.329070518201E-14));
#1866 = ORIENTED_EDGE('',*,*,#1533,.T.);
#1867 = ORIENTED_EDGE('',*,*,#1862,.T.);
#1868 = CYLINDRICAL_SURFACE('',#1869,2.1);
#1869 = AXIS2_PLACEMENT_3D('',#1870,#1871,#1872);
#1870 = CARTESIAN_POINT('',(175.,0.,-20.));
#1871 = DIRECTION('',(-0.,-0.,1.));
#1872 = DIRECTION('',(1.,0.,0.));
#1873 = ADVANCED_FACE('',(#1874),#1884,.F.);
#1874 = FACE_BOUND('',#1875,.F.);
#1875 = EDGE_LOOP('',(#1876,#1877,#1882,#1883));
#1876 = ORIENTED_EDGE('',*,*,#993,.F.);
#1877 = ORIENTED_EDGE('',*,*,#1878,.F.);
#1878 = EDGE_CURVE('',#1523,#994,#1879,.T.);
#1879 = B_SPLINE_CURVE_WITH_KNOTS('',1,(#1880,#1881),.UNSPECIFIED.,.F.,
  .F.,(2,2),(18.5,20.),.PIECEWISE_BEZIER_KNOTS.);
#1880 = CARTESIAN_POINT('',(152.1,-5.143516556419E-16,-1.5));
#1881 = CARTESIAN_POINT('',(152.1,-5.143516556419E-16,
    -4.973799150321E-14));
#1882 = ORIENTED_EDGE('',*,*,#1522,.T.);
#1883 = ORIENTED_EDGE('',*,*,#1878,.T.);
#1884 = CYLINDRICAL_SURFACE('',#1885,2.1);
#1885 = AXIS2_PLACEMENT_3D('',#1886,#1887,#1888);
#1886 = CARTESIAN_POINT('',(150.,0.,-20.));
#1887 = DIRECTION('',(-0.,-0.,1.));
#1888 = DIRECTION('',(1.,0.,0.));
#1889 = ADVANCED_FACE('',(#1890),#1900,.F.);
#1890 = FACE_BOUND('',#1891,.F.);
#1891 = EDGE_LOOP('',(#1892,#1893,#1898,#1899));
#1892 = ORIENTED_EDGE('',*,*,#982,.F.);
#1893 = ORIENTED_EDGE('',*,*,#1894,.F.);
#1894 = EDGE_CURVE('',#1512,#983,#1895,.T.);
#1895 = B_SPLINE_CURVE_WITH_KNOTS('',1,(#1896,#1897),.UNSPECIFIED.,.F.,
  .F.,(2,2),(18.5,20.),.PIECEWISE_BEZIER_KNOTS.);
#1896 = CARTESIAN_POINT('',(127.1,-5.143516556419E-16,-1.5));
#1897 = CARTESIAN_POINT('',(127.1,-5.143516556419E-16,
    -4.618527782441E-14));
#1898 = ORIENTED_EDGE('',*,*,#1511,.T.);
#1899 = ORIENTED_EDGE('',*,*,#1894,.T.);
#1900 = CYLINDRICAL_SURFACE('',#1901,2.1);
#1901 = AXIS2_PLACEMENT_3D('',#1902,#1903,#1904);
#1902 = CARTESIAN_POINT('',(125.,0.,-20.));
#1903 = DIRECTION('',(-0.,-0.,1.));
#1904 = DIRECTION('',(1.,0.,0.));
#1905 = ADVANCED_FACE('',(#1906),#1916,.F.);
#1906 = FACE_BOUND('',#1907,.F.);
#1907 = EDGE_LOOP('',(#1908,#1909,#1914,#1915));
#1908 = ORIENTED_EDGE('',*,*,#971,.F.);
#1909 = ORIENTED_EDGE('',*,*,#1910,.F.);
#1910 = EDGE_CURVE('',#1501,#972,#1911,.T.);
#1911 = B_SPLINE_CURVE_WITH_KNOTS('',1,(#1912,#1913),.UNSPECIFIED.,.F.,
  .F.,(2,2),(18.5,20.),.PIECEWISE_BEZIER_KNOTS.);
#1912 = CARTESIAN_POINT('',(102.1,-5.143516556419E-16,-1.5));
#1913 = CARTESIAN_POINT('',(102.1,-5.143516556419E-16,
    -4.263256414561E-14));
#1914 = ORIENTED_EDGE('',*,*,#1500,.T.);
#1915 = ORIENTED_EDGE('',*,*,#1910,.T.);
#1916 = CYLINDRICAL_SURFACE('',#1917,2.1);
#1917 = AXIS2_PLACEMENT_3D('',#1918,#1919,#1920);
#1918 = CARTESIAN_POINT('',(100.,0.,-20.));
#1919 = DIRECTION('',(-0.,-0.,1.));
#1920 = DIRECTION('',(1.,0.,0.));
#1921 = ADVANCED_FACE('',(#1922),#1932,.F.);
#1922 = FACE_BOUND('',#1923,.F.);
#1923 = EDGE_LOOP('',(#1924,#1925,#1930,#1931));
#1924 = ORIENTED_EDGE('',*,*,#960,.F.);
#1925 = ORIENTED_EDGE('',*,*,#1926,.F.);
#1926 = EDGE_CURVE('',#1490,#961,#1927,.T.);
#1927 = B_SPLINE_CURVE_WITH_KNOTS('',1,(#1928,#1929),.UNSPECIFIED.,.F.,
  .F.,(2,2),(18.5,20.),.PIECEWISE_BEZIER_KNOTS.);
#1928 = CARTESIAN_POINT('',(77.1,-5.143516556419E-16,-1.5));
#1929 = CARTESIAN_POINT('',(77.1,-5.143516556419E-16,-4.263256414561E-14
    ));
#1930 = ORIENTED_EDGE('',*,*,#1489,.T.);
#1931 = ORIENTED_EDGE('',*,*,#1926,.T.);
#1932 = CYLINDRICAL_SURFACE('',#1933,2.1);
#1933 = AXIS2_PLACEMENT_3D('',#1934,#1935,#1936);
#1934 = CARTESIAN_POINT('',(75.,0.,-20.));
#1935 = DIRECTION('',(-0.,-0.,1.));
#1936 = DIRECTION('',(1.,0.,0.));
#1937 = ADVANCED_FACE('',(#1938),#1948,.F.);
#1938 = FACE_BOUND('',#1939,.F.);
#1939 = EDGE_LOOP('',(#1940,#1941,#1946,#1947));
#1940 = ORIENTED_EDGE('',*,*,#949,.F.);
#1941 = ORIENTED_EDGE('',*,*,#1942,.F.);
#1942 = EDGE_CURVE('',#1479,#950,#1943,.T.);
#1943 = B_SPLINE_CURVE_WITH_KNOTS('',1,(#1944,#1945),.UNSPECIFIED.,.F.,
  .F.,(2,2),(18.5,20.),.PIECEWISE_BEZIER_KNOTS.);
#1944 = CARTESIAN_POINT('',(52.1,-5.143516556419E-16,-1.5));
#1945 = CARTESIAN_POINT('',(52.1,-5.143516556419E-16,-3.907985046681E-14
    ));
#1946 = ORIENTED_EDGE('',*,*,#1478,.T.);
#1947 = ORIENTED_EDGE('',*,*,#1942,.T.);
#1948 = CYLINDRICAL_SURFACE('',#1949,2.1);
#1949 = AXIS2_PLACEMENT_3D('',#1950,#1951,#1952);
#1950 = CARTESIAN_POINT('',(50.,0.,-20.));
#1951 = DIRECTION('',(-0.,-0.,1.));
#1952 = DIRECTION('',(1.,0.,0.));
#1953 = ADVANCED_FACE('',(#1954),#1964,.F.);
#1954 = FACE_BOUND('',#1955,.F.);
#1955 = EDGE_LOOP('',(#1956,#1957,#1962,#1963));
#1956 = ORIENTED_EDGE('',*,*,#938,.F.);
#1957 = ORIENTED_EDGE('',*,*,#1958,.F.);
#1958 = EDGE_CURVE('',#1468,#939,#1959,.T.);
#1959 = B_SPLINE_CURVE_WITH_KNOTS('',1,(#1960,#1961),.UNSPECIFIED.,.F.,
  .F.,(2,2),(18.5,20.),.PIECEWISE_BEZIER_KNOTS.);
#1960 = CARTESIAN_POINT('',(27.1,-5.143516556419E-16,-1.5));
#1961 = CARTESIAN_POINT('',(27.1,-5.143516556419E-16,-3.552713678801E-14
    ));
#1962 = ORIENTED_EDGE('',*,*,#1467,.T.);
#1963 = ORIENTED_EDGE('',*,*,#1958,.T.);
#1964 = CYLINDRICAL_SURFACE('',#1965,2.1);
#1965 = AXIS2_PLACEMENT_3D('',#1966,#1967,#1968);
#1966 = CARTESIAN_POINT('',(25.,0.,-20.));
#1967 = DIRECTION('',(-0.,-0.,1.));
#1968 = DIRECTION('',(1.,0.,0.));
#1969 = ADVANCED_FACE('',(#1970),#1980,.F.);
#1970 = FACE_BOUND('',#1971,.F.);
#1971 = EDGE_LOOP('',(#1972,#1973,#1978,#1979));
#1972 = ORIENTED_EDGE('',*,*,#927,.F.);
#1973 = ORIENTED_EDGE('',*,*,#1974,.F.);
#1974 = EDGE_CURVE('',#1457,#928,#1975,.T.);
#1975 = B_SPLINE_CURVE_WITH_KNOTS('',1,(#1976,#1977),.UNSPECIFIED.,.F.,
  .F.,(2,2),(18.5,20.),.PIECEWISE_BEZIER_KNOTS.);
#1976 = CARTESIAN_POINT('',(2.1,-5.143516556419E-16,-1.5));
#1977 = CARTESIAN_POINT('',(2.1,-5.143516556419E-16,-3.19744231092E-14)
  );
#1978 = ORIENTED_EDGE('',*,*,#1456,.T.);
#1979 = ORIENTED_EDGE('',*,*,#1974,.T.);
#1980 = CYLINDRICAL_SURFACE('',#1981,2.1);
#1981 = AXIS2_PLACEMENT_3D('',#1982,#1983,#1984);
#1982 = CARTESIAN_POINT('',(0.,0.,-20.));
#1983 = DIRECTION('',(-0.,-0.,1.));
#1984 = DIRECTION('',(1.,0.,0.));
#1985 = ADVANCED_FACE('',(#1986),#1996,.F.);
#1986 = FACE_BOUND('',#1987,.F.);
#1987 = EDGE_LOOP('',(#1988,#1989,#1994,#1995));
#1988 = ORIENTED_EDGE('',*,*,#916,.F.);
#1989 = ORIENTED_EDGE('',*,*,#1990,.F.);
#1990 = EDGE_CURVE('',#1446,#917,#1991,.T.);
#1991 = B_SPLINE_CURVE_WITH_KNOTS('',1,(#1992,#1993),.UNSPECIFIED.,.F.,
  .F.,(2,2),(18.5,20.),.PIECEWISE_BEZIER_KNOTS.);
#1992 = CARTESIAN_POINT('',(-22.9,-5.143516556419E-16,-1.5));
#1993 = CARTESIAN_POINT('',(-22.9,-5.143516556419E-16,-2.84217094304E-14
    ));
#1994 = ORIENTED_EDGE('',*,*,#1445,.T.);
#1995 = ORIENTED_EDGE('',*,*,#1990,.T.);
#1996 = CYLINDRICAL_SURFACE('',#1997,2.1);
#1997 = AXIS2_PLACEMENT_3D('',#1998,#1999,#2000);
#1998 = CARTESIAN_POINT('',(-25.,0.,-20.));
#1999 = DIRECTION('',(-0.,-0.,1.));
#2000 = DIRECTION('',(1.,0.,0.));
#2001 = ADVANCED_FACE('',(#2002),#2012,.F.);
#2002 = FACE_BOUND('',#2003,.F.);
#2003 = EDGE_LOOP('',(#2004,#2005,#2010,#2011));
#2004 = ORIENTED_EDGE('',*,*,#905,.F.);
#2005 = ORIENTED_EDGE('',*,*,#2006,.F.);
#2006 = EDGE_CURVE('',#1435,#906,#2007,.T.);
#2007 = B_SPLINE_CURVE_WITH_KNOTS('',1,(#2008,#2009),.UNSPECIFIED.,.F.,
  .F.,(2,2),(18.5,20.),.PIECEWISE_BEZIER_KNOTS.);
#2008 = CARTESIAN_POINT('',(-47.9,-5.143516556419E-16,-1.5));
#2009 = CARTESIAN_POINT('',(-47.9,-5.143516556419E-16,-2.84217094304E-14
    ));
#2010 = ORIENTED_EDGE('',*,*,#1434,.T.);
#2011 = ORIENTED_EDGE('',*,*,#2006,.T.);
#2012 = CYLINDRICAL_SURFACE('',#2013,2.1);
#2013 = AXIS2_PLACEMENT_3D('',#2014,#2015,#2016);
#2014 = CARTESIAN_POINT('',(-50.,0.,-20.));
#2015 = DIRECTION('',(-0.,-0.,1.));
#2016 = DIRECTION('',(1.,0.,0.));
#2017 = ADVANCED_FACE('',(#2018),#2028,.F.);
#2018 = FACE_BOUND('',#2019,.F.);
#2019 = EDGE_LOOP('',(#2020,#2021,#2026,#2027));
#2020 = ORIENTED_EDGE('',*,*,#894,.F.);
#2021 = ORIENTED_EDGE('',*,*,#2022,.F.);
#2022 = EDGE_CURVE('',#1424,#895,#2023,.T.);
#2023 = B_SPLINE_CURVE_WITH_KNOTS('',1,(#2024,#2025),.UNSPECIFIED.,.F.,
  .F.,(2,2),(18.5,20.),.PIECEWISE_BEZIER_KNOTS.);
#2024 = CARTESIAN_POINT('',(-72.9,-5.143516556419E-16,-1.5));
#2025 = CARTESIAN_POINT('',(-72.9,-5.143516556419E-16,-2.48689957516E-14
    ));
#2026 = ORIENTED_EDGE('',*,*,#1423,.T.);
#2027 = ORIENTED_EDGE('',*,*,#2022,.T.);
#2028 = CYLINDRICAL_SURFACE('',#2029,2.1);
#2029 = AXIS2_PLACEMENT_3D('',#2030,#2031,#2032);
#2030 = CARTESIAN_POINT('',(-75.,0.,-20.));
#2031 = DIRECTION('',(-0.,-0.,1.));
#2032 = DIRECTION('',(1.,0.,0.));
#2033 = ADVANCED_FACE('',(#2034),#2044,.F.);
#2034 = FACE_BOUND('',#2035,.F.);
#2035 = EDGE_LOOP('',(#2036,#2037,#2042,#2043));
#2036 = ORIENTED_EDGE('',*,*,#883,.F.);
#2037 = ORIENTED_EDGE('',*,*,#2038,.F.);
#2038 = EDGE_CURVE('',#1413,#884,#2039,.T.);
#2039 = B_SPLINE_CURVE_WITH_KNOTS('',1,(#2040,#2041),.UNSPECIFIED.,.F.,
  .F.,(2,2),(18.5,20.),.PIECEWISE_BEZIER_KNOTS.);
#2040 = CARTESIAN_POINT('',(-97.9,-5.143516556419E-16,-1.5));
#2041 = CARTESIAN_POINT('',(-97.9,-5.143516556419E-16,-2.13162820728E-14
    ));
#2042 = ORIENTED_EDGE('',*,*,#1412,.T.);
#2043 = ORIENTED_EDGE('',*,*,#2038,.T.);
#2044 = CYLINDRICAL_SURFACE('',#2045,2.1);
#2045 = AXIS2_PLACEMENT_3D('',#2046,#2047,#2048);
#2046 = CARTESIAN_POINT('',(-100.,0.,-20.));
#2047 = DIRECTION('',(-0.,-0.,1.));
#2048 = DIRECTION('',(1.,0.,0.));
#2049 = ADVANCED_FACE('',(#2050),#2060,.F.);
#2050 = FACE_BOUND('',#2051,.F.);
#2051 = EDGE_LOOP('',(#2052,#2053,#2058,#2059));
#2052 = ORIENTED_EDGE('',*,*,#872,.F.);
#2053 = ORIENTED_EDGE('',*,*,#2054,.F.);
#2054 = EDGE_CURVE('',#1402,#873,#2055,.T.);
#2055 = B_SPLINE_CURVE_WITH_KNOTS('',1,(#2056,#2057),.UNSPECIFIED.,.F.,
  .F.,(2,2),(18.5,20.),.PIECEWISE_BEZIER_KNOTS.);
#2056 = CARTESIAN_POINT('',(-122.9,-5.143516556419E-16,-1.5));
#2057 = CARTESIAN_POINT('',(-122.9,-5.143516556419E-16,-1.7763568394E-14
    ));
#2058 = ORIENTED_EDGE('',*,*,#1401,.T.);
#2059 = ORIENTED_EDGE('',*,*,#2054,.T.);
#2060 = CYLINDRICAL_SURFACE('',#2061,2.1);
#2061 = AXIS2_PLACEMENT_3D('',#2062,#2063,#2064);
#2062 = CARTESIAN_POINT('',(-125.,0.,-20.));
#2063 = DIRECTION('',(-0.,-0.,1.));
#2064 = DIRECTION('',(1.,0.,0.));
#2065 = ADVANCED_FACE('',(#2066),#2076,.F.);
#2066 = FACE_BOUND('',#2067,.F.);
#2067 = EDGE_LOOP('',(#2068,#2069,#2074,#2075));
#2068 = ORIENTED_EDGE('',*,*,#861,.F.);
#2069 = ORIENTED_EDGE('',*,*,#2070,.F.);
#2070 = EDGE_CURVE('',#1391,#862,#2071,.T.);
#2071 = B_SPLINE_CURVE_WITH_KNOTS('',1,(#2072,#2073),.UNSPECIFIED.,.F.,
  .F.,(2,2),(18.5,20.),.PIECEWISE_BEZIER_KNOTS.);
#2072 = CARTESIAN_POINT('',(-147.9,-5.143516556419E-16,-1.5));
#2073 = CARTESIAN_POINT('',(-147.9,-5.143516556419E-16,-1.7763568394E-14
    ));
#2074 = ORIENTED_EDGE('',*,*,#1390,.T.);
#2075 = ORIENTED_EDGE('',*,*,#2070,.T.);
#2076 = CYLINDRICAL_SURFACE('',#2077,2.1);
#2077 = AXIS2_PLACEMENT_3D('',#2078,#2079,#2080);
#2078 = CARTESIAN_POINT('',(-150.,0.,-20.));
#2079 = DIRECTION('',(-0.,-0.,1.));
#2080 = DIRECTION('',(1.,0.,0.));
#2081 = ADVANCED_FACE('',(#2082),#2092,.F.);
#2082 = FACE_BOUND('',#2083,.F.);
#2083 = EDGE_LOOP('',(#2084,#2085,#2090,#2091));
#2084 = ORIENTED_EDGE('',*,*,#850,.F.);
#2085 = ORIENTED_EDGE('',*,*,#2086,.F.);
#2086 = EDGE_CURVE('',#1380,#851,#2087,.T.);
#2087 = B_SPLINE_CURVE_WITH_KNOTS('',1,(#2088,#2089),.UNSPECIFIED.,.F.,
  .F.,(2,2),(18.5,20.),.PIECEWISE_BEZIER_KNOTS.);
#2088 = CARTESIAN_POINT('',(-172.9,-5.143516556419E-16,-1.5));
#2089 = CARTESIAN_POINT('',(-172.9,-5.143516556419E-16,
    -1.42108547152E-14));
#2090 = ORIENTED_EDGE('',*,*,#1379,.T.);
#2091 = ORIENTED_EDGE('',*,*,#2086,.T.);
#2092 = CYLINDRICAL_SURFACE('',#2093,2.1);
#2093 = AXIS2_PLACEMENT_3D('',#2094,#2095,#2096);
#2094 = CARTESIAN_POINT('',(-175.,0.,-20.));
#2095 = DIRECTION('',(-0.,-0.,1.));
#2096 = DIRECTION('',(1.,0.,0.));
#2097 = ADVANCED_FACE('',(#2098),#2108,.F.);
#2098 = FACE_BOUND('',#2099,.F.);
#2099 = EDGE_LOOP('',(#2100,#2101,#2106,#2107));
#2100 = ORIENTED_EDGE('',*,*,#839,.F.);
#2101 = ORIENTED_EDGE('',*,*,#2102,.F.);
#2102 = EDGE_CURVE('',#1369,#840,#2103,.T.);
#2103 = B_SPLINE_CURVE_WITH_KNOTS('',1,(#2104,#2105),.UNSPECIFIED.,.F.,
  .F.,(2,2),(18.5,20.),.PIECEWISE_BEZIER_KNOTS.);
#2104 = CARTESIAN_POINT('',(-197.9,-5.143516556419E-16,-1.5));
#2105 = CARTESIAN_POINT('',(-197.9,-5.143516556419E-16,
    -1.06581410364E-14));
#2106 = ORIENTED_EDGE('',*,*,#1368,.T.);
#2107 = ORIENTED_EDGE('',*,*,#2102,.T.);
#2108 = CYLINDRICAL_SURFACE('',#2109,2.1);
#2109 = AXIS2_PLACEMENT_3D('',#2110,#2111,#2112);
#2110 = CARTESIAN_POINT('',(-200.,0.,-20.));
#2111 = DIRECTION('',(-0.,-0.,1.));
#2112 = DIRECTION('',(1.,0.,0.));
#2113 = ADVANCED_FACE('',(#2114),#2124,.F.);
#2114 = FACE_BOUND('',#2115,.F.);
#2115 = EDGE_LOOP('',(#2116,#2117,#2122,#2123));
#2116 = ORIENTED_EDGE('',*,*,#828,.F.);
#2117 = ORIENTED_EDGE('',*,*,#2118,.F.);
#2118 = EDGE_CURVE('',#1358,#829,#2119,.T.);
#2119 = B_SPLINE_CURVE_WITH_KNOTS('',1,(#2120,#2121),.UNSPECIFIED.,.F.,
  .F.,(2,2),(18.5,20.),.PIECEWISE_BEZIER_KNOTS.);
#2120 = CARTESIAN_POINT('',(-222.9,-5.143516556419E-16,-1.5));
#2121 = CARTESIAN_POINT('',(-222.9,-5.143516556419E-16,
    -7.105427357601E-15));
#2122 = ORIENTED_EDGE('',*,*,#1357,.T.);
#2123 = ORIENTED_EDGE('',*,*,#2118,.T.);
#2124 = CYLINDRICAL_SURFACE('',#2125,2.1);
#2125 = AXIS2_PLACEMENT_3D('',#2126,#2127,#2128);
#2126 = CARTESIAN_POINT('',(-225.,0.,-20.));
#2127 = DIRECTION('',(-0.,-0.,1.));
#2128 = DIRECTION('',(1.,0.,0.));
#2129 = ADVANCED_FACE('',(#2130),#2140,.F.);
#2130 = FACE_BOUND('',#2131,.F.);
#2131 = EDGE_LOOP('',(#2132,#2133,#2138,#2139));
#2132 = ORIENTED_EDGE('',*,*,#817,.F.);
#2133 = ORIENTED_EDGE('',*,*,#2134,.F.);
#2134 = EDGE_CURVE('',#1347,#818,#2135,.T.);
#2135 = B_SPLINE_CURVE_WITH_KNOTS('',1,(#2136,#2137),.UNSPECIFIED.,.F.,
  .F.,(2,2),(18.5,20.),.PIECEWISE_BEZIER_KNOTS.);
#2136 = CARTESIAN_POINT('',(-247.9,-5.143516556419E-16,-1.5));
#2137 = CARTESIAN_POINT('',(-247.9,-5.143516556419E-16,
    -7.105427357601E-15));
#2138 = ORIENTED_EDGE('',*,*,#1346,.T.);
#2139 = ORIENTED_EDGE('',*,*,#2134,.T.);
#2140 = CYLINDRICAL_SURFACE('',#2141,2.1);
#2141 = AXIS2_PLACEMENT_3D('',#2142,#2143,#2144);
#2142 = CARTESIAN_POINT('',(-250.,0.,-20.));
#2143 = DIRECTION('',(-0.,-0.,1.));
#2144 = DIRECTION('',(1.,0.,0.));
#2145 = ADVANCED_FACE('',(#2146),#2162,.F.);
#2146 = FACE_BOUND('',#2147,.T.);
#2147 = EDGE_LOOP('',(#2148,#2154,#2155,#2161));
#2148 = ORIENTED_EDGE('',*,*,#2149,.T.);
#2149 = EDGE_CURVE('',#1321,#784,#2150,.T.);
#2150 = LINE('',#2151,#2152);
#2151 = CARTESIAN_POINT('',(335.5,3.,-20.));
#2152 = VECTOR('',#2153,1.);
#2153 = DIRECTION('',(-0.,-0.,1.));
#2154 = ORIENTED_EDGE('',*,*,#809,.T.);
#2155 = ORIENTED_EDGE('',*,*,#2156,.F.);
#2156 = EDGE_CURVE('',#1330,#801,#2157,.T.);
#2157 = LINE('',#2158,#2159);
#2158 = CARTESIAN_POINT('',(329.5,3.,-20.));
#2159 = VECTOR('',#2160,1.);
#2160 = DIRECTION('',(-0.,-0.,1.));
#2161 = ORIENTED_EDGE('',*,*,#1329,.F.);
#2162 = PLANE('',#2163);
#2163 = AXIS2_PLACEMENT_3D('',#2164,#2165,#2166);
#2164 = CARTESIAN_POINT('',(329.5,3.,-20.));
#2165 = DIRECTION('',(-7.228014483236E-17,1.,0.));
#2166 = DIRECTION('',(-1.,-7.228014483236E-17,0.));
#2167 = ADVANCED_FACE('',(#2168),#2179,.F.);
#2168 = FACE_BOUND('',#2169,.F.);
#2169 = EDGE_LOOP('',(#2170,#2171,#2177,#2178));
#2170 = ORIENTED_EDGE('',*,*,#1337,.T.);
#2171 = ORIENTED_EDGE('',*,*,#2172,.T.);
#2172 = EDGE_CURVE('',#1311,#793,#2173,.T.);
#2173 = LINE('',#2174,#2175);
#2174 = CARTESIAN_POINT('',(329.5,-3.,-20.));
#2175 = VECTOR('',#2176,1.);
#2176 = DIRECTION('',(-0.,-0.,1.));
#2177 = ORIENTED_EDGE('',*,*,#800,.F.);
#2178 = ORIENTED_EDGE('',*,*,#2156,.F.);
#2179 = CYLINDRICAL_SURFACE('',#2180,3.);
#2180 = AXIS2_PLACEMENT_3D('',#2181,#2182,#2183);
#2181 = CARTESIAN_POINT('',(329.5,-2.296930634574E-17,-20.));
#2182 = DIRECTION('',(-0.,-0.,1.));
#2183 = DIRECTION('',(1.,0.,0.));
#2184 = ADVANCED_FACE('',(#2185),#2196,.F.);
#2185 = FACE_BOUND('',#2186,.T.);
#2186 = EDGE_LOOP('',(#2187,#2188,#2189,#2195));
#2187 = ORIENTED_EDGE('',*,*,#2172,.T.);
#2188 = ORIENTED_EDGE('',*,*,#792,.T.);
#2189 = ORIENTED_EDGE('',*,*,#2190,.F.);
#2190 = EDGE_CURVE('',#1313,#782,#2191,.T.);
#2191 = LINE('',#2192,#2193);
#2192 = CARTESIAN_POINT('',(335.5,-3.,-20.));
#2193 = VECTOR('',#2194,1.);
#2194 = DIRECTION('',(-0.,-0.,1.));
#2195 = ORIENTED_EDGE('',*,*,#1310,.F.);
#2196 = PLANE('',#2197);
#2197 = AXIS2_PLACEMENT_3D('',#2198,#2199,#2200);
#2198 = CARTESIAN_POINT('',(329.5,-3.,-20.));
#2199 = DIRECTION('',(7.228014483236E-17,-1.,0.));
#2200 = DIRECTION('',(1.,7.228014483236E-17,0.));
#2201 = ADVANCED_FACE('',(#2202),#2208,.F.);
#2202 = FACE_BOUND('',#2203,.F.);
#2203 = EDGE_LOOP('',(#2204,#2205,#2206,#2207));
#2204 = ORIENTED_EDGE('',*,*,#1320,.T.);
#2205 = ORIENTED_EDGE('',*,*,#2149,.T.);
#2206 = ORIENTED_EDGE('',*,*,#781,.F.);
#2207 = ORIENTED_EDGE('',*,*,#2190,.F.);
#2208 = CYLINDRICAL_SURFACE('',#2209,3.);
#2209 = AXIS2_PLACEMENT_3D('',#2210,#2211,#2212);
#2210 = CARTESIAN_POINT('',(335.5,4.336808689942E-16,-20.));
#2211 = DIRECTION('',(-0.,-0.,1.));
#2212 = DIRECTION('',(1.,0.,0.));
#2213 = ADVANCED_FACE('',(#2214),#2230,.F.);
#2214 = FACE_BOUND('',#2215,.T.);
#2215 = EDGE_LOOP('',(#2216,#2222,#2223,#2229));
#2216 = ORIENTED_EDGE('',*,*,#2217,.T.);
#2217 = EDGE_CURVE('',#1285,#748,#2218,.T.);
#2218 = LINE('',#2219,#2220);
#2219 = CARTESIAN_POINT('',(-329.5,3.,-20.));
#2220 = VECTOR('',#2221,1.);
#2221 = DIRECTION('',(-0.,-0.,1.));
#2222 = ORIENTED_EDGE('',*,*,#773,.T.);
#2223 = ORIENTED_EDGE('',*,*,#2224,.F.);
#2224 = EDGE_CURVE('',#1294,#765,#2225,.T.);
#2225 = LINE('',#2226,#2227);
#2226 = CARTESIAN_POINT('',(-335.5,3.,-20.));
#2227 = VECTOR('',#2228,1.);
#2228 = DIRECTION('',(-0.,-0.,1.));
#2229 = ORIENTED_EDGE('',*,*,#1293,.F.);
#2230 = PLANE('',#2231);
#2231 = AXIS2_PLACEMENT_3D('',#2232,#2233,#2234);
#2232 = CARTESIAN_POINT('',(-335.5,3.,-20.));
#2233 = DIRECTION('',(-0.,1.,0.));
#2234 = DIRECTION('',(0.,0.,1.));
#2235 = ADVANCED_FACE('',(#2236),#2247,.F.);
#2236 = FACE_BOUND('',#2237,.F.);
#2237 = EDGE_LOOP('',(#2238,#2239,#2245,#2246));
#2238 = ORIENTED_EDGE('',*,*,#1301,.T.);
#2239 = ORIENTED_EDGE('',*,*,#2240,.T.);
#2240 = EDGE_CURVE('',#1275,#757,#2241,.T.);
#2241 = LINE('',#2242,#2243);
#2242 = CARTESIAN_POINT('',(-335.5,-3.,-20.));
#2243 = VECTOR('',#2244,1.);
#2244 = DIRECTION('',(-0.,-0.,1.));
#2245 = ORIENTED_EDGE('',*,*,#764,.F.);
#2246 = ORIENTED_EDGE('',*,*,#2224,.F.);
#2247 = CYLINDRICAL_SURFACE('',#2248,3.);
#2248 = AXIS2_PLACEMENT_3D('',#2249,#2250,#2251);
#2249 = CARTESIAN_POINT('',(-335.5,0.,-20.));
#2250 = DIRECTION('',(-0.,-0.,1.));
#2251 = DIRECTION('',(1.,0.,0.));
#2252 = ADVANCED_FACE('',(#2253),#2264,.F.);
#2253 = FACE_BOUND('',#2254,.T.);
#2254 = EDGE_LOOP('',(#2255,#2256,#2257,#2263));
#2255 = ORIENTED_EDGE('',*,*,#2240,.T.);
#2256 = ORIENTED_EDGE('',*,*,#756,.T.);
#2257 = ORIENTED_EDGE('',*,*,#2258,.F.);
#2258 = EDGE_CURVE('',#1277,#746,#2259,.T.);
#2259 = LINE('',#2260,#2261);
#2260 = CARTESIAN_POINT('',(-329.5,-3.,-20.));
#2261 = VECTOR('',#2262,1.);
#2262 = DIRECTION('',(-0.,-0.,1.));
#2263 = ORIENTED_EDGE('',*,*,#1274,.F.);
#2264 = PLANE('',#2265);
#2265 = AXIS2_PLACEMENT_3D('',#2266,#2267,#2268);
#2266 = CARTESIAN_POINT('',(-335.5,-3.,-20.));
#2267 = DIRECTION('',(0.,-1.,0.));
#2268 = DIRECTION('',(0.,-0.,-1.));
#2269 = ADVANCED_FACE('',(#2270),#2276,.F.);
#2270 = FACE_BOUND('',#2271,.F.);
#2271 = EDGE_LOOP('',(#2272,#2273,#2274,#2275));
#2272 = ORIENTED_EDGE('',*,*,#1284,.T.);
#2273 = ORIENTED_EDGE('',*,*,#2217,.T.);
#2274 = ORIENTED_EDGE('',*,*,#745,.F.);
#2275 = ORIENTED_EDGE('',*,*,#2258,.F.);
#2276 = CYLINDRICAL_SURFACE('',#2277,3.);
#2277 = AXIS2_PLACEMENT_3D('',#2278,#2279,#2280);
#2278 = CARTESIAN_POINT('',(-329.5,0.,-20.));
#2279 = DIRECTION('',(-0.,-0.,1.));
#2280 = DIRECTION('',(1.,0.,0.));
#2281 = ADVANCED_FACE('',(#2282),#2292,.F.);
#2282 = FACE_BOUND('',#2283,.F.);
#2283 = EDGE_LOOP('',(#2284,#2285,#2290,#2291));
#2284 = ORIENTED_EDGE('',*,*,#734,.F.);
#2285 = ORIENTED_EDGE('',*,*,#2286,.F.);
#2286 = EDGE_CURVE('',#1264,#735,#2287,.T.);
#2287 = B_SPLINE_CURVE_WITH_KNOTS('',1,(#2288,#2289),.UNSPECIFIED.,.F.,
  .F.,(2,2),(18.5,20.),.PIECEWISE_BEZIER_KNOTS.);
#2288 = CARTESIAN_POINT('',(-297.9,-5.143516556419E-16,-1.5));
#2289 = CARTESIAN_POINT('',(-297.9,-5.143516556419E-16,0.));
#2290 = ORIENTED_EDGE('',*,*,#1263,.T.);
#2291 = ORIENTED_EDGE('',*,*,#2286,.T.);
#2292 = CYLINDRICAL_SURFACE('',#2293,2.1);
#2293 = AXIS2_PLACEMENT_3D('',#2294,#2295,#2296);
#2294 = CARTESIAN_POINT('',(-300.,0.,-20.));
#2295 = DIRECTION('',(-0.,-0.,1.));
#2296 = DIRECTION('',(1.,0.,0.));
#2297 = ADVANCED_FACE('',(#2298),#2308,.F.);
#2298 = FACE_BOUND('',#2299,.F.);
#2299 = EDGE_LOOP('',(#2300,#2301,#2306,#2307));
#2300 = ORIENTED_EDGE('',*,*,#723,.F.);
#2301 = ORIENTED_EDGE('',*,*,#2302,.F.);
#2302 = EDGE_CURVE('',#1253,#724,#2303,.T.);
#2303 = B_SPLINE_CURVE_WITH_KNOTS('',1,(#2304,#2305),.UNSPECIFIED.,.F.,
  .F.,(2,2),(18.5,20.),.PIECEWISE_BEZIER_KNOTS.);
#2304 = CARTESIAN_POINT('',(-272.9,-5.143516556419E-16,-1.5));
#2305 = CARTESIAN_POINT('',(-272.9,-5.143516556419E-16,
    -3.552713678801E-15));
#2306 = ORIENTED_EDGE('',*,*,#1252,.T.);
#2307 = ORIENTED_EDGE('',*,*,#2302,.T.);
#2308 = CYLINDRICAL_SURFACE('',#2309,2.1);
#2309 = AXIS2_PLACEMENT_3D('',#2310,#2311,#2312);
#2310 = CARTESIAN_POINT('',(-275.,0.,-20.));
#2311 = DIRECTION('',(-0.,-0.,1.));
#2312 = DIRECTION('',(1.,0.,0.));
#2313 = ADVANCED_FACE('',(#2314),#2330,.F.);
#2314 = FACE_BOUND('',#2315,.T.);
#2315 = EDGE_LOOP('',(#2316,#2317,#2323,#2324));
#2316 = ORIENTED_EDGE('',*,*,#1095,.T.);
#2317 = ORIENTED_EDGE('',*,*,#2318,.F.);
#2318 = EDGE_CURVE('',#1602,#1088,#2319,.T.);
#2319 = LINE('',#2320,#2321);
#2320 = CARTESIAN_POINT('',(-317.5,7.9,-1.370583817211E+03));
#2321 = VECTOR('',#2322,1.);
#2322 = DIRECTION('',(0.,0.,1.));
#2323 = ORIENTED_EDGE('',*,*,#1599,.F.);
#2324 = ORIENTED_EDGE('',*,*,#2325,.T.);
#2325 = EDGE_CURVE('',#1600,#1096,#2326,.T.);
#2326 = LINE('',#2327,#2328);
#2327 = CARTESIAN_POINT('',(-318.,7.9,-1.370583817211E+03));
#2328 = VECTOR('',#2329,1.);
#2329 = DIRECTION('',(0.,0.,1.));
#2330 = PLANE('',#2331);
#2331 = AXIS2_PLACEMENT_3D('',#2332,#2333,#2334);
#2332 = CARTESIAN_POINT('',(342.5,7.9,-1.370583817211E+03));
#2333 = DIRECTION('',(0.,-1.,0.));
#2334 = DIRECTION('',(0.,-0.,-1.));
#2335 = ADVANCED_FACE('',(#2336),#2352,.F.);
#2336 = FACE_BOUND('',#2337,.T.);
#2337 = EDGE_LOOP('',(#2338,#2339,#2345,#2346));
#2338 = ORIENTED_EDGE('',*,*,#1070,.T.);
#2339 = ORIENTED_EDGE('',*,*,#2340,.F.);
#2340 = EDGE_CURVE('',#1625,#1073,#2341,.T.);
#2341 = LINE('',#2342,#2343);
#2342 = CARTESIAN_POINT('',(318.,7.9,-1.370583817211E+03));
#2343 = VECTOR('',#2344,1.);
#2344 = DIRECTION('',(0.,0.,1.));
#2345 = ORIENTED_EDGE('',*,*,#1624,.F.);
#2346 = ORIENTED_EDGE('',*,*,#2347,.T.);
#2347 = EDGE_CURVE('',#1617,#1071,#2348,.T.);
#2348 = LINE('',#2349,#2350);
#2349 = CARTESIAN_POINT('',(317.5,7.9,-1.370583817211E+03));
#2350 = VECTOR('',#2351,1.);
#2351 = DIRECTION('',(0.,0.,1.));
#2352 = PLANE('',#2353);
#2353 = AXIS2_PLACEMENT_3D('',#2354,#2355,#2356);
#2354 = CARTESIAN_POINT('',(342.5,7.9,-1.370583817211E+03));
#2355 = DIRECTION('',(0.,-1.,0.));
#2356 = DIRECTION('',(0.,-0.,-1.));
#2357 = ADVANCED_FACE('',(#2358),#2369,.F.);
#2358 = FACE_BOUND('',#2359,.T.);
#2359 = EDGE_LOOP('',(#2360,#2361,#2367,#2368));
#2360 = ORIENTED_EDGE('',*,*,#1238,.T.);
#2361 = ORIENTED_EDGE('',*,*,#2362,.F.);
#2362 = EDGE_CURVE('',#1633,#1231,#2363,.T.);
#2363 = LINE('',#2364,#2365);
#2364 = CARTESIAN_POINT('',(318.,10.,-1.370583817211E+03));
#2365 = VECTOR('',#2366,1.);
#2366 = DIRECTION('',(0.,0.,1.));
#2367 = ORIENTED_EDGE('',*,*,#1632,.F.);
#2368 = ORIENTED_EDGE('',*,*,#2340,.T.);
#2369 = PLANE('',#2370);
#2370 = AXIS2_PLACEMENT_3D('',#2371,#2372,#2373);
#2371 = CARTESIAN_POINT('',(318.,10.,-1.370583817211E+03));
#2372 = DIRECTION('',(1.,0.,0.));
#2373 = DIRECTION('',(0.,0.,-1.));
#2374 = ADVANCED_FACE('',(#2375),#2386,.F.);
#2375 = FACE_BOUND('',#2376,.T.);
#2376 = EDGE_LOOP('',(#2377,#2378,#2384,#2385));
#2377 = ORIENTED_EDGE('',*,*,#1230,.F.);
#2378 = ORIENTED_EDGE('',*,*,#2379,.F.);
#2379 = EDGE_CURVE('',#1641,#1223,#2380,.T.);
#2380 = LINE('',#2381,#2382);
#2381 = CARTESIAN_POINT('',(340.5,10.,-1.370583817211E+03));
#2382 = VECTOR('',#2383,1.);
#2383 = DIRECTION('',(0.,0.,1.));
#2384 = ORIENTED_EDGE('',*,*,#1640,.F.);
#2385 = ORIENTED_EDGE('',*,*,#2362,.T.);
#2386 = PLANE('',#2387);
#2387 = AXIS2_PLACEMENT_3D('',#2388,#2389,#2390);
#2388 = CARTESIAN_POINT('',(342.5,10.,-1.370583817211E+03));
#2389 = DIRECTION('',(0.,-1.,0.));
#2390 = DIRECTION('',(0.,-0.,-1.));
#2391 = ADVANCED_FACE('',(#2392),#2403,.F.);
#2392 = FACE_BOUND('',#2393,.T.);
#2393 = EDGE_LOOP('',(#2394,#2395,#2401,#2402));
#2394 = ORIENTED_EDGE('',*,*,#1222,.F.);
#2395 = ORIENTED_EDGE('',*,*,#2396,.F.);
#2396 = EDGE_CURVE('',#1649,#1215,#2397,.T.);
#2397 = LINE('',#2398,#2399);
#2398 = CARTESIAN_POINT('',(342.5,8.,-1.370583817211E+03));
#2399 = VECTOR('',#2400,1.);
#2400 = DIRECTION('',(0.,0.,1.));
#2401 = ORIENTED_EDGE('',*,*,#1648,.F.);
#2402 = ORIENTED_EDGE('',*,*,#2379,.T.);
#2403 = PLANE('',#2404);
#2404 = AXIS2_PLACEMENT_3D('',#2405,#2406,#2407);
#2405 = CARTESIAN_POINT('',(340.5,10.,-1.370583817211E+03));
#2406 = DIRECTION('',(-0.707106781187,-0.707106781187,0.));
#2407 = DIRECTION('',(0.707106781187,-0.707106781187,0.));
#2408 = ADVANCED_FACE('',(#2409),#2420,.T.);
#2409 = FACE_BOUND('',#2410,.T.);
#2410 = EDGE_LOOP('',(#2411,#2412,#2413,#2419));
#2411 = ORIENTED_EDGE('',*,*,#2396,.T.);
#2412 = ORIENTED_EDGE('',*,*,#1214,.F.);
#2413 = ORIENTED_EDGE('',*,*,#2414,.F.);
#2414 = EDGE_CURVE('',#1657,#1207,#2415,.T.);
#2415 = LINE('',#2416,#2417);
#2416 = CARTESIAN_POINT('',(342.5,-8.,-1.370583817211E+03));
#2417 = VECTOR('',#2418,1.);
#2418 = DIRECTION('',(0.,0.,1.));
#2419 = ORIENTED_EDGE('',*,*,#1656,.T.);
#2420 = PLANE('',#2421);
#2421 = AXIS2_PLACEMENT_3D('',#2422,#2423,#2424);
#2422 = CARTESIAN_POINT('',(342.5,10.,-1.370583817211E+03));
#2423 = DIRECTION('',(1.,0.,0.));
#2424 = DIRECTION('',(0.,0.,-1.));
#2425 = ADVANCED_FACE('',(#2426),#2437,.F.);
#2426 = FACE_BOUND('',#2427,.T.);
#2427 = EDGE_LOOP('',(#2428,#2429,#2435,#2436));
#2428 = ORIENTED_EDGE('',*,*,#1206,.F.);
#2429 = ORIENTED_EDGE('',*,*,#2430,.F.);
#2430 = EDGE_CURVE('',#1665,#1199,#2431,.T.);
#2431 = LINE('',#2432,#2433);
#2432 = CARTESIAN_POINT('',(340.5,-10.,-1.370583817211E+03));
#2433 = VECTOR('',#2434,1.);
#2434 = DIRECTION('',(0.,0.,1.));
#2435 = ORIENTED_EDGE('',*,*,#1664,.F.);
#2436 = ORIENTED_EDGE('',*,*,#2414,.T.);
#2437 = PLANE('',#2438);
#2438 = AXIS2_PLACEMENT_3D('',#2439,#2440,#2441);
#2439 = CARTESIAN_POINT('',(340.5,-10.,-1.370583817211E+03));
#2440 = DIRECTION('',(-0.707106781187,0.707106781187,0.));
#2441 = DIRECTION('',(-0.707106781187,-0.707106781187,0.));
#2442 = ADVANCED_FACE('',(#2443),#2454,.T.);
#2443 = FACE_BOUND('',#2444,.T.);
#2444 = EDGE_LOOP('',(#2445,#2446,#2447,#2453));
#2445 = ORIENTED_EDGE('',*,*,#2430,.T.);
#2446 = ORIENTED_EDGE('',*,*,#1198,.T.);
#2447 = ORIENTED_EDGE('',*,*,#2448,.F.);
#2448 = EDGE_CURVE('',#1673,#1191,#2449,.T.);
#2449 = LINE('',#2450,#2451);
#2450 = CARTESIAN_POINT('',(318.,-10.,-1.370583817211E+03));
#2451 = VECTOR('',#2452,1.);
#2452 = DIRECTION('',(0.,0.,1.));
#2453 = ORIENTED_EDGE('',*,*,#1672,.T.);
#2454 = PLANE('',#2455);
#2455 = AXIS2_PLACEMENT_3D('',#2456,#2457,#2458);
#2456 = CARTESIAN_POINT('',(342.5,-10.,-1.370583817211E+03));
#2457 = DIRECTION('',(0.,-1.,0.));
#2458 = DIRECTION('',(0.,-0.,-1.));
#2459 = ADVANCED_FACE('',(#2460),#2471,.F.);
#2460 = FACE_BOUND('',#2461,.T.);
#2461 = EDGE_LOOP('',(#2462,#2463,#2469,#2470));
#2462 = ORIENTED_EDGE('',*,*,#1190,.T.);
#2463 = ORIENTED_EDGE('',*,*,#2464,.F.);
#2464 = EDGE_CURVE('',#1681,#1183,#2465,.T.);
#2465 = LINE('',#2466,#2467);
#2466 = CARTESIAN_POINT('',(318.,-7.9,-1.370583817211E+03));
#2467 = VECTOR('',#2468,1.);
#2468 = DIRECTION('',(0.,0.,1.));
#2469 = ORIENTED_EDGE('',*,*,#1680,.F.);
#2470 = ORIENTED_EDGE('',*,*,#2448,.T.);
#2471 = PLANE('',#2472);
#2472 = AXIS2_PLACEMENT_3D('',#2473,#2474,#2475);
#2473 = CARTESIAN_POINT('',(318.,10.,-1.370583817211E+03));
#2474 = DIRECTION('',(1.,-0.,0.));
#2475 = DIRECTION('',(0.,0.,-1.));
#2476 = ADVANCED_FACE('',(#2477),#2488,.F.);
#2477 = FACE_BOUND('',#2478,.T.);
#2478 = EDGE_LOOP('',(#2479,#2480,#2486,#2487));
#2479 = ORIENTED_EDGE('',*,*,#1182,.T.);
#2480 = ORIENTED_EDGE('',*,*,#2481,.F.);
#2481 = EDGE_CURVE('',#1689,#1175,#2482,.T.);
#2482 = LINE('',#2483,#2484);
#2483 = CARTESIAN_POINT('',(317.5,-7.9,-1.370583817211E+03));
#2484 = VECTOR('',#2485,1.);
#2485 = DIRECTION('',(0.,0.,1.));
#2486 = ORIENTED_EDGE('',*,*,#1688,.F.);
#2487 = ORIENTED_EDGE('',*,*,#2464,.T.);
#2488 = PLANE('',#2489);
#2489 = AXIS2_PLACEMENT_3D('',#2490,#2491,#2492);
#2490 = CARTESIAN_POINT('',(342.5,-7.9,-1.370583817211E+03));
#2491 = DIRECTION('',(0.,1.,-0.));
#2492 = DIRECTION('',(0.,0.,1.));
#2493 = ADVANCED_FACE('',(#2494),#2510,.F.);
#2494 = FACE_BOUND('',#2495,.T.);
#2495 = EDGE_LOOP('',(#2496,#2497,#2503,#2504));
#2496 = ORIENTED_EDGE('',*,*,#1159,.T.);
#2497 = ORIENTED_EDGE('',*,*,#2498,.F.);
#2498 = EDGE_CURVE('',#1712,#1152,#2499,.T.);
#2499 = LINE('',#2500,#2501);
#2500 = CARTESIAN_POINT('',(-318.,-7.9,-1.370583817211E+03));
#2501 = VECTOR('',#2502,1.);
#2502 = DIRECTION('',(0.,0.,1.));
#2503 = ORIENTED_EDGE('',*,*,#1711,.F.);
#2504 = ORIENTED_EDGE('',*,*,#2505,.T.);
#2505 = EDGE_CURVE('',#1704,#1160,#2506,.T.);
#2506 = LINE('',#2507,#2508);
#2507 = CARTESIAN_POINT('',(-317.5,-7.9,-1.370583817211E+03));
#2508 = VECTOR('',#2509,1.);
#2509 = DIRECTION('',(0.,0.,1.));
#2510 = PLANE('',#2511);
#2511 = AXIS2_PLACEMENT_3D('',#2512,#2513,#2514);
#2512 = CARTESIAN_POINT('',(342.5,-7.9,-1.370583817211E+03));
#2513 = DIRECTION('',(0.,1.,-0.));
#2514 = DIRECTION('',(0.,0.,1.));
#2515 = ADVANCED_FACE('',(#2516),#2527,.F.);
#2516 = FACE_BOUND('',#2517,.T.);
#2517 = EDGE_LOOP('',(#2518,#2519,#2525,#2526));
#2518 = ORIENTED_EDGE('',*,*,#1151,.T.);
#2519 = ORIENTED_EDGE('',*,*,#2520,.F.);
#2520 = EDGE_CURVE('',#1720,#1144,#2521,.T.);
#2521 = LINE('',#2522,#2523);
#2522 = CARTESIAN_POINT('',(-318.,-10.,-1.370583817211E+03));
#2523 = VECTOR('',#2524,1.);
#2524 = DIRECTION('',(0.,0.,1.));
#2525 = ORIENTED_EDGE('',*,*,#1719,.F.);
#2526 = ORIENTED_EDGE('',*,*,#2498,.T.);
#2527 = PLANE('',#2528);
#2528 = AXIS2_PLACEMENT_3D('',#2529,#2530,#2531);
#2529 = CARTESIAN_POINT('',(-318.,10.,-1.370583817211E+03));
#2530 = DIRECTION('',(-1.,0.,0.));
#2531 = DIRECTION('',(0.,0.,1.));
#2532 = ADVANCED_FACE('',(#2533),#2544,.T.);
#2533 = FACE_BOUND('',#2534,.T.);
#2534 = EDGE_LOOP('',(#2535,#2536,#2537,#2543));
#2535 = ORIENTED_EDGE('',*,*,#2520,.T.);
#2536 = ORIENTED_EDGE('',*,*,#1143,.T.);
#2537 = ORIENTED_EDGE('',*,*,#2538,.F.);
#2538 = EDGE_CURVE('',#1728,#1136,#2539,.T.);
#2539 = LINE('',#2540,#2541);
#2540 = CARTESIAN_POINT('',(-340.5,-10.,-1.370583817211E+03));
#2541 = VECTOR('',#2542,1.);
#2542 = DIRECTION('',(0.,0.,1.));
#2543 = ORIENTED_EDGE('',*,*,#1727,.T.);
#2544 = PLANE('',#2545);
#2545 = AXIS2_PLACEMENT_3D('',#2546,#2547,#2548);
#2546 = CARTESIAN_POINT('',(-342.5,-10.,-1.370583817211E+03));
#2547 = DIRECTION('',(0.,-1.,0.));
#2548 = DIRECTION('',(0.,-0.,-1.));
#2549 = ADVANCED_FACE('',(#2550),#2561,.F.);
#2550 = FACE_BOUND('',#2551,.T.);
#2551 = EDGE_LOOP('',(#2552,#2553,#2559,#2560));
#2552 = ORIENTED_EDGE('',*,*,#1135,.F.);
#2553 = ORIENTED_EDGE('',*,*,#2554,.F.);
#2554 = EDGE_CURVE('',#1736,#1128,#2555,.T.);
#2555 = LINE('',#2556,#2557);
#2556 = CARTESIAN_POINT('',(-342.5,-8.,-1.370583817211E+03));
#2557 = VECTOR('',#2558,1.);
#2558 = DIRECTION('',(0.,0.,1.));
#2559 = ORIENTED_EDGE('',*,*,#1735,.F.);
#2560 = ORIENTED_EDGE('',*,*,#2538,.T.);
#2561 = PLANE('',#2562);
#2562 = AXIS2_PLACEMENT_3D('',#2563,#2564,#2565);
#2563 = CARTESIAN_POINT('',(-342.5,-8.,-1.370583817211E+03));
#2564 = DIRECTION('',(0.707106781187,0.707106781187,-0.));
#2565 = DIRECTION('',(-0.707106781187,0.707106781187,0.));
#2566 = ADVANCED_FACE('',(#2567),#2578,.F.);
#2567 = FACE_BOUND('',#2568,.T.);
#2568 = EDGE_LOOP('',(#2569,#2570,#2576,#2577));
#2569 = ORIENTED_EDGE('',*,*,#1127,.T.);
#2570 = ORIENTED_EDGE('',*,*,#2571,.F.);
#2571 = EDGE_CURVE('',#1744,#1120,#2572,.T.);
#2572 = LINE('',#2573,#2574);
#2573 = CARTESIAN_POINT('',(-342.5,8.,-1.370583817211E+03));
#2574 = VECTOR('',#2575,1.);
#2575 = DIRECTION('',(0.,0.,1.));
#2576 = ORIENTED_EDGE('',*,*,#1743,.F.);
#2577 = ORIENTED_EDGE('',*,*,#2554,.T.);
#2578 = PLANE('',#2579);
#2579 = AXIS2_PLACEMENT_3D('',#2580,#2581,#2582);
#2580 = CARTESIAN_POINT('',(-342.5,10.,-1.370583817211E+03));
#2581 = DIRECTION('',(1.,0.,0.));
#2582 = DIRECTION('',(0.,0.,-1.));
#2583 = ADVANCED_FACE('',(#2584),#2595,.F.);
#2584 = FACE_BOUND('',#2585,.T.);
#2585 = EDGE_LOOP('',(#2586,#2587,#2593,#2594));
#2586 = ORIENTED_EDGE('',*,*,#1119,.F.);
#2587 = ORIENTED_EDGE('',*,*,#2588,.F.);
#2588 = EDGE_CURVE('',#1752,#1112,#2589,.T.);
#2589 = LINE('',#2590,#2591);
#2590 = CARTESIAN_POINT('',(-340.5,10.,-1.370583817211E+03));
#2591 = VECTOR('',#2592,1.);
#2592 = DIRECTION('',(0.,0.,1.));
#2593 = ORIENTED_EDGE('',*,*,#1751,.F.);
#2594 = ORIENTED_EDGE('',*,*,#2571,.T.);
#2595 = PLANE('',#2596);
#2596 = AXIS2_PLACEMENT_3D('',#2597,#2598,#2599);
#2597 = CARTESIAN_POINT('',(-342.5,8.,-1.370583817211E+03));
#2598 = DIRECTION('',(0.707106781187,-0.707106781187,-0.));
#2599 = DIRECTION('',(0.707106781187,0.707106781187,0.));
#2600 = ADVANCED_FACE('',(#2601),#2612,.F.);
#2601 = FACE_BOUND('',#2602,.T.);
#2602 = EDGE_LOOP('',(#2603,#2604,#2610,#2611));
#2603 = ORIENTED_EDGE('',*,*,#1111,.F.);
#2604 = ORIENTED_EDGE('',*,*,#2605,.F.);
#2605 = EDGE_CURVE('',#1760,#1104,#2606,.T.);
#2606 = LINE('',#2607,#2608);
#2607 = CARTESIAN_POINT('',(-318.,10.,-1.370583817211E+03));
#2608 = VECTOR('',#2609,1.);
#2609 = DIRECTION('',(0.,0.,1.));
#2610 = ORIENTED_EDGE('',*,*,#1759,.F.);
#2611 = ORIENTED_EDGE('',*,*,#2588,.T.);
#2612 = PLANE('',#2613);
#2613 = AXIS2_PLACEMENT_3D('',#2614,#2615,#2616);
#2614 = CARTESIAN_POINT('',(-342.5,10.,-1.370583817211E+03));
#2615 = DIRECTION('',(0.,-1.,0.));
#2616 = DIRECTION('',(0.,-0.,-1.));
#2617 = ADVANCED_FACE('',(#2618),#2624,.F.);
#2618 = FACE_BOUND('',#2619,.T.);
#2619 = EDGE_LOOP('',(#2620,#2621,#2622,#2623));
#2620 = ORIENTED_EDGE('',*,*,#1103,.T.);
#2621 = ORIENTED_EDGE('',*,*,#2325,.F.);
#2622 = ORIENTED_EDGE('',*,*,#1767,.F.);
#2623 = ORIENTED_EDGE('',*,*,#2605,.T.);
#2624 = PLANE('',#2625);
#2625 = AXIS2_PLACEMENT_3D('',#2626,#2627,#2628);
#2626 = CARTESIAN_POINT('',(-318.,10.,-1.370583817211E+03));
#2627 = DIRECTION('',(-1.,0.,0.));
#2628 = DIRECTION('',(0.,0.,1.));
#2629 = ADVANCED_FACE('',(#2630),#2638,.T.);
#2630 = FACE_BOUND('',#2631,.T.);
#2631 = EDGE_LOOP('',(#2632,#2633,#2634,#2635,#2636,#2637));
#2632 = ORIENTED_EDGE('',*,*,#579,.F.);
#2633 = ORIENTED_EDGE('',*,*,#709,.T.);
#2634 = ORIENTED_EDGE('',*,*,#1696,.F.);
#2635 = ORIENTED_EDGE('',*,*,#2481,.T.);
#2636 = ORIENTED_EDGE('',*,*,#1174,.T.);
#2637 = ORIENTED_EDGE('',*,*,#617,.F.);
#2638 = PLANE('',#2639);
#2639 = AXIS2_PLACEMENT_3D('',#2640,#2641,#2642);
#2640 = CARTESIAN_POINT('',(317.5,-7.9,-2.1));
#2641 = DIRECTION('',(1.,-0.,0.));
#2642 = DIRECTION('',(0.,0.,-1.));
#2643 = ADVANCED_FACE('',(#2644),#2652,.T.);
#2644 = FACE_BOUND('',#2645,.T.);
#2645 = EDGE_LOOP('',(#2646,#2647,#2648,#2649,#2650,#2651));
#2646 = ORIENTED_EDGE('',*,*,#1703,.T.);
#2647 = ORIENTED_EDGE('',*,*,#693,.F.);
#2648 = ORIENTED_EDGE('',*,*,#648,.T.);
#2649 = ORIENTED_EDGE('',*,*,#633,.T.);
#2650 = ORIENTED_EDGE('',*,*,#1167,.F.);
#2651 = ORIENTED_EDGE('',*,*,#2505,.F.);
#2652 = PLANE('',#2653);
#2653 = AXIS2_PLACEMENT_3D('',#2654,#2655,#2656);
#2654 = CARTESIAN_POINT('',(-317.5,-7.9,-2.1));
#2655 = DIRECTION('',(-1.,-0.,0.));
#2656 = DIRECTION('',(0.,0.,1.));
#2657 = ADVANCED_FACE('',(#2658),#2666,.T.);
#2658 = FACE_BOUND('',#2659,.T.);
#2659 = EDGE_LOOP('',(#2660,#2661,#2662,#2663,#2664,#2665));
#2660 = ORIENTED_EDGE('',*,*,#442,.F.);
#2661 = ORIENTED_EDGE('',*,*,#537,.T.);
#2662 = ORIENTED_EDGE('',*,*,#679,.F.);
#2663 = ORIENTED_EDGE('',*,*,#563,.T.);
#2664 = ORIENTED_EDGE('',*,*,#610,.T.);
#2665 = ORIENTED_EDGE('',*,*,#457,.F.);
#2666 = PLANE('',#2667);
#2667 = AXIS2_PLACEMENT_3D('',#2668,#2669,#2670);
#2668 = CARTESIAN_POINT('',(317.5,-7.9,-17.9));
#2669 = DIRECTION('',(1.,0.,0.));
#2670 = DIRECTION('',(0.,0.,-1.));
#2671 = ADVANCED_FACE('',(#2672),#2680,.T.);
#2672 = FACE_BOUND('',#2673,.T.);
#2673 = EDGE_LOOP('',(#2674,#2675,#2676,#2677,#2678,#2679));
#2674 = ORIENTED_EDGE('',*,*,#686,.T.);
#2675 = ORIENTED_EDGE('',*,*,#521,.F.);
#2676 = ORIENTED_EDGE('',*,*,#497,.T.);
#2677 = ORIENTED_EDGE('',*,*,#473,.T.);
#2678 = ORIENTED_EDGE('',*,*,#603,.F.);
#2679 = ORIENTED_EDGE('',*,*,#664,.F.);
#2680 = PLANE('',#2681);
#2681 = AXIS2_PLACEMENT_3D('',#2682,#2683,#2684);
#2682 = CARTESIAN_POINT('',(-317.5,-7.9,-17.9));
#2683 = DIRECTION('',(-1.,0.,-0.));
#2684 = DIRECTION('',(0.,0.,1.));
#2685 = ADVANCED_FACE('',(#2686),#2694,.T.);
#2686 = FACE_BOUND('',#2687,.T.);
#2687 = EDGE_LOOP('',(#2688,#2689,#2690,#2691,#2692,#2693));
#2688 = ORIENTED_EDGE('',*,*,#241,.F.);
#2689 = ORIENTED_EDGE('',*,*,#371,.T.);
#2690 = ORIENTED_EDGE('',*,*,#1609,.F.);
#2691 = ORIENTED_EDGE('',*,*,#2318,.T.);
#2692 = ORIENTED_EDGE('',*,*,#1087,.T.);
#2693 = ORIENTED_EDGE('',*,*,#279,.F.);
#2694 = PLANE('',#2695);
#2695 = AXIS2_PLACEMENT_3D('',#2696,#2697,#2698);
#2696 = CARTESIAN_POINT('',(-317.5,7.9,-2.1));
#2697 = DIRECTION('',(-1.,0.,0.));
#2698 = DIRECTION('',(0.,0.,1.));
#2699 = ADVANCED_FACE('',(#2700),#2708,.T.);
#2700 = FACE_BOUND('',#2701,.T.);
#2701 = EDGE_LOOP('',(#2702,#2703,#2704,#2705,#2706,#2707));
#2702 = ORIENTED_EDGE('',*,*,#1616,.T.);
#2703 = ORIENTED_EDGE('',*,*,#355,.F.);
#2704 = ORIENTED_EDGE('',*,*,#310,.T.);
#2705 = ORIENTED_EDGE('',*,*,#295,.T.);
#2706 = ORIENTED_EDGE('',*,*,#1080,.F.);
#2707 = ORIENTED_EDGE('',*,*,#2347,.F.);
#2708 = PLANE('',#2709);
#2709 = AXIS2_PLACEMENT_3D('',#2710,#2711,#2712);
#2710 = CARTESIAN_POINT('',(317.5,7.9,-2.1));
#2711 = DIRECTION('',(1.,0.,-0.));
#2712 = DIRECTION('',(-0.,0.,-1.));
#2713 = ADVANCED_FACE('',(#2714),#2722,.T.);
#2714 = FACE_BOUND('',#2715,.T.);
#2715 = EDGE_LOOP('',(#2716,#2717,#2718,#2719,#2720,#2721));
#2716 = ORIENTED_EDGE('',*,*,#104,.F.);
#2717 = ORIENTED_EDGE('',*,*,#199,.T.);
#2718 = ORIENTED_EDGE('',*,*,#341,.F.);
#2719 = ORIENTED_EDGE('',*,*,#225,.T.);
#2720 = ORIENTED_EDGE('',*,*,#272,.T.);
#2721 = ORIENTED_EDGE('',*,*,#119,.F.);
#2722 = PLANE('',#2723);
#2723 = AXIS2_PLACEMENT_3D('',#2724,#2725,#2726);
#2724 = CARTESIAN_POINT('',(-317.5,7.9,-17.9));
#2725 = DIRECTION('',(-1.,0.,0.));
#2726 = DIRECTION('',(0.,0.,1.));
#2727 = ADVANCED_FACE('',(#2728),#2736,.T.);
#2728 = FACE_BOUND('',#2729,.T.);
#2729 = EDGE_LOOP('',(#2730,#2731,#2732,#2733,#2734,#2735));
#2730 = ORIENTED_EDGE('',*,*,#348,.T.);
#2731 = ORIENTED_EDGE('',*,*,#183,.F.);
#2732 = ORIENTED_EDGE('',*,*,#159,.T.);
#2733 = ORIENTED_EDGE('',*,*,#135,.T.);
#2734 = ORIENTED_EDGE('',*,*,#265,.F.);
#2735 = ORIENTED_EDGE('',*,*,#326,.F.);
#2736 = PLANE('',#2737);
#2737 = AXIS2_PLACEMENT_3D('',#2738,#2739,#2740);
#2738 = CARTESIAN_POINT('',(317.5,7.9,-17.9));
#2739 = DIRECTION('',(1.,0.,0.));
#2740 = DIRECTION('',(0.,0.,-1.));
#2741 = ( GEOMETRIC_REPRESENTATION_CONTEXT(3) 
GLOBAL_UNCERTAINTY_ASSIGNED_CONTEXT((#2745)) 
GLOBAL_UNIT_ASSIGNED_CONTEXT((#2742,#2743,#2744)) REPRESENTATION_CONTEXT
('Context #1','3D Context with UNIT and UNCERTAINTY') );
#2742 = ( LENGTH_UNIT() NAMED_UNIT(*) SI_UNIT(.MILLI.,.METRE.) );
#2743 = ( NAMED_UNIT(*) PLANE_ANGLE_UNIT() SI_UNIT($,.RADIAN.) );
#2744 = ( NAMED_UNIT(*) SI_UNIT($,.STERADIAN.) SOLID_ANGLE_UNIT() );
#2745 = UNCERTAINTY_MEASURE_WITH_UNIT(LENGTH_MEASURE(2.E-06),#2742,
  'distance_accuracy_value','confusion accuracy');
#2746 = CONTEXT_DEPENDENT_SHAPE_REPRESENTATION(#2747,#2749);
#2747 = ( REPRESENTATION_RELATIONSHIP('','',#40,#10) 
REPRESENTATION_RELATIONSHIP_WITH_TRANSFORMATION(#2748) 
SHAPE_REPRESENTATION_RELATIONSHIP() );
#2748 = ITEM_DEFINED_TRANSFORMATION('','',#11,#15);
#2749 = PRODUCT_DEFINITION_SHAPE('Placement','Placement of an item',
  #2750);
#2750 = NEXT_ASSEMBLY_USAGE_OCCURRENCE('194','Solid1','',#5,#35,$);
#2751 = PRODUCT_RELATED_PRODUCT_CATEGORY('part',$,(#37));
#2752 = SHAPE_DEFINITION_REPRESENTATION(#2753,#2759);
#2753 = PRODUCT_DEFINITION_SHAPE('','',#2754);
#2754 = PRODUCT_DEFINITION('design','',#2755,#2758);
#2755 = PRODUCT_DEFINITION_FORMATION('','',#2756);
#2756 = PRODUCT('Solid2','Solid2','',(#2757));
#2757 = PRODUCT_CONTEXT('',#2,'mechanical');
#2758 = PRODUCT_DEFINITION_CONTEXT('part definition',#2,'design');
#2759 = ADVANCED_BREP_SHAPE_REPRESENTATION('',(#11,#2760),#3484);
#2760 = MANIFOLD_SOLID_BREP('',#2761);
#2761 = CLOSED_SHELL('',(#2762,#3095,#3136,#3164,#3188,#3209,#3226,#3247
    ,#3349,#3365,#3381,#3397,#3413,#3429,#3445,#3467));
#2762 = ADVANCED_FACE('',(#2763,#2774),#3090,.T.);
#2763 = FACE_BOUND('',#2764,.T.);
#2764 = EDGE_LOOP('',(#2765));
#2765 = ORIENTED_EDGE('',*,*,#2766,.T.);
#2766 = EDGE_CURVE('',#2767,#2767,#2769,.T.);
#2767 = VERTEX_POINT('',#2768);
#2768 = CARTESIAN_POINT('',(1.424271237135,0.,4.556291390728));
#2769 = CIRCLE('',#2770,4.556291390728);
#2770 = AXIS2_PLACEMENT_3D('',#2771,#2772,#2773);
#2771 = CARTESIAN_POINT('',(1.424271237135,0.,0.));
#2772 = DIRECTION('',(-1.,0.,-0.));
#2773 = DIRECTION('',(-0.,0.,1.));
#2774 = FACE_BOUND('',#2775,.T.);
#2775 = EDGE_LOOP('',(#2776,#2935));
#2776 = ORIENTED_EDGE('',*,*,#2777,.T.);
#2777 = EDGE_CURVE('',#2778,#2780,#2782,.T.);
#2778 = VERTEX_POINT('',#2779);
#2779 = CARTESIAN_POINT('',(0.322923733608,2.25,-3.893784704046E-18));
#2780 = VERTEX_POINT('',#2781);
#2781 = CARTESIAN_POINT('',(0.141896246393,-1.299038105677,0.75));
#2782 = B_SPLINE_CURVE_WITH_KNOTS('',3,(#2783,#2784,#2785,#2786,#2787,
    #2788,#2789,#2790,#2791,#2792,#2793,#2794,#2795,#2796,#2797,#2798,
    #2799,#2800,#2801,#2802,#2803,#2804,#2805,#2806,#2807,#2808,#2809,
    #2810,#2811,#2812,#2813,#2814,#2815,#2816,#2817,#2818,#2819,#2820,
    #2821,#2822,#2823,#2824,#2825,#2826,#2827,#2828,#2829,#2830,#2831,
    #2832,#2833,#2834,#2835,#2836,#2837,#2838,#2839,#2840,#2841,#2842,
    #2843,#2844,#2845,#2846,#2847,#2848,#2849,#2850,#2851,#2852,#2853,
    #2854,#2855,#2856,#2857,#2858,#2859,#2860,#2861,#2862,#2863,#2864,
    #2865,#2866,#2867,#2868,#2869,#2870,#2871,#2872,#2873,#2874,#2875,
    #2876,#2877,#2878,#2879,#2880,#2881,#2882,#2883,#2884,#2885,#2886,
    #2887,#2888,#2889,#2890,#2891,#2892,#2893,#2894,#2895,#2896,#2897,
    #2898,#2899,#2900,#2901,#2902,#2903,#2904,#2905,#2906,#2907,#2908,
    #2909,#2910,#2911,#2912,#2913,#2914,#2915,#2916,#2917,#2918,#2919,
    #2920,#2921,#2922,#2923,#2924,#2925,#2926,#2927,#2928,#2929,#2930,
    #2931,#2932,#2933,#2934),.UNSPECIFIED.,.T.,.F.,(1,3,2,2,2,2,2,2,2,2,
    2,2,2,2,2,2,2,2,2,2,2,2,2,2,2,2,2,2,2,2,2,2,2,2,2,2,2,2,2,2,2,2,2,2,
    2,2,2,2,2,2,2,2,2,2,2,2,2,2,2,2,2,2,2,2,2,2,2,2,2,2,2,2,2,2,2,2,3,1)
  ,(-5.831818251444E-05,0.,5.831818251444E-05,1.166363650289E-04,
    2.332727300578E-04,4.665454601155E-04,9.330909202311E-04,
    1.166363650289E-03,1.399636380347E-03,1.632909110404E-03,
    1.866181840462E-03,2.09945457052E-03,2.332727300578E-03,
    2.449363665607E-03,2.507681848121E-03,2.566000030636E-03,
    2.682636395664E-03,2.799272760693E-03,3.265818220809E-03,
    3.499090950867E-03,3.732363680924E-03,3.965636410982E-03,
    4.19890914104E-03,4.665454601155E-03,4.898727331213E-03,
    5.015363696242E-03,5.073681878757E-03,5.132000061271E-03,
    5.2486364263E-03,5.365272791329E-03,5.598545521387E-03,
    6.065090981502E-03,6.29836371156E-03,6.531636441618E-03,
    6.998181901733E-03,7.231454631791E-03,7.464727361849E-03,
    7.523045544363E-03,7.581363726878E-03,7.639681909392E-03,
    7.698000091907E-03,7.814636456935E-03,7.931272821964E-03,
    8.39781828208E-03,8.631091012138E-03,8.864363742195E-03,
    9.097636472253E-03,9.330909202311E-03,9.797454662426E-03,
    9.914091027455E-03,1.003072739248E-02,1.0089045575E-02,
    1.014736375751E-02,1.026400012254E-02,1.04972728526E-02,
    1.073054558266E-02,1.119709104277E-02,1.143036377283E-02,
    1.166363650289E-02,1.2130181963E-02,1.236345469306E-02,
    1.242177287558E-02,1.248009105809E-02,1.253840924061E-02,
    1.259672742312E-02,1.271336378815E-02,1.283000015318E-02,
    1.306327288324E-02,1.329654561329E-02,1.352981834335E-02,
    1.376309107341E-02,1.399636380347E-02,1.446290926358E-02,
    1.469618199364E-02,1.481281835867E-02,1.487113654118E-02,
    1.49294547237E-02,1.498777290621E-02),.UNSPECIFIED.);
#2783 = CARTESIAN_POINT('',(0.322923733608,2.25,3.388131789017E-18));
#2784 = CARTESIAN_POINT('',(0.322923726537,2.249999975875,
    1.978204624434E-02));
#2785 = CARTESIAN_POINT('',(0.319923294749,2.239507323067,
    3.751573113189E-02));
#2786 = CARTESIAN_POINT('',(0.313012337353,2.21497624648,
    6.692966862432E-02));
#2787 = CARTESIAN_POINT('',(0.309028240993,2.200691584079,
    7.927410941173E-02));
#2788 = CARTESIAN_POINT('',(0.296712259611,2.155885921702,0.114068415356
    ));
#2789 = CARTESIAN_POINT('',(0.288059213477,2.12357127008,0.133810350738)
  );
#2790 = CARTESIAN_POINT('',(0.262740978541,2.025931303939,0.190757862729
    ));
#2791 = CARTESIAN_POINT('',(0.246422095046,1.958862248851,0.225509748905
    ));
#2792 = CARTESIAN_POINT('',(0.201469050266,1.759266266127,0.334308795857
    ));
#2793 = CARTESIAN_POINT('',(0.17655846321,1.627606349353,0.410712778553)
  );
#2794 = CARTESIAN_POINT('',(0.152020050481,1.450126140458,0.558883809336
    ));
#2795 = CARTESIAN_POINT('',(0.14617450848,1.395522266356,0.613100788907)
  );
#2796 = CARTESIAN_POINT('',(0.140803057242,1.30268632578,0.73619397992)
  );
#2797 = CARTESIAN_POINT('',(0.141666296814,1.266310845116,0.805557201379
    ));
#2798 = CARTESIAN_POINT('',(0.149688114844,1.215056487531,0.949797446651
    ));
#2799 = CARTESIAN_POINT('',(0.156754003047,1.198625021777,1.025985376807
    ));
#2800 = CARTESIAN_POINT('',(0.174782691442,1.177945818673,1.176551497846
    ));
#2801 = CARTESIAN_POINT('',(0.18579598807,1.173401570119,1.251865505142)
  );
#2802 = CARTESIAN_POINT('',(0.210934691548,1.170324238384,1.402364298432
    ));
#2803 = CARTESIAN_POINT('',(0.225085022229,1.171923429848,1.477553005744
    ));
#2804 = CARTESIAN_POINT('',(0.255761738486,1.176213662707,1.627625721824
    ));
#2805 = CARTESIAN_POINT('',(0.27237867907,1.179638463091,1.702410964955)
  );
#2806 = CARTESIAN_POINT('',(0.297638317849,1.175766797856,1.814570823533
    ));
#2807 = CARTESIAN_POINT('',(0.306218069836,1.173584748849,1.851999511114
    ));
#2808 = CARTESIAN_POINT('',(0.317332265654,1.158360045151,1.90661727272)
  );
#2809 = CARTESIAN_POINT('',(0.320807101009,1.151208692388,1.924860687547
    ));
#2810 = CARTESIAN_POINT('',(0.323756933971,1.124216668588,1.952383920522
    ));
#2811 = CARTESIAN_POINT('',(0.322170226696,1.103880561487,1.957739910832
    ));
#2812 = CARTESIAN_POINT('',(0.313458040879,1.047067277769,1.955043310989
    ));
#2813 = CARTESIAN_POINT('',(0.304669485806,1.012242354643,1.938739596274
    ));
#2814 = CARTESIAN_POINT('',(0.288001113362,0.945291278822,1.906031243201
    ));
#2815 = CARTESIAN_POINT('',(0.27952808082,0.912894220919,1.887431357227)
  );
#2816 = CARTESIAN_POINT('',(0.238238311138,0.75249978521,1.792248260009)
  );
#2817 = CARTESIAN_POINT('',(0.208446098215,0.627237775555,1.709290831993
    ));
#2818 = CARTESIAN_POINT('',(0.174120010219,0.424892254683,1.60652500834)
  );
#2819 = CARTESIAN_POINT('',(0.164443663573,0.355862507526,1.575821901699
    ));
#2820 = CARTESIAN_POINT('',(0.149615025003,0.212357347236,1.527139807899
    ));
#2821 = CARTESIAN_POINT('',(0.144458336961,0.136976124099,1.509125584494
    ));
#2822 = CARTESIAN_POINT('',(0.140805553125,-1.418225833019E-02,
    1.496201462984));
#2823 = CARTESIAN_POINT('',(0.142547909909,-9.184517291648E-02,
    1.502598779813));
#2824 = CARTESIAN_POINT('',(0.151865575428,-0.240375183094,
    1.534535044287));
#2825 = CARTESIAN_POINT('',(0.15924414931,-0.3119367361,1.559201838642)
  );
#2826 = CARTESIAN_POINT('',(0.187617227059,-0.521706207359,
    1.648625756987));
#2827 = CARTESIAN_POINT('',(0.214183616311,-0.650100003105,
    1.726752092643));
#2828 = CARTESIAN_POINT('',(0.260648260248,-0.840636330967,
    1.844335950543));
#2829 = CARTESIAN_POINT('',(0.277443352236,-0.903554983843,
    1.884536304296));
#2830 = CARTESIAN_POINT('',(0.302392387669,-1.002826911697,1.93458463216
    ));
#2831 = CARTESIAN_POINT('',(0.311039551898,-1.036899752725,
    1.950950250439));
#2832 = CARTESIAN_POINT('',(0.320815327002,-1.093301668474,
    1.958362685267));
#2833 = CARTESIAN_POINT('',(0.32337930712,-1.113737662936,1.956900657737
    ));
#2834 = CARTESIAN_POINT('',(0.322319698759,-1.145348713703,
    1.934367737636));
#2835 = CARTESIAN_POINT('',(0.319146867786,-1.15432378006,1.916351324526
    ));
#2836 = CARTESIAN_POINT('',(0.308591276563,-1.172455610747,
    1.862541864581));
#2837 = CARTESIAN_POINT('',(0.300040456584,-1.174955847304,
    1.825256666104));
#2838 = CARTESIAN_POINT('',(0.283273515171,-1.178301118648,
    1.750770956651));
#2839 = CARTESIAN_POINT('',(0.274881696832,-1.178032142618,
    1.713547028041));
#2840 = CARTESIAN_POINT('',(0.25034009032,-1.17599762457,1.601756738228)
  );
#2841 = CARTESIAN_POINT('',(0.234807664051,-1.172880793603,
    1.527076335794));
#2842 = CARTESIAN_POINT('',(0.192306620671,-1.169458423705,
    1.302146348191));
#2843 = CARTESIAN_POINT('',(0.169232463869,-1.173597292281,
    1.150953946494));
#2844 = CARTESIAN_POINT('',(0.148258890407,-1.221233573457,
    0.929777691745));
#2845 = CARTESIAN_POINT('',(0.143524538095,-1.244903396021,
    0.855446297795));
#2846 = CARTESIAN_POINT('',(0.140963904282,-1.312893817345,
    0.719472715208));
#2847 = CARTESIAN_POINT('',(0.143256221848,-1.358413626398,
    0.657404477226));
#2848 = CARTESIAN_POINT('',(0.158730572018,-1.515866859594,
    0.490107653636));
#2849 = CARTESIAN_POINT('',(0.179387847756,-1.642305102834,
    0.405340997371));
#2850 = CARTESIAN_POINT('',(0.218963311455,-1.837553275322,
    0.291078107312));
#2851 = CARTESIAN_POINT('',(0.233638389403,-1.903733433711,
    0.255514471369));
#2852 = CARTESIAN_POINT('',(0.265138459112,-2.035626362885,
    0.184400521375));
#2853 = CARTESIAN_POINT('',(0.282215858707,-2.102174931926,
    0.149894899975));
#2854 = CARTESIAN_POINT('',(0.302895888618,-2.178435378087,
    9.679928002368E-02));
#2855 = CARTESIAN_POINT('',(0.306983664993,-2.193294077692,
    8.560708034622E-02));
#2856 = CARTESIAN_POINT('',(0.314710144131,-2.221047849754,
    6.028345135576E-02));
#2857 = CARTESIAN_POINT('',(0.318540332173,-2.234604497003,
    4.596311566713E-02));
#2858 = CARTESIAN_POINT('',(0.323372993051,-2.251595019823,
    1.049558869367E-02));
#2859 = CARTESIAN_POINT('',(0.323333504087,-2.251456588465,
    -1.08769942267E-02));
#2860 = CARTESIAN_POINT('',(0.318536074604,-2.23458912193,
    -4.590193027505E-02));
#2861 = CARTESIAN_POINT('',(0.314732925192,-2.221131865803,
    -6.023918083561E-02));
#2862 = CARTESIAN_POINT('',(0.302856030058,-2.178463042249,
    -9.907381524182E-02));
#2863 = CARTESIAN_POINT('',(0.294190276571,-2.146566834736,
    -0.119389921025));
#2864 = CARTESIAN_POINT('',(0.277150880202,-2.08180998844,
    -0.158667160392));
#2865 = CARTESIAN_POINT('',(0.268677623724,-2.048612153862,
    -0.177077580682));
#2866 = CARTESIAN_POINT('',(0.227512476804,-1.881692159821,
    -0.268132274134));
#2867 = CARTESIAN_POINT('',(0.198608182004,-1.745745317862,
    -0.338518317501));
#2868 = CARTESIAN_POINT('',(0.166612953814,-1.55681440938,
    -0.469425388533));
#2869 = CARTESIAN_POINT('',(0.157778609524,-1.496157131847,
    -0.517000752764));
#2870 = CARTESIAN_POINT('',(0.145187718824,-1.383872905809,
    -0.626922712008));
#2871 = CARTESIAN_POINT('',(0.141597383648,-1.33285677251,-0.68937531248
    ));
#2872 = CARTESIAN_POINT('',(0.142205843312,-1.255778164996,
    -0.827242026013));
#2873 = CARTESIAN_POINT('',(0.146353502264,-1.228823630997,
    -0.903581342182));
#2874 = CARTESIAN_POINT('',(0.159859761295,-1.192481104098,
    -1.056607743321));
#2875 = CARTESIAN_POINT('',(0.169288603449,-1.18232879001,
    -1.135068485162));
#2876 = CARTESIAN_POINT('',(0.203362503087,-1.165849323501,
    -1.370594883879));
#2877 = CARTESIAN_POINT('',(0.23379043243,-1.17486967235,-1.526748137104
    ));
#2878 = CARTESIAN_POINT('',(0.276509972357,-1.178100438503,
    -1.720860759613));
#2879 = CARTESIAN_POINT('',(0.285302913214,-1.178280836402,
    -1.759738699577));
#2880 = CARTESIAN_POINT('',(0.302696247482,-1.173924788637,
    -1.837115318421));
#2881 = CARTESIAN_POINT('',(0.311801990993,-1.171198593588,
    -1.876571246223));
#2882 = CARTESIAN_POINT('',(0.321582033841,-1.146586172626,
    -1.930710047901));
#2883 = CARTESIAN_POINT('',(0.323770029924,-1.132830980799,
    -1.947460084712));
#2884 = CARTESIAN_POINT('',(0.321289007354,-1.094151296164,
    -1.959756055896));
#2885 = CARTESIAN_POINT('',(0.317672074872,-1.073787688417,
    -1.956839439471));
#2886 = CARTESIAN_POINT('',(0.306137481723,-1.016476776742,
    -1.942386747187));
#2887 = CARTESIAN_POINT('',(0.297170304042,-0.981690081588,
    -1.924650767722));
#2888 = CARTESIAN_POINT('',(0.270972840995,-0.879116837468,
    -1.869657197751));
#2889 = CARTESIAN_POINT('',(0.253699508266,-0.813434700044,
    -1.827432252721));
#2890 = CARTESIAN_POINT('',(0.222048908454,-0.680318446824,
    -1.745565692315));
#2891 = CARTESIAN_POINT('',(0.207527794426,-0.613196605498,
    -1.705197925106));
#2892 = CARTESIAN_POINT('',(0.169159086215,-0.405827124592,
    -1.593288231815));
#2893 = CARTESIAN_POINT('',(0.149838523106,-0.256732186332,
    -1.527914213744));
#2894 = CARTESIAN_POINT('',(0.140774668302,-1.963528697614E-02,
    -1.496181392559));
#2895 = CARTESIAN_POINT('',(0.14153554074,6.235495620656E-02,
    -1.498986805478));
#2896 = CARTESIAN_POINT('',(0.14988600764,0.218400348977,-1.527849742458
    ));
#2897 = CARTESIAN_POINT('',(0.157310588538,0.295086658376,-1.55291265237
    ));
#2898 = CARTESIAN_POINT('',(0.186104738494,0.514989058764,
    -1.644199287677));
#2899 = CARTESIAN_POINT('',(0.213801372235,0.649027777802,
    -1.726085941904));
#2900 = CARTESIAN_POINT('',(0.262648416664,0.848576606193,
    -1.849238470512));
#2901 = CARTESIAN_POINT('',(0.280353992427,0.914117487725,
    -1.891511019346));
#2902 = CARTESIAN_POINT('',(0.302058672691,1.001893299492,
    -1.933470089691));
#2903 = CARTESIAN_POINT('',(0.306364637189,1.019785004925,
    -1.941242345141));
#2904 = CARTESIAN_POINT('',(0.314546729891,1.057428204041,
    -1.953474346135));
#2905 = CARTESIAN_POINT('',(0.318542849,1.077389969913,-1.958278577908)
  );
#2906 = CARTESIAN_POINT('',(0.323438234413,1.117366658648,-1.95507015421
    ));
#2907 = CARTESIAN_POINT('',(0.323250914067,1.136460793191,
    -1.943292971579));
#2908 = CARTESIAN_POINT('',(0.318059993046,1.158174050182,
    -1.909669561798));
#2909 = CARTESIAN_POINT('',(0.314071067845,1.163680863991,
    -1.890170519443));
#2910 = CARTESIAN_POINT('',(0.301837993805,1.175479715885,
    -1.832526765868));
#2911 = CARTESIAN_POINT('',(0.29277477577,1.177001505282,-1.793028567423
    ));
#2912 = CARTESIAN_POINT('',(0.275203347945,1.178274127867,
    -1.714873583687));
#2913 = CARTESIAN_POINT('',(0.266506120944,1.177475832888,
    -1.675776907545));
#2914 = CARTESIAN_POINT('',(0.241213494416,1.174440080945,
    -1.558314182122));
#2915 = CARTESIAN_POINT('',(0.225396011216,1.171496945174,
    -1.479703089231));
#2916 = CARTESIAN_POINT('',(0.197016047417,1.171023442166,
    -1.322323349591));
#2917 = CARTESIAN_POINT('',(0.184415395487,1.17327027582,-1.243559271165
    ));
#2918 = CARTESIAN_POINT('',(0.163280932931,1.188494365106,
    -1.086131170384));
#2919 = CARTESIAN_POINT('',(0.154649917158,1.201611091087,
    -1.006491219354));
#2920 = CARTESIAN_POINT('',(0.143431820996,1.246192017072,
    -0.853084765105));
#2921 = CARTESIAN_POINT('',(0.140851365965,1.278177524714,
    -0.778809406846));
#2922 = CARTESIAN_POINT('',(0.143725726505,1.367465667938,
    -0.644586158223));
#2923 = CARTESIAN_POINT('',(0.148799526492,1.421817790531,
    -0.586167432322));
#2924 = CARTESIAN_POINT('',(0.172044355925,1.602240045603,
    -0.426573703192));
#2925 = CARTESIAN_POINT('',(0.197264283053,1.738809981122,
    -0.345918262874));
#2926 = CARTESIAN_POINT('',(0.243397632255,1.94618664635,-0.232224701847
    ));
#2927 = CARTESIAN_POINT('',(0.260247904269,2.015989286793,
    -0.196146538696));
#2928 = CARTESIAN_POINT('',(0.286523658718,2.117788484467,
    -0.137356691344));
#2929 = CARTESIAN_POINT('',(0.295499581338,2.151412566818,-0.11708645059
    ));
#2930 = CARTESIAN_POINT('',(0.308335811387,2.19819888093,
    -8.14044358418E-02));
#2931 = CARTESIAN_POINT('',(0.31249710358,2.213137483321,
    -6.875733512617E-02));
#2932 = CARTESIAN_POINT('',(0.31974279767,2.238875619411,
    -3.861528881186E-02));
#2933 = CARTESIAN_POINT('',(0.322923740679,2.250000024125,
    -1.978204624434E-02));
#2934 = CARTESIAN_POINT('',(0.322923733608,2.25,3.388131789017E-18));
#2935 = ORIENTED_EDGE('',*,*,#2936,.T.);
#2936 = EDGE_CURVE('',#2780,#2778,#2937,.T.);
#2937 = B_SPLINE_CURVE_WITH_KNOTS('',3,(#2938,#2939,#2940,#2941,#2942,
    #2943,#2944,#2945,#2946,#2947,#2948,#2949,#2950,#2951,#2952,#2953,
    #2954,#2955,#2956,#2957,#2958,#2959,#2960,#2961,#2962,#2963,#2964,
    #2965,#2966,#2967,#2968,#2969,#2970,#2971,#2972,#2973,#2974,#2975,
    #2976,#2977,#2978,#2979,#2980,#2981,#2982,#2983,#2984,#2985,#2986,
    #2987,#2988,#2989,#2990,#2991,#2992,#2993,#2994,#2995,#2996,#2997,
    #2998,#2999,#3000,#3001,#3002,#3003,#3004,#3005,#3006,#3007,#3008,
    #3009,#3010,#3011,#3012,#3013,#3014,#3015,#3016,#3017,#3018,#3019,
    #3020,#3021,#3022,#3023,#3024,#3025,#3026,#3027,#3028,#3029,#3030,
    #3031,#3032,#3033,#3034,#3035,#3036,#3037,#3038,#3039,#3040,#3041,
    #3042,#3043,#3044,#3045,#3046,#3047,#3048,#3049,#3050,#3051,#3052,
    #3053,#3054,#3055,#3056,#3057,#3058,#3059,#3060,#3061,#3062,#3063,
    #3064,#3065,#3066,#3067,#3068,#3069,#3070,#3071,#3072,#3073,#3074,
    #3075,#3076,#3077,#3078,#3079,#3080,#3081,#3082,#3083,#3084,#3085,
    #3086,#3087,#3088,#3089),.UNSPECIFIED.,.T.,.F.,(1,3,2,2,2,2,2,2,2,2,
    2,2,2,2,2,2,2,2,2,2,2,2,2,2,2,2,2,2,2,2,2,2,2,2,2,2,2,2,2,2,2,2,2,2,
    2,2,2,2,2,2,2,2,2,2,2,2,2,2,2,2,2,2,2,2,2,2,2,2,2,2,2,2,2,2,2,2,3,1)
  ,(-5.831818251444E-05,0.,5.831818251444E-05,1.166363650289E-04,
    2.332727300578E-04,4.665454601155E-04,9.330909202311E-04,
    1.166363650289E-03,1.399636380347E-03,1.632909110404E-03,
    1.866181840462E-03,2.09945457052E-03,2.332727300578E-03,
    2.449363665607E-03,2.507681848121E-03,2.566000030636E-03,
    2.682636395664E-03,2.799272760693E-03,3.265818220809E-03,
    3.499090950867E-03,3.732363680924E-03,3.965636410982E-03,
    4.19890914104E-03,4.665454601155E-03,4.898727331213E-03,
    5.015363696242E-03,5.073681878757E-03,5.132000061271E-03,
    5.2486364263E-03,5.365272791329E-03,5.598545521387E-03,
    6.065090981502E-03,6.29836371156E-03,6.531636441618E-03,
    6.998181901733E-03,7.231454631791E-03,7.464727361849E-03,
    7.523045544363E-03,7.581363726878E-03,7.639681909392E-03,
    7.698000091907E-03,7.814636456935E-03,7.931272821964E-03,
    8.39781828208E-03,8.631091012138E-03,8.864363742195E-03,
    9.097636472253E-03,9.330909202311E-03,9.797454662426E-03,
    9.914091027455E-03,1.003072739248E-02,1.0089045575E-02,
    1.014736375751E-02,1.026400012254E-02,1.04972728526E-02,
    1.073054558266E-02,1.119709104277E-02,1.143036377283E-02,
    1.166363650289E-02,1.2130181963E-02,1.236345469306E-02,
    1.242177287558E-02,1.248009105809E-02,1.253840924061E-02,
    1.259672742312E-02,1.271336378815E-02,1.283000015318E-02,
    1.306327288324E-02,1.329654561329E-02,1.352981834335E-02,
    1.376309107341E-02,1.399636380347E-02,1.446290926358E-02,
    1.469618199364E-02,1.481281835867E-02,1.487113654118E-02,
    1.49294547237E-02,1.498777290621E-02),.UNSPECIFIED.);
#2938 = CARTESIAN_POINT('',(0.322923733608,2.25,3.388131789017E-18));
#2939 = CARTESIAN_POINT('',(0.322923726537,2.249999975875,
    1.978204624434E-02));
#2940 = CARTESIAN_POINT('',(0.319923294749,2.239507323067,
    3.751573113189E-02));
#2941 = CARTESIAN_POINT('',(0.313012337353,2.21497624648,
    6.692966862432E-02));
#2942 = CARTESIAN_POINT('',(0.309028240993,2.200691584079,
    7.927410941173E-02));
#2943 = CARTESIAN_POINT('',(0.296712259611,2.155885921702,0.114068415356
    ));
#2944 = CARTESIAN_POINT('',(0.288059213477,2.12357127008,0.133810350738)
  );
#2945 = CARTESIAN_POINT('',(0.262740978541,2.025931303939,0.190757862729
    ));
#2946 = CARTESIAN_POINT('',(0.246422095046,1.958862248851,0.225509748905
    ));
#2947 = CARTESIAN_POINT('',(0.201469050266,1.759266266127,0.334308795857
    ));
#2948 = CARTESIAN_POINT('',(0.17655846321,1.627606349353,0.410712778553)
  );
#2949 = CARTESIAN_POINT('',(0.152020050481,1.450126140458,0.558883809336
    ));
#2950 = CARTESIAN_POINT('',(0.14617450848,1.395522266356,0.613100788907)
  );
#2951 = CARTESIAN_POINT('',(0.140803057242,1.30268632578,0.73619397992)
  );
#2952 = CARTESIAN_POINT('',(0.141666296814,1.266310845116,0.805557201379
    ));
#2953 = CARTESIAN_POINT('',(0.149688114844,1.215056487531,0.949797446651
    ));
#2954 = CARTESIAN_POINT('',(0.156754003047,1.198625021777,1.025985376807
    ));
#2955 = CARTESIAN_POINT('',(0.174782691442,1.177945818673,1.176551497846
    ));
#2956 = CARTESIAN_POINT('',(0.18579598807,1.173401570119,1.251865505142)
  );
#2957 = CARTESIAN_POINT('',(0.210934691548,1.170324238384,1.402364298432
    ));
#2958 = CARTESIAN_POINT('',(0.225085022229,1.171923429848,1.477553005744
    ));
#2959 = CARTESIAN_POINT('',(0.255761738486,1.176213662707,1.627625721824
    ));
#2960 = CARTESIAN_POINT('',(0.27237867907,1.179638463091,1.702410964955)
  );
#2961 = CARTESIAN_POINT('',(0.297638317849,1.175766797856,1.814570823533
    ));
#2962 = CARTESIAN_POINT('',(0.306218069836,1.173584748849,1.851999511114
    ));
#2963 = CARTESIAN_POINT('',(0.317332265654,1.158360045151,1.90661727272)
  );
#2964 = CARTESIAN_POINT('',(0.320807101009,1.151208692388,1.924860687547
    ));
#2965 = CARTESIAN_POINT('',(0.323756933971,1.124216668588,1.952383920522
    ));
#2966 = CARTESIAN_POINT('',(0.322170226696,1.103880561487,1.957739910832
    ));
#2967 = CARTESIAN_POINT('',(0.313458040879,1.047067277769,1.955043310989
    ));
#2968 = CARTESIAN_POINT('',(0.304669485806,1.012242354643,1.938739596274
    ));
#2969 = CARTESIAN_POINT('',(0.288001113362,0.945291278822,1.906031243201
    ));
#2970 = CARTESIAN_POINT('',(0.27952808082,0.912894220919,1.887431357227)
  );
#2971 = CARTESIAN_POINT('',(0.238238311138,0.75249978521,1.792248260009)
  );
#2972 = CARTESIAN_POINT('',(0.208446098215,0.627237775555,1.709290831993
    ));
#2973 = CARTESIAN_POINT('',(0.174120010219,0.424892254683,1.60652500834)
  );
#2974 = CARTESIAN_POINT('',(0.164443663573,0.355862507526,1.575821901699
    ));
#2975 = CARTESIAN_POINT('',(0.149615025003,0.212357347236,1.527139807899
    ));
#2976 = CARTESIAN_POINT('',(0.144458336961,0.136976124099,1.509125584494
    ));
#2977 = CARTESIAN_POINT('',(0.140805553125,-1.418225833019E-02,
    1.496201462984));
#2978 = CARTESIAN_POINT('',(0.142547909909,-9.184517291648E-02,
    1.502598779813));
#2979 = CARTESIAN_POINT('',(0.151865575428,-0.240375183094,
    1.534535044287));
#2980 = CARTESIAN_POINT('',(0.15924414931,-0.3119367361,1.559201838642)
  );
#2981 = CARTESIAN_POINT('',(0.187617227059,-0.521706207359,
    1.648625756987));
#2982 = CARTESIAN_POINT('',(0.214183616311,-0.650100003105,
    1.726752092643));
#2983 = CARTESIAN_POINT('',(0.260648260248,-0.840636330967,
    1.844335950543));
#2984 = CARTESIAN_POINT('',(0.277443352236,-0.903554983843,
    1.884536304296));
#2985 = CARTESIAN_POINT('',(0.302392387669,-1.002826911697,1.93458463216
    ));
#2986 = CARTESIAN_POINT('',(0.311039551898,-1.036899752725,
    1.950950250439));
#2987 = CARTESIAN_POINT('',(0.320815327002,-1.093301668474,
    1.958362685267));
#2988 = CARTESIAN_POINT('',(0.32337930712,-1.113737662936,1.956900657737
    ));
#2989 = CARTESIAN_POINT('',(0.322319698759,-1.145348713703,
    1.934367737636));
#2990 = CARTESIAN_POINT('',(0.319146867786,-1.15432378006,1.916351324526
    ));
#2991 = CARTESIAN_POINT('',(0.308591276563,-1.172455610747,
    1.862541864581));
#2992 = CARTESIAN_POINT('',(0.300040456584,-1.174955847304,
    1.825256666104));
#2993 = CARTESIAN_POINT('',(0.283273515171,-1.178301118648,
    1.750770956651));
#2994 = CARTESIAN_POINT('',(0.274881696832,-1.178032142618,
    1.713547028041));
#2995 = CARTESIAN_POINT('',(0.25034009032,-1.17599762457,1.601756738228)
  );
#2996 = CARTESIAN_POINT('',(0.234807664051,-1.172880793603,
    1.527076335794));
#2997 = CARTESIAN_POINT('',(0.192306620671,-1.169458423705,
    1.302146348191));
#2998 = CARTESIAN_POINT('',(0.169232463869,-1.173597292281,
    1.150953946494));
#2999 = CARTESIAN_POINT('',(0.148258890407,-1.221233573457,
    0.929777691745));
#3000 = CARTESIAN_POINT('',(0.143524538095,-1.244903396021,
    0.855446297795));
#3001 = CARTESIAN_POINT('',(0.140963904282,-1.312893817345,
    0.719472715208));
#3002 = CARTESIAN_POINT('',(0.143256221848,-1.358413626398,
    0.657404477226));
#3003 = CARTESIAN_POINT('',(0.158730572018,-1.515866859594,
    0.490107653636));
#3004 = CARTESIAN_POINT('',(0.179387847756,-1.642305102834,
    0.405340997371));
#3005 = CARTESIAN_POINT('',(0.218963311455,-1.837553275322,
    0.291078107312));
#3006 = CARTESIAN_POINT('',(0.233638389403,-1.903733433711,
    0.255514471369));
#3007 = CARTESIAN_POINT('',(0.265138459112,-2.035626362885,
    0.184400521375));
#3008 = CARTESIAN_POINT('',(0.282215858707,-2.102174931926,
    0.149894899975));
#3009 = CARTESIAN_POINT('',(0.302895888618,-2.178435378087,
    9.679928002368E-02));
#3010 = CARTESIAN_POINT('',(0.306983664993,-2.193294077692,
    8.560708034622E-02));
#3011 = CARTESIAN_POINT('',(0.314710144131,-2.221047849754,
    6.028345135576E-02));
#3012 = CARTESIAN_POINT('',(0.318540332173,-2.234604497003,
    4.596311566713E-02));
#3013 = CARTESIAN_POINT('',(0.323372993051,-2.251595019823,
    1.049558869367E-02));
#3014 = CARTESIAN_POINT('',(0.323333504087,-2.251456588465,
    -1.08769942267E-02));
#3015 = CARTESIAN_POINT('',(0.318536074604,-2.23458912193,
    -4.590193027505E-02));
#3016 = CARTESIAN_POINT('',(0.314732925192,-2.221131865803,
    -6.023918083561E-02));
#3017 = CARTESIAN_POINT('',(0.302856030058,-2.178463042249,
    -9.907381524182E-02));
#3018 = CARTESIAN_POINT('',(0.294190276571,-2.146566834736,
    -0.119389921025));
#3019 = CARTESIAN_POINT('',(0.277150880202,-2.08180998844,
    -0.158667160392));
#3020 = CARTESIAN_POINT('',(0.268677623724,-2.048612153862,
    -0.177077580682));
#3021 = CARTESIAN_POINT('',(0.227512476804,-1.881692159821,
    -0.268132274134));
#3022 = CARTESIAN_POINT('',(0.198608182004,-1.745745317862,
    -0.338518317501));
#3023 = CARTESIAN_POINT('',(0.166612953814,-1.55681440938,
    -0.469425388533));
#3024 = CARTESIAN_POINT('',(0.157778609524,-1.496157131847,
    -0.517000752764));
#3025 = CARTESIAN_POINT('',(0.145187718824,-1.383872905809,
    -0.626922712008));
#3026 = CARTESIAN_POINT('',(0.141597383648,-1.33285677251,-0.68937531248
    ));
#3027 = CARTESIAN_POINT('',(0.142205843312,-1.255778164996,
    -0.827242026013));
#3028 = CARTESIAN_POINT('',(0.146353502264,-1.228823630997,
    -0.903581342182));
#3029 = CARTESIAN_POINT('',(0.159859761295,-1.192481104098,
    -1.056607743321));
#3030 = CARTESIAN_POINT('',(0.169288603449,-1.18232879001,
    -1.135068485162));
#3031 = CARTESIAN_POINT('',(0.203362503087,-1.165849323501,
    -1.370594883879));
#3032 = CARTESIAN_POINT('',(0.23379043243,-1.17486967235,-1.526748137104
    ));
#3033 = CARTESIAN_POINT('',(0.276509972357,-1.178100438503,
    -1.720860759613));
#3034 = CARTESIAN_POINT('',(0.285302913214,-1.178280836402,
    -1.759738699577));
#3035 = CARTESIAN_POINT('',(0.302696247482,-1.173924788637,
    -1.837115318421));
#3036 = CARTESIAN_POINT('',(0.311801990993,-1.171198593588,
    -1.876571246223));
#3037 = CARTESIAN_POINT('',(0.321582033841,-1.146586172626,
    -1.930710047901));
#3038 = CARTESIAN_POINT('',(0.323770029924,-1.132830980799,
    -1.947460084712));
#3039 = CARTESIAN_POINT('',(0.321289007354,-1.094151296164,
    -1.959756055896));
#3040 = CARTESIAN_POINT('',(0.317672074872,-1.073787688417,
    -1.956839439471));
#3041 = CARTESIAN_POINT('',(0.306137481723,-1.016476776742,
    -1.942386747187));
#3042 = CARTESIAN_POINT('',(0.297170304042,-0.981690081588,
    -1.924650767722));
#3043 = CARTESIAN_POINT('',(0.270972840995,-0.879116837468,
    -1.869657197751));
#3044 = CARTESIAN_POINT('',(0.253699508266,-0.813434700044,
    -1.827432252721));
#3045 = CARTESIAN_POINT('',(0.222048908454,-0.680318446824,
    -1.745565692315));
#3046 = CARTESIAN_POINT('',(0.207527794426,-0.613196605498,
    -1.705197925106));
#3047 = CARTESIAN_POINT('',(0.169159086215,-0.405827124592,
    -1.593288231815));
#3048 = CARTESIAN_POINT('',(0.149838523106,-0.256732186332,
    -1.527914213744));
#3049 = CARTESIAN_POINT('',(0.140774668302,-1.963528697614E-02,
    -1.496181392559));
#3050 = CARTESIAN_POINT('',(0.14153554074,6.235495620656E-02,
    -1.498986805478));
#3051 = CARTESIAN_POINT('',(0.14988600764,0.218400348977,-1.527849742458
    ));
#3052 = CARTESIAN_POINT('',(0.157310588538,0.295086658376,-1.55291265237
    ));
#3053 = CARTESIAN_POINT('',(0.186104738494,0.514989058764,
    -1.644199287677));
#3054 = CARTESIAN_POINT('',(0.213801372235,0.649027777802,
    -1.726085941904));
#3055 = CARTESIAN_POINT('',(0.262648416664,0.848576606193,
    -1.849238470512));
#3056 = CARTESIAN_POINT('',(0.280353992427,0.914117487725,
    -1.891511019346));
#3057 = CARTESIAN_POINT('',(0.302058672691,1.001893299492,
    -1.933470089691));
#3058 = CARTESIAN_POINT('',(0.306364637189,1.019785004925,
    -1.941242345141));
#3059 = CARTESIAN_POINT('',(0.314546729891,1.057428204041,
    -1.953474346135));
#3060 = CARTESIAN_POINT('',(0.318542849,1.077389969913,-1.958278577908)
  );
#3061 = CARTESIAN_POINT('',(0.323438234413,1.117366658648,-1.95507015421
    ));
#3062 = CARTESIAN_POINT('',(0.323250914067,1.136460793191,
    -1.943292971579));
#3063 = CARTESIAN_POINT('',(0.318059993046,1.158174050182,
    -1.909669561798));
#3064 = CARTESIAN_POINT('',(0.314071067845,1.163680863991,
    -1.890170519443));
#3065 = CARTESIAN_POINT('',(0.301837993805,1.175479715885,
    -1.832526765868));
#3066 = CARTESIAN_POINT('',(0.29277477577,1.177001505282,-1.793028567423
    ));
#3067 = CARTESIAN_POINT('',(0.275203347945,1.178274127867,
    -1.714873583687));
#3068 = CARTESIAN_POINT('',(0.266506120944,1.177475832888,
    -1.675776907545));
#3069 = CARTESIAN_POINT('',(0.241213494416,1.174440080945,
    -1.558314182122));
#3070 = CARTESIAN_POINT('',(0.225396011216,1.171496945174,
    -1.479703089231));
#3071 = CARTESIAN_POINT('',(0.197016047417,1.171023442166,
    -1.322323349591));
#3072 = CARTESIAN_POINT('',(0.184415395487,1.17327027582,-1.243559271165
    ));
#3073 = CARTESIAN_POINT('',(0.163280932931,1.188494365106,
    -1.086131170384));
#3074 = CARTESIAN_POINT('',(0.154649917158,1.201611091087,
    -1.006491219354));
#3075 = CARTESIAN_POINT('',(0.143431820996,1.246192017072,
    -0.853084765105));
#3076 = CARTESIAN_POINT('',(0.140851365965,1.278177524714,
    -0.778809406846));
#3077 = CARTESIAN_POINT('',(0.143725726505,1.367465667938,
    -0.644586158223));
#3078 = CARTESIAN_POINT('',(0.148799526492,1.421817790531,
    -0.586167432322));
#3079 = CARTESIAN_POINT('',(0.172044355925,1.602240045603,
    -0.426573703192));
#3080 = CARTESIAN_POINT('',(0.197264283053,1.738809981122,
    -0.345918262874));
#3081 = CARTESIAN_POINT('',(0.243397632255,1.94618664635,-0.232224701847
    ));
#3082 = CARTESIAN_POINT('',(0.260247904269,2.015989286793,
    -0.196146538696));
#3083 = CARTESIAN_POINT('',(0.286523658718,2.117788484467,
    -0.137356691344));
#3084 = CARTESIAN_POINT('',(0.295499581338,2.151412566818,-0.11708645059
    ));
#3085 = CARTESIAN_POINT('',(0.308335811387,2.19819888093,
    -8.14044358418E-02));
#3086 = CARTESIAN_POINT('',(0.31249710358,2.213137483321,
    -6.875733512617E-02));
#3087 = CARTESIAN_POINT('',(0.31974279767,2.238875619411,
    -3.861528881186E-02));
#3088 = CARTESIAN_POINT('',(0.322923740679,2.250000024125,
    -1.978204624434E-02));
#3089 = CARTESIAN_POINT('',(0.322923733608,2.25,3.388131789017E-18));
#3090 = SPHERICAL_SURFACE('',#3091,8.);
#3091 = AXIS2_PLACEMENT_3D('',#3092,#3093,#3094);
#3092 = CARTESIAN_POINT('',(8.,-5.633375276078E-16,0.));
#3093 = DIRECTION('',(-0.,0.,-1.));
#3094 = DIRECTION('',(0.,1.,0.));
#3095 = ADVANCED_FACE('',(#3096),#3131,.T.);
#3096 = FACE_BOUND('',#3097,.T.);
#3097 = EDGE_LOOP('',(#3098,#3109,#3116,#3123,#3124));
#3098 = ORIENTED_EDGE('',*,*,#3099,.T.);
#3099 = EDGE_CURVE('',#3100,#3102,#3104,.T.);
#3100 = VERTEX_POINT('',#3101);
#3101 = CARTESIAN_POINT('',(15.2,0.,-2.5));
#3102 = VERTEX_POINT('',#3103);
#3103 = CARTESIAN_POINT('',(15.2,-6.123233995737E-16,2.5));
#3104 = CIRCLE('',#3105,2.5);
#3105 = AXIS2_PLACEMENT_3D('',#3106,#3107,#3108);
#3106 = CARTESIAN_POINT('',(15.2,0.,0.));
#3107 = DIRECTION('',(-1.,-0.,-0.));
#3108 = DIRECTION('',(0.,0.,-1.));
#3109 = ORIENTED_EDGE('',*,*,#3110,.T.);
#3110 = EDGE_CURVE('',#3102,#3111,#3113,.T.);
#3111 = VERTEX_POINT('',#3112);
#3112 = CARTESIAN_POINT('',(3.9,0.,2.5));
#3113 = B_SPLINE_CURVE_WITH_KNOTS('',1,(#3114,#3115),.UNSPECIFIED.,.F.,
  .F.,(2,2),(-40.6,-29.3),.PIECEWISE_BEZIER_KNOTS.);
#3114 = CARTESIAN_POINT('',(15.2,0.,2.5));
#3115 = CARTESIAN_POINT('',(3.9,0.,2.5));
#3116 = ORIENTED_EDGE('',*,*,#3117,.T.);
#3117 = EDGE_CURVE('',#3111,#3111,#3118,.T.);
#3118 = CIRCLE('',#3119,2.5);
#3119 = AXIS2_PLACEMENT_3D('',#3120,#3121,#3122);
#3120 = CARTESIAN_POINT('',(3.9,0.,0.));
#3121 = DIRECTION('',(1.,0.,-0.));
#3122 = DIRECTION('',(0.,0.,1.));
#3123 = ORIENTED_EDGE('',*,*,#3110,.F.);
#3124 = ORIENTED_EDGE('',*,*,#3125,.T.);
#3125 = EDGE_CURVE('',#3102,#3100,#3126,.T.);
#3126 = CIRCLE('',#3127,2.5);
#3127 = AXIS2_PLACEMENT_3D('',#3128,#3129,#3130);
#3128 = CARTESIAN_POINT('',(15.2,0.,0.));
#3129 = DIRECTION('',(-1.,-0.,-0.));
#3130 = DIRECTION('',(0.,0.,-1.));
#3131 = CYLINDRICAL_SURFACE('',#3132,2.5);
#3132 = AXIS2_PLACEMENT_3D('',#3133,#3134,#3135);
#3133 = CARTESIAN_POINT('',(-25.4,0.,0.));
#3134 = DIRECTION('',(-1.,-0.,-0.));
#3135 = DIRECTION('',(-0.,0.,1.));
#3136 = ADVANCED_FACE('',(#3137,#3148),#3159,.F.);
#3137 = FACE_BOUND('',#3138,.T.);
#3138 = EDGE_LOOP('',(#3139));
#3139 = ORIENTED_EDGE('',*,*,#3140,.T.);
#3140 = EDGE_CURVE('',#3141,#3141,#3143,.T.);
#3141 = VERTEX_POINT('',#3142);
#3142 = CARTESIAN_POINT('',(3.7,0.,2.7));
#3143 = CIRCLE('',#3144,2.7);
#3144 = AXIS2_PLACEMENT_3D('',#3145,#3146,#3147);
#3145 = CARTESIAN_POINT('',(3.7,0.,0.));
#3146 = DIRECTION('',(-1.,0.,-0.));
#3147 = DIRECTION('',(-0.,0.,1.));
#3148 = FACE_BOUND('',#3149,.T.);
#3149 = EDGE_LOOP('',(#3150));
#3150 = ORIENTED_EDGE('',*,*,#3151,.F.);
#3151 = EDGE_CURVE('',#3152,#3152,#3154,.T.);
#3152 = VERTEX_POINT('',#3153);
#3153 = CARTESIAN_POINT('',(3.7,0.,4.75));
#3154 = CIRCLE('',#3155,4.75);
#3155 = AXIS2_PLACEMENT_3D('',#3156,#3157,#3158);
#3156 = CARTESIAN_POINT('',(3.7,0.,0.));
#3157 = DIRECTION('',(-1.,0.,-0.));
#3158 = DIRECTION('',(-0.,0.,1.));
#3159 = PLANE('',#3160);
#3160 = AXIS2_PLACEMENT_3D('',#3161,#3162,#3163);
#3161 = CARTESIAN_POINT('',(3.7,2.5,0.));
#3162 = DIRECTION('',(-1.,0.,-0.));
#3163 = DIRECTION('',(0.,0.,1.));
#3164 = ADVANCED_FACE('',(#3165),#3183,.T.);
#3165 = FACE_BOUND('',#3166,.T.);
#3166 = EDGE_LOOP('',(#3167,#3168,#3175,#3182));
#3167 = ORIENTED_EDGE('',*,*,#3151,.T.);
#3168 = ORIENTED_EDGE('',*,*,#3169,.T.);
#3169 = EDGE_CURVE('',#3152,#3170,#3172,.T.);
#3170 = VERTEX_POINT('',#3171);
#3171 = CARTESIAN_POINT('',(1.794155980046,0.,4.75));
#3172 = B_SPLINE_CURVE_WITH_KNOTS('',1,(#3173,#3174),.UNSPECIFIED.,.F.,
  .F.,(2,2),(-29.1,-27.19415598004),.PIECEWISE_BEZIER_KNOTS.);
#3173 = CARTESIAN_POINT('',(3.7,0.,4.75));
#3174 = CARTESIAN_POINT('',(1.794155980046,0.,4.75));
#3175 = ORIENTED_EDGE('',*,*,#3176,.F.);
#3176 = EDGE_CURVE('',#3170,#3170,#3177,.T.);
#3177 = CIRCLE('',#3178,4.75);
#3178 = AXIS2_PLACEMENT_3D('',#3179,#3180,#3181);
#3179 = CARTESIAN_POINT('',(1.794155980046,0.,0.));
#3180 = DIRECTION('',(-1.,0.,-0.));
#3181 = DIRECTION('',(-0.,0.,1.));
#3182 = ORIENTED_EDGE('',*,*,#3169,.F.);
#3183 = CYLINDRICAL_SURFACE('',#3184,4.75);
#3184 = AXIS2_PLACEMENT_3D('',#3185,#3186,#3187);
#3185 = CARTESIAN_POINT('',(-25.4,0.,0.));
#3186 = DIRECTION('',(-1.,-0.,-0.));
#3187 = DIRECTION('',(-0.,0.,1.));
#3188 = ADVANCED_FACE('',(#3189),#3204,.T.);
#3189 = FACE_BOUND('',#3190,.T.);
#3190 = EDGE_LOOP('',(#3191,#3192,#3202,#3203));
#3191 = ORIENTED_EDGE('',*,*,#3176,.T.);
#3192 = ORIENTED_EDGE('',*,*,#3193,.T.);
#3193 = EDGE_CURVE('',#3170,#2767,#3194,.T.);
#3194 = ( BOUNDED_CURVE() B_SPLINE_CURVE(6,(#3195,#3196,#3197,#3198,
#3199,#3200,#3201),.UNSPECIFIED.,.F.,.F.) B_SPLINE_CURVE_WITH_KNOTS((7,7
),(0.,0.964854566379),.PIECEWISE_BEZIER_KNOTS.) CURVE() 
GEOMETRIC_REPRESENTATION_ITEM() RATIONAL_B_SPLINE_CURVE((1.011714577866,
    1.0038438045,0.999219965065,0.997692311916,0.999219965065,
1.0038438045,1.011714577866)) REPRESENTATION_ITEM('') );
#3195 = CARTESIAN_POINT('',(1.794155980046,0.,4.75));
#3196 = CARTESIAN_POINT('',(1.72122452522,0.,4.75));
#3197 = CARTESIAN_POINT('',(1.648986031416,0.,4.735861228974));
#3198 = CARTESIAN_POINT('',(1.58047886465,0.,4.70801441501));
#3199 = CARTESIAN_POINT('',(1.51857240094,0.,4.66756362148));
#3200 = CARTESIAN_POINT('',(1.465808357102,0.,4.616238573881));
#3201 = CARTESIAN_POINT('',(1.424271237135,0.,4.556291390728));
#3202 = ORIENTED_EDGE('',*,*,#2766,.F.);
#3203 = ORIENTED_EDGE('',*,*,#3193,.F.);
#3204 = TOROIDAL_SURFACE('',#3205,4.3,0.45);
#3205 = AXIS2_PLACEMENT_3D('',#3206,#3207,#3208);
#3206 = CARTESIAN_POINT('',(1.794155980046,0.,0.));
#3207 = DIRECTION('',(-1.,-0.,-0.));
#3208 = DIRECTION('',(-0.,0.,1.));
#3209 = ADVANCED_FACE('',(#3210),#3221,.T.);
#3210 = FACE_BOUND('',#3211,.T.);
#3211 = EDGE_LOOP('',(#3212));
#3212 = ORIENTED_EDGE('',*,*,#3213,.T.);
#3213 = EDGE_CURVE('',#3214,#3214,#3216,.T.);
#3214 = VERTEX_POINT('',#3215);
#3215 = CARTESIAN_POINT('',(15.7,0.,-2.));
#3216 = CIRCLE('',#3217,2.);
#3217 = AXIS2_PLACEMENT_3D('',#3218,#3219,#3220);
#3218 = CARTESIAN_POINT('',(15.7,0.,0.));
#3219 = DIRECTION('',(1.,0.,0.));
#3220 = DIRECTION('',(0.,0.,-1.));
#3221 = PLANE('',#3222);
#3222 = AXIS2_PLACEMENT_3D('',#3223,#3224,#3225);
#3223 = CARTESIAN_POINT('',(15.7,2.5,0.));
#3224 = DIRECTION('',(1.,0.,0.));
#3225 = DIRECTION('',(0.,0.,-1.));
#3226 = ADVANCED_FACE('',(#3227),#3242,.F.);
#3227 = FACE_BOUND('',#3228,.F.);
#3228 = EDGE_LOOP('',(#3229,#3230,#3240,#3241));
#3229 = ORIENTED_EDGE('',*,*,#3117,.T.);
#3230 = ORIENTED_EDGE('',*,*,#3231,.F.);
#3231 = EDGE_CURVE('',#3141,#3111,#3232,.T.);
#3232 = ( BOUNDED_CURVE() B_SPLINE_CURVE(6,(#3233,#3234,#3235,#3236,
#3237,#3238,#3239),.UNSPECIFIED.,.F.,.F.) B_SPLINE_CURVE_WITH_KNOTS((7,7
),(1.570796326795,3.14159265359),.PIECEWISE_BEZIER_KNOTS.) CURVE() 
GEOMETRIC_REPRESENTATION_ITEM() RATIONAL_B_SPLINE_CURVE((1.031393471788,
    1.010025407661,0.997924642725,0.993958444137,0.997924642725,
1.010025407661,1.031393471788)) REPRESENTATION_ITEM('') );
#3233 = CARTESIAN_POINT('',(3.7,-6.613092715396E-16,2.7));
#3234 = CARTESIAN_POINT('',(3.7,-6.482135461083E-16,2.646532643369));
#3235 = CARTESIAN_POINT('',(3.717000870127,-6.354590069678E-16,
    2.594458285484));
#3236 = CARTESIAN_POINT('',(3.74961609736,-6.244758385372E-16,
    2.54961609736));
#3237 = CARTESIAN_POINT('',(3.794458285484,-6.164874118104E-16,
    2.517000870127));
#3238 = CARTESIAN_POINT('',(3.846532643369,-6.123233995737E-16,2.5));
#3239 = CARTESIAN_POINT('',(3.9,-6.123233995737E-16,2.5));
#3240 = ORIENTED_EDGE('',*,*,#3140,.T.);
#3241 = ORIENTED_EDGE('',*,*,#3231,.T.);
#3242 = TOROIDAL_SURFACE('',#3243,2.7,0.2);
#3243 = AXIS2_PLACEMENT_3D('',#3244,#3245,#3246);
#3244 = CARTESIAN_POINT('',(3.9,0.,0.));
#3245 = DIRECTION('',(-1.,-0.,-0.));
#3246 = DIRECTION('',(-0.,0.,1.));
#3247 = ADVANCED_FACE('',(#3248),#3318,.F.);
#3248 = FACE_BOUND('',#3249,.F.);
#3249 = EDGE_LOOP('',(#3250,#3262,#3272,#3282,#3292,#3302,#3310,#3315,
    #3316,#3317));
#3250 = ORIENTED_EDGE('',*,*,#3251,.F.);
#3251 = EDGE_CURVE('',#3252,#3254,#3256,.T.);
#3252 = VERTEX_POINT('',#3253);
#3253 = CARTESIAN_POINT('',(2.3,-1.029992063861E-15,1.5));
#3254 = VERTEX_POINT('',#3255);
#3255 = CARTESIAN_POINT('',(2.3,-1.299038105677,0.75));
#3256 = B_SPLINE_CURVE_WITH_KNOTS('',3,(#3257,#3258,#3259,#3260,#3261),
  .UNSPECIFIED.,.F.,.F.,(4,1,4),(0.75,0.833333333333,0.916666666667),
  .UNSPECIFIED.);
#3257 = CARTESIAN_POINT('',(2.3,-1.029992063861E-15,1.5));
#3258 = CARTESIAN_POINT('',(2.3,-0.49245567605,1.5));
#3259 = CARTESIAN_POINT('',(2.3,-1.477367028149,2.558874754182));
#3260 = CARTESIAN_POINT('',(2.3,-1.052810267652,1.176479125697));
#3261 = CARTESIAN_POINT('',(2.3,-1.299038105677,0.75));
#3262 = ORIENTED_EDGE('',*,*,#3263,.F.);
#3263 = EDGE_CURVE('',#3264,#3252,#3266,.T.);
#3264 = VERTEX_POINT('',#3265);
#3265 = CARTESIAN_POINT('',(2.3,1.299038105677,0.75));
#3266 = B_SPLINE_CURVE_WITH_KNOTS('',3,(#3267,#3268,#3269,#3270,#3271),
  .UNSPECIFIED.,.F.,.F.,(4,1,4),(0.583333333333,0.666666666667,0.75),
  .UNSPECIFIED.);
#3267 = CARTESIAN_POINT('',(2.3,1.299038105677,0.75));
#3268 = CARTESIAN_POINT('',(2.3,1.052810267652,1.176479125697));
#3269 = CARTESIAN_POINT('',(2.3,1.477367028149,2.558874754182));
#3270 = CARTESIAN_POINT('',(2.3,0.49245567605,1.5));
#3271 = CARTESIAN_POINT('',(2.3,-1.029992063861E-15,1.5));
#3272 = ORIENTED_EDGE('',*,*,#3273,.F.);
#3273 = EDGE_CURVE('',#3274,#3264,#3276,.T.);
#3274 = VERTEX_POINT('',#3275);
#3275 = CARTESIAN_POINT('',(2.3,1.299038105677,-0.75));
#3276 = B_SPLINE_CURVE_WITH_KNOTS('',3,(#3277,#3278,#3279,#3280,#3281),
  .UNSPECIFIED.,.F.,.F.,(4,1,4),(0.416666666667,0.5,0.583333333333),
  .QUASI_UNIFORM_KNOTS.);
#3277 = CARTESIAN_POINT('',(2.3,1.299038105677,-0.75));
#3278 = CARTESIAN_POINT('',(2.3,1.545265943702,-0.323520874303));
#3279 = CARTESIAN_POINT('',(2.3,2.954734056298,1.327792059966E-14));
#3280 = CARTESIAN_POINT('',(2.3,1.545265943702,0.323520874303));
#3281 = CARTESIAN_POINT('',(2.3,1.299038105677,0.75));
#3282 = ORIENTED_EDGE('',*,*,#3283,.F.);
#3283 = EDGE_CURVE('',#3284,#3274,#3286,.T.);
#3284 = VERTEX_POINT('',#3285);
#3285 = CARTESIAN_POINT('',(2.3,1.252393951056E-15,-1.5));
#3286 = B_SPLINE_CURVE_WITH_KNOTS('',3,(#3287,#3288,#3289,#3290,#3291),
  .UNSPECIFIED.,.F.,.F.,(4,1,4),(0.25,0.333333333333,0.416666666667),
  .UNSPECIFIED.);
#3287 = CARTESIAN_POINT('',(2.3,1.252393951056E-15,-1.5));
#3288 = CARTESIAN_POINT('',(2.3,0.49245567605,-1.5));
#3289 = CARTESIAN_POINT('',(2.3,1.477367028149,-2.558874754181));
#3290 = CARTESIAN_POINT('',(2.3,1.052810267652,-1.176479125697));
#3291 = CARTESIAN_POINT('',(2.3,1.299038105677,-0.75));
#3292 = ORIENTED_EDGE('',*,*,#3293,.F.);
#3293 = EDGE_CURVE('',#3294,#3284,#3296,.T.);
#3294 = VERTEX_POINT('',#3295);
#3295 = CARTESIAN_POINT('',(2.3,-1.299038105677,-0.75));
#3296 = B_SPLINE_CURVE_WITH_KNOTS('',3,(#3297,#3298,#3299,#3300,#3301),
  .UNSPECIFIED.,.F.,.F.,(4,1,4),(8.333333333333E-02,0.166666666667,0.25)
  ,.UNSPECIFIED.);
#3297 = CARTESIAN_POINT('',(2.3,-1.299038105677,-0.75));
#3298 = CARTESIAN_POINT('',(2.3,-1.052810267652,-1.176479125697));
#3299 = CARTESIAN_POINT('',(2.3,-1.477367028149,-2.558874754182));
#3300 = CARTESIAN_POINT('',(2.3,-0.49245567605,-1.5));
#3301 = CARTESIAN_POINT('',(2.3,1.252393951056E-15,-1.5));
#3302 = ORIENTED_EDGE('',*,*,#3303,.F.);
#3303 = EDGE_CURVE('',#3254,#3294,#3304,.T.);
#3304 = B_SPLINE_CURVE_WITH_KNOTS('',3,(#3305,#3306,#3307,#3308,#3309),
  .UNSPECIFIED.,.F.,.F.,(4,1,4),(0.916666666667,1.,1.083333333333),
  .UNSPECIFIED.);
#3305 = CARTESIAN_POINT('',(2.3,-1.299038105677,0.75));
#3306 = CARTESIAN_POINT('',(2.3,-1.545265943702,0.323520874303));
#3307 = CARTESIAN_POINT('',(2.3,-2.954734056298,1.287490079827E-14));
#3308 = CARTESIAN_POINT('',(2.3,-1.545265943702,-0.323520874303));
#3309 = CARTESIAN_POINT('',(2.3,-1.299038105677,-0.75));
#3310 = ORIENTED_EDGE('',*,*,#3311,.F.);
#3311 = EDGE_CURVE('',#2780,#3254,#3312,.T.);
#3312 = B_SPLINE_CURVE_WITH_KNOTS('',1,(#3313,#3314),.UNSPECIFIED.,.F.,
  .F.,(2,2),(6.616664156701E-03,1.),.PIECEWISE_BEZIER_KNOTS.);
#3313 = CARTESIAN_POINT('',(0.141896246393,-1.299038105677,0.75));
#3314 = CARTESIAN_POINT('',(2.3,-1.299038105677,0.75));
#3315 = ORIENTED_EDGE('',*,*,#2936,.T.);
#3316 = ORIENTED_EDGE('',*,*,#2777,.T.);
#3317 = ORIENTED_EDGE('',*,*,#3311,.T.);
#3318 = B_SPLINE_SURFACE_WITH_KNOTS('',3,1,(
    (#3319,#3320)
    ,(#3321,#3322)
    ,(#3323,#3324)
    ,(#3325,#3326)
    ,(#3327,#3328)
    ,(#3329,#3330)
    ,(#3331,#3332)
    ,(#3333,#3334)
    ,(#3335,#3336)
    ,(#3337,#3338)
    ,(#3339,#3340)
    ,(#3341,#3342)
    ,(#3343,#3344)
    ,(#3345,#3346)
    ,(#3347,#3348
    )),.UNSPECIFIED.,.T.,.F.,.F.,(1,3,1,1,1,1,1,1,1,1,1,1,1,3,1),(2,2),(
    -8.333333333333E-02,0.,8.333333333333E-02,0.166666666667,0.25,
    0.333333333333,0.416666666667,0.5,0.583333333333,0.666666666667,0.75
    ,0.833333333333,0.916666666667,1.,1.083333333333),(0.,1.),
  .UNSPECIFIED.);
#3319 = CARTESIAN_POINT('',(0.127521687008,-2.25,9.364796264844E-15));
#3320 = CARTESIAN_POINT('',(2.3,-2.25,9.364796264844E-15));
#3321 = CARTESIAN_POINT('',(0.127521687008,-2.25,-0.161760437152));
#3322 = CARTESIAN_POINT('',(2.3,-2.25,-0.161760437152));
#3323 = CARTESIAN_POINT('',(0.127521687008,-0.840531887403,
    -0.485281311455));
#3324 = CARTESIAN_POINT('',(2.3,-0.840531887403,-0.485281311455));
#3325 = CARTESIAN_POINT('',(0.127521687008,-1.477367028149,
    -2.558874754181));
#3326 = CARTESIAN_POINT('',(2.3,-1.477367028149,-2.558874754181));
#3327 = CARTESIAN_POINT('',(0.127521687008,4.434386885466E-15,
    -0.970562622909));
#3328 = CARTESIAN_POINT('',(2.3,4.434386885466E-15,-0.970562622909));
#3329 = CARTESIAN_POINT('',(0.127521687008,1.477367028149,
    -2.558874754182));
#3330 = CARTESIAN_POINT('',(2.3,1.477367028149,-2.558874754182));
#3331 = CARTESIAN_POINT('',(0.127521687008,0.840531887403,
    -0.485281311455));
#3332 = CARTESIAN_POINT('',(2.3,0.840531887403,-0.485281311455));
#3333 = CARTESIAN_POINT('',(0.127521687008,2.954734056298,
    1.338567469674E-14));
#3334 = CARTESIAN_POINT('',(2.3,2.954734056298,1.338567469674E-14));
#3335 = CARTESIAN_POINT('',(0.127521687008,0.840531887403,0.485281311455
    ));
#3336 = CARTESIAN_POINT('',(2.3,0.840531887403,0.485281311455));
#3337 = CARTESIAN_POINT('',(0.127521687008,1.477367028149,2.558874754182
    ));
#3338 = CARTESIAN_POINT('',(2.3,1.477367028149,2.558874754182));
#3339 = CARTESIAN_POINT('',(0.127521687008,2.604795719396E-15,
    0.970562622909));
#3340 = CARTESIAN_POINT('',(2.3,2.604795719396E-15,0.970562622909));
#3341 = CARTESIAN_POINT('',(0.127521687008,-1.477367028149,
    2.558874754182));
#3342 = CARTESIAN_POINT('',(2.3,-1.477367028149,2.558874754182));
#3343 = CARTESIAN_POINT('',(0.127521687008,-0.840531887403,
    0.485281311455));
#3344 = CARTESIAN_POINT('',(2.3,-0.840531887403,0.485281311455));
#3345 = CARTESIAN_POINT('',(0.127521687008,-2.25,0.161760437152));
#3346 = CARTESIAN_POINT('',(2.3,-2.25,0.161760437152));
#3347 = CARTESIAN_POINT('',(0.127521687008,-2.25,9.364796264844E-15));
#3348 = CARTESIAN_POINT('',(2.3,-2.25,9.364796264844E-15));
#3349 = ADVANCED_FACE('',(#3350),#3360,.F.);
#3350 = FACE_BOUND('',#3351,.T.);
#3351 = EDGE_LOOP('',(#3352,#3359));
#3352 = ORIENTED_EDGE('',*,*,#3353,.F.);
#3353 = EDGE_CURVE('',#3274,#3284,#3354,.T.);
#3354 = CIRCLE('',#3355,1.5);
#3355 = AXIS2_PLACEMENT_3D('',#3356,#3357,#3358);
#3356 = CARTESIAN_POINT('',(2.3,0.,0.));
#3357 = DIRECTION('',(-1.,0.,-0.));
#3358 = DIRECTION('',(-0.,0.,1.));
#3359 = ORIENTED_EDGE('',*,*,#3283,.F.);
#3360 = PLANE('',#3361);
#3361 = AXIS2_PLACEMENT_3D('',#3362,#3363,#3364);
#3362 = CARTESIAN_POINT('',(2.3,2.25,1.394977728838E-14));
#3363 = DIRECTION('',(1.,0.,-0.));
#3364 = DIRECTION('',(-0.,0.,-1.));
#3365 = ADVANCED_FACE('',(#3366),#3376,.F.);
#3366 = FACE_BOUND('',#3367,.T.);
#3367 = EDGE_LOOP('',(#3368,#3375));
#3368 = ORIENTED_EDGE('',*,*,#3369,.F.);
#3369 = EDGE_CURVE('',#3264,#3274,#3370,.T.);
#3370 = CIRCLE('',#3371,1.5);
#3371 = AXIS2_PLACEMENT_3D('',#3372,#3373,#3374);
#3372 = CARTESIAN_POINT('',(2.3,0.,0.));
#3373 = DIRECTION('',(-1.,0.,-0.));
#3374 = DIRECTION('',(-0.,0.,1.));
#3375 = ORIENTED_EDGE('',*,*,#3273,.F.);
#3376 = PLANE('',#3377);
#3377 = AXIS2_PLACEMENT_3D('',#3378,#3379,#3380);
#3378 = CARTESIAN_POINT('',(2.3,2.25,1.394977728838E-14));
#3379 = DIRECTION('',(1.,0.,-0.));
#3380 = DIRECTION('',(-0.,0.,-1.));
#3381 = ADVANCED_FACE('',(#3382),#3392,.F.);
#3382 = FACE_BOUND('',#3383,.T.);
#3383 = EDGE_LOOP('',(#3384,#3391));
#3384 = ORIENTED_EDGE('',*,*,#3385,.F.);
#3385 = EDGE_CURVE('',#3252,#3264,#3386,.T.);
#3386 = CIRCLE('',#3387,1.5);
#3387 = AXIS2_PLACEMENT_3D('',#3388,#3389,#3390);
#3388 = CARTESIAN_POINT('',(2.3,0.,0.));
#3389 = DIRECTION('',(-1.,0.,-0.));
#3390 = DIRECTION('',(-0.,0.,1.));
#3391 = ORIENTED_EDGE('',*,*,#3263,.F.);
#3392 = PLANE('',#3393);
#3393 = AXIS2_PLACEMENT_3D('',#3394,#3395,#3396);
#3394 = CARTESIAN_POINT('',(2.3,2.25,1.394977728838E-14));
#3395 = DIRECTION('',(1.,0.,-0.));
#3396 = DIRECTION('',(-0.,0.,-1.));
#3397 = ADVANCED_FACE('',(#3398),#3408,.F.);
#3398 = FACE_BOUND('',#3399,.T.);
#3399 = EDGE_LOOP('',(#3400,#3407));
#3400 = ORIENTED_EDGE('',*,*,#3401,.F.);
#3401 = EDGE_CURVE('',#3254,#3252,#3402,.T.);
#3402 = CIRCLE('',#3403,1.5);
#3403 = AXIS2_PLACEMENT_3D('',#3404,#3405,#3406);
#3404 = CARTESIAN_POINT('',(2.3,0.,0.));
#3405 = DIRECTION('',(-1.,0.,-0.));
#3406 = DIRECTION('',(-0.,0.,1.));
#3407 = ORIENTED_EDGE('',*,*,#3251,.F.);
#3408 = PLANE('',#3409);
#3409 = AXIS2_PLACEMENT_3D('',#3410,#3411,#3412);
#3410 = CARTESIAN_POINT('',(2.3,2.25,1.394977728838E-14));
#3411 = DIRECTION('',(1.,0.,-0.));
#3412 = DIRECTION('',(-0.,0.,-1.));
#3413 = ADVANCED_FACE('',(#3414),#3424,.F.);
#3414 = FACE_BOUND('',#3415,.T.);
#3415 = EDGE_LOOP('',(#3416,#3423));
#3416 = ORIENTED_EDGE('',*,*,#3417,.F.);
#3417 = EDGE_CURVE('',#3294,#3254,#3418,.T.);
#3418 = CIRCLE('',#3419,1.5);
#3419 = AXIS2_PLACEMENT_3D('',#3420,#3421,#3422);
#3420 = CARTESIAN_POINT('',(2.3,0.,0.));
#3421 = DIRECTION('',(-1.,0.,-0.));
#3422 = DIRECTION('',(-0.,0.,1.));
#3423 = ORIENTED_EDGE('',*,*,#3303,.F.);
#3424 = PLANE('',#3425);
#3425 = AXIS2_PLACEMENT_3D('',#3426,#3427,#3428);
#3426 = CARTESIAN_POINT('',(2.3,2.25,1.394977728838E-14));
#3427 = DIRECTION('',(1.,0.,-0.));
#3428 = DIRECTION('',(-0.,0.,-1.));
#3429 = ADVANCED_FACE('',(#3430),#3440,.F.);
#3430 = FACE_BOUND('',#3431,.T.);
#3431 = EDGE_LOOP('',(#3432,#3439));
#3432 = ORIENTED_EDGE('',*,*,#3433,.F.);
#3433 = EDGE_CURVE('',#3284,#3294,#3434,.T.);
#3434 = CIRCLE('',#3435,1.5);
#3435 = AXIS2_PLACEMENT_3D('',#3436,#3437,#3438);
#3436 = CARTESIAN_POINT('',(2.3,0.,0.));
#3437 = DIRECTION('',(-1.,0.,-0.));
#3438 = DIRECTION('',(-0.,0.,1.));
#3439 = ORIENTED_EDGE('',*,*,#3293,.F.);
#3440 = PLANE('',#3441);
#3441 = AXIS2_PLACEMENT_3D('',#3442,#3443,#3444);
#3442 = CARTESIAN_POINT('',(2.3,2.25,1.394977728838E-14));
#3443 = DIRECTION('',(1.,0.,-0.));
#3444 = DIRECTION('',(-0.,0.,-1.));
#3445 = ADVANCED_FACE('',(#3446),#3462,.F.);
#3446 = FACE_BOUND('',#3447,.F.);
#3447 = EDGE_LOOP('',(#3448,#3449,#3450,#3451,#3452,#3453,#3454,#3461));
#3448 = ORIENTED_EDGE('',*,*,#3401,.F.);
#3449 = ORIENTED_EDGE('',*,*,#3417,.F.);
#3450 = ORIENTED_EDGE('',*,*,#3433,.F.);
#3451 = ORIENTED_EDGE('',*,*,#3353,.F.);
#3452 = ORIENTED_EDGE('',*,*,#3369,.F.);
#3453 = ORIENTED_EDGE('',*,*,#3385,.F.);
#3454 = ORIENTED_EDGE('',*,*,#3455,.F.);
#3455 = EDGE_CURVE('',#3456,#3252,#3458,.T.);
#3456 = VERTEX_POINT('',#3457);
#3457 = CARTESIAN_POINT('',(2.787379544349,0.,0.));
#3458 = B_SPLINE_CURVE_WITH_KNOTS('',1,(#3459,#3460),.UNSPECIFIED.,.F.,
  .F.,(2,2),(-3.2360679775E+03,-3.234490784163E+03),
  .PIECEWISE_BEZIER_KNOTS.);
#3459 = CARTESIAN_POINT('',(2.787379544349,0.,0.));
#3460 = CARTESIAN_POINT('',(2.3,-3.673940397442E-16,1.5));
#3461 = ORIENTED_EDGE('',*,*,#3455,.T.);
#3462 = CONICAL_SURFACE('',#3463,3.077683537175E+03,1.256637061436);
#3463 = AXIS2_PLACEMENT_3D('',#3464,#3465,#3466);
#3464 = CARTESIAN_POINT('',(-997.2126204556,0.,0.));
#3465 = DIRECTION('',(-1.,-0.,-0.));
#3466 = DIRECTION('',(-0.,0.,1.));
#3467 = ADVANCED_FACE('',(#3468),#3479,.T.);
#3468 = FACE_BOUND('',#3469,.T.);
#3469 = EDGE_LOOP('',(#3470,#3471,#3476,#3477,#3478));
#3470 = ORIENTED_EDGE('',*,*,#3213,.F.);
#3471 = ORIENTED_EDGE('',*,*,#3472,.T.);
#3472 = EDGE_CURVE('',#3214,#3100,#3473,.T.);
#3473 = B_SPLINE_CURVE_WITH_KNOTS('',1,(#3474,#3475),.UNSPECIFIED.,.F.,
  .F.,(2,2),(-0.707106781187,0.),.PIECEWISE_BEZIER_KNOTS.);
#3474 = CARTESIAN_POINT('',(15.7,2.449293598295E-16,-2.));
#3475 = CARTESIAN_POINT('',(15.2,3.061616997868E-16,-2.5));
#3476 = ORIENTED_EDGE('',*,*,#3125,.F.);
#3477 = ORIENTED_EDGE('',*,*,#3099,.F.);
#3478 = ORIENTED_EDGE('',*,*,#3472,.F.);
#3479 = CONICAL_SURFACE('',#3480,2.5,0.785398163397);
#3480 = AXIS2_PLACEMENT_3D('',#3481,#3482,#3483);
#3481 = CARTESIAN_POINT('',(15.2,0.,0.));
#3482 = DIRECTION('',(-1.,-0.,-0.));
#3483 = DIRECTION('',(-0.,0.,1.));
#3484 = ( GEOMETRIC_REPRESENTATION_CONTEXT(3) 
GLOBAL_UNCERTAINTY_ASSIGNED_CONTEXT((#3488)) 
GLOBAL_UNIT_ASSIGNED_CONTEXT((#3485,#3486,#3487)) REPRESENTATION_CONTEXT
('Context #1','3D Context with UNIT and UNCERTAINTY') );
#3485 = ( LENGTH_UNIT() NAMED_UNIT(*) SI_UNIT(.MILLI.,.METRE.) );
#3486 = ( NAMED_UNIT(*) PLANE_ANGLE_UNIT() SI_UNIT($,.RADIAN.) );
#3487 = ( NAMED_UNIT(*) SI_UNIT($,.STERADIAN.) SOLID_ANGLE_UNIT() );
#3488 = UNCERTAINTY_MEASURE_WITH_UNIT(LENGTH_MEASURE(5.E-05),#3485,
  'distance_accuracy_value','confusion accuracy');
#3489 = CONTEXT_DEPENDENT_SHAPE_REPRESENTATION(#3490,#3492);
#3490 = ( REPRESENTATION_RELATIONSHIP('','',#2759,#10) 
REPRESENTATION_RELATIONSHIP_WITH_TRANSFORMATION(#3491) 
SHAPE_REPRESENTATION_RELATIONSHIP() );
#3491 = ITEM_DEFINED_TRANSFORMATION('','',#11,#19);
#3492 = PRODUCT_DEFINITION_SHAPE('Placement','Placement of an item',
  #3493);
#3493 = NEXT_ASSEMBLY_USAGE_OCCURRENCE('195','Solid2','',#5,#2754,$);
#3494 = PRODUCT_RELATED_PRODUCT_CATEGORY('part',$,(#2756));
#3495 = CONTEXT_DEPENDENT_SHAPE_REPRESENTATION(#3496,#3498);
#3496 = ( REPRESENTATION_RELATIONSHIP('','',#2759,#10) 
REPRESENTATION_RELATIONSHIP_WITH_TRANSFORMATION(#3497) 
SHAPE_REPRESENTATION_RELATIONSHIP() );
#3497 = ITEM_DEFINED_TRANSFORMATION('','',#11,#23);
#3498 = PRODUCT_DEFINITION_SHAPE('Placement','Placement of an item',
  #3499);
#3499 = NEXT_ASSEMBLY_USAGE_OCCURRENCE('196','Solid2','',#5,#2754,$);
ENDSEC;
END-ISO-10303-21;
